id,image_id,class_id,confidence,x1,y1,x2,y2
0,14,9,0.86719,249.2,83.74,273.1,107.94
1,14,17,0.85263,123.96,73.69,142.13,90.37
2,14,10,0.85129,349.51,133.86,372.98,160.09
3,14,9,0.54288,158.58,112.34,183.43,132.54
4,14,15,0.07872,381.51,91.94,418.33,118.1
5,14,11,0.00585,409.14,14.22,444.23,31.67
6,14,11,0.00276,193.71,158.41,229.71,182.21
7,18,7,0.88237,259.73,68.76,290.5,96.12
8,18,2,0.86614,215.83,17.14,244.66,54.77
9,18,5,0.00192,170.01,19.35,469.08,241.55
10,18,6,0.00127,0.04,45.63,17.84,75.14
11,21,2,0.84572,176.74,165.36,192.2,186.3
12,21,2,0.81485,305.19,166.68,320.18,187.72
13,21,2,0.79177,260.33,186.49,275.56,207.26
14,21,2,0.76049,253.05,144.45,266.93,163.96
15,21,6,0.01125,490.22,41.05,497.0,68.42
16,21,6,0.00835,492.55,43.79,497.0,67.94
17,21,6,0.00254,482.11,32.68,497.0,69.51
18,21,2,0.00169,181.83,153.36,213.05,181.75
19,33,17,0.88172,368.96,157.2,381.97,170.18
20,33,10,0.85125,349.82,144.77,363.72,158.7
21,33,10,0.84877,430.69,175.86,447.01,190.32
22,33,9,0.82318,320.77,166.41,337.65,179.08
23,33,11,0.8166,323.0,198.52,338.7,211.07
24,33,9,0.80137,355.58,184.59,371.58,198.08
25,33,9,0.47966,391.61,172.34,405.01,185.23
26,33,17,0.28079,170.57,203.34,181.41,217.14
27,33,11,0.01635,188.67,176.96,222.22,198.98
28,33,17,0.00934,391.85,172.46,404.99,185.17
29,33,11,0.00121,322.54,198.69,339.6,220.06
30,34,10,0.89207,279.86,144.11,301.72,165.56
31,34,17,0.8899,203.1,80.9,220.13,97.99
32,34,10,0.87897,181.85,42.71,200.27,64.36
33,34,17,0.86392,229.86,116.17,247.88,133.27
34,34,11,0.83888,112.03,178.45,135.14,200.95
35,34,9,0.83546,167.77,145.4,190.89,165.51
36,34,9,0.80214,127.92,93.89,149.73,114.52
37,34,0,0.00114,203.28,81.13,220.08,97.92
38,37,17,0.86114,239.98,190.9,259.61,210.6
39,37,17,0.06785,72.51,211.39,92.63,231.53
40,37,2,0.00808,240.21,191.07,259.64,210.38
41,37,8,0.00403,0.0,0.51,28.26,28.57
42,37,8,0.0024,60.92,0.51,112.64,34.35
43,37,8,0.00222,0.0,0.52,67.28,56.92
44,37,8,0.00173,0.0,0.24,32.32,47.49
45,37,8,0.00163,58.02,0.51,171.72,31.73
46,37,8,0.00118,1.31,164.84,102.76,238.0
47,40,2,0.84196,181.52,48.23,196.39,69.23
48,40,2,0.83885,134.55,65.97,150.84,89.58
49,40,2,0.83625,49.84,43.61,66.43,65.07
50,40,2,0.83165,129.38,24.79,143.62,44.29
51,46,7,0.60252,188.51,114.67,217.88,141.16
52,46,7,0.56073,195.73,68.01,221.03,93.06
53,46,14,0.00151,292.76,6.24,332.13,96.78
54,46,14,0.0011,169.93,0.0,431.68,239.56
55,47,0,0.89681,67.5,108.19,112.35,153.3
56,47,1,0.66291,154.59,116.5,204.73,166.04
57,47,0,0.29987,156.98,117.08,203.53,164.51
58,47,6,0.00121,485.09,33.64,496.94,115.25
59,55,10,0.85452,198.62,162.89,221.01,185.14
60,55,6,0.02067,443.66,0.74,506.93,55.46
61,55,9,0.00837,261.11,171.97,270.26,182.12
62,55,6,0.00566,474.13,20.39,506.92,61.68
63,55,6,0.00382,478.1,20.53,506.93,91.1
64,55,8,0.00361,429.03,0.0,507.0,72.0
65,55,14,0.00329,319.14,227.46,353.87,247.0
66,55,6,0.00194,475.73,23.23,506.84,133.73
67,55,9,0.00138,134.39,137.75,167.31,165.45
68,57,14,0.77697,320.38,58.53,338.88,103.65
69,57,14,0.76323,112.07,50.21,145.28,92.72
70,57,14,0.71607,90.41,43.62,110.45,83.65
71,57,14,0.62944,287.01,56.61,312.46,102.47
72,57,14,0.60529,200.73,29.03,263.85,114.92
73,57,14,0.59979,142.2,45.55,155.82,76.46
74,57,14,0.16574,273.14,65.91,286.99,101.73
75,57,14,0.16251,259.5,61.77,276.85,101.84
76,57,14,0.12059,295.73,54.44,313.32,100.38
77,57,14,0.08118,262.09,61.25,286.66,100.95
78,57,14,0.06216,110.48,49.02,144.64,118.07
79,57,14,0.0292,364.44,75.24,395.38,103.99
80,57,8,0.02504,344.27,73.82,492.25,215.41
81,57,14,0.01754,194.93,67.9,216.24,99.26
82,57,8,0.01584,408.66,104.32,494.0,240.48
83,57,14,0.01026,0.0,42.43,10.43,100.77
84,57,8,0.00703,301.93,72.46,404.41,136.58
85,57,8,0.00622,440.58,101.27,493.96,248.88
86,57,8,0.00457,335.76,74.86,469.77,174.39
87,57,8,0.00451,204.29,41.28,324.33,158.03
88,57,8,0.00449,186.96,67.74,215.98,97.88
89,57,14,0.00432,200.13,68.12,221.8,100.85
90,57,16,0.00415,331.03,64.64,358.54,91.45
91,57,14,0.00386,213.87,32.26,251.71,67.15
92,57,14,0.00383,363.06,75.03,398.58,132.06
93,57,16,0.00379,451.49,143.22,493.72,214.33
94,57,8,0.0037,206.9,107.74,323.09,156.64
95,57,14,0.00346,297.67,56.73,323.74,100.19
96,57,8,0.00329,264.98,79.02,402.57,164.12
97,57,14,0.00317,209.46,32.27,259.33,94.18
98,57,8,0.003,344.72,74.01,398.23,136.07
99,57,5,0.00291,369.49,111.78,494.0,160.36
100,57,14,0.00252,457.27,79.86,493.71,141.42
101,57,8,0.00229,450.84,62.2,493.59,225.68
102,57,16,0.0022,360.95,230.74,385.63,255.9
103,57,8,0.00219,372.27,110.19,494.0,152.63
104,57,8,0.00213,422.28,109.74,494.0,151.85
105,57,16,0.00211,452.28,107.18,493.72,230.13
106,57,14,0.00209,287.11,77.61,309.47,102.57
107,57,14,0.00203,288.86,64.92,306.73,100.89
108,57,14,0.00197,359.13,73.89,389.36,86.51
109,57,14,0.00193,451.24,67.58,491.18,109.46
110,57,14,0.00188,457.15,73.96,492.92,118.01
111,57,16,0.0018,291.22,132.17,323.45,157.44
112,57,5,0.00169,0.01,43.6,38.35,101.67
113,57,3,0.00167,211.76,113.11,331.3,158.95
114,57,14,0.00157,458.28,108.37,494.0,145.83
115,57,14,0.00149,0.0,48.54,6.24,102.86
116,57,14,0.00149,0.07,43.35,34.43,98.19
117,57,8,0.00134,196.81,41.3,264.36,115.28
118,57,8,0.00127,345.65,72.95,396.72,104.17
119,57,8,0.00125,365.57,100.49,400.8,133.08
120,57,14,0.00125,353.83,66.55,395.43,102.99
121,57,14,0.00124,180.69,34.63,262.46,147.94
122,57,14,0.00123,371.0,75.03,388.21,85.69
123,57,14,0.0012,364.86,74.83,390.65,91.25
124,57,15,0.0012,147.12,73.96,165.41,95.06
125,57,8,0.00119,454.34,103.66,487.97,151.06
126,57,14,0.00115,457.92,90.74,485.75,115.3
127,57,5,0.00114,0.05,74.16,26.49,93.19
128,57,14,0.00113,0.04,75.12,5.34,101.24
129,57,14,0.00105,201.78,50.14,255.8,101.09
130,62,14,0.4257,178.43,9.26,244.29,172.54
131,62,15,0.02849,10.5,40.67,39.44,65.76
132,62,14,0.0081,224.05,153.56,241.97,174.82
133,62,15,0.00642,72.15,38.09,100.51,63.05
134,62,14,0.00253,310.17,110.16,352.19,174.18
135,62,16,0.00233,271.26,137.25,314.41,173.9
136,62,14,0.00128,188.48,15.44,229.89,82.6
137,64,16,0.67495,29.63,147.51,50.11,173.94
138,64,14,0.66612,312.15,93.97,332.19,141.56
139,64,16,0.6483,93.48,141.65,111.26,165.38
140,64,5,0.64511,379.49,105.97,402.13,124.87
141,64,16,0.64264,5.41,146.65,26.86,175.54
142,64,16,0.58732,51.63,145.39,72.11,172.47
143,64,16,0.53604,73.41,143.57,91.62,169.25
144,64,16,0.52274,111.36,140.33,127.09,162.62
145,64,16,0.43333,125.89,138.45,140.59,160.64
146,64,8,0.42172,412.44,113.4,433.88,137.2
147,64,16,0.40975,165.66,135.45,179.54,154.01
148,64,16,0.3965,139.75,136.65,155.06,158.58
149,64,16,0.31774,152.95,136.4,166.17,157.2
150,64,14,0.24717,270.4,101.54,280.96,125.54
151,64,16,0.2022,199.3,131.11,210.79,149.2
152,64,14,0.20209,415.08,103.68,431.43,116.65
153,64,16,0.18183,178.32,133.47,190.67,152.63
154,64,16,0.16411,189.37,132.35,201.06,150.33
155,64,16,0.15998,209.23,130.8,220.44,147.75
156,64,16,0.15558,218.65,129.24,228.21,145.74
157,64,16,0.13616,233.9,129.31,243.55,144.17
158,64,16,0.12777,227.82,128.31,241.82,144.8
159,64,16,0.11186,140.37,136.2,165.8,157.44
160,64,16,0.09957,167.11,134.27,189.47,153.44
161,64,16,0.0885,30.09,146.09,69.93,173.4
162,64,16,0.08427,189.67,131.78,210.96,149.78
163,64,16,0.07542,226.8,127.94,235.63,144.86
164,64,16,0.06683,111.75,139.59,140.88,161.72
165,64,16,0.05963,129.81,137.13,155.11,159.43
166,64,16,0.05798,147.92,135.92,172.71,155.61
167,64,16,0.05616,7.19,146.66,49.56,174.63
168,64,16,0.05153,93.33,140.32,128.44,164.03
169,64,14,0.04148,141.52,110.81,155.64,135.67
170,64,16,0.0323,54.15,143.51,91.82,171.23
171,64,14,0.02905,320.13,100.06,333.81,140.29
172,64,16,0.02675,279.24,121.7,286.67,130.29
173,64,16,0.02428,219.57,127.2,243.51,145.66
174,64,16,0.02176,197.0,131.43,215.77,148.66
175,64,8,0.0202,123.55,113.17,144.41,136.36
176,64,16,0.01933,202.73,130.73,224.93,147.94
177,64,16,0.01702,153.64,135.88,179.77,154.37
178,64,7,0.01581,396.21,0.0,429.23,25.05
179,64,16,0.0137,0.0,148.07,7.35,182.12
180,64,16,0.01319,208.67,129.39,227.46,145.81
181,64,16,0.01216,216.29,128.3,233.74,146.71
182,64,16,0.0115,0.07,153.21,3.96,180.72
183,64,14,0.01081,320.18,101.66,346.72,138.16
184,64,8,0.01075,122.29,106.01,148.58,133.27
185,64,14,0.01072,414.47,111.02,433.01,127.41
186,64,16,0.01048,175.51,133.17,197.11,152.68
187,64,14,0.00939,323.12,111.75,334.5,140.15
188,64,14,0.00926,411.3,102.87,432.62,121.99
189,64,14,0.00876,143.79,116.96,153.95,136.1
190,64,14,0.00838,413.9,113.16,428.73,123.03
191,64,16,0.00777,236.3,120.74,250.33,132.8
192,64,14,0.00716,309.12,105.17,327.94,142.38
193,64,14,0.00669,129.51,106.34,155.4,134.71
194,64,16,0.00636,227.72,125.67,250.23,144.34
195,64,16,0.00627,0.09,148.93,20.98,179.87
196,64,16,0.00601,225.29,126.02,239.04,143.94
197,64,14,0.00547,122.81,104.87,147.18,133.89
198,64,14,0.00396,415.76,103.86,439.5,121.33
199,64,16,0.00365,0.0,144.36,3.55,173.26
200,64,14,0.00325,308.92,116.38,325.19,142.2
201,64,14,0.0032,258.53,117.55,266.97,134.64
202,64,14,0.00287,314.13,92.32,344.99,140.04
203,64,14,0.00284,411.55,112.79,427.48,127.4
204,64,16,0.00279,270.27,134.59,292.9,143.39
205,64,16,0.00265,233.79,123.79,254.35,144.47
206,64,14,0.00238,418.12,112.91,436.77,134.9
207,64,16,0.00233,279.31,112.25,295.91,133.14
208,64,14,0.00228,123.49,108.18,142.12,130.33
209,64,16,0.00225,456.23,114.18,487.95,142.61
210,64,14,0.00211,141.7,110.62,167.6,134.35
211,64,16,0.00186,223.79,129.11,237.13,146.17
212,64,14,0.00172,309.61,97.23,323.57,135.83
213,64,16,0.00159,0.04,161.93,3.43,183.9
214,64,14,0.00147,418.81,111.45,437.54,126.14
215,64,16,0.00142,0.43,145.99,22.75,168.55
216,64,14,0.00121,324.99,114.1,345.37,137.12
217,64,16,0.00114,82.69,140.46,112.41,165.33
218,64,16,0.00114,427.63,125.64,461.46,142.05
219,64,14,0.00113,122.01,102.13,160.05,132.85
220,64,16,0.00112,309.92,121.74,325.09,142.58
221,64,14,0.0011,456.63,102.31,470.37,122.32
222,64,14,0.00107,124.65,107.91,138.14,121.1
223,66,2,0.86129,196.25,171.48,225.77,207.95
224,66,2,0.85751,72.86,183.62,105.34,221.98
225,66,17,0.85272,111.86,152.78,128.21,167.98
226,66,16,0.00754,196.19,170.96,226.52,207.29
227,66,2,0.00246,186.19,202.09,297.11,250.84
228,73,8,0.00454,0.08,64.49,6.56,173.66
229,73,14,0.00285,0.17,42.18,12.9,166.66
230,73,8,0.00213,0.02,86.51,8.51,166.77
231,73,14,0.00105,0.0,20.95,4.23,99.67
232,80,15,0.82793,39.44,181.71,73.98,210.23
233,80,15,0.81937,60.26,107.49,88.85,135.74
234,80,15,0.81935,155.05,155.33,193.41,191.79
235,80,15,0.00349,156.36,156.11,194.22,177.63
236,80,8,0.00155,0.09,0.0,39.82,16.65
237,80,8,0.00132,0.0,0.0,36.53,33.58
238,80,14,0.00121,374.26,0.0,459.92,0.0
239,87,5,0.68593,210.06,157.8,475.21,246.0
240,87,5,0.09693,194.17,185.12,330.53,244.67
241,87,5,0.01678,337.92,186.63,484.58,242.19
242,87,5,0.01002,235.46,26.48,491.82,246.0
243,87,5,0.00894,308.28,166.68,473.17,241.26
244,87,5,0.00816,1.26,187.4,119.91,244.05
245,87,8,0.00766,30.49,187.08,119.99,243.74
246,87,5,0.00565,215.3,134.95,484.47,246.0
247,87,5,0.00311,256.37,92.89,496.06,246.0
248,87,5,0.00297,195.39,151.13,374.65,245.79
249,87,8,0.00237,417.46,24.12,498.0,246.0
250,87,5,0.00134,280.73,180.04,299.51,194.87
251,87,1,0.00128,395.35,103.79,431.93,140.43
252,87,3,0.00113,395.09,101.02,433.2,138.18
253,88,2,0.85383,323.69,82.47,353.56,123.01
254,88,17,0.74078,405.48,43.15,422.81,61.17
255,88,2,0.53009,293.45,23.95,319.23,50.12
256,88,2,0.20538,293.18,29.44,321.39,79.57
257,88,2,0.01259,336.11,91.23,436.76,170.03
258,88,2,0.009,381.47,39.16,438.88,113.42
259,88,2,0.00822,405.24,43.01,422.63,61.55
260,88,2,0.00353,320.18,125.12,343.91,146.81
261,88,2,0.00321,334.42,107.01,391.55,170.75
262,88,16,0.00298,323.31,82.27,354.49,121.88
263,88,2,0.0027,293.23,47.2,320.43,78.35
264,88,2,0.00153,313.63,117.59,344.19,147.1
265,88,2,0.00147,334.75,41.96,370.23,70.36
266,95,16,0.01243,10.66,50.15,100.23,123.53
267,95,5,0.00664,0.26,0.0,97.46,152.74
268,95,16,0.00391,13.38,51.82,71.03,100.72
269,95,5,0.0031,0.66,33.77,108.06,249.84
270,95,5,0.00232,0.0,0.0,301.2,232.43
271,95,16,0.0019,11.65,64.99,53.14,104.89
272,95,16,0.00174,10.97,61.98,78.54,109.98
273,95,5,0.00156,0.44,0.0,138.04,161.13
274,95,5,0.00117,90.66,0.0,272.82,246.81
275,95,5,0.00114,1.29,42.89,106.15,172.02
276,103,7,0.86394,265.2,176.42,298.42,203.09
277,103,7,0.82091,401.69,130.73,425.66,155.06
278,103,17,0.01097,267.67,53.32,282.49,67.85
279,103,8,0.00656,389.42,1.0,489.46,47.99
280,103,8,0.00468,369.38,0.8,489.3,77.97
281,103,17,0.00199,352.38,206.31,370.16,230.13
282,103,8,0.00169,367.84,0.0,489.79,113.02
283,103,17,0.00138,339.02,181.96,365.91,206.72
284,105,0,0.57191,139.99,157.94,153.37,173.24
285,105,0,0.3141,75.97,156.42,89.85,169.89
286,105,11,0.21394,175.31,151.5,188.37,164.62
287,105,17,0.15341,114.82,157.42,127.86,171.16
288,105,11,0.14223,105.51,148.32,119.91,161.54
289,105,0,0.1332,175.32,151.61,187.64,164.19
290,105,0,0.07502,114.93,157.34,127.85,171.23
291,105,16,0.06866,105.57,148.2,119.79,161.7
292,105,11,0.06838,192.71,156.53,208.21,169.7
293,105,1,0.06249,192.65,156.39,208.26,169.75
294,105,14,0.0383,0.15,37.65,14.92,170.36
295,105,10,0.03441,192.65,156.57,208.36,169.72
296,105,0,0.02514,105.62,148.39,119.0,161.57
297,105,1,0.02416,175.4,151.45,188.77,164.79
298,105,16,0.00607,191.8,156.05,207.53,169.17
299,105,0,0.00472,192.65,156.42,208.41,169.75
300,105,16,0.00412,76.15,155.7,90.02,170.14
301,105,14,0.00317,0.0,106.26,9.22,157.0
302,105,16,0.0028,114.06,156.98,127.76,171.45
303,105,14,0.00217,0.04,108.1,5.23,153.28
304,105,1,0.00195,114.01,158.26,127.42,171.29
305,105,16,0.0019,140.54,158.64,154.37,173.39
306,105,14,0.0016,0.0,30.87,21.78,146.35
307,105,16,0.00135,175.66,151.52,189.61,164.8
308,105,8,0.00133,0.0,0.05,11.61,27.88
309,105,14,0.00128,0.06,79.15,10.34,152.1
310,109,15,0.82787,280.24,38.08,305.29,64.74
311,109,15,0.82044,179.98,50.94,211.1,83.56
312,109,15,0.81757,206.02,19.31,226.01,42.41
313,114,15,0.16968,271.71,34.06,335.76,107.12
314,114,17,0.01438,328.3,34.41,353.55,59.88
315,114,15,0.00252,273.87,43.46,319.25,98.07
316,114,15,0.00229,289.33,34.01,329.25,90.17
317,114,15,0.00164,360.03,79.23,409.02,129.29
318,114,15,0.00161,303.36,34.84,330.2,86.84
319,120,17,0.82423,429.22,180.34,450.2,200.39
320,120,17,0.68147,261.77,194.33,280.57,214.05
321,120,8,0.01248,0.0,0.0,257.96,240.0
322,120,8,0.00611,35.28,99.55,137.09,160.48
323,120,14,0.00266,1.34,0.98,194.13,216.0
324,124,10,0.83693,72.61,70.42,92.83,93.51
325,124,9,0.82788,186.47,49.59,206.36,70.07
326,124,9,0.06773,106.95,20.17,124.84,35.03
327,124,17,0.04608,107.05,20.19,124.72,34.5
328,124,11,0.00361,106.54,20.08,125.01,37.8
329,129,10,0.89722,60.76,194.29,81.65,212.48
330,129,10,0.87436,113.79,122.09,129.6,138.2
331,129,17,0.86321,89.53,173.25,105.88,189.39
332,129,9,0.85212,156.36,172.16,177.22,188.77
333,129,17,0.84219,106.96,157.98,122.35,173.21
334,129,9,0.83816,133.46,203.15,153.56,224.45
335,129,11,0.83501,208.33,183.86,230.38,199.16
336,129,11,0.00643,207.86,184.24,221.64,197.28
337,129,11,0.00533,340.83,50.88,359.56,65.94
338,136,14,0.82682,329.65,79.71,358.15,153.84
339,136,14,0.78326,280.85,81.74,303.89,158.82
340,136,14,0.74055,398.24,59.69,419.44,115.69
341,136,14,0.70318,426.97,62.06,459.56,123.77
342,136,8,0.6107,0.01,132.16,73.11,188.34
343,136,14,0.59318,224.36,85.18,246.69,138.02
344,136,8,0.55798,122.0,148.46,238.23,203.41
345,136,14,0.50629,82.34,99.57,108.47,167.93
346,136,14,0.49478,122.73,103.11,157.91,159.45
347,136,8,0.37599,103.66,115.77,124.79,153.31
348,136,14,0.15852,0.05,139.41,11.6,203.02
349,136,14,0.0964,115.49,105.17,156.6,184.55
350,136,14,0.09213,436.31,87.33,459.08,121.91
351,136,14,0.07658,126.26,101.8,157.86,135.45
352,136,14,0.06707,479.52,85.4,498.94,141.62
353,136,14,0.05204,494.74,75.24,499.0,146.56
354,136,14,0.04602,317.37,115.16,341.28,156.36
355,136,14,0.04134,0.12,137.1,23.15,206.11
356,136,14,0.0309,76.03,75.37,109.76,168.7
357,136,14,0.02802,484.81,80.13,499.0,127.37
358,136,8,0.02491,0.78,0.58,39.59,58.97
359,136,14,0.02113,0.18,101.05,19.28,138.55
360,136,14,0.02101,486.93,71.13,498.98,146.62
361,136,14,0.02083,0.14,0.0,39.79,105.29
362,136,5,0.01675,0.0,1.95,120.48,32.85
363,136,14,0.01669,318.76,104.03,350.05,155.58
364,136,5,0.01615,219.69,117.6,286.67,141.9
365,136,8,0.01557,0.18,0.0,40.5,98.14
366,136,14,0.01471,453.39,69.66,469.2,97.34
367,136,14,0.01288,0.0,106.3,12.14,149.98
368,136,8,0.01202,123.73,167.17,193.82,204.85
369,136,14,0.0119,473.22,96.21,499.0,147.12
370,136,8,0.01152,0.25,131.66,36.87,184.56
371,136,8,0.0101,0.0,127.39,10.99,191.48
372,136,8,0.00968,114.29,110.47,156.32,187.21
373,136,14,0.00906,318.0,141.99,333.97,156.94
374,136,14,0.00787,6.32,97.52,22.9,129.99
375,136,14,0.00734,0.07,116.6,29.9,182.41
376,136,14,0.00714,492.56,79.9,499.0,153.16
377,136,8,0.00705,87.08,106.4,124.45,160.56
378,136,5,0.00688,1.87,1.56,112.6,61.17
379,136,14,0.00682,486.65,102.5,498.97,142.73
380,136,14,0.00681,0.01,107.07,14.36,177.79
381,136,14,0.00677,0.0,100.79,10.15,166.92
382,136,14,0.00676,494.22,107.64,499.0,156.07
383,136,14,0.00663,4.19,130.69,34.25,183.94
384,136,14,0.00636,320.21,100.9,339.56,135.21
385,136,8,0.00628,114.31,153.57,140.62,187.79
386,136,14,0.00606,0.03,109.47,4.68,138.76
387,136,14,0.00578,29.18,136.29,71.63,189.73
388,136,14,0.00556,476.74,85.93,498.89,121.97
389,136,8,0.00542,114.19,150.92,155.52,187.41
390,136,14,0.005,190.52,109.24,224.78,166.38
391,136,14,0.00485,0.09,163.13,11.26,202.22
392,136,14,0.00465,404.92,64.01,420.44,109.98
393,136,14,0.0044,317.14,105.21,337.92,129.86
394,136,14,0.00414,494.67,69.55,499.0,120.2
395,136,14,0.0041,137.32,144.42,199.91,209.07
396,136,14,0.00386,0.0,125.82,4.59,210.11
397,136,8,0.0038,0.0,135.4,8.58,206.45
398,136,14,0.00375,128.91,118.01,156.09,159.96
399,136,8,0.0036,468.64,85.08,498.88,141.02
400,136,14,0.00357,132.02,103.6,152.34,129.63
401,136,16,0.00342,452.26,180.82,498.63,210.08
402,136,14,0.00319,1.02,76.72,21.75,136.23
403,136,14,0.00307,0.12,0.0,17.27,106.05
404,136,16,0.00301,41.41,47.47,57.97,63.13
405,136,14,0.00301,428.39,79.73,452.89,123.16
406,136,8,0.00292,0.0,128.68,29.32,203.73
407,136,14,0.00282,483.37,69.63,499.0,114.92
408,136,14,0.0028,5.6,45.53,33.0,89.93
409,136,14,0.00271,0.0,104.46,3.98,163.3
410,136,14,0.0027,0.03,43.76,17.43,138.19
411,136,14,0.00268,331.53,93.46,351.06,153.35
412,136,16,0.0026,115.47,162.15,139.54,187.72
413,136,14,0.00249,0.17,153.28,15.28,206.35
414,136,8,0.00234,119.45,164.37,139.19,187.64
415,136,8,0.00232,0.0,139.26,5.24,206.0
416,136,14,0.00222,322.58,101.12,336.17,127.66
417,136,14,0.00222,0.0,30.9,7.84,105.51
418,136,8,0.00217,0.0,28.67,9.85,105.23
419,136,14,0.00216,476.84,104.33,499.0,123.04
420,136,16,0.00209,18.18,133.34,71.69,182.77
421,136,14,0.00199,319.49,109.02,340.97,143.71
422,136,14,0.00198,488.87,115.47,498.54,145.94
423,136,14,0.00197,0.0,123.22,8.76,208.37
424,136,14,0.00197,0.0,0.0,5.76,69.96
425,136,8,0.00193,3.2,133.96,31.49,170.32
426,136,14,0.00191,57.17,51.23,120.0,169.56
427,136,14,0.00186,0.0,131.6,7.17,172.49
428,136,14,0.00186,0.0,27.18,11.83,99.4
429,136,14,0.00185,435.45,68.07,456.51,118.89
430,136,14,0.00182,444.02,71.2,464.69,98.14
431,136,14,0.0018,86.79,113.07,106.32,164.96
432,136,14,0.0018,427.98,61.05,452.8,108.17
433,136,8,0.00179,0.0,207.07,105.06,256.0
434,136,14,0.00178,84.7,132.57,108.78,167.84
435,136,14,0.00172,475.63,66.14,499.0,138.32
436,136,14,0.00171,0.0,0.39,10.61,60.95
437,136,14,0.00164,11.1,143.93,73.02,185.04
438,136,14,0.00164,231.15,86.74,246.85,115.53
439,136,14,0.00164,217.12,87.17,242.47,131.87
440,136,14,0.00161,0.41,0.13,32.97,29.89
441,136,14,0.0016,120.42,103.18,150.27,128.42
442,136,14,0.00158,432.08,88.89,447.91,122.85
443,136,14,0.00141,26.74,131.01,55.82,166.79
444,136,8,0.00139,0.02,0.25,31.8,35.27
445,136,8,0.00138,0.12,0.0,65.93,162.97
446,136,14,0.00136,41.23,140.0,74.09,177.15
447,136,16,0.00134,392.18,211.41,491.73,255.24
448,136,14,0.00132,1.51,109.13,22.68,135.53
449,136,14,0.00125,451.98,67.59,476.22,98.57
450,136,14,0.0012,119.89,107.76,136.94,157.94
451,136,14,0.00118,15.31,132.47,42.19,166.25
452,136,14,0.00113,0.69,0.18,39.9,45.22
453,136,8,0.00112,0.0,0.0,108.37,167.51
454,136,8,0.00112,114.73,155.84,145.97,208.31
455,136,5,0.0011,239.37,122.31,271.98,139.34
456,136,14,0.00108,320.07,94.59,351.89,140.0
457,136,14,0.00102,204.76,90.66,215.43,112.44
458,136,8,0.00101,37.67,83.66,67.42,112.44
459,136,14,0.00101,440.66,76.19,463.76,115.62
460,136,16,0.001,44.81,140.53,75.61,168.41
461,137,15,0.60303,311.58,155.13,338.4,184.41
462,137,8,0.4915,296.54,0.15,338.43,45.23
463,137,15,0.02439,273.08,133.15,342.27,255.66
464,137,14,0.01576,295.82,0.0,338.24,43.75
465,137,15,0.01345,309.12,167.58,335.15,184.78
466,137,15,0.00679,274.94,80.42,364.21,254.79
467,137,8,0.0059,290.01,0.74,440.84,46.3
468,137,16,0.00143,291.3,0.61,375.38,41.84
469,137,8,0.0012,292.79,0.69,371.44,39.57
470,137,15,0.0011,274.76,156.09,341.81,205.12
471,137,8,0.00107,324.74,0.64,370.73,42.69
472,137,15,0.00106,221.78,44.96,457.28,253.58
473,153,11,0.8146,310.2,116.2,349.02,147.47
474,153,11,0.77214,245.35,88.28,277.39,124.34
475,153,10,0.75364,255.33,144.05,292.19,179.3
476,153,11,0.74136,142.11,144.38,191.66,179.79
477,153,11,0.72555,224.19,109.17,262.16,148.46
478,153,10,0.49164,142.61,63.43,174.65,95.28
479,153,0,0.04059,143.22,143.8,190.7,180.3
480,153,0,0.00854,309.49,115.66,349.07,147.79
481,153,0,0.00691,142.57,62.62,174.42,95.45
482,153,0,0.00577,225.41,108.57,261.93,148.15
483,153,12,0.00404,255.56,143.66,291.72,178.96
484,153,0,0.00296,246.43,87.85,276.92,123.7
485,153,17,0.0024,208.9,201.19,216.7,209.88
486,153,12,0.00233,142.6,62.98,174.48,95.35
487,153,0,0.00177,255.54,143.4,292.61,178.74
488,169,9,0.88181,333.15,145.34,355.0,166.16
489,169,17,0.87887,292.16,111.48,308.89,128.71
490,169,10,0.87133,221.46,161.59,243.47,181.14
491,169,10,0.86533,315.02,61.3,333.24,79.98
492,169,17,0.84878,261.14,136.12,278.41,153.34
493,169,11,0.82119,381.36,177.8,406.17,200.16
494,169,9,0.80949,285.96,189.72,309.08,214.24
495,169,17,0.10642,0.06,128.09,8.56,145.5
496,169,11,0.0029,381.05,178.09,400.26,195.24
497,174,15,0.90794,411.88,98.86,450.97,140.09
498,174,15,0.86961,289.88,49.77,326.38,89.17
499,174,15,0.85023,399.04,23.86,432.33,56.5
500,174,15,0.00751,482.92,70.01,487.0,97.23
501,174,15,0.00197,482.84,69.0,487.0,114.83
502,174,14,0.00181,399.23,0.0,474.99,0.0
503,175,5,0.58912,96.34,86.31,116.99,105.43
504,175,14,0.42938,259.86,107.41,270.94,131.09
505,175,5,0.32535,0.82,57.17,20.11,72.34
506,175,5,0.28976,0.49,56.79,31.24,73.52
507,175,5,0.02282,53.92,59.41,71.31,68.7
508,175,5,0.01942,158.61,58.02,168.62,65.89
509,175,14,0.01283,423.48,123.42,432.25,136.0
510,175,5,0.00998,61.93,59.15,71.9,68.18
511,175,14,0.00703,248.13,105.93,271.95,130.15
512,175,14,0.00626,199.88,78.73,207.74,91.09
513,175,5,0.00587,0.09,54.3,7.19,71.17
514,175,5,0.00504,1.32,53.38,45.64,74.07
515,175,5,0.00481,8.91,49.77,31.17,64.88
516,175,5,0.00432,53.37,61.04,64.33,68.58
517,175,5,0.00429,0.23,67.67,33.47,98.89
518,175,14,0.00371,472.81,127.88,485.49,139.58
519,175,14,0.00364,255.54,106.91,275.21,136.04
520,175,5,0.00286,128.71,104.1,143.77,116.38
521,175,5,0.00262,37.38,51.65,70.78,65.34
522,175,14,0.00245,0.03,50.56,4.76,67.51
523,175,5,0.00238,36.02,54.76,70.22,69.28
524,175,5,0.00235,0.06,45.91,8.11,68.22
525,175,5,0.00209,84.65,26.14,116.69,42.9
526,175,5,0.00205,44.71,65.49,67.85,77.07
527,175,14,0.00195,260.42,106.9,279.7,131.94
528,175,14,0.00193,472.09,118.38,490.82,140.49
529,175,5,0.00177,479.56,105.16,492.9,136.62
530,175,5,0.00176,51.29,62.21,62.11,68.5
531,175,5,0.00175,131.9,63.33,221.5,114.83
532,175,5,0.00173,157.84,54.99,169.52,66.35
533,175,5,0.00171,54.01,58.39,63.12,66.29
534,175,5,0.0017,5.41,47.22,29.84,59.19
535,175,14,0.0016,473.6,107.6,493.0,145.96
536,175,5,0.00153,101.39,46.15,120.72,60.79
537,175,5,0.00146,4.42,52.81,70.75,72.7
538,175,14,0.00146,473.02,117.84,486.75,132.79
539,175,14,0.00139,472.25,124.11,482.44,139.26
540,175,5,0.00131,87.36,25.07,128.08,44.95
541,175,5,0.00123,12.01,47.97,44.79,67.72
542,175,14,0.00118,146.65,93.33,156.64,116.51
543,175,5,0.00111,20.76,48.8,68.18,66.18
544,175,5,0.00109,33.8,62.7,68.88,78.89
545,175,14,0.00103,243.59,96.42,273.95,131.01
546,175,5,0.00101,96.64,50.22,188.62,114.98
547,175,14,0.00101,199.01,77.09,212.26,92.78
548,175,5,0.00101,447.28,23.64,492.41,43.75
549,180,14,0.61784,290.61,141.09,300.7,164.36
550,180,14,0.4582,131.16,142.23,144.46,172.3
551,180,14,0.39504,444.23,147.82,458.07,174.5
552,180,14,0.27376,432.22,149.68,441.61,171.78
553,180,14,0.24127,402.41,138.06,413.36,168.32
554,180,16,0.24103,140.92,179.19,171.34,203.01
555,180,16,0.21569,216.52,170.8,254.66,194.53
556,180,16,0.21431,433.15,176.86,475.32,199.06
557,180,14,0.21401,182.34,143.29,193.04,162.09
558,180,16,0.20635,69.79,205.35,93.8,228.58
559,180,14,0.20472,456.53,144.57,472.37,171.98
560,180,14,0.20048,413.03,137.96,420.76,168.25
561,180,16,0.17008,435.2,215.71,499.28,253.52
562,180,14,0.16333,385.09,138.61,394.05,160.22
563,180,14,0.12798,217.98,148.22,226.77,161.43
564,180,14,0.12144,404.8,138.4,418.21,168.6
565,180,16,0.11174,392.7,172.15,428.85,194.61
566,180,16,0.1099,428.47,177.79,495.3,201.98
567,180,14,0.10194,214.36,145.25,226.06,161.57
568,180,16,0.09079,140.05,178.86,189.62,203.62
569,180,14,0.08716,210.04,139.33,226.01,161.63
570,180,16,0.08473,151.41,210.05,215.2,248.89
571,180,14,0.0812,461.71,151.9,475.63,175.07
572,180,16,0.06881,398.4,175.3,454.05,196.06
573,180,14,0.05318,393.19,138.76,405.54,168.6
574,180,14,0.05289,428.7,145.5,440.77,170.69
575,180,14,0.04973,438.28,150.38,446.24,171.97
576,180,14,0.04856,384.45,138.68,396.46,168.93
577,180,14,0.04316,397.66,138.16,405.43,167.16
578,180,14,0.03806,427.9,158.3,436.66,171.51
579,180,16,0.03619,459.59,215.31,499.81,255.18
580,180,16,0.03487,151.05,210.08,188.83,246.22
581,180,14,0.03442,177.18,162.18,193.52,177.93
582,180,16,0.0333,396.2,175.39,476.21,199.74
583,180,16,0.03322,71.41,186.71,115.79,218.81
584,180,14,0.03228,408.62,138.38,416.59,166.24
585,180,16,0.03152,434.24,215.83,487.69,240.7
586,180,16,0.02995,125.22,179.29,170.28,205.01
587,180,16,0.02971,148.3,174.27,197.13,201.16
588,180,16,0.0283,367.87,171.1,432.38,195.55
589,180,16,0.02786,362.63,168.86,402.01,192.45
590,180,16,0.02391,458.38,181.3,498.83,202.84
591,180,14,0.02381,447.82,146.2,467.62,173.99
592,180,16,0.02314,418.5,176.13,449.11,195.82
593,180,16,0.02136,69.61,189.07,97.49,228.41
594,180,14,0.02074,376.56,136.95,394.19,169.39
595,180,14,0.01948,176.86,162.37,190.45,173.8
596,180,14,0.01705,182.25,141.55,199.02,163.77
597,180,16,0.01596,165.47,176.08,196.03,199.87
598,180,16,0.01578,135.04,231.6,175.44,256.0
599,180,14,0.01543,179.63,158.49,192.03,164.65
600,180,14,0.01441,491.74,139.43,500.0,170.39
601,180,14,0.01275,388.33,138.38,397.29,165.98
602,180,16,0.01225,443.54,178.19,481.11,200.75
603,180,14,0.01211,413.13,143.9,423.48,171.25
604,180,16,0.01186,198.61,171.11,249.84,195.69
605,180,16,0.01147,297.18,164.84,333.23,189.5
606,180,14,0.01119,175.33,153.04,192.58,173.59
607,180,16,0.01046,123.09,172.13,142.57,192.03
608,180,16,0.01033,419.66,174.49,465.93,199.84
609,180,16,0.01023,474.96,228.12,500.0,256.0
610,180,16,0.00988,79.06,179.13,119.11,212.24
611,180,16,0.00931,69.93,181.15,109.84,228.8
612,180,14,0.0089,427.63,163.17,436.01,172.1
613,180,16,0.00872,218.99,165.82,305.69,195.88
614,180,16,0.00852,382.07,170.82,420.38,194.29
615,180,14,0.00835,124.16,142.85,145.3,173.45
616,180,16,0.00835,119.93,172.06,154.78,194.48
617,180,16,0.00786,433.39,219.42,462.13,240.14
618,180,14,0.00777,290.82,141.06,307.1,163.66
619,180,16,0.00764,172.94,169.9,261.61,196.81
620,180,14,0.00726,133.59,149.69,149.87,173.41
621,180,14,0.00698,403.33,138.82,410.88,162.36
622,180,16,0.00693,393.92,192.6,433.73,220.49
623,180,14,0.0067,173.63,142.01,193.12,162.58
624,180,14,0.00664,381.5,139.76,393.57,157.67
625,180,14,0.0066,456.43,144.91,467.82,167.17
626,180,16,0.00651,78.73,176.54,177.31,211.17
627,180,14,0.0065,453.24,179.52,498.37,202.08
628,180,16,0.00643,96.54,163.53,127.63,184.62
629,180,14,0.00629,411.78,149.06,421.39,170.33
630,180,14,0.00623,432.78,146.35,442.0,160.76
631,180,14,0.00599,444.29,156.12,453.44,175.39
632,180,14,0.00592,494.8,139.91,500.0,172.96
633,180,14,0.00579,400.18,138.57,408.31,162.05
634,180,16,0.00566,114.32,207.27,185.35,255.48
635,180,14,0.00565,396.06,138.46,404.45,161.24
636,180,14,0.00551,409.15,138.41,415.09,158.54
637,180,14,0.00549,183.97,142.61,196.4,158.97
638,180,16,0.00546,268.69,165.19,335.67,191.39
639,180,14,0.0054,64.13,131.69,81.35,156.75
640,180,16,0.00497,486.15,182.98,499.98,221.84
641,180,14,0.00482,134.64,156.36,152.2,180.5
642,180,14,0.00465,300.43,142.95,334.03,165.1
643,180,14,0.00462,387.27,138.21,397.29,153.32
644,180,16,0.00447,495.98,181.85,500.0,220.28
645,180,16,0.00447,330.17,165.85,369.86,191.91
646,180,14,0.00442,494.39,116.25,500.0,175.39
647,180,16,0.00427,177.22,176.81,219.84,199.64
648,180,16,0.00413,401.64,193.44,472.63,222.33
649,180,14,0.0041,175.1,128.01,197.42,159.18
650,180,14,0.00395,434.69,143.67,448.92,165.28
651,180,14,0.00391,424.27,160.44,433.26,172.08
652,180,14,0.00382,430.88,144.65,446.59,168.58
653,180,14,0.00376,360.66,147.1,378.52,172.38
654,180,14,0.00361,393.95,138.65,402.44,155.11
655,180,14,0.0036,324.28,149.04,335.35,165.81
656,180,16,0.00356,259.14,162.86,292.94,191.06
657,180,16,0.00356,109.47,169.44,163.85,208.24
658,180,14,0.00354,66.82,130.45,91.85,159.95
659,180,14,0.00352,456.16,144.46,467.33,155.33
660,180,14,0.00345,217.67,147.28,231.96,162.3
661,180,14,0.00343,396.92,138.81,411.87,169.27
662,180,14,0.00342,208.99,138.36,220.44,156.98
663,180,16,0.00338,295.6,159.91,354.14,191.54
664,180,14,0.00334,421.61,148.09,432.47,171.52
665,180,16,0.00324,185.59,216.06,215.03,248.11
666,180,16,0.00323,158.34,176.55,212.1,201.1
667,180,14,0.0032,99.4,153.3,110.59,166.37
668,180,14,0.00319,436.18,164.76,449.15,175.51
669,180,14,0.00319,204.03,141.56,225.91,169.15
670,180,16,0.00315,365.58,192.15,434.66,220.8
671,180,16,0.00313,87.18,179.22,112.94,197.69
672,180,16,0.0031,481.74,182.78,499.69,208.97
673,180,16,0.00303,140.36,211.07,181.76,255.05
674,180,16,0.00285,71.39,182.06,148.73,228.86
675,180,16,0.00282,278.52,154.01,332.33,190.45
676,180,14,0.00275,353.86,129.56,364.66,148.76
677,180,16,0.00267,142.74,223.53,189.98,255.8
678,180,16,0.00259,254.17,162.92,355.81,192.9
679,180,16,0.00255,225.55,169.78,265.22,194.52
680,180,14,0.00253,114.7,144.72,148.15,178.68
681,180,14,0.00252,455.48,141.49,493.75,178.07
682,180,14,0.00252,313.21,145.49,336.51,165.98
683,180,14,0.00245,137.49,165.45,154.92,182.07
684,180,14,0.00239,417.46,149.11,428.36,173.41
685,180,14,0.00238,473.54,151.83,490.84,187.56
686,180,16,0.00237,291.87,163.4,381.27,193.34
687,180,14,0.00237,0.03,129.01,9.45,178.25
688,180,16,0.00233,394.59,187.14,459.24,221.05
689,180,5,0.0023,173.54,170.73,260.09,198.54
690,180,16,0.00216,317.38,164.91,400.55,193.12
691,180,14,0.00215,310.55,137.24,332.61,164.0
692,180,14,0.00215,177.68,162.35,206.2,183.5
693,180,14,0.00213,463.34,145.52,478.45,167.6
694,180,16,0.00211,189.9,216.01,214.6,237.9
695,180,16,0.00209,71.07,189.12,107.61,211.59
696,180,16,0.00202,131.66,179.58,168.87,197.07
697,180,14,0.00202,414.19,138.97,428.79,170.69
698,180,14,0.00198,404.59,150.4,420.21,170.56
699,180,16,0.00195,82.67,177.81,130.6,223.09
700,180,14,0.00195,492.29,107.87,499.9,164.64
701,180,14,0.00194,143.16,135.8,152.52,144.15
702,180,16,0.00194,469.37,182.7,499.64,215.5
703,180,14,0.00193,429.73,143.86,439.72,153.29
704,180,16,0.00191,69.19,189.85,138.33,252.12
705,180,16,0.00191,340.89,166.14,392.5,193.52
706,180,14,0.00189,456.16,157.67,472.69,175.7
707,180,5,0.00187,288.91,146.66,336.04,166.12
708,180,16,0.00186,69.0,173.95,182.25,226.84
709,180,14,0.0018,180.55,133.59,197.09,157.34
710,180,14,0.00175,0.0,131.18,4.84,171.47
711,180,14,0.00172,457.0,143.25,471.88,161.14
712,180,14,0.00165,286.75,145.18,300.23,165.48
713,180,14,0.00165,444.94,145.07,468.66,158.68
714,180,14,0.00164,136.64,164.66,167.05,182.54
715,180,14,0.00161,103.66,163.69,130.95,186.48
716,180,14,0.00157,378.32,144.53,392.04,168.88
717,180,14,0.00152,495.56,137.63,500.0,195.29
718,180,14,0.00149,0.01,129.69,10.58,160.96
719,180,16,0.00145,408.94,209.88,462.35,250.86
720,180,14,0.00142,0.0,129.35,5.82,159.29
721,180,14,0.00142,130.19,141.73,152.9,174.73
722,180,14,0.0014,423.58,165.36,434.3,173.35
723,180,14,0.00139,353.38,129.09,365.83,167.44
724,180,16,0.00139,464.76,185.09,499.75,234.46
725,180,16,0.00137,463.7,215.99,495.33,244.99
726,180,14,0.00136,208.69,145.3,227.76,167.49
727,180,14,0.00135,437.38,144.54,454.37,156.85
728,180,16,0.00134,453.51,188.41,499.3,225.47
729,180,16,0.00132,419.13,194.27,478.42,232.49
730,180,16,0.00132,76.93,191.81,113.52,232.38
731,180,14,0.0013,86.93,150.74,112.24,168.33
732,180,16,0.0013,494.08,227.87,500.0,256.0
733,180,16,0.00127,146.95,197.15,194.73,238.25
734,180,14,0.00127,166.88,139.23,197.14,160.91
735,180,14,0.00124,178.74,176.11,222.55,199.12
736,180,14,0.00122,97.03,152.98,119.32,168.26
737,180,16,0.0012,135.3,183.2,190.43,237.9
738,180,16,0.00119,105.68,170.29,141.57,191.68
739,180,16,0.00119,146.43,175.87,212.37,226.0
740,180,16,0.00118,455.34,178.53,476.82,198.55
741,180,16,0.00117,480.95,193.77,499.89,255.13
742,180,14,0.00116,433.15,147.86,450.14,173.56
743,180,14,0.00112,84.83,163.27,128.28,184.61
744,180,16,0.00109,354.99,179.55,436.73,220.69
745,180,16,0.00108,99.27,175.56,150.99,208.91
746,180,14,0.00108,362.56,145.75,388.08,169.75
747,180,14,0.00107,217.63,137.31,246.43,161.81
748,180,16,0.00105,285.13,160.03,408.95,197.6
749,180,16,0.00104,477.38,215.48,500.0,253.45
750,180,16,0.00103,89.7,161.54,165.05,204.36
751,180,16,0.00102,359.22,169.52,443.05,202.93
752,180,14,0.00101,445.63,153.74,464.22,175.93
753,180,14,0.00101,496.14,111.75,500.0,167.29
754,180,14,0.00101,430.65,143.38,446.01,153.64
755,180,7,0.00101,62.22,214.65,138.82,256.0
756,180,14,0.001,435.83,142.98,449.33,152.57
757,188,7,0.87896,381.69,61.16,412.03,86.57
758,188,2,0.86489,340.13,90.03,373.68,128.13
759,188,4,0.05689,245.78,104.18,296.45,141.71
760,190,15,0.90562,57.03,78.1,92.59,114.47
761,190,15,0.58572,411.55,84.88,448.62,125.45
762,190,11,0.01903,384.98,2.19,434.11,38.48
763,190,11,0.0045,466.63,17.5,492.95,48.5
764,190,15,0.00264,466.11,77.0,492.73,102.43
765,190,15,0.00216,488.77,35.79,493.0,102.19
766,190,15,0.00157,413.02,90.37,453.46,139.74
767,190,9,0.0013,467.16,90.32,492.94,107.75
768,194,2,0.85534,36.4,62.17,57.3,91.08
769,194,2,0.85047,208.83,64.04,228.01,90.45
770,194,2,0.84707,116.02,104.7,138.37,134.25
771,194,2,0.80654,96.72,36.52,114.77,60.72
772,208,10,0.89447,284.47,42.82,311.21,69.72
773,208,17,0.84675,9.31,73.47,33.04,94.57
774,208,10,0.67203,162.39,35.66,187.62,64.11
775,208,10,0.52036,147.16,100.45,173.21,132.71
776,208,9,0.27511,146.85,100.48,172.96,132.96
777,208,9,0.25207,162.12,35.97,187.92,64.57
778,208,8,0.00102,0.0,0.21,19.37,42.77
779,215,14,0.7928,398.34,48.98,432.15,152.59
780,215,14,0.78186,319.5,55.68,353.75,149.28
781,215,14,0.76637,367.1,52.64,401.64,151.58
782,215,14,0.04432,367.9,110.5,382.23,150.0
783,215,14,0.01266,380.44,118.99,393.67,151.63
784,215,14,0.01199,487.53,128.97,494.88,142.78
785,215,14,0.00567,490.58,129.99,495.0,153.26
786,215,8,0.00562,484.14,116.85,494.99,146.22
787,215,14,0.00525,331.3,109.97,350.05,148.81
788,215,5,0.00296,488.57,120.58,494.98,145.75
789,215,14,0.00228,442.09,114.3,451.84,131.72
790,215,14,0.00159,486.69,129.36,495.0,161.28
791,215,16,0.00135,477.9,128.05,484.81,137.91
792,215,14,0.00135,322.99,112.78,338.91,149.18
793,215,5,0.0011,477.66,118.51,495.0,143.67
794,215,8,0.00102,478.87,126.39,494.09,140.37
795,218,14,0.66227,369.54,55.36,384.02,87.03
796,218,14,0.60794,186.61,38.42,203.72,73.55
797,218,14,0.55436,0.0,0.94,10.15,44.99
798,218,14,0.0541,0.1,0.64,5.75,44.9
799,218,14,0.03271,262.84,46.63,274.4,66.18
800,218,14,0.03076,266.67,46.84,275.7,66.51
801,218,14,0.02889,258.0,46.07,271.88,66.41
802,218,14,0.02524,234.89,39.81,243.37,61.51
803,218,14,0.01985,0.16,0.36,17.72,45.45
804,218,14,0.01445,228.79,41.17,236.28,61.02
805,218,14,0.00898,0.23,1.0,32.56,49.08
806,218,14,0.00834,0.03,0.0,7.4,58.52
807,218,14,0.0056,0.05,17.95,4.94,45.02
808,218,14,0.00427,328.52,63.7,345.63,77.61
809,218,14,0.0042,54.16,11.09,68.96,31.95
810,218,14,0.00329,0.0,15.23,6.91,51.5
811,218,14,0.00324,244.45,47.86,252.84,62.17
812,218,14,0.00203,173.44,34.0,189.89,58.62
813,218,14,0.00189,236.98,39.86,250.42,62.04
814,218,14,0.00187,50.54,9.74,76.67,43.72
815,218,14,0.00178,372.73,51.19,385.14,82.39
816,218,14,0.00174,231.22,42.63,242.29,61.43
817,218,14,0.00169,227.47,40.09,239.53,61.07
818,218,14,0.0014,167.77,34.95,203.55,60.06
819,218,14,0.00139,47.78,8.2,66.72,30.24
820,218,5,0.00125,464.44,14.27,499.7,100.58
821,218,14,0.00119,420.29,84.06,426.56,91.58
822,218,14,0.00116,72.86,26.73,83.29,38.52
823,218,14,0.00116,53.62,13.12,73.11,37.69
824,218,14,0.00115,240.27,44.35,251.93,62.14
825,219,7,0.8619,91.17,49.01,131.19,81.31
826,219,7,0.03568,61.02,126.53,101.02,152.0
827,219,6,0.00235,328.43,150.87,353.15,216.77
828,219,17,0.00145,108.64,83.05,127.27,102.75
829,219,15,0.00111,60.84,127.85,103.26,151.8
830,226,7,0.83036,356.05,105.64,391.2,140.7
831,226,7,0.44391,399.53,179.53,438.8,208.94
832,226,15,0.10561,398.98,180.09,440.5,207.29
833,226,5,0.00563,369.13,15.33,467.4,52.9
834,228,15,0.86652,258.95,60.21,278.22,83.07
835,228,6,0.79335,336.04,78.29,406.91,116.0
836,228,14,0.00356,415.04,243.59,422.55,251.0
837,228,6,0.00335,363.54,78.41,406.37,115.09
838,234,10,0.90092,381.22,204.29,402.86,225.01
839,234,10,0.87957,258.26,162.59,278.8,181.43
840,234,11,0.83647,373.05,117.12,388.67,132.2
841,234,17,0.82578,335.42,191.61,352.51,207.96
842,234,9,0.82399,354.22,148.29,371.18,164.63
843,234,9,0.81351,412.34,164.66,435.84,182.43
844,234,9,0.41287,302.51,184.48,319.48,200.97
845,234,17,0.294,302.45,184.6,319.5,200.83
846,234,11,0.00271,487.08,106.02,490.97,115.16
847,234,5,0.00105,141.2,207.8,182.56,238.67
848,237,15,0.81262,275.44,152.78,304.01,180.01
849,237,15,0.76981,350.28,122.13,379.73,148.7
850,237,7,0.35822,357.38,177.93,399.96,213.99
851,237,15,0.23449,358.93,176.65,400.23,213.89
852,237,15,0.0093,362.22,177.66,400.27,201.12
853,237,14,0.00183,459.21,0.0,463.0,52.21
854,237,15,0.00157,459.6,125.37,463.0,160.57
855,237,15,0.00146,458.97,95.17,463.0,146.41
856,237,7,0.00146,361.99,177.37,400.43,198.93
857,238,2,0.8337,170.9,43.48,190.44,57.53
858,238,9,0.38437,255.3,52.5,272.38,65.85
859,238,2,0.26375,206.76,28.86,218.49,43.26
860,238,9,0.0722,232.77,69.01,248.73,83.7
861,238,2,0.00991,232.73,68.98,248.8,83.92
862,238,2,0.00394,255.37,52.03,272.41,65.99
863,239,7,0.80941,110.58,93.88,135.45,113.91
864,239,7,0.67434,75.45,182.56,102.23,201.13
865,242,8,0.63549,390.77,0.0,463.12,28.39
866,242,8,0.52494,331.83,0.0,370.08,45.65
867,242,8,0.48679,237.26,0.0,270.37,46.83
868,242,8,0.47098,84.56,0.44,151.71,71.91
869,242,8,0.44265,55.67,8.78,101.96,90.53
870,242,14,0.4259,38.04,11.11,55.15,49.69
871,242,8,0.41322,0.26,15.53,43.83,53.88
872,242,8,0.23875,132.21,8.13,156.91,43.45
873,242,8,0.19459,53.36,0.0,154.67,83.78
874,242,8,0.12757,426.86,0.0,463.61,24.78
875,242,8,0.11332,365.75,0.0,396.6,32.08
876,242,8,0.10428,116.12,6.62,154.51,70.06
877,242,8,0.05523,0.15,18.38,23.53,52.04
878,242,8,0.05004,263.7,0.0,375.56,45.3
879,242,8,0.04846,119.29,9.67,144.38,48.55
880,242,8,0.04395,0.0,32.1,8.31,54.81
881,242,8,0.03798,113.79,0.0,257.42,63.28
882,242,8,0.03309,94.41,1.86,119.42,53.13
883,242,8,0.03198,390.91,0.0,415.21,28.41
884,242,8,0.02999,0.0,21.36,7.02,53.92
885,242,8,0.02478,366.23,0.0,423.89,30.9
886,242,8,0.01987,390.17,0.0,428.53,30.01
887,242,8,0.01911,230.18,0.0,320.61,45.32
888,242,8,0.01905,90.13,0.0,126.14,70.26
889,242,8,0.0187,150.2,4.84,179.82,57.86
890,242,8,0.01757,94.81,0.0,115.57,20.74
891,242,8,0.01649,52.69,25.92,90.91,89.91
892,242,8,0.01417,10.18,14.51,38.17,50.69
893,242,8,0.01373,85.68,0.0,117.4,32.28
894,242,8,0.01326,125.97,8.66,148.09,41.42
895,242,8,0.01272,60.45,10.24,95.25,63.97
896,242,8,0.01149,338.79,0.0,381.79,35.64
897,242,8,0.0112,340.08,0.0,459.02,29.3
898,242,8,0.01085,71.23,11.19,100.62,58.44
899,242,8,0.01026,136.06,1.78,178.36,47.01
900,242,8,0.01017,447.5,0.0,463.93,24.84
901,242,8,0.01002,0.05,30.96,16.08,54.79
902,242,8,0.00908,0.21,0.0,48.13,51.11
903,242,8,0.00907,78.17,5.53,102.84,45.33
904,242,14,0.00905,52.17,26.68,96.48,90.5
905,242,8,0.00867,0.0,5.23,7.77,57.85
906,242,8,0.00791,277.11,0.66,309.98,41.57
907,242,8,0.00757,64.64,0.0,117.19,36.87
908,242,8,0.00634,459.29,0.0,463.98,27.69
909,242,8,0.00626,352.26,0.0,376.46,18.6
910,242,8,0.00588,0.05,33.74,5.11,55.76
911,242,8,0.00542,317.3,0.0,453.78,3.08
912,242,8,0.00536,2.72,2.81,109.84,74.52
913,242,14,0.00535,395.78,0.0,431.53,22.97
914,242,8,0.00496,0.0,11.9,4.69,55.84
915,242,8,0.00459,23.72,15.1,45.37,48.24
916,242,8,0.0043,153.28,0.46,210.22,53.18
917,242,14,0.0041,38.36,3.24,67.06,50.08
918,242,8,0.00406,242.72,0.0,266.47,31.87
919,242,8,0.0038,107.66,0.64,146.97,48.45
920,242,8,0.00353,238.46,0.0,262.31,20.0
921,242,8,0.00329,136.84,5.97,158.49,53.04
922,242,8,0.00303,0.0,21.05,14.5,64.23
923,242,8,0.00301,57.63,26.96,71.57,47.73
924,242,8,0.00294,388.58,0.0,408.34,23.96
925,242,8,0.00277,32.9,0.0,69.96,50.95
926,242,8,0.00257,101.29,1.59,123.62,59.42
927,242,8,0.00255,344.35,0.0,463.06,65.47
928,242,8,0.00255,96.97,0.0,138.29,50.01
929,242,8,0.00252,65.16,21.26,99.87,77.85
930,242,8,0.0024,59.59,1.37,108.48,56.76
931,242,8,0.00232,81.89,8.7,111.51,68.72
932,242,8,0.00228,158.29,4.03,175.96,48.74
933,242,8,0.00213,348.23,0.69,371.11,35.4
934,242,8,0.00203,359.23,0.0,376.65,26.95
935,242,8,0.00202,391.93,0.0,411.95,15.71
936,242,8,0.00201,0.0,0.0,31.17,45.84
937,242,8,0.00197,390.55,0.0,407.92,12.33
938,242,8,0.00194,342.42,0.0,366.27,28.25
939,242,8,0.00193,460.3,0.0,464.0,37.14
940,242,16,0.00181,56.05,60.26,85.99,89.27
941,242,8,0.00179,110.27,5.26,136.25,50.03
942,242,8,0.00159,72.43,0.0,122.7,64.62
943,242,8,0.00156,76.36,10.22,102.49,77.13
944,242,8,0.00147,262.8,0.0,384.08,55.6
945,242,8,0.00133,398.27,0.01,435.75,22.64
946,242,8,0.00131,371.99,0.0,394.05,13.81
947,242,8,0.00131,130.14,9.66,144.57,30.46
948,242,8,0.00128,91.13,3.59,113.89,46.29
949,242,8,0.00125,29.29,28.28,95.65,92.09
950,242,8,0.00122,233.46,0.0,253.84,17.85
951,242,8,0.00118,120.32,18.45,148.08,71.2
952,242,8,0.00117,294.35,0.0,389.59,56.97
953,242,14,0.00115,42.11,19.43,55.78,49.12
954,242,8,0.00113,381.85,0.0,405.31,13.58
955,242,8,0.00111,92.29,26.7,128.14,72.63
956,242,5,0.00106,147.28,185.42,308.47,240.96
957,242,14,0.00105,273.17,2.42,292.99,44.78
958,242,14,0.00104,276.08,2.86,303.26,44.45
959,244,14,0.75437,192.28,145.26,219.63,214.68
960,244,14,0.69163,242.68,157.68,268.49,197.89
961,244,8,0.65316,17.51,146.07,61.05,179.38
962,244,14,0.46357,99.85,138.63,115.54,180.05
963,244,14,0.32258,132.65,160.88,144.26,183.67
964,244,14,0.02998,190.66,160.29,201.09,177.52
965,244,14,0.02795,492.47,164.17,504.97,238.56
966,244,14,0.02653,420.71,171.15,430.95,188.08
967,244,14,0.02309,190.42,156.48,204.74,179.93
968,244,14,0.01586,81.54,141.78,117.68,179.25
969,244,14,0.01551,501.08,169.01,505.0,203.14
970,244,14,0.014,43.79,144.11,57.61,164.5
971,244,8,0.01215,41.86,149.84,60.22,177.83
972,244,14,0.00944,129.3,155.28,144.34,184.98
973,244,14,0.00881,140.72,155.79,149.96,175.35
974,244,14,0.00817,190.96,160.43,201.67,187.92
975,244,14,0.00807,409.28,170.4,430.66,188.44
976,244,14,0.0075,34.63,143.71,52.5,161.97
977,244,14,0.00733,500.6,166.4,505.0,246.89
978,244,14,0.00709,486.25,177.55,505.0,238.45
979,244,14,0.00684,481.23,166.76,505.0,201.28
980,244,14,0.00674,36.6,145.44,57.04,167.04
981,244,14,0.00605,354.29,158.12,369.92,188.81
982,244,14,0.0057,103.8,149.45,114.8,180.69
983,244,16,0.00568,384.38,206.99,432.19,232.98
984,244,14,0.005,133.2,156.15,154.25,182.76
985,244,16,0.00493,452.42,191.13,474.45,211.67
986,244,14,0.00465,257.03,176.55,271.91,198.76
987,244,14,0.00408,61.68,152.03,82.44,174.51
988,244,14,0.004,190.75,157.1,204.35,199.09
989,244,16,0.00398,398.4,206.26,439.33,233.8
990,244,14,0.00394,406.43,171.31,420.95,188.2
991,244,14,0.00378,205.52,147.21,220.21,190.55
992,244,14,0.00377,35.15,142.05,48.88,158.29
993,244,14,0.00376,400.26,178.14,412.85,191.33
994,244,14,0.00371,44.53,142.29,64.62,164.93
995,244,14,0.00365,254.98,158.15,269.93,192.0
996,244,14,0.00359,385.89,168.21,410.57,192.06
997,244,14,0.00343,38.93,140.68,57.03,160.29
998,244,14,0.00342,268.97,157.77,287.57,188.03
999,244,14,0.00331,142.27,154.88,153.53,175.13
1000,244,14,0.0033,43.7,148.56,60.06,171.56
1001,244,14,0.00322,344.76,157.96,368.49,189.23
1002,244,14,0.00313,421.21,171.48,437.64,189.12
1003,244,14,0.00312,58.22,150.02,77.26,174.74
1004,244,14,0.0029,391.05,173.71,412.72,191.58
1005,244,14,0.00287,386.19,166.19,401.91,191.42
1006,244,14,0.00286,258.62,156.13,289.3,187.59
1007,244,14,0.00285,20.95,140.65,50.09,164.31
1008,244,14,0.00274,123.55,160.45,144.05,184.01
1009,244,14,0.00269,120.93,154.37,132.58,177.52
1010,244,14,0.00263,415.6,172.59,432.21,188.5
1011,244,14,0.00252,256.49,170.07,269.35,190.56
1012,244,14,0.00246,487.97,168.28,505.0,213.2
1013,244,14,0.00232,190.69,152.7,208.02,185.86
1014,244,14,0.00227,253.78,169.05,271.42,198.37
1015,244,14,0.00221,46.71,140.03,57.31,160.67
1016,244,14,0.00212,100.68,138.17,126.79,173.71
1017,244,14,0.00204,197.94,145.69,221.3,199.75
1018,244,14,0.00199,236.91,168.81,245.51,181.23
1019,244,14,0.0019,501.0,190.94,505.0,241.21
1020,244,14,0.00183,34.88,147.94,59.49,175.55
1021,244,14,0.00171,61.09,138.69,79.71,175.09
1022,244,14,0.00171,135.43,158.26,157.64,178.25
1023,244,14,0.0017,394.94,180.12,412.32,191.71
1024,244,14,0.00167,500.73,145.14,505.0,189.33
1025,244,14,0.00165,61.96,145.82,89.79,174.92
1026,244,14,0.00165,401.99,181.95,412.36,191.45
1027,244,14,0.00158,354.37,170.18,368.98,191.82
1028,244,7,0.00149,400.82,194.73,505.0,236.78
1029,244,14,0.00142,29.26,145.33,52.98,166.99
1030,244,14,0.0014,23.47,141.83,58.05,176.26
1031,244,14,0.00136,355.87,157.88,368.33,179.78
1032,244,14,0.00134,365.04,162.24,397.52,190.3
1033,244,14,0.00132,500.22,74.32,504.98,179.7
1034,244,14,0.00122,352.14,157.77,367.45,174.81
1035,244,8,0.00114,57.59,148.38,126.57,176.84
1036,244,14,0.00112,189.37,157.4,214.67,209.47
1037,244,14,0.0011,255.63,157.94,283.1,198.99
1038,244,16,0.00109,483.86,176.46,504.9,237.61
1039,244,14,0.00108,47.91,146.66,76.91,174.33
1040,244,8,0.00103,0.0,146.51,20.79,181.33
1041,252,7,0.75719,375.77,168.52,402.03,185.22
1042,252,7,0.15385,477.36,160.23,497.52,176.45
1043,252,5,0.03393,351.08,120.4,469.4,151.02
1044,252,2,0.01724,476.8,160.15,498.79,176.97
1045,252,17,0.00387,1.36,71.71,24.6,83.01
1046,252,8,0.00287,0.0,0.05,41.92,42.94
1047,252,8,0.00269,1.51,0.0,140.99,57.85
1048,252,2,0.00139,349.34,47.69,390.69,80.2
1049,258,10,0.9065,412.58,123.87,434.36,146.34
1050,258,17,0.89493,342.86,49.27,360.2,66.69
1051,258,10,0.88973,326.67,8.02,344.97,30.18
1052,258,9,0.87131,299.45,109.06,323.23,128.79
1053,258,17,0.84043,365.7,88.51,383.27,105.67
1054,258,11,0.76735,240.83,134.6,264.29,155.81
1055,258,9,0.48238,267.09,52.11,288.35,73.48
1056,258,17,0.22484,267.24,52.29,288.46,73.55
1057,258,11,0.00348,247.72,134.56,265.03,148.15
1058,258,14,0.00212,56.6,141.07,107.94,251.0
1059,258,10,0.00161,412.14,124.53,423.5,138.78
1060,267,15,0.85018,393.7,157.11,445.66,206.97
1061,267,3,0.00362,29.02,0.0,100.04,33.15
1062,268,0,0.51889,369.0,11.3,448.07,96.65
1063,268,3,0.05422,368.48,11.63,446.23,101.87
1064,268,5,0.04049,439.92,0.0,479.0,27.3
1065,268,0,0.02652,440.61,0.0,478.87,27.78
1066,268,5,0.02414,185.63,138.93,320.66,242.22
1067,268,0,0.0143,368.79,13.49,447.91,63.91
1068,268,5,0.00336,88.42,0.0,372.11,248.0
1069,268,6,0.00273,185.55,138.64,319.36,241.56
1070,268,1,0.00205,441.29,0.89,479.0,27.53
1071,268,1,0.00178,441.54,0.0,478.85,17.62
1072,268,3,0.00134,190.97,139.09,319.8,243.85
1073,268,0,0.00126,370.18,20.42,411.74,68.17
1074,268,3,0.00119,368.96,59.71,441.29,100.54
1075,269,15,0.8724,299.47,164.81,318.44,188.76
1076,269,6,0.80588,376.23,180.21,448.77,218.25
1077,269,16,0.00227,99.26,12.5,124.93,33.34
1078,269,6,0.00217,410.06,180.34,447.55,214.94
1079,269,6,0.00109,376.88,185.87,415.84,218.9
1080,273,17,0.87187,345.51,157.77,360.73,173.36
1081,273,9,0.83629,274.9,200.75,297.06,216.96
1082,273,11,0.42379,21.49,143.52,33.47,152.23
1083,273,11,0.41135,175.41,185.44,195.62,204.36
1084,273,9,0.28163,175.57,185.65,195.86,204.12
1085,273,11,0.11807,252.33,161.14,271.62,177.61
1086,273,9,0.06133,292.4,88.3,312.26,97.0
1087,273,17,0.05478,305.27,136.22,320.07,153.32
1088,273,11,0.04407,292.46,88.27,312.18,99.09
1089,273,9,0.00317,300.65,66.62,311.83,76.5
1090,273,9,0.00246,274.46,205.06,285.29,216.66
1091,276,14,0.75113,325.31,123.64,355.92,189.1
1092,276,16,0.72516,104.8,175.55,126.99,209.76
1093,276,16,0.65686,13.95,181.08,37.53,219.03
1094,276,16,0.65395,142.64,173.13,163.63,204.84
1095,276,16,0.65284,172.27,171.4,192.56,200.4
1096,276,16,0.64987,67.16,178.47,90.98,213.79
1097,276,16,0.60365,199.51,171.42,217.35,196.66
1098,276,16,0.58319,222.29,171.99,240.55,197.59
1099,276,16,0.54423,283.93,169.02,300.9,191.28
1100,276,16,0.53867,243.66,171.36,262.17,196.99
1101,276,16,0.4867,263.88,170.1,281.79,193.47
1102,276,16,0.32527,355.37,165.91,369.44,184.32
1103,276,16,0.27956,301.05,168.37,317.41,189.13
1104,276,16,0.22612,368.15,164.69,380.89,182.72
1105,276,16,0.19388,315.54,167.75,329.76,189.54
1106,276,16,0.18795,379.0,164.31,391.05,181.47
1107,276,16,0.16525,399.21,162.97,410.98,180.03
1108,276,16,0.15497,199.25,170.63,235.94,196.61
1109,276,16,0.14669,389.51,163.65,400.74,180.6
1110,276,16,0.13663,399.37,162.81,418.46,179.73
1111,276,16,0.12942,364.45,164.87,388.75,182.67
1112,276,16,0.10557,341.79,166.02,356.34,187.98
1113,276,16,0.09461,417.66,162.95,433.64,177.5
1114,276,16,0.09234,0.0,183.83,15.81,216.3
1115,276,16,0.09125,221.61,170.9,261.97,197.1
1116,276,8,0.0886,457.74,143.28,487.52,167.05
1117,276,16,0.07977,174.89,170.83,215.72,198.01
1118,276,16,0.07395,268.74,169.15,300.86,191.58
1119,276,16,0.07071,355.8,165.06,384.39,183.32
1120,276,16,0.06997,344.98,165.9,369.68,184.53
1121,276,16,0.05948,408.26,162.7,418.44,178.94
1122,276,16,0.05829,244.8,169.95,281.49,195.15
1123,276,16,0.05578,416.6,162.81,426.59,177.6
1124,276,16,0.0522,381.32,164.01,400.76,181.01
1125,276,16,0.05219,283.59,168.64,316.68,190.03
1126,276,16,0.04358,408.2,162.86,426.39,178.69
1127,276,16,0.04343,423.91,162.9,433.78,177.16
1128,276,16,0.03802,300.49,168.1,330.57,189.31
1129,276,14,0.03334,483.74,139.69,488.0,174.96
1130,276,16,0.03268,386.56,163.53,416.02,180.41
1131,276,8,0.03187,466.57,137.29,487.93,168.81
1132,276,16,0.03057,158.4,170.93,194.69,200.33
1133,276,8,0.02871,476.79,139.96,487.97,170.76
1134,276,16,0.02591,0.81,183.95,37.67,217.89
1135,276,16,0.02375,397.31,162.98,432.51,179.13
1136,276,10,0.02217,122.42,77.72,131.78,86.73
1137,276,14,0.02073,448.09,155.45,457.09,168.54
1138,276,16,0.01831,147.68,176.3,171.43,204.08
1139,276,16,0.01712,67.72,180.17,83.37,210.05
1140,276,16,0.01553,0.0,192.63,9.84,219.39
1141,276,14,0.01533,473.65,135.41,488.0,170.13
1142,276,16,0.01322,167.71,173.34,187.79,198.52
1143,276,16,0.0115,15.76,182.73,54.27,216.8
1144,276,16,0.01146,0.0,108.93,25.86,153.8
1145,276,17,0.01075,122.13,77.38,131.59,87.28
1146,276,16,0.00988,159.94,176.38,175.8,199.34
1147,276,16,0.00987,68.4,178.18,106.35,211.37
1148,276,14,0.00956,0.0,110.06,26.84,152.21
1149,276,14,0.0083,476.22,142.6,488.0,175.74
1150,276,16,0.00827,87.42,183.28,108.25,207.88
1151,276,16,0.00821,303.69,166.22,345.65,189.75
1152,276,16,0.00769,217.32,172.4,237.41,194.52
1153,276,14,0.00729,8.22,113.29,27.85,151.28
1154,276,8,0.00712,458.29,146.04,478.94,165.98
1155,276,16,0.00709,80.02,182.75,99.17,211.55
1156,276,16,0.00693,0.0,182.57,9.27,215.61
1157,276,16,0.00643,130.38,173.6,165.45,203.04
1158,276,16,0.00641,125.22,177.71,145.62,202.48
1159,276,16,0.00626,92.67,177.23,128.99,209.91
1160,276,16,0.00625,0.0,106.64,13.52,156.09
1161,276,16,0.00511,181.16,174.7,201.49,198.87
1162,276,16,0.00444,92.3,133.44,113.5,162.59
1163,276,5,0.00395,46.46,104.2,85.71,138.78
1164,276,16,0.00393,0.0,151.15,13.0,173.03
1165,276,16,0.00339,189.37,172.57,208.14,196.56
1166,276,16,0.00328,0.01,197.8,6.21,223.01
1167,276,14,0.0032,457.64,145.82,477.98,165.59
1168,276,16,0.00315,4.48,186.4,21.28,214.86
1169,276,16,0.00304,79.86,178.73,96.51,204.6
1170,276,16,0.00291,141.21,175.83,153.88,201.65
1171,276,16,0.00278,19.98,181.59,42.39,217.57
1172,276,5,0.00275,48.76,117.83,83.59,139.85
1173,276,16,0.00272,160.94,182.26,174.51,203.05
1174,276,14,0.00263,481.91,135.73,488.0,169.98
1175,276,14,0.00249,340.06,166.69,355.03,190.16
1176,276,16,0.00241,0.01,150.88,24.23,171.38
1177,276,16,0.00232,69.48,177.74,94.0,198.86
1178,276,16,0.00211,0.0,202.6,9.3,236.63
1179,276,14,0.00209,462.57,135.46,488.0,166.81
1180,276,16,0.00204,262.54,168.93,289.9,191.5
1181,276,14,0.00202,290.79,128.03,305.1,155.66
1182,276,16,0.0019,107.64,175.65,145.6,205.99
1183,276,16,0.00177,52.43,179.14,91.57,210.89
1184,276,5,0.00172,138.48,105.44,158.23,119.99
1185,276,16,0.00171,98.35,179.55,111.54,206.19
1186,276,14,0.00164,446.84,148.63,460.34,168.31
1187,276,14,0.00152,441.85,153.16,456.94,168.8
1188,276,16,0.00151,34.33,191.14,45.61,216.0
1189,276,14,0.00149,0.0,112.66,11.9,154.01
1190,276,16,0.00149,0.0,211.47,11.11,239.58
1191,276,14,0.00142,0.03,112.75,40.02,164.6
1192,276,16,0.00141,421.17,160.3,439.44,176.04
1193,276,16,0.00141,196.25,177.91,214.14,197.67
1194,276,16,0.00139,14.53,182.79,30.96,209.4
1195,276,14,0.00131,0.02,129.37,25.88,154.06
1196,276,14,0.0013,91.98,109.24,101.86,134.99
1197,276,16,0.00129,183.34,179.62,197.11,199.21
1198,276,16,0.00128,426.06,153.54,439.42,165.19
1199,276,14,0.00128,434.24,147.26,458.48,169.23
1200,276,16,0.00125,209.7,173.17,232.38,194.99
1201,276,14,0.00123,484.43,147.13,488.0,188.2
1202,276,14,0.00116,0.0,127.81,9.55,154.97
1203,276,16,0.00114,334.76,127.31,372.59,188.39
1204,276,14,0.00112,0.02,128.37,3.74,153.82
1205,276,16,0.00104,410.61,161.31,435.8,176.78
1206,276,14,0.00101,449.88,145.44,473.99,165.09
1207,293,2,0.83421,103.82,161.17,121.09,173.99
1208,293,2,0.81849,25.76,164.11,44.45,178.12
1209,293,2,0.79112,142.63,176.68,160.7,191.3
1210,293,2,0.57367,65.26,185.02,84.52,197.7
1211,293,8,0.0024,462.69,30.8,467.0,56.08
1212,293,2,0.0022,196.66,133.58,224.82,175.0
1213,293,8,0.00205,458.65,27.31,467.0,56.85
1214,293,8,0.0013,166.37,63.77,189.72,81.51
1215,293,14,0.00121,462.03,32.7,467.0,55.33
1216,293,14,0.00109,462.54,22.23,467.0,64.74
1217,296,17,0.77271,141.94,142.04,161.23,162.74
1218,296,17,0.39111,73.13,178.07,95.65,202.9
1219,296,17,0.32012,193.6,116.33,213.32,136.16
1220,296,9,0.06255,73.18,178.2,95.2,201.21
1221,296,16,0.02441,141.07,141.5,163.47,170.9
1222,296,16,0.01638,192.48,116.75,216.69,137.41
1223,296,5,0.00398,198.49,114.93,312.13,158.88
1224,305,15,0.91374,226.01,194.89,260.74,230.4
1225,305,5,0.00198,213.01,123.81,501.0,252.87
1226,305,5,0.00131,0.0,233.1,16.43,253.0
1227,336,0,0.8692,304.88,37.44,346.19,77.94
1228,336,0,0.84862,233.24,136.91,285.09,184.56
1229,336,1,0.80283,88.11,76.37,132.78,118.86
1230,336,1,0.07122,231.86,136.92,284.01,186.05
1231,336,1,0.00143,90.66,92.91,129.25,118.22
1232,336,0,0.00119,91.17,77.24,132.02,118.14
1233,336,2,0.00102,90.55,77.17,131.95,117.95
1234,342,15,0.83584,304.72,20.92,331.8,51.69
1235,342,15,0.82144,404.53,60.37,443.44,97.7
1236,342,15,0.79814,291.28,96.49,324.85,126.06
1237,342,6,0.01313,1.24,74.31,111.54,242.49
1238,342,17,0.00407,253.91,44.59,273.11,61.37
1239,342,6,0.00114,447.63,99.57,461.91,139.03
1240,342,5,0.00102,448.62,100.35,462.0,141.73
1241,344,2,0.67078,405.09,106.81,429.34,139.9
1242,344,8,0.00205,273.31,175.95,497.06,252.0
1243,344,11,0.00143,268.94,158.48,294.53,176.36
1244,347,7,0.89841,322.26,166.15,350.0,195.3
1245,347,15,0.00103,322.59,167.92,350.1,195.57
1246,350,17,0.6144,144.91,41.94,160.32,58.88
1247,350,2,0.28206,46.07,62.32,66.0,80.78
1248,350,17,0.14984,100.63,50.76,116.2,67.57
1249,350,10,0.13294,100.37,50.77,116.19,67.45
1250,350,9,0.09071,46.15,62.49,65.39,80.7
1251,350,17,0.08516,46.07,62.48,65.68,80.91
1252,350,9,0.07524,100.25,50.59,116.34,68.13
1253,350,2,0.02561,144.92,42.11,160.44,59.14
1254,350,16,0.00586,99.45,50.98,116.38,68.7
1255,350,9,0.00316,134.47,79.64,155.5,93.7
1256,350,2,0.00244,100.47,51.08,116.47,67.99
1257,350,3,0.00129,134.44,79.55,155.28,94.33
1258,352,2,0.83406,65.06,160.61,86.2,189.93
1259,352,8,0.00226,27.02,56.45,93.51,114.13
1260,352,8,0.00176,51.13,80.07,78.24,109.16
1261,352,2,0.00142,0.12,178.84,30.75,206.26
1262,352,8,0.00128,0.25,83.27,49.81,122.24
1263,352,6,0.00107,1.62,15.86,92.17,121.2
1264,353,17,0.82771,445.18,152.46,460.84,168.39
1265,353,9,0.78905,373.29,196.65,396.3,214.26
1266,353,11,0.65928,273.33,181.84,293.48,200.67
1267,353,11,0.48042,349.8,156.7,368.38,171.16
1268,353,11,0.00907,121.92,141.95,134.13,150.73
1269,353,9,0.005,389.08,83.36,409.55,92.07
1270,353,6,0.00334,25.76,116.53,45.52,135.83
1271,353,9,0.00253,273.82,181.86,293.33,199.83
1272,353,5,0.00177,0.11,249.52,48.02,250.0
1273,353,6,0.00123,382.16,109.6,395.04,120.54
1274,356,10,0.81829,201.93,128.23,224.0,150.52
1275,356,10,0.66791,131.38,181.69,153.48,204.44
1276,356,14,0.03589,235.04,0.31,261.9,30.95
1277,356,11,0.01269,267.82,182.14,291.36,202.3
1278,356,11,0.00585,348.49,125.13,368.01,143.53
1279,356,10,0.00237,202.06,216.46,225.43,240.66
1280,356,10,0.00195,358.6,197.83,375.49,212.15
1281,356,11,0.00124,500.21,13.02,503.97,22.42
1282,368,2,0.86251,184.39,103.94,209.35,137.34
1283,368,2,0.85569,49.38,59.58,74.08,91.15
1284,368,2,0.84755,251.12,59.27,273.52,90.15
1285,368,2,0.84471,167.25,12.86,188.46,41.3
1286,371,2,0.86814,260.78,136.9,280.04,163.62
1287,371,2,0.86713,337.93,179.45,360.06,208.96
1288,371,2,0.83504,428.62,138.74,448.87,165.73
1289,371,2,0.83464,317.74,110.51,334.59,134.46
1290,379,15,0.86329,168.37,80.86,193.42,106.13
1291,379,15,0.85049,240.39,67.88,262.4,88.72
1292,379,15,0.84582,246.23,107.49,270.77,132.85
1293,379,6,0.00594,412.5,103.17,463.81,167.35
1294,379,6,0.00395,422.1,157.6,488.38,229.93
1295,379,6,0.00366,421.26,143.38,486.06,184.52
1296,379,6,0.00328,427.82,155.14,485.12,198.14
1297,379,6,0.00211,385.74,82.28,461.06,165.27
1298,379,6,0.0015,383.51,72.22,488.27,245.63
1299,379,6,0.00132,419.33,124.68,475.39,181.36
1300,405,7,0.80818,185.98,168.48,211.77,193.65
1301,405,7,0.79423,38.26,190.16,69.09,208.96
1302,405,16,0.00215,220.29,236.31,250.75,252.0
1303,405,16,0.00191,182.24,233.64,256.47,252.0
1304,405,8,0.00187,0.0,0.0,42.06,40.64
1305,405,16,0.00118,89.41,194.38,148.54,225.68
1306,406,0,0.89799,89.11,135.16,124.71,168.99
1307,406,3,0.88383,137.45,71.46,207.66,117.62
1308,406,0,0.87237,231.37,5.66,259.37,35.14
1309,406,3,0.8718,312.9,57.55,366.47,102.67
1310,406,12,0.85539,118.15,39.61,148.78,67.71
1311,406,3,0.83329,200.53,159.03,286.15,194.42
1312,406,12,0.78226,249.49,73.05,280.02,102.29
1313,406,0,0.13359,249.42,72.7,280.34,102.82
1314,406,0,0.10774,0.01,151.33,7.96,162.75
1315,406,0,0.00665,274.45,43.11,283.35,51.85
1316,406,11,0.00337,118.32,40.17,149.43,68.03
1317,406,16,0.00202,249.88,73.17,280.96,101.21
1318,406,3,0.00133,202.45,123.39,286.78,198.73
1319,406,0,0.00104,0.01,149.36,8.2,192.22
1320,409,10,0.88989,261.39,112.64,279.87,130.09
1321,409,10,0.88456,321.39,202.22,341.9,223.64
1322,409,17,0.86277,312.35,171.43,330.28,188.73
1323,409,9,0.86132,384.95,175.89,407.2,198.75
1324,409,9,0.84901,354.97,139.51,377.29,155.95
1325,409,11,0.80767,408.81,127.74,430.66,142.8
1326,409,9,0.80087,295.72,149.75,313.24,166.27
1327,409,11,0.01019,412.91,133.54,430.06,152.41
1328,409,5,0.0017,49.96,187.03,135.91,208.05
1329,409,5,0.00132,37.51,186.19,137.05,245.3
1330,411,2,0.86649,220.62,176.68,254.31,219.05
1331,411,7,0.7898,210.56,137.25,237.24,161.27
1332,411,14,0.004,124.62,0.0,174.27,142.75
1333,411,2,0.00343,136.04,212.89,237.77,252.0
1334,411,14,0.00317,125.84,0.87,168.87,93.11
1335,411,2,0.00103,133.66,179.33,238.71,252.0
1336,411,2,0.00101,229.8,145.17,285.53,196.27
1337,412,15,0.89986,67.3,199.66,102.72,235.54
1338,412,15,0.3484,430.92,194.78,466.46,232.73
1339,412,11,0.0078,429.24,91.85,453.34,116.99
1340,412,15,0.00293,228.6,1.95,244.59,15.85
1341,412,9,0.00247,401.5,110.84,446.02,146.1
1342,412,15,0.0021,424.7,132.01,471.0,256.0
1343,412,7,0.00129,67.76,199.76,102.32,234.99
1344,412,11,0.00124,407.32,110.78,446.56,143.41
1345,413,8,0.73171,272.8,0.0,311.41,39.84
1346,413,15,0.29018,311.74,155.84,338.69,184.49
1347,413,15,0.05035,310.9,167.87,337.09,184.98
1348,413,14,0.01171,406.91,0.0,442.99,64.04
1349,413,14,0.00381,407.68,0.43,442.29,40.36
1350,413,14,0.00175,399.71,1.79,506.03,149.69
1351,413,15,0.00131,308.09,176.25,338.18,200.82
1352,413,15,0.00108,270.09,65.34,346.99,255.51
1353,422,2,0.81191,84.39,157.42,97.38,175.84
1354,422,2,0.80245,99.43,128.4,110.63,145.13
1355,422,2,0.78643,39.51,133.58,52.72,150.88
1356,422,2,0.76554,136.76,142.04,147.91,159.37
1357,422,14,0.00506,491.96,113.78,495.99,126.81
1358,422,2,0.00259,121.68,183.38,186.13,220.42
1359,422,14,0.00189,484.77,113.01,496.0,124.71
1360,422,14,0.00154,475.32,110.48,496.0,125.46
1361,422,14,0.00144,492.07,112.33,496.0,137.82
1362,422,14,0.00144,0.06,55.42,5.1,71.32
1363,422,14,0.00142,0.02,45.89,3.96,70.43
1364,422,14,0.00107,0.06,48.4,9.35,72.94
1365,424,15,0.86352,140.17,102.43,167.53,128.28
1366,424,6,0.76182,104.17,57.88,160.21,76.37
1367,424,15,0.75229,108.15,20.23,126.64,37.72
1368,424,2,0.32158,191.78,67.59,210.2,85.03
1369,424,6,0.23907,105.07,58.73,134.3,74.72
1370,424,17,0.02922,191.87,67.88,209.86,84.86
1371,424,15,0.02848,474.24,0.0,489.96,17.89
1372,424,3,0.0255,191.79,67.85,209.71,84.46
1373,424,7,0.00424,474.15,0.0,489.93,18.41
1374,424,6,0.00182,102.63,40.82,148.98,76.32
1375,429,2,0.55791,184.64,31.97,219.45,64.55
1376,429,5,0.01067,322.52,0.0,427.49,33.53
1377,429,8,0.00151,444.14,0.0,507.37,19.86
1378,429,8,0.0014,18.74,23.84,239.72,238.29
1379,432,9,0.86058,283.67,21.45,313.4,43.35
1380,432,10,0.83366,411.93,83.88,441.95,109.01
1381,432,17,0.81535,158.28,63.62,180.25,85.37
1382,432,11,0.2317,426.88,116.08,463.54,152.82
1383,432,9,0.20828,276.7,125.38,305.22,149.15
1384,432,11,0.15761,276.6,125.47,304.82,148.68
1385,432,10,0.13503,276.58,125.51,305.58,147.8
1386,432,10,0.09943,158.26,63.34,180.37,85.45
1387,432,5,0.00188,0.0,131.2,21.88,165.05
1388,432,2,0.00147,126.47,0.0,162.3,22.98
1389,432,11,0.00103,428.32,187.28,464.51,212.81
1390,441,5,0.76891,110.04,22.56,136.46,45.23
1391,441,14,0.64776,418.76,46.98,428.2,71.65
1392,441,14,0.57712,430.57,46.25,443.3,75.19
1393,441,14,0.4968,469.82,59.9,481.73,87.53
1394,441,5,0.30624,177.24,2.67,192.62,15.57
1395,441,14,0.17076,391.98,44.87,398.91,64.18
1396,441,14,0.11962,386.48,43.56,397.7,64.15
1397,441,14,0.07394,383.42,44.55,391.37,63.98
1398,441,14,0.02779,379.22,46.95,388.21,63.16
1399,441,8,0.02617,376.88,50.82,388.56,64.64
1400,441,14,0.02431,377.01,47.43,386.3,62.31
1401,441,14,0.01779,432.74,43.83,450.75,75.17
1402,441,14,0.01721,385.38,43.1,394.07,60.99
1403,441,14,0.01294,488.46,48.51,493.88,73.1
1404,441,5,0.01056,0.0,0.4,13.16,28.85
1405,441,14,0.00981,446.35,42.4,453.4,56.87
1406,441,14,0.00941,384.88,43.11,392.38,52.83
1407,441,14,0.00842,462.06,59.72,482.69,87.04
1408,441,8,0.00838,0.0,9.19,6.49,31.77
1409,441,14,0.00635,440.85,42.56,453.29,56.46
1410,441,14,0.00601,490.33,54.19,494.0,73.59
1411,441,5,0.00508,178.45,1.45,239.33,39.26
1412,441,8,0.00492,486.71,51.08,493.98,71.81
1413,441,14,0.0035,468.89,48.06,484.39,76.76
1414,441,14,0.00335,432.33,47.86,442.54,67.17
1415,441,14,0.00318,380.89,43.25,390.3,52.21
1416,441,14,0.00308,475.15,46.18,488.96,68.01
1417,441,5,0.00299,0.0,0.47,13.42,16.08
1418,441,14,0.00282,418.82,46.76,443.43,75.04
1419,441,8,0.00265,381.5,53.32,391.31,64.99
1420,441,5,0.00258,350.53,54.52,360.44,61.97
1421,441,8,0.00257,0.08,14.98,4.35,30.86
1422,441,14,0.00246,392.4,44.69,402.68,64.43
1423,441,14,0.00236,487.38,48.48,493.95,88.79
1424,441,14,0.00206,477.22,45.79,487.47,63.68
1425,441,14,0.00197,462.27,41.97,477.45,59.82
1426,441,5,0.00197,108.75,5.58,175.81,47.32
1427,441,14,0.00194,465.58,42.81,488.51,67.18
1428,441,14,0.00191,486.3,53.68,494.0,73.32
1429,441,5,0.00186,488.46,50.92,493.99,72.91
1430,441,14,0.00181,390.42,40.3,400.45,61.95
1431,441,14,0.00169,447.73,41.15,456.71,56.9
1432,441,8,0.00166,0.02,0.21,10.61,33.6
1433,441,14,0.00136,372.85,47.02,388.17,62.63
1434,441,14,0.00129,479.18,46.09,486.67,59.03
1435,441,14,0.00125,435.3,46.15,445.04,58.09
1436,441,14,0.00122,419.01,46.39,436.8,70.35
1437,441,5,0.00117,362.37,54.76,373.09,62.15
1438,441,14,0.00116,416.66,46.3,427.85,61.54
1439,441,5,0.00115,369.93,53.6,388.6,64.22
1440,441,5,0.00114,350.49,54.5,366.35,62.31
1441,441,14,0.00111,478.02,45.7,493.95,72.57
1442,441,14,0.0011,472.32,53.16,490.44,85.92
1443,441,5,0.00104,0.05,0.0,5.68,11.88
1444,454,5,0.61387,97.24,82.85,118.28,101.11
1445,454,14,0.529,249.24,110.74,261.24,137.19
1446,454,5,0.37899,1.02,52.9,32.06,68.74
1447,454,5,0.18092,1.72,53.26,19.76,68.19
1448,454,5,0.12128,161.48,58.46,172.18,68.04
1449,454,14,0.03554,215.22,78.04,223.47,93.16
1450,454,5,0.02832,0.7,51.93,45.82,71.48
1451,454,5,0.01778,149.97,48.48,159.42,57.18
1452,454,14,0.01403,212.57,75.09,223.0,92.67
1453,454,8,0.00921,248.8,114.47,260.34,137.93
1454,454,14,0.00753,250.81,111.73,261.55,128.87
1455,454,5,0.00734,0.68,52.21,34.68,84.13
1456,454,14,0.00509,473.47,99.17,493.0,157.41
1457,454,5,0.00502,0.09,49.48,4.43,66.74
1458,454,5,0.00449,0.2,62.7,31.29,97.29
1459,454,14,0.00443,210.14,72.8,221.39,89.33
1460,454,5,0.00389,54.43,55.5,73.38,65.52
1461,454,14,0.00357,475.07,111.47,483.02,119.61
1462,454,5,0.00331,102.3,46.89,113.66,56.65
1463,454,5,0.00326,161.26,62.23,218.5,101.52
1464,454,14,0.00312,236.89,112.2,261.81,137.52
1465,454,14,0.00306,0.01,46.91,5.43,64.74
1466,454,5,0.00305,145.73,47.75,159.75,58.58
1467,454,5,0.00296,0.1,56.19,25.54,90.38
1468,454,14,0.00292,474.6,112.02,484.18,125.35
1469,454,14,0.00286,0.14,51.53,4.01,68.09
1470,454,5,0.00267,159.49,50.42,172.53,66.86
1471,454,14,0.00262,248.51,110.4,285.14,139.82
1472,454,14,0.00226,458.04,124.67,466.85,140.55
1473,454,5,0.00225,150.15,55.04,172.67,67.76
1474,454,5,0.0022,16.78,51.8,65.23,71.01
1475,454,5,0.00214,26.9,50.02,58.38,65.81
1476,454,14,0.00203,471.82,108.93,493.0,137.76
1477,454,5,0.00201,54.25,56.55,63.6,63.98
1478,454,14,0.00198,474.17,118.27,484.56,135.33
1479,454,14,0.00195,487.65,93.62,493.0,163.32
1480,454,5,0.00191,39.17,50.72,70.87,64.54
1481,454,14,0.00189,473.81,122.76,486.62,136.82
1482,454,5,0.00176,146.86,45.25,160.92,56.47
1483,454,5,0.00176,149.07,47.62,172.52,63.63
1484,454,5,0.00155,149.85,47.53,164.04,58.49
1485,454,5,0.00151,160.17,59.09,199.43,83.58
1486,454,5,0.00139,28.41,51.12,49.63,70.77
1487,454,5,0.00138,353.06,27.41,433.58,60.85
1488,454,14,0.0013,424.17,121.22,432.39,133.19
1489,454,5,0.00127,158.42,57.43,171.66,77.34
1490,454,5,0.00127,0.03,70.32,23.85,97.19
1491,454,5,0.00127,135.75,36.74,161.11,57.31
1492,454,5,0.00122,103.12,74.67,128.19,92.91
1493,454,14,0.00119,216.43,77.27,227.99,90.53
1494,454,5,0.00118,131.71,63.89,223.67,108.99
1495,454,14,0.00111,65.7,55.44,73.47,63.88
1496,454,14,0.0011,452.31,121.92,466.57,140.03
1497,454,14,0.00109,237.25,94.72,263.22,138.21
1498,456,14,0.26401,0.05,0.0,27.55,101.56
1499,456,14,0.26295,0.0,0.0,16.74,101.52
1500,456,14,0.12924,97.39,0.78,110.75,23.89
1501,456,14,0.11109,421.2,1.65,443.14,45.56
1502,456,14,0.04772,259.55,15.51,266.76,26.62
1503,456,5,0.04712,83.59,62.8,117.67,80.68
1504,456,5,0.03342,164.95,0.98,181.69,16.39
1505,456,16,0.02651,347.93,26.93,371.09,45.95
1506,456,16,0.0256,135.88,9.8,157.46,29.34
1507,456,5,0.02378,473.65,33.58,497.99,50.44
1508,456,6,0.0216,435.03,158.51,456.15,175.13
1509,456,14,0.01716,260.36,14.52,269.93,26.24
1510,456,8,0.0123,180.55,1.91,212.42,20.4
1511,456,14,0.01148,427.93,1.63,444.93,40.52
1512,456,14,0.01101,413.71,9.6,439.74,46.98
1513,456,5,0.00947,189.28,2.15,204.23,15.13
1514,456,8,0.00899,134.19,10.29,157.96,28.92
1515,456,14,0.00883,309.8,18.59,342.85,63.45
1516,456,8,0.00694,292.23,18.58,376.52,68.89
1517,456,8,0.00678,166.52,1.28,211.71,23.24
1518,456,14,0.006,315.37,44.16,330.28,63.22
1519,456,8,0.00588,225.88,11.76,249.13,28.09
1520,456,14,0.00555,256.38,13.67,265.71,26.0
1521,456,14,0.00548,264.42,14.75,272.98,26.94
1522,456,14,0.00522,151.45,0.52,161.13,14.56
1523,456,14,0.00515,258.03,13.06,268.24,26.69
1524,456,8,0.00512,189.77,1.39,211.45,18.43
1525,456,5,0.00503,165.33,1.28,210.19,21.87
1526,456,14,0.00495,418.14,21.92,436.15,45.27
1527,456,8,0.00442,473.66,32.29,497.95,50.22
1528,456,8,0.00422,188.01,3.77,203.0,22.15
1529,456,8,0.00411,270.18,16.83,377.91,85.2
1530,456,8,0.00409,338.58,22.06,373.77,70.52
1531,456,14,0.00401,82.07,0.47,110.71,25.03
1532,456,14,0.00401,0.01,3.27,11.61,90.13
1533,456,16,0.00395,176.11,17.81,185.25,26.27
1534,456,8,0.00394,234.61,15.84,250.05,28.49
1535,456,14,0.00387,477.92,3.11,498.0,42.18
1536,456,5,0.00356,232.53,16.23,248.55,27.96
1537,456,14,0.00353,427.61,33.03,451.5,48.74
1538,456,14,0.00337,474.57,21.33,497.99,50.73
1539,456,14,0.00321,493.99,0.0,498.0,49.78
1540,456,8,0.00318,288.13,14.03,317.68,28.34
1541,456,5,0.00315,341.62,3.97,424.06,34.4
1542,456,14,0.00306,255.22,1.43,266.5,25.87
1543,456,14,0.00297,417.81,19.21,450.07,47.81
1544,456,5,0.00274,116.87,11.16,159.27,30.21
1545,456,5,0.00273,233.65,51.22,356.88,163.63
1546,456,5,0.00268,117.07,11.82,139.73,30.78
1547,456,5,0.00265,232.11,20.45,243.66,27.72
1548,456,8,0.00256,187.72,9.51,198.77,22.05
1549,456,8,0.00232,159.97,1.62,181.39,16.69
1550,456,5,0.00229,473.75,12.93,497.98,49.83
1551,456,14,0.00227,284.06,14.44,300.55,27.11
1552,456,8,0.00223,330.85,19.46,371.96,45.99
1553,456,5,0.00208,470.24,25.39,497.68,50.57
1554,456,8,0.00207,211.14,6.58,249.23,23.54
1555,456,14,0.00198,256.7,14.92,272.89,28.02
1556,456,14,0.00178,163.97,1.08,181.18,14.45
1557,456,8,0.00176,283.67,14.15,301.01,27.8
1558,456,8,0.00175,163.25,4.12,198.94,25.45
1559,456,6,0.00172,62.83,134.68,86.36,147.31
1560,456,8,0.00172,117.18,9.96,159.15,30.41
1561,456,14,0.00165,137.73,0.77,159.41,15.82
1562,456,8,0.00164,294.02,19.36,389.5,121.85
1563,456,8,0.00148,141.51,5.4,185.92,26.15
1564,456,8,0.00147,309.26,18.11,373.51,50.72
1565,456,8,0.00145,191.57,4.2,255.13,29.4
1566,456,14,0.00145,494.44,33.54,498.0,50.05
1567,456,8,0.00139,176.71,2.28,201.03,22.11
1568,456,5,0.00137,473.17,29.83,498.0,59.34
1569,456,8,0.00137,297.41,17.41,318.62,27.35
1570,456,8,0.00134,309.33,17.2,354.4,62.62
1571,456,8,0.00132,348.16,30.84,374.41,71.05
1572,456,5,0.00118,416.91,1.48,498.0,38.32
1573,456,14,0.00114,420.76,24.53,441.17,46.48
1574,456,14,0.00112,425.1,19.69,438.57,41.55
1575,456,8,0.00112,147.87,3.4,176.46,19.21
1576,456,5,0.0011,221.87,12.86,247.89,25.83
1577,456,5,0.0011,222.8,37.78,250.14,54.48
1578,456,14,0.00107,493.89,29.31,498.0,73.51
1579,456,8,0.00107,0.0,154.62,42.59,205.02
1580,456,8,0.00106,223.6,7.47,251.65,24.92
1581,456,8,0.00105,135.61,8.75,177.2,28.3
1582,456,8,0.00102,237.93,15.19,255.22,27.72
1583,456,5,0.001,158.21,20.55,172.12,28.24
1584,456,8,0.001,166.0,13.85,185.07,26.68
1585,456,8,0.001,186.32,1.52,242.8,23.4
1586,458,15,0.93147,88.05,47.28,115.15,77.17
1587,458,16,0.02515,432.58,188.06,500.92,245.64
1588,458,7,0.00421,358.13,135.39,437.12,244.59
1589,458,5,0.00211,0.11,245.63,48.93,246.0
1590,468,10,0.8905,270.9,67.7,289.74,85.27
1591,468,10,0.88379,333.76,156.07,354.07,177.41
1592,468,9,0.86992,397.15,128.25,419.45,151.25
1593,468,9,0.84936,365.91,92.82,388.63,109.44
1594,468,17,0.83479,323.7,125.29,341.67,143.33
1595,468,11,0.80697,420.95,79.77,442.67,94.77
1596,468,9,0.39895,306.3,104.37,324.05,120.53
1597,468,17,0.31065,306.59,104.42,324.02,120.54
1598,468,6,0.00216,365.71,92.98,388.17,109.78
1599,468,11,0.00137,429.29,95.37,438.73,104.98
1600,468,2,0.00127,306.61,104.2,323.92,120.57
1601,477,15,0.84698,47.83,0.0,126.3,50.03
1602,477,15,0.01192,48.36,0.0,68.48,45.4
1603,477,5,0.00525,201.56,103.31,473.0,236.1
1604,477,15,0.00328,49.63,0.0,99.12,46.92
1605,477,5,0.00177,183.85,30.03,473.0,237.0
1606,479,15,0.8613,123.2,193.65,150.92,220.25
1607,479,15,0.85213,88.83,112.77,106.28,129.96
1608,479,6,0.77699,86.19,148.53,144.08,170.49
1609,479,2,0.37642,173.51,156.28,192.3,173.83
1610,479,6,0.34136,86.25,150.38,116.37,168.47
1611,479,17,0.1337,173.58,156.4,192.19,173.51
1612,479,5,0.00252,123.21,0.93,168.73,14.01
1613,479,5,0.00148,154.02,2.3,190.85,17.11
1614,481,2,0.87029,223.46,138.01,242.91,164.0
1615,481,2,0.86689,53.71,132.06,74.35,159.87
1616,481,2,0.85204,130.65,176.34,153.15,206.11
1617,481,2,0.84926,113.08,107.74,132.05,132.05
1618,481,5,0.00102,364.72,240.84,447.41,242.0
1619,497,7,0.88329,290.03,43.61,319.19,68.5
1620,497,2,0.8646,248.86,70.87,280.41,108.72
1621,505,7,0.82447,263.36,54.05,288.12,74.17
1622,505,7,0.76474,227.33,141.07,254.13,159.73
1623,509,7,0.88076,125.87,58.08,154.94,83.55
1624,509,2,0.8635,81.06,82.13,113.34,120.1
1625,509,2,0.00148,110.29,7.23,234.04,70.9
1626,511,10,0.8741,419.05,149.18,449.08,174.39
1627,511,17,0.86899,164.73,127.23,186.64,149.08
1628,511,9,0.80088,290.54,85.98,319.75,108.23
1629,511,9,0.64738,282.79,190.5,311.61,214.26
1630,511,11,0.0449,433.28,180.99,472.11,219.46
1631,511,11,0.0231,496.74,68.21,501.0,79.17
1632,511,5,0.00624,342.69,236.93,442.97,238.0
1633,511,5,0.00407,240.22,237.25,339.25,238.0
1634,511,11,0.00259,494.41,67.27,500.98,80.35
1635,511,5,0.00236,314.32,237.47,414.8,238.0
1636,511,5,0.00195,188.39,237.15,280.08,238.0
1637,511,11,0.00179,0.0,29.68,8.36,51.63
1638,511,5,0.0017,233.47,129.59,267.79,164.54
1639,511,11,0.0015,0.04,29.27,15.12,51.95
1640,511,5,0.00123,205.07,236.98,313.16,238.0
1641,511,5,0.0011,0.26,237.58,52.43,238.0
1642,512,10,0.93629,289.91,135.71,314.14,157.75
1643,512,10,0.91954,424.89,87.41,448.65,108.08
1644,512,17,0.8928,377.34,107.39,397.48,126.84
1645,512,9,0.86395,312.56,54.6,334.43,75.55
1646,512,17,0.85567,341.65,124.6,361.57,144.52
1647,512,11,0.7795,274.1,11.96,294.96,31.43
1648,512,10,0.75343,374.29,31.79,397.35,52.44
1649,512,5,0.00235,45.67,97.14,146.66,138.62
1650,512,2,0.00171,373.69,32.18,397.35,52.31
1651,513,5,0.81472,158.78,31.05,293.32,121.95
1652,513,5,0.79631,118.17,33.05,162.86,66.23
1653,513,5,0.71059,73.94,32.57,106.12,54.65
1654,513,5,0.6637,422.97,55.15,464.11,87.0
1655,513,14,0.0579,456.82,61.56,482.42,119.3
1656,513,5,0.01961,172.15,76.64,299.67,121.72
1657,513,5,0.00355,158.92,30.34,272.09,70.06
1658,513,14,0.00305,456.08,85.14,482.15,118.8
1659,513,5,0.00263,73.49,41.52,84.21,54.47
1660,513,5,0.00256,72.74,36.73,87.19,53.9
1661,513,5,0.00244,280.82,43.85,317.89,79.0
1662,513,14,0.00177,390.41,82.0,412.64,104.44
1663,513,5,0.00156,270.49,44.62,306.82,65.59
1664,513,5,0.00132,177.14,29.95,293.8,94.0
1665,513,14,0.00132,387.73,70.0,412.56,103.92
1666,513,14,0.00116,0.0,55.34,5.79,117.03
1667,513,5,0.00111,32.82,0.0,372.91,251.0
1668,513,14,0.0011,0.0,88.02,6.1,136.82
1669,513,5,0.00104,272.77,45.43,297.55,57.23
1670,517,14,0.77461,400.49,64.89,420.93,120.16
1671,517,14,0.75883,261.12,82.86,293.67,161.91
1672,517,14,0.72007,429.25,55.3,451.55,121.9
1673,517,14,0.69571,331.66,75.99,354.88,156.62
1674,517,8,0.60433,0.0,128.76,71.0,188.11
1675,517,14,0.53411,65.37,109.0,87.83,169.73
1676,517,8,0.52084,120.78,148.69,238.74,203.55
1677,517,14,0.46733,132.7,104.82,155.92,159.62
1678,517,14,0.44714,221.47,72.69,247.37,129.78
1679,517,8,0.43702,100.88,114.53,126.29,153.4
1680,517,14,0.1994,131.13,103.25,155.49,130.11
1681,517,14,0.12552,438.45,47.14,465.11,99.21
1682,517,14,0.11811,0.04,137.31,11.74,203.03
1683,517,14,0.09687,129.04,102.88,162.19,138.2
1684,517,14,0.05344,119.7,106.66,155.62,184.27
1685,517,14,0.04987,494.75,75.76,499.0,146.25
1686,517,8,0.04734,479.02,84.93,498.93,143.29
1687,517,14,0.0427,59.18,91.51,89.6,172.54
1688,517,14,0.04002,231.6,89.64,251.34,128.58
1689,517,14,0.03516,0.11,136.52,22.5,205.82
1690,517,14,0.03489,478.88,91.02,498.94,143.95
1691,517,8,0.02758,0.0,129.96,14.44,206.73
1692,517,8,0.0235,0.42,0.89,40.36,61.53
1693,517,14,0.02338,481.6,81.09,499.0,126.19
1694,517,8,0.02273,112.39,104.0,156.6,188.85
1695,517,14,0.02091,0.11,0.0,39.7,102.97
1696,517,14,0.01997,56.01,55.02,91.29,175.86
1697,517,8,0.01733,123.68,166.78,192.46,204.98
1698,517,14,0.01518,488.72,76.36,499.0,128.91
1699,517,14,0.01478,336.08,100.12,354.7,154.4
1700,517,8,0.01456,84.21,115.15,127.47,157.02
1701,517,5,0.0145,0.0,1.76,122.33,30.66
1702,517,8,0.01448,114.13,151.51,139.36,187.22
1703,517,14,0.01372,323.64,98.07,338.19,128.81
1704,517,8,0.01142,0.11,123.04,41.88,181.05
1705,517,8,0.01118,0.13,129.55,32.16,207.08
1706,517,14,0.01103,484.16,74.41,498.98,147.39
1707,517,14,0.0099,324.87,76.18,352.66,128.37
1708,517,8,0.00896,0.0,0.0,39.29,113.98
1709,517,8,0.00854,0.01,150.43,9.33,202.81
1710,517,14,0.00615,41.3,138.3,74.41,183.59
1711,517,14,0.0058,493.95,106.45,499.0,162.41
1712,517,8,0.00566,486.62,96.12,498.98,148.68
1713,517,14,0.00562,237.7,89.98,252.68,121.25
1714,517,14,0.00552,444.39,61.57,463.73,102.2
1715,517,14,0.00541,5.85,97.43,22.55,126.03
1716,517,14,0.00526,0.0,107.68,10.4,151.04
1717,517,14,0.00516,325.51,75.12,342.56,122.98
1718,517,14,0.00486,477.71,91.16,498.92,121.83
1719,517,8,0.00476,0.03,129.32,11.86,184.96
1720,517,14,0.00467,494.68,110.43,499.0,144.72
1721,517,14,0.0045,120.26,104.5,149.49,130.56
1722,517,14,0.00438,219.9,90.96,245.26,128.44
1723,517,14,0.00403,348.79,80.1,356.06,97.9
1724,517,14,0.00395,6.27,112.31,40.02,173.96
1725,517,14,0.00383,137.43,144.81,199.55,208.9
1726,517,14,0.00382,14.41,112.91,37.45,140.67
1727,517,8,0.00372,8.8,127.56,50.37,184.45
1728,517,14,0.00369,42.85,124.01,82.85,170.65
1729,517,14,0.00354,487.34,112.34,498.67,145.42
1730,517,5,0.0035,2.54,1.34,112.06,61.3
1731,517,14,0.00345,0.0,125.7,4.58,210.44
1732,517,8,0.00341,0.0,129.07,8.19,211.3
1733,517,8,0.00341,114.31,146.08,159.25,188.03
1734,517,8,0.00333,0.0,138.47,5.26,205.89
1735,517,16,0.00318,41.85,47.47,57.47,63.57
1736,517,14,0.00316,29.82,134.07,71.93,190.53
1737,517,14,0.00313,322.75,107.1,339.72,130.67
1738,517,14,0.00311,191.09,109.81,224.89,167.43
1739,517,14,0.00289,118.61,109.44,136.55,156.38
1740,517,14,0.00279,0.1,0.0,16.62,101.61
1741,517,14,0.00275,9.95,111.04,37.63,151.8
1742,517,14,0.00263,1.33,103.47,39.37,144.76
1743,517,14,0.00262,5.82,46.65,32.93,89.5
1744,517,14,0.0026,0.03,110.8,3.62,139.58
1745,517,14,0.00259,54.71,111.81,85.58,169.42
1746,517,14,0.00255,0.09,162.54,11.47,202.18
1747,517,14,0.00253,0.5,97.35,21.99,135.73
1748,517,14,0.0025,47.2,117.95,71.48,152.46
1749,517,14,0.00245,132.64,104.26,149.23,126.96
1750,517,14,0.00245,494.73,70.94,499.0,119.63
1751,517,14,0.00243,0.16,152.94,15.32,206.3
1752,517,8,0.00236,0.0,207.02,105.34,256.0
1753,517,14,0.0023,481.76,109.09,498.93,142.33
1754,517,16,0.00218,372.7,187.06,459.55,214.26
1755,517,14,0.00217,0.0,31.46,7.91,104.68
1756,517,14,0.00216,454.22,70.52,466.62,102.3
1757,517,16,0.00209,451.96,182.75,494.58,207.77
1758,517,8,0.00198,0.0,29.3,9.88,104.49
1759,517,14,0.00197,482.91,70.42,499.0,114.4
1760,517,14,0.00187,0.0,107.03,3.97,160.41
1761,517,14,0.00185,477.99,104.43,499.0,119.35
1762,517,14,0.00184,54.3,116.46,71.66,161.46
1763,517,14,0.00182,0.02,103.06,12.97,137.33
1764,517,14,0.00182,0.0,0.0,5.85,69.77
1765,517,14,0.00176,0.41,0.13,31.56,29.42
1766,517,14,0.00173,323.7,90.66,351.21,147.05
1767,517,14,0.00172,322.67,86.34,339.12,119.82
1768,517,14,0.0017,330.15,59.66,356.81,106.71
1769,517,5,0.00165,0.88,2.29,78.52,24.22
1770,517,14,0.00165,135.04,102.77,150.1,121.36
1771,517,8,0.00165,118.79,163.13,139.12,187.49
1772,517,14,0.00156,0.23,108.84,26.33,142.45
1773,517,14,0.00154,3.27,77.73,57.83,136.05
1774,517,14,0.0015,0.0,0.34,10.7,61.24
1775,517,16,0.00142,404.19,128.84,498.8,165.72
1776,517,14,0.0014,337.36,69.47,357.01,97.38
1777,517,14,0.00137,4.73,97.95,35.05,133.1
1778,517,14,0.00137,117.83,107.06,152.56,151.26
1779,517,16,0.00136,114.57,159.78,139.5,187.38
1780,517,14,0.00136,238.8,90.12,252.18,109.69
1781,517,8,0.00134,114.05,154.91,139.5,208.09
1782,517,8,0.00133,3.64,15.68,39.74,55.74
1783,517,8,0.00127,0.11,0.0,66.03,159.67
1784,517,14,0.00126,326.06,99.08,335.98,119.83
1785,517,14,0.00122,0.65,0.17,39.86,45.67
1786,517,14,0.00121,296.16,109.35,308.38,125.92
1787,517,14,0.0012,0.59,26.15,36.32,87.23
1788,517,14,0.00119,476.47,68.64,499.0,135.04
1789,517,8,0.00117,0.03,0.23,31.94,35.49
1790,517,14,0.00116,118.32,101.48,199.52,139.91
1791,517,8,0.00113,30.08,134.27,71.61,184.13
1792,517,14,0.00113,0.0,108.31,5.54,137.2
1793,517,14,0.00107,17.47,128.39,44.92,178.36
1794,525,14,0.08596,478.48,83.07,490.85,101.75
1795,525,8,0.07723,195.12,214.47,226.76,255.73
1796,525,5,0.05698,0.0,54.26,31.21,84.11
1797,525,14,0.03607,195.35,214.24,227.5,255.88
1798,525,5,0.01439,388.66,83.09,509.61,177.97
1799,525,5,0.00992,98.83,88.6,121.18,101.75
1800,525,5,0.00966,0.32,105.65,22.14,116.58
1801,525,5,0.00917,0.12,82.74,24.12,112.57
1802,525,14,0.0091,507.42,87.58,512.0,123.25
1803,525,14,0.00872,473.03,81.84,490.17,98.56
1804,525,5,0.0085,191.19,54.61,247.53,95.27
1805,525,5,0.00821,136.6,73.16,177.45,104.44
1806,525,5,0.00592,85.96,88.16,120.19,100.93
1807,525,14,0.00583,507.91,95.72,512.0,113.46
1808,525,5,0.00546,136.28,68.74,196.51,104.77
1809,525,8,0.00537,499.76,91.94,511.93,113.35
1810,525,5,0.00503,0.1,106.83,15.53,117.03
1811,525,5,0.00461,0.0,76.21,5.6,112.8
1812,525,5,0.00448,0.02,83.78,14.34,115.95
1813,525,8,0.00447,504.03,94.2,512.0,118.14
1814,525,14,0.00436,36.63,12.14,64.07,72.92
1815,525,5,0.00435,203.0,67.27,243.61,95.31
1816,525,5,0.00432,0.04,75.1,9.43,106.58
1817,525,5,0.00419,0.0,55.32,32.33,73.86
1818,525,5,0.00411,70.75,88.39,96.44,103.6
1819,525,5,0.00373,0.0,64.29,18.47,100.29
1820,525,5,0.00362,0.07,96.93,9.6,118.33
1821,525,5,0.00361,0.2,26.96,34.61,81.59
1822,525,5,0.00346,66.42,97.11,81.54,105.09
1823,525,5,0.00327,179.55,49.05,260.83,93.53
1824,525,5,0.00305,0.02,83.98,4.03,113.19
1825,525,14,0.00299,477.36,80.62,488.6,94.94
1826,525,5,0.00291,398.38,99.11,458.81,132.76
1827,525,5,0.00286,30.34,96.97,71.46,115.43
1828,525,14,0.00285,495.1,90.24,511.05,112.73
1829,525,5,0.00281,424.63,82.83,486.91,124.3
1830,525,5,0.00275,0.04,74.55,6.9,93.8
1831,525,5,0.0027,278.78,93.08,288.68,102.65
1832,525,5,0.00269,0.03,55.1,17.49,84.03
1833,525,5,0.00265,72.13,89.08,108.99,105.86
1834,525,5,0.00249,0.06,103.8,6.6,119.34
1835,525,14,0.00249,496.01,91.89,506.64,107.01
1836,525,14,0.00233,494.2,75.34,511.94,117.67
1837,525,5,0.00233,0.0,114.8,7.45,138.28
1838,525,5,0.00209,0.0,100.51,13.59,124.83
1839,525,5,0.00205,250.82,91.66,288.6,108.33
1840,525,5,0.00198,147.91,61.69,200.49,101.32
1841,525,5,0.00194,0.39,109.88,29.94,143.38
1842,525,5,0.00193,0.01,55.76,10.31,81.62
1843,525,5,0.00187,0.23,69.23,28.57,106.04
1844,525,5,0.00183,0.36,95.55,25.83,127.45
1845,525,5,0.00181,0.05,83.86,20.29,103.7
1846,525,5,0.0018,9.36,105.67,23.91,114.57
1847,525,8,0.00174,196.13,228.05,222.24,255.92
1848,525,8,0.00166,0.0,0.82,38.24,49.19
1849,525,5,0.00151,139.65,61.57,188.31,82.59
1850,525,5,0.00151,239.88,72.77,254.53,86.86
1851,525,5,0.00149,67.96,93.69,93.07,106.35
1852,525,5,0.00148,0.03,83.86,8.3,121.83
1853,525,5,0.00144,242.65,77.53,254.49,87.53
1854,525,5,0.00143,0.05,132.91,7.15,164.55
1855,525,5,0.00129,0.03,61.35,9.54,97.76
1856,525,14,0.00124,504.14,77.27,511.99,112.61
1857,525,8,0.0012,495.83,91.7,509.07,108.18
1858,525,5,0.00116,30.5,93.5,82.0,111.14
1859,525,16,0.00116,398.5,101.45,419.24,119.19
1860,525,5,0.00112,163.44,80.04,196.32,103.62
1861,525,5,0.00112,420.84,92.31,480.42,130.79
1862,525,14,0.00111,462.05,78.95,490.41,109.1
1863,525,5,0.00111,284.45,71.28,300.25,77.3
1864,525,5,0.00111,0.16,80.93,52.57,110.59
1865,525,5,0.00108,208.12,58.47,248.81,92.36
1866,525,5,0.00105,28.22,36.7,115.31,85.79
1867,525,8,0.00104,397.86,88.37,469.96,127.82
1868,525,5,0.00103,80.48,78.33,120.97,97.27
1869,525,5,0.00102,21.34,50.24,53.73,66.86
1870,537,9,0.88193,144.18,93.01,167.33,112.3
1871,537,10,0.77296,121.6,142.17,145.08,162.46
1872,537,10,0.72439,264.39,93.68,284.64,115.03
1873,537,17,0.66888,37.11,128.14,57.74,146.94
1874,537,10,0.0309,137.54,225.02,154.0,239.57
1875,537,10,0.00952,285.92,166.27,308.17,186.11
1876,537,10,0.00823,253.14,170.3,269.19,188.75
1877,537,14,0.00372,79.91,0.52,91.59,9.45
1878,537,10,0.00371,37.09,128.31,58.08,147.34
1879,537,14,0.0034,394.43,5.79,419.79,32.05
1880,537,14,0.00317,84.33,0.09,112.63,15.67
1881,537,14,0.00222,81.42,0.33,102.26,13.63
1882,537,14,0.00132,58.94,0.47,68.06,12.47
1883,537,14,0.00125,66.68,0.29,91.46,9.61
1884,537,8,0.00116,62.71,0.13,92.57,10.98
1885,537,14,0.00102,336.51,0.28,362.32,32.01
1886,538,11,0.82215,232.73,75.31,267.1,108.89
1887,538,10,0.82106,353.73,0.0,385.02,30.95
1888,538,10,0.81488,292.03,122.37,331.49,156.1
1889,538,11,0.77019,389.64,125.17,431.47,162.27
1890,538,11,0.73032,384.56,64.57,421.97,104.15
1891,538,11,0.69866,325.94,75.94,363.59,117.69
1892,538,11,0.30976,353.58,0.0,384.85,31.28
1893,538,0,0.0238,389.23,125.36,431.27,163.53
1894,538,0,0.00689,384.82,64.07,420.59,103.97
1895,538,0,0.00431,326.19,76.58,362.93,117.65
1896,538,0,0.00409,353.31,0.0,385.18,31.13
1897,538,9,0.00382,325.16,76.41,362.89,114.69
1898,538,0,0.00367,232.72,74.87,268.33,109.17
1899,538,6,0.00294,64.07,56.07,102.89,121.52
1900,538,11,0.00174,399.45,0.01,438.14,13.26
1901,538,12,0.00137,292.4,122.02,333.26,156.34
1902,538,5,0.00104,0.21,243.71,46.57,244.0
1903,540,2,0.85325,148.31,96.81,168.78,124.6
1904,540,2,0.84239,230.51,144.88,252.58,175.42
1905,540,2,0.83767,28.8,140.56,53.31,172.46
1906,540,2,0.82391,162.6,189.2,187.53,221.93
1907,540,5,0.00142,328.62,222.73,385.87,252.5
1908,540,2,0.0012,246.57,117.69,279.4,153.34
1909,547,14,0.79803,438.53,106.52,470.35,148.55
1910,547,14,0.7967,380.56,90.48,402.3,154.49
1911,547,14,0.7941,404.02,86.07,428.75,161.33
1912,547,14,0.74848,231.27,111.08,252.8,170.07
1913,547,8,0.69723,336.56,111.82,363.48,143.79
1914,547,8,0.65732,272.34,116.27,327.26,164.12
1915,547,14,0.65595,302.85,103.42,324.09,152.59
1916,547,8,0.52607,135.53,138.29,160.32,162.72
1917,547,14,0.51535,125.43,129.96,135.95,161.41
1918,547,8,0.48102,170.6,134.72,192.53,160.51
1919,547,14,0.29,256.58,128.76,265.35,151.25
1920,547,14,0.2879,210.16,129.58,230.66,170.11
1921,547,14,0.10637,278.44,103.96,326.32,163.32
1922,547,5,0.05711,439.48,46.9,488.28,87.79
1923,547,14,0.04708,15.45,115.5,42.92,220.61
1924,547,14,0.0449,173.4,135.52,190.03,152.24
1925,547,14,0.0375,69.19,138.47,79.46,159.8
1926,547,14,0.03465,275.31,113.15,312.7,151.63
1927,547,8,0.03336,272.75,113.9,317.46,150.37
1928,547,14,0.0318,489.96,138.55,494.0,163.53
1929,547,14,0.02279,488.67,125.01,493.91,162.39
1930,547,16,0.01902,489.79,140.27,494.0,163.59
1931,547,14,0.01901,272.47,121.36,289.74,150.47
1932,547,14,0.01859,485.55,126.83,494.0,165.03
1933,547,14,0.01854,290.62,105.77,320.27,153.17
1934,547,16,0.01646,464.88,148.38,486.73,166.47
1935,547,14,0.01538,485.27,95.28,493.91,161.92
1936,547,8,0.01436,486.14,135.03,494.0,162.73
1937,547,14,0.01149,247.48,121.05,265.78,151.93
1938,547,5,0.01112,473.15,70.71,493.96,103.65
1939,547,14,0.01109,347.66,110.0,366.54,141.38
1940,547,14,0.00956,487.43,140.74,494.0,162.97
1941,547,14,0.00875,276.27,128.03,288.1,148.81
1942,547,8,0.00861,75.24,147.67,89.18,163.98
1943,547,8,0.00836,75.39,151.63,85.76,163.88
1944,547,14,0.00811,225.67,130.49,240.1,156.34
1945,547,14,0.00784,238.75,118.82,266.06,160.01
1946,547,16,0.00722,419.93,119.92,437.61,152.41
1947,547,14,0.00656,211.5,128.66,220.89,138.85
1948,547,8,0.00652,473.43,93.86,493.91,166.53
1949,547,14,0.00641,489.72,115.25,494.0,169.11
1950,547,14,0.00629,56.89,137.65,70.39,162.89
1951,547,14,0.00545,138.47,137.09,160.35,162.31
1952,547,8,0.00481,199.07,130.61,230.84,172.01
1953,547,0,0.00401,465.39,148.51,485.92,166.77
1954,547,14,0.00391,218.38,130.74,240.29,161.73
1955,547,14,0.00386,212.16,122.89,221.3,134.61
1956,547,14,0.00367,204.79,130.34,226.27,165.69
1957,547,8,0.00366,70.27,138.93,85.56,163.67
1958,547,14,0.00365,212.34,128.24,225.12,137.91
1959,547,14,0.00363,210.35,129.03,220.73,143.25
1960,547,16,0.00351,487.07,142.27,494.0,163.59
1961,547,14,0.00325,271.76,113.96,302.93,147.73
1962,547,16,0.00304,470.03,99.41,493.69,120.47
1963,547,8,0.00282,147.96,139.21,170.74,160.27
1964,547,14,0.00274,114.12,133.87,125.46,159.86
1965,547,8,0.00258,473.13,128.82,493.76,163.29
1966,547,14,0.00254,465.28,148.49,485.91,166.55
1967,547,14,0.00253,144.26,137.46,157.93,152.95
1968,547,14,0.00241,147.89,137.94,157.57,149.94
1969,547,14,0.00232,167.16,134.29,188.5,148.91
1970,547,14,0.00232,0.21,147.17,23.81,172.89
1971,547,14,0.00225,226.22,131.04,238.46,144.95
1972,547,14,0.00223,284.15,129.59,320.84,156.57
1973,547,14,0.00218,472.46,73.06,493.96,126.18
1974,547,14,0.00208,125.05,128.53,141.93,163.1
1975,547,5,0.00204,487.68,74.81,494.0,108.42
1976,547,14,0.00204,208.45,129.07,222.2,147.72
1977,547,14,0.00202,404.21,87.83,423.94,136.4
1978,547,14,0.002,490.12,138.44,494.0,190.54
1979,547,14,0.00192,414.16,87.28,427.28,145.25
1980,547,8,0.00191,473.76,74.7,493.94,104.64
1981,547,14,0.00191,114.05,129.95,135.87,161.43
1982,547,14,0.00184,213.3,122.49,225.86,134.82
1983,547,14,0.00184,257.37,124.26,276.23,149.1
1984,547,8,0.00172,133.81,135.04,193.65,162.52
1985,547,14,0.00171,15.74,117.58,38.61,190.4
1986,547,14,0.00166,476.1,92.18,493.92,163.68
1987,547,14,0.00166,146.16,136.96,156.35,147.7
1988,547,8,0.00163,168.72,132.42,214.06,163.35
1989,547,8,0.00157,124.0,130.29,147.84,162.66
1990,547,14,0.00156,277.32,107.73,302.68,128.09
1991,547,8,0.00155,204.17,138.2,218.73,156.98
1992,547,14,0.00151,326.28,127.16,335.61,144.35
1993,547,14,0.00149,237.69,114.27,253.77,166.6
1994,547,14,0.00149,0.42,128.53,40.09,196.01
1995,547,14,0.00145,438.72,46.58,480.71,90.66
1996,547,14,0.0014,61.5,138.19,82.28,163.06
1997,547,14,0.0014,488.83,69.81,494.0,131.28
1998,547,14,0.00136,177.7,134.29,195.22,151.3
1999,547,8,0.00134,0.12,145.83,23.22,173.0
2000,547,14,0.0013,229.15,128.95,238.93,143.72
2001,547,14,0.0013,7.97,111.13,54.31,214.78
2002,547,14,0.00128,271.94,116.72,311.05,165.26
2003,547,14,0.00124,481.8,137.07,494.0,169.68
2004,547,14,0.00124,437.74,45.59,487.68,111.89
2005,547,14,0.00122,138.9,133.23,157.1,154.04
2006,547,14,0.0012,243.73,114.69,256.71,165.26
2007,547,14,0.00116,456.6,46.36,488.03,83.28
2008,547,15,0.00116,435.88,77.99,475.8,113.91
2009,547,14,0.00113,143.32,134.71,155.29,149.36
2010,547,14,0.00106,325.02,118.91,335.57,144.74
2011,547,16,0.00103,439.09,101.69,475.23,148.57
2012,551,10,0.86529,60.75,92.89,76.42,106.66
2013,551,17,0.85331,91.68,98.15,104.81,110.65
2014,551,9,0.84198,58.71,118.92,77.33,132.95
2015,551,10,0.80952,160.32,94.47,176.64,107.45
2016,551,11,0.77818,99.81,144.11,113.44,159.33
2017,551,9,0.57685,108.68,123.14,122.99,136.81
2018,551,17,0.17096,121.69,103.92,134.64,115.67
2019,551,9,0.08639,121.73,103.59,134.7,115.85
2020,551,17,0.0114,494.49,119.62,499.0,127.01
2021,551,11,0.00594,89.35,143.46,112.82,158.27
2022,551,17,0.00389,108.45,123.07,122.92,137.0
2023,551,6,0.00233,480.94,118.35,498.87,200.22
2024,555,10,0.8784,159.14,145.41,175.42,159.25
2025,555,17,0.86271,98.82,126.8,111.81,139.82
2026,555,10,0.84729,79.53,114.1,93.76,128.23
2027,555,9,0.82863,49.0,135.69,65.95,148.83
2028,555,17,0.7988,121.41,142.1,134.65,154.18
2029,555,11,0.79511,50.54,168.25,66.59,181.28
2030,555,9,0.78584,84.27,154.06,100.7,167.78
2031,555,5,0.00131,0.05,252.77,68.82,254.0
2032,555,6,0.00101,84.53,154.13,100.4,167.85
2033,557,2,0.85138,308.91,64.2,330.22,90.59
2034,562,0,0.87476,208.62,53.79,249.08,93.79
2035,562,1,0.70742,316.14,33.0,358.82,76.46
2036,562,4,0.65089,222.11,157.47,331.67,204.11
2037,562,0,0.37522,316.16,34.21,356.77,75.76
2038,562,3,0.00733,221.06,158.4,326.43,206.68
2039,562,1,0.00471,208.56,53.38,249.04,94.09
2040,562,5,0.00395,237.41,116.69,495.0,251.86
2041,562,1,0.00284,317.12,47.58,355.77,75.72
2042,562,10,0.0011,209.06,52.97,248.91,94.39
2043,563,15,0.91201,329.64,95.47,365.69,130.28
2044,563,15,0.01703,328.21,79.44,345.21,84.82
2045,563,5,0.00996,1.15,0.0,186.03,230.41
2046,563,16,0.00597,457.17,209.06,476.0,233.5
2047,563,5,0.00366,42.03,78.88,386.09,232.5
2048,563,5,0.00271,128.53,191.41,230.01,233.0
2049,563,5,0.00218,16.94,32.73,309.93,230.72
2050,563,5,0.00218,63.37,5.31,422.15,232.27
2051,563,5,0.0013,0.44,117.23,41.62,231.17
2052,566,2,0.7438,389.4,31.88,421.8,63.6
2053,576,14,0.56099,39.98,85.77,52.79,115.98
2054,576,14,0.01149,94.43,99.5,104.02,119.05
2055,576,5,0.00983,0.0,84.66,6.4,103.41
2056,576,14,0.00514,233.64,98.8,248.38,131.57
2057,576,14,0.00389,484.78,129.82,489.0,152.81
2058,576,14,0.00336,467.99,123.52,489.0,192.93
2059,576,14,0.00304,0.0,84.37,8.74,103.44
2060,576,14,0.00275,30.14,85.4,53.11,118.49
2061,576,14,0.00255,93.36,98.56,106.99,129.1
2062,576,5,0.00213,0.0,83.2,11.32,103.67
2063,576,14,0.00181,454.48,128.04,467.1,146.64
2064,576,14,0.00179,333.01,125.18,352.07,162.42
2065,576,14,0.00168,0.04,86.77,4.41,105.58
2066,576,5,0.00166,297.02,0.04,417.22,44.93
2067,576,14,0.00152,481.44,132.99,489.0,149.67
2068,576,14,0.00139,484.7,129.82,489.0,198.48
2069,576,14,0.00132,477.62,124.34,489.0,153.03
2070,576,14,0.0011,324.71,124.47,349.41,161.21
2071,576,14,0.00109,475.75,137.74,489.0,192.5
2072,576,7,0.00104,409.96,202.23,489.0,246.24
2073,577,15,0.84954,140.5,73.11,160.7,95.91
2074,577,2,0.80863,59.48,34.81,77.07,52.83
2075,581,14,0.43532,313.11,64.77,402.03,221.81
2076,581,8,0.10746,0.22,127.08,35.6,152.19
2077,581,14,0.05608,324.35,145.73,369.62,217.42
2078,581,8,0.0097,285.51,133.62,380.47,214.52
2079,581,16,0.00614,94.81,128.06,152.05,159.38
2080,581,8,0.005,233.05,136.62,276.48,166.82
2081,581,8,0.00342,320.34,0.0,461.91,0.0
2082,581,14,0.00326,314.99,68.44,397.14,155.65
2083,581,7,0.00308,94.2,128.83,152.02,159.94
2084,581,14,0.00294,356.45,82.75,400.45,218.89
2085,581,8,0.00252,276.81,63.26,399.04,216.19
2086,581,8,0.00226,271.63,121.6,364.91,179.59
2087,581,8,0.00194,84.61,121.83,112.21,156.1
2088,581,14,0.00168,351.04,68.6,382.84,104.39
2089,581,8,0.00167,62.96,120.14,113.04,156.15
2090,581,14,0.00158,368.68,193.96,392.73,221.16
2091,581,14,0.00129,330.49,22.6,455.3,222.19
2092,584,2,0.85302,341.13,14.29,362.38,42.49
2093,584,2,0.84857,425.03,63.0,448.29,94.8
2094,584,2,0.84656,357.23,105.84,382.87,138.56
2095,584,2,0.82747,226.33,56.32,250.78,87.83
2096,594,14,0.6396,154.62,54.12,174.41,100.24
2097,594,14,0.5597,6.57,35.88,19.21,66.53
2098,594,14,0.22514,291.92,73.42,301.94,92.53
2099,594,14,0.10073,158.95,61.14,176.72,101.51
2100,594,14,0.07456,366.58,88.78,377.38,103.04
2101,594,14,0.02462,278.87,69.84,289.93,91.25
2102,594,14,0.01446,163.39,61.34,183.01,101.9
2103,594,14,0.01407,0.0,40.03,9.13,73.1
2104,594,8,0.01292,380.36,94.81,402.28,106.79
2105,594,14,0.01109,46.24,43.33,56.69,64.66
2106,594,14,0.00997,0.0,43.88,6.46,71.06
2107,594,14,0.00854,253.1,69.94,262.92,87.77
2108,594,14,0.00827,0.06,36.62,16.27,68.47
2109,594,14,0.00682,392.56,95.46,402.55,107.29
2110,594,14,0.00653,448.92,89.19,459.86,113.62
2111,594,14,0.00598,284.41,72.42,300.67,92.19
2112,594,14,0.00499,0.0,48.75,7.49,77.74
2113,594,14,0.00491,380.6,93.3,397.76,106.05
2114,594,14,0.00387,0.08,51.15,4.65,73.19
2115,594,14,0.00362,0.0,39.16,7.14,64.24
2116,594,8,0.00301,388.79,94.62,402.58,107.58
2117,594,14,0.0024,447.09,87.63,464.37,114.77
2118,594,14,0.00218,1.04,39.01,20.46,76.95
2119,594,14,0.00214,246.9,70.25,263.73,88.63
2120,594,14,0.0019,206.05,75.58,216.85,88.23
2121,594,14,0.00169,211.12,65.86,227.83,87.8
2122,594,5,0.00145,379.54,93.6,403.17,107.27
2123,594,14,0.00144,293.41,71.86,305.13,92.96
2124,594,14,0.00125,378.17,92.52,391.7,104.39
2125,594,14,0.00116,367.64,85.04,383.83,103.46
2126,594,14,0.00105,111.84,52.43,124.48,67.8
2127,602,0,0.87175,327.71,38.79,372.98,86.05
2128,602,4,0.7379,219.84,115.13,266.97,198.6
2129,602,1,0.73593,298.44,138.41,346.26,185.55
2130,602,13,0.11586,300.32,139.7,346.18,185.3
2131,602,0,0.0786,300.07,139.07,346.2,184.97
2132,602,1,0.0332,327.99,54.82,370.09,86.05
2133,602,15,0.00798,219.21,115.92,267.88,198.63
2134,602,6,0.00667,432.61,144.04,503.87,200.98
2135,602,1,0.00495,326.85,38.1,373.97,86.72
2136,602,4,0.00146,219.76,115.76,266.27,152.95
2137,608,15,0.9091,395.73,194.02,416.59,212.68
2138,608,15,0.0794,494.76,133.84,502.93,171.44
2139,608,15,0.01658,495.59,142.92,503.0,177.7
2140,608,15,0.01191,497.74,148.61,503.0,178.75
2141,608,15,0.00922,495.97,150.54,503.0,187.65
2142,608,14,0.0065,200.33,72.6,215.2,96.18
2143,608,8,0.00348,0.0,72.93,9.11,93.54
2144,608,14,0.00314,1.03,34.34,37.06,95.03
2145,608,16,0.00312,0.11,180.36,59.2,218.5
2146,608,14,0.0028,493.68,131.61,502.81,170.67
2147,608,7,0.00146,493.97,132.39,502.84,172.01
2148,608,14,0.00125,493.37,108.0,502.88,181.71
2149,608,8,0.00124,0.03,66.06,7.66,91.16
2150,608,14,0.00109,192.4,69.35,214.29,97.4
2151,608,14,0.00104,0.05,70.71,7.23,91.15
2152,611,15,0.81795,225.39,157.69,272.19,206.79
2153,615,2,0.86753,139.64,95.79,161.2,117.38
2154,615,2,0.8265,99.84,26.57,115.23,49.71
2155,615,2,0.81946,190.75,45.78,207.51,63.74
2156,615,2,0.7689,63.96,82.39,84.72,104.02
2157,621,5,0.76353,203.42,184.03,296.44,229.6
2158,621,5,0.40613,180.89,175.33,319.35,229.28
2159,621,5,0.29106,146.21,134.43,177.28,151.13
2160,621,5,0.23026,296.01,154.53,310.07,166.42
2161,621,5,0.2194,154.31,132.52,330.91,231.98
2162,621,5,0.15344,214.55,132.63,330.93,173.23
2163,621,5,0.14012,106.34,140.7,140.13,162.04
2164,621,5,0.13969,156.76,157.28,300.22,211.72
2165,621,5,0.06854,244.12,174.14,323.72,221.39
2166,621,5,0.0678,270.63,212.23,294.5,229.19
2167,621,5,0.03835,243.62,157.13,262.05,168.23
2168,621,5,0.03121,307.84,158.7,355.93,191.55
2169,621,5,0.0208,155.12,72.77,332.07,217.28
2170,621,5,0.01963,221.38,138.36,264.22,166.95
2171,621,5,0.01714,146.55,135.25,164.93,150.09
2172,621,5,0.01381,275.3,117.41,307.15,133.13
2173,621,5,0.01269,146.27,131.14,188.71,151.72
2174,621,5,0.01253,277.18,174.29,321.76,219.77
2175,621,5,0.01048,228.85,106.95,275.16,129.78
2176,621,5,0.00852,232.19,108.62,254.32,124.87
2177,621,5,0.00809,111.82,151.17,130.4,168.35
2178,621,5,0.00802,230.27,137.2,300.29,173.58
2179,621,5,0.00685,232.12,156.35,261.8,168.81
2180,621,5,0.00658,244.52,115.42,275.02,131.69
2181,621,5,0.00613,184.19,131.02,323.19,198.8
2182,621,14,0.00582,37.14,142.85,45.49,166.93
2183,621,5,0.00447,264.67,126.95,319.42,173.84
2184,621,5,0.00395,239.11,116.17,321.51,173.94
2185,621,5,0.00389,216.12,144.57,265.38,173.09
2186,621,8,0.00373,102.95,164.06,123.16,174.67
2187,621,14,0.0037,0.04,144.99,3.89,165.17
2188,621,5,0.00359,299.66,153.3,319.46,163.22
2189,621,5,0.00346,155.14,125.42,180.27,139.21
2190,621,5,0.0032,287.23,196.85,321.35,219.22
2191,621,5,0.003,205.4,194.44,241.14,223.26
2192,621,8,0.00271,148.68,180.42,164.64,193.24
2193,621,14,0.00267,152.6,173.54,165.02,193.04
2194,621,5,0.00259,102.0,162.49,124.98,174.59
2195,621,5,0.00256,100.72,146.5,133.0,168.05
2196,621,14,0.00251,108.62,154.67,127.85,173.66
2197,621,5,0.00246,303.99,138.24,322.51,162.12
2198,621,5,0.00232,216.73,152.44,263.76,167.76
2199,621,14,0.00228,30.87,142.76,46.69,174.72
2200,621,5,0.00211,66.08,124.73,143.54,164.28
2201,621,14,0.00209,158.56,171.44,165.1,189.98
2202,621,5,0.00201,231.56,105.54,267.87,121.18
2203,621,14,0.00195,0.0,144.13,10.8,168.34
2204,621,8,0.00187,112.67,165.58,124.16,174.57
2205,621,5,0.00168,275.02,134.66,313.16,165.73
2206,621,5,0.00163,277.39,151.96,311.22,168.43
2207,621,5,0.00154,274.13,118.36,321.46,164.85
2208,621,5,0.0015,240.66,116.88,275.77,138.08
2209,621,14,0.00148,103.22,162.55,122.98,173.96
2210,621,5,0.00142,159.18,161.06,209.67,210.4
2211,621,14,0.00141,0.0,156.14,7.85,209.97
2212,621,5,0.00138,304.26,147.2,320.74,162.6
2213,621,14,0.00138,3.88,140.28,20.14,169.3
2214,621,14,0.00134,109.02,163.93,124.79,174.36
2215,621,5,0.00131,146.76,179.16,165.48,193.32
2216,621,5,0.00122,111.7,153.11,128.12,163.87
2217,621,5,0.00122,102.98,164.15,119.88,173.77
2218,621,5,0.00121,293.5,160.02,305.64,167.74
2219,621,14,0.00116,0.01,139.66,4.85,163.12
2220,621,5,0.00115,13.55,59.06,44.33,89.91
2221,621,5,0.00108,159.06,160.65,245.55,210.67
2222,622,7,0.84547,313.03,14.27,340.41,38.4
2223,622,8,0.00102,0.0,0.0,45.81,41.96
2224,626,10,0.8724,333.83,46.17,347.7,60.15
2225,626,10,0.85176,412.97,78.64,429.55,92.71
2226,626,17,0.84105,352.22,59.06,365.33,71.68
2227,626,17,0.83268,374.57,74.28,387.81,86.99
2228,626,9,0.80972,338.2,85.95,354.58,99.51
2229,626,9,0.80037,304.24,67.11,321.04,79.87
2230,626,11,0.78006,305.33,99.35,321.44,112.35
2231,626,11,0.00786,172.01,75.4,204.4,97.71
2232,630,2,0.81786,284.47,99.13,305.94,119.32
2233,630,2,0.81099,411.23,55.52,434.56,72.68
2234,630,2,0.79324,344.97,110.53,365.65,130.13
2235,630,2,0.78765,293.07,42.22,308.81,64.97
2236,630,8,0.00473,27.45,1.27,97.69,36.05
2237,636,14,0.35835,248.41,0.44,302.7,48.27
2238,636,15,0.29755,311.65,155.89,338.63,184.39
2239,636,8,0.04311,247.66,0.0,301.29,49.25
2240,636,15,0.02931,310.53,168.13,337.11,184.97
2241,636,3,0.01785,263.6,31.96,308.73,70.06
2242,636,15,0.0128,272.66,129.89,343.27,255.78
2243,636,14,0.00379,253.17,0.27,300.06,30.45
2244,636,15,0.0037,274.8,83.85,367.89,255.0
2245,636,15,0.00303,310.68,165.59,338.98,197.03
2246,636,12,0.00179,257.72,31.68,309.13,70.74
2247,636,2,0.00165,92.32,0.92,125.97,33.9
2248,637,2,0.85221,369.29,183.28,408.54,213.71
2249,637,2,0.84787,347.66,105.82,373.84,141.79
2250,637,17,0.81753,299.27,172.49,316.07,189.78
2251,637,2,0.00668,377.93,0.13,416.59,35.78
2252,637,2,0.00602,335.99,0.39,385.04,29.94
2253,637,2,0.00381,299.18,172.17,316.35,189.67
2254,637,2,0.00237,376.64,93.97,455.47,134.37
2255,637,2,0.00188,369.18,128.64,418.89,164.18
2256,637,2,0.00112,310.51,52.39,418.01,99.68
2257,637,2,0.00108,370.97,38.98,412.29,78.27
2258,639,9,0.8576,138.62,164.01,161.69,182.91
2259,639,17,0.78801,31.28,201.5,52.43,220.47
2260,639,10,0.46883,259.95,162.06,279.95,182.82
2261,639,17,0.41802,115.5,213.92,140.09,234.4
2262,639,10,0.09933,116.11,214.03,140.16,234.24
2263,639,5,0.00141,25.73,110.94,86.76,134.92
2264,652,5,0.62282,197.7,6.99,450.16,186.02
2265,652,5,0.4987,0.47,8.44,85.67,112.14
2266,652,5,0.40518,362.42,5.15,474.24,57.34
2267,652,5,0.3354,0.88,4.53,85.94,193.74
2268,652,5,0.31533,166.47,0.0,458.23,235.0
2269,652,5,0.28677,306.78,4.68,473.83,67.35
2270,652,5,0.22998,72.17,0.0,420.51,175.36
2271,652,5,0.11401,0.0,41.21,85.23,94.84
2272,652,5,0.05193,134.78,0.0,482.92,168.85
2273,652,5,0.03944,87.83,0.0,311.31,196.02
2274,652,5,0.0276,0.11,11.79,44.75,42.06
2275,652,5,0.02125,216.71,1.31,352.0,28.48
2276,652,5,0.02024,249.56,5.15,472.81,126.72
2277,652,5,0.01833,225.92,3.0,285.16,26.94
2278,652,5,0.01581,42.09,8.15,168.59,63.03
2279,652,5,0.01248,403.69,10.17,494.74,141.04
2280,652,5,0.01132,284.62,16.74,448.4,149.85
2281,652,5,0.00656,42.81,7.47,262.26,126.5
2282,652,5,0.00622,152.7,10.66,196.83,32.69
2283,652,5,0.00489,356.46,0.0,494.85,148.61
2284,652,5,0.00444,433.69,0.0,495.0,55.24
2285,652,5,0.00366,462.18,5.19,495.0,58.01
2286,652,5,0.00353,438.2,2.89,475.17,25.89
2287,652,5,0.00304,0.23,11.04,72.26,44.48
2288,652,5,0.00288,435.13,0.0,495.0,32.45
2289,652,14,0.00264,207.31,0.0,222.73,13.98
2290,652,5,0.00254,433.05,2.53,474.45,39.01
2291,652,5,0.00227,133.08,0.0,441.64,134.88
2292,652,5,0.00209,43.16,9.05,155.78,41.57
2293,652,5,0.00199,41.32,5.45,253.68,74.78
2294,652,5,0.00186,142.34,10.11,253.46,46.81
2295,652,5,0.00162,490.99,0.0,495.0,57.49
2296,652,5,0.00162,0.0,1.38,16.13,31.8
2297,652,5,0.00141,162.77,10.31,218.82,34.0
2298,652,5,0.00139,0.0,8.62,83.99,60.05
2299,652,5,0.00138,0.04,10.79,40.19,102.01
2300,652,5,0.00138,146.68,1.01,381.39,80.23
2301,652,5,0.00124,226.21,50.16,495.0,235.0
2302,656,14,0.78365,128.0,14.03,154.98,75.89
2303,656,8,0.41089,187.88,3.1,247.8,75.45
2304,656,8,0.19909,167.21,20.8,225.36,75.16
2305,656,8,0.09094,195.28,20.81,218.48,63.0
2306,656,8,0.09019,0.14,1.2,30.65,24.99
2307,656,8,0.06983,171.49,20.58,203.89,66.46
2308,656,8,0.05581,147.31,0.41,162.9,14.75
2309,656,14,0.04534,196.05,1.18,248.83,73.38
2310,656,5,0.03345,0.17,0.38,26.97,24.73
2311,656,14,0.0292,198.66,1.23,241.29,54.78
2312,656,8,0.02143,166.72,1.8,234.38,60.88
2313,656,14,0.01727,376.33,9.19,416.26,44.34
2314,656,8,0.01282,0.0,0.0,129.64,64.23
2315,656,8,0.01189,124.65,0.99,163.43,15.23
2316,656,8,0.00767,5.44,77.85,97.68,199.12
2317,656,8,0.00671,195.24,1.48,233.62,50.07
2318,656,14,0.00488,201.38,1.34,232.4,43.08
2319,656,8,0.00479,163.55,1.32,209.75,49.77
2320,656,8,0.00469,377.52,9.05,416.34,44.36
2321,656,8,0.0046,0.36,1.26,55.39,24.9
2322,656,8,0.0045,163.77,1.51,205.85,16.07
2323,656,8,0.004,216.73,21.89,247.26,75.04
2324,656,8,0.00384,180.52,26.03,201.02,61.51
2325,656,5,0.00382,352.7,39.31,376.73,54.61
2326,656,5,0.00373,340.76,40.8,373.44,54.89
2327,656,8,0.00369,163.0,1.08,236.83,38.9
2328,656,5,0.00346,475.5,25.14,496.93,48.19
2329,656,8,0.00311,182.27,22.4,216.94,67.99
2330,656,8,0.00308,153.7,0.0,248.55,83.59
2331,656,14,0.00282,175.08,21.22,199.73,58.92
2332,656,8,0.00259,175.36,21.33,199.76,55.36
2333,656,8,0.0025,294.42,6.52,416.08,48.93
2334,656,5,0.00216,479.17,17.64,496.93,54.87
2335,656,8,0.00202,69.3,0.35,127.89,19.17
2336,656,5,0.00181,161.0,1.26,201.92,15.5
2337,656,5,0.00179,346.04,7.02,418.05,45.38
2338,656,8,0.00174,119.55,0.0,133.64,16.76
2339,656,8,0.00172,199.51,17.53,236.23,63.26
2340,656,16,0.00169,129.73,15.0,156.33,75.07
2341,656,8,0.00162,172.82,21.39,191.97,65.95
2342,656,8,0.00151,174.73,35.81,244.36,76.27
2343,656,8,0.00148,195.5,18.25,212.73,55.45
2344,656,8,0.00148,202.21,1.16,249.56,39.75
2345,656,5,0.00147,307.24,39.72,353.3,58.35
2346,656,8,0.00134,139.84,0.86,209.03,34.8
2347,656,8,0.00132,154.98,18.66,199.19,70.31
2348,656,5,0.0012,370.69,43.82,390.25,54.73
2349,656,8,0.00112,146.48,0.64,185.54,14.45
2350,661,15,0.43682,269.57,15.69,320.83,85.41
2351,661,8,0.0029,263.08,1.75,388.13,81.74
2352,661,8,0.00182,421.19,0.0,500.0,158.75
2353,661,11,0.00149,22.34,86.47,38.13,103.78
2354,661,1,0.00144,390.14,68.09,453.62,127.82
2355,668,2,0.81814,154.26,165.43,171.74,179.19
2356,668,2,0.81695,228.97,161.76,245.68,175.12
2357,668,2,0.76618,267.66,176.54,285.33,190.7
2358,668,2,0.56546,192.97,186.41,210.4,198.68
2359,668,2,0.00278,360.8,144.01,390.87,179.96
2360,668,2,0.00112,153.15,164.61,186.53,179.8
2361,673,2,0.85194,57.67,118.67,75.35,142.95
2362,673,2,0.84635,174.12,130.47,192.9,154.7
2363,673,2,0.83741,56.26,171.88,75.97,200.2
2364,673,2,0.83149,152.1,176.75,172.86,204.13
2365,673,2,0.00111,49.69,0.44,81.06,23.33
2366,676,2,0.87053,119.49,89.85,138.99,115.71
2367,676,2,0.8463,55.94,47.06,74.3,70.77
2368,676,2,0.81584,138.39,33.93,153.16,56.74
2369,676,2,0.80147,191.74,57.5,207.68,80.97
2370,679,0,0.81851,346.23,105.51,421.34,173.79
2371,679,0,0.69443,198.76,112.49,273.41,188.19
2372,679,1,0.05995,200.13,111.36,268.21,181.55
2373,679,3,0.01505,198.42,112.77,270.63,187.76
2374,679,0,0.00876,354.85,106.16,420.51,148.38
2375,679,0,0.00859,202.13,113.41,272.17,159.33
2376,679,3,0.0034,345.93,105.12,424.05,174.58
2377,679,6,0.00242,317.33,106.92,347.22,124.41
2378,680,0,0.874,167.69,147.59,205.7,186.23
2379,680,4,0.80904,72.83,27.29,112.17,93.27
2380,680,1,0.72359,40.24,186.06,81.32,227.31
2381,680,0,0.41747,40.81,186.42,82.61,227.41
2382,680,1,0.1876,167.48,147.73,204.97,186.5
2383,680,2,0.03798,288.36,112.31,317.42,146.29
2384,680,5,0.00321,251.23,3.89,501.64,238.32
2385,680,16,0.00117,453.37,180.89,501.5,229.8
2386,690,2,0.88444,110.13,14.59,128.5,37.02
2387,690,2,0.79431,189.86,74.9,210.62,95.37
2388,690,2,0.7672,84.67,75.38,107.97,97.26
2389,690,2,0.73622,206.47,20.06,224.43,39.2
2390,690,2,0.00292,110.09,1.05,165.4,36.9
2391,700,15,0.76564,182.14,50.57,232.12,98.29
2392,700,14,0.06733,287.91,43.92,406.95,245.92
2393,700,15,0.0428,181.7,50.39,230.53,76.96
2394,700,14,0.00686,307.32,0.0,479.21,234.05
2395,700,7,0.00324,183.18,50.75,230.84,95.92
2396,700,14,0.0031,231.86,9.31,408.84,247.0
2397,700,15,0.00274,243.11,153.67,260.95,170.93
2398,700,9,0.00156,160.13,157.97,192.47,195.88
2399,706,0,0.86158,249.72,106.18,292.84,147.88
2400,706,4,0.75133,118.23,103.96,171.05,173.75
2401,706,1,0.62076,409.94,97.77,453.36,139.06
2402,706,13,0.20236,410.46,97.52,453.48,139.37
2403,706,0,0.0858,410.37,97.39,453.41,139.39
2404,706,8,0.00129,0.0,0.0,38.37,29.48
2405,716,5,0.65229,28.02,118.12,48.95,134.93
2406,716,5,0.2531,55.57,118.78,78.95,137.58
2407,716,14,0.03639,254.88,138.49,264.39,160.98
2408,716,5,0.01104,0.0,111.52,16.85,138.76
2409,716,5,0.0109,0.25,127.61,16.18,136.65
2410,716,5,0.00649,0.0,119.09,12.92,142.66
2411,716,5,0.00636,0.01,123.61,16.0,138.59
2412,716,14,0.00363,125.24,115.5,136.69,147.13
2413,716,14,0.00273,0.42,110.91,19.17,133.27
2414,716,14,0.00261,251.72,135.3,263.39,159.56
2415,716,16,0.00224,41.9,172.51,65.96,182.59
2416,716,7,0.00208,451.17,132.76,488.73,246.35
2417,716,5,0.00202,332.99,215.15,460.77,247.0
2418,716,14,0.00192,401.2,154.65,420.48,189.8
2419,716,5,0.00187,0.04,119.91,8.94,139.18
2420,716,5,0.00167,30.51,116.41,55.74,133.83
2421,716,5,0.00163,384.39,0.0,479.8,41.47
2422,716,5,0.0015,32.91,113.01,64.25,132.68
2423,716,14,0.00142,253.8,139.37,272.54,161.34
2424,716,14,0.00106,249.12,147.76,257.01,159.6
2425,716,14,0.00103,106.21,132.43,119.6,154.64
2426,716,14,0.00102,103.39,126.72,130.41,157.8
2427,717,15,0.89175,71.87,163.52,91.47,187.11
2428,717,6,0.79348,148.57,184.26,218.61,219.8
2429,717,5,0.00191,0.23,0.06,36.86,26.32
2430,717,6,0.00176,175.47,184.54,217.81,219.56
2431,718,2,0.82309,333.31,74.73,348.69,95.73
2432,718,2,0.80045,401.45,52.24,417.09,72.27
2433,718,2,0.77807,324.85,35.54,337.59,52.67
2434,718,2,0.77351,282.21,50.11,296.46,69.52
2435,718,2,0.00736,326.24,52.16,339.78,73.03
2436,718,2,0.00173,340.18,104.0,355.35,122.49
2437,719,10,0.82546,320.82,116.14,342.0,138.32
2438,719,10,0.80045,393.98,73.88,416.35,95.99
2439,719,11,0.02687,323.64,82.75,347.0,100.56
2440,719,10,0.02651,384.64,159.39,410.32,182.22
2441,719,11,0.02416,344.56,168.23,371.1,188.78
2442,719,11,0.00735,364.0,63.6,378.64,80.4
2443,719,11,0.00657,375.62,187.78,395.02,208.04
2444,719,10,0.00473,258.14,174.27,279.37,198.33
2445,719,10,0.00466,333.78,176.86,358.02,198.34
2446,719,11,0.00454,113.1,184.29,145.51,221.13
2447,719,11,0.00202,357.74,189.7,378.55,210.57
2448,719,11,0.00197,308.64,106.47,324.08,118.55
2449,719,11,0.0017,333.49,176.89,358.07,198.28
2450,719,10,0.00161,326.26,174.77,335.97,188.05
2451,719,16,0.0015,1.31,224.13,47.31,249.0
2452,719,17,0.00137,363.97,63.68,378.47,78.99
2453,719,11,0.00117,385.19,150.13,404.9,170.07
2454,719,15,0.00114,497.57,96.8,501.0,115.7
2455,719,11,0.00114,336.36,153.75,376.0,188.54
2456,719,11,0.0011,341.83,159.71,371.64,187.43
2457,719,11,0.00109,160.79,26.73,198.31,52.25
2458,719,10,0.00108,244.53,202.23,257.18,219.19
2459,720,10,0.87462,185.84,53.26,201.29,67.14
2460,720,10,0.84994,108.23,17.51,122.25,32.01
2461,720,17,0.84577,127.11,32.15,139.58,44.02
2462,720,11,0.83757,77.08,70.85,93.38,83.35
2463,720,9,0.78979,111.05,58.5,127.6,71.9
2464,720,9,0.78846,77.19,38.02,93.73,51.28
2465,720,9,0.596,148.47,47.9,161.61,60.27
2466,720,17,0.05244,148.52,47.62,161.49,60.58
2467,720,6,0.00237,472.1,146.8,495.0,190.22
2468,720,11,0.0022,76.14,70.88,93.82,96.12
2469,720,6,0.00173,475.74,111.44,494.96,189.98
2470,720,6,0.00129,471.39,128.01,494.89,181.37
2471,731,7,0.90243,219.09,98.74,260.11,136.12
2472,744,3,0.90843,126.8,69.49,172.75,115.63
2473,744,0,0.88769,314.13,103.8,348.71,141.34
2474,744,0,0.88576,172.22,87.19,203.05,119.01
2475,744,3,0.86879,331.22,36.96,365.22,75.68
2476,744,3,0.85213,331.16,36.99,387.31,76.04
2477,744,1,0.83339,264.11,46.01,294.0,77.11
2478,744,13,0.82913,251.03,88.65,281.85,120.09
2479,744,4,0.8048,174.93,134.89,235.83,172.36
2480,744,12,0.76753,94.69,140.72,125.24,171.35
2481,744,0,0.70366,139.71,193.65,176.23,228.66
2482,744,0,0.6358,94.76,140.95,125.23,171.42
2483,744,12,0.45747,139.51,193.92,176.63,228.35
2484,744,3,0.37691,331.07,55.74,388.14,76.64
2485,744,3,0.17572,383.36,97.73,403.67,110.6
2486,744,3,0.02373,175.0,36.04,192.42,45.78
2487,744,3,0.01259,168.23,13.11,189.39,26.45
2488,744,3,0.00654,339.57,62.14,383.62,76.48
2489,744,3,0.00588,346.88,0.0,365.79,17.37
2490,744,16,0.00496,94.89,140.85,125.24,171.04
2491,744,1,0.00363,139.15,193.91,176.72,228.79
2492,744,2,0.00292,264.27,45.43,294.45,77.02
2493,744,3,0.00207,198.24,122.93,211.86,132.58
2494,744,0,0.00207,228.74,125.78,237.51,132.65
2495,744,6,0.0018,469.41,150.77,484.9,173.6
2496,744,3,0.00124,148.42,69.51,172.2,101.15
2497,745,0,0.87709,193.84,119.25,240.71,167.6
2498,745,0,0.71279,260.18,92.09,304.44,137.25
2499,745,1,0.51881,260.13,91.88,304.51,137.84
2500,745,13,0.48494,193.71,119.44,240.85,166.88
2501,745,3,0.01979,109.97,161.1,228.27,199.92
2502,745,5,0.00879,0.0,87.26,266.58,200.99
2503,745,5,0.0074,377.23,0.11,482.93,33.9
2504,745,5,0.00579,184.88,0.0,484.0,248.95
2505,745,5,0.00478,0.0,0.0,264.78,224.35
2506,745,3,0.00407,112.03,134.15,219.66,199.25
2507,745,5,0.00107,79.57,115.86,241.59,198.89
2508,746,2,0.79478,355.67,39.31,372.57,61.24
2509,748,2,0.82296,151.62,167.43,166.9,188.5
2510,748,2,0.80516,101.0,141.43,115.64,161.52
2511,748,2,0.79114,220.41,148.15,234.98,167.13
2512,748,2,0.77021,144.2,127.77,157.48,145.49
2513,748,2,0.03038,143.89,131.28,158.87,163.85
2514,748,2,0.00154,330.34,99.14,369.9,147.2
2515,748,2,0.00109,144.81,142.37,159.62,163.32
2516,761,15,0.85067,210.01,79.21,227.81,97.7
2517,761,15,0.80711,246.0,158.34,273.39,183.77
2518,761,6,0.71586,209.02,114.41,265.84,134.36
2519,761,6,0.20189,208.5,114.08,240.89,132.91
2520,761,2,0.17867,295.05,121.52,312.93,139.25
2521,761,3,0.09243,295.01,121.74,312.78,138.85
2522,761,6,0.07253,231.58,113.72,264.9,134.08
2523,761,17,0.03225,295.09,121.74,312.67,139.04
2524,761,6,0.00419,207.93,98.89,243.6,133.38
2525,761,6,0.00149,478.4,40.54,489.0,110.22
2526,761,7,0.00139,246.19,158.46,273.46,183.41
2527,761,2,0.00111,313.13,49.41,341.85,87.45
2528,770,0,0.89321,131.22,17.54,168.02,54.55
2529,770,12,0.88925,79.04,69.74,116.05,104.49
2530,770,12,0.88015,384.37,0.17,422.78,34.27
2531,770,3,0.87889,382.99,100.67,433.55,198.76
2532,770,0,0.83672,315.67,77.42,354.37,119.25
2533,770,13,0.83034,210.44,62.76,246.24,99.11
2534,770,4,0.80022,247.9,0.07,324.9,41.27
2535,770,1,0.76986,201.59,135.79,240.47,173.91
2536,770,3,0.67422,106.93,127.52,158.02,201.77
2537,770,3,0.321,384.04,138.22,434.42,197.82
2538,770,3,0.04062,91.52,128.48,135.05,146.67
2539,770,1,0.02927,316.08,77.82,354.08,119.7
2540,770,3,0.02837,91.73,128.6,156.61,151.82
2541,770,3,0.02482,280.3,115.23,316.32,160.18
2542,770,12,0.01356,80.49,61.81,106.97,76.32
2543,770,0,0.00614,201.95,135.18,240.81,173.45
2544,770,3,0.00565,395.96,101.98,427.92,143.53
2545,770,3,0.00317,385.54,102.33,426.78,154.22
2546,770,3,0.00272,122.56,166.3,155.52,202.23
2547,770,3,0.00265,82.23,62.41,103.31,74.39
2548,770,16,0.00187,78.79,70.44,115.84,104.01
2549,770,12,0.00178,0.23,154.95,24.68,182.34
2550,773,0,0.88123,221.7,62.53,258.14,98.07
2551,773,0,0.77994,150.48,81.16,187.35,117.83
2552,773,12,0.53549,150.69,81.49,187.46,118.09
2553,773,6,0.00237,480.3,79.76,494.93,212.76
2554,773,6,0.00212,484.82,147.42,495.0,199.96
2555,773,6,0.00196,418.46,128.57,495.0,248.44
2556,773,17,0.00194,150.99,80.77,187.56,118.74
2557,773,6,0.00185,490.37,139.25,495.0,203.66
2558,773,6,0.00154,485.94,91.82,495.0,115.61
2559,773,6,0.00152,491.21,93.2,495.0,115.25
2560,773,6,0.00126,474.01,101.94,494.74,250.14
2561,782,14,0.80157,146.24,148.01,177.71,237.06
2562,782,14,0.79176,226.94,160.73,255.1,230.6
2563,782,8,0.78954,438.31,157.18,494.84,245.07
2564,782,14,0.76659,358.02,136.35,385.04,235.13
2565,782,14,0.71574,260.9,160.09,283.74,230.44
2566,782,5,0.01667,0.35,163.66,41.3,200.22
2567,782,8,0.00998,490.92,199.77,495.0,256.0
2568,782,8,0.00807,476.99,189.37,494.96,256.0
2569,782,8,0.00806,483.29,203.95,494.98,256.0
2570,782,8,0.00685,451.43,152.9,495.0,212.71
2571,782,14,0.00576,459.12,154.6,493.8,219.41
2572,782,14,0.00502,405.11,151.5,418.8,196.52
2573,782,8,0.00369,447.25,157.11,474.81,237.23
2574,782,8,0.00332,484.64,222.07,494.99,256.0
2575,782,8,0.00317,490.69,215.67,495.0,256.0
2576,782,5,0.00243,458.22,132.22,494.88,208.92
2577,782,14,0.00224,261.32,161.62,285.72,202.85
2578,782,14,0.00221,482.16,84.53,495.0,157.47
2579,782,8,0.00216,432.96,156.31,477.22,229.14
2580,782,14,0.00185,483.56,125.25,495.0,162.49
2581,782,8,0.00151,451.51,155.03,486.64,237.43
2582,782,5,0.00137,478.29,149.3,494.95,210.71
2583,782,14,0.00128,488.38,81.91,495.0,160.23
2584,782,8,0.00113,446.91,159.54,469.55,215.42
2585,782,16,0.00111,1.72,216.14,54.8,233.61
2586,782,14,0.0011,489.19,133.32,494.99,169.24
2587,782,14,0.00104,0.0,159.13,5.45,198.5
2588,782,14,0.00102,0.01,158.11,8.3,206.01
2589,782,14,0.00101,482.65,148.1,495.0,226.72
2590,783,10,0.87399,216.17,162.53,235.84,179.99
2591,783,9,0.86,285.5,175.31,305.33,195.86
2592,783,17,0.85368,243.69,143.22,259.71,159.24
2593,783,10,0.85114,268.61,94.39,284.19,110.01
2594,783,17,0.84706,261.07,129.28,275.81,143.97
2595,783,9,0.83862,308.45,145.8,329.06,161.81
2596,783,11,0.81219,360.8,160.07,382.83,176.3
2597,783,11,0.00352,360.34,159.82,376.53,171.41
2598,783,14,0.00108,443.96,200.19,487.05,249.0
2599,792,5,0.8087,188.74,158.32,323.38,211.16
2600,792,14,0.7722,12.91,150.73,45.09,235.82
2601,792,8,0.62641,134.95,167.74,164.11,202.77
2602,792,5,0.57824,358.71,157.13,457.95,216.84
2603,792,14,0.40893,313.17,108.8,373.13,256.0
2604,792,14,0.28153,423.51,111.02,489.15,256.0
2605,792,5,0.26595,358.56,144.1,409.58,182.51
2606,792,5,0.25223,357.55,143.18,410.22,205.71
2607,792,5,0.19437,360.5,143.88,409.77,159.67
2608,792,15,0.1667,491.55,36.08,499.94,60.92
2609,792,15,0.05647,493.52,36.88,499.99,53.15
2610,792,15,0.02178,493.41,34.65,500.0,69.69
2611,792,5,0.01323,54.86,169.74,152.38,208.34
2612,792,14,0.01089,444.19,103.07,499.73,255.91
2613,792,8,0.00858,114.57,168.38,165.79,204.9
2614,792,14,0.00733,271.11,110.52,374.46,253.27
2615,792,5,0.00383,358.73,157.24,488.15,242.51
2616,792,14,0.00299,355.94,157.37,491.68,243.5
2617,792,15,0.0029,490.66,27.73,499.98,51.75
2618,792,5,0.0025,323.11,140.46,414.46,198.07
2619,792,5,0.00216,359.94,139.02,422.6,169.89
2620,792,15,0.00138,488.7,35.08,499.89,52.18
2621,792,5,0.00111,399.0,121.55,440.8,179.87
2622,792,5,0.00105,101.53,169.44,158.74,208.31
2623,803,12,0.89505,388.59,87.85,427.7,126.32
2624,803,0,0.89364,277.02,188.0,319.78,234.58
2625,803,0,0.86953,327.71,15.38,362.12,48.31
2626,803,3,0.85696,297.72,75.37,359.13,129.59
2627,803,3,0.85045,181.59,50.69,252.19,85.79
2628,803,3,0.83766,119.73,175.12,187.42,227.05
2629,803,13,0.51615,212.19,123.18,247.87,160.04
2630,803,12,0.37826,212.06,123.12,248.52,160.0
2631,803,1,0.10856,212.14,122.62,247.96,160.75
2632,803,3,0.06506,440.28,127.23,481.32,158.99
2633,803,3,0.05654,318.11,0.0,344.32,13.4
2634,803,3,0.0062,117.52,195.73,187.83,226.75
2635,803,3,0.00606,450.6,53.1,496.61,94.68
2636,803,3,0.00364,214.13,50.54,251.74,74.78
2637,803,3,0.0032,119.06,171.65,163.85,219.01
2638,803,3,0.00265,114.22,171.44,151.48,207.97
2639,803,3,0.00262,431.53,13.28,478.75,45.49
2640,803,0,0.00156,492.25,223.35,503.0,248.92
2641,803,1,0.00146,388.39,87.76,428.21,127.46
2642,803,12,0.00143,493.44,223.26,503.0,249.65
2643,803,11,0.00105,388.78,87.35,427.45,126.69
2644,803,3,0.00102,457.89,175.56,502.9,254.0
2645,806,3,0.84539,90.79,104.9,146.35,156.46
2646,806,3,0.76842,201.02,78.35,243.21,135.19
2647,806,3,0.71225,141.59,43.72,212.25,76.77
2648,806,4,0.48527,141.62,42.27,212.09,76.28
2649,808,15,0.58344,126.05,44.51,172.81,91.1
2650,808,15,0.00852,126.0,47.08,158.13,86.76
2651,808,15,0.0081,124.19,43.38,174.85,72.15
2652,808,15,0.00781,126.57,12.17,177.87,89.29
2653,808,15,0.00318,191.1,147.36,205.46,164.0
2654,808,7,0.00265,126.15,44.87,174.09,88.88
2655,808,14,0.00197,212.4,3.51,429.54,232.0
2656,808,14,0.00106,172.0,0.0,490.0,210.63
2657,817,5,0.59388,237.79,0.0,476.75,104.43
2658,817,5,0.38129,204.93,0.0,486.65,165.27
2659,817,5,0.32685,232.31,0.0,480.56,239.0
2660,817,5,0.30871,158.47,0.0,418.51,82.41
2661,817,5,0.16871,0.0,0.0,256.09,239.0
2662,817,5,0.16656,163.63,0.0,391.44,81.59
2663,817,5,0.15682,119.21,0.0,454.04,124.13
2664,817,5,0.09738,14.02,0.0,359.2,239.0
2665,817,5,0.08424,80.75,117.6,182.46,231.01
2666,817,5,0.07242,177.97,0.0,497.0,232.35
2667,817,5,0.06844,99.92,0.0,465.43,236.16
2668,817,5,0.06263,0.39,23.76,195.22,231.65
2669,817,5,0.04832,0.0,0.0,298.85,168.99
2670,817,5,0.03951,209.38,61.55,497.0,232.81
2671,817,5,0.03128,338.87,0.0,477.29,106.53
2672,817,5,0.02927,160.22,0.0,312.5,84.99
2673,817,8,0.02617,456.8,0.39,483.03,25.09
2674,817,8,0.01529,81.14,124.29,180.43,232.21
2675,817,5,0.00811,153.08,182.53,292.68,230.45
2676,817,5,0.00734,141.49,0.0,465.03,143.54
2677,817,16,0.00679,82.34,119.83,179.92,231.8
2678,817,5,0.00633,387.56,0.62,497.0,144.65
2679,817,5,0.00443,61.62,41.37,222.11,230.72
2680,817,16,0.00336,90.4,126.82,152.45,177.43
2681,817,8,0.00284,469.86,0.0,497.0,38.75
2682,817,5,0.00282,467.68,0.0,496.64,134.51
2683,817,16,0.00281,87.85,125.79,184.27,198.84
2684,817,8,0.00277,393.24,0.8,496.88,108.61
2685,817,5,0.00266,78.59,58.22,400.45,236.5
2686,817,16,0.00183,89.47,127.78,130.13,182.84
2687,817,8,0.00182,455.17,0.0,496.95,168.87
2688,817,5,0.00178,221.68,103.46,497.0,239.0
2689,817,5,0.00145,457.44,0.0,496.68,189.56
2690,817,5,0.00142,0.24,0.0,133.76,146.84
2691,817,8,0.00136,473.75,0.0,496.95,44.3
2692,817,8,0.00131,436.31,0.0,483.52,37.46
2693,822,7,0.75697,52.5,164.7,70.67,181.62
2694,822,7,0.66595,114.0,159.9,133.82,175.94
2695,822,15,0.03657,113.25,159.3,133.01,175.6
2696,822,7,0.00112,94.44,136.41,106.35,148.63
2697,829,17,0.82716,161.84,111.91,181.59,130.66
2698,829,9,0.82002,345.7,182.71,372.6,205.25
2699,829,11,0.22594,340.95,205.36,365.97,238.52
2700,829,6,0.07531,490.1,154.34,503.0,182.13
2701,829,9,0.02581,224.55,180.75,246.36,203.12
2702,829,9,0.01705,275.72,113.54,298.91,133.73
2703,829,6,0.00607,485.62,147.61,502.87,199.48
2704,829,6,0.00508,487.42,143.74,502.92,181.8
2705,829,6,0.0026,486.96,115.51,502.95,187.07
2706,829,6,0.0022,494.7,154.95,503.0,203.89
2707,829,6,0.00139,448.01,78.55,502.6,106.78
2708,830,2,0.86707,149.37,159.17,180.53,197.76
2709,830,17,0.69694,153.29,111.71,170.22,126.34
2710,830,2,0.67503,56.65,126.88,87.21,153.42
2711,830,2,0.01813,153.31,111.99,170.34,126.89
2712,830,2,0.00133,113.3,200.41,224.78,252.76
2713,830,16,0.00118,150.93,158.65,180.98,198.07
2714,830,2,0.00109,100.72,108.09,145.79,182.04
2715,830,2,0.001,68.72,51.46,118.01,107.1
2716,839,14,0.7263,403.71,42.19,413.16,66.23
2717,839,14,0.59777,415.67,43.89,427.31,69.84
2718,839,5,0.55648,113.84,18.66,136.86,39.72
2719,839,5,0.44421,183.99,12.75,203.04,30.08
2720,839,14,0.26476,448.54,52.63,462.98,79.76
2721,839,14,0.26461,385.2,42.31,396.13,64.21
2722,839,14,0.18836,389.28,43.46,398.85,64.12
2723,839,14,0.10953,446.35,41.02,463.72,79.98
2724,839,5,0.09221,0.0,0.44,13.49,30.6
2725,839,5,0.05413,113.0,2.37,176.67,39.92
2726,839,14,0.04298,386.4,42.78,394.89,58.45
2727,839,5,0.03402,187.72,4.29,240.66,36.16
2728,839,8,0.03188,376.96,49.2,388.31,64.55
2729,839,14,0.03142,392.14,43.27,401.2,64.69
2730,839,14,0.03139,382.2,44.82,392.63,64.77
2731,839,5,0.01945,0.0,0.94,13.63,18.9
2732,839,14,0.0157,445.51,42.49,453.54,56.5
2733,839,14,0.01435,446.02,41.07,462.45,57.16
2734,839,14,0.01348,377.6,47.32,387.39,63.63
2735,839,14,0.00922,452.88,55.67,463.21,78.44
2736,839,14,0.00756,403.18,42.32,424.06,68.97
2737,839,14,0.00679,490.41,57.54,494.0,73.22
2738,839,14,0.00611,418.87,43.69,426.88,59.32
2739,839,14,0.0061,489.9,46.54,494.0,79.09
2740,839,14,0.00492,479.74,40.24,494.0,73.86
2741,839,14,0.0038,397.55,42.74,412.26,65.78
2742,839,14,0.00375,484.84,54.42,493.95,72.38
2743,839,14,0.00374,488.6,33.91,493.98,83.33
2744,839,14,0.00346,448.16,39.62,474.26,78.44
2745,839,14,0.00284,389.06,41.59,405.91,64.89
2746,839,14,0.00277,383.41,53.36,392.22,65.07
2747,839,5,0.00268,0.05,0.0,4.99,13.48
2748,839,5,0.00243,0.0,16.22,7.39,31.59
2749,839,14,0.0023,440.98,42.08,456.04,56.41
2750,839,14,0.00219,446.21,40.41,458.42,53.62
2751,839,14,0.00209,385.77,54.78,394.17,65.27
2752,839,14,0.00198,376.63,43.1,392.09,63.5
2753,839,14,0.00167,418.82,37.2,437.42,67.77
2754,839,5,0.00165,149.05,32.99,163.13,44.0
2755,839,14,0.00157,485.77,36.31,494.0,70.18
2756,839,5,0.00152,148.64,20.48,174.99,44.97
2757,839,5,0.00152,0.16,1.35,16.46,44.68
2758,839,16,0.00139,359.4,213.83,384.25,229.66
2759,839,14,0.00129,379.52,42.79,394.14,56.35
2760,839,14,0.00129,478.31,45.19,487.55,61.95
2761,839,5,0.00128,350.92,54.86,360.75,61.87
2762,839,5,0.00114,146.23,8.49,173.85,45.19
2763,839,14,0.00108,476.84,44.45,489.25,68.17
2764,839,14,0.00102,436.78,45.42,464.34,78.33
2765,839,5,0.00101,362.47,54.68,373.78,62.1
2766,847,0,0.81679,440.72,2.41,489.7,65.35
2767,847,5,0.00459,132.79,0.0,448.15,249.0
2768,847,3,0.00323,439.38,0.91,489.93,93.72
2769,847,1,0.00281,445.51,0.68,490.0,52.41
2770,847,12,0.00258,442.84,63.55,477.13,89.55
2771,847,5,0.00204,254.39,126.92,390.07,246.95
2772,847,1,0.00183,470.75,2.72,489.72,10.68
2773,847,5,0.00174,229.67,0.0,490.0,249.0
2774,847,3,0.00152,441.9,57.98,490.0,91.66
2775,847,0,0.00113,438.85,10.14,489.85,93.28
2776,847,1,0.00103,473.13,2.46,490.0,15.34
2777,852,17,0.86778,77.42,86.31,92.05,101.08
2778,852,10,0.7058,80.16,183.05,101.27,205.84
2779,852,9,0.6156,132.0,132.86,151.14,152.63
2780,852,9,0.30255,80.28,183.2,101.1,205.79
2781,852,11,0.09155,38.39,180.9,61.58,206.83
2782,852,6,0.0038,0.03,125.19,7.7,168.26
2783,852,9,0.00354,35.84,136.41,53.0,154.78
2784,852,6,0.00277,0.0,128.15,5.92,159.34
2785,852,11,0.00264,35.75,136.4,52.86,154.57
2786,852,9,0.0017,0.05,138.86,4.45,159.81
2787,852,6,0.00106,0.0,114.48,6.6,156.9
2788,852,6,0.00104,249.52,125.69,273.85,144.86
2789,854,10,0.87994,414.3,69.22,433.33,85.1
2790,854,10,0.8685,303.2,72.02,321.15,87.86
2791,854,17,0.84694,344.62,77.22,359.3,91.45
2792,854,17,0.83796,374.43,72.65,389.1,86.85
2793,854,9,0.81689,349.39,36.89,364.19,51.3
2794,854,11,0.79484,337.81,8.79,350.97,22.33
2795,854,9,0.76425,399.81,33.69,418.4,48.4
2796,855,14,0.73119,126.02,66.2,155.55,167.84
2797,855,5,0.72739,395.47,128.38,478.26,168.17
2798,855,14,0.71529,180.79,79.84,210.17,166.56
2799,855,14,0.61803,0.0,44.91,22.09,182.45
2800,855,14,0.56334,304.64,82.6,337.09,178.36
2801,855,14,0.54167,281.51,81.99,311.95,177.35
2802,855,14,0.52109,53.64,81.38,110.7,164.42
2803,855,14,0.44588,296.47,81.93,350.56,179.17
2804,855,14,0.13749,294.61,81.36,325.86,179.14
2805,855,14,0.08725,288.61,86.28,308.86,165.29
2806,855,14,0.05685,0.06,79.46,17.28,168.51
2807,855,14,0.01537,0.09,125.39,11.12,171.26
2808,855,5,0.01331,395.73,99.01,500.0,170.89
2809,855,14,0.00881,0.0,140.58,8.81,166.72
2810,855,14,0.00846,148.48,117.45,172.4,165.33
2811,855,5,0.00613,445.63,157.24,462.46,168.88
2812,855,14,0.00552,278.07,124.36,309.1,171.05
2813,855,8,0.00509,23.18,95.79,40.53,114.13
2814,855,14,0.00474,307.84,85.9,329.26,145.3
2815,855,14,0.0043,0.0,95.5,11.11,167.99
2816,855,14,0.00351,147.2,131.23,164.16,164.83
2817,855,14,0.00342,0.0,108.17,5.24,167.48
2818,855,5,0.00338,147.02,120.81,233.5,162.24
2819,855,5,0.00318,421.41,59.78,500.0,173.94
2820,855,14,0.00314,65.72,80.46,100.93,152.01
2821,855,14,0.00305,53.88,91.33,90.53,163.6
2822,855,14,0.00278,78.12,113.8,108.86,159.52
2823,855,5,0.00238,149.83,117.79,180.24,158.34
2824,855,5,0.00233,0.0,101.91,111.24,158.05
2825,855,14,0.00216,55.97,127.91,110.1,165.01
2826,855,8,0.00194,7.11,100.59,121.05,160.77
2827,855,5,0.00181,408.48,78.74,500.0,146.87
2828,855,5,0.00174,434.71,102.46,500.0,170.56
2829,855,14,0.00164,0.0,91.91,3.93,163.14
2830,855,14,0.00164,0.09,110.75,20.42,168.52
2831,855,14,0.00163,314.38,137.54,346.2,168.26
2832,855,14,0.00158,281.97,126.67,301.91,168.69
2833,855,14,0.00153,0.26,60.81,28.9,128.98
2834,855,14,0.0015,300.3,132.68,320.96,176.91
2835,855,14,0.00144,89.93,117.38,110.03,164.09
2836,855,14,0.00142,80.14,127.65,110.15,165.04
2837,855,14,0.00123,47.1,111.85,94.16,164.01
2838,855,14,0.00122,0.0,69.64,8.81,153.89
2839,855,8,0.00119,51.11,128.39,68.4,152.9
2840,855,5,0.00113,415.46,103.21,499.5,147.51
2841,855,14,0.00111,280.98,115.68,319.25,175.21
2842,855,5,0.00104,248.11,122.61,500.0,256.0
2843,858,14,0.40062,340.27,3.14,478.9,231.57
2844,858,14,0.01711,278.98,0.0,445.79,221.22
2845,858,14,0.00409,279.76,68.4,312.41,136.47
2846,858,8,0.00317,323.15,60.23,478.94,248.32
2847,858,8,0.00311,286.29,49.9,380.63,240.52
2848,858,14,0.00212,277.8,8.44,381.28,205.26
2849,858,14,0.00195,367.05,1.28,486.54,159.12
2850,858,14,0.00129,414.44,0.0,487.0,196.11
2851,858,8,0.00109,289.43,4.49,470.63,250.0
2852,863,9,0.80148,234.19,140.93,256.57,158.23
2853,863,11,0.79875,135.83,121.06,156.13,139.26
2854,863,17,0.68689,305.76,101.69,321.31,117.51
2855,863,9,0.0738,215.15,100.21,232.95,114.84
2856,863,6,0.04157,437.1,173.09,486.66,195.7
2857,863,9,0.02551,40.71,39.76,59.5,49.13
2858,863,6,0.00735,465.4,155.7,506.0,208.28
2859,863,6,0.0038,457.72,178.82,487.38,195.52
2860,863,6,0.00256,476.64,172.33,505.91,244.25
2861,863,6,0.00246,451.29,158.6,504.73,199.08
2862,863,6,0.00221,476.38,137.43,505.97,212.82
2863,863,6,0.00192,443.75,177.46,488.88,199.61
2864,863,6,0.0017,427.05,164.22,489.26,198.83
2865,863,6,0.00152,119.0,89.95,154.24,115.15
2866,863,6,0.00135,478.87,159.91,505.99,226.15
2867,863,6,0.00126,486.75,104.99,505.93,218.99
2868,864,15,0.8337,184.51,150.73,211.33,177.56
2869,864,15,0.8187,264.41,178.64,288.7,203.68
2870,864,15,0.81089,258.12,137.85,280.52,158.33
2871,864,6,0.00191,352.25,67.18,418.87,165.22
2872,864,6,0.00119,393.01,142.2,474.39,221.7
2873,871,2,0.87945,184.44,81.72,214.97,122.02
2874,871,17,0.76703,266.49,44.37,283.7,62.24
2875,871,2,0.08836,156.15,21.53,183.41,47.45
2876,871,2,0.05741,153.68,22.04,183.59,75.47
2877,871,2,0.05097,264.53,45.15,287.6,84.19
2878,871,2,0.0317,266.16,44.27,284.33,62.21
2879,871,2,0.0191,205.44,90.13,274.22,170.05
2880,871,2,0.01208,151.68,38.5,182.58,91.16
2881,871,2,0.00274,222.76,37.99,289.47,124.96
2882,871,2,0.00212,240.15,40.25,293.25,109.92
2883,871,2,0.00206,175.0,115.37,202.03,145.06
2884,871,2,0.00139,155.7,42.38,182.57,74.18
2885,871,2,0.00101,0.07,0.36,36.42,39.98
2886,875,8,0.75215,255.98,103.95,288.53,159.57
2887,875,14,0.74574,297.65,117.38,334.44,161.99
2888,875,14,0.73324,391.99,87.63,425.87,142.11
2889,875,8,0.68511,173.16,116.99,222.44,170.6
2890,875,8,0.49099,3.05,127.85,67.51,186.7
2891,875,8,0.22496,258.38,96.84,303.29,152.64
2892,875,14,0.19485,442.61,65.33,459.96,100.56
2893,875,8,0.07282,141.76,126.46,184.28,169.96
2894,875,8,0.05838,141.54,120.73,216.74,170.69
2895,875,8,0.0322,185.55,117.08,225.36,153.09
2896,875,14,0.02409,367.39,74.55,378.67,90.07
2897,875,8,0.01871,271.45,109.72,303.13,152.81
2898,875,14,0.01779,182.27,100.19,194.03,123.32
2899,875,14,0.01735,180.32,86.27,194.96,124.56
2900,875,14,0.01339,56.92,137.62,92.65,202.34
2901,875,8,0.01272,261.75,120.01,285.86,159.13
2902,875,8,0.01245,202.72,119.66,226.01,152.36
2903,875,14,0.01176,154.72,84.4,195.21,127.53
2904,875,14,0.01082,448.96,68.52,465.36,100.37
2905,875,16,0.01055,161.97,94.53,183.23,124.13
2906,875,14,0.01,495.56,41.96,500.0,97.44
2907,875,14,0.00893,357.28,77.18,369.79,92.41
2908,875,14,0.00789,397.91,70.74,413.57,91.87
2909,875,14,0.00689,431.35,67.31,459.73,100.41
2910,875,5,0.00675,0.09,133.5,54.09,190.41
2911,875,14,0.00669,356.66,79.4,366.34,93.96
2912,875,14,0.00568,260.38,93.7,304.54,127.61
2913,875,8,0.00541,147.71,96.41,224.85,175.25
2914,875,14,0.005,153.03,104.11,173.52,128.66
2915,875,14,0.0047,390.99,66.82,409.27,91.31
2916,875,14,0.00435,355.67,77.96,365.64,89.96
2917,875,14,0.00429,311.38,115.76,334.08,157.36
2918,875,5,0.00394,0.16,61.15,53.15,91.44
2919,875,14,0.00385,204.66,121.41,226.29,152.83
2920,875,8,0.00374,55.98,59.37,150.62,203.01
2921,875,14,0.00368,388.08,68.35,406.65,96.09
2922,875,14,0.00353,356.3,75.54,377.56,91.4
2923,875,8,0.00347,257.6,118.29,277.0,159.23
2924,875,8,0.0034,0.36,27.19,152.9,200.15
2925,875,14,0.00332,356.38,79.47,369.84,99.19
2926,875,8,0.00332,144.09,130.3,171.01,170.11
2927,875,14,0.00326,31.08,134.98,65.79,180.0
2928,875,8,0.00298,19.49,133.41,65.66,182.25
2929,875,5,0.0029,122.83,191.01,208.8,254.81
2930,875,14,0.0028,362.65,73.8,379.62,100.02
2931,875,8,0.00277,417.32,70.73,443.97,89.95
2932,875,8,0.00269,266.78,119.0,300.07,156.48
2933,875,14,0.00261,359.44,76.34,375.38,98.69
2934,875,8,0.00261,172.36,121.55,205.43,168.57
2935,875,14,0.00261,152.56,97.56,185.44,126.66
2936,875,8,0.0026,263.33,135.23,285.59,159.33
2937,875,14,0.00222,173.75,83.04,194.11,125.81
2938,875,8,0.0022,252.78,93.49,303.9,130.12
2939,875,14,0.00216,384.81,69.8,402.46,91.53
2940,875,14,0.00207,350.7,76.74,371.28,99.94
2941,875,14,0.00184,420.8,70.81,439.53,88.6
2942,875,14,0.00181,388.3,86.23,409.26,141.58
2943,875,14,0.00175,400.63,70.28,424.09,93.93
2944,875,14,0.00167,171.68,123.26,200.2,164.47
2945,875,14,0.00167,479.49,45.12,500.0,93.26
2946,875,8,0.00153,264.04,104.34,303.91,140.76
2947,875,14,0.00144,393.52,102.59,421.29,140.83
2948,875,14,0.00144,403.94,69.62,413.13,88.55
2949,875,14,0.00138,223.24,105.91,232.56,121.69
2950,875,8,0.00121,1.2,74.38,123.04,190.33
2951,875,8,0.0012,8.11,126.38,39.78,181.55
2952,875,14,0.00119,182.73,99.1,199.76,121.8
2953,875,14,0.00119,180.82,88.2,203.47,123.96
2954,875,8,0.00119,391.28,90.26,419.58,140.46
2955,875,16,0.00117,0.0,200.15,23.66,254.26
2956,875,14,0.00114,389.59,87.8,410.57,99.54
2957,875,8,0.00113,179.43,117.29,210.84,154.88
2958,875,14,0.00113,447.35,73.72,458.71,101.14
2959,875,8,0.00107,0.07,146.05,45.33,195.27
2960,875,14,0.00106,308.81,81.32,317.37,97.17
2961,875,14,0.00104,176.73,112.75,198.38,130.59
2962,875,14,0.00104,495.76,76.85,500.0,145.1
2963,875,14,0.00101,157.82,64.86,202.91,124.01
2964,890,2,0.87433,171.07,165.11,207.24,209.67
2965,890,7,0.87221,97.15,159.7,131.35,190.6
2966,893,10,0.91273,328.93,71.46,344.83,87.69
2967,893,10,0.87365,280.71,144.57,300.74,162.46
2968,893,17,0.84936,307.28,123.36,323.65,139.24
2969,893,17,0.84418,323.23,107.54,338.81,123.03
2970,893,11,0.84312,428.36,131.5,451.78,147.25
2971,893,9,0.84193,373.33,120.58,394.94,136.86
2972,893,17,0.70113,352.95,152.38,372.96,173.49
2973,893,9,0.58834,353.04,152.65,372.71,173.65
2974,893,5,0.00109,0.12,245.0,47.79,245.0
2975,896,14,0.811,456.97,191.12,477.57,239.64
2976,896,14,0.66508,145.12,162.59,167.91,216.14
2977,896,14,0.59793,113.22,138.22,138.64,218.3
2978,896,14,0.55112,196.13,157.99,234.54,219.64
2979,896,14,0.53783,358.3,179.4,373.34,205.2
2980,896,14,0.47769,318.58,169.56,329.41,198.38
2981,896,16,0.44894,426.22,226.54,451.26,244.06
2982,896,14,0.34574,258.69,178.13,269.37,200.42
2983,896,14,0.28125,330.2,175.89,341.92,201.93
2984,896,16,0.27353,128.02,206.3,158.21,229.64
2985,896,16,0.23451,336.98,211.88,373.97,232.07
2986,896,16,0.12211,240.04,202.49,269.85,223.95
2987,896,16,0.10614,330.13,211.28,401.32,235.71
2988,896,16,0.10395,73.04,204.47,98.99,222.85
2989,896,16,0.10038,65.12,203.73,100.07,235.27
2990,896,14,0.05053,244.83,179.53,258.61,200.62
2991,896,16,0.04504,45.61,204.29,98.83,234.08
2992,896,16,0.04193,303.05,207.17,333.19,229.21
2993,896,16,0.03755,273.09,205.96,302.18,226.85
2994,896,16,0.0358,399.89,226.4,451.21,244.11
2995,896,16,0.03244,304.88,210.15,373.81,231.21
2996,896,16,0.02827,31.61,203.86,100.73,242.74
2997,896,16,0.02814,0.0,195.28,72.46,249.14
2998,896,16,0.02604,328.33,210.76,360.33,230.06
2999,896,16,0.02567,283.54,206.03,332.26,229.02
3000,896,14,0.02533,81.72,189.36,98.45,206.27
3001,896,16,0.02463,388.11,218.35,401.72,236.43
3002,896,14,0.0232,112.57,168.79,164.02,221.08
3003,896,16,0.02001,355.94,215.93,401.27,236.7
3004,896,14,0.01982,244.96,177.57,269.57,199.99
3005,896,16,0.01952,43.57,215.88,75.04,240.67
3006,896,14,0.01763,81.43,194.45,95.02,205.77
3007,896,16,0.01698,50.46,218.05,100.01,236.36
3008,896,14,0.01575,131.31,163.29,166.95,215.08
3009,896,16,0.01547,62.52,244.96,95.38,256.0
3010,896,16,0.0145,256.35,203.62,303.05,226.62
3011,896,16,0.01423,52.55,243.76,90.82,256.0
3012,896,16,0.01278,0.0,226.03,38.53,252.28
3013,896,14,0.01241,125.04,182.64,166.41,216.15
3014,896,16,0.01165,325.13,211.29,402.6,250.83
3015,896,14,0.01156,97.46,178.44,117.37,221.54
3016,896,16,0.01155,0.0,195.99,48.47,216.45
3017,896,14,0.01089,76.74,179.47,98.01,206.24
3018,896,16,0.01087,315.94,210.6,350.76,229.32
3019,896,16,0.01078,40.21,240.22,90.73,256.0
3020,896,16,0.01025,33.87,215.96,94.43,255.9
3021,896,14,0.00908,76.45,168.4,95.18,192.76
3022,896,16,0.00825,0.0,212.06,50.75,253.63
3023,896,16,0.00823,268.21,204.99,372.35,243.01
3024,896,14,0.00782,237.63,168.62,259.26,200.45
3025,896,16,0.00776,32.95,207.92,69.49,235.35
3026,896,16,0.00732,0.0,226.6,8.27,256.0
3027,896,16,0.00724,0.0,221.82,18.98,254.36
3028,896,16,0.00598,0.0,195.35,62.97,232.39
3029,896,14,0.00561,333.33,175.03,341.31,198.04
3030,896,14,0.0056,81.64,194.81,89.73,206.03
3031,896,16,0.00535,18.84,197.97,66.46,242.56
3032,896,14,0.00522,361.85,172.26,372.52,184.67
3033,896,16,0.0051,379.43,218.09,401.6,236.61
3034,896,16,0.00494,21.15,216.55,71.52,241.85
3035,896,16,0.00453,0.47,160.11,26.69,189.21
3036,896,16,0.00423,39.3,239.69,70.0,256.0
3037,896,14,0.00417,79.68,179.44,94.62,192.69
3038,896,16,0.0041,296.35,209.46,381.18,255.57
3039,896,14,0.00398,270.77,178.3,290.09,206.65
3040,896,16,0.00386,268.14,204.28,309.02,236.96
3041,896,16,0.0038,251.41,203.71,276.91,224.16
3042,896,16,0.0037,118.9,186.42,161.86,226.8
3043,896,16,0.00362,413.15,174.11,436.17,197.89
3044,896,14,0.00319,375.33,187.7,392.39,214.38
3045,896,14,0.00306,366.34,187.49,393.18,206.66
3046,896,16,0.00306,232.41,202.85,315.88,254.35
3047,896,16,0.003,0.03,229.89,5.01,255.8
3048,896,16,0.00296,392.82,218.66,451.57,242.87
3049,896,16,0.00294,33.55,207.36,64.88,224.87
3050,896,14,0.00273,139.09,144.62,168.42,217.15
3051,896,16,0.00272,363.78,248.56,398.72,256.0
3052,896,14,0.00252,324.71,167.72,342.37,199.94
3053,896,16,0.0025,380.22,217.61,412.7,238.84
3054,896,16,0.00248,65.51,247.12,91.27,255.77
3055,896,14,0.00242,388.76,194.87,394.87,205.86
3056,896,14,0.00231,102.91,177.88,129.04,220.77
3057,896,16,0.0023,443.04,218.4,469.63,241.42
3058,896,14,0.0023,194.07,182.37,220.31,223.18
3059,896,14,0.00222,317.92,170.32,335.33,200.88
3060,896,16,0.0022,74.78,204.5,111.67,235.38
3061,896,14,0.00218,0.45,159.4,25.38,196.76
3062,896,16,0.00217,387.82,217.46,422.93,240.62
3063,896,16,0.00216,347.99,211.99,383.23,232.99
3064,896,16,0.00211,8.38,227.36,47.5,246.69
3065,896,14,0.00202,81.68,181.03,96.93,198.52
3066,896,14,0.00201,243.29,166.96,255.29,190.74
3067,896,14,0.00201,80.51,181.6,100.25,211.16
3068,896,14,0.00193,318.15,168.24,328.16,179.4
3069,896,14,0.00192,243.48,175.5,256.55,196.77
3070,896,14,0.0019,227.03,168.07,252.01,197.66
3071,896,16,0.00184,0.0,216.21,10.67,253.21
3072,896,16,0.00179,387.9,223.41,404.1,240.37
3073,896,14,0.00174,196.09,194.55,233.97,224.74
3074,896,16,0.00156,71.86,213.48,99.87,235.46
3075,896,16,0.00154,125.84,196.87,157.71,226.83
3076,896,14,0.00152,86.25,180.16,117.11,213.43
3077,896,14,0.00148,264.98,165.59,286.76,201.37
3078,896,14,0.00142,477.45,194.78,487.1,208.23
3079,896,16,0.00139,27.17,204.81,61.2,227.81
3080,896,16,0.00139,241.14,205.56,367.78,255.68
3081,896,14,0.00138,323.45,173.63,341.05,194.91
3082,896,14,0.00137,64.19,168.24,98.52,196.33
3083,896,14,0.00136,363.52,173.71,393.71,209.19
3084,896,16,0.00136,0.0,214.04,32.08,256.0
3085,896,16,0.00131,412.92,232.37,450.21,256.0
3086,896,16,0.0013,222.08,199.95,270.48,223.6
3087,896,14,0.0013,125.88,184.17,154.66,211.43
3088,896,14,0.00129,0.0,150.58,8.56,210.87
3089,896,14,0.00128,307.51,171.43,318.1,200.39
3090,896,14,0.00128,479.2,197.06,486.71,207.22
3091,896,14,0.00128,361.52,179.03,373.62,197.03
3092,896,14,0.00126,73.4,171.63,115.69,209.68
3093,896,16,0.00125,7.86,196.12,59.55,219.77
3094,896,14,0.00122,238.32,165.48,256.38,192.74
3095,896,14,0.0012,361.47,171.72,378.07,192.48
3096,896,16,0.00118,155.78,174.24,195.18,223.08
3097,896,14,0.00117,65.79,175.95,96.68,207.57
3098,896,16,0.00116,296.91,206.48,326.43,227.47
3099,896,14,0.00112,353.4,173.17,374.11,205.84
3100,896,14,0.00111,311.55,169.33,329.5,199.99
3101,896,14,0.00107,85.39,176.24,132.66,220.79
3102,896,16,0.00105,64.37,236.21,104.5,255.4
3103,896,14,0.00105,228.37,168.2,246.76,190.46
3104,896,16,0.00105,10.35,210.7,70.04,254.52
3105,896,16,0.00104,298.99,206.42,315.73,227.36
3106,896,14,0.00102,228.53,167.94,243.41,183.09
3107,903,2,0.74803,348.8,26.31,374.19,60.19
3108,903,17,0.0042,416.18,147.66,431.69,162.19
3109,914,14,0.74676,28.34,161.42,43.45,202.4
3110,914,14,0.74067,248.28,140.85,270.09,202.84
3111,914,14,0.70267,47.95,153.12,67.12,206.65
3112,914,14,0.06549,0.01,163.07,7.26,215.31
3113,914,14,0.01986,0.0,183.89,6.97,218.86
3114,914,14,0.017,486.04,136.39,490.0,175.95
3115,914,14,0.01621,467.3,102.66,489.31,170.33
3116,914,14,0.01412,471.99,140.33,482.34,168.64
3117,914,14,0.01166,469.53,135.79,485.73,169.68
3118,914,14,0.00936,218.35,165.5,225.6,178.37
3119,914,14,0.00733,485.9,127.99,490.0,164.25
3120,914,14,0.00607,482.52,136.72,490.0,164.73
3121,914,14,0.00405,0.45,163.0,19.27,218.9
3122,914,14,0.00402,0.0,151.75,6.19,206.9
3123,914,14,0.00294,480.04,142.35,490.0,179.94
3124,914,14,0.00293,112.01,165.06,145.38,197.36
3125,914,14,0.00239,357.28,156.75,373.32,173.4
3126,914,14,0.00222,0.03,110.43,9.04,209.24
3127,914,14,0.00201,313.32,159.07,337.47,188.52
3128,914,14,0.00199,300.36,160.7,331.98,188.77
3129,914,14,0.00169,347.82,152.47,359.02,170.59
3130,914,14,0.00154,50.92,167.09,68.41,206.84
3131,914,14,0.00144,475.36,124.15,490.0,164.98
3132,914,14,0.00142,362.79,157.59,373.86,173.18
3133,914,14,0.00137,350.68,159.75,360.7,172.28
3134,914,14,0.00132,484.73,99.93,489.99,168.78
3135,914,14,0.00131,220.02,161.61,232.18,178.84
3136,914,14,0.00119,172.82,169.79,201.45,213.51
3137,914,14,0.0011,0.29,84.17,15.79,213.53
3138,914,14,0.00101,0.0,196.32,6.26,233.38
3139,919,15,0.81082,401.25,183.25,423.04,206.35
3140,919,2,0.77392,319.64,148.16,336.37,166.04
3141,922,15,0.87098,419.21,152.86,441.9,173.97
3142,922,6,0.82545,265.84,147.93,316.16,184.61
3143,922,7,0.00191,418.97,152.88,442.08,173.99
3144,926,5,0.7845,390.49,130.58,471.39,171.08
3145,926,14,0.72058,87.48,51.25,127.48,170.74
3146,926,14,0.6954,182.37,92.72,217.26,166.8
3147,926,14,0.66667,267.45,83.13,306.89,173.77
3148,926,14,0.54704,150.36,79.37,183.85,167.5
3149,926,14,0.51974,119.34,104.19,153.99,161.0
3150,926,5,0.06194,0.0,95.59,133.86,161.03
3151,926,5,0.04757,0.0,96.92,78.23,158.57
3152,926,14,0.03211,135.77,96.06,173.09,161.25
3153,926,14,0.01951,136.23,103.59,155.69,160.85
3154,926,14,0.01197,156.77,134.24,179.79,167.82
3155,926,5,0.01055,397.58,125.32,500.0,174.2
3156,926,5,0.01004,415.3,110.27,500.0,169.5
3157,926,14,0.00856,119.26,119.88,143.45,160.89
3158,926,5,0.00835,1.06,45.41,133.67,164.07
3159,926,14,0.00809,121.82,105.02,145.44,150.96
3160,926,5,0.0052,434.82,131.72,500.0,172.36
3161,926,14,0.00506,77.64,126.67,102.62,168.55
3162,926,14,0.00429,286.17,134.66,305.53,172.36
3163,926,14,0.0036,118.55,98.98,182.02,164.64
3164,926,14,0.00344,0.0,91.82,7.72,150.95
3165,926,14,0.00337,98.0,132.69,119.8,169.7
3166,926,14,0.00329,0.0,97.95,5.21,141.93
3167,926,5,0.00255,493.39,137.63,500.0,175.38
3168,926,14,0.00252,83.79,134.14,102.15,167.78
3169,926,5,0.00239,14.99,102.42,110.68,155.06
3170,926,14,0.00205,82.4,114.58,106.34,163.16
3171,926,14,0.00192,117.4,101.4,140.48,163.7
3172,926,5,0.00181,486.48,139.15,500.0,173.27
3173,926,14,0.00161,0.02,107.19,4.77,154.61
3174,926,5,0.00155,0.22,79.81,34.54,154.73
3175,926,14,0.00145,75.61,116.89,120.59,169.08
3176,926,14,0.00143,83.84,56.26,160.6,171.54
3177,926,14,0.00137,0.0,87.62,16.6,155.22
3178,926,14,0.00137,4.58,56.06,132.04,168.05
3179,926,5,0.00129,485.5,98.27,499.96,177.42
3180,926,5,0.00126,439.86,159.6,455.07,171.65
3181,926,5,0.00117,474.2,87.11,499.77,187.52
3182,926,5,0.00109,394.75,113.16,438.69,135.94
3183,926,14,0.00104,155.6,149.23,179.15,168.08
3184,926,14,0.00101,115.74,128.87,133.71,161.97
3185,931,15,0.90349,391.57,155.19,410.02,174.82
3186,931,5,0.00226,246.95,0.0,498.0,145.87
3187,931,5,0.00157,49.73,10.19,435.13,241.23
3188,931,5,0.00108,0.0,102.11,41.37,139.32
3189,938,2,0.87363,416.46,134.24,446.59,172.02
3190,938,17,0.84005,328.81,117.58,345.54,133.05
3191,938,2,0.76909,305.2,169.88,345.18,199.05
3192,938,2,0.00438,414.01,93.03,486.96,167.77
3193,938,2,0.00156,314.73,7.05,344.25,28.67
3194,938,2,0.00107,432.16,155.83,499.41,234.0
3195,938,2,0.00103,0.19,162.85,50.5,228.21
3196,940,11,0.66463,119.82,105.61,141.2,130.64
3197,940,17,0.64609,150.6,12.91,165.15,27.36
3198,940,9,0.56728,159.43,106.64,179.71,128.76
3199,940,9,0.54497,206.2,56.09,226.65,75.84
3200,940,10,0.48334,159.2,106.52,180.09,129.1
3201,940,6,0.00986,449.46,84.14,496.2,112.46
3202,940,6,0.00134,475.3,137.93,505.0,196.37
3203,940,11,0.00116,105.58,105.97,141.98,131.38
3204,940,5,0.00114,2.83,243.79,33.21,252.0
3205,940,17,0.00107,113.3,63.78,129.28,83.91
3206,951,17,0.85317,85.46,62.71,104.08,79.07
3207,951,9,0.85054,211.16,78.03,234.17,101.71
3208,951,10,0.8432,307.93,131.44,330.56,157.53
3209,951,9,0.78731,119.35,102.45,143.62,123.14
3210,951,10,0.02158,231.07,117.96,245.66,134.11
3211,951,11,0.00888,169.69,131.97,197.2,146.73
3212,951,11,0.00361,151.31,152.96,188.29,173.65
3213,951,15,0.00202,344.22,90.98,377.68,118.14
3214,960,5,0.77669,230.66,151.0,357.57,207.14
3215,960,5,0.72201,383.7,141.54,497.05,199.25
3216,960,14,0.6717,118.34,148.28,166.09,256.0
3217,960,14,0.6484,477.69,108.05,500.0,209.32
3218,960,8,0.61222,172.11,169.04,204.81,212.48
3219,960,14,0.45162,143.22,149.33,172.25,239.39
3220,960,5,0.23148,352.38,127.47,452.43,184.96
3221,960,8,0.14078,179.58,169.64,204.02,201.38
3222,960,14,0.02197,160.55,167.55,200.41,216.87
3223,960,14,0.01812,147.8,157.93,198.54,221.26
3224,960,14,0.00802,140.72,165.24,185.61,225.42
3225,960,5,0.00506,397.46,126.79,448.28,140.89
3226,960,5,0.00482,377.21,127.01,447.83,175.05
3227,960,5,0.00415,380.74,132.24,459.37,193.05
3228,960,14,0.00287,495.81,107.21,500.0,178.03
3229,960,14,0.00242,487.36,127.36,500.0,213.34
3230,960,14,0.00193,159.01,185.63,193.23,217.37
3231,960,5,0.00139,271.43,2.36,500.0,238.43
3232,960,14,0.00114,155.01,157.24,164.8,204.64
3233,965,15,0.86813,415.64,35.68,436.97,54.31
3234,965,8,0.03323,185.47,111.56,224.15,142.25
3235,965,5,0.00804,0.0,28.97,89.28,67.75
3236,965,5,0.00593,0.0,37.48,13.04,70.33
3237,965,16,0.00408,185.9,112.28,202.19,134.55
3238,965,14,0.00312,228.94,127.28,246.57,158.28
3239,965,5,0.00282,302.69,230.0,399.41,230.0
3240,965,8,0.00261,198.93,117.64,222.43,141.64
3241,965,5,0.00158,0.2,32.11,42.34,71.51
3242,965,5,0.00148,99.2,125.17,181.0,151.51
3243,965,5,0.00142,329.21,230.0,419.76,230.0
3244,965,5,0.00137,0.04,41.43,7.65,68.97
3245,965,14,0.00103,212.77,123.38,229.68,144.96
3246,967,15,0.85965,232.23,207.84,250.83,225.83
3247,967,6,0.78613,305.71,205.3,356.32,231.38
3248,967,5,0.01359,32.35,1.17,91.0,23.06
3249,967,5,0.01069,0.97,3.71,64.42,25.26
3250,967,5,0.00423,87.42,0.44,177.8,23.2
3251,967,5,0.00353,0.26,6.18,41.08,27.61
3252,967,5,0.00265,0.0,6.54,16.16,26.72
3253,967,5,0.00231,415.57,14.29,450.33,27.66
3254,967,5,0.00225,433.04,15.39,451.09,27.56
3255,976,5,0.75885,392.08,129.65,466.84,170.23
3256,976,14,0.74695,458.31,101.17,482.64,178.24
3257,976,5,0.68245,0.0,97.91,117.78,154.15
3258,976,14,0.67605,223.35,91.57,257.62,168.83
3259,976,14,0.66303,144.02,74.62,205.8,171.41
3260,976,14,0.64721,109.05,76.02,141.03,164.33
3261,976,14,0.36749,130.34,74.5,153.53,166.42
3262,976,14,0.28378,169.8,77.32,203.69,173.04
3263,976,5,0.05866,0.0,92.13,72.54,155.33
3264,976,14,0.02771,456.77,133.44,484.22,177.4
3265,976,14,0.02229,176.47,77.91,204.35,147.68
3266,976,14,0.01811,114.98,75.78,153.31,165.25
3267,976,14,0.01379,106.5,117.68,128.88,163.07
3268,976,5,0.01035,420.83,56.36,467.76,97.46
3269,976,5,0.00927,187.18,114.63,265.36,160.41
3270,976,14,0.00924,0.05,94.5,8.09,147.66
3271,976,14,0.00606,0.04,98.31,5.48,136.71
3272,976,5,0.00335,477.44,35.01,499.93,196.34
3273,976,5,0.00285,189.25,118.24,222.59,156.95
3274,976,14,0.00245,0.01,103.58,4.47,151.91
3275,976,5,0.00245,489.78,43.03,499.97,189.19
3276,976,14,0.00238,144.15,133.53,170.62,159.96
3277,976,14,0.00226,135.12,80.95,150.44,143.02
3278,976,5,0.00199,463.42,68.64,499.73,98.1
3279,976,5,0.00167,465.24,66.94,499.86,132.14
3280,976,14,0.00164,147.45,121.61,180.64,164.83
3281,976,16,0.00164,461.25,100.96,483.12,176.18
3282,976,14,0.00154,128.87,105.89,153.14,163.39
3283,976,14,0.00131,0.0,109.85,10.47,155.82
3284,976,5,0.00118,404.81,114.04,484.43,172.3
3285,976,5,0.00105,487.64,63.85,499.89,124.66
3286,977,8,0.81647,283.49,0.0,318.42,40.28
3287,977,8,0.81072,65.81,0.0,105.82,41.86
3288,977,8,0.80471,198.26,0.0,236.78,42.83
3289,977,8,0.79867,250.27,0.0,287.21,41.99
3290,977,8,0.77253,311.44,0.0,341.0,42.31
3291,977,8,0.76653,103.78,0.0,128.95,40.3
3292,977,8,0.75061,410.46,0.0,444.07,42.11
3293,977,8,0.73477,446.09,0.0,489.68,43.29
3294,977,8,0.7051,385.24,1.22,413.67,42.25
3295,977,8,0.6113,0.08,0.0,27.84,46.24
3296,977,8,0.58723,17.56,0.27,67.92,43.08
3297,977,8,0.35547,227.37,0.0,249.04,17.85
3298,977,8,0.3548,187.77,0.0,206.56,19.73
3299,977,8,0.31386,166.69,0.0,205.46,43.01
3300,977,8,0.29459,352.56,0.44,387.28,42.44
3301,977,8,0.24309,17.1,0.0,47.63,42.74
3302,977,8,0.21042,34.9,0.0,64.41,42.59
3303,977,8,0.20811,128.28,0.0,168.24,36.53
3304,977,8,0.15219,16.0,0.09,36.67,26.62
3305,977,8,0.05969,0.0,0.0,17.24,39.55
3306,977,8,0.04082,250.16,0.0,269.61,34.89
3307,977,8,0.03607,19.84,1.15,43.34,32.15
3308,977,8,0.03521,129.07,0.0,151.55,20.91
3309,977,8,0.02446,0.04,0.0,9.03,46.98
3310,977,8,0.02314,24.9,0.0,45.62,23.07
3311,977,8,0.02003,386.07,0.14,403.55,33.36
3312,977,8,0.01536,41.29,0.0,61.08,31.24
3313,977,8,0.01474,233.67,0.0,258.89,17.73
3314,977,8,0.01268,0.3,0.0,19.32,24.97
3315,977,8,0.0125,191.62,0.0,213.29,19.84
3316,977,8,0.01145,176.88,0.0,201.86,18.19
3317,977,8,0.00929,473.08,0.09,489.18,19.15
3318,977,8,0.00827,214.02,0.0,248.19,22.19
3319,977,8,0.00793,312.87,0.0,332.89,28.46
3320,977,8,0.00792,2.03,0.0,29.74,24.39
3321,977,8,0.00741,244.98,0.0,263.64,20.76
3322,977,8,0.00728,446.3,0.0,469.36,32.1
3323,977,8,0.00682,480.16,0.08,500.0,12.23
3324,977,8,0.0066,0.0,0.0,10.69,26.85
3325,977,8,0.00563,478.42,0.0,500.0,21.07
3326,977,8,0.00548,28.35,0.0,50.01,16.6
3327,977,8,0.00515,33.61,0.0,56.58,23.36
3328,977,8,0.00513,475.08,0.16,493.07,15.23
3329,977,8,0.00466,309.74,0.0,330.83,20.23
3330,977,8,0.00464,40.84,0.0,58.41,21.51
3331,977,8,0.00451,0.0,17.44,10.7,51.31
3332,977,8,0.00408,487.74,0.0,500.0,30.23
3333,977,8,0.00389,36.03,0.0,53.67,16.41
3334,977,8,0.00356,27.26,0.0,49.05,31.6
3335,977,8,0.0033,0.06,15.1,5.15,46.62
3336,977,8,0.00307,42.41,0.0,68.43,37.72
3337,977,8,0.00295,487.46,0.0,499.96,50.46
3338,977,8,0.00288,467.44,0.0,499.15,34.07
3339,977,8,0.00276,457.35,0.0,487.72,29.07
3340,977,8,0.00266,2.0,0.0,42.73,38.47
3341,977,8,0.00258,0.0,11.75,17.91,46.98
3342,977,8,0.00246,33.9,0.0,52.66,10.61
3343,977,8,0.00237,179.16,0.0,197.91,7.88
3344,977,8,0.00223,321.22,16.6,339.39,42.54
3345,977,8,0.00217,175.22,0.0,195.82,10.34
3346,977,8,0.00209,128.29,0.0,145.75,15.98
3347,977,8,0.00209,141.56,0.0,173.03,12.31
3348,977,8,0.00203,67.09,5.81,85.61,41.2
3349,977,8,0.00201,131.42,0.0,153.98,14.75
3350,977,8,0.0019,306.78,0.0,325.32,15.6
3351,977,8,0.00188,0.0,0.0,16.32,24.84
3352,977,8,0.00185,202.33,0.0,234.2,28.47
3353,977,8,0.0018,479.66,0.0,499.87,28.54
3354,977,8,0.00175,229.92,0.0,271.2,23.7
3355,977,8,0.00175,190.08,0.0,209.32,14.24
3356,977,8,0.00169,40.63,0.0,55.8,10.29
3357,977,8,0.00169,496.35,0.01,500.0,32.78
3358,977,8,0.00168,143.39,0.0,162.97,32.69
3359,977,8,0.00167,394.26,11.43,411.03,41.84
3360,977,8,0.00163,496.34,0.14,500.0,18.0
3361,977,8,0.0016,143.63,0.0,173.47,20.55
3362,977,8,0.00156,447.9,0.0,462.17,8.01
3363,977,8,0.00152,227.51,0.0,267.93,40.12
3364,977,8,0.00139,223.75,0.0,248.45,12.15
3365,977,8,0.00133,124.14,0.0,142.52,13.92
3366,977,8,0.00131,291.68,13.58,312.71,39.89
3367,977,8,0.0013,175.72,0.0,200.81,32.48
3368,977,8,0.0013,459.95,0.0,488.17,18.48
3369,977,8,0.00123,27.23,0.0,45.37,12.76
3370,977,8,0.0012,26.52,0.0,54.45,44.31
3371,977,8,0.00119,446.52,0.0,463.36,24.78
3372,977,8,0.00118,408.56,0.0,432.71,21.62
3373,977,8,0.00118,194.85,0.0,214.36,11.52
3374,977,8,0.00117,171.51,0.0,195.75,21.92
3375,977,8,0.00115,166.58,0.0,182.89,12.09
3376,977,8,0.00114,495.9,3.25,500.0,61.22
3377,977,8,0.00114,168.71,0.0,195.02,36.78
3378,977,16,0.00113,283.84,0.0,317.98,38.55
3379,977,8,0.0011,44.7,0.0,70.06,23.23
3380,977,8,0.00107,44.51,0.0,76.92,10.34
3381,977,8,0.001,66.41,0.0,82.99,34.69
3382,978,14,0.75494,439.73,61.83,467.7,121.31
3383,978,14,0.6629,256.91,73.67,289.88,175.25
3384,978,14,0.64662,88.59,109.33,114.49,199.03
3385,978,14,0.63857,64.29,111.54,97.25,199.76
3386,978,14,0.63852,216.2,89.48,246.15,135.18
3387,978,8,0.58754,127.61,148.33,237.96,203.43
3388,978,14,0.56186,326.95,89.68,348.76,128.83
3389,978,14,0.53163,139.0,103.09,169.71,130.95
3390,978,8,0.52806,0.0,133.86,68.05,188.24
3391,978,14,0.51327,278.77,75.6,308.44,179.76
3392,978,14,0.48873,426.42,52.47,446.35,119.13
3393,978,14,0.44666,260.56,76.16,305.82,180.82
3394,978,14,0.29616,61.32,109.97,115.4,200.77
3395,978,14,0.2094,0.06,134.45,11.57,203.32
3396,978,14,0.14799,135.46,103.36,169.04,162.62
3397,978,14,0.11383,112.89,114.83,164.53,186.95
3398,978,8,0.1054,0.32,131.42,35.72,185.17
3399,978,14,0.10355,426.98,52.83,446.91,93.54
3400,978,14,0.05863,430.48,77.83,446.34,119.3
3401,978,14,0.05129,0.13,133.98,23.01,206.64
3402,978,14,0.05035,228.08,91.84,249.18,128.95
3403,978,14,0.04497,479.99,83.9,498.94,143.29
3404,978,14,0.04265,216.05,92.92,235.41,136.31
3405,978,14,0.04049,494.78,74.59,499.0,146.98
3406,978,14,0.03956,464.63,61.34,479.1,95.11
3407,978,8,0.02673,113.11,124.02,158.53,187.86
3408,978,8,0.02577,0.43,0.94,40.29,61.53
3409,978,14,0.01805,487.07,72.49,499.0,129.76
3410,978,14,0.01524,0.11,0.0,39.55,97.15
3411,978,14,0.0143,89.01,109.46,112.49,165.61
3412,978,8,0.01214,0.0,0.0,39.5,104.55
3413,978,8,0.01017,90.2,109.5,124.24,151.59
3414,978,5,0.00927,0.0,1.76,122.96,32.1
3415,978,14,0.00918,0.0,109.82,29.07,193.3
3416,978,14,0.00871,433.48,74.74,460.14,119.67
3417,978,14,0.00868,27.43,130.83,67.78,180.48
3418,978,14,0.00775,231.13,93.0,261.56,129.3
3419,978,14,0.00773,0.14,99.8,19.1,139.74
3420,978,14,0.00715,100.97,115.2,124.81,147.73
3421,978,14,0.00631,135.18,124.06,159.64,162.04
3422,978,14,0.006,5.63,131.28,34.15,184.0
3423,978,14,0.00595,487.03,94.6,498.98,148.71
3424,978,8,0.00586,0.0,131.39,18.41,198.36
3425,978,14,0.00582,477.18,71.9,499.0,119.85
3426,978,14,0.00582,494.34,106.52,499.0,162.4
3427,978,14,0.00565,0.13,102.55,19.86,167.63
3428,978,8,0.00564,477.64,78.15,498.96,144.57
3429,978,14,0.00558,88.5,109.28,120.95,148.77
3430,978,14,0.00535,0.0,106.64,14.02,191.56
3431,978,14,0.00515,0.01,107.49,12.94,144.05
3432,978,14,0.00508,138.03,145.51,200.15,207.28
3433,978,14,0.00473,494.68,66.13,499.0,121.34
3434,978,14,0.00456,494.85,109.62,499.0,146.17
3435,978,8,0.00455,124.87,165.65,185.43,204.74
3436,978,14,0.00445,0.09,161.82,10.86,202.56
3437,978,8,0.00445,100.16,115.7,124.44,146.06
3438,978,14,0.00442,0.01,147.83,8.12,203.14
3439,978,14,0.00396,0.0,101.27,10.2,166.48
3440,978,14,0.00389,0.17,150.27,15.52,206.66
3441,978,8,0.00379,118.81,161.9,140.42,188.23
3442,978,14,0.00333,6.22,97.42,22.52,129.85
3443,978,14,0.00332,487.76,112.82,498.53,144.44
3444,978,16,0.0033,41.24,47.33,57.95,63.19
3445,978,14,0.00314,477.58,90.88,498.92,122.01
3446,978,8,0.00312,0.0,29.87,9.99,104.4
3447,978,14,0.00304,327.75,81.22,355.6,126.01
3448,978,8,0.00294,114.05,148.88,164.4,191.66
3449,978,14,0.00288,0.03,109.19,3.93,138.83
3450,978,14,0.00285,0.0,127.7,4.68,209.49
3451,978,16,0.00264,412.86,211.24,497.18,254.9
3452,978,5,0.0026,1.56,1.28,113.39,60.85
3453,978,14,0.00259,276.17,75.24,301.66,137.16
3454,978,14,0.00258,0.0,31.56,7.72,105.28
3455,978,8,0.00251,0.0,129.03,12.0,191.25
3456,978,8,0.00241,0.04,0.0,24.58,97.46
3457,978,14,0.00233,482.01,108.62,498.97,142.52
3458,978,14,0.00223,0.02,39.83,16.04,140.53
3459,978,8,0.00213,11.53,128.72,52.55,184.06
3460,978,16,0.00201,387.05,187.01,455.48,213.55
3461,978,14,0.002,477.2,77.93,497.88,96.39
3462,978,14,0.00196,0.0,29.86,13.73,98.87
3463,978,14,0.00192,182.98,87.79,231.79,163.11
3464,978,14,0.00191,452.92,62.59,468.45,119.28
3465,978,14,0.00184,0.3,28.9,35.82,92.07
3466,978,14,0.00174,0.0,0.0,5.86,68.82
3467,978,16,0.0017,444.71,61.82,470.88,114.48
3468,978,8,0.00167,4.71,133.53,31.09,170.2
3469,978,8,0.00166,463.74,77.34,498.98,140.19
3470,978,14,0.00165,0.0,0.45,10.64,60.62
3471,978,8,0.00158,0.12,0.0,65.35,159.68
3472,978,14,0.00157,275.42,75.45,299.29,111.31
3473,978,8,0.0015,24.62,131.31,66.66,183.04
3474,978,14,0.00149,0.0,107.31,3.78,159.31
3475,978,14,0.00148,477.47,104.23,499.0,119.75
3476,978,8,0.00142,21.77,14.19,78.05,63.25
3477,978,14,0.00134,42.79,136.78,70.03,189.42
3478,978,14,0.00131,0.46,0.15,31.39,29.58
3479,978,14,0.00129,185.94,111.44,225.38,170.43
3480,978,8,0.00126,97.72,111.17,129.11,161.05
3481,978,14,0.00125,182.02,101.29,199.66,133.14
3482,978,14,0.00123,464.19,83.61,499.0,119.98
3483,978,8,0.00122,35.72,137.09,69.54,188.64
3484,978,14,0.00116,3.92,45.72,33.2,90.11
3485,978,8,0.00111,89.17,110.4,161.49,189.82
3486,978,14,0.0011,0.2,35.62,37.33,126.84
3487,978,8,0.00109,0.02,0.2,31.12,34.87
3488,978,14,0.00108,465.1,61.1,495.59,95.43
3489,978,14,0.00107,0.79,69.29,20.52,138.88
3490,978,14,0.00103,138.17,103.71,159.32,121.94
3491,980,17,0.79817,212.11,164.78,243.23,194.46
3492,980,17,0.01162,301.67,0.0,324.75,18.43
3493,980,6,0.0077,27.66,42.23,47.06,54.57
3494,980,17,0.00766,135.85,34.68,162.48,61.8
3495,980,17,0.00646,88.11,142.89,104.79,164.01
3496,980,17,0.00478,230.65,62.47,257.2,88.29
3497,980,17,0.00227,361.98,0.39,400.17,31.18
3498,980,17,0.00216,14.1,130.86,44.03,156.96
3499,980,17,0.00176,231.8,63.38,249.16,83.35
3500,980,7,0.00175,13.08,130.88,43.97,154.85
3501,980,17,0.00156,210.3,167.48,229.2,192.5
3502,983,5,0.84218,0.0,166.36,43.63,194.56
3503,983,5,0.76729,430.62,175.31,489.0,205.87
3504,983,5,0.69951,282.57,167.91,343.67,199.18
3505,983,5,0.58862,320.64,172.98,376.86,200.09
3506,983,5,0.55154,88.25,149.9,113.22,168.42
3507,983,5,0.34512,283.95,170.89,377.41,199.94
3508,983,5,0.18127,38.1,121.84,59.24,136.61
3509,983,5,0.15389,0.39,129.97,32.51,152.69
3510,983,5,0.04542,37.72,121.04,69.49,138.14
3511,983,5,0.03034,467.59,151.95,488.92,170.23
3512,983,14,0.02444,7.71,155.53,17.54,167.31
3513,983,5,0.02223,292.12,168.99,341.32,189.22
3514,983,5,0.01939,0.0,132.32,30.59,162.58
3515,983,5,0.01863,478.8,154.9,488.98,170.1
3516,983,5,0.01592,101.78,140.26,116.89,151.44
3517,983,5,0.01526,485.1,154.8,488.99,170.0
3518,983,5,0.0087,43.54,112.52,69.45,134.32
3519,983,8,0.0085,55.14,147.88,65.2,159.22
3520,983,5,0.0076,0.0,153.67,5.42,164.9
3521,983,5,0.00727,89.05,142.57,115.48,164.81
3522,983,14,0.00718,28.09,159.1,35.91,168.11
3523,983,14,0.00686,26.3,159.01,36.75,170.44
3524,983,5,0.00665,39.89,114.24,96.07,137.3
3525,983,14,0.00597,54.7,145.83,62.71,152.19
3526,983,14,0.00573,13.2,148.37,23.4,162.98
3527,983,14,0.00524,0.06,154.2,5.0,164.63
3528,983,5,0.00498,0.59,149.92,21.29,164.91
3529,983,14,0.00473,465.64,151.03,474.96,170.28
3530,983,14,0.00401,0.07,153.68,11.46,166.78
3531,983,5,0.0037,464.99,153.11,483.2,169.5
3532,983,8,0.00353,0.06,154.25,7.97,166.73
3533,983,5,0.00344,472.42,142.21,488.95,169.73
3534,983,5,0.00311,0.0,151.03,5.8,173.82
3535,983,14,0.00305,463.89,155.18,473.03,169.35
3536,983,5,0.0029,124.62,85.66,152.11,98.53
3537,983,5,0.00268,48.27,110.06,69.29,122.24
3538,983,14,0.00243,9.7,150.75,20.94,167.23
3539,983,5,0.0023,54.82,140.72,68.59,150.67
3540,983,5,0.00225,0.0,109.83,8.52,135.28
3541,983,14,0.00213,5.47,154.98,15.51,166.68
3542,983,14,0.00212,54.82,147.67,64.58,159.28
3543,983,14,0.00212,8.23,148.26,22.82,164.59
3544,983,5,0.00158,65.51,116.59,98.71,136.92
3545,983,5,0.00154,0.0,132.18,9.25,163.18
3546,983,5,0.00148,392.09,163.12,426.14,179.72
3547,983,5,0.00146,78.29,151.24,103.58,168.29
3548,983,5,0.00139,54.93,143.07,63.01,150.29
3549,983,14,0.00138,54.41,143.37,63.9,151.29
3550,983,5,0.00136,119.12,82.99,162.07,102.02
3551,983,14,0.00136,11.93,154.87,35.52,168.76
3552,983,5,0.00131,50.91,111.14,67.68,126.89
3553,983,5,0.00124,69.47,112.34,98.67,132.4
3554,983,5,0.00122,279.19,138.5,318.51,158.53
3555,983,5,0.00116,465.78,155.1,489.0,190.91
3556,983,5,0.00112,484.54,158.29,489.0,177.85
3557,983,8,0.00112,54.48,145.39,67.21,160.4
3558,983,14,0.00109,9.97,150.03,31.89,168.11
3559,983,5,0.00104,54.34,144.65,67.57,158.49
3560,983,5,0.00102,51.51,109.53,83.98,127.97
3561,983,5,0.00102,457.27,162.28,469.82,170.17
3562,991,3,0.94925,220.75,92.36,292.61,202.27
3563,991,3,0.94656,388.42,128.8,465.36,229.48
3564,991,4,0.61454,326.04,36.4,441.25,84.89
3565,991,3,0.10368,325.23,33.89,437.08,86.23
3566,991,3,0.0081,387.66,178.51,459.01,227.62
3567,991,3,0.00408,223.5,93.56,279.51,129.37
3568,991,3,0.00129,222.5,94.22,279.58,163.83
3569,991,4,0.0012,331.52,53.11,435.35,85.27
3570,994,14,0.02836,0.05,69.38,9.91,128.45
3571,994,6,0.00317,327.74,14.2,477.47,127.65
3572,994,3,0.00192,376.48,16.7,478.09,129.9
3573,994,14,0.00167,0.11,70.81,26.08,129.88
3574,994,6,0.00144,319.71,88.97,458.8,149.43
3575,994,8,0.00138,380.16,16.95,480.54,103.6
3576,994,17,0.00107,497.59,119.49,501.0,129.79
3577,1009,2,0.84741,72.64,176.27,92.57,201.64
3578,1009,5,0.00137,21.51,60.03,50.73,74.74
3579,1019,0,0.91194,184.78,26.64,231.21,74.11
3580,1019,0,0.90018,112.61,0.68,155.8,46.4
3581,1019,1,0.73416,75.35,93.5,129.46,145.32
3582,1019,0,0.57093,76.85,93.09,127.11,144.13
3583,1019,6,0.00134,464.37,0.0,479.9,90.6
3584,1019,6,0.00115,385.1,48.65,400.58,64.35
3585,1026,7,0.85512,104.87,181.82,130.79,202.99
3586,1027,17,0.87356,338.91,102.11,353.52,116.19
3587,1027,9,0.73756,396.4,145.9,416.28,165.75
3588,1027,9,0.72943,349.54,197.19,370.15,220.1
3589,1027,10,0.09359,309.12,195.29,331.38,220.85
3590,1027,17,0.02622,302.75,152.09,319.73,171.24
3591,1027,9,0.01235,136.25,178.22,155.53,191.13
3592,1027,11,0.00903,104.71,219.29,129.82,237.26
3593,1027,9,0.00642,105.5,219.32,129.93,237.13
3594,1027,10,0.00291,136.78,178.26,155.27,190.99
3595,1027,10,0.00235,104.8,219.35,129.6,237.12
3596,1027,6,0.00174,458.6,113.12,489.79,170.26
3597,1033,15,0.80112,382.85,0.0,418.88,17.89
3598,1033,7,0.03861,382.3,0.3,419.44,17.62
3599,1033,16,0.00178,304.81,128.42,343.15,146.67
3600,1033,5,0.00156,195.74,2.01,467.0,186.43
3601,1033,15,0.00136,383.33,0.26,400.95,17.64
3602,1033,15,0.00104,0.7,85.67,70.54,186.75
3603,1040,0,0.88055,234.06,150.51,268.23,185.46
3604,1040,11,0.70499,158.47,82.14,187.95,109.11
3605,1040,4,0.63968,284.9,67.37,353.46,90.01
3606,1040,0,0.47801,441.22,35.67,455.47,52.67
3607,1040,4,0.14504,285.72,68.02,326.77,90.13
3608,1040,0,0.11043,158.29,81.48,188.1,109.12
3609,1040,4,0.02652,284.16,66.61,353.59,105.37
3610,1040,0,0.00862,418.64,125.01,449.95,157.76
3611,1040,15,0.00774,352.68,173.74,387.74,216.83
3612,1040,6,0.00452,177.19,130.01,212.98,152.46
3613,1040,15,0.0026,0.0,171.08,23.57,207.02
3614,1040,0,0.00234,441.4,18.7,481.73,53.0
3615,1040,4,0.0019,285.32,68.03,324.88,105.19
3616,1040,3,0.00151,319.54,123.43,368.31,161.61
3617,1040,3,0.00113,284.04,65.6,353.5,108.24
3618,1046,15,0.89069,282.07,192.61,300.27,212.04
3619,1048,17,0.79202,386.57,132.1,406.96,152.72
3620,1048,17,0.65474,392.96,95.83,412.44,116.11
3621,1048,17,0.34707,395.59,59.06,415.34,78.24
3622,1048,2,0.03817,394.77,59.11,416.1,78.55
3623,1048,6,0.01349,325.9,83.38,428.19,158.13
3624,1048,6,0.00425,388.36,82.21,426.52,157.9
3625,1048,2,0.0025,392.38,95.7,415.18,116.11
3626,1048,6,0.00208,386.66,123.14,425.15,155.67
3627,1050,0,0.84042,296.34,76.7,312.05,93.74
3628,1050,10,0.69884,261.96,80.11,276.68,96.24
3629,1050,11,0.69065,222.15,72.83,237.72,89.31
3630,1050,10,0.67613,352.93,66.98,369.6,82.14
3631,1050,0,0.57459,317.03,65.22,331.19,80.65
3632,1050,0,0.56382,206.25,85.93,221.01,102.49
3633,1050,11,0.3927,317.4,65.12,331.49,80.85
3634,1050,0,0.31344,221.87,72.68,237.89,89.12
3635,1050,11,0.25371,206.19,85.46,221.32,101.82
3636,1050,0,0.21556,261.91,80.29,276.51,96.32
3637,1050,8,0.02374,0.0,0.0,42.58,116.85
3638,1050,8,0.00691,377.71,152.84,483.33,208.4
3639,1050,14,0.00589,60.72,136.0,138.47,236.24
3640,1050,8,0.00205,405.65,164.26,482.2,208.63
3641,1050,16,0.00188,206.53,142.44,234.9,167.27
3642,1050,8,0.00166,0.0,0.0,41.28,36.48
3643,1050,8,0.00162,380.67,171.98,471.05,208.81
3644,1050,8,0.00147,469.96,0.0,491.96,51.18
3645,1050,8,0.00116,0.0,0.41,73.02,124.33
3646,1050,16,0.00114,316.36,64.98,331.07,80.87
3647,1050,9,0.00112,9.45,117.79,75.22,145.49
3648,1056,14,0.73238,16.07,152.73,46.77,231.8
3649,1056,14,0.59962,140.18,169.86,170.4,211.77
3650,1056,14,0.59896,200.41,152.71,237.86,220.13
3651,1056,14,0.5743,363.41,176.33,378.25,201.11
3652,1056,14,0.55481,436.95,187.32,455.53,222.41
3653,1056,14,0.48948,354.64,166.53,365.6,192.42
3654,1056,14,0.40838,246.0,166.45,259.93,195.69
3655,1056,16,0.38039,348.68,207.94,379.1,228.19
3656,1056,14,0.35834,311.71,176.09,325.01,198.48
3657,1056,16,0.25855,429.26,222.22,456.73,239.03
3658,1056,16,0.15009,306.8,203.87,339.01,225.51
3659,1056,16,0.12133,0.04,225.83,23.91,252.22
3660,1056,16,0.10479,119.24,205.23,164.2,229.64
3661,1056,16,0.10151,343.96,208.59,403.24,229.49
3662,1056,16,0.0995,175.06,198.38,203.5,224.25
3663,1056,16,0.09379,49.52,214.79,83.42,239.54
3664,1056,14,0.08713,271.65,158.13,295.35,203.58
3665,1056,16,0.08003,50.41,203.08,102.72,236.65
3666,1056,16,0.07133,333.03,207.1,367.32,226.3
3667,1056,14,0.05178,405.39,164.48,417.44,191.28
3668,1056,16,0.0504,320.91,205.78,378.41,227.19
3669,1056,14,0.05039,339.07,167.01,351.71,195.41
3670,1056,16,0.048,72.37,204.01,105.58,234.91
3671,1056,16,0.04496,246.02,198.32,272.73,220.76
3672,1056,16,0.04167,372.3,244.68,415.73,256.0
3673,1056,14,0.04138,315.42,166.42,332.49,198.37
3674,1056,14,0.03872,81.45,163.75,98.57,193.58
3675,1056,16,0.03651,302.26,203.73,367.25,227.13
3676,1056,16,0.0331,347.58,246.08,394.2,256.0
3677,1056,16,0.02857,63.82,244.94,97.47,256.0
3678,1056,16,0.02512,57.61,214.26,102.26,235.48
3679,1056,14,0.02232,320.76,165.5,332.07,191.72
3680,1056,14,0.02208,380.44,183.18,398.45,202.7
3681,1056,14,0.02127,233.26,166.33,259.66,196.31
3682,1056,16,0.02024,78.62,203.0,103.58,225.88
3683,1056,16,0.01955,79.52,199.59,160.45,231.94
3684,1056,16,0.01928,48.74,211.33,100.73,246.62
3685,1056,14,0.01925,234.12,165.22,249.86,185.52
3686,1056,14,0.01699,246.37,176.21,256.05,196.35
3687,1056,16,0.01567,392.44,213.45,406.28,231.78
3688,1056,16,0.0146,50.05,241.25,94.53,256.0
3689,1056,16,0.01425,245.49,199.04,288.16,221.37
3690,1056,14,0.014,482.87,191.37,491.47,201.46
3691,1056,14,0.01399,60.75,172.7,84.66,212.59
3692,1056,16,0.01372,346.14,248.47,377.5,256.0
3693,1056,16,0.01366,208.49,193.91,240.28,221.14
3694,1056,16,0.01282,376.51,213.06,406.13,232.89
3695,1056,14,0.01235,131.35,178.44,145.77,193.74
3696,1056,14,0.0115,393.31,190.53,399.52,201.16
3697,1056,14,0.01148,341.63,170.2,353.77,200.49
3698,1056,16,0.01139,0.0,227.17,42.15,255.26
3699,1056,16,0.01082,273.7,202.95,342.9,226.79
3700,1056,16,0.01082,275.37,202.29,310.71,224.66
3701,1056,16,0.01045,45.46,221.54,96.29,256.0
3702,1056,16,0.01034,334.17,206.74,355.12,225.87
3703,1056,14,0.01007,408.66,171.16,418.37,194.76
3704,1056,14,0.00959,319.9,166.64,336.45,197.13
3705,1056,14,0.00949,131.47,174.38,148.46,197.23
3706,1056,16,0.00902,246.51,200.19,306.3,224.83
3707,1056,16,0.00863,315.4,206.5,354.02,225.74
3708,1056,16,0.00832,406.77,221.14,456.45,238.74
3709,1056,14,0.00797,333.79,167.97,353.34,198.19
3710,1056,16,0.00791,135.94,204.89,167.04,229.02
3711,1056,16,0.0074,0.0,228.22,14.06,253.58
3712,1056,14,0.00648,85.48,173.37,98.99,193.48
3713,1056,16,0.00615,79.42,202.69,115.59,234.52
3714,1056,16,0.00595,286.7,202.74,307.61,224.57
3715,1056,14,0.00584,310.16,171.45,342.63,199.72
3716,1056,16,0.00552,305.14,221.1,379.58,254.98
3717,1056,16,0.0055,332.63,213.62,408.89,254.44
3718,1056,14,0.0053,300.7,172.45,325.17,198.66
3719,1056,16,0.00521,68.99,242.79,115.18,256.0
3720,1056,14,0.00518,233.83,165.61,248.2,178.91
3721,1056,16,0.00516,24.28,208.16,84.48,238.48
3722,1056,14,0.00495,0.08,192.08,21.06,229.34
3723,1056,16,0.0049,42.39,237.22,86.18,256.0
3724,1056,16,0.0048,63.63,236.47,110.5,255.71
3725,1056,16,0.0046,113.95,198.52,155.25,230.83
3726,1056,16,0.00459,348.68,234.21,414.81,255.41
3727,1056,14,0.00455,279.98,177.84,294.83,203.77
3728,1056,14,0.00447,338.8,168.9,346.17,192.25
3729,1056,16,0.00443,363.21,245.09,405.04,256.0
3730,1056,16,0.00434,0.03,183.91,18.56,225.29
3731,1056,16,0.00423,306.99,204.78,378.97,234.33
3732,1056,14,0.00406,131.41,171.71,160.49,207.5
3733,1056,16,0.004,0.01,231.22,7.18,255.05
3734,1056,16,0.00399,136.45,195.14,206.72,227.5
3735,1056,14,0.00393,87.14,179.95,98.53,193.97
3736,1056,14,0.00369,57.13,187.26,82.75,219.94
3737,1056,16,0.00367,15.45,214.87,94.26,254.83
3738,1056,14,0.00346,344.57,164.88,352.76,193.91
3739,1056,14,0.00336,33.04,188.91,48.42,231.44
3740,1056,14,0.00333,261.5,167.63,276.01,195.19
3741,1056,14,0.00295,200.71,177.31,227.98,218.93
3742,1056,16,0.00294,388.95,207.64,458.77,237.86
3743,1056,14,0.00293,365.09,179.33,396.86,202.91
3744,1056,16,0.00287,390.46,213.33,420.58,235.14
3745,1056,14,0.0028,343.02,164.03,363.02,192.64
3746,1056,16,0.00279,48.36,246.3,89.6,256.0
3747,1056,14,0.00279,436.98,169.93,453.03,197.58
3748,1056,14,0.00276,131.13,170.17,156.92,195.43
3749,1056,14,0.00276,385.52,186.26,399.92,201.8
3750,1056,14,0.0027,75.11,166.33,96.25,196.56
3751,1056,14,0.00268,414.74,168.86,456.3,218.28
3752,1056,16,0.00267,0.01,214.68,22.91,256.0
3753,1056,16,0.00266,339.25,246.28,377.93,255.34
3754,1056,16,0.00255,201.01,185.1,238.37,220.68
3755,1056,16,0.00248,126.59,204.4,179.28,228.5
3756,1056,14,0.00247,158.77,179.82,171.59,214.68
3757,1056,14,0.00243,33.04,189.56,59.26,231.19
3758,1056,16,0.00229,130.44,204.91,171.94,250.52
3759,1056,16,0.00228,116.82,199.41,138.66,224.48
3760,1056,16,0.00227,66.31,203.89,102.17,222.4
3761,1056,16,0.00224,32.14,215.84,75.18,240.26
3762,1056,16,0.0021,332.47,229.1,390.12,255.23
3763,1056,16,0.00191,212.74,191.16,267.2,220.74
3764,1056,14,0.00188,422.63,169.07,453.63,198.67
3765,1056,14,0.00187,476.21,188.58,493.04,201.24
3766,1056,14,0.00183,200.33,165.26,237.29,204.36
3767,1056,16,0.00179,334.39,212.48,352.27,226.18
3768,1056,14,0.00179,247.72,164.99,272.86,197.0
3769,1056,16,0.00178,374.04,236.7,415.02,255.95
3770,1056,16,0.00172,28.64,233.76,91.07,256.0
3771,1056,16,0.0017,28.01,203.01,64.18,232.7
3772,1056,16,0.00165,0.0,239.1,13.18,256.0
3773,1056,14,0.00165,432.59,184.1,453.21,200.56
3774,1056,14,0.00163,437.53,186.73,451.87,201.46
3775,1056,16,0.00161,177.74,187.97,215.6,220.61
3776,1056,14,0.00154,154.1,173.05,171.04,214.88
3777,1056,14,0.00153,142.74,175.27,164.61,209.85
3778,1056,14,0.00152,344.58,171.83,355.5,198.11
3779,1056,16,0.0015,123.62,222.54,228.81,255.58
3780,1056,14,0.00148,69.38,174.73,84.76,208.15
3781,1056,16,0.00145,125.57,201.84,215.94,255.99
3782,1056,14,0.00143,25.39,174.11,47.99,231.99
3783,1056,16,0.0014,391.42,247.18,416.49,256.0
3784,1056,14,0.00135,282.18,171.79,326.87,200.85
3785,1056,14,0.00134,205.45,186.99,239.95,220.91
3786,1056,16,0.00133,261.82,202.42,354.72,242.42
3787,1056,16,0.00132,67.72,247.57,93.94,256.0
3788,1056,14,0.0013,324.91,166.6,349.8,198.92
3789,1056,16,0.00129,0.0,181.79,6.79,219.31
3790,1056,14,0.00123,56.25,188.73,75.0,213.4
3791,1056,14,0.00121,0.3,172.84,37.36,256.0
3792,1056,16,0.0012,301.49,203.03,356.23,240.62
3793,1056,14,0.00119,436.36,169.46,464.9,222.22
3794,1056,16,0.00119,289.94,216.46,348.73,253.72
3795,1056,16,0.00113,0.0,226.09,82.07,256.0
3796,1056,14,0.00113,200.25,187.51,214.62,218.21
3797,1056,14,0.00113,0.0,183.57,34.9,226.66
3798,1056,14,0.00112,366.52,179.79,385.87,196.11
3799,1056,14,0.00103,266.14,169.55,277.27,195.83
3800,1056,16,0.00101,254.9,191.75,295.43,220.85
3801,1059,15,0.86611,360.89,104.66,389.13,134.96
3802,1059,15,0.84545,247.39,125.84,281.0,160.37
3803,1059,15,0.78522,282.93,82.05,304.9,106.31
3804,1059,5,0.00593,115.88,193.61,213.7,249.0
3805,1059,7,0.00202,247.43,125.38,281.71,160.97
3806,1078,16,0.67109,1.88,114.35,24.14,142.34
3807,1078,16,0.64574,26.1,115.07,47.22,141.72
3808,1078,16,0.62405,47.67,114.45,68.34,140.82
3809,1078,16,0.57186,68.97,112.7,89.16,138.39
3810,1078,16,0.54149,89.57,111.66,107.77,135.54
3811,1078,8,0.5215,359.28,91.5,402.78,130.92
3812,1078,16,0.44451,107.24,110.97,123.35,133.22
3813,1078,14,0.44318,364.9,70.14,389.75,94.17
3814,1078,16,0.39982,160.93,108.45,175.16,127.37
3815,1078,14,0.37553,233.55,77.12,243.85,102.62
3816,1078,16,0.36011,121.83,110.5,136.07,131.7
3817,1078,16,0.35847,135.49,109.85,150.5,130.7
3818,1078,8,0.24051,377.12,91.45,403.44,127.67
3819,1078,16,0.24031,148.51,108.5,161.34,129.04
3820,1078,16,0.23651,173.96,107.22,185.97,125.66
3821,1078,14,0.23233,384.91,75.39,403.07,94.84
3822,1078,16,0.19287,184.62,106.26,196.14,124.15
3823,1078,16,0.17374,204.46,105.07,215.26,121.45
3824,1078,16,0.16705,194.74,105.65,205.63,122.98
3825,1078,16,0.16352,8.4,113.67,46.99,142.13
3826,1078,16,0.15585,228.59,103.89,239.09,119.83
3827,1078,16,0.11089,221.74,103.92,230.82,119.91
3828,1078,16,0.10838,214.1,104.64,223.09,120.22
3829,1078,8,0.10594,367.07,95.83,384.84,133.29
3830,1078,16,0.08422,135.73,109.16,161.52,129.63
3831,1078,16,0.06946,215.41,104.55,235.2,120.68
3832,1078,16,0.06814,89.72,110.71,119.84,134.46
3833,1078,16,0.06469,33.05,113.87,68.31,141.13
3834,1078,16,0.06341,209.9,104.84,224.28,121.38
3835,1078,16,0.05726,175.65,106.48,201.32,125.1
3836,1078,16,0.05124,182.54,105.68,205.63,124.37
3837,1078,14,0.04536,364.13,70.75,403.0,95.89
3838,1078,16,0.04335,107.45,110.51,135.89,132.79
3839,1078,16,0.03957,189.53,105.46,209.69,123.64
3840,1078,16,0.02642,195.3,105.22,215.81,122.61
3841,1078,16,0.02532,272.52,99.71,280.79,108.78
3842,1078,16,0.02422,68.87,111.37,105.12,137.55
3843,1078,16,0.02363,120.62,109.72,151.33,132.03
3844,1078,14,0.0161,372.78,75.51,403.9,128.74
3845,1078,8,0.01342,357.95,94.8,386.85,130.18
3846,1078,16,0.01276,202.23,104.62,227.84,121.96
3847,1078,8,0.01225,370.87,103.07,384.12,132.93
3848,1078,16,0.01078,469.96,128.63,477.66,135.62
3849,1078,14,0.01029,360.77,70.78,398.01,125.71
3850,1078,14,0.00959,232.43,84.94,243.33,111.97
3851,1078,14,0.00774,384.19,74.56,401.33,86.98
3852,1078,16,0.00695,234.39,98.8,243.4,107.97
3853,1078,14,0.00575,386.0,88.13,402.84,100.8
3854,1078,16,0.00484,269.09,99.21,281.23,110.44
3855,1078,16,0.00458,260.79,99.63,281.13,110.35
3856,1078,14,0.0045,369.81,70.08,400.37,89.68
3857,1078,14,0.00415,42.54,86.86,57.14,115.28
3858,1078,16,0.00336,376.14,142.19,402.88,154.13
3859,1078,14,0.00296,363.49,92.21,382.51,103.71
3860,1078,16,0.00282,1.01,115.29,9.62,141.99
3861,1078,16,0.00262,470.1,127.46,482.45,136.59
3862,1078,14,0.00259,315.12,86.81,340.59,116.12
3863,1078,14,0.00242,385.89,80.14,405.35,104.91
3864,1078,8,0.00231,384.13,98.69,400.39,128.21
3865,1078,16,0.00227,0.0,112.76,6.2,141.71
3866,1078,8,0.00214,364.87,93.03,385.45,122.27
3867,1078,14,0.00208,388.06,78.08,407.93,100.02
3868,1078,16,0.00206,150.33,108.28,175.77,127.11
3869,1078,16,0.00199,226.97,99.8,241.01,116.65
3870,1078,16,0.00189,231.18,98.53,247.33,118.66
3871,1078,16,0.00174,484.34,108.07,487.94,125.85
3872,1078,16,0.00173,469.97,119.85,488.0,138.86
3873,1078,14,0.00164,362.17,91.71,386.53,107.51
3874,1078,16,0.00158,229.86,103.48,250.36,120.34
3875,1078,8,0.00154,316.88,88.85,340.54,116.18
3876,1078,14,0.00144,361.73,91.16,393.37,117.19
3877,1078,14,0.00134,381.4,90.93,401.53,106.9
3878,1078,16,0.00132,212.31,101.33,226.43,118.47
3879,1078,16,0.00132,0.13,118.78,4.48,145.68
3880,1078,14,0.00123,229.27,81.44,244.35,107.66
3881,1078,16,0.00122,64.6,84.68,81.67,110.17
3882,1078,14,0.00121,332.78,83.69,350.58,104.09
3883,1078,5,0.0012,403.67,92.12,417.78,106.22
3884,1078,5,0.00115,469.69,145.14,487.96,167.89
3885,1078,16,0.00111,270.73,99.02,285.01,115.06
3886,1078,16,0.00105,484.53,110.98,488.0,148.34
3887,1081,3,0.84922,262.27,162.24,318.7,192.02
3888,1081,1,0.74754,242.2,142.75,266.97,168.44
3889,1081,13,0.69022,199.06,172.68,225.36,198.94
3890,1081,0,0.48512,312.83,185.0,339.02,205.0
3891,1081,0,0.45914,232.61,194.86,257.51,205.0
3892,1081,12,0.45122,312.87,185.33,338.8,205.0
3893,1081,4,0.15029,232.62,195.08,257.36,205.0
3894,1081,1,0.05213,199.74,173.33,225.52,198.93
3895,1081,0,0.00234,228.93,195.31,257.67,205.0
3896,1081,11,0.00148,312.98,185.43,339.58,205.0
3897,1081,3,0.0011,262.89,168.88,303.84,192.34
3898,1083,2,0.85049,194.55,79.47,214.81,107.21
3899,1083,2,0.84333,176.9,38.5,197.22,63.41
3900,1083,2,0.83213,285.16,25.85,304.04,49.98
3901,1083,2,0.82516,305.7,82.25,328.01,109.87
3902,1083,2,0.001,241.26,138.63,258.21,158.77
3903,1085,10,0.53589,272.09,37.71,285.03,51.12
3904,1085,10,0.51553,348.37,39.13,364.55,52.67
3905,1085,11,0.44424,330.94,33.95,344.57,47.1
3906,1085,11,0.3854,261.67,28.43,276.57,42.62
3907,1085,0,0.30828,296.27,38.74,310.4,53.66
3908,1085,0,0.17232,330.59,33.92,344.01,46.77
3909,1085,0,0.10765,261.49,28.66,276.17,42.79
3910,1085,0,0.09345,233.61,35.13,248.41,49.38
3911,1085,10,0.05987,261.73,28.57,278.49,48.31
3912,1085,11,0.05216,348.26,38.81,364.56,52.79
3913,1085,17,0.01995,234.29,35.04,248.14,48.64
3914,1085,11,0.01989,234.22,35.03,248.41,48.8
3915,1085,16,0.01429,234.25,34.99,248.35,48.75
3916,1085,16,0.01189,347.97,39.1,364.18,52.58
3917,1085,11,0.0102,296.64,38.64,310.62,53.68
3918,1085,12,0.01008,272.48,38.22,284.88,51.09
3919,1085,12,0.00818,348.47,38.91,364.7,53.09
3920,1085,14,0.00459,152.24,0.09,168.85,30.56
3921,1085,16,0.00405,261.25,27.96,276.54,42.98
3922,1085,16,0.00403,261.44,27.86,280.9,49.9
3923,1085,16,0.00323,331.2,33.77,346.07,47.85
3924,1085,8,0.00292,74.05,0.22,114.35,35.09
3925,1085,8,0.00232,413.03,17.11,499.0,254.0
3926,1085,14,0.00231,161.16,97.97,211.32,134.15
3927,1085,14,0.00222,153.12,0.24,179.04,29.99
3928,1085,16,0.00142,330.83,36.93,363.27,51.51
3929,1085,14,0.00108,140.03,0.0,171.13,31.07
3930,1086,2,0.73796,31.22,102.18,58.26,124.56
3931,1086,7,0.26225,91.59,129.42,115.83,148.24
3932,1086,17,0.10286,92.0,129.96,115.65,148.57
3933,1086,5,0.01029,0.0,71.21,243.18,204.96
3934,1086,6,0.00127,377.34,156.21,424.58,176.16
3935,1087,2,0.8785,386.65,195.18,422.65,236.91
3936,1087,7,0.83613,373.52,155.35,400.36,179.04
3937,1087,2,0.00263,439.59,84.78,493.0,192.31
3938,1087,2,0.00129,397.83,172.16,469.29,213.59
3939,1087,2,0.00113,300.51,199.28,397.57,246.76
3940,1087,2,0.00112,443.44,152.97,492.85,189.6
3941,1095,17,0.00554,308.49,146.06,337.05,171.25
3942,1095,17,0.00323,389.96,38.94,405.74,54.8
3943,1095,16,0.00177,420.62,0.0,451.7,12.29
3944,1098,17,0.85392,352.54,119.04,373.9,138.48
3945,1098,17,0.84536,288.88,106.57,309.6,126.71
3946,1098,9,0.4205,375.7,54.09,398.99,77.97
3947,1098,9,0.03694,430.11,137.18,454.66,159.51
3948,1098,17,0.02351,345.43,203.07,365.9,223.37
3949,1098,2,0.00433,429.59,137.08,454.95,159.57
3950,1098,6,0.00116,289.89,46.38,468.23,252.0
3951,1100,0,0.89177,340.7,54.48,375.83,90.83
3952,1100,3,0.88615,412.91,43.76,473.81,85.32
3953,1100,0,0.86876,158.62,104.97,194.64,141.01
3954,1100,12,0.86018,233.18,15.82,263.61,43.83
3955,1100,13,0.83882,251.8,92.2,285.29,125.84
3956,1100,12,0.82171,340.2,3.77,372.66,35.55
3957,1100,3,0.81381,210.73,168.41,270.29,214.15
3958,1100,1,0.81157,291.94,117.71,329.84,155.99
3959,1100,4,0.77544,232.99,53.02,302.64,82.08
3960,1100,3,0.28295,186.17,168.4,259.54,209.02
3961,1100,0,0.11499,470.69,121.23,474.0,140.89
3962,1100,0,0.04218,470.35,119.88,474.0,159.49
3963,1100,3,0.02788,470.77,122.25,474.0,140.1
3964,1100,3,0.01825,465.62,118.09,474.0,142.79
3965,1100,0,0.01705,466.42,118.89,474.0,143.46
3966,1100,11,0.01271,340.19,5.69,371.98,35.76
3967,1100,16,0.00574,233.13,15.91,263.61,43.79
3968,1100,3,0.00568,323.12,76.69,337.24,86.29
3969,1100,0,0.00366,466.37,120.49,474.0,157.68
3970,1100,5,0.00314,0.19,254.19,55.59,255.0
3971,1100,12,0.00244,469.6,115.59,473.98,143.27
3972,1100,5,0.00211,278.61,254.2,370.55,255.0
3973,1100,11,0.00181,233.01,15.5,263.63,43.99
3974,1100,3,0.00171,468.94,104.61,473.94,139.9
3975,1100,5,0.00161,206.54,254.27,294.4,255.0
3976,1100,5,0.00153,69.37,254.72,158.46,255.0
3977,1100,3,0.00151,333.14,99.75,350.41,110.92
3978,1100,3,0.00147,143.03,79.29,159.04,87.85
3979,1100,2,0.00116,291.94,117.71,330.23,155.9
3980,1100,4,0.00112,233.36,60.7,266.15,81.88
3981,1100,3,0.00111,460.6,108.19,474.0,144.13
3982,1103,7,0.85624,403.19,43.88,440.88,80.48
3983,1103,7,0.85348,292.88,43.69,326.51,74.64
3984,1103,17,0.03244,41.38,48.31,60.26,63.9
3985,1113,7,0.64089,202.01,153.89,227.98,174.58
3986,1113,17,0.00732,202.12,154.37,227.82,174.88
3987,1117,7,0.91243,380.79,179.54,421.39,210.26
3988,1117,7,0.85257,262.72,177.1,288.51,203.06
3989,1117,5,0.00294,197.76,89.16,493.0,244.98
3990,1127,0,0.86433,357.98,137.93,398.24,179.38
3991,1127,4,0.76946,219.3,104.24,316.49,158.1
3992,1127,1,0.71473,358.9,31.49,397.88,72.67
3993,1127,0,0.46909,359.32,31.29,398.12,71.98
3994,1127,1,0.21799,357.78,137.84,398.19,179.78
3995,1127,3,0.00212,218.16,104.55,314.56,159.45
3996,1127,5,0.00187,0.0,208.14,40.04,252.33
3997,1133,10,0.92225,302.23,164.32,326.38,186.16
3998,1133,17,0.90386,390.92,138.35,411.1,157.76
3999,1133,10,0.89091,439.61,119.72,463.31,140.65
4000,1133,9,0.87598,327.29,82.75,348.93,104.23
4001,1133,10,0.84673,389.9,62.7,412.55,82.55
4002,1133,17,0.84505,354.59,154.59,374.59,174.7
4003,1133,11,0.78702,290.64,39.23,310.49,58.76
4004,1133,5,0.0026,0.47,91.55,43.89,119.28
4005,1133,5,0.00194,0.82,89.83,100.73,118.87
4006,1133,5,0.00108,439.7,120.22,463.12,140.56
4007,1139,2,0.83259,61.9,55.34,82.74,84.06
4008,1144,14,0.76165,227.9,165.28,260.68,237.13
4009,1144,14,0.75507,145.99,145.07,183.66,238.64
4010,1144,8,0.69251,439.25,158.66,494.76,250.56
4011,1144,14,0.67788,347.48,137.74,397.76,237.0
4012,1144,14,0.65649,79.12,164.83,114.34,237.26
4013,1144,14,0.63751,289.45,154.33,319.56,235.99
4014,1144,14,0.01145,264.22,155.23,330.49,236.77
4015,1144,14,0.00799,490.69,116.91,495.0,173.2
4016,1144,14,0.0059,359.07,137.13,388.37,240.76
4017,1144,14,0.00579,0.0,184.56,27.13,238.27
4018,1144,8,0.00484,455.51,160.18,489.96,235.84
4019,1144,8,0.00413,451.57,161.88,476.43,237.07
4020,1144,14,0.00336,479.11,118.42,495.0,164.3
4021,1144,14,0.00313,491.2,130.0,495.0,167.53
4022,1144,5,0.00282,462.47,146.96,494.84,215.12
4023,1144,14,0.00252,466.82,158.29,495.0,226.46
4024,1144,14,0.00244,293.05,156.21,315.77,216.15
4025,1144,5,0.0022,0.21,168.83,42.43,203.09
4026,1144,14,0.00203,489.85,78.7,494.96,159.86
4027,1144,14,0.00185,491.07,135.13,495.0,192.92
4028,1144,8,0.00181,462.39,155.46,494.8,217.26
4029,1144,14,0.0018,228.71,183.0,244.76,234.69
4030,1144,14,0.00146,348.42,141.53,379.43,190.55
4031,1144,5,0.00141,481.58,141.6,494.99,218.76
4032,1144,14,0.00128,230.15,165.14,261.32,210.31
4033,1144,14,0.00121,481.0,136.03,495.0,171.91
4034,1144,14,0.00118,484.21,85.38,495.0,163.0
4035,1144,14,0.00118,346.5,144.3,373.11,237.35
4036,1144,5,0.00118,456.78,98.07,494.96,229.55
4037,1144,8,0.00115,436.71,171.69,481.68,242.88
4038,1144,8,0.00101,449.21,167.06,475.01,215.22
4039,1148,8,0.35933,420.56,1.55,496.06,94.0
4040,1148,8,0.3362,420.5,12.96,472.01,92.17
4041,1148,14,0.31697,0.0,42.36,36.18,111.64
4042,1148,16,0.09314,222.51,39.86,272.68,98.63
4043,1148,5,0.0901,254.19,0.0,497.0,236.84
4044,1148,16,0.07993,258.48,60.3,325.54,138.36
4045,1148,8,0.02566,457.97,17.64,497.0,95.98
4046,1148,8,0.01642,433.53,22.77,468.7,77.84
4047,1148,8,0.01316,433.94,41.21,497.0,94.35
4048,1148,5,0.01197,355.8,103.44,460.44,226.6
4049,1148,8,0.00855,414.77,0.0,497.0,241.03
4050,1148,5,0.00792,256.82,62.37,326.73,138.76
4051,1148,8,0.00746,257.27,62.16,325.56,138.96
4052,1148,5,0.00591,415.1,0.0,496.05,230.92
4053,1148,8,0.00484,433.32,1.31,474.54,74.23
4054,1148,8,0.0046,442.7,2.96,497.0,77.33
4055,1148,8,0.00383,421.27,0.27,481.88,44.93
4056,1148,14,0.00351,375.75,0.4,396.65,26.05
4057,1148,16,0.00264,356.9,102.54,459.21,188.32
4058,1148,7,0.00254,258.29,59.57,326.09,137.72
4059,1148,8,0.00227,437.8,0.36,467.0,12.27
4060,1148,8,0.00224,221.68,38.67,271.11,97.95
4061,1148,8,0.00214,463.23,52.64,497.0,96.1
4062,1148,5,0.0021,215.02,0.76,298.48,38.0
4063,1148,14,0.0021,232.56,0.71,295.09,37.55
4064,1148,5,0.0019,307.05,0.0,495.82,242.97
4065,1148,14,0.00189,0.0,51.12,4.13,111.47
4066,1148,8,0.00185,434.24,0.39,472.86,15.36
4067,1148,14,0.00158,0.27,41.88,27.7,93.61
4068,1148,8,0.00148,425.67,0.48,469.32,27.61
4069,1148,14,0.00138,0.0,52.44,25.0,110.23
4070,1148,5,0.00137,333.86,42.41,466.98,219.25
4071,1148,8,0.00111,478.17,38.4,496.95,98.51
4072,1148,8,0.001,355.43,104.48,462.65,179.96
4073,1150,14,0.74564,226.7,88.09,254.77,176.05
4074,1150,14,0.70437,299.22,94.48,320.65,182.33
4075,1150,14,0.70017,408.48,96.83,446.46,194.08
4076,1150,14,0.69693,271.09,91.57,297.64,176.15
4077,1150,14,0.55182,328.35,96.22,358.39,195.13
4078,1150,16,0.00748,130.29,152.94,140.75,162.82
4079,1150,16,0.00599,158.42,152.63,169.23,162.6
4080,1150,16,0.00433,173.45,154.18,183.78,163.12
4081,1150,14,0.00211,330.56,95.6,349.85,187.08
4082,1150,14,0.00138,290.06,146.43,321.07,180.81
4083,1150,14,0.00127,318.94,117.39,363.04,193.35
4084,1151,2,0.87413,398.64,84.48,430.17,124.45
4085,1151,17,0.22517,397.8,37.33,415.0,53.14
4086,1151,2,0.1551,303.55,56.71,339.6,86.4
4087,1151,2,0.09393,397.83,36.96,415.16,53.18
4088,1151,2,0.00935,302.92,56.42,380.71,91.94
4089,1151,2,0.00867,345.77,36.05,391.87,95.44
4090,1151,2,0.00536,137.99,167.67,251.76,248.0
4091,1151,2,0.00387,344.55,6.07,417.61,81.08
4092,1151,2,0.00371,349.83,2.16,412.48,46.68
4093,1151,2,0.00198,345.9,38.32,418.35,82.8
4094,1151,2,0.00186,315.88,50.73,392.78,98.52
4095,1151,2,0.0016,434.32,55.4,456.07,74.68
4096,1151,16,0.00122,402.7,84.48,440.25,125.29
4097,1151,2,0.0012,346.0,37.57,385.27,77.17
4098,1151,2,0.00107,397.18,36.5,440.63,78.13
4099,1151,2,0.00105,396.72,34.17,461.77,86.09
4100,1153,14,0.83687,45.95,148.89,70.68,234.3
4101,1153,5,0.78603,205.69,158.86,334.74,211.78
4102,1153,5,0.7826,365.0,161.04,496.92,221.47
4103,1153,14,0.68128,84.06,133.17,141.01,256.0
4104,1153,8,0.56655,149.87,168.04,179.58,203.67
4105,1153,14,0.39962,320.51,130.18,373.7,256.0
4106,1153,5,0.35397,349.24,144.62,427.77,204.06
4107,1153,5,0.09462,356.92,146.53,430.7,182.76
4108,1153,14,0.05541,0.0,168.14,6.42,208.09
4109,1153,5,0.00256,411.89,180.68,499.86,219.79
4110,1153,5,0.00242,488.98,164.57,500.0,221.32
4111,1153,14,0.00189,319.87,190.26,347.34,255.62
4112,1153,5,0.00163,494.2,161.71,500.0,225.07
4113,1153,5,0.0016,194.88,102.52,370.86,141.96
4114,1153,14,0.00146,316.48,73.12,376.95,256.0
4115,1153,14,0.00125,0.08,175.79,4.04,214.08
4116,1153,5,0.00102,257.49,6.18,499.21,256.0
4117,1156,9,0.80782,280.68,155.9,304.94,174.75
4118,1156,10,0.79068,400.71,168.5,421.43,188.49
4119,1156,9,0.71508,360.29,111.73,380.85,126.85
4120,1156,9,0.63874,268.27,85.83,288.95,103.38
4121,1156,11,0.20444,454.55,83.92,467.61,101.79
4122,1156,11,0.03261,293.27,67.41,302.75,74.83
4123,1156,17,0.01332,419.12,119.79,446.55,142.58
4124,1156,11,0.00502,48.42,31.33,61.44,43.64
4125,1156,6,0.0029,483.77,140.7,505.97,253.0
4126,1156,5,0.00152,401.04,168.2,421.3,188.33
4127,1178,5,0.70536,0.05,7.54,22.65,52.3
4128,1178,8,0.69825,319.79,0.2,352.72,19.47
4129,1178,8,0.51602,288.75,0.22,326.3,21.78
4130,1178,8,0.47205,407.75,0.1,454.29,38.47
4131,1178,8,0.25495,440.41,0.45,477.91,35.98
4132,1178,8,0.22282,305.93,1.09,322.63,21.98
4133,1178,8,0.16983,417.3,0.01,478.44,39.14
4134,1178,8,0.16823,477.72,0.23,492.92,37.68
4135,1178,14,0.16724,150.45,1.73,163.34,20.9
4136,1178,8,0.14248,288.75,0.24,307.61,21.84
4137,1178,14,0.10806,177.03,0.54,186.74,15.24
4138,1178,5,0.08646,0.0,68.56,166.13,231.92
4139,1178,8,0.06309,448.01,0.29,477.35,27.16
4140,1178,8,0.05499,409.0,2.5,428.43,36.45
4141,1178,8,0.04351,342.18,0.18,370.12,17.79
4142,1178,5,0.04103,215.81,24.14,493.0,237.0
4143,1178,8,0.04042,364.06,0.14,384.79,16.01
4144,1178,14,0.03368,75.19,24.29,91.06,41.68
4145,1178,14,0.03136,288.76,0.31,307.06,21.74
4146,1178,5,0.02923,0.0,0.0,236.69,235.71
4147,1178,8,0.02818,372.64,0.8,408.97,14.36
4148,1178,14,0.02754,143.03,1.08,164.77,20.66
4149,1178,8,0.02455,367.7,0.37,396.83,15.45
4150,1178,14,0.02392,70.27,16.25,91.08,42.72
4151,1178,14,0.02185,379.43,0.43,396.09,14.93
4152,1178,14,0.02115,179.21,1.68,191.73,16.43
4153,1178,8,0.02091,353.69,0.3,369.89,17.08
4154,1178,14,0.01838,368.84,0.16,386.49,14.92
4155,1178,5,0.01525,33.4,4.88,297.32,237.0
4156,1178,14,0.01422,379.95,0.7,406.54,14.48
4157,1178,14,0.01327,477.9,0.0,493.0,39.3
4158,1178,8,0.013,379.79,0.4,395.81,14.84
4159,1178,14,0.013,188.46,0.44,200.05,14.94
4160,1178,8,0.01177,426.45,0.73,454.68,40.57
4161,1178,14,0.01056,293.18,0.29,311.05,16.56
4162,1178,8,0.01049,389.94,1.05,407.6,13.13
4163,1178,8,0.01019,313.35,0.46,331.04,20.02
4164,1178,14,0.00956,147.8,2.42,172.57,20.65
4165,1178,14,0.00863,353.53,0.47,369.48,16.74
4166,1178,8,0.00688,320.88,0.0,340.98,20.36
4167,1178,8,0.00639,337.95,0.47,353.2,18.18
4168,1178,5,0.00599,25.55,13.97,90.41,47.91
4169,1178,8,0.00555,33.66,25.76,53.8,47.79
4170,1178,8,0.00525,355.61,0.21,393.69,16.93
4171,1178,5,0.00512,0.07,67.15,79.29,231.11
4172,1178,14,0.00499,63.86,3.89,91.54,42.77
4173,1178,5,0.00498,30.48,14.35,59.69,48.3
4174,1178,14,0.00489,391.17,1.06,407.53,13.17
4175,1178,8,0.00471,394.52,1.09,410.49,12.29
4176,1178,8,0.00468,276.42,0.15,315.28,22.27
4177,1178,14,0.00462,184.01,0.9,199.05,16.52
4178,1178,14,0.00393,176.83,2.03,197.21,17.63
4179,1178,8,0.00358,482.76,0.0,493.0,44.04
4180,1178,5,0.00301,0.0,0.0,331.92,215.12
4181,1178,14,0.00294,296.75,0.33,321.26,20.51
4182,1178,14,0.00253,168.94,1.47,178.74,14.96
4183,1178,14,0.00251,273.3,0.22,296.54,21.6
4184,1178,14,0.00235,291.96,0.11,307.81,9.1
4185,1178,8,0.00208,293.95,2.17,317.09,22.5
4186,1178,8,0.00193,398.01,2.25,429.81,36.83
4187,1178,14,0.00188,157.3,2.37,189.74,19.74
4188,1178,14,0.00178,227.43,1.07,238.44,13.01
4189,1178,14,0.00169,439.69,0.21,474.4,36.15
4190,1178,5,0.00169,0.03,31.69,4.96,54.86
4191,1178,14,0.00157,74.9,3.98,90.44,42.09
4192,1178,14,0.00151,427.82,0.27,466.42,32.68
4193,1178,14,0.00151,295.33,0.07,314.45,9.3
4194,1178,5,0.00149,0.0,11.3,82.56,49.05
4195,1178,14,0.00146,216.67,0.58,235.13,13.55
4196,1178,14,0.0014,145.29,1.61,168.46,26.84
4197,1178,8,0.00135,396.27,0.7,416.85,13.03
4198,1178,8,0.00132,412.43,10.91,425.93,36.79
4199,1178,14,0.00131,26.15,24.23,53.42,48.02
4200,1178,5,0.00121,0.0,30.52,12.46,54.92
4201,1178,8,0.0012,76.02,24.9,90.68,41.85
4202,1178,5,0.0012,152.85,0.0,493.0,213.94
4203,1178,14,0.00119,70.01,0.03,89.13,33.16
4204,1178,5,0.00118,0.4,0.0,212.05,157.02
4205,1178,5,0.0011,0.0,24.52,22.01,53.55
4206,1178,5,0.00106,0.0,8.12,15.08,32.99
4207,1178,14,0.00104,318.58,0.12,334.07,20.69
4208,1179,15,0.87892,296.95,20.03,315.71,40.12
4209,1179,13,0.01702,474.91,0.0,503.96,22.79
4210,1179,5,0.00226,172.41,243.0,254.46,243.0
4211,1179,5,0.00166,266.38,243.0,351.47,243.0
4212,1179,16,0.00116,0.12,0.31,38.22,43.88
4213,1179,5,0.00109,0.0,0.26,37.12,40.28
4214,1180,2,0.78549,332.41,116.54,345.0,133.44
4215,1180,2,0.78473,378.14,136.88,390.91,155.14
4216,1180,2,0.78015,388.96,107.82,399.8,124.69
4217,1180,2,0.7434,428.2,119.26,440.17,136.76
4218,1180,2,0.05997,129.95,76.67,162.68,110.09
4219,1180,14,0.00621,231.45,0.0,244.87,9.61
4220,1180,2,0.00175,435.0,198.4,466.59,220.44
4221,1180,14,0.00109,221.13,0.01,244.96,10.24
4222,1186,0,0.86856,282.99,53.92,326.51,91.69
4223,1186,0,0.86563,377.47,40.94,415.26,77.96
4224,1186,17,0.00968,376.91,40.96,415.15,78.18
4225,1186,1,0.00923,377.5,41.07,414.71,78.24
4226,1186,14,0.00143,488.49,0.71,493.0,35.93
4227,1186,14,0.00127,488.6,0.0,493.0,55.71
4228,1189,10,0.91059,305.65,107.12,335.05,131.86
4229,1189,17,0.84029,51.28,88.75,74.02,111.44
4230,1189,9,0.81176,178.9,45.56,209.4,68.82
4231,1189,9,0.39733,171.86,150.26,201.6,173.6
4232,1189,11,0.15342,321.7,138.42,355.54,174.12
4233,1189,11,0.00615,324.7,209.72,363.27,228.56
4234,1191,15,0.22167,110.76,0.0,179.65,73.29
4235,1191,15,0.01167,113.68,1.3,245.61,66.66
4236,1191,4,0.0037,115.07,1.7,180.88,62.05
4237,1191,16,0.00258,142.73,1.01,244.57,50.76
4238,1191,2,0.00168,321.25,67.47,358.98,86.51
4239,1191,1,0.00157,392.25,106.98,452.29,165.45
4240,1191,15,0.00144,116.5,3.51,147.45,65.44
4241,1191,6,0.0014,416.09,81.04,458.77,136.12
4242,1191,14,0.00121,406.85,0.0,487.5,0.0
4243,1201,7,0.73612,171.41,55.33,190.1,74.59
4244,1201,7,0.07512,64.13,61.61,86.99,82.95
4245,1207,17,0.8675,365.92,102.54,377.65,114.12
4246,1207,10,0.85987,336.48,102.03,351.12,114.73
4247,1207,11,0.82968,408.15,137.75,421.31,151.1
4248,1207,9,0.82681,354.78,123.26,371.3,136.09
4249,1207,10,0.81453,422.13,91.34,435.96,103.48
4250,1207,9,0.56824,392.0,104.31,403.54,115.44
4251,1207,17,0.42438,398.03,120.98,410.8,133.06
4252,1207,9,0.40948,398.04,121.03,410.82,133.09
4253,1207,11,0.19668,344.97,205.71,357.32,214.1
4254,1207,11,0.12149,320.5,169.85,354.47,196.97
4255,1207,17,0.05884,391.99,104.15,403.35,115.42
4256,1211,15,0.47273,311.32,156.1,338.42,184.45
4257,1211,14,0.22605,257.81,0.34,301.53,40.73
4258,1211,15,0.04943,274.47,157.21,341.89,256.0
4259,1211,15,0.01114,309.44,167.74,335.29,184.82
4260,1211,7,0.00559,282.54,128.0,300.99,147.86
4261,1211,15,0.00467,282.33,127.9,300.71,148.21
4262,1211,2,0.00128,0.0,50.56,13.9,92.89
4263,1211,15,0.00118,292.54,158.1,337.47,185.04
4264,1211,2,0.00117,0.0,52.65,22.27,97.38
4265,1214,17,0.82788,321.74,126.35,343.86,150.2
4266,1214,17,0.72715,317.14,184.46,340.2,208.7
4267,1214,2,0.09972,328.58,66.1,350.68,91.59
4268,1214,11,0.06883,417.01,107.72,440.09,130.4
4269,1214,2,0.02691,243.17,130.13,266.41,154.19
4270,1214,9,0.02217,243.19,130.11,263.36,145.6
4271,1214,2,0.01875,243.1,130.08,263.32,145.86
4272,1214,2,0.0035,242.98,129.95,271.38,169.03
4273,1214,2,0.00309,316.46,183.96,340.77,208.15
4274,1214,2,0.00259,321.27,126.45,344.2,150.86
4275,1214,6,0.0011,243.29,129.97,271.77,169.24
4276,1216,2,0.86675,179.23,19.1,198.04,43.54
4277,1216,2,0.84131,59.97,34.05,84.69,55.68
4278,1216,2,0.83189,91.69,72.24,113.38,94.65
4279,1216,2,0.70657,241.12,85.76,260.77,107.75
4280,1216,2,0.00156,176.65,39.01,202.52,62.96
4281,1218,14,0.50605,12.77,0.53,27.73,34.21
4282,1218,8,0.31558,364.81,0.0,437.17,29.46
4283,1218,8,0.23529,21.62,0.0,129.94,62.72
4284,1218,8,0.22502,21.85,0.18,75.4,76.09
4285,1218,8,0.20444,366.17,0.0,491.77,37.03
4286,1218,8,0.19583,59.26,0.0,127.84,59.14
4287,1218,8,0.16441,0.0,0.07,9.6,32.48
4288,1218,8,0.11566,210.89,0.0,259.34,39.38
4289,1218,8,0.1069,399.04,0.06,432.24,27.7
4290,1218,8,0.09588,309.71,0.0,343.35,37.52
4291,1218,8,0.08975,364.87,0.0,405.16,32.17
4292,1218,8,0.0704,100.72,0.0,124.9,28.85
4293,1218,8,0.04632,1.37,0.67,27.49,34.39
4294,1218,8,0.04004,87.07,0.0,127.38,58.44
4295,1218,8,0.03724,0.0,2.18,15.31,31.04
4296,1218,8,0.03137,399.98,0.0,489.55,30.29
4297,1218,8,0.02935,424.08,0.07,492.55,40.21
4298,1218,8,0.0284,90.53,0.0,118.14,33.88
4299,1218,8,0.02464,448.2,0.22,492.9,46.07
4300,1218,8,0.02182,67.22,0.0,95.74,45.31
4301,1218,16,0.02115,330.29,70.0,345.69,82.81
4302,1218,8,0.02079,315.59,4.51,338.54,37.5
4303,1218,8,0.01918,365.04,0.0,387.31,28.99
4304,1218,8,0.01754,224.25,0.0,351.43,39.82
4305,1218,8,0.01452,209.3,0.0,288.92,37.77
4306,1218,8,0.01377,401.89,0.0,451.74,30.53
4307,1218,8,0.01257,0.0,0.77,8.42,52.63
4308,1218,8,0.01231,0.0,0.0,5.8,17.28
4309,1218,14,0.011,0.48,0.75,28.28,39.25
4310,1218,8,0.01013,0.0,2.02,19.31,45.42
4311,1218,8,0.01002,214.99,0.0,243.33,39.59
4312,1218,8,0.00942,27.45,6.82,44.37,32.09
4313,1218,5,0.00902,105.53,180.3,270.58,225.47
4314,1218,8,0.00899,87.52,0.0,111.49,41.2
4315,1218,8,0.00849,97.81,0.0,221.79,42.71
4316,1218,8,0.0082,125.29,0.54,151.29,44.11
4317,1218,8,0.00801,99.29,0.14,154.22,45.34
4318,1218,16,0.00782,318.85,71.19,331.59,82.32
4319,1218,8,0.00762,44.19,0.0,74.41,68.29
4320,1218,8,0.00551,274.8,0.0,349.87,39.74
4321,1218,14,0.00511,132.65,0.33,150.61,43.44
4322,1218,8,0.00487,0.0,0.0,6.2,29.3
4323,1218,14,0.00462,91.49,2.55,111.81,47.41
4324,1218,8,0.00443,473.71,0.22,493.0,27.66
4325,1218,8,0.00426,46.6,0.0,94.24,40.26
4326,1218,14,0.00417,488.83,0.61,493.0,33.29
4327,1218,8,0.00407,467.08,0.0,492.94,43.23
4328,1218,8,0.00378,145.05,0.0,274.94,38.73
4329,1218,14,0.00364,473.95,0.39,492.97,33.0
4330,1218,8,0.00364,155.27,0.24,212.65,42.58
4331,1218,8,0.00336,56.64,0.0,89.94,33.61
4332,1218,8,0.00312,107.57,0.28,124.71,23.36
4333,1218,8,0.00301,50.69,0.0,79.7,33.57
4334,1218,8,0.00297,292.7,0.0,416.11,35.19
4335,1218,8,0.00228,1.39,0.0,45.44,37.3
4336,1218,14,0.00221,35.8,0.0,71.29,71.32
4337,1218,8,0.00196,67.96,0.0,118.38,37.99
4338,1218,8,0.00195,20.69,0.0,44.29,32.19
4339,1218,8,0.00189,91.91,0.26,122.38,18.69
4340,1218,8,0.00188,34.73,0.0,76.98,49.53
4341,1218,8,0.00182,58.19,0.0,83.91,24.29
4342,1218,8,0.0017,49.55,2.71,74.63,48.28
4343,1218,14,0.00168,15.9,6.83,39.05,34.98
4344,1218,8,0.00167,332.15,0.0,370.74,33.66
4345,1218,8,0.00165,29.68,6.0,47.12,56.3
4346,1218,8,0.00153,456.66,6.24,490.67,41.52
4347,1218,8,0.00151,473.25,4.19,492.98,52.09
4348,1218,8,0.00143,64.11,18.61,99.07,58.77
4349,1218,8,0.00139,28.75,0.0,99.72,47.89
4350,1218,8,0.00132,67.06,0.0,94.49,25.81
4351,1218,8,0.00131,434.51,0.0,492.63,76.23
4352,1218,8,0.00131,488.33,0.0,493.0,46.91
4353,1218,8,0.00128,310.72,0.0,373.98,35.72
4354,1218,8,0.00128,488.32,0.63,493.0,19.76
4355,1218,8,0.00126,368.79,0.33,490.34,63.47
4356,1218,8,0.0012,24.35,0.14,52.78,34.31
4357,1218,8,0.00109,75.58,0.0,162.34,50.84
4358,1218,8,0.00107,337.3,0.0,392.97,31.73
4359,1225,2,0.79676,419.75,126.52,432.37,143.26
4360,1225,2,0.77919,339.24,121.43,351.66,138.2
4361,1225,2,0.76072,405.1,104.22,416.83,119.72
4362,1225,2,0.7501,352.4,103.35,363.81,118.72
4363,1225,14,0.00239,486.38,9.15,490.0,29.96
4364,1225,2,0.00108,420.4,53.57,465.43,89.99
4365,1226,15,0.84046,184.46,103.13,217.26,133.34
4366,1226,15,0.81543,296.66,75.23,335.89,110.55
4367,1226,15,0.7981,201.93,29.92,228.96,57.09
4368,1226,14,0.0018,378.9,0.0,457.75,0.0
4369,1226,15,0.00163,298.34,75.91,336.4,95.78
4370,1226,16,0.0011,205.05,226.81,227.71,246.3
4371,1226,15,0.00108,201.89,37.73,228.6,61.91
4372,1233,2,0.86905,153.87,26.91,171.72,51.0
4373,1233,2,0.85209,244.93,87.51,265.4,113.79
4374,1233,2,0.8408,151.26,79.76,172.18,106.97
4375,1233,2,0.82957,268.18,42.77,287.06,67.43
4376,1233,2,0.0043,275.54,81.13,309.99,115.0
4377,1241,10,0.8856,391.64,131.92,413.23,154.14
4378,1241,9,0.82302,260.65,136.23,285.38,156.83
4379,1241,17,0.62109,148.76,178.27,170.08,198.36
4380,1241,10,0.45188,236.01,190.56,261.79,212.41
4381,1241,17,0.1919,236.14,190.7,261.52,212.51
4382,1241,9,0.18922,236.28,190.57,261.65,212.4
4383,1248,5,0.17937,462.18,98.55,511.95,145.11
4384,1248,5,0.15115,40.11,96.55,58.25,108.98
4385,1248,5,0.11198,0.18,69.34,40.81,95.79
4386,1248,5,0.09311,0.0,100.11,16.52,129.81
4387,1248,5,0.06929,334.59,217.69,443.75,255.63
4388,1248,5,0.04453,482.25,98.77,511.97,145.16
4389,1248,5,0.03756,0.02,115.33,14.16,129.85
4390,1248,5,0.01836,39.78,96.4,76.61,112.28
4391,1248,5,0.01343,135.01,81.12,232.24,124.08
4392,1248,5,0.01205,0.0,98.57,35.73,124.95
4393,1248,5,0.00956,462.43,112.87,482.79,130.2
4394,1248,5,0.00618,0.47,97.67,54.6,122.94
4395,1248,5,0.00526,203.36,95.82,232.72,119.78
4396,1248,5,0.00457,102.52,109.56,130.2,123.15
4397,1248,5,0.0039,0.0,82.77,16.41,125.09
4398,1248,5,0.00372,94.38,109.77,128.35,126.03
4399,1248,5,0.00353,461.98,106.76,495.68,131.49
4400,1248,5,0.00325,490.73,120.11,512.0,145.25
4401,1248,5,0.00298,97.78,47.07,256.91,82.91
4402,1248,5,0.00275,170.92,80.72,224.59,122.01
4403,1248,14,0.00255,0.0,100.59,18.0,129.67
4404,1248,5,0.00253,94.6,115.08,108.05,124.72
4405,1248,5,0.00239,55.27,118.62,81.91,128.96
4406,1248,5,0.00233,0.01,100.24,8.53,125.11
4407,1248,14,0.00232,100.84,28.07,127.64,84.73
4408,1248,14,0.00211,6.58,110.42,17.79,128.64
4409,1248,5,0.00205,504.06,96.59,512.0,141.99
4410,1248,5,0.002,0.05,85.31,41.06,120.59
4411,1248,5,0.00199,205.18,103.27,230.94,119.16
4412,1248,5,0.0018,37.92,99.87,75.02,123.98
4413,1248,5,0.00175,328.72,86.69,337.99,93.98
4414,1248,5,0.00171,121.59,110.8,154.83,137.82
4415,1248,5,0.00164,153.35,82.5,211.95,128.45
4416,1248,5,0.0016,0.0,114.3,12.73,143.8
4417,1248,5,0.00159,61.2,100.1,85.85,113.18
4418,1248,5,0.0015,205.43,105.1,220.14,119.65
4419,1248,5,0.00146,0.03,62.81,7.89,100.98
4420,1248,5,0.00137,0.07,93.29,5.1,106.96
4421,1248,5,0.00136,0.0,55.43,35.99,92.04
4422,1248,5,0.00135,199.41,75.0,245.48,95.77
4423,1248,5,0.00131,0.05,96.38,6.64,111.27
4424,1248,5,0.00131,52.91,102.29,80.88,115.28
4425,1248,5,0.00124,0.05,86.41,8.48,109.02
4426,1248,5,0.00124,94.3,108.55,140.33,133.22
4427,1248,5,0.00122,491.21,89.31,512.0,105.7
4428,1248,14,0.00122,95.76,29.78,133.01,99.08
4429,1248,5,0.00122,506.53,96.77,512.0,134.86
4430,1248,5,0.00118,40.85,106.78,79.27,123.3
4431,1248,5,0.00116,42.01,97.83,87.32,114.87
4432,1248,5,0.00114,228.55,95.05,258.14,112.96
4433,1248,5,0.00112,484.73,100.48,511.57,126.83
4434,1248,5,0.00107,0.03,78.29,8.18,104.67
4435,1248,5,0.00106,224.88,83.43,257.09,112.94
4436,1248,5,0.00105,508.03,119.88,511.97,147.13
4437,1248,5,0.00104,95.14,65.31,165.47,115.16
4438,1248,5,0.00101,92.47,47.87,175.18,88.57
4439,1250,10,0.88286,110.38,93.5,132.55,111.86
4440,1250,10,0.88068,249.01,124.32,270.64,143.0
4441,1250,17,0.87092,211.44,110.19,228.63,127.15
4442,1250,9,0.84612,256.88,83.38,279.46,101.9
4443,1250,9,0.81934,200.88,73.01,219.43,89.81
4444,1250,11,0.77044,223.79,45.31,239.32,59.09
4445,1250,9,0.74445,171.19,106.32,188.74,122.42
4446,1250,6,0.00218,256.85,83.9,279.44,101.9
4447,1254,17,0.92104,328.63,96.93,346.02,114.77
4448,1254,10,0.89821,400.32,169.83,422.34,192.47
4449,1254,10,0.88114,310.92,56.79,329.3,78.85
4450,1254,9,0.86641,286.7,158.71,310.26,178.84
4451,1254,17,0.86564,352.44,135.68,370.05,153.18
4452,1254,9,0.86025,252.75,102.49,274.22,123.85
4453,1254,11,0.81786,228.88,185.78,252.25,207.33
4454,1254,10,0.00129,400.44,169.58,419.58,180.28
4455,1255,2,0.79594,62.29,168.23,75.68,186.19
4456,1255,2,0.77609,78.66,151.37,90.75,167.66
4457,1255,2,0.76645,144.09,179.76,156.67,196.5
4458,1255,2,0.73826,132.11,156.38,143.63,172.1
4459,1255,2,0.00975,152.23,118.32,193.74,145.28
4460,1255,14,0.00292,457.78,114.71,464.55,122.97
4461,1255,14,0.00239,435.47,104.41,449.48,117.9
4462,1255,14,0.00137,461.4,104.43,472.76,116.94
4463,1255,14,0.00121,458.63,114.7,470.94,125.02
4464,1255,14,0.001,455.52,102.74,473.06,117.29
4465,1256,5,0.78107,229.14,195.76,310.27,243.99
4466,1256,5,0.18008,0.06,213.01,49.69,246.79
4467,1256,5,0.11509,122.53,160.54,145.38,175.47
4468,1256,5,0.02637,122.8,163.48,132.24,175.31
4469,1256,5,0.02385,0.0,190.66,47.89,246.21
4470,1256,5,0.01385,229.98,202.18,274.35,247.0
4471,1256,5,0.01255,168.02,151.13,181.32,161.81
4472,1256,5,0.01166,395.5,219.15,487.0,247.0
4473,1256,5,0.00817,133.87,233.39,169.13,247.0
4474,1256,5,0.00671,0.08,122.66,4.42,132.2
4475,1256,5,0.00517,470.98,231.29,487.0,247.0
4476,1256,5,0.00475,250.35,134.85,275.37,147.69
4477,1256,5,0.00469,29.51,172.45,36.0,180.17
4478,1256,5,0.00407,250.05,137.04,268.26,147.01
4479,1256,5,0.00331,472.88,224.96,486.99,247.0
4480,1256,5,0.00308,352.65,132.96,371.62,144.37
4481,1256,5,0.00297,192.51,152.3,206.24,163.53
4482,1256,5,0.00265,303.42,138.17,316.94,147.08
4483,1256,5,0.00264,258.91,197.63,311.32,242.1
4484,1256,5,0.00244,0.0,246.61,61.1,247.0
4485,1256,5,0.00164,136.2,164.65,145.56,174.96
4486,1256,5,0.00161,0.0,122.79,6.94,134.34
4487,1256,14,0.0016,182.74,104.81,189.9,118.09
4488,1256,5,0.0015,468.45,206.56,487.0,247.0
4489,1256,5,0.00136,361.27,158.11,372.72,166.22
4490,1256,5,0.00132,468.83,211.71,486.97,247.0
4491,1256,5,0.0013,139.5,165.59,145.76,174.53
4492,1256,5,0.00128,260.44,135.3,277.37,147.33
4493,1256,5,0.00125,477.56,1.29,486.89,10.37
4494,1256,5,0.00119,462.15,180.7,486.96,218.34
4495,1256,5,0.00116,360.94,133.52,372.43,144.48
4496,1256,5,0.00115,137.78,235.46,161.52,246.46
4497,1256,5,0.00113,0.0,247.0,66.43,247.0
4498,1256,5,0.00109,150.37,150.6,161.13,158.46
4499,1256,5,0.00107,145.05,114.98,163.71,124.13
4500,1256,5,0.00101,163.44,159.36,184.06,170.34
4501,1269,7,0.89462,153.58,36.98,180.98,64.22
4502,1269,2,0.84434,83.1,45.99,116.04,84.94
4503,1269,2,0.0018,181.51,0.0,238.98,58.33
4504,1269,2,0.00102,180.45,0.0,272.83,62.5
4505,1278,4,0.84378,319.52,64.41,351.02,107.07
4506,1278,1,0.58942,253.53,119.01,280.62,144.35
4507,1278,10,0.52125,210.96,75.42,234.85,97.78
4508,1278,11,0.17148,210.97,75.63,235.17,98.09
4509,1278,10,0.16451,44.49,198.08,65.84,211.13
4510,1278,0,0.06533,253.67,118.85,280.56,144.36
4511,1278,11,0.02945,253.79,119.29,280.74,144.4
4512,1278,13,0.02373,210.79,75.45,234.89,97.78
4513,1278,6,0.00163,365.21,156.23,380.95,175.62
4514,1278,6,0.00162,49.15,65.54,86.22,113.81
4515,1278,11,0.0011,245.01,142.92,265.74,153.06
4516,1280,14,0.69849,229.06,137.02,244.61,175.74
4517,1280,14,0.67222,189.33,144.03,204.96,182.99
4518,1280,14,0.65743,286.55,129.31,306.67,180.27
4519,1280,14,0.17682,164.77,157.1,183.48,187.41
4520,1280,14,0.13954,372.73,137.87,392.07,187.34
4521,1280,14,0.13647,0.02,133.12,18.39,209.32
4522,1280,14,0.05978,479.64,116.99,484.0,142.86
4523,1280,14,0.04135,469.86,116.4,484.0,150.15
4524,1280,14,0.04092,416.92,118.68,436.11,150.21
4525,1280,14,0.03246,417.39,123.53,429.1,151.07
4526,1280,14,0.01545,417.68,133.08,428.2,151.97
4527,1280,14,0.0149,174.45,159.2,184.44,186.6
4528,1280,14,0.01219,471.61,113.15,483.85,140.01
4529,1280,14,0.01115,0.02,172.02,15.88,209.16
4530,1280,14,0.00648,463.13,117.0,479.66,140.87
4531,1280,14,0.00568,479.77,111.82,484.0,168.75
4532,1280,14,0.00435,177.94,159.55,190.13,185.48
4533,1280,14,0.00388,111.16,156.35,131.09,217.66
4534,1280,14,0.00368,189.88,142.08,215.46,182.31
4535,1280,14,0.00343,428.55,120.3,438.2,145.68
4536,1280,14,0.00342,411.33,125.31,435.48,153.01
4537,1280,14,0.00298,214.73,138.3,243.86,176.36
4538,1280,14,0.00291,162.29,129.51,188.32,188.71
4539,1280,14,0.0024,421.27,122.55,436.15,146.88
4540,1280,5,0.00234,124.36,166.35,159.83,188.98
4541,1280,14,0.00233,473.8,115.47,484.0,162.12
4542,1280,14,0.00228,464.98,114.95,484.0,162.07
4543,1280,14,0.00219,478.76,104.07,483.97,141.19
4544,1280,14,0.00209,458.93,117.71,471.6,141.16
4545,1280,14,0.00166,118.14,163.76,149.32,217.17
4546,1280,14,0.00166,372.51,135.92,407.5,188.1
4547,1280,14,0.00162,0.04,169.32,7.86,207.51
4548,1280,14,0.00156,347.1,150.35,389.0,208.39
4549,1280,14,0.00133,424.49,113.81,438.08,147.05
4550,1280,14,0.00118,454.33,118.09,479.96,143.74
4551,1280,14,0.00112,312.41,134.94,346.13,172.12
4552,1280,14,0.00106,0.0,88.77,22.9,214.07
4553,1280,14,0.00101,470.2,113.91,479.81,137.58
4554,1281,10,0.86153,354.0,142.25,368.89,155.82
4555,1281,10,0.83878,280.26,186.36,298.2,201.31
4556,1281,17,0.83663,311.56,175.65,325.58,189.67
4557,1281,9,0.82552,366.13,185.53,383.2,200.72
4558,1281,17,0.82026,335.2,168.47,348.72,181.73
4559,1281,11,0.74534,402.79,202.57,421.98,218.22
4560,1281,9,0.71944,329.58,204.02,348.29,221.46
4561,1281,14,0.00603,38.87,243.9,61.16,255.0
4562,1281,14,0.00245,22.37,242.39,68.47,255.0
4563,1281,14,0.0019,36.55,242.24,63.36,255.0
4564,1284,2,0.84028,251.31,68.65,266.99,89.84
4565,1284,2,0.83318,244.05,27.44,259.11,47.31
4566,1284,2,0.82906,296.91,49.28,311.3,70.8
4567,1284,2,0.80183,168.62,47.59,183.53,68.36
4568,1285,4,0.76218,156.35,159.55,240.39,192.88
4569,1285,0,0.49956,308.53,70.86,341.37,101.08
4570,1285,0,0.47079,175.1,47.55,208.03,77.23
4571,1285,1,0.31909,174.64,47.16,207.82,78.53
4572,1285,11,0.31439,308.7,70.62,342.11,101.54
4573,1285,1,0.02638,307.99,70.47,341.71,101.15
4574,1285,10,0.01236,308.68,70.96,342.72,101.22
4575,1285,15,0.01226,58.05,25.3,97.82,71.47
4576,1285,0,0.00373,465.76,55.97,495.92,97.97
4577,1285,3,0.00307,92.65,91.72,146.01,138.5
4578,1285,4,0.00248,157.26,162.16,179.25,193.57
4579,1285,0,0.00185,492.21,65.42,496.0,115.32
4580,1285,0,0.00161,173.83,207.26,212.98,243.84
4581,1285,0,0.00157,480.17,48.81,496.0,96.92
4582,1285,0,0.00156,92.46,93.19,146.05,137.68
4583,1285,11,0.00133,466.0,59.15,494.3,93.78
4584,1285,0,0.00121,490.19,49.8,496.0,85.77
4585,1290,2,0.84571,71.66,32.07,93.52,62.57
4586,1290,2,0.00154,0.0,50.7,37.45,79.21
4587,1293,7,0.81244,385.58,130.87,412.4,147.73
4588,1293,7,0.60512,328.28,183.32,347.44,199.94
4589,1293,5,0.00157,473.8,73.35,492.0,116.04
4590,1296,14,0.77193,158.31,117.33,191.58,185.01
4591,1296,14,0.67575,434.55,72.19,492.54,176.62
4592,1296,14,0.6466,233.41,112.56,250.56,178.22
4593,1296,8,0.55508,329.15,119.81,350.44,144.72
4594,1296,8,0.39178,386.81,111.11,410.8,140.35
4595,1296,14,0.26511,295.32,114.77,317.05,145.18
4596,1296,8,0.15776,294.56,116.01,319.18,146.64
4597,1296,14,0.12044,132.76,130.59,165.79,188.87
4598,1296,14,0.12013,296.48,114.9,310.6,142.34
4599,1296,14,0.08503,143.32,132.42,155.59,153.84
4600,1296,14,0.08299,234.05,111.94,270.86,180.22
4601,1296,14,0.07388,369.65,111.96,385.8,140.3
4602,1296,14,0.03951,140.36,131.86,155.58,173.94
4603,1296,14,0.03628,136.52,131.1,157.09,183.95
4604,1296,14,0.03348,386.78,110.46,411.79,139.42
4605,1296,8,0.02737,294.34,128.96,317.82,146.91
4606,1296,14,0.02396,372.76,112.19,385.59,131.31
4607,1296,14,0.0222,190.44,123.46,210.87,193.53
4608,1296,14,0.01486,331.97,119.55,348.32,134.61
4609,1296,14,0.01299,308.7,119.31,319.46,138.86
4610,1296,8,0.01199,385.94,110.27,429.39,139.77
4611,1296,14,0.01058,373.41,111.29,388.48,136.74
4612,1296,8,0.01055,294.84,136.95,308.22,146.81
4613,1296,14,0.01032,481.16,110.89,493.66,149.53
4614,1296,14,0.01006,490.19,110.18,494.0,151.42
4615,1296,14,0.00982,490.36,111.18,494.0,135.07
4616,1296,14,0.00964,362.63,123.94,385.35,141.1
4617,1296,14,0.00796,392.35,106.92,401.47,117.94
4618,1296,14,0.00783,332.93,118.51,351.05,139.7
4619,1296,14,0.00781,306.66,118.36,318.25,134.93
4620,1296,14,0.00694,391.56,112.39,409.61,132.28
4621,1296,16,0.00661,355.64,135.27,362.62,142.37
4622,1296,8,0.00649,367.01,117.13,384.85,140.95
4623,1296,8,0.00545,294.48,135.43,314.06,147.2
4624,1296,14,0.0054,390.88,107.42,402.39,121.82
4625,1296,8,0.00528,329.47,120.04,377.26,143.14
4626,1296,14,0.00512,391.71,110.92,406.26,125.8
4627,1296,14,0.00387,360.0,112.44,385.32,131.69
4628,1296,8,0.00368,363.2,124.77,382.32,142.05
4629,1296,8,0.00364,363.42,133.6,371.76,141.76
4630,1296,8,0.00362,337.37,120.11,351.66,144.19
4631,1296,8,0.00326,308.11,118.41,322.87,144.35
4632,1296,14,0.00324,118.88,116.23,133.39,142.58
4633,1296,14,0.0032,283.97,119.7,295.6,141.03
4634,1296,8,0.00287,309.44,118.38,352.42,146.15
4635,1296,14,0.00282,141.05,123.96,173.95,186.62
4636,1296,14,0.00247,108.06,144.52,121.15,162.0
4637,1296,14,0.00246,357.39,112.48,386.08,141.71
4638,1296,14,0.00235,142.97,132.02,164.34,156.21
4639,1296,14,0.00229,133.39,150.42,164.14,187.78
4640,1296,8,0.00217,389.98,118.48,407.37,140.65
4641,1296,14,0.00216,473.87,111.58,491.15,146.35
4642,1296,16,0.00214,363.04,132.59,371.56,141.98
4643,1296,14,0.00208,485.16,109.34,493.71,140.41
4644,1296,8,0.00201,308.69,120.12,331.68,143.93
4645,1296,14,0.002,488.09,55.54,494.0,131.59
4646,1296,14,0.00183,438.27,73.9,476.76,148.54
4647,1296,8,0.00181,330.26,117.41,361.75,144.03
4648,1296,14,0.00175,299.7,115.69,315.71,133.6
4649,1296,8,0.00165,294.49,136.53,303.45,145.73
4650,1296,14,0.00158,382.98,106.43,404.32,124.16
4651,1296,14,0.00155,388.07,104.53,410.51,125.03
4652,1296,8,0.00151,474.39,125.51,491.32,145.96
4653,1296,14,0.00135,375.11,109.75,384.09,123.41
4654,1296,14,0.00133,271.81,118.83,283.47,143.96
4655,1296,14,0.00131,216.92,123.8,233.46,146.23
4656,1296,14,0.00129,358.2,127.0,378.9,141.11
4657,1296,14,0.00127,332.06,116.57,347.99,130.53
4658,1296,14,0.00127,117.35,116.06,133.58,155.88
4659,1296,14,0.00125,132.75,163.17,160.86,189.0
4660,1296,8,0.00125,336.2,116.73,369.54,141.0
4661,1296,14,0.00124,485.64,73.3,494.0,113.82
4662,1296,14,0.00122,0.15,69.13,11.6,184.22
4663,1296,14,0.0012,0.01,95.59,4.8,148.56
4664,1296,8,0.00117,361.63,130.55,371.31,141.6
4665,1296,14,0.00112,404.78,100.75,421.27,117.42
4666,1296,14,0.00108,489.61,86.99,494.0,143.52
4667,1296,14,0.00104,0.0,87.54,8.03,159.55
4668,1296,14,0.00103,284.04,118.81,300.89,144.53
4669,1301,10,0.89143,103.04,155.86,123.54,176.83
4670,1301,10,0.8807,31.99,70.57,52.16,88.52
4671,1301,9,0.87552,165.22,122.25,187.28,144.7
4672,1301,17,0.86488,90.64,125.62,109.15,143.73
4673,1301,9,0.84515,132.31,89.4,154.69,106.02
4674,1301,11,0.82564,185.6,72.69,207.15,87.98
4675,1301,17,0.64532,71.67,105.71,90.15,122.28
4676,1302,8,0.81584,29.22,87.29,73.43,135.29
4677,1302,8,0.77361,107.16,96.05,168.79,141.74
4678,1302,8,0.76709,61.84,96.48,93.42,136.52
4679,1302,8,0.70272,1.5,94.25,38.76,132.02
4680,1302,8,0.68284,85.1,95.58,118.9,139.55
4681,1302,14,0.43899,375.93,45.19,444.67,237.64
4682,1302,8,0.35229,191.1,88.01,269.22,123.5
4683,1302,8,0.33395,341.53,100.91,387.04,160.91
4684,1302,8,0.23606,232.96,90.56,263.92,121.34
4685,1302,8,0.05491,191.61,89.61,238.85,124.44
4686,1302,8,0.05089,194.16,95.99,222.84,122.23
4687,1302,8,0.043,130.73,92.42,168.81,141.73
4688,1302,8,0.04229,234.59,87.44,279.55,121.61
4689,1302,5,0.03302,234.67,83.89,308.38,121.05
4690,1302,16,0.03137,457.98,216.77,483.55,245.59
4691,1302,8,0.02304,0.0,84.66,13.91,139.16
4692,1302,14,0.02057,372.87,60.58,404.48,162.21
4693,1302,8,0.01869,0.0,84.65,9.44,127.51
4694,1302,16,0.01706,233.64,91.91,263.58,120.51
4695,1302,8,0.01678,338.26,102.09,368.99,160.77
4696,1302,8,0.01603,1.82,97.9,24.87,131.15
4697,1302,8,0.0153,335.94,59.4,409.47,162.93
4698,1302,8,0.01342,0.0,81.8,5.06,133.83
4699,1302,8,0.00947,108.77,97.19,149.83,138.08
4700,1302,14,0.00763,483.25,108.2,487.94,168.3
4701,1302,8,0.00704,142.27,95.47,169.4,124.55
4702,1302,8,0.00692,94.08,94.21,118.5,121.95
4703,1302,8,0.00579,234.66,86.83,307.66,122.04
4704,1302,5,0.00549,68.86,46.38,186.69,100.67
4705,1302,8,0.00526,189.17,86.1,277.91,144.51
4706,1302,8,0.00498,41.06,85.19,71.87,127.96
4707,1302,14,0.00459,380.53,91.26,434.49,230.42
4708,1302,8,0.00441,15.74,92.95,38.8,127.5
4709,1302,8,0.00412,339.12,82.05,444.44,162.69
4710,1302,8,0.00403,359.52,104.24,386.73,165.47
4711,1302,14,0.00389,484.24,133.86,487.99,172.07
4712,1302,8,0.00365,47.37,89.97,94.16,136.02
4713,1302,8,0.00354,341.02,97.52,419.36,160.53
4714,1302,14,0.00353,480.64,83.95,487.94,183.18
4715,1302,8,0.00329,5.33,90.3,37.63,117.83
4716,1302,8,0.003,102.19,95.1,121.69,132.58
4717,1302,8,0.00285,50.72,88.13,73.26,129.46
4718,1302,14,0.00282,0.0,109.67,8.49,180.53
4719,1302,16,0.00277,0.94,207.95,45.35,234.44
4720,1302,5,0.00273,481.7,61.95,487.94,115.9
4721,1302,8,0.00252,444.61,108.89,484.24,134.95
4722,1302,16,0.00252,0.0,195.87,8.13,227.33
4723,1302,8,0.00239,319.83,21.92,394.97,164.03
4724,1302,8,0.00238,208.31,95.88,235.56,122.22
4725,1302,8,0.00237,78.76,99.16,96.94,120.81
4726,1302,5,0.00232,484.08,82.29,488.0,126.63
4727,1302,8,0.00221,206.23,88.11,248.48,122.87
4728,1302,8,0.00221,187.06,29.48,307.28,123.52
4729,1302,8,0.0022,105.16,96.89,125.92,140.29
4730,1302,8,0.00219,336.4,38.65,446.29,168.76
4731,1302,5,0.00215,79.37,62.49,192.95,124.9
4732,1302,8,0.00212,107.07,101.53,138.27,141.87
4733,1302,5,0.00207,477.97,34.4,487.94,125.08
4734,1302,14,0.00207,397.85,51.15,430.62,91.22
4735,1302,16,0.00201,0.32,196.09,39.29,232.3
4736,1302,14,0.00197,279.08,65.8,296.84,108.35
4737,1302,5,0.00194,466.33,68.66,487.78,115.54
4738,1302,8,0.00191,438.56,22.83,488.0,247.0
4739,1302,8,0.00184,82.66,98.03,104.98,123.01
4740,1302,8,0.00175,0.07,96.95,19.95,122.15
4741,1302,8,0.00173,134.46,95.32,159.81,132.15
4742,1302,8,0.00172,2.93,97.78,34.1,116.03
4743,1302,8,0.00168,104.94,97.39,123.98,123.2
4744,1302,5,0.00167,258.14,91.02,304.49,120.22
4745,1302,14,0.00167,397.09,53.37,418.7,90.69
4746,1302,5,0.00165,271.67,82.53,307.09,118.79
4747,1302,8,0.00158,352.23,107.45,380.3,158.67
4748,1302,16,0.00153,0.03,196.31,10.55,218.21
4749,1302,14,0.00152,478.92,115.48,488.0,170.03
4750,1302,14,0.00148,0.0,85.64,12.21,187.68
4751,1302,8,0.00145,192.51,82.2,313.2,121.77
4752,1302,8,0.00143,250.13,0.0,449.35,174.66
4753,1302,8,0.00143,58.37,93.07,77.57,126.89
4754,1302,14,0.00142,382.65,47.94,442.7,172.98
4755,1302,8,0.00142,145.59,95.16,169.24,142.69
4756,1302,14,0.00139,480.33,131.05,488.0,172.9
4757,1302,14,0.00136,484.03,88.32,488.0,143.37
4758,1302,8,0.0013,85.74,96.01,111.92,119.93
4759,1302,5,0.00128,457.17,35.53,487.82,122.37
4760,1302,8,0.00122,367.02,107.24,383.41,133.66
4761,1302,8,0.00121,24.34,96.23,43.45,123.47
4762,1302,5,0.0012,464.08,82.51,488.0,120.69
4763,1302,14,0.00112,484.16,86.14,488.0,122.66
4764,1302,14,0.00111,371.94,56.76,423.69,174.84
4765,1302,5,0.00111,454.2,111.14,479.91,132.07
4766,1302,14,0.00111,279.85,66.4,295.23,95.31
4767,1302,8,0.00104,453.51,112.4,479.34,130.29
4768,1302,14,0.00103,250.5,91.59,278.67,122.63
4769,1302,14,0.001,340.41,109.43,362.7,156.86
4770,1303,7,0.85556,404.53,38.47,431.21,59.32
4771,1303,14,0.00118,461.24,0.67,490.41,11.74
4772,1307,10,0.88266,58.71,138.26,82.61,158.78
4773,1307,9,0.88186,173.88,112.69,196.05,133.29
4774,1307,9,0.87123,129.39,160.81,152.28,186.6
4775,1307,10,0.8682,149.93,29.16,168.79,48.48
4776,1307,17,0.8673,98.66,109.41,117.21,126.77
4777,1307,11,0.84091,223.74,140.88,249.54,162.8
4778,1307,17,0.81898,129.7,81.72,146.95,98.94
4779,1307,11,0.00185,223.72,141.15,243.02,157.1
4780,1307,5,0.00119,149.97,29.16,168.36,48.41
4781,1312,10,0.91462,48.48,201.88,73.1,224.11
4782,1312,17,0.87705,138.99,171.54,158.5,190.61
4783,1312,10,0.86837,185.52,151.88,207.75,171.23
4784,1312,9,0.84834,75.17,118.25,96.44,139.16
4785,1312,17,0.82565,102.89,189.49,122.69,209.05
4786,1312,11,0.81022,36.55,74.49,57.24,94.16
4787,1312,9,0.41156,137.71,96.47,159.89,115.9
4788,1312,17,0.22082,137.88,96.63,159.82,116.04
4789,1312,6,0.12097,406.21,156.94,456.8,183.15
4790,1315,14,0.81309,272.44,0.11,310.25,42.6
4791,1315,15,0.01494,310.66,160.7,337.72,184.54
4792,1315,15,0.00575,307.0,167.99,335.85,184.74
4793,1315,2,0.00281,0.0,53.87,14.33,95.59
4794,1315,15,0.00173,310.78,165.56,339.14,200.25
4795,1315,16,0.0014,272.78,0.11,310.82,41.73
4796,1317,2,0.75081,175.44,127.31,201.47,148.74
4797,1317,7,0.26424,234.71,149.83,259.05,168.73
4798,1317,17,0.1274,234.97,150.15,258.68,169.08
4799,1317,5,0.01337,99.17,50.06,368.76,247.0
4800,1317,5,0.00104,74.48,109.14,409.14,235.32
4801,1318,14,0.82958,313.44,149.98,344.05,228.46
4802,1318,14,0.76152,124.45,135.41,149.97,222.16
4803,1318,14,0.70036,157.88,122.0,185.98,201.42
4804,1318,14,0.69694,72.45,106.54,109.36,224.47
4805,1318,14,0.65191,212.44,151.82,249.97,222.33
4806,1318,8,0.64616,409.83,157.01,493.44,253.75
4807,1318,8,0.09573,409.7,156.98,450.29,240.19
4808,1318,8,0.02059,441.37,168.92,494.94,255.74
4809,1318,16,0.01438,42.37,199.02,66.55,215.44
4810,1318,16,0.01193,0.35,198.15,23.28,216.64
4811,1318,8,0.01146,477.54,130.75,494.95,174.04
4812,1318,8,0.01097,420.61,12.87,495.0,250.12
4813,1318,8,0.00889,478.17,98.47,494.93,200.87
4814,1318,8,0.00706,443.44,216.02,493.0,255.39
4815,1318,14,0.00678,227.85,156.91,248.63,209.38
4816,1318,8,0.00491,470.85,109.11,494.81,256.0
4817,1318,14,0.00407,426.27,154.96,487.08,218.01
4818,1318,8,0.0037,440.3,54.92,494.76,256.0
4819,1318,8,0.00349,477.08,122.4,494.92,228.15
4820,1318,14,0.00347,475.37,113.68,494.96,244.27
4821,1318,16,0.00332,476.89,131.45,494.95,168.55
4822,1318,8,0.00326,472.64,89.36,495.0,177.18
4823,1318,8,0.003,416.42,156.26,495.0,211.68
4824,1318,8,0.00253,446.93,109.83,495.0,238.17
4825,1318,14,0.00249,457.13,144.23,492.87,197.05
4826,1318,8,0.00242,416.32,156.19,443.23,232.47
4827,1318,14,0.00236,490.81,149.26,495.0,236.41
4828,1318,14,0.00225,483.89,160.53,494.98,244.92
4829,1318,14,0.0022,482.82,131.49,494.96,213.29
4830,1318,8,0.00214,482.52,125.84,494.98,203.82
4831,1318,8,0.00211,427.7,153.89,477.56,224.71
4832,1318,8,0.00204,488.01,125.34,495.0,195.86
4833,1318,8,0.00184,425.72,154.38,458.17,225.81
4834,1318,16,0.00176,314.09,149.78,344.7,228.89
4835,1318,14,0.00162,216.16,157.15,237.44,218.59
4836,1318,14,0.00145,450.28,158.23,491.18,218.15
4837,1318,8,0.00143,376.53,35.85,493.81,252.25
4838,1318,14,0.00133,490.69,173.55,495.0,256.0
4839,1318,16,0.0013,0.02,181.67,20.18,216.31
4840,1318,14,0.00129,490.5,128.16,495.0,212.05
4841,1318,14,0.00127,0.0,113.87,5.36,172.49
4842,1318,14,0.00124,58.75,139.85,107.93,223.72
4843,1318,14,0.00123,231.99,160.7,244.44,194.73
4844,1318,14,0.00111,476.88,29.63,495.0,165.63
4845,1318,8,0.0011,465.91,173.67,494.95,256.0
4846,1318,14,0.00109,481.71,178.65,494.95,256.0
4847,1318,16,0.00107,485.15,129.48,495.0,173.66
4848,1319,2,0.81384,158.78,51.38,171.8,68.72
4849,1319,2,0.79935,215.28,44.54,226.26,60.97
4850,1319,2,0.78305,203.53,73.51,216.32,91.25
4851,1319,2,0.7515,253.19,56.94,264.5,74.27
4852,1319,2,0.01555,223.14,93.0,240.53,110.65
4853,1319,2,0.00494,146.11,86.43,163.19,108.66
4854,1319,14,0.00274,372.83,0.99,384.33,9.2
4855,1319,14,0.00196,480.51,0.73,485.98,25.48
4856,1319,8,0.0018,482.33,8.99,485.98,24.41
4857,1319,8,0.00173,477.77,9.34,485.9,22.23
4858,1319,2,0.00167,158.38,29.29,177.2,68.0
4859,1319,14,0.00165,476.39,0.28,486.0,24.61
4860,1319,14,0.00163,372.43,0.35,382.8,6.14
4861,1319,14,0.00138,468.86,0.46,486.0,23.29
4862,1319,2,0.00137,246.96,94.6,277.83,129.35
4863,1319,14,0.00128,368.12,0.27,380.93,6.61
4864,1319,14,0.00118,375.78,2.11,387.04,10.47
4865,1319,14,0.00102,367.3,0.5,380.56,10.02
4866,1322,0,0.87354,126.53,73.97,165.67,114.02
4867,1322,0,0.43362,196.27,124.55,241.82,167.65
4868,1322,11,0.28283,196.38,122.6,241.92,167.42
4869,1322,1,0.0561,194.41,124.18,243.29,168.03
4870,1322,11,0.00424,126.2,72.53,166.08,113.38
4871,1322,1,0.00311,126.13,73.73,166.71,113.98
4872,1322,17,0.00302,125.96,74.18,165.96,114.07
4873,1322,6,0.00265,470.05,97.36,494.95,180.31
4874,1322,6,0.00226,480.4,140.77,495.0,175.82
4875,1322,6,0.00164,0.04,179.78,31.91,204.27
4876,1322,11,0.0016,196.17,141.43,240.8,168.3
4877,1323,5,0.21096,410.74,0.0,492.19,60.81
4878,1323,7,0.01475,210.32,118.08,258.4,239.74
4879,1323,5,0.01032,0.04,3.13,54.78,40.69
4880,1323,14,0.00797,0.0,2.09,16.57,43.03
4881,1323,5,0.00351,410.74,0.0,460.23,59.19
4882,1323,14,0.00314,0.06,12.48,4.8,44.43
4883,1323,14,0.00297,373.53,56.44,424.63,153.53
4884,1323,5,0.00244,486.03,48.78,493.0,88.62
4885,1323,8,0.00235,411.8,0.61,446.82,26.91
4886,1323,14,0.00231,0.0,1.05,6.4,24.4
4887,1323,16,0.00198,413.31,0.3,430.96,19.28
4888,1323,14,0.00164,0.06,24.12,3.88,44.73
4889,1323,5,0.0016,413.39,0.67,442.76,23.21
4890,1323,5,0.00157,480.54,0.0,493.0,31.48
4891,1323,8,0.00141,411.39,0.0,451.32,54.71
4892,1323,14,0.00135,0.0,18.06,13.99,44.46
4893,1323,14,0.00134,0.51,2.93,34.1,40.55
4894,1323,14,0.00123,488.95,2.12,493.0,61.98
4895,1326,10,0.91338,169.9,208.2,193.69,229.76
4896,1326,10,0.89291,303.99,162.58,326.71,182.53
4897,1326,17,0.87356,257.53,181.28,276.99,200.01
4898,1326,9,0.86659,195.88,126.37,216.69,147.45
4899,1326,17,0.85631,221.8,197.67,241.28,217.12
4900,1326,11,0.78795,159.39,83.1,179.27,102.1
4901,1326,10,0.68159,256.83,106.57,279.06,125.98
4902,1326,14,0.00245,57.02,104.21,91.28,250.0
4903,1326,14,0.00208,0.0,94.54,52.01,215.59
4904,1326,14,0.00195,27.12,110.4,93.99,224.78
4905,1326,14,0.0014,22.82,98.12,52.12,215.4
4906,1326,6,0.00119,0.07,177.58,44.64,213.44
4907,1327,12,0.9003,173.49,46.19,207.55,80.78
4908,1327,12,0.87919,0.0,81.23,33.76,119.28
4909,1327,3,0.86217,234.8,112.63,313.21,179.44
4910,1327,3,0.83699,84.04,79.25,142.19,159.67
4911,1327,0,0.81491,71.69,0.0,105.78,25.1
4912,1327,0,0.71366,101.42,194.16,147.22,242.2
4913,1327,4,0.65193,196.06,2.4,265.72,42.18
4914,1327,3,0.35131,197.28,2.44,266.84,41.93
4915,1327,1,0.30486,99.5,193.37,148.53,242.57
4916,1327,3,0.29681,235.61,140.38,312.66,178.81
4917,1327,15,0.02298,474.99,126.56,479.0,147.3
4918,1327,16,0.00593,0.0,81.52,33.82,119.26
4919,1327,16,0.00464,173.41,46.23,207.23,80.91
4920,1327,15,0.00292,472.2,125.47,479.0,151.82
4921,1327,5,0.00191,190.47,251.0,277.45,251.0
4922,1327,3,0.00171,197.74,2.1,263.97,26.93
4923,1327,9,0.00153,380.4,105.18,388.27,114.72
4924,1327,17,0.00134,72.03,0.0,106.13,24.67
4925,1327,14,0.00119,456.32,230.61,477.98,251.0
4926,1328,3,0.87032,223.15,188.46,318.71,224.8
4927,1328,3,0.83205,226.08,52.74,308.41,80.42
4928,1328,4,0.68807,219.86,113.63,315.58,151.47
4929,1328,3,0.00238,213.91,191.83,273.23,225.41
4930,1328,4,0.00183,269.57,123.35,312.98,149.39
4931,1333,5,0.87856,342.43,0.8,496.94,100.53
4932,1333,5,0.78316,179.76,0.0,306.73,96.32
4933,1333,5,0.75232,0.01,1.02,150.14,99.18
4934,1333,5,0.04521,168.52,0.0,306.59,219.95
4935,1333,5,0.01726,188.65,0.0,311.87,49.39
4936,1333,5,0.01102,0.96,57.46,164.42,96.47
4937,1333,5,0.00707,352.0,0.0,494.41,43.14
4938,1333,5,0.00585,172.1,0.0,499.0,249.0
4939,1333,5,0.00541,183.38,35.85,309.03,94.73
4940,1333,5,0.00439,339.18,12.92,455.28,94.66
4941,1333,5,0.00428,66.34,0.0,339.29,249.0
4942,1333,5,0.00237,0.15,0.0,164.19,225.44
4943,1333,5,0.00104,59.94,0.67,151.07,43.28
4944,1342,17,0.86802,193.58,179.92,207.26,194.13
4945,1342,9,0.78116,344.39,169.06,363.24,183.04
4946,1342,9,0.71673,269.64,154.38,287.41,167.27
4947,1342,11,0.65295,351.88,181.06,373.21,198.81
4948,1342,11,0.02292,356.78,210.34,370.9,219.04
4949,1342,17,0.01002,102.58,60.84,112.56,76.12
4950,1342,11,0.00378,8.01,41.23,18.51,57.58
4951,1342,17,0.0019,93.59,60.19,112.6,76.43
4952,1342,17,0.00169,420.78,128.36,437.04,137.54
4953,1346,14,0.7692,202.26,59.33,234.7,102.12
4954,1346,14,0.63654,297.54,58.34,326.05,108.8
4955,1346,14,0.51806,399.79,63.78,420.63,113.13
4956,1346,14,0.39381,368.92,65.65,391.22,112.18
4957,1346,14,0.30245,343.38,65.65,361.64,109.19
4958,1346,14,0.26347,47.04,35.37,60.27,60.01
4959,1346,14,0.22093,96.1,19.57,195.88,140.51
4960,1346,14,0.15244,394.01,64.16,424.23,120.72
4961,1346,14,0.14834,417.89,65.37,438.07,91.45
4962,1346,14,0.14724,354.07,76.08,372.18,109.86
4963,1346,8,0.1353,85.51,22.36,196.01,137.68
4964,1346,14,0.09596,394.27,65.63,443.2,120.59
4965,1346,14,0.05938,283.19,59.68,331.44,116.42
4966,1346,8,0.05843,293.98,61.24,331.45,116.41
4967,1346,14,0.04936,418.09,63.51,447.91,94.12
4968,1346,8,0.03121,370.66,72.84,492.94,223.77
4969,1346,14,0.0296,417.6,63.18,450.74,109.86
4970,1346,8,0.02939,275.82,68.15,328.08,113.53
4971,1346,14,0.02832,59.48,34.69,72.7,60.6
4972,1346,14,0.02679,341.52,67.53,371.48,109.35
4973,1346,14,0.02421,293.1,60.83,319.18,102.18
4974,1346,14,0.02073,319.49,59.32,334.07,80.21
4975,1346,8,0.01857,306.77,84.14,330.86,116.06
4976,1346,14,0.01826,0.0,16.37,20.27,166.32
4977,1346,14,0.01784,330.8,66.97,361.09,109.25
4978,1346,5,0.01677,102.42,20.37,187.74,66.7
4979,1346,14,0.01445,141.15,19.32,172.98,71.3
4980,1346,14,0.01431,353.1,69.28,386.18,110.04
4981,1346,8,0.01301,274.75,74.83,297.12,104.93
4982,1346,14,0.01283,479.8,84.07,494.0,143.42
4983,1346,14,0.01216,358.04,77.47,379.12,111.88
4984,1346,8,0.01175,437.27,68.49,494.0,246.78
4985,1346,14,0.01122,487.36,77.62,494.0,156.25
4986,1346,14,0.00949,339.22,71.43,358.62,108.77
4987,1346,8,0.00933,481.91,106.28,493.95,158.28
4988,1346,14,0.00921,317.61,59.36,334.58,95.32
4989,1346,8,0.00841,484.78,112.18,493.94,171.55
4990,1346,14,0.00812,288.28,72.76,314.31,107.19
4991,1346,14,0.00765,276.6,74.45,304.32,105.63
4992,1346,8,0.00746,476.56,80.37,493.92,186.71
4993,1346,14,0.00717,408.68,84.47,451.6,120.36
4994,1346,14,0.00674,405.36,63.47,437.9,92.64
4995,1346,8,0.00663,324.63,78.37,349.6,109.42
4996,1346,14,0.00615,470.67,83.56,493.87,143.11
4997,1346,14,0.00608,47.86,34.92,69.24,61.12
4998,1346,14,0.00595,346.4,65.93,361.91,93.62
4999,1346,14,0.00471,309.65,59.4,334.55,89.25
5000,1346,16,0.00458,385.16,140.13,415.32,164.48
5001,1346,14,0.00433,138.29,19.73,181.59,95.2
5002,1346,14,0.00426,343.28,79.03,357.43,108.79
5003,1346,8,0.00413,488.28,96.25,494.0,165.66
5004,1346,14,0.00396,126.37,18.3,194.36,111.5
5005,1346,8,0.00388,370.84,82.64,491.18,167.28
5006,1346,14,0.00381,302.76,62.56,332.41,114.79
5007,1346,14,0.00366,284.66,77.37,306.97,106.56
5008,1346,8,0.00334,449.11,78.32,493.86,146.61
5009,1346,8,0.00319,467.08,100.29,493.88,187.1
5010,1346,8,0.00303,470.79,80.92,493.88,150.69
5011,1346,8,0.00291,323.71,70.74,362.27,110.44
5012,1346,14,0.00289,290.67,75.23,324.16,111.93
5013,1346,8,0.00287,478.54,104.73,493.94,218.77
5014,1346,14,0.00274,304.19,59.62,325.54,93.52
5015,1346,14,0.00239,0.05,0.0,29.27,158.49
5016,1346,14,0.00215,312.63,77.48,345.79,111.56
5017,1346,8,0.00212,84.39,43.47,197.46,101.39
5018,1346,8,0.00209,460.19,108.41,491.48,143.06
5019,1346,14,0.00206,389.62,67.47,418.16,108.85
5020,1346,14,0.00187,489.75,0.4,494.0,46.31
5021,1346,14,0.00186,139.02,18.69,171.51,51.89
5022,1346,14,0.00181,363.09,76.33,388.95,112.45
5023,1346,5,0.0017,102.03,28.62,173.3,59.95
5024,1346,8,0.00169,331.91,83.16,348.25,109.95
5025,1346,14,0.00169,296.82,82.53,330.85,116.13
5026,1346,8,0.00165,312.6,74.83,344.69,110.96
5027,1346,14,0.00163,298.68,73.36,332.78,161.06
5028,1346,8,0.00162,488.55,113.39,494.0,186.69
5029,1346,8,0.00159,333.61,78.92,356.42,109.21
5030,1346,16,0.00153,202.04,59.48,235.41,102.73
5031,1346,14,0.00147,410.08,63.77,428.62,90.79
5032,1346,14,0.00144,345.88,66.0,366.26,86.17
5033,1346,14,0.00141,384.08,78.51,494.0,144.66
5034,1346,14,0.00139,406.54,79.7,465.76,126.46
5035,1346,14,0.00138,403.36,60.84,437.89,82.76
5036,1346,14,0.00137,418.76,64.34,436.58,81.33
5037,1346,14,0.00127,375.01,61.59,422.93,119.92
5038,1346,8,0.00124,397.66,73.91,494.0,144.3
5039,1346,8,0.00123,275.1,75.38,292.56,97.39
5040,1346,8,0.0012,477.42,0.45,493.95,52.56
5041,1346,16,0.00119,409.92,87.48,440.66,108.26
5042,1346,14,0.00114,309.16,70.66,333.99,106.84
5043,1346,14,0.00111,321.0,59.37,330.71,77.85
5044,1346,8,0.00105,135.4,104.11,166.27,136.87
5045,1346,14,0.00105,399.07,64.2,419.71,84.61
5046,1346,8,0.00102,118.81,65.86,185.11,137.3
5047,1346,14,0.00102,376.27,70.98,391.67,104.34
5048,1346,14,0.00102,412.77,68.1,442.81,107.44
5049,1346,14,0.001,361.62,76.08,375.64,106.14
5050,1350,7,0.79282,409.96,34.74,438.11,60.79
5051,1350,7,0.75936,262.38,52.13,292.22,73.88
5052,1350,0,0.02738,236.43,173.36,260.55,199.43
5053,1350,5,0.00565,0.0,0.0,42.16,29.64
5054,1350,17,0.0015,275.58,32.66,294.39,50.16
5055,1359,17,0.07577,16.77,129.1,22.73,136.33
5056,1359,5,0.00472,0.08,197.6,45.04,198.0
5057,1359,15,0.00216,0.43,110.68,67.72,196.28
5058,1359,5,0.00127,198.78,39.39,463.0,198.0
5059,1359,5,0.00126,135.74,26.69,262.38,167.71
5060,1364,10,0.89085,390.11,95.13,412.93,117.95
5061,1364,17,0.83527,170.0,108.29,188.67,125.08
5062,1364,9,0.74544,382.94,176.28,418.41,209.87
5063,1364,10,0.67834,271.86,132.87,293.17,157.86
5064,1364,17,0.50081,271.95,132.97,293.36,158.01
5065,1364,9,0.41667,291.91,87.06,313.37,110.43
5066,1364,17,0.35618,292.13,87.19,313.56,110.56
5067,1364,6,0.00114,383.27,175.91,419.15,209.13
5068,1365,0,0.86545,20.46,93.43,60.51,132.3
5069,1365,4,0.84199,158.0,116.8,220.58,178.49
5070,1365,12,0.57285,59.48,147.46,100.49,187.27
5071,1365,13,0.56007,59.84,147.21,100.29,186.87
5072,1365,11,0.41052,363.99,99.9,381.38,110.93
5073,1365,12,0.13951,108.25,58.3,124.81,73.06
5074,1365,0,0.01123,0.0,93.29,12.68,119.57
5075,1365,1,0.01021,59.47,146.62,100.11,187.92
5076,1365,0,0.0066,173.06,16.67,192.66,35.36
5077,1365,1,0.00552,21.06,93.31,60.43,133.56
5078,1365,11,0.00401,60.45,146.68,99.84,187.8
5079,1365,12,0.00369,172.88,17.09,192.85,35.53
5080,1365,2,0.00322,0.02,93.26,12.86,118.73
5081,1365,16,0.00309,60.38,147.43,101.25,185.2
5082,1365,8,0.00289,0.0,49.4,11.2,84.79
5083,1365,3,0.00268,172.87,16.79,192.71,35.6
5084,1365,3,0.00266,0.01,94.1,12.33,127.77
5085,1365,5,0.00213,0.01,93.24,12.79,118.87
5086,1365,8,0.00183,0.0,37.85,14.7,81.7
5087,1365,3,0.00169,0.0,17.82,30.05,46.99
5088,1365,16,0.00119,0.0,93.59,12.94,118.31
5089,1365,8,0.00113,0.0,1.31,20.8,33.73
5090,1365,11,0.00109,108.24,58.51,124.79,72.92
5091,1365,8,0.00101,0.0,8.09,30.49,45.57
5092,1375,17,0.77735,81.48,41.93,96.44,55.31
5093,1375,17,0.65362,36.14,43.97,50.56,59.46
5094,1375,2,0.43608,133.94,40.46,151.63,54.94
5095,1375,2,0.29097,95.02,73.89,108.14,88.01
5096,1375,2,0.28896,36.15,44.14,50.34,59.47
5097,1375,2,0.01955,84.73,18.02,100.69,32.31
5098,1375,2,0.00634,81.21,41.78,96.26,55.47
5099,1375,3,0.00516,84.92,18.31,100.83,32.2
5100,1375,9,0.00396,84.98,18.18,100.84,32.05
5101,1375,3,0.0011,80.54,38.46,143.43,62.76
5102,1380,15,0.87766,289.92,33.4,321.6,68.85
5103,1380,15,0.85256,245.61,156.1,281.16,188.72
5104,1380,15,0.74237,375.76,145.08,425.62,189.88
5105,1380,15,0.00489,375.51,146.23,421.15,213.29
5106,1380,6,0.00238,0.0,4.07,105.14,222.79
5107,1380,6,0.00127,1.28,2.36,115.59,142.97
5108,1382,14,0.75769,253.6,103.28,280.3,172.44
5109,1382,5,0.75753,396.53,131.78,477.45,173.32
5110,1382,14,0.72371,167.34,87.78,196.61,170.57
5111,1382,14,0.71954,315.04,99.01,341.96,176.2
5112,1382,5,0.51099,0.0,100.6,117.21,160.87
5113,1382,14,0.40247,311.96,98.79,374.57,177.4
5114,1382,5,0.17897,0.0,64.61,175.24,162.91
5115,1382,5,0.06079,14.53,116.53,120.89,155.91
5116,1382,14,0.05948,337.2,98.69,371.23,175.14
5117,1382,5,0.01948,39.58,96.3,195.8,162.08
5118,1382,5,0.00907,430.92,92.09,500.0,150.28
5119,1382,5,0.00234,70.93,96.68,160.46,148.92
5120,1382,14,0.0021,148.28,134.29,175.9,162.23
5121,1382,14,0.00208,148.8,140.57,162.64,161.9
5122,1382,14,0.00205,0.0,103.89,12.31,146.09
5123,1382,5,0.00194,465.87,86.34,499.98,196.25
5124,1382,5,0.00168,0.0,5.47,123.27,164.56
5125,1382,14,0.00168,0.05,114.31,4.61,143.91
5126,1382,14,0.00164,0.0,115.53,10.89,159.44
5127,1382,5,0.0016,192.66,123.73,222.36,160.2
5128,1382,14,0.00137,0.01,103.15,8.29,139.27
5129,1382,5,0.00133,445.1,160.27,462.83,172.62
5130,1382,5,0.00117,194.35,126.1,237.87,161.12
5131,1382,14,0.0011,0.18,99.53,14.71,194.06
5132,1382,14,0.00102,251.96,126.39,281.66,170.89
5133,1387,2,0.79525,94.72,69.28,124.88,100.53
5134,1387,5,0.02066,44.66,36.02,142.51,63.51
5135,1387,15,0.00868,225.6,20.31,250.89,48.65
5136,1387,5,0.00452,27.74,20.2,150.78,62.59
5137,1387,5,0.00343,491.75,35.59,504.89,76.41
5138,1387,15,0.00318,298.13,52.27,323.36,78.42
5139,1387,5,0.00301,64.14,37.07,139.52,73.57
5140,1387,5,0.00245,486.93,14.41,504.86,80.73
5141,1387,5,0.00165,0.0,27.17,37.87,66.45
5142,1387,5,0.00134,474.07,11.29,504.89,80.18
5143,1387,8,0.00129,499.53,37.07,505.0,81.23
5144,1387,5,0.00107,131.89,28.58,187.35,54.53
5145,1387,8,0.00107,489.85,43.56,504.99,76.5
5146,1393,0,0.84962,387.41,101.65,431.55,145.66
5147,1393,0,0.59256,278.33,207.31,330.06,250.97
5148,1393,1,0.47025,276.69,206.45,331.19,251.0
5149,1393,1,0.0353,277.36,222.94,328.94,251.0
5150,1393,1,0.01273,387.48,101.3,430.94,146.24
5151,1397,2,0.55912,186.36,107.88,200.31,124.52
5152,1397,17,0.5252,231.56,95.66,245.23,109.66
5153,1397,2,0.20885,266.92,87.93,282.85,102.25
5154,1397,17,0.10947,266.86,88.08,282.19,101.96
5155,1397,17,0.10383,186.14,107.99,200.54,124.36
5156,1397,2,0.01584,231.4,95.73,245.38,109.62
5157,1397,2,0.01004,208.18,104.49,236.17,121.38
5158,1399,2,0.86729,419.47,174.44,439.02,199.27
5159,1399,2,0.8396,373.61,129.28,388.79,150.71
5160,1399,2,0.83711,297.85,129.16,315.16,151.38
5161,1399,2,0.83147,297.03,167.99,316.66,193.67
5162,1399,2,0.00166,260.67,157.08,302.21,189.2
5163,1399,5,0.00151,202.59,213.2,312.04,248.0
5164,1399,2,0.00132,260.19,150.91,321.14,189.91
5165,1399,2,0.00105,141.31,82.72,168.01,111.99
5166,1404,8,0.68838,311.5,0.68,434.79,61.67
5167,1404,8,0.29715,0.0,3.93,164.58,113.75
5168,1404,8,0.25034,417.12,0.0,469.5,15.79
5169,1404,8,0.24938,205.9,0.0,251.45,41.91
5170,1404,8,0.12433,216.59,0.68,350.34,98.61
5171,1404,8,0.11732,147.26,0.0,178.97,36.4
5172,1404,8,0.10426,15.87,0.42,234.69,108.28
5173,1404,8,0.05723,410.74,0.81,453.07,14.86
5174,1404,8,0.04981,0.05,1.71,112.13,101.72
5175,1404,8,0.04629,309.56,5.0,349.39,72.72
5176,1404,8,0.04366,6.15,0.0,122.41,0.0
5177,1404,8,0.04265,215.34,0.0,335.6,53.4
5178,1404,8,0.04084,142.19,0.0,242.12,37.77
5179,1404,8,0.03628,146.26,0.0,204.0,37.01
5180,1404,8,0.03619,102.65,6.49,125.79,41.42
5181,1404,8,0.03299,405.81,1.06,441.16,46.66
5182,1404,8,0.02703,154.84,0.38,192.27,27.24
5183,1404,8,0.02639,415.86,0.0,470.0,17.17
5184,1404,8,0.01919,0.46,0.82,68.94,99.04
5185,1404,8,0.01892,81.96,0.0,127.41,41.53
5186,1404,8,0.01824,418.11,0.48,443.25,14.53
5187,1404,8,0.01774,221.19,0.0,259.13,35.73
5188,1404,8,0.01759,0.0,0.24,90.55,55.36
5189,1404,8,0.01674,331.9,0.0,460.19,67.34
5190,1404,8,0.01517,10.12,0.0,188.29,4.52
5191,1404,8,0.01516,134.41,1.07,259.24,130.81
5192,1404,8,0.01476,94.49,0.0,160.73,42.52
5193,1404,8,0.01337,245.07,23.71,281.49,55.92
5194,1404,8,0.01327,413.67,0.0,470.0,26.41
5195,1404,8,0.01312,188.19,0.41,337.59,26.84
5196,1404,8,0.01141,287.95,0.0,452.25,34.57
5197,1404,8,0.01086,440.81,0.0,469.99,46.01
5198,1404,8,0.01058,135.43,0.94,257.74,51.94
5199,1404,8,0.01031,170.31,0.52,217.79,36.27
5200,1404,8,0.00921,454.6,0.0,469.95,50.23
5201,1404,8,0.0092,179.31,0.0,252.36,37.1
5202,1404,8,0.00766,62.66,0.31,104.79,37.24
5203,1404,8,0.00699,0.1,0.17,73.11,38.61
5204,1404,8,0.00589,147.56,0.27,167.17,25.94
5205,1404,8,0.00579,18.63,0.6,113.07,40.06
5206,1404,8,0.00547,212.54,0.0,242.38,27.0
5207,1404,8,0.00508,244.61,22.09,310.27,56.58
5208,1404,8,0.00503,173.0,0.83,302.98,124.05
5209,1404,8,0.00492,252.65,0.0,464.54,0.0
5210,1404,8,0.00449,427.56,0.58,464.89,14.81
5211,1404,8,0.00441,0.22,0.0,37.87,0.0
5212,1404,8,0.0044,0.0,0.0,13.85,0.0
5213,1404,8,0.00427,168.98,0.49,193.43,23.33
5214,1404,8,0.00423,436.36,0.0,469.93,17.4
5215,1404,8,0.00413,0.0,39.3,108.62,94.48
5216,1404,8,0.00403,126.9,0.0,178.61,40.72
5217,1404,8,0.00393,405.56,0.0,445.75,19.49
5218,1404,8,0.00388,208.88,6.98,236.91,38.45
5219,1404,8,0.00324,0.1,0.07,33.6,33.16
5220,1404,8,0.00324,115.07,0.0,153.3,43.51
5221,1404,8,0.00322,182.26,15.18,214.07,35.96
5222,1404,8,0.00306,216.0,0.0,244.43,43.87
5223,1404,8,0.00263,284.91,1.89,349.54,71.27
5224,1404,8,0.00256,446.16,0.0,470.0,33.42
5225,1404,8,0.00256,224.44,0.27,299.97,30.67
5226,1404,8,0.00247,36.76,0.53,134.83,83.02
5227,1404,8,0.00237,0.0,1.53,31.96,55.35
5228,1404,8,0.00234,108.21,4.42,136.78,45.58
5229,1404,8,0.00233,440.59,0.51,470.0,17.97
5230,1404,8,0.00228,63.47,4.47,177.92,106.54
5231,1404,8,0.00227,309.49,0.0,362.97,39.61
5232,1404,8,0.00225,79.39,15.94,129.92,82.69
5233,1404,8,0.0022,122.56,0.0,251.45,80.7
5234,1404,8,0.00217,0.0,0.0,46.82,7.22
5235,1404,8,0.00207,295.38,0.76,429.04,41.78
5236,1404,8,0.002,432.61,0.0,470.0,148.24
5237,1404,8,0.00197,199.24,0.0,362.08,62.37
5238,1404,8,0.00189,78.6,2.47,108.35,43.64
5239,1404,8,0.00182,457.15,0.0,470.0,21.94
5240,1404,8,0.00179,0.0,0.0,13.61,7.5
5241,1404,8,0.00173,451.44,0.0,469.9,11.2
5242,1404,8,0.0017,8.69,36.7,134.71,114.33
5243,1404,8,0.00169,81.76,0.1,105.3,29.08
5244,1404,8,0.00168,43.67,0.0,115.08,51.87
5245,1404,8,0.00161,392.24,0.0,470.0,82.69
5246,1404,8,0.00156,307.19,9.3,330.22,43.88
5247,1404,8,0.00152,374.42,0.0,461.4,113.45
5248,1404,8,0.00151,0.0,0.0,18.55,29.43
5249,1404,8,0.00147,418.08,17.41,441.24,46.67
5250,1404,8,0.00145,458.61,0.0,469.98,33.6
5251,1404,8,0.00135,113.74,74.18,144.34,102.87
5252,1404,8,0.00135,407.65,0.0,470.0,162.57
5253,1404,8,0.00135,226.3,0.23,250.42,26.9
5254,1404,8,0.00134,0.0,0.0,32.56,108.47
5255,1404,8,0.00133,462.05,0.0,469.99,26.22
5256,1404,8,0.00124,80.68,18.15,144.85,100.98
5257,1404,8,0.00122,160.53,0.19,183.26,23.37
5258,1404,8,0.00119,182.38,0.0,393.46,10.69
5259,1404,8,0.00117,192.84,0.43,270.5,88.13
5260,1404,8,0.00117,96.61,0.38,125.01,30.82
5261,1404,8,0.00116,448.69,0.13,469.96,24.01
5262,1404,8,0.0011,465.62,0.0,470.0,39.23
5263,1404,3,0.0011,258.82,15.51,347.41,102.51
5264,1404,8,0.00108,136.18,0.3,159.12,40.3
5265,1404,8,0.00102,126.84,5.83,156.09,46.99
5266,1407,15,0.20651,350.5,46.32,386.92,90.83
5267,1407,15,0.02975,350.31,39.35,402.65,91.6
5268,1407,15,0.02029,349.57,42.25,401.05,74.22
5269,1407,6,0.00922,0.0,155.6,9.08,203.6
5270,1407,7,0.00394,351.32,43.54,400.7,90.05
5271,1407,15,0.00354,408.36,150.18,422.72,161.4
5272,1407,15,0.00207,381.36,59.38,400.98,85.97
5273,1407,5,0.00122,0.08,241.58,46.84,242.0
5274,1409,7,0.87651,106.89,196.5,129.48,223.69
5275,1409,7,0.85133,61.01,145.81,87.29,168.36
5276,1409,14,0.0022,0.0,110.41,13.62,166.85
5277,1418,17,0.85614,58.63,64.24,72.79,78.52
5278,1418,9,0.83076,212.0,56.18,230.39,70.1
5279,1418,11,0.50779,218.02,67.62,239.52,86.01
5280,1418,9,0.22097,137.42,39.65,155.65,52.15
5281,1418,11,0.10363,246.61,160.31,268.05,182.26
5282,1418,9,0.01472,131.17,85.13,147.04,97.49
5283,1418,11,0.00366,446.11,129.4,467.13,141.29
5284,1418,11,0.00178,221.72,96.96,236.63,105.84
5285,1418,6,0.00145,443.71,183.54,476.94,221.06
5286,1418,11,0.00123,258.7,142.78,284.0,155.38
5287,1426,2,0.78195,364.62,48.5,377.8,66.6
5288,1426,2,0.78113,376.62,20.34,387.68,36.84
5289,1426,2,0.7532,415.93,32.73,427.36,50.27
5290,1426,2,0.7154,319.54,27.38,332.37,43.97
5291,1426,2,0.03798,179.96,6.3,209.52,33.15
5292,1426,2,0.00871,237.68,0.98,276.71,22.32
5293,1426,2,0.00185,366.81,58.75,415.11,101.09
5294,1426,2,0.00139,276.95,0.26,307.11,17.31
5295,1426,2,0.00128,306.62,26.09,329.58,43.67
5296,1426,2,0.00105,440.23,1.21,476.15,31.8
5297,1428,2,0.78572,418.09,194.43,431.26,211.41
5298,1428,2,0.76777,403.11,172.43,414.34,187.67
5299,1428,2,0.7617,337.23,189.9,349.82,206.53
5300,1428,2,0.65179,352.49,171.75,362.3,187.34
5301,1428,2,0.00235,347.98,173.37,360.55,187.75
5302,1428,14,0.00181,84.25,101.0,97.44,118.58
5303,1428,5,0.00169,0.0,249.74,65.32,251.0
5304,1428,14,0.00142,490.83,9.69,495.0,84.23
5305,1428,14,0.00118,81.71,81.82,100.29,119.27
5306,1429,15,0.12734,312.0,155.23,338.81,184.13
5307,1429,14,0.0424,386.31,1.14,506.44,248.84
5308,1429,14,0.01947,247.05,0.18,263.46,13.72
5309,1429,15,0.01714,310.82,167.56,337.27,184.9
5310,1429,2,0.00738,92.64,0.98,126.12,25.03
5311,1429,14,0.00611,321.18,68.05,503.79,253.42
5312,1429,8,0.00543,394.47,150.23,505.76,256.0
5313,1429,14,0.00364,425.14,139.4,507.0,256.0
5314,1429,15,0.00272,310.79,164.76,339.16,201.09
5315,1429,14,0.00267,446.42,0.0,507.0,241.76
5316,1429,14,0.00191,360.0,1.64,504.65,170.91
5317,1429,14,0.00169,502.37,213.49,507.0,256.0
5318,1429,14,0.00165,247.51,34.25,502.2,256.0
5319,1429,15,0.00138,265.59,86.54,352.89,255.32
5320,1429,8,0.00102,347.33,141.66,505.03,256.0
5321,1453,10,0.88593,192.04,135.07,209.36,150.48
5322,1453,10,0.8752,296.68,131.16,314.36,146.38
5323,1453,17,0.82654,259.85,135.18,273.23,148.15
5324,1453,17,0.8258,231.74,139.61,245.35,153.06
5325,1453,9,0.81922,283.6,98.4,300.75,112.07
5326,1453,11,0.818,224.65,74.8,237.37,87.9
5327,1453,9,0.81349,235.87,101.25,250.25,114.96
5328,1453,11,0.02927,282.43,40.79,303.86,52.7
5329,1453,5,0.00242,296.87,130.98,314.05,146.24
5330,1453,0,0.00145,224.81,74.85,237.11,88.05
5331,1454,2,0.80808,350.91,40.77,371.16,70.41
5332,1456,15,0.81209,131.66,49.4,163.53,77.56
5333,1456,15,0.75654,55.54,68.92,85.14,95.66
5334,1456,15,0.46831,132.85,104.57,171.63,139.07
5335,1456,7,0.40559,130.79,104.31,171.15,139.35
5336,1457,7,0.85097,69.32,170.24,90.5,191.94
5337,1457,8,0.01872,233.5,1.62,340.19,42.1
5338,1457,8,0.00414,236.92,1.95,305.59,36.4
5339,1457,8,0.00299,231.6,0.41,427.52,70.51
5340,1457,8,0.00202,156.57,0.0,335.87,45.51
5341,1457,5,0.00134,0.0,51.82,134.95,250.0
5342,1457,8,0.00131,174.64,0.0,353.49,66.14
5343,1458,10,0.88454,108.49,181.41,131.61,201.08
5344,1458,17,0.88426,149.91,154.26,167.39,172.22
5345,1458,9,0.8681,223.63,162.34,245.69,183.4
5346,1458,10,0.86719,203.55,78.44,222.23,97.16
5347,1458,17,0.84986,180.92,129.18,197.83,146.13
5348,1458,11,0.84462,272.78,193.77,297.76,216.31
5349,1458,9,0.7043,177.06,208.52,199.92,233.55
5350,1463,17,0.84477,51.83,174.91,66.2,189.46
5351,1463,9,0.78374,205.4,174.53,224.24,187.63
5352,1463,11,0.70347,211.67,186.58,232.8,204.85
5353,1463,11,0.63187,74.33,111.56,88.75,120.03
5354,1463,9,0.58892,131.89,154.43,150.26,168.09
5355,1463,17,0.1252,286.1,140.37,298.39,148.56
5356,1463,11,0.0625,214.23,216.22,228.15,224.91
5357,1463,17,0.00368,284.44,140.26,298.39,153.9
5358,1463,11,0.0016,3.47,146.81,35.35,177.81
5359,1466,17,0.3265,154.59,87.18,171.62,104.31
5360,1466,2,0.01258,41.09,97.74,58.92,116.78
5361,1466,2,0.00428,84.59,103.42,109.77,123.44
5362,1466,8,0.00229,0.0,0.65,46.46,30.19
5363,1473,7,0.86877,54.11,146.35,82.83,166.96
5364,1473,6,0.00255,237.63,51.01,260.58,64.79
5365,1473,6,0.00166,374.36,65.28,399.2,89.88
5366,1474,15,0.3855,255.02,97.19,322.61,163.72
5367,1474,15,0.00387,261.7,122.46,324.27,185.79
5368,1474,15,0.0033,259.48,110.47,305.61,152.5
5369,1474,8,0.00144,347.55,0.11,498.88,91.58
5370,1474,8,0.00119,323.35,0.62,499.49,155.29
5371,1474,16,0.00115,0.0,1.54,17.74,34.07
5372,1480,15,0.87421,173.04,21.25,208.57,61.03
5373,1480,15,0.83504,176.38,153.95,212.82,192.02
5374,1480,15,0.78596,295.23,97.71,343.87,144.62
5375,1480,8,0.00108,0.0,0.0,42.5,53.87
5376,1481,17,0.80386,231.49,28.86,248.76,47.21
5377,1481,9,0.47599,275.85,49.33,294.49,69.37
5378,1481,9,0.24968,332.51,74.11,353.43,100.37
5379,1481,17,0.18697,275.69,49.26,294.59,69.15
5380,1481,2,0.01692,275.36,49.14,294.68,68.97
5381,1481,3,0.01328,294.24,25.22,318.91,39.67
5382,1481,14,0.0108,332.22,73.94,352.73,110.72
5383,1481,2,0.00879,231.32,29.31,248.36,47.41
5384,1481,2,0.00663,332.44,73.91,353.96,110.36
5385,1481,3,0.00383,332.41,74.24,353.49,110.61
5386,1498,2,0.86282,362.67,46.15,386.99,64.15
5387,1498,2,0.83557,418.14,78.97,443.54,98.87
5388,1498,2,0.82286,304.53,88.13,330.1,106.67
5389,1498,2,0.81313,254.9,48.31,279.31,66.01
5390,1499,1,0.87519,207.42,14.27,229.45,37.29
5391,1499,12,0.74983,72.42,9.51,94.36,31.0
5392,1499,1,0.62817,82.5,0.0,101.7,7.74
5393,1499,0,0.05915,82.78,0.0,101.86,7.34
5394,1499,3,0.002,133.89,0.0,161.98,29.47
5395,1510,7,0.81062,389.64,184.93,414.83,205.18
5396,1510,7,0.7757,408.53,149.43,434.47,167.01
5397,1510,5,0.00273,267.16,33.14,316.62,49.12
5398,1510,5,0.00179,140.84,38.91,181.56,55.22
5399,1510,5,0.00136,177.14,86.9,297.45,121.79
5400,1510,5,0.00113,0.0,69.05,104.74,115.3
5401,1516,2,0.80588,42.94,125.45,75.41,150.31
5402,1520,14,0.8152,289.47,83.04,311.87,155.9
5403,1520,14,0.7825,332.44,81.06,355.61,152.75
5404,1520,14,0.74498,425.83,59.42,451.97,121.76
5405,1520,14,0.74241,311.74,97.27,332.01,153.39
5406,1520,14,0.63947,102.22,113.86,120.52,162.93
5407,1520,8,0.60741,0.17,133.88,69.02,188.73
5408,1520,14,0.59115,124.0,102.69,158.83,160.5
5409,1520,8,0.57185,125.3,148.47,237.86,203.44
5410,1520,14,0.13814,0.04,139.62,11.68,203.0
5411,1520,14,0.1196,223.4,76.06,247.5,124.36
5412,1520,8,0.06065,478.98,84.46,498.93,143.51
5413,1520,5,0.05179,238.0,120.08,286.44,143.57
5414,1520,14,0.05135,401.5,68.38,414.41,93.46
5415,1520,14,0.05082,216.37,42.21,248.24,128.4
5416,1520,14,0.04938,494.7,74.41,499.0,147.24
5417,1520,14,0.04933,116.21,102.55,157.16,184.29
5418,1520,14,0.04825,131.77,103.25,159.02,141.25
5419,1520,14,0.04807,0.06,106.31,17.69,151.7
5420,1520,14,0.04402,0.12,137.33,23.42,205.81
5421,1520,14,0.02811,485.5,79.85,499.0,127.68
5422,1520,14,0.02592,478.57,90.85,498.93,143.74
5423,1520,14,0.02214,0.07,107.01,21.64,178.62
5424,1520,14,0.02097,0.36,0.0,38.68,95.97
5425,1520,14,0.01647,327.24,98.0,338.77,127.22
5426,1520,5,0.01577,0.0,1.75,118.74,33.32
5427,1520,14,0.01562,454.6,69.8,469.31,96.79
5428,1520,8,0.01378,114.07,157.48,141.92,187.8
5429,1520,8,0.0136,0.46,0.89,40.3,61.57
5430,1520,8,0.01344,113.91,115.57,156.07,187.35
5431,1520,14,0.01332,0.0,100.9,11.88,168.58
5432,1520,14,0.01239,487.38,70.87,498.98,147.76
5433,1520,14,0.01176,0.0,85.7,16.51,143.21
5434,1520,8,0.01064,0.24,130.91,37.15,186.14
5435,1520,14,0.00999,133.34,122.19,155.88,159.84
5436,1520,14,0.00892,0.0,107.05,5.45,158.65
5437,1520,8,0.0088,0.18,0.0,40.43,104.05
5438,1520,8,0.00873,124.28,167.19,193.92,204.9
5439,1520,14,0.00802,0.0,108.85,9.63,147.02
5440,1520,8,0.00704,0.0,135.39,8.77,205.87
5441,1520,8,0.00644,485.07,93.67,498.98,149.6
5442,1520,8,0.00549,113.94,149.04,163.81,187.72
5443,1520,14,0.0053,190.57,107.25,224.49,166.55
5444,1520,14,0.00494,477.62,86.44,498.88,121.41
5445,1520,8,0.00488,0.0,117.6,10.42,193.15
5446,1520,14,0.00466,3.33,131.36,35.08,183.72
5447,1520,14,0.00442,40.8,138.3,74.06,185.67
5448,1520,14,0.00436,137.48,144.69,199.35,208.74
5449,1520,5,0.00428,1.38,1.31,110.6,61.04
5450,1520,14,0.00416,25.59,136.94,71.95,188.32
5451,1520,14,0.00414,494.34,107.23,499.0,159.48
5452,1520,14,0.00404,490.5,53.29,499.0,143.53
5453,1520,8,0.00382,0.0,139.35,5.27,205.61
5454,1520,8,0.00362,0.01,110.22,15.59,196.49
5455,1520,14,0.00343,494.67,68.18,499.0,121.48
5456,1520,14,0.00332,321.81,96.72,337.31,141.72
5457,1520,14,0.00326,0.08,163.19,11.43,202.18
5458,1520,16,0.00323,398.21,186.86,448.97,212.31
5459,1520,14,0.00311,0.16,152.93,16.2,206.47
5460,1520,14,0.00304,0.1,0.0,13.94,110.94
5461,1520,14,0.003,0.0,133.03,4.83,211.43
5462,1520,14,0.00279,6.9,46.33,33.06,89.91
5463,1520,14,0.00276,327.09,89.29,345.13,127.32
5464,1520,14,0.0027,487.48,112.75,498.75,144.82
5465,1520,14,0.00264,494.85,103.09,499.0,144.76
5466,1520,14,0.00263,5.85,97.36,22.45,128.85
5467,1520,14,0.00253,446.2,44.14,467.42,95.23
5468,1520,8,0.0024,0.0,131.15,28.34,204.9
5469,1520,14,0.00236,482.72,69.02,499.0,115.76
5470,1520,14,0.00227,0.0,31.45,7.9,104.39
5471,1520,14,0.00224,229.91,89.22,250.22,124.77
5472,1520,5,0.00218,222.44,118.62,288.07,149.89
5473,1520,14,0.00207,226.4,89.53,243.69,121.81
5474,1520,16,0.00206,114.33,159.65,139.51,187.39
5475,1520,14,0.00205,0.0,0.0,5.78,69.38
5476,1520,14,0.00186,478.07,104.72,499.0,120.47
5477,1520,14,0.00186,0.0,0.33,10.26,61.17
5478,1520,8,0.00176,118.97,162.49,139.04,187.54
5479,1520,16,0.00176,16.77,133.36,71.84,184.22
5480,1520,16,0.00169,41.63,47.58,57.74,62.88
5481,1520,8,0.00155,0.0,207.08,104.87,256.0
5482,1520,8,0.00155,20.43,132.03,75.17,183.15
5483,1520,14,0.00153,122.64,102.78,150.78,140.84
5484,1520,14,0.00153,234.7,90.78,260.11,125.56
5485,1520,14,0.00152,135.58,108.03,159.92,133.65
5486,1520,8,0.00144,0.0,32.81,9.41,108.64
5487,1520,14,0.00141,325.04,110.32,341.69,130.31
5488,1520,8,0.00138,473.09,81.2,498.7,159.83
5489,1520,14,0.00136,2.99,108.56,20.5,135.01
5490,1520,14,0.00132,476.78,60.38,498.96,141.53
5491,1520,14,0.0013,0.0,116.79,4.81,180.46
5492,1520,8,0.00126,2.27,133.85,32.27,169.05
5493,1520,14,0.00125,239.46,90.43,258.41,112.23
5494,1520,8,0.00124,113.96,157.89,139.38,207.62
5495,1520,14,0.00122,0.0,44.16,15.76,144.93
5496,1520,14,0.00116,476.49,104.53,499.0,135.03
5497,1520,16,0.00112,403.9,128.47,497.89,165.64
5498,1520,5,0.00111,15.42,72.79,64.7,116.11
5499,1520,14,0.0011,124.18,100.29,161.91,133.81
5500,1520,14,0.00109,26.17,130.76,56.39,160.37
5501,1520,16,0.00106,399.88,211.53,493.7,255.18
5502,1520,14,0.00102,319.88,97.45,338.14,124.15
5503,1524,14,0.72533,32.45,0.33,52.44,28.27
5504,1524,14,0.67092,277.39,0.02,300.93,49.21
5505,1524,14,0.41033,11.42,0.53,24.09,26.76
5506,1524,14,0.32002,395.44,1.62,412.59,37.17
5507,1524,14,0.19397,386.77,17.83,399.33,35.9
5508,1524,14,0.14043,0.49,0.5,24.06,26.32
5509,1524,14,0.10639,406.9,8.94,415.18,36.93
5510,1524,14,0.0347,285.14,17.47,297.14,49.56
5511,1524,14,0.02577,357.29,17.05,369.21,35.2
5512,1524,14,0.0256,401.39,0.74,414.73,36.11
5513,1524,14,0.02047,0.0,0.0,4.4,22.28
5514,1524,14,0.01924,0.0,0.0,9.28,23.58
5515,1524,14,0.01252,406.32,15.7,413.73,37.48
5516,1524,14,0.01005,31.9,0.26,41.3,22.44
5517,1524,14,0.00912,401.71,20.53,411.46,38.2
5518,1524,14,0.00869,5.4,1.11,25.95,35.18
5519,1524,14,0.00774,275.99,11.69,288.23,48.86
5520,1524,14,0.0058,404.32,9.07,413.18,37.52
5521,1524,7,0.00579,0.0,149.08,38.73,203.29
5522,1524,14,0.00385,0.06,4.18,3.21,24.7
5523,1524,14,0.00384,399.07,23.34,409.28,38.78
5524,1524,14,0.00319,0.01,3.95,12.87,27.73
5525,1524,14,0.00317,440.35,18.57,444.0,45.45
5526,1524,14,0.00293,407.42,12.82,420.12,38.22
5527,1524,14,0.00234,439.99,6.79,444.0,48.37
5528,1524,14,0.00225,399.08,10.29,409.28,38.28
5529,1524,14,0.00198,43.97,2.63,51.39,27.93
5530,1524,14,0.0018,288.24,24.8,296.6,49.28
5531,1524,14,0.00135,395.36,15.36,408.22,37.9
5532,1524,14,0.0013,289.29,19.49,298.6,49.99
5533,1524,14,0.00126,275.94,0.0,292.03,48.83
5534,1524,5,0.00119,109.69,81.85,430.02,203.81
5535,1524,14,0.00117,7.27,4.47,19.45,28.21
5536,1524,14,0.0011,309.74,2.91,337.47,41.66
5537,1524,14,0.0011,381.61,15.05,402.63,40.89
5538,1524,14,0.00109,313.93,16.85,351.76,41.62
5539,1540,0,0.87469,292.6,13.42,342.03,61.8
5540,1540,0,0.86502,185.33,75.32,242.44,129.18
5541,1540,6,0.00951,326.71,161.13,409.37,229.72
5542,1540,6,0.0094,0.01,136.48,11.0,193.38
5543,1540,6,0.00365,440.17,67.76,470.26,126.64
5544,1540,6,0.00306,486.24,35.34,501.0,77.1
5545,1540,3,0.00204,186.76,123.75,240.71,155.42
5546,1540,6,0.00196,0.0,141.8,9.57,176.46
5547,1540,6,0.00174,0.11,128.04,49.81,190.74
5548,1540,6,0.00162,495.88,24.04,501.0,84.22
5549,1540,6,0.00145,481.78,0.0,500.93,99.9
5550,1540,6,0.00138,2.4,48.09,41.66,72.68
5551,1540,6,0.00131,0.08,137.69,27.52,192.28
5552,1540,6,0.00107,0.28,100.28,61.13,168.37
5553,1549,5,0.7018,172.42,80.75,214.9,109.31
5554,1549,5,0.62362,2.68,85.52,108.55,174.06
5555,1549,8,0.36813,2.93,87.77,77.03,173.98
5556,1549,5,0.05813,14.36,86.28,192.66,179.69
5557,1549,8,0.04646,140.58,68.46,164.63,93.66
5558,1549,5,0.04059,16.34,87.09,107.43,139.26
5559,1549,14,0.0241,144.64,68.31,164.51,92.28
5560,1549,8,0.02207,100.91,68.0,190.7,185.2
5561,1549,14,0.01286,31.97,63.34,45.91,83.03
5562,1549,8,0.01021,399.33,115.25,432.56,165.26
5563,1549,5,0.00988,113.53,84.41,190.02,185.72
5564,1549,14,0.00579,138.57,68.49,165.26,100.62
5565,1549,8,0.00411,27.38,85.84,108.33,138.64
5566,1549,8,0.00336,0.34,126.05,76.97,172.27
5567,1549,14,0.00323,282.36,101.06,289.97,109.8
5568,1549,8,0.00315,137.78,69.9,154.28,94.53
5569,1549,14,0.00287,65.66,68.13,72.98,80.94
5570,1549,8,0.00221,137.27,68.42,165.55,104.45
5571,1549,5,0.00221,212.78,106.81,464.51,180.89
5572,1549,8,0.0019,123.4,67.39,141.27,85.43
5573,1549,8,0.00167,480.84,169.96,491.88,234.44
5574,1549,14,0.00166,291.13,104.2,301.13,112.33
5575,1549,1,0.00114,32.99,95.13,103.6,138.17
5576,1549,14,0.00111,484.51,170.77,492.0,240.0
5577,1549,5,0.00106,68.0,66.64,190.95,183.83
5578,1549,14,0.00106,112.45,59.83,139.79,90.86
5579,1552,2,0.88115,229.36,81.88,263.47,123.37
5580,1552,7,0.81619,221.61,41.84,248.82,66.27
5581,1552,2,0.00431,282.66,39.11,322.39,80.43
5582,1552,2,0.00146,277.08,0.0,375.2,81.84
5583,1561,17,0.87163,321.26,98.7,333.78,110.82
5584,1561,10,0.85543,292.8,89.5,307.49,103.49
5585,1561,9,0.84771,287.57,115.69,305.88,128.65
5586,1561,10,0.84672,388.76,104.46,404.57,117.67
5587,1561,11,0.8015,323.45,145.39,337.12,159.58
5588,1561,9,0.77726,334.47,126.07,348.48,139.73
5589,1561,9,0.75184,349.27,108.57,362.21,120.67
5590,1561,11,0.55328,187.42,187.09,203.88,203.46
5591,1561,5,0.0068,314.54,247.77,457.78,249.0
5592,1561,5,0.004,280.61,247.76,430.83,249.0
5593,1561,5,0.00165,292.76,89.46,307.28,103.62
5594,1571,7,0.85545,410.21,82.7,445.2,108.73
5595,1571,7,0.73409,232.14,79.84,263.45,107.68
5596,1571,7,0.00635,486.18,101.74,492.0,130.01
5597,1571,17,0.00378,231.75,80.47,263.98,108.54
5598,1571,14,0.00306,102.87,117.03,118.0,148.13
5599,1571,5,0.00239,0.02,119.9,19.4,147.59
5600,1571,15,0.00224,485.82,101.9,492.0,137.31
5601,1571,5,0.00191,0.0,118.34,17.0,135.91
5602,1571,14,0.00148,100.54,105.4,119.67,147.79
5603,1571,14,0.00145,95.99,118.91,123.01,149.0
5604,1574,12,0.86389,126.93,166.01,169.79,211.35
5605,1574,1,0.53591,113.96,97.3,156.02,136.73
5606,1574,0,0.26241,113.74,97.37,155.27,136.2
5607,1574,12,0.17381,113.95,97.56,155.02,136.4
5608,1574,6,0.01414,464.8,68.04,495.86,183.61
5609,1574,6,0.00714,476.54,68.27,495.96,199.83
5610,1574,11,0.00588,126.34,165.79,170.87,211.63
5611,1574,6,0.00533,470.12,73.43,495.91,136.12
5612,1574,6,0.00377,451.38,68.74,496.0,160.89
5613,1574,6,0.00316,480.16,98.3,495.93,180.66
5614,1574,16,0.00132,128.38,165.96,169.56,211.39
5615,1574,6,0.0013,474.08,100.81,495.84,242.0
5616,1574,6,0.00123,470.14,111.55,496.0,148.41
5617,1576,2,0.86936,322.0,167.05,356.05,205.95
5618,1576,7,0.86814,391.35,155.51,419.75,182.69
5619,1584,8,0.74983,461.87,73.22,499.5,134.56
5620,1584,8,0.59802,374.77,90.9,422.25,148.28
5621,1584,8,0.54771,216.68,110.72,280.64,168.31
5622,1584,8,0.54718,299.94,106.42,354.71,155.7
5623,1584,8,0.30922,24.2,135.64,61.49,188.51
5624,1584,8,0.18144,360.32,11.97,441.58,99.71
5625,1584,8,0.1514,51.57,135.54,137.79,214.84
5626,1584,14,0.12215,0.0,158.32,25.64,200.38
5627,1584,8,0.08484,405.01,96.7,431.58,129.61
5628,1584,8,0.07668,49.06,132.6,67.22,164.66
5629,1584,8,0.07417,215.55,111.75,256.07,169.47
5630,1584,8,0.06698,0.0,157.46,27.35,200.74
5631,1584,8,0.05187,362.07,5.7,470.55,154.57
5632,1584,8,0.04688,0.06,153.72,19.86,256.0
5633,1584,8,0.04655,0.02,159.65,25.58,232.7
5634,1584,8,0.0439,388.07,92.54,431.74,134.17
5635,1584,14,0.03061,231.74,114.65,273.48,161.8
5636,1584,14,0.02763,8.48,162.36,24.47,200.21
5637,1584,5,0.02752,475.62,67.66,499.93,130.39
5638,1584,8,0.02284,299.38,107.54,333.62,155.98
5639,1584,8,0.02069,223.04,130.21,252.67,169.52
5640,1584,5,0.02042,51.46,135.39,137.0,215.98
5641,1584,8,0.0169,390.11,92.66,419.42,144.23
5642,1584,8,0.01534,349.1,104.76,373.06,151.12
5643,1584,8,0.01471,463.61,52.82,499.96,120.77
5644,1584,8,0.01461,366.6,5.95,400.09,56.59
5645,1584,8,0.01438,303.89,84.26,358.16,154.21
5646,1584,14,0.01328,0.0,154.77,17.29,256.0
5647,1584,8,0.01179,376.93,96.85,404.97,149.91
5648,1584,14,0.01176,82.11,117.72,101.71,141.41
5649,1584,8,0.00914,0.0,156.73,10.49,233.49
5650,1584,8,0.0083,487.68,39.33,500.0,94.11
5651,1584,8,0.00803,382.06,92.77,414.26,129.36
5652,1584,14,0.00761,23.95,137.74,61.83,190.32
5653,1584,8,0.00708,0.16,121.27,28.24,245.63
5654,1584,11,0.00637,81.8,117.81,101.35,139.22
5655,1584,8,0.00528,34.21,132.4,68.53,179.27
5656,1584,14,0.00517,217.96,109.34,246.91,162.61
5657,1584,8,0.00497,464.54,94.2,497.54,134.29
5658,1584,8,0.00487,76.49,54.02,288.85,180.0
5659,1584,8,0.00482,359.93,6.05,402.61,100.25
5660,1584,16,0.00481,0.0,181.25,15.4,256.0
5661,1584,14,0.00474,0.0,106.25,28.27,203.69
5662,1584,11,0.00466,50.32,132.87,67.41,149.08
5663,1584,8,0.00457,495.59,37.3,500.0,102.34
5664,1584,16,0.00455,50.23,132.67,67.58,156.52
5665,1584,14,0.0044,318.84,83.9,342.93,112.64
5666,1584,8,0.00414,321.96,121.53,349.42,154.58
5667,1584,8,0.00368,8.99,122.98,28.16,150.75
5668,1584,8,0.00352,216.01,126.98,243.29,170.4
5669,1584,8,0.00352,359.71,39.79,407.28,103.34
5670,1584,8,0.00351,360.86,14.66,499.03,117.11
5671,1584,14,0.00346,0.0,158.46,9.68,237.0
5672,1584,8,0.00319,395.83,91.97,436.38,147.14
5673,1584,16,0.00309,81.94,117.89,101.52,141.51
5674,1584,8,0.00304,317.17,102.68,371.78,154.92
5675,1584,8,0.00261,0.0,197.13,21.72,255.39
5676,1584,8,0.0023,309.12,104.92,340.07,155.53
5677,1584,14,0.00223,305.5,107.4,332.51,152.09
5678,1584,8,0.0022,307.72,83.6,387.91,152.88
5679,1584,8,0.00215,229.97,119.16,274.03,164.69
5680,1584,8,0.00212,473.56,81.9,499.9,132.87
5681,1584,8,0.00207,488.74,56.87,499.66,88.46
5682,1584,14,0.00199,23.39,139.04,50.34,184.86
5683,1584,5,0.00199,49.87,51.13,292.64,183.37
5684,1584,8,0.00194,370.0,48.2,490.77,144.91
5685,1584,8,0.0019,457.28,37.35,500.0,96.3
5686,1584,8,0.00177,297.28,8.41,372.72,157.12
5687,1584,8,0.00166,226.88,120.94,258.08,166.48
5688,1584,8,0.00165,393.58,93.32,424.46,126.98
5689,1584,8,0.00163,300.91,106.84,324.48,145.14
5690,1584,8,0.0016,371.85,10.91,400.59,71.67
5691,1584,14,0.00151,77.06,119.5,109.09,173.94
5692,1584,8,0.0015,392.14,88.89,457.94,133.7
5693,1584,8,0.00146,454.44,60.69,500.0,101.18
5694,1584,14,0.00143,301.08,104.67,324.52,157.76
5695,1584,8,0.00136,439.15,7.18,499.72,141.11
5696,1584,8,0.00133,370.02,72.29,405.35,106.04
5697,1584,14,0.00132,216.23,116.24,243.07,153.43
5698,1584,5,0.00132,494.38,65.55,500.0,126.37
5699,1584,8,0.00131,366.85,13.98,391.47,61.08
5700,1584,8,0.00129,484.41,24.65,500.0,104.89
5701,1584,14,0.00128,223.2,113.78,239.82,152.73
5702,1584,8,0.00126,383.15,87.07,489.11,141.16
5703,1584,8,0.00123,375.26,115.1,395.24,146.11
5704,1584,8,0.00122,29.12,146.08,65.4,194.22
5705,1584,8,0.00121,430.5,24.8,462.46,70.94
5706,1584,8,0.00117,42.58,161.24,63.7,193.95
5707,1584,8,0.00117,483.92,70.86,500.0,136.97
5708,1584,14,0.00117,315.31,81.92,350.96,128.36
5709,1584,8,0.00116,318.8,77.85,344.03,110.22
5710,1584,8,0.00115,333.03,1.88,401.14,76.39
5711,1584,8,0.0011,397.52,18.27,476.54,81.05
5712,1584,8,0.00109,35.72,160.13,59.84,193.26
5713,1584,8,0.00108,220.59,114.31,245.62,163.36
5714,1584,8,0.00107,322.99,107.15,354.43,154.63
5715,1584,8,0.00106,402.51,19.1,428.19,81.58
5716,1584,8,0.00102,48.4,128.89,66.09,188.05
5717,1584,8,0.001,353.3,105.62,371.66,140.58
5718,1587,10,0.73514,215.78,193.22,231.87,208.67
5719,1587,11,0.52867,156.98,203.71,172.56,221.4
5720,1587,11,0.41218,179.94,190.4,194.13,205.83
5721,1587,10,0.37589,119.99,206.74,135.18,223.76
5722,1587,0,0.28293,156.91,203.6,172.68,221.43
5723,1587,11,0.27885,79.98,196.85,96.04,214.09
5724,1587,0,0.27157,180.1,190.22,194.31,205.71
5725,1587,17,0.15834,120.01,206.55,135.04,223.84
5726,1587,11,0.10669,60.78,212.26,76.69,229.29
5727,1587,16,0.10477,60.75,211.92,76.78,229.26
5728,1587,16,0.08245,79.93,196.59,96.1,214.09
5729,1587,0,0.03329,120.22,207.37,135.05,223.75
5730,1587,0,0.02714,215.63,193.28,231.71,208.65
5731,1587,16,0.0096,179.72,190.6,194.06,205.5
5732,1587,16,0.00826,156.49,203.63,172.01,221.1
5733,1587,1,0.0051,119.85,206.77,135.15,223.97
5734,1587,8,0.00322,421.5,99.87,497.0,241.83
5735,1587,8,0.00128,381.18,134.53,496.4,240.96
5736,1587,16,0.00115,214.94,193.57,231.1,208.46
5737,1587,16,0.00114,79.17,197.89,105.06,214.52
5738,1593,15,0.78282,253.59,32.89,308.68,99.21
5739,1593,11,0.01843,4.75,82.43,20.7,97.66
5740,1593,16,0.00193,288.77,31.18,331.48,56.46
5741,1593,17,0.00172,287.84,30.82,331.35,56.48
5742,1593,1,0.00168,309.92,56.23,356.63,100.05
5743,1593,14,0.00157,405.53,0.0,487.4,0.0
5744,1593,14,0.00123,485.34,36.85,499.98,186.91
5745,1593,0,0.0012,282.26,30.66,335.13,56.93
5746,1593,11,0.0011,1.33,82.4,20.11,105.66
5747,1593,15,0.001,254.29,39.54,284.22,94.61
5748,1594,10,0.93155,246.48,111.67,269.67,131.42
5749,1594,17,0.90707,289.5,87.75,307.47,106.12
5750,1594,10,0.86887,349.29,16.51,368.66,35.47
5751,1594,9,0.86841,364.41,102.68,386.73,124.61
5752,1594,17,0.86023,322.73,65.7,340.13,83.32
5753,1594,11,0.84662,412.96,138.67,438.98,163.01
5754,1594,9,0.79287,312.95,144.99,336.79,169.61
5755,1594,17,0.0163,16.02,63.09,25.37,78.74
5756,1594,5,0.00343,0.22,245.07,46.99,246.0
5757,1594,17,0.00317,3.86,61.99,25.02,78.68
5758,1600,5,0.59875,91.54,146.27,121.25,160.17
5759,1600,5,0.57153,423.68,140.08,436.31,150.3
5760,1600,5,0.14639,368.84,200.14,476.89,255.48
5761,1600,5,0.03785,91.6,149.53,114.01,159.82
5762,1600,5,0.02961,462.27,133.32,472.27,143.76
5763,1600,5,0.0275,447.36,140.43,458.09,149.5
5764,1600,5,0.01942,455.47,132.12,472.15,143.9
5765,1600,5,0.01641,111.98,139.32,127.97,149.12
5766,1600,5,0.01579,230.88,153.27,253.34,167.22
5767,1600,5,0.01462,91.48,151.61,103.2,159.55
5768,1600,5,0.01412,173.28,162.54,204.09,181.95
5769,1600,5,0.01338,411.14,185.76,417.11,194.0
5770,1600,5,0.01137,411.59,189.62,417.04,195.84
5771,1600,5,0.00855,425.88,138.21,443.59,150.07
5772,1600,5,0.00816,452.55,123.97,474.06,142.47
5773,1600,14,0.00802,12.65,192.53,22.89,203.63
5774,1600,5,0.00628,0.28,160.79,31.19,180.94
5775,1600,5,0.00562,443.9,118.97,474.75,137.17
5776,1600,5,0.00548,414.01,184.11,425.15,192.65
5777,1600,5,0.00538,106.91,143.02,129.58,155.79
5778,1600,5,0.00528,412.22,184.51,418.31,192.47
5779,1600,5,0.00491,418.17,184.15,426.49,191.75
5780,1600,5,0.00437,371.08,162.04,386.09,171.5
5781,1600,5,0.0042,103.54,147.35,122.74,158.8
5782,1600,5,0.00389,438.06,138.04,455.62,149.11
5783,1600,5,0.0037,454.06,128.96,469.04,142.26
5784,1600,5,0.00365,0.01,200.14,19.98,213.25
5785,1600,5,0.00348,0.0,190.2,17.25,214.43
5786,1600,5,0.00344,112.83,139.53,131.76,152.35
5787,1600,5,0.00326,213.38,159.79,231.38,172.03
5788,1600,5,0.00313,0.02,199.43,9.02,221.38
5789,1600,8,0.00311,12.72,203.09,22.98,213.71
5790,1600,5,0.00309,415.82,138.28,431.57,147.94
5791,1600,5,0.00307,35.93,158.33,78.91,177.26
5792,1600,5,0.00297,108.04,145.84,123.97,155.97
5793,1600,8,0.00291,12.9,194.75,23.41,213.7
5794,1600,5,0.00283,0.0,218.38,5.51,243.6
5795,1600,5,0.00278,413.17,186.66,423.11,195.51
5796,1600,5,0.00256,0.01,198.87,14.25,215.49
5797,1600,5,0.00246,1.3,186.02,22.71,209.25
5798,1600,5,0.00245,0.02,197.82,4.15,215.07
5799,1600,5,0.00241,463.32,130.84,474.1,141.99
5800,1600,5,0.00238,316.89,135.38,356.55,158.25
5801,1600,5,0.00229,386.89,133.99,398.15,144.1
5802,1600,5,0.00209,24.92,159.27,59.49,178.73
5803,1600,5,0.00201,215.69,155.64,252.02,171.41
5804,1600,5,0.00197,115.08,149.33,163.6,171.74
5805,1600,5,0.00184,0.03,201.65,3.17,219.56
5806,1600,5,0.00171,113.67,149.82,144.35,171.55
5807,1600,5,0.00168,410.56,186.88,417.0,198.62
5808,1600,5,0.00164,0.0,195.65,9.61,213.8
5809,1600,5,0.00164,0.02,196.86,18.89,209.66
5810,1600,14,0.0016,0.08,134.45,4.25,156.09
5811,1600,5,0.00158,0.0,161.53,21.76,185.42
5812,1600,5,0.00148,360.81,134.22,386.35,151.8
5813,1600,5,0.00143,114.79,155.38,133.81,168.83
5814,1600,5,0.00142,340.57,141.31,368.57,156.61
5815,1600,5,0.00129,0.0,55.49,29.4,86.5
5816,1600,5,0.00128,453.71,121.08,475.66,135.56
5817,1600,5,0.00126,0.04,201.81,7.3,235.71
5818,1600,5,0.00123,145.18,170.58,166.33,180.74
5819,1600,5,0.00118,173.45,162.79,212.71,189.27
5820,1600,5,0.00116,0.97,140.18,32.93,159.56
5821,1600,5,0.00116,458.52,127.08,476.39,136.55
5822,1600,14,0.0011,0.05,129.38,7.64,157.63
5823,1600,5,0.0011,416.19,140.85,433.12,149.87
5824,1600,5,0.00109,0.0,184.37,8.55,199.6
5825,1600,5,0.00108,210.76,160.53,239.29,177.45
5826,1600,5,0.00107,8.16,159.29,58.81,183.55
5827,1600,5,0.00106,411.37,192.18,417.16,198.36
5828,1600,5,0.00105,103.85,147.83,128.1,162.22
5829,1600,5,0.00102,0.0,201.09,6.69,218.64
5830,1600,5,0.00102,207.39,153.47,229.43,165.85
5831,1603,14,0.76609,355.26,80.81,380.62,183.15
5832,1603,14,0.65747,439.48,77.29,478.45,193.78
5833,1603,14,0.6131,144.04,84.91,179.03,171.96
5834,1603,14,0.61092,197.55,89.87,224.27,170.22
5835,1603,14,0.59946,177.12,87.0,200.76,173.36
5836,1603,14,0.51723,180.8,87.99,225.41,173.81
5837,1603,14,0.47874,22.77,62.05,68.57,171.6
5838,1603,5,0.40653,396.14,132.44,451.09,170.99
5839,1603,5,0.15683,394.45,131.91,482.89,175.27
5840,1603,5,0.07889,39.82,99.36,173.34,161.2
5841,1603,14,0.07823,27.91,128.61,52.7,171.22
5842,1603,5,0.01671,0.0,66.64,80.89,173.26
5843,1603,14,0.01558,18.92,116.29,54.59,171.31
5844,1603,14,0.01285,34.93,135.1,52.1,171.08
5845,1603,14,0.01117,0.0,73.53,85.53,171.16
5846,1603,14,0.00511,38.95,101.81,64.36,171.16
5847,1603,14,0.00319,458.6,137.95,472.07,188.54
5848,1603,14,0.00263,40.34,110.27,69.64,158.64
5849,1603,14,0.00234,6.5,106.36,60.81,171.81
5850,1603,5,0.00229,480.96,80.68,500.0,198.55
5851,1603,5,0.00227,495.12,90.65,499.98,116.62
5852,1603,5,0.00176,479.26,88.99,500.0,119.43
5853,1603,14,0.0017,145.88,128.5,163.39,168.05
5854,1603,14,0.00144,144.69,130.63,178.74,170.56
5855,1603,5,0.00144,486.39,84.51,499.96,182.42
5856,1603,14,0.00135,0.04,115.08,5.27,145.43
5857,1603,14,0.00125,0.0,117.48,10.36,166.24
5858,1603,14,0.00124,206.14,109.83,223.68,170.63
5859,1603,5,0.00121,495.97,83.24,500.0,125.95
5860,1603,14,0.0012,143.37,89.67,202.38,173.31
5861,1603,5,0.00118,478.8,90.09,500.0,139.55
5862,1603,14,0.00105,359.97,147.96,380.48,182.78
5863,1603,14,0.00102,45.29,102.97,72.13,167.89
5864,1615,0,0.87467,66.97,132.43,107.91,172.96
5865,1615,13,0.81508,150.17,127.62,189.65,165.64
5866,1615,4,0.78609,162.82,32.63,216.69,93.85
5867,1615,6,0.00622,0.05,91.02,14.94,113.93
5868,1615,3,0.00607,36.98,173.32,64.29,199.21
5869,1615,6,0.00484,0.6,94.69,14.46,105.25
5870,1615,1,0.00439,66.71,132.42,108.1,172.95
5871,1615,3,0.00346,22.85,0.49,54.3,18.97
5872,1615,12,0.00239,148.81,180.08,171.97,206.86
5873,1615,10,0.00224,493.06,211.64,496.98,223.64
5874,1615,2,0.00213,22.91,0.35,53.6,18.89
5875,1615,10,0.00152,492.97,202.3,497.0,227.0
5876,1615,6,0.00106,0.09,94.84,10.74,118.57
5877,1615,12,0.00103,34.41,173.32,64.42,199.83
5878,1616,2,0.88225,107.24,149.42,139.17,189.15
5879,1616,17,0.7849,193.36,118.98,209.6,136.18
5880,1616,2,0.0196,188.59,132.52,209.24,158.38
5881,1616,2,0.01132,86.2,87.58,112.14,113.85
5882,1616,2,0.00858,80.62,84.63,111.9,143.37
5883,1616,2,0.00376,203.67,117.65,250.69,180.09
5884,1616,2,0.00118,204.42,118.14,287.55,179.7
5885,1620,5,0.56536,25.3,99.35,46.3,117.52
5886,1620,14,0.03577,0.0,89.61,14.25,126.19
5887,1620,14,0.0127,0.15,93.0,9.81,118.65
5888,1620,5,0.00885,303.64,75.32,324.12,90.58
5889,1620,14,0.00714,397.54,88.67,406.21,108.14
5890,1620,14,0.0065,482.92,69.49,487.0,113.91
5891,1620,8,0.0057,54.89,96.54,66.89,115.51
5892,1620,14,0.0046,389.93,88.0,404.08,108.7
5893,1620,8,0.0042,0.0,99.25,10.31,136.48
5894,1620,5,0.00402,52.41,96.2,67.41,113.87
5895,1620,8,0.00399,62.99,97.46,75.53,113.84
5896,1620,14,0.00395,398.11,88.48,411.85,108.35
5897,1620,14,0.00286,257.81,83.85,273.58,104.87
5898,1620,14,0.00244,0.0,105.25,14.82,128.25
5899,1620,14,0.00239,388.56,87.85,398.19,107.75
5900,1620,14,0.00206,249.16,79.35,271.11,103.22
5901,1620,14,0.00165,0.14,97.29,19.96,143.84
5902,1620,5,0.00149,42.95,93.61,66.97,113.82
5903,1620,14,0.00145,379.5,87.64,398.74,106.64
5904,1620,14,0.00143,64.72,96.4,77.32,114.07
5905,1620,14,0.00141,0.0,82.79,4.81,120.04
5906,1620,14,0.00137,363.27,77.53,374.24,99.38
5907,1620,14,0.00136,469.52,70.54,487.0,107.08
5908,1620,14,0.00124,106.66,104.96,120.91,121.69
5909,1620,14,0.0012,104.29,92.2,119.61,121.97
5910,1620,14,0.00111,32.3,90.84,45.8,100.25
5911,1620,14,0.00109,402.72,89.41,413.11,108.32
5912,1620,5,0.00107,0.03,110.16,8.52,134.9
5913,1620,14,0.00102,0.0,75.47,9.0,120.6
5914,1624,10,0.87546,265.48,10.94,285.17,31.7
5915,1624,17,0.83438,36.91,37.64,57.52,57.11
5916,1624,9,0.81339,143.75,5.58,167.52,26.02
5917,1624,17,0.71525,120.32,54.35,144.45,74.89
5918,1624,17,0.46054,283.97,84.82,305.88,104.3
5919,1624,10,0.45828,121.08,54.45,144.57,74.74
5920,1624,10,0.22911,135.44,136.84,152.06,151.19
5921,1624,11,0.02638,0.02,150.52,3.69,170.19
5922,1624,17,0.01469,479.53,93.31,492.17,105.83
5923,1624,9,0.0028,211.92,124.01,229.64,137.25
5924,1624,10,0.00164,116.32,177.29,133.08,191.34
5925,1624,11,0.00163,0.1,114.09,24.93,128.99
5926,1624,11,0.00147,9.81,85.27,31.0,111.32
5927,1624,6,0.00131,0.49,114.41,52.69,225.01
5928,1624,6,0.00113,486.8,93.89,505.92,172.0
5929,1624,11,0.00108,380.69,164.73,398.08,190.66
5930,1624,17,0.00105,293.85,128.8,306.49,140.3
5931,1632,10,0.85977,210.46,37.89,226.19,53.82
5932,1632,17,0.8595,186.25,87.61,202.3,103.61
5933,1632,17,0.85743,203.01,72.84,218.66,88.39
5934,1632,10,0.85711,158.57,107.52,178.7,125.21
5935,1632,9,0.84973,251.34,88.3,272.38,104.74
5936,1632,11,0.78999,303.41,101.43,325.58,117.37
5937,1632,9,0.55849,229.03,118.09,248.85,139.37
5938,1632,17,0.50776,228.97,118.22,248.91,139.32
5939,1632,11,0.00547,302.97,101.8,317.94,115.26
5940,1632,6,0.00297,251.05,88.01,272.59,104.98
5941,1638,0,0.89508,107.58,178.71,145.93,215.5
5942,1638,0,0.86239,206.5,82.21,238.96,114.31
5943,1638,12,0.85254,150.48,65.45,180.36,91.83
5944,1638,13,0.82425,174.63,132.67,206.89,164.95
5945,1638,3,0.82229,221.24,175.97,296.02,210.5
5946,1638,3,0.80637,234.44,59.65,307.24,82.09
5947,1638,1,0.79062,242.78,120.42,276.8,156.22
5948,1638,3,0.77904,107.42,113.78,164.7,157.55
5949,1638,13,0.65146,61.36,110.95,91.22,139.77
5950,1638,4,0.58246,108.48,113.29,164.96,157.55
5951,1638,3,0.19588,220.12,175.58,297.07,232.18
5952,1638,11,0.00566,61.25,110.96,91.46,140.04
5953,1638,1,0.00279,107.22,178.28,143.61,215.18
5954,1638,3,0.00149,220.44,179.39,258.46,233.58
5955,1638,4,0.00112,108.83,127.81,144.27,158.1
5956,1643,5,0.26034,204.65,120.01,448.59,232.98
5957,1643,14,0.07241,470.53,125.2,498.18,228.22
5958,1643,5,0.05894,0.03,130.93,29.56,174.02
5959,1643,5,0.05863,172.83,119.33,243.75,156.81
5960,1643,5,0.04231,258.17,119.96,445.41,193.71
5961,1643,5,0.03651,168.97,121.25,233.13,202.18
5962,1643,5,0.03523,0.19,129.2,29.4,238.38
5963,1643,14,0.03385,230.24,125.73,273.4,236.83
5964,1643,14,0.01948,101.43,59.26,126.17,154.89
5965,1643,16,0.00904,357.01,207.85,378.37,221.4
5966,1643,5,0.00733,277.02,119.94,390.42,157.34
5967,1643,5,0.00598,275.38,120.46,447.59,241.0
5968,1643,14,0.00454,194.23,85.09,211.9,115.62
5969,1643,5,0.00367,312.61,120.4,444.46,160.5
5970,1643,16,0.00272,354.07,205.57,392.1,229.51
5971,1643,16,0.00266,371.31,217.57,402.09,237.72
5972,1643,14,0.00259,484.3,120.76,499.0,231.76
5973,1643,14,0.00211,236.13,127.81,267.61,212.11
5974,1643,8,0.00208,0.0,55.99,79.53,146.29
5975,1643,16,0.00207,235.06,128.36,265.82,158.03
5976,1643,5,0.00202,0.47,52.62,41.37,135.02
5977,1643,15,0.00193,467.13,0.1,498.83,16.65
5978,1643,5,0.00193,164.81,119.44,263.79,238.68
5979,1643,5,0.00181,197.91,119.77,259.07,157.02
5980,1643,16,0.00156,0.0,130.96,28.23,174.91
5981,1643,14,0.00152,447.86,110.24,499.0,231.46
5982,1643,16,0.00149,364.4,213.08,398.18,235.16
5983,1643,5,0.00124,62.33,115.25,149.46,155.71
5984,1643,5,0.00121,187.73,119.98,298.15,154.24
5985,1643,14,0.00102,340.24,185.22,357.93,221.7
5986,1643,16,0.001,366.55,207.59,381.17,220.2
5987,1645,7,0.81701,132.02,119.9,158.23,137.38
5988,1645,7,0.38438,71.61,171.65,90.98,188.06
5989,1645,16,0.00389,224.67,167.26,244.57,188.8
5990,1645,17,0.00109,355.46,176.95,372.16,192.96
5991,1651,15,0.9131,397.83,95.36,433.12,130.33
5992,1651,5,0.03047,0.0,0.0,241.37,168.77
5993,1651,5,0.01439,0.0,0.0,271.54,242.0
5994,1651,5,0.00157,0.0,242.0,42.71,242.0
5995,1651,5,0.0011,0.0,0.0,79.82,37.63
5996,1656,5,0.6018,283.69,0.0,453.0,67.78
5997,1656,5,0.23028,338.94,0.0,452.22,92.34
5998,1656,5,0.08625,281.17,13.3,385.33,52.44
5999,1656,8,0.00521,283.32,12.2,413.44,58.0
6000,1656,5,0.00424,340.06,0.0,452.59,193.24
6001,1656,1,0.00238,297.74,9.93,359.42,53.03
6002,1656,5,0.00187,92.2,215.8,176.59,217.0
6003,1656,5,0.00154,248.42,215.99,328.17,217.0
6004,1656,5,0.00141,283.47,13.12,424.83,60.57
6005,1656,6,0.00126,0.0,61.78,48.7,146.39
6006,1656,5,0.00124,316.12,0.0,452.34,122.32
6007,1656,5,0.00102,352.35,12.89,453.0,68.84
6008,1658,15,0.80862,66.46,29.3,94.52,58.19
6009,1658,15,0.77702,41.94,102.81,76.77,132.91
6010,1658,15,0.74639,160.82,82.56,199.55,119.42
6011,1658,14,0.00154,379.16,0.0,454.78,0.0
6012,1658,15,0.00145,161.42,83.15,198.74,103.02
6013,1658,16,0.00112,53.92,229.99,78.1,246.0
6014,1659,10,0.81089,398.52,189.06,415.16,204.55
6015,1659,11,0.73558,264.25,191.6,279.58,208.04
6016,1659,0,0.6665,340.99,198.66,356.42,215.76
6017,1659,17,0.57592,304.9,201.02,319.93,217.85
6018,1659,10,0.52782,304.83,201.31,319.99,217.9
6019,1659,11,0.47197,340.86,198.96,356.28,215.66
6020,1659,11,0.36057,247.92,205.63,263.46,222.37
6021,1659,0,0.35895,361.88,186.26,376.17,201.59
6022,1659,11,0.27082,361.83,186.34,376.05,201.48
6023,1659,0,0.11588,247.64,206.01,263.28,222.36
6024,1659,8,0.03902,33.07,20.91,78.79,54.3
6025,1659,0,0.01767,264.26,191.46,279.64,207.87
6026,1659,8,0.01576,74.19,18.85,99.04,45.71
6027,1659,0,0.01495,304.88,200.98,319.81,217.82
6028,1659,14,0.00448,487.71,1.8,492.0,40.01
6029,1659,8,0.00328,54.05,19.1,98.83,52.17
6030,1659,14,0.002,0.0,19.59,5.22,71.94
6031,1659,16,0.00196,246.85,205.62,263.16,222.41
6032,1659,14,0.00183,482.85,1.89,492.0,35.26
6033,1659,16,0.0018,256.95,191.11,280.3,208.04
6034,1659,8,0.00167,51.61,22.61,78.08,53.35
6035,1659,16,0.00149,50.46,21.55,78.43,53.21
6036,1659,16,0.0014,45.39,234.68,81.89,256.0
6037,1659,14,0.00118,360.61,71.13,370.61,79.81
6038,1662,15,0.89228,264.53,23.72,300.12,58.95
6039,1662,7,0.01587,264.52,24.44,299.65,58.22
6040,1662,2,0.01516,195.58,63.23,256.73,96.53
6041,1662,15,0.01198,492.86,1.75,497.0,19.64
6042,1666,7,0.89298,147.64,27.9,182.73,58.49
6043,1666,2,0.86587,219.65,38.89,255.91,84.66
6044,1673,2,0.46842,292.75,46.91,326.64,77.52
6045,1673,8,0.01464,436.44,0.39,509.87,32.13
6046,1673,8,0.00537,398.84,0.65,449.23,30.93
6047,1673,8,0.00499,392.47,0.73,509.89,41.01
6048,1673,8,0.00101,423.4,0.0,510.0,72.15
6049,1678,8,0.63405,55.89,9.85,89.16,51.96
6050,1678,5,0.57027,63.14,1.32,116.99,27.42
6051,1678,5,0.10865,53.95,1.67,117.8,46.9
6052,1678,8,0.09012,44.46,2.02,104.16,52.35
6053,1678,14,0.05894,218.4,16.14,244.26,53.99
6054,1678,14,0.00526,212.66,16.95,240.12,49.05
6055,1678,5,0.00435,0.0,0.0,329.46,243.65
6056,1678,14,0.0043,95.35,28.05,119.04,52.35
6057,1678,8,0.00405,36.52,1.32,83.95,29.57
6058,1678,8,0.00394,60.12,22.13,88.54,51.7
6059,1678,14,0.00378,104.2,28.92,118.49,51.16
6060,1678,14,0.00282,222.09,21.86,241.12,50.37
6061,1678,5,0.00245,1.2,3.16,30.95,17.01
6062,1678,5,0.00226,98.39,0.0,209.69,34.31
6063,1678,8,0.00214,1.88,1.57,106.25,51.02
6064,1678,8,0.00206,23.27,0.91,80.05,35.49
6065,1678,8,0.00197,42.5,2.2,115.63,35.6
6066,1678,5,0.00182,35.59,24.91,49.45,37.62
6067,1678,8,0.00168,40.45,1.54,72.12,17.75
6068,1678,14,0.00154,43.3,0.49,66.32,15.36
6069,1678,8,0.00125,53.76,12.54,124.95,51.74
6070,1678,5,0.00124,231.12,250.0,318.62,250.0
6071,1678,14,0.00122,0.0,2.71,4.81,33.32
6072,1678,5,0.00117,59.72,7.96,120.33,31.48
6073,1678,14,0.00109,222.13,17.68,237.36,45.31
6074,1678,5,0.00106,59.74,15.78,89.0,50.41
6075,1684,3,0.89222,328.6,111.6,368.37,180.82
6076,1684,3,0.87079,111.73,116.47,143.7,186.69
6077,1684,4,0.8059,209.34,112.97,268.68,185.46
6078,1684,4,0.18105,208.75,117.28,239.04,184.1
6079,1684,3,0.00261,112.98,114.69,168.01,181.34
6080,1684,3,0.00167,329.2,110.88,377.36,143.53
6081,1686,8,0.59082,39.0,33.1,82.97,88.51
6082,1686,5,0.16544,162.81,91.68,505.0,243.0
6083,1686,5,0.13124,141.27,0.0,499.5,239.08
6084,1686,5,0.02326,248.46,50.59,502.93,233.5
6085,1686,5,0.00479,283.5,96.11,473.01,240.17
6086,1686,5,0.00441,38.9,66.72,293.55,241.17
6087,1686,5,0.00376,31.34,19.38,364.96,240.26
6088,1686,8,0.00367,127.88,154.98,292.32,240.57
6089,1686,8,0.00219,37.95,44.14,66.58,85.91
6090,1686,5,0.00205,119.49,107.52,292.29,240.22
6091,1686,5,0.002,60.1,154.85,291.75,243.0
6092,1686,8,0.00165,126.48,89.5,344.1,240.56
6093,1686,8,0.0014,220.65,164.61,289.39,232.26
6094,1686,5,0.00137,231.39,0.0,505.0,192.33
6095,1686,5,0.00106,221.19,131.1,505.0,233.47
6096,1690,10,0.89975,142.96,88.02,163.45,106.87
6097,1690,10,0.88258,266.24,125.03,287.84,145.22
6098,1690,17,0.86198,220.84,114.35,238.04,130.32
6099,1690,9,0.83052,239.36,70.94,256.41,87.33
6100,1690,9,0.8245,296.81,85.56,319.65,102.86
6101,1690,11,0.80916,258.19,39.84,273.78,54.98
6102,1690,17,0.72369,187.91,108.37,204.49,124.18
6103,1690,11,0.00822,385.66,12.58,402.16,20.95
6104,1690,0,0.00222,257.91,40.31,273.38,55.4
6105,1692,17,0.84869,184.17,190.48,197.76,204.07
6106,1692,10,0.8442,227.47,157.92,242.34,171.65
6107,1692,10,0.83454,152.28,200.31,169.98,215.26
6108,1692,17,0.81772,207.93,183.46,220.98,196.38
6109,1692,9,0.81239,237.67,201.27,254.46,216.26
6110,1692,9,0.79013,200.7,219.06,218.98,235.92
6111,1692,11,0.78316,272.72,218.38,291.13,232.93
6112,1693,2,0.86839,209.09,85.29,239.39,124.21
6113,1693,2,0.76676,115.91,55.74,146.8,84.91
6114,1693,17,0.21206,210.1,38.07,227.85,53.71
6115,1693,2,0.02136,159.65,31.03,198.55,93.72
6116,1693,2,0.01498,210.17,37.65,228.22,54.22
6117,1693,16,0.00332,210.17,85.04,240.29,122.97
6118,1693,2,0.00212,160.11,0.16,221.36,49.13
6119,1693,2,0.00204,159.05,0.0,231.5,71.25
6120,1693,17,0.00118,478.28,124.15,482.0,170.07
6121,1693,2,0.00115,207.67,56.02,249.19,103.69
6122,1693,17,0.00102,115.8,56.08,146.73,83.57
6123,1702,7,0.90048,217.56,44.83,248.98,73.76
6124,1702,6,0.0017,483.0,86.94,491.0,127.17
6125,1706,10,0.89091,347.1,132.56,373.02,156.59
6126,1706,11,0.76954,220.02,19.71,236.07,35.33
6127,1706,10,0.75111,181.43,74.41,201.95,93.88
6128,1706,11,0.64632,213.9,191.73,236.88,214.21
6129,1706,10,0.30852,214.19,191.86,236.95,214.21
6130,1706,11,0.20749,181.08,74.29,202.06,93.74
6131,1718,9,0.85739,139.38,188.35,162.12,205.6
6132,1718,17,0.82976,212.38,147.72,227.28,163.8
6133,1718,9,0.47333,120.62,147.93,138.07,160.85
6134,1718,9,0.43772,38.84,170.39,59.57,189.05
6135,1718,11,0.14871,38.57,170.57,59.22,189.44
6136,1718,6,0.00235,486.85,136.14,502.88,193.47
6137,1718,9,0.0016,162.3,77.39,182.46,84.57
6138,1718,6,0.00155,470.99,32.49,490.84,49.72
6139,1718,6,0.0013,469.83,127.45,502.82,187.13
6140,1718,9,0.00111,138.61,191.37,148.61,204.64
6141,1719,2,0.84934,143.07,84.44,163.5,111.35
6142,1719,2,0.84311,46.0,77.35,66.89,105.35
6143,1719,2,0.82953,166.59,39.19,185.41,64.41
6144,1719,2,0.80741,49.31,23.17,67.29,47.66
6145,1726,17,0.80451,66.76,159.44,82.9,175.83
6146,1726,17,0.05129,145.96,127.41,160.42,142.13
6147,1726,2,0.0027,145.6,127.23,160.36,142.63
6148,1730,2,0.81813,74.58,170.61,95.19,198.33
6149,1732,7,0.8875,112.48,107.16,148.2,134.65
6150,1732,7,0.80805,32.2,196.26,59.69,223.01
6151,1732,0,0.00498,267.16,208.79,288.68,233.49
6152,1732,16,0.00231,243.08,179.9,270.75,212.43
6153,1732,16,0.00206,148.87,230.58,188.06,252.0
6154,1732,7,0.00189,418.89,189.44,441.09,210.27
6155,1732,5,0.00158,2.91,222.1,96.34,252.0
6156,1732,5,0.0013,137.18,149.9,255.26,201.51
6157,1732,5,0.0012,107.39,224.39,189.02,252.0
6158,1732,8,0.00109,417.21,0.58,482.44,28.56
6159,1732,16,0.00106,110.16,226.67,186.92,252.0
6160,1732,5,0.00105,109.24,86.63,123.8,95.87
6161,1732,16,0.001,3.17,222.77,49.86,251.92
6162,1737,17,0.8805,49.99,52.18,70.2,70.94
6163,1737,9,0.75867,235.61,121.51,261.59,143.91
6164,1737,10,0.58195,235.0,121.34,261.08,143.66
6165,1737,11,0.51343,230.43,145.11,254.6,176.19
6166,1737,9,0.27282,114.08,121.07,135.99,140.97
6167,1737,9,0.22995,166.46,52.7,191.59,74.01
6168,1737,6,0.01011,481.31,62.13,503.75,161.5
6169,1737,6,0.00268,500.14,117.64,504.0,166.03
6170,1737,11,0.00243,234.26,155.57,254.82,176.31
6171,1737,6,0.00209,487.18,84.23,503.95,161.66
6172,1737,6,0.00187,494.25,119.77,504.0,158.3
6173,1737,6,0.00185,456.09,56.71,504.0,154.36
6174,1737,17,0.00115,13.15,132.23,28.12,150.89
6175,1740,10,0.84917,317.76,64.14,335.23,79.5
6176,1740,17,0.83474,373.08,46.61,386.66,60.4
6177,1740,17,0.83244,349.33,54.3,363.05,67.92
6178,1740,9,0.82707,403.93,64.32,421.53,79.67
6179,1740,10,0.82275,392.63,20.86,407.89,34.85
6180,1740,11,0.77668,440.45,81.18,459.41,96.72
6181,1740,9,0.55709,366.87,82.01,385.43,99.47
6182,1740,17,0.1745,366.91,82.46,385.56,99.61
6183,1743,2,0.864,158.07,188.47,185.01,209.26
6184,1743,2,0.80207,217.92,141.27,240.78,157.51
6185,1743,2,0.79071,100.99,122.42,116.3,145.21
6186,1743,2,0.76918,88.77,180.63,110.47,200.64
6187,1751,15,0.93027,49.71,118.24,128.06,192.22
6188,1751,17,0.01311,208.14,116.56,216.29,124.15
6189,1751,5,0.00538,216.45,1.52,482.0,146.99
6190,1751,15,0.00193,49.16,116.86,109.22,170.51
6191,1752,10,0.90837,420.32,101.34,442.13,122.35
6192,1752,10,0.89601,294.31,64.66,314.81,83.27
6193,1752,9,0.8588,390.9,46.42,408.87,63.43
6194,1752,17,0.8472,373.05,90.51,390.6,107.12
6195,1752,9,0.83992,450.75,60.89,475.39,79.04
6196,1752,9,0.81616,339.66,84.6,356.6,101.03
6197,1752,11,0.81039,409.93,14.2,426.15,30.08
6198,1764,2,0.85099,287.18,94.16,319.07,134.53
6199,1764,17,0.82735,397.24,74.69,415.42,92.54
6200,1764,2,0.6973,303.67,32.62,334.29,60.83
6201,1764,2,0.00708,275.01,132.19,296.4,153.15
6202,1764,2,0.00144,247.81,183.15,377.38,249.0
6203,1764,2,0.00104,318.58,19.87,384.06,75.53
6204,1769,15,0.83951,323.91,62.75,355.06,91.83
6205,1769,15,0.8141,425.36,43.98,451.28,70.49
6206,1769,15,0.81283,346.86,29.12,367.06,52.54
6207,1769,8,0.00196,450.76,0.05,466.89,30.72
6208,1775,0,0.88962,323.86,60.06,357.7,94.08
6209,1775,0,0.88939,61.54,31.31,97.76,66.94
6210,1775,3,0.87581,87.21,143.39,164.12,227.84
6211,1775,3,0.81425,151.84,40.39,241.27,90.39
6212,1775,3,0.8011,279.78,177.1,342.77,240.0
6213,1775,12,0.74902,229.3,131.12,267.31,165.19
6214,1775,0,0.43157,229.12,130.84,267.2,164.9
6215,1775,0,0.3665,207.6,0.0,242.32,14.08
6216,1775,3,0.28602,152.87,62.15,237.69,91.14
6217,1775,1,0.22488,207.06,0.0,242.5,13.69
6218,1775,3,0.01001,36.76,11.85,66.96,35.86
6219,1775,1,0.00739,229.7,131.36,267.75,166.14
6220,1775,11,0.00301,207.21,0.0,242.1,13.68
6221,1775,14,0.00281,0.03,48.77,8.94,90.9
6222,1775,3,0.00219,186.74,70.14,237.21,90.84
6223,1775,3,0.00216,314.45,177.24,341.65,216.36
6224,1775,3,0.0017,151.23,38.64,239.61,135.86
6225,1775,14,0.00138,484.82,57.49,498.0,120.51
6226,1775,3,0.00124,0.0,41.81,16.78,120.94
6227,1775,8,0.00113,460.67,0.5,497.36,107.79
6228,1775,11,0.00111,229.32,130.68,267.02,165.11
6229,1779,8,0.58147,11.37,97.05,131.83,158.89
6230,1779,8,0.58046,454.98,64.74,484.38,108.29
6231,1779,14,0.52822,414.73,65.33,470.18,164.2
6232,1779,14,0.49918,179.47,22.52,245.31,158.06
6233,1779,14,0.46466,122.88,47.72,146.13,79.29
6234,1779,14,0.4191,44.47,34.91,76.36,93.13
6235,1779,14,0.37039,335.94,54.99,350.1,80.86
6236,1779,8,0.29326,0.0,55.95,12.95,98.94
6237,1779,14,0.25137,11.16,57.39,49.26,110.26
6238,1779,14,0.17555,120.34,47.66,145.67,96.03
6239,1779,8,0.13384,0.07,53.77,51.74,97.34
6240,1779,8,0.10759,4.85,96.59,60.59,158.33
6241,1779,14,0.06698,226.85,46.15,246.46,78.97
6242,1779,14,0.05474,35.14,38.71,79.34,105.76
6243,1779,8,0.04648,0.0,69.51,11.7,101.01
6244,1779,8,0.04043,4.58,50.53,54.45,162.27
6245,1779,14,0.03221,456.39,65.55,484.36,108.03
6246,1779,5,0.03172,124.45,63.75,180.25,97.97
6247,1779,14,0.02342,224.14,26.51,246.45,80.47
6248,1779,14,0.02331,41.99,39.32,85.57,129.08
6249,1779,8,0.01832,409.69,70.86,473.7,170.56
6250,1779,8,0.0183,0.08,63.33,8.01,97.84
6251,1779,8,0.01766,0.0,65.98,10.21,122.01
6252,1779,8,0.01666,4.77,97.63,43.48,142.4
6253,1779,14,0.01447,424.09,71.43,467.59,129.98
6254,1779,8,0.0116,0.06,72.3,5.45,98.62
6255,1779,8,0.00856,1.67,52.0,50.16,126.04
6256,1779,8,0.00845,3.3,82.17,46.63,133.57
6257,1779,8,0.00752,1.46,55.3,28.6,95.39
6258,1779,8,0.00737,6.86,104.1,30.42,131.95
6259,1779,14,0.00589,256.46,35.0,271.3,69.46
6260,1779,14,0.00574,336.31,54.65,360.33,79.97
6261,1779,14,0.00507,8.25,56.83,51.05,157.46
6262,1779,14,0.00503,65.57,30.39,83.16,69.97
6263,1779,14,0.0043,9.45,45.96,88.57,127.36
6264,1779,14,0.00387,55.03,31.58,82.23,86.56
6265,1779,14,0.00372,203.26,25.45,242.35,76.56
6266,1779,8,0.00355,0.08,56.06,9.26,88.92
6267,1779,8,0.00328,239.98,78.75,271.34,124.18
6268,1779,8,0.00324,3.15,51.35,38.32,89.26
6269,1779,8,0.00313,0.0,53.44,23.51,124.95
6270,1779,14,0.00247,196.22,25.55,234.7,62.16
6271,1779,14,0.00202,375.25,57.61,393.38,83.36
6272,1779,14,0.002,217.97,27.14,246.33,99.29
6273,1779,14,0.0019,228.86,44.52,260.65,80.67
6274,1779,14,0.00159,376.03,64.66,389.52,81.72
6275,1779,8,0.00155,220.25,77.28,272.12,131.96
6276,1779,14,0.00141,186.07,25.76,245.62,108.49
6277,1779,14,0.00128,424.89,71.02,458.5,109.58
6278,1779,14,0.00125,308.91,43.81,329.07,111.12
6279,1779,14,0.00122,330.43,53.56,355.23,90.08
6280,1779,14,0.00114,260.77,43.81,271.74,70.48
6281,1779,14,0.00109,45.58,60.75,94.3,132.0
6282,1779,8,0.00109,54.69,93.2,180.11,162.78
6283,1779,14,0.00104,231.36,48.24,249.98,81.12
6284,1780,5,0.79527,186.76,97.67,230.2,125.51
6285,1780,5,0.4578,23.05,104.03,129.17,190.53
6286,1780,8,0.44891,24.96,101.1,94.54,191.05
6287,1780,8,0.04307,126.23,107.45,206.75,202.0
6288,1780,14,0.03517,159.13,85.2,180.77,111.68
6289,1780,8,0.01899,154.81,86.71,179.94,112.24
6290,1780,5,0.01465,36.84,104.06,203.61,199.59
6291,1780,8,0.01425,80.53,94.25,204.07,201.9
6292,1780,5,0.01019,26.36,103.98,123.51,157.26
6293,1780,8,0.00972,154.96,89.26,170.11,112.17
6294,1780,8,0.00945,29.49,103.76,127.18,157.55
6295,1780,14,0.00805,41.21,81.02,63.26,100.87
6296,1780,16,0.00548,45.12,81.33,63.05,100.87
6297,1780,16,0.00317,161.71,86.44,180.38,110.6
6298,1780,8,0.00282,414.91,130.02,451.9,189.54
6299,1780,14,0.0026,154.83,83.31,189.62,120.75
6300,1780,14,0.00205,296.66,117.8,304.58,126.33
6301,1780,8,0.00185,148.74,86.94,167.51,111.15
6302,1780,14,0.00184,157.74,76.17,190.7,111.44
6303,1780,14,0.00175,97.24,77.79,111.02,98.9
6304,1780,5,0.00164,132.98,86.51,156.78,102.02
6305,1783,12,0.91361,224.64,146.91,264.11,187.32
6306,1783,12,0.85584,274.4,167.72,311.72,200.27
6307,1783,12,0.85063,329.52,145.07,366.68,177.77
6308,1783,12,0.84388,290.57,132.96,321.82,163.54
6309,1783,12,0.8265,305.83,161.16,340.0,194.15
6310,1783,12,0.79549,321.01,135.51,353.59,159.92
6311,1783,14,0.10341,362.4,0.0,484.95,224.88
6312,1783,12,0.09671,263.54,81.1,299.12,105.78
6313,1783,12,0.0688,353.19,130.68,376.66,155.01
6314,1783,14,0.03852,284.89,0.0,482.8,215.44
6315,1783,12,0.03613,366.96,146.62,397.45,170.17
6316,1783,12,0.02615,360.52,155.86,411.13,197.58
6317,1783,12,0.01629,174.48,122.33,217.74,154.75
6318,1783,16,0.01341,225.73,146.82,264.44,186.52
6319,1783,16,0.01289,274.98,163.98,320.93,196.88
6320,1783,12,0.00988,177.66,131.12,209.55,156.12
6321,1783,12,0.00675,364.03,147.61,399.38,179.36
6322,1783,8,0.00588,367.98,0.0,486.12,153.95
6323,1783,16,0.00539,317.81,134.14,347.37,162.72
6324,1783,12,0.00423,227.15,142.09,256.02,155.17
6325,1783,10,0.00283,414.96,0.0,449.19,13.37
6326,1783,12,0.0026,258.03,150.1,295.0,170.05
6327,1783,14,0.00223,244.88,0.0,422.11,238.74
6328,1783,12,0.00219,255.31,135.83,293.2,152.68
6329,1783,12,0.00218,359.82,158.63,405.0,185.11
6330,1783,12,0.00199,332.73,153.87,411.51,203.37
6331,1783,11,0.00197,414.76,0.0,448.16,13.5
6332,1783,16,0.00174,410.89,0.0,450.23,13.08
6333,1783,12,0.00168,290.31,128.36,322.21,141.06
6334,1783,8,0.00164,286.0,0.0,487.0,132.76
6335,1783,12,0.00162,390.24,154.39,422.05,175.5
6336,1783,8,0.00154,427.1,0.0,486.93,165.24
6337,1783,12,0.00144,319.21,133.61,352.88,146.99
6338,1783,12,0.00143,304.8,160.18,332.99,171.15
6339,1783,16,0.00141,330.96,145.49,366.82,176.36
6340,1783,8,0.00141,357.92,0.0,481.81,112.91
6341,1783,7,0.00128,342.45,62.21,394.35,102.12
6342,1783,14,0.00108,425.8,0.0,487.0,175.28
6343,1783,16,0.00103,290.61,132.49,322.26,163.9
6344,1791,7,0.88791,210.28,121.61,239.11,146.38
6345,1791,2,0.86701,170.4,149.94,203.56,187.51
6346,1796,2,0.84253,64.34,127.53,81.95,150.43
6347,1796,2,0.83415,141.39,126.42,157.46,148.09
6348,1796,2,0.82576,61.98,166.79,82.45,192.88
6349,1796,2,0.80258,185.06,170.97,204.27,195.83
6350,1796,14,0.00153,492.73,0.0,497.0,45.08
6351,1796,14,0.0012,384.86,0.09,405.89,9.81
6352,1796,14,0.0012,484.58,0.0,497.0,38.32
6353,1802,15,0.51029,251.15,33.65,309.67,102.15
6354,1802,11,0.04069,3.38,82.07,19.01,96.42
6355,1802,14,0.00291,462.05,106.76,480.72,136.42
6356,1802,17,0.00282,303.92,32.98,330.76,58.51
6357,1802,15,0.00122,203.34,153.02,245.62,192.3
6358,1802,16,0.00107,304.4,33.05,331.52,59.93
6359,1802,14,0.00104,402.67,0.0,488.04,0.0
6360,1809,0,0.90373,386.39,109.11,420.92,142.44
6361,1809,4,0.82619,247.57,81.72,311.97,115.06
6362,1809,1,0.60581,311.06,159.95,348.51,197.16
6363,1809,0,0.51505,310.69,159.82,348.19,196.15
6364,1809,13,0.02287,310.97,159.81,348.5,196.3
6365,1809,1,0.00504,385.94,108.21,420.85,142.84
6366,1809,10,0.00261,386.35,108.73,420.93,143.33
6367,1809,11,0.0026,386.05,110.15,420.9,143.08
6368,1809,4,0.00118,253.25,82.0,312.07,103.73
6369,1810,9,0.88573,215.58,203.96,242.06,226.46
6370,1810,17,0.87967,36.25,123.94,55.17,142.73
6371,1810,9,0.04234,94.88,196.7,117.34,218.74
6372,1810,9,0.01743,151.04,131.52,174.54,151.6
6373,1810,17,0.01125,484.44,127.25,496.7,142.13
6374,1810,6,0.00142,94.69,196.7,117.57,218.7
6375,1811,7,0.88653,306.09,147.32,341.51,178.14
6376,1811,2,0.87781,381.43,151.76,421.36,197.22
6377,1812,5,0.62738,194.84,0.0,459.07,156.83
6378,1812,5,0.52919,0.08,2.4,89.01,89.73
6379,1812,5,0.52142,166.22,0.0,463.59,246.0
6380,1812,5,0.26395,82.81,0.0,323.38,171.49
6381,1812,5,0.25658,376.09,0.79,480.31,52.91
6382,1812,5,0.15727,0.0,0.0,90.43,168.16
6383,1812,5,0.12782,92.58,0.0,438.52,161.53
6384,1812,5,0.06356,295.19,0.0,477.82,57.28
6385,1812,5,0.06311,317.75,0.89,478.9,125.27
6386,1812,5,0.02122,245.19,0.12,481.62,85.76
6387,1812,5,0.01492,49.99,0.0,192.82,62.08
6388,1812,5,0.00667,0.06,3.56,48.44,33.67
6389,1812,5,0.00623,0.0,3.1,86.5,48.8
6390,1812,5,0.00532,268.96,26.63,456.68,146.32
6391,1812,5,0.00523,0.0,35.19,91.02,88.93
6392,1812,5,0.00396,333.47,2.43,447.04,54.42
6393,1812,5,0.00387,401.2,0.0,497.0,139.61
6394,1812,5,0.00242,48.56,1.31,283.97,122.11
6395,1812,5,0.00231,232.76,0.68,288.75,23.9
6396,1812,5,0.00205,47.27,0.0,164.78,41.46
6397,1812,5,0.00169,49.16,0.0,263.31,81.35
6398,1812,5,0.00148,73.64,0.0,289.98,246.0
6399,1812,5,0.00118,466.34,0.95,496.85,54.62
6400,1816,9,0.87038,236.06,31.12,254.1,45.06
6401,1816,10,0.8582,238.81,5.7,253.57,19.22
6402,1816,17,0.85771,268.46,11.42,280.69,23.6
6403,1816,10,0.85128,336.2,9.06,352.13,22.16
6404,1816,11,0.83671,275.59,56.4,288.65,71.31
6405,1816,9,0.79887,284.56,36.46,298.52,50.13
6406,1816,9,0.61907,297.37,17.57,310.18,29.75
6407,1816,17,0.01123,297.31,17.54,310.14,29.94
6408,1816,5,0.00118,145.06,170.49,215.12,203.54
6409,1817,0,0.76571,195.41,171.18,241.25,212.45
6410,1817,12,0.52485,244.94,86.2,284.39,123.94
6411,1817,0,0.37757,244.98,86.06,284.03,123.89
6412,1817,11,0.1673,244.36,85.68,284.05,124.06
6413,1817,1,0.13719,244.13,85.83,284.4,123.97
6414,1817,1,0.00568,195.46,170.45,243.54,212.46
6415,1817,10,0.00127,245.11,86.14,283.81,124.31
6416,1817,11,0.00112,196.59,183.86,241.64,213.23
6417,1826,7,0.87148,202.53,98.26,238.2,132.46
6418,1826,7,0.66597,242.23,172.53,279.26,199.88
6419,1826,15,0.03327,241.86,172.54,279.27,199.1
6420,1826,5,0.00685,219.33,10.21,330.68,52.22
6421,1826,6,0.00238,451.41,0.0,496.0,59.13
6422,1826,16,0.00141,202.66,97.93,238.28,130.56
6423,1826,6,0.00136,469.98,8.36,495.92,58.81
6424,1827,5,0.66261,234.68,6.32,477.36,161.93
6425,1827,5,0.36685,112.52,3.22,341.29,147.93
6426,1827,5,0.11418,149.19,0.0,478.0,166.27
6427,1827,5,0.08249,243.81,78.33,476.66,160.81
6428,1827,5,0.0453,338.29,7.54,477.45,166.48
6429,1827,5,0.0159,300.68,4.8,426.24,46.23
6430,1827,14,0.00154,0.19,32.2,15.79,95.65
6431,1827,14,0.00132,0.34,12.27,29.88,73.88
6432,1827,5,0.00116,341.77,251.0,433.84,251.0
6433,1827,5,0.00113,113.0,3.57,222.72,143.1
6434,1827,14,0.00104,0.0,8.93,5.68,75.63
6435,1828,10,0.90769,300.64,173.62,329.62,198.62
6436,1828,9,0.85801,175.09,108.63,205.06,131.09
6437,1828,17,0.85704,45.2,148.06,67.6,170.37
6438,1828,9,0.3542,163.99,213.81,193.5,237.21
6439,1828,11,0.25948,164.42,213.72,192.07,237.65
6440,1828,11,0.15936,315.42,205.48,349.42,242.2
6441,1828,10,0.02736,164.03,213.68,193.16,236.41
6442,1828,11,0.00472,421.47,105.24,444.73,130.75
6443,1828,9,0.00243,174.79,108.37,204.78,121.51
6444,1828,6,0.00119,480.68,86.84,504.0,135.31
6445,1828,11,0.00116,415.62,104.99,444.8,139.61
6446,1828,6,0.00114,448.65,52.74,504.0,126.74
6447,1828,5,0.00109,0.0,210.01,33.14,241.62
6448,1838,17,0.86311,214.21,18.79,229.29,34.77
6449,1838,9,0.83019,141.6,59.59,163.95,76.56
6450,1838,11,0.55382,40.4,42.86,61.22,61.79
6451,1838,6,0.07881,366.4,91.77,391.63,106.94
6452,1838,6,0.00995,363.98,81.59,392.43,108.11
6453,1838,6,0.0072,356.11,89.55,393.21,107.04
6454,1838,9,0.00589,120.41,19.61,139.63,34.3
6455,1838,6,0.00261,366.66,76.36,403.16,108.96
6456,1838,6,0.00114,263.18,186.74,285.56,208.91
6457,1849,0,0.85694,297.83,44.58,338.48,81.08
6458,1849,4,0.8128,141.84,98.02,189.19,165.76
6459,1849,1,0.72795,333.3,141.44,379.31,185.99
6460,1849,0,0.05151,334.36,141.18,379.19,185.62
6461,1849,6,0.01195,469.15,145.75,499.8,221.17
6462,1849,6,0.00326,450.25,134.56,500.0,220.4
6463,1849,0,0.00248,334.4,54.0,350.73,70.59
6464,1849,13,0.00223,334.76,141.4,379.46,185.89
6465,1849,1,0.00173,297.23,43.85,337.74,80.71
6466,1849,4,0.00139,142.58,98.37,189.35,137.22
6467,1849,6,0.00126,488.43,142.9,500.0,192.92
6468,1849,6,0.00103,475.01,108.76,499.73,222.17
6469,1850,7,0.7159,286.41,131.71,310.84,149.63
6470,1850,7,0.65687,227.37,181.78,247.57,198.84
6471,1850,16,0.0013,379.28,177.5,399.45,194.3
6472,1850,16,0.00101,471.95,221.64,495.99,250.0
6473,1851,14,0.53727,192.78,70.99,208.49,108.57
6474,1851,14,0.46552,185.82,64.0,201.48,108.5
6475,1851,14,0.11993,427.76,94.27,437.37,113.91
6476,1851,14,0.11485,307.5,79.49,317.75,101.08
6477,1851,14,0.11255,34.33,42.94,45.05,73.48
6478,1851,14,0.05585,23.82,47.01,39.43,73.53
6479,1851,14,0.02678,22.85,43.82,46.06,74.3
6480,1851,14,0.01745,495.01,94.1,499.97,125.71
6481,1851,14,0.01477,494.22,80.32,500.0,127.22
6482,1851,14,0.01153,279.89,77.55,291.79,96.67
6483,1851,14,0.01069,489.69,90.7,500.0,126.2
6484,1851,14,0.00928,217.83,72.63,238.37,95.9
6485,1851,8,0.0077,391.14,99.81,414.27,113.89
6486,1851,14,0.00706,495.26,106.31,499.98,126.59
6487,1851,14,0.00591,486.07,100.16,499.86,125.65
6488,1851,14,0.00494,429.85,93.28,439.49,112.86
6489,1851,16,0.00487,9.11,65.66,17.7,74.02
6490,1851,14,0.00417,421.62,94.31,438.18,113.71
6491,1851,14,0.004,378.49,96.47,389.19,109.93
6492,1851,14,0.00361,391.29,100.09,413.45,113.18
6493,1851,14,0.0035,9.05,46.41,39.15,73.77
6494,1851,14,0.0032,407.94,94.61,439.76,114.44
6495,1851,14,0.00285,428.14,94.0,442.99,115.45
6496,1851,14,0.00282,434.32,93.51,442.86,113.43
6497,1851,14,0.00249,302.19,78.46,317.79,103.5
6498,1851,14,0.00225,0.06,47.98,4.17,67.84
6499,1851,14,0.00172,22.02,53.67,36.56,73.51
6500,1851,5,0.00164,0.06,45.95,4.11,66.24
6501,1851,5,0.00138,0.02,44.61,7.11,73.09
6502,1851,14,0.00121,26.96,47.07,36.05,68.64
6503,1851,14,0.00119,198.68,72.2,208.42,109.96
6504,1851,14,0.00108,496.07,110.48,500.0,133.66
6505,1851,14,0.00101,216.16,79.73,234.51,95.23
6506,1851,14,0.00101,0.0,45.3,8.0,80.87
6507,1854,12,0.88408,375.0,81.45,414.3,119.81
6508,1854,0,0.87299,262.12,181.96,306.12,228.43
6509,1854,0,0.86438,314.88,8.66,349.72,41.97
6510,1854,3,0.84966,167.5,43.96,239.48,80.62
6511,1854,3,0.83672,284.96,69.31,346.11,124.47
6512,1854,3,0.8046,105.41,187.73,174.29,220.88
6513,1854,3,0.76386,284.53,68.99,320.93,123.16
6514,1854,12,0.70168,197.7,117.3,234.57,155.37
6515,1854,1,0.06841,261.38,180.93,305.24,228.7
6516,1854,3,0.01705,102.39,166.72,138.67,217.95
6517,1854,3,0.01119,287.65,69.18,346.08,101.95
6518,1854,3,0.00514,103.1,167.91,174.24,222.37
6519,1854,7,0.00377,461.47,159.36,485.06,182.79
6520,1854,3,0.00305,282.04,0.18,323.87,9.22
6521,1854,1,0.00195,198.12,117.01,234.83,155.11
6522,1854,16,0.00121,374.52,81.33,414.6,119.48
6523,1854,3,0.0011,436.86,33.46,493.47,87.82
6524,1864,14,0.82418,425.04,108.67,450.81,171.51
6525,1864,14,0.72119,318.34,101.26,342.65,172.17
6526,1864,14,0.70513,194.39,89.53,221.68,163.87
6527,1864,14,0.52179,127.16,80.54,148.3,163.42
6528,1864,14,0.51761,172.21,74.81,201.37,168.1
6529,1864,14,0.50238,109.32,80.63,156.04,165.1
6530,1864,5,0.35171,0.0,98.98,143.1,160.03
6531,1864,14,0.06274,159.08,84.08,217.24,166.96
6532,1864,14,0.01522,0.0,95.07,11.62,143.33
6533,1864,5,0.00926,144.09,80.17,204.04,162.53
6534,1864,14,0.00855,0.04,115.56,3.91,138.77
6535,1864,5,0.00769,0.0,97.75,84.4,157.29
6536,1864,14,0.00574,106.05,83.44,139.71,162.09
6537,1864,14,0.00404,316.37,124.5,338.63,171.9
6538,1864,14,0.00391,201.68,137.5,218.24,167.55
6539,1864,5,0.00377,0.0,19.17,125.86,158.98
6540,1864,14,0.00325,0.31,78.65,30.69,151.24
6541,1864,14,0.00225,192.51,138.64,204.02,165.17
6542,1864,14,0.0022,0.05,126.63,4.83,150.75
6543,1864,14,0.00196,0.0,109.51,8.93,142.65
6544,1864,14,0.00182,177.58,152.67,190.82,166.87
6545,1864,14,0.00156,0.04,98.8,6.4,139.08
6546,1864,14,0.00141,53.01,104.1,71.57,130.22
6547,1864,14,0.00122,105.71,114.73,150.42,163.83
6548,1864,14,0.0012,0.36,105.41,13.69,202.15
6549,1864,14,0.00115,0.07,68.35,13.12,148.68
6550,1864,5,0.00114,436.85,139.65,477.42,174.71
6551,1864,5,0.00109,147.63,116.42,180.27,157.51
6552,1864,14,0.00101,105.09,106.73,128.64,161.48
6553,1867,0,0.87956,251.11,48.27,296.48,91.82
6554,1867,0,0.64938,342.74,94.45,396.87,147.09
6555,1867,1,0.28515,341.51,92.14,399.11,148.45
6556,1867,1,0.01348,251.3,48.07,298.73,93.11
6557,1867,17,0.00202,252.24,47.94,296.71,92.08
6558,1867,6,0.00179,457.65,62.61,488.75,141.51
6559,1867,6,0.00123,472.31,61.44,488.9,133.56
6560,1881,15,0.89054,73.86,185.6,92.74,203.14
6561,1881,6,0.77591,148.51,186.12,199.1,211.24
6562,1881,5,0.00858,441.51,5.65,470.66,30.3
6563,1881,5,0.00734,300.79,4.05,344.61,21.44
6564,1881,5,0.00155,281.35,2.66,347.85,22.0
6565,1887,5,0.77657,301.42,162.78,349.39,185.42
6566,1887,5,0.56121,154.75,124.08,168.25,135.07
6567,1887,5,0.36375,195.49,124.0,207.21,134.29
6568,1887,5,0.27285,41.4,123.65,72.21,140.39
6569,1887,5,0.03034,188.76,123.16,259.11,166.15
6570,1887,5,0.02496,0.15,133.22,35.81,151.25
6571,1887,14,0.02227,56.6,154.01,67.72,170.92
6572,1887,5,0.01918,42.03,124.24,61.11,139.91
6573,1887,14,0.00916,466.98,163.4,475.07,176.86
6574,1887,5,0.00889,197.15,123.24,255.08,154.3
6575,1887,8,0.00516,55.48,153.89,67.37,170.71
6576,1887,5,0.00481,484.82,159.48,489.0,191.2
6577,1887,5,0.00396,129.99,87.83,169.12,108.19
6578,1887,5,0.00379,299.98,167.57,316.25,182.1
6579,1887,5,0.00353,0.0,133.95,12.96,149.24
6580,1887,5,0.00327,0.0,131.21,9.82,146.51
6581,1887,5,0.00309,76.95,124.8,113.76,141.72
6582,1887,5,0.00283,474.96,160.61,489.0,177.93
6583,1887,5,0.00277,469.85,165.29,489.0,187.92
6584,1887,5,0.00255,60.09,122.28,92.31,138.65
6585,1887,5,0.00252,198.37,113.43,207.02,120.39
6586,1887,5,0.00228,0.04,134.37,7.66,147.35
6587,1887,5,0.00225,83.14,123.3,112.96,137.28
6588,1887,5,0.00214,75.71,122.42,96.34,138.16
6589,1887,5,0.00212,484.54,161.45,489.0,177.69
6590,1887,5,0.00211,170.92,164.24,183.87,174.01
6591,1887,5,0.00204,466.59,161.08,479.61,177.27
6592,1887,5,0.00203,466.66,156.56,488.79,177.01
6593,1887,5,0.00192,47.08,124.38,93.46,140.75
6594,1887,5,0.00191,483.79,168.98,489.0,189.65
6595,1887,5,0.00187,471.5,157.09,488.93,184.06
6596,1887,14,0.00185,58.5,151.52,66.64,160.07
6597,1887,5,0.00173,0.0,153.79,12.96,167.68
6598,1887,5,0.00166,0.0,69.23,8.57,83.06
6599,1887,5,0.00162,463.05,161.18,476.04,176.67
6600,1887,5,0.00161,0.61,138.19,33.32,156.64
6601,1887,5,0.00158,127.01,88.95,158.97,104.89
6602,1887,11,0.00156,300.99,162.94,348.29,184.77
6603,1887,5,0.0015,9.11,133.64,35.54,147.85
6604,1887,5,0.00142,0.0,96.59,9.97,118.05
6605,1887,5,0.00134,53.68,127.3,72.17,141.05
6606,1887,5,0.00132,21.98,121.24,40.98,134.33
6607,1887,5,0.0013,174.98,113.63,201.55,146.6
6608,1887,5,0.0012,468.85,174.04,488.96,187.66
6609,1887,5,0.00118,93.66,124.18,113.84,133.88
6610,1887,5,0.00112,0.0,117.81,13.48,142.75
6611,1887,5,0.00108,328.39,153.8,353.21,172.15
6612,1887,5,0.00107,139.83,88.62,164.59,103.99
6613,1887,5,0.00104,479.68,161.69,489.0,177.11
6614,1887,5,0.00104,97.56,124.67,116.19,136.09
6615,1887,5,0.00103,402.11,170.57,429.33,184.67
6616,1906,5,0.84043,293.73,183.93,338.75,212.65
6617,1906,5,0.71186,79.01,162.4,103.76,178.38
6618,1906,5,0.48575,13.59,159.79,25.26,167.71
6619,1906,5,0.45313,22.88,154.6,34.73,162.13
6620,1906,5,0.42128,36.65,160.75,43.5,169.08
6621,1906,5,0.17554,170.52,154.0,183.36,163.38
6622,1906,5,0.11921,11.31,158.53,18.24,163.0
6623,1906,5,0.06425,0.0,215.0,50.6,247.0
6624,1906,5,0.06003,348.61,230.55,402.52,247.0
6625,1906,5,0.04683,12.39,156.81,24.57,167.27
6626,1906,5,0.04269,37.27,158.91,46.25,169.08
6627,1906,5,0.0241,35.64,158.06,42.24,165.07
6628,1906,5,0.01831,9.55,155.26,15.71,160.16
6629,1906,5,0.01709,78.98,143.06,100.9,156.1
6630,1906,5,0.01615,257.29,143.88,352.93,176.51
6631,1906,5,0.01274,36.24,156.8,44.63,168.59
6632,1906,5,0.01113,24.17,155.4,35.9,166.2
6633,1906,5,0.00691,13.69,155.1,31.14,162.63
6634,1906,5,0.00652,255.77,138.74,279.88,152.51
6635,1906,5,0.00554,345.93,237.29,399.02,246.91
6636,1906,5,0.00514,23.72,151.41,35.29,161.63
6637,1906,5,0.00491,9.53,158.86,22.52,168.85
6638,1906,5,0.00448,11.52,162.28,25.64,173.7
6639,1906,5,0.00425,342.66,154.88,362.03,171.3
6640,1906,5,0.00419,78.21,162.89,89.19,173.19
6641,1906,5,0.00419,31.42,174.8,38.52,182.26
6642,1906,5,0.0035,8.59,156.58,15.81,161.79
6643,1906,5,0.00334,255.38,145.57,294.13,169.73
6644,1906,5,0.00316,9.46,156.19,19.29,166.59
6645,1906,14,0.00309,490.35,119.85,494.0,144.11
6646,1906,5,0.00272,463.68,189.84,493.93,225.78
6647,1906,5,0.00269,60.94,147.03,81.18,157.88
6648,1906,5,0.0026,13.13,155.46,20.87,162.09
6649,1906,5,0.00257,17.19,158.03,31.43,168.06
6650,1906,5,0.00255,135.03,238.2,167.05,247.0
6651,1906,5,0.00248,22.43,219.15,92.83,247.0
6652,1906,5,0.00235,79.01,139.76,97.06,153.46
6653,1906,5,0.00224,195.03,153.74,209.9,166.13
6654,1906,5,0.00219,161.2,154.22,171.65,163.19
6655,1906,5,0.00216,252.21,139.91,282.94,163.33
6656,1906,5,0.00213,399.51,143.22,415.76,150.93
6657,1906,5,0.00208,6.7,159.99,19.96,167.36
6658,1906,5,0.00206,76.77,148.33,103.23,170.88
6659,1906,5,0.00191,29.75,154.68,39.77,161.1
6660,1906,5,0.00186,342.29,134.64,493.65,247.0
6661,1906,5,0.00184,0.47,159.82,6.09,172.48
6662,1906,14,0.00171,195.47,154.6,203.4,166.66
6663,1906,5,0.00171,0.0,224.44,26.46,247.0
6664,1906,5,0.00165,78.03,161.23,92.32,170.7
6665,1906,5,0.00161,132.0,230.15,167.1,247.0
6666,1906,5,0.00157,246.44,141.68,276.09,160.54
6667,1906,5,0.00156,31.97,233.57,50.77,247.0
6668,1906,5,0.00155,136.24,151.94,143.89,159.77
6669,1906,4,0.00151,262.22,239.48,285.38,247.0
6670,1906,5,0.00148,13.14,162.05,25.11,181.78
6671,1906,5,0.00147,28.27,230.53,92.16,246.84
6672,1906,5,0.00146,29.33,174.59,38.44,187.2
6673,1906,5,0.00144,146.37,238.52,166.46,247.0
6674,1906,5,0.00143,219.99,151.98,255.81,169.96
6675,1906,5,0.0014,0.34,153.96,6.79,165.73
6676,1906,5,0.00135,332.34,226.89,400.57,247.0
6677,1906,5,0.00133,0.0,247.0,62.9,247.0
6678,1906,5,0.0013,368.18,240.26,403.29,247.0
6679,1906,5,0.00121,261.79,239.04,285.43,247.0
6680,1906,5,0.00117,204.43,158.59,221.27,166.47
6681,1906,5,0.00113,0.0,198.55,17.43,241.37
6682,1906,5,0.00112,137.12,155.03,143.67,161.24
6683,1906,14,0.00106,447.64,176.4,458.4,196.66
6684,1906,5,0.00103,198.41,156.86,219.88,166.59
6685,1906,5,0.00101,138.16,152.36,145.42,160.56
6686,1912,10,0.87904,238.17,55.84,256.66,74.4
6687,1912,10,0.87784,146.68,160.43,169.38,180.15
6688,1912,17,0.87595,186.07,132.77,203.68,150.37
6689,1912,9,0.85957,258.87,138.84,280.74,159.74
6690,1912,17,0.85695,216.61,106.87,233.53,123.82
6691,1912,9,0.83818,213.77,185.02,236.28,210.29
6692,1912,11,0.82068,308.03,169.4,333.06,191.58
6693,1917,2,0.81021,329.14,50.74,347.43,64.78
6694,1917,2,0.80986,415.33,58.09,432.33,72.11
6695,1917,2,0.77415,362.45,35.03,376.99,49.05
6696,1917,2,0.66789,388.9,75.79,408.11,90.58
6697,1919,4,0.84463,357.49,113.68,402.04,151.75
6698,1919,11,0.78653,237.64,136.25,267.13,160.26
6699,1919,0,0.62443,308.3,158.87,342.1,190.26
6700,1919,10,0.24255,238.17,136.1,266.3,159.89
6701,1919,1,0.22089,307.52,159.33,342.09,190.93
6702,1919,6,0.00112,310.29,0.0,389.44,66.43
6703,1921,14,0.46339,85.78,27.34,128.3,141.86
6704,1921,14,0.34421,63.1,27.55,131.58,217.13
6705,1921,14,0.06369,63.72,31.76,132.7,142.35
6706,1921,14,0.0316,61.1,90.76,123.05,217.42
6707,1921,14,0.02854,130.42,94.06,143.43,120.29
6708,1921,14,0.01161,115.93,92.73,132.34,130.56
6709,1921,14,0.01012,150.78,88.75,164.08,115.21
6710,1921,14,0.00858,81.15,27.91,134.84,187.4
6711,1921,14,0.00731,92.83,29.8,125.42,107.27
6712,1921,14,0.00553,484.8,132.85,489.0,161.74
6713,1921,5,0.00487,421.67,133.37,453.06,157.03
6714,1921,14,0.00484,120.41,92.16,143.18,120.54
6715,1921,8,0.00428,57.3,77.73,78.69,111.71
6716,1921,14,0.00394,484.85,129.76,489.0,187.14
6717,1921,14,0.00376,95.55,93.13,121.38,136.35
6718,1921,14,0.00362,91.5,28.66,127.66,70.97
6719,1921,14,0.00354,471.64,136.52,489.0,183.97
6720,1921,14,0.00307,47.8,78.25,60.22,93.2
6721,1921,14,0.00299,478.6,132.43,489.0,159.27
6722,1921,8,0.00294,10.31,77.24,45.28,103.95
6723,1921,14,0.0028,65.2,91.69,97.37,213.17
6724,1921,14,0.00276,57.72,73.25,77.63,111.2
6725,1921,14,0.00268,126.79,84.99,143.37,121.11
6726,1921,8,0.00249,23.02,80.07,44.97,104.39
6727,1921,14,0.00197,99.93,30.02,139.03,134.62
6728,1921,8,0.00192,412.58,0.33,439.2,37.35
6729,1921,14,0.00188,479.7,130.94,488.99,181.66
6730,1921,5,0.00175,462.64,144.87,475.54,155.2
6731,1921,5,0.00164,0.05,89.51,7.53,98.65
6732,1921,14,0.00155,103.16,30.38,125.58,66.45
6733,1921,14,0.00141,151.25,90.07,168.59,123.91
6734,1921,14,0.00139,147.07,88.99,176.65,125.43
6735,1921,14,0.00133,427.52,134.36,447.41,161.73
6736,1921,14,0.00114,440.37,143.39,462.46,174.81
6737,1921,14,0.00102,56.19,76.18,82.77,137.38
6738,1922,7,0.8916,371.08,128.6,404.96,168.01
6739,1922,7,0.88818,346.61,39.57,379.96,67.31
6740,1922,5,0.0382,190.29,0.0,493.99,210.08
6741,1922,5,0.00895,316.64,7.92,499.98,242.0
6742,1922,16,0.00143,0.0,107.01,63.38,184.62
6743,1922,5,0.00112,40.66,0.0,400.74,196.11
6744,1924,14,0.7821,283.25,141.42,306.42,203.58
6745,1924,16,0.70707,32.41,188.56,54.72,222.77
6746,1924,16,0.68251,89.46,186.61,108.71,213.88
6747,1924,16,0.66402,0.0,192.2,18.59,227.78
6748,1924,16,0.63534,112.86,188.67,132.12,214.11
6749,1924,16,0.63381,62.77,187.21,83.2,216.95
6750,1924,16,0.59549,134.22,187.43,154.37,213.25
6751,1924,16,0.55841,154.54,186.4,173.46,209.92
6752,1924,16,0.55081,176.08,185.0,192.71,207.65
6753,1924,8,0.49038,376.02,157.36,428.93,241.25
6754,1924,16,0.44707,247.03,181.56,261.03,199.7
6755,1924,16,0.35537,220.9,182.23,247.5,203.4
6756,1924,16,0.34842,192.84,184.04,208.76,205.63
6757,1924,16,0.33012,207.62,183.63,222.44,204.17
6758,1924,16,0.28972,259.69,180.71,272.0,199.03
6759,1924,5,0.2741,459.31,159.82,487.6,180.79
6760,1924,14,0.26458,388.24,146.82,422.01,178.82
6761,1924,16,0.25387,221.22,182.75,236.93,203.23
6762,1924,8,0.22874,381.01,181.21,425.19,242.66
6763,1924,14,0.18374,431.15,156.71,451.12,196.23
6764,1924,16,0.18224,270.97,179.93,282.52,196.92
6765,1924,16,0.12709,33.76,188.95,71.89,219.94
6766,1924,16,0.11793,192.28,184.23,219.49,204.98
6767,1924,16,0.10333,135.9,186.49,173.9,210.94
6768,1924,16,0.09411,299.12,178.48,322.18,193.39
6769,1924,8,0.08025,349.83,159.23,374.78,181.46
6770,1924,14,0.07337,403.01,150.67,429.32,224.37
6771,1924,16,0.07267,230.18,181.79,261.46,200.93
6772,1924,8,0.07217,478.78,163.34,487.99,185.23
6773,1924,16,0.06527,65.27,186.55,109.12,214.85
6774,1924,16,0.06206,176.53,184.17,210.53,205.9
6775,1924,16,0.05732,115.98,187.3,153.61,213.54
6776,1924,14,0.05683,388.86,146.26,428.78,200.57
6777,1924,16,0.05099,305.27,178.51,318.61,192.57
6778,1924,16,0.04889,233.86,181.9,247.4,202.05
6779,1924,16,0.04797,155.39,185.85,192.68,208.91
6780,1924,16,0.04781,92.43,187.07,129.84,214.1
6781,1924,8,0.04354,474.02,158.88,487.9,185.17
6782,1924,16,0.04065,248.52,180.47,273.07,199.07
6783,1924,14,0.03641,386.0,146.21,428.03,229.76
6784,1924,5,0.03491,25.93,120.35,118.72,155.8
6785,1924,14,0.02808,372.83,153.5,396.39,212.29
6786,1924,14,0.02441,406.25,156.67,432.88,206.51
6787,1924,16,0.02138,67.96,192.45,86.31,215.82
6788,1924,14,0.01943,384.7,148.66,454.31,189.26
6789,1924,16,0.01919,234.69,181.75,253.5,199.98
6790,1924,16,0.01826,294.65,178.03,323.1,199.53
6791,1924,16,0.01802,256.15,179.97,282.82,198.77
6792,1924,16,0.01563,315.6,178.85,324.25,192.13
6793,1924,16,0.01532,51.16,190.69,77.61,215.45
6794,1924,14,0.01457,373.03,146.88,422.81,209.42
6795,1924,16,0.01401,209.71,182.95,236.87,202.73
6796,1924,5,0.01318,467.72,158.72,487.99,184.93
6797,1924,14,0.01272,411.55,161.07,430.21,188.47
6798,1924,5,0.0127,480.89,159.5,487.95,185.12
6799,1924,16,0.01117,308.45,178.46,323.96,192.39
6800,1924,8,0.01009,363.89,156.69,378.65,181.26
6801,1924,16,0.01008,0.35,190.4,30.43,225.15
6802,1924,16,0.00845,46.08,190.42,67.76,217.08
6803,1924,16,0.0084,82.78,190.36,98.64,213.96
6804,1924,8,0.00715,424.83,158.38,449.59,196.09
6805,1924,16,0.00697,78.06,188.34,94.68,214.07
6806,1924,14,0.00581,417.32,157.54,446.66,188.09
6807,1924,16,0.00559,125.8,187.56,151.04,209.64
6808,1924,16,0.00558,263.56,179.79,290.31,199.69
6809,1924,16,0.00539,105.94,189.84,128.73,210.55
6810,1924,5,0.00501,26.67,119.96,76.35,154.78
6811,1924,14,0.00467,433.19,157.32,449.74,179.96
6812,1924,16,0.00446,4.61,195.66,21.9,226.36
6813,1924,16,0.00415,91.86,188.63,116.43,212.78
6814,1924,16,0.00411,0.02,197.76,12.78,235.68
6815,1924,14,0.00411,412.26,159.39,441.67,192.9
6816,1924,14,0.00376,435.59,163.43,453.31,197.4
6817,1924,14,0.00374,349.49,161.33,371.87,181.51
6818,1924,16,0.00355,349.95,160.61,370.24,180.95
6819,1924,5,0.00334,459.92,160.68,481.83,176.36
6820,1924,8,0.00331,461.27,160.8,488.0,183.51
6821,1924,16,0.00328,465.77,223.28,487.91,247.0
6822,1924,14,0.00316,414.07,157.6,440.01,179.15
6823,1924,16,0.00313,297.6,177.72,313.58,191.72
6824,1924,16,0.00302,113.79,187.96,141.79,211.35
6825,1924,16,0.00275,0.06,148.81,23.23,180.63
6826,1924,16,0.00266,34.58,189.67,57.11,212.9
6827,1924,8,0.00262,389.07,175.18,417.34,237.73
6828,1924,16,0.00259,0.64,191.63,19.23,214.26
6829,1924,16,0.00256,270.18,179.51,286.9,201.82
6830,1924,16,0.00254,0.0,199.31,16.9,247.0
6831,1924,16,0.00239,9.57,198.33,19.6,226.13
6832,1924,14,0.00232,421.92,157.28,443.41,178.5
6833,1924,16,0.00226,55.85,190.83,69.18,213.67
6834,1924,14,0.00221,413.32,161.2,429.59,179.34
6835,1924,16,0.00217,79.85,194.22,91.78,215.18
6836,1924,6,0.00207,477.93,38.59,487.92,80.37
6837,1924,14,0.00198,147.9,101.61,172.68,171.56
6838,1924,16,0.00189,0.04,189.78,8.43,211.19
6839,1924,16,0.00176,113.17,187.99,132.57,204.24
6840,1924,16,0.00174,61.92,187.37,85.42,204.56
6841,1924,16,0.00169,51.37,193.92,66.96,218.86
6842,1924,8,0.00167,472.04,159.29,487.96,200.08
6843,1924,14,0.00166,425.2,156.9,449.27,175.36
6844,1924,16,0.00163,61.8,186.02,90.77,210.32
6845,1924,16,0.00162,0.03,191.36,10.81,218.78
6846,1924,14,0.0016,398.68,149.59,429.52,182.05
6847,1924,14,0.00155,283.48,142.7,321.27,203.02
6848,1924,5,0.00154,461.08,163.98,480.21,180.81
6849,1924,16,0.00154,3.09,192.25,49.43,226.2
6850,1924,16,0.00152,30.89,195.09,40.04,219.06
6851,1924,14,0.00147,363.7,152.14,392.33,186.09
6852,1924,16,0.00132,302.41,172.78,327.36,192.26
6853,1924,6,0.00121,479.53,46.86,487.89,86.96
6854,1924,0,0.0012,483.95,66.46,488.0,86.88
6855,1924,16,0.00113,463.93,210.63,488.0,247.0
6856,1924,6,0.0011,480.32,5.01,487.95,79.03
6857,1924,14,0.00108,396.74,146.51,420.63,170.62
6858,1924,7,0.00107,472.05,0.0,487.92,32.77
6859,1924,6,0.00107,456.25,18.1,487.82,80.23
6860,1924,14,0.00105,410.38,157.47,428.53,233.27
6861,1924,16,0.00103,14.0,197.01,35.68,220.96
6862,1925,14,0.65833,237.02,0.0,279.98,28.69
6863,1925,15,0.45353,311.51,150.82,338.76,184.07
6864,1925,15,0.00695,308.66,168.87,335.5,184.82
6865,1925,14,0.00424,429.03,0.27,506.45,232.75
6866,1925,15,0.00227,265.71,72.67,343.22,255.35
6867,1925,14,0.00147,247.28,0.0,280.34,20.77
6868,1925,14,0.00115,416.57,1.1,506.61,150.82
6869,1926,10,0.88407,164.65,182.82,182.48,198.56
6870,1926,17,0.87467,234.85,184.68,248.78,198.23
6871,1926,10,0.8735,273.13,181.79,291.28,197.51
6872,1926,9,0.85067,211.44,148.26,225.8,162.87
6873,1926,17,0.83051,205.84,188.22,219.73,202.64
6874,1926,11,0.77993,200.99,120.04,213.66,133.59
6875,1926,9,0.6941,260.56,146.56,278.39,160.9
6876,1926,11,0.41276,261.07,87.96,284.12,99.02
6877,1926,11,0.00411,260.93,88.4,275.16,98.54
6878,1926,17,0.00405,449.66,93.47,458.79,105.98
6879,1928,5,0.82305,288.09,108.37,416.02,184.14
6880,1928,14,0.82304,64.88,115.64,97.18,187.25
6881,1928,14,0.80973,26.65,123.2,54.67,192.07
6882,1928,14,0.78788,104.72,106.66,131.08,191.06
6883,1928,14,0.76742,0.11,114.36,28.56,192.54
6884,1928,5,0.45659,194.14,122.17,239.32,154.38
6885,1928,5,0.13554,162.54,120.54,239.38,154.73
6886,1928,5,0.09467,67.61,24.92,425.7,241.0
6887,1928,5,0.06334,155.41,122.21,187.71,148.65
6888,1928,5,0.05175,182.98,88.67,501.0,241.0
6889,1928,5,0.02489,289.66,108.31,402.2,146.38
6890,1928,5,0.01574,90.81,131.51,449.37,241.0
6891,1928,8,0.01109,438.9,120.58,501.0,169.37
6892,1928,5,0.00633,11.86,89.77,375.01,241.0
6893,1928,5,0.00631,437.17,132.44,501.0,168.26
6894,1928,5,0.00373,290.09,112.62,367.14,182.66
6895,1928,14,0.00303,7.1,142.44,27.04,190.9
6896,1928,5,0.002,290.94,137.23,421.5,183.37
6897,1928,16,0.00188,27.33,122.84,55.18,191.99
6898,1928,14,0.00184,496.8,121.8,501.0,186.17
6899,1928,8,0.00183,427.31,38.91,501.0,171.37
6900,1928,5,0.00178,453.02,104.95,500.93,169.66
6901,1928,5,0.00163,18.24,147.41,369.32,241.0
6902,1928,14,0.00162,479.7,126.46,501.0,185.4
6903,1928,5,0.00147,254.98,124.13,498.7,241.0
6904,1928,14,0.00142,473.35,97.47,492.17,121.65
6905,1928,14,0.00124,0.0,147.92,5.93,188.07
6906,1928,14,0.0011,106.07,106.8,129.46,155.2
6907,1928,14,0.00102,0.0,145.45,8.73,193.77
6908,1931,11,0.85493,265.39,171.02,306.24,203.29
6909,1931,11,0.83501,348.82,101.0,378.0,133.83
6910,1931,11,0.81301,412.46,116.71,448.85,145.78
6911,1931,11,0.80239,332.95,124.74,368.47,159.75
6912,1931,10,0.64084,250.19,94.65,278.94,123.7
6913,1931,11,0.54531,366.43,152.94,400.51,185.44
6914,1931,10,0.52405,366.28,152.89,400.62,185.46
6915,1931,8,0.12176,0.27,0.0,107.68,228.03
6916,1931,8,0.02112,0.22,0.0,68.41,209.9
6917,1931,0,0.01075,264.6,170.26,306.9,203.36
6918,1931,0,0.00883,332.86,123.85,367.43,160.1
6919,1931,11,0.00703,465.86,3.73,501.0,35.7
6920,1931,8,0.0043,1.03,0.0,206.58,239.49
6921,1931,0,0.00347,249.91,94.77,279.02,123.4
6922,1931,0,0.00304,348.8,101.03,378.17,133.67
6923,1931,8,0.00284,0.0,79.84,103.09,248.65
6924,1931,8,0.0027,0.28,68.23,65.11,247.48
6925,1931,0,0.00207,412.28,116.25,449.32,145.72
6926,1931,16,0.00139,344.83,107.85,372.3,142.28
6927,1931,8,0.00139,0.89,0.72,100.02,107.31
6928,1931,8,0.00124,0.18,68.26,22.31,204.54
6929,1931,8,0.00123,0.49,1.22,157.81,163.0
6930,1931,5,0.00108,366.51,152.12,400.29,184.74
6931,1933,15,0.88778,391.32,48.1,413.82,68.71
6932,1933,6,0.81823,237.68,43.62,286.51,79.77
6933,1936,10,0.86122,285.29,210.5,299.94,225.38
6934,1936,9,0.8366,219.45,174.76,234.3,190.79
6935,1936,17,0.82906,133.98,147.39,147.05,159.65
6936,1936,9,0.76461,158.54,173.26,175.02,187.29
6937,1936,11,0.1196,267.34,35.39,276.66,44.56
6938,1936,2,0.00345,350.96,217.79,365.23,232.7
6939,1936,11,0.00121,489.97,181.03,497.95,202.17
6940,1952,5,0.78536,103.77,62.83,135.89,82.91
6941,1952,5,0.75418,442.09,73.4,490.7,102.27
6942,1952,5,0.44959,0.0,73.8,9.87,95.11
6943,1952,14,0.21563,463.11,91.46,480.7,146.27
6944,1952,14,0.16596,463.74,89.72,490.97,146.67
6945,1952,5,0.15538,20.32,52.24,38.35,74.3
6946,1952,5,0.09479,370.76,103.59,434.47,149.05
6947,1952,5,0.05209,0.0,19.8,114.64,89.64
6948,1952,5,0.04172,20.62,60.79,38.56,74.52
6949,1952,5,0.03191,418.94,74.76,441.4,92.67
6950,1952,5,0.02537,464.04,88.02,490.99,146.64
6951,1952,5,0.01499,0.0,76.11,9.98,108.49
6952,1952,5,0.01462,382.38,68.57,439.9,93.32
6953,1952,5,0.01308,382.24,50.09,440.39,93.52
6954,1952,14,0.01169,468.63,118.69,479.44,145.68
6955,1952,14,0.00999,319.89,69.41,332.33,93.22
6956,1952,14,0.0084,464.47,114.2,480.04,145.95
6957,1952,8,0.00745,339.91,71.18,358.0,86.08
6958,1952,5,0.00517,465.56,101.29,490.85,122.88
6959,1952,5,0.00512,340.28,71.94,358.45,85.93
6960,1952,5,0.00503,0.74,60.56,19.8,93.34
6961,1952,5,0.00493,0.13,80.44,11.56,94.0
6962,1952,5,0.00454,408.71,73.08,442.64,93.26
6963,1952,5,0.00434,474.53,71.9,491.0,101.44
6964,1952,5,0.00413,344.32,76.1,359.24,85.21
6965,1952,5,0.00404,0.08,81.35,9.02,97.84
6966,1952,14,0.00362,319.4,62.07,327.9,74.94
6967,1952,5,0.00358,0.0,54.81,10.9,81.32
6968,1952,5,0.00354,224.69,78.44,251.79,88.11
6969,1952,5,0.00335,403.37,44.63,491.0,73.54
6970,1952,14,0.00318,316.65,60.97,334.16,92.48
6971,1952,14,0.003,425.01,122.09,435.26,149.7
6972,1952,5,0.00285,486.08,74.41,491.0,101.51
6973,1952,5,0.0028,0.03,60.61,8.49,97.49
6974,1952,5,0.0028,0.65,50.66,26.83,85.24
6975,1952,5,0.00268,33.1,23.27,111.11,75.01
6976,1952,5,0.00251,350.29,75.65,358.82,84.5
6977,1952,5,0.00248,20.27,51.89,47.72,78.66
6978,1952,14,0.00216,471.3,124.58,479.28,145.42
6979,1952,8,0.00205,339.79,75.36,354.08,85.91
6980,1952,5,0.00198,480.95,74.82,490.97,100.99
6981,1952,5,0.00181,388.48,76.07,420.43,93.45
6982,1952,14,0.00181,322.79,77.8,332.26,92.31
6983,1952,5,0.00179,0.04,68.99,6.18,83.05
6984,1952,14,0.00168,420.34,115.65,439.38,150.13
6985,1952,5,0.00165,441.7,75.84,469.46,102.0
6986,1952,5,0.00164,464.36,55.75,490.94,101.66
6987,1952,5,0.00146,398.97,76.16,424.53,93.87
6988,1952,14,0.0014,319.98,60.51,333.11,84.46
6989,1952,5,0.00136,417.26,47.52,472.58,71.85
6990,1952,14,0.00128,416.18,120.76,436.0,150.28
6991,1952,5,0.0011,227.41,80.36,241.68,87.5
6992,1952,14,0.00108,336.44,59.16,346.58,74.27
6993,1952,5,0.00107,384.38,73.91,410.17,92.35
6994,1952,14,0.00106,345.14,64.28,357.19,80.06
6995,1952,5,0.00105,225.68,76.85,263.09,88.91
6996,1952,5,0.00104,212.14,77.21,248.36,87.87
6997,1952,5,0.00101,419.5,74.36,452.3,95.24
6998,1952,5,0.001,0.0,47.31,14.81,74.61
6999,1957,16,0.74799,262.75,85.85,307.56,137.59
7000,1957,5,0.66571,101.59,0.0,341.4,112.53
7001,1957,16,0.51563,83.13,119.5,147.54,194.46
7002,1957,5,0.36866,0.0,5.6,130.09,92.74
7003,1957,5,0.0964,0.41,4.15,178.17,115.72
7004,1957,5,0.09215,86.48,0.0,309.4,247.0
7005,1957,5,0.08786,0.0,6.0,89.85,50.01
7006,1957,5,0.06098,0.95,0.0,184.93,247.0
7007,1957,5,0.04901,52.91,6.65,416.17,245.65
7008,1957,5,0.02718,0.68,5.73,65.0,95.03
7009,1957,5,0.02323,199.99,0.6,340.38,110.22
7010,1957,5,0.01963,79.29,6.15,242.05,100.79
7011,1957,16,0.01662,83.6,119.92,131.71,171.92
7012,1957,5,0.01062,209.47,0.0,311.02,145.2
7013,1957,16,0.00842,82.66,122.44,119.05,190.7
7014,1957,5,0.00542,90.91,98.28,436.73,246.64
7015,1957,16,0.00501,104.37,119.93,147.43,171.15
7016,1957,5,0.00468,98.35,0.0,238.04,36.98
7017,1957,16,0.00357,88.25,119.95,147.23,154.76
7018,1957,5,0.00177,221.91,95.59,497.0,247.0
7019,1957,5,0.00139,158.54,0.0,338.83,168.1
7020,1957,15,0.00116,340.65,11.22,493.03,100.78
7021,1957,14,0.00109,0.1,30.28,8.68,142.38
7022,1961,2,0.72744,408.17,104.89,439.94,134.15
7023,1961,8,0.00298,373.25,0.0,505.47,95.28
7024,1961,8,0.00124,502.77,30.25,507.0,95.24
7025,1964,10,0.83921,69.1,10.62,84.42,24.63
7026,1964,9,0.83878,67.03,37.07,85.49,50.92
7027,1964,10,0.83435,169.35,13.08,184.98,26.44
7028,1964,17,0.82967,99.99,16.08,112.77,28.83
7029,1964,11,0.80252,108.26,62.27,122.13,77.07
7030,1964,9,0.80184,117.07,41.51,131.66,55.85
7031,1964,9,0.78044,129.87,22.46,143.15,34.62
7032,1964,17,0.0347,129.82,22.28,143.09,34.7
7033,1964,14,0.00544,0.0,88.01,10.56,131.5
7034,1964,14,0.00212,0.05,88.14,5.41,130.61
7035,1964,14,0.00109,0.0,58.32,17.22,131.26
7036,1967,2,0.86787,316.37,107.93,350.57,152.76
7037,1973,12,0.87869,317.46,147.24,356.7,179.9
7038,1973,12,0.85664,255.26,150.28,288.93,183.88
7039,1973,12,0.84731,208.72,146.2,242.23,179.44
7040,1973,12,0.84088,305.72,124.02,347.01,154.67
7041,1973,12,0.83814,285.45,140.47,318.45,176.05
7042,1973,12,0.50883,351.81,135.15,375.22,168.64
7043,1973,12,0.16656,277.94,76.46,319.38,114.81
7044,1973,14,0.09196,374.92,0.0,486.26,180.4
7045,1973,12,0.08496,368.96,140.87,396.89,165.85
7046,1973,12,0.03338,351.57,134.61,375.38,154.87
7047,1973,12,0.02059,255.17,146.42,284.07,160.4
7048,1973,16,0.01946,285.12,140.31,318.06,173.32
7049,1973,14,0.01887,342.6,0.0,484.76,244.59
7050,1973,12,0.01879,363.05,156.71,412.33,194.43
7051,1973,16,0.01681,208.69,146.1,242.07,179.49
7052,1973,12,0.01631,284.42,69.84,323.03,103.22
7053,1973,16,0.01408,255.63,150.73,289.0,182.5
7054,1973,14,0.01294,274.65,0.71,484.13,153.87
7055,1973,12,0.01293,321.41,68.94,356.1,100.93
7056,1973,12,0.00897,349.49,143.15,371.75,169.77
7057,1973,16,0.00773,317.74,146.14,357.53,175.2
7058,1973,12,0.00744,276.06,85.55,303.67,109.04
7059,1973,12,0.00686,299.9,100.78,340.51,125.97
7060,1973,11,0.00646,178.13,210.15,210.7,239.14
7061,1973,12,0.00645,257.45,141.16,288.25,158.26
7062,1973,14,0.00627,286.37,0.0,441.96,117.98
7063,1973,12,0.00572,289.16,66.7,326.58,89.64
7064,1973,14,0.0047,271.19,0.0,405.49,143.21
7065,1973,12,0.004,366.99,142.7,406.38,171.58
7066,1973,12,0.00356,294.84,75.5,319.61,102.52
7067,1973,14,0.00337,426.47,0.0,487.0,173.04
7068,1973,12,0.00323,258.59,133.75,293.28,156.18
7069,1973,12,0.00321,274.13,125.03,308.84,148.44
7070,1973,12,0.003,286.7,132.95,311.79,147.69
7071,1973,12,0.00246,382.74,156.85,412.19,188.2
7072,1973,8,0.00223,283.38,0.0,487.0,129.05
7073,1973,12,0.00218,292.6,128.01,317.43,147.97
7074,1973,12,0.00197,330.96,119.68,367.1,140.92
7075,1973,12,0.00193,337.06,97.77,385.01,120.76
7076,1973,5,0.00182,0.0,0.0,282.91,229.14
7077,1973,16,0.00179,324.4,122.53,357.57,146.11
7078,1973,11,0.00168,213.35,234.29,246.69,255.23
7079,1973,11,0.00164,277.14,193.41,310.92,213.01
7080,1973,12,0.00155,280.87,139.67,306.65,151.48
7081,1973,12,0.00143,154.48,151.91,202.52,182.89
7082,1973,12,0.00143,356.09,128.53,376.61,151.78
7083,1973,12,0.0014,260.52,128.08,304.95,155.12
7084,1973,12,0.00135,289.21,139.03,314.3,150.62
7085,1973,12,0.00127,387.7,154.39,422.6,173.53
7086,1973,16,0.00121,335.5,139.68,375.61,170.42
7087,1973,12,0.00119,359.98,153.46,405.35,183.21
7088,1973,12,0.00105,354.06,142.79,410.46,196.5
7089,1973,12,0.00105,359.6,128.72,376.56,144.46
7090,1973,12,0.00101,254.72,150.16,277.23,161.71
7091,1982,2,0.85624,331.05,185.61,355.44,218.13
7092,1982,2,0.84917,314.29,93.24,334.79,121.1
7093,1982,2,0.83286,397.81,140.93,421.02,173.03
7094,1982,2,0.82831,199.1,136.19,223.93,167.85
7095,1985,3,0.94302,49.63,12.82,128.11,118.59
7096,1985,13,0.84308,187.73,95.0,241.68,147.89
7097,1985,0,0.80617,181.32,22.84,234.79,77.14
7098,1985,4,0.79277,271.89,0.0,360.24,43.68
7099,1985,7,0.06771,0.0,152.47,16.16,180.42
7100,1985,3,0.06023,290.42,74.99,345.3,126.61
7101,1985,3,0.02238,0.05,152.41,15.81,178.81
7102,1985,3,0.00724,0.0,150.63,15.67,201.55
7103,1985,3,0.00519,43.06,86.96,118.4,117.98
7104,1985,4,0.0045,307.44,0.0,358.0,26.28
7105,1985,7,0.00438,0.01,152.31,15.85,198.68
7106,1985,3,0.00151,42.96,62.6,119.65,117.89
7107,1985,8,0.00122,0.03,151.9,15.68,202.68
7108,1985,3,0.00106,285.69,39.9,382.28,130.49
7109,1987,9,0.89504,159.4,128.5,181.59,145.45
7110,1987,10,0.87781,131.7,195.37,152.72,216.89
7111,1987,9,0.86824,193.02,160.7,215.32,182.91
7112,1987,10,0.86347,60.27,112.91,79.96,130.64
7113,1987,11,0.84195,211.74,110.17,232.87,125.56
7114,1987,17,0.79888,119.35,165.95,137.57,183.85
7115,1987,17,0.63074,100.08,146.36,117.98,162.85
7116,1993,7,0.8564,386.1,48.76,414.96,78.04
7117,1993,16,0.00134,446.61,0.0,497.3,19.83
7118,1996,14,0.74898,146.06,132.28,163.29,183.44
7119,1996,14,0.69312,252.51,150.33,267.92,185.12
7120,1996,14,0.62384,119.9,135.74,133.71,165.75
7121,1996,14,0.61813,34.09,128.57,47.23,159.86
7122,1996,16,0.54553,214.32,197.23,239.23,215.02
7123,1996,14,0.44627,0.11,109.18,16.4,167.61
7124,1996,14,0.4302,18.72,126.99,31.07,157.27
7125,1996,16,0.37716,86.94,167.5,122.66,194.7
7126,1996,14,0.31696,160.33,156.76,192.45,189.22
7127,1996,16,0.28761,126.16,179.13,162.63,199.76
7128,1996,16,0.24413,136.41,217.76,194.14,255.37
7129,1996,14,0.19614,292.84,172.2,300.22,181.63
7130,1996,14,0.17477,178.62,142.38,188.02,160.18
7131,1996,16,0.13186,20.6,164.37,88.61,189.25
7132,1996,14,0.1216,57.56,136.54,90.52,170.34
7133,1996,16,0.09825,0.35,163.41,64.41,190.22
7134,1996,16,0.09592,21.69,164.04,65.45,187.57
7135,1996,16,0.0891,118.05,176.2,145.0,197.14
7136,1996,16,0.08666,125.44,179.47,189.91,203.53
7137,1996,16,0.08376,57.9,168.67,100.31,192.36
7138,1996,14,0.08363,64.57,141.27,82.59,170.66
7139,1996,16,0.08327,87.77,170.03,158.87,197.21
7140,1996,16,0.06576,175.67,186.47,190.95,205.38
7141,1996,16,0.05632,0.03,162.24,14.01,208.88
7142,1996,16,0.05445,62.16,167.29,118.85,195.26
7143,1996,16,0.05417,130.0,217.94,174.77,253.27
7144,1996,16,0.04198,78.44,167.7,106.67,191.51
7145,1996,16,0.03996,156.33,185.9,191.77,205.8
7146,1996,16,0.03602,102.53,175.34,146.5,196.81
7147,1996,14,0.0356,389.41,177.48,398.18,188.58
7148,1996,16,0.03319,137.97,179.66,165.54,201.45
7149,1996,14,0.03084,55.39,137.03,69.69,162.2
7150,1996,14,0.02957,42.03,144.9,55.53,160.89
7151,1996,16,0.02952,88.69,167.71,105.28,191.91
7152,1996,16,0.02778,0.0,163.58,17.54,193.43
7153,1996,14,0.02306,158.72,161.79,192.32,202.68
7154,1996,16,0.02147,97.35,174.05,124.09,195.54
7155,1996,16,0.02136,43.49,165.3,105.95,192.86
7156,1996,16,0.02069,196.73,198.26,238.78,215.66
7157,1996,16,0.019,127.63,218.58,164.68,247.04
7158,1996,14,0.01731,171.4,144.18,188.8,161.85
7159,1996,16,0.01678,136.96,165.0,191.02,202.89
7160,1996,16,0.01643,0.0,157.6,5.98,219.7
7161,1996,16,0.01622,42.24,165.18,67.63,188.41
7162,1996,16,0.01587,0.0,161.47,8.16,208.58
7163,1996,16,0.01569,0.0,151.65,9.32,224.23
7164,1996,14,0.01559,159.95,150.15,171.5,172.42
7165,1996,14,0.01358,46.39,136.78,69.71,161.02
7166,1996,14,0.01241,0.0,128.14,12.9,181.73
7167,1996,16,0.01186,161.06,218.91,207.79,256.0
7168,1996,14,0.01134,159.7,157.22,169.89,172.95
7169,1996,16,0.00997,115.3,174.73,161.63,201.24
7170,1996,14,0.00954,162.03,149.09,170.5,159.76
7171,1996,14,0.00866,0.01,119.82,9.61,168.23
7172,1996,16,0.00839,0.1,162.65,46.56,198.37
7173,1996,16,0.0074,149.65,217.33,183.99,253.46
7174,1996,16,0.00729,47.51,165.32,85.55,189.46
7175,1996,14,0.00727,67.68,155.45,92.79,170.05
7176,1996,14,0.00723,0.01,131.54,6.6,173.84
7177,1996,14,0.00707,293.59,171.98,303.19,182.19
7178,1996,14,0.00701,75.81,157.78,92.53,169.95
7179,1996,16,0.0067,0.0,161.1,10.41,193.9
7180,1996,16,0.00659,0.1,160.44,30.72,192.26
7181,1996,16,0.00645,82.42,194.99,122.74,220.78
7182,1996,16,0.00634,175.91,192.92,191.23,207.49
7183,1996,14,0.0063,132.45,134.92,148.61,170.61
7184,1996,14,0.00609,50.17,140.53,66.98,162.21
7185,1996,16,0.00607,114.52,220.84,159.07,256.0
7186,1996,16,0.00568,191.19,231.57,239.99,256.0
7187,1996,16,0.00558,183.97,230.91,223.06,256.0
7188,1996,14,0.00555,407.31,179.61,415.35,189.14
7189,1996,14,0.00541,65.34,145.98,92.31,170.6
7190,1996,16,0.00537,87.35,176.35,162.36,221.51
7191,1996,14,0.00484,0.03,136.42,16.31,167.64
7192,1996,16,0.00478,71.43,181.53,120.44,220.55
7193,1996,16,0.00459,55.21,192.97,118.01,220.68
7194,1996,16,0.00439,176.42,224.87,215.35,256.0
7195,1996,14,0.00438,270.1,169.97,277.73,180.66
7196,1996,16,0.00437,10.19,163.43,53.71,186.89
7197,1996,16,0.00432,176.02,186.97,198.63,207.37
7198,1996,16,0.00429,92.84,194.3,155.86,221.97
7199,1996,14,0.00409,160.42,140.86,170.32,165.86
7200,1996,14,0.0037,159.9,155.98,183.12,183.71
7201,1996,16,0.00346,204.29,231.95,249.81,256.0
7202,1996,16,0.00329,91.31,167.75,105.08,185.09
7203,1996,16,0.00304,13.48,162.73,36.15,186.1
7204,1996,16,0.00298,89.01,192.43,134.28,222.54
7205,1996,14,0.00287,131.38,144.63,145.12,170.61
7206,1996,14,0.00279,53.99,135.0,82.7,165.67
7207,1996,14,0.00279,120.92,135.6,133.63,154.31
7208,1996,14,0.00273,147.64,151.88,159.8,182.06
7209,1996,14,0.00255,149.72,156.75,167.13,175.28
7210,1996,14,0.00252,77.71,157.97,92.84,165.58
7211,1996,16,0.00249,148.18,179.92,188.11,203.03
7212,1996,16,0.00244,141.41,180.07,164.66,195.08
7213,1996,14,0.00239,404.63,179.08,416.8,190.85
7214,1996,14,0.00239,148.83,161.61,163.8,183.93
7215,1996,14,0.00237,266.88,168.77,277.99,181.98
7216,1996,16,0.00235,9.23,165.06,105.59,217.5
7217,1996,16,0.00233,154.17,172.52,190.3,205.41
7218,1996,16,0.00223,57.24,166.88,122.94,208.73
7219,1996,16,0.00223,77.01,170.56,96.81,191.85
7220,1996,16,0.00222,93.66,220.88,144.16,256.0
7221,1996,16,0.00222,24.88,234.87,80.41,256.0
7222,1996,16,0.00221,202.16,196.2,238.74,229.06
7223,1996,16,0.00218,84.22,170.59,101.65,192.19
7224,1996,14,0.00215,6.09,125.49,31.01,158.27
7225,1996,16,0.00202,190.35,202.98,237.65,234.76
7226,1996,16,0.002,0.15,163.02,24.5,186.51
7227,1996,16,0.00193,45.27,237.23,83.88,256.0
7228,1996,14,0.00192,157.52,160.54,173.84,186.34
7229,1996,14,0.00188,42.35,141.39,61.24,160.68
7230,1996,14,0.00187,162.04,153.49,175.45,165.36
7231,1996,16,0.00177,51.84,221.58,136.96,256.0
7232,1996,16,0.00175,106.64,195.28,158.99,236.41
7233,1996,16,0.00174,0.0,134.75,12.99,193.24
7234,1996,14,0.0017,155.58,132.43,186.2,176.29
7235,1996,16,0.0017,118.36,182.23,152.38,199.56
7236,1996,16,0.00167,197.35,225.98,229.28,255.94
7237,1996,14,0.00165,174.37,154.88,189.69,165.65
7238,1996,14,0.00164,383.38,176.69,398.7,188.98
7239,1996,16,0.00163,220.42,230.58,262.51,256.0
7240,1996,16,0.00163,37.3,189.61,109.23,221.25
7241,1996,14,0.00158,159.22,172.49,180.91,189.36
7242,1996,16,0.00158,150.31,178.87,167.45,189.08
7243,1996,16,0.00157,174.9,193.8,236.38,214.45
7244,1996,14,0.00154,159.6,172.4,169.19,187.46
7245,1996,14,0.00151,153.19,172.35,166.49,186.41
7246,1996,16,0.00148,164.22,215.18,200.25,249.48
7247,1996,16,0.00141,175.63,196.76,202.07,210.23
7248,1996,16,0.0014,164.87,204.18,195.97,218.58
7249,1996,16,0.0014,153.53,200.29,189.49,221.75
7250,1996,14,0.00138,154.97,134.78,166.82,165.87
7251,1996,14,0.00137,58.46,137.37,68.48,157.62
7252,1996,16,0.00135,119.6,189.56,173.56,227.45
7253,1996,16,0.00134,129.21,160.48,163.22,198.72
7254,1996,16,0.00132,49.52,165.82,73.02,188.99
7255,1996,16,0.0013,8.59,233.9,69.5,256.0
7256,1996,16,0.0013,47.11,232.37,102.75,256.0
7257,1996,16,0.00129,0.03,183.7,41.96,224.64
7258,1996,16,0.00126,19.04,182.49,100.64,219.8
7259,1996,16,0.00125,121.95,206.44,161.42,239.01
7260,1996,14,0.00124,133.76,160.21,144.08,171.85
7261,1996,16,0.00124,203.24,187.37,238.32,214.46
7262,1996,14,0.00117,169.3,130.89,188.54,159.07
7263,1996,16,0.00116,186.9,219.24,229.89,251.3
7264,1996,14,0.00116,409.65,179.13,419.07,189.85
7265,1996,14,0.0011,387.46,177.55,409.04,190.85
7266,1996,14,0.00107,175.0,185.52,191.16,205.62
7267,1996,14,0.00106,63.97,153.64,81.27,171.09
7268,1996,14,0.00106,142.12,157.13,159.86,182.25
7269,1996,14,0.00104,33.58,131.84,63.46,160.88
7270,1996,16,0.00103,0.0,166.18,70.41,218.46
7271,1996,14,0.00101,179.64,141.0,189.51,156.28
7272,2001,15,0.87176,417.61,172.81,439.67,195.52
7273,2001,6,0.79875,290.42,176.97,360.34,209.52
7274,2001,2,0.00105,118.6,1.78,157.44,29.97
7275,2011,14,0.76566,277.6,0.18,317.49,36.59
7276,2011,15,0.26119,311.37,152.61,338.68,184.7
7277,2011,15,0.04058,310.28,166.74,337.35,184.91
7278,2011,15,0.00918,268.86,110.39,341.26,255.6
7279,2011,15,0.00368,310.69,164.28,339.03,197.68
7280,2011,15,0.00125,197.76,48.13,403.76,255.32
7281,2011,15,0.00121,240.04,73.65,340.97,254.65
7282,2011,2,0.00114,0.0,52.43,10.14,96.28
7283,2011,2,0.00109,204.21,0.85,235.55,30.75
7284,2011,2,0.00102,307.67,120.67,326.93,147.5
7285,2014,7,0.83698,242.26,183.3,259.76,199.57
7286,2014,7,0.69482,300.58,176.45,321.03,192.79
7287,2014,15,0.01241,300.78,176.31,320.79,193.63
7288,2014,7,0.00945,279.35,151.43,292.32,166.66
7289,2014,7,0.00121,279.08,150.55,291.18,160.98
7290,2024,14,0.48145,321.92,2.39,478.16,228.21
7291,2024,8,0.01657,217.32,7.54,371.87,205.01
7292,2024,8,0.01554,262.46,74.15,344.81,167.97
7293,2024,8,0.01418,252.32,0.0,383.57,246.13
7294,2024,8,0.01274,167.55,1.8,390.27,172.17
7295,2024,14,0.00901,367.49,2.34,480.19,188.19
7296,2024,14,0.00623,230.47,3.16,472.04,194.17
7297,2024,8,0.00248,210.78,2.83,467.61,168.07
7298,2024,14,0.00167,407.58,0.0,487.0,194.89
7299,2024,5,0.00125,151.95,1.54,403.69,171.52
7300,2024,8,0.00116,282.17,74.48,342.16,132.67
7301,2025,15,0.90433,417.55,89.97,436.56,110.02
7302,2025,5,0.00319,94.05,0.0,449.15,255.0
7303,2025,14,0.00108,223.63,94.71,344.48,252.17
7304,2025,7,0.00107,417.47,90.1,436.62,109.71
7305,2029,17,0.864,285.49,93.14,299.85,105.45
7306,2029,10,0.84537,445.94,139.29,460.98,154.49
7307,2029,9,0.74636,374.1,111.26,389.54,126.85
7308,2029,10,0.46191,313.43,115.48,329.82,129.27
7309,2029,9,0.29095,313.55,115.67,330.4,129.17
7310,2029,10,0.00896,486.18,167.19,492.0,183.77
7311,2029,9,0.00582,485.86,167.32,491.99,183.42
7312,2029,9,0.00335,460.04,183.9,492.0,223.68
7313,2029,10,0.00292,487.59,166.89,492.0,191.68
7314,2029,11,0.00256,387.45,90.12,399.0,103.44
7315,2029,14,0.0017,488.67,232.82,492.0,249.0
7316,2029,10,0.00128,385.16,90.15,398.82,103.73
7317,2029,10,0.00105,484.5,166.56,492.0,196.14
7318,2030,10,0.81266,176.28,176.3,196.75,198.99
7319,2030,9,0.52686,224.11,126.04,244.91,145.78
7320,2030,17,0.52286,224.66,126.14,244.38,145.92
7321,2030,17,0.2516,169.99,81.01,184.23,96.0
7322,2030,11,0.04488,136.01,174.3,157.93,200.21
7323,2030,9,0.00959,0.07,101.82,3.47,111.91
7324,2030,11,0.00397,0.14,73.91,14.07,88.16
7325,2030,9,0.00323,0.04,24.84,5.36,42.22
7326,2030,17,0.00166,131.77,130.68,147.45,148.47
7327,2030,11,0.00166,131.66,130.57,147.63,151.29
7328,2036,8,0.60301,353.48,139.76,441.64,214.11
7329,2036,14,0.53193,360.38,114.25,374.98,142.44
7330,2036,8,0.26623,357.16,159.62,421.79,213.86
7331,2036,14,0.04933,30.34,133.08,39.6,152.5
7332,2036,14,0.04133,0.0,123.87,10.34,165.12
7333,2036,8,0.02944,406.21,155.87,442.0,209.15
7334,2036,8,0.02587,355.21,138.76,388.85,213.62
7335,2036,14,0.02192,0.03,127.31,3.95,161.86
7336,2036,8,0.01641,412.22,158.31,439.99,194.68
7337,2036,8,0.0142,407.39,143.43,441.97,196.09
7338,2036,14,0.01093,28.84,147.21,38.31,156.25
7339,2036,8,0.0099,420.04,150.2,441.91,205.06
7340,2036,14,0.00874,46.11,148.02,53.21,154.28
7341,2036,14,0.00707,354.65,140.56,385.94,214.12
7342,2036,8,0.00632,258.08,128.7,322.13,190.69
7343,2036,8,0.00601,418.16,175.91,441.89,208.34
7344,2036,8,0.0056,386.44,158.4,442.0,211.17
7345,2036,14,0.00516,0.0,126.14,7.13,160.06
7346,2036,8,0.0048,427.08,157.16,441.96,204.67
7347,2036,14,0.00467,355.08,112.88,378.27,169.19
7348,2036,8,0.00462,406.64,160.35,429.58,187.88
7349,2036,14,0.00446,0.07,142.07,3.73,162.21
7350,2036,14,0.00425,360.95,176.39,380.13,212.87
7351,2036,14,0.00388,30.4,132.22,43.81,155.12
7352,2036,14,0.00362,27.84,134.95,40.52,156.06
7353,2036,14,0.00339,0.02,137.45,7.5,164.64
7354,2036,8,0.00281,395.1,107.42,441.81,212.45
7355,2036,14,0.00276,45.81,146.59,54.85,154.87
7356,2036,14,0.00276,14.47,134.39,37.91,156.43
7357,2036,8,0.0027,398.22,152.2,435.88,203.81
7358,2036,8,0.00266,359.66,154.07,397.35,187.76
7359,2036,14,0.00257,23.83,138.53,34.82,156.09
7360,2036,8,0.00253,400.93,159.98,424.19,186.92
7361,2036,8,0.00251,380.52,140.66,442.0,197.27
7362,2036,14,0.0025,11.34,139.3,29.57,158.14
7363,2036,5,0.00246,353.62,136.61,442.0,190.09
7364,2036,14,0.00233,10.93,143.45,21.68,158.61
7365,2036,14,0.00229,0.0,124.57,8.73,150.35
7366,2036,14,0.00219,278.77,126.76,316.84,185.69
7367,2036,8,0.00215,0.0,138.48,5.47,165.1
7368,2036,14,0.00208,360.58,113.29,384.24,143.34
7369,2036,8,0.00191,393.97,157.12,424.56,209.23
7370,2036,8,0.00186,406.69,157.85,426.67,205.42
7371,2036,14,0.00168,21.23,132.49,40.12,153.86
7372,2036,8,0.00162,438.12,150.47,442.0,209.56
7373,2036,14,0.00156,58.96,144.76,67.3,151.29
7374,2036,14,0.00156,282.31,127.59,308.76,166.51
7375,2036,16,0.00144,85.67,143.81,104.64,163.1
7376,2036,14,0.00142,85.16,143.17,104.39,163.02
7377,2036,14,0.00133,44.46,143.85,53.71,154.41
7378,2036,8,0.00132,357.83,138.97,387.28,185.42
7379,2036,14,0.00128,353.69,112.98,372.99,145.32
7380,2036,14,0.00127,30.42,144.38,55.14,155.37
7381,2036,14,0.00121,379.87,154.52,399.27,217.91
7382,2036,14,0.00115,69.89,134.49,77.0,150.33
7383,2036,8,0.00113,428.04,149.92,441.98,190.04
7384,2036,14,0.00112,0.14,124.7,17.05,159.05
7385,2036,14,0.00112,8.86,144.47,27.03,158.62
7386,2036,14,0.00105,0.0,143.37,12.71,162.4
7387,2037,6,0.15056,108.83,33.96,125.1,55.08
7388,2037,2,0.01244,108.72,32.53,126.19,55.38
7389,2037,17,0.00569,242.38,66.72,275.41,91.24
7390,2037,17,0.00315,277.7,160.0,317.15,201.71
7391,2037,6,0.00211,237.4,215.0,251.24,233.72
7392,2037,2,0.002,206.4,3.58,245.9,35.94
7393,2042,15,0.86024,289.65,106.07,315.86,136.38
7394,2042,6,0.80077,173.46,42.15,239.11,85.44
7395,2042,7,0.00214,128.5,63.63,163.03,91.71
7396,2043,0,0.78206,210.29,149.66,253.62,194.98
7397,2043,0,0.4762,116.84,117.61,159.63,158.35
7398,2043,12,0.31081,210.28,149.61,253.6,195.3
7399,2043,13,0.30645,116.89,118.07,159.5,158.93
7400,2043,12,0.29331,116.36,117.73,159.38,158.73
7401,2043,1,0.05563,115.87,117.19,160.28,159.87
7402,2043,10,0.03154,116.85,120.88,157.79,158.77
7403,2043,11,0.01683,209.77,148.46,253.94,194.83
7404,2043,1,0.01663,209.02,148.55,255.87,195.28
7405,2043,6,0.00837,483.26,112.25,492.97,149.33
7406,2043,6,0.00806,488.71,0.0,493.0,37.71
7407,2043,6,0.00757,469.15,0.0,492.98,26.92
7408,2043,6,0.00593,481.25,102.63,493.0,158.97
7409,2043,10,0.00562,209.58,149.37,253.75,194.77
7410,2043,6,0.00469,470.27,0.14,492.94,47.44
7411,2043,6,0.00432,468.4,73.75,492.98,180.93
7412,2043,6,0.00322,489.05,113.24,493.0,146.86
7413,2043,6,0.00273,483.59,116.2,493.0,172.06
7414,2043,6,0.00181,488.76,102.41,493.0,161.01
7415,2043,6,0.00179,329.78,107.11,386.79,175.18
7416,2043,6,0.00178,467.57,78.06,493.0,128.17
7417,2043,6,0.0016,464.04,82.83,485.01,118.37
7418,2043,6,0.00137,463.61,92.3,492.86,205.5
7419,2043,6,0.00128,489.41,120.73,493.0,142.39
7420,2043,6,0.00115,485.59,0.26,493.0,30.32
7421,2049,15,0.90892,175.68,83.91,252.4,157.18
7422,2049,7,0.20689,329.89,0.52,386.27,23.5
7423,2049,7,0.0396,444.77,0.48,474.27,22.2
7424,2049,7,0.03937,353.12,0.34,385.84,23.19
7425,2049,15,0.01787,470.58,3.02,474.99,22.14
7426,2049,15,0.01633,178.51,86.92,235.14,125.25
7427,2049,7,0.01199,410.68,0.0,442.98,12.57
7428,2049,17,0.00643,318.38,66.93,327.42,75.19
7429,2049,15,0.00614,178.04,87.95,216.76,119.85
7430,2049,4,0.00326,410.22,0.0,441.3,12.01
7431,2049,4,0.00217,328.53,0.29,362.75,24.29
7432,2049,15,0.00118,468.42,0.57,474.86,22.68
7433,2049,3,0.00118,388.12,141.86,440.28,154.77
7434,2050,15,0.91722,261.32,179.65,281.62,197.99
7435,2050,5,0.01026,264.16,80.71,501.7,249.16
7436,2050,15,0.00859,186.56,21.4,220.17,60.55
7437,2056,2,0.83376,64.39,31.22,81.89,44.39
7438,2056,2,0.80808,140.24,28.43,157.85,41.61
7439,2056,2,0.8071,103.83,52.14,122.21,64.43
7440,2056,2,0.76032,179.65,44.29,197.81,58.99
7441,2056,5,0.00156,482.26,0.0,485.95,10.16
7442,2062,10,0.86242,467.59,200.05,482.89,215.48
7443,2062,17,0.83245,305.28,152.62,317.44,163.85
7444,2062,9,0.82494,333.13,174.58,349.64,188.73
7445,2062,9,0.79468,393.84,170.58,409.6,186.41
7446,2062,11,0.15178,407.03,149.67,418.86,162.84
7447,2062,11,0.00422,460.98,226.79,473.53,240.18
7448,2062,11,0.00214,405.16,149.76,429.32,163.56
7449,2062,14,0.00144,497.62,135.31,506.0,156.85
7450,2066,0,0.796,191.66,68.68,234.59,111.86
7451,2066,0,0.73057,118.92,151.41,169.39,202.66
7452,2066,13,0.14531,118.9,152.0,170.24,202.3
7453,2066,1,0.02599,117.01,148.5,172.08,204.25
7454,2066,1,0.02303,190.25,67.44,235.82,113.54
7455,2066,17,0.01606,191.65,67.72,235.19,112.72
7456,2066,10,0.0074,192.07,70.72,234.95,112.31
7457,2066,10,0.00658,121.71,167.75,168.9,202.68
7458,2066,14,0.00357,16.12,13.38,61.43,108.97
7459,2066,17,0.00278,118.88,151.13,170.81,202.21
7460,2066,6,0.00133,117.75,151.61,171.09,203.52
7461,2066,15,0.00126,117.89,151.95,171.82,202.73
7462,2069,7,0.87021,409.4,89.76,440.8,117.6
7463,2069,2,0.86821,363.99,37.41,392.75,75.27
7464,2069,6,0.01159,0.0,131.97,27.11,213.26
7465,2069,6,0.00289,0.03,164.91,26.35,223.45
7466,2069,2,0.00125,379.48,21.24,421.55,56.8
7467,2073,5,0.58905,94.79,83.54,116.1,102.01
7468,2073,14,0.58852,226.07,120.63,241.44,151.83
7469,2073,5,0.48994,163.81,66.66,177.83,78.82
7470,2073,5,0.23488,0.19,53.9,37.77,72.13
7471,2073,5,0.16898,0.0,53.45,24.67,70.73
7472,2073,5,0.12913,144.93,53.46,155.26,62.24
7473,2073,5,0.05588,0.05,54.32,15.97,70.19
7474,2073,8,0.03324,225.33,121.41,240.23,151.42
7475,2073,5,0.02454,158.81,74.2,220.8,108.72
7476,2073,5,0.01275,141.95,50.5,155.05,62.42
7477,2073,5,0.00912,0.0,53.25,33.47,82.43
7478,2073,14,0.00626,421.56,120.94,429.99,132.85
7479,2073,14,0.00577,225.89,119.72,250.73,151.51
7480,2073,5,0.00479,12.13,44.46,31.27,56.67
7481,2073,14,0.00464,472.96,123.67,484.75,135.16
7482,2073,5,0.0044,6.71,49.18,42.48,67.98
7483,2073,5,0.00361,0.0,66.32,68.22,98.63
7484,2073,5,0.00335,125.23,46.47,155.38,67.31
7485,2073,14,0.00312,227.97,120.03,242.21,141.01
7486,2073,5,0.0031,110.46,45.94,156.79,83.2
7487,2073,5,0.00261,84.16,46.04,165.55,111.21
7488,2073,8,0.00254,482.19,105.22,493.0,125.69
7489,2073,5,0.00198,134.92,50.92,155.42,64.24
7490,2073,5,0.00192,0.04,52.3,7.85,68.29
7491,2073,8,0.00191,225.33,133.32,237.09,151.85
7492,2073,8,0.00188,472.39,117.42,488.06,136.04
7493,2073,14,0.00177,489.36,103.81,493.0,131.51
7494,2073,8,0.00175,474.46,106.85,493.0,152.0
7495,2073,5,0.00163,9.44,55.86,35.53,76.24
7496,2073,14,0.00161,414.94,119.07,430.54,134.81
7497,2073,8,0.00154,476.78,101.57,493.0,127.54
7498,2073,14,0.00151,488.95,99.2,493.0,161.02
7499,2073,14,0.0015,473.66,110.74,488.92,122.08
7500,2073,5,0.00143,97.96,71.86,153.72,110.58
7501,2073,14,0.00133,472.72,114.75,483.91,127.12
7502,2073,8,0.00132,489.8,105.44,493.0,125.43
7503,2073,8,0.00126,471.69,123.3,484.52,135.55
7504,2073,5,0.00125,0.07,56.69,39.15,97.86
7505,2073,5,0.00122,412.79,55.97,493.0,115.88
7506,2073,5,0.00116,431.17,78.95,492.93,117.86
7507,2073,14,0.00111,212.32,119.58,240.58,152.24
7508,2073,5,0.00103,144.89,47.93,168.23,62.74
7509,2085,15,0.92785,189.3,74.91,264.73,144.59
7510,2085,7,0.11533,456.55,0.0,481.54,18.58
7511,2085,15,0.0494,188.4,75.82,241.39,126.77
7512,2085,7,0.01913,365.05,0.0,397.43,19.15
7513,2085,15,0.00851,188.95,77.54,229.33,113.11
7514,2085,4,0.00184,339.23,0.0,372.94,19.55
7515,2085,7,0.00181,340.1,0.08,397.6,19.21
7516,2085,15,0.00151,209.34,72.83,271.07,129.22
7517,2085,7,0.00109,340.21,0.0,373.02,19.06
7518,2088,10,0.89479,254.96,189.14,278.5,215.38
7519,2088,10,0.88922,64.48,158.99,89.68,180.11
7520,2088,9,0.87291,158.72,134.58,181.55,158.72
7521,2088,17,0.86684,30.45,118.05,49.58,135.04
7522,2088,15,0.05224,294.95,148.94,324.87,175.56
7523,2090,0,0.84057,285.21,128.73,325.93,169.47
7524,2090,1,0.73554,210.89,48.26,250.33,87.85
7525,2090,4,0.66981,162.45,179.02,259.4,246.29
7526,2090,0,0.35283,211.35,47.52,249.67,87.43
7527,2090,1,0.21317,285.2,128.66,324.78,169.52
7528,2090,4,0.00225,213.25,178.92,255.77,200.76
7529,2090,3,0.00195,163.55,179.35,303.8,250.0
7530,2090,4,0.00175,165.84,179.05,255.72,206.45
7531,2093,2,0.83249,198.66,177.63,219.06,205.62
7532,2095,2,0.80196,259.89,43.68,277.18,56.65
7533,2095,2,0.78981,299.21,59.11,317.21,74.69
7534,2095,2,0.76323,186.25,47.1,204.12,60.27
7535,2095,2,0.69744,224.61,67.55,242.49,79.59
7536,2095,2,0.00515,413.65,46.85,448.29,80.29
7537,2102,17,0.65089,248.85,106.1,275.37,132.78
7538,2102,17,0.54086,132.2,150.81,161.95,181.31
7539,2102,17,0.01447,247.42,35.73,259.21,49.75
7540,2102,17,0.01224,220.19,42.91,244.04,64.1
7541,2102,0,0.00896,131.36,149.97,162.09,181.35
7542,2102,6,0.00611,0.2,96.12,38.73,199.45
7543,2102,16,0.00378,455.51,0.0,479.38,29.42
7544,2102,7,0.00233,0.07,74.6,38.64,203.93
7545,2102,17,0.00218,302.12,13.87,321.66,32.1
7546,2102,17,0.00108,137.84,0.0,161.06,26.65
7547,2106,2,0.85842,71.6,89.16,101.11,126.88
7548,2106,7,0.7557,117.03,140.55,147.71,168.55
7549,2106,17,0.00173,116.19,140.73,147.33,168.54
7550,2108,7,0.8507,392.99,106.58,432.87,137.23
7551,2108,7,0.01525,368.35,187.05,409.66,210.37
7552,2108,8,0.00151,160.49,195.72,264.19,253.7
7553,2108,8,0.00106,82.82,0.0,396.14,183.46
7554,2119,7,0.87183,87.13,84.67,110.31,110.83
7555,2119,7,0.86996,40.63,31.83,67.55,54.15
7556,2122,14,0.66246,333.18,0.61,376.36,50.46
7557,2122,15,0.44951,311.89,156.02,338.7,184.47
7558,2122,15,0.03918,310.67,167.75,337.18,184.91
7559,2122,8,0.02499,332.82,0.02,376.05,51.68
7560,2122,15,0.01036,269.82,111.47,343.34,255.26
7561,2122,15,0.00389,274.2,75.8,379.3,254.44
7562,2122,16,0.00106,332.6,0.64,376.54,47.0
7563,2122,15,0.00101,274.9,155.89,341.62,203.67
7564,2136,7,0.89694,110.51,143.79,141.91,169.83
7565,2137,0,0.87821,55.17,147.62,94.57,185.38
7566,2137,3,0.87655,62.26,81.04,122.68,124.17
7567,2137,0,0.86836,165.76,51.81,199.89,85.35
7568,2137,12,0.86726,112.14,31.01,142.56,58.76
7569,2137,13,0.84298,128.08,104.18,161.64,136.71
7570,2137,12,0.82072,17.31,73.98,48.15,103.72
7571,2137,3,0.81488,198.86,33.58,270.46,54.72
7572,2137,3,0.79007,167.48,152.65,248.48,201.41
7573,2137,1,0.71312,197.7,94.72,232.92,131.58
7574,2137,3,0.00649,204.23,10.79,272.59,54.73
7575,2137,4,0.0055,63.42,80.73,123.03,124.75
7576,2137,11,0.00266,17.12,74.49,48.15,103.81
7577,2137,3,0.00184,197.87,153.05,245.86,178.55
7578,2137,11,0.00132,112.26,31.01,142.67,58.96
7579,2137,1,0.0013,17.05,73.98,48.37,104.25
7580,2137,3,0.00122,323.62,32.11,346.05,50.75
7581,2137,3,0.00109,347.4,64.34,376.0,83.08
7582,2141,2,0.81141,311.98,44.77,339.93,65.15
7583,2141,17,0.60003,374.02,63.81,398.93,82.78
7584,2141,7,0.0455,373.52,64.1,399.23,82.92
7585,2141,5,0.00361,226.19,4.47,480.0,138.82
7586,2141,14,0.00278,460.62,1.35,479.97,36.5
7587,2141,17,0.00212,466.1,45.78,479.93,80.1
7588,2141,17,0.00132,476.24,36.42,480.0,85.65
7589,2141,14,0.0013,458.93,0.0,479.89,116.72
7590,2141,17,0.00115,473.61,42.37,480.0,88.25
7591,2141,17,0.00115,312.34,44.13,338.56,65.21
7592,2141,16,0.0011,460.47,1.12,479.97,35.51
7593,2151,17,0.78348,208.15,141.56,227.59,160.01
7594,2151,17,0.50736,238.4,161.94,272.01,195.82
7595,2151,17,0.43491,187.3,129.99,206.65,150.15
7596,2151,17,0.02236,247.53,103.6,270.46,127.99
7597,2151,17,0.01257,427.73,198.6,458.03,230.93
7598,2151,7,0.00262,429.45,18.22,493.55,81.96
7599,2151,11,0.00182,457.86,0.0,500.79,19.75
7600,2151,14,0.00127,413.86,0.0,495.51,0.0
7601,2151,17,0.00107,210.91,4.29,235.22,28.5
7602,2169,2,0.88607,75.24,53.94,111.76,96.47
7603,2169,17,0.85338,175.43,144.53,196.64,165.67
7604,2169,2,0.74297,199.63,53.51,238.85,86.17
7605,2169,2,0.00235,109.53,81.01,146.86,128.1
7606,2169,2,0.00216,166.5,89.29,245.97,188.72
7607,2169,2,0.00156,184.58,40.07,236.5,85.56
7608,2169,2,0.00135,71.7,25.91,114.5,80.66
7609,2169,2,0.00106,73.54,13.78,106.19,46.1
7610,2171,10,0.90505,399.19,116.48,421.78,135.69
7611,2171,10,0.88475,259.66,84.67,281.63,102.5
7612,2171,17,0.87705,360.04,101.73,378.51,118.57
7613,2171,9,0.858,349.18,64.16,367.81,81.13
7614,2171,9,0.84185,406.69,74.58,430.61,93.87
7615,2171,9,0.81933,319.87,97.53,337.24,113.69
7616,2171,11,0.80621,371.58,35.31,387.79,49.92
7617,2171,0,0.00117,371.6,35.4,387.47,50.32
7618,2172,5,0.79434,225.52,145.34,356.62,197.22
7619,2172,5,0.75338,379.08,151.21,499.48,211.53
7620,2172,14,0.731,141.66,134.8,179.69,212.66
7621,2172,5,0.69184,0.0,154.71,92.23,196.72
7622,2172,5,0.62466,359.75,136.86,449.41,196.75
7623,2172,14,0.60624,170.38,125.83,203.61,256.0
7624,2172,5,0.20655,366.84,137.58,455.54,175.62
7625,2172,14,0.01622,138.59,129.25,207.39,256.0
7626,2172,5,0.01267,58.83,152.34,153.84,193.79
7627,2172,14,0.00467,174.16,128.64,210.86,197.04
7628,2172,14,0.00441,495.47,139.55,500.0,201.5
7629,2172,5,0.00406,268.58,3.21,500.0,256.0
7630,2172,5,0.00365,477.99,136.45,499.88,204.28
7631,2172,14,0.00357,192.59,152.42,211.93,177.41
7632,2172,14,0.0035,491.05,144.95,500.0,202.57
7633,2172,14,0.00325,149.2,134.73,181.79,188.27
7634,2172,14,0.00303,134.8,134.24,184.26,253.79
7635,2172,5,0.00284,364.56,140.86,424.16,177.22
7636,2172,5,0.00271,490.52,138.7,499.9,209.8
7637,2172,14,0.00172,486.29,131.67,500.0,181.14
7638,2172,14,0.00143,489.02,151.6,500.0,219.25
7639,2172,14,0.00126,493.03,147.65,500.0,222.15
7640,2172,5,0.00108,327.03,139.57,437.05,178.46
7641,2172,14,0.00102,174.72,128.73,208.52,171.8
7642,2172,5,0.00101,493.71,143.78,500.0,218.84
7643,2176,17,0.81938,414.29,77.37,434.75,98.03
7644,2176,17,0.63265,325.67,0.15,345.93,19.03
7645,2176,17,0.01345,464.49,64.93,485.37,83.19
7646,2176,5,0.00127,464.55,50.15,487.94,84.29
7647,2183,14,0.74532,283.96,85.61,308.43,164.22
7648,2183,14,0.68357,329.24,84.43,349.68,128.77
7649,2183,8,0.61214,0.24,135.21,69.11,190.07
7650,2183,8,0.55568,122.23,148.56,238.13,203.65
7651,2183,14,0.54308,447.7,77.87,471.95,122.45
7652,2183,14,0.49218,399.84,65.02,417.6,115.56
7653,2183,8,0.40073,101.18,112.71,132.91,153.76
7654,2183,14,0.3777,261.85,83.44,287.23,164.37
7655,2183,14,0.29892,437.49,79.7,468.83,122.27
7656,2183,14,0.26216,132.45,105.99,157.61,159.98
7657,2183,14,0.20323,16.78,114.31,44.82,181.18
7658,2183,14,0.18414,17.75,114.67,45.15,153.46
7659,2183,14,0.17277,222.8,81.52,246.77,124.45
7660,2183,14,0.17085,0.05,136.84,11.6,203.04
7661,2183,14,0.14856,436.91,82.27,455.99,121.76
7662,2183,14,0.07594,480.01,86.84,498.94,141.84
7663,2183,14,0.06987,119.18,108.04,155.96,181.56
7664,2183,14,0.05774,3.43,113.43,51.03,190.13
7665,2183,14,0.04383,14.47,113.4,55.72,157.67
7666,2183,14,0.04334,0.13,135.31,23.74,206.26
7667,2183,14,0.03547,494.84,76.38,499.0,146.23
7668,2183,14,0.02659,127.65,105.31,158.74,135.91
7669,2183,8,0.02509,0.5,127.4,45.88,186.15
7670,2183,8,0.02281,0.47,0.88,40.49,61.32
7671,2183,14,0.02248,388.87,63.54,420.93,132.84
7672,2183,14,0.01966,487.36,78.6,499.0,126.96
7673,2183,8,0.01962,114.02,110.0,157.49,186.83
7674,2183,8,0.01792,0.02,131.4,12.45,189.4
7675,2183,14,0.01499,12.26,115.63,70.76,189.79
7676,2183,14,0.01348,473.95,95.5,499.0,147.65
7677,2183,14,0.01202,117.22,110.39,136.28,151.74
7678,2183,14,0.01186,485.9,92.82,498.98,148.49
7679,2183,14,0.01159,29.29,136.78,71.46,190.62
7680,2183,14,0.01142,4.2,113.49,45.04,158.7
7681,2183,8,0.01139,0.13,0.0,39.8,102.27
7682,2183,14,0.01132,35.52,129.62,55.69,153.84
7683,2183,8,0.01131,478.47,81.98,498.99,142.55
7684,2183,5,0.01085,0.0,1.79,120.67,34.08
7685,2183,14,0.00962,481.5,74.76,499.0,117.7
7686,2183,14,0.00938,130.69,106.81,151.08,130.89
7687,2183,14,0.0091,0.19,0.0,38.42,93.11
7688,2183,14,0.00873,493.85,106.94,499.0,159.76
7689,2183,14,0.00841,441.11,96.0,454.93,121.67
7690,2183,14,0.00821,31.55,117.84,74.82,178.74
7691,2183,14,0.00792,477.17,89.35,498.94,124.12
7692,2183,14,0.00788,492.8,79.16,499.0,154.8
7693,2183,8,0.00776,114.07,149.3,140.21,187.81
7694,2183,14,0.00756,120.4,106.71,170.01,200.36
7695,2183,14,0.00755,435.71,82.8,451.9,107.84
7696,2183,14,0.00754,12.58,67.98,59.85,143.58
7697,2183,14,0.00736,494.56,109.51,499.0,143.23
7698,2183,8,0.00621,123.87,167.95,197.91,205.01
7699,2183,8,0.00585,0.0,131.5,25.34,195.34
7700,2183,14,0.00561,0.0,106.93,10.7,151.4
7701,2183,14,0.00555,0.0,128.59,4.73,209.83
7702,2183,14,0.00484,487.18,110.55,498.86,141.58
7703,2183,14,0.00481,0.09,163.08,11.44,202.02
7704,2183,8,0.00463,0.02,0.0,57.99,139.15
7705,2183,14,0.00461,494.71,72.84,499.0,119.19
7706,2183,14,0.00458,193.69,113.84,223.88,166.89
7707,2183,8,0.00431,0.01,151.64,8.84,202.81
7708,2183,14,0.00421,122.01,106.1,148.24,130.96
7709,2183,8,0.00417,114.03,137.41,168.53,188.01
7710,2183,14,0.00416,334.54,85.91,358.72,128.13
7711,2183,14,0.00408,134.63,98.29,152.21,125.19
7712,2183,14,0.00406,5.96,97.2,22.61,130.74
7713,2183,14,0.00399,398.42,64.58,429.29,127.11
7714,2183,14,0.00398,373.05,62.07,417.4,148.43
7715,2183,14,0.00387,106.25,107.97,146.94,152.41
7716,2183,8,0.00382,0.0,29.28,10.38,105.52
7717,2183,14,0.00373,21.64,120.69,54.93,153.07
7718,2183,14,0.00368,491.56,69.08,499.0,133.62
7719,2183,14,0.00349,238.96,86.04,258.26,125.57
7720,2183,8,0.00348,10.75,131.24,38.36,184.84
7721,2183,14,0.00343,18.56,113.59,41.8,141.06
7722,2183,14,0.00337,330.06,108.94,349.57,129.42
7723,2183,14,0.00331,0.04,110.04,3.95,137.91
7724,2183,16,0.00317,41.57,47.64,57.63,62.96
7725,2183,14,0.00313,241.2,87.21,252.23,110.45
7726,2183,8,0.00311,113.43,121.7,144.44,186.96
7727,2183,14,0.00296,35.58,127.88,59.57,161.9
7728,2183,14,0.00287,429.77,98.86,455.79,122.05
7729,2183,8,0.0028,90.32,113.94,124.99,154.44
7730,2183,5,0.00279,2.12,1.28,111.33,61.45
7731,2183,14,0.00271,0.47,97.98,19.88,135.38
7732,2183,14,0.00267,40.41,139.69,74.33,176.86
7733,2183,14,0.00261,5.83,110.36,85.36,171.77
7734,2183,8,0.0024,463.85,81.04,498.97,137.96
7735,2183,14,0.00236,476.79,103.36,499.0,122.91
7736,2183,14,0.00236,0.17,152.79,15.89,206.07
7737,2183,14,0.0023,138.08,145.43,200.66,207.71
7738,2183,14,0.00228,0.05,0.0,16.7,103.08
7739,2183,14,0.00221,5.25,65.3,76.97,149.04
7740,2183,14,0.00217,453.19,70.03,470.26,106.32
7741,2183,14,0.00211,267.73,116.42,286.62,163.3
7742,2183,14,0.00209,0.0,0.0,5.88,69.98
7743,2183,14,0.00207,0.01,108.48,6.17,136.8
7744,2183,8,0.00196,137.4,109.78,159.83,134.13
7745,2183,14,0.00192,464.88,85.83,499.0,120.29
7746,2183,14,0.00191,0.0,0.29,10.54,61.33
7747,2183,14,0.00181,135.54,98.39,150.07,116.66
7748,2183,8,0.00181,0.0,129.07,8.05,212.68
7749,2183,8,0.0018,0.0,139.75,5.16,205.96
7750,2183,5,0.00176,225.16,115.76,269.66,141.36
7751,2183,14,0.00172,0.0,107.96,4.1,156.7
7752,2183,14,0.00168,0.0,30.16,8.15,102.17
7753,2183,14,0.00165,131.61,97.09,154.0,113.59
7754,2183,14,0.00164,472.18,103.03,499.0,134.99
7755,2183,14,0.00164,15.21,127.51,41.29,160.98
7756,2183,14,0.00156,286.21,87.85,306.68,131.8
7757,2183,8,0.00155,3.56,16.4,39.85,55.87
7758,2183,14,0.00154,131.66,104.28,148.56,124.34
7759,2183,14,0.00151,0.45,0.14,30.51,29.04
7760,2183,8,0.00148,114.04,153.65,147.5,208.22
7761,2183,14,0.00146,221.15,68.33,239.21,99.2
7762,2183,16,0.00142,395.8,186.67,459.09,213.31
7763,2183,14,0.00142,408.32,84.43,464.43,123.47
7764,2183,14,0.00139,119.67,106.38,152.06,141.17
7765,2183,14,0.00138,440.73,96.45,470.07,122.45
7766,2183,14,0.00135,8.03,112.58,41.56,137.52
7767,2183,14,0.00135,4.1,46.9,33.25,90.07
7768,2183,8,0.00135,0.0,207.01,104.98,256.0
7769,2183,14,0.00135,0.22,109.77,34.92,166.41
7770,2183,8,0.00132,102.18,125.26,124.35,153.79
7771,2183,14,0.00125,0.03,106.23,13.99,138.91
7772,2183,8,0.00123,123.13,104.18,192.92,148.64
7773,2183,14,0.00122,456.69,87.65,476.99,122.61
7774,2183,8,0.00122,3.22,133.11,33.66,178.76
7775,2183,14,0.00121,13.2,132.88,37.14,176.18
7776,2183,8,0.00117,0.03,0.21,30.93,34.19
7777,2183,8,0.00114,0.05,13.25,15.16,100.61
7778,2183,14,0.00113,0.7,0.13,39.93,44.35
7779,2183,14,0.0011,224.95,113.4,246.25,134.76
7780,2183,8,0.00108,25.54,143.6,71.66,188.78
7781,2183,16,0.00107,43.86,140.36,75.73,169.16
7782,2183,14,0.00107,400.68,64.52,416.4,91.5
7783,2183,14,0.00105,495.04,109.89,499.0,175.02
7784,2183,14,0.00103,194.4,125.34,219.45,153.97
7785,2183,8,0.00103,37.2,84.14,67.27,112.69
7786,2186,7,0.8326,56.4,110.9,93.76,144.93
7787,2186,7,0.27023,94.45,187.35,132.74,215.54
7788,2186,15,0.0355,93.3,186.8,134.33,216.22
7789,2186,5,0.00667,83.94,23.75,179.67,60.45
7790,2186,5,0.00116,81.6,26.04,187.16,81.94
7791,2188,0,0.89667,159.63,34.25,207.63,80.99
7792,2188,0,0.89343,87.1,8.92,130.74,54.6
7793,2188,1,0.76938,52.23,100.58,106.78,154.63
7794,2188,0,0.5826,53.57,101.17,104.34,152.33
7795,2188,5,0.00165,0.13,231.59,55.87,233.0
7796,2189,2,0.8359,361.38,203.17,388.28,222.03
7797,2189,2,0.81382,298.54,144.81,314.16,166.62
7798,2189,2,0.81281,416.6,156.7,439.56,173.3
7799,2189,2,0.75607,290.49,200.85,312.51,221.03
7800,2189,2,0.00115,324.83,132.36,361.48,170.3
7801,2191,5,0.48673,370.81,15.47,390.14,34.0
7802,2191,5,0.46138,256.97,24.77,297.24,44.43
7803,2191,8,0.40996,384.53,5.78,415.45,39.8
7804,2191,8,0.12472,422.6,20.12,444.97,38.34
7805,2191,8,0.10978,332.95,19.04,366.48,36.75
7806,2191,8,0.10647,382.33,2.43,432.67,39.6
7807,2191,8,0.08202,404.56,1.23,445.28,38.99
7808,2191,8,0.07316,383.55,7.23,406.36,33.26
7809,2191,8,0.06589,432.44,0.45,472.59,30.38
7810,2191,8,0.06335,422.35,5.05,445.19,38.29
7811,2191,5,0.06325,227.57,89.86,259.13,104.8
7812,2191,5,0.04223,412.99,45.87,461.54,75.23
7813,2191,5,0.03145,333.95,19.52,365.03,36.97
7814,2191,5,0.02849,386.93,11.01,415.39,33.13
7815,2191,14,0.02658,424.02,4.31,439.66,38.64
7816,2191,5,0.02298,228.39,87.83,273.6,104.81
7817,2191,8,0.02109,456.87,1.1,482.98,36.55
7818,2191,8,0.01972,441.17,2.26,480.0,35.45
7819,2191,8,0.01534,404.32,2.03,482.0,37.32
7820,2191,8,0.01458,396.68,6.64,425.03,39.4
7821,2191,8,0.01413,468.78,11.9,483.0,40.21
7822,2191,5,0.01336,181.46,30.98,202.97,45.38
7823,2191,8,0.01323,442.06,6.84,464.74,30.07
7824,2191,5,0.01265,228.06,29.31,243.6,44.16
7825,2191,5,0.01183,443.73,9.15,464.52,29.68
7826,2191,8,0.01063,444.22,13.54,464.29,29.19
7827,2191,14,0.01036,460.04,10.88,483.0,37.86
7828,2191,5,0.01019,455.38,50.63,482.93,87.42
7829,2191,14,0.00977,473.75,11.85,483.0,46.06
7830,2191,14,0.00914,471.3,5.8,482.97,40.86
7831,2191,5,0.00801,180.46,29.83,224.43,45.78
7832,2191,14,0.00764,459.76,10.44,482.96,57.1
7833,2191,5,0.00739,293.46,54.8,360.44,82.36
7834,2191,5,0.00679,184.87,82.11,217.92,106.3
7835,2191,8,0.00638,405.9,1.94,425.82,39.75
7836,2191,8,0.00602,391.56,12.32,406.17,40.08
7837,2191,14,0.00585,425.82,2.35,436.88,31.99
7838,2191,5,0.00558,454.38,1.83,482.98,109.66
7839,2191,8,0.00543,374.2,1.83,467.26,39.06
7840,2191,5,0.00523,331.52,14.8,390.74,35.06
7841,2191,5,0.005,0.0,47.34,240.4,233.73
7842,2191,14,0.00452,456.54,1.01,473.99,36.52
7843,2191,8,0.00441,344.93,19.72,365.92,35.61
7844,2191,5,0.00433,237.87,49.7,282.88,85.73
7845,2191,8,0.00427,395.18,11.62,415.66,32.38
7846,2191,7,0.00423,92.84,46.5,190.06,150.29
7847,2191,14,0.00355,73.5,14.74,94.58,48.83
7848,2191,14,0.00322,475.8,9.14,483.0,60.85
7849,2191,14,0.0032,110.66,33.48,128.43,50.26
7850,2191,14,0.00319,477.83,0.0,483.0,42.98
7851,2191,5,0.00283,212.57,27.69,247.14,44.41
7852,2191,8,0.0028,419.25,0.47,452.58,34.96
7853,2191,5,0.00259,199.74,21.71,244.53,44.74
7854,2191,5,0.00245,322.77,80.79,395.77,123.95
7855,2191,14,0.00234,442.95,1.58,463.04,30.77
7856,2191,14,0.00221,110.1,30.21,147.95,50.28
7857,2191,14,0.00213,443.87,1.27,472.98,34.67
7858,2191,8,0.00212,427.55,1.89,482.88,74.73
7859,2191,5,0.00203,150.69,33.27,168.71,48.28
7860,2191,14,0.00192,452.1,6.71,471.05,35.63
7861,2191,5,0.00188,476.48,51.01,483.0,89.1
7862,2191,14,0.00167,466.13,1.15,483.0,36.27
7863,2191,14,0.00166,427.01,0.82,443.15,31.11
7864,2191,5,0.00164,91.67,50.07,236.71,232.0
7865,2191,5,0.00157,477.82,51.88,482.99,74.94
7866,2191,5,0.00147,36.93,38.86,73.11,69.17
7867,2191,8,0.00147,212.52,25.53,236.85,45.91
7868,2191,8,0.00147,370.66,9.02,415.04,35.83
7869,2191,8,0.00145,404.22,13.31,422.3,39.8
7870,2191,5,0.00136,458.23,51.42,482.94,75.32
7871,2191,8,0.00135,351.36,19.76,374.01,35.17
7872,2191,14,0.00123,413.13,0.49,436.93,41.69
7873,2191,8,0.00118,368.32,13.96,390.5,33.54
7874,2191,14,0.00116,109.74,14.78,137.44,49.76
7875,2191,5,0.00116,184.61,201.21,295.38,235.56
7876,2191,5,0.00113,195.11,30.88,225.87,45.63
7877,2191,14,0.00112,26.59,6.46,41.08,51.94
7878,2191,5,0.00109,242.99,146.99,483.0,236.0
7879,2191,5,0.00107,136.77,0.45,192.99,48.42
7880,2191,8,0.00103,416.67,19.19,437.87,39.14
7881,2193,7,0.55027,411.45,104.46,438.2,129.62
7882,2193,7,0.25709,404.03,153.3,434.51,180.37
7883,2195,2,0.86798,313.9,101.23,336.05,130.25
7884,2195,2,0.84431,236.74,59.24,256.38,86.58
7885,2195,2,0.84104,405.72,60.72,424.87,87.4
7886,2195,2,0.81833,292.79,34.14,310.99,58.03
7887,2197,10,0.90154,310.75,107.45,337.88,134.83
7888,2197,17,0.8119,41.75,142.54,64.65,163.53
7889,2197,9,0.797,190.5,102.97,215.83,130.79
7890,2197,10,0.75254,177.37,167.23,202.83,198.75
7891,2197,9,0.15813,176.59,167.49,202.62,197.79
7892,2197,8,0.01051,0.05,63.22,42.69,118.57
7893,2197,8,0.00235,0.15,54.74,41.37,174.23
7894,2197,6,0.00156,0.1,62.93,51.29,110.4
7895,2197,6,0.00134,468.89,140.74,492.99,229.14
7896,2202,7,0.87247,380.29,147.15,415.15,174.35
7897,2202,2,0.73628,284.66,114.5,322.63,143.0
7898,2202,5,0.03145,170.52,69.51,501.0,243.0
7899,2202,2,0.01199,0.03,139.16,6.73,154.73
7900,2202,2,0.00951,0.03,139.05,6.81,169.37
7901,2202,17,0.00252,380.98,147.47,413.07,174.76
7902,2203,7,0.88144,127.15,32.83,163.27,59.88
7903,2203,7,0.77576,48.64,120.21,76.6,147.28
7904,2203,8,0.01297,321.29,0.0,494.81,50.98
7905,2203,8,0.00973,436.76,0.41,497.93,46.34
7906,2203,0,0.00817,174.87,156.06,199.6,175.46
7907,2203,8,0.00424,0.0,0.71,67.41,25.92
7908,2203,17,0.00387,433.84,117.24,455.29,138.01
7909,2203,8,0.00364,419.0,0.0,498.0,64.16
7910,2203,17,0.0033,177.12,156.06,199.74,175.69
7911,2203,0,0.00324,281.05,134.88,303.31,160.23
7912,2203,17,0.00298,471.26,86.92,485.73,100.24
7913,2203,8,0.00267,2.61,0.0,171.97,28.72
7914,2203,8,0.00237,367.63,0.82,497.35,48.02
7915,2203,7,0.00196,434.05,117.15,455.09,138.13
7916,2203,8,0.00156,1.67,0.0,147.66,41.93
7917,2203,14,0.00154,405.72,0.0,487.92,0.0
7918,2203,8,0.00151,296.7,0.0,476.6,38.49
7919,2203,8,0.00132,440.53,0.0,497.58,110.38
7920,2203,8,0.00102,0.66,0.0,121.79,56.63
7921,2203,8,0.001,4.61,0.0,173.52,44.75
7922,2204,15,0.8825,202.08,45.01,220.57,62.43
7923,2204,6,0.77102,275.18,40.72,324.84,67.86
7924,2204,2,0.01584,372.96,126.65,415.24,159.27
7925,2204,2,0.00798,379.18,108.64,403.99,128.87
7926,2204,15,0.00168,275.11,41.57,324.91,67.56
7927,2204,5,0.00111,147.91,252.0,233.39,252.0
7928,2204,6,0.00102,365.26,162.79,407.06,212.64
7929,2206,14,0.75922,83.18,52.43,114.67,146.23
7930,2206,5,0.32136,413.64,123.22,460.79,166.11
7931,2206,5,0.191,27.34,71.84,47.51,92.41
7932,2206,5,0.06662,26.02,71.57,60.59,94.93
7933,2206,14,0.04642,46.76,71.3,59.83,86.85
7934,2206,14,0.03627,404.52,127.83,417.08,156.5
7935,2206,14,0.0214,395.81,125.84,417.05,158.67
7936,2206,8,0.01919,45.49,79.76,59.8,97.44
7937,2206,14,0.01915,45.85,71.86,60.31,98.05
7938,2206,14,0.01494,62.99,73.27,75.15,100.21
7939,2206,8,0.01188,72.21,79.9,84.09,100.37
7940,2206,8,0.00807,30.81,72.96,52.01,96.11
7941,2206,8,0.00752,35.88,75.64,56.27,97.12
7942,2206,5,0.00738,30.59,75.2,42.34,90.89
7943,2206,14,0.00662,89.75,52.26,117.93,118.03
7944,2206,5,0.00377,414.56,123.09,455.98,149.52
7945,2206,14,0.00279,391.69,118.32,419.08,153.54
7946,2206,14,0.002,68.92,76.54,86.63,102.31
7947,2206,14,0.00186,49.38,75.14,73.86,99.33
7948,2206,14,0.00184,56.23,80.54,66.85,98.2
7949,2206,14,0.00167,39.2,73.14,63.17,98.72
7950,2206,14,0.00158,46.83,69.39,68.15,83.91
7951,2206,8,0.00157,46.16,80.98,65.99,98.63
7952,2206,14,0.00129,403.37,132.54,419.75,162.53
7953,2206,14,0.0012,64.61,77.54,80.08,100.26
7954,2216,2,0.86317,192.07,188.4,212.4,215.35
7955,2216,2,0.83705,192.71,135.38,209.97,159.17
7956,2216,2,0.8354,307.08,147.03,326.35,171.87
7957,2216,2,0.81021,285.8,193.32,306.12,220.7
7958,2241,3,0.9007,177.44,22.67,236.72,64.84
7959,2241,3,0.82535,182.12,93.85,247.17,165.94
7960,2241,4,0.78465,125.28,99.59,154.65,163.73
7961,2241,4,0.01804,98.85,98.59,155.37,165.62
7962,2241,6,0.01096,490.94,110.09,506.91,207.61
7963,2241,6,0.00724,485.44,111.45,506.78,242.16
7964,2241,6,0.00702,495.48,117.16,507.0,187.21
7965,2241,6,0.00251,494.08,67.76,506.96,198.2
7966,2241,6,0.00196,488.39,79.01,506.79,221.08
7967,2241,6,0.00182,282.99,63.6,345.71,137.86
7968,2241,6,0.00177,502.63,112.22,507.0,192.35
7969,2242,2,0.85259,374.04,43.16,393.94,67.21
7970,2242,2,0.83912,284.33,96.51,304.44,123.79
7971,2242,2,0.83749,395.98,99.48,417.85,127.42
7972,2242,2,0.80926,266.46,55.83,286.33,80.41
7973,2243,15,0.73635,379.1,93.79,400.11,112.21
7974,2243,15,0.69821,323.9,110.73,342.66,128.77
7975,2243,15,0.56925,377.46,128.92,406.79,152.5
7976,2243,15,0.01694,461.63,82.06,466.0,113.15
7977,2243,15,0.00828,458.97,81.52,466.0,112.42
7978,2243,7,0.00512,377.5,128.83,406.23,152.93
7979,2243,8,0.00321,431.47,0.0,465.72,21.98
7980,2243,8,0.0031,391.81,1.18,425.97,18.74
7981,2243,8,0.00243,442.97,0.0,465.91,23.02
7982,2243,15,0.00136,462.36,84.24,466.0,126.72
7983,2243,15,0.00129,458.32,67.9,466.0,117.1
7984,2245,10,0.89525,319.24,121.08,337.26,136.57
7985,2245,10,0.88662,430.76,120.25,449.54,136.26
7986,2245,17,0.85621,360.64,126.63,375.42,141.04
7987,2245,9,0.85289,365.94,86.14,381.1,101.1
7988,2245,9,0.84633,416.44,84.2,435.22,99.11
7989,2245,17,0.84432,390.74,123.34,405.13,137.07
7990,2245,11,0.79657,354.48,57.78,368.09,71.79
7991,2249,0,0.66247,333.61,84.84,361.07,110.31
7992,2249,4,0.46177,203.69,138.8,268.48,159.04
7993,2249,0,0.20241,228.2,75.23,253.33,96.23
7994,2249,1,0.04425,228.38,75.34,253.42,96.15
7995,2249,11,0.0177,334.28,85.02,361.22,109.91
7996,2249,4,0.00601,204.02,139.95,240.99,158.23
7997,2249,0,0.00342,375.89,46.09,388.74,59.21
7998,2249,3,0.00321,274.24,68.68,316.87,85.7
7999,2254,15,0.83355,407.79,109.94,433.07,135.9
8000,2254,15,0.82554,325.87,85.15,352.86,112.35
8001,2254,15,0.82401,399.8,69.52,422.84,89.4
8002,2261,10,0.8817,162.12,193.28,180.14,208.49
8003,2261,17,0.86285,123.6,196.97,137.87,210.63
8004,2261,10,0.86091,51.83,197.0,70.34,212.93
8005,2261,9,0.83239,100.22,161.39,114.87,176.0
8006,2261,9,0.81461,149.25,158.5,167.58,172.98
8007,2261,11,0.80212,89.26,133.61,102.48,147.19
8008,2261,17,0.57311,94.26,201.43,108.8,215.71
8009,2261,11,0.01521,150.15,101.31,171.1,111.99
8010,2270,5,0.60194,0.09,6.39,86.43,95.78
8011,2270,5,0.58684,225.46,0.0,456.0,172.75
8012,2270,5,0.43809,193.34,16.34,460.25,235.0
8013,2270,5,0.29911,0.83,2.01,87.56,176.12
8014,2270,5,0.2462,374.53,0.0,477.0,51.36
8015,2270,5,0.21959,72.29,0.0,405.59,170.31
8016,2270,5,0.09316,325.91,0.25,474.48,96.91
8017,2270,5,0.0921,296.59,0.0,474.33,57.4
8018,2270,5,0.09122,93.18,4.41,326.72,235.0
8019,2270,5,0.07035,257.93,27.9,455.52,147.86
8020,2270,5,0.04698,0.0,36.08,87.21,89.97
8021,2270,5,0.04671,48.73,1.45,180.74,75.21
8022,2270,5,0.03124,244.41,0.0,477.0,78.1
8023,2270,5,0.03096,374.98,0.0,477.0,137.91
8024,2270,5,0.02306,75.77,0.0,271.73,158.71
8025,2270,5,0.01496,49.52,1.43,272.54,104.85
8026,2270,5,0.01069,231.17,0.73,283.28,21.05
8027,2270,5,0.01058,262.55,0.0,477.0,140.85
8028,2270,5,0.00767,47.21,1.63,158.19,35.49
8029,2270,5,0.00496,133.93,0.0,455.96,157.3
8030,2270,5,0.00463,0.17,7.7,56.51,39.38
8031,2270,5,0.0033,341.09,16.09,446.24,54.79
8032,2270,5,0.00297,460.97,0.0,476.92,81.64
8033,2270,5,0.00297,472.87,10.47,477.0,61.62
8034,2270,5,0.0023,187.36,1.56,477.0,122.43
8035,2270,5,0.00203,0.0,6.91,82.83,55.48
8036,2270,5,0.00182,235.02,0.0,347.1,31.04
8037,2270,5,0.00161,140.0,4.08,244.88,27.04
8038,2270,5,0.00155,462.59,0.0,476.88,51.13
8039,2270,5,0.00155,217.35,0.67,294.97,24.44
8040,2270,8,0.00132,472.92,0.0,477.0,67.55
8041,2270,5,0.00129,464.7,19.79,476.96,55.31
8042,2270,5,0.00113,427.19,0.0,476.82,146.65
8043,2270,5,0.00109,306.17,48.74,477.0,136.15
8044,2270,8,0.00103,466.59,9.41,476.96,57.43
8045,2278,15,0.91801,264.14,172.79,290.99,201.11
8046,2282,10,0.90754,249.55,214.99,269.51,233.14
8047,2282,17,0.8672,291.48,177.12,307.11,192.37
8048,2282,17,0.85888,275.6,193.36,291.86,209.39
8049,2282,10,0.85149,296.32,141.25,312.54,157.29
8050,2282,11,0.82529,396.36,200.09,419.43,215.98
8051,2282,9,0.82369,321.64,221.77,341.48,243.45
8052,2282,9,0.82126,341.66,189.6,363.07,206.22
8053,2282,11,0.02473,395.8,200.62,409.9,213.45
8054,2282,14,0.00198,39.53,224.25,69.59,252.0
8055,2282,2,0.00155,222.52,137.74,249.42,159.85
8056,2283,7,0.85927,285.87,161.2,320.25,189.16
8057,2283,7,0.8442,397.35,159.58,435.15,193.15
8058,2283,6,0.00844,69.56,36.43,93.22,54.99
8059,2283,7,0.00169,479.83,8.67,489.96,28.11
8060,2283,6,0.00119,478.57,3.77,489.86,31.19
8061,2283,16,0.00118,285.91,161.01,320.11,188.89
8062,2283,16,0.00109,397.31,159.74,435.1,192.99
8063,2283,17,0.00104,414.47,190.67,421.44,197.05
8064,2290,10,0.87408,364.47,95.72,380.04,109.54
8065,2290,9,0.87307,359.96,121.5,378.69,134.99
8066,2290,17,0.84637,394.1,103.81,406.92,116.04
8067,2290,10,0.84547,464.11,107.25,480.23,120.48
8068,2290,11,0.79458,398.17,150.28,412.19,165.11
8069,2290,9,0.79123,422.91,112.57,436.39,124.66
8070,2290,17,0.54199,408.76,130.6,423.73,144.32
8071,2290,9,0.22988,408.66,130.43,423.38,144.25
8072,2290,11,0.00213,261.91,196.17,278.52,211.51
8073,2290,6,0.00196,360.15,121.45,378.66,135.35
8074,2290,17,0.00112,422.92,112.26,436.07,124.73
8075,2291,5,0.56406,473.66,151.34,488.64,163.82
8076,2291,5,0.14638,417.46,217.32,505.0,256.0
8077,2291,14,0.03919,58.41,200.34,68.67,211.71
8078,2291,14,0.01735,155.45,100.2,178.68,151.89
8079,2291,8,0.01305,56.78,205.75,69.5,223.39
8080,2291,14,0.00775,58.24,209.92,68.41,222.24
8081,2291,5,0.00761,457.92,193.51,464.91,201.74
8082,2291,5,0.0055,458.17,197.91,464.69,203.73
8083,2291,8,0.00447,58.24,200.25,68.05,212.97
8084,2291,8,0.00411,58.45,211.36,67.97,222.05
8085,2291,5,0.0037,418.09,224.53,469.2,255.9
8086,2291,5,0.00347,458.35,192.24,471.21,201.99
8087,2291,5,0.0018,486.11,139.78,503.06,158.7
8088,2291,5,0.00152,457.73,197.59,464.52,207.98
8089,2291,5,0.00145,458.92,194.57,469.84,203.69
8090,2291,5,0.00141,276.85,161.0,301.88,173.83
8091,2291,5,0.00139,348.64,160.12,376.51,174.31
8092,2291,5,0.00124,459.77,190.89,476.32,200.38
8093,2291,5,0.00114,0.66,90.97,31.39,113.35
8094,2291,5,0.00105,0.07,169.36,3.59,181.79
8095,2295,7,0.84452,33.95,151.43,69.06,182.9
8096,2295,7,0.8376,146.59,161.62,184.57,196.02
8097,2295,8,0.00179,0.0,193.44,86.85,239.54
8098,2295,15,0.00112,34.42,152.04,69.48,182.78
8099,2299,3,0.89584,341.92,0.0,406.46,54.49
8100,2299,0,0.89468,155.47,62.43,191.8,99.52
8101,2299,12,0.87342,78.19,148.95,115.94,185.29
8102,2299,0,0.87232,344.71,129.74,383.32,169.64
8103,2299,13,0.83285,259.61,81.28,294.94,116.88
8104,2299,4,0.7997,177.82,146.66,260.95,208.25
8105,2299,12,0.78184,392.34,74.13,432.03,110.41
8106,2299,1,0.76328,261.63,5.04,298.19,41.73
8107,2299,3,0.72991,87.57,1.17,134.58,82.15
8108,2299,3,0.13566,52.58,0.0,135.58,83.35
8109,2299,0,0.00869,78.06,149.32,115.74,185.53
8110,2299,0,0.00708,261.34,4.14,297.72,41.11
8111,2299,16,0.0048,78.04,148.54,116.12,185.18
8112,2299,3,0.00397,413.7,106.58,435.38,125.26
8113,2299,3,0.00313,197.24,118.37,212.26,130.56
8114,2299,4,0.00216,204.22,147.74,258.57,182.75
8115,2299,8,0.00175,457.65,0.11,491.91,13.06
8116,2299,1,0.00156,259.61,81.39,295.25,116.96
8117,2299,4,0.00101,178.58,147.49,252.45,176.81
8118,2300,17,0.8649,355.48,137.12,377.34,158.72
8119,2300,2,0.84583,243.98,57.68,280.07,101.69
8120,2300,2,0.77299,371.63,39.15,412.04,72.56
8121,2300,2,0.00318,342.09,29.81,376.47,57.97
8122,2300,2,0.00248,140.12,0.23,216.26,59.33
8123,2300,2,0.00247,270.31,53.82,353.39,126.86
8124,2300,2,0.00241,267.58,2.2,328.58,46.06
8125,2300,2,0.00219,274.68,85.23,321.09,120.65
8126,2300,2,0.00123,232.63,100.79,322.62,160.89
8127,2300,2,0.00121,237.4,101.12,305.0,148.17
8128,2300,2,0.00119,272.18,59.67,326.86,123.08
8129,2300,2,0.0011,267.94,2.06,301.56,41.68
8130,2300,2,0.001,349.66,85.67,378.89,117.02
8131,2301,15,0.88537,51.17,160.97,72.03,180.05
8132,2301,2,0.02608,237.35,101.43,266.39,116.53
8133,2301,5,0.00416,56.38,50.99,414.89,250.0
8134,2301,2,0.00363,231.47,100.34,266.44,123.93
8135,2301,5,0.00261,376.17,0.03,410.32,25.01
8136,2303,14,0.7752,47.33,101.74,76.58,180.22
8137,2303,14,0.64171,413.31,60.36,439.95,109.91
8138,2303,8,0.61138,214.65,137.34,345.35,196.61
8139,2303,14,0.53248,102.61,88.24,137.2,158.49
8140,2303,14,0.45914,315.64,58.8,335.6,101.11
8141,2303,14,0.32851,0.06,87.9,7.85,196.26
8142,2303,14,0.28568,89.47,85.09,134.68,201.56
8143,2303,14,0.28257,170.39,64.26,236.28,162.36
8144,2303,14,0.24879,0.05,85.98,14.33,196.86
8145,2303,14,0.24786,150.39,91.71,174.13,152.69
8146,2303,14,0.24158,0.06,121.45,7.5,187.92
8147,2303,14,0.19424,256.43,98.77,289.6,133.91
8148,2303,14,0.10625,72.65,99.53,88.13,128.04
8149,2303,5,0.09885,327.28,113.58,357.57,129.48
8150,2303,14,0.09489,173.58,65.62,247.64,203.3
8151,2303,8,0.08696,222.62,103.22,253.38,146.88
8152,2303,8,0.07136,5.08,38.75,69.17,191.01
8153,2303,14,0.06976,251.06,96.37,290.26,186.51
8154,2303,8,0.05267,74.86,0.0,138.07,46.12
8155,2303,14,0.04411,91.07,94.33,171.53,182.22
8156,2303,14,0.0424,254.16,98.18,336.3,132.88
8157,2303,5,0.04191,324.03,112.14,372.13,131.16
8158,2303,14,0.03569,174.85,67.79,232.49,133.27
8159,2303,14,0.02722,0.0,64.17,20.5,193.23
8160,2303,14,0.02647,56.74,22.6,93.35,97.5
8161,2303,14,0.02193,0.0,98.68,5.57,186.11
8162,2303,8,0.0216,171.92,65.53,250.47,202.65
8163,2303,8,0.02009,0.0,38.23,28.93,162.27
8164,2303,8,0.01894,0.16,79.59,17.87,188.62
8165,2303,14,0.01873,446.29,55.11,464.99,89.74
8166,2303,5,0.01721,325.02,110.56,400.59,140.78
8167,2303,8,0.01709,131.06,97.1,175.19,158.01
8168,2303,8,0.01542,250.94,98.37,336.76,150.19
8169,2303,14,0.01542,79.55,106.19,146.97,197.71
8170,2303,5,0.01479,252.68,98.08,332.8,131.87
8171,2303,14,0.01304,0.41,137.97,23.59,190.55
8172,2303,8,0.00983,71.91,128.91,102.52,180.02
8173,2303,14,0.00951,327.65,77.1,336.91,100.92
8174,2303,14,0.00927,0.02,85.36,12.01,159.64
8175,2303,14,0.00913,0.0,134.53,5.44,189.82
8176,2303,8,0.009,221.33,100.93,268.49,142.92
8177,2303,8,0.00868,16.56,45.33,59.28,87.44
8178,2303,14,0.00827,0.6,133.86,38.42,186.26
8179,2303,16,0.00807,138.65,37.24,151.53,51.89
8180,2303,14,0.00802,316.53,78.69,330.06,102.48
8181,2303,8,0.00774,88.74,106.59,168.32,159.59
8182,2303,8,0.00773,18.23,82.02,52.27,145.86
8183,2303,8,0.0076,195.25,78.14,254.41,141.06
8184,2303,8,0.00753,225.54,104.12,251.9,128.09
8185,2303,14,0.00697,0.0,90.66,6.59,160.95
8186,2303,14,0.00687,94.96,86.99,162.11,159.25
8187,2303,8,0.00638,72.27,128.43,138.1,183.09
8188,2303,5,0.00594,415.86,134.54,430.55,148.48
8189,2303,14,0.00593,410.43,62.37,426.35,115.59
8190,2303,8,0.00565,131.4,124.76,162.21,157.23
8191,2303,14,0.00563,71.38,99.16,91.54,154.3
8192,2303,14,0.00556,270.81,98.54,297.37,135.38
8193,2303,8,0.00556,181.97,96.55,313.48,203.24
8194,2303,14,0.00552,153.28,92.59,173.49,133.09
8195,2303,8,0.0052,0.03,91.95,16.42,155.57
8196,2303,14,0.00507,272.26,100.12,329.77,154.25
8197,2303,14,0.00504,90.52,132.21,130.78,197.26
8198,2303,14,0.00425,288.02,115.44,318.63,146.13
8199,2303,14,0.0041,287.56,112.87,328.03,180.08
8200,2303,8,0.00396,279.37,140.71,338.45,194.87
8201,2303,16,0.00394,58.29,42.79,94.03,74.75
8202,2303,14,0.00388,34.83,136.98,55.88,172.82
8203,2303,14,0.00385,33.76,133.83,60.14,186.29
8204,2303,14,0.00344,244.89,123.29,291.51,196.44
8205,2303,14,0.00298,398.84,50.98,440.85,112.77
8206,2303,14,0.00296,443.03,67.1,451.97,89.91
8207,2303,8,0.00289,59.59,0.0,136.81,104.57
8208,2303,8,0.00273,281.5,112.78,329.76,170.37
8209,2303,8,0.0027,0.0,66.87,53.04,150.99
8210,2303,14,0.00264,477.35,59.7,493.51,203.71
8211,2303,14,0.00264,177.25,68.26,225.87,114.01
8212,2303,8,0.00251,123.04,9.89,176.45,51.86
8213,2303,8,0.00251,206.8,135.24,245.13,190.22
8214,2303,14,0.00248,328.68,79.27,340.48,100.62
8215,2303,5,0.00244,427.16,102.69,473.64,137.5
8216,2303,14,0.00232,267.21,97.96,290.72,129.95
8217,2303,8,0.00228,52.66,22.46,108.03,144.63
8218,2303,14,0.00226,135.59,13.04,174.11,51.7
8219,2303,8,0.0022,213.54,136.22,252.15,201.57
8220,2303,14,0.00217,426.75,70.24,443.52,109.33
8221,2303,16,0.00214,28.14,221.63,110.37,255.87
8222,2303,8,0.00214,283.36,116.95,316.14,145.07
8223,2303,16,0.00208,47.81,100.08,77.03,181.19
8224,2303,14,0.00207,371.15,110.04,389.85,141.93
8225,2303,5,0.00202,321.18,111.1,370.91,141.6
8226,2303,14,0.00197,0.07,98.4,19.05,154.18
8227,2303,8,0.00193,231.77,99.1,337.22,206.84
8228,2303,8,0.00178,24.68,82.57,58.31,132.16
8229,2303,8,0.00169,184.2,133.87,241.45,192.55
8230,2303,14,0.00163,295.85,113.0,321.93,155.43
8231,2303,8,0.00156,211.1,105.56,250.68,192.25
8232,2303,16,0.00153,415.35,134.4,430.69,148.32
8233,2303,14,0.00151,358.46,109.25,389.63,142.11
8234,2303,14,0.00146,289.55,150.36,316.83,195.22
8235,2303,14,0.00142,54.2,18.66,118.96,111.31
8236,2303,14,0.0014,201.99,90.25,233.34,131.6
8237,2303,16,0.00134,27.21,223.23,79.76,255.82
8238,2303,8,0.0013,219.16,158.35,326.01,197.73
8239,2303,8,0.00129,72.35,133.81,100.79,155.96
8240,2303,14,0.00119,285.92,128.01,334.74,193.77
8241,2303,14,0.00116,246.48,97.55,290.2,150.88
8242,2303,8,0.00113,211.3,96.03,249.62,153.84
8243,2303,14,0.00112,126.4,99.62,142.82,125.18
8244,2303,8,0.0011,229.99,109.11,256.37,150.66
8245,2303,14,0.00108,269.21,98.48,286.19,120.41
8246,2303,14,0.00108,255.48,96.09,283.89,118.43
8247,2303,14,0.00106,124.6,97.68,145.44,136.9
8248,2303,8,0.00105,11.45,38.59,62.02,134.71
8249,2303,14,0.00101,171.75,91.12,234.68,149.42
8250,2303,14,0.00101,414.39,81.93,441.13,110.54
8251,2313,2,0.50399,47.66,197.15,81.51,226.35
8252,2313,2,0.0091,227.09,170.29,253.86,195.49
8253,2314,2,0.86103,365.35,77.61,388.87,101.87
8254,2314,2,0.83356,379.29,32.56,397.04,56.07
8255,2314,2,0.81093,248.04,48.74,271.25,68.5
8256,2314,2,0.78047,286.7,11.05,304.05,30.8
8257,2318,0,0.8875,325.14,20.47,352.29,50.63
8258,2318,3,0.88653,290.49,73.59,331.16,103.04
8259,2318,3,0.86,349.63,61.55,401.69,85.01
8260,2318,13,0.82762,276.82,20.99,301.14,46.69
8261,2318,1,0.82656,380.37,32.57,405.99,60.33
8262,2318,4,0.81298,216.11,57.14,271.83,85.05
8263,2318,4,0.00212,216.58,68.29,251.98,85.47
8264,2319,17,0.80396,160.63,56.65,176.66,72.99
8265,2319,17,0.77482,209.79,85.41,226.85,102.7
8266,2319,9,0.30462,119.27,36.41,138.3,51.86
8267,2319,2,0.05609,209.52,85.55,226.84,101.97
8268,2319,2,0.03616,239.7,107.2,257.73,125.64
8269,2319,2,0.03355,160.49,56.43,176.44,72.78
8270,2319,2,0.00159,119.04,35.83,138.02,52.24
8271,2319,2,0.0012,160.08,57.87,185.92,87.41
8272,2321,10,0.88596,281.29,134.56,298.76,148.88
8273,2321,17,0.88439,312.59,124.12,326.49,137.53
8274,2321,9,0.84505,366.9,134.08,384.04,148.88
8275,2321,17,0.82906,335.96,116.58,349.66,129.9
8276,2321,10,0.82769,355.63,90.58,370.24,104.61
8277,2321,11,0.77856,402.97,151.08,421.93,166.43
8278,2321,9,0.46441,330.14,152.23,348.74,169.21
8279,2321,17,0.31724,330.24,152.46,348.81,169.14
8280,2328,17,0.47756,280.75,20.93,297.51,37.97
8281,2328,17,0.03473,169.37,36.03,187.29,55.26
8282,2333,14,0.75865,389.78,62.98,411.35,131.25
8283,2333,14,0.73389,122.86,94.22,150.05,171.38
8284,2333,14,0.70607,71.1,80.04,124.44,202.14
8285,2333,14,0.64834,423.41,66.37,448.93,140.9
8286,2333,8,0.54709,0.12,125.3,36.71,182.14
8287,2333,14,0.25269,245.15,97.99,259.42,126.77
8288,2333,8,0.02417,365.22,84.04,386.58,112.3
8289,2333,14,0.01858,360.75,75.57,376.52,110.52
8290,2333,14,0.01391,405.77,68.45,421.94,109.55
8291,2333,14,0.01004,367.39,83.78,390.83,104.4
8292,2333,14,0.00911,246.24,98.2,268.34,126.23
8293,2333,14,0.00903,356.58,75.2,382.66,113.14
8294,2333,14,0.00589,464.61,54.82,498.41,193.08
8295,2333,14,0.00529,361.53,75.94,373.44,100.07
8296,2333,14,0.00474,416.42,95.1,432.74,126.26
8297,2333,14,0.00455,486.88,57.82,499.0,192.47
8298,2333,14,0.0041,419.3,84.89,444.79,140.42
8299,2333,14,0.00377,125.77,94.08,148.58,147.42
8300,2333,14,0.00358,411.16,92.94,423.28,113.37
8301,2333,14,0.00345,122.87,98.53,142.67,137.85
8302,2333,16,0.00323,290.43,97.35,313.39,116.35
8303,2333,8,0.00312,0.0,110.67,11.96,191.29
8304,2333,8,0.00305,0.0,123.05,22.96,188.13
8305,2333,8,0.00241,364.28,94.47,385.36,112.4
8306,2333,14,0.00212,418.19,95.87,429.78,122.13
8307,2333,14,0.00209,249.98,89.29,272.46,117.41
8308,2333,14,0.00204,66.49,164.08,94.04,201.05
8309,2333,14,0.00198,362.39,82.56,390.06,112.1
8310,2333,14,0.00194,0.0,111.65,5.21,196.64
8311,2333,14,0.00184,256.19,90.72,271.28,115.85
8312,2333,14,0.0017,451.72,52.54,478.62,136.35
8313,2333,14,0.00167,75.77,98.84,122.36,179.23
8314,2333,16,0.00164,0.0,208.98,37.79,255.55
8315,2333,14,0.00155,428.23,83.13,447.67,140.07
8316,2333,14,0.00154,72.49,83.02,107.88,170.58
8317,2333,14,0.00149,478.82,60.2,499.0,189.88
8318,2333,14,0.00147,418.94,95.87,428.16,115.15
8319,2333,14,0.00145,13.7,135.32,37.71,176.31
8320,2333,8,0.00145,0.0,113.69,19.39,172.43
8321,2333,14,0.00128,448.35,51.48,476.82,110.92
8322,2333,14,0.0012,494.9,97.96,499.0,188.37
8323,2333,14,0.00115,65.23,123.18,93.46,201.2
8324,2333,14,0.00113,214.05,99.5,232.63,122.73
8325,2333,14,0.00113,374.7,83.87,391.18,101.45
8326,2333,14,0.00111,212.6,101.75,239.02,125.49
8327,2333,14,0.0011,220.79,100.25,239.03,122.12
8328,2333,14,0.0011,439.25,55.56,477.72,125.71
8329,2336,8,0.69171,253.49,92.29,332.66,201.66
8330,2336,16,0.68492,2.7,110.99,24.93,139.23
8331,2336,14,0.64915,270.02,47.85,329.86,98.21
8332,2336,16,0.63014,27.22,112.75,48.02,138.67
8333,2336,16,0.61598,49.31,110.11,69.37,137.28
8334,2336,16,0.58065,69.68,108.53,89.57,134.55
8335,2336,16,0.54166,89.63,107.65,108.77,131.5
8336,2336,16,0.42193,122.3,105.75,137.07,127.44
8337,2336,16,0.40539,161.59,103.38,175.88,122.16
8338,2336,16,0.39191,107.71,106.6,124.34,129.21
8339,2336,14,0.39019,327.8,59.07,359.85,93.43
8340,2336,16,0.32607,136.33,104.51,150.94,125.76
8341,2336,8,0.31512,313.99,61.06,362.42,142.43
8342,2336,14,0.23961,327.76,59.59,361.45,134.81
8343,2336,16,0.20957,148.76,103.42,162.16,123.94
8344,2336,16,0.19453,174.62,101.72,186.74,120.05
8345,2336,16,0.17436,195.14,100.29,206.4,117.92
8346,2336,8,0.16462,315.58,90.72,359.04,142.36
8347,2336,16,0.16335,204.81,100.21,215.81,116.18
8348,2336,16,0.16308,185.19,100.9,196.81,119.12
8349,2336,16,0.13706,136.17,103.71,162.06,125.2
8350,2336,16,0.13253,225.99,97.92,239.32,114.02
8351,2336,5,0.12546,371.56,80.2,391.77,100.24
8352,2336,16,0.12084,221.69,96.43,231.13,114.19
8353,2336,16,0.11266,4.92,110.2,46.92,139.23
8354,2336,16,0.10994,55.74,108.87,89.96,135.11
8355,2336,16,0.07918,107.67,105.93,135.21,128.38
8356,2336,16,0.07772,33.82,110.16,69.38,137.56
8357,2336,16,0.07755,210.06,98.72,223.69,115.44
8358,2336,14,0.07076,266.77,43.02,332.68,133.62
8359,2336,16,0.06503,185.75,101.01,206.45,118.8
8360,2336,16,0.05819,174.7,101.68,198.14,119.93
8361,2336,16,0.05623,92.88,106.09,123.82,129.43
8362,2336,16,0.04417,117.18,104.69,145.65,127.02
8363,2336,16,0.04039,70.24,107.79,108.48,133.42
8364,2336,16,0.0285,215.68,96.56,236.64,114.82
8365,2336,16,0.02414,210.2,97.24,231.5,115.64
8366,2336,8,0.02139,373.86,80.64,397.13,104.64
8367,2336,5,0.01664,373.61,80.82,397.29,104.24
8368,2336,5,0.01549,364.9,81.48,388.31,98.95
8369,2336,16,0.01462,229.77,96.67,240.78,112.4
8370,2336,14,0.01394,279.49,62.39,351.31,141.33
8371,2336,16,0.01347,151.08,102.58,177.87,123.03
8372,2336,8,0.01231,385.6,84.48,397.47,105.73
8373,2336,14,0.01195,279.95,72.23,331.29,136.05
8374,2336,8,0.00688,284.2,124.1,313.15,163.99
8375,2336,14,0.00655,233.9,70.64,245.66,100.01
8376,2336,14,0.00557,385.9,85.55,395.86,105.53
8377,2336,16,0.00504,160.56,102.45,183.65,122.15
8378,2336,8,0.00454,327.37,83.53,355.62,142.11
8379,2336,14,0.0044,332.87,59.11,355.81,80.59
8380,2336,5,0.00384,373.93,73.86,411.03,102.17
8381,2336,5,0.00354,373.24,81.75,387.17,95.78
8382,2336,14,0.00338,376.3,77.82,397.97,104.31
8383,2336,14,0.00326,384.47,77.43,395.62,91.9
8384,2336,8,0.00299,282.87,120.54,321.18,178.98
8385,2336,16,0.00295,223.86,96.27,244.51,111.91
8386,2336,14,0.00291,378.87,77.55,396.51,90.19
8387,2336,16,0.00272,235.45,93.65,244.43,102.9
8388,2336,14,0.00223,274.98,87.22,332.72,159.27
8389,2336,5,0.00179,381.87,74.87,409.72,97.21
8390,2336,5,0.00177,391.83,74.63,417.7,98.33
8391,2336,14,0.00176,265.93,80.04,316.96,141.34
8392,2336,8,0.00169,268.21,134.35,331.04,201.44
8393,2336,16,0.00164,0.01,113.47,5.08,142.44
8394,2336,16,0.00155,470.33,120.66,478.29,126.99
8395,2336,14,0.00129,383.93,76.93,398.49,96.93
8396,2336,14,0.00125,327.36,59.28,350.69,79.48
8397,2336,8,0.00124,254.47,68.07,361.65,173.43
8398,2336,16,0.00122,28.22,110.05,59.77,136.03
8399,2341,0,0.8904,230.79,102.23,267.13,138.56
8400,2341,0,0.88977,277.98,214.13,323.45,250.31
8401,2341,12,0.88021,79.92,193.33,118.98,232.63
8402,2341,12,0.85109,128.91,114.02,161.34,146.85
8403,2341,3,0.846,209.76,66.08,283.55,101.52
8404,2341,13,0.84036,273.1,152.5,311.39,190.33
8405,2341,1,0.82448,338.79,111.72,377.32,151.04
8406,2341,4,0.82403,179.21,158.75,218.34,221.15
8407,2341,3,0.76567,394.61,148.96,456.22,209.57
8408,2341,3,0.21353,395.2,148.67,458.42,183.99
8409,2341,0,0.1389,339.06,112.28,376.8,150.72
8410,2341,8,0.00496,321.17,0.32,344.61,13.99
8411,2341,16,0.00395,129.21,114.17,161.48,146.92
8412,2341,4,0.00281,179.93,159.37,218.57,190.53
8413,2341,3,0.00155,391.62,173.28,445.91,218.85
8414,2341,1,0.00147,273.19,151.81,311.58,190.54
8415,2341,16,0.00126,80.75,193.15,119.7,232.45
8416,2341,0,0.00111,79.95,194.37,118.42,232.65
8417,2341,3,0.00107,21.09,2.97,40.94,14.76
8418,2347,8,0.7614,41.01,95.92,87.29,140.76
8419,2347,8,0.72495,76.64,101.8,107.53,143.0
8420,2347,8,0.69905,15.09,103.0,50.2,137.97
8421,2347,8,0.65988,95.58,100.67,132.22,146.21
8422,2347,8,0.60474,371.36,103.91,444.83,168.66
8423,2347,8,0.50395,118.62,99.31,184.9,148.51
8424,2347,14,0.43633,314.77,57.79,383.23,242.62
8425,2347,8,0.43299,206.21,94.97,283.05,129.21
8426,2347,8,0.24664,420.46,117.14,440.88,141.92
8427,2347,8,0.21355,146.97,99.76,185.73,149.21
8428,2347,14,0.17078,0.13,55.53,16.13,175.25
8429,2347,8,0.1287,385.69,103.61,426.9,167.41
8430,2347,8,0.10431,207.03,97.04,243.94,129.73
8431,2347,8,0.07832,58.49,97.89,83.32,137.65
8432,2347,8,0.07247,120.06,99.72,154.95,147.79
8433,2347,8,0.05195,466.06,115.99,487.88,146.85
8434,2347,14,0.04722,157.11,84.31,187.63,126.94
8435,2347,8,0.04106,403.04,105.12,443.7,167.06
8436,2347,8,0.03322,40.11,99.54,71.36,141.89
8437,2347,8,0.0298,232.91,94.48,279.39,128.67
8438,2347,8,0.02486,464.85,114.41,487.94,169.6
8439,2347,8,0.02225,208.51,101.39,231.32,127.86
8440,2347,14,0.01949,253.76,97.51,277.69,127.61
8441,2347,8,0.01837,415.23,108.33,446.77,155.36
8442,2347,8,0.01822,101.15,100.33,129.44,133.25
8443,2347,8,0.01625,66.13,99.37,87.53,127.18
8444,2347,8,0.01569,32.1,103.52,52.07,132.71
8445,2347,14,0.01486,315.5,79.65,347.17,210.42
8446,2347,8,0.01361,21.21,106.69,44.69,137.51
8447,2347,8,0.01343,253.02,97.39,276.69,127.73
8448,2347,8,0.01314,247.88,90.99,322.44,128.76
8449,2347,8,0.01294,450.63,112.8,487.98,160.35
8450,2347,8,0.01263,483.5,113.23,488.0,149.91
8451,2347,8,0.01208,14.6,104.21,33.56,136.04
8452,2347,8,0.01186,117.3,101.74,138.85,145.61
8453,2347,8,0.01145,372.66,107.79,413.12,168.58
8454,2347,14,0.01102,392.78,100.24,424.45,163.67
8455,2347,16,0.01077,0.08,201.92,22.94,223.95
8456,2347,8,0.01071,110.17,98.71,132.94,140.7
8457,2347,8,0.01037,469.2,95.65,487.93,146.46
8458,2347,16,0.01027,251.07,98.51,277.28,127.16
8459,2347,8,0.01027,436.75,87.81,488.0,170.48
8460,2347,14,0.01017,149.16,84.26,187.74,147.61
8461,2347,5,0.01013,247.68,86.76,324.61,127.98
8462,2347,8,0.00835,441.72,111.6,488.0,144.94
8463,2347,8,0.00677,120.33,112.05,146.22,148.25
8464,2347,5,0.00645,80.85,51.61,193.58,107.96
8465,2347,8,0.00561,135.45,100.84,167.26,144.36
8466,2347,14,0.00537,0.17,86.87,23.04,162.05
8467,2347,14,0.00481,348.73,60.01,369.59,99.08
8468,2347,8,0.00462,6.06,100.17,28.76,136.21
8469,2347,8,0.0045,202.81,52.79,299.25,131.02
8470,2347,14,0.00408,0.0,77.61,11.29,161.79
8471,2347,14,0.0039,318.42,55.61,428.4,244.58
8472,2347,8,0.0039,431.29,116.0,457.89,143.92
8473,2347,14,0.00376,339.04,59.86,368.51,109.89
8474,2347,14,0.00367,337.26,60.03,372.37,129.86
8475,2347,8,0.00365,422.53,113.81,488.0,152.39
8476,2347,14,0.00364,317.19,83.73,347.93,164.81
8477,2347,8,0.00357,410.46,105.51,442.46,146.21
8478,2347,8,0.00348,28.85,97.34,48.64,132.24
8479,2347,16,0.00339,0.0,201.71,7.76,227.01
8480,2347,8,0.00322,385.96,85.47,487.25,168.95
8481,2347,8,0.00312,386.77,104.84,418.12,153.21
8482,2347,14,0.00308,345.63,105.5,372.49,234.72
8483,2347,8,0.00306,93.15,104.06,112.43,132.81
8484,2347,14,0.00304,325.41,57.91,380.81,182.03
8485,2347,8,0.00304,417.85,110.72,488.0,172.33
8486,2347,14,0.00303,143.42,85.41,182.84,113.14
8487,2347,8,0.0028,483.01,107.49,488.0,169.41
8488,2347,16,0.00267,0.21,201.37,33.54,227.84
8489,2347,14,0.00242,0.26,2.9,16.39,151.25
8490,2347,5,0.00238,198.31,44.8,287.29,119.18
8491,2347,14,0.00229,390.83,103.53,420.07,145.39
8492,2347,8,0.00209,479.07,89.25,487.91,146.11
8493,2347,8,0.00201,382.82,116.75,400.73,144.1
8494,2347,14,0.00198,100.0,93.14,135.0,137.21
8495,2347,8,0.00187,381.83,114.53,406.77,152.45
8496,2347,14,0.00182,104.17,95.26,125.6,118.19
8497,2347,14,0.00176,0.0,81.53,7.5,168.88
8498,2347,8,0.00173,89.7,101.92,109.14,123.9
8499,2347,5,0.00167,484.3,89.77,488.0,127.48
8500,2347,14,0.0016,335.49,61.2,360.39,99.29
8501,2347,8,0.00157,438.47,110.65,487.73,192.87
8502,2347,14,0.00151,402.66,100.73,437.62,163.48
8503,2347,8,0.0014,474.71,111.27,488.0,177.33
8504,2347,8,0.0014,95.78,103.48,111.11,123.39
8505,2347,8,0.00131,461.51,118.96,487.76,137.88
8506,2347,8,0.0013,91.89,101.99,120.18,146.7
8507,2347,8,0.00129,73.6,99.86,94.54,135.11
8508,2347,14,0.0012,286.91,80.38,318.1,122.98
8509,2347,8,0.0012,14.33,103.06,32.1,120.84
8510,2347,16,0.00114,42.93,97.41,88.66,141.09
8511,2347,5,0.00113,37.02,60.25,170.49,108.02
8512,2347,8,0.00112,260.29,96.59,289.55,129.7
8513,2347,8,0.00112,104.6,96.58,128.85,124.11
8514,2347,8,0.0011,97.11,102.75,122.26,129.06
8515,2347,8,0.00109,38.93,102.88,62.37,133.7
8516,2347,8,0.00107,374.98,42.74,470.06,171.1
8517,2347,8,0.00105,421.69,29.0,488.0,189.4
8518,2347,8,0.00103,412.34,126.4,440.28,165.99
8519,2347,16,0.00101,0.0,182.69,16.55,198.56
8520,2354,3,0.91309,170.98,119.55,215.48,176.06
8521,2354,3,0.91208,277.97,125.07,334.98,180.78
8522,2354,4,0.85416,392.66,130.85,445.1,191.92
8523,2354,3,0.85324,171.28,118.67,198.58,174.43
8524,2354,3,0.02034,173.28,118.85,214.39,155.17
8525,2354,4,0.00438,395.29,130.91,444.09,165.98
8526,2354,5,0.00149,28.29,119.35,84.89,156.06
8527,2358,2,0.77534,240.33,188.18,262.22,221.72
8528,2358,8,0.01041,275.62,0.33,351.83,29.82
8529,2371,14,0.7422,92.61,91.99,114.27,147.0
8530,2371,5,0.50934,17.36,100.28,40.09,117.81
8531,2371,5,0.05599,48.52,101.23,69.65,117.91
8532,2371,14,0.01069,0.0,107.12,7.15,122.75
8533,2371,16,0.00997,0.0,109.56,7.12,125.72
8534,2371,5,0.00944,35.46,94.85,70.2,119.34
8535,2371,16,0.00446,0.04,109.58,6.59,119.23
8536,2371,5,0.00388,369.71,0.0,465.91,48.6
8537,2371,5,0.00309,388.72,0.0,465.82,21.7
8538,2371,5,0.00275,243.48,120.81,264.42,141.78
8539,2371,14,0.00259,0.01,92.54,5.64,120.18
8540,2371,14,0.00246,0.01,109.32,7.39,138.83
8541,2371,14,0.00236,362.88,123.81,375.62,150.42
8542,2371,5,0.00235,21.68,97.96,51.87,112.85
8543,2371,14,0.00186,354.99,127.92,378.84,155.51
8544,2371,14,0.00146,101.4,125.07,110.73,145.7
8545,2371,8,0.00142,0.0,105.26,6.29,132.12
8546,2371,14,0.00138,99.74,91.9,112.07,103.5
8547,2371,5,0.00134,22.85,94.24,54.92,108.55
8548,2388,14,0.66813,69.27,86.42,132.9,149.46
8549,2388,8,0.65893,48.41,135.06,144.12,245.31
8550,2388,14,0.64015,260.85,115.79,276.74,132.19
8551,2388,8,0.60262,257.8,128.79,277.86,154.98
8552,2388,16,0.4349,21.03,137.69,36.24,158.71
8553,2388,16,0.40256,6.98,137.91,21.63,160.27
8554,2388,16,0.40134,34.41,137.28,47.83,157.83
8555,2388,8,0.27813,288.18,127.94,358.25,163.88
8556,2388,16,0.21417,0.0,138.31,7.89,161.11
8557,2388,5,0.17335,287.94,105.49,357.66,163.13
8558,2388,16,0.13684,20.79,137.1,47.15,158.42
8559,2388,16,0.06092,162.41,129.81,170.38,138.91
8560,2388,8,0.05002,283.29,104.99,357.59,164.82
8561,2388,16,0.03361,5.4,137.83,36.13,159.63
8562,2388,14,0.01979,281.13,116.94,294.91,141.02
8563,2388,5,0.01765,290.61,104.88,350.53,145.75
8564,2388,16,0.01092,34.18,137.04,59.56,157.53
8565,2388,14,0.00958,279.38,116.93,293.91,131.94
8566,2388,16,0.00786,158.2,129.22,170.63,139.92
8567,2388,14,0.00723,74.17,86.92,129.19,124.34
8568,2388,8,0.00717,79.74,147.14,105.99,179.62
8569,2388,8,0.00682,58.62,183.64,139.33,245.89
8570,2388,8,0.00672,278.59,125.47,293.07,143.88
8571,2388,8,0.00664,276.14,117.98,294.92,143.15
8572,2388,16,0.00587,154.46,141.9,170.34,150.77
8573,2388,8,0.00479,263.51,128.19,281.48,145.96
8574,2388,14,0.00432,274.22,117.21,295.13,143.71
8575,2388,8,0.00372,327.94,132.28,356.03,164.31
8576,2388,14,0.0033,224.83,117.94,250.04,148.78
8577,2388,14,0.00317,327.27,131.66,355.85,164.35
8578,2388,8,0.00316,79.45,142.11,106.82,200.46
8579,2388,14,0.00313,71.72,97.27,132.88,176.68
8580,2388,8,0.00309,269.6,126.54,292.69,142.91
8581,2388,16,0.00306,346.89,137.2,373.2,159.63
8582,2388,14,0.003,259.68,126.14,276.77,136.27
8583,2388,16,0.0028,47.15,136.83,60.61,155.31
8584,2388,16,0.00278,289.58,128.17,349.8,160.9
8585,2388,14,0.00276,290.02,128.24,342.68,162.68
8586,2388,8,0.00258,46.41,135.39,94.59,170.56
8587,2388,14,0.00218,66.73,83.07,139.65,244.21
8588,2388,16,0.00208,159.91,129.84,170.94,143.93
8589,2388,16,0.00193,224.33,124.61,250.05,153.05
8590,2388,8,0.00178,291.1,142.84,307.82,161.78
8591,2388,8,0.00166,221.25,122.13,252.37,153.08
8592,2388,5,0.00161,285.73,182.88,384.68,247.0
8593,2388,16,0.00159,45.83,135.79,84.84,164.92
8594,2388,14,0.00157,332.46,130.47,352.55,151.42
8595,2388,8,0.0015,265.47,122.68,293.39,140.49
8596,2388,8,0.00133,76.51,143.28,128.29,222.49
8597,2388,5,0.0013,261.63,116.73,279.8,132.57
8598,2388,16,0.0013,37.29,136.44,70.5,162.77
8599,2388,14,0.00125,277.76,118.21,303.91,160.41
8600,2388,8,0.00122,281.7,121.84,297.64,160.9
8601,2388,5,0.00121,340.24,136.41,375.42,159.84
8602,2388,8,0.0011,343.68,137.2,372.98,159.75
8603,2388,14,0.00103,279.41,116.27,308.7,147.03
8604,2389,8,0.52336,230.71,111.55,268.7,166.78
8605,2389,16,0.51737,0.38,124.26,19.23,147.68
8606,2389,5,0.48045,274.5,109.12,292.1,126.88
8607,2389,16,0.46489,17.84,123.88,32.52,146.24
8608,2389,16,0.41518,58.06,122.68,72.26,142.53
8609,2389,16,0.41252,31.78,123.3,47.04,144.95
8610,2389,16,0.3537,45.77,122.68,58.2,143.32
8611,2389,16,0.22807,71.1,121.81,83.78,141.28
8612,2389,16,0.21416,127.21,121.26,137.05,135.78
8613,2389,14,0.20653,230.39,112.77,264.02,165.81
8614,2389,16,0.19913,82.43,121.32,93.83,139.46
8615,2389,16,0.19245,91.97,120.9,103.64,139.15
8616,2389,16,0.15988,102.46,121.11,113.23,138.16
8617,2389,14,0.14728,236.54,91.4,270.25,154.7
8618,2389,16,0.129,111.67,120.35,121.71,137.02
8619,2389,16,0.11846,119.94,120.81,131.38,135.71
8620,2389,16,0.11294,33.4,122.95,58.06,143.64
8621,2389,16,0.0917,104.66,120.76,120.79,137.71
8622,2389,16,0.08084,1.03,123.98,32.61,146.51
8623,2389,16,0.07786,60.34,122.19,83.99,141.62
8624,2389,16,0.07101,113.74,120.2,132.35,137.21
8625,2389,16,0.07052,45.66,122.4,69.72,142.54
8626,2389,16,0.06142,172.65,116.76,181.02,125.28
8627,2389,16,0.03918,82.05,120.76,103.42,139.14
8628,2389,16,0.03875,88.65,120.66,113.07,139.3
8629,2389,14,0.03752,234.39,93.48,266.97,129.0
8630,2389,16,0.03051,0.0,122.79,3.84,146.68
8631,2389,14,0.02684,290.19,110.11,301.36,131.78
8632,2389,16,0.02618,96.93,120.68,118.53,138.72
8633,2389,8,0.02614,326.69,110.3,339.69,132.85
8634,2389,16,0.01313,121.2,120.0,137.54,136.88
8635,2389,5,0.00689,276.53,106.22,300.3,128.85
8636,2389,14,0.00652,239.2,128.18,259.23,166.09
8637,2389,16,0.0063,21.06,122.78,50.35,145.4
8638,2389,16,0.00615,268.16,164.86,296.91,176.18
8639,2389,16,0.00601,127.17,116.92,147.46,136.62
8640,2389,14,0.00595,326.1,108.97,341.38,133.54
8641,2389,16,0.00519,111.29,121.84,127.07,138.43
8642,2389,14,0.00496,305.76,109.47,317.29,131.55
8643,2389,16,0.00482,130.65,115.33,144.53,127.62
8644,2389,16,0.00449,166.16,124.68,181.48,137.74
8645,2389,8,0.00365,243.15,93.81,271.22,164.96
8646,2389,8,0.00335,306.43,113.38,317.68,131.52
8647,2389,5,0.00321,260.37,106.79,283.01,124.55
8648,2389,16,0.00255,121.91,146.65,151.66,166.38
8649,2389,16,0.00219,172.68,116.49,183.39,128.36
8650,2389,14,0.00195,291.24,104.02,301.56,118.54
8651,2389,14,0.00189,298.72,107.79,317.48,131.75
8652,2389,7,0.0017,295.77,0.03,338.08,28.73
8653,2389,16,0.0017,117.35,121.15,129.55,138.49
8654,2389,8,0.00166,212.72,114.65,235.36,135.38
8655,2389,14,0.00153,151.52,111.58,160.61,128.42
8656,2389,16,0.00147,347.54,140.95,371.45,160.62
8657,2389,14,0.00129,246.08,94.23,267.05,122.63
8658,2389,5,0.00121,266.34,110.09,283.07,126.31
8659,2389,14,0.00112,290.32,103.73,302.79,123.86
8660,2389,8,0.0011,317.44,111.2,338.45,133.09
8661,2395,15,0.89154,265.7,28.04,301.2,63.67
8662,2395,15,0.04903,25.99,0.0,48.24,16.85
8663,2395,7,0.01399,24.76,0.0,47.7,17.12
8664,2395,5,0.00359,0.0,0.0,295.09,236.0
8665,2395,7,0.0034,25.21,0.0,66.92,16.56
8666,2395,5,0.00274,20.09,0.0,387.27,195.62
8667,2395,16,0.00145,0.12,0.03,25.56,22.07
8668,2395,5,0.00127,0.26,0.0,49.54,23.26
8669,2399,7,0.7276,218.82,108.92,242.13,132.83
8670,2399,7,0.54052,79.45,143.93,113.91,171.46
8671,2399,15,0.00191,219.65,108.59,242.27,132.85
8672,2399,17,0.00116,94.01,20.27,108.8,35.2
8673,2400,15,0.85943,327.44,198.32,358.11,228.9
8674,2400,15,0.81856,350.94,164.14,370.77,187.52
8675,2400,15,0.79578,429.3,180.19,454.99,208.43
8676,2400,7,0.00117,327.7,197.97,359.55,227.57
8677,2401,7,0.88249,273.95,68.83,302.37,100.34
8678,2401,2,0.76801,239.55,12.84,278.71,42.37
8679,2403,5,0.78323,178.68,157.11,308.23,208.55
8680,2403,5,0.76125,329.2,157.0,466.33,211.01
8681,2403,14,0.67955,69.89,123.07,110.9,232.8
8682,2403,8,0.21974,125.55,169.86,154.66,204.02
8683,2403,5,0.05477,311.16,151.51,409.47,203.97
8684,2403,5,0.00218,229.4,0.0,500.0,256.0
8685,2403,5,0.00196,303.96,154.25,395.93,191.38
8686,2403,5,0.00192,366.34,173.07,468.38,210.27
8687,2403,5,0.00172,487.41,94.58,499.98,216.15
8688,2403,5,0.00139,482.92,81.12,499.73,234.0
8689,2403,8,0.00132,486.9,140.1,499.98,213.92
8690,2403,5,0.00118,492.3,158.98,500.0,208.29
8691,2403,5,0.00102,430.42,90.3,500.0,207.82
8692,2410,9,0.87365,331.94,67.71,353.38,84.29
8693,2410,10,0.87303,289.25,17.66,304.82,33.51
8694,2410,17,0.87026,282.56,53.34,298.13,68.75
8695,2410,17,0.86481,266.03,68.56,282.11,84.46
8696,2410,10,0.86387,238.6,89.2,258.68,106.49
8697,2410,11,0.86129,385.12,79.93,408.29,95.86
8698,2410,9,0.80008,309.54,98.68,329.81,119.24
8699,2410,11,0.00186,384.14,80.65,394.05,93.27
8700,2410,5,0.00118,0.08,250.0,55.43,250.0
8701,2423,12,0.87035,195.11,153.96,227.97,187.02
8702,2423,12,0.85598,255.32,145.41,298.01,177.8
8703,2423,12,0.83792,258.2,171.31,297.01,205.32
8704,2423,12,0.83628,335.87,144.19,372.46,177.51
8705,2423,12,0.7751,320.8,135.54,355.03,164.37
8706,2423,12,0.53699,295.3,152.85,341.74,198.29
8707,2423,12,0.51062,181.9,122.33,221.82,159.93
8708,2423,12,0.29881,255.45,92.84,291.25,115.35
8709,2423,14,0.20859,370.35,0.0,486.08,176.78
8710,2423,12,0.08659,372.8,145.43,402.7,167.04
8711,2423,14,0.04924,343.44,0.0,484.6,243.51
8712,2423,12,0.03273,322.2,135.2,355.07,149.58
8713,2423,12,0.03072,221.71,164.62,259.45,192.72
8714,2423,12,0.02677,286.65,134.79,318.13,155.81
8715,2423,14,0.02508,281.48,0.0,484.65,142.38
8716,2423,12,0.02393,245.85,92.69,291.44,122.3
8717,2423,12,0.0136,339.98,123.8,368.68,144.57
8718,2423,12,0.01226,351.51,133.94,380.93,155.77
8719,2423,12,0.0094,277.17,131.34,322.47,155.13
8720,2423,12,0.00707,222.18,150.85,261.72,190.06
8721,2423,12,0.00653,196.46,147.51,222.48,161.89
8722,2423,12,0.00631,365.53,146.45,410.25,188.66
8723,2423,12,0.00491,159.36,158.27,197.47,189.2
8724,2423,16,0.00431,336.02,144.08,372.36,175.01
8725,2423,12,0.00427,293.49,151.71,330.72,181.13
8726,2423,12,0.00391,386.35,163.24,416.79,191.97
8727,2423,14,0.00365,262.55,0.0,461.33,227.1
8728,2423,12,0.0031,199.85,146.62,229.61,160.55
8729,2423,12,0.003,320.38,138.11,344.27,166.48
8730,2423,12,0.00266,220.77,147.06,258.52,177.36
8731,2423,14,0.00264,424.62,0.0,487.0,172.18
8732,2423,11,0.0024,422.42,0.0,454.1,11.92
8733,2423,12,0.00239,360.55,160.86,406.12,183.21
8734,2423,16,0.00234,257.51,171.82,297.12,203.61
8735,2423,12,0.00229,194.55,141.58,265.04,220.16
8736,2423,12,0.00216,346.4,161.91,417.75,201.97
8737,2423,10,0.00203,419.85,0.0,453.78,12.05
8738,2423,14,0.00186,229.69,1.79,413.63,253.66
8739,2423,12,0.00186,256.93,143.56,294.49,155.55
8740,2423,12,0.00185,348.49,127.14,371.31,147.96
8741,2423,12,0.00167,344.47,130.72,371.3,152.52
8742,2423,12,0.00163,254.65,146.6,279.92,178.34
8743,2423,12,0.0016,205.5,86.75,248.52,125.75
8744,2423,8,0.00157,289.69,0.0,487.0,112.57
8745,2423,12,0.00155,265.65,90.64,293.16,105.43
8746,2423,7,0.00152,272.53,0.0,351.13,35.98
8747,2423,16,0.0015,194.68,153.92,228.17,187.29
8748,2423,12,0.00137,370.78,143.75,407.44,173.3
8749,2423,12,0.00134,214.67,165.1,263.35,217.9
8750,2423,5,0.00129,0.0,0.0,307.73,249.92
8751,2423,11,0.00117,158.1,212.16,188.92,239.43
8752,2423,16,0.00106,417.78,0.0,457.18,11.77
8753,2423,16,0.00105,255.41,146.08,299.22,177.06
8754,2426,17,0.56572,108.95,111.02,129.76,130.66
8755,2426,9,0.44069,194.5,128.35,218.97,149.6
8756,2426,9,0.17628,346.22,82.33,367.38,104.67
8757,2426,9,0.12799,219.65,77.57,244.59,98.61
8758,2426,17,0.12477,346.34,82.29,367.21,104.67
8759,2426,8,0.00286,436.56,0.18,506.21,24.04
8760,2426,8,0.00167,375.83,0.05,393.13,12.37
8761,2426,11,0.00121,281.47,153.43,299.03,175.25
8762,2427,7,0.88849,257.91,144.71,285.13,171.06
8763,2427,2,0.85253,190.29,157.8,222.0,196.68
8764,2433,14,0.56785,347.45,107.51,358.28,138.42
8765,2433,5,0.34726,73.77,122.85,91.79,138.41
8766,2433,14,0.22899,310.83,111.76,323.17,132.27
8767,2433,14,0.15043,120.74,122.17,133.95,148.21
8768,2433,5,0.12059,95.54,119.31,116.0,137.75
8769,2433,8,0.11599,324.52,114.64,336.48,131.09
8770,2433,14,0.07802,124.75,122.49,137.26,147.8
8771,2433,14,0.06655,373.97,105.57,388.02,136.41
8772,2433,5,0.03874,81.33,120.63,116.11,139.23
8773,2433,14,0.03733,169.16,121.58,176.24,140.81
8774,2433,5,0.03636,44.23,119.9,65.53,142.22
8775,2433,14,0.03348,8.04,119.71,31.25,167.75
8776,2433,5,0.0315,32.06,120.67,66.38,144.85
8777,2433,5,0.02032,28.69,123.5,50.55,145.57
8778,2433,14,0.01526,118.93,120.03,130.89,140.07
8779,2433,14,0.01126,120.0,121.17,143.79,147.57
8780,2433,14,0.01106,167.14,119.99,177.72,139.62
8781,2433,14,0.0103,369.45,104.52,387.52,143.6
8782,2433,14,0.0071,338.79,111.56,357.35,140.52
8783,2433,5,0.00698,7.44,121.48,50.43,145.22
8784,2433,14,0.00609,116.26,118.88,129.52,135.91
8785,2433,14,0.00582,324.45,114.13,334.65,130.36
8786,2433,14,0.00546,172.44,118.82,183.69,131.4
8787,2433,14,0.00522,169.17,119.98,184.04,141.77
8788,2433,8,0.00444,95.14,119.59,113.83,140.14
8789,2433,14,0.00389,362.52,105.53,385.31,150.6
8790,2433,14,0.00357,182.32,121.92,189.93,137.76
8791,2433,5,0.00328,58.61,120.07,84.57,136.29
8792,2433,5,0.00328,65.2,121.09,92.0,137.08
8793,2433,5,0.00325,37.47,120.12,74.65,141.19
8794,2433,5,0.00324,45.39,119.59,70.72,136.22
8795,2433,14,0.00309,363.81,121.36,381.39,148.51
8796,2433,5,0.00306,0.92,121.34,30.78,166.91
8797,2433,5,0.0029,36.79,119.39,65.68,133.68
8798,2433,14,0.00264,13.31,129.34,30.83,168.23
8799,2433,5,0.0026,7.74,126.53,28.07,147.96
8800,2433,5,0.00242,21.78,126.27,42.57,144.76
8801,2433,8,0.00228,312.08,112.84,333.83,131.64
8802,2433,14,0.00216,373.66,120.06,384.08,140.4
8803,2433,14,0.00214,166.32,119.07,191.78,138.55
8804,2433,14,0.00209,9.68,118.66,39.66,147.08
8805,2433,14,0.00208,155.82,121.13,177.53,140.54
8806,2433,5,0.00186,46.83,123.56,61.25,142.54
8807,2433,5,0.00179,180.22,119.23,201.42,137.16
8808,2433,5,0.00179,7.68,126.02,29.75,160.57
8809,2433,5,0.00178,60.38,118.71,81.74,132.31
8810,2433,5,0.00164,0.0,122.38,8.77,152.09
8811,2433,5,0.00161,58.51,122.3,72.95,139.82
8812,2433,14,0.0016,114.77,117.76,136.36,147.22
8813,2433,5,0.00148,31.18,131.41,41.07,145.51
8814,2433,14,0.00145,20.3,130.33,32.96,155.75
8815,2433,5,0.0014,7.18,133.55,24.5,149.19
8816,2433,14,0.00137,16.02,127.57,30.91,154.47
8817,2433,14,0.00123,22.4,130.32,31.51,146.68
8818,2433,8,0.00123,171.01,119.5,188.75,138.92
8819,2433,14,0.00117,341.52,107.93,361.64,146.78
8820,2433,14,0.00117,0.0,121.31,14.37,143.79
8821,2433,14,0.00115,172.38,121.4,190.1,137.34
8822,2433,8,0.00111,0.0,121.37,8.51,148.51
8823,2433,5,0.00104,147.84,123.27,175.37,141.69
8824,2433,5,0.00103,31.98,121.22,51.31,137.0
8825,2433,5,0.00101,183.69,118.72,212.76,136.68
8826,2443,15,0.80772,306.52,57.72,332.55,84.46
8827,2443,15,0.79799,287.38,128.29,319.97,156.76
8828,2443,15,0.75641,398.63,100.94,435.97,135.3
8829,2443,6,0.00202,83.45,69.32,129.96,114.91
8830,2447,17,0.83647,159.69,92.62,181.49,112.34
8831,2447,17,0.80523,234.9,90.01,253.2,109.96
8832,2447,17,0.44036,314.13,89.09,333.49,109.23
8833,2447,2,0.36927,314.23,89.47,333.53,109.07
8834,2447,2,0.25196,234.43,89.92,253.21,110.04
8835,2447,9,0.23102,314.5,89.14,333.81,108.87
8836,2447,2,0.00477,159.34,92.25,182.11,111.88
8837,2447,2,0.00118,250.97,100.39,283.02,116.95
8838,2447,2,0.00118,374.88,92.4,400.57,112.51
8839,2460,15,0.83863,329.3,167.12,352.68,191.02
8840,2460,6,0.76443,202.49,170.89,274.03,203.94
8841,2460,6,0.00385,200.25,171.03,307.08,233.68
8842,2477,7,0.90973,134.52,79.49,166.67,106.35
8843,2477,2,0.83386,90.48,26.95,120.19,64.86
8844,2477,8,0.00184,329.28,0.0,474.66,0.0
8845,2478,8,0.82553,309.32,108.75,392.28,184.05
8846,2478,8,0.82018,247.34,121.81,322.67,190.2
8847,2478,8,0.74599,393.1,97.86,466.14,177.1
8848,2478,8,0.5646,351.06,98.26,429.31,180.36
8849,2478,14,0.49163,165.77,141.25,175.07,168.35
8850,2478,14,0.42324,153.77,140.58,164.05,168.69
8851,2478,8,0.27976,344.76,98.59,402.25,178.07
8852,2478,8,0.27677,152.76,180.35,237.76,240.23
8853,2478,8,0.27674,157.7,173.71,274.94,241.59
8854,2478,8,0.13403,450.56,106.21,472.88,150.14
8855,2478,8,0.11447,394.0,99.27,438.0,175.83
8856,2478,8,0.11413,458.18,116.27,473.0,149.82
8857,2478,14,0.06534,161.15,140.64,174.57,169.32
8858,2478,8,0.06317,468.14,115.09,473.0,153.64
8859,2478,8,0.04811,413.32,94.97,431.63,121.19
8860,2478,8,0.03622,203.88,184.25,277.55,234.51
8861,2478,8,0.0314,445.84,115.95,467.14,149.57
8862,2478,8,0.02905,376.27,96.21,395.92,122.41
8863,2478,8,0.02511,437.31,107.06,472.53,153.48
8864,2478,8,0.02239,368.19,112.46,398.53,166.35
8865,2478,8,0.01601,82.53,163.93,233.58,244.08
8866,2478,8,0.01545,372.75,96.18,396.41,137.69
8867,2478,8,0.01406,279.41,134.28,314.76,191.93
8868,2478,8,0.01324,309.97,139.9,391.54,184.32
8869,2478,8,0.01266,362.1,108.75,389.99,163.62
8870,2478,8,0.01156,394.72,104.9,408.77,134.09
8871,2478,8,0.00885,366.19,132.98,394.67,169.22
8872,2478,8,0.00873,345.11,99.02,383.33,164.53
8873,2478,8,0.00769,413.37,95.59,451.5,131.38
8874,2478,8,0.00657,222.14,185.53,253.3,228.65
8875,2478,8,0.00629,416.0,100.89,446.14,138.64
8876,2478,8,0.00581,83.06,154.25,113.64,195.12
8877,2478,8,0.00581,416.93,100.28,446.2,164.6
8878,2478,8,0.00576,344.81,99.26,371.02,146.51
8879,2478,8,0.00565,430.05,102.25,448.04,133.85
8880,2478,8,0.00501,410.9,96.01,433.14,132.03
8881,2478,8,0.00479,361.44,117.87,383.93,155.47
8882,2478,8,0.00475,397.77,145.79,428.42,179.76
8883,2478,8,0.00468,468.97,113.94,473.0,172.81
8884,2478,8,0.00435,316.82,118.4,360.63,172.05
8885,2478,8,0.00421,62.23,155.67,189.06,245.26
8886,2478,8,0.0042,284.27,116.97,318.46,187.25
8887,2478,8,0.00417,424.22,98.85,471.26,156.1
8888,2478,8,0.00417,460.53,126.56,473.0,170.49
8889,2478,8,0.00406,407.07,98.57,437.66,141.21
8890,2478,8,0.00405,384.55,142.54,426.26,179.39
8891,2478,8,0.00378,394.36,103.39,417.7,142.41
8892,2478,8,0.00354,445.82,109.78,473.0,172.46
8893,2478,8,0.00315,252.2,121.31,288.42,179.89
8894,2478,8,0.00307,266.05,119.48,298.13,164.35
8895,2478,8,0.00304,376.52,115.32,401.52,163.49
8896,2478,8,0.00299,460.08,139.63,473.0,183.59
8897,2478,8,0.00286,353.1,96.78,396.36,135.67
8898,2478,16,0.00276,86.67,162.11,113.21,194.42
8899,2478,8,0.00272,405.18,100.0,442.44,158.92
8900,2478,8,0.00253,387.39,102.35,408.02,147.05
8901,2478,8,0.00239,159.64,115.35,295.15,248.65
8902,2478,8,0.00226,123.64,161.43,192.93,243.64
8903,2478,8,0.00225,159.32,162.85,188.62,240.6
8904,2478,8,0.00216,287.7,123.4,311.36,157.35
8905,2478,8,0.00215,398.05,108.29,429.04,160.89
8906,2478,8,0.00211,432.27,100.31,455.59,134.53
8907,2478,8,0.00209,265.31,119.85,289.21,176.89
8908,2478,8,0.00196,395.99,132.59,465.48,176.32
8909,2478,8,0.00195,346.31,99.33,367.84,128.72
8910,2478,14,0.0019,393.56,144.56,426.58,178.44
8911,2478,8,0.00179,406.09,95.09,429.63,124.47
8912,2478,8,0.00178,358.78,110.69,379.73,151.52
8913,2478,8,0.00177,469.19,139.68,473.0,189.16
8914,2478,8,0.00176,400.49,97.1,432.5,135.01
8915,2478,8,0.00176,375.26,96.67,390.3,119.38
8916,2478,8,0.00174,81.74,153.37,119.41,215.04
8917,2478,8,0.00173,60.19,151.46,122.75,219.3
8918,2478,8,0.00171,395.06,95.94,429.43,146.27
8919,2478,8,0.00155,211.92,186.0,233.3,210.74
8920,2478,8,0.00154,369.29,96.25,396.69,156.13
8921,2478,8,0.00154,395.31,100.52,421.19,126.31
8922,2478,8,0.00153,212.52,183.37,260.25,219.94
8923,2478,8,0.00153,429.19,106.02,462.73,160.14
8924,2478,8,0.00148,213.77,187.5,232.6,225.96
8925,2478,8,0.00146,254.98,122.04,279.96,169.67
8926,2478,8,0.00139,313.16,135.49,347.49,183.99
8927,2478,8,0.00137,262.99,123.95,277.13,144.82
8928,2478,5,0.00135,0.0,135.97,15.57,168.92
8929,2478,8,0.0013,350.82,103.96,375.49,140.12
8930,2478,8,0.00128,312.47,108.86,329.32,143.23
8931,2478,5,0.00124,468.41,113.06,473.0,151.19
8932,2478,8,0.00124,443.25,135.4,467.02,173.58
8933,2478,8,0.00122,400.57,129.57,428.77,155.2
8934,2478,8,0.00118,311.74,109.4,343.03,149.43
8935,2478,8,0.00117,372.42,96.96,389.57,131.45
8936,2478,8,0.00117,446.22,89.55,472.79,149.63
8937,2478,5,0.00114,0.29,140.86,26.14,171.54
8938,2478,8,0.00113,411.3,94.86,451.75,152.91
8939,2478,8,0.00112,425.61,102.64,447.74,157.21
8940,2478,8,0.00107,447.5,123.83,464.55,151.81
8941,2484,11,0.86269,249.43,121.89,283.08,150.0
8942,2484,11,0.81085,117.92,179.23,158.16,211.16
8943,2484,11,0.7998,189.85,112.27,217.26,142.43
8944,2484,11,0.79696,94.07,112.13,122.34,139.92
8945,2484,11,0.77611,177.72,134.29,210.89,167.01
8946,2484,10,0.65547,212.15,157.1,242.87,187.6
8947,2484,11,0.27379,212.15,157.06,243.04,187.63
8948,2484,0,0.01598,118.35,179.12,158.31,211.04
8949,2484,0,0.00329,177.38,133.5,211.43,167.36
8950,2484,0,0.00202,249.63,121.37,283.29,149.29
8951,2484,11,0.00133,334.4,176.49,379.55,209.57
8952,2484,11,0.00116,452.12,141.33,488.0,175.6
8953,2484,5,0.00115,211.93,156.75,243.24,187.31
8954,2491,2,0.78648,178.92,124.98,192.41,141.74
8955,2491,2,0.75507,235.4,118.09,246.29,133.96
8956,2491,2,0.74384,223.44,146.46,235.64,164.36
8957,2491,2,0.7325,273.06,130.08,283.88,147.43
8958,2491,14,0.00242,486.18,0.62,490.0,39.37
8959,2491,8,0.0018,60.89,1.65,106.42,16.52
8960,2491,14,0.00127,474.48,0.72,490.0,37.75
8961,2491,14,0.00126,479.24,74.59,489.13,86.8
8962,2493,15,0.54887,271.38,151.15,335.7,210.55
8963,2493,8,0.0292,379.95,1.44,498.62,124.41
8964,2493,15,0.01631,274.98,165.56,338.17,232.81
8965,2493,8,0.01471,426.1,0.0,500.0,152.5
8966,2493,8,0.00441,340.54,0.24,478.28,147.59
8967,2493,15,0.00247,217.11,162.26,257.58,202.4
8968,2493,8,0.00226,356.32,0.52,497.38,75.85
8969,2493,6,0.00151,428.53,39.44,462.93,102.76
8970,2493,14,0.00126,411.61,0.0,488.7,0.0
8971,2493,8,0.00124,382.4,0.38,468.27,54.8
8972,2493,14,0.0012,166.0,109.71,198.77,155.82
8973,2498,17,0.89298,341.59,134.88,360.01,152.66
8974,2498,7,0.87824,369.31,95.52,398.85,118.75
8975,2498,17,0.87569,354.09,110.95,371.94,128.35
8976,2498,7,0.85734,304.74,93.79,332.51,116.25
8977,2498,0,0.03248,353.77,111.05,371.91,128.28
8978,2498,9,0.01722,371.72,56.29,391.85,74.28
8979,2498,11,0.0042,386.12,150.88,413.08,170.39
8980,2498,0,0.00143,341.49,134.85,359.72,152.62
8981,2498,9,0.00112,385.75,151.14,412.56,170.23
8982,2498,17,0.001,371.76,56.85,391.86,74.08
8983,2505,0,0.90627,104.18,131.45,147.88,176.62
8984,2505,1,0.71068,167.35,75.2,210.67,118.69
8985,2505,0,0.63421,167.53,75.45,210.2,118.61
8986,2505,6,0.03165,479.29,109.45,498.85,204.42
8987,2505,6,0.02052,480.99,115.75,499.0,168.6
8988,2505,6,0.01918,466.77,107.11,498.76,205.69
8989,2505,6,0.00778,0.05,169.75,46.47,212.83
8990,2505,6,0.00469,481.24,71.52,498.97,220.81
8991,2505,1,0.00332,103.97,131.08,147.97,177.53
8992,2505,6,0.00187,363.29,182.14,418.06,250.26
8993,2505,6,0.00117,448.4,118.95,499.0,201.84
8994,2505,6,0.00114,494.87,108.11,499.0,178.49
8995,2507,5,0.76529,220.01,145.21,271.0,178.3
8996,2507,5,0.71123,61.13,140.14,102.24,168.89
8997,2507,5,0.53204,131.27,144.57,169.91,175.6
8998,2507,5,0.52756,305.93,150.16,325.26,165.65
8999,2507,8,0.35701,0.05,154.7,26.22,184.81
9000,2507,14,0.3516,329.07,150.67,341.36,176.39
9001,2507,5,0.31251,463.18,146.83,476.66,157.05
9002,2507,5,0.10098,374.06,148.88,391.09,162.08
9003,2507,8,0.05716,487.44,149.04,498.93,177.66
9004,2507,14,0.02161,287.91,147.97,296.04,164.36
9005,2507,14,0.02127,258.73,159.68,270.59,179.62
9006,2507,14,0.01787,491.1,151.12,498.97,177.43
9007,2507,14,0.01687,103.68,150.6,155.85,205.58
9008,2507,8,0.01363,490.11,155.4,498.85,177.42
9009,2507,14,0.01266,222.49,132.27,245.26,152.14
9010,2507,14,0.01238,0.0,155.77,12.56,178.36
9011,2507,5,0.01159,172.86,144.47,209.15,169.04
9012,2507,14,0.01127,285.51,147.06,299.61,165.21
9013,2507,8,0.01029,0.0,155.64,12.61,177.13
9014,2507,5,0.00965,111.41,144.8,171.5,185.09
9015,2507,5,0.00939,428.44,146.86,459.48,162.73
9016,2507,5,0.009,491.16,151.02,499.0,177.67
9017,2507,14,0.00834,323.24,146.22,334.81,156.91
9018,2507,14,0.00812,324.57,149.83,340.21,172.85
9019,2507,5,0.00728,34.97,142.17,88.41,169.71
9020,2507,5,0.00711,456.56,147.61,474.87,157.19
9021,2507,5,0.00705,399.55,145.45,422.69,160.89
9022,2507,5,0.00671,394.02,146.78,421.67,165.35
9023,2507,8,0.00659,493.69,155.17,498.97,178.11
9024,2507,5,0.00644,375.46,148.78,400.83,166.17
9025,2507,8,0.00608,0.28,145.07,31.26,182.85
9026,2507,5,0.00542,36.58,144.18,67.21,168.37
9027,2507,14,0.00525,102.19,136.24,131.7,206.73
9028,2507,8,0.00524,0.0,139.84,10.65,175.86
9029,2507,5,0.00511,367.71,152.31,385.98,169.92
9030,2507,5,0.00428,165.3,143.72,206.99,176.52
9031,2507,8,0.00427,6.8,171.15,25.09,184.04
9032,2507,14,0.00426,207.42,145.94,226.73,173.22
9033,2507,5,0.00415,457.43,148.17,465.84,157.84
9034,2507,5,0.00414,368.6,149.73,396.73,169.15
9035,2507,17,0.00394,467.45,45.96,478.95,57.54
9036,2507,5,0.00384,426.56,191.99,499.0,240.03
9037,2507,8,0.0038,11.89,153.33,33.93,174.72
9038,2507,5,0.00378,280.5,155.47,292.45,164.87
9039,2507,8,0.0037,280.75,147.82,295.99,165.07
9040,2507,14,0.0037,205.26,145.22,223.09,162.06
9041,2507,14,0.0036,0.01,147.89,9.22,176.85
9042,2507,5,0.00348,429.95,146.99,475.01,161.52
9043,2507,14,0.00332,373.41,153.81,382.63,171.22
9044,2507,14,0.00331,226.02,133.26,246.94,148.1
9045,2507,8,0.0032,0.02,156.57,8.02,177.73
9046,2507,8,0.00308,0.0,156.77,15.63,185.78
9047,2507,14,0.00305,253.49,164.38,266.34,179.79
9048,2507,5,0.00288,79.81,141.2,104.87,157.58
9049,2507,14,0.00273,238.22,136.2,248.22,146.68
9050,2507,5,0.00262,375.39,154.46,402.77,167.95
9051,2507,5,0.00259,42.39,145.4,77.79,168.69
9052,2507,14,0.00258,327.71,145.63,344.87,164.67
9053,2507,14,0.00252,211.17,149.01,224.65,162.03
9054,2507,5,0.00251,484.69,150.41,498.97,175.5
9055,2507,5,0.0025,463.94,148.31,486.08,159.34
9056,2507,5,0.00243,210.71,158.75,228.86,174.29
9057,2507,14,0.00239,289.89,147.46,301.1,166.42
9058,2507,8,0.00237,389.03,155.38,397.65,168.51
9059,2507,14,0.00234,320.16,146.59,339.26,168.06
9060,2507,14,0.00232,330.76,150.91,345.15,172.64
9061,2507,5,0.00229,174.12,145.28,236.84,185.92
9062,2507,5,0.00228,279.12,148.28,295.98,166.13
9063,2507,5,0.00227,178.87,143.77,217.48,161.85
9064,2507,14,0.00222,0.0,141.9,6.09,177.58
9065,2507,5,0.00217,384.12,148.98,422.11,168.26
9066,2507,5,0.00216,37.24,151.61,65.22,172.82
9067,2507,5,0.00212,208.59,148.43,243.77,183.5
9068,2507,5,0.0021,440.81,144.8,475.48,157.65
9069,2507,5,0.00207,397.34,149.59,411.22,162.77
9070,2507,14,0.00197,282.29,148.45,295.48,166.12
9071,2507,5,0.00189,354.42,152.16,388.3,171.52
9072,2507,5,0.00185,379.63,146.08,403.08,160.94
9073,2507,8,0.00185,484.13,152.98,497.52,169.75
9074,2507,5,0.00184,397.42,147.66,415.15,160.52
9075,2507,5,0.0017,317.39,145.98,329.63,157.08
9076,2507,14,0.00166,320.79,146.4,335.31,160.82
9077,2507,14,0.00163,104.39,167.25,124.27,205.17
9078,2507,14,0.00162,199.75,144.8,224.18,171.65
9079,2507,5,0.00161,36.44,151.9,55.08,170.91
9080,2507,16,0.00161,495.82,183.2,499.0,194.03
9081,2507,5,0.00154,101.79,142.78,132.8,158.73
9082,2507,5,0.00149,89.04,141.54,105.67,164.2
9083,2507,14,0.00146,211.87,149.0,233.3,173.09
9084,2507,5,0.00142,214.18,148.37,256.41,179.8
9085,2507,5,0.00141,395.93,153.18,402.46,160.72
9086,2507,8,0.00136,210.79,151.67,233.73,175.94
9087,2507,5,0.00134,358.1,147.96,390.61,167.65
9088,2507,8,0.00133,210.89,157.67,227.25,174.43
9089,2507,5,0.00129,114.94,144.37,137.19,162.45
9090,2507,14,0.00128,104.45,179.98,155.42,204.34
9091,2507,5,0.00128,441.55,148.79,460.08,157.36
9092,2507,5,0.00125,494.3,150.18,499.0,179.41
9093,2507,14,0.00125,227.43,132.82,239.83,147.89
9094,2507,14,0.00125,0.32,155.25,25.04,173.31
9095,2507,5,0.00123,421.62,209.8,498.51,240.46
9096,2507,5,0.00116,209.53,156.49,233.36,191.06
9097,2507,5,0.00115,303.39,150.29,318.75,164.86
9098,2507,5,0.00108,456.42,148.2,478.27,171.0
9099,2507,14,0.00108,204.54,157.31,233.62,191.33
9100,2507,5,0.00106,184.88,148.22,208.9,173.25
9101,2507,5,0.00105,495.68,181.77,499.0,196.29
9102,2507,5,0.00105,102.94,143.7,147.0,168.75
9103,2507,14,0.00103,484.46,153.19,494.96,164.47
9104,2507,5,0.00103,453.68,149.23,463.48,157.98
9105,2507,8,0.00103,0.05,157.84,4.97,185.2
9106,2508,7,0.81702,381.47,102.35,405.22,123.57
9107,2508,6,0.00354,428.87,143.28,464.22,172.92
9108,2516,15,0.90033,395.6,162.32,416.26,180.85
9109,2516,8,0.01369,338.68,10.99,376.06,40.84
9110,2516,14,0.00148,129.12,34.47,140.58,58.23
9111,2516,16,0.00126,0.05,140.4,48.4,176.87
9112,2516,5,0.00106,0.0,78.14,12.48,95.08
9113,2546,15,0.77187,167.96,182.43,187.86,200.5
9114,2546,15,0.76036,223.77,169.41,244.44,187.16
9115,2546,7,0.42102,220.07,203.78,247.19,228.12
9116,2546,15,0.03735,220.32,203.57,247.38,228.28
9117,2546,17,0.00393,262.7,199.45,274.87,212.05
9118,2546,15,0.00109,221.12,203.92,244.7,220.0
9119,2547,15,0.80435,171.41,182.14,192.3,205.15
9120,2547,2,0.77878,94.46,141.16,111.43,158.55
9121,2549,2,0.59627,201.44,128.63,233.2,160.49
9122,2549,8,0.44367,433.01,0.3,509.8,38.41
9123,2549,8,0.17365,349.55,0.0,508.59,35.59
9124,2549,8,0.01953,355.01,0.25,431.9,31.5
9125,2549,8,0.00763,393.52,0.0,490.61,37.06
9126,2549,8,0.0041,368.85,0.0,509.47,45.44
9127,2549,8,0.00347,413.66,0.0,510.0,160.24
9128,2549,8,0.00188,349.68,0.0,508.61,146.12
9129,2549,8,0.00188,425.27,0.0,477.67,37.11
9130,2549,8,0.00163,436.64,0.0,509.69,43.05
9131,2549,8,0.00141,308.26,187.3,507.82,255.0
9132,2549,8,0.00117,352.69,0.14,399.34,28.51
9133,2549,17,0.00116,273.19,100.2,289.14,115.46
9134,2549,2,0.00115,40.31,118.1,73.79,148.52
9135,2549,8,0.00104,365.16,133.34,506.54,255.0
9136,2552,15,0.77857,60.98,65.95,80.91,84.5
9137,2552,15,0.75038,118.39,58.0,139.03,76.49
9138,2552,15,0.66074,110.94,93.18,139.56,117.41
9139,2552,7,0.0049,111.41,92.5,138.56,117.43
9140,2552,14,0.00115,0.04,126.26,3.88,152.39
9141,2552,14,0.00101,0.0,123.03,10.04,157.51
9142,2557,7,0.77229,192.32,178.65,214.73,195.16
9143,2557,7,0.75959,264.59,182.3,288.19,203.79
9144,2558,7,0.80018,45.89,75.36,71.01,95.89
9145,2558,7,0.78188,68.4,41.82,92.65,59.62
9146,2558,5,0.00136,402.13,5.16,445.37,21.65
9147,2558,5,0.00113,399.78,4.11,489.0,22.2
9148,2559,10,0.86274,202.9,55.15,217.39,67.23
9149,2559,9,0.83985,220.7,75.73,237.07,88.27
9150,2559,17,0.81954,232.13,55.16,243.47,66.61
9151,2559,10,0.81953,287.5,44.48,300.66,56.06
9152,2559,11,0.80748,272.86,89.86,285.28,102.77
9153,2559,9,0.64451,263.63,73.52,275.67,85.11
9154,2559,9,0.56569,257.54,57.35,268.76,67.77
9155,2559,11,0.06841,186.79,123.23,219.93,148.59
9156,2559,17,0.01245,263.61,73.16,275.22,85.01
9157,2559,17,0.00852,257.39,57.18,268.03,67.82
9158,2571,14,0.77342,356.76,150.35,398.23,241.83
9159,2571,14,0.76629,230.14,165.74,261.46,235.73
9160,2571,14,0.75638,196.91,155.73,220.85,236.34
9161,2571,14,0.70976,135.36,138.43,177.19,239.31
9162,2571,8,0.69082,439.46,158.44,494.77,251.18
9163,2571,14,0.07054,58.03,145.67,84.77,237.42
9164,2571,14,0.00656,193.46,172.91,257.11,237.0
9165,2571,8,0.00594,454.66,159.72,489.57,235.92
9166,2571,14,0.00582,490.61,118.78,495.0,173.08
9167,2571,14,0.00503,58.32,183.34,85.03,235.56
9168,2571,8,0.00466,452.4,161.39,476.91,237.03
9169,2571,14,0.0033,50.62,136.12,90.94,239.34
9170,2571,14,0.00319,466.66,158.35,495.0,226.21
9171,2571,14,0.00292,225.83,184.43,247.65,236.03
9172,2571,5,0.00244,0.48,163.21,43.58,203.6
9173,2571,14,0.00223,192.15,204.45,251.35,237.17
9174,2571,14,0.00202,481.28,119.6,495.0,165.31
9175,2571,14,0.00182,491.1,136.81,495.0,189.94
9176,2571,14,0.00179,491.32,134.59,495.0,167.86
9177,2571,8,0.00172,467.22,157.08,495.0,225.13
9178,2571,8,0.00168,459.98,140.58,494.84,219.08
9179,2571,5,0.00142,76.28,183.74,144.45,214.47
9180,2571,14,0.00134,469.08,140.16,495.0,186.21
9181,2571,14,0.00133,450.93,140.55,490.67,219.41
9182,2571,14,0.0011,490.64,79.53,495.0,162.17
9183,2571,8,0.00109,424.61,160.71,448.58,201.29
9184,2571,8,0.00104,449.84,166.98,475.59,213.68
9185,2574,5,0.83295,228.14,81.45,285.98,114.47
9186,2574,5,0.82242,278.41,107.56,373.75,150.41
9187,2574,5,0.76919,147.49,63.31,175.9,89.24
9188,2574,5,0.54341,182.37,42.04,202.3,58.71
9189,2574,8,0.53274,171.13,145.14,202.13,197.11
9190,2574,5,0.16261,57.9,19.44,85.38,35.43
9191,2574,5,0.06517,20.08,28.98,52.5,46.61
9192,2574,5,0.03415,57.19,13.91,118.7,36.26
9193,2574,5,0.03221,157.79,5.03,182.17,17.02
9194,2574,5,0.00976,57.79,11.11,94.7,35.55
9195,2574,5,0.00811,0.0,42.97,9.22,58.4
9196,2574,5,0.00784,156.79,5.07,234.46,41.79
9197,2574,5,0.00494,33.46,19.23,52.83,28.9
9198,2574,8,0.00434,171.0,163.5,199.4,196.97
9199,2574,5,0.00427,14.9,51.34,31.52,64.43
9200,2574,5,0.00313,65.38,7.49,115.11,27.0
9201,2574,8,0.00286,15.09,53.18,32.0,64.17
9202,2574,5,0.00266,0.0,44.3,6.94,63.45
9203,2574,5,0.00248,156.66,4.87,230.16,28.16
9204,2574,8,0.00247,140.74,144.35,203.46,196.37
9205,2574,5,0.0024,71.74,13.14,116.42,32.54
9206,2574,5,0.00236,0.0,43.83,14.71,57.08
9207,2574,5,0.00233,152.13,5.39,203.52,27.39
9208,2574,5,0.00226,28.33,18.14,52.47,31.83
9209,2574,14,0.00216,178.27,145.82,202.03,172.23
9210,2574,5,0.00208,62.77,8.51,93.36,24.76
9211,2574,5,0.00205,194.67,23.16,273.18,63.88
9212,2574,5,0.00199,299.76,39.65,336.18,62.58
9213,2574,5,0.00195,194.36,39.98,240.97,69.01
9214,2574,5,0.00195,14.7,56.16,31.68,63.97
9215,2574,5,0.00184,6.53,29.04,47.77,51.19
9216,2574,8,0.0018,174.33,146.41,202.54,175.39
9217,2574,5,0.00173,150.51,5.44,181.96,25.0
9218,2574,5,0.00172,0.02,18.24,8.02,50.03
9219,2574,5,0.00165,0.0,29.13,10.61,54.08
9220,2574,5,0.00161,37.86,31.85,52.99,43.29
9221,2574,14,0.00161,178.54,148.41,202.62,185.15
9222,2574,5,0.00143,9.77,27.09,46.76,44.77
9223,2574,8,0.00128,476.48,0.28,480.0,24.87
9224,2574,8,0.00127,165.75,156.18,196.46,191.25
9225,2574,5,0.00118,165.41,12.53,214.95,48.25
9226,2574,5,0.00118,0.0,23.03,6.76,44.86
9227,2574,5,0.00112,309.44,72.69,336.32,89.03
9228,2574,14,0.00112,203.92,47.27,211.71,69.07
9229,2577,10,0.84799,240.9,111.88,255.54,123.95
9230,2577,9,0.83022,257.84,134.07,273.86,146.69
9231,2577,10,0.81937,325.09,106.01,338.53,117.6
9232,2577,17,0.8186,270.21,113.8,281.53,125.18
9233,2577,11,0.81133,309.06,151.14,321.47,164.46
9234,2577,17,0.7305,300.02,133.58,312.35,145.84
9235,2577,17,0.58662,295.44,117.3,306.29,127.64
9236,2577,11,0.08229,221.93,182.04,254.55,206.2
9237,2577,11,0.00955,243.67,215.74,255.6,224.82
9238,2584,2,0.83432,195.88,12.4,219.29,30.41
9239,2584,2,0.81261,85.29,15.77,110.49,33.73
9240,2584,2,0.79425,249.81,44.03,275.15,64.35
9241,2584,2,0.77818,137.6,55.5,163.77,74.97
9242,2584,2,0.00495,496.62,188.05,500.0,204.37
9243,2588,10,0.92638,417.19,167.03,440.42,187.63
9244,2588,17,0.91109,369.09,185.54,388.99,204.7
9245,2588,10,0.90719,280.79,211.33,304.8,233.16
9246,2588,9,0.87364,306.5,129.51,327.58,150.72
9247,2588,10,0.8682,367.91,109.75,391.03,129.3
9248,2588,17,0.8567,332.51,201.22,352.77,221.58
9249,2588,11,0.77973,269.67,85.95,289.98,105.33
9250,2590,2,0.83518,174.75,135.3,198.93,153.12
9251,2590,2,0.81383,115.06,178.11,141.29,196.79
9252,2590,2,0.81288,65.88,137.08,89.64,154.77
9253,2590,2,0.78696,227.06,167.97,253.54,188.13
9254,2590,2,0.0034,48.23,126.97,87.89,153.5
9255,2590,2,0.0012,192.15,71.42,218.22,97.24
9256,2593,5,0.76067,377.03,158.66,498.83,212.84
9257,2593,14,0.70729,34.99,143.29,68.85,234.29
9258,2593,14,0.50359,344.53,103.39,391.81,256.0
9259,2593,14,0.4931,267.83,133.33,324.25,255.86
9260,2593,5,0.29911,207.94,153.77,309.69,206.14
9261,2593,8,0.23024,137.05,163.69,183.31,199.77
9262,2593,8,0.22151,156.07,163.25,182.7,199.2
9263,2593,14,0.21321,233.41,139.72,326.53,256.0
9264,2593,5,0.17245,367.02,141.33,430.25,199.59
9265,2593,5,0.1611,376.24,141.62,429.32,168.32
9266,2593,5,0.15996,209.05,159.11,273.04,206.74
9267,2593,14,0.14268,239.53,144.79,280.51,204.89
9268,2593,17,0.08909,82.31,201.21,93.99,213.02
9269,2593,5,0.07712,306.85,163.84,339.45,207.46
9270,2593,5,0.07432,84.05,162.54,199.16,205.81
9271,2593,5,0.0498,208.46,147.33,333.74,254.68
9272,2593,14,0.0495,242.46,145.61,275.19,183.38
9273,2593,5,0.04253,378.92,141.82,429.19,156.44
9274,2593,5,0.02667,110.38,161.25,188.69,201.18
9275,2593,16,0.01729,242.64,146.17,271.41,175.6
9276,2593,16,0.00801,82.48,201.19,94.19,213.07
9277,2593,5,0.00408,345.55,122.41,430.69,204.91
9278,2593,5,0.00383,284.62,145.54,339.89,207.91
9279,2593,14,0.00368,216.41,143.48,282.15,214.85
9280,2593,14,0.00354,360.79,114.9,391.98,255.83
9281,2593,14,0.00335,268.59,125.67,306.36,170.9
9282,2593,5,0.003,72.48,166.46,165.12,205.69
9283,2593,5,0.00293,496.02,160.35,500.0,218.22
9284,2593,14,0.00228,274.22,142.79,312.25,256.0
9285,2593,5,0.00224,410.32,170.65,499.5,213.25
9286,2593,14,0.00219,241.01,142.54,290.47,180.59
9287,2593,5,0.00162,488.09,162.34,500.0,213.06
9288,2593,8,0.00155,86.81,163.46,183.79,206.9
9289,2593,14,0.00152,277.86,143.44,309.61,218.19
9290,2593,14,0.00146,346.34,106.54,452.5,253.62
9291,2593,5,0.00126,466.87,140.51,499.94,190.52
9292,2593,14,0.0012,42.24,143.22,69.2,204.76
9293,2594,2,0.79992,178.27,55.79,190.83,73.05
9294,2594,2,0.78724,256.91,64.26,269.62,81.16
9295,2594,2,0.76846,244.55,42.11,256.31,57.67
9296,2594,2,0.75201,192.93,38.77,204.29,54.4
9297,2608,0,0.82268,271.55,138.92,319.05,183.33
9298,2608,0,0.604,346.84,61.94,392.98,105.78
9299,2608,12,0.57365,271.07,138.39,318.79,183.21
9300,2608,1,0.18018,345.93,60.09,393.03,105.48
9301,2608,11,0.11086,346.1,60.7,392.43,106.61
9302,2608,11,0.02016,271.51,137.71,320.36,184.75
9303,2609,12,0.8978,392.09,9.53,430.02,44.81
9304,2609,0,0.87813,323.95,87.89,361.93,129.13
9305,2609,12,0.87794,87.38,81.27,124.79,115.68
9306,2609,0,0.87789,139.04,28.43,176.21,65.89
9307,2609,3,0.87385,391.68,111.68,440.04,210.55
9308,2609,13,0.84731,218.75,74.09,254.05,110.0
9309,2609,1,0.82337,210.57,148.29,248.85,184.43
9310,2609,4,0.75888,254.56,4.65,332.44,51.79
9311,2609,3,0.74487,124.38,139.5,166.82,212.6
9312,2609,3,0.07851,101.01,139.36,146.03,158.69
9313,2609,3,0.06006,98.53,139.09,168.3,215.4
9314,2609,3,0.01618,392.69,112.52,435.63,162.56
9315,2609,12,0.01613,91.26,73.29,112.28,85.17
9316,2609,0,0.01017,210.72,145.47,249.83,184.23
9317,2609,3,0.00924,64.61,224.57,96.58,251.51
9318,2609,12,0.00353,63.73,225.01,96.55,252.0
9319,2609,16,0.00206,391.54,10.0,429.99,44.83
9320,2609,12,0.00199,88.43,75.18,115.25,88.23
9321,2609,16,0.00156,87.04,81.27,124.71,115.8
9322,2609,3,0.00147,123.25,139.93,165.86,169.38
9323,2609,17,0.0013,324.0,87.42,361.97,130.83
9324,2609,8,0.00116,435.32,1.01,489.85,23.85
9325,2609,3,0.00116,402.54,183.78,441.83,208.11
9326,2614,10,0.86886,379.41,153.06,393.78,168.18
9327,2614,9,0.85705,309.23,124.11,324.14,139.9
9328,2614,17,0.83038,222.0,104.78,234.31,116.56
9329,2614,9,0.74517,249.54,127.24,265.39,140.97
9330,2614,11,0.14333,414.84,100.85,435.66,112.19
9331,2614,9,0.00505,446.96,156.0,460.52,170.06
9332,2614,11,0.00374,408.51,93.39,433.92,113.3
9333,2614,17,0.00207,446.91,156.28,460.12,170.25
9334,2614,17,0.00114,174.39,153.67,184.34,164.63
9335,2615,10,0.90915,381.0,54.8,404.54,77.09
9336,2615,17,0.82312,163.02,46.32,180.95,62.85
9337,2615,10,0.82198,260.85,80.75,282.08,105.3
9338,2615,9,0.81615,365.59,134.59,400.4,168.22
9339,2615,17,0.54383,260.42,80.95,282.37,107.23
9340,2615,9,0.5065,285.04,36.83,306.22,59.66
9341,2615,10,0.23302,285.08,36.72,306.19,58.93
9342,2615,8,0.00314,396.67,0.6,493.65,97.44
9343,2615,8,0.00225,409.51,0.37,458.13,20.29
9344,2615,14,0.00225,141.27,136.3,155.87,164.54
9345,2615,8,0.00187,453.16,0.42,500.37,119.85
9346,2615,17,0.00184,399.53,182.34,425.47,208.91
9347,2615,14,0.00177,140.86,135.19,171.25,169.08
9348,2615,14,0.00161,133.17,133.26,164.48,166.2
9349,2615,6,0.00129,365.27,134.59,400.04,167.69
9350,2615,8,0.00126,454.17,0.47,484.37,49.36
9351,2621,10,0.85998,221.6,3.59,250.73,36.43
9352,2621,11,0.82538,145.2,108.54,185.67,142.3
9353,2621,11,0.80531,332.13,74.54,377.58,110.0
9354,2621,11,0.80154,294.28,34.87,327.13,74.24
9355,2621,10,0.72168,239.24,112.13,279.68,149.66
9356,2621,11,0.64031,246.31,65.55,284.82,107.2
9357,2621,9,0.27857,240.6,112.69,281.35,148.73
9358,2621,0,0.02263,144.76,108.06,186.15,142.29
9359,2621,0,0.01163,294.54,34.59,326.62,74.79
9360,2621,0,0.00891,333.05,74.61,377.81,110.66
9361,2621,12,0.00383,221.55,3.57,250.9,36.44
9362,2621,12,0.0023,239.01,112.5,281.46,149.34
9363,2621,0,0.00199,246.72,65.31,282.21,106.91
9364,2624,15,0.88245,89.37,50.1,107.52,69.76
9365,2624,15,0.07701,409.11,74.6,451.25,108.61
9366,2624,11,0.00894,379.57,10.25,429.88,39.32
9367,2624,11,0.00101,434.88,0.34,470.41,25.59
9368,2625,2,0.54981,409.54,156.52,442.02,188.9
9369,2625,8,0.22447,326.77,0.0,503.45,51.89
9370,2625,8,0.07498,274.41,0.0,466.57,49.1
9371,2625,8,0.02083,373.11,0.0,460.42,46.78
9372,2625,8,0.0177,439.5,0.35,505.89,54.15
9373,2625,14,0.00187,389.48,89.3,438.14,134.86
9374,2628,10,0.65379,363.35,65.8,384.41,86.46
9375,2628,10,0.58157,135.77,84.19,158.83,103.07
9376,2628,11,0.00944,227.76,120.21,245.17,137.73
9377,2628,17,0.00813,386.14,14.33,399.02,22.46
9378,2628,17,0.00774,386.33,16.62,393.43,22.55
9379,2628,11,0.00627,195.05,173.81,219.04,200.51
9380,2628,11,0.00574,226.89,133.77,239.8,146.97
9381,2628,11,0.00348,124.68,81.51,144.11,92.57
9382,2628,17,0.00321,28.1,70.18,47.53,87.35
9383,2628,17,0.00195,96.15,11.6,112.02,28.87
9384,2628,11,0.00134,200.49,97.94,215.44,116.81
9385,2630,15,0.75011,86.96,143.59,108.96,162.32
9386,2630,15,0.71036,28.23,151.17,49.38,169.61
9387,2630,15,0.41953,79.56,178.45,108.19,204.45
9388,2630,5,0.01431,106.64,113.83,213.28,139.51
9389,2630,7,0.01389,79.73,178.75,107.82,204.7
9390,2636,2,0.86468,369.19,154.93,399.27,193.55
9391,2636,2,0.65674,275.19,125.15,306.49,153.55
9392,2636,17,0.51911,368.53,107.44,385.47,121.97
9393,2636,2,0.12801,368.77,107.18,386.17,122.23
9394,2636,17,0.00866,277.22,125.69,306.2,153.14
9395,2636,2,0.00299,320.62,73.3,371.32,136.78
9396,2636,2,0.00234,320.72,160.0,346.37,188.17
9397,2636,2,0.00195,317.43,101.21,363.89,160.28
9398,2639,2,0.79606,292.1,157.16,309.65,170.43
9399,2639,2,0.78062,406.43,169.51,425.11,185.02
9400,2639,2,0.76776,366.16,153.67,383.52,166.99
9401,2639,2,0.67489,330.97,178.19,348.3,190.86
9402,2639,2,0.01218,332.34,109.49,363.42,149.01
9403,2639,8,0.00539,0.0,0.14,6.62,14.77
9404,2639,14,0.00434,0.0,0.2,7.18,16.4
9405,2639,14,0.003,0.03,0.0,8.31,39.99
9406,2639,14,0.00221,0.0,0.0,8.45,13.82
9407,2639,8,0.00195,0.38,0.0,20.47,16.98
9408,2648,7,0.82045,77.87,3.56,102.58,28.25
9409,2648,7,0.1106,69.39,51.58,100.09,77.43
9410,2648,17,0.05764,0.03,92.5,3.74,112.25
9411,2648,2,0.0178,69.62,52.09,99.69,77.18
9412,2648,17,0.00461,0.05,90.19,6.98,114.46
9413,2648,17,0.00394,153.42,157.82,172.2,179.53
9414,2652,2,0.87304,364.19,169.04,380.24,190.73
9415,2652,2,0.84475,410.05,149.99,425.34,171.19
9416,2652,2,0.82405,356.4,127.84,370.86,147.85
9417,2652,2,0.81723,280.92,148.03,296.44,168.63
9418,2657,14,0.70089,388.92,83.07,410.95,117.35
9419,2657,14,0.59471,114.08,31.13,125.96,65.89
9420,2657,14,0.48119,14.17,16.69,27.49,46.4
9421,2657,14,0.31666,353.18,78.67,366.79,104.99
9422,2657,14,0.0402,272.77,69.73,285.61,92.01
9423,2657,14,0.02662,381.25,90.34,391.84,108.34
9424,2657,14,0.0203,87.99,47.22,98.65,62.29
9425,2657,14,0.01842,265.72,59.53,283.57,88.99
9426,2657,14,0.01557,108.98,32.57,124.69,66.37
9427,2657,14,0.01313,299.65,74.5,312.28,92.61
9428,2657,14,0.01272,199.15,0.16,270.59,157.4
9429,2657,14,0.0064,254.63,63.52,286.71,91.08
9430,2657,14,0.00626,345.71,81.41,364.31,104.92
9431,2657,8,0.00539,450.38,114.93,466.18,128.87
9432,2657,14,0.00538,87.48,47.46,106.89,63.42
9433,2657,14,0.00528,442.47,95.8,460.17,121.41
9434,2657,5,0.00481,87.14,46.56,109.25,64.86
9435,2657,14,0.00387,264.09,60.88,277.44,86.85
9436,2657,14,0.00366,97.42,50.61,108.64,64.24
9437,2657,14,0.00332,2.87,15.34,28.18,45.45
9438,2657,14,0.00331,0.0,1.86,7.67,39.5
9439,2657,16,0.0033,97.51,51.0,107.82,63.64
9440,2657,14,0.00316,487.01,86.78,500.0,127.26
9441,2657,14,0.00299,0.0,2.16,11.97,41.76
9442,2657,14,0.00286,345.23,81.86,357.52,102.81
9443,2657,14,0.00282,110.52,41.33,123.4,66.88
9444,2657,14,0.00277,381.53,87.97,401.09,116.49
9445,2657,5,0.00276,95.68,50.09,107.85,63.75
9446,2657,14,0.00257,434.16,93.23,458.72,122.61
9447,2657,8,0.00249,179.1,55.12,202.83,75.94
9448,2657,14,0.00249,176.96,51.49,201.21,75.39
9449,2657,14,0.00242,492.15,84.8,500.0,131.0
9450,2657,14,0.00221,496.27,44.78,500.0,66.18
9451,2657,14,0.00213,480.4,88.5,500.0,132.36
9452,2657,14,0.00209,6.62,6.09,28.5,31.13
9453,2657,14,0.00207,490.76,32.32,500.0,70.01
9454,2657,14,0.00173,295.01,74.51,317.07,95.32
9455,2657,14,0.00169,1.53,20.51,30.28,59.43
9456,2657,14,0.00166,419.37,98.14,433.53,121.73
9457,2657,14,0.00165,420.89,95.89,441.92,121.98
9458,2657,14,0.00164,372.49,89.75,391.61,108.44
9459,2657,14,0.00164,496.2,42.1,500.0,95.94
9460,2657,14,0.00151,94.75,40.64,124.94,65.69
9461,2657,14,0.00146,0.03,24.35,13.55,40.61
9462,2657,14,0.00144,89.3,36.03,119.99,64.79
9463,2657,14,0.00128,256.87,72.05,285.27,92.12
9464,2657,14,0.00126,437.6,97.32,466.32,128.6
9465,2657,14,0.00125,493.43,21.29,499.99,135.21
9466,2657,14,0.00119,254.1,76.73,273.69,90.15
9467,2657,14,0.00109,496.07,89.81,500.0,141.77
9468,2657,14,0.00109,272.91,68.06,293.56,92.77
9469,2657,14,0.00108,496.04,31.71,500.0,68.86
9470,2657,14,0.00106,405.8,97.95,433.25,122.04
9471,2657,14,0.00104,75.53,46.66,98.95,61.7
9472,2659,16,0.4161,248.37,24.15,301.71,82.32
9473,2659,8,0.22439,324.35,0.42,401.9,16.37
9474,2659,14,0.13153,0.22,0.0,28.14,52.87
9475,2659,14,0.12969,378.35,0.0,400.24,15.46
9476,2659,16,0.11939,369.5,36.47,437.79,108.3
9477,2659,14,0.10241,324.29,0.05,346.26,16.76
9478,2659,14,0.08271,361.24,0.0,400.65,14.73
9479,2659,8,0.0795,324.49,0.53,368.83,16.5
9480,2659,14,0.05774,339.21,0.14,370.23,14.11
9481,2659,14,0.03915,296.38,0.09,319.44,14.17
9482,2659,8,0.03433,287.51,0.0,401.54,16.94
9483,2659,8,0.01839,295.93,0.63,327.76,14.93
9484,2659,8,0.01824,322.23,0.29,348.93,16.73
9485,2659,14,0.0139,255.09,0.2,270.33,10.8
9486,2659,8,0.01208,296.17,0.67,347.29,16.02
9487,2659,14,0.00666,327.72,0.07,365.19,15.98
9488,2659,14,0.00603,347.02,0.0,390.03,13.94
9489,2659,14,0.00589,316.27,0.13,332.54,11.73
9490,2659,14,0.00538,295.69,0.22,309.61,14.04
9491,2659,16,0.00379,371.14,36.74,436.4,78.94
9492,2659,14,0.00309,318.13,0.03,336.1,16.77
9493,2659,14,0.00231,381.86,0.0,406.26,18.64
9494,2659,8,0.00218,358.93,0.0,399.68,17.98
9495,2659,14,0.00203,248.62,0.0,266.86,10.56
9496,2659,14,0.00195,363.11,0.0,389.06,12.1
9497,2659,8,0.00192,284.41,0.0,404.76,18.27
9498,2659,14,0.00181,348.16,0.0,370.21,11.31
9499,2659,14,0.00176,300.65,0.16,328.47,7.35
9500,2659,14,0.00174,260.32,0.38,272.51,10.72
9501,2659,14,0.00136,299.0,0.02,330.4,15.55
9502,2659,8,0.00127,368.71,38.29,435.84,107.71
9503,2659,14,0.00124,356.55,0.0,384.06,10.55
9504,2659,14,0.00119,387.08,0.0,403.28,13.27
9505,2659,14,0.00115,360.64,0.0,400.48,14.39
9506,2660,9,0.87231,304.88,41.23,328.75,59.63
9507,2660,10,0.86384,426.79,23.46,448.14,43.95
9508,2660,17,0.81113,290.43,91.97,314.72,112.5
9509,2660,17,0.57132,208.7,90.15,228.61,108.95
9510,2660,10,0.50801,208.47,90.35,228.8,108.98
9511,2660,10,0.01398,319.26,171.49,335.06,185.55
9512,2660,11,0.0064,32.18,116.91,50.46,133.29
9513,2660,10,0.00455,290.83,91.98,314.68,112.71
9514,2660,17,0.00448,140.92,117.91,162.32,140.96
9515,2660,11,0.00232,140.96,117.88,161.97,141.47
9516,2660,11,0.00163,495.21,4.9,499.0,47.35
9517,2662,3,0.8921,361.73,70.42,424.11,108.46
9518,2662,12,0.88323,194.99,30.6,224.97,57.27
9519,2662,0,0.8782,115.49,104.06,150.28,139.17
9520,2662,12,0.87325,296.4,30.19,328.1,58.9
9521,2662,0,0.87305,292.67,73.57,326.18,108.61
9522,2662,3,0.84404,156.83,166.72,215.76,206.99
9523,2662,13,0.81927,205.48,99.48,237.22,132.11
9524,2662,1,0.78815,240.68,124.92,277.3,162.64
9525,2662,4,0.75772,192.31,68.15,262.11,92.05
9526,2662,3,0.21199,489.49,93.03,504.0,116.41
9527,2662,3,0.1798,190.5,69.36,261.02,91.78
9528,2662,3,0.02668,488.21,73.73,504.0,115.68
9529,2662,3,0.02497,489.2,96.07,504.0,127.0
9530,2662,11,0.02249,296.75,31.96,327.46,58.8
9531,2662,3,0.01861,497.05,95.13,504.0,133.12
9532,2662,3,0.01789,136.1,166.47,198.58,202.38
9533,2662,3,0.00425,499.19,87.91,504.0,116.4
9534,2662,11,0.00322,194.99,30.71,225.33,57.2
9535,2662,16,0.00208,197.13,29.18,229.37,56.23
9536,2662,2,0.00207,450.31,134.87,472.66,153.91
9537,2662,3,0.00177,486.03,31.28,504.0,118.85
9538,2662,2,0.00135,241.01,124.79,276.6,161.69
9539,2662,3,0.00119,486.44,93.71,503.94,143.09
9540,2662,4,0.00112,192.07,72.65,232.78,92.05
9541,2668,2,0.81478,65.16,53.91,83.31,68.14
9542,2668,2,0.65085,152.58,65.29,168.75,79.15
9543,2668,2,0.34166,127.44,81.93,144.31,96.79
9544,2668,2,0.03025,101.05,40.22,115.09,53.03
9545,2668,9,0.00953,129.94,82.07,144.48,96.63
9546,2682,14,0.82057,422.84,108.74,446.71,171.63
9547,2682,14,0.79461,187.31,85.7,215.56,161.81
9548,2682,14,0.72661,341.93,93.59,381.55,175.19
9549,2682,14,0.72542,212.45,82.06,236.17,170.4
9550,2682,14,0.65232,139.11,81.86,169.75,163.27
9551,2682,5,0.51392,0.0,90.39,151.75,150.57
9552,2682,5,0.50722,0.28,49.84,154.04,153.43
9553,2682,5,0.18344,434.26,137.56,476.84,170.53
9554,2682,5,0.16847,0.0,0.95,179.51,155.42
9555,2682,5,0.01688,0.0,95.43,104.85,153.9
9556,2682,5,0.01257,434.57,128.49,500.0,171.93
9557,2682,14,0.00924,0.04,93.68,7.75,146.2
9558,2682,14,0.00424,0.0,96.27,5.83,134.61
9559,2682,14,0.00417,0.03,105.07,4.34,148.51
9560,2682,14,0.00366,367.43,147.28,380.72,174.2
9561,2682,14,0.00278,348.6,142.98,380.29,174.91
9562,2682,14,0.00234,133.64,112.01,169.97,162.64
9563,2682,14,0.00159,0.0,112.63,9.14,155.71
9564,2682,14,0.00137,0.65,75.1,35.57,150.58
9565,2682,14,0.0012,349.01,145.41,366.82,173.9
9566,2682,5,0.00118,439.18,149.13,460.12,170.75
9567,2685,17,0.55976,255.33,97.03,276.24,118.29
9568,2685,17,0.50328,196.14,147.19,218.71,172.71
9569,2685,17,0.41198,300.92,59.76,324.08,80.01
9570,2685,5,0.07484,299.67,48.74,419.08,100.81
9571,2685,2,0.00522,254.76,97.43,278.06,123.27
9572,2685,5,0.0039,258.4,47.63,461.19,161.09
9573,2685,5,0.0023,284.91,48.06,465.95,124.17
9574,2685,2,0.00101,195.85,146.88,218.82,172.53
9575,2688,14,0.79341,262.77,147.69,283.97,201.67
9576,2688,8,0.60578,139.39,168.27,179.83,215.82
9577,2688,14,0.45932,92.26,151.15,125.01,209.04
9578,2688,14,0.32809,139.62,145.29,181.48,206.67
9579,2688,16,0.30336,0.02,188.24,9.96,207.99
9580,2688,14,0.28468,142.6,145.94,175.5,173.58
9581,2688,16,0.2375,35.93,184.76,45.61,199.78
9582,2688,16,0.20252,8.27,186.88,19.67,205.47
9583,2688,16,0.19111,43.91,185.02,53.29,199.4
9584,2688,16,0.18954,18.66,186.13,29.39,203.02
9585,2688,16,0.18873,27.69,185.51,37.37,201.89
9586,2688,14,0.1521,210.52,155.68,220.35,181.11
9587,2688,16,0.11319,19.59,185.99,37.48,202.74
9588,2688,16,0.11035,0.33,187.75,19.64,206.71
9589,2688,8,0.08724,78.06,162.62,99.94,186.12
9590,2688,8,0.03799,146.81,177.77,171.2,216.03
9591,2688,8,0.0331,189.43,158.73,202.86,181.84
9592,2688,14,0.03217,189.54,157.0,202.1,181.68
9593,2688,16,0.03211,7.77,186.39,26.0,202.59
9594,2688,16,0.0315,28.73,183.5,51.23,200.57
9595,2688,14,0.02776,100.2,156.93,120.66,202.86
9596,2688,14,0.02533,153.42,146.02,175.23,169.27
9597,2688,16,0.01692,192.59,220.49,219.53,232.45
9598,2688,16,0.01575,45.17,178.67,56.64,191.48
9599,2688,14,0.01427,92.01,157.8,113.8,209.92
9600,2688,16,0.01362,78.52,165.76,98.15,186.04
9601,2688,8,0.01348,78.18,159.27,111.37,186.38
9602,2688,8,0.01326,78.91,157.29,120.4,199.31
9603,2688,8,0.0106,154.0,165.05,183.65,213.79
9604,2688,16,0.01007,47.45,175.28,59.3,186.41
9605,2688,8,0.00616,91.05,159.04,112.83,210.43
9606,2688,14,0.00555,151.62,158.25,183.45,212.97
9607,2688,8,0.00521,81.03,160.52,105.55,199.51
9608,2688,14,0.00482,114.82,176.41,127.45,209.0
9609,2688,14,0.00455,204.05,155.29,220.81,180.72
9610,2688,16,0.00423,44.84,175.47,58.67,199.15
9611,2688,16,0.00405,65.38,166.96,81.54,189.16
9612,2688,16,0.00353,241.29,232.11,263.85,247.0
9613,2688,14,0.00352,148.15,169.2,171.16,189.69
9614,2688,14,0.003,68.15,174.62,77.01,188.71
9615,2688,8,0.00249,193.97,164.95,209.43,181.8
9616,2688,14,0.00241,148.4,164.92,176.76,198.98
9617,2688,14,0.00201,95.59,153.64,119.7,179.43
9618,2688,16,0.00196,214.59,204.42,244.89,213.65
9619,2688,16,0.00175,240.92,221.93,275.15,247.0
9620,2688,16,0.00163,36.35,170.94,59.55,188.36
9621,2688,8,0.00159,138.86,167.92,164.87,214.02
9622,2688,14,0.00154,80.92,159.03,111.84,210.83
9623,2688,8,0.00153,145.58,169.92,169.22,203.84
9624,2688,16,0.0015,32.53,179.6,46.72,188.23
9625,2688,14,0.00148,164.16,153.57,184.88,202.01
9626,2688,14,0.00142,263.72,190.31,269.93,201.93
9627,2688,14,0.00138,97.71,153.49,111.07,169.77
9628,2688,16,0.00136,191.74,219.42,204.18,232.09
9629,2688,14,0.0013,138.2,167.03,155.43,211.65
9630,2688,14,0.00129,159.12,147.39,179.48,174.21
9631,2688,16,0.00129,0.28,210.81,31.76,234.43
9632,2688,14,0.00118,189.88,156.24,209.38,181.58
9633,2688,14,0.00118,88.77,153.42,115.23,173.53
9634,2688,16,0.00116,0.0,186.6,10.11,224.65
9635,2688,16,0.00116,76.52,164.42,102.48,208.4
9636,2688,8,0.00115,183.88,164.65,199.37,181.34
9637,2698,15,0.77905,240.75,97.78,269.28,122.41
9638,2698,15,0.77167,169.27,122.25,196.0,147.01
9639,2698,7,0.37841,241.18,152.98,280.67,188.29
9640,2698,15,0.23754,241.22,153.07,280.72,188.05
9641,2698,6,0.0029,2.55,39.36,33.28,64.64
9642,2701,11,0.62861,116.36,54.38,130.66,67.74
9643,2701,0,0.58742,149.27,66.33,162.94,81.13
9644,2701,10,0.57895,200.86,68.72,216.65,82.05
9645,2701,0,0.56739,184.53,62.73,197.93,75.64
9646,2701,10,0.47282,124.78,64.64,137.81,77.39
9647,2701,11,0.17897,87.05,59.68,101.05,73.69
9648,2701,0,0.13809,200.68,68.5,216.73,81.95
9649,2701,0,0.09788,124.7,64.65,137.91,77.66
9650,2701,0,0.0691,86.94,59.42,101.38,74.25
9651,2701,12,0.02027,116.03,54.57,130.15,67.71
9652,2701,16,0.01902,87.13,59.57,101.62,73.87
9653,2701,11,0.01634,149.59,66.42,163.06,81.29
9654,2701,10,0.01476,121.12,62.97,136.09,77.05
9655,2701,11,0.01171,184.24,62.61,198.28,75.54
9656,2701,16,0.00564,116.33,54.11,130.17,68.43
9657,2701,14,0.0041,7.91,102.14,39.67,155.87
9658,2701,14,0.0035,0.76,26.41,64.56,161.27
9659,2701,14,0.00293,34.5,105.99,59.13,150.73
9660,2701,8,0.00293,0.04,110.82,52.77,160.87
9661,2701,16,0.00276,86.52,58.79,114.46,75.35
9662,2701,14,0.00243,20.06,94.95,39.17,154.97
9663,2701,14,0.00236,4.73,123.27,61.77,159.08
9664,2701,14,0.00203,1.25,23.56,141.65,160.83
9665,2701,8,0.00168,5.99,104.99,129.39,143.29
9666,2701,14,0.0015,12.55,32.84,41.25,157.1
9667,2701,16,0.00135,100.79,55.68,130.8,71.27
9668,2701,14,0.0013,25.84,103.14,54.55,151.85
9669,2701,14,0.00125,19.64,48.63,54.17,156.66
9670,2701,14,0.0011,1.56,83.09,47.02,159.78
9671,2701,14,0.00101,0.07,104.86,60.19,159.57
9672,2702,14,0.80942,117.2,122.86,146.65,197.13
9673,2702,14,0.76418,321.64,96.94,349.83,178.66
9674,2702,14,0.74408,345.67,91.36,370.06,177.64
9675,2702,14,0.72628,259.65,95.02,302.66,201.26
9676,2702,14,0.08579,416.92,102.36,428.75,126.09
9677,2702,14,0.06396,238.47,110.57,266.83,203.22
9678,2702,14,0.01138,0.25,126.92,29.18,208.04
9679,2702,14,0.00686,458.25,88.72,478.82,119.35
9680,2702,14,0.00545,422.86,103.14,439.58,127.8
9681,2702,14,0.00499,465.35,99.66,496.98,133.05
9682,2702,16,0.00425,174.3,141.2,206.54,170.45
9683,2702,14,0.00399,413.34,102.83,434.07,126.95
9684,2702,14,0.00383,426.88,102.96,443.63,131.74
9685,2702,14,0.00354,211.64,134.16,225.62,151.6
9686,2702,14,0.00341,157.83,135.38,181.07,171.36
9687,2702,14,0.00337,326.48,95.77,349.74,147.56
9688,2702,16,0.00328,151.7,158.63,161.43,168.16
9689,2702,14,0.00292,239.27,121.05,264.66,157.91
9690,2702,14,0.00274,415.27,103.41,447.37,136.03
9691,2702,14,0.00254,114.51,148.31,129.74,174.59
9692,2702,16,0.00254,324.23,94.67,352.48,178.35
9693,2702,16,0.00245,118.24,123.11,147.35,196.89
9694,2702,14,0.00237,322.99,96.18,345.14,134.72
9695,2702,14,0.00235,290.9,117.17,302.31,145.08
9696,2702,14,0.00226,117.36,159.35,127.62,173.15
9697,2702,5,0.00216,153.01,139.39,212.93,171.06
9698,2702,14,0.00207,401.64,95.64,430.06,126.51
9699,2702,8,0.002,105.09,146.67,122.58,168.48
9700,2702,14,0.00185,117.29,143.64,129.55,188.82
9701,2702,16,0.00176,259.3,94.97,298.31,150.76
9702,2702,14,0.00162,105.82,146.37,127.26,171.95
9703,2702,5,0.00161,481.08,87.0,496.95,135.99
9704,2702,14,0.00157,202.44,132.82,222.21,152.07
9705,2702,14,0.00147,481.95,74.63,497.0,131.35
9706,2702,16,0.00141,395.2,127.71,404.3,138.14
9707,2702,14,0.00138,479.39,94.23,496.9,130.97
9708,2702,14,0.00133,115.17,135.8,133.4,196.33
9709,2702,14,0.00129,238.93,121.96,257.81,150.12
9710,2702,5,0.00126,471.15,83.12,496.85,137.3
9711,2702,14,0.00123,225.79,116.3,257.82,150.4
9712,2702,14,0.00122,478.0,99.81,496.94,152.03
9713,2702,14,0.00117,0.19,91.34,21.93,169.46
9714,2702,14,0.00117,113.76,136.97,133.31,173.83
9715,2702,14,0.00116,482.85,111.38,497.0,182.5
9716,2702,14,0.00115,228.93,92.31,304.74,201.83
9717,2702,14,0.00115,0.0,147.89,4.23,209.92
9718,2702,14,0.00113,139.16,133.93,148.64,158.83
9719,2702,14,0.00112,492.67,110.88,497.0,191.47
9720,2702,14,0.00111,231.96,121.63,263.01,150.18
9721,2702,5,0.0011,51.14,155.68,96.0,177.24
9722,2702,14,0.00107,0.2,116.79,39.58,174.28
9723,2702,5,0.00106,439.04,87.87,497.0,139.54
9724,2703,7,0.87681,180.66,178.69,222.87,217.49
9725,2703,14,0.00423,485.71,150.97,490.0,237.19
9726,2703,5,0.00218,392.52,22.33,434.55,55.98
9727,2703,5,0.00177,394.75,28.97,435.63,49.94
9728,2703,17,0.00176,183.6,178.51,222.51,213.36
9729,2705,15,0.11405,311.35,154.51,338.72,183.88
9730,2705,14,0.0728,382.08,67.7,504.77,253.17
9731,2705,14,0.01897,415.32,0.45,506.4,244.2
9732,2705,15,0.01214,310.23,166.82,337.41,184.93
9733,2705,7,0.01047,208.16,91.79,227.65,112.13
9734,2705,14,0.00638,377.71,1.04,504.27,183.45
9735,2705,8,0.00518,397.77,152.27,505.8,256.0
9736,2705,14,0.00446,249.57,30.51,502.13,256.0
9737,2705,14,0.00362,425.39,140.05,507.0,256.0
9738,2705,14,0.00334,446.87,0.0,507.0,221.55
9739,2705,15,0.00279,310.16,164.54,339.19,202.43
9740,2705,14,0.00181,502.54,212.08,507.0,256.0
9741,2705,14,0.00124,324.88,0.0,506.46,250.95
9742,2705,16,0.00116,428.14,219.69,506.65,256.0
9743,2705,16,0.00103,429.6,225.33,476.37,256.0
9744,2711,8,0.83614,59.59,126.55,90.93,158.98
9745,2711,14,0.75646,87.75,101.63,123.7,194.13
9746,2711,14,0.72959,177.86,93.81,199.33,154.02
9747,2711,8,0.68658,314.6,103.17,400.25,168.47
9748,2711,14,0.66177,275.53,92.98,303.9,150.93
9749,2711,14,0.64871,377.66,78.85,403.59,154.28
9750,2711,8,0.4904,442.95,95.84,493.81,192.18
9751,2711,14,0.37814,0.21,117.25,52.08,176.55
9752,2711,8,0.35366,0.77,122.76,65.69,213.54
9753,2711,14,0.34773,207.21,74.92,272.87,170.71
9754,2711,14,0.18622,446.55,90.97,484.49,142.24
9755,2711,8,0.17105,0.63,119.0,50.24,177.16
9756,2711,8,0.13621,422.98,91.64,455.29,126.4
9757,2711,14,0.11831,129.05,116.22,147.05,153.37
9758,2711,14,0.09467,213.66,76.67,262.8,148.5
9759,2711,8,0.09275,0.0,122.44,40.34,212.5
9760,2711,8,0.07207,410.72,92.15,449.29,127.3
9761,2711,14,0.0683,123.12,116.3,151.34,158.98
9762,2711,8,0.06137,445.08,135.67,493.67,191.7
9763,2711,14,0.04377,195.7,122.03,215.07,154.07
9764,2711,14,0.04225,337.25,90.35,371.22,129.23
9765,2711,8,0.03954,241.14,31.05,287.79,73.94
9766,2711,14,0.03493,164.41,66.3,212.62,105.23
9767,2711,8,0.033,445.1,86.62,489.97,142.27
9768,2711,8,0.03011,423.76,90.42,487.62,126.77
9769,2711,14,0.02592,0.9,116.77,42.31,147.23
9770,2711,8,0.01947,328.38,0.68,400.91,36.18
9771,2711,14,0.01837,283.63,13.36,317.15,76.06
9772,2711,8,0.01648,443.69,129.31,476.09,189.78
9773,2711,14,0.01644,337.64,89.89,378.81,145.74
9774,2711,8,0.01641,196.13,121.64,219.07,154.02
9775,2711,8,0.01619,443.81,118.46,494.0,172.61
9776,2711,8,0.01579,118.39,116.64,152.16,159.59
9777,2711,8,0.01569,443.67,127.34,473.33,168.16
9778,2711,8,0.01548,444.43,136.13,466.08,163.27
9779,2711,14,0.01537,217.2,76.88,254.63,127.47
9780,2711,8,0.01407,245.78,110.02,290.85,152.64
9781,2711,8,0.01344,435.0,89.52,460.26,123.06
9782,2711,8,0.01332,466.74,98.97,493.98,198.05
9783,2711,8,0.01311,394.72,92.24,447.87,132.81
9784,2711,14,0.01165,7.44,114.83,38.83,170.59
9785,2711,14,0.0114,0.0,123.26,62.44,213.78
9786,2711,8,0.01122,473.32,106.46,493.97,150.28
9787,2711,8,0.01122,160.39,121.55,245.61,200.33
9788,2711,8,0.01038,141.31,120.28,163.43,160.06
9789,2711,8,0.00932,443.58,107.85,482.78,164.71
9790,2711,14,0.0081,377.83,78.4,400.62,116.46
9791,2711,8,0.00765,0.0,107.8,20.99,157.66
9792,2711,8,0.00735,200.25,75.31,289.21,200.91
9793,2711,8,0.00733,270.12,107.11,369.14,170.05
9794,2711,14,0.00714,164.62,66.29,210.93,154.26
9795,2711,8,0.00673,465.51,101.24,493.66,143.53
9796,2711,8,0.00646,0.0,115.58,27.93,167.64
9797,2711,8,0.00606,470.84,84.94,494.0,154.27
9798,2711,16,0.00604,364.66,24.62,378.99,38.53
9799,2711,8,0.00578,0.12,110.64,42.88,148.56
9800,2711,8,0.00577,247.58,113.9,273.42,151.85
9801,2711,8,0.00561,265.07,122.36,293.36,151.17
9802,2711,14,0.00535,9.33,117.36,35.02,149.58
9803,2711,8,0.00517,330.44,0.65,369.41,34.58
9804,2711,8,0.00505,299.72,0.62,363.57,28.6
9805,2711,8,0.00481,238.72,28.28,309.21,165.72
9806,2711,16,0.00469,242.23,35.24,289.5,74.14
9807,2711,8,0.00465,299.92,91.67,325.21,126.95
9808,2711,8,0.00458,412.18,90.99,491.82,191.74
9809,2711,14,0.00444,240.86,28.83,290.92,71.66
9810,2711,5,0.00431,362.96,10.63,431.15,41.75
9811,2711,14,0.00424,15.68,117.45,35.22,140.78
9812,2711,14,0.0041,242.26,82.29,273.08,154.5
9813,2711,8,0.00408,443.3,88.7,474.66,123.38
9814,2711,8,0.00407,279.59,0.04,422.95,76.99
9815,2711,5,0.0039,339.85,48.85,381.42,88.04
9816,2711,14,0.00373,444.14,95.93,493.6,153.43
9817,2711,14,0.00363,0.0,122.13,42.77,164.05
9818,2711,14,0.00358,0.0,116.25,9.54,189.05
9819,2711,14,0.00339,346.65,113.17,396.33,159.06
9820,2711,8,0.00334,201.67,123.42,241.87,197.69
9821,2711,8,0.00329,468.42,72.44,493.92,137.51
9822,2711,14,0.00326,473.72,83.41,494.0,134.57
9823,2711,14,0.00322,0.0,119.12,5.95,189.96
9824,2711,8,0.00321,314.9,128.27,393.88,169.02
9825,2711,8,0.00316,349.15,6.91,431.77,155.94
9826,2711,8,0.00316,0.0,117.98,9.31,194.75
9827,2711,8,0.00304,442.33,32.92,492.89,195.8
9828,2711,14,0.00297,117.9,116.33,134.29,153.17
9829,2711,14,0.00286,484.79,57.72,494.0,97.34
9830,2711,5,0.00261,165.36,66.13,213.95,105.41
9831,2711,5,0.00252,300.93,0.51,363.58,25.03
9832,2711,8,0.0025,161.19,113.6,219.07,160.39
9833,2711,8,0.00245,195.41,121.21,233.87,155.07
9834,2711,14,0.00245,281.48,10.54,336.97,85.96
9835,2711,14,0.00245,5.47,117.7,31.54,133.64
9836,2711,8,0.00244,291.41,90.09,342.01,148.49
9837,2711,8,0.00236,1.73,127.74,42.11,170.11
9838,2711,14,0.00234,353.52,83.5,408.49,157.55
9839,2711,14,0.00225,182.99,119.66,215.24,154.73
9840,2711,14,0.00224,324.27,89.04,371.4,137.44
9841,2711,14,0.00223,488.52,79.1,494.0,138.98
9842,2711,14,0.00217,119.63,118.79,142.97,156.11
9843,2711,14,0.00212,14.81,119.76,46.77,176.06
9844,2711,8,0.00212,310.73,2.77,433.41,131.73
9845,2711,14,0.00212,483.68,69.21,494.0,110.95
9846,2711,16,0.00212,249.36,73.91,279.9,110.56
9847,2711,14,0.00211,163.29,109.6,200.59,161.62
9848,2711,8,0.0021,319.57,102.09,358.52,157.78
9849,2711,8,0.0021,72.46,127.07,92.05,158.76
9850,2711,14,0.00207,194.03,104.91,264.82,154.97
9851,2711,8,0.00205,186.47,120.98,242.27,183.17
9852,2711,14,0.00202,361.08,113.59,404.52,151.68
9853,2711,8,0.00178,146.88,113.42,170.77,160.83
9854,2711,14,0.00176,490.16,58.7,494.0,98.95
9855,2711,8,0.00175,300.01,0.74,363.21,48.66
9856,2711,1,0.00173,284.43,13.99,316.18,54.09
9857,2711,14,0.00172,14.99,116.15,48.04,148.47
9858,2711,14,0.00167,324.0,55.46,378.22,128.5
9859,2711,8,0.00159,425.95,92.84,445.53,122.61
9860,2711,14,0.00158,490.09,42.84,494.0,108.9
9861,2711,8,0.00149,326.9,79.56,360.39,115.42
9862,2711,14,0.00149,291.72,97.39,305.27,141.56
9863,2711,8,0.00144,315.19,97.55,365.56,170.77
9864,2711,8,0.00143,489.69,0.0,494.0,59.99
9865,2711,14,0.00143,321.81,100.43,356.99,159.02
9866,2711,8,0.00142,142.81,129.88,158.51,158.81
9867,2711,8,0.00141,240.88,26.96,287.5,113.29
9868,2711,8,0.00137,0.03,139.92,14.58,193.03
9869,2711,14,0.00136,241.33,29.16,289.81,110.56
9870,2711,8,0.00136,463.82,92.77,494.0,129.82
9871,2711,14,0.00136,312.47,33.19,329.51,63.06
9872,2711,8,0.00136,0.0,134.54,6.83,195.03
9873,2711,14,0.00135,344.31,89.32,369.7,121.78
9874,2711,14,0.00135,21.5,113.9,49.49,160.81
9875,2711,14,0.00133,130.99,117.91,154.97,146.97
9876,2711,8,0.0013,445.47,90.74,470.52,115.92
9877,2711,8,0.0013,248.22,71.58,285.79,111.98
9878,2711,8,0.00123,244.42,69.85,309.2,112.74
9879,2711,14,0.00123,126.25,114.29,169.12,159.19
9880,2711,8,0.00121,481.01,72.81,493.97,131.25
9881,2711,14,0.00118,488.2,67.08,494.0,113.38
9882,2711,14,0.00115,450.27,89.99,478.98,129.05
9883,2711,8,0.00113,340.58,114.64,396.5,153.4
9884,2711,8,0.00111,298.11,3.1,337.6,36.67
9885,2711,8,0.0011,285.4,9.36,333.03,60.58
9886,2711,14,0.00109,247.69,73.27,282.67,117.23
9887,2711,8,0.00109,0.0,114.72,15.48,177.19
9888,2711,16,0.00108,60.29,121.89,103.94,161.52
9889,2711,14,0.00107,140.56,120.05,157.46,146.31
9890,2711,8,0.00106,163.07,102.74,322.33,195.91
9891,2711,8,0.00105,463.09,83.49,493.74,115.07
9892,2711,14,0.00104,275.26,95.91,302.58,129.7
9893,2711,14,0.00102,378.82,71.12,411.85,110.82
9894,2729,17,0.87526,378.74,172.52,391.65,184.89
9895,2729,10,0.86396,349.46,163.65,364.7,177.35
9896,2729,9,0.84277,344.66,189.39,362.42,203.27
9897,2729,10,0.8105,448.22,177.9,464.44,191.46
9898,2729,9,0.79998,407.62,182.28,420.95,194.88
9899,2729,11,0.76741,382.52,220.09,396.02,234.97
9900,2729,9,0.663,392.57,200.38,407.57,213.89
9901,2729,17,0.00402,392.61,200.29,407.32,214.2
9902,2729,10,0.00111,242.8,224.08,282.18,250.0
9903,2734,0,0.68699,155.31,106.23,182.99,126.56
9904,2734,3,0.04188,129.01,147.87,158.29,163.22
9905,2734,4,0.03384,129.73,147.94,158.58,162.23
9906,2734,11,0.0064,167.01,48.96,181.27,59.16
9907,2734,11,0.00184,351.94,0.13,371.74,18.36
9908,2734,0,0.00108,131.32,166.91,170.15,189.54
9909,2746,2,0.04511,126.5,74.64,243.9,184.0
9910,2746,16,0.01176,64.5,0.69,99.24,15.66
9911,2746,16,0.00655,61.04,0.75,82.69,14.96
9912,2746,5,0.00228,44.99,0.26,67.85,15.23
9913,2746,8,0.00184,44.39,0.6,82.34,15.78
9914,2746,3,0.00166,134.57,76.58,246.91,213.79
9915,2746,8,0.00155,45.1,0.25,68.61,15.35
9916,2751,15,0.36371,245.74,39.8,305.41,109.68
9917,2751,8,0.00276,320.35,0.27,498.32,63.19
9918,2751,8,0.00136,361.27,0.42,498.58,97.11
9919,2751,16,0.00126,361.12,0.52,445.98,34.06
9920,2751,16,0.00125,0.0,1.17,17.0,34.32
9921,2751,8,0.00113,398.59,1.13,500.0,29.84
9922,2752,15,0.835,304.03,174.88,356.2,224.51
9923,2752,14,0.00255,0.2,62.45,12.44,165.99
9924,2752,14,0.00124,0.0,0.0,15.93,56.75
9925,2756,15,0.94182,385.56,74.35,412.51,103.61
9926,2756,2,0.00184,91.63,116.79,110.64,136.52
9927,2762,10,0.80532,250.64,84.38,270.68,106.12
9928,2762,11,0.20616,275.91,130.4,301.27,149.31
9929,2762,11,0.1107,289.27,148.62,308.85,167.92
9930,2762,11,0.0389,311.29,111.64,335.26,141.39
9931,2762,11,0.03798,260.78,173.4,280.93,194.4
9932,2762,11,0.00644,312.07,111.1,330.52,133.4
9933,2762,17,0.006,490.15,8.76,499.31,18.48
9934,2762,11,0.00536,266.57,139.26,291.15,158.76
9935,2762,11,0.00404,362.37,151.81,383.84,174.89
9936,2762,10,0.00282,312.32,117.7,335.28,140.93
9937,2762,11,0.00246,196.97,142.53,218.33,163.84
9938,2762,11,0.0021,373.18,93.82,395.88,112.73
9939,2762,11,0.00209,262.32,137.91,300.68,159.05
9940,2762,10,0.00206,498.41,9.11,501.78,20.33
9941,2762,11,0.00201,358.23,173.94,376.32,191.47
9942,2762,11,0.00187,299.0,188.52,312.42,204.64
9943,2762,11,0.00172,380.75,161.84,403.97,179.89
9944,2762,11,0.00111,360.07,151.96,395.79,175.7
9945,2762,17,0.00104,498.53,8.61,501.79,19.66
9946,2763,17,0.83583,367.26,65.66,388.24,85.45
9947,2763,17,0.75092,300.16,181.9,323.66,204.51
9948,2763,8,0.03504,89.31,0.0,158.25,35.84
9949,2763,8,0.00781,67.49,0.0,184.08,88.23
9950,2763,14,0.00226,477.89,12.38,482.0,75.95
9951,2763,8,0.00211,409.9,0.1,479.88,20.95
9952,2763,14,0.00198,477.98,0.0,482.0,57.09
9953,2763,8,0.00193,477.99,0.0,482.0,59.93
9954,2763,8,0.00168,0.0,0.0,264.31,235.0
9955,2763,8,0.00163,470.06,0.84,482.0,54.73
9956,2763,8,0.00163,56.19,0.28,201.94,123.74
9957,2763,0,0.00141,299.75,182.35,323.41,204.26
9958,2763,8,0.00119,80.9,0.0,162.02,52.27
9959,2763,2,0.00109,334.54,140.03,363.04,168.17
9960,2763,14,0.00109,471.21,0.83,482.0,53.4
9961,2788,10,0.84158,403.67,23.57,423.66,43.73
9962,2788,11,0.08306,203.97,132.75,219.5,152.38
9963,2788,11,0.05834,393.65,108.96,415.81,135.52
9964,2788,11,0.02996,426.97,67.82,450.87,86.91
9965,2788,11,0.02799,219.8,77.54,251.03,110.38
9966,2788,11,0.00844,249.22,195.69,263.86,211.17
9967,2788,11,0.00347,490.83,112.08,497.96,125.67
9968,2788,11,0.00257,198.13,137.53,211.55,151.4
9969,2788,15,0.00134,493.64,133.3,498.0,184.57
9970,2788,10,0.00133,363.04,177.17,380.96,192.24
9971,2788,11,0.00123,438.81,86.84,458.58,114.13
9972,2788,11,0.00115,415.33,67.4,452.02,91.13
9973,2788,15,0.00114,416.78,75.27,441.81,92.58
9974,2791,5,0.67784,226.51,178.96,311.2,222.01
9975,2791,14,0.58716,334.73,116.04,383.89,241.55
9976,2791,14,0.31513,287.43,122.33,357.51,250.87
9977,2791,14,0.19637,349.29,123.67,392.04,243.15
9978,2791,5,0.19399,0.0,67.47,208.15,230.05
9979,2791,5,0.16849,0.0,141.69,195.87,225.63
9980,2791,14,0.14701,304.75,124.68,387.06,244.24
9981,2791,5,0.1182,90.18,189.1,195.79,223.12
9982,2791,5,0.09962,35.09,183.33,196.77,225.36
9983,2791,5,0.08251,0.0,179.87,116.99,230.16
9984,2791,5,0.02648,225.89,179.44,360.7,223.95
9985,2791,5,0.02468,113.63,158.47,269.25,224.0
9986,2791,14,0.01585,282.93,71.6,370.75,253.66
9987,2791,5,0.01294,64.13,190.84,180.12,227.09
9988,2791,5,0.00803,0.0,164.44,108.06,228.12
9989,2791,5,0.00531,60.84,160.88,186.58,227.67
9990,2791,5,0.00486,347.89,1.84,488.16,47.63
9991,2791,5,0.00459,0.0,113.25,131.56,228.69
9992,2791,14,0.00363,330.54,156.83,354.18,234.61
9993,2791,17,0.00326,160.32,52.8,175.17,65.92
9994,2791,5,0.00301,0.0,19.46,269.45,225.02
9995,2791,14,0.00243,313.54,133.07,355.36,232.02
9996,2791,14,0.0023,483.91,160.29,499.96,217.88
9997,2791,5,0.00199,149.72,162.37,260.33,215.37
9998,2791,14,0.00164,491.01,157.06,499.9,217.12
9999,2791,5,0.00151,0.0,128.81,114.6,166.04
10000,2791,5,0.0013,0.98,173.62,62.52,228.08
10001,2791,5,0.00128,290.81,2.36,430.68,62.44
10002,2791,5,0.00125,62.86,157.25,192.56,204.65
10003,2791,14,0.0012,336.89,125.14,373.67,168.22
10004,2791,5,0.0011,0.0,179.78,34.02,228.01
10005,2800,10,0.91863,282.95,123.98,305.61,146.76
10006,2800,17,0.83535,62.7,126.68,80.85,143.62
10007,2800,17,0.80657,163.98,156.55,185.4,181.87
10008,2800,9,0.74949,271.76,203.92,306.2,236.95
10009,2800,9,0.68017,186.42,111.65,208.06,135.34
10010,2800,11,0.04374,344.43,184.78,364.16,194.71
10011,2800,6,0.00785,471.22,40.97,488.95,168.63
10012,2824,7,0.86324,116.71,80.89,145.0,112.73
10013,2824,2,0.71916,79.44,23.27,121.27,54.5
10014,2825,7,0.90009,271.58,109.89,307.45,137.27
10015,2825,7,0.77894,194.32,196.41,220.81,223.35
10016,2825,17,0.0027,137.7,145.82,158.09,162.19
10017,2825,5,0.00269,265.13,89.15,285.24,98.88
10018,2825,0,0.00208,475.6,230.22,482.97,242.83
10019,2825,5,0.00193,317.75,234.8,345.88,243.0
10020,2830,2,0.80633,386.96,153.42,408.09,181.86
10021,2830,5,0.002,29.39,122.85,75.6,142.53
10022,2830,5,0.00135,28.19,123.42,63.12,138.59
10023,2830,8,0.00117,340.91,54.7,417.68,111.92
10024,2833,7,0.86261,411.31,112.89,447.96,139.33
10025,2833,7,0.75221,333.36,198.67,359.88,225.25
10026,2833,5,0.00267,195.73,34.58,223.13,43.33
10027,2833,17,0.00185,458.73,240.08,488.24,251.0
10028,2833,5,0.00142,496.6,94.73,501.0,129.33
10029,2844,12,0.89662,365.71,148.8,404.88,185.81
10030,2844,12,0.88951,229.56,133.81,272.72,177.03
10031,2844,12,0.88931,164.42,142.51,199.26,174.95
10032,2844,12,0.88816,222.4,176.79,260.84,210.63
10033,2844,12,0.85545,319.71,111.4,354.56,143.49
10034,2844,12,0.66757,255.47,82.48,290.84,110.43
10035,2844,12,0.07553,392.65,96.52,426.6,122.91
10036,2844,14,0.06352,257.92,0.0,402.68,114.74
10037,2844,12,0.03091,370.78,136.83,403.96,153.83
10038,2844,6,0.02899,477.56,72.38,486.92,101.36
10039,2844,14,0.01952,256.56,0.0,435.35,177.61
10040,2844,14,0.00965,240.59,0.0,468.85,229.94
10041,2844,16,0.00849,322.21,109.81,359.5,142.22
10042,2844,6,0.00641,477.17,57.09,486.99,105.78
10043,2844,12,0.00511,167.36,136.43,186.41,149.74
10044,2844,12,0.00506,398.45,147.84,432.33,172.8
10045,2844,12,0.00415,350.16,114.84,372.89,137.95
10046,2844,16,0.00355,230.13,134.48,272.73,176.17
10047,2844,12,0.00278,172.22,114.64,219.8,145.76
10048,2844,12,0.00253,345.53,134.7,376.24,159.41
10049,2844,12,0.00251,174.78,132.3,205.36,151.03
10050,2844,16,0.00249,170.78,140.86,216.75,174.1
10051,2844,12,0.00198,168.21,137.73,196.6,150.56
10052,2844,14,0.00196,395.3,0.0,486.51,239.45
10053,2844,12,0.00193,337.3,137.82,374.55,162.33
10054,2844,12,0.00188,196.42,148.28,231.7,176.31
10055,2844,11,0.00182,151.3,204.36,183.94,232.07
10056,2844,12,0.00162,368.14,147.28,398.22,157.97
10057,2844,6,0.00143,476.59,17.3,486.89,118.23
10058,2844,14,0.00133,238.17,3.46,356.78,113.53
10059,2844,16,0.00106,365.55,146.53,424.81,183.07
10060,2848,7,0.91103,207.6,30.91,248.4,62.99
10061,2848,7,0.82219,275.57,170.86,320.39,215.95
10062,2848,17,0.00346,274.87,167.84,320.31,209.6
10063,2848,16,0.00138,207.69,30.55,248.4,62.96
10064,2850,15,0.84632,244.36,88.59,281.87,133.09
10065,2850,14,0.00395,361.75,98.87,453.67,241.68
10066,2850,15,0.00131,246.82,88.48,284.19,109.32
10067,2850,2,0.00104,135.6,84.16,260.8,169.14
10068,2851,7,0.88691,289.73,182.48,320.17,207.32
10069,2851,6,0.00358,0.0,56.85,29.6,111.31
10070,2852,15,0.8935,53.09,180.42,71.82,200.66
10071,2852,11,0.1365,428.96,171.35,458.52,196.82
10072,2852,9,0.00511,362.18,157.5,410.37,185.29
10073,2852,11,0.00314,413.41,146.13,437.78,170.69
10074,2852,15,0.00229,371.41,221.95,428.23,251.4
10075,2856,2,0.81447,69.9,26.79,97.84,49.61
10076,2856,7,0.65165,130.24,54.11,154.63,73.94
10077,2856,17,0.08838,130.59,54.17,154.65,74.02
10078,2857,12,0.90499,203.45,31.96,233.46,58.67
10079,2857,3,0.89854,370.78,73.08,433.68,113.23
10080,2857,0,0.88449,124.16,105.01,158.7,139.7
10081,2857,0,0.87767,300.88,75.73,334.38,110.87
10082,2857,3,0.86666,139.52,167.65,224.32,211.17
10083,2857,12,0.84887,305.47,32.15,336.58,60.92
10084,2857,13,0.84723,213.96,101.59,245.95,134.3
10085,2857,1,0.81346,249.0,126.6,285.46,164.27
10086,2857,4,0.74071,199.25,69.15,269.14,93.8
10087,2857,3,0.01965,0.0,157.71,14.08,175.09
10088,2857,3,0.01277,384.83,96.11,432.37,113.14
10089,2857,0,0.01196,0.01,93.07,4.83,118.48
10090,2857,3,0.00822,427.33,180.92,466.61,210.57
10091,2857,3,0.00404,394.52,87.47,433.45,113.35
10092,2857,11,0.00394,305.11,33.39,336.43,61.31
10093,2857,4,0.00325,200.04,76.56,232.58,92.8
10094,2857,0,0.00282,249.38,126.77,285.44,163.6
10095,2857,0,0.00213,0.04,90.7,7.12,122.24
10096,2857,8,0.00209,0.0,92.68,5.6,122.9
10097,2857,3,0.00177,143.76,167.22,205.23,202.22
10098,2857,3,0.00118,0.0,147.42,14.73,176.27
10099,2857,16,0.00107,213.84,101.55,246.04,134.14
10100,2859,17,0.79195,209.0,41.47,228.21,61.58
10101,2859,17,0.73761,128.47,39.86,147.69,60.42
10102,2859,17,0.19164,51.29,40.8,74.79,61.4
10103,2859,9,0.15738,51.16,40.66,75.0,61.82
10104,2859,2,0.1258,208.75,41.38,227.99,61.39
10105,2859,2,0.00651,128.19,39.59,147.36,60.92
10106,2859,2,0.00621,50.88,40.45,75.2,61.6
10107,2860,2,0.83732,123.95,67.84,139.4,88.72
10108,2860,2,0.81983,193.55,47.44,207.73,66.2
10109,2860,2,0.80603,71.49,42.57,86.42,62.08
10110,2860,2,0.79557,115.62,27.76,129.45,45.8
10111,2860,2,0.00368,116.73,38.59,130.52,61.55
10112,2864,3,0.60628,219.82,76.15,328.48,138.24
10113,2864,11,0.58857,165.27,57.96,186.44,78.6
10114,2864,11,0.14261,382.91,52.96,413.35,72.33
10115,2864,11,0.13011,344.65,194.92,382.99,232.04
10116,2864,11,0.12339,395.28,71.23,430.21,99.71
10117,2864,11,0.11945,286.66,153.96,318.71,179.97
10118,2864,11,0.05837,494.99,36.8,508.0,73.12
10119,2864,11,0.03941,100.05,49.73,134.26,78.42
10120,2864,11,0.03645,79.2,132.68,113.08,159.12
10121,2864,11,0.03478,436.56,73.43,461.56,105.28
10122,2864,11,0.02902,426.88,100.42,465.84,141.37
10123,2864,11,0.02887,459.55,92.64,490.87,130.89
10124,2864,17,0.02538,252.31,19.11,269.36,38.23
10125,2864,11,0.02175,161.35,10.3,190.23,32.68
10126,2864,11,0.01945,67.65,128.77,108.03,158.55
10127,2864,11,0.01783,453.45,21.36,479.31,46.02
10128,2864,11,0.01689,326.8,194.98,349.21,219.63
10129,2864,11,0.01185,52.42,178.01,81.82,204.24
10130,2864,11,0.01119,261.15,213.43,292.47,246.0
10131,2864,6,0.0099,220.5,65.18,327.96,138.91
10132,2864,11,0.00919,179.02,115.94,204.67,137.87
10133,2864,11,0.00851,326.37,148.01,366.0,169.3
10134,2864,11,0.00807,207.27,150.44,240.09,184.54
10135,2864,11,0.00642,85.78,167.41,110.44,197.27
10136,2864,11,0.00628,90.66,81.37,111.5,101.92
10137,2864,11,0.00606,310.73,195.12,348.25,217.15
10138,2864,6,0.00604,207.7,29.64,331.7,139.75
10139,2864,11,0.00541,34.51,62.09,57.02,89.2
10140,2864,11,0.00504,181.74,134.59,205.86,159.58
10141,2864,11,0.00494,127.3,136.39,154.49,167.44
10142,2864,11,0.00473,49.53,153.8,77.11,181.9
10143,2864,11,0.00408,274.9,196.88,294.17,220.19
10144,2864,11,0.00393,380.99,93.57,425.94,123.45
10145,2864,11,0.00319,70.89,131.53,97.67,153.09
10146,2864,11,0.00302,113.57,51.68,134.25,78.11
10147,2864,11,0.003,198.09,34.8,222.03,57.18
10148,2864,11,0.00297,421.76,83.84,462.36,108.32
10149,2864,11,0.00259,292.58,185.68,337.83,211.66
10150,2864,3,0.00248,218.95,35.37,333.66,136.86
10151,2864,11,0.00247,500.88,35.56,508.0,85.44
10152,2864,11,0.00244,328.7,149.17,353.4,169.1
10153,2864,6,0.00227,257.82,11.2,334.56,103.74
10154,2864,11,0.00206,122.75,50.32,167.73,73.35
10155,2864,11,0.00179,472.44,32.67,498.07,60.76
10156,2864,11,0.0016,498.93,26.89,508.0,71.97
10157,2864,11,0.00155,109.97,74.45,133.33,97.15
10158,2864,3,0.00154,221.34,97.04,305.21,138.22
10159,2864,11,0.00148,181.67,64.79,212.73,94.18
10160,2864,11,0.00144,297.74,188.9,319.47,214.88
10161,2864,4,0.00138,235.75,44.11,337.47,103.71
10162,2864,11,0.00138,161.05,40.59,191.85,60.69
10163,2864,11,0.00131,328.76,151.34,344.47,168.46
10164,2864,11,0.00124,285.05,138.2,325.07,175.94
10165,2864,11,0.00123,297.77,206.1,337.96,237.64
10166,2864,11,0.00122,315.03,137.81,333.1,160.45
10167,2864,11,0.00121,0.0,149.0,14.98,201.93
10168,2864,11,0.00119,143.4,137.53,180.79,174.84
10169,2864,11,0.0011,175.46,106.2,205.81,136.67
10170,2864,11,0.00108,370.29,167.99,399.01,192.35
10171,2864,11,0.00108,327.47,149.71,372.94,176.56
10172,2864,11,0.00105,373.97,142.41,405.63,172.53
10173,2864,11,0.00104,0.0,105.52,19.79,138.52
10174,2865,15,0.86538,185.86,122.82,211.85,153.19
10175,2865,6,0.80075,71.99,55.12,137.17,98.79
10176,2866,17,0.76133,42.52,151.36,61.9,170.69
10177,2866,17,0.52887,175.49,184.63,197.39,206.16
10178,2866,17,0.00747,236.03,72.05,252.85,91.09
10179,2866,17,0.00383,271.74,110.86,297.11,130.34
10180,2866,8,0.002,0.01,4.27,15.25,58.98
10181,2866,14,0.00157,0.0,0.0,5.5,30.69
10182,2866,14,0.00105,0.02,0.0,11.91,45.68
10183,2866,8,0.00102,0.1,0.31,37.83,54.4
10184,2871,9,0.83034,417.17,201.43,437.11,222.16
10185,2871,10,0.79014,303.64,220.76,323.61,244.18
10186,2871,9,0.74788,425.08,140.39,441.69,154.51
10187,2871,17,0.56505,191.45,138.11,198.72,147.57
10188,2871,9,0.31439,336.01,171.1,354.19,186.4
10189,2871,11,0.0076,43.89,239.96,68.45,250.0
10190,2871,17,0.00304,189.57,133.5,199.05,147.86
10191,2877,17,0.53196,204.54,179.18,219.46,194.87
10192,2877,9,0.12975,211.96,149.32,226.88,164.76
10193,2877,2,0.10273,153.86,179.35,172.17,196.41
10194,2877,2,0.03249,211.96,149.29,226.85,164.56
10195,2877,17,0.01576,153.9,179.42,171.72,195.51
10196,2877,0,0.01467,264.3,174.34,280.86,187.68
10197,2877,2,0.01264,204.45,178.68,218.76,194.78
10198,2877,2,0.00559,264.57,174.37,281.31,188.35
10199,2877,6,0.0037,148.55,145.09,233.22,227.01
10200,2877,6,0.00306,198.28,174.51,230.73,225.3
10201,2877,6,0.00289,197.54,144.76,233.45,226.57
10202,2877,17,0.00251,198.68,207.76,214.64,225.52
10203,2889,15,0.16794,253.72,31.2,314.78,107.19
10204,2889,14,0.0627,479.15,38.4,499.66,200.34
10205,2889,11,0.00242,2.77,84.87,18.9,99.2
10206,2889,14,0.00232,480.98,0.0,500.0,147.45
10207,2889,14,0.00135,404.52,0.0,487.57,0.0
10208,2889,14,0.00119,495.66,1.62,500.0,89.77
10209,2891,10,0.88261,251.93,61.27,269.1,76.0
10210,2891,9,0.85154,336.75,64.32,353.48,79.37
10211,2891,10,0.83841,327.78,21.13,342.51,34.79
10212,2891,17,0.83256,283.59,52.68,297.55,65.95
10213,2891,17,0.82911,307.34,46.11,320.74,59.15
10214,2891,9,0.80983,299.5,81.09,317.97,97.55
10215,2891,11,0.78379,371.79,82.36,389.86,97.68
10216,2891,0,0.00273,418.37,180.11,447.89,211.54
10217,2891,6,0.00101,475.38,104.58,491.92,172.28
10218,2893,17,0.80845,411.3,102.0,420.92,111.48
10219,2893,10,0.80783,388.3,96.75,400.17,107.55
10220,2893,10,0.78534,463.47,103.88,475.57,114.09
10221,2893,11,0.76557,420.25,130.68,429.89,141.11
10222,2893,9,0.67592,388.34,113.29,402.6,123.79
10223,2893,9,0.63799,433.19,108.18,443.42,117.57
10224,2893,11,0.18484,424.98,119.31,435.9,128.91
10225,2893,9,0.12858,424.89,119.41,435.82,129.03
10226,2893,8,0.00397,0.16,0.63,59.11,22.87
10227,2893,8,0.00268,0.0,0.0,37.46,25.48
10228,2893,10,0.00174,419.89,130.85,429.6,141.26
10229,2893,9,0.00119,371.0,120.07,389.2,142.01
10230,2894,7,0.83097,388.4,25.83,428.1,57.84
10231,2894,7,0.13089,363.29,107.5,404.19,129.42
10232,2894,5,0.0182,0.0,20.67,39.27,60.28
10233,2894,8,0.01451,13.29,0.0,333.31,248.0
10234,2894,15,0.00203,495.37,150.64,499.0,172.79
10235,2904,17,0.86686,97.2,82.63,112.82,98.15
10236,2904,10,0.8668,51.9,118.66,72.49,136.7
10237,2904,9,0.86255,146.6,96.61,167.4,113.07
10238,2904,10,0.8574,103.73,47.16,119.31,63.0
10239,2904,9,0.83506,124.66,127.2,144.58,148.12
10240,2904,11,0.8224,198.63,108.16,220.61,123.81
10241,2904,17,0.82157,80.12,98.12,96.78,114.08
10242,2904,11,0.00374,198.23,109.09,209.29,121.28
10243,2904,0,0.00319,97.35,82.99,112.83,98.1
10244,2905,0,0.89904,380.42,100.51,420.35,140.15
10245,2905,0,0.89001,242.94,21.34,273.29,51.2
10246,2905,3,0.88524,280.6,48.37,326.39,93.61
10247,2905,3,0.86663,158.64,91.49,209.15,147.99
10248,2905,3,0.8618,229.35,187.36,304.52,237.94
10249,2905,12,0.80883,362.0,13.49,393.78,46.7
10250,2905,12,0.69665,259.43,121.63,294.36,155.73
10251,2905,0,0.02437,361.91,14.16,394.07,46.6
10252,2905,1,0.0187,259.64,121.32,293.59,154.99
10253,2905,3,0.01611,230.0,206.58,286.72,238.61
10254,2905,3,0.00819,163.38,92.02,208.64,128.22
10255,2905,3,0.00214,364.53,0.62,398.45,12.1
10256,2905,3,0.00183,380.47,0.56,400.14,12.31
10257,2905,8,0.00143,413.61,3.45,496.5,94.81
10258,2905,14,0.00123,382.7,0.37,400.32,12.49
10259,2905,16,0.00112,258.9,121.09,294.04,156.08
10260,2907,6,0.78618,53.7,165.05,125.66,197.3
10261,2907,15,0.77582,180.73,163.81,203.39,187.38
10262,2907,7,0.00348,180.53,164.12,203.5,187.22
10263,2908,15,0.83199,300.74,191.73,325.49,217.67
10264,2908,15,0.83077,199.93,201.56,231.37,231.44
10265,2908,15,0.7792,226.27,169.85,246.79,192.74
10266,2911,12,0.51705,268.35,82.46,304.95,118.35
10267,2911,12,0.51285,379.28,101.53,425.77,144.59
10268,2911,1,0.36553,379.2,101.84,424.52,144.25
10269,2911,0,0.29785,267.84,82.02,304.93,118.44
10270,2911,11,0.18037,267.67,82.21,304.63,119.19
10271,2911,10,0.17673,267.78,82.01,304.44,118.87
10272,2911,0,0.08051,379.05,101.59,425.82,144.56
10273,2911,6,0.00867,485.9,78.04,496.99,115.0
10274,2911,11,0.00732,377.53,101.05,425.93,144.98
10275,2911,6,0.00372,490.96,78.06,497.0,122.1
10276,2911,6,0.00365,491.07,64.61,497.0,112.48
10277,2911,6,0.00358,483.72,73.92,496.87,125.29
10278,2911,6,0.00262,485.71,69.8,497.0,105.37
10279,2911,6,0.0017,479.66,32.61,496.78,121.17
10280,2911,1,0.00137,380.33,117.26,421.59,144.65
10281,2914,0,0.87624,381.34,154.21,413.02,185.58
10282,2914,4,0.78556,303.94,105.27,367.43,134.76
10283,2914,0,0.69915,273.72,161.71,305.14,191.35
10284,2914,10,0.09158,273.98,162.28,305.02,191.26
10285,2914,1,0.0354,273.77,161.82,305.87,191.36
10286,2914,11,0.01029,273.45,161.72,305.07,191.57
10287,2914,1,0.00564,381.05,152.91,413.47,185.69
10288,2914,3,0.00147,273.18,126.57,294.38,140.36
10289,2914,4,0.00109,303.87,105.61,345.83,128.92
10290,2915,17,0.82488,276.12,82.16,295.52,102.65
10291,2915,9,0.64792,348.07,92.44,370.83,114.76
10292,2915,17,0.5636,417.64,99.18,437.58,119.21
10293,2915,9,0.21415,417.61,99.19,437.69,119.06
10294,2915,2,0.01991,417.75,99.6,437.29,119.34
10295,2915,2,0.00526,276.33,82.25,295.33,103.3
10296,2915,2,0.00316,347.24,92.57,371.86,115.65
10297,2915,6,0.00103,351.41,97.36,385.12,116.39
10298,2920,11,0.8495,409.65,99.06,429.27,115.24
10299,2920,9,0.76295,159.61,177.07,183.4,196.82
10300,2920,9,0.71229,241.3,135.74,261.59,150.8
10301,2920,10,0.70351,277.05,193.48,297.29,213.4
10302,2920,9,0.52554,150.79,106.22,171.58,124.46
10303,2920,11,0.48801,469.03,82.99,486.35,99.76
10304,2920,11,0.03195,333.54,111.74,346.37,130.84
10305,2920,17,0.00379,297.79,146.62,325.17,168.04
10306,2920,5,0.00174,277.43,194.31,297.32,213.31
10307,2922,2,0.87103,174.7,59.37,205.8,95.64
10308,2922,17,0.7959,90.78,39.15,108.22,54.27
10309,2922,2,0.77395,63.85,91.59,103.97,120.17
10310,2922,2,0.05202,136.89,22.13,226.96,79.37
10311,2922,2,0.01101,91.03,39.61,107.65,54.85
10312,2922,2,0.00267,139.32,40.22,181.3,76.04
10313,2922,16,0.00133,175.82,58.41,207.22,94.57
10314,2935,10,0.91903,206.42,107.59,228.52,126.41
10315,2935,10,0.89032,65.42,71.8,88.53,90.35
10316,2935,17,0.8724,168.83,91.76,186.61,108.72
10317,2935,9,0.8186,159.66,53.48,179.09,70.17
10318,2935,11,0.7853,184.71,25.45,200.85,39.39
10319,2935,9,0.66354,127.76,86.38,145.76,103.18
10320,2935,9,0.41114,216.8,66.06,239.69,84.77
10321,2935,10,0.31162,216.95,65.83,239.45,85.1
10322,2935,2,0.00135,216.55,66.24,239.72,85.07
10323,2946,17,0.85717,117.19,74.56,130.0,86.93
10324,2946,10,0.84564,177.65,92.27,193.3,106.27
10325,2946,9,0.83351,67.72,83.32,84.43,96.47
10326,2946,10,0.83201,97.66,61.63,111.66,75.67
10327,2946,11,0.7692,69.66,115.84,85.7,128.75
10328,2946,9,0.75974,102.91,101.52,119.46,114.86
10329,2946,9,0.5091,139.73,89.32,152.96,101.52
10330,2946,17,0.07261,139.67,89.25,152.75,101.39
10331,2955,17,0.90211,192.81,104.78,210.31,122.7
10332,2955,17,0.8919,164.88,69.93,181.75,87.67
10333,2955,10,0.87418,142.32,32.3,161.14,54.27
10334,2955,9,0.87367,130.22,135.75,153.35,156.21
10335,2955,10,0.87359,243.02,132.26,264.91,153.68
10336,2955,11,0.79871,74.59,170.38,98.08,193.06
10337,2955,9,0.76581,88.89,85.0,111.18,105.77
10338,2956,0,0.87874,48.56,111.34,93.5,157.98
10339,2956,1,0.6487,136.33,119.53,186.36,169.11
10340,2956,0,0.57554,139.15,121.02,185.26,166.75
10341,2969,2,0.87073,201.29,115.45,229.46,152.71
10342,2969,7,0.86269,245.23,165.84,276.88,193.14
10343,2969,17,0.00135,245.32,166.71,275.86,193.05
10344,2983,5,0.00104,0.0,240.0,39.62,240.0
10345,2985,10,0.91553,398.14,20.42,421.36,43.67
10346,2985,10,0.84281,278.53,59.47,299.58,85.24
10347,2985,17,0.8417,175.32,35.79,193.97,52.03
10348,2985,9,0.83828,391.14,101.64,426.72,135.72
10349,2985,17,0.73608,298.47,13.17,319.86,36.61
10350,2985,9,0.18542,298.25,13.27,319.99,37.17
10351,2985,14,0.00566,103.91,55.94,138.86,140.34
10352,2985,14,0.0038,162.48,132.39,180.18,158.58
10353,2985,14,0.0022,200.3,108.86,222.72,149.52
10354,2985,14,0.0018,163.3,129.38,190.08,158.54
10355,2985,5,0.00163,294.65,232.63,331.71,246.0
10356,2985,14,0.00155,193.24,70.69,224.44,156.43
10357,2985,14,0.00151,167.65,107.12,221.06,158.07
10358,2985,11,0.00124,464.36,80.4,485.82,89.7
10359,2985,6,0.0012,391.31,101.13,427.01,134.83
10360,2986,0,0.87186,255.12,152.89,303.26,198.14
10361,2986,0,0.83338,159.6,154.06,206.21,201.07
10362,2986,1,0.06945,158.54,152.87,207.41,203.91
10363,2986,1,0.00714,255.92,151.58,302.53,198.26
10364,2986,6,0.0031,18.33,70.33,60.27,143.5
10365,2986,6,0.00202,487.38,118.26,494.93,197.13
10366,2986,6,0.00111,490.97,150.17,495.0,197.89
10367,2986,6,0.0011,474.38,116.66,494.84,208.36
10368,2990,2,0.83352,200.55,37.78,220.94,67.71
10369,2990,5,0.0023,0.0,0.4,29.48,47.4
10370,2997,15,0.88199,87.32,47.11,107.55,65.97
10371,2999,12,0.89522,233.11,147.05,278.5,188.63
10372,2999,12,0.88978,346.16,157.34,386.62,193.92
10373,2999,12,0.88268,151.62,152.58,189.49,185.59
10374,2999,12,0.8585,299.83,121.0,334.54,153.42
10375,2999,12,0.85607,202.1,187.78,243.53,223.57
10376,2999,12,0.6722,271.68,93.0,307.12,120.93
10377,2999,14,0.10294,240.37,0.0,475.6,245.12
10378,2999,12,0.07176,348.14,143.25,387.14,162.01
10379,2999,12,0.07156,328.6,142.69,355.78,166.75
10380,2999,12,0.03232,156.42,133.4,190.64,157.14
10381,2999,14,0.02063,404.15,26.32,486.29,256.0
10382,2999,14,0.01962,341.84,0.0,464.93,185.97
10383,2999,12,0.01886,275.93,153.32,341.14,192.66
10384,2999,14,0.01086,349.63,0.0,484.83,254.02
10385,2999,14,0.00894,258.22,0.0,422.19,182.44
10386,2999,12,0.0085,349.55,152.53,377.04,164.52
10387,2999,16,0.00785,346.29,158.31,387.77,192.27
10388,2999,16,0.00632,233.24,146.86,278.24,188.72
10389,2999,16,0.00582,299.66,121.07,334.47,153.61
10390,2999,11,0.00507,359.24,0.0,400.87,17.63
10391,2999,12,0.00438,345.67,129.27,389.12,161.16
10392,2999,16,0.00363,151.65,152.2,189.55,185.01
10393,2999,11,0.00308,202.56,187.24,242.64,223.28
10394,2999,14,0.00296,444.89,0.0,487.0,110.0
10395,2999,14,0.00235,376.96,0.08,486.37,114.84
10396,2999,12,0.00226,331.64,139.25,357.22,160.21
10397,2999,16,0.00216,202.37,188.47,243.95,222.32
10398,2999,12,0.00201,188.07,167.04,242.15,192.58
10399,2999,12,0.00168,331.63,121.78,351.09,145.56
10400,2999,12,0.00146,303.18,153.28,340.78,185.82
10401,2999,14,0.00139,259.43,0.0,387.77,104.03
10402,2999,16,0.00133,0.0,138.98,59.28,219.08
10403,2999,12,0.00123,377.77,154.33,414.26,182.61
10404,2999,12,0.00122,341.94,137.87,356.87,159.34
10405,2999,12,0.00119,302.73,118.88,328.54,127.79
10406,2999,14,0.00118,434.43,12.56,487.0,245.22
10407,2999,8,0.00113,343.98,0.0,464.3,112.5
10408,2999,12,0.00101,187.86,153.48,239.14,189.47
10409,3001,12,0.89509,372.84,36.81,410.39,71.7
10410,3001,3,0.8925,371.43,136.18,422.6,235.12
10411,3001,0,0.88663,123.8,52.07,161.1,89.86
10412,3001,12,0.86145,71.89,104.17,109.88,139.54
10413,3001,0,0.84825,306.64,114.75,344.08,155.38
10414,3001,1,0.84606,194.13,170.73,234.37,209.72
10415,3001,13,0.82328,202.61,99.49,237.49,134.97
10416,3001,3,0.80561,81.36,162.04,151.45,237.48
10417,3001,4,0.77781,239.33,29.4,313.07,77.05
10418,3001,3,0.12688,372.61,179.23,420.91,234.09
10419,3001,3,0.0277,85.45,163.35,131.99,181.59
10420,3001,3,0.02421,85.27,163.49,148.36,186.85
10421,3001,12,0.0111,74.94,95.93,98.09,109.78
10422,3001,3,0.00648,271.55,150.82,309.18,194.68
10423,3001,16,0.00237,372.55,36.56,410.9,71.8
10424,3001,16,0.00214,71.56,104.66,109.79,139.6
10425,3001,3,0.00166,407.17,9.41,454.97,64.5
10426,3001,8,0.00128,0.0,187.78,21.3,244.92
10427,3001,3,0.00115,92.45,163.22,150.82,203.63
10428,3001,3,0.00115,379.23,139.04,415.47,172.02
10429,3013,7,0.87148,226.25,92.4,266.29,124.8
10430,3013,7,0.01908,198.9,172.44,239.6,194.35
10431,3013,8,0.00468,0.0,0.29,28.7,36.55
10432,3013,14,0.00352,0.06,137.4,39.61,209.92
10433,3013,17,0.00331,243.27,126.35,262.32,146.5
10434,3013,8,0.00183,0.11,49.07,61.37,251.9
10435,3013,8,0.00154,0.0,35.13,130.34,247.56
10436,3013,14,0.00132,0.38,127.41,38.15,255.0
10437,3016,15,0.85808,26.96,109.27,59.44,141.88
10438,3016,15,0.82575,55.91,78.21,77.43,101.34
10439,3016,15,0.79624,130.31,103.64,155.88,129.36
10440,3022,7,0.88947,380.63,142.21,412.23,168.66
10441,3022,14,0.02525,458.4,68.26,479.6,93.11
10442,3022,14,0.01508,271.86,0.0,322.98,138.44
10443,3022,7,0.00117,278.47,213.49,377.9,251.28
10444,3022,7,0.00103,495.02,116.87,499.0,177.62
10445,3025,0,0.75774,434.96,137.84,479.51,185.06
10446,3025,0,0.6691,295.23,204.56,348.95,253.85
10447,3025,12,0.36925,435.07,138.2,479.97,185.98
10448,3025,1,0.34785,294.51,203.49,351.46,254.48
10449,3025,1,0.1785,434.04,138.12,480.14,186.49
10450,3025,1,0.04673,295.87,225.07,346.53,254.37
10451,3025,5,0.00155,17.09,255.0,112.33,255.0
10452,3028,2,0.88185,305.17,102.5,336.17,139.39
10453,3028,2,0.84592,186.26,113.65,216.86,150.21
10454,3028,17,0.84427,222.75,82.83,239.4,97.98
10455,3028,2,0.00429,164.63,76.46,209.94,112.0
10456,3028,2,0.00301,256.15,64.94,370.34,123.6
10457,3028,2,0.00297,301.49,63.1,369.76,133.84
10458,3028,2,0.00211,262.15,75.68,307.19,119.34
10459,3028,2,0.00113,207.21,106.22,250.97,141.13
10460,3031,10,0.85336,133.16,1.4,148.26,14.95
10461,3031,17,0.84457,163.53,6.34,176.41,19.22
10462,3031,10,0.83443,231.82,3.74,247.6,16.85
10463,3031,11,0.81304,171.15,52.31,184.74,67.24
10464,3031,9,0.81042,130.93,27.24,149.31,40.77
10465,3031,9,0.80135,193.11,13.08,205.9,24.61
10466,3031,9,0.7299,180.31,32.07,194.5,45.91
10467,3031,17,0.00377,193.13,13.06,205.18,24.73
10468,3031,14,0.00119,500.89,118.55,505.0,184.09
10469,3031,15,0.00115,406.25,86.23,424.17,105.53
10470,3038,5,0.81,287.17,182.07,330.85,210.05
10471,3038,5,0.69734,78.14,161.59,102.08,177.64
10472,3038,5,0.6641,304.76,229.11,352.71,247.0
10473,3038,5,0.52257,12.63,158.17,25.26,167.28
10474,3038,5,0.40451,37.42,159.54,45.1,167.73
10475,3038,5,0.2278,24.55,154.51,34.38,161.16
10476,3038,5,0.18872,171.78,153.37,184.54,162.91
10477,3038,5,0.04346,23.21,155.0,34.42,163.79
10478,3038,5,0.02799,464.22,183.02,487.96,219.87
10479,3038,14,0.018,196.37,154.16,203.89,167.61
10480,3038,5,0.01643,0.0,213.23,51.32,246.97
10481,3038,5,0.01427,31.72,156.37,39.75,164.56
10482,3038,5,0.01388,129.94,227.1,167.83,247.0
10483,3038,5,0.01233,33.41,234.1,52.6,246.91
10484,3038,5,0.01136,32.9,175.03,39.68,181.93
10485,3038,5,0.00873,140.65,238.41,168.52,246.89
10486,3038,5,0.00831,37.76,158.26,49.34,167.45
10487,3038,5,0.00714,11.55,154.88,21.55,161.61
10488,3038,5,0.00437,482.65,6.49,488.0,14.0
10489,3038,5,0.00394,25.55,155.26,35.64,165.63
10490,3038,14,0.00385,197.43,153.75,209.35,165.92
10491,3038,5,0.00364,4.27,159.39,14.74,168.15
10492,3038,5,0.0036,24.92,150.93,34.82,160.65
10493,3038,5,0.00336,261.97,238.81,284.09,247.0
10494,3038,14,0.0033,449.62,136.24,456.85,149.53
10495,3038,5,0.00325,0.0,246.49,65.1,247.0
10496,3038,5,0.00323,26.74,224.45,95.63,247.0
10497,3038,5,0.003,82.49,138.54,98.67,149.62
10498,3038,5,0.00299,12.87,154.83,25.79,162.97
10499,3038,14,0.00299,228.01,171.5,235.22,186.63
10500,3038,5,0.00279,38.19,161.64,49.67,168.78
10501,3038,5,0.00246,26.77,154.05,37.76,161.42
10502,3038,5,0.00246,344.7,144.03,402.96,183.11
10503,3038,4,0.00238,263.39,238.87,284.71,246.98
10504,3038,14,0.00234,483.02,124.28,487.97,142.74
10505,3038,5,0.00216,8.23,157.76,22.51,168.09
10506,3038,5,0.00207,473.23,234.0,488.0,247.0
10507,3038,5,0.0019,447.7,45.25,469.76,56.51
10508,3038,5,0.00171,403.74,219.22,488.0,247.0
10509,3038,5,0.00167,0.0,225.3,7.54,246.85
10510,3038,5,0.00167,30.15,157.9,39.17,168.31
10511,3038,5,0.00165,60.31,146.09,81.75,155.53
10512,3038,5,0.00159,39.97,155.49,52.74,167.11
10513,3038,5,0.00155,11.01,163.19,25.31,173.37
10514,3038,14,0.00154,2.39,161.06,7.36,169.33
10515,3038,5,0.00153,23.42,224.98,58.89,247.0
10516,3038,5,0.00147,77.67,160.58,93.9,170.63
10517,3038,5,0.00137,6.01,156.56,17.12,163.85
10518,3038,14,0.00136,457.08,134.04,464.47,149.12
10519,3038,5,0.00134,468.81,185.48,487.97,232.52
10520,3038,5,0.00133,0.85,157.35,6.03,171.29
10521,3038,5,0.00132,13.07,161.66,25.1,182.42
10522,3038,5,0.00132,173.95,166.65,183.77,173.51
10523,3038,14,0.00125,479.93,125.98,488.0,142.52
10524,3038,5,0.00118,481.73,6.37,487.88,18.2
10525,3038,5,0.00118,149.53,239.02,168.05,247.0
10526,3038,5,0.00113,0.27,153.49,5.81,165.9
10527,3038,5,0.0011,483.3,6.34,487.99,23.3
10528,3038,5,0.00106,303.66,225.4,374.03,247.0
10529,3038,5,0.00106,343.8,149.82,378.2,176.72
10530,3038,5,0.00106,344.82,158.48,374.77,172.75
10531,3038,5,0.00105,357.75,136.97,373.9,150.68
10532,3038,5,0.00104,463.83,141.47,488.0,230.71
10533,3038,5,0.00101,77.19,161.12,88.12,172.5
10534,3041,3,0.74592,197.67,8.21,297.47,36.44
10535,3041,3,0.6954,192.53,150.17,310.61,222.41
10536,3041,3,0.69522,193.62,150.18,313.74,190.45
10537,3041,4,0.63638,191.3,67.58,298.57,111.63
10538,3041,3,0.53781,197.94,8.13,298.91,63.06
10539,3041,3,0.09235,233.74,7.88,297.52,68.21
10540,3041,3,0.03699,198.19,151.81,267.67,189.22
10541,3041,3,0.02075,194.77,67.96,297.92,112.42
10542,3041,3,0.0045,238.6,149.69,312.08,219.21
10543,3041,4,0.00287,198.77,67.02,299.67,95.62
10544,3041,3,0.0023,196.55,7.23,296.42,133.24
10545,3041,6,0.00104,192.03,201.03,213.43,215.63
10546,3046,17,0.84362,390.39,57.18,400.13,66.71
10547,3046,10,0.83342,367.91,50.54,380.07,61.48
10548,3046,10,0.80601,441.02,62.62,453.46,73.16
10549,3046,11,0.8017,397.37,86.34,406.93,96.68
10550,3046,9,0.79811,366.95,66.95,381.29,77.42
10551,3046,9,0.69573,411.12,64.69,421.4,74.43
10552,3046,17,0.15333,402.66,75.42,413.71,84.83
10553,3046,11,0.08096,402.5,75.16,413.71,84.76
10554,3046,10,0.00185,367.38,66.55,380.81,77.47
10555,3046,17,0.00174,411.16,65.01,421.25,74.04
10556,3046,10,0.0014,397.13,86.18,406.77,96.88
10557,3049,7,0.87669,115.08,141.09,143.08,173.05
10558,3049,2,0.77612,79.86,85.06,120.27,114.86
10559,3053,2,0.85131,65.45,173.36,88.82,196.22
10560,3053,2,0.83068,171.5,165.81,193.37,186.64
10561,3053,2,0.81809,88.27,109.08,106.77,131.3
10562,3053,2,0.81369,185.3,108.4,203.38,126.87
10563,3053,2,0.0029,89.56,165.68,114.09,182.6
10564,3053,2,0.00123,56.75,63.92,77.5,89.57
10565,3058,14,0.75572,223.07,56.79,259.55,165.92
10566,3058,14,0.73193,98.52,40.76,148.63,174.18
10567,3058,14,0.69945,56.58,48.73,101.53,164.72
10568,3058,14,0.28526,382.83,80.33,410.82,130.72
10569,3058,14,0.24024,393.43,80.52,409.77,129.71
10570,3058,16,0.04185,286.49,122.04,298.11,131.6
10571,3058,16,0.02716,267.19,122.05,278.2,131.36
10572,3058,14,0.01633,0.03,47.32,7.23,129.86
10573,3058,14,0.00667,249.8,110.5,261.82,135.33
10574,3058,8,0.00659,32.81,82.35,66.62,125.69
10575,3058,14,0.00521,358.89,82.99,413.7,131.99
10576,3058,8,0.0047,0.0,84.78,68.52,126.02
10577,3058,14,0.00389,393.33,78.11,419.38,127.66
10578,3058,14,0.00342,56.09,58.83,83.67,164.49
10579,3058,14,0.00303,60.8,128.49,79.58,161.89
10580,3058,8,0.00201,0.0,53.63,112.19,128.52
10581,3058,8,0.00185,36.76,94.87,67.47,121.99
10582,3058,14,0.00147,0.03,5.13,7.3,64.49
10583,3058,14,0.00137,110.54,136.44,126.91,172.0
10584,3058,14,0.00136,0.09,81.5,10.04,131.55
10585,3058,14,0.00124,0.0,55.81,4.85,134.57
10586,3058,14,0.00122,0.08,0.0,7.58,133.92
10587,3058,14,0.00113,0.0,1.4,5.31,28.25
10588,3063,15,0.89184,312.03,39.05,332.94,57.71
10589,3063,8,0.00187,96.92,117.28,120.71,140.4
10590,3063,14,0.00118,98.18,118.17,119.07,139.44
10591,3068,17,0.86585,164.25,215.79,183.65,235.55
10592,3068,9,0.80317,132.0,156.02,151.07,170.9
10593,3068,11,0.59352,300.07,127.48,318.0,143.74
10594,3068,9,0.59286,40.03,121.55,61.64,139.61
10595,3068,11,0.53536,68.43,104.49,79.39,111.96
10596,3068,9,0.24198,44.34,194.39,69.19,215.27
10597,3068,11,0.19844,400.48,102.17,422.07,112.58
10598,3068,10,0.14193,299.61,127.84,318.22,143.47
10599,3068,11,0.06095,223.92,136.32,236.7,153.75
10600,3068,11,0.04507,357.99,115.48,373.83,130.51
10601,3068,6,0.01093,262.14,172.88,306.3,220.83
10602,3068,17,0.00672,358.14,115.64,373.81,130.47
10603,3068,10,0.00398,358.09,115.86,373.8,130.23
10604,3068,11,0.00345,68.35,104.66,81.06,115.98
10605,3068,11,0.0029,399.38,102.24,422.93,118.94
10606,3068,6,0.00162,265.27,203.17,305.14,219.19
10607,3068,15,0.00114,443.2,152.37,485.97,177.99
10608,3068,0,0.00113,491.89,63.3,495.0,77.48
10609,3068,11,0.00107,339.31,164.3,354.7,183.88
10610,3068,6,0.00102,281.67,203.44,305.34,219.01
10611,3070,10,0.90677,212.86,204.22,233.18,225.14
10612,3070,10,0.90251,153.97,114.17,172.62,131.86
10613,3070,9,0.87119,247.12,141.97,268.9,158.29
10614,3070,9,0.85505,275.9,177.98,297.5,200.05
10615,3070,17,0.83897,204.14,173.46,221.98,190.94
10616,3070,11,0.82717,300.6,130.39,321.27,144.59
10617,3070,17,0.62009,188.23,151.69,205.43,167.83
10618,3070,10,0.01976,484.26,148.18,506.0,179.75
10619,3070,9,0.00115,276.65,177.85,295.85,189.75
10620,3070,0,0.001,204.37,174.08,221.76,190.8
10621,3071,17,0.87163,237.74,12.5,250.63,24.87
10622,3071,9,0.86344,189.36,18.32,205.77,31.49
10623,3071,10,0.86137,296.06,34.54,312.51,48.66
10624,3071,11,0.80553,189.01,51.24,204.88,63.17
10625,3071,9,0.74315,259.02,28.98,272.11,41.01
10626,3071,10,0.74279,219.56,0.0,233.63,12.66
10627,3071,9,0.7108,221.83,38.73,238.45,52.21
10628,3071,17,0.04395,32.93,47.11,44.34,62.06
10629,3086,7,0.90571,298.61,31.66,339.39,64.7
10630,3086,7,0.67166,374.71,171.24,420.72,209.42
10631,3086,6,0.00451,471.63,26.65,487.93,121.09
10632,3086,6,0.0039,479.88,94.31,487.93,119.27
10633,3086,6,0.00331,472.64,25.75,487.93,86.03
10634,3086,17,0.00251,374.29,171.12,423.15,208.64
10635,3086,6,0.00193,483.45,92.59,488.0,129.9
10636,3086,6,0.00105,473.19,44.51,487.96,162.46
10637,3087,14,0.6503,122.9,131.09,138.04,164.75
10638,3087,14,0.58728,195.82,143.55,209.61,167.65
10639,3087,14,0.56542,161.48,131.97,173.2,160.78
10640,3087,16,0.5365,253.32,191.33,279.09,210.54
10641,3087,14,0.39713,82.73,121.22,96.58,153.8
10642,3087,14,0.37566,331.96,168.95,339.84,178.93
10643,3087,16,0.27805,126.5,164.37,164.03,188.16
10644,3087,16,0.25202,173.26,172.48,206.35,195.21
10645,3087,16,0.18633,98.36,161.35,141.69,185.78
10646,3087,16,0.1682,168.76,211.45,244.15,256.0
10647,3087,16,0.15175,168.25,171.8,228.38,196.78
10648,3087,14,0.15079,202.92,150.61,231.88,183.65
10649,3087,16,0.12204,14.43,154.08,74.77,178.1
10650,3087,14,0.11339,17.55,100.35,59.52,173.0
10651,3087,16,0.10668,101.7,162.91,161.26,188.64
10652,3087,14,0.09392,449.4,178.67,458.54,188.54
10653,3087,14,0.09145,107.88,136.74,123.02,163.0
10654,3087,14,0.08276,308.65,166.71,316.92,177.04
10655,3087,16,0.06707,159.48,170.24,183.34,190.17
10656,3087,14,0.05684,96.71,129.98,109.91,154.9
10657,3087,16,0.05638,69.95,157.33,139.59,186.44
10658,3087,16,0.04856,174.44,211.38,217.78,247.09
10659,3087,16,0.04296,59.48,156.01,108.99,180.0
10660,3087,14,0.04139,220.73,137.4,232.7,158.65
10661,3087,16,0.03946,127.72,166.22,197.84,191.91
10662,3087,16,0.03799,215.81,180.73,231.53,200.37
10663,3087,16,0.03271,139.74,168.12,184.47,189.57
10664,3087,16,0.0318,127.22,163.1,147.21,185.77
10665,3087,16,0.0281,145.68,169.75,211.02,195.72
10666,3087,14,0.02694,211.4,143.18,231.48,177.79
10667,3087,14,0.02626,58.22,142.31,74.65,177.48
10668,3087,16,0.02431,113.11,162.8,147.13,184.39
10669,3087,16,0.02315,172.08,211.3,207.43,239.81
10670,3087,16,0.02177,92.2,158.29,116.05,181.48
10671,3087,16,0.02123,225.84,191.3,279.05,210.8
10672,3087,16,0.02021,194.72,179.78,231.78,200.38
10673,3087,14,0.01709,59.17,142.19,73.06,158.04
10674,3087,16,0.01497,81.22,157.78,110.46,180.16
10675,3087,16,0.01474,159.76,171.35,198.6,192.49
10676,3087,16,0.01234,91.54,158.65,133.03,182.68
10677,3087,14,0.01062,83.74,122.93,108.3,154.17
10678,3087,16,0.01029,136.28,186.64,179.78,216.19
10679,3087,16,0.00966,206.35,212.26,245.6,256.0
10680,3087,16,0.00887,54.1,149.78,95.45,179.63
10681,3087,14,0.0088,99.7,129.38,109.43,149.94
10682,3087,14,0.00877,429.54,176.61,438.18,187.28
10683,3087,14,0.00809,125.71,131.6,148.5,163.54
10684,3087,14,0.0078,203.48,136.9,230.41,164.15
10685,3087,16,0.00711,127.08,187.9,170.28,214.47
10686,3087,14,0.00614,107.81,131.1,138.02,163.4
10687,3087,14,0.00602,162.77,132.02,171.45,150.87
10688,3087,16,0.00561,108.38,169.9,167.54,213.58
10689,3087,16,0.00533,110.95,185.38,165.54,213.59
10690,3087,16,0.00529,135.52,212.88,213.77,256.0
10691,3087,14,0.00521,96.48,130.07,122.66,158.89
10692,3087,14,0.00514,194.98,135.89,211.86,161.55
10693,3087,16,0.00513,161.4,212.62,206.51,255.8
10694,3087,16,0.00493,240.35,232.44,286.8,256.0
10695,3087,16,0.0048,253.58,236.58,298.9,256.0
10696,3087,14,0.00459,188.89,152.32,230.46,189.79
10697,3087,16,0.00455,94.33,161.28,173.05,196.22
10698,3087,14,0.00423,35.38,141.37,74.89,177.55
10699,3087,16,0.00417,163.29,212.41,198.69,236.59
10700,3087,14,0.00417,161.39,147.87,171.37,160.67
10701,3087,16,0.00412,222.01,226.65,267.52,256.0
10702,3087,14,0.00409,449.98,178.05,462.03,189.46
10703,3087,14,0.00385,132.79,160.7,144.43,167.58
10704,3087,16,0.00381,126.16,176.54,192.13,214.3
10705,3087,14,0.00362,38.31,128.89,72.67,168.46
10706,3087,14,0.00355,332.34,168.61,343.63,179.51
10707,3087,16,0.0035,211.14,225.33,255.02,256.0
10708,3087,16,0.00349,243.82,191.4,274.57,207.94
10709,3087,16,0.00339,33.4,142.89,82.48,178.7
10710,3087,14,0.00338,21.46,110.72,59.92,158.78
10711,3087,14,0.0033,161.49,131.91,169.23,146.03
10712,3087,14,0.0033,198.91,138.13,210.24,148.9
10713,3087,14,0.00325,130.46,150.92,139.11,165.13
10714,3087,16,0.00318,266.87,232.99,308.58,256.0
10715,3087,14,0.00318,197.59,135.66,217.64,157.37
10716,3087,16,0.00291,212.72,182.39,279.12,209.98
10717,3087,16,0.00291,84.88,168.26,160.01,212.79
10718,3087,14,0.00291,197.9,161.71,231.4,197.4
10719,3087,16,0.00282,153.71,188.01,198.36,217.69
10720,3087,14,0.00278,199.13,143.83,210.33,155.8
10721,3087,16,0.00277,0.06,136.92,42.3,211.54
10722,3087,16,0.00275,157.38,175.42,225.15,223.66
10723,3087,14,0.00265,60.57,139.63,72.79,153.55
10724,3087,16,0.0025,75.54,181.87,168.33,213.54
10725,3087,16,0.00241,58.04,156.98,139.75,207.14
10726,3087,14,0.00241,300.0,164.41,318.31,177.09
10727,3087,14,0.00238,186.57,143.65,208.66,167.84
10728,3087,14,0.00238,494.95,161.69,505.0,192.41
10729,3087,14,0.00235,86.79,123.19,99.02,150.41
10730,3087,14,0.0021,200.65,136.54,210.03,146.62
10731,3087,16,0.0021,242.46,190.28,278.99,214.03
10732,3087,16,0.00209,81.47,158.97,148.23,201.12
10733,3087,16,0.00206,91.24,160.38,109.41,180.18
10734,3087,16,0.00206,65.76,226.97,108.99,256.0
10735,3087,14,0.00204,195.92,144.86,216.97,165.46
10736,3087,16,0.00202,191.04,176.9,232.32,209.04
10737,3087,16,0.00201,236.46,222.61,271.43,256.0
10738,3087,16,0.00197,0.0,136.57,6.31,168.81
10739,3087,16,0.00194,54.0,155.56,73.64,176.88
10740,3087,16,0.00194,18.96,112.45,60.94,165.4
10741,3087,14,0.0019,94.35,140.81,109.14,155.86
10742,3087,16,0.00189,50.13,155.78,120.34,186.46
10743,3087,16,0.00188,0.0,138.47,11.17,180.57
10744,3087,14,0.00185,147.07,131.58,173.34,160.98
10745,3087,16,0.00185,67.72,223.07,166.91,256.0
10746,3087,16,0.00185,18.7,133.2,58.71,176.14
10747,3087,16,0.00185,225.55,187.2,266.83,208.45
10748,3087,16,0.00183,216.61,181.21,255.81,209.16
10749,3087,16,0.00179,0.21,141.63,43.06,183.47
10750,3087,16,0.00178,239.55,204.58,279.13,237.62
10751,3087,16,0.00175,0.02,168.16,45.62,209.86
10752,3087,16,0.00172,148.38,191.6,195.29,240.19
10753,3087,16,0.00168,165.42,198.99,209.71,234.0
10754,3087,14,0.00168,88.23,123.42,96.32,146.27
10755,3087,14,0.00167,200.3,163.23,229.66,185.77
10756,3087,16,0.00166,239.73,222.44,297.73,256.0
10757,3087,14,0.00162,163.25,131.92,181.87,160.27
10758,3087,14,0.0016,18.89,139.35,34.4,172.22
10759,3087,16,0.00156,103.33,179.56,148.68,211.54
10760,3087,16,0.00153,179.18,172.2,216.4,185.31
10761,3087,14,0.00147,500.95,163.9,505.0,193.83
10762,3087,14,0.00147,125.23,139.59,138.86,164.35
10763,3087,14,0.00146,203.07,166.61,210.18,180.37
10764,3087,14,0.00146,117.85,148.5,138.18,164.41
10765,3087,16,0.00143,229.77,217.26,259.84,254.54
10766,3087,16,0.00138,296.76,186.89,322.82,200.25
10767,3087,16,0.00135,64.5,235.06,98.86,256.0
10768,3087,14,0.00134,215.07,145.02,231.34,158.96
10769,3087,16,0.00134,130.8,162.09,146.52,179.87
10770,3087,14,0.00125,163.86,131.82,174.53,146.8
10771,3087,14,0.00125,200.64,144.21,210.0,171.73
10772,3087,14,0.00125,215.36,136.7,230.68,154.44
10773,3087,16,0.00124,216.92,212.57,255.66,247.4
10774,3087,14,0.00124,160.87,152.5,169.16,160.8
10775,3087,16,0.00124,60.64,177.4,120.82,210.2
10776,3087,16,0.00124,0.0,135.46,6.28,156.76
10777,3087,16,0.00123,68.45,222.95,126.03,256.0
10778,3087,16,0.0012,248.55,207.24,281.82,229.29
10779,3087,14,0.0012,308.19,161.17,320.66,176.85
10780,3087,16,0.00119,40.12,154.44,74.19,178.1
10781,3087,16,0.00115,271.07,226.5,340.58,256.0
10782,3087,14,0.00114,208.05,133.74,230.31,157.78
10783,3087,14,0.00108,33.0,101.19,60.91,158.98
10784,3087,14,0.00107,60.32,121.39,73.04,148.19
10785,3087,14,0.00105,448.67,177.97,467.02,190.68
10786,3087,14,0.00104,60.26,130.78,90.11,161.97
10787,3087,14,0.00103,198.82,142.31,215.15,155.51
10788,3087,14,0.00101,329.51,168.32,340.05,181.2
10789,3087,16,0.00101,133.13,161.66,144.66,168.18
10790,3087,16,0.00101,261.67,193.36,278.77,210.85
10791,3087,16,0.001,217.03,196.76,234.35,204.41
10792,3087,16,0.001,0.0,173.48,69.04,210.84
10793,3089,2,0.8533,110.42,174.17,129.03,200.51
10794,3089,2,0.84562,47.75,131.03,65.16,154.93
10795,3089,2,0.8392,129.3,118.63,144.64,140.92
10796,3089,2,0.73834,183.3,141.82,198.54,165.09
10797,3089,14,0.0117,91.37,0.36,108.57,11.88
10798,3089,5,0.01118,406.94,0.4,504.0,40.8
10799,3089,5,0.00332,343.29,0.6,415.99,28.74
10800,3089,14,0.00119,95.21,0.27,117.94,12.2
10801,3089,8,0.00106,339.28,0.71,501.87,44.0
10802,3092,8,0.72553,52.06,119.86,82.88,145.5
10803,3092,14,0.69491,253.77,97.53,268.93,137.66
10804,3092,8,0.67794,381.35,94.27,496.67,233.17
10805,3092,14,0.66446,150.8,113.72,167.35,140.59
10806,3092,14,0.65939,115.13,96.6,160.15,170.05
10807,3092,8,0.03641,469.28,86.13,496.5,124.2
10808,3092,8,0.01937,474.12,91.71,489.22,124.15
10809,3092,14,0.01891,248.52,93.83,273.28,167.55
10810,3092,14,0.01795,163.32,114.61,176.86,140.86
10811,3092,14,0.01581,156.95,113.98,179.74,141.85
10812,3092,14,0.01564,167.41,118.29,176.66,140.68
10813,3092,14,0.01169,338.37,68.77,358.31,129.68
10814,3092,14,0.01157,473.77,86.71,491.63,124.31
10815,3092,14,0.00854,37.58,111.22,48.22,128.75
10816,3092,14,0.00827,162.86,125.02,176.38,141.25
10817,3092,14,0.00706,465.68,82.81,490.45,124.5
10818,3092,14,0.00518,156.8,122.93,173.87,141.46
10819,3092,8,0.00491,440.37,84.15,499.75,229.08
10820,3092,14,0.00488,144.54,114.93,158.81,141.16
10821,3092,14,0.00454,264.62,108.55,277.86,135.74
10822,3092,14,0.0043,118.95,93.49,145.24,152.07
10823,3092,14,0.00415,114.33,97.37,129.51,133.27
10824,3092,14,0.00363,496.26,86.46,500.0,119.11
10825,3092,8,0.00315,473.5,105.41,488.62,124.59
10826,3092,8,0.00311,463.55,116.72,499.76,222.35
10827,3092,14,0.00309,325.7,66.37,356.99,136.18
10828,3092,14,0.00282,114.1,96.05,141.15,138.64
10829,3092,14,0.00273,159.11,112.42,189.25,138.34
10830,3092,14,0.00261,273.08,81.42,303.66,136.6
10831,3092,14,0.00251,480.54,87.19,500.0,125.12
10832,3092,14,0.00239,140.35,117.85,151.7,151.17
10833,3092,14,0.00238,270.36,108.3,282.48,135.09
10834,3092,8,0.00237,489.44,160.51,499.97,225.42
10835,3092,8,0.00236,480.14,171.71,499.94,225.6
10836,3092,5,0.00223,300.33,117.75,333.44,132.38
10837,3092,14,0.00192,421.32,62.26,467.11,148.86
10838,3092,14,0.0018,166.16,114.5,186.44,139.89
10839,3092,14,0.00174,434.65,65.72,458.0,97.63
10840,3092,8,0.00155,262.13,148.6,276.97,168.06
10841,3092,14,0.00153,152.81,112.75,173.75,138.75
10842,3092,8,0.00149,469.47,158.68,499.81,225.07
10843,3092,14,0.00149,386.87,104.41,409.1,144.99
10844,3092,8,0.00141,479.37,79.52,499.9,123.24
10845,3092,8,0.00133,458.05,89.94,490.55,124.16
10846,3092,14,0.00129,41.46,111.4,51.39,129.69
10847,3092,14,0.00128,254.36,96.45,278.78,136.36
10848,3092,14,0.00127,157.73,113.34,178.44,125.24
10849,3092,14,0.00127,149.16,118.12,158.5,141.31
10850,3092,14,0.00127,259.86,99.54,275.88,135.79
10851,3092,14,0.00124,257.27,96.83,269.84,122.05
10852,3092,14,0.00119,492.9,153.27,500.0,229.16
10853,3092,14,0.00118,155.48,101.29,164.74,115.17
10854,3092,8,0.00114,427.19,18.25,500.0,215.08
10855,3092,14,0.00111,166.33,121.03,187.21,145.42
10856,3092,8,0.0011,463.39,102.78,489.04,123.59
10857,3092,14,0.00109,37.7,111.59,58.21,132.01
10858,3092,14,0.00105,50.34,119.9,65.91,134.26
10859,3092,14,0.00103,265.92,107.18,275.12,121.99
10860,3099,5,0.75451,406.01,180.45,465.58,222.66
10861,3099,14,0.75174,211.28,120.71,247.93,219.88
10862,3099,5,0.65973,0.0,125.55,213.73,195.74
10863,3099,14,0.64494,378.95,113.7,424.61,234.92
10864,3099,14,0.64435,164.46,121.07,194.15,209.53
10865,3099,5,0.51904,0.0,44.19,234.56,197.83
10866,3099,14,0.47394,179.71,105.12,219.54,221.29
10867,3099,14,0.09593,190.14,110.33,226.37,223.49
10868,3099,5,0.02457,0.0,133.96,66.11,194.98
10869,3099,14,0.0154,157.88,116.5,216.66,218.99
10870,3099,8,0.00838,491.95,159.13,499.97,183.09
10871,3099,17,0.00809,319.49,95.69,337.15,110.65
10872,3099,5,0.0069,493.09,159.44,500.0,183.82
10873,3099,5,0.00589,491.43,152.66,499.89,210.77
10874,3099,5,0.00544,0.0,133.04,115.7,195.13
10875,3099,5,0.00506,0.0,104.1,94.22,196.21
10876,3099,5,0.00332,45.95,138.55,202.48,199.44
10877,3099,14,0.00242,494.01,158.76,500.0,183.68
10878,3099,14,0.00237,491.44,153.63,500.0,187.9
10879,3099,5,0.00229,0.14,103.64,38.24,199.93
10880,3099,14,0.00215,192.74,109.18,224.97,164.99
10881,3099,5,0.00207,406.05,116.28,500.0,189.29
10882,3099,5,0.00206,491.32,98.81,499.89,243.93
10883,3099,14,0.00183,491.4,156.09,499.9,225.85
10884,3099,14,0.00157,180.39,188.39,211.28,222.02
10885,3099,14,0.00147,180.58,157.01,215.83,221.14
10886,3099,14,0.00113,194.33,108.94,228.27,144.87
10887,3099,5,0.00108,25.53,129.76,158.8,193.57
10888,3099,14,0.00105,172.26,111.21,247.72,219.68
10889,3099,5,0.00103,0.01,103.21,30.38,158.17
10890,3104,3,0.53695,144.81,46.09,228.78,87.9
10891,3104,6,0.11532,145.71,48.66,226.22,87.74
10892,3104,11,0.10335,96.28,86.29,118.88,109.67
10893,3104,11,0.07024,117.35,153.37,148.91,188.24
10894,3104,11,0.05308,485.54,86.64,490.0,109.59
10895,3104,11,0.04826,244.49,57.29,273.23,83.67
10896,3104,6,0.01848,471.44,80.84,489.92,178.23
10897,3104,11,0.01626,257.97,72.24,294.83,105.02
10898,3104,11,0.01583,10.88,147.83,37.7,177.8
10899,3104,11,0.0146,482.39,79.95,490.0,114.82
10900,3104,11,0.01298,368.7,113.75,387.62,135.19
10901,3104,11,0.01233,387.14,206.47,418.11,232.15
10902,3104,11,0.01006,393.49,65.03,424.33,92.73
10903,3104,11,0.00954,353.78,88.87,391.49,111.64
10904,3104,11,0.00684,485.41,84.26,490.0,131.2
10905,3104,11,0.00659,353.94,38.52,389.98,65.19
10906,3104,11,0.00642,325.05,115.08,364.52,150.25
10907,3104,11,0.00611,353.73,67.65,385.35,90.81
10908,3104,11,0.00432,367.82,113.46,399.42,141.98
10909,3104,6,0.00431,465.23,28.04,489.97,150.3
10910,3104,11,0.0042,234.13,100.91,266.59,122.31
10911,3104,11,0.00393,318.73,23.25,345.75,44.4
10912,3104,11,0.00381,397.04,149.84,426.22,175.35
10913,3104,11,0.00354,237.03,100.62,279.56,131.84
10914,3104,11,0.00339,458.92,6.19,488.99,38.06
10915,3104,16,0.00312,387.25,206.25,418.24,232.24
10916,3104,11,0.00304,478.55,73.07,490.0,114.36
10917,3104,11,0.00299,171.47,98.93,194.83,128.31
10918,3104,11,0.00263,45.55,54.37,85.27,94.99
10919,3104,11,0.00229,342.13,16.63,370.15,40.38
10920,3104,11,0.00228,224.74,115.45,258.4,144.88
10921,3104,11,0.00221,406.32,24.78,450.46,64.82
10922,3104,11,0.00188,405.96,25.54,437.22,57.92
10923,3104,11,0.00179,468.01,39.41,489.88,66.92
10924,3104,11,0.00178,203.63,195.05,241.9,227.95
10925,3104,11,0.0016,348.33,79.43,402.13,110.18
10926,3104,11,0.00151,105.22,26.71,139.18,60.9
10927,3104,10,0.00148,147.3,54.04,194.63,86.32
10928,3104,11,0.00136,313.52,159.25,355.16,180.94
10929,3104,11,0.00134,296.53,117.61,334.58,146.16
10930,3104,11,0.00134,237.27,0.0,276.64,14.21
10931,3104,11,0.00128,354.92,66.29,403.17,90.66
10932,3104,6,0.00126,446.32,91.04,489.71,182.76
10933,3104,11,0.00123,274.84,0.0,304.0,12.79
10934,3104,6,0.0012,288.86,158.89,392.77,239.81
10935,3104,11,0.00117,481.75,84.69,490.0,130.51
10936,3104,11,0.00108,302.75,53.12,322.26,73.71
10937,3104,9,0.00105,249.28,142.83,272.02,170.95
10938,3106,15,0.8758,156.71,81.57,192.15,122.08
10939,3106,15,0.83543,39.25,21.85,77.37,61.28
10940,3106,15,0.83075,150.14,8.39,181.66,39.22
10941,3106,14,0.00163,383.34,0.0,463.14,0.0
10942,3107,10,0.8815,197.14,100.97,226.89,126.19
10943,3107,10,0.86089,379.58,138.54,408.79,164.72
10944,3107,11,0.00108,227.18,72.71,252.87,90.27
10945,3114,14,0.78755,378.79,81.14,402.54,117.39
10946,3114,14,0.53149,60.48,21.81,76.73,61.04
10947,3114,14,0.326,17.39,18.64,31.49,49.71
10948,3114,14,0.30944,341.61,77.67,354.71,104.48
10949,3114,14,0.01858,261.65,66.8,276.63,88.81
10950,3114,14,0.01208,38.56,41.4,51.76,56.79
10951,3114,14,0.01051,341.85,77.43,363.57,104.59
10952,3114,14,0.00997,191.76,5.36,263.44,157.03
10953,3114,14,0.00988,330.42,81.72,343.88,100.32
10954,3114,14,0.00948,330.65,80.6,351.26,103.16
10955,3114,14,0.00859,319.13,78.39,331.91,100.26
10956,3114,14,0.00854,8.87,14.93,31.9,49.92
10957,3114,14,0.00715,426.19,90.27,449.79,122.6
10958,3114,14,0.00556,488.7,91.0,500.0,130.1
10959,3114,14,0.00478,495.09,102.19,500.0,128.95
10960,3114,14,0.00473,433.3,93.12,452.6,126.36
10961,3114,14,0.00446,64.11,29.78,76.13,61.38
10962,3114,14,0.00391,342.24,83.73,352.18,104.57
10963,3114,14,0.00281,484.1,76.06,500.0,131.49
10964,3114,14,0.00263,411.09,96.28,427.75,120.6
10965,3114,14,0.00252,49.36,24.62,76.86,59.84
10966,3114,14,0.00245,352.42,84.76,365.91,104.4
10967,3114,14,0.00245,495.13,68.88,500.0,139.62
10968,3114,14,0.00227,411.56,92.78,438.48,121.15
10969,3114,8,0.00218,413.7,90.35,457.45,127.85
10970,3114,8,0.00191,440.39,113.75,456.25,127.36
10971,3114,8,0.00147,166.16,50.21,193.42,75.72
10972,3114,5,0.00125,465.24,93.95,499.86,129.63
10973,3114,14,0.00121,306.78,75.39,317.09,95.91
10974,3114,5,0.00119,433.74,96.01,500.0,129.21
10975,3114,8,0.00104,431.18,97.0,460.42,127.94
10976,3114,14,0.00103,367.91,90.08,393.64,115.92
10977,3114,14,0.00102,373.44,95.57,393.19,115.06
10978,3114,14,0.00102,396.52,96.33,428.23,120.46
10979,3117,15,0.84371,121.94,18.93,144.03,40.43
10980,3117,15,0.84101,129.79,59.61,154.68,85.9
10981,3117,15,0.84093,46.68,35.51,74.11,63.88
10982,3117,6,0.00414,295.26,41.88,331.38,96.75
10983,3117,6,0.00375,319.21,100.19,423.81,188.01
10984,3117,6,0.00236,305.68,86.55,366.07,157.17
10985,3117,6,0.00125,303.55,53.63,360.36,114.34
10986,3125,14,0.67708,339.31,116.81,351.89,154.36
10987,3125,5,0.21123,8.57,130.16,43.14,153.41
10988,3125,14,0.16001,99.34,130.98,116.91,158.36
10989,3125,14,0.13682,0.0,131.14,12.16,177.33
10990,3125,14,0.12219,310.87,125.41,319.25,143.82
10991,3125,5,0.07665,12.5,131.71,32.67,153.45
10992,3125,14,0.05401,324.33,126.73,337.75,155.55
10993,3125,14,0.04635,104.73,132.85,118.14,157.7
10994,3125,14,0.03847,151.72,131.48,159.8,152.15
10995,3125,5,0.02956,239.23,115.63,260.27,139.32
10996,3125,5,0.0181,52.98,129.4,74.19,148.56
10997,3125,14,0.01676,143.55,130.69,160.19,152.88
10998,3125,5,0.01581,21.9,130.57,46.03,150.59
10999,3125,14,0.01558,153.65,129.72,166.58,148.0
11000,3125,5,0.01549,171.36,0.0,291.94,35.54
11001,3125,5,0.01392,0.57,129.7,30.25,156.15
11002,3125,14,0.00985,310.9,126.4,325.24,144.21
11003,3125,14,0.00818,293.69,124.53,301.44,138.46
11004,3125,8,0.00669,78.04,138.31,87.93,149.74
11005,3125,14,0.00645,166.14,133.92,173.3,148.48
11006,3125,14,0.00626,340.22,116.01,362.59,154.49
11007,3125,14,0.00562,165.05,130.6,175.79,148.35
11008,3125,16,0.00516,154.94,129.9,166.31,141.51
11009,3125,5,0.00474,13.37,137.26,26.97,153.64
11010,3125,14,0.00474,147.77,129.64,170.15,152.65
11011,3125,5,0.00437,54.57,128.54,95.46,150.1
11012,3125,14,0.00416,0.04,121.22,13.91,142.58
11013,3125,14,0.0041,0.0,120.33,16.2,153.96
11014,3125,5,0.00389,230.6,124.94,242.56,134.7
11015,3125,14,0.0038,312.2,124.86,325.63,139.01
11016,3125,14,0.00369,2.41,134.5,13.29,158.54
11017,3125,5,0.00362,241.6,116.09,257.94,131.77
11018,3125,5,0.00355,78.89,129.81,99.9,146.17
11019,3125,5,0.00319,41.48,129.41,71.11,150.32
11020,3125,14,0.00317,0.08,117.78,12.6,136.94
11021,3125,8,0.00312,45.1,134.12,56.44,150.64
11022,3125,5,0.00312,0.01,135.01,6.26,161.09
11023,3125,14,0.00304,155.68,129.97,166.1,140.79
11024,3125,14,0.00292,307.76,124.79,328.82,157.57
11025,3125,14,0.00289,318.34,128.0,333.45,151.95
11026,3125,14,0.00275,155.99,128.71,175.24,149.01
11027,3125,14,0.00268,84.23,128.39,117.03,158.46
11028,3125,8,0.00265,316.73,128.01,327.74,144.39
11029,3125,14,0.00261,92.68,127.45,112.93,154.29
11030,3125,14,0.00245,306.05,124.97,319.62,141.1
11031,3125,16,0.00243,271.44,161.9,285.19,171.57
11032,3125,14,0.00239,0.04,116.94,4.79,136.06
11033,3125,5,0.00224,85.51,128.39,116.79,154.72
11034,3125,14,0.00219,319.11,127.78,328.48,146.71
11035,3125,14,0.00214,317.56,126.8,335.05,143.15
11036,3125,14,0.00212,294.56,124.74,306.37,138.79
11037,3125,14,0.00209,315.95,127.92,327.17,144.19
11038,3125,8,0.00209,47.39,134.67,64.58,149.78
11039,3125,14,0.00202,312.66,125.0,335.46,156.72
11040,3125,14,0.00197,0.01,130.6,14.14,155.54
11041,3125,14,0.00196,256.28,121.81,276.74,155.46
11042,3125,14,0.00179,0.0,134.05,6.33,177.14
11043,3125,14,0.00168,314.39,125.53,332.58,146.03
11044,3125,14,0.00165,324.17,126.29,336.01,146.02
11045,3125,5,0.00164,19.62,128.49,60.24,150.84
11046,3125,5,0.00156,52.83,134.36,70.16,149.15
11047,3125,5,0.0015,203.08,203.94,317.89,240.89
11048,3125,14,0.00149,0.05,151.01,7.62,192.56
11049,3125,5,0.00132,45.5,133.92,67.69,149.5
11050,3125,14,0.00131,342.26,116.37,351.88,129.33
11051,3125,5,0.00121,0.05,130.77,12.09,163.46
11052,3125,14,0.00109,301.18,125.23,319.99,144.26
11053,3129,0,0.88408,306.18,98.11,339.85,130.9
11054,3129,4,0.85674,155.69,25.7,201.07,72.07
11055,3129,0,0.79755,162.65,125.49,201.4,162.08
11056,3129,3,0.4503,269.13,48.84,317.44,79.35
11057,3129,11,0.07676,162.82,125.19,201.65,162.57
11058,3129,6,0.04631,487.51,8.18,496.98,26.42
11059,3129,0,0.03034,116.26,4.36,131.83,27.05
11060,3129,1,0.02812,162.33,125.29,201.95,162.64
11061,3129,3,0.01173,275.59,119.44,306.94,158.56
11062,3129,4,0.00976,175.65,26.21,201.39,65.01
11063,3129,6,0.00946,463.47,146.49,496.79,180.4
11064,3129,6,0.00848,492.91,8.34,497.0,26.89
11065,3129,6,0.00569,479.43,8.64,496.88,26.0
11066,3129,6,0.00536,482.83,103.73,497.0,148.37
11067,3129,6,0.00375,371.27,21.8,398.81,37.56
11068,3129,6,0.00226,318.37,79.68,361.69,100.64
11069,3129,6,0.0014,481.33,104.86,496.88,131.09
11070,3129,0,0.00134,372.16,21.34,399.07,37.48
11071,3129,15,0.00119,358.44,0.0,371.33,12.48
11072,3129,6,0.00104,445.33,54.55,468.71,68.31
11073,3129,6,0.00102,478.56,89.93,497.0,149.75
11074,3134,17,0.88249,362.2,64.2,378.14,80.49
11075,3134,17,0.04402,441.94,33.08,457.43,48.17
11076,3143,5,0.00463,207.38,0.0,459.0,201.0
11077,3143,5,0.00206,147.6,24.82,264.25,166.18
11078,3143,15,0.00123,149.02,27.06,258.07,165.83
11079,3145,11,0.84911,355.23,158.96,393.01,194.93
11080,3145,11,0.81991,214.91,193.8,249.82,238.12
11081,3145,11,0.79793,84.8,128.04,116.89,162.76
11082,3145,11,0.77793,283.53,124.7,313.34,161.67
11083,3145,11,0.77368,24.85,194.1,57.18,232.2
11084,3145,10,0.6609,138.31,195.84,171.63,234.13
11085,3145,10,0.14462,354.99,158.71,392.41,195.56
11086,3145,0,0.00886,25.26,194.32,57.4,232.45
11087,3145,0,0.00833,215.55,194.73,247.88,237.84
11088,3145,5,0.00435,32.7,71.05,176.73,106.71
11089,3145,12,0.00158,355.34,158.95,392.81,195.21
11090,3145,0,0.00144,84.84,127.65,117.56,162.38
11091,3145,12,0.00139,138.66,196.32,170.95,234.81
11092,3145,0,0.00118,283.36,124.74,312.86,161.19
11093,3146,14,0.78935,122.47,96.53,145.84,170.97
11094,3146,8,0.71559,51.91,120.13,83.13,145.51
11095,3146,8,0.68722,381.14,94.53,498.78,228.25
11096,3146,14,0.68305,253.77,96.43,268.13,137.92
11097,3146,14,0.6149,149.48,112.19,164.39,139.77
11098,3146,14,0.04892,495.6,86.35,499.99,115.88
11099,3146,14,0.04594,248.79,92.71,274.41,168.39
11100,3146,14,0.03213,114.17,97.15,129.03,133.68
11101,3146,14,0.03024,338.3,68.95,358.26,129.94
11102,3146,14,0.02475,158.84,126.0,170.24,140.94
11103,3146,14,0.01989,485.4,86.89,500.0,118.05
11104,3146,14,0.01229,37.88,111.19,48.19,128.84
11105,3146,14,0.01198,168.43,119.71,176.27,140.47
11106,3146,14,0.01027,162.93,125.08,175.84,140.87
11107,3146,14,0.00932,325.93,66.85,356.84,135.95
11108,3146,14,0.00913,263.75,108.75,276.59,135.04
11109,3146,14,0.00533,162.71,114.07,178.83,141.2
11110,3146,14,0.00496,154.99,100.69,164.11,114.98
11111,3146,8,0.00478,442.7,84.48,499.82,230.51
11112,3146,14,0.00468,113.59,96.71,138.13,147.24
11113,3146,14,0.00363,150.08,113.06,174.29,141.43
11114,3146,8,0.00316,464.29,115.74,499.76,223.28
11115,3146,14,0.00315,488.77,81.21,499.9,112.64
11116,3146,14,0.00287,480.05,86.34,499.99,130.95
11117,3146,14,0.00277,484.77,89.86,496.74,111.73
11118,3146,8,0.00264,489.7,151.08,499.99,226.32
11119,3146,8,0.00262,481.95,168.51,499.93,226.65
11120,3146,14,0.00262,253.21,96.36,277.66,137.93
11121,3146,14,0.00205,154.91,122.28,169.23,140.47
11122,3146,14,0.00201,263.33,107.08,284.74,135.89
11123,3146,14,0.00195,434.77,65.81,457.84,97.52
11124,3146,14,0.00171,415.0,64.42,468.38,148.23
11125,3146,8,0.0017,271.82,107.03,302.97,137.18
11126,3146,14,0.00167,169.79,116.55,185.37,142.19
11127,3146,14,0.00152,163.84,113.22,178.29,125.75
11128,3146,14,0.00148,166.42,112.76,191.14,137.38
11129,3146,14,0.00148,40.81,111.1,51.24,129.61
11130,3146,8,0.00146,470.71,157.81,499.81,225.44
11131,3146,14,0.00142,151.16,111.96,161.7,124.37
11132,3146,14,0.00139,273.11,81.72,304.04,137.01
11133,3146,14,0.00128,257.08,110.67,275.62,137.02
11134,3146,14,0.00112,37.85,111.65,57.5,130.5
11135,3146,14,0.0011,147.92,111.5,179.91,124.97
11136,3146,14,0.00107,49.84,119.82,66.19,135.28
11137,3147,7,0.86455,180.38,144.59,213.67,171.12
11138,3147,7,0.82157,316.71,106.56,341.53,129.9
11139,3152,15,0.85335,377.93,157.72,406.08,184.53
11140,3152,15,0.77896,339.94,78.78,357.31,97.04
11141,3152,6,0.74023,339.89,113.44,396.53,134.52
11142,3152,6,0.491,340.95,113.21,373.3,134.18
11143,3152,17,0.22478,427.65,120.0,446.48,137.14
11144,3152,2,0.14477,427.53,120.0,446.5,137.46
11145,3155,15,0.42859,311.86,155.31,338.78,184.0
11146,3155,14,0.07832,378.43,1.58,506.38,251.02
11147,3155,14,0.0286,245.62,0.0,268.8,17.98
11148,3155,15,0.01981,310.37,165.19,337.7,184.85
11149,3155,14,0.01476,327.12,69.11,503.82,252.79
11150,3155,15,0.00998,271.63,143.88,343.81,255.8
11151,3155,14,0.00588,444.6,0.0,507.0,243.11
11152,3155,8,0.00563,396.34,154.77,505.8,256.0
11153,3155,14,0.00557,245.35,0.09,288.43,19.89
11154,3155,14,0.00398,247.82,28.09,502.16,256.0
11155,3155,15,0.00388,275.25,73.12,400.38,255.17
11156,3155,15,0.00363,310.34,161.54,339.42,202.78
11157,3155,14,0.00354,425.45,141.31,507.0,256.0
11158,3155,15,0.00132,299.51,168.75,338.49,186.26
11159,3155,15,0.00128,262.85,86.7,342.98,255.23
11160,3155,15,0.00126,275.68,155.62,342.93,203.54
11161,3155,14,0.00109,502.49,212.01,507.0,256.0
11162,3155,17,0.00105,281.9,97.08,299.23,120.76
11163,3155,8,0.00102,337.56,130.83,505.38,256.0
11164,3156,10,0.85241,139.4,100.12,154.52,113.82
11165,3156,10,0.8482,62.28,141.23,80.26,156.05
11166,3156,9,0.84622,148.9,142.9,165.46,157.9
11167,3156,17,0.83011,94.8,131.75,108.5,145.26
11168,3156,17,0.82374,119.2,125.08,132.67,138.57
11169,3156,11,0.80148,183.78,160.03,202.05,175.17
11170,3156,9,0.77207,111.06,160.06,129.62,177.28
11171,3156,17,0.11181,111.22,160.29,129.49,177.2
11172,3156,6,0.00111,149.09,143.21,165.45,158.22
11173,3173,2,0.69397,404.68,107.65,434.09,136.78
11174,3173,5,0.00646,231.4,84.13,319.75,104.42
11175,3173,5,0.00625,7.14,83.35,141.83,116.64
11176,3173,2,0.00576,231.73,103.63,253.1,115.04
11177,3173,5,0.00287,231.28,85.59,310.84,113.38
11178,3173,5,0.00269,13.44,82.91,85.39,110.49
11179,3173,5,0.00232,229.72,78.6,344.01,105.59
11180,3173,5,0.00182,29.01,87.19,95.99,106.5
11181,3173,5,0.00177,414.58,60.73,496.5,95.19
11182,3173,5,0.00151,231.4,92.6,287.79,115.34
11183,3177,0,0.88974,223.32,18.74,253.75,48.01
11184,3177,0,0.88233,361.12,95.6,400.02,134.25
11185,3177,3,0.87733,141.81,89.57,189.73,147.83
11186,3177,3,0.86696,261.29,46.03,308.04,90.35
11187,3177,3,0.82101,209.77,184.38,287.46,241.65
11188,3177,12,0.78256,341.68,9.5,373.47,42.07
11189,3177,0,0.48168,341.57,8.9,373.08,42.18
11190,3177,13,0.47246,240.67,118.41,276.08,152.67
11191,3177,3,0.03676,151.84,90.04,189.56,132.51
11192,3177,3,0.0027,211.21,204.38,260.02,241.05
11193,3177,11,0.0025,240.54,118.78,275.34,152.95
11194,3177,1,0.00236,240.72,117.97,275.77,152.76
11195,3177,6,0.00149,0.01,139.77,10.43,196.27
11196,3177,8,0.00141,407.16,0.0,498.0,109.52
11197,3177,8,0.00119,429.77,0.0,498.0,137.76
11198,3177,3,0.00113,395.78,119.02,415.54,135.39
11199,3182,15,0.87709,409.45,10.59,428.54,30.76
11200,3182,15,0.00807,288.08,0.0,312.34,10.22
11201,3182,7,0.00272,139.42,214.6,218.46,247.0
11202,3182,16,0.00115,137.08,214.39,216.7,247.0
11203,3183,2,0.80703,326.0,151.66,343.14,165.0
11204,3183,2,0.33875,411.74,159.23,428.21,172.99
11205,3183,2,0.31919,387.05,176.41,404.13,191.69
11206,3183,2,0.26024,361.28,135.97,372.66,150.46
11207,3183,9,0.0094,411.88,159.32,428.21,173.26
11208,3184,0,0.88441,376.18,147.72,414.75,187.73
11209,3184,3,0.87871,374.51,3.72,440.48,72.7
11210,3184,12,0.86766,424.75,92.01,463.56,129.02
11211,3184,0,0.86635,188.8,77.22,224.45,114.04
11212,3184,12,0.84753,111.18,161.25,148.53,198.43
11213,3184,13,0.81617,291.85,97.61,327.36,132.71
11214,3184,3,0.81415,121.89,13.01,170.45,95.31
11215,3184,1,0.80277,294.65,20.7,330.94,57.4
11216,3184,4,0.75681,208.85,161.68,291.5,223.73
11217,3184,0,0.01498,294.68,20.44,330.26,57.16
11218,3184,4,0.00971,210.05,161.74,289.32,195.33
11219,3184,3,0.00442,229.39,133.68,244.6,145.56
11220,3184,4,0.00159,246.63,161.29,290.67,221.75
11221,3184,16,0.00154,111.18,161.02,148.24,198.21
11222,3184,3,0.00145,404.56,57.71,443.45,71.63
11223,3184,8,0.00141,488.87,13.51,500.9,53.7
11224,3184,0,0.00112,229.09,133.61,244.33,145.53
11225,3185,5,0.84165,158.73,219.22,222.23,254.88
11226,3185,5,0.83259,72.79,212.23,128.0,247.62
11227,3185,5,0.7948,296.92,160.53,327.22,179.05
11228,3185,5,0.73323,357.32,152.22,383.62,172.09
11229,3185,5,0.47278,422.1,130.4,437.95,144.03
11230,3185,5,0.31894,313.61,149.4,335.82,165.31
11231,3185,5,0.1105,322.95,151.69,336.07,164.92
11232,3185,5,0.06099,307.13,150.74,334.82,168.14
11233,3185,14,0.03394,465.31,148.9,471.96,162.8
11234,3185,5,0.01291,425.08,125.05,438.31,132.78
11235,3185,5,0.00863,424.55,127.83,438.33,134.75
11236,3185,5,0.00726,334.12,113.45,391.55,141.64
11237,3185,5,0.00675,343.8,128.74,366.03,145.66
11238,3185,5,0.00554,305.64,150.22,328.09,164.83
11239,3185,8,0.00528,343.22,247.87,350.48,256.0
11240,3185,5,0.00509,339.16,119.14,383.96,143.06
11241,3185,14,0.00498,343.46,247.67,350.89,255.75
11242,3185,14,0.00444,8.58,199.72,19.65,220.98
11243,3185,5,0.00366,339.21,124.49,375.05,144.11
11244,3185,5,0.00359,299.75,229.51,359.46,256.0
11245,3185,14,0.00301,8.99,208.28,19.44,221.85
11246,3185,5,0.00297,0.0,150.94,10.81,166.93
11247,3185,5,0.00269,66.92,147.3,94.78,161.02
11248,3185,5,0.00233,72.81,148.23,101.18,161.3
11249,3185,5,0.00229,407.18,127.87,430.17,141.99
11250,3185,14,0.00229,8.51,200.09,19.14,213.36
11251,3185,5,0.00199,67.17,146.49,92.94,156.63
11252,3185,5,0.00184,205.83,158.83,227.3,172.74
11253,3185,5,0.00182,31.1,147.97,67.97,163.04
11254,3185,5,0.0018,261.1,240.23,320.59,256.0
11255,3185,5,0.00162,323.77,121.23,366.51,144.06
11256,3185,5,0.00158,84.87,150.77,102.0,160.68
11257,3185,5,0.00155,35.7,145.9,64.27,157.68
11258,3185,5,0.00149,0.05,196.93,20.24,225.92
11259,3185,5,0.00139,73.27,147.39,91.02,159.03
11260,3185,5,0.00121,43.54,149.24,76.64,162.88
11261,3185,5,0.00118,0.0,151.8,13.5,173.29
11262,3185,5,0.00114,56.29,148.85,82.15,163.37
11263,3185,5,0.00114,326.02,129.11,365.31,145.87
11264,3185,5,0.00111,129.37,150.67,157.96,165.22
11265,3185,5,0.00108,405.3,125.11,410.24,131.76
11266,3193,7,0.81836,86.14,46.83,108.06,69.04
11267,3193,5,0.01141,0.0,1.69,266.21,254.6
11268,3193,17,0.00118,86.8,46.83,108.22,68.46
11269,3195,0,0.89748,227.26,110.74,266.27,144.31
11270,3195,0,0.88493,307.12,94.1,347.22,129.14
11271,3195,1,0.67558,310.04,156.78,356.56,204.26
11272,3195,0,0.40859,311.15,158.15,355.39,203.46
11273,3195,11,0.00496,307.77,99.49,345.3,129.61
11274,3195,14,0.0012,252.45,198.42,279.94,250.84
11275,3196,10,0.86448,61.17,72.88,86.06,93.94
11276,3196,10,0.8613,252.24,98.81,276.51,125.12
11277,3196,9,0.8574,155.01,46.72,178.19,70.68
11278,3196,17,0.84282,26.09,33.16,45.55,49.85
11279,3196,11,0.08577,96.03,122.74,132.64,144.51
11280,3196,15,0.01506,285.39,58.58,322.76,85.48
11281,3196,10,0.00871,119.13,217.31,136.14,232.72
11282,3196,6,0.00173,0.01,92.73,23.07,130.21
11283,3196,11,0.00156,468.31,0.69,494.25,11.2
11284,3196,10,0.00104,175.0,86.28,190.77,103.93
11285,3205,12,0.8828,271.72,95.56,304.29,129.39
11286,3205,3,0.88036,305.74,65.63,365.98,112.8
11287,3205,0,0.87468,193.02,17.17,225.34,51.36
11288,3205,12,0.85958,98.27,79.03,138.07,114.87
11289,3205,3,0.85233,172.08,106.13,231.63,174.34
11290,3205,3,0.77803,304.2,203.84,385.71,241.3
11291,3205,1,0.58214,164.06,212.03,210.86,245.69
11292,3205,0,0.45342,164.66,211.3,210.86,245.44
11293,3205,3,0.38065,305.36,156.36,385.71,242.09
11294,3205,3,0.05375,60.82,61.4,95.08,84.2
11295,3205,0,0.04028,489.4,0.0,497.97,18.13
11296,3205,5,0.02366,348.25,0.16,365.73,11.25
11297,3205,0,0.01011,14.9,184.96,43.05,218.65
11298,3205,3,0.00598,42.36,109.55,71.26,137.12
11299,3205,3,0.004,0.0,62.85,15.58,96.53
11300,3205,3,0.00302,353.19,62.39,367.93,75.35
11301,3205,16,0.00223,98.56,78.18,143.33,113.36
11302,3205,3,0.00179,262.76,156.12,283.91,200.54
11303,3205,3,0.0015,0.0,65.04,8.34,91.95
11304,3205,3,0.00145,306.42,65.68,362.29,92.55
11305,3205,16,0.00144,271.45,95.7,304.79,129.72
11306,3205,11,0.00133,271.6,95.91,304.75,130.14
11307,3205,14,0.00132,491.99,0.0,498.0,17.42
11308,3205,1,0.00126,271.71,95.0,304.48,129.87
11309,3205,1,0.00125,488.08,0.66,498.0,38.31
11310,3205,3,0.00106,0.0,46.16,14.64,83.4
11311,3206,15,0.8723,190.87,163.38,213.2,184.02
11312,3206,6,0.80243,34.68,149.01,87.17,184.02
11313,3206,2,0.00272,479.66,0.0,491.0,31.86
11314,3206,7,0.00242,190.64,163.36,213.41,184.04
11315,3208,8,0.37162,0.08,15.59,27.44,66.71
11316,3208,5,0.18812,80.09,23.7,434.18,251.24
11317,3208,5,0.04614,22.92,0.0,346.22,253.0
11318,3208,5,0.03846,153.12,0.0,492.0,232.94
11319,3208,5,0.01159,147.31,74.5,492.0,253.0
11320,3208,8,0.00324,3.55,26.39,352.95,251.78
11321,3208,14,0.00283,460.24,0.0,474.74,113.61
11322,3208,17,0.00275,265.61,139.44,305.42,162.24
11323,3208,14,0.00184,434.33,0.0,461.02,116.57
11324,3208,8,0.00183,1.43,16.44,27.27,46.06
11325,3208,14,0.00166,440.49,0.0,475.47,114.56
11326,3208,8,0.0016,146.31,144.95,213.78,215.77
11327,3208,14,0.00156,89.24,0.0,145.05,121.93
11328,3208,5,0.00152,108.37,134.68,409.96,252.7
11329,3208,5,0.00113,70.98,0.0,395.66,179.05
11330,3208,16,0.00108,181.75,184.06,212.52,214.69
11331,3208,14,0.00102,436.91,4.26,454.01,112.04
11332,3213,0,0.84936,242.0,156.08,274.87,186.6
11333,3213,4,0.84513,291.13,118.43,335.01,151.86
11334,3213,11,0.77769,171.72,138.46,200.28,161.84
11335,3213,10,0.18654,171.57,138.66,200.0,162.03
11336,3213,1,0.03661,241.59,156.29,275.04,187.18
11337,3213,8,0.01361,461.34,0.0,499.0,29.73
11338,3213,17,0.00411,241.56,156.39,274.94,187.11
11339,3213,8,0.00148,461.24,0.0,498.98,29.92
11340,3213,11,0.00125,241.07,184.86,262.3,193.51
11341,3217,10,0.89451,416.16,118.27,443.67,145.67
11342,3217,17,0.80922,147.37,146.16,169.34,166.48
11343,3217,10,0.80766,279.45,174.86,305.29,206.82
11344,3217,9,0.6961,293.94,110.66,319.47,139.46
11345,3217,5,0.00186,415.57,117.8,444.24,145.2
11346,3217,16,0.00129,416.99,117.95,444.19,144.79
11347,3225,2,0.68322,86.1,67.81,118.02,98.05
11348,3225,8,0.00396,446.01,0.42,503.27,20.7
11349,3225,8,0.00229,0.0,0.0,46.15,28.62
11350,3225,5,0.00209,447.31,0.06,503.98,21.3
11351,3225,8,0.00187,413.46,22.39,504.0,76.21
11352,3225,16,0.00139,447.04,0.44,503.99,21.09
11353,3225,8,0.00138,405.84,28.75,457.84,61.59
11354,3225,8,0.00121,400.69,0.0,504.0,163.96
11355,3226,17,0.79421,322.32,94.44,344.1,115.21
11356,3226,17,0.71093,171.45,129.49,195.35,152.7
11357,3226,17,0.00693,224.28,91.81,243.17,118.61
11358,3226,17,0.00555,235.21,8.5,251.95,25.64
11359,3226,8,0.00271,0.0,0.0,146.03,95.18
11360,3226,17,0.00219,315.47,0.0,339.82,17.57
11361,3232,7,0.84248,121.34,185.85,147.96,209.97
11362,3232,5,0.0092,130.91,83.61,264.0,114.32
11363,3232,5,0.00352,134.37,61.09,266.63,115.32
11364,3232,5,0.0027,36.86,105.25,158.41,137.66
11365,3232,5,0.00121,74.85,110.95,204.08,137.08
11366,3232,5,0.00109,205.23,0.0,487.0,242.0
11367,3248,17,0.84139,255.64,159.83,269.43,173.63
11368,3248,9,0.81844,407.0,142.38,426.14,156.39
11369,3248,17,0.54822,160.52,46.57,169.99,61.23
11370,3248,11,0.47655,414.71,153.76,437.47,171.66
11371,3248,9,0.47265,331.06,130.26,348.57,143.16
11372,3248,11,0.10247,421.71,183.49,435.82,191.47
11373,3248,17,0.0073,487.4,98.62,494.91,106.2
11374,3248,9,0.00448,327.67,176.18,343.35,187.25
11375,3249,2,0.87261,169.56,110.46,196.86,146.07
11376,3249,2,0.8466,192.27,188.99,228.86,218.99
11377,3249,17,0.8364,121.36,179.44,138.14,196.64
11378,3249,2,0.00329,121.57,180.04,138.21,196.97
11379,3256,17,0.64478,391.74,164.79,408.84,181.71
11380,3256,8,0.01386,414.31,1.15,475.1,18.39
11381,3256,2,0.01212,280.38,184.13,298.25,203.84
11382,3256,8,0.00856,410.69,1.18,452.43,17.79
11383,3256,8,0.00767,325.59,0.65,487.88,67.74
11384,3256,8,0.00713,410.46,0.99,490.43,24.39
11385,3256,5,0.00661,96.1,108.78,163.34,141.76
11386,3256,8,0.00597,345.82,1.2,414.05,39.73
11387,3256,8,0.00535,396.66,0.95,442.1,20.22
11388,3256,8,0.00534,95.49,105.68,161.36,141.64
11389,3256,8,0.00456,340.58,0.69,446.94,43.43
11390,3256,8,0.00307,391.95,0.92,490.36,35.22
11391,3256,8,0.00185,0.0,0.0,307.12,187.05
11392,3256,8,0.00165,383.5,0.76,447.72,30.83
11393,3256,8,0.00157,366.45,0.0,490.34,100.1
11394,3256,5,0.00137,0.81,4.41,246.62,230.97
11395,3256,8,0.00127,89.99,109.51,133.03,142.48
11396,3256,8,0.00103,405.82,0.66,436.61,17.33
11397,3258,2,0.655,90.32,110.19,107.14,129.13
11398,3258,17,0.54519,90.39,110.34,107.08,128.62
11399,3258,2,0.42682,139.99,140.47,156.81,157.96
11400,3258,9,0.2361,49.31,88.3,67.87,103.92
11401,3258,2,0.05959,49.17,88.19,67.93,104.0
11402,3258,17,0.00375,140.22,140.96,156.83,158.33
11403,3258,2,0.00275,89.84,109.88,107.29,143.26
11404,3258,2,0.00196,124.11,140.55,156.99,158.91
11405,3261,15,0.91527,167.37,124.55,243.62,197.43
11406,3261,17,0.09474,315.86,110.6,324.2,118.02
11407,3261,5,0.00183,295.35,0.0,488.89,124.41
11408,3261,15,0.00113,169.66,126.49,229.91,156.3
11409,3268,15,0.9191,156.29,166.24,183.06,195.34
11410,3270,14,0.72035,60.42,40.04,115.89,170.41
11411,3270,5,0.05806,356.08,118.1,393.26,148.49
11412,3270,8,0.03087,40.47,83.28,52.91,101.83
11413,3270,8,0.02318,31.6,77.54,53.13,101.33
11414,3270,14,0.01833,30.94,71.79,56.53,98.64
11415,3270,8,0.01674,28.18,71.33,56.54,100.85
11416,3270,14,0.01387,33.86,71.34,56.54,89.96
11417,3270,5,0.01283,29.62,71.84,55.82,100.0
11418,3270,8,0.00453,39.48,80.35,57.62,101.23
11419,3270,14,0.00319,35.97,70.6,54.31,83.83
11420,3270,8,0.00318,58.59,83.21,69.07,101.14
11421,3270,8,0.00243,28.86,77.03,42.82,100.14
11422,3270,14,0.0024,69.22,46.31,115.2,97.08
11423,3270,14,0.00167,454.96,126.36,466.98,148.22
11424,3270,8,0.00157,58.2,81.97,78.28,109.94
11425,3270,8,0.00148,40.67,77.83,65.68,100.74
11426,3270,8,0.00131,50.29,80.41,69.08,101.28
11427,3270,14,0.00127,74.31,46.41,110.74,79.71
11428,3270,14,0.00127,456.48,126.41,465.6,139.81
11429,3270,14,0.00127,448.59,125.16,467.77,149.33
11430,3270,14,0.00124,62.78,55.15,112.29,129.34
11431,3270,7,0.00111,418.42,186.92,489.0,245.43
11432,3270,14,0.00109,451.76,124.8,466.0,141.76
11433,3270,5,0.00106,358.85,118.62,386.39,141.93
11434,3270,14,0.00106,382.77,130.05,399.94,158.48
11435,3288,5,0.47639,13.83,3.88,66.31,25.95
11436,3288,5,0.22309,194.55,6.64,224.68,18.53
11437,3288,5,0.12669,46.84,6.16,65.31,22.41
11438,3288,5,0.12464,62.52,6.89,78.83,21.24
11439,3288,5,0.08274,84.32,4.18,109.4,20.73
11440,3288,5,0.06258,88.66,5.26,116.48,19.93
11441,3288,5,0.05888,67.32,3.96,89.17,20.74
11442,3288,5,0.05176,151.5,4.88,195.12,18.75
11443,3288,5,0.04493,69.87,4.24,106.88,21.05
11444,3288,14,0.03863,445.98,3.45,455.94,25.79
11445,3288,5,0.03371,13.24,4.23,45.37,26.27
11446,3288,5,0.02894,51.83,6.73,79.27,21.7
11447,3288,5,0.02532,170.23,4.67,225.95,18.52
11448,3288,5,0.01468,75.31,4.03,120.68,20.23
11449,3288,14,0.01418,0.0,3.27,5.39,29.11
11450,3288,14,0.0135,0.0,4.75,8.03,41.18
11451,3288,14,0.01043,0.07,8.2,4.2,30.47
11452,3288,5,0.00551,153.29,6.86,183.17,18.68
11453,3288,5,0.00499,104.48,3.76,121.86,18.16
11454,3288,14,0.00426,360.15,0.17,371.8,20.13
11455,3288,8,0.00426,0.06,5.76,4.5,29.62
11456,3288,5,0.00384,0.0,1.11,4.39,29.03
11457,3288,8,0.00298,0.02,3.52,7.56,32.61
11458,3288,14,0.0022,357.49,0.4,371.89,27.11
11459,3288,14,0.00209,0.07,9.7,4.06,44.69
11460,3288,14,0.00167,0.0,10.37,6.27,47.26
11461,3288,5,0.00125,62.06,4.29,82.55,18.39
11462,3288,16,0.00113,152.8,6.22,185.01,17.3
11463,3288,14,0.00104,219.94,0.0,234.56,18.35
11464,3289,14,0.5945,420.09,114.42,448.95,170.68
11465,3289,14,0.52432,402.77,123.76,414.31,152.11
11466,3289,16,0.283,328.15,169.15,356.53,192.52
11467,3289,16,0.2623,406.46,162.77,438.24,185.51
11468,3289,14,0.25552,210.05,112.5,225.85,136.69
11469,3289,14,0.22038,478.32,109.59,501.91,180.91
11470,3289,16,0.18482,256.85,193.14,279.56,216.01
11471,3289,14,0.12582,419.8,141.55,447.84,172.44
11472,3289,16,0.10113,74.3,235.28,115.02,255.85
11473,3289,5,0.08475,357.4,155.93,437.08,188.52
11474,3289,14,0.07725,330.24,130.71,347.6,159.48
11475,3289,16,0.07381,336.9,200.51,399.92,237.7
11476,3289,16,0.06846,446.34,157.11,480.7,184.4
11477,3289,14,0.04686,427.81,115.03,448.87,155.82
11478,3289,16,0.03918,276.56,176.51,309.01,201.23
11479,3289,14,0.02805,468.98,131.56,493.58,179.57
11480,3289,16,0.02652,362.71,156.39,436.08,187.47
11481,3289,14,0.02463,419.99,140.75,440.52,166.68
11482,3289,14,0.0236,450.11,147.98,467.2,164.26
11483,3289,16,0.01916,390.16,161.25,438.38,186.38
11484,3289,14,0.01883,420.41,120.8,447.08,152.62
11485,3289,16,0.01595,75.05,140.86,85.48,151.03
11486,3289,16,0.01574,360.94,237.91,406.55,256.0
11487,3289,16,0.01517,336.69,200.19,369.92,230.07
11488,3289,14,0.01438,212.71,112.81,229.85,145.46
11489,3289,14,0.01379,405.26,124.07,419.67,151.63
11490,3289,16,0.01339,283.76,148.39,327.6,171.01
11491,3289,5,0.01258,27.29,81.38,376.2,256.0
11492,3289,14,0.01094,324.05,156.43,338.25,163.91
11493,3289,16,0.01025,314.85,162.38,353.45,192.68
11494,3289,16,0.00984,327.74,159.04,406.03,191.5
11495,3289,16,0.00951,317.74,219.89,374.35,255.34
11496,3289,16,0.00915,326.74,201.82,397.68,254.46
11497,3289,16,0.00848,364.12,203.89,400.18,236.31
11498,3289,16,0.0084,256.99,179.59,311.47,210.11
11499,3289,16,0.00815,328.54,166.47,371.44,192.6
11500,3289,14,0.00805,432.81,114.48,447.33,126.44
11501,3289,16,0.00793,372.64,206.53,400.28,230.83
11502,3289,14,0.00788,317.18,156.87,346.53,171.12
11503,3289,14,0.00783,315.97,156.6,343.28,178.77
11504,3289,14,0.00782,320.41,131.84,347.65,161.68
11505,3289,16,0.00716,339.44,240.82,374.38,256.0
11506,3289,16,0.00702,336.83,158.75,381.52,190.55
11507,3289,14,0.00695,408.41,124.67,424.52,151.68
11508,3289,14,0.00685,329.47,157.41,346.74,170.45
11509,3289,16,0.00664,70.57,139.97,86.39,151.76
11510,3289,16,0.00634,317.37,198.45,369.29,243.35
11511,3289,14,0.00631,473.95,143.15,492.21,178.85
11512,3289,16,0.00615,275.77,159.79,354.4,200.97
11513,3289,16,0.0059,314.71,218.02,365.72,244.51
11514,3289,14,0.00583,328.72,140.35,344.79,164.51
11515,3289,16,0.00577,296.37,246.29,329.54,256.0
11516,3289,16,0.00576,256.51,185.66,298.66,216.54
11517,3289,14,0.00552,411.39,124.73,419.86,146.34
11518,3289,14,0.00538,323.96,153.82,344.13,167.04
11519,3289,16,0.00533,325.91,207.02,371.88,239.6
11520,3289,14,0.0048,404.76,123.73,412.3,143.65
11521,3289,16,0.00421,366.68,166.16,405.58,189.63
11522,3289,14,0.00407,497.29,106.69,502.0,190.05
11523,3289,5,0.00391,206.65,146.91,336.32,173.34
11524,3289,14,0.00387,392.99,123.32,414.39,151.99
11525,3289,14,0.00356,486.99,111.99,502.0,190.05
11526,3289,16,0.0034,448.5,151.92,495.9,182.58
11527,3289,16,0.00337,334.05,228.12,393.22,255.09
11528,3289,14,0.00334,203.64,112.58,227.85,151.64
11529,3289,5,0.00311,51.08,146.85,380.64,254.7
11530,3289,16,0.00311,347.39,157.85,379.2,178.09
11531,3289,14,0.00283,468.81,133.98,487.22,172.08
11532,3289,14,0.00271,214.02,112.07,228.06,132.33
11533,3289,14,0.00262,426.32,113.75,447.94,132.58
11534,3289,14,0.00259,173.27,113.85,187.32,137.93
11535,3289,14,0.00258,465.43,134.76,485.02,160.58
11536,3289,16,0.00257,416.37,163.6,444.2,184.31
11537,3289,16,0.0025,428.99,154.47,478.73,184.85
11538,3289,16,0.0025,353.54,156.93,401.77,189.03
11539,3289,14,0.00244,432.91,114.77,448.11,136.94
11540,3289,14,0.00244,429.67,135.35,448.61,172.3
11541,3289,14,0.00242,316.82,156.19,339.85,166.39
11542,3289,5,0.00239,251.16,148.91,348.81,171.39
11543,3289,14,0.00232,469.54,134.68,482.14,152.32
11544,3289,16,0.00229,474.83,126.36,501.94,183.32
11545,3289,14,0.00228,475.92,124.54,497.93,179.76
11546,3289,14,0.00225,410.82,124.17,418.34,134.3
11547,3289,16,0.0022,258.53,170.71,309.75,201.16
11548,3289,16,0.00219,363.61,233.31,429.1,256.0
11549,3289,14,0.00218,268.38,116.66,286.16,147.16
11550,3289,16,0.00216,277.58,178.02,325.93,202.55
11551,3289,14,0.00213,205.69,115.58,237.37,155.46
11552,3289,16,0.00207,304.54,220.26,354.82,256.0
11553,3289,14,0.00206,280.78,148.95,329.05,172.16
11554,3289,14,0.00189,425.44,113.88,461.98,158.83
11555,3289,16,0.00184,354.97,159.41,382.44,189.72
11556,3289,16,0.00183,379.46,156.75,422.64,186.59
11557,3289,14,0.00177,212.44,111.84,224.98,128.99
11558,3289,14,0.00166,437.39,113.34,447.48,124.33
11559,3289,14,0.00165,195.16,112.92,224.37,138.51
11560,3289,16,0.00164,411.81,162.15,473.2,187.71
11561,3289,16,0.00156,364.2,164.52,381.11,189.3
11562,3289,14,0.00151,449.16,147.46,474.73,185.41
11563,3289,16,0.0015,367.4,211.7,436.26,251.4
11564,3289,16,0.00149,327.62,220.41,361.51,241.01
11565,3289,16,0.00144,315.91,160.18,345.11,181.37
11566,3289,14,0.00138,215.73,126.49,237.21,159.01
11567,3289,14,0.00134,332.67,131.01,355.42,162.07
11568,3289,14,0.00133,237.03,114.15,254.01,140.1
11569,3289,14,0.00131,418.57,145.79,430.09,163.86
11570,3289,16,0.00128,485.07,159.24,501.98,185.54
11571,3289,14,0.00127,329.61,135.67,348.65,169.6
11572,3289,14,0.00125,195.9,117.5,206.67,134.97
11573,3289,16,0.00125,264.3,149.3,351.79,177.06
11574,3289,14,0.00125,409.6,125.28,430.96,156.62
11575,3289,16,0.00125,148.61,137.82,172.07,153.85
11576,3289,14,0.00123,411.9,140.55,430.36,164.21
11577,3289,14,0.00121,173.05,112.01,196.66,142.84
11578,3289,16,0.0012,49.48,138.38,60.64,148.47
11579,3289,14,0.00119,141.71,114.32,156.73,144.62
11580,3289,14,0.00117,266.84,119.02,289.95,155.46
11581,3289,16,0.00115,318.5,186.05,371.83,230.45
11582,3289,16,0.00111,331.94,241.47,390.86,255.95
11583,3289,14,0.0011,408.44,144.15,424.07,152.59
11584,3289,16,0.00109,373.57,206.82,399.77,220.99
11585,3289,16,0.00108,362.78,224.45,444.02,255.88
11586,3289,16,0.00105,45.6,137.82,93.29,152.37
11587,3289,14,0.00105,203.79,137.53,233.43,163.97
11588,3289,16,0.00104,246.93,163.66,281.27,217.04
11589,3289,16,0.00103,309.21,208.41,364.85,252.25
11590,3289,14,0.00102,422.97,120.57,442.56,145.14
11591,3289,14,0.00101,480.15,141.85,502.0,183.63
11592,3289,16,0.001,494.54,158.29,501.98,188.92
11593,3293,0,0.83741,301.77,101.39,347.25,146.12
11594,3293,4,0.83521,159.63,89.31,217.39,163.1
11595,3293,0,0.7155,214.89,157.19,261.49,203.51
11596,3293,1,0.31805,214.35,156.92,261.02,202.77
11597,3293,13,0.26965,214.65,157.64,261.67,203.57
11598,3293,1,0.01302,301.22,100.96,347.07,146.4
11599,3312,10,0.89697,256.5,54.05,285.32,78.43
11600,3312,10,0.87861,272.92,165.86,301.06,195.03
11601,3319,17,0.64705,269.66,89.69,283.73,104.16
11602,3319,9,0.55281,325.76,132.91,345.43,152.79
11603,3319,10,0.52881,279.02,184.06,299.57,206.24
11604,3319,9,0.48466,278.81,184.03,299.38,206.11
11605,3319,10,0.18513,238.62,182.34,261.04,207.96
11606,3319,10,0.03782,32.66,207.08,56.54,224.69
11607,3319,11,0.02295,65.66,164.95,84.27,177.81
11608,3319,9,0.02142,233.13,139.62,249.78,158.96
11609,3319,11,0.02054,32.31,206.95,56.67,225.17
11610,3319,9,0.01214,65.23,164.91,84.56,177.69
11611,3319,11,0.01167,500.01,55.46,503.95,70.2
11612,3319,6,0.00155,487.28,123.35,504.0,171.53
11613,3325,15,0.79362,202.74,100.72,223.21,124.03
11614,3325,15,0.7917,275.84,124.25,300.78,150.79
11615,3325,15,0.78016,174.41,131.9,206.8,162.51
11616,3338,9,0.51002,289.06,122.74,309.96,144.63
11617,3338,10,0.45333,49.11,152.92,70.73,173.51
11618,3338,17,0.38719,135.67,170.44,161.34,191.78
11619,3338,9,0.33221,162.7,118.48,186.82,139.58
11620,3338,17,0.21247,49.39,153.02,70.4,173.24
11621,3338,10,0.08532,135.86,170.57,161.13,192.21
11622,3338,17,0.08375,289.25,122.73,309.96,144.78
11623,3338,5,0.00647,28.21,60.26,117.16,84.61
11624,3338,10,0.00197,308.53,200.63,331.52,221.52
11625,3339,2,0.65353,404.87,148.26,419.28,162.71
11626,3339,17,0.49869,368.14,158.83,382.06,173.86
11627,3339,2,0.27242,323.16,174.52,337.05,191.02
11628,3339,2,0.11518,367.87,158.84,382.09,174.49
11629,3339,9,0.01294,323.15,174.26,337.43,190.5
11630,3339,2,0.00591,346.14,159.28,382.65,185.13
11631,3339,2,0.00287,345.34,168.61,372.1,186.28
11632,3339,5,0.00107,413.26,151.65,490.0,203.17
11633,3340,5,0.68945,46.34,140.57,88.46,169.09
11634,3340,5,0.68601,263.25,149.06,311.44,177.94
11635,3340,5,0.58662,113.83,145.42,152.0,175.91
11636,3340,5,0.41955,438.99,149.01,452.92,161.92
11637,3340,5,0.15475,217.32,147.11,250.39,169.87
11638,3340,5,0.1151,293.47,151.88,311.18,166.31
11639,3340,5,0.10674,405.18,149.75,419.58,163.72
11640,3340,5,0.09163,226.93,149.43,252.28,168.68
11641,3340,14,0.08928,310.88,149.05,327.79,177.46
11642,3340,14,0.05307,370.34,149.08,377.15,158.01
11643,3340,14,0.04333,361.37,153.79,369.27,172.14
11644,3340,14,0.03715,462.83,149.75,472.75,172.98
11645,3340,5,0.03568,393.79,149.98,418.61,164.15
11646,3340,5,0.03445,419.49,205.38,498.77,241.0
11647,3340,5,0.03413,282.05,150.23,311.31,166.14
11648,3340,14,0.03281,315.38,152.87,327.01,177.1
11649,3340,14,0.03188,310.08,148.26,320.41,167.25
11650,3340,5,0.02924,495.73,156.35,499.0,178.11
11651,3340,5,0.0212,14.6,142.49,78.98,169.98
11652,3340,14,0.02099,376.89,151.69,385.67,170.02
11653,3340,14,0.02039,374.72,151.07,383.43,169.97
11654,3340,5,0.01983,228.3,154.58,249.5,169.92
11655,3340,14,0.01559,370.2,149.08,378.75,164.71
11656,3340,14,0.01457,292.65,163.54,301.93,178.27
11657,3340,5,0.0138,7.94,143.76,52.48,168.94
11658,3340,5,0.01316,393.44,149.14,408.78,163.85
11659,3340,5,0.01299,151.13,147.74,216.63,181.43
11660,3340,14,0.0116,87.62,136.67,115.75,207.0
11661,3340,5,0.0113,475.3,149.97,499.0,177.07
11662,3340,14,0.01115,305.35,148.29,323.53,175.88
11663,3340,5,0.01043,495.68,152.39,499.0,165.0
11664,3340,5,0.01024,476.72,158.11,492.0,173.87
11665,3340,16,0.00949,421.73,227.68,470.88,241.0
11666,3340,5,0.00882,152.71,146.79,197.17,176.85
11667,3340,5,0.00834,92.78,143.69,119.58,157.5
11668,3340,14,0.0083,372.91,149.42,380.31,168.7
11669,3340,5,0.0078,477.27,155.03,499.0,171.38
11670,3340,5,0.00721,201.74,146.4,244.07,168.99
11671,3340,14,0.00669,310.44,149.9,325.95,168.99
11672,3340,5,0.00606,238.51,147.96,257.49,167.3
11673,3340,8,0.00594,476.28,159.03,491.07,178.97
11674,3340,14,0.00559,466.11,149.98,479.26,173.21
11675,3340,5,0.00531,434.85,151.38,452.6,168.88
11676,3340,5,0.00479,406.36,148.73,429.57,161.59
11677,3340,14,0.00455,289.29,160.87,302.04,177.73
11678,3340,14,0.0045,192.16,146.61,209.84,164.32
11679,3340,5,0.00445,389.96,152.11,420.75,168.01
11680,3340,5,0.00438,98.9,143.93,122.86,162.02
11681,3340,14,0.0042,363.91,150.39,373.39,162.65
11682,3340,5,0.00416,18.73,149.84,52.81,168.62
11683,3340,5,0.00384,223.4,147.97,245.02,160.51
11684,3340,5,0.00375,178.86,159.14,199.88,175.6
11685,3340,14,0.00373,89.52,146.99,133.19,206.31
11686,3340,14,0.00364,462.26,161.15,471.38,173.08
11687,3340,5,0.00356,480.33,151.96,499.0,164.14
11688,3340,5,0.00356,180.08,147.27,219.05,189.0
11689,3340,14,0.00347,0.0,128.56,9.83,180.12
11690,3340,14,0.00333,373.15,147.96,383.39,163.59
11691,3340,5,0.0033,214.71,149.94,240.37,167.62
11692,3340,8,0.00313,475.14,153.38,497.7,177.11
11693,3340,14,0.0031,317.73,152.99,329.84,174.61
11694,3340,5,0.00302,294.58,148.43,321.21,166.1
11695,3340,5,0.00301,20.3,151.75,37.46,170.43
11696,3340,5,0.00295,219.23,153.15,236.14,169.32
11697,3340,5,0.00284,323.44,155.03,340.68,174.96
11698,3340,5,0.00283,0.51,153.5,23.74,175.26
11699,3340,5,0.00267,167.7,150.96,200.97,176.43
11700,3340,17,0.00266,452.22,48.94,465.23,60.38
11701,3340,5,0.00259,426.21,148.98,450.2,162.67
11702,3340,5,0.00251,22.35,144.97,60.0,168.89
11703,3340,5,0.00249,223.72,157.16,235.09,169.74
11704,3340,14,0.00247,89.55,165.1,106.94,205.75
11705,3340,14,0.00247,353.52,153.88,369.23,170.72
11706,3340,5,0.00243,481.84,101.26,498.98,178.9
11707,3340,14,0.00235,292.08,155.75,304.57,178.49
11708,3340,14,0.00232,301.86,147.48,321.89,159.98
11709,3340,14,0.00228,298.09,148.15,321.82,164.7
11710,3340,5,0.00214,223.33,151.1,242.08,169.48
11711,3340,5,0.00213,201.96,148.5,223.33,171.02
11712,3340,5,0.00212,265.66,149.23,312.07,166.99
11713,3340,5,0.00211,377.72,152.28,398.21,167.37
11714,3340,5,0.00194,376.24,154.4,406.72,170.45
11715,3340,5,0.00191,98.91,144.25,128.45,169.72
11716,3340,5,0.00189,185.1,146.35,221.05,175.53
11717,3340,5,0.00175,477.82,153.95,490.98,166.94
11718,3340,14,0.0017,377.38,151.71,393.4,170.2
11719,3340,11,0.00164,264.21,149.61,299.93,177.09
11720,3340,5,0.00157,420.76,149.22,434.75,157.73
11721,3340,14,0.00153,367.78,149.63,380.15,169.95
11722,3340,5,0.00151,399.96,146.66,419.67,161.19
11723,3340,5,0.00148,193.2,156.78,219.26,189.96
11724,3340,14,0.00144,314.06,160.01,323.91,177.83
11725,3340,14,0.00141,289.92,167.4,301.51,178.54
11726,3340,5,0.0014,205.26,146.8,225.4,165.04
11727,3340,5,0.00139,0.29,148.7,38.22,173.52
11728,3340,14,0.00136,349.38,152.09,370.55,176.26
11729,3340,5,0.00136,98.35,142.87,132.7,157.76
11730,3340,5,0.00134,101.53,155.99,133.08,175.34
11731,3340,5,0.00133,418.52,149.8,435.97,160.94
11732,3340,14,0.00133,0.0,129.76,5.38,177.05
11733,3340,14,0.00133,310.36,146.55,322.64,160.72
11734,3340,5,0.00132,195.55,146.17,225.61,178.78
11735,3340,5,0.00131,315.2,151.64,341.47,176.21
11736,3340,14,0.00126,0.0,122.85,9.15,158.83
11737,3340,17,0.00122,401.13,48.43,412.61,60.74
11738,3340,5,0.00117,208.75,148.52,236.52,169.24
11739,3340,14,0.00116,315.12,151.35,333.56,168.9
11740,3340,14,0.00111,191.88,146.65,216.3,171.11
11741,3340,5,0.00109,179.57,156.37,212.37,176.59
11742,3340,14,0.00107,185.16,146.51,205.99,161.69
11743,3340,14,0.00104,90.63,178.96,141.06,205.0
11744,3340,14,0.00104,475.97,160.16,489.65,174.91
11745,3340,14,0.00103,312.18,150.95,342.17,177.13
11746,3340,14,0.001,460.41,140.66,473.26,173.71
11747,3342,2,0.77728,398.2,31.4,409.86,46.9
11748,3342,2,0.7623,331.57,46.43,344.39,62.81
11749,3342,2,0.76209,411.77,53.89,424.99,70.6
11750,3342,2,0.75354,346.29,28.62,357.55,44.38
11751,3342,2,0.00148,329.93,27.0,353.42,46.02
11752,3342,2,0.00114,146.3,63.68,175.44,91.74
11753,3344,17,0.80049,196.38,142.83,225.4,172.71
11754,3344,17,0.24043,313.93,102.24,338.72,129.65
11755,3344,17,0.00396,195.58,0.0,224.84,17.43
11756,3344,7,0.0027,24.95,86.8,57.72,115.62
11757,3344,17,0.00214,365.43,12.65,383.82,30.8
11758,3344,14,0.00131,407.81,0.0,483.39,0.0
11759,3344,8,0.00103,492.09,4.55,496.0,31.58
11760,3350,15,0.87549,208.95,65.94,231.33,86.05
11761,3350,6,0.79735,55.29,48.58,108.65,81.01
11762,3357,15,0.91014,147.21,177.59,167.51,195.95
11763,3357,5,0.01885,3.76,41.86,234.84,248.73
11764,3357,8,0.00358,463.91,0.0,504.79,29.54
11765,3357,5,0.00241,463.6,0.0,504.8,28.9
11766,3357,5,0.00174,290.17,0.0,341.81,20.63
11767,3357,5,0.00123,163.84,77.92,505.0,250.47
11768,3357,2,0.00105,323.85,110.89,356.47,136.52
11769,3364,2,0.86473,204.44,98.14,228.02,122.22
11770,3364,2,0.82396,219.12,54.05,236.76,76.95
11771,3364,2,0.79695,87.35,67.43,111.12,87.13
11772,3364,2,0.63221,127.55,30.03,145.56,46.66
11773,3367,7,0.76864,414.59,46.8,439.2,66.81
11774,3367,7,0.68375,340.3,44.91,362.97,60.76
11775,3367,8,0.00312,0.0,0.0,307.06,236.68
11776,3367,8,0.00103,113.95,0.63,215.33,54.27
11777,3369,10,0.85046,235.76,126.52,250.34,138.91
11778,3369,17,0.82474,265.26,126.54,276.38,137.74
11779,3369,10,0.81478,320.16,115.02,334.16,126.81
11780,3369,11,0.81163,306.94,160.81,319.45,174.32
11781,3369,9,0.79632,253.65,147.14,270.02,159.82
11782,3369,9,0.75794,291.5,128.23,302.29,139.05
11783,3369,17,0.4443,296.64,144.37,309.15,156.39
11784,3369,11,0.07578,221.29,195.78,252.86,221.05
11785,3369,9,0.01216,296.78,144.57,309.45,156.24
11786,3369,11,0.00946,244.13,229.38,256.51,238.24
11787,3369,17,0.00309,291.3,128.07,302.12,139.03
11788,3370,11,0.79497,38.11,152.46,62.17,169.99
11789,3370,9,0.57088,281.88,118.67,302.65,141.41
11790,3370,17,0.41477,269.69,25.84,283.93,40.19
11791,3370,10,0.39093,281.69,118.55,303.07,141.02
11792,3370,17,0.34473,328.4,67.01,346.69,85.03
11793,3370,9,0.05092,67.27,109.49,86.84,123.47
11794,3370,9,0.04822,328.8,66.94,347.11,85.24
11795,3370,11,0.02086,67.25,109.45,86.73,123.61
11796,3370,11,0.00424,44.63,157.01,62.99,168.54
11797,3370,11,0.00415,140.91,204.3,161.67,227.46
11798,3370,17,0.00315,404.54,180.8,411.01,191.98
11799,3370,17,0.0025,402.03,180.6,412.63,192.44
11800,3370,6,0.00208,404.32,178.9,425.46,194.25
11801,3370,11,0.002,240.9,117.46,263.73,144.37
11802,3370,11,0.00196,82.74,163.98,94.21,181.71
11803,3370,11,0.00184,1.29,15.06,11.59,29.23
11804,3370,6,0.0016,485.19,174.23,505.0,219.61
11805,3373,11,0.83097,327.72,90.07,369.97,135.71
11806,3373,10,0.82901,260.74,31.91,293.52,68.2
11807,3373,11,0.81337,428.54,80.6,478.86,117.01
11808,3373,11,0.80532,226.31,160.45,275.31,197.72
11809,3373,11,0.80208,345.28,140.6,391.22,183.43
11810,3373,11,0.69146,364.45,48.25,400.48,90.71
11811,3373,10,0.04663,346.05,142.24,389.87,182.35
11812,3373,0,0.01171,364.29,48.18,399.63,91.59
11813,3373,12,0.0104,261.33,32.81,293.17,68.1
11814,3373,0,0.00817,227.02,160.22,275.38,197.12
11815,3373,0,0.00569,428.88,80.4,479.01,117.91
11816,3373,0,0.00446,328.08,91.15,368.43,135.56
11817,3373,11,0.00316,462.42,66.66,503.0,105.9
11818,3373,0,0.00167,346.19,140.36,390.47,181.23
11819,3373,10,0.00128,346.44,158.32,384.23,182.45
11820,3373,5,0.00117,346.43,140.37,390.44,181.96
11821,3373,12,0.00113,364.62,47.42,399.75,91.76
11822,3373,16,0.00101,364.45,47.48,399.94,91.26
11823,3387,9,0.8591,283.53,158.35,307.06,177.29
11824,3387,10,0.85455,404.4,143.86,425.17,164.48
11825,3387,10,0.83909,267.91,209.74,291.13,230.24
11826,3387,17,0.77395,185.09,204.96,205.37,223.52
11827,3387,10,0.38583,185.16,204.88,205.42,223.84
11828,3394,14,0.80834,225.81,114.67,246.41,164.7
11829,3394,14,0.66995,308.85,107.74,327.41,155.44
11830,3394,14,0.6434,341.66,103.25,362.11,154.81
11831,3394,14,0.61678,251.67,104.8,281.77,160.32
11832,3394,14,0.2284,387.1,121.56,407.72,143.78
11833,3394,14,0.04585,258.7,110.84,270.86,158.25
11834,3394,14,0.03512,266.99,115.64,280.16,157.49
11835,3394,14,0.02519,69.34,139.26,77.66,152.21
11836,3394,14,0.02225,354.48,119.43,366.27,154.89
11837,3394,14,0.00941,192.3,133.92,231.99,161.7
11838,3394,14,0.00827,416.66,112.29,428.73,137.92
11839,3394,14,0.00721,258.2,116.2,281.07,159.61
11840,3394,14,0.00651,352.11,129.63,364.47,155.02
11841,3394,16,0.00638,192.07,134.9,231.0,161.65
11842,3394,14,0.00611,269.07,123.99,282.39,159.0
11843,3394,8,0.00397,191.93,132.53,231.15,163.07
11844,3394,14,0.00253,68.92,138.79,82.49,154.46
11845,3394,14,0.00231,450.3,108.39,460.2,129.22
11846,3394,14,0.00195,80.82,140.1,94.8,158.66
11847,3394,14,0.00166,486.96,69.58,491.0,133.53
11848,3394,14,0.00165,304.66,115.6,322.44,155.83
11849,3394,14,0.0016,347.99,135.16,365.07,155.47
11850,3394,14,0.00134,154.37,98.42,179.24,198.88
11851,3394,14,0.00128,83.72,137.57,94.14,155.82
11852,3394,14,0.00123,7.65,124.9,30.54,173.58
11853,3394,14,0.00109,260.56,128.12,269.69,160.3
11854,3394,14,0.00109,346.09,108.21,366.73,153.77
11855,3418,2,0.88259,296.76,173.43,316.52,199.95
11856,3418,2,0.87039,390.59,180.32,411.4,207.85
11857,3418,2,0.84736,412.51,134.02,431.48,159.18
11858,3418,2,0.83022,296.41,120.85,314.57,144.17
11859,3418,2,0.00242,413.65,177.08,458.97,207.8
11860,3423,8,0.07491,124.67,0.37,236.72,77.04
11861,3423,8,0.06341,129.05,0.27,177.98,15.7
11862,3423,8,0.06164,284.24,16.65,325.43,37.91
11863,3423,8,0.0543,257.47,0.66,377.68,38.76
11864,3423,8,0.01573,62.49,0.51,237.75,84.19
11865,3423,5,0.0153,0.0,0.0,261.02,146.1
11866,3423,14,0.0142,328.53,25.49,343.75,39.56
11867,3423,2,0.01006,1.43,50.88,24.57,84.69
11868,3423,6,0.0096,235.27,177.9,264.42,191.38
11869,3423,8,0.00686,127.12,0.0,155.9,15.17
11870,3423,16,0.0054,66.1,99.53,81.48,109.07
11871,3423,8,0.00538,298.97,19.86,323.74,37.42
11872,3423,8,0.00471,129.27,0.37,203.83,19.49
11873,3423,14,0.00421,316.83,25.36,343.51,39.29
11874,3423,14,0.00358,332.64,25.65,347.93,39.78
11875,3423,14,0.00345,148.66,0.15,179.2,15.7
11876,3423,14,0.00344,0.17,81.74,7.05,130.57
11877,3423,14,0.00277,135.18,0.43,155.13,14.54
11878,3423,5,0.00274,106.61,24.51,336.06,153.48
11879,3423,14,0.00259,0.34,59.4,8.18,132.89
11880,3423,8,0.00255,136.99,0.42,215.03,25.96
11881,3423,5,0.00236,0.0,26.32,195.16,116.69
11882,3423,8,0.00229,173.74,1.12,244.3,99.25
11883,3423,5,0.00212,0.0,13.42,227.67,180.29
11884,3423,14,0.00201,354.09,25.72,363.75,38.7
11885,3423,1,0.002,285.75,18.36,307.95,37.88
11886,3423,5,0.00181,121.44,24.41,316.35,223.27
11887,3423,14,0.00172,296.66,25.05,348.17,38.21
11888,3423,14,0.00171,314.34,24.76,354.36,38.07
11889,3423,8,0.00169,290.39,18.04,352.8,38.19
11890,3423,8,0.00157,214.29,0.45,362.84,33.58
11891,3423,8,0.00156,50.78,0.0,239.77,170.49
11892,3423,14,0.00149,7.99,229.0,26.42,229.0
11893,3423,5,0.00149,0.0,2.3,171.52,100.93
11894,3423,8,0.00145,136.79,0.42,245.05,123.01
11895,3423,8,0.00144,94.23,0.45,209.4,23.57
11896,3423,14,0.00136,284.7,15.6,298.85,32.46
11897,3423,8,0.00135,310.69,20.71,324.51,37.38
11898,3423,14,0.00125,0.22,91.04,37.08,130.27
11899,3423,14,0.00121,293.83,19.28,323.71,35.39
11900,3423,16,0.00111,16.09,101.97,34.48,112.39
11901,3423,14,0.00104,133.17,0.0,172.98,16.5
11902,3423,14,0.00102,308.92,21.49,325.37,36.69
11903,3423,14,0.00102,251.56,1.4,276.71,32.53
11904,3426,5,0.77056,124.07,172.91,186.78,200.29
11905,3426,5,0.74443,279.5,166.72,362.54,205.2
11906,3426,5,0.72253,41.65,176.49,127.72,210.34
11907,3426,5,0.39261,277.9,165.01,337.5,191.52
11908,3426,5,0.37322,109.6,141.47,127.84,155.59
11909,3426,5,0.21792,36.21,121.29,54.46,137.27
11910,3426,5,0.20952,0.0,163.36,23.28,183.65
11911,3426,8,0.15063,44.6,170.76,70.27,185.04
11912,3426,5,0.11072,0.0,164.74,15.33,184.49
11913,3426,5,0.10904,0.37,129.35,32.95,151.45
11914,3426,14,0.04985,51.58,159.37,61.78,173.15
11915,3426,14,0.04087,46.83,165.91,62.92,178.27
11916,3426,5,0.04075,478.41,150.64,488.9,171.32
11917,3426,14,0.03466,47.81,162.12,64.68,175.8
11918,3426,5,0.03105,282.7,165.6,338.81,179.85
11919,3426,5,0.03017,36.78,121.19,69.03,137.29
11920,3426,5,0.0288,0.47,137.32,32.19,158.98
11921,3426,5,0.02428,44.19,173.11,70.24,184.94
11922,3426,5,0.02272,165.76,116.75,255.71,163.48
11923,3426,5,0.01912,472.93,154.18,488.93,169.77
11924,3426,14,0.01894,45.46,167.79,53.29,177.06
11925,3426,5,0.0189,482.73,153.96,488.98,169.74
11926,3426,8,0.01743,106.29,166.57,128.26,182.04
11927,3426,14,0.01414,45.53,166.42,59.38,175.76
11928,3426,5,0.01362,0.0,148.7,28.57,181.26
11929,3426,14,0.01123,145.31,157.85,153.48,172.05
11930,3426,5,0.01053,187.63,157.37,206.55,171.96
11931,3426,14,0.00992,50.44,163.62,67.44,178.09
11932,3426,5,0.00968,465.83,150.04,488.92,170.79
11933,3426,5,0.0094,0.0,127.94,18.44,148.15
11934,3426,5,0.00869,102.83,140.33,127.88,153.31
11935,3426,14,0.00729,46.05,167.6,65.31,183.45
11936,3426,8,0.00659,188.45,170.21,213.36,184.37
11937,3426,14,0.00609,142.85,159.51,152.75,173.82
11938,3426,5,0.00515,105.68,166.25,132.9,181.83
11939,3426,14,0.00502,139.14,165.9,146.85,175.53
11940,3426,5,0.00484,190.25,172.36,212.95,184.03
11941,3426,5,0.00472,0.0,106.6,7.86,136.15
11942,3426,5,0.00454,190.43,115.86,199.26,123.33
11943,3426,14,0.0045,44.08,170.62,52.33,181.58
11944,3426,5,0.00397,8.97,166.28,28.04,178.3
11945,3426,5,0.00378,46.21,111.82,68.35,130.03
11946,3426,5,0.00358,360.04,65.99,464.2,95.41
11947,3426,5,0.00357,160.24,152.34,212.5,179.41
11948,3426,5,0.00353,460.19,153.76,479.35,169.77
11949,3426,5,0.00346,50.43,120.03,70.13,137.51
11950,3426,5,0.00335,106.27,159.9,140.37,181.69
11951,3426,14,0.0031,463.08,156.33,471.49,169.74
11952,3426,5,0.00298,101.92,142.66,114.58,154.51
11953,3426,5,0.00292,15.1,119.33,34.53,133.39
11954,3426,5,0.00282,176.85,114.59,200.43,123.98
11955,3426,5,0.00277,190.12,161.13,207.33,173.54
11956,3426,14,0.00274,134.87,167.54,149.27,177.45
11957,3426,8,0.00274,116.98,161.18,141.28,180.82
11958,3426,14,0.00271,145.48,157.52,157.56,173.42
11959,3426,14,0.00253,6.17,156.24,19.35,167.47
11960,3426,14,0.00249,116.05,160.51,126.92,169.38
11961,3426,5,0.00248,99.55,109.84,206.05,171.28
11962,3426,5,0.00238,177.07,156.32,211.77,172.37
11963,3426,5,0.00234,50.6,116.18,93.17,137.49
11964,3426,5,0.00216,479.07,134.85,488.87,169.75
11965,3426,5,0.00209,282.55,181.06,321.1,205.33
11966,3426,5,0.00202,185.25,164.47,213.07,184.49
11967,3426,5,0.00199,360.01,64.72,456.72,112.03
11968,3426,5,0.00182,155.32,140.65,213.83,182.11
11969,3426,5,0.00178,0.67,111.44,32.9,146.12
11970,3426,5,0.00177,1.01,142.88,24.71,160.57
11971,3426,5,0.00175,19.04,119.8,52.2,134.79
11972,3426,5,0.00175,102.61,147.43,113.47,155.18
11973,3426,8,0.00175,114.48,167.03,131.3,182.79
11974,3426,14,0.00173,2.33,154.03,17.46,166.85
11975,3426,5,0.0017,475.89,150.34,488.96,182.94
11976,3426,5,0.0017,51.3,110.26,92.34,132.88
11977,3426,5,0.0017,0.0,131.76,7.08,148.7
11978,3426,5,0.00168,48.57,109.66,68.8,122.33
11979,3426,5,0.00163,0.0,133.47,8.13,157.7
11980,3426,14,0.0016,12.8,149.99,22.87,163.33
11981,3426,5,0.00158,47.6,118.61,79.6,136.93
11982,3426,5,0.00155,101.31,140.63,115.19,151.01
11983,3426,5,0.00154,114.3,163.82,135.75,182.6
11984,3426,5,0.00147,4.51,127.54,17.17,135.07
11985,3426,5,0.00146,10.67,170.69,26.49,181.16
11986,3426,5,0.00142,144.06,155.58,214.87,188.3
11987,3426,14,0.00137,0.07,153.91,4.38,165.71
11988,3426,14,0.00133,70.22,137.76,78.04,148.42
11989,3426,14,0.00127,7.27,149.55,22.14,163.67
11990,3426,14,0.00123,193.25,164.95,210.33,180.47
11991,3426,14,0.00123,191.81,161.35,208.62,174.35
11992,3426,14,0.00122,0.02,110.04,4.4,136.9
11993,3426,5,0.00121,362.26,67.71,410.14,92.83
11994,3426,5,0.00118,59.11,175.17,70.73,184.68
11995,3426,14,0.00118,70.32,135.07,78.31,144.98
11996,3426,14,0.00116,0.04,107.8,9.89,140.44
11997,3426,8,0.00112,69.4,142.13,78.04,149.82
11998,3426,8,0.00111,42.53,166.99,69.85,208.85
11999,3426,5,0.00108,277.9,166.21,315.89,190.8
12000,3426,14,0.00108,127.25,165.76,146.54,176.77
12001,3426,5,0.00106,68.93,141.92,77.09,149.89
12002,3426,5,0.00106,0.45,106.24,28.67,138.18
12003,3426,5,0.00102,77.15,119.27,106.54,136.55
12004,3426,5,0.00101,0.0,141.57,30.36,173.0
12005,3426,5,0.00101,123.07,86.39,151.24,99.03
12006,3426,8,0.001,44.05,174.07,52.48,184.51
12007,3428,10,0.88152,180.54,115.08,198.5,130.34
12008,3428,10,0.87821,72.9,122.46,90.9,138.19
12009,3428,17,0.85024,114.4,125.8,128.63,139.86
12010,3428,9,0.82793,117.68,86.99,132.41,101.08
12011,3428,17,0.82778,143.07,120.1,157.04,133.61
12012,3428,9,0.81128,166.49,82.44,183.93,96.23
12013,3428,11,0.78804,105.32,60.05,118.78,73.11
12014,3428,5,0.00133,299.7,240.39,373.84,242.0
12015,3428,5,0.00112,180.92,115.28,198.16,130.68
12016,3428,6,0.00103,166.28,82.68,183.9,96.6
12017,3433,17,0.11058,276.56,170.19,292.78,186.76
12018,3433,8,0.07651,301.08,0.85,364.83,28.61
12019,3433,2,0.06145,164.97,186.09,182.63,205.88
12020,3433,8,0.00773,238.77,1.5,327.49,46.42
12021,3433,8,0.00629,296.9,2.13,330.31,27.88
12022,3433,5,0.00231,152.07,25.33,179.05,37.0
12023,3433,5,0.00143,155.86,21.47,192.32,37.21
12024,3433,5,0.00115,133.86,30.22,162.18,40.9
12025,3433,5,0.00108,137.39,25.72,173.87,39.9
12026,3439,0,0.906,288.23,193.88,330.63,237.6
12027,3439,0,0.89456,248.17,90.0,282.83,124.32
12028,3439,12,0.86792,151.74,99.55,182.32,130.73
12029,3439,3,0.86555,232.2,56.86,300.37,89.86
12030,3439,13,0.83366,286.39,137.29,322.56,172.36
12031,3439,12,0.8276,103.89,171.62,139.25,209.17
12032,3439,4,0.82354,199.52,141.65,235.21,198.69
12033,3439,3,0.78844,400.06,136.78,462.52,182.37
12034,3439,1,0.76472,349.45,100.86,386.51,137.62
12035,3439,0,0.48201,103.56,171.1,139.45,208.66
12036,3439,3,0.25996,400.22,138.66,453.27,204.13
12037,3439,0,0.06355,349.73,100.82,385.62,137.59
12038,3439,3,0.00794,298.19,113.93,311.76,128.56
12039,3439,16,0.0037,152.08,99.42,182.74,129.45
12040,3439,0,0.00193,260.9,154.08,270.64,162.48
12041,3439,8,0.00167,373.79,235.31,430.71,252.1
12042,3439,13,0.00128,260.52,154.02,270.81,163.19
12043,3439,3,0.00125,425.14,136.57,461.86,161.5
12044,3439,12,0.00117,298.01,114.46,311.61,128.45
12045,3440,15,0.86606,111.28,43.29,134.04,67.05
12046,3440,15,0.85917,172.89,151.15,213.11,191.5
12047,3440,6,0.78276,112.14,87.81,194.37,124.72
12048,3440,2,0.40312,236.51,84.16,261.55,108.02
12049,3440,17,0.03879,236.57,84.26,261.55,107.86
12050,3440,6,0.00753,474.48,0.0,507.93,40.28
12051,3440,6,0.00492,153.1,87.16,193.29,112.52
12052,3440,6,0.00409,113.12,91.19,162.92,127.39
12053,3440,6,0.00221,109.91,75.3,158.84,126.45
12054,3441,17,0.86616,272.07,173.51,284.85,185.6
12055,3441,10,0.86387,433.79,218.29,448.54,233.62
12056,3441,9,0.84827,360.46,190.08,376.29,205.96
12057,3441,9,0.81216,300.34,195.89,316.89,209.52
12058,3441,11,0.06676,387.22,43.62,397.68,52.6
12059,3441,11,0.0066,392.29,174.22,404.64,187.56
12060,3441,11,0.00214,466.57,161.73,490.89,177.07
12061,3441,14,0.00113,495.85,207.35,500.0,253.0
12062,3445,17,0.76005,294.34,0.83,317.16,26.34
12063,3445,17,0.26662,324.61,171.69,348.1,194.07
12064,3445,17,0.01848,324.45,158.5,349.2,193.64
12065,3445,6,0.00296,475.61,81.11,493.97,109.25
12066,3445,2,0.00137,293.07,63.39,327.34,95.79
12067,3446,15,0.85322,65.5,29.22,86.41,52.55
12068,3446,15,0.82777,36.0,60.18,68.26,92.35
12069,3446,15,0.81157,139.52,53.61,165.79,79.82
12070,3446,14,0.00279,344.63,47.64,370.12,97.79
12071,3446,14,0.00122,349.79,70.57,365.92,97.43
12072,3446,6,0.00101,330.91,1.65,416.11,61.17
12073,3455,10,0.8671,331.83,114.18,349.58,131.79
12074,3455,17,0.86688,158.75,120.26,173.63,134.71
12075,3455,9,0.80338,253.63,108.54,270.38,125.56
12076,3455,10,0.41321,245.25,138.39,261.97,158.04
12077,3455,17,0.28755,245.23,138.47,261.83,158.35
12078,3455,14,0.00519,110.22,165.99,125.24,193.32
12079,3464,14,0.58122,295.0,0.0,322.38,45.43
12080,3464,14,0.20472,147.63,0.0,171.08,15.49
12081,3464,8,0.05175,84.19,0.0,130.17,46.2
12082,3464,14,0.02284,83.82,0.0,122.52,46.33
12083,3464,8,0.02243,271.43,0.0,325.22,44.61
12084,3464,8,0.00973,8.51,0.0,130.51,46.28
12085,3464,14,0.00759,423.5,1.88,434.0,50.64
12086,3464,5,0.00738,0.0,0.0,103.18,38.95
12087,3464,8,0.00599,0.0,0.0,85.49,21.99
12088,3464,14,0.00432,427.89,0.3,434.0,47.53
12089,3464,8,0.0023,0.44,0.0,38.47,21.46
12090,3464,8,0.0012,0.0,0.0,97.57,37.22
12091,3471,10,0.88958,169.0,84.72,187.3,100.17
12092,3471,10,0.86874,277.9,75.6,296.18,91.05
12093,3471,17,0.85508,210.87,87.12,224.87,101.27
12094,3471,9,0.83882,213.25,47.24,228.15,61.69
12095,3471,17,0.83851,239.65,81.45,254.22,94.95
12096,3471,11,0.83374,199.99,20.5,213.61,34.05
12097,3471,9,0.8234,262.61,41.78,280.54,56.54
12098,3476,0,0.88678,338.23,46.42,378.75,83.57
12099,3476,0,0.87779,255.66,63.23,295.73,97.55
12100,3476,1,0.75473,327.51,112.88,374.83,159.78
12101,3476,0,0.34532,328.01,112.78,372.62,159.3
12102,3476,6,0.02565,126.11,122.32,198.16,189.33
12103,3476,6,0.00322,134.33,106.1,217.11,188.98
12104,3476,6,0.0031,55.92,195.09,112.43,222.08
12105,3476,3,0.00258,84.51,7.51,129.07,49.07
12106,3476,6,0.00157,119.63,118.27,161.0,145.49
12107,3480,10,0.86478,75.77,87.32,93.45,102.13
12108,3480,17,0.86192,107.98,77.76,122.2,91.48
12109,3480,17,0.85916,132.08,71.52,145.72,84.4
12110,3480,10,0.85702,152.53,46.57,167.03,59.86
12111,3480,9,0.83071,161.92,89.01,178.89,103.7
12112,3480,11,0.80227,196.63,106.24,214.85,121.11
12113,3480,9,0.76763,124.78,105.43,143.22,122.56
12114,3480,2,0.00249,124.91,105.44,143.17,122.53
12115,3480,5,0.00147,315.03,215.78,390.8,250.52
12116,3484,17,0.87664,333.62,159.79,345.61,171.16
12117,3484,9,0.85777,322.91,180.5,339.27,193.68
12118,3484,17,0.83516,366.32,177.12,378.77,189.23
12119,3484,10,0.82252,389.9,147.22,403.64,158.9
12120,3484,10,0.81476,304.23,160.19,318.89,172.58
12121,3484,11,0.79575,376.4,193.95,389.87,207.19
12122,3484,17,0.61453,360.26,160.88,371.5,171.66
12123,3486,17,0.86503,199.41,58.48,213.35,72.21
12124,3486,9,0.8514,252.01,71.79,268.52,86.72
12125,3486,10,0.84283,244.69,28.39,258.96,42.29
12126,3486,10,0.83777,167.62,66.69,185.1,81.39
12127,3486,9,0.82458,214.4,87.45,232.55,103.85
12128,3486,17,0.81568,223.15,52.71,236.39,66.02
12129,3486,11,0.7865,285.48,90.23,303.49,105.21
12130,3486,5,0.00114,120.41,146.9,157.52,178.09
12131,3486,6,0.00113,252.21,72.25,268.45,87.03
12132,3489,15,0.45256,311.1,156.13,338.28,184.64
12133,3489,14,0.35678,247.15,0.36,297.62,45.86
12134,3489,15,0.04905,310.58,166.95,336.98,184.9
12135,3489,3,0.03138,262.31,27.77,307.93,68.03
12136,3489,8,0.01593,243.76,0.85,300.28,52.02
12137,3489,8,0.01184,251.97,0.73,297.57,34.87
12138,3489,14,0.00399,398.95,0.88,484.12,103.45
12139,3489,14,0.00335,391.61,2.41,506.2,165.82
12140,3489,14,0.00319,241.88,1.01,281.85,48.29
12141,3489,2,0.00212,0.0,52.34,13.43,92.37
12142,3489,2,0.00208,0.0,53.9,21.65,96.89
12143,3489,14,0.00116,401.59,0.29,449.11,77.0
12144,3489,14,0.001,428.14,1.0,506.46,232.75
12145,3493,15,0.82005,280.27,173.59,311.78,201.04
12146,3493,15,0.79986,299.69,103.71,325.29,130.89
12147,3493,15,0.75864,390.58,147.49,428.11,179.77
12148,3496,0,0.87449,94.86,160.35,129.17,193.12
12149,3496,11,0.34687,137.39,80.53,165.39,107.66
12150,3496,0,0.32172,174.21,173.54,220.38,222.84
12151,3496,4,0.30923,274.59,127.28,315.76,146.45
12152,3496,4,0.2283,260.37,110.99,315.85,146.87
12153,3496,0,0.19351,137.29,80.4,165.49,106.4
12154,3496,0,0.11489,83.17,118.42,108.55,147.47
12155,3496,1,0.04556,94.48,161.24,128.6,193.04
12156,3496,9,0.00108,262.44,111.44,281.92,134.59
12157,3500,2,0.76448,47.29,166.44,66.16,179.91
12158,3500,2,0.42017,110.41,188.7,128.22,203.26
12159,3500,2,0.19099,135.05,170.22,151.62,183.41
12160,3500,9,0.10424,134.92,170.5,151.85,183.17
12161,3500,2,0.06147,82.06,148.42,96.28,162.05
12162,3500,6,0.0031,488.11,113.38,507.93,161.37
12163,3500,6,0.00205,491.56,123.52,508.0,169.44
12164,3508,17,0.88473,65.93,133.18,78.82,146.11
12165,3508,10,0.85713,135.09,130.09,151.3,143.32
12166,3508,10,0.82655,34.93,128.13,50.13,141.8
12167,3508,11,0.81655,73.48,180.1,87.26,195.12
12168,3508,9,0.80101,95.99,139.49,108.89,151.55
12169,3508,9,0.79451,31.96,154.64,50.49,168.29
12170,3508,9,0.67251,82.65,159.0,96.77,172.84
12171,3508,5,0.00273,418.6,63.68,478.9,99.78
12172,3508,2,0.00232,209.21,61.77,244.22,86.33
12173,3508,6,0.00107,454.83,174.31,490.77,231.42
12174,3510,0,0.87985,316.99,124.29,346.98,152.89
12175,3510,3,0.84399,277.51,72.61,320.49,99.52
12176,3510,4,0.83367,180.35,64.87,216.36,113.57
12177,3510,0,0.68902,201.24,174.22,234.15,206.57
12178,3510,11,0.21373,201.03,174.93,234.5,203.74
12179,3510,1,0.10936,200.9,174.62,234.6,204.1
12180,3510,6,0.10858,0.04,69.63,12.74,117.6
12181,3510,6,0.07696,0.02,70.21,12.64,95.44
12182,3510,0,0.06427,363.37,22.98,388.26,40.36
12183,3510,0,0.01506,150.88,54.91,163.84,66.86
12184,3510,6,0.00914,0.0,58.92,9.84,133.25
12185,3510,11,0.00783,150.69,55.15,163.73,67.23
12186,3510,0,0.00662,132.73,52.8,150.92,72.96
12187,3510,3,0.00235,294.37,154.52,318.58,192.5
12188,3510,3,0.00211,329.73,55.33,365.53,64.71
12189,3510,6,0.00209,0.01,87.39,7.61,132.21
12190,3510,3,0.00185,344.73,60.41,368.05,80.37
12191,3510,6,0.00144,491.79,163.6,496.0,201.52
12192,3510,11,0.00141,132.61,53.14,152.69,72.91
12193,3510,5,0.00127,0.02,68.74,11.71,90.22
12194,3510,8,0.00126,0.0,65.68,10.84,129.61
12195,3510,1,0.001,317.49,124.19,347.0,153.57
12196,3513,17,0.83133,342.36,63.5,356.15,78.64
12197,3513,17,0.64713,385.59,56.25,400.05,70.23
12198,3513,9,0.28749,438.68,49.88,455.67,63.41
12199,3513,9,0.2074,386.75,32.81,401.88,45.37
12200,3513,9,0.09211,401.7,87.14,415.03,100.9
12201,3513,9,0.00653,438.89,49.71,460.17,67.88
12202,3513,6,0.00192,401.5,87.21,414.6,101.78
12203,3515,10,0.86888,464.93,67.31,480.37,82.68
12204,3515,9,0.83734,387.33,52.74,404.33,68.4
12205,3515,17,0.79436,297.48,51.78,310.14,63.72
12206,3515,10,0.68809,328.97,68.29,346.07,81.62
12207,3515,9,0.00816,328.81,68.46,346.07,81.59
12208,3515,11,0.00514,208.48,162.82,263.67,204.9
12209,3515,6,0.00166,490.02,107.82,511.0,142.68
12210,3515,6,0.00145,488.99,108.26,510.93,166.27
12211,3515,8,0.00144,495.33,179.73,510.94,250.0
12212,3517,10,0.87001,129.02,207.72,149.25,225.77
12213,3517,10,0.86769,180.1,135.63,195.82,151.54
12214,3517,11,0.84493,275.16,196.53,297.49,211.9
12215,3517,17,0.84343,173.89,171.13,189.0,186.59
12216,3517,17,0.84014,157.09,186.68,172.95,202.56
12217,3517,9,0.82117,222.78,185.19,243.7,201.62
12218,3517,9,0.77694,201.02,216.41,220.79,237.59
12219,3517,14,0.01286,412.7,138.38,477.03,256.0
12220,3518,14,0.08885,384.03,1.38,506.3,248.87
12221,3518,17,0.07038,259.25,89.72,278.06,108.42
12222,3518,15,0.04389,311.49,155.49,338.76,183.89
12223,3518,14,0.01839,340.36,66.66,503.29,253.45
12224,3518,8,0.00584,392.16,154.22,505.71,256.0
12225,3518,14,0.00466,248.93,33.18,501.67,256.0
12226,3518,15,0.00449,310.1,167.65,337.15,184.91
12227,3518,14,0.00429,442.69,0.0,507.0,222.25
12228,3518,2,0.00366,0.0,52.53,19.73,95.11
12229,3518,14,0.00364,424.2,141.59,507.0,256.0
12230,3518,15,0.0015,310.42,165.42,339.28,201.49
12231,3518,8,0.00107,346.27,143.32,504.77,256.0
12232,3518,14,0.00101,502.42,210.68,507.0,256.0
12233,3527,15,0.91942,289.99,18.66,367.05,89.36
12234,3527,15,0.00823,290.51,21.96,338.65,52.67
12235,3527,15,0.00312,290.91,22.02,321.04,49.26
12236,3527,7,0.00122,297.05,0.0,326.83,10.91
12237,3527,5,0.001,239.11,82.57,452.0,223.0
12238,3532,15,0.85846,68.37,56.44,87.95,80.26
12239,3532,6,0.7881,145.36,77.64,215.52,113.66
12240,3532,6,0.00464,175.53,77.93,215.06,113.95
12241,3532,6,0.00106,39.89,124.87,79.47,141.91
12242,3545,5,0.83193,216.85,199.54,274.53,233.55
12243,3545,5,0.80918,266.2,153.7,297.97,177.43
12244,3545,5,0.70737,352.63,154.83,377.29,170.55
12245,3545,5,0.60341,418.48,128.13,433.66,140.67
12246,3545,5,0.48766,344.32,144.82,362.55,159.06
12247,3545,5,0.27101,454.18,116.6,464.87,125.65
12248,3545,5,0.02015,260.01,239.18,313.52,256.0
12249,3545,5,0.01543,386.78,142.59,394.31,155.13
12250,3545,5,0.01137,427.55,119.58,438.24,129.09
12251,3545,5,0.01022,387.13,140.04,394.64,149.33
12252,3545,5,0.00916,71.26,148.51,94.0,162.08
12253,3545,5,0.00585,0.0,154.17,17.38,171.95
12254,3545,5,0.00475,387.33,141.73,409.25,155.07
12255,3545,5,0.00447,0.0,176.11,3.73,198.42
12256,3545,5,0.00445,201.85,224.86,291.79,255.84
12257,3545,5,0.00358,44.26,149.95,62.36,158.79
12258,3545,5,0.00319,335.9,117.94,389.61,139.51
12259,3545,5,0.00294,456.13,113.44,470.01,125.07
12260,3545,5,0.00257,400.41,143.73,410.0,152.08
12261,3545,5,0.00255,70.16,146.38,92.73,157.4
12262,3545,5,0.00246,345.14,144.13,365.62,155.28
12263,3545,5,0.00232,343.95,121.38,383.05,152.45
12264,3545,5,0.00211,0.06,173.53,5.33,187.53
12265,3545,5,0.002,0.02,153.98,11.99,175.9
12266,3545,14,0.002,9.86,200.67,20.11,217.18
12267,3545,17,0.00195,266.05,154.38,297.99,177.31
12268,3545,5,0.0019,387.23,138.31,401.13,152.27
12269,3545,5,0.00184,402.7,144.81,410.09,153.4
12270,3545,5,0.00183,447.72,116.87,464.7,126.74
12271,3545,5,0.00168,369.54,189.5,473.29,246.42
12272,3545,5,0.00162,358.41,120.28,389.84,134.92
12273,3545,5,0.00149,0.04,174.22,10.1,186.78
12274,3545,5,0.00145,0.13,153.9,29.23,173.03
12275,3545,5,0.0014,127.48,150.38,159.56,168.81
12276,3545,5,0.00139,298.04,221.36,390.5,256.0
12277,3545,17,0.00137,398.73,35.31,413.75,51.32
12278,3545,5,0.00124,45.49,148.73,78.27,162.42
12279,3545,5,0.00123,427.41,122.81,440.25,131.05
12280,3545,5,0.0012,226.79,111.17,342.98,144.92
12281,3545,5,0.0011,141.6,159.76,158.5,168.46
12282,3545,5,0.00108,225.83,231.89,293.15,255.92
12283,3545,5,0.00104,168.9,161.81,194.12,174.58
12284,3549,9,0.85458,104.84,206.16,123.75,222.69
12285,3549,17,0.85276,88.59,177.05,102.92,190.6
12286,3549,9,0.84562,143.12,188.39,159.78,203.28
12287,3549,10,0.84192,133.95,144.89,148.34,158.71
12288,3549,10,0.84016,55.69,186.39,73.47,202.0
12289,3549,17,0.82708,113.16,170.63,126.72,183.61
12290,3549,11,0.77444,177.48,206.0,196.11,221.06
12291,3549,5,0.00133,133.93,145.06,148.29,159.02
12292,3554,7,0.79592,389.92,14.62,415.84,39.51
12293,3554,7,0.31792,380.86,64.05,410.82,88.17
12294,3554,11,0.00325,487.01,144.84,494.99,164.8
12295,3554,15,0.00107,380.97,64.14,411.06,88.78
12296,3558,17,0.74292,210.99,103.21,233.16,127.43
12297,3558,2,0.25437,158.75,78.51,180.14,101.67
12298,3558,17,0.18436,261.0,130.51,284.98,154.53
12299,3558,9,0.14195,261.27,130.52,284.11,154.52
12300,3558,2,0.09517,260.85,130.59,283.98,155.48
12301,3558,17,0.04534,159.05,78.49,179.82,101.43
12302,3558,2,0.03322,210.87,103.08,234.33,127.03
12303,3558,2,0.00194,158.85,78.37,197.62,103.43
12304,3558,6,0.0014,141.56,92.61,312.9,247.0
12305,3565,2,0.88154,403.53,43.72,443.55,89.21
12306,3565,7,0.87972,328.28,37.56,363.36,69.39
12307,3566,8,0.64287,150.67,114.67,185.43,161.15
12308,3566,14,0.58689,0.0,45.75,16.39,90.58
12309,3566,5,0.55215,290.01,0.0,364.09,28.48
12310,3566,8,0.28734,144.35,114.92,230.37,165.79
12311,3566,14,0.23811,24.16,34.2,37.6,61.79
12312,3566,5,0.17283,290.41,0.0,331.54,29.36
12313,3566,5,0.13319,189.5,20.91,235.24,52.68
12314,3566,14,0.09837,0.02,43.28,8.54,91.29
12315,3566,8,0.07757,145.11,72.94,300.56,157.21
12316,3566,5,0.04717,252.94,6.58,295.01,33.86
12317,3566,14,0.04389,140.65,19.92,151.19,46.94
12318,3566,8,0.04085,300.6,0.0,490.43,64.25
12319,3566,5,0.03695,244.46,6.24,339.87,33.83
12320,3566,14,0.02178,121.51,28.68,130.38,50.8
12321,3566,5,0.02075,85.77,28.05,128.28,49.35
12322,3566,5,0.01485,231.86,6.63,303.14,43.27
12323,3566,5,0.01479,186.5,3.06,360.01,52.26
12324,3566,8,0.01121,391.12,0.5,492.86,16.92
12325,3566,5,0.01043,228.92,6.48,346.55,44.5
12326,3566,14,0.01002,0.07,66.21,5.33,92.7
12327,3566,14,0.00798,0.01,55.3,6.91,97.22
12328,3566,8,0.00782,438.64,0.43,490.76,16.45
12329,3566,8,0.00758,187.29,116.12,214.0,147.24
12330,3566,8,0.00713,145.63,27.0,304.23,169.9
12331,3566,8,0.007,173.68,113.63,211.17,161.2
12332,3566,5,0.00695,290.91,0.19,488.88,65.79
12333,3566,5,0.00633,186.98,20.61,255.93,57.83
12334,3566,5,0.0056,316.29,0.53,362.6,25.2
12335,3566,8,0.00525,172.98,102.15,302.02,147.1
12336,3566,14,0.00494,102.61,28.52,130.8,49.63
12337,3566,8,0.00438,292.44,178.49,493.0,248.0
12338,3566,14,0.00432,120.87,29.47,136.08,51.67
12339,3566,14,0.00302,165.19,24.91,178.08,55.03
12340,3566,8,0.00301,167.06,100.35,236.1,155.91
12341,3566,14,0.00301,11.81,33.15,37.08,63.26
12342,3566,8,0.00293,372.55,201.95,491.6,248.0
12343,3566,5,0.00284,100.8,28.95,121.89,49.85
12344,3566,5,0.00267,237.04,7.08,292.49,57.71
12345,3566,8,0.0023,413.67,188.86,493.0,248.0
12346,3566,14,0.002,0.09,34.8,20.33,94.83
12347,3566,14,0.00193,155.67,37.89,168.08,56.0
12348,3566,14,0.00192,0.0,65.29,7.21,108.49
12349,3566,8,0.00183,483.83,0.0,493.0,48.81
12350,3566,14,0.00159,2.74,35.96,36.35,82.49
12351,3566,8,0.00158,488.83,0.0,493.0,52.59
12352,3566,14,0.00153,488.84,0.0,493.0,59.7
12353,3566,8,0.00148,287.37,0.0,466.32,33.13
12354,3566,8,0.00142,366.17,1.16,468.67,18.15
12355,3566,8,0.0014,290.41,0.0,331.07,29.59
12356,3566,8,0.00137,458.09,0.51,491.03,14.86
12357,3566,8,0.00124,454.13,0.0,492.72,43.47
12358,3566,8,0.00116,207.31,19.49,238.31,52.88
12359,3566,8,0.00112,350.25,75.38,444.93,197.07
12360,3566,5,0.00111,188.94,25.01,219.7,56.15
12361,3566,14,0.00104,22.99,30.38,52.9,62.35
12362,3566,8,0.00103,477.77,0.0,492.98,66.93
12363,3566,8,0.00102,155.0,127.39,184.07,158.67
12364,3566,14,0.001,194.81,19.7,252.35,60.31
12365,3571,5,0.75343,0.26,47.27,161.85,233.69
12366,3571,5,0.70662,110.33,35.88,260.96,114.68
12367,3571,5,0.65359,240.72,35.53,493.67,200.06
12368,3571,5,0.51727,0.0,34.95,116.41,184.06
12369,3571,5,0.47208,111.2,34.99,309.71,199.1
12370,3571,5,0.44219,88.46,36.07,127.75,59.07
12371,3571,5,0.3171,0.0,34.85,119.08,116.36
12372,3571,5,0.22813,87.49,34.78,176.71,66.37
12373,3571,5,0.21265,221.07,34.39,382.22,107.48
12374,3571,5,0.1655,218.41,34.66,346.23,80.1
12375,3571,5,0.11991,214.7,91.48,496.0,201.05
12376,3571,5,0.07566,21.64,97.48,150.75,234.93
12377,3571,5,0.06225,38.7,170.81,106.83,234.48
12378,3571,5,0.04443,0.0,35.41,101.98,75.19
12379,3571,5,0.03156,376.5,33.26,496.0,95.75
12380,3571,5,0.01626,219.66,34.37,448.34,130.61
12381,3571,5,0.01397,398.15,32.15,494.91,199.78
12382,3571,5,0.01361,114.47,35.99,231.36,73.42
12383,3571,5,0.00771,109.08,33.46,168.8,78.6
12384,3571,5,0.00702,244.45,28.69,454.78,240.0
12385,3571,5,0.00546,405.11,34.3,496.0,77.23
12386,3571,5,0.00525,305.49,34.75,495.73,105.38
12387,3571,5,0.00388,137.85,61.15,259.85,112.75
12388,3571,5,0.00351,409.23,34.77,455.63,55.01
12389,3571,5,0.00334,321.6,39.5,365.83,60.99
12390,3571,5,0.0028,85.68,23.86,393.87,209.8
12391,3571,5,0.00276,412.94,34.85,496.0,60.97
12392,3571,14,0.00216,416.67,37.83,434.61,54.89
12393,3571,5,0.00166,346.84,32.98,494.63,179.13
12394,3571,5,0.00165,308.74,39.04,422.74,71.62
12395,3571,5,0.00148,0.0,239.48,42.13,240.0
12396,3571,5,0.00148,291.65,33.67,495.97,143.4
12397,3571,5,0.00144,128.07,29.29,163.31,69.0
12398,3571,5,0.00129,258.26,81.42,431.99,200.65
12399,3571,5,0.00106,247.59,72.54,363.75,168.27
12400,3571,5,0.00104,226.54,31.91,415.99,186.14
12401,3573,0,0.83795,117.68,31.85,158.84,72.91
12402,3573,13,0.82357,68.57,83.88,109.4,124.4
12403,3573,4,0.67992,129.52,149.41,238.85,197.96
12404,3573,3,0.04696,378.96,44.91,412.24,76.26
12405,3573,3,0.015,126.87,150.3,239.43,195.81
12406,3573,1,0.00432,116.51,32.2,158.79,75.18
12407,3573,1,0.00415,139.05,19.34,160.09,42.38
12408,3573,0,0.00296,140.61,21.54,159.49,43.0
12409,3573,3,0.0022,349.01,98.67,399.15,138.68
12410,3573,3,0.00106,128.38,150.4,189.21,189.83
12411,3583,10,0.87389,309.95,145.24,333.27,165.83
12412,3583,9,0.85839,321.94,93.9,346.17,112.69
12413,3583,10,0.80931,443.81,72.98,465.4,93.13
12414,3583,10,0.59745,227.31,146.08,247.41,164.57
12415,3583,17,0.37162,443.66,72.73,465.27,93.4
12416,3583,11,0.0037,446.4,152.16,464.46,172.03
12417,3583,14,0.00279,495.36,96.37,500.0,162.31
12418,3583,10,0.00207,160.5,175.1,181.58,198.58
12419,3583,10,0.00163,445.99,152.1,464.34,172.04
12420,3583,14,0.00159,495.76,116.44,500.0,156.86
12421,3583,5,0.00148,0.24,60.23,62.74,87.73
12422,3583,11,0.00126,36.48,110.27,63.79,130.04
12423,3583,10,0.00123,339.57,224.79,356.76,239.48
12424,3583,14,0.00111,482.09,100.32,500.0,157.05
12425,3588,14,0.76813,315.97,102.2,338.32,139.73
12426,3588,14,0.70861,27.34,146.73,42.8,180.28
12427,3588,14,0.68526,76.34,146.57,86.69,171.81
12428,3588,14,0.63243,65.63,150.73,75.59,171.53
12429,3588,14,0.55097,42.73,143.36,54.53,174.64
12430,3588,14,0.06576,0.0,153.9,6.97,189.75
12431,3588,14,0.06529,61.65,149.51,75.11,174.51
12432,3588,14,0.031,0.0,163.13,6.53,199.49
12433,3588,14,0.02698,68.1,148.4,86.16,171.54
12434,3588,14,0.01606,0.09,163.23,5.13,188.46
12435,3588,14,0.01037,0.7,153.15,17.66,192.29
12436,3588,14,0.00969,0.0,138.37,8.05,190.56
12437,3588,14,0.00846,115.54,135.35,129.3,164.61
12438,3588,14,0.00716,236.43,126.08,245.8,142.88
12439,3588,14,0.00673,82.89,147.52,94.38,166.44
12440,3588,14,0.00597,117.13,146.4,127.07,163.04
12441,3588,14,0.00515,74.9,146.45,86.07,162.04
12442,3588,14,0.0048,0.0,152.73,7.31,209.55
12443,3588,14,0.00457,252.47,129.85,260.86,142.15
12444,3588,16,0.00391,433.91,135.43,504.19,167.37
12445,3588,14,0.00391,112.72,134.19,126.07,161.55
12446,3588,14,0.00373,253.46,120.44,266.64,134.72
12447,3588,14,0.0035,9.72,147.57,41.79,185.13
12448,3588,14,0.00277,0.56,160.97,24.94,208.78
12449,3588,16,0.00276,258.63,153.72,290.57,179.53
12450,3588,14,0.00276,203.87,127.39,223.64,143.19
12451,3588,14,0.00247,0.06,161.88,4.07,202.38
12452,3588,14,0.00243,468.31,83.65,477.81,92.76
12453,3588,14,0.00228,61.17,143.83,77.53,170.17
12454,3588,14,0.00225,499.7,67.14,504.98,90.24
12455,3588,14,0.00219,492.84,123.81,504.99,176.2
12456,3588,14,0.00204,495.99,66.93,505.0,92.42
12457,3588,14,0.00194,45.96,150.28,70.76,171.85
12458,3588,14,0.00191,235.55,122.5,256.14,145.08
12459,3588,14,0.00179,468.87,73.59,479.32,91.66
12460,3588,14,0.00168,500.33,64.3,505.0,115.48
12461,3588,16,0.00161,432.01,136.39,469.13,166.85
12462,3588,14,0.00161,88.11,150.68,99.87,165.23
12463,3588,14,0.00158,244.34,128.52,260.74,143.71
12464,3588,14,0.00158,471.98,73.99,481.66,93.72
12465,3588,14,0.0014,76.47,144.43,85.33,155.88
12466,3588,16,0.00136,296.12,142.49,355.75,172.97
12467,3588,14,0.00131,105.64,136.72,128.43,163.3
12468,3588,14,0.00128,500.71,119.97,505.0,193.51
12469,3588,14,0.00121,19.69,146.54,43.79,182.84
12470,3588,16,0.00115,415.07,136.14,462.57,166.78
12471,3588,16,0.00114,249.78,142.17,356.46,177.26
12472,3588,14,0.00112,500.39,85.68,505.0,141.59
12473,3588,14,0.00111,77.32,146.69,102.56,166.59
12474,3594,7,0.8582,41.57,42.37,76.9,73.83
12475,3594,7,0.83753,153.68,49.37,190.74,85.36
12476,3594,0,0.00103,482.1,53.84,486.0,88.96
12477,3594,8,0.00102,0.0,6.65,5.37,40.01
12478,3595,10,0.88076,91.73,131.97,109.33,147.61
12479,3595,10,0.86074,198.08,126.71,216.53,141.74
12480,3595,9,0.86005,136.64,97.2,151.0,111.3
12481,3595,17,0.85224,132.69,136.04,146.73,149.88
12482,3595,17,0.83951,161.33,131.42,175.31,144.33
12483,3595,11,0.80724,124.88,70.05,137.93,83.27
12484,3595,9,0.76215,184.8,93.56,202.28,107.44
12485,3595,11,0.02159,183.67,36.75,206.42,47.98
12486,3595,5,0.00111,91.57,131.95,109.12,147.52
12487,3596,15,0.24912,270.53,36.27,327.94,112.56
12488,3596,8,0.01679,338.38,0.0,499.1,104.22
12489,3596,8,0.00382,423.04,0.0,499.77,157.55
12490,3596,8,0.00354,0.0,0.35,31.99,46.75
12491,3596,8,0.00259,367.5,0.0,498.92,127.06
12492,3596,15,0.00181,269.97,61.57,325.55,105.5
12493,3596,8,0.00163,231.27,0.0,500.0,246.0
12494,3596,8,0.00153,0.0,3.77,18.84,48.38
12495,3596,5,0.00135,339.72,0.28,499.19,98.2
12496,3596,8,0.00135,333.34,0.0,498.26,64.47
12497,3599,17,0.80269,243.34,155.78,263.95,176.44
12498,3599,17,0.69959,251.62,120.31,271.35,140.75
12499,3599,2,0.09547,255.98,83.6,278.35,101.83
12500,3599,3,0.00214,251.7,104.37,284.01,139.93
12501,3599,6,0.00193,243.16,83.77,283.63,182.65
12502,3599,9,0.0012,256.38,83.61,277.81,102.18
12503,3599,6,0.00111,176.94,116.52,285.64,183.19
12504,3604,15,0.87425,376.38,159.2,416.4,202.13
12505,3604,15,0.86348,364.8,86.87,397.44,118.4
12506,3604,15,0.83217,258.76,109.23,295.57,149.24
12507,3605,5,0.42708,124.03,9.2,209.0,53.12
12508,3605,5,0.42106,0.65,9.21,186.77,82.67
12509,3605,5,0.15873,0.0,8.91,182.9,138.7
12510,3605,5,0.07786,279.54,13.24,331.74,41.07
12511,3605,5,0.07443,67.22,9.63,174.19,82.95
12512,3605,5,0.05588,78.9,8.8,211.74,63.62
12513,3605,14,0.05506,295.58,0.0,308.24,16.94
12514,3605,5,0.03536,0.0,9.6,256.19,235.46
12515,3605,5,0.0247,245.47,0.0,313.36,22.02
12516,3605,14,0.01929,293.54,0.0,309.26,17.59
12517,3605,5,0.0143,35.36,10.29,150.94,52.85
12518,3605,14,0.0058,294.48,1.07,315.93,17.31
12519,3605,5,0.00574,255.66,1.28,299.39,24.46
12520,3605,5,0.00472,375.89,1.06,435.19,36.99
12521,3605,5,0.0047,247.91,2.82,332.64,36.67
12522,3605,5,0.00365,385.96,11.36,421.2,36.03
12523,3605,7,0.00297,276.48,109.03,365.8,200.0
12524,3605,5,0.00238,294.92,1.94,361.28,43.55
12525,3605,16,0.00202,429.04,19.36,454.09,40.22
12526,3605,14,0.00199,289.27,0.0,310.16,17.99
12527,3605,5,0.00163,0.0,0.0,316.64,251.0
12528,3605,5,0.00117,298.04,12.64,331.15,38.47
12529,3605,5,0.00111,250.07,0.0,294.46,19.08
12530,3607,2,0.83732,228.65,154.56,248.8,182.63
12531,3607,14,0.01637,237.03,60.06,252.23,101.78
12532,3607,16,0.00167,88.69,113.49,115.02,136.57
12533,3614,17,0.9062,180.49,186.01,198.91,205.65
12534,3614,9,0.82421,148.01,126.54,167.29,142.08
12535,3614,9,0.76002,60.65,164.14,85.08,183.63
12536,3614,11,0.74515,316.05,99.01,334.18,115.95
12537,3614,11,0.49768,239.89,107.09,252.43,123.49
12538,3614,11,0.47739,417.02,74.71,439.23,85.82
12539,3614,9,0.43474,56.16,91.51,77.75,108.96
12540,3614,11,0.08988,84.28,74.34,95.19,81.93
12541,3614,17,0.06074,202.51,140.13,227.89,161.18
12542,3614,11,0.05103,415.95,74.61,439.59,92.04
12543,3614,0,0.00109,316.04,99.1,334.27,115.77
12544,3616,15,0.85476,306.93,22.31,324.79,39.32
12545,3616,15,0.84815,341.2,102.83,368.75,128.08
12546,3616,6,0.75304,305.13,58.06,362.59,79.78
12547,3616,6,0.12282,305.72,58.9,331.89,77.91
12548,3616,17,0.1212,391.92,66.54,410.51,83.69
12549,3616,3,0.06962,391.86,66.8,410.36,83.64
12550,3616,2,0.01569,392.05,67.06,409.92,83.47
12551,3616,5,0.00146,283.1,236.47,359.36,238.0
12552,3625,17,0.80527,385.13,178.03,404.59,197.84
12553,3625,17,0.79422,244.7,158.16,263.46,177.6
12554,3625,9,0.30348,314.79,169.37,339.26,192.11
12555,3625,2,0.0789,384.51,177.94,404.87,199.71
12556,3625,2,0.06983,313.74,169.47,338.64,193.12
12557,3626,7,0.84392,314.37,205.54,349.35,232.07
12558,3626,7,0.32018,319.52,81.98,350.09,107.83
12559,3626,17,0.05227,319.21,82.9,349.9,108.6
12560,3626,15,0.01053,314.33,205.01,350.07,232.03
12561,3634,15,0.89418,196.9,48.77,214.29,68.48
12562,3634,14,0.02808,1.01,55.63,103.47,247.05
12563,3634,14,0.01285,1.83,42.98,213.41,247.93
12564,3634,14,0.01079,1.48,8.06,133.85,254.0
12565,3634,2,0.0036,197.03,49.36,214.37,68.25
12566,3639,17,0.25116,156.49,134.47,181.51,159.37
12567,3639,17,0.05987,157.16,135.41,173.17,155.62
12568,3639,14,0.03469,453.25,0.0,474.85,24.8
12569,3639,2,0.02145,308.02,0.54,361.52,29.05
12570,3639,17,0.00938,157.15,135.63,170.79,149.7
12571,3639,17,0.00924,156.96,140.01,165.54,148.94
12572,3639,17,0.00795,179.56,70.82,207.36,101.86
12573,3639,14,0.00761,54.92,0.56,96.8,29.16
12574,3639,2,0.00456,126.16,1.09,177.82,35.06
12575,3639,6,0.00251,489.69,174.33,498.0,221.64
12576,3639,17,0.00201,57.74,161.95,82.61,188.07
12577,3639,6,0.00192,482.53,160.77,497.91,244.75
12578,3639,14,0.00171,452.56,0.0,493.75,25.57
12579,3639,2,0.00156,276.99,29.67,309.88,58.69
12580,3639,2,0.00153,306.56,0.26,361.69,47.05
12581,3639,17,0.00153,156.86,138.08,168.76,152.81
12582,3639,8,0.00137,453.38,0.04,474.38,24.68
12583,3639,16,0.00117,486.08,214.72,498.0,249.0
12584,3639,6,0.00104,480.54,137.52,497.86,224.06
12585,3644,2,0.86227,162.5,81.43,181.38,106.14
12586,3644,2,0.86098,37.53,73.16,58.09,99.21
12587,3644,2,0.84172,118.92,35.8,134.53,57.61
12588,3644,2,0.82856,39.93,33.2,58.45,56.82
12589,3644,2,0.00178,382.2,0.12,430.4,14.99
12590,3651,15,0.84848,120.23,71.07,142.7,92.64
12591,3651,15,0.8416,128.92,111.63,153.0,137.27
12592,3651,15,0.84148,44.94,88.03,72.67,116.64
12593,3651,6,0.00191,312.7,153.22,424.83,243.25
12594,3651,6,0.00178,304.77,117.28,349.01,161.12
12595,3651,6,0.00163,257.15,72.19,333.19,154.04
12596,3651,6,0.00119,290.67,82.97,327.95,150.47
12597,3653,15,0.53639,311.23,155.61,338.64,184.53
12598,3653,14,0.43232,264.64,0.0,294.29,33.81
12599,3653,14,0.17503,264.03,0.0,313.99,34.61
12600,3653,17,0.06557,317.86,113.45,336.69,136.04
12601,3653,15,0.04759,273.76,157.44,341.59,255.76
12602,3653,15,0.02009,309.14,166.08,335.34,184.85
12603,3653,8,0.00835,263.01,0.39,339.46,36.55
12604,3653,15,0.0021,245.33,50.68,347.92,254.29
12605,3653,15,0.00138,310.98,162.95,339.01,194.28
12606,3653,3,0.0011,262.34,0.0,338.27,35.39
12607,3666,7,0.799,398.33,51.69,424.93,69.41
12608,3666,7,0.68572,340.14,105.16,360.21,122.8
12609,3666,5,0.00294,250.18,1.72,411.01,47.48
12610,3666,5,0.00219,138.84,2.07,293.47,42.73
12611,3666,2,0.00203,0.07,32.97,4.61,49.07
12612,3666,17,0.00131,313.3,117.52,327.46,129.42
12613,3675,15,0.87994,147.58,174.84,184.46,214.78
12614,3675,15,0.85861,30.45,114.69,66.95,153.81
12615,3675,15,0.82222,142.47,101.57,174.4,132.42
12616,3675,14,0.00111,394.64,0.0,473.6,0.0
12617,3683,10,0.9108,317.49,160.82,341.71,183.42
12618,3683,10,0.90776,177.37,128.81,200.36,149.35
12619,3683,10,0.87703,350.27,110.11,375.82,129.96
12620,3683,9,0.86328,284.24,98.88,303.48,117.78
12621,3683,11,0.82357,303.47,60.92,321.12,78.35
12622,3683,9,0.73488,228.96,148.04,247.35,165.32
12623,3683,9,0.63361,265.66,152.24,284.5,170.45
12624,3683,17,0.55374,265.59,152.12,284.39,170.34
12625,3683,6,0.00791,443.71,16.21,464.61,24.71
12626,3683,6,0.00228,443.41,16.19,465.13,34.07
12627,3683,0,0.00224,303.77,61.41,321.13,78.44
12628,3683,10,0.00186,317.4,161.02,340.16,172.66
12629,3692,7,0.82511,251.98,178.74,285.54,204.28
12630,3692,7,0.6863,72.36,175.27,105.89,203.91
12631,3692,14,0.00403,0.01,72.15,8.21,108.37
12632,3692,14,0.00296,0.05,73.81,5.11,99.0
12633,3692,14,0.00258,0.0,74.19,5.2,114.62
12634,3692,17,0.00172,296.14,176.51,312.51,191.51
12635,3692,6,0.00161,474.1,20.35,489.96,62.21
12636,3692,16,0.00111,72.48,174.96,105.74,203.86
12637,3695,10,0.87989,303.51,191.38,321.6,207.52
12638,3695,10,0.87107,414.12,192.07,432.75,208.15
12639,3695,17,0.86838,345.05,197.46,359.11,211.96
12640,3695,9,0.83374,400.33,155.75,418.83,170.4
12641,3695,9,0.83363,350.12,157.31,364.65,172.11
12642,3695,11,0.78286,338.63,128.99,352.14,142.13
12643,3695,17,0.49517,374.51,194.56,388.97,208.54
12644,3695,9,0.3721,374.47,194.3,389.14,208.43
12645,3695,11,0.02051,400.74,95.34,427.51,106.3
12646,3695,17,0.00167,0.06,19.63,3.1,33.92
12647,3695,9,0.00165,0.06,19.14,3.22,33.53
12648,3695,5,0.00163,303.42,191.35,321.2,207.67
12649,3695,5,0.00159,414.31,192.1,432.49,208.05
12650,3702,17,0.88335,320.4,73.99,337.67,90.84
12651,3702,17,0.88067,341.14,113.51,358.6,130.47
12652,3702,10,0.87481,385.8,149.79,407.1,172.25
12653,3702,9,0.85452,275.35,131.69,298.92,150.97
12654,3702,10,0.85418,305.45,32.47,323.44,54.38
12655,3702,9,0.83193,245.21,73.52,266.35,94.8
12656,3702,11,0.77402,216.73,154.51,241.26,175.31
12657,3702,11,0.00391,216.22,160.72,229.67,175.1
12658,3702,11,0.00131,44.35,63.11,90.29,104.35
12659,3702,9,0.00108,275.08,135.75,285.27,149.74
12660,3706,0,0.88909,266.56,61.93,316.14,110.41
12661,3706,1,0.77657,165.35,83.66,214.3,135.17
12662,3706,0,0.0524,166.32,85.93,214.0,134.26
12663,3706,6,0.00435,483.7,188.4,499.95,248.8
12664,3706,6,0.00337,427.36,115.18,451.97,179.52
12665,3706,6,0.00227,486.58,123.22,500.0,154.64
12666,3706,6,0.00224,485.64,98.37,499.9,174.43
12667,3707,7,0.87405,236.24,160.27,263.56,191.36
12668,3707,2,0.64528,201.91,104.73,240.05,134.1
12669,3707,5,0.00191,0.1,242.66,46.05,243.0
12670,3710,7,0.86803,275.97,172.49,310.72,200.33
12671,3710,2,0.8408,180.58,137.51,219.42,166.73
12672,3710,17,0.00263,276.18,173.15,308.93,201.68
12673,3710,17,0.00125,160.71,236.96,173.36,247.48
12674,3710,16,0.00119,0.03,161.87,45.9,221.25
12675,3712,15,0.89654,183.11,166.27,200.39,185.98
12676,3712,5,0.02266,0.0,76.54,270.31,234.08
12677,3712,5,0.00437,0.0,148.21,279.42,234.31
12678,3712,5,0.00122,0.0,65.13,108.52,235.0
12679,3715,0,0.88362,382.42,143.95,416.0,176.32
12680,3715,0,0.85845,267.4,155.85,301.45,187.92
12681,3715,4,0.77567,298.88,112.55,364.82,137.72
12682,3715,1,0.05628,267.04,156.46,301.32,187.68
12683,3715,11,0.03719,267.27,155.95,301.64,187.7
12684,3715,3,0.02903,266.76,133.8,289.12,148.6
12685,3715,8,0.00571,112.08,0.6,147.89,39.28
12686,3715,3,0.00284,298.39,111.93,366.06,147.46
12687,3715,6,0.00191,83.88,0.34,122.66,105.1
12688,3715,8,0.00141,0.0,0.0,20.08,26.2
12689,3718,11,0.8247,189.18,105.41,228.79,131.4
12690,3718,11,0.80735,188.44,128.37,229.23,164.49
12691,3718,11,0.80073,78.58,147.5,121.96,182.87
12692,3718,11,0.78963,187.59,165.82,233.17,200.24
12693,3718,11,0.76935,103.2,116.93,134.29,151.62
12694,3718,11,0.74001,264.91,144.14,298.5,177.53
12695,3718,10,0.19164,265.04,143.76,298.25,177.8
12696,3718,0,0.0106,188.53,165.62,231.82,200.75
12697,3718,11,0.00909,424.37,0.0,475.0,32.74
12698,3718,0,0.00224,79.49,147.77,121.44,182.23
12699,3718,11,0.00208,331.39,0.0,382.37,21.09
12700,3718,0,0.00194,264.8,144.11,298.03,177.65
12701,3718,0,0.00134,188.17,128.76,228.92,164.19
12702,3718,11,0.00107,0.63,0.39,42.92,26.36
12703,3718,5,0.00101,102.95,116.87,133.93,151.52
12704,3719,9,0.74503,265.01,165.69,280.41,178.33
12705,3719,2,0.67608,179.75,160.0,197.48,172.52
12706,3719,2,0.13035,278.19,52.64,312.48,82.39
12707,3719,2,0.1049,213.0,143.73,226.45,157.09
12708,3719,17,0.04075,238.88,183.43,257.11,198.22
12709,3719,2,0.01002,238.44,183.28,257.05,198.94
12710,3719,2,0.00104,265.22,165.52,280.44,178.75
12711,3727,15,0.80266,315.95,172.18,336.4,190.5
12712,3727,15,0.77938,370.19,155.57,391.62,174.03
12713,3727,15,0.5261,370.16,190.47,397.26,214.78
12714,3727,7,0.30858,370.34,190.37,397.98,215.28
12715,3727,7,0.003,377.95,197.32,398.75,215.77
12716,3732,15,0.87429,252.2,100.28,278.94,126.66
12717,3732,15,0.85306,219.28,19.94,237.09,37.12
12718,3732,6,0.76264,216.76,55.88,272.82,76.89
12719,3732,6,0.47734,217.18,55.9,246.94,73.05
12720,3732,2,0.20434,302.88,64.82,320.84,82.74
12721,3732,3,0.09682,302.87,65.06,320.6,82.7
12722,3734,7,0.6841,234.07,51.41,250.8,67.62
12723,3734,7,0.3543,291.33,44.67,310.85,59.66
12724,3734,15,0.3061,291.37,44.79,310.27,59.33
12725,3734,15,0.10906,234.01,51.09,250.65,67.52
12726,3737,7,0.80014,233.26,197.12,258.19,217.83
12727,3737,7,0.74282,253.97,163.3,280.13,181.36
12728,3737,15,0.00107,493.06,148.69,497.0,177.86
12729,3740,10,0.89706,66.04,89.47,87.21,108.35
12730,3740,10,0.88671,190.84,125.64,212.33,145.72
12731,3740,9,0.85685,112.33,109.91,129.41,125.83
12732,3740,17,0.82341,145.7,115.62,162.75,131.83
12733,3740,9,0.82044,164.38,72.0,181.57,88.25
12734,3740,11,0.80535,183.41,40.56,199.01,55.82
12735,3740,9,0.75926,221.78,86.57,244.3,103.46
12736,3740,9,0.55394,145.61,115.09,162.42,131.75
12737,3740,11,0.01119,441.51,0.0,460.19,9.2
12738,3744,9,0.87808,220.13,165.8,243.35,184.85
12739,3744,10,0.87504,340.56,158.87,360.6,179.4
12740,3744,17,0.77963,118.57,207.67,138.52,226.26
12741,3744,10,0.45993,201.68,216.39,224.92,236.69
12742,3744,9,0.01374,118.82,207.71,138.73,226.23
12743,3744,17,0.00666,201.17,216.12,224.78,236.95
12744,3744,14,0.0048,465.86,61.39,490.58,86.44
12745,3746,2,0.71814,408.09,40.02,422.8,55.89
12746,3746,2,0.63213,371.52,62.25,387.55,77.68
12747,3746,2,0.42465,333.9,79.03,350.08,94.38
12748,3746,17,0.15388,333.98,78.82,350.19,94.38
12749,3747,7,0.86572,401.67,169.5,428.2,190.8
12750,3747,6,0.00149,211.69,125.99,242.09,155.69
12751,3754,15,0.89677,346.14,198.02,364.92,215.54
12752,3754,6,0.75565,421.1,193.93,473.57,220.82
12753,3754,5,0.03517,0.0,162.31,14.55,188.58
12754,3754,5,0.01706,294.33,1.27,324.01,16.19
12755,3754,15,0.00364,422.3,193.77,472.33,219.88
12756,3754,5,0.00363,0.12,156.11,34.0,186.63
12757,3754,5,0.0029,0.0,160.18,8.95,183.43
12758,3754,5,0.00224,0.0,152.53,14.4,182.19
12759,3754,5,0.00115,0.03,154.91,6.95,172.15
12760,3754,14,0.00103,0.03,122.41,4.18,144.86
12761,3754,5,0.00101,435.34,0.28,457.87,11.98
12762,3756,17,0.84784,252.46,174.78,267.91,190.62
12763,3756,17,0.01742,329.8,142.96,344.07,158.35
12764,3756,8,0.00263,413.7,94.09,489.0,235.0
12765,3756,2,0.0015,329.52,143.01,343.96,158.93
12766,3756,8,0.00117,416.91,4.93,489.0,234.36
12767,3759,17,0.80309,353.74,149.47,373.29,169.72
12768,3759,9,0.26453,290.61,192.38,311.86,215.34
12769,3759,17,0.09769,402.31,116.86,425.58,137.2
12770,3759,5,0.07069,413.3,109.7,492.0,149.2
12771,3759,6,0.0041,249.95,112.19,492.0,230.75
12772,3759,16,0.00228,402.54,116.94,429.1,137.73
12773,3759,9,0.0014,403.12,116.36,429.87,137.71
12774,3759,6,0.00119,220.29,46.71,492.0,234.53
12775,3762,15,0.82584,281.63,118.62,321.3,155.06
12776,3762,15,0.81659,186.26,74.17,213.6,103.95
12777,3762,15,0.79963,169.69,147.9,202.52,177.71
12778,3762,17,0.03216,264.22,82.1,289.17,102.31
12779,3762,7,0.01168,246.2,49.08,267.24,64.55
12780,3762,8,0.00448,0.26,0.54,78.25,45.38
12781,3762,8,0.00213,0.59,0.83,41.97,28.98
12782,3762,14,0.00134,0.05,93.01,6.82,122.61
12783,3768,2,0.70387,334.9,99.72,353.16,118.66
12784,3768,9,0.25544,379.21,185.93,406.49,209.1
12785,3768,2,0.20867,378.98,185.99,406.83,211.36
12786,3768,17,0.01193,334.73,99.12,353.39,118.84
12787,3773,0,0.89304,207.66,170.44,256.54,220.4
12788,3773,1,0.74051,160.56,111.07,206.3,156.71
12789,3773,0,0.15787,160.91,111.82,205.13,156.23
12790,3773,6,0.01819,0.0,92.37,54.58,165.31
12791,3773,6,0.00135,0.62,94.13,59.79,219.08
12792,3773,6,0.0013,54.02,133.66,123.77,251.0
12793,3775,9,0.7359,334.33,65.25,356.94,82.01
12794,3775,17,0.4142,404.44,18.74,420.22,35.7
12795,3775,11,0.27869,235.18,54.87,255.43,73.92
12796,3775,10,0.27809,235.57,55.1,255.31,73.78
12797,3775,11,0.17304,386.55,135.06,408.47,145.99
12798,3775,11,0.12769,311.01,27.42,329.32,41.04
12799,3775,11,0.00554,82.0,24.68,94.23,32.86
12800,3777,10,0.86223,335.61,176.07,350.22,188.17
12801,3777,17,0.84804,364.9,177.46,376.45,188.51
12802,3777,11,0.82797,406.48,214.33,419.45,228.2
12803,3777,17,0.82739,396.41,196.93,409.04,209.08
12804,3777,9,0.81468,353.3,197.67,369.56,210.65
12805,3777,10,0.80621,420.79,168.06,434.69,179.82
12806,3777,9,0.49852,390.77,179.74,402.14,190.59
12807,3777,17,0.09228,390.61,179.52,401.93,190.59
12808,3778,10,0.86215,161.46,198.77,181.25,221.76
12809,3778,9,0.85075,274.0,180.78,293.37,200.91
12810,3778,17,0.7733,284.02,122.08,299.42,135.02
12811,3778,17,0.24668,49.43,113.61,57.23,123.23
12812,3778,9,0.00375,195.88,149.85,213.44,163.47
12813,3778,6,0.00159,468.01,88.2,498.89,157.86
12814,3778,6,0.00154,270.04,66.83,298.95,93.43
12815,3778,17,0.00146,268.75,97.77,299.81,134.56
12816,3778,11,0.00109,152.31,64.97,172.37,77.84
12817,3778,2,0.00107,36.76,6.12,67.6,36.96
12818,3781,15,0.88895,196.0,26.35,216.05,44.52
12819,3781,16,0.02544,488.91,211.63,505.0,237.0
12820,3781,14,0.00167,488.88,207.49,504.94,237.0
12821,3781,15,0.00133,489.25,178.92,505.0,207.84
12822,3785,2,0.84022,187.89,70.04,207.85,95.89
12823,3785,2,0.8286,265.19,31.06,280.71,52.48
12824,3785,2,0.81993,309.78,75.01,329.32,99.78
12825,3785,2,0.81716,189.63,31.69,206.49,54.22
12826,3804,8,0.54351,19.06,0.12,94.05,38.08
12827,3804,8,0.53728,77.9,0.52,139.86,39.06
12828,3804,14,0.50054,0.02,0.0,15.77,63.31
12829,3804,8,0.17078,15.76,0.08,140.23,41.23
12830,3804,8,0.13629,0.15,0.0,26.28,59.61
12831,3804,8,0.05556,76.76,0.0,111.05,26.11
12832,3804,8,0.05143,119.87,115.07,208.69,245.57
12833,3804,8,0.0311,60.73,1.65,83.96,39.13
12834,3804,8,0.02912,0.75,0.0,46.11,41.64
12835,3804,8,0.02888,17.7,0.41,46.71,37.21
12836,3804,8,0.02832,0.0,0.0,12.81,61.57
12837,3804,8,0.02105,102.51,0.0,138.35,22.11
12838,3804,8,0.02044,103.48,0.28,138.62,39.06
12839,3804,8,0.01744,58.12,44.73,155.48,205.59
12840,3804,8,0.01678,0.01,0.0,7.92,34.16
12841,3804,8,0.0158,36.9,45.04,203.5,206.11
12842,3804,8,0.01553,0.0,0.0,6.57,24.25
12843,3804,14,0.01306,413.48,4.93,425.37,17.55
12844,3804,8,0.00967,113.16,0.0,138.17,16.53
12845,3804,14,0.00883,412.75,0.21,435.9,18.0
12846,3804,8,0.00746,56.4,1.05,98.62,39.01
12847,3804,8,0.0074,84.11,0.0,113.35,35.77
12848,3804,8,0.00543,49.17,0.0,82.28,22.02
12849,3804,8,0.00538,36.91,0.0,69.83,22.94
12850,3804,8,0.00443,61.75,15.09,83.31,39.43
12851,3804,14,0.00278,411.2,0.94,426.52,17.99
12852,3804,8,0.00262,22.9,0.0,72.28,31.37
12853,3804,8,0.0023,0.0,0.0,28.42,37.11
12854,3804,14,0.00214,412.87,0.01,443.44,13.76
12855,3804,8,0.0021,66.49,0.25,108.2,37.9
12856,3804,8,0.00205,62.51,0.0,84.91,26.62
12857,3804,8,0.00196,89.1,0.0,133.05,29.3
12858,3804,8,0.00178,412.07,1.2,460.45,17.07
12859,3804,8,0.00173,72.37,0.09,102.95,19.38
12860,3804,16,0.00148,128.75,118.68,199.59,183.65
12861,3804,8,0.00134,412.99,0.07,443.15,12.87
12862,3804,8,0.0013,0.0,0.0,9.9,27.97
12863,3804,8,0.00117,47.54,102.99,74.9,152.69
12864,3804,8,0.00116,77.78,0.2,102.83,11.09
12865,3804,8,0.00114,0.0,0.0,17.77,45.12
12866,3813,7,0.88485,265.95,126.58,296.94,157.28
12867,3813,17,0.85221,293.17,85.01,312.42,103.87
12868,3813,7,0.84225,271.09,55.28,300.03,86.77
12869,3813,17,0.79514,324.65,98.25,344.9,118.02
12870,3813,0,0.05118,324.49,98.54,344.71,117.96
12871,3813,14,0.01697,393.84,99.06,423.5,151.87
12872,3813,0,0.0104,292.72,84.78,312.53,103.86
12873,3813,0,0.00889,395.0,99.12,424.42,150.84
12874,3813,0,0.00527,346.44,45.24,369.94,71.85
12875,3813,17,0.00364,218.54,62.35,240.85,83.11
12876,3813,3,0.00349,218.58,62.43,241.01,82.39
12877,3813,3,0.00247,394.5,98.63,423.84,152.44
12878,3813,0,0.00235,182.98,116.67,206.76,139.87
12879,3813,7,0.00201,218.77,62.47,241.04,82.92
12880,3813,16,0.00149,266.24,126.41,296.99,157.41
12881,3813,0,0.00103,340.5,134.37,370.53,164.34
12882,3818,7,0.8848,194.95,45.33,225.16,70.6
12883,3827,4,0.81931,210.65,8.31,252.0,76.22
12884,3827,1,0.78115,301.66,142.62,344.69,185.93
12885,3827,1,0.66883,159.25,165.63,201.79,214.11
12886,3827,0,0.60632,158.22,166.84,203.14,212.53
12887,3827,13,0.15806,302.19,142.11,344.72,186.41
12888,3827,0,0.12001,302.19,141.92,344.65,186.29
12889,3829,7,0.86973,152.22,72.77,186.34,103.01
12890,3829,7,0.82053,261.03,75.67,297.68,109.3
12891,3829,8,0.00163,0.0,0.0,38.71,31.06
12892,3829,8,0.00103,239.68,124.5,486.0,246.0
12893,3834,10,0.8544,117.05,161.75,136.75,184.1
12894,3834,9,0.55489,227.73,137.55,247.96,158.22
12895,3834,17,0.18127,234.46,79.31,251.13,93.22
12896,3834,11,0.09528,148.55,111.72,166.16,127.12
12897,3834,17,0.06196,0.0,83.51,4.72,95.4
12898,3834,9,0.05367,148.62,111.54,166.06,127.61
12899,3834,6,0.00161,37.82,139.45,106.12,173.17
12900,3840,7,0.86883,357.88,28.3,393.27,61.91
12901,3840,7,0.50929,400.81,100.36,439.87,129.99
12902,3840,15,0.02163,399.97,101.53,440.61,129.77
12903,3843,0,0.8997,167.28,102.11,204.04,140.13
12904,3843,0,0.8822,292.41,77.57,330.46,112.96
12905,3843,1,0.73741,306.32,183.1,354.27,230.27
12906,3843,0,0.00845,308.83,183.62,353.66,228.58
12907,3844,7,0.83339,126.23,177.96,168.56,215.67
12908,3844,15,0.80617,125.14,121.07,155.32,149.25
12909,3844,15,0.7982,44.88,145.51,77.18,173.17
12910,3844,15,0.13315,128.82,177.02,168.72,215.64
12911,3844,5,0.00145,224.56,249.0,311.6,249.0
12912,3844,5,0.00101,368.08,8.75,405.96,34.01
12913,3847,17,0.86737,129.41,146.4,143.29,160.15
12914,3847,9,0.78284,279.98,139.0,299.0,152.56
12915,3847,9,0.61701,206.06,122.4,224.05,136.25
12916,3847,11,0.53387,285.96,151.3,307.58,169.13
12917,3847,11,0.32919,291.39,180.09,304.82,188.86
12918,3847,9,0.02733,200.39,167.61,216.02,180.22
12919,3847,11,0.02324,146.81,82.52,162.1,92.0
12920,3847,11,0.00862,40.45,21.67,51.54,37.54
12921,3847,11,0.00121,291.45,167.58,307.65,188.14
12922,3866,8,0.79685,363.77,0.0,397.07,31.61
12923,3866,8,0.72119,314.17,0.0,354.95,28.39
12924,3866,5,0.49701,0.0,73.39,245.15,208.03
12925,3866,5,0.10115,0.0,8.7,263.87,218.9
12926,3866,8,0.04434,0.0,148.99,94.26,226.99
12927,3866,8,0.01287,94.46,75.1,245.79,204.52
12928,3866,8,0.01246,0.22,58.84,63.41,233.75
12929,3866,5,0.01125,447.27,0.0,479.13,15.48
12930,3866,8,0.00767,347.82,0.42,374.22,19.71
12931,3866,8,0.00648,414.86,53.66,488.25,149.94
12932,3866,5,0.00564,436.75,0.05,492.04,15.63
12933,3866,5,0.00479,0.08,0.0,68.86,25.92
12934,3866,5,0.00471,347.82,0.8,374.99,20.04
12935,3866,14,0.00337,315.37,0.3,336.42,18.09
12936,3866,14,0.00335,376.75,0.07,397.08,25.01
12937,3866,8,0.003,0.0,50.9,108.42,233.7
12938,3866,8,0.00298,174.7,98.35,328.77,238.0
12939,3866,8,0.0028,340.24,0.0,398.14,28.49
12940,3866,8,0.00268,130.79,146.87,247.92,199.6
12941,3866,5,0.00267,0.39,0.0,40.8,26.3
12942,3866,8,0.00243,0.0,0.0,8.72,26.3
12943,3866,5,0.0023,26.53,169.02,155.02,217.14
12944,3866,8,0.0023,446.15,0.0,492.86,16.13
12945,3866,5,0.00226,142.93,0.0,194.96,20.18
12946,3866,14,0.00202,316.22,0.45,331.89,12.73
12947,3866,5,0.0019,471.67,110.6,493.0,148.12
12948,3866,8,0.00189,489.48,0.0,493.0,17.52
12949,3866,5,0.00179,487.12,106.98,493.0,156.29
12950,3866,5,0.00177,0.03,0.0,3.59,17.92
12951,3866,5,0.00149,114.33,0.0,195.47,21.52
12952,3866,14,0.00138,314.99,6.24,327.07,26.94
12953,3866,8,0.00136,297.35,0.0,342.33,27.84
12954,3866,8,0.0013,0.0,0.0,31.48,27.7
12955,3866,5,0.00124,412.4,42.37,489.94,150.54
12956,3866,14,0.00117,364.3,0.45,381.92,31.05
12957,3866,14,0.00117,313.47,0.26,340.02,28.38
12958,3866,8,0.00114,475.77,0.0,492.99,15.94
12959,3866,14,0.00114,317.13,0.21,354.24,26.66
12960,3866,8,0.00101,91.24,64.46,313.46,227.67
12961,3866,5,0.001,0.03,28.7,60.88,231.29
12962,3870,10,0.90477,292.97,49.27,316.38,71.92
12963,3870,17,0.85754,71.13,56.57,89.33,72.99
12964,3870,10,0.84805,174.23,84.12,195.6,109.27
12965,3870,9,0.75861,284.05,129.34,318.4,162.06
12966,3870,17,0.41839,195.99,38.93,217.33,61.92
12967,3870,9,0.18872,196.03,38.86,217.25,61.78
12968,3870,10,0.08705,196.25,38.86,216.94,61.28
12969,3870,8,0.00105,16.68,1.17,92.31,27.55
12970,3876,5,0.7739,238.96,122.69,370.09,176.1
12971,3876,5,0.76017,390.59,127.0,500.0,183.67
12972,3876,5,0.74559,0.0,131.48,103.55,176.65
12973,3876,14,0.62144,148.17,118.7,183.46,189.38
12974,3876,5,0.51146,367.55,112.57,461.09,170.5
12975,3876,14,0.40086,178.08,101.57,209.99,233.2
12976,3876,14,0.23378,216.46,128.62,240.52,170.72
12977,3876,14,0.10055,149.89,103.03,222.3,235.65
12978,3876,5,0.0049,404.5,112.49,457.96,126.71
12979,3876,5,0.00455,0.22,131.69,103.95,230.99
12980,3876,14,0.00366,145.81,113.06,189.27,237.14
12981,3876,14,0.00297,210.58,129.41,237.53,153.67
12982,3876,5,0.00282,373.99,114.1,456.11,148.77
12983,3876,14,0.00198,238.53,127.58,270.06,173.04
12984,3876,8,0.00172,210.84,131.9,229.82,152.5
12985,3876,8,0.00153,209.24,126.69,241.79,163.9
12986,3876,5,0.00152,108.05,129.2,164.71,166.99
12987,3876,14,0.00151,175.16,99.17,234.99,237.64
12988,3876,14,0.00139,150.44,165.55,187.54,233.97
12989,3876,5,0.00125,332.04,124.14,460.97,180.88
12990,3876,5,0.00113,123.16,128.25,194.46,167.99
12991,3876,5,0.00108,32.13,133.65,99.41,172.23
12992,3876,14,0.00105,145.49,130.23,164.32,189.72
12993,3880,7,0.71913,417.21,179.46,441.11,200.55
12994,3880,7,0.63035,343.17,180.01,365.56,196.09
12995,3880,5,0.00101,94.55,199.63,184.78,236.1
12996,3883,10,0.89266,328.26,136.3,349.69,155.24
12997,3883,10,0.87055,193.93,97.68,215.55,115.8
12998,3883,17,0.85127,291.5,120.0,308.68,136.79
12999,3883,9,0.84375,283.4,82.39,301.63,99.34
13000,3883,9,0.83306,338.34,96.34,361.14,114.98
13001,3883,11,0.79665,307.65,55.89,322.94,70.01
13002,3883,9,0.33428,252.46,113.77,269.45,129.73
13003,3883,17,0.32998,252.42,113.43,269.44,129.85
13004,3884,5,0.61953,379.98,104.39,453.0,239.0
13005,3884,5,0.20478,115.31,133.29,142.22,152.61
13006,3884,5,0.12435,382.82,113.88,453.0,168.21
13007,3884,5,0.05266,20.7,133.79,60.19,160.73
13008,3884,5,0.02871,0.15,131.77,36.03,161.44
13009,3884,5,0.01998,380.06,121.04,453.0,194.69
13010,3884,5,0.01926,115.55,135.44,132.67,153.22
13011,3884,5,0.01887,387.03,105.09,453.0,148.6
13012,3884,5,0.01097,0.07,130.87,57.5,159.28
13013,3884,5,0.00767,0.09,134.98,35.76,177.08
13014,3884,14,0.00709,344.18,109.88,363.53,143.81
13015,3884,5,0.00676,379.93,142.39,452.96,208.07
13016,3884,5,0.00606,115.33,127.73,161.1,154.12
13017,3884,14,0.00517,366.19,114.73,379.11,142.89
13018,3884,5,0.0043,410.82,102.58,452.87,142.34
13019,3884,16,0.00394,144.24,152.97,193.89,191.08
13020,3884,14,0.00316,343.39,112.32,357.14,144.54
13021,3884,14,0.00303,200.11,134.15,208.0,145.53
13022,3884,8,0.00253,443.85,138.25,453.0,174.7
13023,3884,14,0.00245,384.66,109.92,397.59,138.34
13024,3884,14,0.00236,352.78,112.5,366.11,143.51
13025,3884,14,0.00231,355.84,120.2,366.76,143.45
13026,3884,5,0.00221,0.0,139.15,9.58,167.42
13027,3884,5,0.00196,121.94,129.69,144.36,150.54
13028,3884,8,0.00194,143.05,153.19,195.99,205.87
13029,3884,5,0.00151,448.96,143.25,453.0,180.39
13030,3884,5,0.00141,69.96,133.92,116.16,154.75
13031,3884,8,0.0013,449.37,142.26,453.0,172.56
13032,3884,14,0.00127,356.3,113.76,376.31,142.87
13033,3884,5,0.00119,20.31,135.1,44.28,160.98
13034,3884,5,0.00108,443.4,145.64,453.0,177.14
13035,3891,0,0.88073,267.23,160.81,318.59,212.07
13036,3891,0,0.87741,102.88,162.07,152.35,211.25
13037,3891,1,0.78097,167.26,41.14,207.55,80.62
13038,3891,1,0.01971,265.57,159.8,319.1,212.95
13039,3891,0,0.01672,167.74,41.95,206.45,80.36
13040,3891,6,0.00568,490.07,20.5,500.0,58.63
13041,3891,6,0.00224,496.1,19.63,500.0,63.26
13042,3891,1,0.00211,102.42,161.54,152.51,211.58
13043,3893,8,0.71301,291.73,94.51,352.15,173.42
13044,3893,16,0.66211,1.85,116.69,24.25,144.9
13045,3893,16,0.62234,25.49,117.79,46.86,144.56
13046,3893,16,0.61045,68.76,115.75,88.05,140.39
13047,3893,16,0.601,48.29,116.62,68.57,143.22
13048,3893,16,0.59597,89.65,113.79,107.49,137.72
13049,3893,8,0.57247,393.85,94.16,415.84,121.8
13050,3893,8,0.55868,419.17,94.64,434.13,114.5
13051,3893,5,0.54115,372.23,89.87,394.65,107.18
13052,3893,14,0.49092,300.41,68.14,341.61,103.08
13053,3893,16,0.42582,161.08,110.39,175.41,128.98
13054,3893,16,0.42328,106.78,113.56,123.09,135.63
13055,3893,16,0.42212,135.02,111.31,150.58,133.17
13056,3893,14,0.41224,237.83,79.79,247.86,103.34
13057,3893,16,0.36246,121.42,112.21,136.33,134.05
13058,3893,16,0.3152,148.6,110.77,161.67,130.98
13059,3893,16,0.23262,173.76,108.92,186.23,128.04
13060,3893,16,0.22538,203.84,107.37,214.86,124.12
13061,3893,16,0.19459,221.64,106.47,230.86,121.17
13062,3893,16,0.19368,184.48,107.88,196.21,125.87
13063,3893,14,0.16057,419.73,86.56,432.15,98.36
13064,3893,16,0.15897,213.66,106.1,222.9,122.55
13065,3893,14,0.14371,395.7,84.47,414.31,99.05
13066,3893,16,0.1333,228.98,106.64,237.97,120.94
13067,3893,16,0.12557,135.43,110.72,161.34,131.67
13068,3893,16,0.12363,194.88,107.82,205.58,124.58
13069,3893,16,0.11991,272.89,101.08,280.91,109.27
13070,3893,16,0.11606,173.68,108.51,195.94,127.5
13071,3893,16,0.10241,48.53,115.77,88.01,142.16
13072,3893,16,0.09564,2.82,116.07,46.16,144.38
13073,3893,16,0.07584,124.1,111.58,151.0,133.48
13074,3893,16,0.07511,162.56,109.26,187.87,128.61
13075,3893,16,0.07354,106.92,112.75,136.56,135.0
13076,3893,16,0.06454,142.06,110.44,169.45,130.05
13077,3893,16,0.05909,195.1,107.79,213.63,124.51
13078,3893,16,0.03735,209.74,106.66,231.97,122.52
13079,3893,16,0.03664,89.66,113.76,123.66,136.98
13080,3893,16,0.03648,150.2,110.66,175.63,129.31
13081,3893,16,0.0297,72.68,114.59,107.77,138.51
13082,3893,8,0.02894,437.5,90.86,451.66,112.03
13083,3893,14,0.02178,420.03,83.05,431.58,94.9
13084,3893,14,0.01825,419.76,94.19,432.76,113.88
13085,3893,16,0.01478,218.36,106.42,237.65,121.15
13086,3893,14,0.01475,414.44,83.79,431.76,97.86
13087,3893,16,0.01325,205.45,107.04,220.17,122.66
13088,3893,14,0.01046,295.18,68.17,343.38,127.83
13089,3893,8,0.00952,426.04,89.03,451.4,113.42
13090,3893,14,0.00931,436.85,85.31,451.85,111.81
13091,3893,14,0.00916,398.89,82.8,411.14,96.25
13092,3893,8,0.00903,393.8,84.91,416.34,101.03
13093,3893,8,0.00856,306.38,125.09,338.28,173.69
13094,3893,14,0.00856,418.8,84.48,440.26,99.55
13095,3893,16,0.00835,255.34,99.16,281.87,112.3
13096,3893,16,0.0069,268.66,100.63,281.66,119.09
13097,3893,14,0.00639,329.95,85.98,346.68,101.31
13098,3893,5,0.00624,368.07,87.79,382.82,105.74
13099,3893,14,0.00563,331.14,86.38,351.02,109.54
13100,3893,14,0.00562,321.56,74.37,347.32,102.0
13101,3893,16,0.00549,469.69,129.88,477.73,136.58
13102,3893,16,0.00523,230.71,105.35,239.99,113.78
13103,3893,14,0.00508,396.92,88.39,414.36,105.3
13104,3893,14,0.00411,295.91,73.16,355.81,151.84
13105,3893,16,0.00372,229.13,104.48,241.71,121.15
13106,3893,14,0.00334,318.44,81.44,356.47,144.11
13107,3893,16,0.00329,0.06,116.37,6.6,143.8
13108,3893,14,0.00308,420.82,84.65,451.47,110.68
13109,3893,16,0.00299,231.41,101.87,242.52,118.41
13110,3893,14,0.00299,236.15,83.82,245.74,108.56
13111,3893,14,0.00273,420.5,83.72,435.27,97.17
13112,3893,14,0.0025,334.2,85.55,350.16,103.5
13113,3893,16,0.00245,0.98,116.99,14.21,144.08
13114,3893,16,0.00239,234.98,101.73,243.17,109.72
13115,3893,14,0.00225,398.85,87.76,419.04,101.27
13116,3893,16,0.00201,184.31,107.08,205.85,126.68
13117,3893,8,0.00197,419.76,94.74,442.75,112.42
13118,3893,8,0.00194,308.2,102.89,343.21,174.16
13119,3893,14,0.00189,392.98,91.7,409.73,108.71
13120,3893,14,0.00184,290.36,94.45,331.5,152.28
13121,3893,14,0.00181,304.82,107.72,337.64,168.35
13122,3893,8,0.00176,414.0,93.65,432.01,114.92
13123,3893,8,0.00172,293.68,75.22,355.21,154.34
13124,3893,14,0.00159,328.94,86.04,358.11,116.52
13125,3893,16,0.00151,274.76,98.09,290.5,108.61
13126,3893,16,0.00147,32.03,116.02,66.05,142.15
13127,3893,14,0.00139,393.45,83.59,430.31,97.87
13128,3893,14,0.00116,411.84,90.08,432.38,108.28
13129,3893,14,0.00112,314.23,67.57,346.23,102.82
13130,3893,16,0.00106,49.22,116.35,68.74,132.33
13131,3893,14,0.00104,292.38,96.29,321.14,131.76
13132,3893,14,0.00103,312.76,68.17,335.43,96.92
13133,3893,14,0.001,322.12,87.66,349.53,162.9
13134,3898,2,0.69624,294.37,196.22,324.94,224.56
13135,3898,15,0.04921,424.1,151.2,450.5,182.69
13136,3898,5,0.00241,315.43,149.59,438.22,180.99
13137,3898,8,0.00171,293.57,163.74,502.0,254.0
13138,3901,2,0.85569,35.23,141.15,55.43,165.1
13139,3901,2,0.84784,53.68,181.69,74.25,210.75
13140,3901,2,0.84762,145.73,127.05,164.59,150.8
13141,3901,2,0.83056,166.19,182.84,188.71,209.79
13142,3902,9,0.86863,352.97,45.1,371.92,58.65
13143,3902,17,0.8463,386.41,25.36,399.39,38.39
13144,3902,10,0.84531,356.15,19.38,371.84,33.17
13145,3902,10,0.82702,456.62,25.04,473.48,38.65
13146,3902,11,0.80561,392.63,71.88,406.54,86.81
13147,3902,9,0.77355,415.98,33.25,429.55,45.09
13148,3902,9,0.45872,402.46,51.97,416.71,66.01
13149,3902,17,0.27656,402.25,51.88,416.78,65.84
13150,3902,0,0.0021,402.55,51.64,416.66,66.08
13151,3902,17,0.00181,416.3,32.89,429.45,45.37
13152,3904,15,0.81012,430.07,110.44,455.54,137.95
13153,3904,15,0.80755,351.64,95.55,371.72,118.49
13154,3904,15,0.78657,328.89,128.94,359.93,158.98
13155,3904,5,0.01626,0.0,0.89,76.6,23.26
13156,3904,15,0.00156,466.01,78.03,471.0,103.24
13157,3904,15,0.00148,462.5,77.29,471.0,101.42
13158,3906,2,0.85393,75.69,164.45,108.99,206.0
13159,3906,7,0.83081,64.77,125.01,91.71,149.06
13160,3906,2,0.00238,0.0,166.57,87.69,237.0
13161,3907,2,0.84584,275.12,142.48,292.0,166.09
13162,3907,2,0.84435,408.79,152.9,424.33,176.44
13163,3907,2,0.84415,338.39,185.6,356.37,211.81
13164,3907,2,0.75574,353.8,129.45,368.8,151.69
13165,3907,2,0.0028,496.27,37.92,509.0,58.09
13166,3907,2,0.00118,204.66,69.08,235.26,106.29
13167,3914,12,0.68578,111.58,63.69,160.18,108.86
13168,3914,0,0.64274,210.58,123.17,261.77,173.25
13169,3914,12,0.59493,212.26,123.02,262.35,172.72
13170,3914,13,0.44749,111.27,64.31,159.9,108.47
13171,3914,0,0.3504,111.08,63.38,159.8,108.35
13172,3914,1,0.07498,210.86,121.37,263.43,173.42
13173,3914,1,0.04447,111.13,62.78,160.54,110.35
13174,3914,11,0.00354,211.42,129.22,261.81,173.4
13175,3914,6,0.00253,484.3,71.53,488.0,99.54
13176,3914,6,0.00154,480.12,68.6,488.0,101.0
13177,3923,8,0.79378,75.63,0.0,120.56,52.03
13178,3923,8,0.45655,1.37,0.0,113.66,170.06
13179,3923,8,0.26456,184.33,16.28,207.71,37.85
13180,3923,8,0.0829,120.06,22.95,185.32,118.86
13181,3923,8,0.07994,46.48,0.0,79.14,26.2
13182,3923,8,0.03642,284.47,42.33,315.48,99.56
13183,3923,5,0.02989,0.0,0.0,110.38,175.02
13184,3923,8,0.0281,0.0,47.07,102.53,205.7
13185,3923,8,0.0256,112.83,0.44,134.96,52.49
13186,3923,8,0.02542,182.26,0.0,228.07,38.5
13187,3923,8,0.02478,33.74,4.58,113.33,94.04
13188,3923,8,0.02224,46.17,0.0,109.66,52.9
13189,3923,8,0.02214,7.5,0.0,128.27,0.0
13190,3923,8,0.0176,288.79,163.86,480.95,249.0
13191,3923,8,0.01748,94.11,1.8,119.45,50.97
13192,3923,8,0.01459,418.09,0.29,462.42,27.67
13193,3923,8,0.01455,355.75,0.0,480.86,27.57
13194,3923,8,0.0136,195.08,0.0,253.7,61.41
13195,3923,5,0.0128,0.25,0.0,59.51,137.91
13196,3923,8,0.00713,211.2,0.0,265.27,36.12
13197,3923,8,0.00684,82.76,0.0,110.41,39.1
13198,3923,8,0.00623,76.81,0.0,111.27,27.77
13199,3923,8,0.00618,223.53,0.0,261.57,46.68
13200,3923,3,0.00468,0.0,2.02,60.22,82.61
13201,3923,8,0.0044,3.61,0.0,119.99,72.46
13202,3923,8,0.00404,184.28,8.31,216.47,39.28
13203,3923,8,0.0038,0.0,0.0,27.06,24.08
13204,3923,8,0.00372,87.01,0.0,115.09,47.7
13205,3923,8,0.00337,158.96,22.06,180.27,56.96
13206,3923,8,0.00295,12.21,0.0,194.41,14.61
13207,3923,1,0.00281,9.75,90.73,42.68,120.06
13208,3923,8,0.00263,270.79,113.98,285.94,140.76
13209,3923,8,0.00259,0.1,0.0,29.51,29.19
13210,3923,8,0.00244,205.01,0.0,359.09,35.12
13211,3923,8,0.00235,0.0,121.02,85.32,204.6
13212,3923,8,0.00231,228.98,8.71,252.12,41.22
13213,3923,8,0.00224,0.1,0.0,29.07,26.18
13214,3923,14,0.00214,253.37,0.13,269.33,36.6
13215,3923,8,0.002,382.83,168.78,482.05,249.0
13216,3923,8,0.00194,0.0,0.0,13.63,15.6
13217,3923,8,0.00193,221.4,0.0,253.3,60.24
13218,3923,8,0.00176,108.64,1.76,156.8,61.28
13219,3923,8,0.00174,392.69,0.0,482.22,30.07
13220,3923,8,0.00171,335.72,0.0,470.33,0.0
13221,3923,8,0.00169,103.68,4.8,133.19,54.02
13222,3923,16,0.00164,415.79,136.13,440.35,156.59
13223,3923,8,0.00161,231.15,0.0,268.18,35.71
13224,3923,8,0.00159,86.7,0.0,207.5,96.4
13225,3923,8,0.00149,288.21,71.28,310.66,97.74
13226,3923,8,0.00147,0.38,0.0,78.2,204.56
13227,3923,8,0.00136,358.99,0.0,483.0,30.59
13228,3923,8,0.00128,199.15,0.0,231.61,33.79
13229,3923,14,0.00127,333.1,0.0,358.49,33.24
13230,3923,16,0.00118,478.43,89.69,483.0,109.63
13231,3923,8,0.00114,399.02,0.0,455.22,27.98
13232,3923,8,0.00113,124.18,20.16,234.52,120.22
13233,3923,8,0.00112,205.23,0.0,362.01,47.04
13234,3923,8,0.0011,291.91,56.24,312.6,98.16
13235,3923,8,0.00105,100.03,27.11,119.75,53.27
13236,3924,15,0.87846,47.4,0.0,85.23,33.74
13237,3924,15,0.57958,411.82,0.0,448.97,42.23
13238,3924,15,0.00237,405.21,0.76,480.0,89.21
13239,3936,7,0.83273,370.74,73.79,406.76,101.35
13240,3936,2,0.7827,274.16,44.32,312.31,72.77
13241,3936,5,0.09576,233.21,9.28,501.0,217.81
13242,3936,5,0.05211,176.78,0.0,488.95,244.0
13243,3936,5,0.0124,335.88,9.89,498.82,216.84
13244,3936,17,0.00753,371.16,73.44,405.63,101.79
13245,3936,5,0.00277,0.0,243.7,41.49,244.0
13246,3943,8,0.79985,6.54,134.14,46.08,167.46
13247,3943,14,0.76744,146.09,154.57,172.09,196.66
13248,3943,14,0.48682,46.42,138.21,55.92,162.04
13249,3943,14,0.29334,181.36,152.67,195.92,178.65
13250,3943,14,0.27096,107.37,138.67,118.1,171.72
13251,3943,14,0.12049,117.43,147.23,125.3,172.14
13252,3943,14,0.08294,112.94,139.62,125.11,171.81
13253,3943,8,0.0385,0.0,129.12,8.37,169.09
13254,3943,14,0.03055,340.51,153.3,355.42,183.15
13255,3943,14,0.02472,0.0,123.86,8.66,167.93
13256,3943,14,0.02031,0.01,123.04,5.4,160.71
13257,3943,14,0.01891,41.24,137.22,55.96,159.11
13258,3943,8,0.01681,0.09,131.88,5.56,161.67
13259,3943,16,0.01179,388.62,197.11,422.38,224.79
13260,3943,14,0.01169,45.71,137.89,70.14,162.8
13261,3943,14,0.01084,257.13,147.67,274.82,179.17
13262,3943,14,0.01025,117.79,150.14,128.88,172.47
13263,3943,14,0.0098,105.88,148.12,116.06,171.93
13264,3943,14,0.00962,387.84,166.41,401.73,183.69
13265,3943,14,0.00854,0.0,120.02,5.95,148.58
13266,3943,14,0.0074,110.98,153.71,125.49,172.54
13267,3943,14,0.00721,25.42,132.21,44.24,153.81
13268,3943,14,0.0072,15.07,132.09,36.06,150.49
13269,3943,16,0.00657,436.15,185.24,461.41,202.9
13270,3943,14,0.00649,375.41,160.78,387.2,183.87
13271,3943,14,0.00614,250.29,146.87,278.91,182.08
13272,3943,14,0.00604,374.18,160.5,399.28,184.7
13273,3943,14,0.00594,507.84,144.48,512.0,201.21
13274,3943,14,0.00554,179.61,151.49,203.77,178.92
13275,3943,14,0.00509,101.54,134.11,118.7,171.25
13276,3943,14,0.00506,54.99,139.63,71.56,162.16
13277,3943,14,0.00496,138.66,149.5,152.15,167.52
13278,3943,14,0.00481,22.69,132.27,40.46,148.94
13279,3943,14,0.00481,489.27,153.35,512.0,199.8
13280,3943,14,0.00477,33.69,131.45,45.46,153.87
13281,3943,14,0.00412,175.15,153.75,194.62,177.44
13282,3943,14,0.00397,355.8,154.98,386.33,183.64
13283,3943,14,0.0038,332.4,152.2,359.24,184.99
13284,3943,14,0.00319,23.75,131.02,37.85,143.46
13285,3943,14,0.00312,396.54,163.88,417.31,183.3
13286,3943,14,0.003,47.07,130.23,63.59,159.35
13287,3943,14,0.0029,342.97,151.94,353.86,175.01
13288,3943,14,0.00284,116.14,136.73,127.77,172.5
13289,3943,8,0.00281,355.87,156.13,387.27,184.06
13290,3943,14,0.0027,90.61,138.02,118.47,170.61
13291,3943,14,0.00255,25.44,130.93,45.81,146.73
13292,3943,16,0.0023,369.12,197.33,410.99,221.96
13293,3943,14,0.00225,14.7,117.11,32.97,143.79
13294,3943,14,0.00223,17.15,130.12,35.08,143.88
13295,3943,14,0.00216,400.8,163.83,426.05,183.25
13296,3943,14,0.00214,178.85,159.84,192.33,176.96
13297,3943,14,0.00186,102.07,150.84,123.4,174.03
13298,3943,14,0.00174,33.53,132.8,53.82,156.96
13299,3943,14,0.00161,8.4,126.22,35.7,150.18
13300,3943,14,0.00155,97.37,143.59,117.54,171.42
13301,3943,8,0.00155,0.0,137.97,21.5,165.23
13302,3943,14,0.00154,177.75,153.29,197.89,184.89
13303,3943,14,0.00153,117.25,154.66,132.57,173.1
13304,3943,5,0.00151,353.41,156.2,400.23,184.21
13305,3943,14,0.0015,222.46,156.17,232.32,173.64
13306,3943,14,0.00143,381.42,165.66,400.64,184.5
13307,3943,16,0.0014,24.97,135.69,51.96,164.42
13308,3943,14,0.00139,343.25,151.09,352.71,165.5
13309,3943,14,0.00135,54.89,138.82,82.0,163.33
13310,3943,14,0.00134,494.39,143.53,512.0,185.31
13311,3943,14,0.00133,0.03,134.32,4.01,173.05
13312,3943,16,0.00132,474.4,203.64,492.18,227.86
13313,3943,14,0.00131,11.31,120.74,29.22,141.1
13314,3943,14,0.0013,34.27,127.03,55.86,149.99
13315,3943,14,0.0013,177.0,149.52,233.78,179.16
13316,3943,14,0.00128,166.86,152.82,177.14,176.19
13317,3943,14,0.00126,326.88,151.85,354.6,179.4
13318,3943,14,0.00116,179.64,151.01,192.97,171.09
13319,3943,8,0.00111,0.0,134.98,11.61,180.06
13320,3943,14,0.00111,455.93,156.06,466.39,177.43
13321,3943,14,0.00105,0.02,119.1,8.98,152.2
13322,3943,14,0.00103,157.29,152.38,174.97,175.32
13323,3947,0,0.88657,189.16,147.32,233.45,193.36
13324,3947,0,0.87592,258.47,183.62,305.93,232.68
13325,3947,0,0.79446,283.21,95.45,326.07,135.75
13326,3947,1,0.27414,283.48,94.97,325.78,137.29
13327,3947,11,0.01641,283.93,94.42,325.34,136.57
13328,3947,1,0.00424,188.48,146.18,233.46,194.68
13329,3956,14,0.76966,215.35,96.89,246.35,167.6
13330,3956,14,0.76906,144.38,85.41,173.81,167.13
13331,3956,5,0.74173,395.65,131.99,476.06,173.46
13332,3956,14,0.71881,280.78,89.4,305.17,175.4
13333,3956,14,0.68517,241.7,99.46,262.43,167.23
13334,3956,14,0.66932,305.88,88.82,338.61,179.06
13335,3956,14,0.61677,167.84,90.37,202.56,167.28
13336,3956,5,0.42285,0.0,96.64,158.3,160.72
13337,3956,5,0.04514,14.8,117.66,128.65,157.2
13338,3956,5,0.01168,54.74,95.75,165.06,148.43
13339,3956,5,0.01099,0.0,1.27,166.71,164.73
13340,3956,14,0.00576,0.01,102.88,12.54,142.53
13341,3956,5,0.00564,169.3,74.38,220.5,104.3
13342,3956,5,0.00396,6.15,102.45,117.44,154.36
13343,3956,14,0.00319,0.04,78.25,13.96,145.7
13344,3956,5,0.00272,407.5,96.07,500.0,173.78
13345,3956,5,0.00241,411.6,101.8,500.0,147.02
13346,3956,5,0.00229,426.86,60.88,499.97,153.7
13347,3956,14,0.00194,170.73,91.63,191.95,137.92
13348,3956,14,0.00177,0.03,116.09,6.14,142.72
13349,3956,8,0.00161,0.05,69.03,15.37,149.73
13350,3956,14,0.00151,0.0,114.82,12.19,158.09
13351,3956,5,0.00128,452.88,135.39,499.98,174.07
13352,3956,5,0.00128,160.0,74.87,219.43,116.3
13353,3956,5,0.00125,468.39,38.29,499.78,204.03
13354,3956,8,0.00113,0.2,77.01,31.86,154.03
13355,3956,14,0.00106,0.03,94.44,15.03,159.05
13356,3956,14,0.00101,278.95,145.83,303.71,176.28
13357,3959,2,0.81396,414.16,39.75,446.2,62.36
13358,3959,15,0.00171,466.39,139.33,488.7,157.23
13359,3959,7,0.00113,429.24,141.32,476.26,174.61
13360,3960,7,0.64377,185.13,176.96,205.17,196.95
13361,3960,8,0.00193,1.72,128.11,157.29,246.0
13362,3960,8,0.00151,2.99,151.88,234.99,246.0
13363,3960,6,0.00126,241.26,189.92,285.29,215.84
13364,3962,10,0.88888,49.31,154.53,71.98,172.51
13365,3962,10,0.88045,190.48,186.14,212.15,205.24
13366,3962,17,0.86514,152.45,172.02,170.1,188.8
13367,3962,9,0.84687,198.91,145.15,221.63,163.27
13368,3962,9,0.81998,142.73,133.67,161.15,150.14
13369,3962,11,0.77407,166.12,105.51,181.51,119.15
13370,3962,9,0.64283,111.64,167.2,128.98,184.06
13371,3963,7,0.86225,210.18,69.42,244.98,96.3
13372,3963,2,0.72352,112.84,42.49,151.27,72.49
13373,3963,5,0.00556,36.69,0.0,337.32,244.0
13374,3963,17,0.00473,209.99,68.88,243.8,96.27
13375,3963,5,0.00141,93.54,0.0,443.4,201.93
13376,3965,14,0.6938,160.8,134.16,179.61,172.55
13377,3965,14,0.62936,81.9,121.51,96.37,156.47
13378,3965,16,0.51423,242.31,193.07,267.67,211.21
13379,3965,14,0.42003,149.36,133.58,162.51,160.78
13380,3965,14,0.40346,69.49,121.19,82.15,154.56
13381,3965,14,0.34115,166.73,135.41,178.35,172.1
13382,3965,14,0.30487,184.9,144.42,196.42,168.42
13383,3965,14,0.29746,48.45,119.79,61.11,151.98
13384,3965,16,0.25818,161.31,174.39,193.99,195.47
13385,3965,14,0.25169,184.64,134.51,196.46,158.16
13386,3965,16,0.21338,83.66,162.4,120.79,185.46
13387,3965,16,0.20874,3.9,155.71,60.16,178.8
13388,3965,14,0.20741,190.64,152.36,220.43,184.1
13389,3965,14,0.18813,321.61,169.69,329.06,180.03
13390,3965,16,0.18296,115.83,163.4,151.79,188.78
13391,3965,14,0.17347,208.45,139.36,217.3,158.55
13392,3965,16,0.16536,152.19,172.9,218.22,197.76
13393,3965,16,0.11917,148.27,171.43,170.35,191.81
13394,3965,14,0.1066,418.29,176.6,426.8,187.51
13395,3965,16,0.10568,81.28,162.33,137.84,187.93
13396,3965,16,0.10167,48.28,159.12,93.51,181.06
13397,3965,14,0.10145,183.11,134.17,196.59,169.33
13398,3965,16,0.09306,163.36,212.84,232.39,256.0
13399,3965,14,0.09175,96.75,137.71,111.59,164.33
13400,3965,16,0.08971,116.39,162.78,136.61,187.62
13401,3965,14,0.08619,299.06,168.06,307.17,178.2
13402,3965,16,0.07646,147.56,172.11,182.74,196.64
13403,3965,16,0.0651,183.64,181.16,220.23,201.64
13404,3965,16,0.05603,196.78,181.74,220.04,200.85
13405,3965,14,0.0556,438.29,178.63,447.16,188.81
13406,3965,16,0.05433,106.82,162.68,134.39,186.3
13407,3965,16,0.05023,51.12,158.06,116.38,182.38
13408,3965,16,0.04722,159.56,212.98,208.3,254.74
13409,3965,16,0.03873,179.1,213.0,220.23,255.65
13410,3965,14,0.03779,186.64,146.55,197.99,159.49
13411,3965,16,0.03468,118.01,169.99,185.92,193.63
13412,3965,16,0.03327,0.0,175.87,35.82,209.32
13413,3965,16,0.02833,162.76,212.99,197.42,238.92
13414,3965,16,0.0275,6.4,154.68,113.72,181.85
13415,3965,14,0.02594,83.7,133.82,112.07,163.31
13416,3965,16,0.0257,169.16,177.95,221.48,199.44
13417,3965,16,0.0257,0.03,145.3,9.07,203.11
13418,3965,14,0.01947,188.16,149.8,198.17,168.97
13419,3965,16,0.01945,190.5,213.5,231.28,256.0
13420,3965,16,0.01931,123.68,168.98,164.58,190.97
13421,3965,16,0.01691,0.03,151.95,7.63,188.06
13422,3965,16,0.01462,63.12,159.8,102.48,181.29
13423,3965,14,0.01459,207.34,139.1,219.44,162.89
13424,3965,14,0.01448,196.68,144.02,220.28,174.36
13425,3965,14,0.01259,150.69,140.7,164.22,161.11
13426,3965,16,0.01219,81.56,159.93,111.24,182.84
13427,3965,14,0.01141,0.63,102.77,50.91,167.31
13428,3965,16,0.01045,119.31,215.4,214.39,256.0
13429,3965,16,0.00985,81.31,159.91,100.08,181.52
13430,3965,16,0.00977,155.81,214.22,193.81,250.98
13431,3965,14,0.00971,6.87,140.81,21.32,174.46
13432,3965,16,0.00949,96.04,163.18,128.66,186.51
13433,3965,14,0.00884,203.05,139.32,217.14,156.64
13434,3965,16,0.00867,205.24,182.48,220.67,201.56
13435,3965,16,0.00865,115.47,190.7,157.46,216.21
13436,3965,16,0.00854,224.9,190.63,268.66,210.88
13437,3965,16,0.00843,157.54,214.25,189.13,236.35
13438,3965,16,0.00776,140.9,213.72,198.56,256.0
13439,3965,14,0.00773,81.52,151.32,96.04,163.07
13440,3965,14,0.00728,156.14,149.09,173.53,171.47
13441,3965,16,0.00688,47.59,224.76,124.33,256.0
13442,3965,16,0.00663,80.14,161.82,154.96,194.22
13443,3965,14,0.00614,70.4,121.88,89.44,156.45
13444,3965,16,0.00591,28.35,155.71,64.52,179.26
13445,3965,16,0.00569,245.69,193.0,280.89,213.03
13446,3965,14,0.00528,153.37,150.07,169.23,169.87
13447,3965,16,0.00495,105.4,185.86,150.92,215.07
13448,3965,16,0.0049,121.31,189.01,170.64,217.4
13449,3965,16,0.00486,166.68,173.85,209.39,194.83
13450,3965,14,0.00482,193.91,135.39,213.3,164.31
13451,3965,16,0.00465,200.55,225.45,246.12,256.0
13452,3965,14,0.00393,256.33,144.73,273.87,169.97
13453,3965,16,0.00373,0.77,147.9,46.36,184.81
13454,3965,14,0.00372,0.03,136.07,8.72,195.03
13455,3965,16,0.00371,235.95,237.24,286.58,256.0
13456,3965,16,0.00369,122.55,163.26,133.27,171.59
13457,3965,16,0.00356,45.6,156.63,63.45,179.35
13458,3965,14,0.00356,205.28,145.8,218.67,164.13
13459,3965,14,0.00354,0.0,140.52,22.06,177.21
13460,3965,14,0.00349,150.21,134.41,172.74,165.6
13461,3965,16,0.00345,71.69,164.07,156.09,214.18
13462,3965,16,0.00345,252.06,193.99,268.55,211.66
13463,3965,14,0.00342,92.31,138.53,123.26,163.26
13464,3965,14,0.00331,185.83,132.82,196.22,144.28
13465,3965,16,0.0033,133.65,186.85,184.87,217.18
13466,3965,14,0.00323,427.4,177.74,447.9,190.36
13467,3965,16,0.00318,0.0,153.13,20.3,188.56
13468,3965,16,0.00307,231.06,228.03,285.29,256.0
13469,3965,16,0.00302,205.1,192.05,218.68,203.79
13470,3965,16,0.00299,202.93,213.84,237.08,249.77
13471,3965,16,0.00282,66.15,185.02,157.69,214.61
13472,3965,16,0.00281,104.9,166.07,155.93,215.14
13473,3965,14,0.00276,237.7,140.62,261.7,166.98
13474,3965,14,0.00276,306.8,168.51,329.64,179.99
13475,3965,14,0.00268,189.69,162.1,220.06,196.27
13476,3965,16,0.00267,251.43,240.8,290.62,256.0
13477,3965,16,0.00263,150.53,172.75,218.96,217.94
13478,3965,16,0.00255,0.0,153.55,35.02,211.87
13479,3965,16,0.00249,215.25,225.09,262.25,256.0
13480,3965,16,0.00248,117.77,177.53,184.66,212.98
13481,3965,16,0.00248,41.73,219.95,183.26,256.0
13482,3965,14,0.00245,186.48,136.6,204.03,155.13
13483,3965,14,0.00243,2.7,124.43,45.93,177.6
13484,3965,14,0.00235,362.06,169.32,373.97,184.37
13485,3965,14,0.00229,191.14,165.06,213.55,184.38
13486,3965,14,0.00228,147.15,130.21,154.78,145.49
13487,3965,14,0.00219,191.6,165.43,198.37,182.93
13488,3965,14,0.00216,6.66,115.72,48.16,160.09
13489,3965,14,0.00204,187.18,145.21,203.19,157.91
13490,3965,14,0.00202,188.79,140.14,217.8,177.78
13491,3965,16,0.00202,246.1,231.24,292.88,256.0
13492,3965,16,0.00185,147.62,208.21,188.0,238.75
13493,3965,14,0.00185,208.85,139.37,222.62,159.16
13494,3965,16,0.00185,232.08,201.41,268.29,236.01
13495,3965,16,0.00184,47.01,158.33,120.66,209.49
13496,3965,14,0.00183,1.29,133.42,34.73,177.52
13497,3965,16,0.00168,221.98,209.62,269.03,244.14
13498,3965,14,0.00167,151.64,150.3,166.8,163.95
13499,3965,14,0.0015,79.83,143.61,111.5,163.44
13500,3965,14,0.00149,191.22,162.42,198.21,177.87
13501,3965,14,0.00147,186.59,147.52,205.73,165.43
13502,3965,16,0.00144,61.32,168.75,131.7,212.59
13503,3965,14,0.00143,150.28,132.75,161.07,149.34
13504,3965,16,0.00142,159.69,201.9,200.05,224.11
13505,3965,16,0.00141,0.0,176.38,92.46,213.87
13506,3965,14,0.00128,109.09,152.75,122.58,160.2
13507,3965,16,0.00127,129.44,171.5,192.13,205.77
13508,3965,16,0.00127,257.88,231.75,304.48,256.0
13509,3965,16,0.00125,64.05,159.65,125.44,200.09
13510,3965,14,0.00123,190.03,169.56,205.3,184.48
13511,3965,16,0.00123,149.67,196.48,192.45,220.04
13512,3965,14,0.00122,166.66,135.04,185.35,168.97
13513,3965,14,0.00119,0.0,116.93,5.13,174.44
13514,3965,16,0.00118,165.87,173.78,196.36,183.74
13515,3965,16,0.00115,237.88,140.85,260.66,165.28
13516,3965,14,0.00111,60.99,122.96,82.62,154.06
13517,3965,14,0.00111,120.22,134.96,136.63,150.47
13518,3965,14,0.00109,288.89,167.06,309.47,178.06
13519,3965,16,0.00108,0.0,138.01,28.12,187.83
13520,3965,14,0.00105,135.95,132.31,162.27,160.34
13521,3965,16,0.00104,160.7,173.86,191.18,186.36
13522,3965,16,0.00103,279.59,190.1,296.72,200.16
13523,3965,16,0.00101,46.64,226.34,87.63,255.49
13524,3973,17,0.8487,36.42,63.94,52.17,80.31
13525,3973,17,0.53665,116.07,32.6,131.69,47.72
13526,3973,2,0.01213,116.19,32.72,131.62,47.43
13527,3975,3,0.82868,94.44,58.27,164.39,134.01
13528,3975,0,0.82116,270.7,70.36,315.97,114.89
13529,3975,13,0.6569,211.83,23.02,252.39,63.48
13530,3975,12,0.57166,211.88,23.2,252.31,64.05
13531,3975,1,0.14519,270.66,69.84,315.56,115.9
13532,3975,0,0.01848,492.01,120.44,496.0,132.76
13533,3975,3,0.00437,325.49,87.79,377.42,120.45
13534,3975,0,0.00328,489.36,118.57,496.0,133.56
13535,3975,0,0.00313,491.88,104.3,496.0,138.0
13536,3975,7,0.00281,396.13,62.69,432.41,85.19
13537,3975,12,0.00249,95.46,129.04,133.44,155.45
13538,3975,1,0.00208,210.98,22.82,252.07,64.6
13539,3975,11,0.00197,212.15,22.7,251.66,63.49
13540,3975,7,0.00182,410.49,62.92,431.89,84.76
13541,3975,12,0.00181,324.72,89.17,348.91,118.01
13542,3975,0,0.00114,491.94,118.95,496.0,153.47
13543,3975,3,0.00113,0.13,176.35,50.99,214.96
13544,3975,3,0.00107,126.96,58.93,162.87,131.22
13545,3975,3,0.00103,94.77,95.49,162.67,134.21
13546,3991,5,0.71973,341.29,155.7,386.56,178.21
13547,3991,14,0.57303,94.62,167.99,105.03,193.39
13548,3991,5,0.52841,47.25,170.57,74.53,191.04
13549,3991,14,0.52366,118.15,164.79,128.88,192.34
13550,3991,14,0.02143,0.0,165.11,16.64,204.71
13551,3991,8,0.02141,0.0,169.02,16.35,204.78
13552,3991,5,0.01608,51.15,166.17,92.21,191.38
13553,3991,5,0.01112,46.74,171.73,64.63,190.3
13554,3991,16,0.01031,0.0,167.51,14.18,197.62
13555,3991,5,0.00742,69.36,172.27,92.74,191.09
13556,3991,8,0.00727,78.65,175.97,93.16,192.25
13557,3991,14,0.00534,0.04,169.06,5.92,204.59
13558,3991,5,0.00463,75.86,176.09,93.07,190.81
13559,3991,5,0.00228,63.53,166.73,87.93,188.24
13560,3991,5,0.00222,57.06,165.65,85.36,182.54
13561,3991,14,0.00202,0.0,162.49,13.28,195.58
13562,3991,14,0.00144,13.93,169.5,36.51,194.59
13563,3991,14,0.00138,105.4,168.84,122.46,192.15
13564,3991,14,0.00127,0.06,172.39,3.45,204.89
13565,3991,14,0.00105,85.31,171.61,103.1,192.14
13566,3991,14,0.00104,24.59,166.43,37.66,193.44
13567,3995,8,0.54919,438.91,0.94,473.49,17.89
13568,3995,17,0.37342,395.11,190.69,428.33,222.01
13569,3995,17,0.00248,253.89,153.23,283.48,181.72
13570,3995,16,0.00182,248.34,0.0,268.91,13.24
13571,3995,17,0.00169,337.5,169.11,356.12,191.89
13572,3995,17,0.00121,247.81,0.0,269.08,12.84
13573,4000,2,0.84162,283.58,76.5,306.48,98.49
13574,4000,2,0.81548,387.24,73.22,409.05,94.5
13575,4000,2,0.78014,306.28,15.44,323.96,37.58
13576,4000,2,0.72203,402.84,16.11,421.4,35.88
13577,4006,7,0.85987,328.65,32.88,354.9,53.52
13578,4006,17,0.00227,370.2,110.9,386.75,123.72
13579,4006,2,0.00212,205.13,19.71,275.08,66.51
13580,4006,2,0.00184,207.11,15.2,291.89,92.7
13581,4007,10,0.91153,262.84,114.45,284.13,135.53
13582,4007,17,0.87338,213.97,86.2,231.13,102.96
13583,4007,17,0.87095,187.24,50.21,204.16,67.7
13584,4007,10,0.85917,166.51,11.95,184.49,33.54
13585,4007,9,0.85122,151.9,114.13,174.76,134.01
13586,4007,11,0.78712,96.9,146.17,120.02,168.09
13587,4007,9,0.75611,112.99,62.49,134.21,83.23
13588,4007,11,0.00117,96.57,150.98,113.56,168.05
13589,4007,14,0.00105,357.31,127.62,388.28,192.02
13590,4014,2,0.86801,115.21,98.54,141.49,133.81
13591,4014,2,0.86181,227.54,164.58,255.05,204.84
13592,4014,2,0.85417,229.0,61.99,251.91,94.35
13593,4014,2,0.85157,319.03,90.12,341.6,125.15
13594,4014,5,0.00306,19.9,210.94,74.9,242.54
13595,4021,10,0.89283,45.0,144.49,65.78,162.32
13596,4021,17,0.86131,90.61,108.33,106.17,123.81
13597,4021,10,0.86051,97.28,72.73,113.39,88.82
13598,4021,17,0.85171,73.13,123.7,89.66,139.81
13599,4021,9,0.84704,117.45,152.44,137.59,173.78
13600,4021,9,0.84095,140.03,122.1,160.88,138.73
13601,4021,11,0.82351,192.14,134.05,214.25,149.7
13602,4021,16,0.00238,314.08,224.22,373.89,251.43
13603,4021,5,0.00152,44.86,144.28,65.45,162.23
13604,4021,5,0.00141,0.0,152.21,38.55,185.05
13605,4021,9,0.0011,139.33,122.65,153.29,135.74
13606,4023,10,0.84057,178.33,105.87,197.77,128.47
13607,4023,17,0.77977,286.76,77.0,306.64,97.27
13608,4023,17,0.71093,292.1,18.33,307.98,32.79
13609,4023,9,0.29999,206.36,54.55,224.32,69.57
13610,4023,9,0.20714,286.81,77.05,307.08,97.42
13611,4028,14,0.44096,91.76,86.15,104.14,106.9
13612,4028,16,0.17047,188.1,106.73,204.38,128.58
13613,4028,14,0.01636,365.05,110.43,391.09,130.0
13614,4028,16,0.01219,182.28,106.08,224.05,130.14
13615,4028,14,0.01002,118.57,110.24,160.57,134.05
13616,4028,14,0.00931,335.59,100.99,355.06,124.95
13617,4028,14,0.00841,89.32,85.51,105.18,116.02
13618,4028,5,0.00649,185.78,106.07,224.09,130.47
13619,4028,14,0.00529,368.45,111.69,385.35,128.62
13620,4028,14,0.00495,343.8,106.72,354.94,125.36
13621,4028,14,0.00453,339.61,104.88,353.83,125.72
13622,4028,5,0.00422,63.39,108.33,164.15,159.85
13623,4028,8,0.00395,71.55,108.26,163.92,147.07
13624,4028,16,0.00336,367.78,110.78,388.4,130.13
13625,4028,8,0.0031,21.91,106.84,166.64,162.83
13626,4028,14,0.00307,326.44,97.97,354.21,126.11
13627,4028,14,0.00291,291.57,101.19,313.73,123.73
13628,4028,5,0.00274,303.79,88.01,357.17,124.71
13629,4028,16,0.00268,119.8,110.48,157.81,134.3
13630,4028,14,0.0021,363.9,107.65,403.11,131.12
13631,4028,14,0.00184,347.61,101.48,360.01,125.69
13632,4028,8,0.00177,112.64,108.12,161.88,136.93
13633,4028,14,0.00168,265.93,103.66,282.55,124.8
13634,4028,16,0.00129,173.69,105.73,212.25,128.56
13635,4028,14,0.00122,179.46,106.16,204.2,128.04
13636,4028,14,0.00111,294.63,93.42,315.26,122.33
13637,4028,8,0.00106,0.0,53.13,166.55,166.98
13638,4030,2,0.86483,123.35,184.14,139.49,206.55
13639,4030,2,0.84217,38.81,160.68,55.31,182.61
13640,4030,2,0.82461,171.4,166.22,186.28,187.38
13641,4030,2,0.79875,119.38,142.47,133.85,161.79
13642,4030,2,0.00588,264.56,0.0,298.65,13.87
13643,4032,14,0.71163,199.11,141.71,212.59,178.19
13644,4032,14,0.70887,282.24,144.41,307.08,190.29
13645,4032,14,0.15609,0.0,0.0,5.92,23.81
13646,4032,14,0.10563,185.65,149.25,200.73,174.61
13647,4032,14,0.09129,59.63,144.28,79.1,187.12
13648,4032,14,0.03801,212.92,147.0,224.97,176.49
13649,4032,14,0.03666,10.86,127.86,22.88,162.61
13650,4032,14,0.03373,168.02,142.16,182.23,181.65
13651,4032,14,0.01925,159.92,136.21,170.5,163.18
13652,4032,14,0.01635,451.5,165.99,462.42,188.02
13653,4032,14,0.0142,169.12,154.5,181.73,180.81
13654,4032,14,0.01119,292.12,161.63,300.12,190.19
13655,4032,14,0.01062,282.97,157.12,294.38,189.15
13656,4032,14,0.01043,283.33,145.44,297.09,188.01
13657,4032,14,0.00966,402.01,161.74,417.37,179.38
13658,4032,14,0.009,0.78,0.0,26.5,27.44
13659,4032,14,0.00707,158.8,136.72,168.58,175.08
13660,4032,14,0.00689,160.71,137.28,179.32,175.84
13661,4032,14,0.00682,172.7,137.41,183.16,181.34
13662,4032,14,0.00657,287.59,153.56,303.15,189.93
13663,4032,14,0.00599,119.15,146.18,129.65,164.32
13664,4032,14,0.00599,0.0,0.66,5.95,38.65
13665,4032,14,0.00587,442.4,161.87,462.1,191.59
13666,4032,14,0.00558,65.86,142.25,109.97,173.37
13667,4032,14,0.00534,171.48,151.88,183.77,185.57
13668,4032,14,0.00468,489.62,111.41,495.99,205.27
13669,4032,14,0.00449,0.0,0.0,6.88,26.03
13670,4032,14,0.00407,401.36,164.25,412.83,179.3
13671,4032,14,0.00403,321.17,152.24,395.86,224.48
13672,4032,14,0.0037,0.68,0.29,45.5,37.0
13673,4032,14,0.00368,477.78,161.83,495.97,204.17
13674,4032,14,0.00339,482.36,127.26,495.98,205.42
13675,4032,14,0.00333,161.45,136.31,172.05,179.25
13676,4032,14,0.0033,483.02,154.97,496.0,207.99
13677,4032,14,0.00278,161.34,150.27,182.65,181.4
13678,4032,14,0.00277,174.84,137.88,183.07,162.61
13679,4032,14,0.00271,57.8,135.3,111.9,187.42
13680,4032,14,0.00267,162.05,159.83,173.71,176.95
13681,4032,14,0.0024,479.05,99.08,495.35,205.09
13682,4032,14,0.00238,160.78,160.14,177.99,179.59
13683,4032,14,0.0023,58.34,137.27,88.64,188.03
13684,4032,14,0.0018,491.62,136.92,496.0,207.09
13685,4032,14,0.0018,1.54,142.81,11.85,166.49
13686,4032,14,0.00159,488.04,167.36,496.0,211.13
13687,4032,16,0.00143,477.88,174.24,496.0,212.28
13688,4032,5,0.00135,229.48,0.0,496.0,146.37
13689,4032,14,0.00117,158.48,158.23,168.54,174.73
13690,4032,14,0.00116,162.84,152.25,171.92,175.84
13691,4032,14,0.0011,176.37,137.63,184.09,156.75
13692,4032,14,0.00109,168.54,136.2,181.49,167.09
13693,4032,14,0.00109,0.23,131.95,10.47,167.58
13694,4032,14,0.00104,187.78,143.49,211.04,176.32
13695,4032,14,0.00102,108.95,150.24,128.15,200.42
13696,4032,14,0.00102,157.51,141.72,166.28,174.7
13697,4046,10,0.89973,214.8,197.48,234.47,218.34
13698,4046,17,0.89576,205.05,167.82,223.11,184.94
13699,4046,10,0.89309,154.99,110.27,173.39,127.61
13700,4046,9,0.86904,247.03,136.13,268.84,152.18
13701,4046,9,0.83495,276.44,170.74,297.45,192.51
13702,4046,11,0.79128,299.17,123.52,320.34,138.24
13703,4046,9,0.74876,189.32,146.86,206.57,162.78
13704,4046,11,0.0013,298.71,126.32,308.57,137.77
13705,4051,10,0.88692,111.88,35.44,131.25,53.05
13706,4051,10,0.87795,178.46,121.84,198.77,142.73
13707,4051,9,0.86371,240.86,90.78,263.0,113.07
13708,4051,17,0.85217,167.35,91.6,185.61,109.09
13709,4051,9,0.84444,209.43,56.31,231.26,73.77
13710,4051,11,0.81657,262.26,41.53,283.86,56.73
13711,4051,9,0.48079,149.45,70.79,167.3,87.77
13712,4051,17,0.01317,149.68,70.68,167.32,87.39
13713,4051,11,0.00182,261.75,42.93,274.25,56.64
13714,4053,14,0.76047,250.41,96.05,265.81,136.58
13715,4053,14,0.72005,127.29,93.05,149.7,171.18
13716,4053,8,0.71264,52.06,119.86,83.06,145.31
13717,4053,8,0.67971,381.81,94.11,498.81,228.9
13718,4053,14,0.12235,153.89,116.64,170.77,141.17
13719,4053,14,0.06707,495.36,85.62,499.98,115.75
13720,4053,14,0.04917,112.08,94.19,147.65,169.37
13721,4053,14,0.03148,490.09,86.11,500.0,113.51
13722,4053,14,0.02709,156.96,115.36,176.0,141.0
13723,4053,14,0.01159,338.5,68.75,358.29,127.56
13724,4053,14,0.00716,150.09,117.65,163.58,140.55
13725,4053,14,0.00631,37.77,111.42,48.2,128.9
13726,4053,8,0.00588,442.94,84.0,499.84,232.66
13727,4053,14,0.00585,128.17,120.83,148.38,167.29
13728,4053,14,0.00582,425.57,64.42,464.29,147.85
13729,4053,14,0.00487,153.73,101.43,169.74,140.35
13730,4053,14,0.00484,132.37,93.73,148.47,149.32
13731,4053,14,0.00406,433.99,65.83,457.21,97.16
13732,4053,14,0.00359,112.95,95.9,134.14,145.84
13733,4053,14,0.00352,114.24,99.06,129.89,132.11
13734,4053,8,0.00326,464.12,115.12,499.75,223.7
13735,4053,14,0.0031,160.99,114.39,182.09,141.06
13736,4053,14,0.00299,127.47,91.19,148.52,135.34
13737,4053,14,0.00266,264.38,101.93,280.54,135.52
13738,4053,14,0.00262,480.44,85.87,499.99,129.81
13739,4053,8,0.00255,489.3,159.95,499.97,225.49
13740,4053,8,0.00254,480.78,168.26,499.93,226.81
13741,4053,14,0.00253,483.38,88.81,499.53,113.3
13742,4053,14,0.00242,484.82,90.14,496.38,109.8
13743,4053,14,0.00193,149.0,123.48,158.43,140.82
13744,4053,14,0.00175,152.74,114.52,187.76,140.13
13745,4053,14,0.00155,322.91,65.79,357.17,136.23
13746,4053,8,0.00154,364.5,101.2,399.03,141.25
13747,4053,14,0.00132,145.82,115.66,160.18,141.5
13748,4053,8,0.0013,493.12,152.58,500.0,229.65
13749,4053,8,0.0013,469.82,156.72,499.8,225.87
13750,4053,14,0.0013,247.82,96.28,275.16,167.63
13751,4053,14,0.00127,151.32,113.63,174.19,135.99
13752,4053,14,0.00126,50.36,119.8,68.74,144.9
13753,4053,5,0.00125,354.57,63.0,491.91,114.64
13754,4053,14,0.00114,50.6,119.81,66.2,135.89
13755,4053,8,0.00109,483.11,83.93,499.93,113.52
13756,4053,14,0.00109,41.12,111.34,51.14,130.0
13757,4053,14,0.00108,273.75,81.12,303.72,136.4
13758,4053,14,0.00107,166.38,129.14,176.95,140.81
13759,4053,14,0.00104,163.07,113.99,177.83,129.88
13760,4055,0,0.9177,105.07,121.39,148.71,166.35
13761,4055,1,0.64282,167.94,65.54,211.19,107.63
13762,4055,0,0.55241,169.18,65.6,209.75,108.22
13763,4055,6,0.00613,486.73,83.35,501.96,199.15
13764,4055,6,0.00549,476.51,106.76,501.95,189.44
13765,4055,6,0.00417,455.57,98.39,501.78,190.08
13766,4055,6,0.00372,479.2,61.75,501.95,201.58
13767,4055,6,0.00297,480.2,147.91,502.0,187.53
13768,4055,6,0.0027,489.3,96.55,501.94,165.9
13769,4055,6,0.00243,375.48,174.69,419.96,238.08
13770,4055,6,0.00223,497.97,107.14,502.0,176.47
13771,4055,6,0.00195,486.4,97.95,502.0,146.37
13772,4055,6,0.00151,0.0,130.76,62.56,204.05
13773,4055,6,0.00137,498.05,66.69,502.0,93.72
13774,4055,6,0.00112,0.1,163.98,67.79,204.17
13775,4056,7,0.84872,68.35,73.15,95.72,100.85
13776,4058,15,0.88427,62.27,158.48,100.94,198.09
13777,4058,15,0.85284,47.48,28.62,84.01,65.36
13778,4058,15,0.84355,178.18,91.17,223.92,143.31
13779,4060,10,0.90258,287.35,58.15,310.12,80.21
13780,4060,17,0.86629,68.26,63.99,86.14,80.46
13781,4060,10,0.84377,169.9,91.94,190.9,117.19
13782,4060,9,0.80368,276.96,137.18,311.26,169.16
13783,4060,17,0.61197,191.68,46.88,212.5,69.92
13784,4060,9,0.01209,191.64,46.52,212.79,70.5
13785,4060,14,0.00762,497.69,136.25,502.0,193.59
13786,4060,14,0.00684,498.18,160.17,502.0,183.31
13787,4060,14,0.00498,488.12,148.22,502.0,184.41
13788,4060,14,0.00282,481.39,141.94,502.0,186.59
13789,4060,14,0.00239,492.69,155.4,502.0,183.03
13790,4060,14,0.00194,495.44,139.43,501.93,184.71
13791,4060,14,0.00129,493.77,163.91,502.0,195.69
13792,4063,7,0.8849,255.63,62.29,289.95,88.68
13793,4063,7,0.80588,77.17,58.56,109.49,86.34
13794,4066,10,0.92999,104.5,169.58,129.02,191.65
13795,4066,10,0.92291,240.09,123.65,262.78,143.75
13796,4066,17,0.87534,157.25,158.61,177.07,178.21
13797,4066,17,0.86663,193.73,142.18,212.73,161.26
13798,4066,9,0.85014,131.64,86.8,152.97,108.6
13799,4066,11,0.80075,94.67,42.63,115.14,62.56
13800,4066,10,0.60032,193.68,67.08,216.25,87.11
13801,4066,17,0.13438,193.58,67.26,216.5,87.15
13802,4066,9,0.01567,193.55,67.41,216.34,86.89
13803,4066,6,0.00423,0.08,124.93,18.9,222.19
13804,4066,6,0.00223,474.37,131.35,505.88,197.86
13805,4066,6,0.00223,489.14,115.8,505.91,197.94
13806,4066,6,0.00221,494.32,133.18,506.0,191.54
13807,4066,6,0.00179,461.65,137.38,502.61,162.87
13808,4066,6,0.00123,474.27,109.84,505.83,182.03
13809,4069,15,0.63896,388.25,73.31,439.53,125.19
13810,4069,15,0.2441,387.55,74.62,439.78,102.7
13811,4069,2,0.00177,293.36,65.61,396.47,159.78
13812,4070,2,0.84059,297.81,154.35,311.96,173.66
13813,4070,2,0.82448,348.9,179.48,364.5,200.08
13814,4070,2,0.79931,418.01,156.89,432.68,175.85
13815,4070,2,0.76992,340.09,139.34,352.88,156.81
13816,4070,8,0.00403,46.18,0.73,85.4,17.59
13817,4073,2,0.84029,351.32,158.61,375.4,183.02
13818,4073,2,0.81281,233.78,131.64,257.19,150.87
13819,4073,2,0.76883,365.07,113.17,382.05,135.96
13820,4073,2,0.61965,271.69,93.1,289.19,113.47
13821,4077,2,0.7241,129.5,192.41,163.58,223.2
13822,4077,2,0.01371,304.93,167.86,331.74,193.1
13823,4081,12,0.89395,367.33,150.06,407.18,186.39
13824,4081,12,0.89346,172.28,142.64,208.99,174.26
13825,4081,12,0.85905,307.56,138.18,353.36,182.34
13826,4081,12,0.85796,223.41,176.8,261.69,211.43
13827,4081,12,0.8446,322.55,111.84,356.71,143.38
13828,4081,12,0.27911,345.22,136.24,377.39,159.31
13829,4081,12,0.23586,291.17,82.89,329.7,122.54
13830,4081,12,0.01894,369.83,144.87,397.33,157.32
13831,4081,12,0.01594,256.6,166.47,298.7,197.91
13832,4081,14,0.01454,271.33,0.0,411.07,196.82
13833,4081,12,0.01416,373.09,134.79,398.92,154.92
13834,4081,11,0.01173,223.26,176.95,261.68,209.49
13835,4081,16,0.00886,308.53,138.61,353.44,181.41
13836,4081,14,0.00793,247.75,0.0,460.47,222.02
13837,4081,12,0.00512,362.97,129.44,379.77,152.76
13838,4081,14,0.00504,268.24,0.64,398.92,130.39
13839,4081,12,0.00407,353.41,113.85,379.28,137.86
13840,4081,16,0.00314,366.92,148.44,423.28,183.51
13841,4081,12,0.00298,174.41,132.0,209.37,151.32
13842,4081,16,0.00288,175.77,140.99,216.44,173.41
13843,4081,12,0.00208,401.0,169.07,441.24,201.01
13844,4081,12,0.00195,176.68,124.96,211.33,149.2
13845,4081,14,0.00164,238.94,4.63,348.3,130.81
13846,4081,12,0.00157,332.36,169.44,373.95,196.16
13847,4081,0,0.00153,482.5,0.09,487.0,24.85
13848,4081,12,0.00153,293.4,92.27,324.15,120.17
13849,4081,12,0.00142,347.3,138.34,371.9,173.15
13850,4081,11,0.00132,173.52,208.15,212.97,238.25
13851,4081,16,0.00132,255.1,168.51,287.53,202.7
13852,4081,16,0.00129,452.67,112.48,486.77,147.45
13853,4081,11,0.00128,452.83,112.93,486.71,143.76
13854,4081,12,0.00114,372.84,143.36,403.31,158.86
13855,4081,12,0.00101,171.55,141.19,200.43,150.52
13856,4092,2,0.88009,52.88,118.01,75.43,141.95
13857,4092,2,0.86977,215.84,170.32,242.93,192.92
13858,4092,2,0.86635,167.41,120.23,186.43,144.16
13859,4092,2,0.77763,79.85,174.49,101.25,196.17
13860,4092,5,0.00235,86.88,55.37,126.27,89.47
13861,4093,15,0.81014,271.19,66.15,300.25,93.69
13862,4093,15,0.77168,347.13,38.33,378.67,63.86
13863,4093,15,0.68587,354.61,92.63,395.43,130.13
13864,4093,7,0.02263,352.92,93.28,395.7,129.38
13865,4093,15,0.00351,463.16,17.39,467.0,61.96
13866,4096,2,0.87925,101.16,104.97,135.88,145.1
13867,4096,7,0.85794,92.83,64.36,119.18,88.92
13868,4096,2,0.00259,148.47,11.87,252.31,108.32
13869,4104,15,0.88193,417.53,127.18,444.63,158.29
13870,4104,6,0.80471,299.86,61.84,364.73,104.95
13871,4104,5,0.00226,185.79,250.92,328.69,252.0
13872,4112,7,0.87493,126.41,175.42,160.78,203.29
13873,4112,2,0.72658,31.46,137.9,69.5,168.14
13874,4112,5,0.00486,0.0,92.49,255.21,246.0
13875,4112,6,0.0022,334.95,49.61,370.01,73.6
13876,4112,17,0.001,61.58,153.6,71.71,165.96
13877,4113,5,0.21132,0.38,23.46,44.26,82.29
13878,4113,14,0.12021,495.71,74.24,511.98,125.75
13879,4113,8,0.09668,269.65,135.49,289.73,164.74
13880,4113,14,0.05459,506.97,69.69,512.0,131.02
13881,4113,14,0.05249,4.9,17.1,46.27,82.06
13882,4113,5,0.01939,0.5,48.66,44.96,83.91
13883,4113,14,0.01908,502.14,71.7,511.94,125.0
13884,4113,5,0.01672,404.81,85.48,454.95,120.76
13885,4113,14,0.01592,271.72,136.22,286.64,153.68
13886,4113,14,0.01055,271.18,136.45,287.31,163.92
13887,4113,14,0.00983,459.35,79.73,469.38,95.04
13888,4113,14,0.00851,508.31,100.16,512.0,129.0
13889,4113,5,0.00796,244.13,211.26,365.02,255.42
13890,4113,8,0.00793,496.4,100.19,511.92,126.52
13891,4113,14,0.00777,486.42,95.06,500.15,108.86
13892,4113,8,0.00754,508.32,101.81,512.0,128.35
13893,4113,8,0.00733,272.82,151.85,285.43,164.46
13894,4113,14,0.00694,484.84,77.05,511.89,127.35
13895,4113,5,0.00684,0.02,45.52,11.36,80.54
13896,4113,5,0.00567,0.0,45.47,24.14,87.15
13897,4113,14,0.00554,497.53,97.67,511.98,127.01
13898,4113,5,0.0054,74.38,93.24,103.81,112.26
13899,4113,5,0.00523,27.52,43.76,153.77,97.55
13900,4113,5,0.00517,75.47,95.53,98.59,105.74
13901,4113,8,0.00511,271.37,142.08,287.19,164.01
13902,4113,5,0.00505,404.76,87.04,452.35,107.83
13903,4113,14,0.00473,486.43,94.61,508.03,121.12
13904,4113,14,0.00432,476.63,87.82,488.6,104.18
13905,4113,14,0.00423,454.43,77.17,468.72,93.75
13906,4113,5,0.00422,59.39,100.45,75.7,109.8
13907,4113,5,0.00377,191.75,62.69,225.09,91.68
13908,4113,16,0.00376,378.47,97.52,400.83,115.98
13909,4113,14,0.00356,485.68,92.97,496.71,107.59
13910,4113,8,0.00321,273.34,135.99,289.18,155.47
13911,4113,5,0.00315,0.05,49.21,7.52,81.85
13912,4113,5,0.00258,247.68,76.11,257.12,84.39
13913,4113,5,0.00247,0.0,53.79,31.47,83.78
13914,4113,5,0.00247,58.34,96.11,101.29,115.39
13915,4113,8,0.00236,256.69,135.1,289.9,164.9
13916,4113,5,0.00236,404.27,75.22,487.24,120.35
13917,4113,8,0.00234,497.93,108.38,511.94,128.86
13918,4113,14,0.00219,487.0,81.86,501.23,114.88
13919,4113,5,0.00206,151.12,86.55,177.27,103.79
13920,4113,5,0.002,377.76,98.64,440.6,130.09
13921,4113,5,0.00196,56.02,99.48,77.11,112.78
13922,4113,5,0.00195,166.23,82.11,198.96,101.67
13923,4113,14,0.0019,12.09,19.6,41.55,69.77
13924,4113,14,0.00184,458.18,79.76,475.33,97.59
13925,4113,14,0.00179,456.66,71.25,466.42,91.91
13926,4113,5,0.00172,45.57,103.59,61.01,111.11
13927,4113,14,0.00162,451.66,70.03,467.72,93.95
13928,4113,5,0.00162,398.52,104.05,439.99,129.32
13929,4113,14,0.00158,276.76,135.35,286.85,148.59
13930,4113,14,0.00156,476.96,89.37,495.22,106.94
13931,4113,5,0.0015,56.12,97.16,82.03,109.75
13932,4113,5,0.00146,370.72,86.01,512.0,178.0
13933,4113,5,0.00144,391.29,132.76,476.07,173.92
13934,4113,16,0.00139,508.2,75.09,512.0,89.98
13935,4113,14,0.00136,377.78,96.04,401.67,116.65
13936,4113,5,0.00111,232.29,94.03,269.55,108.71
13937,4113,5,0.00109,97.55,70.03,138.35,93.62
13938,4113,14,0.00108,276.21,135.89,288.68,153.27
13939,4113,5,0.00108,43.23,96.37,72.86,109.4
13940,4116,14,0.76606,249.66,96.15,268.71,137.56
13941,4116,14,0.7331,118.56,96.83,146.5,171.35
13942,4116,8,0.71067,52.04,120.04,82.97,145.52
13943,4116,8,0.69444,378.15,93.36,498.29,227.57
13944,4116,14,0.61344,149.78,114.58,166.69,140.22
13945,4116,14,0.04417,495.6,86.62,500.0,115.72
13946,4116,14,0.03172,435.28,66.68,457.56,95.6
13947,4116,14,0.02781,338.27,68.5,358.28,130.13
13948,4116,14,0.02108,158.78,126.24,169.15,140.95
13949,4116,14,0.01991,486.78,87.17,500.0,118.04
13950,4116,14,0.01854,429.4,67.16,464.01,145.79
13951,4116,14,0.01616,168.74,118.91,176.4,140.74
13952,4116,14,0.01471,164.63,121.67,176.22,141.07
13953,4116,14,0.00835,158.63,113.88,179.18,141.61
13954,4116,14,0.00818,432.12,66.37,461.62,120.96
13955,4116,14,0.00731,167.2,114.51,180.22,141.57
13956,4116,14,0.00655,325.8,66.38,356.93,136.1
13957,4116,8,0.006,462.61,115.74,499.71,225.81
13958,4116,14,0.00585,37.57,111.19,48.28,128.74
13959,4116,14,0.00468,247.54,94.08,276.0,168.58
13960,4116,14,0.00381,251.05,96.22,269.08,121.78
13961,4116,14,0.00349,414.04,90.05,467.52,149.27
13962,4116,14,0.00339,485.12,90.24,496.71,110.34
13963,4116,14,0.00323,488.82,81.35,499.89,112.77
13964,4116,8,0.00304,435.67,84.43,499.6,226.84
13965,4116,14,0.00281,147.37,116.14,158.73,141.31
13966,4116,8,0.00263,378.7,107.64,419.43,189.77
13967,4116,14,0.00246,151.12,113.97,175.94,139.42
13968,4116,8,0.00223,489.24,159.94,499.97,224.9
13969,4116,5,0.0022,356.66,63.71,487.48,119.21
13970,4116,8,0.00215,481.02,172.36,499.93,226.06
13971,4116,14,0.00188,114.32,96.31,129.65,137.46
13972,4116,14,0.00183,427.08,63.58,485.58,131.94
13973,4116,14,0.00167,478.28,86.63,499.99,128.32
13974,4116,14,0.00162,157.11,112.74,189.3,138.6
13975,4116,5,0.00152,299.06,117.68,334.49,133.13
13976,4116,14,0.00146,263.61,109.67,279.89,136.58
13977,4116,14,0.0014,492.91,152.88,500.0,229.28
13978,4116,14,0.0014,277.8,80.33,303.12,137.17
13979,4116,14,0.00136,169.28,121.52,186.7,145.8
13980,4116,11,0.0013,435.56,67.63,455.79,87.71
13981,4116,14,0.00118,263.62,106.87,277.87,129.49
13982,4116,8,0.00116,476.56,138.09,499.91,226.77
13983,4116,8,0.00108,472.57,180.92,499.92,226.99
13984,4116,14,0.00105,41.18,111.31,51.46,129.72
13985,4116,8,0.00105,378.64,107.01,393.57,138.67
13986,4116,8,0.00103,272.86,108.5,302.92,136.91
13987,4116,14,0.00101,50.03,119.97,66.12,135.13
13988,4121,2,0.8489,179.24,182.38,203.35,206.79
13989,4121,2,0.83424,193.97,136.92,210.94,160.11
13990,4121,2,0.80558,59.65,156.89,83.96,176.81
13991,4121,2,0.57711,100.86,116.81,117.9,135.67
13992,4121,15,0.00167,59.82,156.97,84.01,177.09
13993,4122,3,0.86741,278.4,119.74,406.85,227.84
13994,4122,3,0.85382,193.14,65.56,262.09,156.47
13995,4122,3,0.80732,325.89,23.94,438.17,70.08
13996,4122,3,0.14231,324.58,24.91,438.13,115.2
13997,4122,3,0.07612,281.4,159.0,410.44,225.88
13998,4122,3,0.01739,275.6,177.22,389.86,225.86
13999,4122,3,0.00822,194.32,107.99,259.6,155.65
14000,4122,6,0.00256,473.83,104.31,491.93,181.62
14001,4122,3,0.00184,316.57,22.09,439.75,192.91
14002,4141,10,0.84857,310.42,129.02,329.46,151.46
14003,4141,17,0.7319,428.72,45.28,445.13,59.84
14004,4141,9,0.70487,422.0,105.43,441.87,126.13
14005,4141,11,0.60427,55.33,158.98,77.53,166.86
14006,4141,17,0.22674,194.89,52.85,202.88,61.94
14007,4141,11,0.20151,105.09,104.82,118.12,117.73
14008,4141,11,0.0422,341.35,79.08,358.82,92.26
14009,4141,11,0.01025,104.82,104.06,123.54,120.32
14010,4141,9,0.01008,341.35,79.19,358.83,92.39
14011,4141,9,0.00988,78.33,90.4,99.36,112.38
14012,4141,11,0.0032,139.35,137.52,148.26,151.58
14013,4141,6,0.0028,485.68,185.78,497.0,220.08
14014,4141,11,0.00172,134.48,137.04,148.08,152.46
14015,4142,17,0.71115,186.85,83.09,201.9,97.82
14016,4142,17,0.55086,260.8,49.2,274.42,63.82
14017,4142,2,0.37093,223.98,68.15,240.48,83.64
14018,4142,2,0.34491,186.96,83.18,201.95,97.97
14019,4142,2,0.31032,260.93,49.34,274.18,63.65
14020,4142,2,0.00829,235.48,64.95,257.43,84.86
14021,4146,7,0.8454,338.74,168.6,365.92,191.94
14022,4146,5,0.00823,350.62,66.44,493.89,103.02
14023,4146,5,0.007,377.93,60.03,499.0,93.64
14024,4146,5,0.00523,314.93,92.62,414.43,121.66
14025,4146,5,0.0038,353.11,49.79,493.28,98.17
14026,4146,5,0.00173,0.09,151.22,72.09,187.84
14027,4146,5,0.00127,158.52,115.24,254.21,148.92
14028,4160,7,0.87289,141.25,113.73,169.73,140.32
14029,4160,2,0.85635,72.53,128.49,105.81,167.5
14030,4160,7,0.00135,103.24,19.83,127.94,37.53
14031,4163,7,0.84012,39.42,156.0,79.11,181.3
14032,4163,7,0.81205,206.71,174.69,236.32,204.25
14033,4163,17,0.00133,172.77,140.27,190.66,159.3
14034,4172,12,0.68654,254.98,111.49,297.09,156.72
14035,4172,1,0.50512,242.77,40.17,285.06,80.58
14036,4172,0,0.26521,254.53,111.8,296.78,155.64
14037,4172,13,0.22319,243.13,41.24,284.63,80.61
14038,4172,11,0.18185,253.69,110.41,297.12,155.2
14039,4172,0,0.17197,242.91,41.53,284.8,80.64
14040,4172,10,0.00542,254.47,111.88,298.27,156.12
14041,4175,15,0.86911,308.32,44.63,330.75,68.03
14042,4175,15,0.82004,380.27,150.21,421.43,193.26
14043,4175,6,0.78307,313.62,86.19,398.51,124.85
14044,4175,17,0.6637,440.3,76.49,467.44,102.1
14045,4175,2,0.0816,439.57,76.97,467.42,102.01
14046,4175,6,0.00483,353.18,84.81,400.0,111.52
14047,4175,6,0.00199,314.7,89.72,359.3,130.62
14048,4178,17,0.82088,160.69,120.1,177.42,132.86
14049,4178,9,0.75736,147.9,179.12,168.95,199.46
14050,4178,10,0.7249,31.17,197.05,52.54,220.4
14051,4178,9,0.25055,69.55,147.19,88.06,162.55
14052,4178,11,0.18159,69.39,147.15,87.97,163.1
14053,4178,6,0.00193,478.53,66.13,498.86,138.43
14054,4178,6,0.00138,485.87,74.58,498.89,133.87
14055,4178,6,0.00108,474.86,35.0,498.84,144.68
14056,4183,2,0.7879,184.71,160.47,195.0,176.37
14057,4183,2,0.77708,235.7,163.53,246.54,178.78
14058,4183,2,0.774,248.44,186.07,260.73,202.61
14059,4183,2,0.76995,169.13,178.06,181.76,194.79
14060,4183,2,0.01521,277.69,118.23,313.09,146.49
14061,4183,8,0.00874,356.35,54.06,371.14,73.48
14062,4183,14,0.00332,492.54,89.65,497.94,102.13
14063,4183,8,0.00238,404.88,0.31,435.62,10.51
14064,4183,8,0.00194,45.51,0.2,85.6,30.96
14065,4183,14,0.00118,493.72,74.45,498.0,106.33
14066,4185,17,0.82188,163.59,85.52,183.26,105.04
14067,4185,17,0.53587,291.46,125.18,313.5,146.87
14068,4185,17,0.0019,391.15,57.94,418.04,77.2
14069,4185,2,0.00131,1.36,148.02,43.38,169.68
14070,4186,17,0.84896,127.43,194.53,139.89,207.25
14071,4186,10,0.84732,152.41,165.06,166.0,177.24
14072,4186,17,0.84375,95.71,176.36,107.15,187.95
14073,4186,11,0.83415,137.09,211.96,149.61,224.91
14074,4186,9,0.83088,83.21,197.28,99.8,210.83
14075,4186,10,0.82651,65.08,176.21,79.45,188.73
14076,4186,17,0.53749,122.48,178.17,133.55,189.3
14077,4186,11,0.00109,124.39,211.62,149.86,226.84
14078,4202,14,0.7342,284.97,95.81,314.5,157.18
14079,4202,16,0.6999,69.57,160.76,93.0,199.53
14080,4202,16,0.69324,4.04,162.57,30.18,204.33
14081,4202,16,0.68564,196.51,153.2,218.5,186.88
14082,4202,16,0.66156,122.51,157.88,145.68,193.44
14083,4202,16,0.63463,226.79,152.43,247.11,181.67
14084,4202,16,0.62911,276.07,153.11,295.4,178.73
14085,4202,16,0.6199,253.4,152.18,271.58,178.18
14086,4202,16,0.60308,159.38,156.23,182.61,189.38
14087,4202,16,0.53567,298.97,153.05,317.14,178.51
14088,4202,16,0.45144,317.5,152.43,337.29,176.51
14089,4202,16,0.42393,337.98,151.01,355.93,173.33
14090,4202,16,0.35955,410.19,148.79,424.98,166.64
14091,4202,16,0.35525,355.99,150.66,371.56,171.6
14092,4202,16,0.31308,384.34,149.01,400.02,169.75
14093,4202,16,0.28888,369.99,149.72,385.23,170.68
14094,4202,16,0.23912,397.17,148.69,410.69,168.96
14095,4202,16,0.22598,422.97,147.46,435.99,165.84
14096,4202,16,0.2115,434.36,146.88,446.18,165.13
14097,4202,16,0.19521,454.33,145.73,465.9,162.87
14098,4202,16,0.16808,383.94,148.68,410.68,169.76
14099,4202,16,0.15346,444.42,145.56,456.09,163.78
14100,4202,8,0.14268,0.11,93.07,37.97,132.2
14101,4202,16,0.13582,352.95,149.58,385.3,171.48
14102,4202,16,0.11981,463.89,145.54,473.82,161.77
14103,4202,16,0.10663,410.38,148.35,434.71,166.54
14104,4202,16,0.0918,337.87,149.47,381.2,172.29
14105,4202,16,0.09051,467.8,145.68,483.65,161.76
14106,4202,16,0.08906,253.1,151.39,292.46,178.44
14107,4202,16,0.0822,319.29,150.75,355.79,173.41
14108,4202,16,0.07719,472.26,145.69,486.84,161.84
14109,4202,16,0.06993,0.01,167.31,8.66,203.83
14110,4202,16,0.06468,229.34,152.11,266.17,180.28
14111,4202,16,0.06425,445.45,145.95,466.41,163.48
14112,4202,14,0.06074,0.19,93.69,37.38,133.7
14113,4202,16,0.05622,299.37,152.13,336.7,177.8
14114,4202,16,0.05321,369.88,149.13,402.69,170.01
14115,4202,16,0.05297,386.49,148.7,422.55,168.28
14116,4202,14,0.0454,0.01,32.03,8.4,96.64
14117,4202,16,0.04103,431.02,146.23,458.98,164.84
14118,4202,16,0.03677,416.59,147.87,440.01,165.66
14119,4202,16,0.03417,0.02,131.03,13.34,163.83
14120,4202,16,0.02921,482.47,145.8,487.94,161.52
14121,4202,16,0.02642,0.0,131.38,20.28,157.15
14122,4202,16,0.02598,204.85,152.81,249.39,181.81
14123,4202,16,0.02318,453.97,144.51,483.6,162.46
14124,4202,16,0.01477,269.54,155.34,292.09,176.81
14125,4202,16,0.01383,484.07,144.99,487.99,164.83
14126,4202,16,0.01104,121.68,159.99,134.05,189.5
14127,4202,16,0.01053,217.18,154.47,234.64,178.79
14128,4202,16,0.00858,259.45,153.04,282.77,176.44
14129,4202,14,0.00807,64.49,89.61,85.46,130.23
14130,4202,16,0.00777,0.0,131.66,34.73,153.41
14131,4202,16,0.00623,170.09,160.24,185.49,189.11
14132,4202,16,0.00621,122.42,157.15,162.29,191.09
14133,4202,16,0.00616,7.74,162.4,57.99,202.02
14134,4202,16,0.00612,182.31,154.46,220.23,185.44
14135,4202,16,0.00546,142.92,156.13,183.36,188.29
14136,4202,16,0.00544,245.2,154.89,270.41,178.26
14137,4202,16,0.00544,159.13,155.33,198.43,187.84
14138,4202,16,0.00501,466.52,141.03,487.99,161.82
14139,4202,14,0.00448,0.03,33.79,16.38,127.29
14140,4202,14,0.00435,0.02,84.16,9.48,140.71
14141,4202,14,0.00433,0.03,50.3,6.76,99.92
14142,4202,16,0.00433,264.74,156.37,280.03,176.8
14143,4202,16,0.00304,139.84,162.45,156.47,189.64
14144,4202,5,0.003,184.2,84.84,297.92,124.94
14145,4202,16,0.00298,297.36,152.16,322.35,173.42
14146,4202,14,0.00295,0.0,90.27,5.16,136.34
14147,4202,5,0.00291,189.7,84.28,244.85,123.28
14148,4202,8,0.00282,0.29,39.14,37.99,138.83
14149,4202,16,0.00279,0.0,132.88,4.59,157.8
14150,4202,16,0.00271,211.25,153.86,231.48,178.9
14151,4202,16,0.00252,68.48,167.15,77.0,194.91
14152,4202,14,0.00251,0.02,64.87,5.31,106.51
14153,4202,14,0.00245,0.0,58.18,9.13,130.69
14154,4202,14,0.00239,0.0,23.88,11.79,103.52
14155,4202,14,0.00232,0.18,27.05,38.53,124.89
14156,4202,16,0.0023,295.58,151.67,313.29,174.39
14157,4202,14,0.0022,0.0,63.07,4.92,128.62
14158,4202,16,0.00217,0.0,213.81,9.76,239.96
14159,4202,14,0.00216,0.39,31.31,24.59,106.83
14160,4202,16,0.00209,0.0,203.5,7.97,236.29
14161,4202,14,0.00191,0.0,60.9,8.57,106.49
14162,4202,16,0.00189,27.36,173.71,71.09,194.69
14163,4202,16,0.00187,0.0,165.73,5.15,197.68
14164,4202,14,0.00185,0.3,104.9,29.51,133.3
14165,4202,16,0.00178,252.16,150.02,278.63,175.02
14166,4202,16,0.00169,177.91,161.96,200.23,185.57
14167,4202,16,0.00163,284.41,149.84,317.44,179.01
14168,4202,16,0.00161,198.48,153.22,225.77,180.61
14169,4202,16,0.00159,226.68,152.53,245.52,168.58
14170,4202,16,0.00156,160.05,156.83,175.51,184.04
14171,4202,16,0.00155,238.53,151.47,260.95,176.25
14172,4202,16,0.00139,184.51,158.38,202.91,182.15
14173,4202,16,0.00137,167.35,155.38,188.43,181.97
14174,4202,16,0.00135,68.94,161.18,97.28,187.58
14175,4202,16,0.00135,227.06,150.28,258.44,174.73
14176,4202,16,0.00133,87.74,164.74,99.12,194.32
14177,4202,16,0.00127,0.0,216.76,12.17,245.87
14178,4202,16,0.0012,144.0,160.3,164.17,187.99
14179,4202,16,0.0011,214.63,160.82,230.08,181.3
14180,4202,16,0.00107,470.4,143.01,488.0,189.64
14181,4202,16,0.00106,160.93,155.05,185.1,176.78
14182,4202,16,0.00102,285.51,96.49,315.68,142.88
14183,4202,5,0.00101,193.22,84.78,212.72,101.95
14184,4204,17,0.2253,128.84,158.38,144.29,174.1
14185,4204,2,0.15337,75.4,172.26,94.09,191.17
14186,4204,17,0.14802,75.32,172.46,93.99,190.91
14187,4204,17,0.11243,172.26,147.9,187.43,164.19
14188,4204,2,0.0937,172.34,147.96,187.7,164.35
14189,4204,9,0.08125,128.81,158.12,144.28,174.86
14190,4204,9,0.0394,172.33,147.95,187.47,164.17
14191,4204,2,0.00923,128.76,158.21,144.2,174.7
14192,4204,14,0.00595,479.2,0.31,482.98,18.7
14193,4204,8,0.00531,473.42,0.19,482.98,18.67
14194,4204,9,0.00337,161.96,186.02,183.44,199.19
14195,4204,2,0.00332,162.06,185.79,183.19,199.84
14196,4204,14,0.00258,473.63,0.23,482.97,18.95
14197,4207,2,0.83036,372.2,40.79,392.05,69.56
14198,4212,0,0.88583,116.4,114.08,157.79,153.83
14199,4212,13,0.71303,25.75,78.11,66.85,116.36
14200,4212,1,0.43127,24.88,78.23,67.06,117.6
14201,4212,10,0.00117,116.88,113.35,157.58,154.04
14202,4212,5,0.00111,135.05,208.67,201.91,210.0
14203,4220,2,0.81098,339.56,112.35,357.65,126.41
14204,4220,9,0.47146,425.72,121.51,442.57,134.42
14205,4220,2,0.33709,372.28,97.34,386.77,110.81
14206,4220,2,0.06728,425.78,121.21,442.59,134.62
14207,4220,9,0.04997,404.53,139.12,418.54,153.06
14208,4220,2,0.02954,403.72,139.0,418.45,153.14
14209,4222,3,0.90445,153.16,108.02,184.91,148.07
14210,4222,3,0.87013,302.04,103.51,337.92,141.04
14211,4222,4,0.85065,221.08,105.66,261.61,145.89
14212,4222,6,0.00196,0.0,125.1,15.23,179.63
14213,4222,17,0.00126,302.36,103.41,329.84,142.27
14214,4222,6,0.0011,0.06,121.91,18.86,205.24
14215,4226,15,0.87656,263.24,155.93,304.1,197.05
14216,4226,15,0.87116,192.49,50.25,215.39,74.54
14217,4226,6,0.76779,198.61,91.78,279.41,132.93
14218,4226,17,0.59573,322.11,83.33,347.96,107.77
14219,4226,2,0.05845,321.61,83.58,348.0,107.66
14220,4226,6,0.00549,199.46,97.29,236.28,136.12
14221,4226,6,0.0029,225.63,91.26,282.3,125.36
14222,4226,15,0.0021,262.46,152.48,356.92,248.0
14223,4226,5,0.00152,195.15,247.15,265.05,248.0
14224,4226,6,0.00141,477.54,116.88,508.69,189.31
14225,4226,6,0.00109,239.71,90.78,281.94,118.85
14226,4226,6,0.00109,190.86,77.63,249.45,135.45
14227,4227,2,0.79732,38.49,59.91,51.76,77.53
14228,4227,2,0.78116,54.28,42.26,65.86,58.25
14229,4227,2,0.77544,107.99,46.24,119.35,62.08
14230,4227,2,0.75472,121.04,68.97,133.95,85.99
14231,4227,2,0.00229,149.95,1.04,180.24,31.27
14232,4227,14,0.0022,501.85,2.54,506.0,35.57
14233,4227,14,0.00197,502.04,11.18,506.0,30.22
14234,4227,14,0.00118,492.86,0.51,505.94,27.44
14235,4236,7,0.92365,63.1,25.3,105.61,59.12
14236,4236,7,0.83921,136.44,168.13,180.81,209.91
14237,4239,7,0.87592,275.73,83.25,311.49,109.28
14238,4239,7,0.705,199.25,168.63,226.15,194.21
14239,4239,5,0.01011,39.76,1.26,90.16,12.31
14240,4239,0,0.00472,489.4,247.97,504.96,256.0
14241,4239,5,0.00217,222.8,0.0,269.84,15.37
14242,4239,5,0.00161,0.0,1.48,99.27,33.09
14243,4239,5,0.00156,143.55,2.55,185.83,17.33
14244,4239,0,0.00151,322.2,205.51,347.26,225.54
14245,4239,5,0.00119,0.14,0.92,47.6,32.83
14246,4239,17,0.00118,324.3,205.5,347.47,225.65
14247,4239,5,0.00117,0.0,1.83,144.39,26.85
14248,4239,6,0.001,482.29,156.31,505.0,196.05
14249,4244,17,0.69614,43.62,141.48,63.49,159.71
14250,4244,17,0.52974,131.33,217.64,152.3,237.95
14251,4244,5,0.03653,468.22,50.56,484.0,82.85
14252,4244,5,0.023,475.51,55.75,484.0,84.85
14253,4244,17,0.00982,257.49,146.85,280.74,163.45
14254,4244,5,0.00621,459.67,40.85,483.89,82.64
14255,4244,8,0.00303,444.14,0.0,483.82,84.85
14256,4244,8,0.00289,467.68,27.15,483.95,84.6
14257,4244,8,0.00272,466.81,0.0,483.96,87.92
14258,4244,8,0.00231,0.0,0.59,85.12,32.65
14259,4244,16,0.0023,131.55,218.13,152.35,238.86
14260,4244,8,0.00202,446.24,30.56,483.86,82.79
14261,4244,8,0.00153,408.42,0.0,483.38,29.02
14262,4244,8,0.00153,448.18,46.15,477.22,77.98
14263,4244,8,0.00146,392.11,0.0,484.0,86.02
14264,4244,5,0.00125,398.85,42.69,484.0,72.46
14265,4245,2,0.80388,392.85,173.04,414.5,194.28
14266,4245,2,0.79884,310.03,115.63,329.64,137.99
14267,4245,2,0.76577,289.15,177.71,311.23,199.82
14268,4245,2,0.74886,406.06,115.48,424.73,134.89
14269,4247,15,0.88877,280.3,116.77,317.43,158.06
14270,4247,15,0.86458,166.42,63.35,200.24,102.78
14271,4247,15,0.82812,272.46,45.91,303.53,75.63
14272,4247,6,0.00525,445.72,1.0,488.84,52.67
14273,4247,6,0.00462,459.26,9.3,488.94,107.92
14274,4247,14,0.00358,447.24,0.57,470.82,25.44
14275,4247,6,0.00313,457.56,3.73,489.0,63.19
14276,4247,14,0.00152,401.31,0.0,477.47,0.0
14277,4247,6,0.0015,462.47,20.94,489.0,51.82
14278,4247,6,0.00114,473.32,41.74,488.95,142.49
14279,4255,14,0.83177,55.39,153.78,86.36,231.04
14280,4255,14,0.74623,240.64,164.27,268.18,214.04
14281,4255,14,0.69394,418.61,171.97,439.99,212.41
14282,4255,14,0.60741,295.53,155.09,333.21,221.82
14283,4255,16,0.36645,446.04,212.88,480.24,233.69
14284,4255,14,0.32073,386.62,169.42,399.43,198.74
14285,4255,16,0.24579,76.12,240.56,100.11,256.0
14286,4255,14,0.16881,176.91,186.87,188.69,203.92
14287,4255,14,0.15576,462.44,180.13,477.03,205.6
14288,4255,16,0.15548,218.65,205.67,260.22,229.0
14289,4255,14,0.13418,180.39,166.99,195.63,192.64
14290,4255,16,0.12489,170.15,203.07,201.86,234.19
14291,4255,16,0.1207,444.22,212.4,501.82,235.33
14292,4255,16,0.07239,132.63,203.49,201.8,237.96
14293,4255,14,0.04724,380.4,168.29,399.2,201.65
14294,4255,16,0.04163,175.2,202.72,200.54,221.51
14295,4255,16,0.03777,148.13,213.58,178.14,238.44
14296,4255,14,0.03374,359.56,175.12,373.43,200.78
14297,4255,14,0.03327,455.83,176.36,476.57,205.33
14298,4255,14,0.02795,227.61,179.95,241.41,193.56
14299,4255,14,0.02776,125.26,205.51,140.04,224.11
14300,4255,14,0.02725,170.13,166.68,192.94,197.05
14301,4255,16,0.02651,419.38,212.16,480.66,234.72
14302,4255,16,0.02612,162.65,244.85,194.02,256.0
14303,4255,14,0.0258,375.92,176.98,391.32,206.18
14304,4255,16,0.02451,340.34,202.03,371.33,224.16
14305,4255,16,0.02335,154.48,203.06,198.74,232.72
14306,4255,16,0.01937,404.8,206.52,437.61,229.27
14307,4255,14,0.01843,413.3,165.33,434.85,200.12
14308,4255,16,0.01823,381.69,206.36,435.73,227.92
14309,4255,14,0.01525,352.9,177.22,371.93,199.71
14310,4255,16,0.01482,368.09,205.74,420.08,227.28
14311,4255,16,0.01133,164.19,242.08,216.19,256.0
14312,4255,14,0.01045,375.56,169.72,396.07,204.46
14313,4255,14,0.01028,118.66,198.17,142.91,223.59
14314,4255,16,0.00938,140.69,239.33,194.08,256.0
14315,4255,16,0.00909,196.76,199.24,257.67,230.49
14316,4255,16,0.00893,131.71,214.75,180.23,238.94
14317,4255,16,0.00791,128.58,218.25,199.92,255.87
14318,4255,16,0.00753,130.63,205.7,167.88,238.48
14319,4255,14,0.00718,455.1,175.61,468.8,203.2
14320,4255,16,0.00704,75.96,234.41,112.88,254.65
14321,4255,16,0.00683,56.54,153.57,86.77,230.24
14322,4255,14,0.00674,298.82,169.55,334.06,207.91
14323,4255,16,0.00662,304.08,201.79,334.52,223.52
14324,4255,16,0.00635,0.08,215.36,54.93,255.75
14325,4255,14,0.00624,477.91,187.51,497.26,226.73
14326,4255,16,0.00622,76.79,235.17,136.71,256.0
14327,4255,14,0.00614,412.5,164.53,426.85,187.69
14328,4255,14,0.006,108.56,191.57,144.7,223.95
14329,4255,14,0.00591,182.14,178.06,195.88,192.7
14330,4255,16,0.00579,76.62,222.79,115.22,247.78
14331,4255,16,0.00557,112.02,239.09,154.99,256.0
14332,4255,14,0.00555,409.27,165.53,426.48,195.58
14333,4255,16,0.00548,147.25,244.56,190.77,255.98
14334,4255,16,0.00541,137.49,206.02,162.1,224.03
14335,4255,14,0.00527,433.18,170.76,444.76,207.78
14336,4255,16,0.00511,78.14,218.77,145.71,249.12
14337,4255,14,0.00506,495.2,117.76,505.0,165.65
14338,4255,14,0.00499,295.85,175.41,315.9,221.08
14339,4255,16,0.00469,160.71,237.47,202.22,255.54
14340,4255,16,0.00469,0.0,220.54,38.55,254.56
14341,4255,14,0.00449,500.15,118.76,505.0,168.61
14342,4255,16,0.00423,94.39,221.61,136.06,247.54
14343,4255,16,0.00412,338.66,203.12,398.66,225.04
14344,4255,14,0.00387,240.07,185.15,266.36,211.22
14345,4255,14,0.0038,352.78,180.51,361.9,198.4
14346,4255,5,0.00371,175.62,199.66,262.2,232.72
14347,4255,14,0.00358,387.59,169.48,412.48,199.8
14348,4255,16,0.00353,376.18,206.23,409.34,226.36
14349,4255,16,0.00338,233.54,201.63,290.78,228.1
14350,4255,14,0.00324,166.03,184.23,188.71,209.98
14351,4255,16,0.00319,75.51,212.34,127.89,248.31
14352,4255,14,0.00302,342.8,166.33,354.51,192.01
14353,4255,16,0.0028,387.63,205.97,412.57,226.69
14354,4255,16,0.00275,77.09,224.57,153.44,256.0
14355,4255,16,0.00257,410.76,204.73,471.02,232.69
14356,4255,16,0.00255,151.44,214.0,199.64,235.51
14357,4255,16,0.00246,492.39,216.8,505.0,252.7
14358,4255,16,0.00245,103.34,205.98,167.93,248.14
14359,4255,14,0.00243,296.59,185.03,309.33,221.09
14360,4255,14,0.00231,181.72,166.84,192.51,188.18
14361,4255,16,0.00228,231.78,204.97,271.75,228.17
14362,4255,16,0.00226,83.19,227.82,121.48,253.77
14363,4255,16,0.00226,80.03,241.04,117.0,255.91
14364,4255,14,0.00224,433.34,170.58,443.36,189.05
14365,4255,16,0.00205,53.64,237.67,100.31,256.0
14366,4255,14,0.00204,220.34,177.18,241.44,193.91
14367,4255,14,0.00201,357.28,174.49,379.06,201.95
14368,4255,14,0.00198,178.96,179.05,197.42,196.78
14369,4255,14,0.00197,500.81,171.18,505.0,209.98
14370,4255,16,0.00196,139.01,205.84,160.88,217.32
14371,4255,14,0.00193,226.18,171.81,261.24,196.14
14372,4255,16,0.00179,499.35,213.82,505.0,256.0
14373,4255,16,0.00175,142.94,237.65,177.0,256.0
14374,4255,16,0.00174,114.81,198.43,161.99,233.65
14375,4255,16,0.00169,86.11,223.22,124.59,247.16
14376,4255,16,0.00165,404.73,209.84,485.81,245.75
14377,4255,16,0.00165,97.65,224.24,153.81,248.05
14378,4255,14,0.00159,500.88,180.43,505.0,220.04
14379,4255,16,0.00155,271.27,199.65,298.88,225.05
14380,4255,16,0.00154,366.3,204.59,442.12,232.29
14381,4255,16,0.00153,147.17,205.68,163.96,218.65
14382,4255,14,0.00149,484.97,170.37,505.0,209.69
14383,4255,16,0.00148,265.23,190.81,297.32,224.96
14384,4255,14,0.00148,175.61,159.02,202.89,192.11
14385,4255,14,0.00148,357.34,175.66,390.65,205.09
14386,4255,16,0.00147,364.87,204.23,400.23,227.22
14387,4255,14,0.00145,343.52,171.68,363.06,197.78
14388,4255,16,0.00145,136.27,244.15,228.65,256.0
14389,4255,14,0.00143,229.86,166.92,267.6,205.51
14390,4255,16,0.00141,430.85,212.34,465.62,231.11
14391,4255,14,0.00137,490.6,180.28,505.0,210.84
14392,4255,16,0.00135,161.34,243.79,215.83,256.0
14393,4255,14,0.00135,470.79,186.28,498.37,214.84
14394,4255,14,0.00131,402.86,174.07,421.52,199.87
14395,4255,16,0.00127,0.0,218.22,11.72,256.0
14396,4255,16,0.00125,218.61,184.38,265.1,226.17
14397,4255,16,0.00123,92.89,211.84,148.58,253.51
14398,4255,16,0.00118,457.24,213.04,504.85,248.88
14399,4255,16,0.00116,175.62,201.2,216.99,233.98
14400,4255,16,0.00114,99.59,228.21,156.53,256.0
14401,4255,14,0.00108,174.71,164.75,192.76,189.02
14402,4255,16,0.00107,487.64,218.06,504.85,243.41
14403,4255,14,0.00102,125.55,205.82,150.09,224.81
14404,4255,16,0.001,260.31,178.23,295.82,223.33
14405,4257,7,0.67278,416.03,163.52,437.39,183.02
14406,4257,6,0.00648,474.73,174.05,489.0,203.77
14407,4257,5,0.00337,475.11,173.42,489.0,208.58
14408,4257,5,0.00212,253.59,0.0,485.96,247.0
14409,4257,6,0.0019,473.9,167.36,488.9,222.16
14410,4258,14,0.41582,308.11,0.0,374.7,84.49
14411,4258,15,0.08573,311.55,155.21,339.21,184.15
14412,4258,15,0.00679,308.84,169.26,334.71,184.78
14413,4258,17,0.00187,341.23,167.02,359.26,187.04
14414,4258,15,0.00128,276.15,156.47,339.76,203.26
14415,4258,15,0.00113,310.45,165.52,339.47,201.17
14416,4260,15,0.86942,406.87,170.96,432.5,197.59
14417,4260,15,0.84618,399.15,130.25,421.94,151.83
14418,4260,15,0.82724,325.4,146.49,351.64,173.14
14419,4260,7,0.01707,0.03,0.12,27.7,86.05
14420,4260,8,0.00278,456.58,0.0,483.97,57.97
14421,4260,17,0.00186,0.0,26.54,25.71,72.87
14422,4260,8,0.0015,479.76,0.12,484.0,39.68
14423,4260,14,0.00148,0.0,1.99,72.59,230.96
14424,4260,14,0.0011,1.05,1.02,122.59,242.54
14425,4260,8,0.00104,472.75,0.7,484.0,34.73
14426,4261,14,0.69571,4.37,30.01,18.65,71.32
14427,4261,14,0.16298,349.08,47.11,359.57,67.7
14428,4261,14,0.12104,369.51,41.79,379.5,70.71
14429,4261,14,0.1156,364.33,37.37,379.59,71.03
14430,4261,14,0.03488,0.34,30.6,13.19,71.06
14431,4261,14,0.02377,217.82,38.0,245.41,83.52
14432,4261,14,0.01822,0.0,40.96,6.69,69.0
14433,4261,14,0.00542,0.05,45.36,4.6,70.57
14434,4261,14,0.00382,324.08,54.79,334.65,68.04
14435,4261,14,0.00351,364.07,41.73,373.67,70.96
14436,4261,14,0.00304,365.31,51.53,377.92,71.15
14437,4261,14,0.00271,177.22,63.96,211.83,102.96
14438,4261,14,0.00267,363.59,55.23,371.71,70.96
14439,4261,14,0.00225,0.27,47.82,8.11,72.1
14440,4261,14,0.00204,405.84,48.09,431.31,120.9
14441,4261,14,0.00186,6.31,47.95,15.16,71.48
14442,4261,14,0.00178,319.0,53.15,334.65,68.19
14443,4261,14,0.00158,1.08,29.36,19.05,87.55
14444,4265,17,0.83733,241.82,130.38,261.48,150.1
14445,4265,9,0.77846,122.47,114.05,148.18,132.73
14446,4265,11,0.706,114.71,42.9,135.61,60.08
14447,4265,9,0.69923,206.13,72.76,226.0,87.92
14448,4265,11,0.20388,372.43,37.2,393.12,55.82
14449,4265,0,0.1172,372.24,36.92,393.22,56.04
14450,4265,11,0.06705,140.13,24.83,151.13,32.53
14451,4265,17,0.03833,261.75,83.55,288.48,105.59
14452,4265,11,0.01071,475.16,7.14,498.48,18.32
14453,4265,6,0.00457,335.76,109.85,380.16,129.79
14454,4265,6,0.00308,263.72,41.49,286.43,55.38
14455,4265,9,0.00278,114.69,42.87,135.93,59.98
14456,4273,2,0.83238,336.72,155.19,360.63,172.79
14457,4273,2,0.82327,229.29,156.01,252.85,173.18
14458,4273,2,0.81694,278.07,196.88,304.12,215.15
14459,4273,2,0.76908,391.35,188.34,417.73,208.77
14460,4273,8,0.13594,421.63,0.0,492.0,22.66
14461,4273,7,0.01932,107.38,133.0,177.84,224.86
14462,4273,8,0.01116,420.86,0.13,464.72,24.62
14463,4273,2,0.0057,95.78,52.69,142.22,89.14
14464,4273,2,0.0021,367.29,71.87,396.21,94.49
14465,4273,14,0.00129,487.92,0.0,492.0,64.06
14466,4273,3,0.00109,334.96,0.6,427.56,23.62
14467,4275,5,0.67202,321.27,100.9,372.87,151.07
14468,4275,5,0.65217,0.15,107.08,36.57,136.62
14469,4275,14,0.59384,402.55,102.81,414.92,133.38
14470,4275,5,0.56292,93.52,105.84,149.63,136.67
14471,4275,5,0.33096,157.32,94.32,216.02,133.22
14472,4275,5,0.0918,94.02,111.72,126.18,136.26
14473,4275,5,0.04539,38.43,105.04,87.53,137.64
14474,4275,5,0.04211,157.24,100.93,186.05,128.28
14475,4275,5,0.03932,113.31,105.95,147.62,136.14
14476,4275,5,0.02993,171.87,118.41,294.84,162.45
14477,4275,5,0.0263,320.34,151.44,437.27,197.58
14478,4275,5,0.02102,239.41,152.47,499.0,241.0
14479,4275,14,0.01788,154.47,120.63,168.81,138.23
14480,4275,14,0.01729,430.5,109.59,444.59,129.76
14481,4275,5,0.00851,52.17,104.6,88.84,131.87
14482,4275,5,0.00805,101.77,111.4,134.12,136.61
14483,4275,5,0.00785,322.51,100.93,365.18,129.51
14484,4275,5,0.00662,0.0,107.67,22.41,139.05
14485,4275,5,0.00591,156.04,51.14,312.18,162.75
14486,4275,5,0.00522,155.37,41.78,304.4,91.23
14487,4275,5,0.00505,4.88,105.42,77.18,140.7
14488,4275,5,0.00465,159.12,103.22,193.23,133.7
14489,4275,5,0.00462,83.74,106.9,121.3,134.27
14490,4275,14,0.00413,418.96,106.24,431.45,132.71
14491,4275,5,0.00382,0.0,118.38,30.87,163.28
14492,4275,14,0.00322,149.9,114.87,169.37,137.15
14493,4275,14,0.00312,441.27,98.78,458.31,141.67
14494,4275,5,0.00288,156.26,0.19,395.62,163.16
14495,4275,16,0.00262,225.55,129.76,234.55,137.17
14496,4275,5,0.00257,88.83,106.85,113.21,124.06
14497,4275,8,0.00239,439.83,0.0,481.84,39.05
14498,4275,5,0.00237,124.17,106.38,154.11,134.09
14499,4275,5,0.00216,0.01,118.39,12.93,143.4
14500,4275,5,0.00213,0.02,119.94,16.23,161.07
14501,4275,17,0.0021,332.52,5.22,346.57,16.41
14502,4275,5,0.00207,143.48,103.35,164.35,121.74
14503,4275,14,0.00197,398.93,101.66,432.61,165.28
14504,4275,5,0.00185,128.61,110.67,145.78,135.69
14505,4275,5,0.00184,86.52,109.85,109.62,128.81
14506,4275,14,0.00184,360.81,112.53,374.39,149.21
14507,4275,14,0.0018,460.33,93.59,475.27,119.44
14508,4275,14,0.00177,430.79,107.95,458.16,143.05
14509,4275,5,0.00165,52.8,104.49,84.43,122.72
14510,4275,5,0.00151,100.14,116.18,123.93,137.38
14511,4275,14,0.00142,392.56,102.83,418.41,145.66
14512,4275,5,0.00137,189.09,41.46,274.09,84.23
14513,4275,5,0.00136,65.79,104.58,115.25,134.36
14514,4275,14,0.00131,367.03,111.51,375.54,132.82
14515,4275,5,0.0013,89.49,111.67,125.35,126.79
14516,4275,5,0.00124,0.0,119.13,20.49,141.85
14517,4275,5,0.00122,142.86,103.71,171.7,131.57
14518,4275,5,0.00118,85.01,110.56,109.49,140.39
14519,4275,5,0.00113,0.04,117.27,5.55,140.36
14520,4275,5,0.00109,192.1,53.96,301.63,107.07
14521,4275,16,0.00107,310.97,106.89,320.97,119.36
14522,4275,5,0.00107,152.55,113.75,170.07,136.23
14523,4275,5,0.00106,209.59,40.58,255.46,82.76
14524,4275,5,0.00106,82.92,108.72,107.38,122.58
14525,4275,14,0.00102,81.16,115.84,108.34,152.93
14526,4277,15,0.87868,333.32,112.52,351.54,130.57
14527,4277,6,0.78241,406.97,106.26,458.79,134.44
14528,4277,2,0.01229,385.13,185.3,409.47,210.08
14529,4277,5,0.00752,0.0,81.22,24.17,100.81
14530,4277,5,0.00366,0.01,80.76,14.35,103.7
14531,4277,5,0.00231,0.02,79.69,5.87,103.65
14532,4277,5,0.00171,0.17,79.86,35.97,103.86
14533,4277,5,0.00131,399.95,0.22,431.07,14.03
14534,4277,5,0.00104,0.0,88.97,15.84,105.92
14535,4284,10,0.9099,200.29,187.79,223.6,209.02
14536,4284,17,0.90573,287.94,163.23,306.84,182.23
14537,4284,10,0.89456,334.44,146.54,356.85,166.44
14538,4284,17,0.88666,251.83,178.55,271.25,198.02
14539,4284,9,0.85941,227.68,106.84,248.3,127.52
14540,4284,11,0.80598,192.58,62.53,212.01,81.45
14541,4284,10,0.68154,288.71,88.58,310.87,108.07
14542,4284,5,0.00127,0.0,181.67,39.53,209.34
14543,4288,2,0.85861,414.23,171.75,441.91,194.7
14544,4288,2,0.83159,363.44,120.63,382.57,145.03
14545,4288,2,0.81869,250.96,118.87,272.83,142.04
14546,4288,2,0.79699,278.41,174.15,299.26,195.83
14547,4304,5,0.76324,206.94,42.58,367.55,129.08
14548,4304,5,0.62921,0.0,47.11,128.71,125.39
14549,4304,5,0.51808,51.43,44.88,348.36,147.43
14550,4304,5,0.50205,0.0,45.54,79.01,123.77
14551,4304,14,0.04802,171.61,0.0,197.52,49.59
14552,4304,5,0.04101,245.08,43.84,337.46,72.84
14553,4304,5,0.0388,112.99,48.18,221.53,78.8
14554,4304,5,0.02237,70.55,49.63,201.75,140.26
14555,4304,5,0.01644,240.7,77.57,375.83,128.13
14556,4304,5,0.01561,68.65,47.23,260.47,120.84
14557,4304,5,0.00993,299.12,38.66,338.33,69.28
14558,4304,8,0.0096,0.0,56.85,8.29,133.19
14559,4304,14,0.00841,374.78,22.57,422.62,77.93
14560,4304,5,0.00748,204.86,43.36,265.67,80.5
14561,4304,8,0.00657,70.2,77.78,109.39,134.88
14562,4304,8,0.00636,0.02,52.93,15.19,121.35
14563,4304,8,0.00621,0.0,55.36,5.5,118.18
14564,4304,5,0.00447,0.0,46.96,81.9,89.68
14565,4304,5,0.0044,116.47,83.68,237.84,145.74
14566,4304,5,0.00311,283.72,42.0,351.48,81.52
14567,4304,5,0.00305,298.39,38.38,338.59,55.94
14568,4304,8,0.00271,0.08,50.09,35.48,123.33
14569,4304,5,0.00261,86.36,26.77,369.83,201.39
14570,4304,5,0.00189,202.52,42.34,282.94,90.49
14571,4304,5,0.00161,295.55,38.39,333.21,50.87
14572,4304,5,0.00148,0.0,80.18,75.79,123.24
14573,4304,5,0.0012,298.94,37.38,374.86,72.4
14574,4304,5,0.00119,201.55,42.57,322.96,78.99
14575,4304,5,0.00109,0.2,48.08,39.78,100.88
14576,4316,14,0.46484,59.76,20.27,94.93,72.4
14577,4316,14,0.34858,286.7,0.0,304.34,35.16
14578,4316,14,0.03455,285.12,0.0,305.71,36.95
14579,4316,14,0.029,272.1,14.18,281.75,36.01
14580,4316,14,0.00691,284.56,0.0,306.71,38.81
14581,4316,14,0.00208,68.36,4.85,100.0,72.25
14582,4316,14,0.00175,268.33,6.07,281.7,36.39
14583,4316,14,0.00156,265.61,15.23,280.76,35.82
14584,4316,14,0.00113,266.71,25.14,279.75,36.5
14585,4316,14,0.00111,270.55,2.89,286.48,35.72
14586,4322,7,0.84449,159.0,69.17,195.04,104.46
14587,4322,7,0.7555,194.98,145.41,233.05,175.81
14588,4322,15,0.01549,194.79,145.77,233.31,174.93
14589,4322,8,0.01204,282.05,7.56,491.01,255.0
14590,4322,8,0.00679,356.25,36.5,490.8,253.84
14591,4322,5,0.00127,187.94,0.0,284.39,42.37
14592,4325,0,0.90241,290.21,143.34,328.79,182.99
14593,4325,0,0.85292,371.76,145.47,409.23,182.49
14594,4325,9,0.30747,312.88,94.29,346.19,128.16
14595,4325,11,0.20478,311.96,93.45,346.2,127.84
14596,4325,0,0.09577,312.89,93.16,346.18,128.04
14597,4325,11,0.02079,371.41,145.19,409.43,182.79
14598,4325,1,0.00394,371.91,145.23,409.72,183.76
14599,4325,6,0.00103,439.01,114.03,462.18,175.13
14600,4334,5,0.81147,213.59,145.54,344.21,197.0
14601,4334,14,0.72599,157.84,126.5,206.47,256.0
14602,4334,5,0.64861,426.36,142.7,500.0,195.77
14603,4334,14,0.54941,400.57,110.02,442.68,222.92
14604,4334,5,0.41048,370.84,152.64,470.99,196.16
14605,4334,5,0.32912,346.14,127.45,441.81,192.64
14606,4334,5,0.32472,349.54,127.51,423.75,171.97
14607,4334,5,0.1796,370.88,152.83,429.59,195.84
14608,4334,5,0.131,369.12,138.1,477.92,212.08
14609,4334,14,0.06454,377.62,139.25,460.94,221.83
14610,4334,14,0.04783,400.82,140.26,434.64,222.01
14611,4334,5,0.03471,371.35,148.49,408.85,196.52
14612,4334,5,0.01359,69.42,161.87,180.74,202.05
14613,4334,14,0.00518,409.46,117.05,446.98,191.6
14614,4334,5,0.00494,72.63,162.91,135.41,201.19
14615,4334,5,0.00206,0.0,162.4,168.94,205.96
14616,4334,5,0.00134,461.68,129.7,495.97,152.38
14617,4334,14,0.00101,0.0,195.77,6.8,230.46
14618,4334,1,0.00101,373.63,148.99,414.2,194.5
14619,4337,2,0.85961,305.05,31.03,321.92,53.75
14620,4337,2,0.83829,427.22,76.37,446.75,101.25
14621,4337,2,0.82712,381.02,31.09,396.36,53.06
14622,4337,2,0.79944,303.91,69.74,323.11,95.37
14623,4341,2,0.83312,359.56,72.48,375.13,95.08
14624,4341,2,0.83133,405.53,53.42,420.82,74.72
14625,4341,2,0.82075,276.82,52.29,292.69,72.95
14626,4341,2,0.77413,352.07,31.45,366.99,51.09
14627,4347,15,0.5015,245.66,34.94,307.08,107.86
14628,4347,14,0.00405,481.62,109.27,499.72,138.95
14629,4347,15,0.0017,252.22,25.89,342.54,105.6
14630,4347,1,0.00111,393.46,71.4,461.04,123.84
14631,4358,14,0.77552,445.49,98.32,464.98,141.6
14632,4358,14,0.75918,425.97,97.9,451.45,176.0
14633,4358,8,0.75492,250.17,110.77,286.09,155.2
14634,4358,14,0.3639,403.68,107.34,422.16,139.66
14635,4358,5,0.32779,136.84,99.05,194.96,136.86
14636,4358,14,0.24427,71.86,119.08,93.21,147.3
14637,4358,14,0.23308,106.64,115.25,131.86,159.24
14638,4358,14,0.20895,211.44,111.04,240.54,155.57
14639,4358,14,0.19618,0.06,126.95,9.7,173.67
14640,4358,14,0.14585,410.41,110.92,422.38,139.73
14641,4358,8,0.13276,115.06,121.18,194.55,188.85
14642,4358,5,0.09937,0.26,105.03,40.61,177.49
14643,4358,14,0.08666,0.0,113.88,40.58,177.08
14644,4358,5,0.0521,174.03,113.72,243.64,155.52
14645,4358,8,0.05118,0.13,101.36,41.36,176.67
14646,4358,14,0.04599,65.8,118.46,95.77,154.94
14647,4358,5,0.02104,0.21,100.89,34.2,157.5
14648,4358,14,0.01902,154.42,113.01,178.42,159.65
14649,4358,14,0.01889,186.95,112.02,241.76,155.56
14650,4358,14,0.01835,144.25,109.4,189.69,159.92
14651,4358,8,0.01783,157.39,115.61,176.81,144.77
14652,4358,14,0.01622,0.0,125.54,19.79,169.14
14653,4358,8,0.01618,138.92,111.76,190.99,162.71
14654,4358,14,0.01458,0.0,107.07,7.67,172.78
14655,4358,14,0.01418,151.21,117.25,176.58,146.48
14656,4358,14,0.01227,107.82,117.04,130.68,146.09
14657,4358,14,0.01225,116.36,97.03,142.39,140.11
14658,4358,14,0.0115,158.73,114.95,179.1,148.52
14659,4358,14,0.00996,192.14,130.75,210.09,156.27
14660,4358,16,0.00853,129.7,126.92,155.91,143.86
14661,4358,14,0.0085,452.04,101.13,467.13,142.66
14662,4358,5,0.00686,29.13,102.49,114.92,144.66
14663,4358,14,0.00635,62.2,121.84,77.48,146.14
14664,4358,14,0.00578,133.27,127.06,157.02,143.87
14665,4358,10,0.00565,119.35,140.38,154.04,177.18
14666,4358,14,0.00547,287.72,104.0,298.33,121.28
14667,4358,14,0.00526,122.92,125.32,177.55,175.54
14668,4358,14,0.00524,71.09,115.91,101.56,144.93
14669,4358,14,0.00521,221.56,113.24,240.08,154.89
14670,4358,8,0.00509,151.34,120.82,179.58,164.32
14671,4358,14,0.00386,54.48,111.79,96.37,145.4
14672,4358,14,0.00356,61.93,120.0,80.47,155.67
14673,4358,8,0.00349,129.17,118.28,185.37,170.97
14674,4358,14,0.00318,408.32,109.68,431.93,138.74
14675,4358,14,0.00296,412.09,121.96,423.28,140.15
14676,4358,14,0.00272,126.64,114.54,193.69,182.11
14677,4358,14,0.00252,0.06,140.82,5.11,172.68
14678,4358,14,0.00238,195.6,131.06,208.11,145.61
14679,4358,14,0.00235,0.0,103.19,24.52,171.64
14680,4358,14,0.00221,136.12,123.61,162.7,141.24
14681,4358,14,0.00218,156.58,125.5,179.46,166.65
14682,4358,8,0.00218,116.99,128.32,172.71,177.09
14683,4358,14,0.00213,58.95,112.26,82.78,147.11
14684,4358,14,0.00209,149.96,114.88,194.17,176.73
14685,4358,14,0.00205,496.0,84.15,500.0,133.26
14686,4358,8,0.00204,0.25,140.38,39.99,177.38
14687,4358,14,0.00201,0.0,125.86,36.02,167.53
14688,4358,8,0.00199,29.85,99.83,108.99,147.97
14689,4358,8,0.00197,77.81,116.06,133.78,159.02
14690,4358,14,0.00197,446.68,124.41,454.65,141.73
14691,4358,14,0.00197,0.0,134.32,15.31,175.18
14692,4358,14,0.00196,411.94,119.69,430.9,140.26
14693,4358,14,0.0019,132.58,126.62,165.73,149.54
14694,4358,14,0.00187,0.0,114.59,4.91,162.6
14695,4358,14,0.0017,426.64,104.28,441.1,141.82
14696,4358,8,0.00166,108.6,119.11,173.19,163.93
14697,4358,14,0.0016,195.3,108.52,208.13,122.31
14698,4358,14,0.00155,0.03,85.13,9.72,111.84
14699,4358,14,0.00154,138.89,115.89,177.44,142.74
14700,4358,14,0.00152,483.35,90.27,499.84,134.46
14701,4358,8,0.00145,147.77,128.96,176.49,158.42
14702,4358,8,0.00143,37.61,111.2,61.96,149.34
14703,4358,14,0.00142,169.34,128.25,193.61,159.74
14704,4358,14,0.00139,0.0,98.53,13.65,111.42
14705,4358,5,0.00136,0.0,96.5,28.18,138.13
14706,4358,8,0.0013,251.72,123.76,270.84,155.03
14707,4358,14,0.00128,422.87,111.21,435.56,139.03
14708,4358,14,0.00126,0.02,86.79,4.72,109.89
14709,4358,14,0.00125,160.3,138.38,178.11,166.27
14710,4358,14,0.00121,112.27,115.31,124.37,130.31
14711,4358,14,0.0012,216.0,108.45,234.09,124.44
14712,4358,14,0.00117,109.02,115.51,127.35,134.84
14713,4358,14,0.00117,124.83,99.38,144.43,139.45
14714,4358,14,0.00114,36.69,130.62,46.62,146.67
14715,4358,14,0.00113,0.03,81.06,13.8,110.91
14716,4358,14,0.0011,0.0,109.97,31.83,150.1
14717,4358,14,0.00109,69.53,116.46,111.94,152.86
14718,4358,14,0.00106,212.99,107.78,227.38,122.56
14719,4358,5,0.00104,125.65,126.56,158.25,145.78
14720,4358,14,0.00103,486.6,88.77,499.35,123.28
14721,4358,5,0.00101,125.84,131.87,152.48,144.19
14722,4361,0,0.80479,225.23,40.57,268.2,80.35
14723,4361,0,0.55988,304.42,87.56,348.0,131.17
14724,4361,11,0.16407,226.97,41.04,268.16,80.86
14725,4361,9,0.08199,304.17,86.63,349.93,131.97
14726,4361,11,0.03148,303.94,87.3,349.99,131.62
14727,4361,9,0.02333,226.23,40.41,262.32,80.97
14728,4361,6,0.00107,481.1,68.14,485.0,92.5
14729,4363,2,0.88336,341.06,15.43,367.94,51.48
14730,4363,2,0.86099,362.87,93.23,400.34,122.81
14731,4363,17,0.83695,293.05,82.6,309.55,100.04
14732,4363,2,0.00216,328.63,121.66,357.53,147.22
14733,4363,16,0.00211,341.11,15.22,368.25,50.66
14734,4363,2,0.0015,279.66,17.58,341.88,71.85
14735,4367,7,0.89375,235.49,178.8,267.51,207.33
14736,4377,5,0.80594,116.23,33.8,147.31,62.4
14737,4377,14,0.58067,436.03,51.56,446.6,77.63
14738,4377,14,0.54417,448.82,52.75,461.33,81.96
14739,4377,14,0.16126,390.71,45.85,400.0,64.84
14740,4377,14,0.12105,446.72,41.99,461.76,79.99
14741,4377,14,0.10807,388.48,45.31,397.44,64.76
14742,4377,8,0.0742,377.97,52.46,391.48,65.62
14743,4377,14,0.04868,379.97,48.06,388.61,63.84
14744,4377,14,0.04419,381.88,46.13,391.03,63.72
14745,4377,14,0.02938,379.1,50.88,391.07,65.09
14746,4377,14,0.02759,380.61,46.49,388.05,59.47
14747,4377,14,0.02521,489.92,52.93,494.0,74.02
14748,4377,14,0.01323,486.39,51.81,494.0,73.42
14749,4377,8,0.01174,487.61,51.36,493.96,73.64
14750,4377,8,0.01064,383.28,52.27,395.28,65.91
14751,4377,14,0.01019,388.68,43.72,395.47,56.57
14752,4377,5,0.00946,0.0,6.9,8.38,29.57
14753,4377,5,0.00795,0.0,0.65,15.62,29.28
14754,4377,14,0.00572,377.7,46.4,389.06,60.91
14755,4377,14,0.00539,446.85,42.47,458.63,57.61
14756,4377,5,0.00366,489.48,53.17,494.0,74.07
14757,4377,14,0.00347,449.98,52.55,460.45,73.18
14758,4377,5,0.00343,155.09,0.34,240.62,45.18
14759,4377,5,0.00309,0.06,16.21,6.55,29.28
14760,4377,14,0.00301,487.69,52.55,493.95,81.94
14761,4377,5,0.00232,127.55,26.56,164.09,48.59
14762,4377,14,0.00204,383.01,43.58,394.49,51.75
14763,4377,14,0.00199,464.93,43.18,474.1,58.72
14764,4377,14,0.00194,490.43,51.53,494.0,90.75
14765,4377,14,0.00177,481.54,49.32,491.99,73.17
14766,4377,14,0.0017,420.25,51.85,447.29,78.56
14767,4377,14,0.00168,390.28,40.12,401.46,61.43
14768,4377,14,0.00163,444.73,44.76,459.27,63.23
14769,4377,14,0.00158,448.33,42.94,474.26,73.65
14770,4377,14,0.00149,376.3,46.91,395.49,67.19
14771,4377,14,0.00139,443.82,52.53,460.84,77.03
14772,4377,14,0.00137,438.38,49.84,453.5,58.8
14773,4377,14,0.00119,446.73,40.24,461.79,55.39
14774,4377,5,0.00112,0.04,0.27,15.09,13.79
14775,4377,5,0.00105,364.94,54.67,375.46,62.76
14776,4377,5,0.00105,11.78,1.43,36.13,15.56
14777,4383,14,0.77564,340.87,96.35,385.83,179.38
14778,4383,14,0.75021,169.13,80.22,200.53,171.37
14779,4383,5,0.72955,395.44,132.01,476.06,173.95
14780,4383,14,0.68627,307.98,96.59,344.33,175.07
14781,4383,5,0.57569,0.0,95.76,165.24,160.86
14782,4383,5,0.39645,0.0,22.03,166.35,161.8
14783,4383,14,0.01165,329.42,142.07,346.02,176.83
14784,4383,5,0.00641,9.09,101.8,112.34,155.12
14785,4383,5,0.00508,39.08,117.03,125.73,155.93
14786,4383,5,0.00464,49.48,96.7,157.66,154.74
14787,4383,14,0.00272,325.28,123.33,345.37,176.4
14788,4383,14,0.00257,345.5,95.62,385.26,142.97
14789,4383,14,0.00224,0.02,103.71,12.15,142.26
14790,4383,14,0.00208,365.95,126.02,391.73,171.26
14791,4383,14,0.00207,0.0,114.27,11.48,148.11
14792,4383,8,0.00205,0.0,100.54,10.57,140.22
14793,4383,5,0.00182,193.46,119.17,260.13,161.16
14794,4383,5,0.00174,408.36,99.22,500.0,173.8
14795,4383,5,0.00156,0.0,111.77,96.8,159.53
14796,4383,5,0.00154,0.27,71.38,106.74,161.04
14797,4383,14,0.00148,0.03,115.12,6.09,142.64
14798,4383,5,0.00144,397.76,106.33,456.4,156.88
14799,4383,14,0.00125,162.44,138.01,183.35,169.16
14800,4383,14,0.0012,329.62,130.4,352.78,175.72
14801,4383,5,0.00119,419.98,121.7,500.0,169.44
14802,4383,14,0.00115,153.67,104.73,197.85,169.41
14803,4384,15,0.80424,395.8,39.26,417.52,58.59
14804,4384,15,0.76546,340.45,54.48,360.25,72.95
14805,4384,7,0.60401,393.72,74.61,422.32,99.16
14806,4384,15,0.06468,393.24,74.67,422.62,98.9
14807,4389,2,0.80227,44.04,41.55,57.06,58.55
14808,4389,2,0.79531,90.23,64.71,103.05,83.09
14809,4389,2,0.77838,102.76,35.38,115.1,52.21
14810,4389,2,0.7485,142.19,49.12,153.26,66.17
14811,4389,5,0.00126,498.15,0.0,509.99,32.79
14812,4389,5,0.00113,502.08,0.0,510.0,19.21
14813,4393,14,0.78011,453.48,183.21,475.89,231.17
14814,4393,14,0.63345,137.42,161.85,165.3,208.86
14815,4393,14,0.58829,51.14,142.9,81.82,218.46
14816,4393,14,0.51285,194.6,152.14,233.43,213.39
14817,4393,14,0.4904,357.41,172.38,372.13,197.68
14818,4393,16,0.41928,342.33,204.46,372.92,224.81
14819,4393,14,0.30372,344.7,164.57,354.59,192.28
14820,4393,16,0.29001,416.98,218.12,451.39,235.07
14821,4393,14,0.26203,238.47,164.5,253.57,193.22
14822,4393,16,0.21487,120.27,203.01,157.94,226.06
14823,4393,14,0.19327,245.38,168.9,257.65,193.37
14824,4393,16,0.18793,241.36,197.63,267.47,217.73
14825,4393,16,0.16373,49.9,213.61,93.48,235.04
14826,4393,16,0.16027,341.17,204.27,397.39,226.91
14827,4393,14,0.13618,320.12,164.07,334.51,194.37
14828,4393,14,0.11001,266.04,157.29,277.86,192.93
14829,4393,16,0.08894,387.41,210.36,400.98,228.06
14830,4393,14,0.07899,193.69,162.36,216.83,217.5
14831,4393,16,0.07521,0.03,213.51,42.16,250.12
14832,4393,14,0.07465,238.77,172.19,250.34,193.12
14833,4393,16,0.07432,346.84,241.32,399.53,256.0
14834,4393,16,0.0636,111.36,197.54,154.84,227.55
14835,4393,16,0.05996,302.64,201.74,331.62,222.45
14836,4393,14,0.05886,313.84,162.94,331.64,194.23
14837,4393,16,0.05685,267.64,198.5,301.97,219.71
14838,4393,14,0.04567,125.31,176.27,139.71,191.16
14839,4393,16,0.04469,326.68,203.9,378.85,225.5
14840,4393,16,0.04216,360.96,241.32,421.64,256.0
14841,4393,16,0.03979,170.04,192.7,197.84,220.89
14842,4393,16,0.03838,340.68,241.46,381.55,256.0
14843,4393,14,0.03754,266.52,157.0,287.43,198.29
14844,4393,16,0.03656,58.17,244.2,95.23,256.0
14845,4393,16,0.02942,64.16,201.22,99.49,233.6
14846,4393,16,0.02909,303.15,219.67,348.4,247.78
14847,4393,16,0.02794,398.09,217.23,449.51,234.46
14848,4393,16,0.02742,280.45,199.15,330.88,221.94
14849,4393,16,0.02729,45.1,212.18,74.95,237.83
14850,4393,16,0.02613,77.54,197.26,156.57,228.84
14851,4393,16,0.02553,305.9,203.02,372.28,224.2
14852,4393,16,0.02414,241.81,197.43,303.5,219.61
14853,4393,14,0.02227,248.78,168.93,259.75,192.55
14854,4393,14,0.02182,477.61,187.28,485.43,197.36
14855,4393,16,0.02105,364.97,240.48,403.62,255.71
14856,4393,14,0.0198,76.5,166.71,93.88,191.62
14857,4393,14,0.01933,310.76,161.76,326.44,193.24
14858,4393,16,0.01856,324.84,203.33,353.31,222.65
14859,4393,14,0.01843,323.79,163.32,340.69,194.2
14860,4393,16,0.01777,350.26,205.72,380.06,225.85
14861,4393,16,0.01733,60.94,242.54,117.39,256.0
14862,4393,16,0.01723,297.11,201.93,349.82,223.01
14863,4393,14,0.01433,131.11,162.47,159.18,205.89
14864,4393,16,0.01426,0.0,192.49,53.57,213.56
14865,4393,16,0.014,281.92,198.95,301.67,222.12
14866,4393,16,0.01388,0.0,221.87,47.57,245.73
14867,4393,16,0.01212,112.07,197.53,131.89,217.83
14868,4393,14,0.01053,82.2,176.34,93.99,191.55
14869,4393,16,0.01021,0.0,225.15,8.76,253.21
14870,4393,14,0.01018,320.86,172.66,332.88,194.98
14871,4393,16,0.00926,367.77,207.66,400.72,228.92
14872,4393,14,0.00899,52.7,139.88,76.74,199.89
14873,4393,16,0.00872,0.0,214.87,20.42,251.57
14874,4393,14,0.00829,124.03,165.71,150.04,192.83
14875,4393,14,0.00783,50.4,171.01,80.49,216.13
14876,4393,16,0.0078,195.39,191.38,234.37,218.63
14877,4393,14,0.00714,74.44,154.72,93.11,192.67
14878,4393,16,0.00673,0.0,197.69,72.51,249.99
14879,4393,16,0.00623,309.73,222.3,372.43,253.48
14880,4393,16,0.00623,38.43,240.36,86.72,256.0
14881,4393,16,0.00614,386.85,211.45,451.0,234.99
14882,4393,16,0.00576,66.74,200.19,98.54,222.77
14883,4393,14,0.00534,375.25,180.02,391.29,199.27
14884,4393,16,0.00533,328.48,235.45,371.61,256.0
14885,4393,14,0.00531,275.59,173.44,289.57,199.67
14886,4393,14,0.00526,195.04,185.69,234.46,218.51
14887,4393,16,0.00498,132.89,201.82,156.81,224.19
14888,4393,16,0.00473,362.86,228.61,401.46,251.61
14889,4393,14,0.00458,387.34,186.77,393.37,197.78
14890,4393,16,0.00448,41.58,226.06,92.54,255.3
14891,4393,16,0.00447,0.13,191.04,46.17,249.19
14892,4393,14,0.0044,73.98,173.54,85.57,192.62
14893,4393,16,0.00411,331.58,209.66,397.54,253.86
14894,4393,14,0.00405,359.97,167.9,371.25,190.49
14895,4393,14,0.00399,360.0,173.27,374.91,192.51
14896,4393,14,0.00393,231.57,164.22,251.46,192.17
14897,4393,14,0.00387,358.24,168.03,388.57,198.23
14898,4393,16,0.00386,46.22,200.96,96.08,233.28
14899,4393,14,0.00376,195.33,169.53,209.6,214.96
14900,4393,16,0.00369,124.21,218.86,225.09,255.11
14901,4393,16,0.00366,339.77,245.11,374.16,256.0
14902,4393,14,0.00365,379.76,183.73,393.23,197.84
14903,4393,16,0.00364,52.89,237.0,96.11,255.32
14904,4393,16,0.00363,0.0,214.59,66.26,255.23
14905,4393,16,0.0036,254.65,217.54,349.17,247.66
14906,4393,16,0.00359,122.36,198.83,210.33,231.93
14907,4393,16,0.00334,0.0,223.03,32.24,250.07
14908,4393,16,0.00319,0.0,218.02,12.04,250.83
14909,4393,14,0.00316,325.68,167.67,346.17,195.57
14910,4393,16,0.00316,0.03,227.38,5.55,251.32
14911,4393,16,0.00314,238.14,196.68,306.15,232.23
14912,4393,16,0.00304,277.63,208.2,343.14,247.47
14913,4393,14,0.00297,68.85,169.0,84.7,192.69
14914,4393,14,0.00295,268.1,168.81,289.32,200.14
14915,4393,16,0.00288,300.26,208.73,372.82,246.53
14916,4393,14,0.00286,62.77,140.91,93.8,191.63
14917,4393,16,0.00284,439.83,212.21,467.2,233.27
14918,4393,16,0.00281,379.9,237.56,426.43,255.95
14919,4393,14,0.00278,305.03,162.34,334.62,192.72
14920,4393,16,0.00272,111.24,196.64,146.65,216.59
14921,4393,16,0.00272,93.13,240.53,123.25,256.0
14922,4393,14,0.00253,45.05,188.57,78.22,217.61
14923,4393,16,0.00252,29.95,211.78,79.25,248.95
14924,4393,16,0.00246,275.99,198.22,303.98,228.28
14925,4393,14,0.00245,344.98,169.09,370.82,196.56
14926,4393,14,0.00244,66.78,161.8,90.77,192.52
14927,4393,14,0.00234,226.4,163.07,243.21,186.49
14928,4393,16,0.00233,168.74,218.7,221.19,251.15
14929,4393,16,0.00232,20.43,204.18,71.38,245.12
14930,4393,16,0.00228,111.7,197.44,134.98,227.69
14931,4393,16,0.00228,325.58,215.17,378.42,253.73
14932,4393,14,0.00227,239.62,164.38,255.51,184.49
14933,4393,16,0.0022,145.87,193.92,197.1,222.04
14934,4393,16,0.00219,353.55,205.09,373.35,217.89
14935,4393,16,0.00205,33.39,243.45,121.12,256.0
14936,4393,14,0.0019,329.79,164.31,341.94,191.34
14937,4393,16,0.0019,376.39,243.13,411.86,256.0
14938,4393,16,0.00189,315.18,200.06,360.04,226.36
14939,4393,16,0.00189,179.84,217.07,287.88,252.73
14940,4393,14,0.00188,123.94,161.17,164.42,196.56
14941,4393,14,0.00182,227.87,159.8,245.7,182.51
14942,4393,16,0.00182,343.83,221.45,401.08,252.26
14943,4393,14,0.00181,477.99,182.18,486.97,199.13
14944,4393,14,0.00181,365.43,178.39,392.66,198.16
14945,4393,16,0.00178,54.48,206.1,112.93,234.01
14946,4393,16,0.00177,152.98,178.49,198.25,221.44
14947,4393,16,0.00177,127.83,195.62,191.44,226.02
14948,4393,14,0.0017,354.49,164.19,370.97,197.3
14949,4393,16,0.0017,386.74,247.11,429.71,256.0
14950,4393,16,0.00166,0.0,193.55,56.48,225.59
14951,4393,16,0.00165,0.59,157.16,23.97,185.35
14952,4393,16,0.00163,57.82,243.51,117.22,256.0
14953,4393,16,0.00162,391.55,249.79,433.3,256.0
14954,4393,16,0.0016,388.77,209.88,429.68,232.62
14955,4393,16,0.00159,0.03,190.56,10.91,220.15
14956,4393,14,0.00159,228.3,162.45,240.5,176.45
14957,4393,14,0.00157,351.16,179.72,369.62,197.15
14958,4393,14,0.00156,361.15,164.11,371.82,175.16
14959,4393,14,0.00154,249.79,164.58,268.08,191.93
14960,4393,14,0.00153,260.31,168.02,271.3,192.32
14961,4393,14,0.00152,324.09,163.78,332.68,189.73
14962,4393,14,0.00148,346.17,187.36,354.62,193.39
14963,4393,14,0.00148,148.17,161.98,165.33,211.95
14964,4393,14,0.00146,231.05,156.49,255.32,186.69
14965,4393,14,0.00146,240.0,160.85,251.44,177.44
14966,4393,14,0.00145,337.31,171.17,352.19,194.23
14967,4393,16,0.00144,324.5,203.47,379.8,238.16
14968,4393,16,0.00144,13.04,245.91,121.94,256.0
14969,4393,16,0.00142,0.0,191.75,85.98,231.41
14970,4393,14,0.00141,349.09,164.3,373.6,191.14
14971,4393,16,0.00138,376.66,241.81,431.28,256.0
14972,4393,16,0.00137,59.31,244.81,82.44,256.0
14973,4393,14,0.00136,298.56,161.31,325.48,193.41
14974,4393,14,0.00135,343.1,161.54,355.46,184.81
14975,4393,16,0.0013,111.9,210.12,133.42,228.01
14976,4393,14,0.00129,223.53,162.81,243.45,199.46
14977,4393,16,0.00127,50.28,215.55,102.65,249.43
14978,4393,16,0.00125,64.44,233.56,119.52,256.0
14979,4393,16,0.00125,81.23,249.36,119.24,256.0
14980,4393,5,0.00119,410.79,165.08,444.25,188.69
14981,4393,16,0.00119,262.54,199.64,332.19,246.05
14982,4393,16,0.00114,0.0,224.88,38.62,256.0
14983,4393,14,0.00114,75.95,163.15,90.42,186.25
14984,4393,16,0.00113,381.75,209.82,401.51,233.09
14985,4393,14,0.0011,462.06,184.73,485.28,199.14
14986,4393,16,0.00109,0.19,189.07,33.5,213.73
14987,4393,14,0.00108,329.58,164.02,340.86,179.44
14988,4393,14,0.00108,361.62,161.99,377.08,190.05
14989,4393,16,0.00108,0.03,180.76,43.7,220.27
14990,4393,16,0.00106,169.34,188.51,213.37,219.4
14991,4393,16,0.00105,76.41,202.13,114.41,232.27
14992,4393,16,0.00105,119.54,202.12,170.87,254.58
14993,4393,16,0.00105,101.54,230.25,138.48,256.0
14994,4393,16,0.00104,430.39,166.33,447.99,187.63
14995,4393,16,0.00102,224.91,205.64,308.23,246.45
14996,4406,15,0.88288,59.36,90.78,80.47,109.72
14997,4406,2,0.00459,244.93,29.15,272.99,50.21
14998,4406,5,0.00164,61.41,0.0,425.21,255.0
14999,4406,5,0.00152,227.58,0.0,505.0,255.0
15000,4406,7,0.00105,240.95,63.46,269.54,83.77
15001,4408,15,0.85899,438.3,54.18,464.43,80.01
15002,4408,15,0.84993,430.68,12.21,453.52,33.95
15003,4408,15,0.83891,354.41,28.86,381.84,57.4
15004,4408,6,0.00465,280.58,167.29,306.89,184.91
15005,4408,15,0.004,486.44,51.38,490.0,70.6
15006,4408,15,0.00224,486.16,50.99,490.0,92.41
15007,4408,14,0.00197,0.6,1.22,154.03,170.63
15008,4408,6,0.00147,481.22,98.19,489.87,164.11
15009,4408,14,0.00114,1.23,0.0,183.36,246.0
15010,4411,2,0.8868,293.25,152.88,324.83,193.69
15011,4411,17,0.85182,376.96,118.03,394.05,135.69
15012,4411,2,0.41979,262.71,93.67,293.58,157.72
15013,4411,2,0.10589,266.85,94.21,292.86,119.4
15014,4411,2,0.04192,366.33,118.5,397.63,173.7
15015,4411,2,0.00524,366.04,116.91,418.2,173.69
15016,4411,2,0.0029,392.12,115.46,434.93,166.84
15017,4411,16,0.00194,294.97,152.86,325.17,191.98
15018,4411,2,0.00155,222.15,39.07,300.07,112.3
15019,4411,2,0.00115,352.4,91.46,396.76,127.31
15020,4412,15,0.30715,318.06,138.85,340.09,161.42
15021,4412,15,0.12034,311.51,167.24,338.45,184.92
15022,4412,14,0.01455,431.37,0.0,506.45,231.62
15023,4412,14,0.00726,285.97,0.02,323.05,30.82
15024,4412,8,0.00423,285.86,0.0,323.43,31.04
15025,4412,15,0.00317,309.75,174.64,339.41,202.53
15026,4412,14,0.00265,306.64,2.35,507.0,161.51
15027,4412,2,0.00205,93.29,0.77,125.6,25.99
15028,4412,14,0.00177,424.69,2.58,506.92,149.8
15029,4412,15,0.00165,320.79,165.75,338.52,184.27
15030,4414,2,0.86689,133.45,34.82,161.04,70.41
15031,4414,17,0.82106,84.24,99.78,100.61,116.65
15032,4414,2,0.80299,152.79,110.91,190.51,141.23
15033,4414,16,0.00108,133.96,34.95,162.47,69.28
15034,4422,17,0.85056,392.48,67.23,407.13,81.26
15035,4422,9,0.63087,405.97,162.13,426.97,185.29
15036,4422,9,0.62939,452.5,110.1,472.95,129.67
15037,4422,10,0.60617,405.76,162.01,427.55,185.21
15038,4422,11,0.0641,365.58,161.51,387.9,188.14
15039,4422,11,0.05496,452.3,110.1,473.1,129.65
15040,4422,17,0.0211,191.7,147.44,210.39,163.09
15041,4422,10,0.00449,162.85,188.39,187.56,206.65
15042,4422,9,0.00377,163.01,188.4,187.71,206.61
15043,4422,6,0.00105,0.32,108.35,44.92,167.07
15044,4424,3,0.86268,121.24,79.75,210.46,115.73
15045,4424,3,0.85359,113.37,17.02,195.81,49.77
15046,4424,4,0.72265,119.36,152.55,226.64,192.96
15047,4424,3,0.00224,157.2,16.6,198.71,41.18
15048,4424,4,0.0022,180.42,152.85,223.73,191.04
15049,4424,6,0.00204,425.23,170.75,448.56,181.92
15050,4424,5,0.00101,0.21,249.57,53.58,250.0
15051,4435,7,0.89906,31.16,54.22,67.23,84.82
15052,4435,2,0.88573,102.54,71.25,141.04,118.0
15053,4435,6,0.01316,430.48,0.05,466.02,17.61
15054,4435,2,0.00277,91.19,0.0,208.01,51.78
15055,4435,2,0.00138,161.8,86.09,197.97,127.85
15056,4441,5,0.30929,174.84,0.0,355.38,132.17
15057,4441,5,0.1755,0.0,6.61,106.0,68.09
15058,4441,5,0.17016,186.81,0.0,414.47,188.06
15059,4441,5,0.1097,0.0,3.36,205.67,102.42
15060,4441,5,0.07478,4.6,4.14,116.6,111.55
15061,4441,5,0.05461,209.35,0.0,412.07,121.17
15062,4441,5,0.04938,195.77,11.63,278.19,131.95
15063,4441,8,0.04934,370.88,0.0,419.99,93.72
15064,4441,5,0.04665,0.0,7.66,96.67,44.66
15065,4441,8,0.02728,224.63,0.0,410.41,191.22
15066,4441,5,0.02654,0.0,2.35,181.49,65.27
15067,4441,8,0.01237,265.63,0.02,416.54,127.62
15068,4441,5,0.01114,40.95,0.0,301.45,221.72
15069,4441,5,0.00884,68.86,0.0,336.45,126.37
15070,4441,5,0.00856,0.0,8.72,74.74,86.52
15071,4441,5,0.00812,373.77,0.0,420.0,94.98
15072,4441,5,0.00748,287.65,23.47,325.9,49.22
15073,4441,8,0.00701,404.97,6.89,419.93,48.43
15074,4441,5,0.00639,304.21,0.18,419.15,97.02
15075,4441,5,0.00588,103.24,0.0,300.7,138.94
15076,4441,5,0.00567,0.0,0.0,255.35,132.07
15077,4441,8,0.00565,323.35,0.0,419.21,94.98
15078,4441,8,0.00499,372.92,46.17,420.0,94.51
15079,4441,8,0.00466,351.12,0.0,420.0,53.88
15080,4441,8,0.00459,272.08,21.1,304.66,63.44
15081,4441,5,0.00446,271.99,20.93,327.52,54.58
15082,4441,8,0.00445,350.99,0.0,420.0,36.08
15083,4441,8,0.00432,408.28,15.6,419.99,54.32
15084,4441,8,0.00338,334.02,0.52,419.2,159.94
15085,4441,14,0.00336,268.49,21.38,300.73,66.53
15086,4441,8,0.00304,260.04,13.35,420.0,235.0
15087,4441,5,0.00287,120.61,0.0,241.19,22.43
15088,4441,8,0.00278,172.46,12.2,420.0,124.89
15089,4441,8,0.00276,416.03,10.45,420.0,66.39
15090,4441,8,0.00269,379.88,0.0,419.79,77.3
15091,4441,8,0.00233,394.84,0.0,419.86,64.1
15092,4441,8,0.00232,292.72,0.0,419.86,181.74
15093,4441,8,0.00197,388.88,0.0,420.0,46.4
15094,4441,5,0.00156,415.06,0.0,420.0,39.35
15095,4441,8,0.00142,355.66,0.0,420.0,25.82
15096,4441,5,0.00137,41.82,0.47,156.63,33.1
15097,4441,8,0.00137,400.77,0.0,420.0,66.5
15098,4441,8,0.0012,403.19,0.0,419.99,57.17
15099,4441,8,0.00109,402.97,4.03,419.95,101.68
15100,4441,5,0.00107,400.66,0.0,419.98,42.88
15101,4441,5,0.00106,79.57,0.0,242.89,157.89
15102,4443,7,0.89587,391.8,86.24,419.97,117.63
15103,4443,2,0.81416,356.42,29.61,396.91,58.99
15104,4443,15,0.00357,486.9,0.0,491.0,16.81
15105,4452,16,0.72174,28.01,192.84,47.79,218.73
15106,4452,16,0.70634,4.4,192.72,24.09,218.76
15107,4452,8,0.67748,268.0,170.02,332.36,245.47
15108,4452,14,0.66534,282.7,145.44,325.66,182.31
15109,4452,14,0.64361,362.99,152.1,376.6,184.57
15110,4452,16,0.64347,92.09,187.93,109.38,211.22
15111,4452,16,0.64306,50.82,191.22,69.97,216.88
15112,4452,16,0.59511,70.64,189.39,89.75,213.74
15113,4452,16,0.50035,109.09,186.73,125.79,208.79
15114,4452,16,0.47208,124.4,185.45,138.79,207.42
15115,4452,16,0.44145,163.84,182.95,178.19,201.6
15116,4452,16,0.37076,138.21,183.92,153.58,205.55
15117,4452,16,0.27351,176.8,181.26,189.53,200.03
15118,4452,8,0.26996,391.88,165.04,405.23,185.04
15119,4452,16,0.22116,207.78,179.14,218.86,195.59
15120,4452,16,0.18389,151.54,183.21,164.36,203.72
15121,4452,16,0.17506,187.76,179.83,199.49,198.55
15122,4452,16,0.15351,140.74,182.99,164.64,204.57
15123,4452,16,0.14795,217.46,178.66,226.74,194.29
15124,4452,16,0.14364,225.7,177.69,234.58,193.01
15125,4452,16,0.14179,178.13,180.4,199.44,199.35
15126,4452,16,0.1259,198.24,179.42,209.11,196.76
15127,4452,16,0.12188,230.84,178.44,241.76,192.78
15128,4452,5,0.1203,378.21,158.16,397.75,176.41
15129,4452,8,0.1132,387.08,160.74,405.23,185.34
15130,4452,16,0.09357,59.5,189.56,89.07,214.49
15131,4452,16,0.08057,8.44,191.85,46.72,218.53
15132,4452,16,0.07824,109.2,186.02,138.83,207.96
15133,4452,16,0.07682,95.05,186.84,125.46,209.3
15134,4452,14,0.07032,269.03,150.05,286.27,182.83
15135,4452,16,0.06855,71.03,188.06,107.85,212.77
15136,4452,16,0.06742,210.64,179.21,226.62,194.33
15137,4452,8,0.06624,443.21,164.64,463.01,181.42
15138,4452,8,0.06507,286.0,184.24,327.24,245.75
15139,4452,16,0.06407,147.12,183.08,176.87,202.71
15140,4452,14,0.06363,447.06,154.74,457.68,168.55
15141,4452,16,0.05986,163.5,182.16,189.59,200.72
15142,4452,16,0.05703,31.83,191.45,69.58,217.56
15143,4452,14,0.0567,282.58,145.71,326.26,211.27
15144,4452,5,0.05142,410.64,160.46,430.6,175.64
15145,4452,14,0.03313,287.5,142.45,344.92,221.91
15146,4452,14,0.0296,444.62,154.92,459.75,180.3
15147,4452,8,0.02237,448.21,165.31,461.24,180.54
15148,4452,16,0.02133,231.55,171.38,249.2,191.69
15149,4452,16,0.01989,237.8,170.55,249.48,181.17
15150,4452,5,0.01975,377.98,160.3,392.96,174.43
15151,4452,14,0.01683,459.86,154.1,471.84,183.43
15152,4452,8,0.01653,122.03,153.39,150.76,178.68
15153,4452,5,0.015,378.18,158.24,405.22,180.73
15154,4452,14,0.01468,121.96,152.34,152.82,180.47
15155,4452,8,0.0143,378.74,160.41,403.71,180.22
15156,4452,14,0.01418,142.36,160.06,153.73,183.22
15157,4452,14,0.01262,267.56,147.72,315.94,189.4
15158,4452,8,0.01224,123.17,160.07,143.42,177.82
15159,4452,16,0.01199,198.51,179.41,217.55,196.51
15160,4452,14,0.01161,280.32,147.58,298.8,176.16
15161,4452,16,0.01151,2.27,192.71,13.56,218.69
15162,4452,14,0.01078,386.21,158.37,406.28,173.23
15163,4452,16,0.01077,284.31,145.84,320.24,175.7
15164,4452,8,0.00979,317.34,149.49,345.72,192.74
15165,4452,14,0.00934,267.49,149.59,292.81,201.87
15166,4452,8,0.0092,323.17,167.32,344.11,188.48
15167,4452,14,0.00873,137.8,156.17,155.15,183.64
15168,4452,14,0.0079,122.65,153.98,144.37,176.97
15169,4452,16,0.00773,224.79,174.97,242.92,192.4
15170,4452,16,0.00754,223.12,177.66,238.87,192.74
15171,4452,8,0.00744,392.06,160.94,405.92,180.21
15172,4452,16,0.00734,188.77,179.01,208.81,198.04
15173,4452,16,0.00713,19.61,191.58,42.11,216.56
15174,4452,14,0.00677,129.8,155.75,153.21,183.61
15175,4452,8,0.00666,317.04,151.07,345.4,218.52
15176,4452,8,0.00662,122.86,157.56,145.21,185.62
15177,4452,14,0.00656,270.62,150.01,284.35,167.63
15178,4452,14,0.00635,123.76,154.57,137.8,173.76
15179,4452,16,0.00632,257.45,166.8,267.12,184.8
15180,4452,14,0.00612,267.93,148.99,306.22,215.75
15181,4452,14,0.00609,451.44,154.13,469.24,178.79
15182,4452,14,0.00605,403.96,151.98,417.31,175.59
15183,4452,14,0.00579,268.88,148.63,297.11,176.95
15184,4452,14,0.00539,312.12,156.08,345.33,222.02
15185,4452,16,0.00494,289.94,146.17,314.15,167.93
15186,4452,14,0.0048,278.55,144.69,351.64,187.65
15187,4452,14,0.00474,283.15,146.77,300.71,169.2
15188,4452,14,0.00456,287.29,145.83,317.42,176.23
15189,4452,16,0.00371,0.46,190.44,9.75,219.84
15190,4452,14,0.00371,393.46,153.04,416.97,175.69
15191,4452,14,0.0037,125.63,154.41,136.37,167.16
15192,4452,16,0.00337,30.54,192.29,55.75,217.43
15193,4452,14,0.00316,446.95,153.93,469.04,171.66
15194,4452,14,0.00309,457.03,153.67,469.02,175.28
15195,4452,14,0.00306,122.97,155.74,146.8,186.43
15196,4452,16,0.00292,236.18,169.82,251.3,187.28
15197,4452,14,0.00286,308.67,139.89,325.51,168.95
15198,4452,14,0.00282,443.72,154.93,469.43,183.12
15199,4452,14,0.00272,295.89,142.63,325.47,169.34
15200,4452,8,0.00247,440.54,164.29,452.3,180.76
15201,4452,16,0.00233,50.33,190.79,68.93,205.73
15202,4452,8,0.00231,402.67,151.78,418.23,176.02
15203,4452,16,0.00227,0.0,191.85,6.66,218.65
15204,4452,14,0.00223,293.34,145.95,317.22,167.33
15205,4452,16,0.00222,225.22,164.3,249.15,181.38
15206,4452,8,0.0022,445.35,163.85,468.36,190.84
15207,4452,8,0.00218,395.48,162.92,412.68,178.34
15208,4452,14,0.00217,386.22,151.5,410.31,166.03
15209,4452,14,0.00203,385.87,152.6,404.66,163.64
15210,4452,8,0.00201,307.54,144.42,347.16,188.69
15211,4452,8,0.00189,392.86,156.28,421.76,179.76
15212,4452,16,0.00187,228.94,168.66,253.75,188.86
15213,4452,8,0.00186,404.62,153.56,425.48,176.1
15214,4452,16,0.00184,3.27,196.28,10.56,218.24
15215,4452,8,0.00183,295.3,169.65,342.38,222.69
15216,4452,14,0.00182,449.37,157.48,473.55,190.69
15217,4452,16,0.00173,217.39,179.16,233.69,195.27
15218,4452,14,0.00161,269.72,164.48,287.17,185.58
15219,4452,16,0.0016,233.99,168.56,248.59,181.35
15220,4452,16,0.00154,124.19,184.6,154.5,206.01
15221,4452,14,0.00154,276.44,146.77,298.73,166.53
15222,4452,14,0.00152,452.08,153.78,485.01,192.47
15223,4452,14,0.00146,457.17,156.77,477.02,192.29
15224,4452,16,0.00142,427.0,218.29,454.5,247.0
15225,4452,14,0.00141,0.02,138.25,4.61,166.61
15226,4452,16,0.0014,74.06,190.15,96.9,211.87
15227,4452,14,0.00138,311.83,149.26,326.29,168.92
15228,4452,14,0.00137,268.55,161.52,297.58,235.01
15229,4452,8,0.00136,393.3,158.8,414.42,177.08
15230,4452,8,0.00131,392.93,163.76,412.34,184.53
15231,4452,14,0.00131,302.21,169.28,338.66,209.83
15232,4452,16,0.00127,250.49,166.17,267.89,184.31
15233,4452,14,0.00125,101.21,152.49,114.51,176.77
15234,4452,14,0.00123,123.92,150.65,146.2,169.5
15235,4452,16,0.00117,236.39,169.13,260.27,191.27
15236,4452,16,0.00109,83.28,186.25,111.34,211.56
15237,4452,14,0.00108,388.73,149.82,404.95,161.26
15238,4452,16,0.00105,239.46,167.64,266.55,185.89
15239,4452,5,0.00105,379.7,158.32,394.13,170.4
15240,4452,14,0.00105,327.28,152.27,346.12,175.92
15241,4452,16,0.00103,0.6,160.48,26.21,190.6
15242,4452,14,0.00103,322.77,158.88,344.95,186.87
15243,4452,14,0.00102,290.25,146.29,310.64,161.54
15244,4452,8,0.00101,375.06,156.87,405.33,185.42
15245,4461,10,0.89504,186.74,146.06,210.32,168.17
15246,4461,17,0.89354,273.87,114.96,293.42,134.22
15247,4461,10,0.8855,320.17,94.42,342.93,114.47
15248,4461,9,0.8675,208.92,63.77,230.45,84.8
15249,4461,17,0.85917,238.57,133.24,258.47,153.21
15250,4461,10,0.84609,269.69,40.05,292.31,60.34
15251,4461,11,0.82249,169.62,22.29,190.1,40.6
15252,4461,6,0.00257,0.13,148.03,32.66,182.58
15253,4461,6,0.00256,468.64,133.18,501.94,162.17
15254,4461,6,0.00247,0.05,154.45,26.67,179.75
15255,4461,6,0.00244,0.11,121.89,34.27,180.69
15256,4462,0,0.89205,116.28,90.81,146.72,121.12
15257,4462,0,0.87794,344.3,49.71,375.98,80.97
15258,4462,3,0.85377,327.2,146.03,389.93,207.02
15259,4462,3,0.84022,150.75,164.38,217.04,225.7
15260,4462,3,0.83939,193.96,81.68,266.03,113.92
15261,4462,12,0.6467,269.65,124.02,304.33,154.71
15262,4462,0,0.45501,269.8,123.8,304.58,154.55
15263,4462,0,0.35981,231.54,23.36,260.59,51.33
15264,4462,12,0.26382,231.07,24.02,260.27,51.35
15265,4462,1,0.05302,231.36,23.45,260.61,51.07
15266,4462,0,0.02615,13.79,120.46,28.15,136.05
15267,4462,11,0.00636,13.72,120.63,28.32,136.07
15268,4462,11,0.00609,269.72,124.22,304.08,154.27
15269,4462,1,0.00491,269.91,123.99,304.38,154.15
15270,4462,11,0.00446,231.43,23.9,260.61,51.44
15271,4462,8,0.00396,490.8,5.86,504.0,41.36
15272,4462,3,0.00344,354.61,146.01,389.22,198.68
15273,4462,8,0.00265,478.63,2.59,503.91,60.64
15274,4462,3,0.00225,327.36,193.93,366.96,204.71
15275,4462,8,0.00196,486.05,0.0,503.96,47.95
15276,4462,8,0.00164,499.97,3.64,504.0,45.85
15277,4462,3,0.00136,194.38,82.48,235.42,114.18
15278,4462,3,0.00136,494.87,36.2,504.0,78.25
15279,4462,3,0.00127,71.91,74.25,95.83,88.98
15280,4462,3,0.00107,150.34,165.63,204.82,205.62
15281,4462,8,0.00104,0.0,26.08,11.71,52.11
15282,4467,14,0.80348,397.62,104.04,423.59,175.72
15283,4467,14,0.78512,314.13,103.12,340.2,172.53
15284,4467,5,0.76424,412.76,131.47,476.48,172.88
15285,4467,14,0.67725,267.48,79.71,310.53,173.71
15286,4467,14,0.60454,141.04,83.52,169.3,162.87
15287,4467,14,0.56062,230.81,88.07,268.38,172.74
15288,4467,5,0.51065,0.0,82.51,150.32,153.53
15289,4467,14,0.4899,245.03,89.06,270.57,173.35
15290,4467,5,0.43979,0.0,13.82,152.6,156.67
15291,4467,14,0.21516,145.3,84.58,180.87,164.73
15292,4467,14,0.1301,160.54,84.85,183.51,165.88
15293,4467,5,0.05955,0.0,89.35,101.17,155.91
15294,4467,14,0.05511,310.6,116.56,330.23,172.16
15295,4467,5,0.01205,28.52,108.18,151.43,153.38
15296,4467,5,0.00594,440.21,80.31,500.0,150.13
15297,4467,5,0.00524,439.21,110.49,499.64,149.14
15298,4467,5,0.00461,181.35,125.42,279.38,159.31
15299,4467,5,0.00387,183.38,126.41,221.79,158.85
15300,4467,14,0.00317,0.03,112.74,3.81,148.11
15301,4467,14,0.00219,162.68,85.94,178.78,128.52
15302,4467,14,0.00206,394.5,129.46,418.07,173.71
15303,4467,14,0.00205,0.04,97.6,9.71,146.8
15304,4467,14,0.00202,393.88,139.89,412.91,177.03
15305,4467,14,0.00185,48.53,103.9,71.06,133.42
15306,4467,14,0.00164,161.12,106.91,181.51,161.6
15307,4467,14,0.00147,179.01,136.71,194.47,160.52
15308,4467,14,0.00139,252.37,90.98,267.28,129.96
15309,4467,14,0.00129,224.14,133.98,247.21,169.7
15310,4467,14,0.00128,0.0,101.06,6.51,138.39
15311,4467,5,0.00127,0.0,111.46,91.54,156.3
15312,4467,14,0.00125,0.04,124.61,4.06,151.31
15313,4467,5,0.00117,456.52,44.47,499.86,208.12
15314,4467,14,0.00101,135.74,98.12,163.1,164.66
15315,4467,5,0.00101,0.76,79.74,62.98,155.68
15316,4479,7,0.87972,357.78,174.96,390.02,201.98
15317,4479,2,0.85972,313.97,122.63,343.24,160.65
15318,4479,6,0.01759,97.6,151.46,119.97,172.32
15319,4479,17,0.00177,137.44,13.47,151.18,28.12
15320,4480,17,0.85535,157.29,83.14,178.12,103.73
15321,4480,17,0.81653,65.22,6.11,85.88,25.38
15322,4480,17,0.16508,286.36,9.92,309.06,26.61
15323,4480,7,0.00242,380.04,70.32,412.06,93.77
15324,4482,17,0.80827,193.55,140.3,212.78,159.47
15325,4482,17,0.22323,172.8,130.39,192.41,149.93
15326,4482,17,0.0534,233.16,101.76,255.13,123.42
15327,4482,17,0.02707,224.57,159.44,258.19,193.49
15328,4482,17,0.01483,413.01,191.39,441.77,222.07
15329,4482,17,0.00304,158.97,0.0,199.46,28.29
15330,4482,17,0.00279,407.82,0.0,434.87,22.15
15331,4482,14,0.00146,410.54,0.0,491.79,0.0
15332,4486,7,0.88845,300.91,26.1,328.37,53.52
15333,4486,2,0.88007,231.5,33.64,264.17,72.99
15334,4486,17,0.00126,301.51,26.57,328.77,53.42
15335,4495,15,0.87021,310.97,55.42,329.72,73.07
15336,4495,6,0.80638,384.41,47.72,436.77,75.85
15337,4495,2,0.00724,154.16,149.14,178.49,174.02
15338,4495,2,0.00452,264.86,103.25,278.81,119.94
15339,4495,2,0.0037,177.36,147.69,196.78,170.64
15340,4495,15,0.00218,386.26,47.69,435.79,73.11
15341,4499,14,0.70563,107.72,16.0,157.07,141.29
15342,4499,14,0.00396,188.43,66.65,241.18,147.92
15343,4499,8,0.00356,154.96,44.28,191.84,82.39
15344,4499,14,0.00343,110.7,25.47,143.68,74.85
15345,4499,16,0.00217,239.99,127.37,283.99,169.74
15346,4499,7,0.00141,214.79,108.16,287.66,170.18
15347,4500,2,0.87141,169.71,128.03,200.13,167.31
15348,4500,17,0.82635,279.4,115.46,295.98,133.18
15349,4500,2,0.69045,188.09,66.79,221.07,95.59
15350,4500,2,0.00233,278.84,88.22,335.8,136.56
15351,4504,2,0.52113,75.9,41.48,106.61,71.03
15352,4504,15,0.06227,212.57,2.61,237.5,32.82
15353,4504,15,0.01322,238.4,38.66,274.26,70.78
15354,4504,8,0.00382,0.0,0.41,34.27,27.28
15355,4504,2,0.00136,150.89,97.01,178.99,120.74
15356,4504,15,0.00116,232.64,71.57,295.59,154.32
15357,4504,5,0.00116,0.0,0.52,21.94,26.59
15358,4519,7,0.87892,122.24,93.05,161.31,122.58
15359,4519,7,0.87728,86.72,16.24,122.36,51.12
15360,4519,17,0.01949,121.87,28.15,137.29,43.04
15361,4519,15,0.01531,122.42,93.09,160.97,122.05
15362,4519,17,0.00854,22.98,211.28,46.25,232.5
15363,4519,6,0.00276,483.71,230.25,498.0,253.0
15364,4519,16,0.00166,86.91,15.58,122.51,49.42
15365,4519,2,0.00147,0.0,57.31,6.64,85.86
15366,4519,14,0.0013,404.78,0.0,487.82,0.0
15367,4525,2,0.84386,278.72,25.03,296.36,48.97
15368,4525,2,0.8424,371.24,83.64,392.16,110.31
15369,4525,2,0.81318,277.89,76.94,297.08,103.85
15370,4525,2,0.79506,393.99,37.96,412.39,63.15
15371,4532,5,0.69242,349.74,60.57,406.17,100.08
15372,4532,5,0.69224,451.2,62.73,506.0,102.9
15373,4532,14,0.24261,0.0,79.89,8.06,116.89
15374,4532,5,0.23344,104.71,74.27,123.95,89.05
15375,4532,14,0.20666,491.14,49.73,506.99,135.93
15376,4532,5,0.19714,115.18,71.93,145.24,88.3
15377,4532,5,0.16469,124.71,73.58,145.05,90.15
15378,4532,5,0.09608,177.08,71.96,198.01,89.22
15379,4532,5,0.07821,201.95,72.68,218.07,87.37
15380,4532,14,0.06039,0.0,73.15,9.7,126.43
15381,4532,14,0.05773,495.97,68.65,506.86,138.86
15382,4532,5,0.05392,175.19,71.54,215.23,93.09
15383,4532,14,0.05282,0.09,74.78,5.47,119.11
15384,4532,5,0.04701,218.47,72.28,239.26,89.75
15385,4532,8,0.04539,17.64,83.89,30.06,103.42
15386,4532,5,0.04108,191.38,71.55,217.59,86.97
15387,4532,5,0.03016,200.33,71.47,239.15,94.78
15388,4532,5,0.03006,107.63,71.28,144.74,97.75
15389,4532,5,0.02598,102.69,71.54,143.14,86.08
15390,4532,5,0.02517,199.01,71.85,220.71,91.86
15391,4532,5,0.02042,254.75,48.9,315.85,92.28
15392,4532,8,0.0174,0.0,81.67,8.77,125.11
15393,4532,8,0.01568,0.11,85.95,4.49,117.8
15394,4532,14,0.0152,494.19,91.25,507.0,134.26
15395,4532,14,0.01415,1.09,78.21,20.11,117.76
15396,4532,5,0.01251,164.48,71.08,197.74,92.57
15397,4532,5,0.01061,450.66,63.47,506.88,128.02
15398,4532,14,0.00946,500.92,87.22,507.0,135.86
15399,4532,5,0.00856,258.05,73.25,279.9,86.81
15400,4532,5,0.00684,2.26,77.7,19.1,93.73
15401,4532,14,0.00575,422.1,92.35,445.62,124.16
15402,4532,5,0.00518,146.83,75.81,161.69,88.13
15403,4532,5,0.00484,185.47,68.33,239.98,96.44
15404,4532,5,0.00442,495.3,60.05,506.89,137.42
15405,4532,14,0.00428,491.4,99.47,507.0,141.49
15406,4532,5,0.00366,179.58,70.52,212.13,86.22
15407,4532,5,0.00355,482.98,57.3,506.95,113.64
15408,4532,5,0.00345,1.33,77.32,30.15,102.66
15409,4532,8,0.00299,0.0,87.99,7.89,138.89
15410,4532,8,0.00299,1.93,79.75,29.79,102.49
15411,4532,5,0.00266,502.07,70.88,507.0,126.55
15412,4532,14,0.00242,501.91,63.01,507.0,140.02
15413,4532,5,0.0024,241.12,70.3,280.75,97.09
15414,4532,14,0.00235,422.06,81.0,452.83,124.25
15415,4532,5,0.00227,99.01,75.89,121.49,87.79
15416,4532,5,0.00219,17.96,83.79,29.68,103.64
15417,4532,5,0.00208,130.09,73.86,148.47,88.15
15418,4532,5,0.00203,498.65,71.26,507.0,126.32
15419,4532,5,0.0019,87.88,75.21,121.88,101.21
15420,4532,14,0.00187,0.0,75.29,5.05,100.73
15421,4532,14,0.00186,498.83,106.92,506.99,133.79
15422,4532,5,0.00178,202.42,69.9,237.42,87.04
15423,4532,14,0.00175,0.12,77.28,11.49,105.44
15424,4532,5,0.00173,75.43,77.14,105.72,98.03
15425,4532,14,0.00156,496.01,107.98,507.0,140.21
15426,4532,14,0.00148,486.54,107.36,507.0,133.08
15427,4532,5,0.00146,198.0,75.63,217.02,94.54
15428,4532,14,0.00143,426.47,111.19,445.5,124.98
15429,4532,8,0.00141,1.96,78.38,20.26,95.07
15430,4532,14,0.00139,491.14,100.6,507.0,189.98
15431,4532,14,0.00133,0.38,77.84,24.2,138.61
15432,4532,5,0.00131,310.85,66.49,351.6,102.48
15433,4532,5,0.0013,220.37,70.43,255.75,96.48
15434,4532,5,0.00124,263.08,72.78,285.87,87.26
15435,4532,14,0.00122,0.03,91.98,4.01,128.65
15436,4532,14,0.00122,0.0,83.65,12.39,117.31
15437,4532,5,0.00117,252.62,64.35,302.34,96.78
15438,4532,5,0.00113,242.68,73.41,264.85,86.49
15439,4532,14,0.00113,17.72,73.93,29.83,87.75
15440,4532,5,0.00112,204.68,67.68,256.01,98.3
15441,4532,5,0.00104,2.57,75.34,29.94,88.65
15442,4532,5,0.00102,258.52,74.4,280.52,94.73
15443,4533,8,0.84385,155.82,99.14,192.09,149.79
15444,4533,8,0.50767,152.14,95.96,232.78,152.62
15445,4533,14,0.39594,0.01,28.45,15.47,75.95
15446,4533,8,0.26534,178.78,75.5,311.85,132.92
15447,4533,14,0.15333,26.33,16.21,40.54,45.08
15448,4533,8,0.11298,143.88,57.66,303.86,138.45
15449,4533,5,0.07812,295.15,0.0,336.75,16.97
15450,4533,8,0.04902,362.94,66.63,446.27,188.07
15451,4533,14,0.02913,0.07,26.31,25.41,75.56
15452,4533,5,0.02881,294.65,0.12,370.34,16.04
15453,4533,8,0.02771,180.48,91.34,232.58,137.26
15454,4533,5,0.02538,89.97,12.86,140.66,34.45
15455,4533,5,0.02058,106.03,13.22,126.38,34.34
15456,4533,5,0.01323,329.94,0.21,371.21,13.65
15457,4533,5,0.01309,236.13,0.51,302.97,20.83
15458,4533,8,0.01079,178.81,85.13,266.78,133.72
15459,4533,5,0.00869,212.39,0.0,319.52,42.64
15460,4533,14,0.00845,27.26,3.32,53.93,45.75
15461,4533,14,0.00792,322.39,0.41,338.62,14.0
15462,4533,8,0.00609,191.27,100.6,219.19,130.6
15463,4533,14,0.00606,21.68,8.73,42.4,46.51
15464,4533,8,0.00551,92.03,15.71,309.99,163.95
15465,4533,14,0.00452,0.08,30.85,10.6,89.45
15466,4533,8,0.00449,168.74,63.4,271.04,134.82
15467,4533,5,0.00447,359.25,65.94,444.29,188.22
15468,4533,5,0.00412,194.42,6.65,234.16,25.84
15469,4533,14,0.00406,19.53,20.55,40.34,46.41
15470,4533,8,0.00382,179.75,96.55,212.31,146.36
15471,4533,8,0.00369,170.08,97.11,202.83,146.65
15472,4533,14,0.00367,120.77,12.2,137.38,36.26
15473,4533,14,0.00365,142.56,2.96,157.56,31.17
15474,4533,14,0.00362,0.06,53.24,6.93,76.42
15475,4533,8,0.0035,215.64,3.52,253.92,22.0
15476,4533,14,0.00338,125.9,12.61,136.79,33.59
15477,4533,14,0.00299,304.2,0.13,338.82,13.89
15478,4533,8,0.00289,194.31,103.75,221.2,154.01
15479,4533,8,0.00246,0.05,56.01,6.81,77.1
15480,4533,8,0.0024,268.55,101.62,303.36,124.06
15481,4533,14,0.00227,0.0,46.4,10.0,76.21
15482,4533,8,0.00226,217.79,4.44,241.06,31.87
15483,4533,5,0.002,103.32,11.91,134.58,31.71
15484,4533,8,0.00199,156.3,99.06,178.62,142.79
15485,4533,14,0.00196,107.11,9.78,139.94,34.53
15486,4533,8,0.00194,160.85,120.97,189.03,145.56
15487,4533,14,0.00189,28.68,23.08,39.63,44.93
15488,4533,14,0.00184,90.26,17.88,107.19,33.66
15489,4533,8,0.00177,202.93,91.12,306.23,133.22
15490,4533,8,0.00174,209.3,89.58,240.72,129.08
15491,4533,8,0.0017,89.26,17.61,107.16,34.25
15492,4533,5,0.0017,225.5,142.05,258.8,158.34
15493,4533,14,0.00162,102.82,13.23,124.22,33.9
15494,4533,14,0.0016,170.34,97.36,205.15,149.53
15495,4533,8,0.00155,177.53,100.13,216.47,132.44
15496,4533,14,0.00146,1.3,10.6,41.98,68.65
15497,4533,8,0.00133,216.13,2.22,255.05,39.26
15498,4533,5,0.00124,0.0,233.8,62.32,235.0
15499,4533,5,0.00121,436.48,0.0,466.82,5.6
15500,4533,14,0.0012,25.52,18.5,51.33,46.68
15501,4533,8,0.00117,193.12,4.81,258.27,25.73
15502,4533,8,0.00104,85.76,12.43,123.5,34.29
15503,4533,8,0.00102,209.92,109.55,232.8,135.11
15504,4547,15,0.93919,347.87,117.09,374.14,145.39
15505,4549,15,0.53772,234.7,5.44,336.25,77.88
15506,4549,15,0.41565,232.33,13.78,295.7,82.85
15507,4549,14,0.00212,488.96,118.64,500.0,163.89
15508,4549,7,0.00121,488.97,120.42,499.99,149.77
15509,4551,7,0.89087,390.57,68.5,418.85,95.42
15510,4551,2,0.87094,319.64,77.46,352.98,117.48
15511,4561,2,0.87774,65.42,92.28,104.4,136.93
15512,4561,17,0.83675,177.65,172.75,200.34,195.17
15513,4561,2,0.81963,199.06,74.5,236.54,106.88
15514,4561,2,0.00111,53.65,124.31,130.17,217.91
15515,4561,2,0.00101,340.99,0.98,385.78,33.75
15516,4562,2,0.85977,347.34,103.16,366.05,129.04
15517,4562,2,0.82087,285.31,60.63,302.48,83.89
15518,4562,2,0.80895,365.09,48.2,380.3,70.54
15519,4562,2,0.78145,418.72,72.1,434.47,95.59
15520,4562,14,0.00164,437.9,0.48,457.09,37.21
15521,4562,2,0.00105,438.08,0.3,457.62,21.56
15522,4575,15,0.91356,408.05,144.99,443.23,180.64
15523,4575,5,0.01016,0.0,0.0,264.08,252.0
15524,4575,8,0.00168,0.0,0.0,39.75,29.42
15525,4575,15,0.00122,402.94,126.79,421.13,133.25
15526,4575,17,0.00118,265.85,103.68,271.07,109.34
15527,4576,11,0.78419,162.46,25.15,209.58,60.95
15528,4576,11,0.74608,32.55,103.76,78.47,141.8
15529,4576,11,0.70981,150.68,64.9,201.24,109.7
15530,4576,11,0.68012,140.83,124.7,191.75,164.58
15531,4576,11,0.61316,234.62,82.26,279.51,126.52
15532,4576,11,0.50327,65.96,52.54,101.59,93.9
15533,4576,11,0.10444,294.13,101.34,313.88,116.8
15534,4576,11,0.07444,235.57,213.69,272.38,237.9
15535,4576,10,0.06397,234.68,81.55,278.21,125.45
15536,4576,10,0.04794,66.32,54.13,101.28,94.11
15537,4576,0,0.03175,141.51,124.21,190.74,165.61
15538,4576,0,0.01851,151.91,66.42,199.12,109.54
15539,4576,0,0.00989,34.89,103.94,79.46,141.5
15540,4576,11,0.00956,258.03,151.51,299.45,170.51
15541,4576,0,0.00757,65.68,53.26,101.72,93.97
15542,4576,0,0.00614,163.83,25.25,209.96,61.31
15543,4576,0,0.00376,234.83,82.89,278.52,125.28
15544,4576,5,0.00162,163.47,25.16,209.86,60.8
15545,4601,0,0.87778,356.23,0.0,402.29,37.9
15546,4601,0,0.61496,271.53,114.53,320.19,164.64
15547,4601,1,0.38755,271.93,114.41,323.17,165.67
15548,4602,16,0.06481,252.21,9.39,309.3,73.03
15549,4602,3,0.04704,373.49,27.06,446.87,105.78
15550,4602,0,0.02673,374.37,27.7,446.93,105.9
15551,4602,16,0.00355,252.83,10.28,311.6,48.32
15552,4602,8,0.0029,345.67,0.0,461.54,108.81
15553,4602,16,0.00144,375.91,27.56,447.41,77.8
15554,4602,8,0.00139,369.83,0.0,462.0,116.03
15555,4609,15,0.29315,311.86,155.66,338.6,184.59
15556,4609,7,0.22188,235.32,91.25,256.25,118.72
15557,4609,15,0.00604,307.48,166.55,335.53,184.89
15558,4609,15,0.00513,273.27,154.24,343.08,255.53
15559,4609,14,0.00348,430.0,10.98,506.51,242.45
15560,4609,15,0.00247,236.34,90.86,256.24,116.73
15561,4609,14,0.00244,238.48,0.0,262.8,8.22
15562,4609,15,0.00201,274.73,103.5,374.0,254.81
15563,4609,2,0.00159,0.0,53.06,21.3,95.22
15564,4615,10,0.85041,341.2,51.77,356.1,63.93
15565,4615,17,0.84366,371.28,52.21,382.78,63.34
15566,4615,10,0.83572,427.57,40.24,441.86,52.13
15567,4615,17,0.82397,403.45,69.91,416.08,82.2
15568,4615,9,0.82387,359.92,72.52,376.37,85.33
15569,4615,11,0.80912,413.79,86.97,426.67,100.34
15570,4615,17,0.73327,397.56,53.48,408.77,64.58
15571,4615,11,0.00847,326.96,119.72,359.49,146.32
15572,4615,5,0.00121,0.15,240.0,50.73,242.0
15573,4615,11,0.00106,406.75,86.25,426.81,100.91
15574,4625,6,0.55413,427.67,171.15,472.55,192.53
15575,4625,6,0.42227,464.46,63.51,497.1,80.63
15576,4625,14,0.27378,133.32,21.98,220.27,220.62
15577,4625,8,0.13429,235.13,18.47,356.54,198.27
15578,4625,14,0.13408,235.75,4.52,358.7,200.89
15579,4625,14,0.05682,162.11,3.24,227.79,78.72
15580,4625,8,0.04035,233.29,0.0,399.17,206.95
15581,4625,14,0.0251,238.15,30.4,293.05,154.45
15582,4625,8,0.0218,127.66,26.62,233.56,240.49
15583,4625,14,0.02008,143.61,0.79,242.03,190.17
15584,4625,14,0.01903,0.0,0.0,16.36,57.87
15585,4625,14,0.01126,357.0,0.22,380.13,34.22
15586,4625,8,0.01096,170.83,21.97,303.02,193.77
15587,4625,8,0.005,298.46,0.0,380.79,162.25
15588,4625,14,0.00479,239.42,40.54,353.13,138.08
15589,4625,8,0.00346,301.62,0.0,381.64,52.72
15590,4625,8,0.00327,136.17,0.0,265.78,197.81
15591,4625,8,0.00251,228.74,2.39,491.04,200.86
15592,4625,6,0.00202,488.97,169.45,503.0,202.12
15593,4625,8,0.00193,214.16,44.47,309.49,190.02
15594,4625,14,0.00166,138.51,39.8,216.24,154.49
15595,4625,8,0.00165,288.19,0.0,443.51,209.51
15596,4625,14,0.00161,348.2,0.0,380.04,46.86
15597,4625,14,0.00151,236.54,77.67,286.47,183.12
15598,4625,6,0.00137,466.22,50.13,503.0,86.69
15599,4625,8,0.00132,259.12,0.79,378.29,108.28
15600,4625,14,0.00131,157.8,3.29,231.13,129.5
15601,4625,6,0.00121,85.79,149.61,175.51,222.28
15602,4625,6,0.00119,465.11,28.97,498.2,80.19
15603,4627,9,0.8438,398.56,53.37,418.11,68.17
15604,4627,17,0.83149,247.93,76.71,261.92,90.15
15605,4627,11,0.57287,406.34,64.56,429.05,82.82
15606,4627,11,0.37774,414.5,93.64,427.75,101.39
15607,4627,17,0.00987,321.64,44.68,340.18,58.72
15608,4627,9,0.00643,321.85,44.71,340.19,59.45
15609,4627,11,0.00408,457.51,136.06,482.47,149.07
15610,4627,11,0.00307,447.22,153.88,468.71,178.93
15611,4627,11,0.00222,474.02,7.78,491.78,18.98
15612,4627,11,0.00125,413.85,93.31,429.11,109.62
15613,4627,11,0.00104,190.4,201.26,204.42,228.4
15614,4631,8,0.34158,0.0,0.64,104.69,38.21
15615,4631,14,0.33752,164.06,0.08,197.92,45.97
15616,4631,8,0.20718,26.82,0.7,90.55,36.57
15617,4631,16,0.17196,130.15,74.09,212.88,168.47
15618,4631,16,0.04515,132.6,75.06,206.74,135.7
15619,4631,16,0.02535,131.55,80.72,177.53,139.3
15620,4631,8,0.02224,0.0,0.0,84.04,29.12
15621,4631,8,0.0145,31.53,0.9,69.88,36.81
15622,4631,14,0.00937,93.81,0.4,116.33,13.58
15623,4631,14,0.00771,100.91,0.58,136.97,13.78
15624,4631,14,0.00676,100.05,0.73,121.24,13.59
15625,4631,14,0.006,167.96,0.78,191.05,40.11
15626,4631,14,0.005,82.58,0.0,114.5,13.22
15627,4631,14,0.00445,480.99,0.58,493.0,16.92
15628,4631,14,0.00429,123.68,0.53,151.23,9.59
15629,4631,8,0.00416,41.64,0.1,79.61,35.55
15630,4631,14,0.00407,240.49,24.08,274.26,60.2
15631,4631,14,0.00388,103.24,0.56,137.29,22.17
15632,4631,16,0.0038,130.08,94.47,171.3,153.4
15633,4631,14,0.0033,165.05,0.94,220.49,36.95
15634,4631,14,0.00309,111.7,0.79,150.34,11.65
15635,4631,14,0.0024,489.48,0.84,492.97,17.65
15636,4631,14,0.00206,28.35,0.43,57.64,20.04
15637,4631,14,0.00172,60.14,0.35,85.09,13.94
15638,4631,14,0.00169,165.06,0.46,186.53,31.48
15639,4631,4,0.00164,488.92,33.25,493.0,39.93
15640,4631,14,0.00164,162.3,0.0,293.38,67.29
15641,4631,8,0.0016,30.14,0.46,59.3,23.53
15642,4631,14,0.00158,70.42,0.47,85.2,13.69
15643,4631,8,0.00158,0.17,0.0,45.77,29.05
15644,4631,5,0.00152,130.98,73.63,212.0,168.8
15645,4631,8,0.00135,158.68,0.75,197.99,45.18
15646,4631,5,0.00135,357.27,1.44,394.31,20.5
15647,4631,14,0.00129,220.6,0.0,303.57,66.77
15648,4631,8,0.00124,97.61,1.04,197.03,45.57
15649,4631,14,0.00124,124.53,0.59,154.53,28.7
15650,4631,14,0.0012,145.04,10.82,157.34,29.81
15651,4631,14,0.00108,157.58,0.84,176.39,27.04
15652,4631,16,0.00104,130.47,118.34,206.7,166.8
15653,4631,8,0.00104,135.5,0.94,269.74,31.15
15654,4631,15,0.00101,489.12,32.61,493.0,50.64
15655,4631,8,0.001,154.46,0.0,292.06,65.97
15656,4642,15,0.85187,379.47,99.23,400.81,122.51
15657,4642,2,0.71474,297.8,64.2,315.14,82.74
15658,4642,9,0.00466,297.97,64.08,315.04,83.08
15659,4642,5,0.00116,231.26,246.19,365.44,247.0
15660,4650,15,0.32412,259.83,58.68,319.62,131.68
15661,4650,15,0.11122,262.26,61.08,344.54,122.47
15662,4650,8,0.00529,373.38,0.27,499.03,104.01
15663,4650,8,0.00314,0.0,2.06,20.88,41.26
15664,4650,15,0.00307,262.06,20.0,369.74,125.6
15665,4650,8,0.00119,333.21,0.51,498.83,75.48
15666,4650,14,0.0011,484.91,120.95,500.0,154.33
15667,4650,4,0.00108,260.34,60.83,342.56,123.21
15668,4654,15,0.83138,279.12,26.91,301.36,48.4
15669,4654,15,0.83132,205.97,44.81,232.06,72.43
15670,4654,15,0.81438,287.89,67.96,312.53,94.21
15671,4654,6,0.0399,470.3,67.56,487.92,143.05
15672,4654,6,0.01935,464.59,59.95,487.96,130.33
15673,4654,6,0.0178,466.81,57.61,487.94,185.42
15674,4654,6,0.00952,417.34,18.98,488.0,105.42
15675,4654,6,0.00767,454.76,40.25,487.86,120.78
15676,4654,6,0.00493,476.69,85.43,488.0,150.15
15677,4654,6,0.00464,483.33,81.12,488.0,153.98
15678,4654,6,0.00365,442.5,51.62,487.99,158.98
15679,4654,6,0.00336,455.25,65.62,487.8,197.97
15680,4654,6,0.00287,415.33,6.17,488.0,162.99
15681,4654,6,0.00125,483.91,59.32,488.0,138.91
15682,4659,17,0.87171,193.43,177.47,206.29,189.89
15683,4659,10,0.86454,253.0,196.35,268.87,210.35
15684,4659,17,0.85344,215.43,192.65,228.46,204.6
15685,4659,10,0.8505,174.71,164.39,188.73,178.62
15686,4659,9,0.81514,145.24,185.88,161.92,198.82
15687,4659,11,0.78689,146.34,218.32,162.45,230.99
15688,4659,9,0.78657,179.0,204.91,195.31,217.58
15689,4659,10,0.00818,5.62,195.16,42.0,218.84
15690,4659,11,0.00207,4.85,195.01,42.05,219.04
15691,4659,5,0.00118,478.02,20.21,498.94,51.64
15692,4666,7,0.78765,356.57,168.38,384.88,199.44
15693,4666,2,0.7614,320.56,111.81,360.87,141.74
15694,4666,2,0.00429,356.83,168.28,385.47,199.82
15695,4674,7,0.89974,42.11,156.92,84.91,196.66
15696,4674,7,0.4418,78.65,73.73,118.77,103.14
15697,4674,5,0.00357,0.18,229.16,59.37,230.0
15698,4674,5,0.00293,109.35,229.51,211.86,230.0
15699,4674,5,0.00203,25.32,229.45,122.5,230.0
15700,4674,5,0.00202,307.59,229.61,400.52,230.0
15701,4674,5,0.00163,144.3,229.45,246.59,230.0
15702,4674,16,0.0014,42.24,156.6,85.13,196.52
15703,4674,5,0.00137,293.88,229.41,372.14,230.0
15704,4674,5,0.00134,54.93,229.57,157.18,230.0
15705,4674,10,0.00125,349.56,74.78,373.52,96.84
15706,4674,5,0.0011,0.0,229.54,81.69,230.0
15707,4675,0,0.89497,248.01,104.33,287.06,142.78
15708,4675,0,0.29862,328.09,134.99,374.3,180.45
15709,4675,1,0.1872,325.67,135.44,376.56,181.38
15710,4675,11,0.15905,326.29,133.74,374.96,180.11
15711,4675,11,0.03134,247.75,102.82,285.95,142.87
15712,4675,6,0.00551,428.88,116.4,464.1,165.09
15713,4675,17,0.00355,248.99,104.17,285.52,143.46
15714,4675,5,0.00258,229.0,230.34,333.35,232.0
15715,4675,5,0.00114,208.42,230.48,297.4,232.0
15716,4675,6,0.00105,407.39,133.76,485.65,232.0
15717,4675,1,0.00102,247.86,104.3,286.13,143.67
15718,4675,5,0.001,141.62,230.7,229.37,232.0
15719,4677,7,0.87605,330.47,96.52,366.12,121.49
15720,4677,7,0.79942,152.48,106.02,185.12,134.09
15721,4677,17,0.00466,484.86,49.9,490.0,77.2
15722,4677,17,0.00266,482.68,40.71,489.88,70.46
15723,4677,17,0.00217,485.59,45.31,490.0,71.51
15724,4678,8,0.74492,239.72,106.15,267.76,146.85
15725,4678,5,0.70049,272.92,110.45,295.15,129.03
15726,4678,16,0.49568,31.84,127.87,46.87,149.67
15727,4678,16,0.4639,17.67,128.08,32.49,150.56
15728,4678,16,0.46067,57.75,127.03,72.0,146.49
15729,4678,16,0.42233,1.11,128.87,19.06,151.69
15730,4678,14,0.35895,301.18,103.97,325.67,143.68
15731,4678,16,0.31625,45.56,127.09,57.73,147.86
15732,4678,16,0.24692,70.77,126.02,83.35,145.15
15733,4678,16,0.21535,92.06,124.92,102.81,142.33
15734,4678,16,0.20012,81.69,125.7,93.2,144.14
15735,4678,16,0.19786,101.69,124.85,112.85,141.67
15736,4678,8,0.19436,302.81,104.31,325.01,144.25
15737,4678,16,0.17281,127.05,125.02,136.97,139.55
15738,4678,16,0.11734,0.59,127.99,32.66,150.71
15739,4678,16,0.11598,119.06,124.35,128.57,139.78
15740,4678,16,0.10435,111.63,124.3,120.49,139.65
15741,4678,16,0.08574,119.29,124.82,136.46,139.85
15742,4678,16,0.08539,31.79,127.42,57.74,148.82
15743,4678,16,0.08425,171.72,119.8,179.86,128.29
15744,4678,16,0.08331,103.14,124.89,120.15,141.15
15745,4678,16,0.07985,63.28,126.29,84.04,145.8
15746,4678,16,0.07453,93.44,125.22,113.29,142.24
15747,4678,14,0.0697,150.65,113.49,161.45,131.49
15748,4678,16,0.05977,45.66,126.98,66.69,147.33
15749,4678,8,0.04809,302.33,110.81,317.35,144.53
15750,4678,16,0.04114,127.4,120.4,138.91,139.05
15751,4678,14,0.03345,243.24,100.87,264.52,119.84
15752,4678,14,0.03261,304.4,111.52,317.43,144.05
15753,4678,16,0.02157,68.18,125.67,89.0,145.2
15754,4678,16,0.0213,131.23,117.51,143.35,128.88
15755,4678,14,0.0196,157.76,96.7,166.12,126.25
15756,4678,16,0.01832,0.02,127.99,3.73,152.66
15757,4678,14,0.01166,318.17,112.53,326.4,142.93
15758,4678,14,0.01135,310.15,112.62,325.41,142.67
15759,4678,16,0.01128,111.2,123.38,128.36,138.99
15760,4678,16,0.0093,127.59,117.7,144.82,139.74
15761,4678,14,0.00705,152.06,105.76,164.12,130.93
15762,4678,16,0.00669,0.05,128.92,8.52,154.85
15763,4678,14,0.00657,239.62,108.69,248.35,121.59
15764,4678,16,0.00606,271.18,166.53,296.85,178.54
15765,4678,14,0.00562,150.56,100.1,162.77,127.58
15766,4678,14,0.00385,144.01,112.93,161.46,131.1
15767,4678,8,0.0037,210.27,114.77,238.4,138.5
15768,4678,16,0.00352,163.71,118.8,180.66,129.48
15769,4678,16,0.00276,83.13,124.48,102.76,143.98
15770,4678,14,0.00255,304.37,104.9,321.08,131.48
15771,4678,8,0.00247,243.43,120.11,263.12,146.81
15772,4678,16,0.00206,131.03,117.06,146.69,132.78
15773,4678,16,0.00176,348.24,147.91,372.08,161.77
15774,4678,14,0.00165,155.97,107.86,167.78,130.08
15775,4678,16,0.00156,109.42,124.74,122.72,142.26
15776,4678,14,0.00148,210.12,113.5,238.47,138.14
15777,4678,5,0.00143,263.05,108.71,283.24,124.18
15778,4678,14,0.00135,317.07,114.24,334.08,141.77
15779,4678,8,0.0013,252.28,109.85,269.81,145.44
15780,4678,14,0.00128,247.95,103.54,271.96,121.02
15781,4678,16,0.00115,365.03,154.57,373.19,161.41
15782,4678,14,0.00108,298.76,113.66,316.19,143.54
15783,4678,14,0.00107,235.95,108.03,251.6,136.42
15784,4678,14,0.00101,475.87,175.84,487.96,230.82
15785,4679,2,0.86381,252.82,161.6,273.2,189.51
15786,4679,2,0.84292,233.57,121.86,253.79,146.03
15787,4679,2,0.84052,363.41,163.26,386.08,191.09
15788,4679,2,0.84022,341.22,107.91,359.57,131.38
15789,4679,2,0.00187,198.05,0.09,239.08,33.66
15790,4680,17,0.84787,121.65,32.46,133.36,43.91
15791,4680,10,0.82221,91.55,32.17,106.15,44.7
15792,4680,11,0.80684,163.34,67.18,176.22,80.61
15793,4680,10,0.80313,178.06,21.18,191.62,32.76
15794,4680,9,0.78271,109.87,53.04,126.79,66.09
15795,4680,9,0.69601,148.21,34.23,159.59,45.2
15796,4680,17,0.51204,153.79,50.44,166.71,62.58
15797,4680,9,0.18385,153.84,50.44,166.85,62.76
15798,4680,11,0.00543,100.04,135.75,112.5,145.25
15799,4680,11,0.00507,67.23,102.06,109.56,128.55
15800,4680,17,0.00451,148.19,34.07,159.55,45.15
15801,4680,9,0.00111,147.89,31.43,172.34,45.53
15802,4687,9,0.83112,432.85,81.5,449.01,98.88
15803,4687,11,0.73652,262.19,114.62,282.37,133.21
15804,4687,9,0.68467,362.31,126.69,384.59,143.77
15805,4687,11,0.65646,376.18,13.84,396.7,24.31
15806,4687,10,0.30886,262.57,114.82,282.47,133.11
15807,4687,9,0.09637,338.11,87.87,357.61,100.61
15808,4687,17,0.02892,391.81,61.51,406.5,76.46
15809,4687,2,0.00273,433.04,81.87,449.29,98.54
15810,4692,0,0.86679,161.23,93.52,189.99,118.43
15811,4692,0,0.85457,277.17,53.76,304.83,74.65
15812,4692,4,0.79111,278.35,126.09,325.24,164.14
15813,4692,4,0.30272,278.5,128.2,305.34,164.12
15814,4692,16,0.06532,19.49,225.06,65.94,246.54
15815,4692,0,0.05901,150.59,131.26,207.41,178.78
15816,4692,4,0.01728,278.71,142.94,305.3,163.9
15817,4692,0,0.01623,232.0,131.39,244.34,145.54
15818,4692,6,0.00736,47.08,46.25,72.62,64.37
15819,4692,11,0.00696,117.51,0.0,142.07,14.38
15820,4692,0,0.00586,355.29,0.0,390.98,25.41
15821,4692,11,0.00565,277.45,53.55,304.53,74.71
15822,4692,0,0.00326,342.74,138.12,374.37,179.61
15823,4692,11,0.00312,0.08,22.62,4.71,33.45
15824,4692,15,0.00296,19.53,225.72,67.38,246.87
15825,4692,0,0.00208,63.28,69.56,89.27,96.15
15826,4692,3,0.00195,342.93,136.53,376.08,180.44
15827,4692,0,0.00166,160.84,93.03,190.05,134.37
15828,4692,0,0.00151,60.4,65.34,99.65,97.05
15829,4692,1,0.00147,161.36,93.56,190.25,118.61
15830,4692,3,0.00132,152.4,130.78,208.55,179.31
15831,4692,0,0.0011,439.64,116.59,493.03,151.32
15832,4697,5,0.77462,251.03,144.62,295.38,176.19
15833,4697,5,0.62649,124.85,142.93,162.12,170.38
15834,4697,5,0.54728,299.01,148.42,320.09,165.52
15835,4697,5,0.50968,56.27,138.07,97.06,166.46
15836,4697,14,0.25773,321.99,148.17,335.58,175.17
15837,4697,5,0.25478,453.02,145.38,466.45,157.14
15838,4697,5,0.22745,405.3,145.12,422.83,159.04
15839,4697,5,0.17837,28.47,138.6,96.44,167.72
15840,4697,5,0.10738,231.98,145.88,253.83,166.17
15841,4697,17,0.05614,462.45,45.03,473.47,55.99
15842,4697,5,0.0532,168.21,145.22,209.39,171.0
15843,4697,14,0.03283,96.2,135.99,125.89,204.56
15844,4697,5,0.02238,28.22,144.42,60.99,166.15
15845,4697,14,0.02129,315.72,145.05,336.18,173.98
15846,4697,5,0.01972,97.31,140.32,128.14,158.74
15847,4697,8,0.01956,483.8,146.97,498.87,176.56
15848,4697,5,0.01394,219.58,144.58,253.62,168.06
15849,4697,17,0.0138,456.08,44.65,474.09,56.73
15850,4697,14,0.01339,326.79,148.83,335.91,172.79
15851,4697,8,0.01059,384.27,152.23,393.59,166.59
15852,4697,8,0.00899,488.66,148.09,499.0,180.83
15853,4697,5,0.00865,384.94,147.26,422.04,166.47
15854,4697,17,0.00834,444.57,44.26,473.78,56.14
15855,4697,8,0.00743,380.63,147.28,388.92,159.72
15856,4697,14,0.00731,201.73,142.64,216.19,159.29
15857,4697,14,0.00676,380.88,146.52,387.89,157.9
15858,4697,8,0.00618,380.21,147.96,392.9,167.01
15859,4697,5,0.00573,211.98,147.53,251.79,164.86
15860,4697,14,0.00565,281.84,162.37,293.04,175.92
15861,4697,14,0.00529,97.44,149.65,119.84,203.09
15862,4697,14,0.0051,98.2,172.86,118.19,203.06
15863,4697,14,0.00501,281.33,155.5,293.68,176.05
15864,4697,5,0.00486,382.24,147.11,397.26,166.57
15865,4697,8,0.00461,485.18,154.03,496.86,173.01
15866,4697,5,0.00456,178.42,152.02,209.17,172.48
15867,4697,14,0.00428,167.85,148.59,178.25,159.65
15868,4697,5,0.00425,380.92,146.6,391.61,165.23
15869,4697,17,0.00405,467.64,56.25,482.04,71.33
15870,4697,5,0.00394,354.83,153.28,376.68,168.82
15871,4697,14,0.00385,278.72,166.48,286.01,175.99
15872,4697,14,0.00379,314.9,144.33,331.46,167.34
15873,4697,8,0.00374,384.13,146.84,396.47,166.38
15874,4697,14,0.00295,284.58,159.75,294.35,175.81
15875,4697,14,0.00256,250.19,159.19,259.38,176.04
15876,4697,5,0.0025,95.07,138.69,126.78,168.67
15877,4697,5,0.00233,421.93,217.62,494.38,240.98
15878,4697,5,0.00225,34.07,142.32,72.96,166.95
15879,4697,5,0.00222,418.09,194.63,499.0,241.0
15880,4697,9,0.00219,467.6,56.05,481.9,71.09
15881,4697,5,0.00203,187.7,153.47,209.1,171.08
15882,4697,14,0.00196,326.93,148.23,335.81,163.7
15883,4697,11,0.00195,250.75,144.2,291.87,175.87
15884,4697,14,0.00191,202.36,144.02,223.04,168.44
15885,4697,14,0.00185,380.97,146.92,397.82,167.29
15886,4697,14,0.00179,278.78,149.19,294.96,175.46
15887,4697,5,0.00178,0.47,118.63,40.6,156.79
15888,4697,5,0.00177,166.19,145.54,205.43,159.31
15889,4697,14,0.0017,371.61,155.94,377.86,167.65
15890,4697,14,0.00169,167.69,148.05,181.11,170.38
15891,4697,5,0.00168,347.63,150.97,376.41,171.2
15892,4697,5,0.00165,478.73,148.21,499.0,173.69
15893,4697,14,0.00165,277.25,163.41,286.74,175.98
15894,4697,5,0.00159,447.46,143.87,465.61,157.14
15895,4697,5,0.00149,213.72,145.03,231.9,161.5
15896,4697,5,0.00149,490.78,182.82,498.94,197.17
15897,4697,5,0.00142,65.81,138.21,125.85,162.9
15898,4697,5,0.00136,28.92,149.17,46.03,166.76
15899,4697,14,0.00135,244.72,154.02,264.11,175.88
15900,4697,14,0.00127,99.47,159.02,139.03,203.24
15901,4697,5,0.00125,210.98,143.93,241.07,163.87
15902,4697,5,0.00124,0.0,150.67,7.78,172.22
15903,4697,8,0.0012,384.91,150.05,402.97,167.08
15904,4697,14,0.0012,99.6,140.82,125.48,161.05
15905,4697,8,0.00119,494.85,148.31,499.0,183.47
15906,4697,5,0.00118,478.07,144.19,497.17,165.28
15907,4697,5,0.00115,225.48,148.75,247.38,167.45
15908,4697,5,0.00114,124.56,161.57,141.09,172.74
15909,4697,14,0.00113,321.64,146.82,347.64,174.46
15910,4697,8,0.00109,375.81,148.13,388.16,160.96
15911,4697,14,0.00109,381.0,146.51,391.76,158.75
15912,4697,5,0.00107,216.08,146.6,238.74,167.22
15913,4697,5,0.00106,109.49,160.05,140.48,174.44
15914,4697,5,0.00106,110.41,140.98,133.41,159.76
15915,4697,14,0.00104,208.13,152.2,230.62,189.28
15916,4697,5,0.00102,378.57,147.13,387.43,159.08
15917,4697,5,0.00101,86.49,142.65,99.99,156.08
15918,4706,2,0.82294,355.29,149.67,376.82,178.71
15919,4706,5,0.00201,0.0,189.98,79.06,253.68
15920,4706,5,0.00106,0.0,59.1,38.05,111.86
15921,4711,5,0.8107,0.0,7.35,100.69,89.4
15922,4711,5,0.72317,241.26,7.06,391.75,88.7
15923,4711,5,0.56697,85.32,10.72,342.16,111.48
15924,4711,5,0.32953,147.05,2.24,395.85,93.83
15925,4711,5,0.04094,103.03,2.75,393.01,187.23
15926,4711,5,0.03366,93.33,11.93,238.71,105.9
15927,4711,14,0.02275,411.22,1.5,448.82,38.46
15928,4711,5,0.00707,0.0,6.02,99.12,53.37
15929,4711,5,0.00493,227.46,4.26,287.4,37.25
15930,4711,5,0.00453,413.53,1.59,452.18,35.35
15931,4711,14,0.00445,407.26,1.98,432.88,38.07
15932,4711,5,0.00409,352.41,1.3,440.96,35.68
15933,4711,5,0.00365,0.0,0.1,37.13,30.92
15934,4711,5,0.00362,263.21,31.54,398.63,88.42
15935,4711,5,0.00337,258.32,4.41,366.61,38.18
15936,4711,5,0.00261,134.22,11.15,250.58,43.33
15937,4711,8,0.0023,92.09,41.85,134.47,97.56
15938,4711,8,0.00208,0.0,10.03,71.88,87.16
15939,4711,5,0.0017,411.75,1.58,474.0,37.21
15940,4711,5,0.00125,100.0,0.0,415.63,227.0
15941,4711,5,0.00119,0.0,46.43,7.96,86.34
15942,4717,2,0.77999,211.05,31.83,232.96,62.63
15943,4717,5,0.00139,0.05,148.37,8.43,166.67
15944,4719,17,0.89985,51.23,39.65,70.65,58.26
15945,4719,9,0.8399,237.24,107.1,264.43,129.58
15946,4719,11,0.40733,232.9,131.31,257.28,162.42
15947,4719,9,0.1025,115.74,107.91,137.73,128.18
15948,4719,6,0.02449,487.37,74.22,498.0,140.15
15949,4719,10,0.01802,237.36,107.19,264.16,129.73
15950,4719,6,0.00679,480.14,36.57,497.74,156.54
15951,4719,6,0.00498,493.28,70.37,498.0,149.75
15952,4719,6,0.00299,472.19,72.79,497.8,160.59
15953,4719,2,0.00178,115.16,107.8,138.04,128.15
15954,4719,9,0.00159,167.36,39.3,192.52,59.45
15955,4719,6,0.00146,482.8,105.28,498.0,153.68
15956,4724,7,0.60136,370.23,36.96,390.5,57.41
15957,4724,8,0.00526,418.41,0.0,489.0,213.39
15958,4724,15,0.00273,370.42,36.89,390.64,57.86
15959,4724,6,0.00118,427.56,51.53,471.37,84.17
15960,4727,5,0.79658,322.73,159.92,465.97,218.39
15961,4727,5,0.78639,177.16,163.01,306.63,214.13
15962,4727,14,0.64421,139.23,113.91,180.27,254.69
15963,4727,5,0.04902,62.4,173.58,149.02,213.09
15964,4727,5,0.0443,304.45,158.82,400.3,213.55
15965,4727,5,0.01742,410.05,124.41,500.0,213.07
15966,4727,5,0.00867,442.76,92.06,500.0,213.4
15967,4727,5,0.00792,267.3,158.93,392.14,204.33
15968,4727,5,0.00758,29.44,178.12,132.87,213.72
15969,4727,5,0.00473,388.08,180.63,463.14,218.71
15970,4727,8,0.0046,117.87,173.02,145.94,211.98
15971,4727,5,0.00431,3.46,103.96,94.51,147.14
15972,4727,5,0.00272,292.68,159.14,390.02,192.59
15973,4727,14,0.00244,133.4,117.17,225.58,245.09
15974,4727,8,0.00175,62.85,176.69,111.1,213.33
15975,4727,14,0.00135,404.67,139.75,415.3,161.12
15976,4738,17,0.84181,128.16,149.63,145.92,168.95
15977,4738,9,0.47143,172.53,171.67,191.29,190.73
15978,4738,2,0.40761,228.76,197.71,249.53,232.87
15979,4738,17,0.30418,172.19,171.52,191.08,190.71
15980,4738,2,0.0272,172.33,171.46,191.38,190.4
15981,4738,9,0.02256,228.98,197.45,249.52,229.3
15982,4738,2,0.00452,127.78,148.64,145.73,168.33
15983,4738,2,0.00178,113.32,143.61,132.24,160.66
15984,4750,14,0.77049,242.24,42.92,274.87,98.27
15985,4750,14,0.65208,38.5,19.66,91.34,123.84
15986,4750,14,0.61951,209.51,49.62,229.63,95.21
15987,4750,14,0.61411,313.95,71.41,339.78,104.63
15988,4750,14,0.18703,26.19,22.92,43.78,57.76
15989,4750,14,0.12085,162.33,55.67,190.49,103.92
15990,4750,14,0.045,152.9,59.94,190.47,113.75
15991,4750,14,0.03792,149.74,59.73,191.64,148.02
15992,4750,14,0.03446,312.22,71.71,340.81,121.65
15993,4750,14,0.02989,194.98,59.41,212.11,96.84
15994,4750,14,0.0247,150.43,61.29,181.54,102.25
15995,4750,14,0.02089,140.91,55.18,191.53,103.36
15996,4750,8,0.02035,284.09,95.57,493.23,178.31
15997,4750,14,0.01952,165.01,55.33,188.6,83.59
15998,4750,14,0.01904,476.51,67.57,494.0,104.42
15999,4750,14,0.01851,0.01,65.86,7.14,101.93
16000,4750,14,0.01619,489.09,63.35,494.0,107.01
16001,4750,14,0.01579,223.22,64.28,244.6,98.3
16002,4750,5,0.00924,377.96,105.31,494.0,153.87
16003,4750,14,0.00757,137.13,61.15,163.54,92.85
16004,4750,8,0.00756,296.18,87.44,460.48,161.66
16005,4750,14,0.00739,471.99,87.01,494.0,160.5
16006,4750,8,0.00682,364.11,99.98,491.29,155.25
16007,4750,14,0.00654,145.5,60.15,171.84,95.54
16008,4750,14,0.00638,472.42,80.4,484.91,108.65
16009,4750,8,0.00635,476.01,101.6,493.92,154.72
16010,4750,8,0.00617,232.81,86.12,425.38,160.43
16011,4750,14,0.00579,402.39,68.24,432.76,141.34
16012,4750,5,0.00557,472.41,75.32,493.92,145.56
16013,4750,14,0.00534,489.83,88.68,494.0,172.87
16014,4750,8,0.00517,183.34,64.07,211.48,96.92
16015,4750,14,0.00515,457.64,78.95,485.08,107.88
16016,4750,14,0.00493,471.03,72.99,488.34,106.46
16017,4750,14,0.00464,399.28,61.42,432.62,112.51
16018,4750,8,0.00458,165.57,68.24,189.64,103.96
16019,4750,14,0.00457,0.0,45.19,11.08,101.46
16020,4750,14,0.00439,481.23,70.75,494.0,115.29
16021,4750,8,0.00418,234.2,51.36,276.31,106.42
16022,4750,8,0.00407,246.19,78.8,274.75,107.21
16023,4750,14,0.00401,205.14,58.29,225.59,97.26
16024,4750,14,0.00396,450.21,75.96,484.25,123.9
16025,4750,14,0.00394,144.57,67.05,164.0,94.13
16026,4750,14,0.0038,165.75,55.53,187.73,73.21
16027,4750,8,0.00341,467.54,88.41,493.9,152.3
16028,4750,8,0.00338,211.78,76.5,361.75,160.07
16029,4750,14,0.00337,0.24,52.14,23.06,102.55
16030,4750,8,0.00336,278.74,100.79,490.92,233.52
16031,4750,14,0.00322,227.67,62.25,253.76,99.77
16032,4750,14,0.0031,489.77,68.15,494.0,132.79
16033,4750,8,0.00287,194.19,65.58,210.81,96.93
16034,4750,8,0.00287,448.0,79.39,493.01,140.39
16035,4750,14,0.00284,0.08,74.8,5.23,100.6
16036,4750,8,0.00272,298.5,110.72,431.63,161.24
16037,4750,14,0.00268,472.44,75.11,494.0,137.13
16038,4750,16,0.00263,472.22,25.52,485.71,40.39
16039,4750,8,0.00262,435.26,99.62,489.73,152.75
16040,4750,14,0.00254,154.96,68.13,187.71,103.89
16041,4750,14,0.00234,473.98,89.44,484.44,110.91
16042,4750,8,0.00231,153.82,97.2,273.91,154.83
16043,4750,14,0.0023,232.8,61.6,248.15,92.78
16044,4750,14,0.00227,163.34,56.86,205.31,99.23
16045,4750,8,0.00226,167.5,82.54,189.33,104.15
16046,4750,14,0.00224,478.47,48.25,494.0,155.89
16047,4750,14,0.00223,477.53,71.55,489.11,100.27
16048,4750,14,0.00222,458.61,61.71,494.0,142.62
16049,4750,14,0.00219,157.94,58.75,187.5,88.39
16050,4750,5,0.00215,449.97,81.43,482.69,106.08
16051,4750,14,0.00211,224.9,65.28,237.84,90.62
16052,4750,14,0.00211,171.05,58.17,192.3,83.3
16053,4750,14,0.00202,465.0,86.95,485.27,115.45
16054,4750,14,0.00201,450.71,81.85,479.37,114.56
16055,4750,14,0.002,183.46,64.57,211.6,96.56
16056,4750,5,0.00199,238.44,93.61,356.3,159.42
16057,4750,5,0.00192,154.26,93.98,287.9,155.21
16058,4750,14,0.00186,0.07,71.66,6.78,115.8
16059,4750,8,0.00178,443.6,62.39,493.59,174.56
16060,4750,8,0.00177,195.37,75.25,209.15,97.24
16061,4750,8,0.00175,291.97,69.66,342.71,131.84
16062,4750,14,0.00168,409.92,84.96,430.2,116.91
16063,4750,14,0.00159,468.43,102.36,493.9,132.77
16064,4750,14,0.00159,446.61,89.13,468.97,107.24
16065,4750,8,0.00153,395.07,104.91,479.09,151.78
16066,4750,8,0.00151,193.72,60.38,407.73,236.36
16067,4750,14,0.00147,486.58,49.82,493.92,100.37
16068,4750,8,0.00147,320.15,118.15,413.09,160.81
16069,4750,16,0.00144,390.65,107.48,429.21,146.16
16070,4750,8,0.00143,449.77,79.87,483.67,120.01
16071,4750,14,0.00139,224.82,74.01,249.62,98.81
16072,4750,8,0.00134,177.22,68.11,205.72,96.8
16073,4750,8,0.00134,134.05,58.59,189.71,99.78
16074,4750,8,0.00133,230.81,72.46,273.91,104.44
16075,4750,14,0.00131,134.29,62.01,153.73,92.12
16076,4750,14,0.00127,355.52,81.89,373.18,101.72
16077,4750,8,0.00123,448.53,90.21,479.11,127.83
16078,4750,5,0.0012,316.1,102.43,434.28,161.96
16079,4750,14,0.0012,388.3,73.7,404.02,95.56
16080,4750,14,0.00119,238.72,61.44,271.08,94.46
16081,4750,14,0.00116,134.11,56.38,144.58,74.93
16082,4750,14,0.00115,486.55,95.22,494.0,149.56
16083,4750,16,0.00114,71.69,60.14,91.44,87.96
16084,4750,8,0.00113,310.86,99.7,345.44,130.82
16085,4750,5,0.00111,259.35,73.76,349.24,131.3
16086,4750,8,0.00106,237.78,63.59,272.32,100.89
16087,4750,5,0.00106,436.98,107.03,468.4,121.02
16088,4750,14,0.00105,232.22,62.01,247.08,80.76
16089,4750,14,0.00105,358.55,81.81,371.21,97.3
16090,4750,14,0.00105,210.74,61.14,239.0,96.64
16091,4750,14,0.00105,462.95,65.68,494.0,114.06
16092,4750,8,0.00103,450.62,86.82,479.61,111.45
16093,4750,14,0.001,197.96,60.06,212.0,85.85
16094,4756,17,0.83657,122.79,125.02,134.3,136.21
16095,4756,10,0.83154,92.74,124.52,107.46,137.44
16096,4756,10,0.83002,178.81,113.59,192.4,125.64
16097,4756,9,0.82724,110.55,145.8,127.4,158.65
16098,4756,11,0.80594,164.15,159.87,176.61,173.33
16099,4756,9,0.6819,149.07,126.71,160.23,137.48
16100,4756,17,0.66707,154.31,143.12,166.79,155.29
16101,4756,17,0.01634,149.22,126.55,160.34,137.41
16102,4756,11,0.00152,151.32,160.29,172.5,174.27
16103,4756,15,0.00124,398.95,125.19,424.64,152.55
16104,4756,11,0.0011,71.48,193.26,109.43,221.75
16105,4762,17,0.864,138.3,54.29,150.44,65.89
16106,4762,10,0.85275,290.34,111.92,304.7,126.73
16107,4762,10,0.41728,163.59,78.55,179.95,92.08
16108,4762,9,0.30942,163.54,78.3,179.75,92.36
16109,4762,17,0.29288,224.1,78.73,239.03,94.84
16110,4762,9,0.19361,223.95,78.67,238.68,94.85
16111,4762,11,0.04081,451.57,112.31,467.47,133.6
16112,4762,17,0.01993,163.54,78.55,179.45,92.64
16113,4762,10,0.00754,281.62,136.86,293.82,148.86
16114,4762,9,0.00413,356.69,118.87,369.76,132.03
16115,4762,0,0.00167,0.0,177.62,18.19,222.59
16116,4767,7,0.80095,62.36,105.26,89.82,123.07
16117,4767,7,0.71372,99.77,16.38,123.45,37.21
16118,4767,7,0.00224,108.08,75.65,133.55,95.35
16119,4768,2,0.84882,378.03,47.16,396.72,71.44
16120,4768,2,0.84339,438.68,93.08,461.19,119.28
16121,4768,2,0.83457,265.0,43.46,286.67,66.14
16122,4768,2,0.79314,292.69,99.31,313.36,120.58
16123,4774,5,0.36276,319.42,0.0,484.27,65.3
16124,4774,8,0.2699,152.14,0.26,204.49,21.05
16125,4774,5,0.23437,182.74,0.0,295.84,40.92
16126,4774,5,0.22317,202.63,0.0,486.0,75.18
16127,4774,8,0.21736,122.51,0.0,191.86,19.42
16128,4774,5,0.11471,149.45,0.0,280.17,35.03
16129,4774,8,0.07013,152.03,0.0,224.33,29.28
16130,4774,5,0.06167,243.05,0.0,486.0,235.5
16131,4774,5,0.055,145.5,0.0,329.59,42.81
16132,4774,5,0.05336,218.82,0.0,481.92,72.52
16133,4774,8,0.04225,184.81,0.0,282.31,40.93
16134,4774,8,0.03604,122.86,0.0,161.15,18.47
16135,4774,5,0.02035,140.53,0.0,470.1,201.19
16136,4774,5,0.01943,236.29,0.0,373.31,39.85
16137,4774,5,0.01775,213.91,0.0,452.7,62.2
16138,4774,5,0.01263,248.12,18.11,485.74,165.94
16139,4774,5,0.01206,220.57,0.0,482.45,92.72
16140,4774,5,0.01148,151.96,0.25,195.9,20.8
16141,4774,5,0.01146,323.06,0.0,484.87,170.17
16142,4774,8,0.00854,139.89,0.0,284.35,29.72
16143,4774,5,0.00755,171.7,0.0,403.73,41.71
16144,4774,5,0.00726,171.59,0.0,436.97,48.58
16145,4774,8,0.00676,144.74,0.0,366.62,43.31
16146,4774,8,0.00499,338.18,0.0,472.24,0.0
16147,4774,8,0.00387,237.65,0.0,359.66,41.64
16148,4774,8,0.00361,337.67,0.43,385.75,61.52
16149,4774,5,0.00281,222.42,0.0,445.12,144.41
16150,4774,5,0.00249,122.64,0.0,158.25,15.25
16151,4774,5,0.00163,238.37,0.0,477.03,0.0
16152,4774,8,0.00142,122.93,0.0,155.8,12.84
16153,4774,14,0.00136,122.94,0.0,157.21,14.15
16154,4774,5,0.00129,264.2,0.0,357.3,34.53
16155,4774,8,0.00112,93.53,0.0,133.52,10.39
16156,4774,5,0.00111,123.47,0.0,175.39,20.04
16157,4784,7,0.8586,406.67,178.97,448.4,214.1
16158,4784,14,0.02782,395.95,0.87,498.47,215.39
16159,4784,8,0.02069,381.86,0.2,498.54,231.27
16160,4784,14,0.00401,449.1,2.37,499.0,176.9
16161,4784,8,0.00381,387.95,0.52,462.44,23.2
16162,4784,8,0.00143,340.04,0.0,497.29,161.68
16163,4784,14,0.00112,409.87,0.0,486.93,0.0
16164,4784,14,0.00107,471.61,5.57,498.88,140.09
16165,4784,8,0.00103,444.3,0.0,499.0,231.51
16166,4784,14,0.00101,398.4,0.0,499.0,90.01
16167,4790,0,0.91042,145.87,161.44,192.01,214.41
16168,4790,0,0.90689,185.07,57.79,228.56,97.85
16169,4790,1,0.79148,375.57,79.48,424.53,130.49
16170,4790,0,0.08006,378.13,82.05,424.55,128.75
16171,4791,0,0.85044,293.95,75.18,338.53,121.42
16172,4791,1,0.71153,142.33,112.73,199.29,164.97
16173,4791,0,0.34258,143.52,113.44,197.11,165.45
16174,4791,1,0.03319,145.1,131.41,194.11,165.18
16175,4792,2,0.82526,317.49,67.79,335.3,81.41
16176,4792,2,0.79637,432.44,82.07,451.36,97.99
16177,4792,2,0.78836,392.51,66.02,409.84,78.97
16178,4792,2,0.52666,356.2,89.18,373.34,100.73
16179,4792,2,0.00524,151.44,0.0,182.25,24.16
16180,4792,2,0.00457,251.74,101.6,285.35,136.22
16181,4792,2,0.00231,178.06,0.34,204.86,24.94
16182,4810,15,0.84489,34.29,164.85,68.02,198.5
16183,4810,15,0.84086,65.72,132.98,87.79,156.29
16184,4810,15,0.78181,140.07,158.69,166.13,185.83
16185,4810,5,0.00172,0.0,220.63,39.64,247.38
16186,4812,9,0.85885,221.68,48.57,237.64,63.8
16187,4812,10,0.84905,292.49,73.39,307.08,88.42
16188,4812,10,0.83587,161.87,54.18,178.42,68.48
16189,4812,17,0.7613,132.96,33.79,145.35,45.72
16190,4812,11,0.0819,331.68,20.24,347.03,29.64
16191,4812,11,0.00614,172.92,119.1,185.9,133.02
16192,4812,11,0.00309,329.16,20.01,347.44,34.29
16193,4812,11,0.00216,452.54,54.56,468.68,75.81
16194,4812,11,0.001,234.43,27.22,246.54,41.61
16195,4820,15,0.80779,160.69,103.19,210.27,152.18
16196,4820,14,0.00579,297.12,107.75,383.48,242.57
16197,4820,14,0.00151,353.21,1.28,433.38,132.43
16198,4820,7,0.00136,163.12,105.01,208.43,150.62
16199,4820,14,0.00102,330.54,1.26,497.87,127.68
16200,4822,7,0.84821,410.39,156.64,446.68,185.61
16201,4822,7,0.79371,230.69,161.96,263.66,191.04
16202,4822,5,0.00279,0.02,117.32,8.24,133.4
16203,4822,5,0.00228,0.0,116.35,14.39,133.03
16204,4822,5,0.00185,0.0,116.48,10.58,139.24
16205,4822,8,0.00165,403.57,0.27,469.86,26.69
16206,4822,17,0.00151,230.88,162.35,264.92,191.29
16207,4822,16,0.00143,230.67,161.56,263.65,191.47
16208,4822,5,0.0013,438.86,0.74,468.75,20.19
16209,4824,7,0.7193,136.05,95.05,160.61,118.86
16210,4824,7,0.17692,124.59,144.47,154.64,168.14
16211,4824,2,0.00183,27.68,177.77,59.32,213.5
16212,4824,6,0.0011,124.88,142.66,154.97,166.73
16213,4835,10,0.89521,398.93,188.45,421.42,207.54
16214,4835,10,0.88946,262.02,151.71,283.92,169.36
16215,4835,17,0.85867,360.86,172.48,378.63,189.2
16216,4835,9,0.82552,351.64,134.58,369.76,151.2
16217,4835,9,0.80793,407.7,147.47,430.99,166.02
16218,4835,11,0.80158,374.84,107.23,390.33,121.33
16219,4835,9,0.76934,320.89,166.52,337.85,182.74
16220,4835,0,0.00175,374.91,106.85,390.35,121.34
16221,4835,14,0.00166,0.0,88.68,59.43,249.74
16222,4835,10,0.00106,261.81,152.59,274.14,167.86
16223,4837,2,0.84821,394.31,31.37,425.03,69.06
16224,4837,17,0.81174,307.33,16.97,324.18,32.14
16225,4837,2,0.77198,283.7,67.35,322.99,96.59
16226,4837,2,0.01739,307.69,17.43,324.08,32.58
16227,4837,2,0.01077,424.22,61.7,465.49,101.38
16228,4837,2,0.00249,323.68,94.65,363.04,132.98
16229,4837,2,0.00202,350.45,72.65,383.08,95.68
16230,4837,2,0.00123,247.6,13.03,287.84,48.9
16231,4839,2,0.65725,330.88,132.83,358.63,153.71
16232,4839,7,0.64539,392.31,155.36,417.01,174.0
16233,4839,17,0.05578,392.62,155.52,417.27,173.99
16234,4839,17,0.00395,487.75,153.07,494.0,176.5
16235,4839,17,0.00192,330.85,133.22,358.36,153.91
16236,4839,17,0.00138,487.55,139.31,494.0,181.86
16237,4839,17,0.0012,484.48,142.02,494.0,176.7
16238,4842,10,0.7908,200.72,33.64,217.13,48.86
16239,4842,0,0.76404,143.7,42.43,159.54,60.0
16240,4842,0,0.73614,51.56,51.68,66.96,67.85
16241,4842,0,0.50312,165.96,31.87,179.87,47.18
16242,4842,11,0.50203,69.21,38.68,85.37,55.51
16243,4842,0,0.28169,108.81,45.77,123.98,62.72
16244,4842,11,0.22586,51.71,51.29,67.29,67.93
16245,4842,10,0.2073,108.85,46.27,124.11,62.72
16246,4842,17,0.10602,108.82,46.01,123.93,62.54
16247,4842,0,0.08889,69.18,38.55,85.43,55.33
16248,4842,1,0.0592,108.85,45.75,124.16,62.46
16249,4842,12,0.02359,200.85,33.31,217.03,48.66
16250,4842,8,0.02309,388.65,0.0,494.0,103.57
16251,4842,10,0.02032,143.79,42.86,159.48,60.09
16252,4842,6,0.01606,99.15,164.48,135.02,183.04
16253,4842,1,0.01339,165.8,31.69,180.28,47.61
16254,4842,7,0.01011,98.96,164.44,135.47,182.94
16255,4842,8,0.00933,455.33,0.19,493.98,34.33
16256,4842,16,0.00531,69.17,38.65,85.02,55.46
16257,4842,8,0.00429,373.27,0.0,493.05,107.69
16258,4842,8,0.00413,430.48,0.2,493.19,37.43
16259,4842,8,0.00367,471.01,0.0,493.91,40.74
16260,4842,8,0.00287,434.31,0.0,493.99,123.02
16261,4842,8,0.00178,382.32,0.2,468.43,30.43
16262,4842,14,0.00112,489.43,0.0,494.0,54.75
16263,4842,16,0.00105,57.74,110.63,84.95,133.15
16264,4847,14,0.72842,11.86,157.95,40.91,217.55
16265,4847,5,0.5562,33.06,135.17,88.15,165.58
16266,4847,8,0.41926,64.88,154.96,126.29,217.8
16267,4847,8,0.41351,122.67,141.88,188.26,209.37
16268,4847,8,0.4059,184.66,151.13,214.91,204.2
16269,4847,8,0.1526,63.28,160.54,93.44,216.3
16270,4847,8,0.14524,65.94,176.75,122.26,217.26
16271,4847,5,0.12717,370.26,113.66,424.67,142.75
16272,4847,8,0.11509,153.05,134.73,190.04,157.99
16273,4847,14,0.09161,243.05,167.97,265.43,196.99
16274,4847,8,0.08998,103.18,143.51,152.12,213.46
16275,4847,5,0.07802,156.51,135.13,189.15,157.0
16276,4847,5,0.05338,422.45,142.02,484.64,168.79
16277,4847,8,0.04717,108.24,138.43,211.4,209.95
16278,4847,8,0.04261,67.56,147.4,158.37,216.76
16279,4847,8,0.04162,125.26,160.97,151.68,210.79
16280,4847,8,0.04156,148.8,145.75,185.25,208.05
16281,4847,8,0.03425,30.48,138.18,84.74,171.25
16282,4847,8,0.03392,64.71,175.43,84.81,203.19
16283,4847,8,0.03181,157.31,151.62,215.1,204.88
16284,4847,8,0.03037,111.04,149.35,132.55,195.64
16285,4847,16,0.02775,243.82,168.55,265.16,196.05
16286,4847,8,0.02605,29.94,143.24,62.53,172.35
16287,4847,8,0.02478,0.1,160.17,43.27,211.1
16288,4847,8,0.01911,119.92,145.49,154.92,211.29
16289,4847,8,0.01785,0.0,161.19,18.65,198.47
16290,4847,8,0.01784,151.81,134.21,191.43,191.63
16291,4847,5,0.01431,287.5,148.79,354.26,171.67
16292,4847,8,0.01424,63.21,143.29,217.68,214.52
16293,4847,8,0.0129,0.21,154.8,50.1,191.76
16294,4847,8,0.01196,0.0,155.24,27.05,193.55
16295,4847,8,0.00942,112.18,144.58,145.79,193.41
16296,4847,8,0.00926,79.07,159.13,103.2,217.47
16297,4847,8,0.0082,159.2,163.75,185.49,207.98
16298,4847,8,0.00777,81.53,150.83,115.85,202.54
16299,4847,8,0.00756,20.06,144.4,56.63,175.99
16300,4847,14,0.0074,184.95,153.78,213.98,204.21
16301,4847,8,0.00717,93.42,160.17,120.46,215.42
16302,4847,5,0.00591,422.19,144.27,465.29,166.67
16303,4847,8,0.00581,0.0,148.88,15.15,188.04
16304,4847,8,0.00539,68.16,176.47,95.7,216.71
16305,4847,8,0.00491,64.62,177.01,79.77,213.73
16306,4847,5,0.00472,330.75,151.72,352.57,171.17
16307,4847,8,0.00411,138.21,143.58,160.04,201.12
16308,4847,8,0.0041,65.08,173.54,89.68,210.51
16309,4847,5,0.00409,33.4,141.17,72.63,166.39
16310,4847,8,0.00392,153.52,152.39,178.19,208.78
16311,4847,8,0.00381,32.67,145.31,70.99,167.88
16312,4847,8,0.00376,87.2,185.43,121.07,217.53
16313,4847,8,0.00365,87.77,145.01,133.08,197.96
16314,4847,8,0.00358,69.1,155.12,105.99,210.96
16315,4847,8,0.00356,63.87,133.26,88.27,165.21
16316,4847,8,0.00351,135.06,149.54,165.2,210.97
16317,4847,8,0.00318,119.94,143.13,144.52,185.42
16318,4847,8,0.00318,171.6,134.22,190.42,157.33
16319,4847,14,0.00303,475.79,118.61,485.0,171.1
16320,4847,8,0.00292,140.84,137.95,184.97,179.41
16321,4847,8,0.00252,123.34,148.73,146.65,198.21
16322,4847,8,0.00241,0.0,155.27,10.29,201.15
16323,4847,8,0.0024,28.22,147.59,46.57,172.79
16324,4847,8,0.00216,174.95,133.86,192.02,164.9
16325,4847,8,0.00216,97.64,153.97,129.99,195.47
16326,4847,5,0.00212,422.75,145.83,452.21,169.22
16327,4847,5,0.00209,365.75,102.41,484.19,142.86
16328,4847,8,0.00208,116.48,142.55,160.27,194.01
16329,4847,8,0.00194,479.66,118.56,485.0,172.92
16330,4847,8,0.00186,140.53,140.59,164.7,177.54
16331,4847,14,0.00183,480.36,113.47,485.0,176.71
16332,4847,8,0.00179,145.46,141.8,167.95,168.07
16333,4847,14,0.00171,175.2,155.12,206.71,202.69
16334,4847,8,0.00165,474.49,123.68,485.0,168.24
16335,4847,14,0.00149,95.58,152.72,129.19,212.76
16336,4847,8,0.00142,0.01,161.52,4.58,196.07
16337,4847,8,0.00123,145.07,142.9,171.27,199.34
16338,4847,8,0.00123,12.58,147.45,47.91,208.72
16339,4847,8,0.00123,100.82,168.19,135.48,212.03
16340,4847,5,0.00121,365.29,51.71,484.38,163.83
16341,4847,8,0.00119,9.83,136.77,63.4,173.26
16342,4847,8,0.00114,138.26,141.84,155.91,178.43
16343,4847,8,0.00113,37.23,134.16,152.81,217.66
16344,4847,8,0.00112,130.51,154.69,156.43,209.0
16345,4847,8,0.00111,166.47,171.75,186.74,205.71
16346,4847,14,0.0011,370.32,114.94,393.44,142.14
16347,4847,5,0.0011,156.9,135.57,183.76,150.45
16348,4847,8,0.00106,176.72,161.82,211.6,204.89
16349,4847,5,0.00106,365.9,112.64,445.51,145.88
16350,4847,8,0.00106,0.0,161.16,8.2,225.8
16351,4847,8,0.00104,65.19,176.32,78.12,196.45
16352,4847,8,0.00103,0.0,146.01,9.91,174.9
16353,4848,17,0.87406,162.29,49.09,177.01,62.22
16354,4848,10,0.83828,35.17,127.45,56.03,150.73
16355,4848,9,0.79842,150.64,107.98,170.74,128.03
16356,4848,11,0.39689,462.22,185.42,471.83,193.9
16357,4848,9,0.23371,70.31,77.32,89.85,93.9
16358,4854,14,0.65436,286.65,140.52,296.31,164.88
16359,4854,14,0.64038,128.87,141.17,144.8,171.77
16360,4854,14,0.58689,245.99,143.51,260.53,167.29
16361,4854,16,0.40862,434.06,218.57,499.09,254.88
16362,4854,14,0.29745,411.94,146.15,424.66,173.9
16363,4854,16,0.28044,138.47,178.98,167.63,202.65
16364,4854,14,0.25247,426.3,143.47,439.07,174.26
16365,4854,14,0.23863,206.22,148.32,215.71,166.79
16366,4854,16,0.22364,422.69,179.15,470.59,201.45
16367,4854,14,0.18042,454.61,148.72,469.17,177.9
16368,4854,14,0.179,427.36,142.9,443.93,177.28
16369,4854,14,0.17472,188.04,144.22,215.63,167.46
16370,4854,14,0.1704,264.57,140.66,273.51,163.41
16371,4854,14,0.16391,441.58,153.18,457.04,177.96
16372,4854,16,0.15663,67.09,204.56,91.46,227.46
16373,4854,14,0.15653,436.06,141.84,447.77,171.58
16374,4854,14,0.11606,175.15,162.63,186.11,177.51
16375,4854,16,0.10831,149.83,211.16,213.66,249.72
16376,4854,16,0.10633,441.81,152.86,457.2,178.27
16377,4854,16,0.10455,361.85,171.66,395.66,193.97
16378,4854,16,0.07621,421.02,179.61,493.29,203.45
16379,4854,14,0.06628,433.04,143.58,450.14,176.63
16380,4854,16,0.05775,432.89,218.72,481.49,248.57
16381,4854,16,0.05622,206.65,171.24,264.89,195.56
16382,4854,16,0.05506,138.4,177.83,189.62,202.95
16383,4854,14,0.04685,187.84,145.99,196.76,162.2
16384,4854,14,0.03701,457.85,155.5,473.07,178.85
16385,4854,16,0.03625,172.95,215.73,213.74,248.35
16386,4854,14,0.03107,463.89,157.11,473.96,178.84
16387,4854,16,0.02832,139.09,176.22,227.33,202.28
16388,4854,16,0.02667,247.57,168.72,291.19,191.85
16389,4854,14,0.02608,361.34,148.21,377.26,174.41
16390,4854,14,0.02469,490.07,138.6,500.0,173.26
16391,4854,16,0.02459,150.47,210.06,182.34,241.77
16392,4854,14,0.02439,204.62,146.36,219.74,163.85
16393,4854,16,0.02405,392.63,177.81,469.04,201.14
16394,4854,14,0.02401,444.28,148.36,468.25,177.98
16395,4854,14,0.02396,435.94,142.5,448.99,160.42
16396,4854,16,0.02371,414.98,178.18,446.66,198.11
16397,4854,14,0.0231,189.59,143.06,216.64,182.19
16398,4854,16,0.02036,151.71,174.69,192.57,200.24
16399,4854,16,0.02009,392.99,176.01,436.26,198.86
16400,4854,14,0.01969,134.66,146.59,147.2,171.85
16401,4854,14,0.01884,431.11,154.94,443.26,177.77
16402,4854,14,0.01805,422.8,143.45,436.21,172.23
16403,4854,14,0.01721,62.03,128.24,83.76,154.82
16404,4854,16,0.01715,383.42,194.22,431.19,222.65
16405,4854,16,0.0171,122.17,172.12,148.6,191.91
16406,4854,16,0.01523,66.39,189.14,93.73,227.2
16407,4854,14,0.01366,494.34,140.66,500.0,173.81
16408,4854,16,0.01352,66.33,179.1,103.48,227.24
16409,4854,14,0.01225,209.82,148.71,222.5,161.8
16410,4854,16,0.01208,446.57,184.72,498.4,206.0
16411,4854,14,0.0117,461.54,150.83,474.4,178.1
16412,4854,14,0.01125,417.45,145.37,430.8,175.0
16413,4854,14,0.01086,263.24,141.55,278.34,164.67
16414,4854,16,0.01036,292.33,165.91,331.04,191.59
16415,4854,14,0.00953,175.8,162.58,191.76,178.91
16416,4854,14,0.00912,373.36,149.54,390.14,171.81
16417,4854,16,0.0091,434.84,180.2,476.71,203.59
16418,4854,16,0.00905,483.91,184.82,499.93,220.57
16419,4854,14,0.00891,55.51,128.71,79.06,155.19
16420,4854,14,0.00884,436.54,153.45,451.28,178.15
16421,4854,14,0.00882,352.08,146.7,377.26,174.78
16422,4854,16,0.00872,207.79,168.78,302.88,195.65
16423,4854,14,0.00869,455.18,148.35,467.16,168.1
16424,4854,16,0.00868,77.92,178.19,112.99,213.49
16425,4854,16,0.00828,244.73,164.31,321.09,193.02
16426,4854,16,0.00764,66.54,185.19,134.28,228.38
16427,4854,16,0.00752,140.38,231.66,174.11,252.46
16428,4854,16,0.00724,130.19,232.2,169.91,256.0
16429,4854,14,0.00696,248.66,143.77,258.01,163.63
16430,4854,14,0.00679,206.15,146.97,224.59,161.12
16431,4854,14,0.00659,455.17,147.01,476.85,178.17
16432,4854,14,0.00633,413.47,144.09,441.71,176.55
16433,4854,16,0.00626,493.45,179.98,499.98,230.18
16434,4854,14,0.00625,299.52,139.5,311.9,151.61
16435,4854,14,0.00618,411.03,150.12,419.2,173.98
16436,4854,14,0.00609,286.7,141.19,306.35,164.03
16437,4854,16,0.00607,359.33,171.42,447.05,197.42
16438,4854,16,0.00602,474.41,216.14,499.95,256.0
16439,4854,16,0.00567,124.93,206.54,183.19,254.5
16440,4854,16,0.00506,431.52,221.18,467.23,246.82
16441,4854,14,0.00495,180.75,163.77,192.46,177.09
16442,4854,16,0.00477,118.16,177.09,163.23,206.27
16443,4854,16,0.0047,326.65,168.19,402.0,195.47
16444,4854,14,0.00466,215.77,149.44,224.58,161.56
16445,4854,14,0.00444,387.33,147.71,415.99,173.91
16446,4854,14,0.00433,406.22,146.52,423.09,172.4
16447,4854,14,0.00432,372.05,146.55,384.97,162.39
16448,4854,14,0.0043,307.8,136.43,329.03,164.65
16449,4854,16,0.00409,328.07,166.84,371.06,193.11
16450,4854,16,0.00407,140.22,220.45,178.38,254.92
16451,4854,14,0.00397,393.03,147.12,406.51,170.87
16452,4854,14,0.00391,320.72,150.8,332.13,166.75
16453,4854,14,0.00382,311.83,145.18,332.34,166.39
16454,4854,5,0.00375,495.84,132.46,499.97,144.8
16455,4854,16,0.0037,177.96,174.41,231.25,196.09
16456,4854,16,0.00369,203.31,178.7,226.21,195.69
16457,4854,16,0.00368,90.56,173.91,162.7,210.55
16458,4854,14,0.00311,188.16,144.53,201.96,164.44
16459,4854,14,0.00305,201.1,146.21,219.97,181.46
16460,4854,14,0.00304,463.02,154.7,482.36,179.27
16461,4854,14,0.00301,183.91,148.74,196.82,164.33
16462,4854,16,0.00301,187.45,216.38,213.32,241.51
16463,4854,16,0.00299,463.55,219.61,500.0,250.2
16464,4854,14,0.00297,176.73,160.36,214.93,181.76
16465,4854,16,0.0028,393.81,194.26,442.52,225.03
16466,4854,14,0.00279,369.1,148.31,385.88,170.38
16467,4854,14,0.00267,494.75,139.61,500.0,203.08
16468,4854,16,0.00267,165.48,177.04,194.6,199.4
16469,4854,14,0.00259,362.42,148.86,387.3,172.95
16470,4854,16,0.00256,143.83,225.31,193.03,255.47
16471,4854,14,0.00255,394.32,147.5,405.24,159.73
16472,4854,16,0.0025,495.37,183.6,500.0,215.6
16473,4854,14,0.00249,454.84,161.59,471.04,179.2
16474,4854,16,0.00249,449.01,201.49,499.79,252.12
16475,4854,14,0.00248,257.15,141.38,274.23,163.76
16476,4854,14,0.00247,435.58,149.16,457.03,174.14
16477,4854,14,0.00233,251.42,139.2,276.74,169.17
16478,4854,16,0.00232,352.82,193.78,433.26,222.84
16479,4854,16,0.00227,475.39,230.36,500.0,256.0
16480,4854,14,0.00219,376.79,146.74,387.23,169.5
16481,4854,14,0.00219,441.84,161.4,450.62,178.6
16482,4854,16,0.00213,473.34,185.74,499.54,208.65
16483,4854,16,0.0021,64.5,179.19,168.69,227.45
16484,4854,16,0.00207,107.6,171.71,145.84,208.59
16485,4854,16,0.00207,136.36,187.68,186.59,233.42
16486,4854,14,0.00205,457.39,184.17,496.48,205.91
16487,4854,16,0.00204,96.73,162.51,125.26,182.87
16488,4854,16,0.002,67.02,182.94,113.36,217.9
16489,4854,16,0.00196,131.73,179.32,162.22,198.65
16490,4854,16,0.00196,396.97,190.99,470.75,225.17
16491,4854,16,0.00196,119.71,171.52,159.91,199.05
16492,4854,5,0.00194,174.23,170.81,222.0,200.31
16493,4854,16,0.00189,244.86,177.8,263.59,192.47
16494,4854,14,0.00185,304.46,139.15,312.99,151.68
16495,4854,14,0.00182,291.92,146.39,321.57,165.08
16496,4854,14,0.00182,206.63,159.61,219.44,168.98
16497,4854,16,0.00179,119.8,228.32,163.97,255.79
16498,4854,16,0.00175,277.79,166.36,341.31,192.77
16499,4854,14,0.00173,425.81,142.74,447.16,159.56
16500,4854,14,0.00173,423.32,153.28,432.35,174.3
16501,4854,14,0.00171,486.04,144.25,500.0,196.7
16502,4854,14,0.00169,164.0,161.38,188.28,175.69
16503,4854,16,0.00168,487.36,186.59,499.98,239.76
16504,4854,16,0.00167,224.81,175.18,266.19,193.98
16505,4854,14,0.00163,480.23,146.99,500.0,170.16
16506,4854,14,0.00162,36.97,128.43,97.48,171.75
16507,4854,16,0.0016,368.72,171.37,401.61,197.19
16508,4854,16,0.00157,237.57,170.47,265.22,192.91
16509,4854,16,0.00154,357.01,177.38,437.72,223.04
16510,4854,14,0.00153,226.38,144.14,259.55,166.94
16511,4854,16,0.00153,466.46,186.87,499.78,255.68
16512,4854,14,0.00152,112.34,138.0,140.73,170.79
16513,4854,16,0.00151,197.51,226.96,248.82,253.4
16514,4854,16,0.0015,166.68,164.24,192.48,194.96
16515,4854,16,0.00147,205.19,168.64,223.3,187.23
16516,4854,14,0.00146,254.13,142.45,263.1,163.07
16517,4854,14,0.00145,413.9,146.46,422.63,168.09
16518,4854,14,0.00141,443.33,148.07,467.59,163.87
16519,4854,16,0.0014,147.76,203.33,187.79,234.6
16520,4854,16,0.00137,85.06,163.29,153.37,195.11
16521,4854,16,0.00137,83.91,178.51,110.29,198.43
16522,4854,16,0.00137,196.39,172.29,225.71,195.62
16523,4854,16,0.00136,391.04,179.21,467.23,219.02
16524,4854,16,0.00131,256.63,164.85,362.68,193.48
16525,4854,16,0.00129,342.32,168.18,369.33,192.39
16526,4854,14,0.00128,61.82,127.05,104.09,157.81
16527,4854,14,0.00128,104.17,141.9,145.74,173.45
16528,4854,16,0.00126,143.66,175.37,221.01,225.39
16529,4854,14,0.00125,456.48,146.46,470.64,166.2
16530,4854,14,0.00124,341.86,148.63,367.64,173.7
16531,4854,14,0.00122,280.94,144.43,296.98,166.25
16532,4854,14,0.00119,176.51,144.45,197.15,160.64
16533,4854,14,0.00117,134.35,152.61,150.15,173.55
16534,4854,14,0.00115,378.74,150.37,392.13,172.17
16535,4854,14,0.00114,294.23,138.63,329.57,163.71
16536,4854,16,0.00114,75.09,191.7,109.87,230.5
16537,4854,16,0.00112,285.02,164.54,318.12,190.62
16538,4854,16,0.00109,478.84,172.83,500.0,211.62
16539,4854,16,0.00108,375.48,161.96,434.92,199.6
16540,4854,14,0.00105,261.89,145.96,298.53,166.34
16541,4854,14,0.00103,196.94,143.9,222.37,164.29
16542,4854,5,0.00102,483.45,136.85,500.0,171.44
16543,4854,5,0.00101,492.16,131.38,500.0,165.85
16544,4861,14,0.75925,258.2,159.42,282.56,230.03
16545,4861,14,0.74473,351.74,135.0,386.56,232.76
16546,4861,14,0.71464,212.43,170.99,244.84,231.3
16547,4861,8,0.69258,433.79,152.4,494.96,243.73
16548,4861,14,0.6524,124.42,147.08,185.61,239.59
16549,4861,14,0.32359,147.83,148.61,184.92,239.95
16550,4861,5,0.02386,0.27,159.13,38.68,201.01
16551,4861,8,0.0149,472.83,191.81,494.97,256.0
16552,4861,14,0.01375,226.47,171.89,243.5,206.65
16553,4861,14,0.00758,462.69,151.02,494.24,215.23
16554,4861,8,0.00696,480.06,207.08,494.94,256.0
16555,4861,14,0.00611,230.23,172.8,242.29,188.87
16556,4861,8,0.00572,445.06,155.1,472.16,227.2
16557,4861,8,0.00572,449.49,146.36,495.0,210.75
16558,4861,8,0.00463,430.01,153.29,475.29,227.61
16559,4861,5,0.00462,0.35,136.37,42.91,201.19
16560,4861,14,0.00417,478.38,139.97,494.98,185.66
16561,4861,8,0.00409,488.6,204.16,495.0,256.0
16562,4861,8,0.00333,482.3,227.68,494.96,256.0
16563,4861,14,0.00312,482.9,137.85,495.0,170.15
16564,4861,14,0.00306,490.34,77.74,495.0,161.68
16565,4861,8,0.0026,487.66,223.77,495.0,256.0
16566,4861,8,0.00238,470.12,145.76,494.88,207.76
16567,4861,8,0.00213,490.63,194.01,495.0,256.0
16568,4861,8,0.00171,452.88,152.08,485.85,225.37
16569,4861,16,0.00166,216.11,171.58,244.22,228.81
16570,4861,14,0.00165,260.03,176.39,278.99,229.0
16571,4861,14,0.00162,150.41,148.33,180.55,196.07
16572,4861,14,0.00154,487.07,139.07,494.98,174.71
16573,4861,14,0.00152,489.64,139.17,495.0,189.81
16574,4861,14,0.00151,481.5,125.55,495.0,164.38
16575,4861,14,0.0014,486.99,131.31,494.96,164.37
16576,4861,14,0.00135,213.25,171.72,242.26,188.65
16577,4861,14,0.00133,480.99,80.32,495.0,157.0
16578,4861,14,0.00129,260.92,160.05,282.11,205.28
16579,4861,8,0.00116,440.72,158.92,468.86,204.71
16580,4861,5,0.00114,0.0,138.42,33.77,183.89
16581,4861,14,0.00113,482.02,149.37,495.0,222.56
16582,4861,14,0.00101,463.91,139.59,494.9,183.37
16583,4862,8,0.74594,52.29,120.96,81.92,145.14
16584,4862,8,0.6847,379.92,94.69,498.72,228.15
16585,4862,8,0.65033,63.24,134.5,199.27,205.99
16586,4862,14,0.6252,222.62,96.64,243.1,137.11
16587,4862,14,0.37343,139.29,102.9,161.42,137.36
16588,4862,14,0.25172,260.55,108.06,273.16,135.04
16589,4862,14,0.15416,88.43,99.46,136.41,153.54
16590,4862,8,0.12998,64.11,148.86,141.69,204.69
16591,4862,14,0.11947,83.91,98.85,137.04,181.65
16592,4862,8,0.10143,122.98,133.3,199.42,201.24
16593,4862,14,0.09941,111.94,101.81,136.24,139.94
16594,4862,14,0.08601,105.55,99.54,137.74,151.26
16595,4862,14,0.06547,256.98,107.73,277.58,147.96
16596,4862,14,0.03411,495.52,86.84,499.99,115.42
16597,4862,14,0.0308,166.29,114.59,178.81,139.4
16598,4862,8,0.0293,127.4,134.83,185.35,178.84
16599,4862,14,0.02538,92.95,98.41,136.73,136.02
16600,4862,14,0.02247,153.53,101.14,163.31,120.92
16601,4862,14,0.02104,154.99,124.05,172.98,141.13
16602,4862,14,0.01659,338.31,68.51,358.26,128.86
16603,4862,14,0.01569,153.65,119.24,169.45,139.93
16604,4862,14,0.0152,116.19,98.28,136.06,123.31
16605,4862,14,0.01453,253.96,107.54,278.82,168.32
16606,4862,14,0.01428,487.11,87.24,500.0,117.74
16607,4862,14,0.01033,262.52,109.43,277.02,136.36
16608,4862,14,0.00992,161.55,112.81,185.22,138.82
16609,4862,14,0.00976,147.87,107.25,169.36,139.96
16610,4862,14,0.00906,141.96,107.52,182.47,139.75
16611,4862,8,0.00834,75.4,136.37,140.82,185.3
16612,4862,14,0.00669,38.17,111.54,48.07,128.83
16613,4862,14,0.00634,150.64,113.18,178.71,140.24
16614,4862,14,0.00618,161.57,122.66,177.55,141.07
16615,4862,14,0.00555,105.57,98.24,134.91,130.31
16616,4862,14,0.00552,259.32,107.74,285.85,137.15
16617,4862,8,0.00516,129.94,133.6,153.17,175.61
16618,4862,14,0.00461,136.86,102.0,177.49,178.66
16619,4862,14,0.00448,434.6,65.51,457.22,98.28
16620,4862,14,0.00436,260.13,108.24,270.74,123.89
16621,4862,8,0.00429,441.69,84.23,499.81,230.05
16622,4862,14,0.00425,132.06,104.22,158.92,133.27
16623,4862,14,0.00401,278.63,80.58,303.49,136.68
16624,4862,14,0.0035,121.92,99.92,149.1,137.14
16625,4862,14,0.00347,270.4,111.25,279.31,136.11
16626,4862,14,0.00331,272.42,108.75,283.86,135.89
16627,4862,14,0.0032,224.98,96.51,254.02,138.08
16628,4862,14,0.00316,326.38,65.94,356.83,136.13
16629,4862,14,0.00315,110.4,97.73,133.38,116.51
16630,4862,14,0.00313,167.71,115.23,184.01,141.51
16631,4862,8,0.00304,463.73,113.47,499.75,225.64
16632,4862,14,0.003,162.78,111.73,179.16,134.74
16633,4862,14,0.00298,426.35,62.63,465.87,148.09
16634,4862,14,0.00295,166.73,110.38,187.88,136.26
16635,4862,14,0.00274,479.75,86.88,499.99,129.75
16636,4862,5,0.00256,359.77,60.24,485.12,99.04
16637,4862,5,0.00241,301.31,117.82,333.51,131.93
16638,4862,14,0.00239,107.13,101.53,121.34,121.7
16639,4862,14,0.00231,77.82,124.36,142.67,178.64
16640,4862,8,0.00224,489.33,158.91,499.97,226.62
16641,4862,8,0.00212,64.61,168.88,112.22,204.34
16642,4862,8,0.00211,481.06,170.16,499.93,226.34
16643,4862,14,0.00203,383.8,88.87,424.22,142.0
16644,4862,14,0.00199,152.25,101.67,168.5,128.38
16645,4862,14,0.00197,483.33,89.76,499.29,113.43
16646,4862,14,0.0019,484.85,90.62,495.61,109.3
16647,4862,8,0.00176,365.32,93.89,402.46,141.68
16648,4862,14,0.0017,156.36,100.63,164.4,117.34
16649,4862,14,0.00169,148.62,106.8,179.31,128.79
16650,4862,14,0.00167,114.97,100.43,153.82,162.01
16651,4862,14,0.00167,89.98,101.21,123.12,143.98
16652,4862,14,0.00155,89.45,101.0,122.73,127.1
16653,4862,14,0.00131,99.39,104.02,120.54,128.69
16654,4862,14,0.00131,489.25,80.07,499.88,112.3
16655,4862,8,0.00128,475.54,144.57,499.91,226.65
16656,4862,8,0.00123,140.74,147.43,168.65,178.69
16657,4862,8,0.00122,492.98,152.08,500.0,230.4
16658,4862,8,0.00119,0.28,77.19,45.05,255.03
16659,4862,14,0.00115,41.68,111.27,51.2,129.57
16660,4862,14,0.00113,216.28,103.91,229.67,120.23
16661,4862,14,0.00107,99.88,111.55,160.65,181.6
16662,4865,15,0.85847,114.4,143.99,136.04,163.78
16663,4865,15,0.84445,121.92,183.86,147.14,209.41
16664,4865,15,0.82184,38.51,160.73,66.03,188.15
16665,4865,6,0.00676,294.56,170.84,340.99,230.58
16666,4865,6,0.00584,274.15,153.82,326.12,227.76
16667,4865,6,0.00545,240.8,140.45,326.36,231.01
16668,4867,17,0.82578,371.12,7.71,385.26,22.19
16669,4867,9,0.77251,385.4,100.63,407.51,123.64
16670,4867,9,0.67039,431.9,48.82,450.82,68.27
16671,4867,17,0.24245,337.02,59.12,353.56,79.26
16672,4867,11,0.08055,346.5,100.59,368.33,126.8
16673,4867,9,0.06243,144.38,132.67,170.41,150.75
16674,4867,11,0.03331,188.28,144.12,204.82,163.08
16675,4867,2,0.00645,144.14,132.69,170.34,151.08
16676,4867,6,0.00261,466.46,117.07,497.58,170.9
16677,4867,6,0.00163,469.81,146.85,493.24,163.01
16678,4871,14,0.39694,0.0,0.23,13.54,24.06
16679,4871,14,0.2053,15.64,0.64,27.38,22.9
16680,4871,14,0.17115,231.07,0.16,247.27,20.43
16681,4871,14,0.10364,6.94,0.0,27.34,23.86
16682,4871,8,0.09597,165.91,3.13,211.02,24.36
16683,4871,14,0.04657,226.27,2.19,247.87,40.12
16684,4871,14,0.02589,222.31,16.91,247.54,40.61
16685,4871,14,0.02266,229.81,0.27,258.2,24.26
16686,4871,14,0.02157,230.95,5.35,248.71,23.94
16687,4871,14,0.00686,227.18,13.62,242.33,39.69
16688,4871,17,0.00623,246.21,41.49,272.36,59.13
16689,4871,14,0.0062,225.19,23.47,241.27,40.46
16690,4871,14,0.00439,0.0,0.0,13.02,22.97
16691,4871,14,0.00393,228.5,12.42,244.22,28.48
16692,4871,14,0.00354,230.33,12.07,246.36,23.58
16693,4871,14,0.00351,233.17,0.0,254.38,18.67
16694,4871,5,0.00337,232.78,10.39,259.65,23.51
16695,4871,14,0.00224,226.83,23.93,250.56,39.96
16696,4871,14,0.0018,239.18,25.77,249.78,40.06
16697,4871,17,0.00177,299.83,192.93,309.4,206.01
16698,4871,8,0.00175,230.89,10.96,258.38,24.29
16699,4871,5,0.00156,0.0,111.78,36.32,155.14
16700,4871,14,0.00149,216.85,19.52,242.27,39.86
16701,4871,14,0.00127,0.04,2.98,6.38,24.85
16702,4871,8,0.00124,230.43,6.18,269.59,23.46
16703,4871,8,0.00104,145.23,5.5,204.38,27.89
16704,4871,14,0.00103,241.61,0.0,261.26,17.66
16705,4871,8,0.00101,457.2,2.17,484.0,23.47
16706,4883,17,0.6701,355.22,174.46,371.61,192.75
16707,4883,17,0.60297,407.87,202.2,425.42,219.08
16708,4883,9,0.25794,313.27,155.33,331.93,170.65
16709,4883,2,0.0633,407.79,202.24,425.33,219.05
16710,4883,2,0.04661,355.06,174.43,371.51,193.17
16711,4883,2,0.0121,312.89,155.26,331.47,170.7
16712,4883,2,0.00434,0.0,0.0,18.11,19.96
16713,4888,2,0.85899,175.82,103.83,198.66,131.2
16714,4888,2,0.85856,63.44,102.63,84.49,131.38
16715,4888,2,0.83535,156.48,48.37,175.66,72.88
16716,4888,2,0.79277,46.78,62.11,66.26,87.01
16717,4888,2,0.00151,46.47,62.37,65.94,105.35
16718,4899,2,0.84878,272.11,175.61,294.82,202.95
16719,4899,2,0.84768,143.79,133.69,163.62,158.11
16720,4899,2,0.84527,162.31,174.33,182.91,201.66
16721,4899,2,0.82611,251.37,120.73,270.14,143.71
16722,4899,2,0.001,234.69,145.93,267.4,179.14
16723,4904,15,0.76057,196.48,69.03,216.47,87.43
16724,4904,15,0.74106,251.37,57.1,272.05,75.26
16725,4904,15,0.69281,247.56,90.82,274.1,114.87
16726,4904,8,0.00939,0.3,0.71,44.37,36.45
16727,4904,7,0.00731,247.43,90.7,275.61,115.01
16728,4908,0,0.86415,73.49,126.92,120.01,166.62
16729,4908,0,0.57403,171.74,88.24,215.27,129.05
16730,4908,1,0.37024,170.98,87.03,216.08,128.87
16731,4908,11,0.04185,74.0,123.47,121.59,167.37
16732,4908,11,0.02217,168.3,84.67,215.62,128.98
16733,4908,1,0.00133,73.91,127.07,121.27,167.87
16734,4911,5,0.01911,342.57,0.0,433.12,108.28
16735,4911,3,0.01818,343.12,0.0,432.37,107.27
16736,4911,5,0.00548,4.09,96.1,148.9,244.0
16737,4911,3,0.00388,346.8,70.75,430.79,106.51
16738,4911,5,0.00109,0.0,0.0,154.71,227.0
16739,4911,2,0.00106,76.66,0.0,101.31,18.63
16740,4918,2,0.85179,277.28,147.05,308.76,187.56
16741,4918,17,0.82985,386.42,127.83,404.07,144.86
16742,4918,2,0.5281,290.87,86.51,323.79,114.33
16743,4918,2,0.00839,296.36,137.98,338.61,174.28
16744,4918,2,0.00281,276.66,171.43,351.21,245.67
16745,4936,0,0.90569,273.58,125.37,312.84,165.81
16746,4936,0,0.86992,297.62,73.36,332.42,110.18
16747,4936,0,0.86751,355.93,130.56,394.0,167.63
16748,4936,1,0.06082,297.13,74.2,332.49,110.37
16749,4936,11,0.01403,355.65,134.73,391.32,167.43
16750,4936,17,0.00385,297.79,75.17,333.98,110.49
16751,4936,6,0.00354,0.0,179.46,16.87,215.8
16752,4936,6,0.00186,0.0,156.87,16.53,204.56
16753,4939,0,0.89198,297.61,116.65,342.51,162.25
16754,4939,0,0.63655,119.66,114.31,164.83,160.25
16755,4939,1,0.38939,118.62,114.15,167.27,161.55
16756,4939,6,0.00256,417.32,50.72,473.42,89.81
16757,4950,17,0.78535,344.18,22.42,361.85,41.1
16758,4950,17,0.67087,388.85,42.12,408.25,60.98
16759,4950,2,0.08935,447.26,66.44,469.49,101.68
16760,4950,2,0.02908,344.29,22.94,362.0,41.46
16761,4950,2,0.01302,389.35,42.11,408.98,61.26
16762,4950,2,0.01034,447.59,67.07,469.22,87.4
16763,4950,3,0.00327,408.45,18.03,433.45,29.7
16764,4953,5,0.78444,0.44,132.94,44.66,162.09
16765,4953,5,0.72902,228.51,133.97,266.52,162.2
16766,4953,5,0.57718,74.21,136.2,112.73,164.39
16767,4953,14,0.53036,399.56,123.67,418.8,159.67
16768,4953,14,0.49826,388.85,128.97,397.73,151.72
16769,4953,14,0.25092,400.27,124.13,416.11,149.83
16770,4953,14,0.248,274.98,135.68,287.47,160.67
16771,4953,8,0.11309,398.25,126.01,419.93,160.44
16772,4953,14,0.10434,269.76,133.81,286.66,161.77
16773,4953,8,0.06545,398.52,141.62,419.87,160.49
16774,4953,5,0.03526,43.25,132.66,78.01,154.09
16775,4953,5,0.03355,187.75,134.82,216.28,155.51
16776,4953,5,0.02628,0.0,139.53,18.33,162.84
16777,4953,14,0.02402,148.28,133.37,166.03,149.71
16778,4953,14,0.0195,150.81,133.52,171.48,152.9
16779,4953,14,0.01638,388.98,127.66,402.77,152.75
16780,4953,14,0.01544,265.3,131.66,279.31,152.38
16781,4953,14,0.01473,266.35,130.92,284.89,146.1
16782,4953,5,0.01451,199.53,136.43,216.91,154.6
16783,4953,14,0.01401,321.35,136.92,328.22,154.89
16784,4953,14,0.01358,495.27,119.88,499.0,157.5
16785,4953,8,0.0125,446.52,132.02,470.24,156.1
16786,4953,5,0.01113,371.99,205.42,483.05,241.0
16787,4953,14,0.01008,150.94,133.3,177.4,159.64
16788,4953,15,0.00898,0.07,46.94,11.15,63.64
16789,4953,5,0.00809,173.17,133.29,216.75,157.17
16790,4953,14,0.0078,126.01,106.58,151.44,146.31
16791,4953,14,0.00773,388.91,130.66,408.2,156.79
16792,4953,14,0.00592,495.1,115.49,499.0,186.62
16793,4953,14,0.00588,164.94,135.3,186.33,158.34
16794,4953,14,0.00574,150.27,133.01,179.25,175.89
16795,4953,5,0.0056,43.5,133.85,99.43,157.05
16796,4953,8,0.00546,451.99,136.35,469.43,155.58
16797,4953,14,0.00543,46.28,132.47,86.49,199.65
16798,4953,14,0.00517,334.99,137.18,342.3,151.77
16799,4953,8,0.00504,434.52,136.81,445.58,154.1
16800,4953,5,0.005,0.03,138.32,11.28,162.82
16801,4953,5,0.00429,182.76,138.11,201.2,156.53
16802,4953,14,0.00371,467.35,127.55,477.29,140.21
16803,4953,14,0.00365,332.23,134.08,342.66,151.57
16804,4953,8,0.00361,429.16,128.5,470.01,156.65
16805,4953,14,0.00351,260.66,132.56,288.69,161.55
16806,4953,14,0.00342,490.96,121.34,499.0,172.41
16807,4953,5,0.00323,59.85,135.38,79.67,154.91
16808,4953,5,0.00316,160.35,133.53,200.5,158.31
16809,4953,14,0.00314,434.65,137.77,446.06,153.86
16810,4953,8,0.003,429.35,130.52,448.2,155.38
16811,4953,14,0.0028,50.12,161.48,70.69,198.03
16812,4953,5,0.00277,429.61,128.35,470.24,155.31
16813,4953,14,0.0027,267.97,129.87,291.07,151.84
16814,4953,14,0.00269,376.43,128.76,397.36,151.65
16815,4953,14,0.00254,259.48,142.6,272.51,163.5
16816,4953,14,0.00253,49.64,150.8,76.39,198.48
16817,4953,14,0.00236,50.05,150.02,93.83,198.46
16818,4953,5,0.00227,0.06,113.23,21.61,138.77
16819,4953,5,0.00215,343.48,0.0,453.51,36.84
16820,4953,14,0.00199,134.92,106.42,153.25,145.56
16821,4953,14,0.00199,167.63,126.62,187.71,145.38
16822,4953,5,0.00196,440.89,164.49,455.45,173.19
16823,4953,14,0.00194,144.24,133.28,168.69,163.85
16824,4953,8,0.00193,434.62,133.79,449.52,155.87
16825,4953,14,0.00175,276.02,134.84,290.53,153.69
16826,4953,14,0.0017,119.53,110.79,170.75,165.35
16827,4953,16,0.0017,134.68,176.62,143.71,184.98
16828,4953,14,0.00169,167.1,134.7,185.61,149.88
16829,4953,14,0.00167,428.17,131.41,437.45,144.68
16830,4953,16,0.00166,452.93,136.56,469.77,153.54
16831,4953,14,0.00161,335.85,133.69,348.14,150.83
16832,4953,14,0.00157,173.86,138.02,185.07,158.42
16833,4953,5,0.00154,298.62,136.53,328.14,156.36
16834,4953,14,0.00154,260.74,138.2,276.5,157.52
16835,4953,14,0.00153,480.91,106.0,498.83,185.48
16836,4953,5,0.00152,57.22,144.46,92.35,166.25
16837,4953,14,0.00152,138.45,132.76,178.21,163.36
16838,4953,14,0.00148,151.43,132.3,179.12,146.28
16839,4953,14,0.00146,364.51,132.8,370.73,140.22
16840,4953,5,0.00134,336.72,131.42,371.86,151.86
16841,4953,5,0.0013,357.22,131.2,370.47,143.25
16842,4953,14,0.00129,120.38,111.89,151.08,164.74
16843,4953,14,0.00128,402.93,127.04,429.21,159.91
16844,4953,14,0.00128,181.84,124.64,193.63,143.07
16845,4953,5,0.00122,428.99,129.38,450.0,153.57
16846,4953,5,0.0012,371.94,128.75,390.12,145.36
16847,4953,8,0.0012,364.41,132.52,372.3,144.94
16848,4953,14,0.00119,316.07,137.04,328.05,154.85
16849,4953,17,0.00117,408.52,27.68,419.58,38.81
16850,4953,5,0.00115,439.7,134.37,468.33,153.9
16851,4953,8,0.00114,183.33,138.71,200.13,157.22
16852,4953,5,0.00112,158.54,144.44,179.54,164.16
16853,4953,5,0.00111,452.72,136.39,469.48,154.06
16854,4953,14,0.00111,259.24,131.42,279.59,144.91
16855,4953,14,0.00111,326.81,135.09,341.86,152.46
16856,4953,14,0.00109,321.9,135.29,332.77,152.55
16857,4953,14,0.00109,167.77,122.14,194.82,144.33
16858,4953,5,0.00108,364.68,133.01,370.93,141.45
16859,4953,11,0.00106,229.19,134.49,264.71,161.23
16860,4953,8,0.00106,481.06,116.79,498.92,184.49
16861,4953,14,0.00106,131.78,132.71,166.39,150.37
16862,4953,5,0.00106,154.94,136.42,181.78,149.79
16863,4953,5,0.00105,0.01,113.46,8.88,140.86
16864,4953,5,0.00103,280.68,0.0,497.21,153.74
16865,4956,14,0.75504,196.27,49.81,212.2,102.12
16866,4956,14,0.67047,53.19,33.07,96.17,72.29
16867,4956,8,0.61949,40.85,62.71,98.74,138.12
16868,4956,5,0.38092,117.68,60.51,137.44,79.31
16869,4956,14,0.34437,135.34,55.76,148.09,85.66
16870,4956,14,0.09645,101.97,58.9,116.22,86.08
16871,4956,14,0.05991,159.57,58.65,173.19,85.92
16872,4956,8,0.02857,159.78,59.53,172.54,85.75
16873,4956,14,0.02737,54.74,28.18,98.8,109.59
16874,4956,14,0.01817,199.27,62.71,213.92,100.89
16875,4956,8,0.01811,8.99,59.3,27.13,80.31
16876,4956,14,0.00788,46.55,37.88,95.09,124.06
16877,4956,8,0.00736,62.71,63.56,95.76,137.98
16878,4956,8,0.00685,144.96,62.3,167.47,85.02
16879,4956,8,0.00615,145.64,64.59,159.04,84.38
16880,4956,14,0.00552,160.37,58.58,172.12,77.11
16881,4956,8,0.00543,103.65,59.74,116.94,85.88
16882,4956,14,0.00482,0.11,66.21,7.83,83.04
16883,4956,14,0.00467,202.4,54.97,215.64,99.73
16884,4956,5,0.0044,249.3,62.39,278.2,85.91
16885,4956,14,0.00439,58.31,53.75,96.76,126.17
16886,4956,14,0.00367,55.98,72.82,97.69,139.81
16887,4956,14,0.00336,146.66,56.52,173.64,85.69
16888,4956,14,0.00295,194.59,59.12,205.15,99.48
16889,4956,16,0.00269,136.04,115.76,162.19,127.39
16890,4956,14,0.00224,193.16,68.21,209.27,100.58
16891,4956,14,0.00201,153.03,58.38,173.13,73.57
16892,4956,14,0.00183,52.39,63.92,92.26,99.45
16893,4956,14,0.00168,51.54,56.87,88.01,84.69
16894,4956,14,0.00151,345.89,67.23,357.67,107.56
16895,4956,14,0.00148,103.21,58.64,116.47,75.18
16896,4956,14,0.00147,97.23,58.0,117.21,81.12
16897,4956,14,0.00141,136.15,55.92,155.82,85.48
16898,4956,14,0.00139,198.07,74.06,212.53,100.44
16899,4956,14,0.00136,207.05,56.72,222.35,96.08
16900,4956,8,0.00134,27.86,54.85,42.29,79.85
16901,4956,8,0.00128,160.17,67.86,171.56,86.33
16902,4956,14,0.00125,483.12,83.82,487.0,111.92
16903,4956,5,0.00121,222.04,62.04,279.4,88.64
16904,4956,14,0.00118,102.84,58.97,125.82,82.53
16905,4956,14,0.00115,46.16,65.21,102.06,128.21
16906,4956,8,0.00111,14.93,56.49,36.41,80.57
16907,4956,14,0.00111,56.99,64.35,95.11,87.28
16908,4956,14,0.00108,188.86,49.86,215.02,100.53
16909,4956,14,0.00103,43.74,37.9,93.3,83.44
16910,4956,14,0.00102,64.2,32.57,87.36,64.56
16911,4956,14,0.00102,483.2,76.86,487.0,102.09
16912,4963,7,0.87475,342.42,152.36,371.03,177.99
16913,4963,2,0.84447,302.94,181.38,333.41,219.19
16914,4963,4,0.00312,207.75,194.42,261.97,233.87
16915,4963,17,0.00163,493.4,165.86,497.0,188.91
16916,4963,16,0.00105,302.97,181.19,334.62,218.31
16917,4964,15,0.25101,274.76,49.59,323.94,97.22
16918,4964,14,0.12881,407.47,24.54,487.0,249.0
16919,4964,15,0.05474,274.27,46.01,325.48,78.2
16920,4964,7,0.02046,274.5,47.33,324.21,94.06
16921,4964,14,0.01196,365.38,0.0,485.8,238.71
16922,4964,14,0.00217,479.49,75.29,487.0,226.77
16923,4964,16,0.00144,0.09,0.68,39.54,36.59
16924,4966,14,0.79678,332.62,88.42,360.61,152.69
16925,4966,14,0.64864,69.1,115.71,85.71,148.72
16926,4966,16,0.57201,9.97,118.92,38.9,155.96
16927,4966,14,0.4971,39.91,124.04,61.82,153.68
16928,4966,14,0.45682,185.82,125.97,211.7,163.81
16929,4966,14,0.22821,88.69,139.25,98.24,148.97
16930,4966,14,0.19047,398.11,97.67,420.5,128.78
16931,4966,14,0.15626,58.9,124.29,70.03,143.36
16932,4966,8,0.14702,201.38,115.93,229.9,139.35
16933,4966,14,0.10569,487.3,55.55,498.91,125.37
16934,4966,8,0.093,8.37,119.12,39.2,155.87
16935,4966,14,0.08469,198.15,127.9,216.51,163.35
16936,4966,14,0.0833,85.77,139.01,99.46,159.99
16937,4966,14,0.07523,41.71,123.6,51.95,139.09
16938,4966,14,0.07491,405.54,98.45,421.96,127.88
16939,4966,14,0.05509,40.81,123.75,54.75,150.3
16940,4966,14,0.04398,87.72,138.6,99.83,152.74
16941,4966,14,0.03402,201.07,115.53,224.51,162.83
16942,4966,14,0.02785,54.83,125.25,67.89,144.4
16943,4966,14,0.02288,153.0,116.77,174.79,155.58
16944,4966,14,0.02082,28.58,123.29,41.79,155.57
16945,4966,14,0.0208,474.85,53.25,498.9,127.43
16946,4966,14,0.01531,87.49,138.9,105.4,163.2
16947,4966,14,0.01488,210.36,117.1,229.12,138.0
16948,4966,14,0.01457,80.75,133.55,98.89,149.46
16949,4966,14,0.0131,201.5,118.71,215.7,155.64
16950,4966,14,0.0116,29.48,123.59,52.67,154.78
16951,4966,14,0.01072,32.07,123.01,52.43,140.86
16952,4966,14,0.00971,186.25,126.62,205.04,149.4
16953,4966,14,0.009,181.0,107.73,194.65,124.92
16954,4966,8,0.0085,211.37,118.06,229.34,138.42
16955,4966,14,0.00779,50.72,128.22,62.28,147.27
16956,4966,14,0.00644,188.05,122.42,216.1,154.13
16957,4966,14,0.00563,200.02,115.69,232.86,150.52
16958,4966,14,0.00556,406.43,97.94,437.91,128.05
16959,4966,14,0.00528,89.82,125.36,97.81,138.73
16960,4966,14,0.00523,290.32,102.03,302.3,134.11
16961,4966,14,0.00478,395.89,97.75,412.02,126.62
16962,4966,14,0.00456,10.63,116.91,38.85,156.71
16963,4966,14,0.00445,201.11,116.52,222.05,143.4
16964,4966,14,0.00422,73.7,138.0,100.53,164.29
16965,4966,11,0.00415,489.58,55.33,498.95,89.39
16966,4966,14,0.00391,183.3,108.09,191.63,124.07
16967,4966,14,0.00387,187.42,133.05,206.0,163.95
16968,4966,14,0.00384,41.82,121.2,51.45,134.21
16969,4966,14,0.00379,174.23,107.91,192.28,125.05
16970,4966,14,0.00343,420.12,63.3,448.51,129.19
16971,4966,14,0.00312,493.23,50.91,499.0,131.01
16972,4966,14,0.00302,303.52,119.07,312.51,133.46
16973,4966,14,0.003,404.02,91.16,448.27,128.77
16974,4966,14,0.00299,194.89,115.83,219.72,136.21
16975,4966,16,0.00297,20.59,121.24,39.97,155.37
16976,4966,14,0.00293,89.42,125.27,97.15,133.31
16977,4966,14,0.00292,88.73,135.37,97.72,147.73
16978,4966,14,0.00284,213.3,118.2,237.84,141.29
16979,4966,14,0.00281,189.13,115.92,219.2,145.87
16980,4966,8,0.00265,202.55,117.71,243.33,143.3
16981,4966,14,0.00263,494.68,80.98,499.0,126.14
16982,4966,14,0.00261,155.96,120.44,164.86,128.84
16983,4966,14,0.00257,42.24,139.83,53.05,153.93
16984,4966,14,0.00251,205.26,116.79,224.78,136.84
16985,4966,14,0.0025,155.47,126.64,168.23,155.4
16986,4966,14,0.00224,407.21,97.36,419.36,121.62
16987,4966,14,0.00221,154.6,110.43,161.14,126.34
16988,4966,14,0.0022,41.83,124.02,69.79,138.77
16989,4966,14,0.00219,407.66,97.23,418.37,112.37
16990,4966,16,0.00214,6.62,124.21,32.05,156.28
16991,4966,14,0.0019,155.38,114.08,164.3,128.28
16992,4966,5,0.00186,230.81,130.48,243.79,142.64
16993,4966,14,0.00183,5.63,127.7,25.91,156.2
16994,4966,14,0.00183,31.57,134.2,40.26,155.08
16995,4966,14,0.00179,0.17,126.24,10.67,157.84
16996,4966,14,0.00176,183.38,108.95,199.62,125.15
16997,4966,14,0.00172,386.47,97.2,412.61,129.38
16998,4966,14,0.00171,156.12,133.39,165.58,155.4
16999,4966,14,0.00165,285.74,102.01,300.39,134.66
17000,4966,14,0.00154,81.1,132.77,115.23,158.89
17001,4966,14,0.00151,0.0,121.13,6.39,154.14
17002,4966,14,0.00142,488.96,78.97,498.98,124.45
17003,4966,14,0.00134,189.02,112.44,201.36,125.4
17004,4966,14,0.0013,197.07,115.2,215.33,130.13
17005,4966,14,0.00125,89.71,126.26,102.54,147.08
17006,4966,14,0.00124,0.35,128.49,18.51,155.36
17007,4966,14,0.00121,349.36,95.35,359.18,151.89
17008,4966,14,0.00121,87.36,130.51,111.88,152.3
17009,4966,14,0.00118,175.03,108.08,185.26,124.49
17010,4966,14,0.00118,46.77,130.24,62.2,151.75
17011,4966,8,0.00118,217.74,127.55,243.95,143.89
17012,4966,14,0.00117,187.23,126.33,209.29,142.35
17013,4966,14,0.00117,0.02,134.76,4.98,160.11
17014,4966,14,0.00114,400.01,103.5,415.4,128.98
17015,4966,14,0.00113,202.54,116.78,217.04,133.47
17016,4966,5,0.00112,218.95,127.68,244.28,143.01
17017,4966,14,0.00111,394.99,98.24,409.99,116.21
17018,4966,14,0.00109,141.03,113.14,176.58,155.47
17019,4966,14,0.00108,202.8,116.13,213.55,128.93
17020,4966,14,0.00107,192.0,109.45,211.66,126.92
17021,4966,14,0.00106,164.08,111.24,174.73,126.9
17022,4966,14,0.00106,43.23,121.27,67.17,148.37
17023,4966,16,0.00104,261.09,145.4,275.17,163.41
17024,4966,8,0.00102,414.88,97.51,448.3,128.09
17025,4966,14,0.001,302.12,93.71,311.56,110.73
17026,4967,15,0.91211,324.44,115.8,405.36,190.77
17027,4967,7,0.49767,475.95,30.76,490.0,51.18
17028,4967,15,0.11285,322.03,118.2,371.54,181.24
17029,4967,15,0.04322,321.91,119.45,372.93,155.34
17030,4967,4,0.00488,475.87,30.04,490.0,51.85
17031,4967,15,0.00203,475.64,34.57,489.92,50.93
17032,4967,7,0.00185,482.62,30.85,490.0,63.77
17033,4967,7,0.00102,474.77,29.43,489.88,76.48
17034,4972,17,0.86883,246.24,45.53,265.61,65.46
17035,4972,17,0.7616,78.98,60.86,98.78,80.99
17036,4972,2,0.0042,78.62,61.39,98.63,81.01
17037,4972,17,0.00137,121.9,26.81,139.75,48.17
17038,4972,2,0.00132,246.04,46.03,265.54,65.12
17039,4974,2,0.88344,392.39,102.95,427.81,145.28
17040,4974,7,0.8534,381.75,62.06,410.03,86.87
17041,4974,14,0.00203,459.46,1.62,487.65,14.04
17042,4987,17,0.86897,303.11,120.37,316.23,132.7
17043,4987,10,0.86139,274.62,129.13,290.97,142.8
17044,4987,9,0.86032,353.45,128.5,369.71,142.58
17045,4987,10,0.83794,341.71,91.78,355.66,104.44
17046,4987,17,0.79561,324.5,114.29,337.3,126.57
17047,4987,11,0.76676,387.35,142.35,405.12,156.04
17048,4987,9,0.60268,320.6,143.58,337.57,159.06
17049,4987,17,0.2724,320.68,143.71,337.6,159.22
17050,4987,0,0.00115,320.54,143.52,337.47,159.18
17051,4992,14,0.79781,201.3,93.59,219.02,141.26
17052,4992,14,0.76309,128.13,96.61,149.31,169.71
17053,4992,8,0.70104,51.99,119.96,83.0,145.51
17054,4992,8,0.5763,357.88,93.74,496.55,230.47
17055,4992,14,0.57517,150.74,112.63,168.13,140.87
17056,4992,14,0.48995,247.58,108.76,264.23,138.47
17057,4992,14,0.37564,355.32,83.25,401.6,166.96
17058,4992,14,0.26176,338.22,66.06,358.04,132.11
17059,4992,8,0.19933,332.1,140.75,397.21,191.85
17060,4992,8,0.14862,331.27,92.88,401.54,192.98
17061,4992,14,0.10131,358.58,83.91,404.54,133.6
17062,4992,14,0.04042,495.37,86.23,499.99,116.29
17063,4992,14,0.01735,485.88,86.8,500.0,117.88
17064,4992,14,0.01462,165.6,113.38,180.01,137.62
17065,4992,14,0.01294,158.12,123.55,169.71,141.1
17066,4992,14,0.00998,157.12,115.68,168.7,140.96
17067,4992,8,0.0073,441.27,82.36,499.74,226.03
17068,4992,14,0.00728,160.17,115.58,177.26,140.65
17069,4992,14,0.00609,354.97,107.66,393.63,153.09
17070,4992,8,0.00604,353.95,80.97,403.09,203.67
17071,4992,14,0.00536,146.02,113.38,159.27,140.97
17072,4992,14,0.00497,152.49,109.93,176.59,140.18
17073,4992,14,0.00488,37.62,111.58,48.37,128.86
17074,4992,8,0.00482,346.97,112.55,399.31,191.9
17075,4992,14,0.00441,112.08,97.62,134.03,142.91
17076,4992,8,0.00415,464.08,117.23,499.77,222.78
17077,4992,14,0.00396,481.3,86.04,499.99,130.75
17078,4992,14,0.00303,366.72,84.65,401.88,112.86
17079,4992,14,0.00302,323.92,60.57,359.09,131.69
17080,4992,14,0.00267,154.49,100.98,165.08,115.89
17081,4992,14,0.00261,167.87,114.65,184.18,140.92
17082,4992,8,0.00237,479.6,172.33,499.94,225.5
17083,4992,14,0.00219,114.29,99.33,130.24,131.06
17084,4992,8,0.00212,488.8,160.83,499.97,224.04
17085,4992,14,0.00207,488.79,79.33,499.89,112.96
17086,4992,14,0.00197,111.08,97.44,140.95,159.39
17087,4992,14,0.00197,160.54,127.18,177.09,141.23
17088,4992,14,0.00195,355.34,84.13,454.56,141.29
17089,4992,14,0.00181,434.36,65.76,457.63,97.6
17090,4992,14,0.00181,362.8,113.96,390.57,161.38
17091,4992,14,0.00176,148.7,117.55,157.65,140.99
17092,4992,14,0.00175,484.86,90.15,497.04,110.76
17093,4992,14,0.00174,425.38,65.34,465.22,146.77
17094,4992,14,0.00164,156.47,110.86,180.57,132.45
17095,4992,5,0.00163,301.1,117.95,337.34,135.74
17096,4992,8,0.00153,331.72,140.84,370.89,191.58
17097,4992,14,0.00128,167.83,130.0,177.52,141.0
17098,4992,14,0.00125,389.69,93.56,410.71,156.99
17099,4992,14,0.00123,236.75,112.15,248.15,136.68
17100,4992,14,0.00121,341.06,87.75,359.38,131.22
17101,4992,14,0.00119,339.86,70.97,359.01,113.23
17102,4992,5,0.00115,355.08,61.95,493.67,110.01
17103,4992,8,0.00115,470.04,160.16,499.82,224.86
17104,4992,14,0.00112,493.0,153.01,500.0,228.52
17105,4992,8,0.00106,398.15,111.69,500.0,219.59
17106,4992,14,0.00101,50.73,119.94,65.67,135.06
