id,image_id,class_id,confidence,x1,y1,x2,y2
0,1,3,0.88707,133.65,136.86,195.61,180.89
1,1,3,0.87793,203.49,128.5,275.2,166.78
2,1,3,0.87352,271.87,93.04,340.8,128.93
3,1,13,0.86903,176.91,72.77,210.46,106.08
4,1,1,0.85461,242.19,68.2,275.1,103.73
5,2,10,0.9312,250.99,161.27,284.27,199.48
6,2,10,0.90791,250.52,65.66,285.81,101.57
7,2,11,0.62121,374.13,111.18,412.22,143.93
8,2,9,0.10613,373.99,111.39,412.49,144.58
9,2,2,0.0074,81.71,156.63,120.33,199.44
10,2,0,0.00214,164.65,198.37,204.44,246.12
11,2,6,0.0014,475.94,138.77,496.0,170.2
12,2,11,0.00119,164.64,198.37,204.18,247.09
13,14,9,0.91359,249.87,84.2,272.71,107.62
14,14,9,0.88872,158.68,111.88,182.82,132.06
15,14,10,0.87887,349.63,133.71,373.13,159.48
16,14,9,0.50544,123.9,73.95,141.62,90.19
17,14,17,0.40509,123.93,73.99,141.67,90.29
18,14,10,0.02726,158.68,112.11,183.02,132.13
19,14,6,0.00142,391.83,92.46,418.5,118.08
20,16,2,0.86216,298.42,164.59,320.19,192.18
21,16,2,0.82184,407.42,167.49,427.28,195.07
22,18,2,0.89176,215.95,16.43,244.56,55.12
23,18,7,0.87665,257.97,69.4,290.6,96.26
24,19,8,0.8876,0.14,94.24,107.08,180.82
25,19,5,0.86781,102.48,3.77,178.66,39.31
26,19,14,0.83385,370.73,22.68,393.78,78.32
27,19,14,0.76663,347.88,26.55,368.69,66.12
28,19,5,0.15747,276.41,0.71,315.48,22.44
29,19,8,0.00501,0.0,103.16,28.38,187.56
30,19,5,0.00445,259.81,0.64,316.08,25.82
31,19,8,0.00443,358.94,42.04,377.8,73.25
32,19,8,0.0042,278.68,0.83,315.61,23.79
33,19,5,0.00299,29.3,65.15,51.91,77.55
34,19,5,0.00259,149.84,1.34,379.74,74.04
35,19,5,0.00151,278.14,0.63,313.67,13.97
36,19,8,0.00101,0.01,119.33,23.39,181.15
37,20,14,0.85748,98.49,84.32,125.63,152.75
38,20,5,0.6331,36.98,101.7,58.86,119.9
39,20,14,0.00566,439.2,125.37,467.12,169.93
40,20,8,0.00105,439.13,125.33,471.53,190.47
41,21,2,0.88419,177.18,165.47,192.5,186.21
42,21,2,0.87279,305.57,166.47,320.57,187.34
43,21,2,0.85014,252.67,144.33,266.61,164.4
44,21,2,0.84674,259.83,185.82,275.56,207.58
45,21,2,0.01752,491.56,47.98,497.0,60.96
46,21,2,0.00423,490.8,33.67,497.0,49.52
47,21,6,0.00357,490.76,48.22,497.0,59.85
48,23,7,0.85434,91.14,90.6,148.02,155.44
49,23,7,0.83675,253.56,73.39,328.61,145.61
50,23,2,0.00805,11.65,91.82,21.38,104.38
51,27,15,0.90273,278.13,0.44,298.43,18.99
52,27,15,0.88858,228.69,5.16,244.47,21.95
53,29,0,0.92312,206.04,182.86,254.07,228.74
54,29,12,0.92299,140.62,152.35,180.87,195.39
55,29,3,0.88487,176.43,118.15,260.93,174.79
56,29,1,0.86255,78.68,125.6,120.38,168.5
57,29,4,0.43941,56.83,210.65,142.93,235.0
58,29,4,0.20547,54.53,225.0,160.1,235.0
59,29,3,0.18484,56.76,211.16,113.4,235.0
60,29,4,0.0112,88.51,226.1,158.65,235.0
61,29,4,0.00127,117.48,225.56,159.07,235.0
62,30,3,0.892,265.62,120.38,341.67,178.71
63,30,3,0.89085,207.85,10.4,259.72,63.11
64,30,3,0.87986,268.27,64.17,330.54,116.62
65,30,13,0.87898,147.93,83.31,190.63,126.97
66,30,1,0.82405,161.83,33.3,201.61,77.55
67,31,2,0.86457,92.28,54.85,111.21,79.11
68,31,2,0.82312,50.47,93.12,77.85,109.17
69,32,5,0.70742,0.05,111.61,18.47,129.23
70,32,14,0.66814,335.8,125.34,355.22,171.13
71,32,5,0.01414,0.0,111.78,6.95,128.88
72,32,5,0.00301,0.0,113.46,3.71,146.16
73,32,5,0.00198,0.01,109.77,3.33,128.2
74,32,14,0.00189,355.72,142.37,375.8,162.61
75,32,14,0.00153,362.94,143.99,382.8,164.36
76,33,10,0.88328,430.63,175.9,446.66,190.25
77,33,10,0.85842,349.62,144.51,363.95,158.66
78,33,9,0.83917,355.33,184.49,371.31,197.96
79,33,17,0.83536,368.95,157.49,381.9,170.22
80,33,9,0.80935,320.91,166.29,337.37,179.24
81,33,9,0.80817,391.96,172.61,404.73,184.95
82,33,11,0.77345,322.87,198.53,338.66,212.07
83,33,17,0.29447,392.05,172.71,404.82,185.03
84,33,17,0.0419,320.91,166.32,337.59,179.23
85,33,17,0.00155,355.31,184.48,371.11,197.97
86,34,10,0.905,279.78,143.93,301.65,165.55
87,34,9,0.88731,167.82,145.36,190.59,165.5
88,34,10,0.88207,181.27,42.15,200.43,64.55
89,34,17,0.88059,202.81,80.69,220.29,97.92
90,34,11,0.87892,112.05,178.57,135.99,200.51
91,34,17,0.87103,230.35,116.41,247.73,133.43
92,34,17,0.84593,127.77,93.96,149.57,114.8
93,34,9,0.00385,230.41,116.27,247.81,132.97
94,37,17,0.87303,239.87,190.81,259.15,210.67
95,37,17,0.00647,73.29,211.27,92.23,231.01
96,37,2,0.00422,235.7,42.22,256.59,59.44
97,37,2,0.00157,179.59,68.36,197.16,90.68
98,40,2,0.90202,50.11,43.92,66.23,65.09
99,40,2,0.88417,181.71,48.14,196.83,69.22
100,40,2,0.85716,129.09,24.19,144.04,43.99
101,40,2,0.85018,135.07,66.16,150.79,89.13
102,40,2,0.00432,504.11,0.0,509.96,7.01
103,40,2,0.00367,505.54,0.0,510.0,7.57
104,46,7,0.84761,188.58,117.5,217.26,141.12
105,46,7,0.81977,196.29,67.63,221.13,92.04
106,46,17,0.00199,261.45,52.83,280.17,75.4
107,47,0,0.88088,67.6,107.91,112.67,154.27
108,47,1,0.80151,157.6,117.65,203.58,165.35
109,47,14,0.0033,489.18,44.08,497.0,101.59
110,48,13,0.85529,223.25,75.97,267.42,119.3
111,48,12,0.84665,348.72,155.24,400.07,204.14
112,48,12,0.81888,96.61,175.4,149.28,222.98
113,48,13,0.03663,97.79,176.34,148.3,223.9
114,55,10,0.88963,198.71,163.31,221.62,184.77
115,57,14,0.87547,112.44,50.19,145.48,94.02
116,57,14,0.86488,206.29,33.09,261.27,103.33
117,57,14,0.80299,319.66,57.91,338.87,101.72
118,57,14,0.75636,89.64,42.47,111.73,81.86
119,57,14,0.73537,291.73,55.41,312.16,99.09
120,57,14,0.66628,140.83,45.31,155.79,78.93
121,57,14,0.44182,368.31,75.63,395.46,111.58
122,57,14,0.05406,364.85,74.72,401.45,123.05
123,57,8,0.03488,273.35,88.7,482.62,175.45
124,57,8,0.0058,97.17,47.27,164.24,92.44
125,57,14,0.0047,236.22,70.2,260.5,108.33
126,57,8,0.00397,349.48,98.28,494.0,175.37
127,57,8,0.00312,454.32,107.74,493.74,154.47
128,57,14,0.00243,115.53,50.57,138.09,69.81
129,57,14,0.00242,428.12,82.19,442.91,110.75
130,57,8,0.00234,262.58,71.27,435.51,161.78
131,57,14,0.0023,0.01,43.29,5.29,101.02
132,57,8,0.00172,452.33,104.57,494.0,213.87
133,57,14,0.00171,486.52,105.21,494.0,128.32
134,57,8,0.0014,186.03,64.54,212.88,89.36
135,57,14,0.00135,0.0,41.33,8.9,106.11
136,57,14,0.00129,259.36,59.15,278.18,80.05
137,57,8,0.00126,419.59,104.94,493.73,227.11
138,57,8,0.00125,432.27,105.99,493.81,157.12
139,57,14,0.00117,412.04,87.05,431.25,106.79
140,57,14,0.00104,486.79,69.81,494.0,103.65
141,62,14,0.74538,183.29,18.43,247.82,176.18
142,62,8,0.03331,391.96,140.4,487.86,195.95
143,62,8,0.00793,472.29,169.5,488.99,239.58
144,64,16,0.82749,28.55,146.44,51.11,175.27
145,64,16,0.82259,51.24,144.28,73.12,172.64
146,64,16,0.81939,72.46,142.3,92.62,168.62
147,64,16,0.80108,4.56,146.38,27.78,176.4
148,64,14,0.77817,314.5,96.54,332.55,142.93
149,64,16,0.75733,92.46,139.66,112.17,165.39
150,64,16,0.5859,110.82,138.96,127.26,163.09
151,64,5,0.56863,377.88,104.69,403.03,125.31
152,64,8,0.45143,411.65,112.23,433.13,137.44
153,64,16,0.35732,0.01,149.98,3.32,170.32
154,64,16,0.29768,139.64,136.31,155.37,158.34
155,64,16,0.29355,126.01,137.54,140.41,160.46
156,64,16,0.2802,0.01,145.04,3.36,180.08
157,64,16,0.24349,165.6,134.05,179.86,154.2
158,64,14,0.19122,414.41,102.96,433.4,119.41
159,64,16,0.14761,0.0,144.62,6.65,177.88
160,64,14,0.10494,269.75,100.15,281.25,126.06
161,64,16,0.09182,178.26,132.54,191.36,152.22
162,64,16,0.07919,153.25,134.74,166.38,154.87
163,64,16,0.0668,189.21,131.46,200.59,150.8
164,64,16,0.05982,0.01,159.73,3.37,181.66
165,64,16,0.04645,199.47,129.96,210.54,148.46
166,64,16,0.0444,208.98,129.98,220.27,147.65
167,64,16,0.04012,278.03,120.67,288.22,131.12
168,64,16,0.02392,234.5,127.79,244.4,143.35
169,64,16,0.02247,145.49,135.33,165.23,157.27
170,64,16,0.02085,201.92,129.68,218.29,148.09
171,64,16,0.01937,226.63,127.74,237.05,143.7
172,64,16,0.01365,239.74,119.68,251.35,131.54
173,64,16,0.01242,218.11,127.5,233.59,144.77
174,64,16,0.01028,167.49,133.11,188.89,153.17
175,64,16,0.00684,189.79,130.88,207.84,150.09
176,64,16,0.00654,1.73,147.05,9.55,171.44
177,64,16,0.00626,154.4,134.37,176.22,154.14
178,64,16,0.00371,0.02,153.72,3.45,199.85
179,64,16,0.00356,0.0,156.76,7.03,184.55
180,64,16,0.00347,216.08,122.37,237.7,144.56
181,64,16,0.00262,210.36,128.68,226.06,146.01
182,64,16,0.00229,218.5,129.5,228.72,146.08
183,64,16,0.00179,235.34,122.66,246.53,141.58
184,64,16,0.00126,44.71,162.41,52.49,174.33
185,66,2,0.89511,73.11,183.48,105.42,221.73
186,66,2,0.88999,196.58,172.02,225.97,208.4
187,66,17,0.79648,111.93,153.23,128.42,167.66
188,66,2,0.10658,112.13,153.36,128.84,167.85
189,66,2,0.00382,216.76,197.35,281.8,248.26
190,73,5,0.00318,0.0,0.52,65.1,163.46
191,80,15,0.86733,154.98,155.8,194.5,188.31
192,80,15,0.8525,60.23,108.17,89.49,135.23
193,80,15,0.83997,38.59,181.75,73.33,209.81
194,87,5,0.83219,181.56,160.69,469.94,243.33
195,87,8,0.01467,35.66,192.82,123.23,242.57
196,88,2,0.88849,323.86,83.73,355.03,122.15
197,88,17,0.8188,406.3,43.54,423.61,61.14
198,88,2,0.79049,294.34,23.22,319.31,50.49
199,88,2,0.00589,406.34,43.75,424.03,61.53
200,95,16,0.13626,11.14,47.53,103.52,193.19
201,95,6,0.0068,422.28,53.48,496.0,106.09
202,95,6,0.00142,1.22,210.44,101.24,249.74
203,100,2,0.87847,28.85,22.76,57.73,55.08
204,100,2,0.86513,183.05,3.05,209.96,33.32
205,100,2,0.0015,0.01,0.02,8.84,17.6
206,103,7,0.82707,265.39,176.37,297.99,202.25
207,103,7,0.82544,400.32,130.26,426.47,152.75
208,105,11,0.83982,140.54,159.04,152.67,171.97
209,105,11,0.81529,175.62,152.07,188.37,164.3
210,105,10,0.75543,192.32,156.99,207.85,169.82
211,105,10,0.66396,114.78,158.47,127.62,170.76
212,105,11,0.4787,192.47,157.2,207.72,169.88
213,105,11,0.09073,114.94,158.57,127.61,170.89
214,105,11,0.01203,105.34,148.84,119.5,161.78
215,105,3,0.00662,170.01,83.9,345.05,152.66
216,105,11,0.004,76.57,156.71,89.36,170.03
217,106,13,0.85544,303.92,149.35,355.51,199.09
218,106,4,0.8349,141.43,135.32,240.1,223.56
219,106,1,0.81826,297.56,32.12,340.69,77.93
220,106,6,0.02134,432.55,158.44,497.42,192.78
221,106,7,0.00683,252.19,138.01,272.27,155.21
222,106,2,0.00447,491.15,88.01,498.0,131.62
223,106,2,0.00301,107.58,113.2,130.02,142.04
224,106,11,0.00206,303.69,150.15,355.44,199.76
225,106,2,0.00129,488.07,83.43,498.0,133.37
226,106,14,0.00121,193.63,4.16,269.0,117.28
227,106,14,0.00117,139.48,5.15,286.99,136.86
228,107,15,0.88886,131.36,153.78,147.05,167.36
229,107,15,0.87328,103.22,156.36,122.3,172.39
230,107,14,0.00477,159.77,119.75,173.5,141.95
231,109,15,0.91046,280.69,38.69,305.81,67.14
232,109,15,0.87083,180.48,51.14,212.34,83.73
233,109,15,0.85278,206.36,19.28,225.96,42.1
234,112,2,0.84224,405.62,50.71,436.95,77.44
235,112,2,0.84019,294.43,57.21,316.4,84.64
236,112,2,0.00315,497.39,91.45,502.0,120.87
237,112,2,0.00208,498.54,82.63,502.0,119.21
238,114,15,0.80293,273.2,35.49,333.48,107.08
239,114,15,0.00327,275.32,40.41,306.83,105.12
240,116,5,0.838,34.73,120.56,82.13,150.29
241,116,14,0.65105,404.47,101.77,416.41,132.32
242,116,5,0.63651,316.58,108.87,332.41,129.32
243,116,5,0.37303,117.57,127.12,154.37,144.78
244,116,8,0.33674,384.06,110.9,396.9,127.15
245,116,5,0.16458,76.95,122.66,95.01,140.33
246,116,5,0.0584,0.0,137.8,8.17,153.05
247,116,5,0.04586,80.25,121.71,101.15,139.73
248,116,5,0.03788,80.89,120.41,119.17,140.06
249,116,5,0.03185,0.58,127.24,33.45,152.49
250,116,14,0.02902,191.21,118.78,204.24,133.28
251,116,5,0.01731,0.0,131.28,9.43,152.34
252,116,5,0.01462,117.25,111.58,153.09,144.57
253,116,5,0.01219,102.12,125.52,121.13,139.43
254,116,5,0.00716,12.19,127.48,36.0,147.19
255,116,14,0.00693,406.33,101.99,423.86,131.83
256,116,14,0.00652,191.02,122.8,201.85,134.74
257,116,5,0.00586,0.0,135.32,24.24,154.69
258,116,5,0.00581,212.49,138.94,322.42,217.92
259,116,5,0.00423,0.0,119.96,15.04,149.49
260,116,5,0.00363,0.17,118.65,26.32,147.25
261,116,5,0.00355,67.68,123.78,93.31,143.11
262,116,14,0.00348,410.92,108.4,427.47,128.78
263,116,5,0.00295,50.53,121.37,93.24,144.99
264,116,5,0.00247,96.46,123.19,117.57,139.86
265,116,5,0.00162,1.72,125.16,31.74,141.46
266,116,14,0.00159,142.47,116.11,154.3,134.5
267,116,8,0.00135,348.89,123.65,360.9,138.67
268,116,14,0.00132,408.72,111.36,424.78,130.47
269,116,14,0.00118,0.0,96.9,7.21,144.02
270,116,5,0.0011,62.91,121.51,95.25,134.59
271,117,2,0.84515,366.67,139.26,386.1,165.81
272,117,2,0.84451,403.79,182.79,431.11,203.77
273,118,2,0.88274,68.58,37.46,89.16,64.48
274,118,2,0.7748,143.35,38.07,170.0,55.13
275,120,17,0.88073,429.46,180.28,449.88,200.58
276,120,17,0.78015,259.79,194.07,279.72,213.66
277,120,17,0.04058,464.93,0.5,470.0,18.87
278,120,2,0.01051,464.92,0.63,470.0,18.76
279,120,2,0.00499,466.38,74.17,470.0,105.23
280,120,17,0.00238,253.88,7.86,267.01,21.54
281,120,2,0.00176,465.58,80.22,470.0,109.95
282,120,2,0.00164,464.63,65.13,470.0,103.47
283,120,17,0.00157,311.14,91.52,324.92,105.6
284,122,5,0.78747,88.77,79.32,106.1,94.35
285,122,5,0.71913,62.08,78.46,84.3,94.43
286,122,5,0.71615,231.41,74.41,263.93,101.51
287,122,5,0.701,155.82,72.25,185.51,94.33
288,122,5,0.63989,207.35,74.09,230.77,94.59
289,122,5,0.00856,390.2,74.7,451.13,108.77
290,122,5,0.00128,258.92,68.93,284.71,87.9
291,122,5,0.00106,121.0,77.78,137.97,92.38
292,124,10,0.86808,72.93,70.74,92.68,93.15
293,124,17,0.37696,186.79,49.71,205.68,68.8
294,124,9,0.2834,186.95,49.67,205.76,68.83
295,124,11,0.10554,106.04,20.2,124.82,36.28
296,124,9,0.09351,106.39,20.33,124.69,35.35
297,124,10,0.03356,186.98,49.53,205.79,68.55
298,128,15,0.903,230.72,45.26,250.59,63.88
299,128,15,0.89837,181.68,49.54,196.93,66.07
300,129,10,0.89521,60.79,194.53,81.43,212.66
301,129,9,0.88852,133.75,203.05,153.19,223.9
302,129,10,0.87728,113.61,122.04,129.87,138.3
303,129,9,0.87462,156.15,172.29,176.8,188.3
304,129,11,0.84999,208.33,184.06,230.81,199.25
305,129,17,0.84684,89.88,173.4,105.95,189.78
306,129,17,0.82344,107.15,157.98,122.61,173.38
307,129,17,0.00249,113.44,122.07,129.91,138.37
308,130,14,0.87184,176.84,122.22,211.43,210.04
309,130,14,0.86678,284.48,101.41,341.9,234.14
310,130,5,0.83449,401.46,180.28,467.97,221.3
311,130,14,0.79253,206.28,125.81,227.89,210.95
312,130,14,0.57517,142.56,133.18,170.09,204.91
313,130,5,0.0097,478.04,174.98,500.0,225.84
314,130,5,0.00461,457.61,179.56,489.57,199.26
315,130,5,0.00342,0.74,152.76,148.4,194.69
316,130,5,0.0033,495.44,164.38,500.0,182.32
317,130,8,0.00241,0.02,137.63,6.72,190.38
318,130,14,0.00185,274.64,106.85,305.2,227.19
319,130,14,0.00162,0.01,125.92,7.11,245.07
320,130,5,0.00151,460.87,172.32,498.81,197.34
321,130,5,0.00148,495.94,168.47,500.0,185.45
322,130,5,0.00134,493.06,159.75,500.0,181.38
323,130,5,0.00123,453.02,173.35,487.73,197.31
324,130,5,0.00103,45.16,116.33,88.07,129.68
325,136,14,0.84844,325.16,78.67,358.9,152.28
326,136,14,0.83792,280.53,81.94,304.69,157.67
327,136,14,0.82227,399.9,60.4,419.45,113.81
328,136,8,0.82037,128.55,149.1,232.26,202.02
329,136,14,0.81322,224.99,80.72,249.74,137.18
330,136,14,0.80721,429.47,62.21,458.44,121.8
331,136,8,0.78727,2.69,136.11,71.77,186.79
332,136,14,0.70683,122.1,104.21,155.08,139.73
333,136,14,0.67714,84.81,109.13,109.2,162.41
334,136,14,0.13277,0.0,105.4,12.77,149.36
335,136,8,0.12714,0.26,134.7,32.74,186.51
336,136,8,0.03914,488.91,58.66,499.0,139.91
337,136,14,0.03805,0.0,115.01,12.69,175.38
338,136,14,0.02671,491.71,85.82,499.0,139.86
339,136,8,0.02145,0.0,132.39,18.56,201.96
340,136,14,0.01945,488.6,36.86,499.0,143.34
341,136,14,0.01689,130.88,104.51,152.65,133.37
342,136,14,0.01256,37.63,47.68,59.29,78.87
343,136,8,0.01081,482.65,70.44,498.91,139.74
344,136,8,0.00976,0.01,129.01,12.59,213.92
345,136,14,0.00969,0.0,127.36,8.27,156.02
346,136,14,0.00902,0.0,118.36,11.08,155.32
347,136,14,0.00824,37.45,47.71,59.67,100.24
348,136,14,0.00674,323.38,91.72,339.45,128.22
349,136,14,0.00629,0.0,131.34,10.4,165.91
350,136,14,0.00591,96.26,115.01,117.75,158.1
351,136,14,0.00581,491.09,47.07,499.0,125.37
352,136,14,0.00502,0.0,130.48,10.45,189.68
353,136,14,0.0048,493.43,57.19,499.0,120.54
354,136,14,0.00442,0.06,102.52,17.04,164.53
355,136,14,0.00325,120.04,104.22,142.45,130.87
356,136,14,0.00303,438.68,80.07,458.58,123.14
357,136,14,0.00257,493.47,70.01,499.0,146.76
358,136,14,0.00202,482.05,42.88,498.97,141.92
359,136,14,0.00167,0.0,145.77,8.18,209.14
360,136,8,0.00156,0.0,134.09,6.6,210.28
361,136,14,0.00137,100.79,116.29,121.9,148.59
362,136,8,0.00127,68.67,95.56,114.76,163.68
363,136,14,0.00125,493.35,103.01,499.0,139.06
364,136,14,0.00108,71.87,95.7,97.71,163.63
365,137,2,0.11723,386.04,111.39,405.07,131.91
366,137,14,0.10605,296.89,0.07,367.19,44.21
367,137,14,0.02026,295.67,0.72,368.3,88.8
368,138,5,0.8257,307.79,111.88,356.63,155.1
369,138,5,0.79027,140.75,116.27,178.04,147.14
370,138,5,0.76254,0.0,124.92,23.27,149.71
371,138,5,0.38898,56.47,124.69,97.28,153.25
372,138,14,0.35339,447.57,115.66,463.8,152.78
373,138,5,0.14881,97.73,124.79,140.15,152.47
374,138,5,0.03521,56.06,134.36,73.82,151.44
375,138,5,0.02846,24.32,127.76,57.1,151.64
376,138,5,0.01376,98.55,130.98,117.64,151.67
377,138,14,0.00858,392.68,112.61,405.78,135.31
378,138,5,0.00548,0.0,144.73,6.13,157.23
379,138,5,0.00482,214.53,151.75,324.47,224.37
380,138,17,0.00383,269.87,18.09,282.1,30.2
381,138,14,0.00338,446.35,111.33,470.86,152.41
382,138,5,0.00219,59.13,124.86,92.74,141.32
383,138,14,0.00214,391.74,112.04,406.84,153.66
384,138,5,0.00177,118.84,125.04,143.07,143.85
385,138,8,0.00176,105.58,126.19,141.82,152.35
386,138,5,0.00154,0.0,161.78,9.36,183.94
387,138,5,0.00135,0.0,135.73,6.47,154.93
388,138,2,0.00132,269.97,17.95,282.69,30.21
389,138,14,0.00109,117.45,124.59,140.28,144.56
390,138,14,0.00106,117.41,121.84,133.31,138.99
391,138,5,0.00106,55.98,133.21,88.74,152.21
392,140,13,0.87334,191.5,146.25,226.99,181.72
393,140,12,0.76113,272.15,132.7,304.56,159.33
394,140,12,0.60516,208.61,98.59,239.95,127.25
395,140,6,0.00102,0.0,75.81,12.15,126.77
396,145,2,0.86729,118.44,77.55,152.0,120.91
397,145,17,0.84352,175.87,52.92,194.34,70.29
398,145,17,0.82923,224.35,141.15,244.46,161.63
399,149,2,0.87829,303.53,0.0,330.35,29.25
400,149,2,0.85528,153.16,17.7,181.29,48.7
401,149,2,0.00827,455.62,11.3,479.08,30.23
402,149,17,0.00211,374.43,0.0,391.25,12.93
403,152,10,0.89974,375.7,21.19,392.47,35.41
404,152,10,0.871,351.38,27.59,365.82,43.7
405,152,9,0.86245,347.27,47.92,362.75,64.73
406,152,17,0.85004,437.62,59.3,451.33,72.76
407,152,17,0.83872,413.91,67.55,427.5,81.09
408,152,11,0.83843,417.26,24.96,434.7,38.56
409,152,11,0.8358,393.49,46.44,409.11,61.52
410,152,17,0.53581,368.36,62.72,385.07,77.02
411,152,9,0.43154,368.36,62.78,385.16,77.02
412,152,17,0.04495,347.29,47.97,362.9,64.67
413,153,11,0.91326,143.05,145.34,190.12,181.06
414,153,9,0.89875,225.88,109.97,262.32,148.74
415,153,10,0.88151,142.98,63.76,174.49,95.43
416,153,11,0.88,309.68,116.93,349.04,147.05
417,153,9,0.84247,246.85,88.21,276.39,121.76
418,153,10,0.64808,256.22,145.84,292.22,178.84
419,161,7,0.87049,364.05,216.64,394.81,245.58
420,161,7,0.86213,398.86,118.16,422.77,138.31
421,161,17,0.79875,430.9,177.13,449.38,194.88
422,161,17,0.76828,346.94,157.97,364.01,175.17
423,167,2,0.8908,362.18,126.38,391.09,161.65
424,167,17,0.78094,311.63,173.07,329.55,190.21
425,167,17,0.75111,394.33,193.09,413.6,211.07
426,167,2,0.12099,311.58,172.9,329.63,190.15
427,167,2,0.05025,394.36,193.03,413.41,210.98
428,169,10,0.89478,220.93,161.92,243.6,181.24
429,169,9,0.88979,333.45,145.45,354.73,165.94
430,169,17,0.88401,291.99,111.68,308.87,128.46
431,169,10,0.86822,314.69,61.15,333.32,80.23
432,169,17,0.8618,261.06,136.22,278.21,153.28
433,169,11,0.85267,380.85,177.79,406.34,199.79
434,169,9,0.76808,286.21,189.97,308.71,214.11
435,169,10,0.10093,286.45,189.88,308.66,214.38
436,174,15,0.90982,412.58,98.32,451.21,141.29
437,174,15,0.8878,289.47,48.8,330.35,89.51
438,174,15,0.87917,398.93,24.66,430.39,57.19
439,174,15,0.0053,483.67,69.93,487.0,100.58
440,174,6,0.00231,164.76,119.16,202.77,205.98
441,175,5,0.8279,96.12,86.18,117.7,105.6
442,175,5,0.77752,0.0,56.31,33.97,73.51
443,175,14,0.47556,260.39,107.98,270.82,123.13
444,175,8,0.25577,259.83,108.93,272.1,126.44
445,175,5,0.11888,0.25,56.99,16.95,72.14
446,175,5,0.02853,49.76,65.53,62.3,75.43
447,175,8,0.01913,258.55,116.92,270.74,129.71
448,175,8,0.01543,260.12,113.62,273.5,129.31
449,175,5,0.01169,46.19,63.65,65.08,75.91
450,175,5,0.0055,0.0,55.03,5.08,67.79
451,175,14,0.00379,312.58,112.37,325.77,125.54
452,175,5,0.00335,153.41,68.97,213.74,109.53
453,175,5,0.00297,281.57,14.5,321.07,32.62
454,175,5,0.00293,465.07,97.69,493.0,113.1
455,175,5,0.00229,312.9,112.0,325.78,125.36
456,175,5,0.00165,54.11,58.98,71.33,68.79
457,175,8,0.0016,259.31,122.68,270.38,131.32
458,175,5,0.00155,46.82,59.56,68.4,74.48
459,175,5,0.00133,49.58,63.09,66.98,73.45
460,175,5,0.00128,337.56,78.07,373.7,91.46
461,175,5,0.00109,113.27,34.79,139.01,51.75
462,175,5,0.00104,462.23,93.46,492.95,109.83
463,175,14,0.00103,207.03,78.2,215.04,91.94
464,180,14,0.74524,180.54,142.59,194.68,163.92
465,180,14,0.74173,130.35,141.68,148.95,174.43
466,180,14,0.72445,455.6,143.59,468.86,174.62
467,180,14,0.72228,289.78,140.59,300.93,165.75
468,180,14,0.62208,217.42,147.77,227.2,163.1
469,180,14,0.58368,383.67,138.77,396.5,164.66
470,180,14,0.57556,443.75,147.98,457.94,175.71
471,180,14,0.4993,464.89,151.18,476.89,174.93
472,180,14,0.46023,430.48,149.46,442.05,172.78
473,180,14,0.35244,408.22,137.6,422.05,169.83
474,180,14,0.34089,394.43,136.93,406.3,168.29
475,180,14,0.22681,403.11,136.99,414.4,168.47
476,180,14,0.16258,392.95,137.5,402.68,167.48
477,180,14,0.13771,397.47,137.17,409.95,167.01
478,180,14,0.10126,435.26,147.66,446.4,171.36
479,180,14,0.08069,312.13,137.52,326.6,163.08
480,180,14,0.04861,460.12,145.1,474.5,174.56
481,180,14,0.04376,440.01,150.38,445.67,172.18
482,180,14,0.03455,441.13,151.27,447.53,172.99
483,180,14,0.03447,401.17,137.46,420.1,169.05
484,180,14,0.02965,495.0,118.35,500.0,172.9
485,180,14,0.02706,384.78,138.1,395.61,156.98
486,180,14,0.02487,496.03,120.07,500.0,144.71
487,180,14,0.02348,430.4,142.69,441.56,168.01
488,180,14,0.02106,183.49,142.44,198.1,170.79
489,180,14,0.01893,492.44,121.34,500.0,165.18
490,180,14,0.01652,181.68,162.38,193.55,175.83
491,180,14,0.01566,412.41,142.53,422.48,170.37
492,180,14,0.0145,493.3,119.6,500.0,150.59
493,180,14,0.01341,226.11,128.19,251.36,164.9
494,180,14,0.01297,0.0,131.85,8.51,171.75
495,180,14,0.00833,64.62,129.04,84.28,156.69
496,180,14,0.00762,496.16,134.24,500.0,171.88
497,180,14,0.00658,432.4,143.81,443.84,165.14
498,180,14,0.0051,496.38,115.28,500.0,138.82
499,180,14,0.0049,435.79,144.3,448.62,165.14
500,180,14,0.00449,491.95,106.17,500.0,145.27
501,180,14,0.00445,0.0,121.66,5.06,170.69
502,180,14,0.00433,352.72,128.32,365.06,145.22
503,180,14,0.00432,393.41,136.73,413.52,169.37
504,180,14,0.0035,429.35,141.76,440.07,158.83
505,180,16,0.00341,205.58,168.73,328.78,209.06
506,180,14,0.00261,490.61,131.33,500.0,171.01
507,180,14,0.00261,441.18,154.0,449.99,175.04
508,180,14,0.00261,410.2,136.83,420.79,156.11
509,180,14,0.0023,376.16,141.8,384.36,162.47
510,180,14,0.00225,316.05,138.04,329.03,164.14
511,180,14,0.00199,218.82,146.05,230.41,163.51
512,180,14,0.00199,447.65,146.67,458.22,171.69
513,180,16,0.00191,277.44,167.87,414.53,204.55
514,180,14,0.0019,431.77,141.25,442.7,157.6
515,180,14,0.00176,0.01,140.55,5.32,173.98
516,180,16,0.00164,440.76,215.08,500.0,256.0
517,180,14,0.00153,430.39,154.78,438.72,174.03
518,180,14,0.00143,435.11,153.13,443.47,174.37
519,180,14,0.00141,408.53,137.2,418.27,158.38
520,180,14,0.00141,228.29,126.56,248.11,146.25
521,180,16,0.00136,245.1,168.97,375.73,206.4
522,180,14,0.0013,449.59,143.44,467.95,163.38
523,180,14,0.00119,443.75,154.39,454.21,175.26
524,180,14,0.00118,437.36,143.39,455.17,163.87
525,180,14,0.00116,324.48,147.38,336.03,166.52
526,180,14,0.00116,379.46,141.33,390.35,165.6
527,180,14,0.0011,491.83,142.26,500.0,178.76
528,180,14,0.00106,290.56,140.08,305.66,163.42
529,180,14,0.00102,286.8,121.43,303.78,135.95
530,183,17,0.86833,155.87,78.51,177.89,101.08
531,183,17,0.6979,281.25,17.39,300.41,38.1
532,183,2,0.00301,486.58,62.77,490.0,91.24
533,183,14,0.00202,159.05,0.23,181.26,27.12
534,183,2,0.00129,485.18,56.76,490.0,102.7
535,183,7,0.00123,22.43,101.42,160.67,175.39
536,183,2,0.00115,485.92,66.84,490.0,98.01
537,186,14,0.86969,272.48,137.83,299.01,214.87
538,186,14,0.82247,207.28,114.03,235.43,217.32
539,186,14,0.77465,305.8,121.05,357.66,230.41
540,186,14,0.7619,359.64,130.41,385.68,227.12
541,186,14,0.74559,168.3,122.92,205.14,208.66
542,186,14,0.63114,127.55,118.56,161.77,202.63
543,186,5,0.5221,390.57,179.07,471.44,221.57
544,186,14,0.47251,356.51,167.7,378.84,226.25
545,186,5,0.01648,19.19,136.93,144.83,190.5
546,186,5,0.00375,0.01,155.86,6.92,191.3
547,186,14,0.00229,350.95,171.35,372.41,226.94
548,186,5,0.00132,0.01,139.86,5.39,194.2
549,186,14,0.00112,274.74,138.09,296.11,156.12
550,186,14,0.00108,490.03,157.57,500.0,185.32
551,186,8,0.00105,304.87,206.67,339.22,226.08
552,188,2,0.89217,339.4,89.64,373.78,128.23
553,188,7,0.8624,381.18,61.83,410.66,86.44
554,190,15,0.91894,56.82,78.25,93.28,113.05
555,194,2,0.87779,36.75,62.46,57.13,90.81
556,194,2,0.87464,116.14,104.45,138.27,134.93
557,194,2,0.87404,208.28,63.98,227.56,90.56
558,194,2,0.85156,96.9,36.55,114.45,60.45
559,200,2,0.85047,421.45,146.43,451.89,172.59
560,200,2,0.82606,308.87,153.35,330.2,180.07
561,200,2,0.00157,485.86,124.4,495.0,159.76
562,200,2,0.00101,489.82,128.98,495.0,159.99
563,204,7,0.251,250.97,39.49,308.26,84.75
564,204,6,0.04411,216.96,116.17,348.19,214.07
565,204,7,0.00638,140.8,66.54,199.32,170.81
566,204,2,0.00109,0.0,153.96,6.33,216.74
567,206,2,0.86204,411.77,39.91,430.04,64.17
568,206,2,0.84349,371.24,77.72,397.34,93.65
569,208,10,0.89271,284.65,43.0,311.13,69.61
570,208,9,0.85334,162.25,35.36,187.54,64.8
571,208,17,0.8497,9.42,73.97,32.65,94.31
572,208,17,0.66368,147.17,100.61,173.86,132.16
573,208,9,0.63665,147.19,100.46,173.83,131.39
574,209,17,0.82517,124.71,135.23,158.68,168.3
575,209,17,0.81744,296.57,21.43,322.97,49.94
576,212,11,0.88298,168.24,159.78,203.15,186.4
577,212,11,0.74735,422.08,119.81,449.89,147.53
578,212,10,0.30873,299.92,165.3,334.77,196.22
579,212,10,0.22856,308.18,94.08,334.2,120.73
580,212,9,0.18469,299.9,165.36,334.93,196.35
581,212,11,0.10196,308.41,93.94,334.3,120.77
582,212,9,0.00682,308.22,93.88,334.03,121.26
583,212,0,0.00295,308.31,93.99,334.29,120.6
584,214,12,0.84708,71.93,84.65,117.87,126.51
585,214,13,0.84563,221.13,78.56,273.21,128.28
586,214,12,0.76112,235.53,0.45,278.27,19.92
587,214,13,0.00109,72.04,85.86,116.62,127.49
588,215,14,0.88066,366.83,53.84,400.72,149.18
589,215,14,0.8799,319.92,54.99,353.2,147.39
590,215,14,0.87545,398.3,55.36,432.1,150.66
591,215,5,0.00793,478.74,114.29,494.93,143.97
592,215,5,0.00472,487.57,114.21,495.0,144.28
593,215,8,0.00142,477.57,110.72,495.0,146.34
594,218,14,0.77997,186.77,38.84,203.84,76.44
595,218,14,0.33159,0.0,1.68,9.84,44.77
596,218,14,0.11643,369.38,56.75,383.8,87.45
597,218,14,0.03815,170.55,35.22,188.38,57.04
598,218,14,0.03026,0.01,1.57,4.83,45.24
599,218,8,0.02111,0.0,0.0,10.29,43.95
600,218,14,0.00861,0.0,0.03,8.1,79.38
601,218,14,0.00238,174.03,35.06,189.48,50.91
602,218,14,0.00144,163.92,31.56,176.63,48.19
603,218,14,0.00103,0.01,5.4,4.0,78.56
604,219,7,0.80875,91.44,49.17,131.35,81.16
605,219,7,0.6535,64.67,130.9,102.89,153.25
606,221,2,0.81249,436.92,153.34,451.26,169.06
607,221,2,0.81184,355.53,166.63,369.89,182.58
608,221,15,0.80067,231.99,154.25,250.09,172.46
609,223,14,0.03917,411.23,27.56,426.25,61.37
610,223,0,0.01404,306.59,149.03,378.91,202.41
611,223,1,0.00163,306.12,150.94,367.73,205.42
612,223,5,0.00131,0.0,1.36,74.43,47.74
613,223,2,0.0013,306.34,148.89,378.61,201.04
614,226,7,0.89303,399.34,179.52,438.19,209.45
615,226,7,0.85488,356.89,105.54,391.58,140.94
616,228,6,0.89753,336.17,79.22,408.87,116.18
617,228,15,0.8571,258.98,60.05,277.91,83.45
618,228,5,0.00238,460.21,217.27,490.0,233.06
619,232,17,0.85796,135.48,92.69,160.61,116.23
620,232,17,0.68533,278.06,99.11,302.23,122.45
621,232,2,0.14977,278.16,99.65,302.21,122.49
622,232,2,0.01312,469.17,60.24,480.0,92.92
623,232,17,0.00586,183.21,89.62,202.89,101.7
624,233,15,0.91456,149.08,150.84,200.13,207.84
625,233,15,0.90811,275.12,154.24,311.5,196.73
626,234,10,0.91203,381.31,204.19,402.63,224.93
627,234,9,0.88498,412.45,165.05,435.29,181.63
628,234,10,0.88456,258.03,162.43,278.68,181.29
629,234,11,0.87132,373.0,116.88,388.72,132.22
630,234,9,0.86382,354.08,148.35,370.84,165.1
631,234,17,0.84345,335.69,191.84,352.58,208.17
632,234,17,0.7824,302.63,184.83,319.28,200.78
633,234,9,0.00121,302.66,184.68,319.1,200.42
634,235,16,0.83628,25.87,112.4,47.01,140.65
635,235,16,0.83262,2.22,114.64,25.58,143.44
636,235,14,0.82335,290.29,61.95,305.55,109.47
637,235,16,0.81163,46.6,110.68,66.6,136.56
638,235,16,0.80926,66.88,108.2,85.89,133.32
639,235,16,0.59315,85.28,107.52,101.85,131.11
640,235,5,0.53575,351.0,72.63,377.64,91.36
641,235,16,0.39923,100.37,105.38,115.07,128.15
642,235,16,0.29356,251.91,87.8,261.89,97.6
643,235,16,0.21514,140.19,101.35,154.45,121.38
644,235,16,0.21315,114.57,104.9,129.04,126.41
645,235,16,0.16525,208.63,95.47,219.51,111.32
646,235,16,0.13987,152.96,99.98,165.37,119.47
647,235,16,0.11276,201.06,96.51,209.52,111.3
648,235,16,0.10765,183.56,97.02,194.91,114.9
649,235,16,0.09517,164.12,98.73,175.46,118.1
650,235,16,0.08621,127.38,102.77,140.2,121.88
651,235,16,0.07012,193.1,96.23,202.48,111.77
652,235,16,0.06241,174.19,97.18,184.82,115.76
653,235,16,0.04818,0.06,114.71,3.06,139.03
654,235,16,0.03244,215.87,87.48,224.95,98.34
655,235,16,0.03078,185.31,95.8,199.98,113.23
656,235,16,0.01894,197.96,93.58,208.33,110.5
657,235,16,0.01157,211.67,93.18,221.6,105.37
658,235,16,0.00971,0.23,121.4,3.09,143.94
659,235,16,0.0041,118.46,104.06,133.17,124.58
660,235,14,0.0039,283.21,68.93,292.94,105.11
661,235,14,0.00181,255.02,66.57,268.06,91.32
662,235,8,0.0013,275.34,63.03,330.45,106.7
663,235,16,0.00121,0.02,108.08,3.02,131.59
664,235,16,0.00107,160.98,94.0,181.04,115.34
665,235,16,0.00102,152.68,99.58,172.64,121.47
666,237,15,0.86875,348.92,122.26,379.46,150.5
667,237,15,0.85758,275.0,152.6,304.13,180.11
668,237,15,0.83874,357.6,178.16,399.22,213.71
669,237,15,0.01205,460.01,130.98,463.0,150.34
670,238,2,0.87658,171.56,43.24,189.69,57.59
671,238,2,0.86416,204.37,28.61,218.42,42.24
672,238,2,0.84667,255.37,52.1,272.52,65.55
673,238,2,0.81003,232.81,69.03,248.58,84.07
674,238,2,0.02076,507.08,26.05,510.0,41.65
675,238,2,0.0013,506.69,26.53,510.0,49.81
676,239,7,0.88209,74.45,182.66,103.29,203.2
677,239,7,0.85641,110.72,94.09,135.64,114.16
678,239,17,0.01304,256.33,207.87,280.72,229.23
679,239,17,0.00169,134.02,184.32,149.77,197.75
680,242,8,0.85408,59.41,5.99,150.65,77.47
681,242,14,0.60307,41.19,10.73,56.06,49.27
682,242,8,0.57701,390.16,0.17,463.78,27.23
683,242,8,0.23282,116.99,10.21,150.58,71.11
684,242,8,0.18165,230.32,0.81,292.7,44.31
685,242,8,0.17847,182.53,0.42,246.69,47.79
686,242,5,0.01003,114.59,147.17,311.33,241.9
687,242,8,0.00342,317.81,2.2,459.32,64.9
688,242,8,0.00245,446.6,0.0,464.0,27.25
689,242,8,0.00158,0.42,12.81,62.46,77.63
690,242,8,0.00137,148.5,4.89,177.73,53.83
691,242,8,0.00118,335.02,0.0,433.62,31.13
692,242,8,0.00106,0.01,21.17,14.42,58.0
693,244,8,0.82794,18.92,146.17,62.07,182.16
694,244,14,0.82022,190.07,143.69,219.83,216.35
695,244,14,0.79397,240.82,157.37,272.86,201.19
696,244,14,0.55868,132.05,161.4,145.17,183.35
697,244,14,0.5363,101.0,150.5,114.54,183.25
698,244,14,0.10877,351.83,161.3,378.3,187.2
699,244,14,0.10267,190.07,153.06,202.99,184.93
700,244,14,0.01485,38.1,145.04,55.66,166.64
701,244,14,0.00901,501.56,157.09,505.0,196.81
702,244,8,0.00582,236.2,148.21,300.29,200.14
703,244,14,0.00532,42.51,144.08,56.78,163.73
704,244,14,0.00518,0.01,129.41,3.75,167.19
705,244,14,0.00509,188.16,156.18,201.73,178.09
706,244,14,0.00361,40.04,143.76,53.13,161.43
707,244,14,0.0036,131.02,161.84,153.38,181.96
708,244,14,0.00318,186.24,158.62,203.31,189.28
709,244,8,0.00292,186.11,142.5,236.3,217.79
710,244,14,0.00231,121.74,159.82,147.1,182.94
711,244,14,0.00218,252.48,158.12,268.24,184.43
712,244,14,0.00169,0.0,124.05,16.26,172.88
713,244,14,0.00161,92.43,148.78,115.71,183.08
714,244,14,0.00154,278.33,156.44,298.55,188.97
715,244,14,0.00152,32.3,147.27,51.21,168.82
716,244,14,0.00145,497.87,159.06,505.0,196.86
717,244,14,0.00132,501.99,170.36,505.0,196.36
718,245,5,0.86163,133.17,176.39,167.13,200.24
719,245,5,0.84232,172.54,179.09,205.57,199.54
720,245,5,0.82045,70.17,147.02,92.34,167.71
721,245,5,0.8098,206.56,178.91,242.93,203.28
722,245,5,0.75764,20.04,133.72,34.88,146.83
723,245,5,0.74795,366.17,229.83,424.97,246.9
724,245,5,0.55945,135.3,163.75,151.24,177.07
725,245,5,0.55221,196.09,192.52,266.48,236.45
726,245,5,0.063,152.49,160.78,187.33,186.87
727,245,14,0.01843,17.48,161.29,25.3,168.66
728,245,8,0.01784,17.15,166.53,31.14,179.81
729,245,5,0.01578,17.97,161.76,27.45,168.13
730,245,14,0.00967,17.56,161.93,27.57,171.5
731,245,5,0.00659,219.26,195.94,264.37,219.39
732,245,5,0.00655,458.03,70.82,487.0,88.46
733,245,5,0.00582,205.93,179.6,256.59,209.58
734,245,5,0.00431,0.0,156.26,6.75,170.76
735,245,5,0.00417,10.53,154.71,26.23,166.43
736,245,5,0.00406,256.22,147.15,276.7,156.72
737,245,5,0.00403,0.04,151.34,5.14,170.97
738,245,5,0.0036,401.72,145.63,441.88,162.44
739,245,8,0.00334,17.34,163.89,28.99,174.81
740,245,14,0.00326,17.96,163.29,30.8,174.02
741,245,5,0.00296,0.02,148.69,9.35,167.25
742,245,5,0.00251,0.01,142.91,4.19,167.05
743,245,5,0.00247,1.14,153.48,19.19,165.56
744,245,5,0.00238,16.5,160.52,25.15,168.11
745,245,5,0.00225,335.83,102.96,373.5,124.15
746,245,5,0.00218,459.86,70.38,486.93,99.8
747,245,8,0.00208,19.36,166.19,35.08,181.37
748,245,5,0.00196,0.0,172.74,6.82,195.49
749,245,5,0.00186,0.05,158.21,4.86,178.47
750,245,5,0.00151,371.18,98.93,402.81,114.57
751,245,5,0.00142,371.74,106.67,399.51,116.17
752,245,5,0.00136,0.02,161.63,4.97,186.17
753,245,5,0.00121,378.07,102.18,401.82,114.28
754,245,5,0.00114,17.42,158.9,25.05,166.57
755,245,5,0.00112,373.92,111.42,400.68,123.35
756,245,5,0.00109,378.81,98.27,404.19,111.83
757,245,5,0.00103,205.13,187.69,264.08,224.14
758,247,15,0.84334,209.37,59.23,230.16,85.05
759,247,15,0.83901,141.89,60.61,162.98,83.83
760,247,2,0.39962,209.45,58.78,230.05,84.87
761,252,7,0.83482,376.95,166.98,401.42,185.79
762,252,2,0.02348,477.22,158.75,495.82,177.28
763,252,7,0.01817,476.98,158.8,495.05,176.79
764,252,2,0.01138,491.76,156.4,498.92,179.77
765,257,5,0.85467,151.25,182.75,189.23,208.62
766,257,5,0.1376,328.82,218.71,435.46,246.33
767,257,5,0.0494,227.51,194.86,350.19,246.01
768,257,5,0.04763,347.64,203.37,435.26,245.33
769,257,5,0.01285,377.77,81.21,406.29,95.97
770,257,5,0.00527,413.62,89.32,448.85,106.52
771,257,5,0.00341,375.45,93.09,402.01,106.07
772,257,5,0.00318,377.61,117.94,404.58,131.94
773,257,5,0.00263,336.27,86.74,373.96,108.93
774,257,5,0.00242,188.54,158.72,208.46,168.51
775,257,5,0.00183,384.8,84.4,409.84,96.08
776,257,5,0.0016,456.43,51.59,486.74,66.69
777,257,5,0.00155,206.96,192.12,270.69,229.63
778,257,5,0.0014,387.25,87.22,411.39,97.41
779,257,5,0.00133,411.66,93.49,449.77,111.25
780,257,5,0.00131,420.51,70.67,465.8,92.3
781,257,5,0.00115,416.94,86.03,451.43,102.19
782,258,10,0.90214,412.15,123.58,434.05,145.83
783,258,10,0.88584,326.22,7.51,344.91,30.26
784,258,9,0.88503,299.47,109.37,322.77,128.73
785,258,11,0.87252,240.79,134.6,265.12,155.31
786,258,17,0.85736,365.58,88.57,383.36,105.87
787,258,17,0.85703,342.93,49.02,360.61,66.86
788,258,17,0.76898,267.02,52.33,288.29,73.29
789,258,9,0.37812,266.96,52.11,288.29,73.39
790,267,15,0.91922,393.9,158.37,444.18,206.37
791,268,16,0.28416,371.38,10.48,446.77,98.43
792,269,6,0.89336,376.99,180.77,450.65,219.6
793,269,15,0.83916,299.45,165.13,318.14,188.59
794,273,17,0.82393,345.01,157.51,360.58,172.59
795,273,9,0.13047,175.91,185.71,195.32,204.05
796,273,6,0.02738,31.8,191.83,60.24,211.74
797,273,10,0.01056,176.14,185.6,195.17,203.83
798,276,14,0.82934,327.95,124.09,347.75,187.24
799,276,16,0.82337,68.35,180.81,90.73,214.09
800,276,16,0.76844,13.87,184.09,36.75,220.75
801,276,16,0.74641,106.55,177.36,125.93,209.28
802,276,16,0.66216,143.71,175.18,162.77,203.89
803,276,16,0.53245,201.57,171.47,236.63,196.43
804,276,16,0.52764,247.39,172.6,276.56,192.76
805,276,16,0.4906,357.06,166.17,386.96,182.15
806,276,16,0.4735,286.95,169.1,326.24,189.3
807,276,16,0.44081,173.71,171.7,214.47,198.61
808,276,16,0.34463,399.77,165.08,431.13,176.41
809,276,16,0.33828,146.27,173.33,188.84,201.12
810,276,16,0.3212,224.77,173.01,258.06,195.42
811,276,16,0.28734,173.73,172.44,190.08,199.4
812,276,16,0.21679,265.71,170.11,307.23,190.79
813,276,16,0.16822,343.46,167.4,367.52,182.64
814,276,16,0.15863,301.54,169.24,328.46,187.88
815,276,16,0.10751,379.83,164.65,410.96,179.57
816,276,16,0.09859,365.62,165.21,397.98,181.07
817,276,16,0.03658,276.63,169.95,314.62,189.75
818,276,16,0.02854,197.85,172.58,214.82,196.26
819,276,16,0.02226,410.84,165.25,432.37,175.76
820,276,16,0.02214,390.06,164.74,425.3,177.1
821,276,16,0.01887,201.41,170.93,222.46,196.1
822,276,16,0.01646,240.86,173.1,258.2,193.18
823,276,16,0.01625,0.08,184.92,17.25,214.45
824,276,16,0.01549,114.61,176.53,162.94,204.74
825,276,16,0.01417,66.44,180.99,79.17,197.23
826,276,16,0.01278,387.64,164.67,411.89,176.65
827,276,16,0.012,330.41,168.07,367.33,184.56
828,276,16,0.01072,0.77,183.88,32.69,220.22
829,276,16,0.01037,203.79,172.75,253.34,197.03
830,276,16,0.00998,0.02,187.89,6.68,214.54
831,276,16,0.00915,265.41,172.01,282.11,191.28
832,276,16,0.00792,224.22,172.88,245.49,196.07
833,276,16,0.00553,258.91,172.93,278.74,191.18
834,276,16,0.00522,149.53,173.09,184.07,193.78
835,276,16,0.00494,81.91,179.04,126.09,209.91
836,276,16,0.00473,287.28,169.17,314.19,185.63
837,276,16,0.0044,0.01,199.86,4.24,220.36
838,276,16,0.00424,307.57,167.63,352.14,188.43
839,276,16,0.004,0.01,189.48,4.21,218.12
840,276,16,0.00381,223.84,171.33,270.03,191.93
841,276,16,0.00295,312.55,144.98,348.4,187.79
842,276,16,0.00286,219.88,172.08,237.79,196.14
843,276,16,0.00273,160.54,173.38,189.78,198.61
844,276,16,0.00259,310.98,168.86,334.91,187.82
845,276,16,0.00247,12.76,184.24,25.64,209.4
846,276,16,0.0024,27.06,184.24,42.26,204.15
847,276,16,0.0024,6.98,185.03,23.05,210.21
848,276,14,0.00237,460.28,141.12,488.0,169.37
849,276,14,0.00224,482.44,140.48,488.0,171.32
850,276,16,0.00223,321.84,136.44,350.56,186.39
851,276,16,0.00191,23.18,183.82,36.81,199.9
852,276,14,0.00174,472.53,141.29,488.0,173.5
853,276,16,0.00172,337.4,168.06,355.43,184.71
854,276,16,0.00172,103.95,177.81,118.23,191.92
855,276,16,0.00171,459.13,140.95,487.71,163.59
856,276,16,0.00143,177.86,172.51,211.09,191.56
857,276,16,0.00119,68.11,203.48,90.69,219.02
858,276,16,0.00106,318.09,167.78,343.17,187.78
859,276,16,0.001,0.05,186.87,10.63,219.84
860,293,2,0.86715,103.49,160.89,120.99,174.68
861,293,2,0.86495,65.65,185.18,84.07,197.58
862,293,2,0.86253,25.5,164.13,44.15,177.89
863,293,2,0.86184,142.48,176.48,161.19,190.61
864,296,17,0.80108,141.73,141.92,161.84,162.68
865,296,17,0.55148,73.49,178.0,95.04,203.14
866,296,2,0.3214,192.14,115.75,216.78,136.56
867,296,2,0.22154,141.25,142.0,162.3,165.43
868,296,2,0.09926,73.32,178.02,94.87,202.86
869,296,17,0.0969,192.81,115.72,216.68,136.37
870,297,15,0.93374,340.95,4.93,381.28,52.68
871,297,15,0.92237,325.9,113.0,365.89,158.18
872,300,2,0.8759,293.77,52.23,316.26,80.58
873,300,2,0.86083,395.03,43.02,415.24,72.74
874,304,2,0.87463,232.84,98.02,256.77,130.77
875,304,2,0.82876,239.48,19.11,267.24,40.67
876,305,15,0.90681,225.52,195.64,260.47,230.29
877,308,3,0.89806,285.15,137.28,329.56,188.41
878,308,13,0.85149,322.75,79.99,359.14,116.59
879,308,3,0.84253,212.65,129.24,284.9,155.17
880,308,1,0.82914,377.62,100.24,413.37,137.93
881,308,3,0.78388,362.17,147.59,453.94,178.72
882,308,14,0.00165,0.03,2.68,9.86,105.09
883,308,14,0.00104,0.01,38.79,6.76,104.26
884,316,10,0.87838,85.58,105.21,101.84,119.06
885,316,17,0.86074,128.13,146.75,141.46,160.56
886,316,10,0.85431,61.13,114.95,75.67,130.65
887,316,17,0.8518,149.98,135.49,163.27,148.78
888,316,11,0.84532,125.89,104.1,143.19,117.47
889,316,17,0.81207,59.23,135.91,74.55,152.69
890,316,11,0.79522,105.63,128.34,120.72,143.51
891,316,17,0.78939,82.46,147.99,98.71,162.51
892,316,10,0.11424,82.19,147.99,98.7,162.49
893,316,9,0.05085,82.19,148.05,98.83,162.43
894,318,14,0.87902,397.78,2.45,425.39,73.82
895,318,8,0.799,174.0,17.1,231.98,128.19
896,318,14,0.78943,143.68,20.61,160.01,60.96
897,318,14,0.78693,54.56,23.91,70.9,68.37
898,318,14,0.58046,70.65,25.13,82.6,46.46
899,318,14,0.44478,24.57,21.94,50.52,68.77
900,318,14,0.2409,160.02,16.74,178.27,60.2
901,318,8,0.078,159.82,17.21,178.58,59.78
902,318,14,0.03767,0.03,39.63,4.51,71.91
903,318,4,0.02922,0.49,170.21,118.21,253.0
904,318,14,0.02851,0.0,28.36,5.42,65.95
905,318,8,0.00932,19.14,23.06,83.37,71.97
906,318,14,0.00673,217.01,0.0,242.56,51.31
907,318,8,0.00515,215.68,0.38,244.93,57.1
908,318,14,0.00381,218.93,0.42,236.31,37.06
909,318,8,0.00189,268.41,12.49,368.41,52.88
910,318,14,0.0016,26.3,21.29,44.48,35.7
911,318,8,0.00133,176.16,3.81,249.82,87.76
912,318,4,0.00124,0.0,198.73,102.41,252.84
913,318,14,0.00113,348.01,0.37,359.24,29.88
914,318,8,0.00102,140.4,4.66,203.8,65.24
915,319,15,0.89506,134.45,159.69,157.66,182.76
916,319,15,0.89459,86.32,151.96,108.0,171.25
917,329,8,0.86391,418.19,10.95,490.16,69.4
918,329,8,0.21658,456.68,1.91,491.0,62.01
919,329,8,0.08783,483.7,0.0,491.0,69.07
920,329,8,0.02727,303.9,2.22,410.44,119.75
921,329,14,0.01946,0.02,95.47,11.47,156.93
922,329,8,0.01255,478.93,3.04,490.94,62.7
923,329,8,0.00345,0.01,2.49,22.77,56.74
924,329,8,0.00335,0.0,3.46,24.59,92.3
925,329,8,0.00237,484.96,0.58,491.0,34.57
926,329,8,0.00153,0.35,2.89,70.49,77.95
927,329,8,0.00144,397.47,10.51,430.25,63.74
928,329,8,0.00119,470.01,5.02,490.77,62.24
929,329,2,0.00103,338.42,137.43,407.02,179.58
930,331,7,0.91952,110.44,63.07,174.34,112.18
931,331,7,0.90211,168.39,16.14,235.32,61.16
932,331,7,0.65844,43.3,95.74,133.17,155.06
933,331,6,0.00288,238.2,145.86,299.57,229.28
934,336,0,0.91592,233.72,138.45,283.85,184.38
935,336,0,0.91501,305.45,37.9,345.93,77.62
936,336,1,0.84422,91.44,78.37,132.19,117.5
937,342,15,0.86154,291.54,96.02,325.03,125.84
938,342,15,0.84913,303.94,21.89,332.76,47.75
939,342,15,0.81971,403.74,59.81,443.65,90.48
940,342,7,0.00268,449.67,105.19,462.0,140.12
941,342,7,0.0025,457.33,107.13,462.0,139.46
942,342,7,0.00119,458.65,111.89,462.0,141.36
943,343,17,0.81077,31.64,76.13,54.77,98.1
944,343,17,0.6428,160.56,12.47,179.46,32.31
945,344,2,0.86326,403.32,105.74,429.42,140.78
946,344,17,0.00667,476.51,229.95,492.75,245.11
947,347,7,0.84924,322.39,166.93,349.51,194.43
948,348,8,0.86374,378.65,84.31,406.68,114.64
949,348,16,0.84212,45.32,101.15,66.46,128.42
950,348,16,0.83533,23.21,102.2,44.57,129.55
951,348,16,0.82606,0.16,101.02,21.54,130.42
952,348,16,0.81511,66.19,100.25,85.41,125.66
953,348,16,0.81309,86.13,98.85,105.03,123.47
954,348,14,0.80291,380.53,65.15,405.83,87.87
955,348,16,0.75415,104.2,98.73,120.09,121.35
956,348,16,0.71466,269.67,87.72,278.87,97.48
957,348,16,0.69728,119.39,97.89,133.2,119.83
958,348,16,0.69067,158.57,96.63,171.87,115.17
959,348,16,0.65337,133.15,97.95,147.21,117.99
960,348,16,0.63647,146.54,96.71,158.56,115.93
961,348,16,0.59972,227.01,93.34,235.16,108.11
962,348,16,0.56387,171.67,95.7,183.27,113.92
963,348,16,0.53168,219.16,93.44,227.66,108.38
964,348,16,0.48476,182.5,94.52,192.99,112.66
965,348,16,0.47883,211.74,92.96,219.88,108.68
966,348,16,0.47508,201.65,93.74,212.38,110.13
967,348,16,0.47489,233.3,87.31,241.06,96.08
968,348,16,0.46538,192.51,93.84,202.3,111.24
969,348,8,0.42023,413.03,81.81,426.39,99.8
970,348,16,0.1291,234.09,86.33,240.82,92.94
971,348,14,0.10066,239.57,67.75,249.38,90.14
972,348,14,0.08945,413.7,78.51,426.9,97.52
973,348,16,0.07853,229.02,93.46,237.93,107.09
974,348,16,0.04839,279.46,80.79,289.35,92.37
975,348,14,0.03953,415.12,74.08,427.38,87.72
976,348,16,0.02944,239.9,69.07,248.15,89.95
977,348,16,0.02867,233.03,92.72,242.18,108.11
978,348,16,0.02386,229.75,88.09,240.12,96.28
979,348,16,0.01704,0.04,101.39,5.08,127.11
980,348,16,0.01524,0.0,111.08,3.45,143.34
981,348,8,0.01199,238.49,68.52,248.36,89.92
982,348,16,0.01038,11.13,101.91,23.21,120.13
983,348,16,0.00932,190.83,94.4,199.42,112.42
984,348,16,0.00825,279.2,87.33,287.01,97.18
985,348,16,0.00801,271.61,85.9,279.74,95.63
986,348,16,0.00741,280.22,85.44,291.44,96.26
987,348,16,0.00665,236.17,86.86,245.09,93.74
988,348,16,0.00554,233.0,93.64,241.27,102.7
989,348,17,0.00366,494.5,80.87,499.0,101.91
990,348,14,0.00356,237.37,66.87,245.83,90.57
991,348,16,0.00336,230.43,84.61,240.22,95.39
992,348,16,0.00296,14.43,102.24,22.78,115.7
993,348,16,0.0028,280.43,76.83,291.34,93.13
994,348,16,0.00221,270.61,90.91,279.69,100.17
995,348,16,0.00202,236.48,88.72,246.5,96.94
996,348,16,0.00196,0.05,99.13,3.43,116.73
997,348,16,0.00173,231.44,75.32,238.56,88.39
998,348,16,0.00166,39.42,120.16,45.59,129.29
999,348,16,0.00155,3.7,100.97,21.26,119.23
1000,348,16,0.00152,40.46,101.79,48.15,120.72
1001,348,8,0.00146,369.39,79.4,380.3,94.93
1002,348,16,0.00145,250.16,85.36,258.43,98.98
1003,348,16,0.0013,22.82,102.99,32.46,118.35
1004,348,16,0.00119,144.76,97.05,152.18,116.19
1005,348,17,0.00115,495.39,79.13,499.0,95.14
1006,348,16,0.00112,223.68,88.68,231.78,97.83
1007,348,16,0.00106,216.87,88.66,227.36,104.9
1008,350,2,0.76232,46.17,62.16,65.55,80.23
1009,350,17,0.36988,144.34,40.8,160.74,58.71
1010,350,2,0.35582,98.99,50.57,116.17,67.49
1011,350,9,0.14853,99.7,50.57,116.23,67.08
1012,350,2,0.06515,144.38,40.28,160.99,59.2
1013,350,2,0.01176,133.04,79.04,155.15,92.14
1014,350,2,0.00113,132.88,48.39,164.3,92.23
1015,350,2,0.00102,132.94,72.48,158.05,92.21
1016,352,2,0.84839,65.91,160.83,86.42,190.35
1017,353,17,0.872,445.04,152.52,460.56,168.88
1018,353,10,0.52643,274.02,182.41,292.44,200.07
1019,353,9,0.1803,373.92,197.19,395.84,213.45
1020,354,7,0.83101,39.26,85.9,58.05,105.39
1021,354,7,0.82911,182.29,85.16,204.6,101.85
1022,354,15,0.81678,132.09,46.95,153.59,68.35
1023,354,15,0.78343,93.08,88.34,115.07,105.81
1024,354,7,0.23264,93.03,88.64,114.44,105.7
1025,354,15,0.00883,137.54,94.14,150.35,106.92
1026,355,15,0.90296,265.47,174.43,285.61,197.13
1027,355,15,0.89562,384.02,169.96,405.61,190.29
1028,356,10,0.86872,131.26,180.87,153.87,204.25
1029,356,10,0.86509,202.28,127.54,224.38,149.89
1030,356,11,0.00154,364.01,102.23,379.59,116.88
1031,359,17,0.74549,403.82,133.62,426.53,153.64
1032,359,17,0.60472,234.99,166.49,260.19,187.64
1033,359,2,0.05867,403.61,133.35,426.4,153.87
1034,366,15,0.89598,407.3,12.49,423.44,26.69
1035,366,15,0.85807,380.4,17.84,399.45,33.92
1036,366,5,0.00207,20.48,173.03,128.0,224.71
1037,368,2,0.90447,184.77,103.68,209.98,138.25
1038,368,2,0.8927,49.66,59.63,74.76,91.36
1039,368,2,0.8856,251.09,58.71,273.47,89.73
1040,368,2,0.87044,167.07,12.07,188.42,41.52
1041,369,17,0.86387,410.94,171.65,430.27,191.94
1042,369,2,0.86283,275.3,143.38,314.39,187.2
1043,369,17,0.84292,305.39,97.79,323.77,116.24
1044,369,2,0.08739,305.37,97.63,323.6,116.34
1045,369,2,0.00236,306.11,101.84,363.32,145.62
1046,369,2,0.00147,411.08,171.55,430.18,192.42
1047,371,2,0.8855,338.11,179.17,359.99,209.29
1048,371,2,0.87327,429.13,138.63,448.55,165.41
1049,371,2,0.86969,260.53,137.04,279.98,163.76
1050,371,2,0.84769,316.65,110.58,334.16,134.81
1051,379,15,0.87454,245.03,108.47,270.36,134.91
1052,379,15,0.86233,166.97,80.12,194.06,107.93
1053,379,15,0.82642,240.37,67.54,262.09,87.69
1054,382,15,0.90529,103.35,92.93,123.2,111.6
1055,382,15,0.89395,51.85,93.89,67.23,110.05
1056,383,10,0.86228,112.98,27.99,129.32,41.79
1057,383,10,0.84674,89.49,37.84,103.43,53.17
1058,383,11,0.8444,153.25,26.92,170.56,40.39
1059,383,17,0.83881,177.3,58.2,190.79,71.96
1060,383,9,0.77924,87.23,58.21,103.03,75.2
1061,383,11,0.7654,133.36,51.02,148.52,66.33
1062,383,17,0.65559,110.24,70.47,126.91,85.05
1063,383,17,0.65188,155.61,69.52,168.82,83.32
1064,383,9,0.5361,110.09,70.47,126.92,85.06
1065,384,2,0.89861,29.67,144.42,66.67,172.78
1066,384,2,0.89435,154.56,153.26,185.35,180.66
1067,384,2,0.00216,485.01,71.48,491.0,99.12
1068,384,2,0.00177,298.15,37.72,320.27,55.28
1069,384,2,0.00137,483.73,61.43,491.0,94.6
1070,385,15,0.95054,115.41,111.79,175.86,172.97
1071,385,15,0.92653,281.49,103.95,352.76,173.15
1072,385,15,0.00229,116.13,111.89,143.69,173.17
1073,385,15,0.00115,321.62,141.74,348.93,172.46
1074,392,14,0.79816,263.73,66.69,279.34,115.32
1075,392,5,0.68934,35.4,84.64,56.35,102.44
1076,392,8,0.39202,88.16,82.14,100.75,105.0
1077,392,14,0.28894,68.91,76.26,84.7,88.08
1078,392,14,0.03616,88.23,81.99,100.06,105.41
1079,392,8,0.03257,72.22,85.33,83.96,105.58
1080,392,16,0.02747,0.02,94.34,4.11,112.47
1081,392,8,0.01946,0.02,87.79,3.94,110.52
1082,392,14,0.01909,8.13,77.47,20.14,100.08
1083,392,16,0.01148,480.48,77.7,487.0,92.58
1084,392,16,0.01067,430.14,107.09,437.21,113.38
1085,392,16,0.00979,481.34,77.28,487.0,83.84
1086,392,14,0.00874,0.01,83.38,4.17,102.19
1087,392,16,0.00774,8.24,77.1,20.34,99.7
1088,392,8,0.00751,67.15,80.56,84.25,103.26
1089,392,8,0.00701,7.35,77.38,20.14,100.26
1090,392,14,0.00588,0.0,73.89,4.64,101.96
1091,392,16,0.00485,465.76,76.0,481.04,91.64
1092,392,8,0.00472,0.02,88.57,4.7,119.36
1093,392,16,0.00373,446.84,107.83,458.58,115.55
1094,392,8,0.0035,0.04,78.86,6.43,102.07
1095,392,16,0.00291,15.79,90.98,22.23,99.61
1096,392,16,0.00254,457.22,75.39,481.88,91.92
1097,392,16,0.00244,479.24,77.02,487.0,97.7
1098,392,16,0.00236,0.06,86.13,6.19,112.57
1099,392,16,0.0017,465.94,106.62,480.76,117.26
1100,392,16,0.00143,15.63,98.03,23.62,106.12
1101,392,16,0.00118,444.15,107.07,456.31,115.32
1102,392,16,0.00101,481.11,77.76,487.0,103.75
1103,400,2,0.88781,374.64,33.81,419.53,68.53
1104,400,17,0.84156,406.5,105.58,429.88,128.32
1105,400,17,0.82822,256.49,78.32,277.87,99.94
1106,401,7,0.30544,356.95,16.7,418.14,63.83
1107,401,6,0.01821,330.33,90.92,459.69,212.0
1108,401,7,0.01176,249.02,54.76,303.68,125.82
1109,402,7,0.89534,396.29,50.8,422.45,74.14
1110,402,7,0.86302,217.25,77.6,249.52,103.05
1111,402,17,0.06273,282.77,124.13,306.07,145.07
1112,402,8,0.00103,21.45,0.0,118.59,1.61
1113,404,10,0.88415,299.92,106.94,315.53,121.76
1114,404,10,0.8767,346.21,118.17,361.47,133.14
1115,404,9,0.84464,310.12,158.59,327.86,173.72
1116,404,9,0.80594,357.9,161.49,375.77,175.91
1117,404,17,0.79872,303.89,207.55,319.03,222.31
1118,404,10,0.02408,358.24,161.68,375.91,175.88
1119,405,7,0.84134,185.44,168.87,214.33,194.38
1120,405,7,0.52542,39.13,189.94,69.84,212.08
1121,405,8,0.00818,8.86,190.58,89.29,251.4
1122,406,3,0.85862,313.22,57.45,367.74,105.97
1123,406,0,0.85537,88.73,135.55,126.3,170.39
1124,406,12,0.85407,249.51,73.68,280.9,103.46
1125,406,0,0.85386,229.31,4.86,262.2,37.18
1126,406,3,0.84849,137.55,71.32,208.99,119.75
1127,406,12,0.84274,116.83,39.35,150.93,69.33
1128,406,3,0.79635,200.53,158.38,289.15,196.59
1129,408,2,0.86386,226.15,42.27,243.45,64.01
1130,408,2,0.85448,209.02,68.23,225.53,90.62
1131,409,10,0.89274,321.84,202.4,341.51,223.25
1132,409,9,0.88171,355.17,139.9,376.94,155.94
1133,409,9,0.87464,385.35,176.11,406.43,197.76
1134,409,17,0.87441,295.99,149.94,313.08,166.55
1135,409,10,0.86055,260.93,112.24,280.05,130.22
1136,409,17,0.85627,312.21,171.64,329.95,189.03
1137,409,11,0.83534,409.17,127.87,430.8,142.93
1138,410,12,0.9389,179.6,160.77,223.73,203.88
1139,410,4,0.89878,187.96,16.48,246.64,120.48
1140,410,0,0.895,263.33,84.27,313.52,135.36
1141,410,13,0.88258,325.82,22.3,374.88,72.95
1142,410,3,0.85881,285.26,171.38,414.02,240.49
1143,410,1,0.00108,263.92,84.58,312.84,135.47
1144,411,2,0.90013,219.68,176.21,255.59,218.44
1145,411,7,0.82688,210.74,137.7,238.4,161.78
1146,412,15,0.91743,67.33,199.49,103.32,235.2
1147,413,14,0.00109,370.9,6.42,506.86,245.85
1148,420,9,0.90835,147.88,140.9,165.0,161.53
1149,420,9,0.88861,145.76,82.05,163.49,105.24
1150,420,10,0.88173,235.52,25.51,252.77,42.56
1151,420,17,0.88055,46.44,124.32,63.42,140.66
1152,420,10,0.87597,230.49,87.43,248.28,106.55
1153,420,4,0.0473,242.87,169.34,269.85,197.28
1154,420,2,0.00524,242.75,169.57,269.16,197.49
1155,420,9,0.00207,242.75,169.34,269.44,197.04
1156,422,2,0.87395,99.05,128.42,110.7,145.46
1157,422,2,0.86526,84.43,157.17,97.91,175.68
1158,422,2,0.84185,39.78,133.61,52.79,150.93
1159,422,2,0.82798,137.44,142.03,148.37,159.38
1160,424,15,0.87712,140.54,102.94,167.83,128.98
1161,424,6,0.86244,105.54,56.96,163.07,80.69
1162,424,15,0.84121,107.03,20.18,126.07,38.96
1163,424,2,0.70105,192.11,67.59,209.05,85.42
1164,426,3,0.90966,240.97,9.92,277.34,89.52
1165,426,3,0.88237,248.12,164.07,294.23,231.14
1166,426,13,0.8694,164.04,111.99,197.78,146.03
1167,426,3,0.86011,257.22,107.54,319.57,159.03
1168,426,1,0.81775,188.68,50.53,223.19,87.17
1169,427,15,0.89912,61.23,161.47,76.09,177.53
1170,427,15,0.89226,112.22,160.94,132.14,179.41
1171,427,5,0.00111,487.37,110.27,496.0,135.7
1172,428,7,0.92107,406.76,145.04,472.15,193.46
1173,428,7,0.91882,69.75,155.69,118.75,196.27
1174,429,2,0.86714,184.55,30.2,220.16,64.94
1175,429,2,0.0049,217.75,4.91,239.33,36.23
1176,429,2,0.00129,502.33,60.94,508.0,91.69
1177,432,17,0.91039,158.81,63.44,179.89,84.68
1178,432,10,0.90051,411.62,84.15,441.71,108.61
1179,432,9,0.87112,283.15,21.85,313.52,43.69
1180,432,9,0.7638,276.37,125.86,305.61,148.9
1181,434,14,0.84993,243.96,101.14,262.24,150.56
1182,434,16,0.84504,36.08,149.66,57.99,177.82
1183,434,16,0.82328,0.0,149.68,12.27,180.28
1184,434,16,0.81896,13.0,151.01,35.94,180.11
1185,434,16,0.80097,77.6,146.48,97.09,171.81
1186,434,16,0.78811,57.16,148.42,77.24,174.34
1187,434,16,0.72805,95.9,146.13,112.63,169.99
1188,434,14,0.57379,189.26,108.08,206.88,132.44
1189,434,16,0.49072,124.97,144.32,140.47,166.09
1190,434,16,0.48418,111.31,145.2,125.72,167.42
1191,434,16,0.435,150.97,142.39,164.87,161.97
1192,434,16,0.37749,263.37,131.81,273.36,142.5
1193,434,16,0.37414,219.85,137.98,229.31,153.45
1194,434,16,0.32395,227.41,130.72,236.45,141.28
1195,434,16,0.3016,175.34,140.63,185.92,159.52
1196,434,16,0.29126,164.35,141.24,176.04,160.34
1197,434,16,0.29002,138.63,142.92,151.72,163.04
1198,434,5,0.24893,363.36,119.11,381.74,137.6
1199,434,16,0.23248,185.01,139.19,195.5,157.21
1200,434,8,0.22713,189.4,110.04,211.0,139.96
1201,434,16,0.21181,212.42,138.03,221.06,153.04
1202,434,16,0.19191,204.94,138.78,213.6,154.42
1203,434,16,0.18874,195.3,139.75,205.87,156.65
1204,434,8,0.17923,190.05,124.2,211.88,141.35
1205,434,8,0.17083,380.26,124.71,394.85,142.58
1206,434,14,0.15722,197.37,124.33,212.41,140.26
1207,434,5,0.0619,0.0,108.62,8.88,130.9
1208,434,8,0.05906,417.7,108.34,436.06,141.92
1209,434,14,0.02837,189.79,124.12,211.1,143.17
1210,434,16,0.02529,190.91,135.27,203.13,156.59
1211,434,8,0.02425,190.24,124.01,211.27,152.84
1212,434,14,0.01568,381.03,115.65,393.67,129.67
1213,434,16,0.01506,191.14,124.09,210.6,140.14
1214,434,5,0.01308,362.15,116.81,393.35,136.3
1215,434,16,0.00667,222.36,138.42,233.76,151.86
1216,434,14,0.00622,186.02,137.8,196.38,156.65
1217,434,8,0.00549,236.66,103.45,282.36,148.69
1218,434,14,0.00541,200.28,121.1,214.68,138.42
1219,434,8,0.00514,420.53,116.34,434.78,141.46
1220,434,16,0.00407,273.12,125.37,283.45,136.25
1221,434,5,0.00391,378.07,116.56,393.1,133.67
1222,434,16,0.00377,10.87,151.09,16.6,167.0
1223,434,16,0.00282,226.57,138.15,238.44,148.9
1224,434,16,0.00207,484.55,131.29,488.0,158.92
1225,434,16,0.00192,1.7,168.19,12.1,180.41
1226,434,16,0.00176,0.01,153.87,5.47,182.21
1227,434,16,0.0016,0.04,174.29,3.1,196.68
1228,434,8,0.00153,380.66,119.18,393.59,138.97
1229,434,16,0.00151,0.19,162.44,8.41,186.86
1230,434,5,0.0014,13.0,150.07,71.77,178.53
1231,434,16,0.00133,480.52,132.17,488.0,158.42
1232,434,16,0.00133,32.94,150.77,39.74,167.78
1233,434,16,0.00127,0.03,108.01,9.75,141.32
1234,434,16,0.0012,207.53,127.97,221.45,151.77
1235,439,10,0.87911,451.36,29.53,468.42,44.86
1236,439,10,0.87039,390.41,52.84,409.36,68.57
1237,439,17,0.86334,310.29,12.97,322.37,25.01
1238,439,9,0.81951,320.14,43.61,335.24,61.23
1239,439,9,0.77788,366.96,28.51,384.01,44.46
1240,439,17,0.71315,320.1,43.42,335.11,61.2
1241,441,5,0.84295,109.56,21.85,135.51,45.1
1242,441,14,0.83537,469.2,61.12,481.53,88.28
1243,441,14,0.81244,431.71,47.21,443.01,75.24
1244,441,5,0.77885,177.12,2.29,192.55,14.82
1245,441,14,0.75617,417.7,46.74,427.61,72.75
1246,441,8,0.53477,376.27,48.94,390.4,64.1
1247,441,14,0.43442,391.0,43.57,398.84,64.16
1248,441,14,0.20936,386.51,44.08,394.32,64.17
1249,441,5,0.19282,0.38,1.47,13.2,12.52
1250,441,14,0.15781,384.09,46.26,391.08,62.54
1251,441,8,0.12517,378.27,53.09,390.52,64.83
1252,441,14,0.05869,387.57,43.3,394.44,55.78
1253,441,14,0.05862,385.6,45.09,391.93,60.28
1254,441,5,0.05042,486.42,53.97,494.0,72.97
1255,441,8,0.04998,0.0,13.71,5.08,29.38
1256,441,14,0.04447,380.03,45.67,388.18,58.61
1257,441,8,0.03372,486.54,54.22,494.0,71.84
1258,441,8,0.02152,386.68,44.58,396.27,64.39
1259,441,14,0.01744,486.49,54.03,494.0,71.78
1260,441,14,0.01379,386.16,43.35,392.6,50.24
1261,441,14,0.01236,394.0,44.43,400.92,63.79
1262,441,14,0.01067,489.4,55.76,494.0,73.03
1263,441,8,0.00929,480.43,56.61,487.75,69.21
1264,441,14,0.00738,480.52,58.47,487.2,69.95
1265,441,8,0.00605,384.06,47.18,391.55,64.59
1266,441,5,0.00535,176.39,1.4,233.97,33.23
1267,441,5,0.00494,0.16,4.26,11.18,14.82
1268,441,8,0.00424,386.45,54.68,395.84,64.99
1269,441,14,0.00313,0.05,7.73,7.14,17.3
1270,441,14,0.00277,0.0,15.07,4.32,30.4
1271,441,8,0.00225,375.34,48.08,387.26,61.48
1272,441,5,0.00222,333.05,37.29,344.03,48.02
1273,441,14,0.00162,73.6,0.68,81.38,8.86
1274,441,8,0.00159,89.54,0.69,98.71,7.64
1275,441,14,0.00145,476.81,55.5,486.78,67.35
1276,441,14,0.0014,476.88,51.95,487.81,63.79
1277,441,14,0.00139,381.48,43.41,388.85,53.39
1278,441,5,0.00125,0.0,14.5,6.36,28.84
1279,441,5,0.00104,410.35,46.73,451.15,71.77
1280,448,5,0.87331,450.31,59.68,491.0,87.41
1281,448,5,0.8668,102.32,100.21,179.65,138.32
1282,448,5,0.86396,104.69,82.45,145.43,106.25
1283,448,5,0.24496,61.92,39.79,79.2,55.41
1284,448,5,0.12986,484.88,105.38,491.0,127.12
1285,448,14,0.08662,394.54,61.09,411.61,95.84
1286,448,5,0.05293,61.94,30.57,123.23,62.13
1287,448,5,0.03161,479.67,95.83,491.0,125.31
1288,448,8,0.02285,484.56,105.36,491.0,129.66
1289,448,5,0.01061,472.73,85.46,491.0,109.51
1290,448,5,0.00828,402.35,61.09,453.61,80.57
1291,448,5,0.00688,481.7,70.68,491.0,90.78
1292,448,5,0.00493,474.35,94.4,491.0,121.37
1293,448,5,0.00464,484.93,91.73,491.0,124.09
1294,448,14,0.00399,484.54,102.04,491.0,131.53
1295,448,5,0.00392,476.16,103.29,491.0,128.2
1296,448,14,0.00362,256.82,50.39,266.01,69.74
1297,448,5,0.00283,478.97,81.28,491.0,104.75
1298,448,5,0.00264,479.8,75.89,491.0,99.61
1299,448,5,0.00257,482.23,66.86,491.0,85.56
1300,448,8,0.00202,353.77,57.56,370.45,72.02
1301,448,5,0.00148,332.79,46.42,357.43,62.95
1302,448,5,0.00136,478.8,86.93,491.0,117.28
1303,448,5,0.00128,61.26,38.42,123.58,57.34
1304,451,2,0.85389,161.62,23.23,180.81,49.69
1305,451,2,0.84502,199.06,64.53,225.74,85.66
1306,452,2,0.88396,274.72,124.61,296.65,152.89
1307,452,2,0.87725,375.3,117.3,394.88,146.86
1308,453,15,0.90399,30.31,126.07,102.31,190.62
1309,453,15,0.89386,57.0,79.08,116.43,135.74
1310,453,7,0.14208,461.9,57.54,498.59,110.49
1311,453,15,0.05982,30.77,125.61,67.96,190.49
1312,454,5,0.83599,96.83,82.85,118.56,102.49
1313,454,5,0.7685,0.66,52.64,36.18,70.29
1314,454,14,0.67005,248.62,111.78,262.86,129.57
1315,454,5,0.42714,160.58,58.51,172.89,69.63
1316,454,14,0.12161,215.55,80.13,223.84,92.17
1317,454,8,0.0908,248.4,124.68,262.04,138.83
1318,454,8,0.08951,248.16,112.12,263.23,136.0
1319,454,14,0.02388,217.27,77.98,224.06,87.98
1320,454,5,0.01251,51.29,60.59,66.33,70.74
1321,454,5,0.01077,143.64,61.33,215.34,103.59
1322,454,5,0.01057,148.31,48.4,160.2,58.32
1323,454,5,0.01003,0.08,51.08,4.22,66.05
1324,454,5,0.00958,0.68,53.18,16.94,68.32
1325,454,5,0.00339,0.0,48.64,5.0,61.64
1326,454,5,0.00314,463.95,91.5,493.0,106.83
1327,454,5,0.00312,80.34,50.4,163.99,95.29
1328,454,5,0.00297,52.37,58.08,71.5,69.53
1329,454,5,0.00262,157.8,54.68,172.87,68.23
1330,454,5,0.00258,114.46,31.03,138.24,48.51
1331,454,5,0.0024,170.6,65.04,213.24,104.73
1332,454,5,0.00175,51.39,63.64,61.46,72.18
1333,454,5,0.00165,378.01,47.14,422.39,64.13
1334,454,5,0.00137,51.24,58.91,68.52,66.7
1335,454,5,0.00128,458.45,57.75,493.0,78.99
1336,454,5,0.00119,215.5,78.07,226.58,91.72
1337,454,5,0.00117,50.42,60.63,78.09,74.1
1338,454,14,0.00112,216.22,79.65,227.14,90.81
1339,454,5,0.00108,441.69,53.98,493.0,101.72
1340,456,8,0.13107,202.49,2.51,220.55,17.06
1341,456,8,0.11018,258.87,14.77,267.09,26.01
1342,456,8,0.06256,189.87,6.55,203.67,15.12
1343,456,8,0.04335,192.99,3.97,214.14,15.35
1344,456,8,0.02813,165.48,0.34,183.93,6.44
1345,456,8,0.02347,215.54,0.83,235.1,17.54
1346,456,8,0.02245,192.14,2.48,207.56,12.98
1347,456,8,0.01843,207.67,0.89,230.4,16.8
1348,456,8,0.00698,164.18,0.22,175.71,4.67
1349,456,8,0.00635,187.08,1.86,200.02,12.8
1350,456,8,0.0057,195.94,2.12,213.33,13.33
1351,456,8,0.00553,260.98,14.49,271.97,25.96
1352,456,8,0.00494,163.35,3.14,174.62,13.97
1353,456,14,0.00392,362.85,0.54,386.99,35.78
1354,456,8,0.00317,196.19,3.17,226.4,17.5
1355,456,8,0.00301,163.18,0.27,171.14,6.97
1356,456,8,0.00224,96.33,2.08,109.76,21.87
1357,456,8,0.00204,163.0,0.24,171.18,4.11
1358,456,8,0.00204,163.88,2.32,184.63,14.11
1359,456,14,0.00191,468.34,0.66,497.81,29.75
1360,456,8,0.00159,160.3,2.42,171.92,14.08
1361,456,8,0.0013,280.3,0.63,303.32,12.16
1362,456,7,0.00128,422.46,24.89,436.11,42.78
1363,456,14,0.00126,493.16,16.47,498.0,49.47
1364,456,8,0.00119,165.83,0.58,188.27,11.74
1365,456,5,0.00114,100.13,43.14,125.14,57.59
1366,456,8,0.00106,255.2,0.33,280.47,13.74
1367,456,8,0.00102,187.02,7.0,198.27,20.09
1368,457,2,0.86838,362.82,142.36,378.52,163.26
1369,457,2,0.84484,412.51,157.93,429.05,179.42
1370,458,15,0.89966,87.7,47.36,115.08,77.63
1371,458,6,0.00123,359.3,138.36,443.1,228.83
1372,462,7,0.84797,264.58,100.16,289.85,120.87
1373,462,7,0.84553,429.1,158.28,456.29,180.36
1374,462,7,0.24897,46.06,208.54,70.51,228.04
1375,462,17,0.00109,340.86,9.64,353.13,23.49
1376,468,9,0.89815,397.33,128.57,418.66,150.45
1377,468,10,0.88717,333.7,156.15,353.7,177.13
1378,468,10,0.8843,270.76,67.6,289.52,85.31
1379,468,9,0.88348,366.34,93.06,388.45,109.2
1380,468,17,0.8513,323.72,125.88,341.45,143.26
1381,468,11,0.84808,420.47,79.59,442.42,94.84
1382,468,17,0.82352,306.38,104.43,324.16,121.36
1383,477,15,0.89101,47.31,0.0,125.22,48.91
1384,477,15,0.06032,47.87,0.04,91.46,48.11
1385,479,15,0.88277,122.78,193.48,151.04,221.33
1386,479,6,0.8648,86.63,147.87,145.38,172.44
1387,479,15,0.83307,87.46,113.12,105.65,131.19
1388,479,2,0.74653,173.88,156.18,191.21,173.99
1389,481,2,0.87898,130.87,176.2,152.96,206.46
1390,481,2,0.87419,54.18,131.99,74.44,159.96
1391,481,2,0.87325,113.67,107.7,131.99,131.85
1392,481,2,0.86888,223.85,138.09,242.64,164.09
1393,497,2,0.89194,248.0,70.09,281.6,108.42
1394,497,7,0.86568,289.42,44.09,318.31,68.21
1395,505,7,0.87272,263.73,54.96,288.07,73.94
1396,505,7,0.87232,226.79,140.21,253.72,160.37
1397,509,2,0.89025,81.06,81.64,113.99,120.26
1398,509,7,0.86613,125.64,58.28,154.62,83.51
1399,511,10,0.90083,418.74,149.71,449.28,173.87
1400,511,17,0.89894,164.75,127.23,186.48,148.62
1401,511,9,0.86496,289.49,86.11,320.06,106.94
1402,511,9,0.61356,282.53,190.95,311.42,211.89
1403,512,9,0.93464,312.48,54.39,334.28,75.12
1404,512,10,0.89009,289.72,136.05,313.8,157.82
1405,512,17,0.88711,377.69,107.55,397.5,126.56
1406,512,10,0.87777,424.63,87.5,448.66,108.08
1407,512,17,0.86374,342.04,124.84,361.29,144.49
1408,512,11,0.84935,274.09,11.77,294.79,31.5
1409,512,9,0.80135,373.79,32.06,397.12,52.49
1410,513,5,0.90284,153.69,29.56,290.54,122.3
1411,513,5,0.80045,75.23,33.06,106.01,55.44
1412,513,5,0.79825,119.06,35.25,162.24,67.78
1413,513,5,0.71863,417.91,54.21,464.96,86.1
1414,513,5,0.01579,423.24,54.92,462.76,75.14
1415,513,14,0.00356,0.0,0.0,6.18,74.0
1416,513,5,0.00131,73.01,4.49,140.1,42.51
1417,513,5,0.0013,418.3,49.88,506.04,89.14
1418,517,14,0.83982,263.4,82.41,293.17,162.94
1419,517,8,0.82491,128.64,149.04,232.12,202.21
1420,517,14,0.82171,401.43,67.22,421.23,117.89
1421,517,8,0.81235,2.64,135.34,71.91,186.61
1422,517,14,0.80539,221.02,68.21,247.79,130.44
1423,517,14,0.79188,65.68,110.64,87.49,163.37
1424,517,14,0.76045,325.67,75.3,355.26,153.72
1425,517,14,0.72754,430.26,58.89,452.23,121.4
1426,517,14,0.5693,119.22,102.0,154.75,138.13
1427,517,14,0.22262,12.97,110.16,38.59,137.86
1428,517,14,0.04558,440.41,53.28,460.76,117.28
1429,517,8,0.04543,489.02,56.51,499.0,141.02
1430,517,14,0.04221,491.72,87.31,499.0,139.98
1431,517,14,0.04138,127.79,101.22,152.27,130.63
1432,517,14,0.02647,488.78,45.37,499.0,143.01
1433,517,8,0.02117,0.03,133.56,24.57,194.01
1434,517,8,0.02006,0.01,131.89,14.69,204.9
1435,517,14,0.0175,135.88,101.2,155.73,123.21
1436,517,14,0.0145,324.83,74.03,339.37,144.42
1437,517,14,0.01161,116.07,101.81,154.55,157.38
1438,517,14,0.0076,37.04,47.67,60.02,94.89
1439,517,14,0.00716,334.61,94.88,354.88,151.41
1440,517,14,0.0065,0.0,103.03,12.23,150.26
1441,517,14,0.00646,324.21,73.35,338.57,112.92
1442,517,14,0.00619,133.9,102.32,156.74,131.95
1443,517,14,0.00506,0.0,130.36,7.33,155.93
1444,517,8,0.00495,483.22,73.35,498.89,140.62
1445,517,14,0.00491,491.34,47.17,499.0,122.37
1446,517,14,0.00464,0.0,107.29,6.92,155.96
1447,517,14,0.0042,325.17,91.96,337.37,128.47
1448,517,8,0.00354,0.35,133.39,45.6,186.29
1449,517,14,0.00336,0.0,131.65,9.34,167.56
1450,517,14,0.00302,489.18,23.03,499.0,119.74
1451,517,14,0.00295,492.8,106.33,499.0,139.14
1452,517,14,0.00262,493.42,59.26,499.0,116.78
1453,517,14,0.00256,493.9,71.76,499.0,145.92
1454,517,14,0.00249,0.0,130.65,9.9,189.46
1455,517,14,0.0023,67.36,110.88,84.34,130.1
1456,517,8,0.00204,0.0,131.54,11.37,167.91
1457,517,8,0.00175,0.01,123.16,11.27,242.4
1458,517,14,0.00145,0.0,146.86,7.93,209.15
1459,517,14,0.00137,332.8,61.11,356.63,93.04
1460,517,14,0.00132,327.25,90.47,349.52,143.46
1461,517,14,0.00119,324.88,92.29,341.19,137.37
1462,517,8,0.00118,0.0,135.67,6.55,209.15
1463,517,14,0.00115,325.53,73.3,337.58,94.24
1464,525,5,0.10793,0.0,87.56,6.88,112.05
1465,525,8,0.03953,195.93,221.27,226.14,255.3
1466,525,5,0.03201,0.0,86.1,10.51,112.99
1467,525,5,0.01992,0.02,87.27,16.81,105.59
1468,525,5,0.01245,0.0,88.15,5.0,118.9
1469,525,14,0.00616,196.3,214.11,221.94,240.05
1470,525,5,0.0041,0.0,98.27,6.12,122.83
1471,525,5,0.00396,508.53,98.17,512.0,114.02
1472,525,5,0.00395,0.01,97.51,8.82,118.72
1473,525,5,0.00309,0.0,93.6,7.06,135.75
1474,525,14,0.00272,403.78,82.31,421.41,101.98
1475,525,14,0.00208,195.81,214.44,225.39,252.54
1476,525,5,0.00169,425.14,92.91,477.42,123.41
1477,525,5,0.00129,123.14,78.32,163.21,91.02
1478,525,5,0.00128,420.91,79.46,461.5,101.16
1479,525,5,0.00121,0.55,86.19,19.76,115.09
1480,537,9,0.86461,144.47,93.14,167.05,111.61
1481,537,9,0.85647,121.29,142.05,145.12,161.62
1482,537,10,0.84068,264.89,93.4,284.57,113.93
1483,537,17,0.60518,37.27,128.09,57.63,147.28
1484,537,9,0.53337,37.4,128.37,57.52,146.88
1485,537,9,0.03265,264.85,93.66,284.63,114.55
1486,537,10,0.00273,0.01,97.83,3.61,112.38
1487,537,10,0.00252,37.36,128.22,57.57,146.87
1488,537,10,0.00229,253.86,170.8,267.92,188.99
1489,537,11,0.00203,0.02,97.3,3.46,112.47
1490,537,6,0.00156,370.65,25.84,405.98,37.8
1491,537,10,0.00132,0.02,97.33,4.34,128.26
1492,538,10,0.90549,353.95,0.72,384.39,30.73
1493,538,9,0.89949,326.21,77.0,363.08,117.73
1494,538,11,0.89857,390.38,127.14,430.69,163.53
1495,538,11,0.89579,233.62,76.63,267.6,108.35
1496,538,9,0.88448,385.67,64.9,420.82,102.47
1497,538,10,0.84702,292.65,123.57,333.23,155.78
1498,538,7,0.00105,111.91,29.76,241.52,129.01
1499,540,2,0.89465,163.18,189.32,188.21,223.78
1500,540,2,0.88657,28.13,140.68,53.83,172.58
1501,540,2,0.88203,230.35,144.96,252.73,175.28
1502,540,2,0.87227,147.28,95.85,168.74,124.62
1503,547,8,0.89279,275.99,117.24,326.13,165.16
1504,547,14,0.88309,439.91,107.33,471.7,148.48
1505,547,14,0.86611,405.23,85.53,430.48,162.02
1506,547,14,0.86371,231.19,111.86,253.3,168.13
1507,547,14,0.83523,381.34,91.47,402.49,151.0
1508,547,14,0.80818,281.47,111.25,318.89,155.28
1509,547,14,0.79411,301.22,103.51,322.69,154.83
1510,547,8,0.78532,171.65,135.05,191.64,159.06
1511,547,8,0.77341,136.63,138.99,161.0,162.31
1512,547,8,0.76218,338.13,112.85,364.56,142.82
1513,547,14,0.73556,125.75,129.0,136.56,163.66
1514,547,14,0.51599,213.72,131.65,233.03,167.93
1515,547,14,0.48518,256.44,128.98,264.19,150.72
1516,547,14,0.1327,211.79,130.92,221.64,152.9
1517,547,14,0.1226,213.09,131.45,224.18,164.13
1518,547,15,0.11446,465.16,148.31,485.86,165.82
1519,547,14,0.10412,210.93,130.36,220.4,145.59
1520,547,14,0.03116,490.15,137.24,494.0,163.75
1521,547,14,0.0162,208.69,131.62,227.27,170.39
1522,547,14,0.01528,204.01,132.89,220.39,157.51
1523,547,14,0.00842,308.67,104.86,325.05,154.04
1524,547,8,0.00703,0.0,144.48,21.36,170.77
1525,547,14,0.00592,347.69,110.83,364.89,138.68
1526,547,14,0.00564,338.66,110.86,364.84,142.78
1527,547,14,0.00516,491.01,122.98,494.0,160.96
1528,547,14,0.00492,487.76,125.35,494.0,163.33
1529,547,14,0.00316,176.3,131.84,190.25,141.74
1530,547,14,0.00284,314.74,105.64,327.18,149.36
1531,547,14,0.00277,226.23,132.7,240.98,163.39
1532,547,8,0.00232,378.91,88.47,434.94,159.2
1533,547,14,0.00204,214.97,131.3,225.08,151.36
1534,547,13,0.00199,465.14,148.12,486.04,165.55
1535,547,8,0.00175,209.42,134.59,236.58,173.49
1536,547,14,0.00142,175.35,130.62,184.43,141.23
1537,547,14,0.00114,266.92,124.77,275.72,146.28
1538,547,14,0.00113,210.49,129.22,219.56,141.36
1539,547,14,0.00112,143.88,135.01,154.4,155.64
1540,547,8,0.00103,205.38,125.03,261.27,169.46
1541,547,14,0.00103,120.74,129.56,127.73,159.55
1542,551,10,0.88488,60.98,92.89,76.24,106.51
1543,551,10,0.87948,160.18,94.56,176.04,107.43
1544,551,17,0.86285,92.1,97.95,104.56,110.49
1545,551,9,0.84531,121.6,104.16,134.54,116.19
1546,551,11,0.84138,99.69,143.88,113.08,158.84
1547,551,9,0.83577,58.39,119.1,77.3,132.41
1548,551,9,0.80302,108.62,123.37,122.83,137.3
1549,551,17,0.01156,121.61,104.22,134.36,116.18
1550,551,2,0.00656,494.58,104.08,499.0,127.14
1551,551,17,0.00447,494.51,114.64,499.0,126.96
1552,551,17,0.00419,58.61,119.31,77.34,132.53
1553,551,17,0.00274,108.51,123.23,122.94,137.2
1554,555,10,0.86714,79.48,113.88,93.63,127.96
1555,555,10,0.86333,159.35,145.2,175.15,159.29
1556,555,17,0.84721,99.03,127.17,111.92,139.82
1557,555,9,0.84613,84.43,154.29,100.86,167.41
1558,555,9,0.84309,49.36,135.82,66.33,148.5
1559,555,17,0.84029,121.95,142.15,134.61,154.39
1560,555,11,0.81878,49.83,168.43,66.58,182.62
1561,555,17,0.03749,49.22,135.95,66.38,148.56
1562,555,17,0.00202,84.3,154.16,100.75,167.5
1563,557,2,0.87695,309.37,64.47,330.57,90.67
1564,562,1,0.86783,316.94,33.8,356.99,75.01
1565,562,13,0.86726,209.45,55.05,248.42,93.92
1566,562,4,0.81843,222.41,158.49,326.24,208.59
1567,563,15,0.92559,330.81,95.52,365.83,129.55
1568,566,2,0.86513,387.83,29.02,422.72,64.1
1569,566,2,0.00813,237.62,12.01,264.18,43.65
1570,566,2,0.00378,492.68,24.36,502.0,53.31
1571,576,14,0.02151,39.29,85.52,52.24,119.9
1572,576,14,0.0044,483.4,128.91,489.0,151.11
1573,576,14,0.00243,316.35,122.96,341.64,146.81
1574,576,7,0.00182,272.87,199.66,386.18,246.46
1575,576,14,0.00146,480.03,125.12,488.94,151.46
1576,576,14,0.00114,322.94,123.1,348.29,143.51
1577,577,15,0.81916,141.02,73.59,160.0,95.01
1578,577,2,0.81571,59.7,34.99,76.38,53.21
1579,581,14,0.89395,314.42,70.8,401.87,219.94
1580,581,8,0.00505,0.0,106.15,25.33,178.23
1581,581,15,0.00239,322.19,76.85,401.87,223.61
1582,581,8,0.00112,0.22,105.41,68.83,163.5
1583,584,2,0.90589,357.08,105.51,382.7,139.41
1584,584,2,0.88316,424.7,62.89,448.26,94.49
1585,584,2,0.87677,340.99,13.25,362.2,43.2
1586,584,2,0.8743,226.13,56.33,250.84,87.68
1587,584,2,0.002,0.0,164.68,9.43,210.32
1588,594,14,0.70069,156.93,59.53,175.97,101.16
1589,594,14,0.63384,7.33,35.7,18.4,66.17
1590,594,14,0.02615,0.03,38.11,9.33,64.38
1591,594,14,0.01879,154.47,56.73,168.74,100.77
1592,594,14,0.00398,0.66,36.52,12.39,67.49
1593,594,14,0.00305,153.92,54.86,170.76,69.39
1594,594,14,0.00154,154.53,56.46,169.49,82.11
1595,594,8,0.00143,0.04,40.42,8.4,68.62
1596,594,14,0.00142,203.97,65.98,213.17,83.69
1597,602,4,0.93351,219.11,115.13,267.93,198.26
1598,602,13,0.8698,300.95,140.16,345.09,186.39
1599,602,1,0.84089,327.75,38.48,372.77,86.8
1600,602,0,0.01455,327.3,38.49,372.34,87.06
1601,608,15,0.89088,395.89,194.54,416.49,212.51
1602,608,5,0.01261,0.03,32.57,23.58,50.4
1603,608,7,0.00645,494.84,136.06,503.0,170.46
1604,608,15,0.00199,494.4,130.41,503.0,170.97
1605,608,6,0.00114,0.0,33.26,23.44,49.91
1606,611,15,0.91936,224.12,162.06,272.1,206.64
1607,615,2,0.88297,189.84,46.41,207.35,64.04
1608,615,2,0.87517,140.21,96.85,160.76,116.71
1609,615,2,0.86362,64.29,82.61,84.03,103.46
1610,615,2,0.85254,99.51,26.46,115.83,49.59
1611,621,5,0.38659,146.03,133.4,181.68,150.92
1612,621,5,0.32436,233.72,107.8,270.0,128.52
1613,621,5,0.1935,0.0,99.09,21.25,115.86
1614,621,5,0.18907,40.95,89.46,71.69,105.14
1615,621,5,0.18454,0.07,112.94,22.87,126.15
1616,621,5,0.17082,11.67,60.99,44.43,75.07
1617,621,5,0.17053,53.65,139.83,88.93,152.68
1618,621,5,0.16399,102.78,143.11,140.92,157.47
1619,621,5,0.15252,291.68,155.52,356.3,194.74
1620,621,5,0.1468,3.47,89.82,31.41,103.62
1621,621,5,0.13817,416.69,98.09,454.52,113.46
1622,621,5,0.12976,27.77,82.1,61.77,94.36
1623,621,5,0.12962,36.74,91.28,73.83,109.8
1624,621,5,0.12847,66.37,65.66,95.3,78.22
1625,621,5,0.11565,5.26,93.45,33.65,105.96
1626,621,5,0.10702,0.21,76.05,23.09,89.36
1627,621,5,0.10568,272.95,115.43,310.35,131.59
1628,621,5,0.10416,168.95,59.13,197.23,72.91
1629,621,5,0.09879,2.4,83.21,28.5,93.73
1630,621,5,0.0859,13.0,78.12,52.01,95.08
1631,621,5,0.07753,6.22,85.97,53.22,95.61
1632,621,5,0.07684,2.28,76.78,29.77,91.14
1633,621,5,0.07552,381.88,96.12,415.15,112.64
1634,621,5,0.07526,8.9,76.24,52.24,88.12
1635,621,5,0.06884,365.91,96.01,405.69,110.7
1636,621,5,0.06832,30.43,79.22,61.0,89.4
1637,621,5,0.06828,419.98,97.5,462.37,117.55
1638,621,5,0.06736,353.8,93.89,388.13,109.66
1639,621,5,0.06193,0.0,80.08,23.95,94.5
1640,621,5,0.06059,7.49,86.62,31.88,96.37
1641,621,5,0.05547,421.93,107.03,462.33,123.94
1642,621,5,0.05254,27.23,92.21,63.69,106.61
1643,621,5,0.05125,426.22,89.95,454.95,99.97
1644,621,5,0.05036,221.27,131.47,326.56,169.2
1645,621,5,0.04987,63.23,55.55,93.46,66.46
1646,621,5,0.04766,9.03,86.7,37.49,101.91
1647,621,5,0.04214,420.85,93.86,460.52,102.3
1648,621,5,0.04095,27.55,85.53,63.18,101.17
1649,621,5,0.0394,13.08,68.06,51.89,83.16
1650,621,5,0.03809,40.9,87.3,69.23,99.84
1651,621,5,0.03761,28.91,72.6,57.06,86.59
1652,621,5,0.03719,27.27,94.31,52.36,106.73
1653,621,5,0.03702,23.96,76.91,54.1,89.65
1654,621,5,0.03635,420.43,94.36,461.86,111.32
1655,621,5,0.03573,12.22,63.97,49.4,78.57
1656,621,5,0.03429,387.52,96.96,428.61,112.4
1657,621,5,0.03251,2.22,93.16,52.79,107.35
1658,621,5,0.03073,0.0,65.83,17.31,81.18
1659,621,5,0.03039,20.73,104.14,56.91,121.35
1660,621,5,0.02993,0.0,84.16,25.04,99.08
1661,621,5,0.02835,0.0,69.53,17.56,85.27
1662,621,5,0.02829,204.9,191.34,294.84,220.76
1663,621,5,0.02684,179.46,66.33,219.11,92.0
1664,621,5,0.02643,350.58,94.52,406.25,107.0
1665,621,5,0.02624,296.21,154.73,311.03,166.62
1666,621,5,0.02556,328.75,80.25,371.44,96.27
1667,621,5,0.02536,68.08,67.15,109.97,80.4
1668,621,5,0.02427,351.33,78.89,404.29,97.88
1669,621,5,0.02403,0.0,90.17,24.33,114.21
1670,621,5,0.0233,234.33,94.65,277.05,124.74
1671,621,5,0.02308,0.0,61.99,36.31,75.31
1672,621,5,0.02282,62.29,49.35,95.93,65.64
1673,621,5,0.02276,4.13,86.08,38.83,94.23
1674,621,5,0.02231,10.93,86.32,41.24,97.1
1675,621,5,0.02198,27.39,69.73,53.85,84.19
1676,621,5,0.02195,0.0,47.48,20.7,65.69
1677,621,5,0.02113,415.53,101.03,463.08,125.05
1678,621,5,0.01959,36.11,85.81,65.7,98.04
1679,621,5,0.01913,41.03,111.24,72.06,125.14
1680,621,5,0.01825,421.06,89.81,453.45,103.6
1681,621,5,0.01814,25.65,98.5,53.54,109.38
1682,621,5,0.01759,10.69,76.5,37.03,90.42
1683,621,5,0.01741,432.53,97.17,471.42,111.01
1684,621,5,0.01735,302.11,103.35,335.34,116.51
1685,621,5,0.01714,340.24,80.97,384.59,96.71
1686,621,5,0.01713,295.66,78.56,327.4,90.99
1687,621,5,0.01656,0.07,60.4,17.38,76.47
1688,621,5,0.01604,113.98,118.94,145.9,133.04
1689,621,5,0.01564,18.94,105.61,65.2,126.21
1690,621,5,0.01552,24.42,86.72,72.36,97.3
1691,621,5,0.01539,8.9,81.4,34.6,94.52
1692,621,5,0.01507,300.74,99.97,347.02,117.16
1693,621,5,0.0148,17.34,95.66,71.14,120.01
1694,621,5,0.01473,14.37,73.12,43.71,87.97
1695,621,5,0.01447,24.43,96.81,44.31,107.6
1696,621,5,0.01405,38.19,84.08,63.9,93.56
1697,621,5,0.01385,28.31,86.14,48.51,97.21
1698,621,5,0.0138,373.2,95.36,428.61,109.64
1699,621,5,0.01355,437.65,91.67,471.45,102.14
1700,621,5,0.01329,274.3,103.18,336.03,125.52
1701,621,5,0.01317,269.82,103.34,312.99,128.83
1702,621,5,0.01307,434.97,93.22,471.5,106.04
1703,621,5,0.01303,6.65,97.36,61.22,113.01
1704,621,5,0.01292,243.11,157.46,262.78,169.15
1705,621,5,0.01248,432.24,91.07,462.67,101.01
1706,621,5,0.01245,12.05,57.25,47.45,71.2
1707,621,5,0.01234,340.9,93.15,389.7,106.3
1708,621,5,0.01222,0.04,106.58,22.11,122.74
1709,621,5,0.01201,86.68,114.9,130.86,129.15
1710,621,5,0.01193,20.4,101.73,40.32,111.99
1711,621,5,0.01171,297.8,89.09,329.75,103.78
1712,621,5,0.0112,293.7,82.21,337.86,96.59
1713,621,5,0.01118,24.3,98.96,56.89,114.34
1714,621,5,0.0111,30.44,75.31,67.08,90.14
1715,621,5,0.0109,13.07,95.77,42.05,108.04
1716,621,5,0.01079,302.14,92.01,354.72,116.32
1717,621,5,0.01068,19.05,94.51,44.76,106.36
1718,621,5,0.01059,53.34,130.96,86.14,141.61
1719,621,5,0.01055,299.59,89.99,349.36,105.86
1720,621,5,0.01053,33.09,129.17,71.1,142.45
1721,621,5,0.01052,136.59,56.84,166.84,73.03
1722,621,5,0.01026,230.52,90.5,271.24,105.58
1723,621,5,0.01022,77.85,99.93,123.87,114.43
1724,621,5,0.01019,0.0,85.45,12.92,99.17
1725,621,5,0.01005,301.39,76.24,354.64,92.16
1726,621,5,0.01004,288.34,93.88,339.77,115.45
1727,621,5,0.01,178.04,73.61,248.45,108.55
1728,621,5,0.00996,267.86,95.49,308.76,115.64
1729,621,5,0.00976,299.88,81.61,360.04,98.54
1730,621,5,0.00976,272.16,94.77,325.22,116.96
1731,621,5,0.00963,329.1,81.86,360.65,94.63
1732,621,5,0.00931,50.99,132.06,86.39,151.6
1733,621,5,0.0093,414.22,88.65,434.64,99.27
1734,621,5,0.0092,62.67,64.02,100.12,76.13
1735,621,5,0.00912,26.28,82.97,51.34,95.51
1736,621,5,0.00908,0.0,71.83,23.02,83.81
1737,621,5,0.00857,54.77,139.07,81.47,150.16
1738,621,5,0.00855,233.31,101.64,287.45,128.03
1739,621,5,0.00837,335.37,132.21,364.72,149.14
1740,621,5,0.00837,421.84,99.37,484.19,122.28
1741,621,5,0.00836,47.28,103.61,69.63,112.43
1742,621,5,0.00834,224.99,89.51,258.79,104.98
1743,621,5,0.00821,336.5,76.35,366.99,91.37
1744,621,5,0.00801,45.19,99.72,72.31,111.25
1745,621,5,0.00786,164.87,97.62,203.09,113.62
1746,621,5,0.00773,365.6,85.3,404.1,97.36
1747,621,5,0.00772,280.13,89.69,330.35,108.23
1748,621,5,0.00768,373.88,98.19,433.02,122.8
1749,621,5,0.00763,30.85,110.15,68.62,126.01
1750,621,5,0.0076,384.51,91.09,434.5,102.73
1751,621,5,0.00744,353.5,98.53,396.17,111.3
1752,621,5,0.00739,13.44,71.71,37.96,83.73
1753,621,5,0.00738,168.05,90.21,204.71,107.62
1754,621,5,0.00729,427.38,102.86,464.6,116.77
1755,621,5,0.00727,352.44,90.89,382.34,105.3
1756,621,5,0.00721,62.53,59.64,99.21,72.54
1757,621,5,0.00714,367.68,88.91,403.57,98.92
1758,621,5,0.00705,70.24,78.64,99.66,92.67
1759,621,5,0.0068,0.0,34.58,21.7,44.47
1760,621,5,0.00661,384.29,111.94,416.7,125.19
1761,621,5,0.0066,68.67,75.83,112.65,92.58
1762,621,5,0.00616,233.77,92.24,278.64,109.12
1763,621,5,0.00616,189.86,84.24,252.23,106.36
1764,621,5,0.00614,50.58,120.63,73.43,136.77
1765,621,5,0.00612,47.98,140.47,79.17,152.44
1766,621,5,0.00603,311.59,91.0,368.92,107.62
1767,621,5,0.00602,0.0,82.75,16.26,95.48
1768,621,5,0.00601,185.6,65.79,220.07,81.55
1769,621,5,0.00598,332.09,136.51,364.9,152.76
1770,621,5,0.00596,332.21,143.41,361.39,160.52
1771,621,5,0.00586,93.72,101.17,126.73,114.41
1772,621,5,0.00576,355.04,76.02,380.05,88.68
1773,621,5,0.00574,346.06,74.49,372.34,86.66
1774,621,5,0.00574,151.24,99.85,203.99,117.91
1775,621,5,0.00569,0.52,40.7,46.46,64.23
1776,621,5,0.00565,320.96,92.65,384.93,114.25
1777,621,5,0.00561,334.91,74.64,363.67,85.12
1778,621,5,0.00553,61.43,74.53,81.74,85.21
1779,621,5,0.00543,33.31,125.78,66.4,138.52
1780,621,5,0.00541,44.77,93.78,79.5,110.63
1781,621,5,0.00538,360.81,95.15,395.24,107.59
1782,621,5,0.00535,182.98,127.59,205.49,141.26
1783,621,5,0.00533,26.52,69.22,59.9,80.36
1784,621,5,0.00525,353.14,61.88,402.53,95.17
1785,621,5,0.0051,230.91,108.79,282.79,133.72
1786,621,5,0.00504,354.11,74.1,394.48,93.23
1787,621,5,0.005,345.61,76.41,377.07,91.94
1788,621,5,0.00495,354.24,78.21,388.12,95.68
1789,621,5,0.00493,321.35,74.53,351.65,92.77
1790,621,5,0.00485,22.67,99.41,44.83,109.44
1791,621,5,0.00481,0.0,57.66,21.52,72.24
1792,621,5,0.00481,329.51,91.69,360.97,104.55
1793,621,5,0.0047,39.09,76.98,62.34,86.9
1794,621,5,0.00468,329.83,75.28,359.05,91.18
1795,621,5,0.00464,32.64,120.0,73.25,136.61
1796,621,5,0.00462,328.38,92.59,369.65,109.79
1797,621,5,0.00458,276.57,83.03,329.41,99.33
1798,621,5,0.0045,276.23,74.47,326.69,89.86
1799,621,5,0.00449,272.53,109.1,330.22,129.96
1800,621,5,0.00443,199.39,89.73,240.15,112.24
1801,621,5,0.00436,415.97,105.25,455.12,121.63
1802,621,5,0.00435,345.66,84.94,380.71,96.04
1803,621,5,0.00424,210.21,153.93,250.5,165.8
1804,621,5,0.00423,146.06,110.88,182.01,126.53
1805,621,5,0.00423,305.33,79.34,331.58,91.58
1806,621,5,0.00418,298.4,71.97,328.96,88.83
1807,621,5,0.00417,311.9,94.68,375.47,120.97
1808,621,5,0.00415,71.56,89.84,120.04,107.78
1809,621,5,0.00408,266.68,85.84,301.16,101.59
1810,621,5,0.00404,93.03,116.8,134.83,132.24
1811,621,5,0.00404,146.13,120.5,204.57,142.36
1812,621,5,0.00403,432.47,91.46,484.71,111.2
1813,621,5,0.004,394.2,97.73,431.96,117.07
1814,621,5,0.00399,391.89,110.84,429.17,123.45
1815,621,5,0.00393,318.67,80.77,349.28,93.31
1816,621,5,0.00387,258.29,84.74,302.48,106.9
1817,621,5,0.00378,353.36,87.25,389.24,103.91
1818,621,5,0.00377,181.38,123.3,205.19,138.92
1819,621,5,0.00368,19.06,104.18,41.69,114.81
1820,621,5,0.00367,433.26,104.91,468.44,115.21
1821,621,5,0.00367,379.59,86.25,414.73,97.77
1822,621,5,0.00364,339.29,99.0,413.44,120.0
1823,621,5,0.0035,72.02,70.41,110.79,83.19
1824,621,5,0.00337,421.43,87.63,461.09,100.46
1825,621,5,0.00328,364.36,109.43,422.65,127.78
1826,621,5,0.00328,141.64,58.38,168.91,77.33
1827,621,5,0.00321,5.13,99.15,35.5,111.2
1828,621,5,0.00321,117.95,101.75,155.12,114.89
1829,621,5,0.0032,308.27,79.95,344.55,92.4
1830,621,5,0.00315,118.08,120.35,153.63,134.98
1831,621,5,0.00314,117.23,105.15,150.69,118.51
1832,621,5,0.00311,175.3,87.61,203.33,104.29
1833,621,5,0.0031,267.9,71.61,311.51,90.17
1834,621,5,0.00309,57.16,129.93,80.38,143.76
1835,621,5,0.00308,145.38,102.51,180.12,122.32
1836,621,5,0.00307,0.23,36.47,25.16,49.09
1837,621,5,0.00307,0.0,87.13,18.76,105.39
1838,621,5,0.00306,35.71,106.06,78.5,122.82
1839,621,5,0.00306,435.08,109.71,467.14,121.64
1840,621,5,0.00304,104.32,146.98,137.07,167.24
1841,621,5,0.00302,310.7,73.77,341.55,84.56
1842,621,5,0.00294,259.02,68.93,297.46,87.62
1843,621,5,0.00292,66.09,94.02,104.75,111.06
1844,621,5,0.00291,63.49,72.16,91.04,81.05
1845,621,5,0.00289,0.04,35.26,22.83,55.51
1846,621,5,0.00289,441.2,99.89,471.03,111.81
1847,621,5,0.00289,18.62,57.98,71.97,74.39
1848,621,5,0.00287,364.49,78.75,399.42,95.74
1849,621,5,0.00286,369.2,100.83,409.42,116.39
1850,621,5,0.00283,335.78,83.53,366.68,95.69
1851,621,5,0.00283,453.53,111.9,489.0,133.86
1852,621,5,0.00276,64.9,76.85,124.57,95.47
1853,621,5,0.00272,63.44,46.64,93.74,56.92
1854,621,5,0.0027,69.31,81.9,141.0,113.39
1855,621,5,0.00267,344.69,142.55,390.77,167.29
1856,621,5,0.00266,171.52,63.5,195.19,78.77
1857,621,5,0.00262,0.0,44.53,21.47,58.63
1858,621,5,0.00261,68.98,72.59,106.01,88.62
1859,621,5,0.00259,149.14,113.52,204.58,128.24
1860,621,5,0.00259,0.09,106.77,57.0,128.32
1861,621,5,0.00259,356.83,103.01,394.4,118.01
1862,621,5,0.00259,375.12,111.1,411.13,125.8
1863,621,5,0.00258,325.28,74.2,350.95,85.09
1864,621,5,0.00257,212.35,86.25,265.83,103.42
1865,621,5,0.00254,39.44,129.01,82.65,143.45
1866,621,5,0.00251,64.55,92.18,123.55,111.96
1867,621,5,0.00249,17.12,47.58,48.36,65.54
1868,621,5,0.00249,376.97,105.97,436.49,129.06
1869,621,5,0.00248,124.63,56.54,151.07,71.02
1870,621,5,0.00245,169.84,75.25,214.37,100.74
1871,621,5,0.00243,314.74,91.38,348.53,104.74
1872,621,5,0.00243,344.1,150.04,378.87,170.6
1873,621,5,0.00242,168.38,99.7,214.78,118.02
1874,621,5,0.0024,18.84,105.19,46.81,119.26
1875,621,5,0.00239,235.49,91.22,300.81,108.1
1876,621,5,0.00235,72.8,95.86,141.7,115.59
1877,621,5,0.00232,362.81,87.05,391.47,101.44
1878,621,5,0.00228,14.8,51.48,53.55,68.37
1879,621,5,0.00228,367.55,77.87,404.13,90.69
1880,621,5,0.00227,63.98,58.22,122.96,78.0
1881,621,5,0.00226,298.31,71.53,324.91,81.95
1882,621,5,0.0022,119.91,130.08,145.04,141.71
1883,621,5,0.00219,120.08,122.64,157.54,139.16
1884,621,5,0.00215,81.47,101.19,159.94,126.12
1885,621,5,0.00215,259.55,77.13,305.36,102.24
1886,621,5,0.00213,145.89,123.79,192.77,146.5
1887,621,5,0.00213,328.73,150.34,358.49,165.1
1888,621,5,0.00213,341.95,97.69,379.07,114.18
1889,621,5,0.00212,414.21,87.79,447.94,99.17
1890,621,5,0.00211,76.44,115.9,120.14,130.03
1891,621,5,0.0021,465.49,82.06,488.99,98.91
1892,621,5,0.00209,106.98,142.18,139.62,153.23
1893,621,5,0.00206,264.16,78.19,326.52,101.5
1894,621,5,0.00204,444.73,83.27,489.0,110.75
1895,621,5,0.00204,332.79,96.54,394.31,121.58
1896,621,5,0.00204,153.44,80.19,177.66,92.47
1897,621,5,0.00203,450.31,91.36,473.07,101.03
1898,621,5,0.00203,346.27,154.16,385.53,177.42
1899,621,5,0.00202,142.42,102.51,161.26,118.63
1900,621,5,0.00199,0.0,115.37,26.81,128.8
1901,621,5,0.00198,112.21,140.08,140.31,150.94
1902,621,5,0.00197,43.44,115.4,79.46,128.27
1903,621,5,0.00196,63.04,72.69,81.67,82.05
1904,621,5,0.00195,179.21,85.2,207.45,98.02
1905,621,5,0.00194,438.07,113.08,488.39,137.49
1906,621,5,0.00192,288.55,78.98,319.11,90.12
1907,621,5,0.0019,447.98,97.71,473.51,110.25
1908,621,5,0.0019,61.45,104.88,120.91,120.13
1909,621,5,0.00187,289.98,71.07,318.63,82.23
1910,621,5,0.00186,50.29,102.25,76.04,111.13
1911,622,7,0.88193,313.24,14.16,340.32,37.83
1912,622,17,0.00321,214.83,107.02,239.23,127.0
1913,626,10,0.8653,412.99,78.55,429.08,92.91
1914,626,9,0.84835,337.93,85.93,354.16,99.31
1915,626,17,0.84519,352.21,59.12,365.28,71.75
1916,626,10,0.84488,333.53,45.86,347.49,60.09
1917,626,17,0.83252,374.98,74.52,387.8,86.79
1918,626,9,0.81684,303.95,67.14,320.83,80.02
1919,626,11,0.81497,305.24,99.37,321.44,112.26
1920,626,17,0.00535,304.0,67.1,320.87,80.07
1921,626,17,0.00276,337.71,86.08,354.12,99.37
1922,630,2,0.8845,344.35,110.69,365.15,130.47
1923,630,2,0.84159,283.98,100.13,305.21,119.64
1924,630,2,0.83834,410.9,55.67,436.1,73.18
1925,630,2,0.82332,292.9,42.27,309.26,65.4
1926,636,14,0.42335,252.29,0.19,302.52,46.59
1927,636,14,0.00323,250.8,1.11,306.04,93.38
1928,636,14,0.00201,378.34,6.2,506.89,245.04
1929,637,2,0.88672,370.07,183.36,408.67,213.7
1930,637,2,0.88139,346.99,106.9,373.96,140.02
1931,637,17,0.80648,297.91,172.97,315.7,189.6
1932,639,9,0.88349,116.91,214.46,139.81,234.1
1933,639,9,0.77773,139.93,164.3,161.17,182.36
1934,639,10,0.75604,260.1,161.63,279.68,182.55
1935,639,17,0.6952,31.58,201.51,51.9,220.31
1936,639,9,0.31945,31.73,201.46,51.77,220.34
1937,639,15,0.00673,0.0,129.11,5.42,171.7
1938,652,5,0.77581,227.97,0.89,328.92,26.03
1939,652,5,0.73973,377.11,6.72,471.04,56.63
1940,652,5,0.69748,0.0,11.61,80.29,95.75
1941,652,5,0.57994,120.51,28.58,452.65,172.1
1942,652,5,0.44773,44.25,7.41,177.46,61.85
1943,652,5,0.30491,71.3,18.28,372.6,184.34
1944,652,5,0.11172,209.56,0.97,330.55,60.73
1945,652,5,0.02251,131.64,9.53,252.84,40.23
1946,652,5,0.00597,123.87,9.56,264.75,68.81
1947,652,5,0.00481,288.65,4.81,471.87,76.15
1948,652,8,0.00314,52.04,7.11,101.36,47.79
1949,652,5,0.00294,64.49,2.72,106.41,50.61
1950,652,8,0.0024,365.9,0.22,392.33,8.17
1951,652,5,0.00239,91.22,6.55,328.35,78.05
1952,652,5,0.00222,47.76,5.0,199.49,95.36
1953,652,8,0.00208,166.79,0.69,194.84,12.89
1954,652,5,0.00198,383.95,30.16,428.11,58.33
1955,652,5,0.00185,238.11,5.97,467.17,104.36
1956,652,7,0.0018,79.22,36.55,215.09,160.58
1957,652,8,0.00172,204.96,0.75,223.27,12.62
1958,652,5,0.00136,464.65,1.52,494.52,19.6
1959,652,5,0.00122,76.1,0.37,112.66,49.9
1960,652,5,0.00117,296.26,9.05,421.91,56.51
1961,652,8,0.00115,154.72,0.48,176.38,12.6
1962,652,8,0.00111,340.61,0.79,376.4,13.59
1963,656,14,0.85345,127.82,12.94,157.37,76.29
1964,656,8,0.73742,173.66,2.99,246.34,79.7
1965,656,8,0.15071,144.81,1.21,162.34,14.63
1966,656,14,0.03476,9.64,76.67,91.39,198.03
1967,656,5,0.01578,328.14,41.4,358.13,54.19
1968,656,8,0.01233,199.51,0.57,222.72,12.33
1969,656,8,0.00872,166.96,10.64,211.98,69.36
1970,656,8,0.00408,118.13,5.13,169.93,76.29
1971,656,14,0.0038,206.3,0.79,227.68,31.34
1972,656,8,0.00369,147.88,0.59,161.44,10.41
1973,656,8,0.00254,116.96,3.82,228.64,75.51
1974,656,8,0.00247,141.76,3.13,163.05,18.01
1975,656,14,0.00227,175.47,20.27,199.08,58.6
1976,656,8,0.00203,175.12,28.93,214.48,74.2
1977,656,8,0.00142,128.61,0.41,162.18,13.82
1978,656,8,0.00135,133.7,4.49,224.43,43.66
1979,656,5,0.0012,303.74,19.82,361.53,57.39
1980,656,5,0.00114,304.54,33.62,358.75,55.76
1981,656,8,0.00106,171.67,0.52,216.29,11.72
1982,661,15,0.82676,265.18,17.3,328.81,89.76
1983,661,6,0.00696,488.66,161.33,499.95,193.84
1984,661,6,0.00126,494.64,160.66,500.0,194.8
1985,668,2,0.87313,228.3,161.44,245.71,175.08
1986,668,2,0.86873,267.03,176.32,285.11,190.93
1987,668,2,0.86337,154.35,165.86,171.99,179.24
1988,668,2,0.85906,192.73,186.13,210.85,198.31
1989,673,2,0.87745,152.45,176.66,172.63,203.86
1990,673,2,0.87594,57.52,118.53,75.56,142.69
1991,673,2,0.86956,174.45,130.37,192.83,155.18
1992,673,2,0.85652,55.96,172.44,75.56,199.64
1993,676,2,0.86076,138.05,34.11,153.74,56.87
1994,676,2,0.85695,119.85,89.86,138.31,115.66
1995,676,2,0.8484,56.21,47.05,74.04,70.77
1996,676,2,0.82688,191.32,57.73,207.4,80.5
1997,679,0,0.91665,343.87,103.08,423.43,174.66
1998,679,1,0.65978,198.95,108.72,273.21,184.28
1999,679,9,0.00289,314.06,34.07,342.24,62.82
2000,680,4,0.92058,71.96,26.53,112.87,92.67
2001,680,1,0.8753,42.28,185.3,81.95,225.6
2002,680,13,0.87283,168.12,147.39,206.14,187.2
2003,680,2,0.00123,500.02,17.13,503.0,38.99
2004,690,2,0.87291,109.87,14.74,128.55,37.3
2005,690,2,0.87182,205.9,19.87,224.69,39.57
2006,690,2,0.86649,189.28,75.2,210.33,94.99
2007,690,2,0.84157,84.9,75.36,107.83,97.66
2008,700,15,0.91895,182.51,52.12,231.17,97.37
2009,706,4,0.91785,118.77,104.77,170.7,173.77
2010,706,13,0.87145,410.4,96.63,454.29,141.3
2011,706,1,0.79816,250.0,105.47,293.25,149.3
2012,706,0,0.15371,250.01,106.1,292.52,148.88
2013,716,5,0.68934,28.56,118.42,49.62,135.82
2014,716,14,0.01891,388.83,152.86,411.98,171.21
2015,716,16,0.00256,0.02,125.61,3.45,148.04
2016,716,16,0.00243,0.01,119.95,3.08,143.65
2017,716,14,0.00144,393.75,152.9,417.28,169.79
2018,716,16,0.00132,0.0,121.97,3.85,162.93
2019,716,14,0.00118,373.11,152.15,404.0,171.61
2020,717,6,0.87402,148.37,185.7,219.77,221.54
2021,717,15,0.83936,72.05,163.77,91.02,187.18
2022,718,2,0.85916,281.8,50.54,296.89,69.77
2023,718,2,0.85152,333.13,74.49,348.75,95.47
2024,718,2,0.84932,324.34,35.28,337.59,52.84
2025,718,2,0.83827,402.54,52.55,417.22,72.22
2026,718,5,0.00367,459.96,192.07,503.99,248.5
2027,719,10,0.84685,319.33,115.07,342.33,138.25
2028,719,10,0.8446,394.35,72.96,416.55,95.3
2029,720,9,0.89191,77.18,38.13,93.85,51.0
2030,720,10,0.87969,108.13,17.55,121.88,32.0
2031,720,10,0.86572,185.85,53.22,201.31,67.22
2032,720,9,0.85468,111.13,58.43,127.46,71.34
2033,720,17,0.85353,126.71,31.67,139.56,44.33
2034,720,17,0.83427,148.67,47.85,161.45,60.17
2035,720,11,0.7855,76.83,70.68,93.27,84.03
2036,720,17,0.02349,110.94,58.5,127.42,71.26
2037,720,11,0.00107,76.55,71.97,92.57,90.97
2038,731,7,0.8572,219.21,98.85,255.81,130.35
2039,731,15,0.00238,0.0,130.05,6.53,158.9
2040,731,15,0.00128,348.78,46.13,369.13,66.82
2041,744,12,0.93098,95.27,140.8,125.17,170.88
2042,744,12,0.9144,140.32,194.25,176.73,227.83
2043,744,4,0.90635,175.48,134.53,235.93,172.92
2044,744,0,0.89572,172.52,87.28,203.63,119.0
2045,744,0,0.89533,314.28,104.1,349.27,140.98
2046,744,3,0.89112,125.72,68.78,172.5,116.6
2047,744,1,0.88051,264.01,46.33,295.1,76.98
2048,744,13,0.87874,250.87,89.06,282.27,120.25
2049,744,3,0.85749,331.45,37.16,388.79,76.29
2050,744,3,0.06156,331.45,37.26,362.83,76.78
2051,744,3,0.00331,333.22,52.18,386.82,76.63
2052,744,3,0.00122,0.03,127.02,36.77,216.45
2053,745,13,0.72848,196.03,119.87,238.9,166.79
2054,745,1,0.65675,261.85,92.64,303.39,138.16
2055,745,0,0.04535,196.11,120.53,239.68,166.28
2056,745,11,0.01638,196.08,120.46,239.37,165.97
2057,745,1,0.01552,195.82,120.44,239.32,166.4
2058,745,4,0.01005,112.49,113.56,227.68,201.0
2059,745,0,0.00211,262.37,92.52,302.61,137.95
2060,745,2,0.0013,196.2,120.51,239.52,166.25
2061,745,10,0.00122,262.21,92.7,302.47,138.07
2062,746,2,0.83847,355.49,39.12,372.15,61.23
2063,748,2,0.86149,100.52,141.6,115.4,160.93
2064,748,2,0.85924,144.38,127.53,157.63,146.01
2065,748,2,0.85896,151.39,167.61,166.77,188.85
2066,748,2,0.85548,220.96,148.13,234.96,167.28
2067,761,15,0.88679,246.26,158.78,273.21,185.58
2068,761,6,0.88124,210.2,114.49,266.37,138.61
2069,761,15,0.8724,210.04,79.22,228.36,97.97
2070,761,2,0.70391,295.6,121.86,312.58,140.25
2071,770,12,0.92962,79.36,70.39,115.46,103.93
2072,770,12,0.92646,385.37,0.47,422.53,34.03
2073,770,0,0.91238,131.74,18.56,167.66,54.52
2074,770,0,0.90591,316.28,78.66,353.94,118.48
2075,770,4,0.90396,248.82,0.38,324.4,40.04
2076,770,13,0.87863,211.05,64.51,245.53,99.55
2077,770,1,0.87383,202.66,135.71,241.09,173.77
2078,770,3,0.85109,92.45,129.52,158.46,205.33
2079,770,3,0.75578,383.32,102.1,436.32,201.61
2080,770,3,0.0628,381.63,102.6,476.28,200.67
2081,770,3,0.00152,376.37,101.45,426.57,183.37
2082,773,0,0.88613,222.44,63.15,257.64,96.07
2083,773,1,0.83001,149.72,82.29,187.48,118.26
2084,773,0,0.06615,150.35,82.22,187.51,117.75
2085,773,6,0.00778,482.63,109.37,495.0,164.67
2086,773,10,0.00538,150.47,82.38,187.47,117.85
2087,782,14,0.89823,226.3,161.48,257.32,231.04
2088,782,14,0.87677,145.19,147.08,181.6,234.13
2089,782,8,0.8646,440.2,157.03,495.0,246.08
2090,782,14,0.86235,357.59,136.64,387.39,232.94
2091,782,14,0.84393,261.35,162.34,287.35,230.03
2092,782,14,0.00839,429.88,160.6,449.19,204.62
2093,782,14,0.00577,486.19,132.89,495.0,208.47
2094,782,14,0.00219,488.17,144.61,495.0,202.41
2095,782,15,0.00196,0.0,47.19,7.55,88.06
2096,782,14,0.0015,484.88,152.88,495.0,228.98
2097,783,9,0.8976,308.65,145.65,328.78,162.04
2098,783,10,0.87828,216.22,162.44,235.8,180.13
2099,783,17,0.85796,285.91,175.13,305.11,195.52
2100,783,10,0.85449,267.98,93.92,284.41,110.3
2101,783,11,0.85045,360.47,159.93,382.5,176.19
2102,783,17,0.83839,243.97,143.55,259.95,159.37
2103,783,17,0.82375,260.93,129.19,276.03,144.2
2104,783,17,0.00109,308.76,146.01,328.7,161.87
2105,792,14,0.88361,13.48,149.74,45.05,236.15
2106,792,14,0.85401,319.94,116.59,377.34,256.0
2107,792,14,0.81828,435.43,117.38,483.21,250.4
2108,792,5,0.7853,190.71,158.88,318.01,210.62
2109,792,5,0.00453,357.54,156.87,457.79,217.65
2110,792,8,0.00405,488.98,128.42,500.0,181.55
2111,792,5,0.00108,102.02,169.25,168.04,205.77
2112,803,12,0.86391,211.95,123.34,250.13,162.16
2113,803,0,0.86291,276.22,187.08,322.99,236.51
2114,803,0,0.85828,325.76,13.83,364.35,50.84
2115,803,12,0.84891,386.68,86.53,429.5,128.32
2116,803,3,0.83367,297.35,73.76,359.23,133.61
2117,803,3,0.8063,178.68,49.97,254.57,94.11
2118,803,3,0.77629,115.8,173.03,189.58,228.74
2119,806,4,0.88759,139.46,41.27,213.81,79.78
2120,806,3,0.81855,88.39,104.69,147.05,157.57
2121,806,3,0.67083,203.37,77.01,246.79,137.39
2122,806,6,0.01015,452.31,0.0,492.0,134.9
2123,806,6,0.00453,468.64,15.09,492.0,128.07
2124,806,6,0.00206,468.06,3.33,492.0,69.27
2125,808,15,0.91809,125.63,45.33,174.71,90.1
2126,808,14,0.00308,465.67,121.34,490.0,232.0
2127,808,7,0.00234,152.17,133.6,269.01,232.0
2128,817,5,0.77148,174.25,0.24,482.11,103.15
2129,817,5,0.32944,163.23,0.0,413.06,82.13
2130,817,16,0.0561,87.12,123.88,177.63,232.4
2131,817,2,0.01177,493.72,8.07,497.0,36.94
2132,817,17,0.0035,493.95,11.33,497.0,36.03
2133,817,2,0.00312,490.85,4.72,497.0,38.12
2134,817,8,0.00107,493.94,7.67,497.0,35.19
2135,822,7,0.8453,52.54,164.98,70.22,181.76
2136,822,7,0.81068,112.87,159.04,132.01,175.47
2137,829,10,0.87894,345.47,182.75,372.45,204.34
2138,829,17,0.86261,162.81,112.11,181.53,129.53
2139,829,9,0.79089,275.59,113.94,298.64,132.43
2140,829,9,0.58304,224.5,180.7,246.47,198.31
2141,829,10,0.0423,162.7,111.98,181.61,129.63
2142,829,6,0.00582,489.89,151.08,503.0,176.85
2143,829,17,0.00186,224.51,180.82,246.37,198.91
2144,830,2,0.88278,150.01,159.76,179.81,197.36
2145,830,2,0.86189,57.05,126.75,88.16,148.34
2146,830,2,0.35898,154.57,111.86,171.0,127.09
2147,839,5,0.83604,113.07,17.81,137.55,39.81
2148,839,14,0.82841,416.13,44.17,427.76,69.58
2149,839,5,0.78463,183.29,13.08,203.45,29.99
2150,839,14,0.76374,403.03,41.06,412.87,66.65
2151,839,14,0.75663,452.76,55.77,462.63,80.2
2152,839,8,0.45577,377.11,46.86,392.98,64.26
2153,839,14,0.38567,389.72,43.49,397.56,63.67
2154,839,5,0.2567,0.02,0.26,13.57,13.3
2155,839,14,0.09922,387.35,43.74,395.87,62.46
2156,839,8,0.06244,0.0,0.73,13.1,15.15
2157,839,14,0.05323,379.32,45.75,388.7,58.94
2158,839,14,0.02819,387.76,43.11,395.14,51.66
2159,839,8,0.02795,0.0,14.73,5.88,30.03
2160,839,14,0.02622,385.63,44.78,393.48,59.16
2161,839,14,0.0226,488.95,32.97,494.0,73.56
2162,839,14,0.01934,386.58,43.33,393.49,50.72
2163,839,14,0.01803,383.03,44.37,396.3,64.1
2164,839,14,0.01151,490.46,56.91,494.0,72.76
2165,839,14,0.01149,225.25,5.18,234.2,12.28
2166,839,14,0.00919,485.75,32.62,494.0,71.94
2167,839,5,0.00833,490.06,57.46,494.0,72.83
2168,839,8,0.00638,489.12,55.02,494.0,72.09
2169,839,5,0.00624,0.0,17.94,3.92,30.64
2170,839,8,0.00581,44.44,0.91,54.51,8.97
2171,839,8,0.0058,147.0,41.56,158.35,56.03
2172,839,14,0.00577,265.13,20.2,271.01,27.73
2173,839,8,0.00449,0.02,16.42,4.03,30.32
2174,839,14,0.00361,395.13,43.82,402.36,64.21
2175,839,8,0.00339,90.19,0.61,98.95,7.44
2176,839,14,0.00316,394.15,52.37,400.29,64.16
2177,839,14,0.00301,225.51,5.88,233.03,15.83
2178,839,14,0.00287,389.01,41.24,402.04,64.09
2179,839,14,0.0027,381.39,43.5,388.7,51.97
2180,839,8,0.00256,391.97,51.92,399.22,64.47
2181,839,5,0.0021,250.87,0.82,262.03,10.69
2182,839,8,0.00191,18.17,0.0,29.68,5.4
2183,839,5,0.00139,487.78,57.07,494.0,71.66
2184,839,8,0.00138,224.96,7.22,232.32,20.41
2185,839,8,0.0013,43.33,1.97,53.33,11.3
2186,839,8,0.00128,250.1,0.76,261.59,10.31
2187,839,8,0.00128,56.26,0.44,65.39,6.12
2188,839,14,0.00118,0.08,0.0,3.39,3.99
2189,839,5,0.00117,148.48,33.05,162.01,42.56
2190,839,5,0.00117,0.0,13.25,4.28,24.76
2191,839,5,0.00112,1.79,1.47,14.03,10.59
2192,839,14,0.00109,446.0,43.06,451.64,55.82
2193,847,14,0.00217,0.0,23.7,29.91,202.97
2194,852,17,0.86712,76.85,86.33,92.39,101.07
2195,852,10,0.86208,80.02,183.08,101.09,206.31
2196,852,9,0.86133,132.64,132.83,150.53,152.06
2197,852,17,0.37742,36.43,136.37,51.52,147.17
2198,854,10,0.88997,302.8,72.08,321.53,88.15
2199,854,10,0.88374,414.36,69.1,432.91,84.76
2200,854,9,0.87987,399.79,33.84,418.5,48.21
2201,854,11,0.86004,337.1,8.69,350.94,21.96
2202,854,17,0.85823,374.47,72.91,388.94,86.63
2203,854,17,0.85632,344.64,77.2,359.02,91.53
2204,854,9,0.80989,349.07,36.77,364.11,51.89
2205,854,17,0.00127,348.92,36.75,364.19,52.03
2206,855,5,0.83751,412.48,128.41,484.33,170.4
2207,855,14,0.83142,54.08,83.78,110.79,158.91
2208,855,14,0.80849,127.19,68.51,160.45,163.09
2209,855,14,0.73462,0.0,83.12,18.1,167.08
2210,855,14,0.73327,178.89,81.9,211.78,165.93
2211,855,14,0.71667,304.06,83.69,333.84,170.19
2212,855,14,0.57094,282.48,87.45,309.01,171.02
2213,855,14,0.14067,288.57,84.84,339.07,172.6
2214,855,8,0.04611,54.15,83.66,110.6,159.5
2215,855,5,0.04161,488.89,129.86,500.0,165.52
2216,855,8,0.011,0.0,52.43,16.94,165.98
2217,855,5,0.00502,484.42,125.0,500.0,158.82
2218,855,5,0.00334,469.06,123.54,499.95,153.45
2219,855,5,0.00328,139.96,118.99,197.38,156.77
2220,855,14,0.00308,0.0,76.67,11.54,146.49
2221,855,5,0.00308,220.24,112.89,258.72,132.55
2222,855,8,0.00298,58.8,126.65,101.87,157.83
2223,855,14,0.00267,0.0,60.33,25.29,170.67
2224,855,14,0.0026,0.0,95.23,8.94,168.68
2225,855,8,0.00233,280.97,81.48,351.36,172.0
2226,855,8,0.00195,0.48,62.58,67.73,160.82
2227,855,5,0.00159,491.24,140.38,500.0,170.8
2228,855,5,0.00126,75.74,102.45,152.51,148.6
2229,855,5,0.00122,488.39,124.68,500.0,149.39
2230,855,8,0.00102,117.89,66.61,186.49,162.51
2231,855,5,0.00101,142.84,101.17,232.0,161.81
2232,858,14,0.81205,296.08,6.91,481.61,237.11
2233,858,14,0.05188,285.65,9.28,369.66,224.48
2234,858,14,0.00219,353.41,2.16,480.38,77.39
2235,863,17,0.73377,306.17,101.16,321.28,115.67
2236,863,9,0.66331,135.75,121.08,155.79,139.46
2237,863,6,0.22991,0.05,120.22,19.01,143.1
2238,863,9,0.08078,233.3,141.22,255.91,156.65
2239,864,15,0.87441,262.94,179.04,288.28,205.72
2240,864,15,0.86238,184.01,150.38,211.18,178.12
2241,864,15,0.85532,258.12,137.88,279.61,159.15
2242,864,15,0.00127,482.56,98.1,487.0,127.57
2243,871,2,0.89276,183.92,81.77,216.13,121.48
2244,871,17,0.78137,267.1,44.47,284.05,61.67
2245,871,2,0.25767,157.12,20.98,184.19,48.89
2246,875,8,0.86773,255.95,95.37,302.36,158.93
2247,875,14,0.80415,294.14,114.11,334.83,163.95
2248,875,8,0.78301,172.03,113.81,226.96,171.2
2249,875,14,0.77416,383.99,77.38,429.72,140.14
2250,875,14,0.7182,161.72,83.37,193.89,124.61
2251,875,8,0.08193,129.86,120.78,169.47,168.53
2252,875,8,0.03717,0.0,60.3,75.83,189.21
2253,875,8,0.037,145.65,120.74,170.3,160.42
2254,875,14,0.03514,387.9,76.28,417.53,113.7
2255,875,14,0.01263,298.61,115.43,323.89,143.06
2256,875,8,0.00925,374.42,68.06,437.3,142.0
2257,875,14,0.00376,147.67,119.53,171.8,160.12
2258,875,8,0.00375,158.04,34.3,236.24,148.29
2259,875,8,0.00337,168.75,115.5,201.72,161.4
2260,875,8,0.00333,147.16,118.9,179.86,165.86
2261,875,8,0.00292,376.11,51.8,462.86,142.13
2262,875,8,0.00262,1.27,127.67,72.23,185.71
2263,875,8,0.00254,14.3,141.81,69.37,185.75
2264,875,14,0.00235,276.77,68.62,292.14,99.33
2265,875,8,0.0019,0.0,62.6,23.06,191.17
2266,875,8,0.00165,276.37,80.11,347.03,162.62
2267,875,14,0.00117,496.89,47.03,500.0,105.65
2268,890,2,0.89217,169.68,164.65,208.8,210.16
2269,890,7,0.88427,96.59,159.72,132.21,190.71
2270,890,15,0.00489,489.82,118.6,494.0,152.75
2271,893,9,0.88449,373.74,120.62,394.91,136.96
2272,893,10,0.88133,280.51,144.44,300.81,162.39
2273,893,10,0.87557,328.43,71.19,345.11,87.79
2274,893,11,0.86696,428.44,131.56,451.9,147.56
2275,893,17,0.83944,307.37,123.43,323.62,139.51
2276,893,17,0.82646,323.42,107.55,339.0,122.8
2277,893,9,0.3952,352.83,152.29,372.44,173.14
2278,893,17,0.37246,352.88,152.18,372.37,173.04
2279,896,14,0.81196,110.5,141.66,138.22,220.3
2280,896,14,0.58368,456.98,192.33,474.98,238.35
2281,896,14,0.35141,145.57,162.89,167.07,214.53
2282,896,14,0.34305,318.2,168.19,329.86,200.37
2283,896,14,0.31568,197.75,162.44,230.24,206.23
2284,896,14,0.26135,358.32,180.47,374.25,204.02
2285,896,16,0.04352,424.33,226.26,451.07,244.25
2286,896,14,0.01833,312.8,167.94,322.95,200.34
2287,896,16,0.01747,294.13,206.12,414.01,251.55
2288,896,14,0.00942,81.17,180.93,99.62,207.24
2289,896,14,0.00746,126.1,159.4,167.42,214.33
2290,896,14,0.00598,330.02,180.32,340.86,201.36
2291,896,14,0.00338,321.26,167.85,332.0,198.38
2292,896,14,0.00326,311.76,167.96,329.0,200.41
2293,896,14,0.00274,324.57,170.19,338.45,201.4
2294,896,14,0.00247,110.51,142.38,160.29,216.78
2295,896,14,0.00245,310.53,169.34,317.75,197.54
2296,896,16,0.0021,196.56,200.35,234.84,223.65
2297,896,16,0.00144,0.0,227.34,29.14,254.17
2298,896,14,0.00122,0.0,134.78,5.73,195.49
2299,896,16,0.00115,295.39,205.98,380.49,244.57
2300,903,2,0.88142,347.48,25.75,373.18,60.76
2301,903,7,0.10534,342.0,179.24,364.72,199.35
2302,914,14,0.87825,248.89,140.5,268.86,199.95
2303,914,14,0.83473,27.37,161.4,44.51,201.15
2304,914,14,0.81601,48.83,155.78,67.18,204.97
2305,914,14,0.1596,0.01,157.53,6.11,217.47
2306,914,14,0.03389,0.0,155.73,7.32,241.46
2307,914,14,0.01542,0.0,163.74,9.26,212.07
2308,914,14,0.00493,2.06,164.46,18.75,209.47
2309,914,14,0.00406,0.01,178.38,5.07,221.53
2310,914,14,0.00269,0.01,185.91,5.65,235.9
2311,914,14,0.00162,486.06,128.31,490.0,198.78
2312,919,15,0.83727,402.14,183.22,423.05,206.91
2313,919,2,0.82063,319.2,147.82,335.87,166.16
2314,922,6,0.89505,264.92,148.54,315.64,185.12
2315,922,15,0.85798,419.8,152.74,441.74,173.81
2316,926,14,0.8505,83.56,54.7,127.29,168.9
2317,926,5,0.84944,398.18,130.81,480.51,172.76
2318,926,14,0.84707,280.98,84.49,305.9,165.76
2319,926,14,0.78981,188.08,93.8,215.75,166.52
2320,926,14,0.37715,119.42,105.02,151.38,161.06
2321,926,14,0.27571,147.76,83.61,185.54,166.12
2322,926,14,0.07448,122.99,105.59,149.97,135.61
2323,926,5,0.02159,214.87,114.8,255.73,143.59
2324,926,5,0.01539,495.61,158.62,500.0,178.72
2325,926,14,0.01437,119.04,111.23,139.39,160.54
2326,926,14,0.01409,207.44,123.27,222.51,165.87
2327,926,5,0.01173,492.27,159.18,500.0,178.07
2328,926,14,0.01003,0.0,75.23,5.17,159.25
2329,926,5,0.00991,478.78,127.49,500.0,160.57
2330,926,5,0.00749,475.93,130.41,500.0,148.46
2331,926,5,0.00738,116.2,86.99,155.02,99.25
2332,926,5,0.00468,218.41,115.81,256.17,132.26
2333,926,14,0.00394,120.04,95.98,185.37,162.41
2334,926,5,0.00392,0.01,97.58,8.31,164.98
2335,926,5,0.00298,167.15,75.63,207.68,94.59
2336,926,14,0.00232,0.0,74.03,8.85,160.32
2337,926,5,0.00228,28.8,108.75,117.85,152.42
2338,926,8,0.00227,118.3,83.52,192.56,166.73
2339,926,5,0.0022,480.8,118.93,500.0,154.24
2340,926,5,0.00218,396.7,131.87,440.2,146.25
2341,926,8,0.00212,425.66,124.7,442.61,134.12
2342,926,14,0.00197,79.37,130.22,98.63,167.74
2343,926,5,0.00138,0.02,112.42,12.15,158.69
2344,926,14,0.00133,99.43,89.59,122.35,170.67
2345,926,14,0.00119,204.26,129.07,216.87,166.23
2346,926,8,0.00117,423.39,127.23,447.83,136.13
2347,926,5,0.00102,469.12,110.41,499.88,148.42
2348,931,15,0.89,390.44,155.44,409.73,174.47
2349,938,2,0.8965,416.14,134.17,447.04,171.58
2350,938,2,0.87299,305.16,170.18,346.2,200.01
2351,938,17,0.81562,329.43,118.7,346.14,132.85
2352,940,9,0.87872,208.06,56.25,225.69,74.43
2353,940,17,0.83597,150.29,13.03,165.23,27.43
2354,940,10,0.8132,158.57,106.55,179.58,129.18
2355,940,17,0.24821,158.63,106.7,179.35,128.85
2356,940,9,0.18175,158.67,106.68,179.46,129.02
2357,951,9,0.9077,211.51,77.79,234.09,101.25
2358,951,9,0.89116,119.19,102.32,143.27,122.16
2359,951,10,0.88675,307.73,130.93,331.25,156.71
2360,951,9,0.68527,85.89,62.64,103.51,78.9
2361,951,17,0.52971,85.94,62.61,103.74,78.94
2362,951,8,0.00287,0.02,124.64,5.07,158.19
2363,951,17,0.00107,307.86,131.04,331.16,156.69
2364,960,5,0.84691,386.64,138.55,499.43,200.18
2365,960,5,0.831,230.41,150.49,359.25,204.76
2366,960,14,0.7429,122.51,149.15,175.05,255.35
2367,960,14,0.66231,476.58,108.89,500.0,205.19
2368,960,14,0.06442,130.53,150.6,157.22,174.97
2369,960,8,0.0359,169.97,170.49,202.43,202.5
2370,960,5,0.00824,476.77,107.78,500.0,200.67
2371,960,5,0.00561,261.2,64.37,282.35,74.58
2372,960,8,0.00291,128.66,170.22,201.75,211.7
2373,960,8,0.00146,117.71,151.71,198.27,237.58
2374,960,14,0.00122,493.11,131.97,500.0,209.0
2375,965,15,0.87756,415.85,36.05,437.05,54.07
2376,967,6,0.88393,305.02,204.6,357.09,232.34
2377,967,15,0.86878,232.21,207.59,250.68,226.17
2378,976,14,0.8314,460.21,102.76,484.33,176.33
2379,976,5,0.82408,398.95,129.67,475.26,171.13
2380,976,14,0.76584,155.57,74.15,206.28,169.44
2381,976,14,0.762,221.72,90.87,259.44,168.73
2382,976,14,0.63154,105.66,76.51,150.95,162.26
2383,976,5,0.41399,33.55,99.63,118.43,153.88
2384,976,14,0.33239,128.64,79.21,153.53,162.77
2385,976,5,0.05784,488.24,133.07,499.98,159.76
2386,976,5,0.02566,485.43,139.59,500.0,171.14
2387,976,5,0.00636,0.04,76.52,13.5,160.06
2388,976,14,0.00618,455.82,139.66,485.08,177.27
2389,976,8,0.00493,214.44,95.72,271.88,167.21
2390,976,5,0.00477,153.14,74.36,211.3,166.69
2391,976,14,0.00387,0.0,78.08,7.7,154.09
2392,976,5,0.00252,488.81,128.86,500.0,150.16
2393,976,8,0.00227,85.75,74.98,155.68,161.98
2394,976,5,0.00214,0.0,100.72,7.85,161.58
2395,976,5,0.00214,272.06,131.42,303.28,155.63
2396,976,14,0.00175,484.9,140.36,500.0,168.33
2397,976,14,0.00168,0.0,88.69,12.05,149.92
2398,976,5,0.00166,0.01,116.12,9.18,156.03
2399,976,8,0.00163,152.26,78.04,212.06,164.85
2400,976,5,0.00148,478.92,131.65,500.0,146.65
2401,976,5,0.00147,0.0,80.19,102.95,156.6
2402,976,14,0.00117,464.3,104.65,483.42,157.46
2403,977,8,0.90074,250.85,0.0,284.35,40.79
2404,977,8,0.8954,447.34,0.0,489.34,42.43
2405,977,8,0.88853,282.99,0.0,313.41,39.22
2406,977,8,0.88225,385.26,0.0,412.15,41.69
2407,977,8,0.87857,202.32,0.0,237.08,42.7
2408,977,8,0.86837,65.71,0.0,104.23,41.85
2409,977,8,0.857,309.8,0.0,339.62,42.3
2410,977,8,0.85445,412.22,0.0,443.6,41.42
2411,977,8,0.84087,20.38,0.0,62.55,44.54
2412,977,8,0.82073,104.82,0.0,129.45,40.21
2413,977,8,0.77644,0.0,0.0,31.36,44.48
2414,977,8,0.16182,20.85,0.0,41.41,30.26
2415,977,8,0.10916,127.98,0.0,147.82,26.72
2416,977,8,0.03583,126.59,0.0,147.26,16.57
2417,977,8,0.03184,227.26,0.01,248.62,17.18
2418,977,8,0.02169,130.55,0.4,162.08,32.4
2419,977,8,0.02069,66.21,0.0,86.57,26.13
2420,977,8,0.0183,207.21,0.0,248.24,17.23
2421,977,8,0.01115,185.93,0.0,209.76,17.3
2422,977,8,0.00875,0.01,0.0,11.91,43.73
2423,977,8,0.00464,195.88,0.08,219.37,12.15
2424,977,8,0.00443,130.14,0.0,149.96,9.98
2425,977,8,0.0027,190.32,0.07,215.86,15.3
2426,977,8,0.00233,353.68,0.15,383.14,41.26
2427,977,8,0.00197,109.57,0.0,130.66,15.14
2428,977,8,0.00164,32.37,0.08,59.95,28.24
2429,977,8,0.00138,120.39,0.0,143.8,10.59
2430,977,8,0.00127,128.22,0.25,159.69,21.99
2431,977,8,0.00102,113.84,0.0,140.33,14.38
2432,978,14,0.86699,256.7,71.48,307.5,175.01
2433,978,14,0.83731,216.06,90.88,245.45,133.91
2434,978,8,0.82363,128.82,149.4,232.27,202.13
2435,978,14,0.81531,435.46,61.63,465.73,119.46
2436,978,14,0.79056,327.95,90.52,345.48,124.53
2437,978,8,0.78246,7.13,137.76,70.24,186.37
2438,978,14,0.71298,63.24,109.29,93.87,195.27
2439,978,14,0.71257,138.81,105.89,168.57,138.94
2440,978,14,0.58721,89.18,110.21,113.07,196.79
2441,978,8,0.05855,0.16,133.12,28.6,185.63
2442,978,14,0.04418,0.01,123.13,12.23,188.84
2443,978,14,0.04036,491.73,87.15,499.0,140.05
2444,978,14,0.02857,0.0,102.0,10.95,155.19
2445,978,14,0.02497,420.44,52.48,443.81,116.79
2446,978,8,0.02447,489.51,77.1,499.0,140.02
2447,978,14,0.02319,140.71,103.91,160.07,127.45
2448,978,14,0.01745,66.48,107.77,86.23,132.19
2449,978,14,0.01652,36.99,47.52,59.92,79.23
2450,978,14,0.01348,90.95,111.28,112.51,142.79
2451,978,8,0.01331,0.01,129.2,11.96,213.87
2452,978,14,0.01095,488.87,36.96,499.0,144.6
2453,978,14,0.00915,0.0,148.53,9.39,208.66
2454,978,14,0.00814,181.87,100.81,198.32,134.37
2455,978,14,0.00762,0.01,127.06,10.68,220.44
2456,978,14,0.00615,36.34,47.59,60.22,100.64
2457,978,14,0.00457,0.33,120.21,23.2,188.55
2458,978,14,0.00385,0.0,120.85,9.11,164.42
2459,978,14,0.00335,102.55,115.88,121.3,140.56
2460,978,8,0.00321,483.37,76.42,498.93,140.51
2461,978,14,0.00269,22.29,135.86,67.04,181.33
2462,978,14,0.00241,492.85,43.76,499.0,123.51
2463,978,8,0.00238,54.41,103.3,123.38,194.53
2464,978,14,0.00233,494.07,71.23,499.0,146.03
2465,978,14,0.00171,137.13,107.32,170.91,152.81
2466,978,14,0.00168,492.92,104.47,499.0,139.21
2467,978,14,0.0015,0.0,123.46,6.05,198.92
2468,978,8,0.00143,0.0,121.52,4.84,202.98
2469,978,14,0.00141,143.43,103.74,158.14,122.57
2470,978,14,0.00141,465.37,61.32,479.46,90.49
2471,978,14,0.00135,109.04,116.35,122.14,139.58
2472,978,14,0.00128,67.97,108.57,91.13,139.38
2473,978,14,0.00125,0.07,97.04,16.5,182.54
2474,978,14,0.00108,414.67,55.57,454.13,121.92
2475,978,14,0.00107,90.21,128.61,112.29,180.46
2476,978,8,0.00105,0.0,108.77,19.56,201.94
2477,980,17,0.41434,212.62,163.81,244.08,193.78
2478,980,2,0.00202,0.0,107.84,9.65,143.69
2479,980,3,0.00199,454.62,66.98,471.0,151.21
2480,980,14,0.00112,0.0,52.54,5.3,101.56
2481,983,5,0.85156,429.67,176.86,489.0,207.92
2482,983,5,0.785,317.39,175.99,374.93,201.93
2483,983,5,0.77401,282.24,168.03,337.85,193.93
2484,983,5,0.75178,0.0,166.52,42.93,195.29
2485,983,5,0.17797,79.48,148.18,114.19,168.97
2486,983,5,0.15761,463.43,153.69,489.0,170.82
2487,983,5,0.03349,0.0,130.58,34.2,148.92
2488,983,14,0.02996,0.05,145.05,18.68,159.44
2489,983,5,0.01829,171.57,117.24,255.15,161.33
2490,983,5,0.01545,82.53,112.56,206.04,169.61
2491,983,8,0.01373,0.05,148.65,21.19,167.21
2492,983,5,0.01292,16.13,122.21,28.9,132.17
2493,983,5,0.00904,475.66,152.0,489.0,171.3
2494,983,14,0.00888,0.0,137.28,12.11,157.55
2495,983,14,0.00727,0.0,138.09,25.42,155.58
2496,983,8,0.00695,4.56,152.41,21.97,167.62
2497,983,14,0.00639,55.44,141.72,63.4,152.24
2498,983,5,0.00506,319.23,58.86,348.95,72.45
2499,983,5,0.00496,404.77,110.46,450.83,127.52
2500,983,5,0.00367,307.24,56.54,350.22,82.39
2501,983,5,0.00335,467.17,58.19,489.0,80.25
2502,983,5,0.0032,36.08,121.32,73.36,136.04
2503,983,8,0.00289,53.88,149.0,66.55,160.7
2504,983,14,0.00268,11.39,149.22,24.35,162.2
2505,983,5,0.00266,122.44,82.57,163.89,106.81
2506,983,5,0.00233,0.02,147.44,20.75,166.82
2507,983,5,0.00228,335.32,80.7,369.06,98.75
2508,983,5,0.00218,480.64,153.75,489.0,174.14
2509,983,5,0.00207,16.38,118.4,45.65,131.51
2510,983,14,0.0019,0.01,137.65,8.09,155.16
2511,983,5,0.00172,304.87,58.97,340.79,77.56
2512,983,14,0.00165,0.94,148.4,23.0,165.44
2513,983,5,0.00164,315.74,67.4,350.58,83.75
2514,983,5,0.00153,82.09,125.68,104.09,141.71
2515,983,5,0.00147,333.67,110.53,361.21,125.27
2516,983,5,0.00128,306.04,35.4,350.58,79.99
2517,983,5,0.00126,457.38,88.21,488.45,103.34
2518,983,5,0.00124,324.42,120.18,354.57,135.6
2519,983,5,0.00121,205.27,120.83,253.52,161.79
2520,983,5,0.00116,462.93,64.27,489.0,84.21
2521,983,5,0.00115,27.27,115.66,67.4,127.7
2522,983,5,0.00113,478.9,51.74,489.0,73.7
2523,983,5,0.00111,269.64,159.88,286.5,169.86
2524,983,5,0.00107,17.87,115.93,42.6,126.11
2525,983,5,0.00103,167.06,90.02,201.67,107.53
2526,983,5,0.00103,237.63,113.16,254.46,125.98
2527,983,14,0.001,0.02,139.76,17.74,164.06
2528,991,4,0.89452,321.93,35.91,434.67,86.63
2529,991,3,0.78637,220.95,90.75,291.17,201.65
2530,991,3,0.77705,394.23,131.52,466.62,229.8
2531,994,14,0.00917,0.0,45.04,46.98,239.51
2532,994,8,0.00217,0.0,87.84,29.53,243.92
2533,1005,2,0.87825,212.68,85.13,243.86,107.54
2534,1005,2,0.8461,48.63,57.02,71.89,84.42
2535,1006,15,0.88947,244.04,173.85,268.14,195.4
2536,1006,15,0.88588,326.93,152.28,342.66,168.9
2537,1006,15,0.21072,0.01,47.11,4.64,72.46
2538,1006,15,0.00123,0.02,34.84,2.99,58.17
2539,1007,15,0.79943,149.52,153.24,219.21,217.67
2540,1007,15,0.79229,173.49,107.24,232.1,178.3
2541,1007,15,0.21869,149.8,154.09,185.34,217.98
2542,1007,15,0.16102,149.22,110.17,219.29,219.36
2543,1007,7,0.02922,484.47,49.21,495.0,63.87
2544,1007,15,0.01575,173.18,98.83,231.6,221.66
2545,1009,2,0.86295,72.77,176.36,92.64,201.59
2546,1011,7,0.84479,81.84,123.66,107.33,141.98
2547,1011,7,0.82358,105.5,188.04,129.55,206.14
2548,1011,17,0.00524,94.87,149.17,109.85,163.43
2549,1014,8,0.87818,414.45,0.0,486.0,29.81
2550,1014,8,0.05918,476.67,75.66,486.0,169.72
2551,1014,8,0.05269,477.57,32.01,486.0,133.35
2552,1014,14,0.0464,479.16,107.78,486.0,164.34
2553,1014,8,0.02595,462.49,0.0,486.0,25.67
2554,1014,14,0.02456,332.9,74.41,370.14,128.58
2555,1014,14,0.01581,477.07,46.78,486.0,136.14
2556,1014,8,0.00992,476.93,16.47,486.0,102.67
2557,1014,8,0.00444,479.79,96.08,486.0,163.02
2558,1014,15,0.00309,479.82,53.3,486.0,102.38
2559,1014,8,0.00228,472.31,43.43,485.95,133.35
2560,1014,3,0.00143,478.97,67.56,486.0,133.83
2561,1014,8,0.00127,474.83,0.0,486.0,21.22
2562,1014,14,0.00107,479.77,63.07,486.0,138.56
2563,1014,8,0.00102,471.76,21.77,485.97,101.82
2564,1016,10,0.87617,335.69,195.75,349.68,207.01
2565,1016,10,0.85971,356.39,203.48,369.09,214.8
2566,1016,17,0.84326,293.81,215.56,304.73,226.35
2567,1016,11,0.82034,363.39,217.13,376.29,228.5
2568,1016,17,0.80459,312.39,222.93,323.72,234.46
2569,1016,11,0.79386,317.3,208.82,332.54,220.47
2570,1016,9,0.38889,289.19,201.61,300.46,212.2
2571,1016,9,0.32752,302.15,194.53,316.71,205.56
2572,1016,17,0.20926,302.33,194.69,316.92,205.33
2573,1016,17,0.1438,289.44,201.81,300.66,212.3
2574,1018,15,0.8818,187.45,133.79,216.17,164.22
2575,1018,6,0.87272,120.98,78.05,151.49,119.67
2576,1018,2,0.79579,220.65,76.39,238.46,95.1
2577,1019,0,0.89032,112.63,0.62,156.22,43.27
2578,1019,0,0.88949,185.48,26.18,232.29,74.1
2579,1019,1,0.85113,78.13,94.04,127.83,145.13
2580,1020,2,0.86091,112.51,173.36,127.74,194.83
2581,1020,2,0.85723,159.96,192.3,175.98,214.14
2582,1026,7,0.8698,102.89,181.47,130.58,203.32
2583,1027,10,0.85534,349.09,197.17,370.15,219.94
2584,1027,9,0.83802,397.47,145.98,415.95,164.28
2585,1027,17,0.58267,338.31,101.44,354.48,116.47
2586,1027,10,0.00128,397.12,146.07,415.95,164.87
2587,1028,10,0.77515,167.57,73.44,198.13,101.14
2588,1028,10,0.74874,335.55,88.77,364.04,119.49
2589,1030,2,0.85481,51.14,51.82,79.87,78.92
2590,1030,2,0.85153,170.36,49.69,200.67,75.37
2591,1032,13,0.89255,354.53,168.63,402.39,214.06
2592,1032,12,0.84869,363.74,64.57,403.34,98.23
2593,1032,12,0.84801,200.61,178.88,241.36,216.2
2594,1032,0,0.03997,200.59,178.85,241.78,216.17
2595,1032,13,0.00322,363.5,64.48,403.36,98.67
2596,1032,3,0.0012,464.53,110.66,499.0,186.64
2597,1033,15,0.88656,383.02,0.0,419.49,18.39
2598,1034,14,0.54451,365.46,86.63,440.37,142.96
2599,1034,14,0.11798,365.78,86.59,409.85,142.01
2600,1034,14,0.01614,169.07,0.1,189.17,21.37
2601,1034,6,0.01294,365.01,88.88,442.1,144.04
2602,1038,5,0.86689,95.76,109.15,145.9,151.14
2603,1038,5,0.81729,310.23,110.86,344.01,139.33
2604,1038,5,0.81321,149.67,119.4,191.7,144.94
2605,1038,5,0.62553,9.71,118.28,63.16,149.81
2606,1038,5,0.34676,0.0,129.41,19.49,152.89
2607,1038,14,0.05017,411.68,106.8,426.82,133.17
2608,1038,14,0.03061,438.72,103.65,463.26,136.18
2609,1038,14,0.02372,40.95,106.45,57.9,136.31
2610,1038,14,0.01535,38.55,105.9,62.22,142.42
2611,1038,5,0.01281,168.43,114.94,192.38,133.39
2612,1038,5,0.00909,228.35,147.47,338.83,218.99
2613,1038,5,0.00695,33.44,125.61,66.79,143.29
2614,1038,5,0.00556,0.0,126.66,8.15,150.49
2615,1038,14,0.00521,203.45,118.77,216.5,135.99
2616,1038,8,0.00391,146.91,133.84,161.37,148.34
2617,1038,14,0.00295,0.01,125.03,6.85,140.46
2618,1038,14,0.00256,196.04,116.36,216.37,135.66
2619,1038,5,0.0023,150.09,120.53,173.71,142.12
2620,1038,5,0.00212,147.13,122.48,163.88,147.29
2621,1038,14,0.0019,0.09,123.23,8.15,135.42
2622,1038,5,0.00169,169.35,117.3,199.84,140.47
2623,1038,14,0.00144,438.09,109.16,448.64,134.93
2624,1038,5,0.00139,60.41,118.69,94.89,140.33
2625,1038,5,0.00129,0.0,116.25,7.12,137.83
2626,1038,14,0.00128,203.0,122.17,214.8,140.35
2627,1038,8,0.00114,166.6,119.56,191.37,145.08
2628,1038,5,0.00107,0.69,137.73,20.08,153.52
2629,1040,13,0.81134,155.92,81.05,189.36,109.94
2630,1040,4,0.76892,284.19,67.0,353.41,92.28
2631,1040,1,0.43697,233.56,151.26,268.42,185.87
2632,1040,4,0.2665,327.23,65.7,353.26,85.1
2633,1040,0,0.0832,233.44,151.04,268.75,186.33
2634,1040,4,0.00723,311.48,65.54,353.52,88.64
2635,1042,5,0.85512,406.22,131.93,481.08,173.84
2636,1042,14,0.85152,126.67,67.96,159.92,163.1
2637,1042,14,0.74619,185.98,85.89,217.91,165.37
2638,1042,14,0.72492,281.46,87.01,305.88,168.82
2639,1042,14,0.46861,366.8,111.99,388.65,167.35
2640,1042,14,0.44812,378.51,131.59,391.46,168.24
2641,1042,5,0.2155,4.91,111.03,152.9,155.64
2642,1042,5,0.10624,30.94,101.53,130.08,153.47
2643,1042,5,0.05174,485.46,136.35,499.99,170.82
2644,1042,14,0.02647,367.25,134.39,382.36,164.71
2645,1042,14,0.02422,164.27,88.83,190.13,167.11
2646,1042,14,0.01979,367.74,112.67,388.64,142.71
2647,1042,5,0.01794,0.03,87.97,11.3,161.44
2648,1042,5,0.00491,0.0,104.96,7.95,160.56
2649,1042,5,0.0041,177.2,76.36,209.52,94.17
2650,1042,5,0.0039,479.59,132.21,500.0,157.17
2651,1042,14,0.00349,373.26,114.83,391.31,168.58
2652,1042,14,0.00347,380.06,131.86,399.61,168.08
2653,1042,8,0.0026,428.77,126.42,445.45,135.07
2654,1042,14,0.00203,157.09,124.23,170.02,165.96
2655,1042,5,0.00203,218.72,114.42,256.52,147.59
2656,1042,5,0.0018,490.28,143.41,500.0,173.9
2657,1042,5,0.00162,0.0,120.08,10.5,158.19
2658,1042,14,0.00151,157.68,94.54,174.22,166.4
2659,1042,14,0.00148,0.0,89.68,5.32,151.61
2660,1042,5,0.00145,219.92,114.99,257.84,129.89
2661,1042,5,0.00134,466.75,127.0,499.86,149.16
2662,1042,5,0.00132,0.12,88.69,23.11,156.65
2663,1042,5,0.00113,0.0,121.34,5.58,156.81
2664,1046,15,0.87273,281.67,192.85,299.98,212.09
2665,1048,17,0.81232,392.55,96.44,412.62,115.65
2666,1048,17,0.75866,386.42,132.79,407.46,153.41
2667,1048,9,0.00859,396.28,59.01,416.95,78.71
2668,1048,8,0.00412,385.33,106.83,424.96,163.39
2669,1048,2,0.00131,394.99,58.86,415.58,78.74
2670,1049,15,0.91838,185.77,138.31,215.62,172.9
2671,1049,15,0.91108,354.18,115.92,382.2,145.96
2672,1050,11,0.86327,317.57,65.92,330.97,79.7
2673,1050,11,0.84781,297.04,77.07,311.15,92.99
2674,1050,10,0.83744,262.13,80.7,276.58,96.14
2675,1050,10,0.80367,353.15,66.76,369.47,81.98
2676,1050,9,0.04735,221.87,73.09,237.56,89.2
2677,1050,9,0.04093,206.07,85.82,221.53,101.46
2678,1050,10,0.0404,206.18,85.91,221.0,101.6
2679,1050,10,0.01976,221.95,73.23,237.52,89.06
2680,1050,11,0.01311,221.94,72.99,237.74,88.82
2681,1050,11,0.00251,206.23,85.96,221.39,101.69
2682,1054,2,0.89348,297.54,60.4,331.81,103.43
2683,1054,17,0.84027,358.84,42.56,377.81,61.27
2684,1054,17,0.80984,396.01,136.24,417.3,157.2
2685,1055,7,0.85366,190.38,99.42,217.45,122.3
2686,1055,7,0.84569,299.16,152.86,328.81,174.99
2687,1055,17,0.75655,219.32,148.89,236.13,165.12
2688,1056,14,0.80507,139.67,170.71,168.13,210.84
2689,1056,14,0.75422,12.83,151.92,46.22,230.76
2690,1056,14,0.70894,32.3,193.01,49.07,231.84
2691,1056,14,0.64432,437.6,187.1,453.88,222.43
2692,1056,14,0.16793,437.91,168.12,451.2,194.65
2693,1056,14,0.07333,354.88,166.74,365.91,192.71
2694,1056,14,0.0206,364.15,177.0,377.72,200.18
2695,1056,16,0.00833,299.9,201.49,413.88,254.54
2696,1056,14,0.00825,204.1,170.21,235.93,204.3
2697,1056,14,0.00712,312.72,166.12,324.67,198.48
2698,1056,16,0.00687,429.76,221.8,456.47,239.46
2699,1056,16,0.00583,175.22,198.93,202.12,224.36
2700,1056,14,0.00571,200.73,159.84,235.67,217.71
2701,1056,14,0.00355,57.87,188.02,75.48,208.62
2702,1056,14,0.00349,498.05,134.15,505.0,158.55
2703,1056,14,0.00318,500.98,137.46,505.0,159.08
2704,1056,14,0.00244,56.19,187.05,77.98,215.92
2705,1056,14,0.0017,313.64,162.97,331.52,198.32
2706,1059,15,0.90732,247.77,125.4,282.34,162.63
2707,1059,15,0.9026,361.19,104.45,389.34,136.58
2708,1059,15,0.87116,282.97,81.76,304.66,107.45
2709,1065,2,0.87575,314.03,96.45,338.31,127.05
2710,1065,2,0.83749,392.43,47.13,414.6,76.25
2711,1065,2,0.20614,0.01,120.6,6.0,137.12
2712,1065,2,0.07875,0.0,102.77,6.01,138.3
2713,1065,2,0.03891,0.01,120.29,6.26,149.01
2714,1065,2,0.00342,0.0,84.83,8.04,144.03
2715,1065,2,0.00293,169.06,116.87,183.15,134.53
2716,1067,15,0.85638,242.55,14.36,258.99,28.87
2717,1067,15,0.80622,216.15,18.34,234.7,34.27
2718,1067,15,0.00382,136.06,19.97,156.39,29.43
2719,1067,8,0.00199,458.76,0.26,492.0,12.81
2720,1069,2,0.87758,253.62,126.43,274.47,150.93
2721,1069,2,0.85392,246.48,92.11,263.75,116.1
2722,1071,14,0.79887,289.65,55.21,305.91,99.76
2723,1071,5,0.644,44.08,72.44,63.42,90.69
2724,1071,8,0.62947,73.58,73.59,87.94,96.19
2725,1071,8,0.24051,98.17,66.61,109.46,92.83
2726,1071,14,0.22807,72.61,64.6,86.23,78.69
2727,1071,8,0.03997,0.03,68.14,11.59,95.82
2728,1071,16,0.03933,422.28,90.23,429.6,102.51
2729,1071,16,0.02194,416.16,90.52,423.05,102.32
2730,1071,14,0.01542,287.48,56.33,300.15,92.94
2731,1071,16,0.01495,0.03,67.98,11.77,95.5
2732,1071,14,0.00631,0.01,68.65,11.76,94.64
2733,1071,8,0.00566,0.04,65.59,9.36,124.08
2734,1071,8,0.00561,71.04,72.23,85.59,92.45
2735,1071,8,0.00441,0.04,90.69,3.39,120.31
2736,1071,8,0.00409,0.02,82.52,2.81,106.61
2737,1071,8,0.00377,98.83,76.52,107.93,92.93
2738,1071,8,0.00369,0.03,92.23,3.01,108.53
2739,1071,14,0.00314,28.85,70.05,41.17,93.38
2740,1071,8,0.00261,0.0,66.63,3.09,101.69
2741,1071,8,0.00236,72.32,70.45,86.98,83.47
2742,1071,14,0.00231,97.94,68.26,109.26,94.24
2743,1071,8,0.00193,28.93,69.99,41.01,93.14
2744,1071,14,0.00113,286.07,63.97,295.88,92.02
2745,1073,14,0.84561,111.34,10.6,132.05,55.94
2746,1073,14,0.81775,465.48,0.26,492.0,54.31
2747,1073,14,0.79213,205.21,6.53,219.91,46.43
2748,1073,8,0.76569,240.99,1.7,298.53,110.62
2749,1073,14,0.58441,219.77,4.16,233.34,44.0
2750,1073,14,0.57391,137.56,10.01,150.03,33.15
2751,1073,8,0.06096,283.5,0.36,312.99,40.0
2752,1073,14,0.04261,86.35,6.94,107.59,55.28
2753,1073,8,0.02219,337.79,0.35,419.79,33.52
2754,1073,14,0.00844,486.18,0.0,492.0,55.48
2755,1073,8,0.0072,482.38,6.78,491.95,54.42
2756,1073,14,0.00372,484.61,0.27,492.0,32.03
2757,1073,5,0.00245,482.9,16.7,492.0,54.91
2758,1073,14,0.00224,430.87,19.19,437.98,34.77
2759,1073,14,0.00183,235.04,0.97,245.85,35.75
2760,1073,8,0.00162,67.93,8.74,140.91,64.98
2761,1073,8,0.0015,247.24,0.44,269.62,24.13
2762,1073,14,0.00146,469.14,0.09,492.0,33.71
2763,1073,5,0.00106,339.83,0.85,435.52,34.71
2764,1078,14,0.83442,364.19,70.65,389.64,96.72
2765,1078,8,0.83062,359.46,92.57,405.19,131.01
2766,1078,16,0.82635,68.91,112.25,89.0,137.9
2767,1078,16,0.81529,25.94,114.83,48.2,142.33
2768,1078,16,0.81455,48.12,113.6,69.01,140.72
2769,1078,16,0.80707,1.26,113.83,24.34,142.59
2770,1078,16,0.79644,88.81,110.58,108.13,135.1
2771,1078,14,0.75942,386.68,75.27,404.64,96.23
2772,1078,16,0.71358,106.94,110.51,122.97,133.08
2773,1078,16,0.62221,122.23,109.51,136.02,131.3
2774,1078,16,0.53426,136.01,109.47,150.43,130.18
2775,1078,16,0.43657,161.13,107.97,174.97,126.9
2776,1078,16,0.38305,229.52,103.98,238.43,119.56
2777,1078,16,0.28404,271.55,98.67,281.29,108.04
2778,1078,16,0.28261,213.84,104.07,222.7,119.77
2779,1078,14,0.26946,234.22,75.68,244.31,101.89
2780,1078,16,0.2624,221.85,104.18,230.63,119.41
2781,1078,16,0.24941,174.23,107.23,186.1,125.53
2782,1078,16,0.22598,149.04,108.72,161.33,126.37
2783,1078,16,0.22071,204.46,104.76,215.16,121.87
2784,1078,16,0.17244,194.94,105.05,204.95,122.75
2785,1078,16,0.16306,234.78,97.78,243.88,106.96
2786,1078,16,0.11845,185.07,105.65,195.85,124.04
2787,1078,16,0.06589,0.26,114.47,4.79,140.71
2788,1078,8,0.01388,362.05,92.46,391.23,135.39
2789,1078,8,0.01162,361.95,92.78,389.83,113.75
2790,1078,8,0.0058,362.48,92.05,389.39,106.26
2791,1078,16,0.00545,0.07,120.96,3.25,147.23
2792,1078,16,0.00534,280.79,90.38,292.8,105.48
2793,1078,16,0.00393,199.97,105.21,210.71,123.04
2794,1078,16,0.00337,231.16,104.09,244.13,119.32
2795,1078,16,0.00321,0.2,111.64,3.18,133.16
2796,1078,16,0.00177,0.02,104.64,3.06,120.18
2797,1078,16,0.00164,234.23,104.08,244.3,115.32
2798,1078,16,0.00159,54.0,113.09,69.23,128.08
2799,1078,16,0.00131,235.72,99.07,247.38,107.63
2800,1078,16,0.00118,0.05,124.5,3.48,160.51
2801,1078,16,0.00117,9.77,113.43,24.0,127.98
2802,1078,16,0.00114,271.12,101.09,281.34,111.73
2803,1078,16,0.00114,277.78,97.32,287.68,108.13
2804,1078,16,0.00113,41.82,113.7,50.15,129.74
2805,1079,7,0.91079,366.65,152.28,435.02,197.84
2806,1079,7,0.89939,191.29,180.56,279.37,233.95
2807,1079,5,0.00101,479.68,52.89,484.0,86.92
2808,1081,13,0.81182,198.39,172.37,226.85,199.29
2809,1081,12,0.75024,310.61,182.32,341.4,205.0
2810,1081,1,0.70868,237.16,141.61,270.41,170.7
2811,1081,3,0.63867,257.68,162.68,322.48,194.2
2812,1081,3,0.23008,226.61,189.81,265.48,205.0
2813,1081,3,0.03451,223.73,192.57,270.38,205.0
2814,1081,0,0.00393,229.88,191.85,260.62,205.0
2815,1081,3,0.00347,250.0,147.36,324.71,193.95
2816,1081,3,0.00304,221.16,174.09,276.22,205.0
2817,1081,3,0.00285,224.14,200.34,290.27,205.0
2818,1081,3,0.00208,194.06,188.25,269.09,205.0
2819,1081,3,0.00196,225.63,186.49,278.64,205.0
2820,1081,3,0.00127,229.32,192.74,259.58,205.0
2821,1083,2,0.89464,194.49,79.36,215.12,107.46
2822,1083,2,0.87663,285.99,25.6,304.48,50.29
2823,1083,2,0.86889,177.58,38.12,196.97,63.32
2824,1083,2,0.85745,306.45,82.37,327.64,109.71
2825,1085,10,0.71777,272.22,38.06,284.53,50.74
2826,1085,11,0.70481,348.65,39.91,364.09,52.75
2827,1085,10,0.67946,348.39,39.72,364.0,52.78
2828,1085,11,0.56216,331.14,34.2,344.58,47.21
2829,1085,11,0.55015,271.93,38.13,284.68,50.77
2830,1085,11,0.47662,297.02,39.92,309.2,52.44
2831,1085,11,0.30079,262.41,28.64,276.03,41.74
2832,1085,10,0.00262,234.69,35.43,247.79,48.47
2833,1085,6,0.00218,26.91,107.33,50.78,128.69
2834,1085,11,0.00197,234.88,35.3,247.42,48.45
2835,1086,7,0.86538,91.13,129.51,116.2,149.26
2836,1086,2,0.86184,29.37,102.51,59.17,125.09
2837,1087,2,0.89036,385.54,194.5,422.6,236.09
2838,1087,7,0.83654,373.87,156.19,404.0,179.4
2839,1093,15,0.84748,374.19,74.97,401.81,100.25
2840,1093,15,0.8125,372.92,39.28,392.5,54.53
2841,1093,7,0.80757,307.19,59.74,327.62,75.91
2842,1093,7,0.09406,413.14,18.05,423.76,36.09
2843,1093,15,0.04859,344.99,47.48,355.64,57.61
2844,1093,15,0.00419,463.56,115.2,482.0,139.54
2845,1093,15,0.00224,478.61,116.33,482.0,142.98
2846,1093,15,0.00218,413.17,17.99,423.82,36.37
2847,1093,15,0.00131,472.25,118.61,482.0,146.08
2848,1095,6,0.34685,212.51,36.73,229.44,52.36
2849,1095,6,0.0708,314.33,144.03,339.3,172.13
2850,1096,14,0.86126,99.55,156.32,130.11,252.74
2851,1096,14,0.83348,169.42,149.17,197.02,241.33
2852,1096,5,0.82915,369.13,151.75,499.13,211.37
2853,1096,5,0.82373,213.58,163.54,341.34,215.21
2854,1096,14,0.44106,464.85,125.09,499.33,216.45
2855,1096,5,0.00223,245.2,75.98,264.03,87.86
2856,1096,5,0.00195,491.9,157.77,500.0,215.57
2857,1096,5,0.00151,489.05,144.92,500.0,220.34
2858,1098,9,0.77884,353.32,119.08,374.36,138.87
2859,1098,9,0.50603,288.63,104.73,309.83,127.54
2860,1098,9,0.31784,375.81,53.75,398.91,73.31
2861,1098,9,0.2451,429.52,137.04,455.31,159.55
2862,1098,17,0.1828,288.57,105.37,309.82,127.45
2863,1098,9,0.01068,345.48,202.93,366.3,223.67
2864,1098,2,0.00661,345.51,202.93,366.38,223.7
2865,1098,2,0.00123,429.35,137.14,455.18,159.57
2866,1100,12,0.90814,340.58,7.13,372.26,35.45
2867,1100,0,0.90472,158.86,105.42,194.86,140.86
2868,1100,0,0.90454,340.97,54.94,375.94,90.21
2869,1100,12,0.89592,233.34,16.63,263.4,44.12
2870,1100,3,0.8896,414.55,43.92,473.56,84.86
2871,1100,3,0.88803,185.18,169.24,269.53,213.17
2872,1100,13,0.88282,251.63,92.97,285.45,126.04
2873,1100,4,0.88269,232.69,54.28,304.95,81.44
2874,1100,1,0.8628,292.83,117.95,330.24,155.08
2875,1100,13,0.01793,233.07,16.62,263.71,44.25
2876,1100,1,0.00447,471.01,119.32,474.0,146.42
2877,1100,1,0.00247,470.65,115.02,474.0,158.23
2878,1103,7,0.83884,293.06,42.76,326.9,73.65
2879,1103,7,0.78697,402.91,45.55,440.37,76.36
2880,1103,2,0.01492,232.72,10.52,257.63,33.37
2881,1103,2,0.00619,197.19,22.96,219.83,42.65
2882,1103,17,0.00276,285.71,152.3,311.19,180.45
2883,1103,17,0.00114,232.54,10.69,257.66,35.04
2884,1103,2,0.00102,324.86,125.37,350.19,149.18
2885,1106,10,0.87982,187.5,160.37,203.3,175.73
2886,1106,10,0.87249,124.61,164.36,143.69,179.82
2887,1106,9,0.84317,60.65,132.88,77.05,148.84
2888,1106,9,0.80458,110.25,134.54,128.19,148.24
2889,1106,17,0.6213,63.02,99.36,75.69,111.23
2890,1106,9,0.14697,62.87,99.26,75.66,111.1
2891,1110,14,0.86099,28.56,133.82,56.73,217.54
2892,1110,5,0.84199,365.32,148.06,485.44,204.15
2893,1110,5,0.80216,193.74,145.6,321.52,198.72
2894,1110,14,0.75284,323.43,110.43,380.99,250.29
2895,1110,5,0.33073,476.18,124.24,500.0,206.92
2896,1110,5,0.02298,365.36,133.81,412.87,185.61
2897,1110,5,0.0177,366.73,133.4,413.37,152.26
2898,1110,5,0.00709,108.7,155.52,171.31,191.2
2899,1110,5,0.00196,444.19,118.91,500.0,203.24
2900,1110,8,0.00192,20.24,135.3,74.86,213.32
2901,1113,7,0.8213,199.41,152.36,229.62,175.69
2902,1117,7,0.88565,381.51,180.15,420.3,209.97
2903,1117,7,0.86528,262.6,177.02,288.64,203.75
2904,1117,7,0.00219,263.54,190.0,287.75,203.64
2905,1122,14,0.87612,334.23,58.53,372.54,91.79
2906,1122,8,0.82188,327.56,85.23,373.65,148.48
2907,1122,16,0.8137,53.22,111.35,74.36,138.65
2908,1122,16,0.8019,30.55,112.33,52.83,140.16
2909,1122,16,0.79588,73.57,109.95,93.65,135.52
2910,1122,16,0.78874,7.05,111.5,30.0,141.02
2911,1122,16,0.72432,93.95,108.13,112.78,133.02
2912,1122,14,0.68922,368.21,67.69,392.17,93.98
2913,1122,16,0.62377,0.0,114.43,5.37,143.46
2914,1122,16,0.47118,112.03,107.47,128.18,130.95
2915,1122,8,0.27073,334.37,85.16,393.2,134.67
2916,1122,8,0.19945,361.59,85.47,392.55,132.25
2917,1122,16,0.16116,126.92,106.96,141.59,129.35
2918,1122,16,0.12079,140.3,106.08,155.88,127.7
2919,1122,16,0.11309,166.04,104.4,179.95,124.0
2920,1122,16,0.06125,0.02,124.48,4.27,147.63
2921,1122,16,0.05621,178.81,103.47,191.46,122.18
2922,1122,16,0.04658,150.68,105.41,169.69,125.22
2923,1122,8,0.0358,336.45,85.18,373.26,116.13
2924,1122,16,0.03082,189.8,102.9,200.99,121.66
2925,1122,16,0.03056,277.28,95.43,286.86,105.05
2926,1122,16,0.02969,208.75,102.18,220.03,118.35
2927,1122,16,0.02611,144.09,105.3,165.2,126.34
2928,1122,16,0.02306,127.65,105.93,152.87,128.24
2929,1122,16,0.01951,234.15,101.37,243.98,116.29
2930,1122,16,0.01887,0.0,119.06,6.29,149.96
2931,1122,16,0.01542,199.65,101.82,210.35,118.67
2932,1122,16,0.01336,0.0,117.61,4.07,167.47
2933,1122,16,0.01247,166.89,103.61,189.02,123.18
2934,1122,16,0.01099,226.32,101.42,235.69,116.0
2935,1122,16,0.00785,218.47,101.47,228.06,116.68
2936,1122,16,0.00722,203.67,101.13,218.67,118.19
2937,1122,16,0.0047,191.41,101.58,209.6,118.21
2938,1122,16,0.00343,210.63,101.93,225.66,117.52
2939,1122,16,0.0033,231.14,101.63,240.88,116.33
2940,1122,16,0.00318,6.63,112.35,17.74,134.6
2941,1122,16,0.00314,240.31,95.08,249.77,104.0
2942,1122,16,0.00304,221.95,101.62,234.97,116.63
2943,1122,16,0.00283,0.04,110.71,6.92,136.95
2944,1122,16,0.00283,0.0,114.79,6.77,164.84
2945,1122,16,0.00267,215.29,99.17,233.31,116.6
2946,1122,16,0.00248,37.78,112.04,53.39,131.8
2947,1122,14,0.00229,347.54,58.44,384.91,78.92
2948,1122,16,0.00198,15.55,111.77,30.6,132.52
2949,1122,14,0.00134,238.53,74.08,250.5,103.84
2950,1122,16,0.00107,484.02,124.61,488.0,169.83
2951,1123,15,0.89749,145.92,90.62,166.17,108.23
2952,1123,15,0.87876,50.16,75.73,70.73,93.96
2953,1123,15,0.00153,285.13,21.79,291.22,30.82
2954,1123,15,0.00112,211.8,0.26,228.82,15.23
2955,1124,15,0.86454,79.0,12.6,100.5,36.89
2956,1124,15,0.8621,147.12,12.84,168.86,39.45
2957,1127,13,0.87302,358.24,139.58,399.18,181.04
2958,1127,4,0.86439,217.58,105.13,316.0,158.64
2959,1127,1,0.8298,361.29,31.77,398.64,71.76
2960,1127,7,0.00279,0.01,206.47,41.5,252.12
2961,1133,9,0.91638,327.13,82.66,348.89,103.84
2962,1133,10,0.901,302.28,164.74,326.18,186.5
2963,1133,10,0.89989,439.1,119.97,463.55,140.57
2964,1133,17,0.89307,391.38,138.63,411.06,157.69
2965,1133,9,0.84942,389.47,62.35,412.66,82.45
2966,1133,11,0.84631,290.05,39.05,310.26,58.22
2967,1133,17,0.65555,355.1,154.72,374.06,174.19
2968,1133,9,0.51141,355.01,154.74,374.02,174.01
2969,1134,7,0.86283,291.75,200.98,319.14,222.32
2970,1134,7,0.83566,351.2,130.31,376.34,150.56
2971,1134,17,0.00294,344.25,181.53,359.48,196.25
2972,1135,14,0.8452,362.32,137.65,381.68,184.46
2973,1135,5,0.62671,59.01,154.34,76.44,168.18
2974,1135,5,0.53066,0.0,158.05,10.64,177.89
2975,1135,5,0.05269,0.0,156.58,17.87,170.51
2976,1135,14,0.03755,260.93,142.44,274.35,174.42
2977,1135,5,0.0221,23.49,153.51,48.16,173.5
2978,1135,5,0.02072,0.75,150.92,27.69,171.98
2979,1135,14,0.01762,107.61,154.75,117.55,168.12
2980,1135,5,0.01173,0.08,155.31,25.6,167.44
2981,1135,5,0.00467,147.96,183.69,250.21,240.66
2982,1135,5,0.0045,38.66,155.12,59.86,170.75
2983,1135,14,0.004,259.39,142.25,269.8,169.53
2984,1135,5,0.004,85.12,151.03,100.86,165.5
2985,1135,14,0.00236,362.63,137.09,378.17,153.75
2986,1135,5,0.00174,0.4,158.09,17.64,177.55
2987,1135,5,0.00155,456.61,152.52,499.0,218.06
2988,1135,5,0.00134,88.97,150.11,110.97,163.1
2989,1135,5,0.00126,0.0,161.36,11.77,198.7
2990,1135,5,0.00125,24.97,154.28,59.0,171.44
2991,1135,14,0.00123,104.71,153.42,116.38,167.24
2992,1138,14,0.74463,271.43,144.92,283.99,172.04
2993,1138,14,0.7434,309.89,138.85,323.16,162.95
2994,1138,14,0.73866,228.32,155.65,240.54,180.18
2995,1138,14,0.32234,299.14,150.88,309.71,164.47
2996,1138,14,0.26418,288.65,138.36,303.03,152.62
2997,1138,14,0.17664,284.57,129.81,301.25,145.28
2998,1138,14,0.04951,213.39,163.48,223.64,182.75
2999,1138,14,0.00826,294.63,141.05,307.25,154.57
3000,1138,14,0.00629,289.93,140.28,305.24,155.65
3001,1138,14,0.00406,298.32,143.96,308.66,156.71
3002,1138,14,0.00343,209.57,157.43,223.9,183.06
3003,1138,14,0.00331,255.33,146.54,271.53,175.08
3004,1138,14,0.00306,283.83,140.37,299.3,155.04
3005,1138,14,0.00276,463.8,103.32,478.55,125.94
3006,1138,14,0.00211,349.52,140.97,357.82,153.64
3007,1138,14,0.0018,322.17,140.45,330.21,159.81
3008,1138,14,0.00157,499.65,102.26,505.0,123.08
3009,1138,14,0.00154,306.26,136.48,319.04,150.06
3010,1138,14,0.0014,216.14,158.61,226.45,182.44
3011,1138,14,0.00136,283.03,129.41,297.55,142.72
3012,1138,14,0.00121,248.1,147.62,258.27,174.47
3013,1138,14,0.00111,304.65,140.19,317.46,159.38
3014,1138,14,0.00107,297.83,141.77,308.3,153.35
3015,1138,14,0.00105,211.22,169.72,221.53,183.98
3016,1138,14,0.00101,222.47,155.15,236.64,180.21
3017,1138,14,0.00101,496.11,100.77,505.0,123.48
3018,1138,14,0.00101,289.41,130.94,303.91,147.2
3019,1139,2,0.831,62.0,55.5,82.06,84.46
3020,1139,2,0.00645,19.54,71.23,35.37,93.28
3021,1144,14,0.89616,226.81,164.21,260.71,235.74
3022,1144,8,0.86437,446.29,160.45,495.0,248.06
3023,1144,14,0.85181,144.24,144.5,183.53,239.43
3024,1144,14,0.83092,347.8,140.52,390.95,239.09
3025,1144,14,0.69917,290.51,152.98,320.69,237.09
3026,1144,14,0.63667,78.64,177.67,109.9,236.52
3027,1144,15,0.0125,0.02,50.25,15.64,93.79
3028,1144,14,0.00144,489.29,153.19,495.0,235.29
3029,1144,14,0.00123,471.71,156.79,495.0,236.41
3030,1148,16,0.89045,258.75,61.42,325.41,136.99
3031,1148,8,0.82739,418.75,0.53,496.78,92.42
3032,1148,16,0.03363,357.21,97.78,459.91,224.59
3033,1148,5,0.01694,357.44,97.58,460.33,235.26
3034,1148,8,0.00166,0.0,2.41,33.62,110.15
3035,1150,14,0.8671,226.71,89.04,255.42,175.73
3036,1150,14,0.82403,407.34,98.37,446.39,193.03
3037,1150,14,0.80672,296.69,95.48,323.73,181.84
3038,1150,14,0.80536,270.28,93.58,299.68,175.32
3039,1150,14,0.70753,316.6,94.82,363.0,194.85
3040,1151,2,0.88158,399.67,85.27,430.1,123.5
3041,1151,2,0.8021,303.66,57.6,333.56,77.91
3042,1151,2,0.37552,398.73,37.65,415.29,52.84
3043,1151,17,0.30773,398.63,37.68,415.1,52.75
3044,1151,2,0.00268,304.06,57.02,346.42,85.75
3045,1152,10,0.8661,313.92,115.89,342.86,142.03
3046,1152,10,0.85953,267.18,68.85,289.78,92.64
3047,1152,11,0.36836,350.24,69.19,378.8,95.9
3048,1152,9,0.35351,350.28,69.87,378.95,95.65
3049,1152,11,0.11138,252.56,117.59,280.4,141.04
3050,1152,16,0.03711,252.77,117.65,280.43,141.0
3051,1152,9,0.00157,252.47,117.55,280.26,141.91
3052,1153,14,0.87139,45.26,148.95,73.62,233.1
3053,1153,5,0.84185,367.74,161.51,497.72,217.68
3054,1153,14,0.83493,88.08,146.29,144.25,255.19
3055,1153,5,0.83424,207.24,159.83,331.15,212.63
3056,1153,14,0.79355,313.72,142.26,376.76,255.66
3057,1153,8,0.4131,144.24,168.88,180.97,203.3
3058,1153,5,0.09486,347.54,147.31,429.06,194.84
3059,1153,14,0.02146,0.04,153.26,5.48,236.83
3060,1153,5,0.01301,493.46,168.14,500.0,218.76
3061,1153,14,0.01108,0.0,167.71,4.49,225.53
3062,1153,5,0.00808,485.15,174.39,500.0,223.46
3063,1153,5,0.0039,495.0,171.6,500.0,231.66
3064,1153,5,0.00291,316.32,147.07,427.08,182.23
3065,1153,14,0.00185,0.0,163.41,7.53,227.9
3066,1153,8,0.00159,37.67,150.78,88.45,229.82
3067,1153,14,0.0012,0.0,165.13,4.78,200.34
3068,1153,5,0.00119,489.47,165.98,500.0,242.84
3069,1155,15,0.89505,289.02,50.08,308.43,68.9
3070,1155,15,0.88113,252.93,59.02,273.0,76.85
3071,1155,15,0.00531,355.8,36.4,367.96,49.48
3072,1156,9,0.8056,360.44,111.6,381.05,125.79
3073,1156,17,0.70672,400.83,168.31,421.22,188.08
3074,1156,11,0.70003,268.5,85.86,288.82,103.39
3075,1156,10,0.45038,400.9,168.38,421.15,188.03
3076,1156,9,0.28274,280.29,155.95,304.91,173.63
3077,1156,10,0.26684,268.54,85.85,288.87,103.37
3078,1156,17,0.00459,420.56,116.68,446.49,139.35
3079,1156,0,0.0041,199.13,110.6,223.94,132.99
3080,1156,9,0.00369,268.54,85.89,288.83,103.14
3081,1157,17,0.84575,275.16,80.83,297.96,103.3
3082,1157,17,0.59434,400.93,20.19,420.56,40.52
3083,1157,14,0.0047,0.0,0.4,75.29,48.81
3084,1157,8,0.0029,228.42,0.71,342.23,48.11
3085,1157,2,0.00126,358.96,54.74,397.15,96.74
3086,1157,7,0.00106,0.16,158.01,60.75,237.37
3087,1161,5,0.75548,198.01,105.23,444.72,199.92
3088,1161,14,0.21735,22.84,132.6,32.01,154.47
3089,1161,14,0.03489,35.91,128.4,45.72,151.82
3090,1161,14,0.00535,24.72,132.13,34.97,154.34
3091,1161,14,0.0034,0.0,127.44,5.11,165.32
3092,1161,14,0.00174,0.0,99.64,4.36,151.49
3093,1161,14,0.00149,0.0,127.76,4.12,155.61
3094,1161,14,0.0013,0.0,122.2,7.84,176.81
3095,1161,14,0.00123,16.47,134.78,24.15,153.41
3096,1163,9,0.88431,161.17,70.01,176.46,87.52
3097,1163,9,0.87014,145.38,100.87,160.38,119.35
3098,1163,10,0.86802,249.94,43.56,263.89,57.43
3099,1163,10,0.86672,230.19,79.72,247.4,95.84
3100,1163,17,0.81556,70.55,80.27,84.56,93.3
3101,1163,17,0.00999,145.4,100.97,160.36,119.34
3102,1163,14,0.00148,20.58,120.22,33.19,150.62
3103,1163,17,0.00112,160.98,70.14,176.3,87.99
3104,1171,14,0.73047,289.54,120.5,306.39,137.44
3105,1171,14,0.70041,313.81,128.38,327.87,153.01
3106,1171,14,0.70014,275.03,137.33,288.34,162.09
3107,1171,14,0.6509,243.33,145.27,255.7,167.17
3108,1171,14,0.47273,246.5,148.49,256.4,166.62
3109,1171,14,0.45831,303.65,138.56,315.7,156.05
3110,1171,14,0.07429,354.77,130.82,365.44,144.88
3111,1171,14,0.02026,498.93,92.51,505.0,115.86
3112,1171,14,0.02002,313.14,125.65,325.99,139.14
3113,1171,14,0.01156,494.58,92.05,504.89,114.89
3114,1171,14,0.00888,275.29,132.67,286.54,149.45
3115,1171,14,0.00762,218.11,155.89,226.22,173.05
3116,1171,14,0.00463,303.3,127.75,312.72,140.83
3117,1171,14,0.0045,266.66,137.45,276.82,163.43
3118,1171,14,0.00385,219.61,153.82,229.08,172.16
3119,1171,14,0.00317,215.32,159.88,225.33,174.02
3120,1171,14,0.00311,310.85,121.65,326.92,135.45
3121,1171,14,0.00283,274.67,124.81,286.15,143.38
3122,1171,14,0.00282,270.46,120.93,286.82,144.2
3123,1171,14,0.00278,300.04,135.58,311.65,144.85
3124,1171,14,0.00248,240.97,143.95,252.57,165.96
3125,1171,14,0.0021,306.3,136.29,315.42,153.56
3126,1171,14,0.00186,304.1,133.88,312.59,142.89
3127,1171,14,0.00172,303.33,121.59,318.57,138.99
3128,1171,14,0.00168,268.79,136.15,280.13,162.92
3129,1171,14,0.00168,214.04,156.57,228.63,174.92
3130,1171,14,0.00157,314.47,123.41,329.46,138.17
3131,1171,14,0.00154,269.03,119.56,285.99,135.73
3132,1171,14,0.00148,263.26,130.06,275.77,162.88
3133,1171,14,0.00128,315.79,118.9,331.22,131.88
3134,1171,14,0.00102,206.94,156.51,225.26,175.74
3135,1171,14,0.001,252.28,146.96,261.13,167.07
3136,1172,15,0.82485,326.21,172.94,351.66,196.98
3137,1172,15,0.79448,355.95,139.89,374.97,155.4
3138,1172,7,0.73705,280.79,151.96,298.75,165.47
3139,1172,15,0.00907,322.77,143.36,335.79,153.95
3140,1172,7,0.00654,404.78,123.69,417.59,141.89
3141,1172,6,0.00256,353.18,18.41,441.77,166.52
3142,1174,14,0.87106,244.28,38.96,277.02,127.08
3143,1174,14,0.85251,171.11,37.79,204.12,132.22
3144,1174,14,0.84309,99.44,18.13,138.06,132.83
3145,1174,14,0.79232,155.51,77.66,169.06,117.43
3146,1174,14,0.67933,301.68,104.93,319.15,128.2
3147,1174,14,0.20861,64.8,90.99,75.37,113.29
3148,1174,14,0.14664,99.9,77.78,122.52,129.5
3149,1174,14,0.01013,474.94,93.74,492.74,121.83
3150,1174,8,0.00801,197.17,93.54,211.53,112.88
3151,1174,8,0.00161,197.27,90.57,219.13,114.1
3152,1174,14,0.00111,0.01,71.71,4.95,115.18
3153,1175,11,0.78571,297.5,200.28,338.63,235.73
3154,1175,11,0.71611,430.42,99.57,464.24,126.16
3155,1175,10,0.55778,283.15,107.6,315.11,135.39
3156,1175,10,0.10549,436.48,161.8,476.37,192.86
3157,1175,11,0.07654,436.53,161.87,476.37,192.81
3158,1175,9,0.01343,283.39,107.32,315.3,136.07
3159,1175,9,0.0083,436.91,161.88,476.44,192.99
3160,1177,2,0.87996,55.58,76.19,81.21,108.15
3161,1177,2,0.85734,134.84,21.54,155.43,50.31
3162,1178,5,0.85575,0.0,6.92,23.23,53.03
3163,1178,8,0.83707,408.32,0.0,488.26,39.57
3164,1178,8,0.65882,318.82,0.36,343.21,19.49
3165,1178,8,0.59153,288.03,0.42,312.16,21.88
3166,1178,14,0.49963,212.52,0.19,224.58,13.89
3167,1178,14,0.48276,176.99,0.74,186.45,13.16
3168,1178,14,0.45066,150.43,1.95,163.36,19.9
3169,1178,8,0.2994,367.4,0.16,401.54,14.17
3170,1178,14,0.26413,188.72,0.69,204.31,11.94
3171,1178,14,0.18053,213.25,0.0,234.45,13.95
3172,1178,8,0.1653,474.93,0.33,493.0,42.34
3173,1178,14,0.11676,217.3,0.0,235.82,9.22
3174,1178,14,0.09425,140.85,1.09,157.24,18.32
3175,1178,14,0.0648,155.99,1.49,166.13,17.95
3176,1178,14,0.06241,192.2,0.59,218.72,12.49
3177,1178,8,0.0614,374.54,0.12,410.42,15.63
3178,1178,14,0.05353,169.4,0.67,186.39,14.01
3179,1178,14,0.04193,144.82,1.02,162.05,19.52
3180,1178,14,0.03285,183.91,0.79,196.44,12.68
3181,1178,14,0.0326,139.37,1.01,150.48,17.23
3182,1178,14,0.03005,220.84,0.6,238.33,11.33
3183,1178,8,0.02897,233.04,0.03,242.96,7.03
3184,1178,8,0.02651,294.29,0.3,322.56,21.67
3185,1178,8,0.02624,33.57,25.75,55.23,47.8
3186,1178,8,0.02534,315.55,0.35,329.23,20.59
3187,1178,8,0.02428,367.22,0.0,388.74,14.84
3188,1178,8,0.0232,471.24,0.0,493.0,26.77
3189,1178,8,0.02242,456.89,0.13,486.73,25.48
3190,1178,14,0.02105,213.4,0.0,227.45,10.87
3191,1178,14,0.01954,158.27,1.58,169.35,13.17
3192,1178,8,0.01705,301.21,0.52,329.72,20.34
3193,1178,8,0.01577,307.1,1.02,317.84,21.95
3194,1178,14,0.01518,137.7,1.03,153.8,14.12
3195,1178,8,0.01461,478.02,0.0,493.0,23.92
3196,1178,8,0.01373,482.08,0.0,493.0,8.96
3197,1178,14,0.01101,275.16,0.0,298.32,15.72
3198,1178,8,0.01002,452.94,0.02,492.25,39.24
3199,1178,14,0.009,191.04,0.6,208.98,13.22
3200,1178,14,0.00874,181.78,2.74,188.7,14.7
3201,1178,14,0.00836,179.0,0.44,188.37,11.12
3202,1178,8,0.00803,367.19,0.0,385.47,8.93
3203,1178,8,0.00782,485.61,0.0,493.0,10.69
3204,1178,14,0.00667,188.66,0.25,199.76,9.77
3205,1178,14,0.00658,223.17,0.03,236.59,8.08
3206,1178,14,0.00625,198.45,0.28,221.67,10.33
3207,1178,14,0.00602,275.25,0.0,287.23,15.09
3208,1178,14,0.00556,343.48,1.23,354.02,19.81
3209,1178,14,0.00478,136.81,0.44,147.19,15.81
3210,1178,14,0.00432,286.75,0.02,307.81,20.82
3211,1178,14,0.00366,227.22,0.46,241.15,11.24
3212,1178,8,0.00363,303.68,0.31,326.47,15.21
3213,1178,8,0.00328,228.73,0.13,242.75,8.75
3214,1178,8,0.00313,298.45,0.3,325.96,9.87
3215,1178,14,0.00293,272.85,0.0,282.68,15.29
3216,1178,8,0.00285,277.65,0.29,297.47,17.16
3217,1178,8,0.00282,188.63,0.32,203.52,12.1
3218,1178,14,0.00237,187.29,1.42,198.18,14.35
3219,1178,14,0.00217,151.52,2.39,171.56,19.36
3220,1178,8,0.00192,462.16,0.0,486.36,9.72
3221,1178,8,0.00185,441.88,0.0,480.53,38.11
3222,1178,8,0.00183,235.2,0.0,250.85,5.78
3223,1178,8,0.00181,425.25,0.21,449.32,13.02
3224,1178,8,0.00174,488.18,0.0,493.0,1.7
3225,1178,14,0.00173,286.42,0.04,301.04,18.52
3226,1178,8,0.00167,429.69,0.12,448.48,7.62
3227,1178,8,0.00166,472.93,0.0,493.0,10.92
3228,1178,14,0.00156,158.02,0.5,166.79,6.92
3229,1178,8,0.00143,482.17,0.0,493.0,45.23
3230,1178,8,0.00141,190.47,0.35,209.46,10.64
3231,1178,8,0.0014,29.69,18.87,53.98,49.43
3232,1178,8,0.0014,343.28,1.32,355.01,18.92
3233,1178,8,0.00123,321.92,0.01,342.16,11.15
3234,1178,8,0.00115,469.27,0.0,491.95,11.84
3235,1178,8,0.00109,364.28,0.0,377.79,5.11
3236,1178,8,0.00106,321.05,0.09,335.64,5.69
3237,1178,5,0.001,0.0,7.24,12.58,46.34
3238,1179,15,0.89089,296.36,20.81,315.85,40.19
3239,1179,14,0.002,468.88,104.14,504.0,228.17
3240,1179,14,0.00132,0.0,39.53,6.3,125.09
3241,1180,2,0.85454,377.96,136.81,390.92,155.36
3242,1180,2,0.85216,388.64,107.83,400.27,124.59
3243,1180,2,0.8472,332.24,116.3,345.18,133.03
3244,1180,2,0.82937,428.31,119.72,440.03,136.95
3245,1182,15,0.88056,52.19,80.9,71.22,97.18
3246,1182,15,0.87557,76.19,77.24,92.98,91.74
3247,1184,15,0.93309,177.55,156.64,214.3,199.95
3248,1184,15,0.91721,48.06,156.18,101.08,214.54
3249,1186,0,0.85097,282.01,52.4,327.6,92.89
3250,1186,0,0.50182,377.06,40.75,416.22,79.24
3251,1186,1,0.247,377.36,41.0,416.43,79.34
3252,1186,2,0.00156,377.37,41.16,416.17,78.92
3253,1186,10,0.00104,377.28,41.12,416.13,79.09
3254,1189,10,0.89459,305.58,107.61,334.71,131.15
3255,1189,17,0.87526,51.64,89.15,73.46,110.56
3256,1189,9,0.84766,178.65,46.79,207.91,67.75
3257,1189,9,0.75021,171.77,150.33,201.1,173.45
3258,1191,15,0.74401,113.02,1.03,188.1,69.83
3259,1191,6,0.02089,489.79,172.45,499.99,213.4
3260,1191,15,0.01655,142.53,1.29,187.66,69.02
3261,1191,6,0.01392,482.33,168.63,500.0,211.41
3262,1191,15,0.00938,112.82,3.4,160.63,72.55
3263,1191,6,0.00124,393.64,90.89,447.25,206.65
3264,1193,15,0.88617,392.03,73.41,421.45,104.86
3265,1193,6,0.87759,283.7,61.86,323.64,115.04
3266,1193,2,0.79617,295.47,38.26,314.28,58.92
3267,1193,2,0.78338,183.45,84.64,205.41,106.02
3268,1193,6,0.00794,294.19,61.94,320.37,76.88
3269,1200,2,0.85239,295.41,180.19,311.8,201.36
3270,1200,2,0.83429,248.15,162.49,263.31,183.44
3271,1201,7,0.74988,170.85,55.98,189.25,73.26
3272,1201,7,0.00217,65.31,62.44,82.13,77.7
3273,1203,14,0.52332,32.32,61.96,51.7,97.72
3274,1203,0,0.17842,281.0,172.65,299.1,190.19
3275,1203,14,0.0534,459.97,120.63,471.0,176.65
3276,1203,14,0.00263,208.22,83.44,222.34,114.97
3277,1207,10,0.86241,422.21,91.55,435.92,103.29
3278,1207,10,0.86191,336.34,102.17,351.13,114.22
3279,1207,11,0.8552,408.24,138.02,420.9,150.9
3280,1207,9,0.85081,354.52,123.04,370.98,135.82
3281,1207,17,0.82961,365.94,102.62,377.76,114.04
3282,1207,9,0.67922,392.05,104.4,403.61,115.59
3283,1207,9,0.58036,398.11,120.66,410.74,133.24
3284,1207,17,0.46921,398.23,120.83,410.63,133.32
3285,1207,17,0.25739,392.09,104.63,403.51,115.7
3286,1211,14,0.36191,258.59,0.13,301.57,42.58
3287,1212,14,0.83657,161.69,115.94,203.33,213.16
3288,1212,14,0.77304,255.41,139.0,284.68,209.78
3289,1212,14,0.76067,380.09,132.08,406.25,230.94
3290,1212,14,0.74817,326.37,137.9,352.33,222.98
3291,1212,14,0.67482,210.62,111.69,235.32,216.94
3292,1212,14,0.28239,195.06,151.89,218.15,220.13
3293,1212,14,0.23945,205.31,111.22,250.9,223.05
3294,1212,14,0.03522,187.73,112.1,220.65,220.07
3295,1212,5,0.01214,397.34,179.62,472.2,223.19
3296,1212,14,0.00789,194.07,110.77,233.55,219.97
3297,1212,5,0.00337,21.86,138.89,130.84,193.09
3298,1212,5,0.00238,1.19,113.89,152.5,194.96
3299,1212,5,0.00162,122.91,80.07,138.66,94.87
3300,1212,14,0.00142,381.09,166.7,403.9,228.58
3301,1212,5,0.0012,466.93,148.77,499.52,160.96
3302,1212,5,0.00114,29.16,92.1,51.57,100.71
3303,1212,5,0.00102,0.0,159.41,5.76,195.15
3304,1214,17,0.82812,321.47,126.62,344.32,149.69
3305,1214,17,0.78953,317.02,184.42,340.52,208.38
3306,1214,9,0.53797,321.42,126.81,344.31,149.0
3307,1214,9,0.5039,329.09,65.99,351.2,91.75
3308,1214,9,0.0359,243.56,130.35,262.59,145.77
3309,1214,2,0.02344,243.44,130.4,273.0,153.57
3310,1214,9,0.01427,417.2,108.24,440.91,131.83
3311,1214,2,0.01327,243.48,130.31,268.85,146.27
3312,1214,9,0.00315,317.02,184.25,340.09,208.24
3313,1216,2,0.88624,59.59,33.88,84.9,56.55
3314,1216,2,0.86237,91.63,73.14,112.27,95.09
3315,1216,2,0.86022,240.81,86.44,261.08,107.95
3316,1216,2,0.84216,179.42,19.37,198.43,44.16
3317,1218,8,0.85242,32.1,0.25,123.02,64.95
3318,1218,8,0.72719,363.04,0.33,440.49,29.16
3319,1218,14,0.48534,15.1,1.61,27.06,34.0
3320,1218,8,0.3972,85.59,1.06,123.96,59.58
3321,1218,8,0.00378,242.73,2.35,332.69,40.29
3322,1218,8,0.00353,207.53,0.88,276.0,41.0
3323,1218,14,0.00206,160.12,2.3,171.25,42.37
3324,1218,8,0.00192,302.02,2.13,413.0,56.13
3325,1218,8,0.00168,307.02,1.17,437.34,34.49
3326,1218,5,0.00163,78.2,179.78,271.44,226.35
3327,1218,8,0.00143,335.25,0.0,366.22,31.21
3328,1218,8,0.00138,321.28,0.0,387.07,31.03
3329,1218,8,0.00117,0.01,3.29,8.46,32.03
3330,1223,15,0.91533,249.18,166.31,280.91,200.36
3331,1223,15,0.91221,163.59,192.09,192.29,226.18
3332,1224,3,0.88481,102.48,107.46,151.46,166.59
3333,1224,3,0.86609,188.06,19.93,238.17,71.12
3334,1224,13,0.86113,65.24,36.84,107.09,78.89
3335,1224,1,0.85641,128.42,13.44,168.89,55.85
3336,1224,3,0.84768,147.22,79.98,228.92,114.8
3337,1224,5,0.00126,395.67,163.77,497.91,229.07
3338,1225,2,0.86117,419.09,127.09,432.67,143.37
3339,1225,2,0.84892,352.17,103.37,364.49,119.25
3340,1225,2,0.83581,338.7,121.27,351.95,138.08
3341,1225,2,0.81988,404.73,104.29,417.13,119.94
3342,1226,15,0.85025,184.41,103.73,217.34,132.59
3343,1226,15,0.84833,296.73,74.92,336.82,106.47
3344,1226,15,0.83386,202.42,30.5,229.76,56.19
3345,1230,5,0.18992,0.9,0.8,196.37,89.51
3346,1230,16,0.03055,296.79,66.19,382.7,147.85
3347,1230,5,0.01724,123.62,0.0,228.95,48.25
3348,1230,7,0.01478,143.12,0.0,193.3,46.06
3349,1230,8,0.0078,139.34,0.0,228.08,49.35
3350,1230,15,0.00256,296.65,67.08,382.08,145.82
3351,1230,5,0.00159,0.0,0.98,90.8,95.7
3352,1230,7,0.00106,40.77,0.01,169.4,78.39
3353,1230,7,0.00104,109.18,0.0,193.18,47.56
3354,1233,2,0.87499,245.02,87.92,265.37,114.17
3355,1233,2,0.85264,268.36,43.11,286.27,67.16
3356,1233,2,0.85063,153.88,27.49,171.41,51.19
3357,1233,2,0.84161,151.44,80.1,171.7,106.48
3358,1234,13,0.89029,219.46,146.59,272.64,198.48
3359,1234,4,0.88369,254.71,60.4,324.37,112.71
3360,1234,1,0.12727,445.33,171.08,482.0,230.96
3361,1234,6,0.06455,437.36,104.38,482.0,234.16
3362,1234,14,0.00593,394.25,31.75,482.0,226.85
3363,1234,14,0.00254,416.41,32.47,481.94,175.41
3364,1234,1,0.00119,472.89,165.58,482.0,238.09
3365,1237,12,0.8529,114.96,71.73,155.99,112.66
3366,1237,12,0.84452,226.82,48.43,265.82,87.08
3367,1237,13,0.83084,248.8,105.53,293.37,149.01
3368,1237,14,0.00827,499.29,39.04,504.0,110.15
3369,1237,14,0.00285,494.26,38.52,504.0,107.81
3370,1237,15,0.00262,249.78,105.04,294.92,149.24
3371,1241,9,0.89398,236.37,191.05,261.49,211.48
3372,1241,10,0.86863,391.87,131.49,413.06,153.66
3373,1241,9,0.83874,261.31,136.6,285.34,155.66
3374,1241,9,0.68781,149.12,178.48,169.68,197.52
3375,1241,10,0.00847,149.01,178.47,169.64,197.37
3376,1241,10,0.00192,236.41,190.87,261.6,211.46
3377,1245,11,0.86981,354.18,143.67,373.69,157.85
3378,1245,10,0.85953,306.02,173.39,321.58,190.67
3379,1245,10,0.85744,316.43,154.65,332.6,171.08
3380,1245,17,0.83354,416.38,171.78,430.71,186.66
3381,1245,11,0.83354,366.7,175.18,382.35,191.93
3382,1245,9,0.83163,366.24,203.61,385.96,220.24
3383,1245,17,0.83004,330.29,196.73,347.71,216.01
3384,1245,17,0.7021,409.77,190.37,423.95,205.56
3385,1245,9,0.11858,330.27,196.69,347.71,216.1
3386,1248,5,0.2841,38.55,96.48,60.39,109.87
3387,1248,5,0.25308,464.41,97.66,512.0,146.61
3388,1248,5,0.16202,0.08,106.22,17.78,127.76
3389,1248,5,0.11745,38.61,96.42,80.04,113.83
3390,1248,5,0.03228,0.0,104.31,14.44,117.34
3391,1248,5,0.02867,0.01,102.47,16.37,121.63
3392,1248,5,0.01451,476.73,97.66,512.0,124.76
3393,1248,5,0.01255,37.81,102.1,79.72,117.62
3394,1248,5,0.00669,0.0,92.38,14.24,111.06
3395,1248,14,0.00549,0.94,109.71,17.86,127.52
3396,1248,5,0.00408,0.03,100.44,12.83,114.17
3397,1248,5,0.00224,487.35,86.51,512.0,105.11
3398,1248,5,0.0019,0.25,95.69,20.03,112.99
3399,1248,5,0.00182,0.16,101.18,30.33,122.53
3400,1248,5,0.00158,40.77,105.4,77.29,120.57
3401,1248,5,0.00123,0.0,80.79,17.27,107.73
3402,1248,5,0.00111,487.45,82.5,512.0,120.45
3403,1250,10,0.89803,110.35,93.88,132.73,111.63
3404,1250,9,0.8934,256.77,83.7,279.56,101.76
3405,1250,10,0.8831,249.18,124.33,270.57,142.87
3406,1250,9,0.86813,200.84,73.14,219.05,90.02
3407,1250,17,0.85707,171.59,106.5,188.33,122.62
3408,1250,17,0.85231,211.3,110.63,228.58,127.17
3409,1250,11,0.83768,223.64,45.06,239.26,59.31
3410,1253,6,0.00226,482.74,98.27,490.0,128.13
3411,1254,10,0.90042,399.87,169.76,421.93,192.13
3412,1254,11,0.89516,228.77,185.83,252.6,206.84
3413,1254,9,0.88725,286.82,158.67,310.04,178.22
3414,1254,10,0.87993,310.22,56.16,329.38,78.85
3415,1254,17,0.87067,328.33,97.32,346.0,114.8
3416,1254,17,0.84952,352.4,135.99,370.11,153.17
3417,1254,17,0.84939,252.59,102.6,273.91,123.75
3418,1254,6,0.0014,498.18,113.32,506.0,138.29
3419,1255,2,0.86001,61.86,168.21,75.56,186.01
3420,1255,2,0.85289,78.26,151.56,90.77,167.71
3421,1255,2,0.84661,131.3,156.47,143.55,172.85
3422,1255,2,0.84535,144.26,179.88,157.07,196.96
3423,1255,2,0.00279,260.42,54.67,275.01,67.25
3424,1255,17,0.00262,260.54,54.84,274.85,67.51
3425,1256,5,0.82521,228.89,197.49,310.21,245.11
3426,1256,5,0.63428,124.09,162.72,145.96,175.92
3427,1256,5,0.0187,123.16,166.0,135.6,175.42
3428,1256,5,0.01341,136.2,164.25,146.24,174.81
3429,1256,5,0.01186,260.75,136.5,278.5,146.88
3430,1256,5,0.00348,122.5,168.42,132.19,176.59
3431,1256,5,0.00233,372.78,91.6,403.48,106.24
3432,1256,5,0.00207,367.03,133.52,401.81,145.28
3433,1256,5,0.00192,0.01,122.62,3.92,131.96
3434,1256,5,0.0019,253.71,119.55,279.04,147.66
3435,1256,5,0.00175,267.81,138.11,280.64,146.81
3436,1256,5,0.00152,476.48,1.33,486.91,7.33
3437,1256,5,0.00135,375.68,89.36,399.65,100.36
3438,1256,5,0.00125,412.63,66.38,460.11,87.31
3439,1256,5,0.00116,477.73,0.0,487.0,6.7
3440,1256,5,0.00103,123.41,162.42,134.49,172.89
3441,1256,5,0.00101,377.28,80.31,399.37,92.61
3442,1258,3,0.8929,142.98,72.73,197.24,136.93
3443,1258,13,0.86767,43.76,16.47,86.86,61.87
3444,1258,3,0.86424,161.71,26.68,238.9,70.86
3445,1258,3,0.44792,165.38,0.89,192.73,20.79
3446,1258,0,0.30328,88.36,0.94,127.69,18.85
3447,1258,13,0.27998,89.06,0.5,127.53,18.81
3448,1258,1,0.04396,88.42,0.53,128.62,18.64
3449,1258,3,0.00223,145.46,1.02,192.94,21.52
3450,1267,8,0.85092,419.99,1.61,485.93,166.11
3451,1267,8,0.57169,47.47,37.94,143.68,218.85
3452,1267,8,0.14022,75.56,38.31,146.11,150.3
3453,1267,8,0.13831,445.36,15.43,486.0,179.29
3454,1267,8,0.04854,405.81,0.0,486.0,64.7
3455,1267,14,0.02667,0.0,34.88,142.67,223.47
3456,1267,8,0.0141,400.46,0.0,485.93,103.3
3457,1267,8,0.0046,476.97,1.41,486.0,55.79
3458,1267,14,0.00252,478.32,77.11,486.0,164.88
3459,1267,8,0.00119,111.11,116.84,199.72,216.48
3460,1269,2,0.89803,83.34,45.43,118.73,85.19
3461,1269,7,0.86365,153.62,35.99,181.13,63.44
3462,1273,14,0.20814,320.48,114.93,340.72,162.26
3463,1273,14,0.00413,319.19,115.49,340.17,142.68
3464,1275,10,0.88983,259.7,113.17,277.72,128.11
3465,1275,9,0.8719,196.94,81.99,212.35,97.99
3466,1275,10,0.86315,321.67,109.16,337.33,124.25
3467,1275,17,0.79999,198.41,49.22,210.04,60.18
3468,1275,9,0.7869,245.01,83.61,262.27,96.87
3469,1275,17,0.02352,196.96,82.09,212.23,97.67
3470,1275,14,0.00228,491.11,82.07,502.96,126.07
3471,1278,4,0.91168,318.58,64.08,352.05,108.79
3472,1278,1,0.88126,253.73,118.55,280.94,144.77
3473,1278,13,0.86935,211.22,75.55,234.8,98.18
3474,1280,14,0.82501,228.96,137.29,244.37,175.06
3475,1280,14,0.81543,164.91,159.03,184.53,185.39
3476,1280,14,0.80175,189.11,143.72,204.71,182.75
3477,1280,14,0.44529,372.76,140.65,397.03,186.28
3478,1280,14,0.08467,277.9,129.96,304.72,180.84
3479,1280,14,0.01573,0.02,155.65,9.32,220.67
3480,1280,14,0.00789,210.89,140.92,234.78,177.2
3481,1280,14,0.00306,0.01,165.94,6.71,207.85
3482,1280,14,0.00247,188.62,143.55,216.86,182.7
3483,1280,14,0.00171,0.01,163.94,13.49,207.06
3484,1280,14,0.00118,0.03,154.55,19.48,214.16
3485,1281,10,0.89609,280.19,186.39,297.84,201.15
3486,1281,9,0.88566,366.23,185.77,383.18,200.36
3487,1281,10,0.87411,353.86,141.97,368.91,156.11
3488,1281,17,0.85309,311.39,175.96,325.69,189.64
3489,1281,11,0.85152,402.53,202.64,421.75,217.73
3490,1281,17,0.83798,334.98,168.38,348.55,181.66
3491,1281,17,0.51231,329.61,204.45,347.87,221.66
3492,1281,9,0.31232,329.55,204.46,347.78,221.66
3493,1284,2,0.87186,244.36,27.19,258.85,46.82
3494,1284,2,0.85485,296.42,49.61,311.9,70.45
3495,1284,2,0.84958,251.29,68.22,266.98,90.49
3496,1284,2,0.84541,168.26,47.19,183.9,68.22
3497,1285,4,0.86841,155.95,160.33,240.02,194.36
3498,1285,13,0.84805,308.39,70.25,342.52,102.13
3499,1285,0,0.78799,175.59,48.4,208.41,78.65
3500,1285,1,0.44482,175.65,48.13,208.72,78.45
3501,1288,2,0.88206,155.02,101.63,189.86,142.86
3502,1288,17,0.57897,237.91,70.96,256.45,89.61
3503,1288,17,0.50506,252.16,138.54,273.23,158.02
3504,1288,2,0.38178,251.93,138.35,273.3,158.18
3505,1288,2,0.23925,237.71,70.89,256.41,89.54
3506,1289,10,0.87116,235.42,165.57,248.91,176.7
3507,1289,11,0.86227,262.14,187.27,274.3,198.3
3508,1289,10,0.85281,255.8,173.86,268.01,184.78
3509,1289,17,0.83724,192.98,184.64,203.8,195.05
3510,1289,11,0.81303,216.71,178.19,231.86,189.78
3511,1289,17,0.76624,211.4,192.35,222.47,203.5
3512,1289,9,0.70626,188.54,170.68,200.22,181.31
3513,1289,9,0.5463,201.75,163.79,216.6,174.8
3514,1289,17,0.0864,188.85,170.79,200.45,181.56
3515,1289,11,0.00289,259.05,174.33,269.21,189.56
3516,1290,2,0.8627,72.18,31.98,92.86,62.83
3517,1291,4,0.90762,218.64,0.16,269.62,74.93
3518,1291,13,0.88077,399.22,77.96,454.82,131.55
3519,1291,1,0.82868,316.58,116.96,375.59,174.74
3520,1291,14,0.00913,0.01,0.0,21.06,85.61
3521,1291,14,0.0013,0.0,0.0,54.19,85.01
3522,1293,7,0.81167,328.63,183.79,346.52,201.57
3523,1293,7,0.62963,386.28,131.22,412.25,146.97
3524,1293,2,0.00915,488.74,181.97,492.0,214.62
3525,1293,2,0.00251,487.54,170.18,492.0,215.77
3526,1293,2,0.0019,487.67,191.98,492.0,214.46
3527,1293,2,0.00145,485.74,188.72,492.0,215.49
3528,1296,14,0.86516,158.94,118.45,191.48,183.86
3529,1296,8,0.8331,329.75,119.82,350.2,144.1
3530,1296,14,0.8251,437.52,76.57,489.55,174.81
3531,1296,8,0.8203,294.22,122.69,319.54,145.79
3532,1296,14,0.76556,297.33,114.73,310.59,141.11
3533,1296,8,0.7403,388.94,116.37,408.78,140.17
3534,1296,14,0.5983,373.52,112.08,384.88,135.63
3535,1296,14,0.5966,233.92,113.51,249.87,168.97
3536,1296,14,0.24548,389.16,115.08,409.45,140.3
3537,1296,8,0.24273,134.48,134.44,167.15,188.4
3538,1296,14,0.05844,294.82,114.59,317.0,145.16
3539,1296,14,0.05115,135.05,134.42,166.94,188.08
3540,1296,14,0.04016,233.61,113.25,263.46,170.29
3541,1296,14,0.02355,335.92,116.76,346.87,127.42
3542,1296,14,0.02079,339.82,116.73,348.26,127.88
3543,1296,8,0.00857,482.75,112.16,493.83,147.47
3544,1296,14,0.00819,392.45,111.29,408.06,136.81
3545,1296,14,0.00702,307.68,116.8,316.19,140.05
3546,1296,8,0.00678,487.54,109.19,494.0,147.93
3547,1296,14,0.00557,309.29,117.36,319.64,135.51
3548,1296,14,0.00524,334.2,116.01,343.6,127.03
3549,1296,14,0.00504,337.8,117.78,348.14,130.88
3550,1296,14,0.00404,487.57,68.01,494.0,139.54
3551,1296,8,0.00388,308.54,119.09,319.71,142.41
3552,1296,8,0.00331,292.48,124.19,307.06,144.27
3553,1296,14,0.0031,323.6,118.09,339.14,143.1
3554,1296,14,0.00303,485.21,73.29,494.0,152.51
3555,1296,8,0.00276,310.7,121.68,323.19,143.62
3556,1296,8,0.00249,135.56,119.26,207.32,185.86
3557,1296,14,0.00242,391.19,110.23,402.84,131.38
3558,1296,14,0.00232,486.59,72.31,494.0,110.71
3559,1296,14,0.0022,329.92,118.66,345.45,135.17
3560,1296,14,0.00195,291.94,117.43,298.24,139.68
3561,1296,14,0.00181,343.29,118.32,351.71,135.41
3562,1296,14,0.00173,482.15,63.63,494.0,166.2
3563,1296,8,0.00171,473.68,114.83,490.34,153.68
3564,1296,14,0.00148,143.6,133.15,156.27,155.02
3565,1296,14,0.00147,284.37,118.66,292.07,139.17
3566,1296,14,0.00138,217.35,123.57,232.57,145.22
3567,1296,14,0.00123,334.76,111.26,345.34,126.03
3568,1296,14,0.00113,369.12,117.16,384.2,138.84
3569,1296,8,0.00106,482.27,74.43,494.0,171.03
3570,1296,8,0.00102,285.7,120.75,294.05,138.9
3571,1300,7,0.88359,104.83,49.02,139.54,75.08
3572,1300,7,0.86583,57.67,81.07,87.08,108.6
3573,1300,17,0.81004,47.52,38.02,65.83,55.67
3574,1300,17,0.79076,63.72,61.43,82.77,80.99
3575,1300,2,0.11743,193.46,115.54,220.57,140.57
3576,1300,2,0.02441,115.31,125.19,141.17,146.81
3577,1300,17,0.0021,150.13,36.86,162.0,48.04
3578,1301,10,0.89102,31.96,70.65,51.53,88.61
3579,1301,10,0.88816,102.77,155.62,123.29,176.61
3580,1301,17,0.88067,90.46,125.88,108.81,143.52
3581,1301,9,0.86841,132.43,89.68,154.83,105.99
3582,1301,11,0.86234,185.78,72.88,207.14,87.91
3583,1301,9,0.85092,165.52,122.83,186.99,144.33
3584,1301,17,0.8267,72.17,105.92,90.02,122.35
3585,1302,8,0.85117,107.27,94.92,172.77,142.86
3586,1302,14,0.828,362.19,34.42,448.24,240.13
3587,1302,8,0.81952,191.58,88.64,274.07,127.36
3588,1302,8,0.78354,80.08,98.55,118.79,140.02
3589,1302,8,0.77309,59.79,95.83,96.85,135.69
3590,1302,8,0.77101,5.05,95.62,40.43,131.18
3591,1302,8,0.73614,25.55,93.17,74.67,135.51
3592,1302,8,0.58323,335.87,96.95,389.24,163.63
3593,1302,14,0.14519,343.69,38.59,449.55,168.29
3594,1302,8,0.13033,376.46,106.33,446.09,159.6
3595,1302,8,0.07179,0.01,77.05,11.65,133.16
3596,1302,14,0.06634,0.02,75.56,10.59,132.51
3597,1302,14,0.03413,0.0,69.07,14.82,181.84
3598,1302,8,0.03369,384.1,91.22,451.12,132.4
3599,1302,8,0.0213,444.04,104.43,487.0,165.28
3600,1302,14,0.01899,381.09,48.95,441.73,135.75
3601,1302,14,0.01648,0.01,64.71,6.57,127.97
3602,1302,8,0.01542,478.05,81.03,488.0,184.04
3603,1302,14,0.01172,375.25,42.4,446.67,190.93
3604,1302,8,0.00589,134.81,88.06,174.83,141.42
3605,1302,14,0.0049,482.74,102.69,488.0,183.12
3606,1302,5,0.0045,235.62,84.99,313.54,113.88
3607,1302,14,0.00436,0.0,88.05,5.0,175.66
3608,1302,14,0.00421,480.45,89.56,488.0,171.99
3609,1302,8,0.00343,141.67,85.29,173.16,128.26
3610,1302,8,0.00303,227.25,89.46,272.45,128.84
3611,1302,8,0.00258,463.12,90.28,488.0,176.82
3612,1302,8,0.00247,46.07,91.1,73.91,129.23
3613,1302,8,0.00233,234.14,85.42,316.89,117.41
3614,1302,8,0.00219,480.66,98.31,488.0,175.69
3615,1302,14,0.00218,0.03,109.6,14.02,189.38
3616,1302,8,0.00212,445.57,58.02,488.0,169.15
3617,1302,14,0.00206,0.0,107.86,8.8,185.88
3618,1302,14,0.00191,144.87,81.55,175.16,134.6
3619,1302,8,0.00185,335.27,82.05,448.9,164.81
3620,1302,8,0.00162,0.0,72.27,16.51,198.08
3621,1302,8,0.00146,449.01,95.4,487.69,143.06
3622,1302,8,0.00125,351.09,92.55,398.18,151.65
3623,1302,14,0.00115,483.36,127.25,488.0,186.07
3624,1302,8,0.00114,404.47,116.67,443.12,153.79
3625,1302,8,0.0011,232.95,85.56,327.64,133.42
3626,1302,8,0.00103,0.0,83.83,6.77,133.7
3627,1303,7,0.86057,403.49,37.59,431.57,60.29
3628,1304,2,0.86557,128.8,44.89,149.24,71.15
3629,1304,2,0.85883,41.16,57.74,60.41,85.18
3630,1307,10,0.89505,58.76,138.72,83.06,158.91
3631,1307,11,0.89333,223.64,140.75,249.28,162.6
3632,1307,10,0.8889,149.97,29.41,168.74,48.8
3633,1307,9,0.88172,174.08,112.94,195.66,132.85
3634,1307,17,0.86199,99.09,109.41,117.14,127.15
3635,1307,17,0.84722,129.6,82.0,146.87,99.31
3636,1307,9,0.69156,129.63,161.05,151.93,186.33
3637,1307,17,0.30264,129.6,161.3,151.81,186.44
3638,1307,10,0.01377,129.76,161.18,152.09,186.34
3639,1309,7,0.87348,230.61,182.61,254.04,200.89
3640,1309,7,0.84431,209.16,118.4,233.06,135.54
3641,1310,15,0.84837,219.29,128.43,250.71,152.08
3642,1310,15,0.81961,217.64,95.6,236.36,115.25
3643,1310,7,0.63118,140.67,128.18,158.04,144.88
3644,1310,15,0.38154,185.1,110.75,196.69,122.46
3645,1310,15,0.04028,258.69,74.93,272.77,96.16
3646,1310,7,0.00744,258.6,75.01,272.48,96.39
3647,1310,7,0.0018,143.52,125.92,165.16,139.9
3648,1312,10,0.89288,48.23,202.07,73.39,224.04
3649,1312,10,0.88913,185.41,151.69,208.29,171.27
3650,1312,9,0.88903,74.94,118.23,96.46,139.07
3651,1312,17,0.88206,139.25,171.79,158.53,190.59
3652,1312,17,0.87389,103.12,189.57,122.28,208.7
3653,1312,11,0.86898,36.72,74.69,57.35,93.99
3654,1312,17,0.71801,137.24,96.54,159.87,116.15
3655,1312,9,0.44329,137.21,96.5,160.03,116.19
3656,1315,14,0.15863,272.65,0.0,310.9,38.76
3657,1315,6,0.00114,273.4,156.8,340.13,205.94
3658,1317,7,0.8618,234.41,149.79,259.8,169.16
3659,1317,2,0.84118,173.94,128.42,202.12,149.5
3660,1318,14,0.88634,313.1,150.17,345.09,227.0
3661,1318,14,0.83886,215.41,152.23,251.51,222.37
3662,1318,14,0.83088,123.88,136.21,149.58,220.17
3663,1318,14,0.77832,153.11,121.66,189.11,204.63
3664,1318,14,0.72039,63.84,111.26,112.33,224.67
3665,1318,8,0.16334,411.2,156.73,495.0,244.75
3666,1318,14,0.00455,398.14,160.13,418.35,204.26
3667,1318,14,0.00362,486.0,119.27,495.0,207.82
3668,1318,14,0.00272,481.14,87.98,495.0,243.49
3669,1318,14,0.00164,0.0,146.36,6.7,224.29
3670,1319,2,0.85593,215.09,44.62,226.74,61.1
3671,1319,2,0.84457,158.76,50.93,172.08,68.2
3672,1319,2,0.84255,253.16,56.71,264.67,74.49
3673,1319,2,0.84233,202.95,73.05,216.28,91.25
3674,1322,12,0.85271,124.41,72.32,168.29,114.55
3675,1322,13,0.82156,194.9,123.6,243.86,169.86
3676,1322,6,0.00222,440.04,48.61,495.0,173.61
3677,1323,8,0.15842,376.58,54.71,424.87,158.48
3678,1323,8,0.01632,483.58,2.21,493.0,80.85
3679,1323,5,0.01148,410.48,1.27,493.0,109.62
3680,1323,5,0.00307,485.03,58.38,493.0,81.19
3681,1323,8,0.00289,470.62,7.67,492.89,79.79
3682,1323,8,0.00217,122.84,0.43,146.7,10.15
3683,1323,7,0.00162,209.33,132.54,254.52,235.79
3684,1323,5,0.00115,484.91,48.61,493.0,78.01
3685,1323,5,0.00113,485.25,18.85,493.0,63.95
3686,1326,10,0.8866,303.85,162.49,326.84,182.26
3687,1326,9,0.8822,195.46,126.54,216.34,147.01
3688,1326,10,0.88156,169.87,208.16,193.44,230.24
3689,1326,17,0.8636,257.75,181.36,277.04,200.38
3690,1326,17,0.85275,222.15,197.64,240.8,216.69
3691,1326,11,0.83177,159.44,82.89,179.1,101.94
3692,1326,9,0.52078,256.45,106.3,279.16,125.85
3693,1326,17,0.21619,256.41,106.4,279.13,125.88
3694,1326,9,0.01172,222.25,197.48,240.81,216.6
3695,1327,3,0.86126,81.9,77.69,143.78,159.97
3696,1327,12,0.85924,171.35,42.93,209.86,82.96
3697,1327,0,0.85819,99.96,192.89,151.14,242.73
3698,1327,3,0.85616,235.65,115.91,317.41,179.61
3699,1327,12,0.84139,0.06,78.81,38.76,121.39
3700,1327,3,0.82855,193.85,1.36,266.96,44.63
3701,1327,0,0.80889,68.54,0.11,109.85,27.6
3702,1327,3,0.00339,88.27,72.85,174.98,178.17
3703,1327,14,0.00151,473.62,114.9,479.0,171.58
3704,1327,3,0.00114,474.83,122.58,479.0,151.4
3705,1328,4,0.87976,216.29,112.53,314.55,153.42
3706,1328,3,0.81512,224.32,49.87,310.54,80.89
3707,1328,3,0.71891,200.86,167.51,321.18,227.92
3708,1332,8,0.86039,372.23,128.98,434.32,172.26
3709,1332,8,0.8278,272.34,123.84,301.12,158.19
3710,1332,8,0.8229,459.08,123.17,488.0,158.24
3711,1332,8,0.81951,293.47,126.45,334.99,161.85
3712,1332,8,0.81351,324.79,126.68,355.45,163.38
3713,1332,8,0.77327,346.12,132.03,379.71,168.72
3714,1332,14,0.51633,149.2,91.3,184.31,165.96
3715,1332,14,0.13049,35.05,99.53,63.25,125.39
3716,1332,14,0.04987,235.58,100.18,271.28,157.36
3717,1332,8,0.02536,152.94,113.72,184.17,150.7
3718,1332,14,0.01934,378.29,124.14,408.15,164.77
3719,1332,14,0.01755,155.56,91.49,183.35,132.16
3720,1332,14,0.0056,0.0,92.16,3.63,122.09
3721,1332,14,0.00447,152.52,114.63,183.71,151.5
3722,1332,14,0.00431,125.41,100.61,145.67,135.22
3723,1332,14,0.00348,358.66,105.61,439.57,178.88
3724,1332,14,0.00336,44.62,100.73,62.56,122.87
3725,1332,5,0.00241,93.01,126.1,171.79,176.64
3726,1332,8,0.00216,398.53,127.68,434.15,173.07
3727,1332,14,0.0016,0.12,93.02,16.14,120.39
3728,1332,8,0.00122,92.43,126.2,185.05,176.45
3729,1332,14,0.001,233.43,98.68,258.54,156.61
3730,1333,5,0.89673,346.49,1.61,498.73,99.36
3731,1333,5,0.83836,8.95,1.99,153.3,96.6
3732,1333,5,0.83776,175.02,2.53,307.48,94.58
3733,1333,8,0.00562,347.02,0.56,368.12,17.28
3734,1333,6,0.00536,9.41,1.2,152.56,82.66
3735,1333,8,0.0046,172.41,1.11,205.37,37.7
3736,1333,5,0.00412,172.9,0.9,292.09,54.34
3737,1333,7,0.00246,346.45,3.11,483.46,96.85
3738,1333,5,0.00188,8.71,52.44,144.68,96.09
3739,1336,2,0.88787,362.62,55.3,393.28,84.02
3740,1336,2,0.88358,241.85,37.87,277.48,64.97
3741,1339,2,0.86337,182.31,39.88,199.73,62.69
3742,1339,2,0.85811,228.41,63.98,246.38,87.39
3743,1342,9,0.85804,344.59,169.4,362.82,182.41
3744,1342,17,0.77524,192.55,179.79,207.15,193.31
3745,1342,9,0.02942,269.65,154.72,286.79,166.36
3746,1343,15,0.92095,259.76,7.59,291.3,43.62
3747,1346,14,0.87274,200.58,58.64,236.04,102.06
3748,1346,14,0.85544,123.98,17.12,191.33,132.57
3749,1346,14,0.75507,399.02,61.92,421.52,106.8
3750,1346,14,0.69972,296.14,57.12,320.09,107.91
3751,1346,14,0.68033,338.58,64.39,362.27,107.25
3752,1346,8,0.38709,290.0,78.78,324.33,113.84
3753,1346,14,0.03209,47.21,35.72,62.28,60.09
3754,1346,14,0.02358,57.88,34.29,73.22,61.39
3755,1346,8,0.01096,470.21,103.21,493.94,171.27
3756,1346,8,0.01046,306.38,76.71,491.16,168.57
3757,1346,14,0.00773,399.11,75.0,475.39,142.37
3758,1346,14,0.00562,392.97,74.9,486.45,167.34
3759,1346,8,0.00502,477.58,111.52,494.0,173.35
3760,1346,8,0.00396,367.54,78.43,493.89,181.26
3761,1346,14,0.00316,49.38,34.66,71.04,60.87
3762,1346,14,0.00292,484.21,103.21,494.0,176.73
3763,1346,14,0.00251,320.06,58.29,332.47,78.84
3764,1346,8,0.00244,475.64,76.07,494.0,166.36
3765,1346,14,0.00221,293.36,74.28,322.87,112.35
3766,1346,8,0.00157,105.91,19.28,191.7,132.68
3767,1346,14,0.00149,488.16,72.88,494.0,146.91
3768,1346,8,0.00111,389.24,70.67,453.04,170.51
3769,1346,8,0.00103,199.18,57.36,254.16,109.78
3770,1349,15,0.91556,368.42,116.38,404.05,152.39
3771,1349,6,0.89307,288.37,64.92,358.72,105.93
3772,1349,2,0.79522,384.17,54.36,404.64,75.68
3773,1349,17,0.0342,253.61,36.41,274.59,57.56
3774,1349,2,0.0319,253.52,36.16,274.65,57.6
3775,1349,15,0.00189,253.37,36.36,274.76,57.59
3776,1350,7,0.86387,409.33,34.59,437.39,61.29
3777,1350,7,0.79724,263.14,51.83,292.13,74.26
3778,1352,17,0.82558,165.53,90.45,183.83,108.38
3779,1352,17,0.82264,54.94,178.5,78.86,201.05
3780,1359,15,0.75049,135.63,25.33,240.29,124.0
3781,1359,15,0.00897,143.37,79.85,247.68,167.81
3782,1359,15,0.00492,135.9,26.05,236.11,87.78
3783,1359,15,0.00346,142.6,75.23,185.61,166.78
3784,1361,5,0.81849,2.39,117.09,99.26,222.03
3785,1361,5,0.76909,258.17,111.64,307.76,140.05
3786,1361,8,0.49553,258.45,112.18,306.91,140.07
3787,1361,14,0.18105,228.22,86.87,251.33,122.47
3788,1361,14,0.07883,130.06,87.03,207.13,222.49
3789,1361,8,0.04886,111.61,90.0,148.99,116.56
3790,1361,14,0.01509,145.93,87.01,172.57,120.22
3791,1361,14,0.01272,134.89,87.27,189.28,193.15
3792,1361,14,0.00436,223.66,93.46,231.38,117.39
3793,1361,14,0.0035,0.0,126.57,4.02,195.22
3794,1361,14,0.00275,180.49,93.21,189.8,116.06
3795,1361,14,0.00216,182.3,90.01,195.74,121.1
3796,1361,14,0.0021,219.11,94.04,230.48,118.3
3797,1364,10,0.89801,390.36,95.74,413.36,117.63
3798,1364,17,0.86041,272.31,133.34,292.92,157.75
3799,1364,9,0.84348,292.68,87.35,312.79,110.19
3800,1364,9,0.73007,170.04,108.45,188.43,125.04
3801,1364,4,0.00467,383.36,175.62,419.37,211.24
3802,1364,10,0.00235,383.34,175.74,419.37,210.3
3803,1365,4,0.9267,157.58,116.54,220.78,180.35
3804,1365,13,0.88393,61.3,147.8,100.9,187.64
3805,1365,1,0.84767,19.65,93.99,60.49,134.74
3806,1365,3,0.00465,0.0,92.19,7.92,154.07
3807,1365,4,0.00269,157.67,118.83,187.98,180.38
3808,1365,12,0.00217,0.0,92.03,6.32,119.05
3809,1365,12,0.00202,0.0,91.16,7.5,136.96
3810,1365,3,0.00133,469.95,135.84,503.0,201.66
3811,1366,14,0.86123,278.79,52.64,307.76,129.3
3812,1366,14,0.79356,191.23,51.65,223.83,135.34
3813,1366,14,0.77367,146.08,85.09,158.65,123.66
3814,1366,14,0.6387,57.13,99.78,68.07,123.21
3815,1366,14,0.22682,316.25,88.46,330.98,123.66
3816,1366,14,0.01053,488.62,94.0,495.0,128.42
3817,1366,14,0.00889,79.92,103.41,92.03,123.14
3818,1366,8,0.00858,487.24,93.83,495.0,122.65
3819,1366,14,0.0039,487.51,88.33,495.0,139.38
3820,1366,14,0.00308,179.93,34.07,217.35,140.42
3821,1366,14,0.00305,295.87,88.6,307.81,125.65
3822,1366,14,0.0025,298.77,90.76,319.35,123.0
3823,1366,14,0.00198,0.0,91.83,4.94,153.19
3824,1366,14,0.00154,487.7,79.1,495.0,122.25
3825,1366,14,0.00134,461.1,93.96,482.14,124.47
3826,1366,14,0.00127,160.28,103.31,181.15,123.82
3827,1366,8,0.00119,484.53,90.89,495.0,133.11
3828,1367,14,0.86357,401.21,151.5,417.2,170.75
3829,1367,14,0.77522,31.6,87.59,43.82,114.16
3830,1367,14,0.73066,182.96,123.74,199.99,148.22
3831,1367,14,0.71673,66.78,94.65,79.79,119.57
3832,1367,14,0.69767,96.32,99.09,108.23,124.72
3833,1367,16,0.5961,11.42,166.18,92.48,212.24
3834,1367,14,0.51556,176.39,114.99,188.55,133.5
3835,1367,16,0.44673,0.38,124.55,76.83,158.64
3836,1367,16,0.4238,93.46,148.94,121.71,168.82
3837,1367,14,0.25838,174.65,113.16,185.11,132.51
3838,1367,14,0.19442,171.24,110.11,182.78,133.47
3839,1367,14,0.17523,178.87,113.79,189.89,130.91
3840,1367,14,0.04064,275.94,134.64,288.66,152.81
3841,1367,14,0.02621,277.71,133.16,293.84,152.91
3842,1367,16,0.02107,26.55,173.18,142.84,239.87
3843,1367,14,0.01833,22.44,86.12,32.59,115.74
3844,1367,14,0.01621,194.47,123.58,202.03,143.45
3845,1367,14,0.01366,287.83,137.7,300.16,154.93
3846,1367,14,0.00779,0.01,116.94,3.16,135.6
3847,1367,14,0.00622,159.64,124.55,170.4,137.97
3848,1367,14,0.00546,284.13,137.26,294.44,153.93
3849,1367,14,0.00487,163.68,110.29,180.9,132.74
3850,1367,14,0.00438,180.71,121.37,188.16,142.12
3851,1367,14,0.00431,0.0,108.37,3.54,134.76
3852,1367,14,0.00365,180.43,110.28,191.47,127.88
3853,1367,14,0.00362,11.27,85.02,20.3,112.94
3854,1367,14,0.003,174.38,120.11,184.67,134.76
3855,1367,14,0.00268,0.0,69.08,5.14,114.18
3856,1367,16,0.00268,60.94,143.89,122.1,168.27
3857,1367,14,0.00252,160.18,113.47,178.14,135.51
3858,1367,14,0.00252,179.98,117.27,190.14,134.31
3859,1367,14,0.0023,275.67,137.4,284.04,152.38
3860,1367,14,0.0023,98.33,97.88,112.17,126.09
3861,1367,14,0.00227,159.94,127.43,168.12,138.66
3862,1367,16,0.00176,0.08,123.45,24.49,151.22
3863,1367,16,0.00167,0.24,136.01,76.73,185.9
3864,1367,16,0.00141,80.76,197.36,171.43,243.99
3865,1367,14,0.00135,295.36,135.83,303.69,154.75
3866,1367,14,0.00116,168.8,104.35,186.89,129.76
3867,1367,14,0.00116,293.15,135.35,302.51,150.54
3868,1367,14,0.00116,11.84,83.63,29.24,115.18
3869,1373,15,0.87914,407.9,186.71,424.0,200.44
3870,1373,15,0.8534,381.65,191.96,400.04,207.61
3871,1373,14,0.00499,412.5,151.73,427.19,170.21
3872,1373,14,0.00309,427.58,147.92,443.63,170.67
3873,1375,17,0.7135,36.46,44.69,50.43,59.84
3874,1375,2,0.65432,93.84,73.9,107.54,88.52
3875,1375,2,0.59704,84.11,18.72,100.11,32.18
3876,1375,2,0.22624,81.27,40.85,96.39,55.09
3877,1375,9,0.1629,133.55,40.9,151.49,54.77
3878,1375,2,0.11487,133.83,40.7,151.46,55.0
3879,1375,6,0.00145,355.45,43.82,466.0,146.79
3880,1375,6,0.00116,321.87,105.54,392.16,206.53
3881,1377,15,0.9208,440.38,191.04,484.93,249.58
3882,1377,6,0.00179,436.04,89.11,484.89,113.86
3883,1380,15,0.88641,289.38,33.93,322.78,68.38
3884,1380,15,0.86408,377.21,147.71,422.34,187.99
3885,1380,15,0.86046,247.39,156.8,280.97,190.09
3886,1382,14,0.85649,330.68,97.25,371.66,175.62
3887,1382,14,0.84054,168.54,87.14,199.11,168.32
3888,1382,5,0.83152,411.98,132.32,486.58,173.81
3889,1382,14,0.81901,255.69,104.02,280.01,168.18
3890,1382,14,0.72442,314.43,104.13,337.08,175.33
3891,1382,5,0.1829,1.27,116.49,137.76,160.61
3892,1382,5,0.06961,29.8,117.49,112.65,160.12
3893,1382,5,0.04254,489.81,132.42,500.0,166.45
3894,1382,5,0.02152,490.57,142.19,500.0,172.23
3895,1382,5,0.00943,488.35,130.2,500.0,150.26
3896,1382,5,0.00719,494.31,145.31,500.0,173.94
3897,1382,5,0.00419,77.2,119.09,156.75,160.01
3898,1382,8,0.00381,144.3,123.78,178.46,161.81
3899,1382,5,0.00339,180.52,80.04,212.77,97.49
3900,1382,14,0.00298,0.01,92.34,7.48,211.61
3901,1382,8,0.00294,72.54,102.92,106.98,123.11
3902,1382,5,0.00242,0.04,100.36,13.03,180.38
3903,1382,5,0.002,0.0,122.65,4.57,172.61
3904,1382,5,0.00199,480.21,129.97,500.0,170.52
3905,1382,5,0.00181,0.61,87.52,109.83,161.11
3906,1382,5,0.00176,478.64,129.89,500.0,150.6
3907,1382,5,0.00169,493.25,155.79,500.0,176.38
3908,1382,8,0.00166,0.03,94.56,10.93,191.71
3909,1382,5,0.00137,71.98,104.48,113.06,124.52
3910,1382,14,0.00135,0.02,103.35,12.69,147.71
3911,1384,2,0.88123,381.95,78.14,411.49,115.07
3912,1384,17,0.78994,318.34,64.57,335.07,80.07
3913,1384,17,0.70125,390.72,48.68,407.47,64.98
3914,1387,2,0.85951,93.85,68.0,124.52,100.31
3915,1387,2,0.00444,225.84,24.43,250.07,51.19
3916,1387,2,0.00253,0.0,152.62,9.03,176.24
3917,1387,2,0.00114,174.54,117.43,200.1,137.76
3918,1388,8,0.87653,270.01,115.19,299.6,156.25
3919,1388,16,0.80777,0.03,126.71,13.5,149.98
3920,1388,14,0.80442,272.64,101.11,296.79,122.41
3921,1388,16,0.78456,12.81,126.48,27.28,148.98
3922,1388,16,0.74822,52.98,126.08,66.57,144.73
3923,1388,16,0.71026,27.34,126.57,41.83,147.58
3924,1388,16,0.67,41.02,126.07,52.86,146.27
3925,1388,16,0.62108,66.36,125.11,77.99,144.08
3926,1388,8,0.54915,235.2,95.68,269.42,148.69
3927,1388,16,0.53742,166.9,119.59,176.27,129.64
3928,1388,16,0.50311,129.13,117.59,139.55,127.27
3929,1388,16,0.49082,77.5,124.53,87.93,143.35
3930,1388,16,0.48673,107.36,124.21,115.55,140.27
3931,1388,16,0.48409,97.2,124.2,107.84,141.14
3932,1388,16,0.47453,122.71,123.54,132.05,139.95
3933,1388,16,0.47421,87.83,124.02,97.77,142.12
3934,1388,16,0.45193,114.96,124.37,123.73,139.7
3935,1388,8,0.24019,235.36,116.62,252.51,148.42
3936,1388,16,0.0993,80.89,124.3,95.15,142.72
3937,1388,5,0.08511,235.28,94.46,270.51,148.89
3938,1388,8,0.03118,304.81,114.23,318.4,135.56
3939,1388,16,0.01775,133.46,118.39,143.33,128.19
3940,1388,16,0.01616,123.66,123.36,136.94,140.1
3941,1388,16,0.00813,0.01,104.01,2.91,119.12
3942,1388,16,0.00682,168.68,117.73,178.68,127.22
3943,1388,8,0.00469,243.96,115.72,264.28,148.12
3944,1388,16,0.00442,91.82,124.56,99.57,142.02
3945,1388,8,0.00388,237.09,95.89,267.99,123.17
3946,1388,5,0.00287,305.12,113.66,320.16,126.04
3947,1388,16,0.00268,177.85,111.06,187.0,124.66
3948,1388,8,0.00226,239.62,121.29,254.33,147.81
3949,1388,16,0.00217,159.63,119.43,175.43,129.86
3950,1388,16,0.00211,128.5,126.25,139.32,139.9
3951,1388,16,0.00185,0.05,119.6,3.28,132.42
3952,1388,16,0.00184,128.56,122.53,139.4,129.77
3953,1388,16,0.00175,124.93,117.82,137.1,127.58
3954,1388,16,0.00167,175.17,115.36,186.18,127.89
3955,1388,5,0.00123,304.45,113.28,319.42,135.26
3956,1388,16,0.00116,171.14,118.79,184.44,130.62
3957,1388,14,0.00101,305.53,114.0,320.61,126.59
3958,1389,5,0.07492,16.82,0.0,385.96,249.0
3959,1389,5,0.01679,153.36,0.0,493.0,249.0
3960,1389,14,0.01525,0.0,5.87,100.67,249.0
3961,1389,8,0.00487,0.13,4.76,93.32,249.0
3962,1389,8,0.00392,0.0,6.03,30.98,249.0
3963,1389,14,0.00373,0.0,7.96,36.45,249.0
3964,1392,5,0.87408,401.42,98.55,500.0,157.46
3965,1392,14,0.85022,67.18,86.5,97.27,169.35
3966,1392,14,0.84693,364.56,58.44,420.25,204.65
3967,1392,5,0.79607,233.02,97.62,359.8,150.84
3968,1392,8,0.1376,149.75,106.78,206.39,140.45
3969,1392,5,0.04076,145.41,106.1,207.73,142.71
3970,1392,8,0.00597,60.49,86.47,117.48,167.2
3971,1392,5,0.00502,411.96,92.18,452.75,136.13
3972,1393,0,0.88306,388.52,102.69,431.08,145.21
3973,1393,1,0.70608,278.06,206.36,331.54,251.0
3974,1395,7,0.82379,441.53,188.91,462.96,203.06
3975,1395,7,0.77629,384.06,148.17,405.49,164.6
3976,1395,17,0.00468,408.92,164.52,419.89,177.56
3977,1397,2,0.79609,266.43,87.83,282.25,100.96
3978,1397,2,0.78098,186.05,107.67,201.15,125.49
3979,1397,2,0.75587,230.93,95.41,245.78,110.93
3980,1397,17,0.00421,230.83,95.55,245.69,110.92
3981,1399,2,0.878,298.78,129.48,315.26,151.28
3982,1399,2,0.87734,373.04,129.45,389.33,150.61
3983,1399,2,0.86866,419.85,174.54,438.95,199.47
3984,1399,2,0.86206,297.45,168.35,317.07,193.33
3985,1399,2,0.00404,0.01,37.33,3.25,52.89
3986,1400,13,0.83469,287.55,40.96,318.71,71.66
3987,1400,12,0.82635,351.31,80.76,385.16,110.44
3988,1400,12,0.55949,412.72,44.53,444.24,72.21
3989,1400,6,0.00153,264.38,151.24,303.34,225.12
3990,1401,14,0.84637,55.22,150.56,86.97,235.25
3991,1401,5,0.83266,386.6,163.89,500.0,218.89
3992,1401,5,0.8279,216.38,161.04,343.94,214.24
3993,1401,14,0.82007,340.83,125.97,399.52,256.0
3994,1401,14,0.02107,0.02,160.13,5.8,245.5
3995,1401,14,0.02055,21.86,174.95,40.96,216.89
3996,1401,5,0.00586,0.03,169.38,9.8,239.6
3997,1401,5,0.00394,0.0,162.88,6.81,233.8
3998,1401,5,0.00313,486.12,172.66,500.0,224.35
3999,1401,8,0.00257,45.39,154.15,102.88,228.81
4000,1401,5,0.00203,492.16,167.11,500.0,227.83
4001,1401,5,0.00189,132.59,170.85,193.3,207.15
4002,1401,5,0.00182,0.1,159.86,27.16,224.3
4003,1401,5,0.00178,387.24,150.87,437.34,164.81
4004,1401,5,0.00175,394.7,149.85,435.88,191.2
4005,1401,5,0.00138,379.77,150.22,435.86,200.58
4006,1401,5,0.00131,0.01,160.97,15.18,222.8
4007,1402,8,0.8353,241.9,105.49,275.62,153.95
4008,1402,14,0.79095,249.27,90.28,272.01,114.43
4009,1402,16,0.62804,4.02,120.0,18.07,142.66
4010,1402,16,0.59336,18.31,120.0,32.9,141.59
4011,1402,16,0.4875,44.21,118.91,58.07,138.76
4012,1402,16,0.38459,0.0,120.24,4.56,143.57
4013,1402,16,0.30703,31.88,119.07,44.66,140.11
4014,1402,16,0.22445,57.67,118.32,69.25,137.44
4015,1402,16,0.21309,113.72,117.71,123.71,132.51
4016,1402,16,0.19985,68.77,117.85,79.43,136.77
4017,1402,16,0.19644,158.13,112.5,167.99,122.78
4018,1402,16,0.16472,105.6,117.86,114.59,132.71
4019,1402,16,0.14766,88.26,117.11,99.01,134.58
4020,1402,16,0.12015,78.85,116.99,88.79,135.31
4021,1402,16,0.10341,98.43,117.39,106.68,133.19
4022,1402,16,0.09161,120.74,110.06,130.26,120.49
4023,1402,8,0.05974,221.65,110.32,241.23,141.72
4024,1402,16,0.01484,0.03,117.7,3.52,150.27
4025,1402,8,0.00872,282.63,105.23,296.38,127.58
4026,1402,8,0.00814,229.35,114.23,243.8,141.28
4027,1402,16,0.00559,115.57,114.39,127.52,123.27
4028,1402,16,0.00236,118.02,115.55,127.98,122.4
4029,1402,8,0.00201,225.94,87.29,250.82,115.92
4030,1402,16,0.00127,0.07,116.39,6.56,149.68
4031,1402,16,0.00108,166.57,107.17,175.94,118.62
4032,1404,8,0.86468,282.87,0.86,441.87,63.06
4033,1404,8,0.486,207.85,0.46,347.12,86.31
4034,1404,8,0.16026,408.7,0.0,469.24,15.4
4035,1404,8,0.01323,36.52,1.55,179.49,101.17
4036,1404,8,0.00918,62.49,1.51,254.88,103.38
4037,1404,8,0.00509,406.49,0.13,445.74,14.57
4038,1404,8,0.00447,166.73,2.38,346.85,115.79
4039,1404,8,0.00348,222.94,1.21,322.46,59.91
4040,1404,8,0.00288,200.65,2.56,234.67,38.86
4041,1404,8,0.00249,344.85,0.24,441.02,50.67
4042,1404,8,0.00201,290.84,0.43,348.16,73.56
4043,1404,8,0.00143,68.89,0.42,178.47,60.4
4044,1404,8,0.00111,399.46,0.35,469.71,28.55
4045,1404,8,0.00103,376.92,0.0,456.83,52.03
4046,1407,15,0.92418,351.26,43.84,401.22,90.93
4047,1407,7,0.05592,395.95,139.43,494.0,242.0
4048,1407,2,0.01017,488.84,84.47,494.0,120.2
4049,1407,2,0.00333,488.08,60.72,494.0,125.56
4050,1407,17,0.00167,488.59,97.36,494.0,119.31
4051,1407,7,0.00129,59.79,74.53,119.88,191.66
4052,1409,7,0.87697,106.1,195.62,130.6,223.61
4053,1409,7,0.87312,60.32,146.17,87.24,168.68
4054,1410,10,0.87272,299.53,96.2,316.52,112.08
4055,1410,9,0.86221,231.4,86.79,246.67,103.99
4056,1410,10,0.85921,318.96,60.4,333.35,74.59
4057,1410,9,0.82803,143.8,95.62,157.86,108.46
4058,1410,9,0.59329,216.2,116.39,230.94,134.05
4059,1410,17,0.02246,143.79,95.73,157.51,108.23
4060,1410,17,0.00153,231.51,86.79,246.47,104.12
4061,1411,3,0.88625,293.5,61.13,336.12,97.61
4062,1411,3,0.88154,158.27,112.16,229.43,159.59
4063,1411,13,0.86122,302.03,110.67,340.12,149.94
4064,1411,1,0.86007,228.41,122.68,269.28,164.15
4065,1411,3,0.8493,220.45,81.59,287.24,107.14
4066,1412,7,0.87475,166.49,111.58,196.79,139.78
4067,1412,7,0.84501,202.58,17.77,225.84,37.12
4068,1412,17,0.82009,150.23,54.93,167.92,71.88
4069,1412,17,0.78031,232.27,74.17,249.15,91.08
4070,1412,17,0.02101,155.34,152.91,174.13,168.13
4071,1416,14,0.81374,159.96,124.41,194.09,209.22
4072,1416,14,0.79767,273.6,133.63,297.37,218.01
4073,1416,14,0.79638,198.18,129.66,251.72,222.55
4074,1416,14,0.79419,371.01,130.46,413.78,229.07
4075,1416,14,0.26968,201.29,122.25,232.3,210.23
4076,1416,8,0.00728,214.36,184.33,234.03,217.03
4077,1416,5,0.00716,375.21,179.95,470.05,223.25
4078,1416,5,0.00366,0.01,136.5,6.45,195.72
4079,1416,5,0.00182,472.96,173.41,500.0,227.01
4080,1416,5,0.00144,0.0,151.58,114.5,192.58
4081,1416,5,0.00124,472.7,179.6,500.0,201.54
4082,1416,8,0.00112,179.15,158.14,208.95,205.51
4083,1418,9,0.86906,137.76,40.11,155.93,51.91
4084,1418,17,0.86519,58.09,64.15,73.07,78.26
4085,1418,9,0.85793,212.31,56.49,230.25,69.71
4086,1418,10,0.00746,212.29,56.41,230.12,69.22
4087,1418,9,0.00511,137.3,40.34,157.97,62.05
4088,1418,17,0.00115,130.06,84.48,146.84,96.48
4089,1423,14,0.88047,293.05,151.5,319.51,226.73
4090,1423,14,0.86333,110.12,145.91,139.53,227.07
4091,1423,14,0.85055,198.76,141.47,225.9,209.95
4092,1423,14,0.84286,149.37,126.2,181.69,209.62
4093,1423,14,0.7015,385.23,94.36,432.36,212.5
4094,1423,8,0.18046,395.09,150.85,494.0,239.69
4095,1423,8,0.00293,460.98,101.89,493.87,234.74
4096,1423,14,0.00229,487.39,152.2,494.0,234.77
4097,1423,14,0.00177,452.13,101.31,494.0,232.56
4098,1424,10,0.86573,160.51,83.78,175.31,98.59
4099,1424,9,0.85087,118.79,120.07,137.12,135.19
4100,1424,10,0.82679,115.31,68.03,130.99,82.19
4101,1424,9,0.80634,165.76,127.26,183.56,142.1
4102,1424,17,0.76714,106.03,168.23,120.75,182.48
4103,1426,2,0.86215,376.08,20.0,388.14,37.3
4104,1426,2,0.84792,364.52,48.4,377.98,66.93
4105,1426,2,0.84458,415.44,32.38,427.51,50.06
4106,1426,2,0.8399,319.68,26.81,332.74,43.66
4107,1426,2,0.00647,501.13,67.23,504.0,93.07
4108,1426,2,0.00134,499.32,71.65,504.0,95.96
4109,1428,2,0.85608,337.16,189.94,350.33,206.94
4110,1428,2,0.84702,418.21,194.51,432.12,211.5
4111,1428,2,0.84226,350.21,171.47,362.62,187.66
4112,1428,2,0.81724,402.85,172.23,414.91,187.61
4113,1429,7,0.01454,276.57,90.54,294.52,109.67
4114,1429,14,0.00715,242.25,6.89,507.0,248.9
4115,1429,14,0.00651,359.45,4.07,507.0,238.08
4116,1429,16,0.0028,490.53,88.4,507.0,161.02
4117,1429,14,0.00161,460.49,8.78,507.0,235.1
4118,1431,17,0.85456,385.65,39.5,409.68,61.23
4119,1431,17,0.69738,215.54,77.2,240.7,98.48
4120,1433,2,0.88377,397.03,192.52,417.78,217.35
4121,1433,2,0.86389,388.36,157.92,405.95,182.16
4122,1438,2,0.85198,274.14,181.31,303.99,208.92
4123,1438,2,0.68401,394.89,168.07,417.05,190.59
4124,1438,2,0.00201,389.95,164.99,406.79,184.57
4125,1438,2,0.00149,233.14,185.28,253.64,206.02
4126,1438,2,0.00134,499.59,207.14,504.0,236.32
4127,1441,10,0.86726,317.53,43.57,334.05,57.25
4128,1441,11,0.86678,358.46,45.91,375.5,59.3
4129,1441,17,0.86571,356.46,88.47,369.76,102.13
4130,1441,10,0.86524,294.13,50.97,308.15,66.44
4131,1441,17,0.8503,379.06,79.33,392.67,92.43
4132,1441,17,0.82827,290.17,71.17,305.69,87.76
4133,1441,11,0.80181,335.95,68.24,350.96,83.34
4134,1441,9,0.635,311.76,85.2,328.21,99.44
4135,1441,17,0.24936,311.75,85.26,328.12,99.56
4136,1449,11,0.88622,380.43,84.87,393.17,96.4
4137,1449,11,0.85843,405.77,103.66,420.24,114.93
4138,1449,10,0.8539,424.98,90.14,436.41,101.27
4139,1449,10,0.8439,418.75,77.94,432.18,89.39
4140,1449,9,0.58679,366.65,72.37,378.83,82.83
4141,1449,17,0.51663,349.97,84.99,360.46,95.28
4142,1449,9,0.34683,389.35,69.19,402.75,80.47
4143,1449,9,0.30591,350.02,84.95,360.47,95.22
4144,1449,17,0.24796,352.84,95.28,363.6,106.3
4145,1449,17,0.00483,389.59,69.53,402.93,80.63
4146,1449,17,0.00124,366.82,72.26,378.55,83.01
4147,1449,17,0.00104,351.16,88.71,362.81,105.72
4148,1453,9,0.8722,283.21,98.22,300.81,112.12
4149,1453,10,0.86968,296.78,131.25,314.38,146.24
4150,1453,9,0.86913,235.75,101.41,249.91,115.05
4151,1453,10,0.85635,191.81,135.02,209.23,150.08
4152,1453,17,0.83686,259.72,135.29,273.47,148.28
4153,1453,11,0.83624,224.51,75.12,237.29,87.72
4154,1453,17,0.83524,231.68,139.57,245.27,153.12
4155,1453,17,0.00123,283.08,98.33,300.86,112.15
4156,1454,2,0.84566,350.96,42.27,371.04,71.35
4157,1454,2,0.00105,311.52,60.89,320.94,76.19
4158,1456,15,0.87365,131.47,104.71,170.86,139.27
4159,1456,15,0.87211,132.29,49.69,162.6,77.73
4160,1456,15,0.86058,56.36,69.22,85.59,96.02
4161,1457,7,0.83722,67.19,170.35,90.25,192.28
4162,1458,9,0.89563,176.93,208.15,199.93,233.54
4163,1458,9,0.89118,224.0,162.68,245.45,182.87
4164,1458,10,0.88921,108.61,181.33,131.67,201.26
4165,1458,11,0.88423,272.74,193.79,297.99,215.95
4166,1458,10,0.87126,202.76,77.96,222.36,97.57
4167,1458,17,0.85812,149.53,154.49,167.15,171.99
4168,1458,17,0.84838,181.09,129.38,197.85,146.38
4169,1463,9,0.88762,205.89,174.76,224.01,188.05
4170,1463,17,0.86378,51.21,174.97,66.55,189.25
4171,1463,9,0.18008,132.39,154.58,150.52,167.23
4172,1463,10,0.0075,205.8,174.59,223.57,187.45
4173,1466,17,0.22636,154.42,87.11,170.77,103.92
4174,1466,17,0.09347,41.56,98.6,59.14,116.5
4175,1469,5,0.87693,425.62,72.98,485.48,102.19
4176,1469,14,0.74489,251.94,76.05,267.4,93.8
4177,1469,14,0.71814,285.61,59.97,296.63,82.49
4178,1469,8,0.65586,248.94,82.18,265.99,101.6
4179,1469,5,0.04231,0.0,23.14,10.42,36.81
4180,1469,5,0.02551,445.79,73.56,485.79,99.57
4181,1469,5,0.0095,475.97,103.61,493.0,123.46
4182,1469,5,0.00894,44.17,31.82,99.81,69.59
4183,1469,5,0.00756,461.58,53.25,493.0,88.87
4184,1469,5,0.007,0.0,21.69,10.48,46.06
4185,1469,5,0.00688,371.64,75.34,417.92,93.56
4186,1469,5,0.00502,450.96,57.68,492.14,94.56
4187,1469,5,0.00427,489.74,71.72,493.0,93.35
4188,1469,5,0.00427,0.0,12.45,10.52,36.21
4189,1469,5,0.00241,35.72,24.86,47.76,38.73
4190,1469,5,0.00126,38.58,64.19,53.09,71.68
4191,1469,5,0.00114,477.15,58.81,493.0,95.31
4192,1469,14,0.00106,288.44,60.25,299.84,78.93
4193,1469,5,0.00106,480.88,68.61,492.93,91.14
4194,1470,17,0.84867,195.8,164.22,219.23,184.79
4195,1470,17,0.64603,27.2,165.38,50.86,188.1
4196,1470,2,0.07189,195.76,164.41,219.19,184.69
4197,1471,15,0.94731,175.36,7.11,229.87,66.33
4198,1471,15,0.91398,26.69,0.0,100.84,60.61
4199,1471,15,0.00182,27.06,0.24,57.4,60.39
4200,1473,7,0.85527,53.47,147.18,84.25,167.59
4201,1474,15,0.81412,264.12,109.02,320.82,175.67
4202,1474,14,0.05339,335.71,110.86,355.72,158.32
4203,1474,15,0.00134,264.47,108.7,293.94,164.81
4204,1479,15,0.90046,197.59,128.16,219.23,148.42
4205,1479,15,0.87706,77.52,128.33,97.41,150.81
4206,1480,15,0.88795,173.99,21.6,207.85,57.62
4207,1480,15,0.88068,296.17,97.28,342.18,143.02
4208,1480,15,0.86613,176.88,152.97,213.66,190.14
4209,1480,17,0.00108,194.06,223.66,212.61,243.15
4210,1481,2,0.77172,230.35,28.52,248.87,47.59
4211,1481,9,0.48254,332.52,75.04,352.85,93.56
4212,1481,2,0.46785,275.19,49.67,294.95,69.57
4213,1481,17,0.20176,275.59,49.7,294.54,68.67
4214,1481,9,0.05314,275.94,49.64,294.65,69.34
4215,1481,17,0.0024,332.71,74.98,352.8,93.59
4216,1485,2,0.85065,61.11,46.91,78.74,69.98
4217,1485,2,0.85,107.45,73.73,125.81,97.5
4218,1485,5,0.00402,356.97,198.08,397.56,230.72
4219,1491,7,0.85682,189.31,173.05,211.75,189.3
4220,1491,7,0.85573,46.28,175.72,65.31,195.58
4221,1491,15,0.84709,138.9,135.37,161.24,157.72
4222,1491,15,0.80205,100.17,177.44,122.19,195.6
4223,1491,7,0.35486,100.11,177.74,121.72,195.16
4224,1491,7,0.01552,45.13,198.61,66.24,212.6
4225,1491,17,0.00112,92.67,172.73,104.1,184.65
4226,1493,3,0.89092,247.86,126.81,292.68,178.66
4227,1493,3,0.84764,318.81,155.75,404.93,203.65
4228,1493,13,0.84504,332.41,80.82,369.3,119.44
4229,1493,3,0.8354,208.31,107.71,274.65,134.17
4230,1493,1,0.83158,360.68,112.93,402.05,156.23
4231,1495,7,0.84111,298.56,89.84,325.58,111.46
4232,1495,7,0.83882,359.13,18.98,384.98,40.0
4233,1495,7,0.63528,99.42,178.29,124.95,200.59
4234,1495,8,0.00105,22.07,0.0,124.74,2.49
4235,1498,2,0.90374,362.72,46.09,387.05,64.27
4236,1498,2,0.87057,417.93,78.89,444.36,99.34
4237,1498,2,0.85916,303.98,88.55,330.95,106.63
4238,1498,2,0.85161,254.21,47.82,279.69,64.53
4239,1499,12,0.89391,72.64,9.07,94.03,30.61
4240,1499,1,0.86855,207.68,15.37,229.18,36.64
4241,1499,13,0.04875,82.0,0.71,103.33,7.46
4242,1500,13,0.88004,239.38,153.94,287.06,201.47
4243,1500,1,0.86511,406.19,128.94,453.68,174.4
4244,1500,4,0.84874,302.69,7.53,354.42,72.21
4245,1500,14,0.13054,0.0,7.11,34.02,200.26
4246,1500,14,0.04069,0.0,63.86,54.73,173.93
4247,1500,14,0.0134,0.0,5.31,54.78,205.33
4248,1500,14,0.00482,0.02,39.55,34.34,135.48
4249,1500,14,0.00406,0.02,48.44,34.24,102.33
4250,1500,14,0.00193,0.0,85.76,4.2,132.15
4251,1500,14,0.00156,0.1,0.0,79.55,240.87
4252,1500,14,0.00123,0.0,68.22,5.39,139.48
4253,1502,10,0.87359,360.48,160.25,376.49,172.76
4254,1502,10,0.87042,330.83,160.08,345.3,173.7
4255,1502,17,0.86736,367.35,200.87,380.81,213.79
4256,1502,11,0.85562,392.78,171.04,407.92,183.98
4257,1502,17,0.85347,336.6,201.53,349.8,214.2
4258,1502,9,0.84896,302.59,173.27,318.44,187.43
4259,1502,11,0.84539,342.08,181.75,359.83,195.95
4260,1502,9,0.41983,304.96,188.18,319.09,201.19
4261,1502,17,0.23214,305.2,188.46,319.01,201.25
4262,1502,17,0.00436,302.5,173.06,318.61,187.39
4263,1502,15,0.00175,0.07,43.71,16.92,101.7
4264,1502,8,0.00106,0.0,42.61,17.02,104.4
4265,1505,7,0.87126,54.35,223.79,83.02,243.85
4266,1505,7,0.85038,110.55,145.66,135.0,165.16
4267,1509,2,0.8277,420.17,169.0,448.9,191.71
4268,1509,2,0.08026,322.41,182.48,349.13,204.46
4269,1510,7,0.85145,389.51,185.06,414.6,205.08
4270,1510,7,0.8469,408.15,149.65,433.68,167.54
4271,1510,2,0.001,21.3,0.0,123.07,1.53
4272,1516,2,0.85956,44.54,125.19,74.61,150.56
4273,1516,2,0.02036,0.01,83.43,5.3,112.25
4274,1516,2,0.02012,0.0,47.6,7.34,66.89
4275,1516,2,0.00228,0.0,87.13,5.28,125.07
4276,1516,2,0.00202,0.0,47.74,5.24,75.16
4277,1516,2,0.00158,11.58,188.39,30.52,208.76
4278,1516,2,0.0013,0.03,77.69,7.24,110.46
4279,1518,14,0.1765,489.45,87.37,496.0,127.29
4280,1518,0,0.09331,113.79,185.98,147.83,220.5
4281,1518,14,0.0447,487.76,76.57,496.0,132.67
4282,1518,14,0.00749,485.92,83.67,496.0,122.57
4283,1518,1,0.00392,113.08,186.52,147.35,220.7
4284,1518,14,0.00243,492.2,95.17,496.0,129.18
4285,1518,14,0.00165,480.83,84.75,496.0,126.24
4286,1520,14,0.8465,287.97,82.26,312.5,157.37
4287,1520,14,0.84026,428.79,55.53,452.36,121.05
4288,1520,8,0.82667,129.07,149.19,232.31,202.19
4289,1520,14,0.81538,329.01,78.88,356.6,148.83
4290,1520,8,0.78729,1.72,136.82,72.16,186.81
4291,1520,14,0.77588,100.37,111.99,121.05,160.33
4292,1520,14,0.75538,123.35,103.77,155.4,155.32
4293,1520,14,0.69255,218.15,63.17,247.32,130.5
4294,1520,14,0.56263,310.72,97.17,331.6,153.11
4295,1520,14,0.48386,127.06,104.15,156.77,138.23
4296,1520,14,0.09357,0.01,104.43,13.31,154.58
4297,1520,8,0.07341,0.29,134.66,35.83,186.43
4298,1520,14,0.0429,491.74,87.81,499.0,140.07
4299,1520,14,0.03355,488.78,47.26,499.0,142.81
4300,1520,14,0.01406,37.54,47.7,60.09,79.12
4301,1520,8,0.01108,0.02,132.59,15.29,206.89
4302,1520,14,0.00549,310.93,97.52,345.87,151.0
4303,1520,14,0.0048,122.63,104.44,151.12,132.64
4304,1520,14,0.00449,493.16,45.15,499.0,121.02
4305,1520,8,0.00328,325.79,93.76,345.08,129.25
4306,1520,14,0.00258,492.89,106.01,499.0,139.31
4307,1520,14,0.00236,493.9,71.82,499.0,145.68
4308,1520,8,0.00212,483.02,76.7,498.89,140.67
4309,1520,14,0.00194,489.09,26.5,499.0,118.81
4310,1520,14,0.00192,132.17,103.69,154.54,125.95
4311,1520,14,0.00192,0.0,146.66,8.14,210.77
4312,1520,14,0.00185,401.26,67.17,415.07,93.84
4313,1520,14,0.00167,483.2,56.26,498.94,140.2
4314,1520,8,0.00162,319.71,99.13,349.16,137.42
4315,1520,8,0.00161,307.44,104.29,327.21,149.98
4316,1520,8,0.00158,93.49,101.41,164.52,160.3
4317,1520,14,0.00149,494.04,67.46,499.0,115.09
4318,1520,8,0.00147,0.01,124.78,11.4,240.96
4319,1520,14,0.00132,222.25,89.42,247.19,127.91
4320,1520,14,0.00101,220.76,64.0,243.9,104.53
4321,1521,14,0.80542,172.29,141.71,219.27,251.89
4322,1521,5,0.79232,228.77,179.26,373.23,223.7
4323,1521,5,0.10299,303.48,177.81,373.31,220.35
4324,1521,5,0.00164,0.0,192.26,98.96,227.13
4325,1521,14,0.00111,495.89,183.41,500.0,226.27
4326,1521,14,0.001,492.82,150.02,500.0,219.83
4327,1524,14,0.84798,276.64,0.18,301.62,48.14
4328,1524,14,0.83438,31.86,0.01,52.61,25.88
4329,1524,14,0.1653,0.2,0.0,24.8,27.71
4330,1524,14,0.02264,395.26,1.48,411.64,37.19
4331,1524,14,0.01125,31.68,0.09,39.31,23.41
4332,1524,14,0.0055,9.05,0.0,23.98,26.7
4333,1524,14,0.0037,176.09,3.03,250.87,63.05
4334,1524,14,0.00174,0.09,2.18,58.28,62.35
4335,1524,7,0.00148,440.99,75.19,444.0,98.69
4336,1524,14,0.00105,399.73,0.12,418.66,36.49
4337,1528,14,0.83912,185.35,117.74,218.63,214.28
4338,1528,14,0.8302,400.1,151.47,451.82,241.46
4339,1528,14,0.78351,263.03,101.36,295.74,228.56
4340,1528,14,0.7275,230.82,128.85,255.64,219.23
4341,1528,14,0.66858,215.45,132.3,235.77,213.4
4342,1528,14,0.01423,0.0,115.18,5.0,191.2
4343,1528,8,0.01276,0.04,109.76,8.36,210.72
4344,1528,5,0.01272,0.01,136.79,6.89,197.64
4345,1528,5,0.00858,80.49,159.02,167.47,198.04
4346,1528,14,0.00594,0.01,132.74,7.05,241.22
4347,1528,5,0.00559,176.77,117.32,213.2,134.83
4348,1528,5,0.00407,0.0,156.34,5.22,194.95
4349,1528,5,0.00349,431.79,183.96,477.57,222.45
4350,1528,5,0.00334,3.93,157.46,171.5,195.38
4351,1528,5,0.00316,120.55,129.63,158.23,142.39
4352,1528,14,0.00308,0.0,120.65,8.71,186.49
4353,1528,14,0.00273,244.81,113.96,289.77,229.65
4354,1528,5,0.00133,38.44,98.84,73.46,114.8
4355,1528,8,0.00131,0.02,128.09,7.08,231.38
4356,1528,5,0.00118,0.01,156.16,5.11,221.93
4357,1528,5,0.00103,496.21,164.89,500.0,185.72
4358,1533,14,0.8394,312.04,36.37,330.08,85.79
4359,1533,14,0.02885,486.96,44.92,498.0,93.19
4360,1533,5,0.02193,428.67,204.39,465.12,242.48
4361,1533,14,0.01299,492.94,43.41,498.0,96.23
4362,1533,14,0.00916,494.05,58.23,498.0,96.75
4363,1533,5,0.00288,483.79,48.66,498.0,90.88
4364,1533,14,0.00273,491.28,55.0,498.0,101.33
4365,1533,2,0.00253,428.46,204.33,465.01,242.87
4366,1533,1,0.00198,427.9,204.6,465.04,240.32
4367,1533,5,0.00172,273.75,202.7,371.86,248.44
4368,1533,14,0.00148,0.0,0.0,7.08,86.3
4369,1533,14,0.00142,304.23,42.45,313.5,63.79
4370,1533,14,0.00104,0.0,35.38,4.23,74.38
4371,1540,0,0.76417,184.94,72.77,244.23,131.83
4372,1540,1,0.29926,291.36,12.67,342.28,67.22
4373,1540,0,0.0663,292.29,13.1,342.86,63.77
4374,1540,6,0.01036,0.0,125.26,19.72,191.34
4375,1540,13,0.00348,291.95,12.6,342.66,65.31
4376,1540,2,0.00149,293.01,12.95,343.35,63.66
4377,1543,7,0.8789,139.26,149.37,176.33,176.63
4378,1543,7,0.85322,199.2,46.0,228.14,70.62
4379,1543,17,0.79783,132.42,87.0,152.08,105.53
4380,1543,17,0.78268,225.76,104.04,243.8,121.88
4381,1544,15,0.90097,399.88,52.69,420.07,71.66
4382,1544,15,0.87901,349.18,56.0,364.75,72.28
4383,1549,8,0.20245,10.8,85.77,190.75,176.6
4384,1549,14,0.17639,144.46,64.83,166.85,93.14
4385,1549,8,0.15581,104.47,81.86,191.09,186.47
4386,1549,8,0.01616,9.19,84.8,112.65,175.97
4387,1549,8,0.01297,173.55,80.33,211.18,109.3
4388,1549,7,0.01058,12.72,84.09,108.58,169.98
4389,1549,14,0.002,47.52,43.81,60.8,78.39
4390,1551,4,0.9288,292.23,135.21,349.29,196.21
4391,1551,12,0.92554,220.99,145.98,260.91,183.13
4392,1551,0,0.89957,223.41,96.67,260.68,134.63
4393,1551,3,0.89644,139.46,135.04,195.75,208.15
4394,1551,1,0.8655,222.97,189.96,266.17,234.61
4395,1551,3,0.00301,0.0,105.86,30.24,225.63
4396,1552,2,0.89688,228.36,81.32,264.96,123.46
4397,1552,7,0.87784,221.46,42.26,249.96,65.26
4398,1553,8,0.79499,19.17,147.0,60.67,179.15
4399,1553,5,0.73973,303.27,146.44,321.27,162.49
4400,1553,5,0.73085,180.11,142.3,230.62,170.08
4401,1553,5,0.68506,328.0,149.25,347.17,163.45
4402,1553,5,0.58133,149.45,142.29,181.69,165.19
4403,1553,8,0.24841,101.58,146.51,118.13,172.31
4404,1553,14,0.20651,20.38,136.25,40.32,169.5
4405,1553,5,0.19691,229.34,147.77,256.21,167.48
4406,1553,5,0.15517,248.2,149.51,272.82,164.66
4407,1553,14,0.12662,22.49,144.99,46.08,168.47
4408,1553,14,0.09266,20.0,135.78,40.15,156.72
4409,1553,14,0.07876,353.66,150.17,365.72,165.34
4410,1553,5,0.05534,92.86,135.34,127.45,157.53
4411,1553,5,0.03474,257.96,149.84,272.8,165.37
4412,1553,5,0.03472,54.9,137.93,122.6,163.36
4413,1553,5,0.02261,54.99,138.83,98.36,162.57
4414,1553,8,0.015,100.73,144.66,121.17,163.63
4415,1553,8,0.01445,20.41,144.59,41.77,174.16
4416,1553,5,0.01415,130.32,140.4,153.36,158.63
4417,1553,14,0.01293,351.23,150.45,358.25,164.47
4418,1553,5,0.01232,401.39,152.64,417.43,161.77
4419,1553,5,0.01078,174.57,143.55,203.11,171.47
4420,1553,14,0.00999,350.28,147.84,356.19,161.53
4421,1553,5,0.00883,378.81,183.45,484.39,241.0
4422,1553,8,0.00824,271.98,146.79,286.87,165.41
4423,1553,5,0.00748,383.14,147.97,402.48,163.41
4424,1553,14,0.00599,229.55,143.59,243.96,159.15
4425,1553,14,0.0047,18.73,140.67,32.78,164.75
4426,1553,14,0.00441,127.89,138.73,152.75,154.66
4427,1553,5,0.00403,70.0,138.06,154.46,162.47
4428,1553,5,0.00397,172.27,150.24,196.31,172.24
4429,1553,14,0.00375,351.3,154.32,358.94,167.29
4430,1553,5,0.00375,99.02,135.94,130.57,151.58
4431,1553,5,0.00343,54.56,146.41,92.28,161.31
4432,1553,5,0.00332,229.77,145.77,247.85,164.73
4433,1553,5,0.00321,342.64,146.16,351.81,161.56
4434,1553,8,0.00321,352.9,158.15,364.62,169.29
4435,1553,14,0.00279,143.84,141.14,165.61,151.97
4436,1553,5,0.00272,0.01,150.11,7.87,167.05
4437,1553,5,0.00252,427.65,146.74,445.17,159.22
4438,1553,5,0.00239,178.74,144.4,256.68,190.65
4439,1553,5,0.00231,124.62,138.59,150.39,156.26
4440,1553,14,0.00222,352.54,152.72,366.99,170.92
4441,1553,5,0.00214,479.66,185.41,499.0,214.41
4442,1553,5,0.00202,342.31,144.25,355.73,159.63
4443,1553,8,0.00202,350.52,161.15,364.49,174.51
4444,1553,14,0.00201,26.1,136.64,45.65,161.34
4445,1553,8,0.00198,354.29,151.14,367.54,167.64
4446,1553,5,0.00194,326.88,148.9,339.63,160.98
4447,1553,14,0.00192,352.78,148.17,361.54,161.5
4448,1553,8,0.00179,91.81,135.73,122.97,161.5
4449,1553,14,0.00173,272.32,146.74,286.03,160.94
4450,1553,14,0.00163,342.75,145.04,356.06,159.28
4451,1553,14,0.00154,134.91,141.63,156.02,154.61
4452,1553,5,0.00146,235.34,148.75,255.65,164.1
4453,1553,8,0.00137,274.52,146.51,293.31,165.49
4454,1553,14,0.00123,272.59,146.55,293.74,162.03
4455,1553,5,0.00114,272.36,147.14,287.48,164.85
4456,1553,14,0.0011,24.36,136.17,40.74,151.5
4457,1553,14,0.00103,289.81,146.94,297.84,164.65
4458,1554,5,0.70646,66.97,126.41,85.09,141.31
4459,1554,5,0.46516,0.06,132.81,20.38,150.83
4460,1554,14,0.44997,326.82,120.76,339.96,137.83
4461,1554,5,0.29919,0.7,131.13,21.8,145.55
4462,1554,8,0.2023,24.25,128.92,34.26,149.35
4463,1554,5,0.1874,106.15,122.64,121.29,138.75
4464,1554,5,0.05314,33.3,130.15,53.35,146.19
4465,1554,14,0.04862,24.1,126.39,34.52,139.28
4466,1554,14,0.01827,24.8,126.59,34.32,146.61
4467,1554,5,0.0133,1.28,129.03,33.67,142.1
4468,1554,14,0.01181,106.91,124.02,124.23,139.87
4469,1554,5,0.00978,24.15,128.12,34.87,147.77
4470,1554,14,0.00777,112.16,125.69,124.74,140.77
4471,1554,14,0.00735,324.08,120.43,344.62,145.69
4472,1554,14,0.00663,13.69,126.47,34.82,138.6
4473,1554,8,0.00626,15.65,134.33,23.45,148.86
4474,1554,5,0.00514,52.26,126.52,64.45,144.29
4475,1554,5,0.00495,0.0,127.71,7.12,144.69
4476,1554,5,0.00445,144.19,156.22,254.57,225.0
4477,1554,8,0.00431,23.85,137.68,33.95,152.16
4478,1554,5,0.00363,23.83,125.71,34.63,141.89
4479,1554,5,0.00348,3.25,127.12,36.92,139.26
4480,1554,14,0.00329,16.05,132.17,23.18,146.2
4481,1554,8,0.00273,301.27,120.08,311.51,136.11
4482,1554,5,0.00263,0.0,124.3,3.69,141.62
4483,1554,5,0.0022,0.0,135.39,20.99,158.59
4484,1554,5,0.00185,0.0,145.32,21.08,172.58
4485,1554,8,0.00165,312.64,121.83,321.46,136.73
4486,1554,5,0.00123,42.63,130.9,53.57,146.42
4487,1554,5,0.00118,27.7,127.08,56.77,145.95
4488,1554,14,0.00113,1.69,132.6,22.63,149.08
4489,1558,15,0.87683,199.23,55.48,217.58,71.14
4490,1558,15,0.87327,226.03,52.67,241.7,66.17
4491,1561,9,0.88009,287.36,115.66,305.19,128.78
4492,1561,10,0.87404,388.4,104.49,404.27,117.58
4493,1561,11,0.85737,323.57,145.31,336.93,159.68
4494,1561,10,0.84811,292.32,89.74,307.44,103.69
4495,1561,17,0.83575,321.23,98.39,333.77,110.98
4496,1561,9,0.80589,349.25,108.58,361.7,120.75
4497,1561,9,0.68549,334.09,126.18,348.41,139.86
4498,1561,17,0.13621,334.06,125.94,348.4,139.76
4499,1561,17,0.09637,349.31,108.7,361.62,120.78
4500,1561,17,0.00432,287.35,115.9,305.39,128.89
4501,1561,6,0.00106,466.96,62.24,491.97,83.18
4502,1566,2,0.72458,267.86,156.12,302.89,189.65
4503,1566,2,0.60385,264.5,105.08,292.26,130.44
4504,1566,17,0.35095,267.65,156.16,303.32,189.91
4505,1566,17,0.21356,264.97,105.12,291.88,130.48
4506,1566,7,0.00179,265.81,86.13,349.72,131.68
4507,1567,15,0.8125,192.99,174.05,218.04,198.29
4508,1567,15,0.79219,223.93,142.21,242.56,157.87
4509,1567,7,0.78226,148.63,151.38,167.36,165.88
4510,1567,7,0.05878,272.69,129.56,284.64,144.86
4511,1569,4,0.30473,226.8,35.08,268.98,90.49
4512,1569,4,0.11753,226.41,2.43,273.67,87.67
4513,1569,15,0.02486,226.42,0.34,313.52,63.02
4514,1569,4,0.01281,267.71,17.95,320.11,54.53
4515,1569,15,0.00949,253.08,1.79,319.95,55.52
4516,1569,15,0.00155,236.41,15.59,320.75,57.84
4517,1569,4,0.00118,160.72,82.28,245.84,133.06
4518,1569,4,0.00116,236.1,83.04,267.19,99.99
4519,1571,7,0.86691,231.14,80.87,263.29,106.79
4520,1571,7,0.83777,409.66,82.31,446.19,109.31
4521,1571,7,0.00423,487.46,21.02,492.0,52.23
4522,1571,2,0.00413,486.71,94.65,492.0,123.16
4523,1571,7,0.00377,489.07,24.37,492.0,54.62
4524,1571,7,0.00355,479.95,20.66,492.0,50.41
4525,1571,15,0.00144,487.66,97.57,492.0,126.1
4526,1572,14,0.78554,205.76,144.48,222.11,169.32
4527,1572,14,0.7645,126.16,141.58,145.51,175.48
4528,1572,14,0.72429,222.63,141.14,234.42,167.21
4529,1572,14,0.69986,286.11,141.9,296.07,169.01
4530,1572,14,0.67996,262.61,141.43,272.85,164.68
4531,1572,14,0.66612,427.3,144.12,440.77,166.73
4532,1572,14,0.6348,441.04,151.58,461.24,176.7
4533,1572,14,0.4571,113.45,135.97,127.01,158.07
4534,1572,14,0.37223,399.2,140.32,416.13,173.22
4535,1572,14,0.23003,462.27,143.7,472.83,174.43
4536,1572,14,0.22861,492.25,142.84,500.0,176.8
4537,1572,14,0.17267,393.0,139.9,405.21,169.99
4538,1572,14,0.11257,449.3,143.86,464.21,178.5
4539,1572,14,0.09098,432.43,147.47,444.18,176.15
4540,1572,14,0.08013,463.13,157.0,472.75,177.75
4541,1572,14,0.05902,453.8,142.84,468.06,175.8
4542,1572,14,0.05395,227.44,122.3,240.18,139.18
4543,1572,14,0.05157,495.33,141.16,500.0,179.52
4544,1572,14,0.04653,349.4,130.49,363.73,146.34
4545,1572,14,0.04445,393.05,140.39,412.29,171.77
4546,1572,14,0.02963,320.03,139.17,331.35,167.53
4547,1572,14,0.02709,429.27,145.15,441.49,175.42
4548,1572,14,0.01861,402.59,151.57,415.27,172.88
4549,1572,14,0.01668,177.89,163.34,191.36,177.17
4550,1572,14,0.00849,452.2,140.26,465.31,158.18
4551,1572,16,0.00674,380.05,180.07,500.0,208.93
4552,1572,14,0.00499,62.09,127.8,82.07,157.88
4553,1572,14,0.00476,447.24,144.88,463.17,164.93
4554,1572,14,0.00468,349.9,121.9,365.3,146.89
4555,1572,14,0.00338,310.47,137.84,321.35,163.43
4556,1572,14,0.00312,440.48,151.8,452.14,176.9
4557,1572,14,0.00295,108.48,135.29,127.44,162.05
4558,1572,14,0.00283,321.31,150.56,330.41,167.36
4559,1572,16,0.00275,268.5,169.62,406.74,207.31
4560,1572,14,0.00238,493.21,111.8,500.0,136.79
4561,1572,14,0.00235,386.95,139.81,406.91,170.86
4562,1572,14,0.00215,114.74,133.46,131.01,153.75
4563,1572,14,0.00206,310.88,138.04,321.42,153.4
4564,1572,14,0.00205,453.68,141.25,471.87,164.89
4565,1572,14,0.00204,454.79,154.79,467.77,177.53
4566,1572,14,0.00182,491.98,119.96,500.0,163.79
4567,1572,14,0.00166,495.65,113.08,500.0,136.1
4568,1572,14,0.00151,221.48,141.68,230.77,168.31
4569,1572,16,0.00123,342.71,176.39,409.13,206.12
4570,1572,14,0.0011,348.64,118.43,367.09,140.16
4571,1572,16,0.00101,342.91,187.22,408.7,209.01
4572,1573,15,0.89113,154.4,133.09,198.1,177.71
4573,1573,7,0.88036,80.59,72.01,111.97,97.62
4574,1573,15,0.86571,206.17,52.68,238.45,79.41
4575,1573,7,0.49766,289.21,19.27,308.41,51.24
4576,1573,15,0.12364,158.78,55.82,173.68,71.1
4577,1574,12,0.84012,125.47,164.62,172.81,212.74
4578,1574,13,0.82867,113.11,95.75,156.31,137.56
4579,1574,6,0.02677,475.57,96.01,496.0,212.73
4580,1574,6,0.02433,476.21,107.73,496.0,158.18
4581,1574,6,0.02324,473.65,45.67,496.0,163.61
4582,1574,6,0.01082,476.02,85.91,496.0,171.33
4583,1574,6,0.0106,461.11,40.23,495.99,169.74
4584,1574,15,0.00647,112.77,94.93,157.19,139.69
4585,1574,6,0.00209,453.19,16.08,494.86,105.2
4586,1574,6,0.00124,409.54,120.72,446.29,180.01
4587,1575,15,0.91836,381.0,75.52,419.2,118.03
4588,1575,15,0.91322,256.99,72.77,307.06,129.13
4589,1576,2,0.88829,321.45,166.64,356.89,205.87
4590,1576,7,0.87265,391.45,154.69,420.26,182.01
4591,1584,8,0.83973,464.23,67.8,500.0,133.19
4592,1584,8,0.66768,228.41,127.86,283.51,168.39
4593,1584,8,0.57392,379.8,89.77,435.24,149.25
4594,1584,8,0.52212,339.01,98.35,376.14,149.83
4595,1584,8,0.18229,0.0,169.73,15.69,232.98
4596,1584,8,0.13855,0.0,166.61,17.51,256.0
4597,1584,14,0.06052,320.3,84.93,341.58,111.26
4598,1584,8,0.05322,296.65,89.21,348.79,157.12
4599,1584,14,0.04258,39.43,128.47,68.65,189.31
4600,1584,8,0.03237,0.09,168.58,15.83,195.16
4601,1584,8,0.01639,55.38,141.31,134.1,213.21
4602,1584,8,0.01222,462.79,81.77,491.57,133.64
4603,1584,14,0.01138,0.0,160.83,15.21,205.76
4604,1584,14,0.01129,0.0,167.03,13.72,234.59
4605,1584,14,0.01089,81.63,113.45,102.86,141.55
4606,1584,8,0.01079,373.47,92.74,402.38,138.81
4607,1584,8,0.00873,0.0,117.25,15.91,253.48
4608,1584,14,0.00748,0.0,168.2,8.26,214.32
4609,1584,14,0.0067,0.01,152.64,13.67,190.86
4610,1584,14,0.00647,0.07,167.57,16.02,193.28
4611,1584,14,0.00598,0.0,168.31,10.43,197.81
4612,1584,14,0.0059,0.0,152.93,7.64,193.49
4613,1584,8,0.00577,374.14,89.41,417.86,143.03
4614,1584,8,0.00574,0.0,155.24,18.84,194.67
4615,1584,14,0.00321,0.01,146.92,4.75,190.21
4616,1584,14,0.00296,0.65,156.33,21.83,188.35
4617,1584,8,0.00278,6.52,167.81,22.06,192.9
4618,1584,14,0.00272,9.3,163.4,22.51,192.07
4619,1584,8,0.00219,5.19,159.96,25.35,193.57
4620,1584,8,0.00197,288.0,83.69,377.34,157.46
4621,1584,14,0.00189,379.76,60.79,398.05,102.12
4622,1584,8,0.00121,309.13,119.11,347.91,156.75
4623,1584,14,0.00104,362.57,60.77,397.78,98.51
4624,1587,11,0.88139,156.7,204.04,171.82,220.77
4625,1587,11,0.84748,180.26,190.77,193.9,205.38
4626,1587,10,0.8426,215.74,193.2,232.05,208.13
4627,1587,10,0.81324,120.04,206.99,135.35,223.2
4628,1587,11,0.5507,79.97,197.16,95.99,213.82
4629,1587,11,0.18166,60.8,212.17,76.19,229.06
4630,1587,9,0.17903,79.78,197.24,95.83,213.88
4631,1587,9,0.10425,60.63,212.12,76.05,229.0
4632,1587,3,0.01273,188.85,90.04,347.21,175.72
4633,1589,17,0.87583,240.62,203.52,253.29,217.15
4634,1589,10,0.86861,200.6,159.98,216.75,173.61
4635,1589,17,0.86653,173.96,189.17,188.88,205.56
4636,1589,10,0.861,177.27,168.56,190.91,183.82
4637,1589,17,0.85943,262.76,193.49,275.71,206.67
4638,1589,11,0.84528,240.8,161.22,257.23,173.9
4639,1589,11,0.80094,219.67,184.08,234.21,198.89
4640,1589,17,0.61894,195.63,202.45,211.63,216.6
4641,1589,9,0.33564,195.98,202.38,211.72,216.62
4642,1593,15,0.75594,248.45,31.43,318.16,109.25
4643,1593,14,0.00343,316.64,95.75,339.42,149.9
4644,1593,6,0.0026,490.1,113.33,500.0,164.36
4645,1593,14,0.00234,485.88,58.58,500.0,166.03
4646,1593,15,0.00127,268.6,28.23,338.11,106.45
4647,1593,15,0.00115,249.21,38.26,289.87,107.53
4648,1594,10,0.89641,349.33,16.41,368.6,35.82
4649,1594,10,0.89111,246.15,111.62,269.82,131.51
4650,1594,9,0.88416,364.33,102.85,386.46,124.22
4651,1594,11,0.88242,412.94,138.95,438.63,162.06
4652,1594,17,0.87465,289.3,88.44,307.46,106.08
4653,1594,9,0.81508,313.02,145.14,336.65,169.26
4654,1594,17,0.81147,322.56,66.03,340.12,83.75
4655,1594,17,0.32652,312.93,145.29,336.23,169.32
4656,1598,15,0.8794,218.6,155.34,235.55,171.14
4657,1598,15,0.86832,263.92,153.73,278.47,166.7
4658,1598,15,0.00313,183.25,150.51,204.65,160.23
4659,1600,5,0.77482,91.1,147.04,120.24,159.44
4660,1600,5,0.58007,423.65,140.78,436.89,149.96
4661,1600,5,0.00465,0.0,208.2,5.31,233.26
4662,1600,5,0.00246,0.0,219.46,5.55,244.37
4663,1600,8,0.00177,376.78,246.11,385.99,255.96
4664,1600,5,0.00156,0.03,223.86,4.46,238.37
4665,1600,5,0.00122,172.66,162.33,208.07,183.74
4666,1600,5,0.00118,0.02,206.07,4.63,223.82
4667,1600,5,0.0011,104.05,149.1,121.04,159.49
4668,1600,14,0.00106,0.02,134.22,4.24,153.95
4669,1602,14,0.82821,220.24,115.38,239.16,134.11
4670,1602,16,0.82353,7.07,145.06,21.76,166.02
4671,1602,16,0.80948,32.86,143.68,46.67,162.9
4672,1602,16,0.80265,20.5,143.81,32.92,164.48
4673,1602,8,0.77827,257.98,133.54,275.73,154.54
4674,1602,16,0.76149,0.01,145.23,6.75,165.82
4675,1602,8,0.74987,218.01,129.88,239.37,161.69
4676,1602,16,0.72237,46.52,143.11,57.81,161.98
4677,1602,16,0.68747,57.56,142.23,68.27,161.35
4678,1602,16,0.67158,147.8,136.36,157.29,146.41
4679,1602,16,0.66855,77.36,141.89,87.83,158.56
4680,1602,16,0.6663,94.79,142.13,103.48,157.23
4681,1602,16,0.66072,68.02,141.41,77.79,159.31
4682,1602,16,0.64358,102.72,141.63,112.13,157.25
4683,1602,16,0.61712,87.22,141.68,95.42,157.56
4684,1602,16,0.60529,110.34,134.76,119.53,144.71
4685,1602,14,0.53535,258.63,123.35,275.64,138.12
4686,1602,16,0.19299,106.19,138.97,114.82,149.91
4687,1602,16,0.10849,91.42,141.37,100.17,157.27
4688,1602,16,0.08337,81.06,141.41,91.84,158.23
4689,1602,8,0.04083,288.75,135.07,300.18,151.47
4690,1602,16,0.03784,106.59,136.07,118.45,144.7
4691,1602,16,0.03524,105.5,142.0,114.66,157.22
4692,1602,16,0.01987,110.02,139.18,123.08,156.69
4693,1602,5,0.0156,250.67,128.99,260.38,140.83
4694,1602,16,0.015,98.31,141.78,106.11,158.07
4695,1602,8,0.00607,250.29,131.12,259.0,146.01
4696,1602,16,0.00517,154.57,133.65,161.87,140.69
4697,1602,5,0.00465,249.52,130.58,258.82,144.81
4698,1602,16,0.0035,110.64,143.87,120.63,156.36
4699,1602,5,0.0027,252.19,127.01,262.34,136.41
4700,1602,16,0.00246,135.85,137.13,149.02,146.53
4701,1602,16,0.00225,156.93,129.19,166.36,143.18
4702,1602,16,0.00214,116.64,135.51,125.56,144.66
4703,1602,16,0.00212,206.69,136.47,217.03,154.14
4704,1602,16,0.00205,160.07,134.87,171.12,146.46
4705,1602,17,0.00201,452.01,139.62,460.86,149.3
4706,1602,16,0.0016,110.57,143.29,120.14,151.12
4707,1602,16,0.00141,100.65,138.01,109.47,147.46
4708,1602,16,0.00136,87.18,152.12,94.49,160.69
4709,1602,8,0.00135,208.11,134.77,217.96,153.1
4710,1602,5,0.00126,475.81,49.2,488.0,91.76
4711,1602,16,0.00102,139.67,148.99,150.63,158.08
4712,1603,14,0.8323,356.38,83.39,381.2,181.89
4713,1603,14,0.82693,444.09,83.18,474.81,187.06
4714,1603,14,0.69642,177.48,90.04,223.72,171.13
4715,1603,14,0.37841,176.25,88.8,203.66,171.02
4716,1603,14,0.3388,196.66,91.95,224.12,167.64
4717,1603,14,0.09478,145.05,87.82,176.0,169.05
4718,1603,5,0.00657,490.1,131.61,500.0,166.36
4719,1603,5,0.00287,35.77,121.06,156.68,163.17
4720,1603,8,0.00266,0.03,102.88,13.26,174.78
4721,1603,8,0.00246,436.4,76.16,494.65,190.0
4722,1603,5,0.00237,219.99,118.24,257.85,147.51
4723,1603,5,0.00188,151.17,85.35,230.37,170.33
4724,1603,14,0.00187,36.93,68.29,64.93,116.86
4725,1603,14,0.00139,0.0,107.59,9.42,162.24
4726,1603,14,0.00126,179.89,88.4,200.21,109.32
4727,1610,10,0.89436,250.15,90.46,272.52,111.37
4728,1610,9,0.87959,201.69,52.73,224.79,74.66
4729,1610,10,0.87435,253.63,133.64,273.58,157.2
4730,1610,17,0.87027,120.81,101.26,138.75,119.37
4731,1610,11,0.86327,175.22,107.46,198.19,132.17
4732,1610,11,0.85874,210.52,180.98,236.84,201.99
4733,1610,17,0.8305,157.33,58.41,180.42,78.2
4734,1610,17,0.82456,120.77,141.93,139.23,160.36
4735,1610,9,0.81103,120.6,141.84,139.24,160.6
4736,1610,9,0.03342,157.19,58.42,180.86,78.42
4737,1611,7,0.86537,46.5,98.44,72.2,118.52
4738,1611,7,0.84206,214.4,143.79,240.04,165.5
4739,1611,17,0.00394,0.0,142.57,6.86,159.64
4740,1611,7,0.00139,0.0,141.82,7.4,159.67
4741,1612,2,0.89555,265.66,124.34,299.91,166.53
4742,1612,17,0.83982,326.55,106.66,344.92,123.97
4743,1612,17,0.83341,364.63,199.26,386.23,220.03
4744,1612,2,0.00348,228.23,124.13,299.12,167.2
4745,1615,4,0.90833,160.77,32.88,217.96,95.39
4746,1615,13,0.8701,150.96,127.99,189.42,166.18
4747,1615,1,0.84473,65.78,132.98,108.59,173.57
4748,1615,3,0.00604,474.77,47.97,497.0,98.83
4749,1615,3,0.0048,0.0,56.57,13.52,113.85
4750,1615,3,0.00359,468.14,0.77,497.0,32.41
4751,1615,3,0.00334,0.0,71.07,13.36,146.39
4752,1615,3,0.00235,483.24,46.9,497.0,96.83
4753,1615,3,0.00233,468.14,4.0,497.0,68.88
4754,1615,3,0.0022,0.18,50.91,20.73,113.4
4755,1615,3,0.00168,477.21,19.2,497.0,82.21
4756,1615,3,0.00128,0.0,92.9,13.28,187.99
4757,1616,2,0.8821,106.34,149.49,138.79,188.13
4758,1616,17,0.78168,193.2,119.02,210.26,136.41
4759,1616,2,0.12482,86.29,86.49,111.99,112.77
4760,1618,10,0.89245,257.55,11.56,273.91,25.38
4761,1618,10,0.84938,233.67,18.86,247.75,34.49
4762,1618,17,0.83786,318.17,46.99,331.81,60.71
4763,1618,11,0.82953,275.89,36.16,290.3,50.86
4764,1618,17,0.82733,295.81,55.87,309.27,69.71
4765,1618,11,0.81111,297.54,13.97,314.91,27.5
4766,1618,9,0.77467,251.15,52.87,267.53,67.11
4767,1618,9,0.75406,230.05,38.71,245.4,55.64
4768,1618,17,0.0275,230.08,38.85,245.56,55.52
4769,1620,5,0.64353,27.5,100.14,46.86,118.05
4770,1620,16,0.00831,0.01,112.91,2.95,135.84
4771,1620,16,0.00654,0.0,113.62,2.85,127.07
4772,1620,8,0.00126,55.26,97.75,65.69,114.98
4773,1620,8,0.00105,64.73,98.16,74.08,113.33
4774,1620,14,0.00101,0.01,89.98,3.12,123.84
4775,1622,10,0.87031,210.99,160.76,223.8,171.81
4776,1622,11,0.85664,200.52,187.3,214.57,198.49
4777,1622,10,0.85309,217.87,172.17,228.86,183.47
4778,1622,17,0.84359,144.34,173.8,154.39,183.91
4779,1622,17,0.82484,147.92,184.28,157.83,194.85
4780,1622,11,0.81307,174.2,170.96,186.68,182.41
4781,1622,17,0.71251,159.96,159.39,171.89,169.87
4782,1622,17,0.30448,181.95,154.21,194.89,165.19
4783,1622,9,0.01885,181.77,154.34,194.82,165.31
4784,1622,10,0.00642,214.36,163.96,226.02,173.47
4785,1622,17,0.00428,145.72,177.3,156.27,189.41
4786,1624,9,0.88514,120.6,54.85,144.31,74.03
4787,1624,9,0.83536,37.04,38.19,57.16,57.1
4788,1624,10,0.69051,265.73,11.18,284.99,31.43
4789,1624,9,0.41799,144.35,6.01,167.03,24.48
4790,1624,10,0.00355,0.01,148.75,4.51,166.99
4791,1624,17,0.00218,36.88,38.25,57.12,56.81
4792,1624,10,0.00217,0.01,5.54,2.95,19.46
4793,1624,11,0.00155,282.59,157.39,303.92,175.31
4794,1624,10,0.00124,251.47,88.29,266.23,105.44
4795,1627,15,0.94122,351.4,36.92,424.01,105.87
4796,1627,15,0.93552,184.32,59.62,247.63,122.6
4797,1632,10,0.87601,158.66,107.64,178.58,125.19
4798,1632,9,0.87229,251.38,88.55,272.14,104.84
4799,1632,11,0.84843,303.39,101.75,325.55,117.7
4800,1632,17,0.84771,186.51,87.84,202.57,103.85
4801,1632,10,0.83273,210.31,37.72,225.97,53.93
4802,1632,17,0.82929,203.67,73.23,218.64,88.2
4803,1632,17,0.82092,229.18,118.26,248.63,138.9
4804,1633,14,0.86137,190.15,115.13,222.6,196.17
4805,1633,5,0.70458,194.35,137.29,340.49,182.02
4806,1633,5,0.5285,1.65,147.62,169.09,190.22
4807,1633,5,0.40208,267.29,136.67,339.04,180.97
4808,1633,5,0.1201,0.39,114.82,174.44,190.94
4809,1633,5,0.01251,249.22,111.0,394.75,167.45
4810,1633,5,0.00849,496.02,135.63,500.0,168.41
4811,1633,5,0.00715,448.12,136.01,500.0,184.25
4812,1633,14,0.00529,495.21,127.55,500.0,196.09
4813,1633,5,0.00469,492.59,133.34,500.0,177.41
4814,1633,5,0.0036,481.66,135.62,500.0,189.47
4815,1633,14,0.00298,492.57,141.33,500.0,190.87
4816,1633,5,0.00221,0.01,140.72,24.52,194.71
4817,1633,14,0.00198,485.35,137.01,500.0,192.78
4818,1633,5,0.00186,45.1,149.66,205.42,188.2
4819,1633,14,0.00142,490.32,125.02,500.0,194.82
4820,1633,14,0.0013,451.72,149.6,462.84,175.09
4821,1633,5,0.0012,121.83,123.19,214.9,181.0
4822,1637,11,0.89965,348.37,170.1,367.43,188.62
4823,1637,10,0.88189,408.32,158.23,427.48,174.9
4824,1637,10,0.87368,417.13,184.43,434.05,202.6
4825,1637,9,0.85975,329.66,141.93,347.61,157.6
4826,1637,11,0.85936,385.79,214.13,408.13,232.25
4827,1637,9,0.85399,364.48,137.52,383.62,154.28
4828,1637,17,0.77522,302.38,167.45,317.57,183.19
4829,1637,17,0.63609,305.48,191.65,320.85,207.98
4830,1637,9,0.01064,302.46,167.38,317.57,183.31
4831,1637,17,0.00102,364.28,137.75,383.73,154.02
4832,1638,4,0.90955,109.66,113.47,164.6,157.26
4833,1638,0,0.89733,206.84,83.04,238.82,113.22
4834,1638,0,0.89464,108.81,180.13,145.25,214.66
4835,1638,12,0.89414,151.57,66.25,179.6,91.45
4836,1638,3,0.89198,221.28,176.81,294.62,228.93
4837,1638,13,0.88726,175.16,133.56,207.1,164.73
4838,1638,12,0.8843,62.37,111.92,90.81,139.53
4839,1638,1,0.878,243.32,121.49,276.46,154.74
4840,1638,3,0.83162,235.16,58.79,306.69,81.43
4841,1638,13,0.00737,151.47,65.97,179.68,91.77
4842,1638,1,0.00111,108.8,180.09,145.03,215.14
4843,1638,14,0.00104,334.97,0.2,355.23,6.2
4844,1640,11,0.89726,226.21,40.21,255.33,64.6
4845,1640,9,0.88819,83.33,53.14,113.76,80.28
4846,1640,11,0.8649,66.26,137.34,106.33,170.45
4847,1640,11,0.12241,208.4,95.67,245.41,125.55
4848,1640,9,0.02593,208.61,95.63,245.36,126.09
4849,1640,16,0.01624,208.75,95.67,245.3,125.62
4850,1640,7,0.01332,474.61,105.43,503.0,161.82
4851,1640,6,0.00582,474.25,104.46,503.0,167.54
4852,1640,8,0.00195,471.99,102.34,503.0,249.0
4853,1643,5,0.86696,234.43,119.99,443.52,228.68
4854,1643,8,0.43666,0.23,73.76,103.39,172.77
4855,1643,5,0.09504,175.57,113.12,269.58,232.73
4856,1643,5,0.03361,172.4,114.83,260.86,159.05
4857,1643,14,0.01744,101.63,42.1,176.59,159.58
4858,1643,14,0.00763,121.11,51.84,145.95,107.02
4859,1643,14,0.0034,480.13,136.67,499.0,226.94
4860,1643,14,0.00231,24.67,29.78,49.88,75.41
4861,1643,14,0.00207,120.76,48.26,171.64,113.96
4862,1643,14,0.00205,120.22,48.0,152.73,124.84
4863,1643,14,0.00205,468.63,125.59,491.93,156.97
4864,1643,14,0.00146,472.59,112.41,499.0,230.65
4865,1643,14,0.00116,414.97,133.96,448.29,215.89
4866,1643,14,0.00114,462.07,121.87,499.0,147.22
4867,1643,14,0.00109,473.49,126.59,495.8,149.31
4868,1643,14,0.00104,468.41,134.12,486.27,156.72
4869,1645,7,0.84397,132.36,120.56,158.4,136.84
4870,1645,7,0.82827,71.66,172.11,89.42,189.21
4871,1647,7,0.92694,171.3,170.38,253.45,223.0
4872,1647,7,0.90022,361.66,155.51,455.77,207.2
4873,1650,15,0.92754,231.04,28.2,282.0,85.59
4874,1650,15,0.91669,358.02,32.65,395.5,75.84
4875,1651,15,0.91003,397.91,95.45,433.94,130.04
4876,1654,8,0.63945,88.14,0.21,198.58,71.65
4877,1654,8,0.6345,0.08,0.11,51.73,56.59
4878,1654,8,0.57428,138.37,0.14,197.18,48.11
4879,1654,8,0.01243,0.0,0.0,50.86,31.38
4880,1654,8,0.00485,312.96,0.41,385.61,53.03
4881,1654,8,0.00397,159.13,0.47,195.59,22.34
4882,1654,8,0.00241,139.55,1.07,165.59,50.22
4883,1654,8,0.00234,349.19,0.38,380.55,51.96
4884,1654,8,0.00131,150.36,0.51,193.62,37.04
4885,1655,2,0.86813,213.69,175.06,234.79,203.61
4886,1655,2,0.85296,277.23,190.45,309.75,213.97
4887,1656,5,0.83492,351.63,1.34,453.0,67.26
4888,1656,8,0.00946,354.14,1.89,409.85,67.77
4889,1656,7,0.00574,343.66,0.43,453.0,66.66
4890,1656,8,0.00379,286.2,5.76,416.86,68.46
4891,1656,8,0.00129,333.16,2.38,409.52,38.13
4892,1658,15,0.84802,66.01,29.27,95.63,57.43
4893,1658,15,0.84184,158.79,82.39,199.12,115.45
4894,1658,15,0.82719,42.55,103.02,76.14,132.58
4895,1659,11,0.88352,341.09,199.09,355.75,215.26
4896,1659,10,0.84825,305.12,201.65,319.81,217.79
4897,1659,11,0.83351,361.93,186.64,375.57,201.0
4898,1659,10,0.82406,398.48,189.63,415.16,204.17
4899,1659,10,0.23337,248.02,205.9,262.56,221.71
4900,1659,9,0.21041,247.99,205.88,262.6,221.72
4901,1659,9,0.00578,264.0,192.2,279.74,208.67
4902,1659,11,0.00562,264.09,192.29,280.0,208.32
4903,1659,11,0.0035,248.06,205.81,262.43,221.99
4904,1659,3,0.002,347.73,91.89,492.0,176.62
4905,1659,3,0.00188,66.7,108.43,238.98,203.84
4906,1662,15,0.91834,264.08,24.61,299.79,58.67
4907,1662,0,0.02305,492.86,1.03,497.0,20.22
4908,1662,15,0.00319,492.33,0.73,497.0,20.53
4909,1662,14,0.00273,489.55,161.36,496.98,204.54
4910,1662,14,0.0016,490.44,142.41,497.0,196.77
4911,1662,14,0.00145,487.18,133.52,497.0,249.0
4912,1666,2,0.8934,218.65,37.82,257.7,85.78
4913,1666,7,0.88603,146.81,28.6,182.66,58.95
4914,1667,2,0.85398,55.5,52.56,83.75,81.73
4915,1667,2,0.74773,176.36,49.12,199.68,70.97
4916,1667,2,0.00234,226.89,7.09,241.59,25.43
4917,1667,2,0.00164,493.63,124.76,498.0,151.01
4918,1669,2,0.8655,429.51,186.63,464.5,210.53
4919,1669,2,0.84988,364.69,169.33,384.86,198.26
4920,1673,2,0.84422,295.08,43.69,328.8,78.29
4921,1673,2,0.00543,504.78,59.32,510.0,90.74
4922,1673,17,0.00412,0.0,12.56,4.71,37.02
4923,1673,2,0.0016,500.91,99.15,510.0,140.22
4924,1676,15,0.86142,196.33,141.99,213.57,157.24
4925,1676,15,0.84976,240.97,139.84,256.0,152.89
4926,1676,15,0.00196,161.4,137.09,180.93,147.78
4927,1677,10,0.8835,101.5,77.52,115.11,91.46
4928,1677,9,0.87698,152.81,104.75,169.2,118.72
4929,1677,10,0.87588,95.66,92.1,110.45,106.58
4930,1677,11,0.85664,129.99,64.62,146.21,77.34
4931,1677,11,0.83055,147.01,85.65,160.8,99.7
4932,1677,17,0.81387,185.33,77.4,197.41,89.69
4933,1677,9,0.35068,122.53,105.28,138.04,120.22
4934,1677,17,0.10746,122.55,105.32,137.82,120.43
4935,1677,17,0.05445,183.31,90.86,196.21,103.4
4936,1677,6,0.02226,468.09,75.94,507.0,175.34
4937,1678,8,0.76847,56.1,5.7,89.6,50.21
4938,1678,5,0.68007,57.66,0.98,118.96,27.32
4939,1678,8,0.21211,43.26,0.0,70.67,19.31
4940,1678,8,0.05334,53.07,1.74,225.12,59.49
4941,1678,8,0.00734,80.89,0.83,218.9,44.43
4942,1678,8,0.00123,55.68,0.11,84.84,18.63
4943,1683,2,0.879,62.62,111.27,96.3,154.07
4944,1683,17,0.82547,124.98,93.84,142.92,111.65
4945,1683,17,0.80268,162.66,186.22,182.71,207.36
4946,1684,4,0.92437,207.34,112.89,267.11,186.02
4947,1684,3,0.88496,327.27,109.84,382.21,182.71
4948,1684,3,0.82465,109.23,112.52,161.53,190.74
4949,1684,6,0.00974,395.01,155.48,452.85,206.66
4950,1686,7,0.00249,339.74,153.59,380.5,176.32
4951,1686,8,0.00109,38.65,33.07,81.05,85.67
4952,1688,7,0.9227,163.29,60.44,245.16,113.55
4953,1688,7,0.88496,355.58,43.94,449.3,96.56
4954,1688,7,0.00217,392.31,44.42,448.56,89.7
4955,1690,10,0.90145,266.19,125.15,287.56,145.3
4956,1690,10,0.88193,142.41,88.04,163.43,106.92
4957,1690,9,0.87263,296.7,85.53,319.35,102.9
4958,1690,11,0.86381,258.13,39.49,273.63,54.87
4959,1690,9,0.85977,239.23,70.89,256.11,88.33
4960,1690,17,0.8551,188.36,108.63,204.99,124.67
4961,1690,17,0.84282,221.05,114.61,237.96,130.75
4962,1692,11,0.88354,272.93,218.85,290.8,233.52
4963,1692,10,0.86815,152.06,200.31,169.88,215.13
4964,1692,10,0.85898,226.79,157.74,242.24,171.89
4965,1692,9,0.85823,237.87,201.52,254.05,216.16
4966,1692,17,0.85122,184.15,190.52,197.95,204.26
4967,1692,17,0.85027,207.7,183.5,220.85,196.66
4968,1692,17,0.72362,200.74,219.19,218.89,236.43
4969,1692,9,0.38009,200.77,219.18,218.92,236.46
4970,1693,2,0.90585,210.37,86.27,239.66,124.26
4971,1693,2,0.84804,115.78,56.8,145.77,76.94
4972,1693,2,0.74555,210.24,37.82,227.45,54.93
4973,1701,7,0.85293,31.73,50.41,52.33,71.47
4974,1701,7,0.79124,146.62,63.59,169.51,83.95
4975,1701,17,0.00204,241.27,13.66,256.64,31.3
4976,1702,7,0.88017,216.84,45.07,249.96,73.76
4977,1706,10,0.88554,347.11,133.13,372.55,156.71
4978,1706,11,0.85969,220.0,19.71,236.09,35.02
4979,1706,10,0.84322,181.43,74.44,202.44,93.88
4980,1706,11,0.80386,212.91,192.01,238.05,215.07
4981,1706,11,0.19665,181.47,74.49,202.36,93.81
4982,1709,17,0.86613,159.81,141.87,189.09,168.19
4983,1709,17,0.47122,125.85,150.8,147.6,171.39
4984,1709,17,0.00585,263.92,107.93,286.13,128.07
4985,1709,17,0.00271,119.29,150.6,140.73,175.2
4986,1709,17,0.00101,125.62,140.85,189.6,169.22
4987,1710,15,0.90606,326.64,65.48,366.03,107.27
4988,1710,15,0.89799,138.56,88.23,185.41,142.64
4989,1713,14,0.83707,271.47,114.51,286.45,144.48
4990,1713,14,0.73086,117.17,150.04,130.08,173.75
4991,1713,14,0.65684,49.88,147.74,67.27,181.55
4992,1713,14,0.63256,75.26,157.12,89.81,182.16
4993,1713,14,0.6296,90.56,153.2,103.45,178.94
4994,1713,14,0.03095,0.0,159.53,8.35,187.28
4995,1713,14,0.02896,0.01,162.86,4.91,187.27
4996,1713,14,0.00723,0.0,141.32,5.56,188.86
4997,1713,14,0.0047,0.0,160.56,7.2,208.2
4998,1713,14,0.00384,0.0,156.99,4.72,204.6
4999,1713,14,0.00164,25.37,158.43,39.56,188.17
5000,1713,14,0.00145,75.85,144.08,92.2,182.0
5001,1713,14,0.00133,113.47,143.62,131.08,173.08
5002,1715,10,0.88731,66.7,169.43,85.5,187.86
5003,1715,9,0.87646,141.42,192.54,162.75,210.56
5004,1715,11,0.87342,113.91,128.92,134.72,144.56
5005,1715,10,0.8695,76.01,146.64,93.01,164.98
5006,1715,17,0.8654,185.57,151.05,200.7,166.63
5007,1715,11,0.84312,134.88,162.29,152.39,180.28
5008,1715,9,0.83227,182.64,172.1,198.24,188.15
5009,1715,17,0.62835,101.32,191.89,121.23,211.73
5010,1715,9,0.4115,100.95,191.78,121.23,211.78
5011,1715,6,0.00504,427.36,27.61,478.83,87.99
5012,1715,6,0.00424,351.55,98.81,424.91,200.97
5013,1716,13,0.8951,282.76,111.07,320.35,149.02
5014,1716,3,0.89452,149.86,137.92,203.19,200.04
5015,1716,3,0.86112,223.6,67.65,255.99,106.26
5016,1716,1,0.84002,227.57,138.51,268.41,180.68
5017,1716,3,0.8026,161.05,99.54,234.47,127.54
5018,1718,17,0.69547,211.37,147.51,227.04,163.55
5019,1718,9,0.65284,39.06,170.35,59.29,188.81
5020,1718,9,0.3138,139.19,188.79,162.38,205.07
5021,1718,10,0.0019,38.8,170.47,59.17,188.68
5022,1719,2,0.87325,142.78,84.67,163.14,111.28
5023,1719,2,0.86521,167.11,39.24,185.04,63.45
5024,1719,2,0.86414,49.1,23.23,67.44,47.82
5025,1719,2,0.84111,45.97,77.13,66.43,104.82
5026,1721,15,0.88587,401.61,112.33,424.32,134.86
5027,1721,15,0.87953,352.9,107.99,374.1,127.0
5028,1721,15,0.00585,478.7,81.78,486.97,99.81
5029,1721,15,0.00445,318.31,0.89,354.93,9.74
5030,1721,15,0.0019,337.79,0.7,356.6,8.91
5031,1721,7,0.00129,18.86,146.01,137.89,230.37
5032,1722,14,0.71032,300.96,140.86,319.42,172.08
5033,1722,14,0.68825,144.09,141.04,168.69,171.47
5034,1722,14,0.68186,90.98,129.5,119.51,176.39
5035,1722,14,0.67079,50.75,124.08,69.93,158.03
5036,1722,14,0.48118,287.72,137.72,307.17,169.72
5037,1722,14,0.38572,0.01,121.44,7.93,152.78
5038,1722,14,0.07536,322.04,140.34,338.23,171.19
5039,1722,14,0.05074,0.01,124.4,5.35,158.15
5040,1722,5,0.0237,0.0,113.66,7.87,124.1
5041,1722,14,0.01915,0.0,118.84,5.4,190.15
5042,1722,14,0.01079,110.06,130.99,123.56,162.56
5043,1722,14,0.00824,90.95,130.18,109.7,166.1
5044,1722,14,0.00813,19.25,122.31,33.25,139.21
5045,1722,5,0.00702,0.0,114.22,8.03,132.74
5046,1722,14,0.00664,0.0,113.81,10.16,194.69
5047,1722,14,0.00618,92.78,123.52,113.5,145.67
5048,1722,5,0.00488,0.0,119.85,7.61,150.95
5049,1722,14,0.00396,91.87,130.06,106.66,155.54
5050,1722,5,0.00286,318.07,138.35,330.04,146.92
5051,1722,14,0.00241,112.56,133.01,127.84,162.83
5052,1722,8,0.00227,79.36,125.58,135.43,174.82
5053,1722,14,0.00163,19.58,119.27,30.55,134.09
5054,1722,14,0.00144,105.27,131.6,118.62,165.9
5055,1722,14,0.00113,0.07,121.5,17.44,153.2
5056,1722,14,0.00109,107.37,131.68,118.11,156.1
5057,1722,14,0.00103,347.02,142.27,365.28,163.16
5058,1723,2,0.88477,138.13,135.39,176.35,177.39
5059,1723,17,0.75819,44.39,191.56,68.53,212.38
5060,1723,17,0.51649,63.43,113.27,84.66,132.83
5061,1723,2,0.12101,63.65,113.1,84.75,132.95
5062,1723,2,0.01645,44.62,191.6,68.46,212.39
5063,1724,15,0.92386,288.74,83.15,328.4,129.66
5064,1724,15,0.91617,269.16,187.45,307.98,232.98
5065,1726,17,0.86722,66.87,159.69,82.97,175.75
5066,1726,17,0.19094,145.73,126.14,160.42,141.87
5067,1726,2,0.00332,159.84,130.9,175.37,145.69
5068,1727,10,0.88759,251.84,200.29,278.1,229.45
5069,1727,10,0.88188,136.94,148.54,161.16,171.89
5070,1727,11,0.7866,230.66,156.38,254.55,179.93
5071,1727,11,0.11968,173.32,217.13,199.62,243.27
5072,1727,2,0.07536,90.21,139.41,113.25,160.04
5073,1727,0,0.04464,173.26,216.8,199.49,243.37
5074,1727,9,0.00289,90.61,139.48,113.56,159.91
5075,1729,5,0.7895,201.37,130.99,218.49,144.73
5076,1729,5,0.78842,223.56,169.52,304.01,210.65
5077,1729,5,0.64868,0.0,173.86,47.8,203.15
5078,1729,5,0.60784,443.67,165.01,489.0,191.5
5079,1729,5,0.30727,0.0,132.12,37.21,148.03
5080,1729,5,0.03036,199.91,131.79,258.42,163.41
5081,1729,5,0.02461,478.74,161.39,489.0,188.45
5082,1729,5,0.01175,237.13,171.02,297.64,188.14
5083,1729,5,0.00922,151.34,96.23,173.53,110.44
5084,1729,5,0.00745,460.48,160.37,489.0,181.01
5085,1729,5,0.00618,314.19,72.82,356.67,88.15
5086,1729,14,0.00508,55.57,148.62,70.93,167.63
5087,1729,5,0.005,0.0,131.53,32.27,157.22
5088,1729,5,0.00493,311.9,61.04,356.83,77.27
5089,1729,5,0.00452,40.05,117.22,79.73,139.09
5090,1729,5,0.00407,313.36,54.63,355.27,87.79
5091,1729,5,0.00403,470.52,162.11,489.0,193.57
5092,1729,5,0.00379,196.92,111.82,209.67,124.58
5093,1729,5,0.00285,305.94,63.07,340.28,78.22
5094,1729,5,0.00272,448.68,149.39,489.0,190.45
5095,1729,5,0.00242,45.4,114.87,79.3,129.77
5096,1729,5,0.00225,410.92,113.5,458.83,130.59
5097,1729,5,0.00217,87.53,125.94,109.79,142.09
5098,1729,5,0.00214,257.05,63.33,298.42,80.29
5099,1729,5,0.00211,481.34,157.91,489.0,181.95
5100,1729,5,0.0021,128.14,90.0,168.37,110.68
5101,1729,5,0.00202,93.23,122.66,110.28,134.49
5102,1729,5,0.00198,68.05,120.92,87.09,137.45
5103,1729,8,0.00189,54.18,149.19,70.72,169.2
5104,1729,5,0.00188,76.48,126.56,107.73,141.68
5105,1729,5,0.00187,478.71,155.11,489.0,175.42
5106,1729,5,0.0018,40.53,99.6,73.12,112.87
5107,1729,5,0.00176,329.2,123.67,365.49,138.56
5108,1729,5,0.00163,462.56,158.73,489.0,170.97
5109,1729,5,0.00155,274.88,63.32,308.51,77.45
5110,1729,5,0.00145,86.39,116.59,203.47,172.68
5111,1729,5,0.00144,17.56,122.95,36.5,133.02
5112,1729,5,0.00141,85.11,122.9,109.38,137.94
5113,1729,5,0.0014,312.47,32.4,355.47,87.28
5114,1729,5,0.00124,41.3,109.78,79.43,127.34
5115,1729,5,0.00113,42.02,120.63,78.18,133.26
5116,1729,5,0.00108,403.21,113.81,441.58,136.07
5117,1729,5,0.00108,248.4,32.4,308.91,82.15
5118,1729,5,0.00107,42.27,127.26,78.04,138.94
5119,1730,2,0.85651,75.24,169.74,94.9,198.52
5120,1732,7,0.8675,31.48,197.02,58.1,223.76
5121,1732,7,0.85566,112.46,108.83,148.26,131.77
5122,1732,17,0.23485,444.95,207.2,466.15,224.79
5123,1732,14,0.00252,53.71,61.39,70.12,88.96
5124,1732,14,0.0014,298.13,75.52,311.94,104.03
5125,1734,2,0.87091,79.67,68.14,101.13,93.07
5126,1734,2,0.85735,71.28,33.63,89.3,57.65
5127,1735,13,0.85504,257.04,82.8,301.1,126.51
5128,1735,12,0.84629,121.3,42.59,160.57,84.49
5129,1735,12,0.83172,235.46,22.36,273.37,61.72
5130,1735,15,0.01317,257.1,82.4,301.38,125.79
5131,1735,6,0.00216,489.42,61.2,498.0,117.21
5132,1735,13,0.00112,235.32,24.32,273.65,61.82
5133,1736,4,0.88408,343.73,141.13,393.01,183.19
5134,1736,13,0.81728,266.54,146.47,300.39,182.38
5135,1737,10,0.87537,234.83,121.69,261.73,142.71
5136,1737,17,0.85431,50.77,52.21,69.7,69.93
5137,1737,9,0.8461,166.45,52.97,190.37,71.0
5138,1737,17,0.46431,114.43,121.05,136.67,139.37
5139,1737,9,0.18353,114.27,120.85,136.25,139.15
5140,1737,10,0.0432,50.97,52.11,69.97,69.89
5141,1737,10,0.01017,166.6,53.1,190.12,71.09
5142,1737,9,0.00119,235.08,121.55,261.85,143.2
5143,1740,11,0.87055,440.6,81.53,459.37,96.41
5144,1740,10,0.86704,317.26,64.24,335.67,79.28
5145,1740,10,0.86358,392.29,20.59,407.96,34.89
5146,1740,9,0.85758,404.01,64.42,421.35,79.61
5147,1740,17,0.85239,372.96,47.08,386.85,60.5
5148,1740,17,0.85069,349.27,54.35,363.19,68.09
5149,1740,17,0.6857,366.82,82.49,385.28,99.62
5150,1740,9,0.25178,366.78,82.59,385.19,99.71
5151,1743,2,0.87429,158.17,189.39,184.99,209.73
5152,1743,2,0.85872,87.25,180.57,109.96,200.77
5153,1743,2,0.84004,100.93,122.47,117.18,145.66
5154,1743,2,0.8174,218.49,141.53,243.38,158.32
5155,1746,7,0.85412,36.76,175.1,56.92,195.73
5156,1746,7,0.8296,152.09,180.34,174.48,200.1
5157,1750,7,0.88644,362.37,35.86,397.48,63.28
5158,1750,7,0.86421,318.43,68.97,346.18,97.23
5159,1750,17,0.84347,306.49,27.64,325.17,45.93
5160,1750,17,0.83555,322.22,49.98,340.8,69.67
5161,1750,17,0.45747,376.23,112.45,401.41,133.9
5162,1750,2,0.01273,455.11,101.56,483.1,126.27
5163,1750,17,0.00446,436.57,16.7,456.8,42.96
5164,1750,17,0.00106,454.96,101.84,483.24,126.36
5165,1751,15,0.91538,48.58,118.54,126.58,191.96
5166,1751,15,0.00166,47.87,117.85,81.38,190.62
5167,1752,9,0.88983,450.92,61.12,474.76,78.62
5168,1752,10,0.88739,420.08,101.61,442.27,122.11
5169,1752,10,0.87871,294.13,64.33,314.97,83.08
5170,1752,9,0.86356,390.92,46.58,408.37,63.43
5171,1752,17,0.8619,373.46,90.76,390.71,107.33
5172,1752,11,0.85646,409.69,14.15,425.87,29.8
5173,1752,9,0.66056,339.31,84.6,356.84,101.54
5174,1752,17,0.55511,339.32,84.82,356.9,101.43
5175,1762,13,0.88954,226.26,171.13,283.7,226.22
5176,1762,1,0.70321,127.94,158.48,188.42,218.12
5177,1762,4,0.61142,132.13,31.85,226.06,101.61
5178,1762,0,0.04206,127.73,159.9,186.33,216.97
5179,1762,3,0.00432,130.32,30.36,225.56,102.0
5180,1762,1,0.00347,228.48,172.21,283.43,226.93
5181,1762,6,0.00163,417.69,84.24,451.17,132.32
5182,1764,2,0.88339,288.66,94.56,318.98,133.78
5183,1764,17,0.85855,398.34,75.25,415.61,92.13
5184,1764,2,0.84725,304.6,33.27,335.35,60.18
5185,1767,2,0.85384,381.13,10.06,409.25,32.48
5186,1767,2,0.33029,285.77,24.79,310.11,47.33
5187,1769,15,0.89937,425.8,43.72,450.46,71.97
5188,1769,15,0.88567,323.73,62.48,355.24,95.32
5189,1769,15,0.83744,347.36,29.25,367.14,52.36
5190,1771,14,0.32871,480.15,0.0,497.0,96.31
5191,1771,8,0.12138,138.95,28.09,206.98,215.49
5192,1771,14,0.07613,447.82,0.45,497.0,99.88
5193,1771,8,0.01269,95.39,30.83,210.82,222.78
5194,1771,8,0.00814,137.72,29.31,208.48,129.59
5195,1771,5,0.00463,40.34,41.64,90.98,65.07
5196,1771,14,0.00368,0.0,101.43,4.64,169.3
5197,1771,8,0.00317,178.27,106.42,262.86,207.3
5198,1771,14,0.00112,0.0,75.42,4.17,139.48
5199,1771,8,0.00105,0.0,22.7,37.5,192.29
5200,1771,14,0.00105,0.0,56.3,35.52,190.25
5201,1772,2,0.90445,305.96,26.42,335.57,67.33
5202,1772,17,0.83116,328.45,94.14,347.24,112.84
5203,1772,17,0.78308,400.96,54.17,418.94,71.35
5204,1772,2,0.02365,277.07,88.43,351.22,135.16
5205,1772,2,0.00484,323.62,94.02,353.24,134.5
5206,1772,2,0.00141,277.34,81.57,349.03,118.14
5207,1773,2,0.86845,96.88,104.84,121.83,138.39
5208,1773,2,0.84203,101.2,24.01,130.46,45.95
5209,1775,3,0.88119,287.43,178.16,343.56,240.0
5210,1775,3,0.86093,151.66,42.49,236.39,90.0
5211,1775,0,0.85648,323.12,59.5,359.64,93.47
5212,1775,12,0.8502,230.47,132.31,267.6,165.92
5213,1775,0,0.84977,58.98,28.75,101.02,70.25
5214,1775,3,0.81115,87.15,145.97,161.19,229.72
5215,1775,12,0.728,204.35,0.0,244.33,15.9
5216,1775,3,0.00276,37.92,142.22,142.67,230.4
5217,1779,14,0.84361,45.07,37.25,82.53,89.82
5218,1779,8,0.79526,19.78,97.29,130.77,157.57
5219,1779,14,0.78845,184.38,31.11,240.85,153.58
5220,1779,14,0.72256,422.65,67.4,467.45,164.35
5221,1779,14,0.60843,121.16,45.82,145.16,90.76
5222,1779,14,0.541,11.87,65.0,46.07,110.19
5223,1779,8,0.51384,0.02,56.86,11.26,97.04
5224,1779,14,0.47831,0.03,56.78,12.12,96.02
5225,1779,14,0.17633,448.64,60.12,483.16,108.11
5226,1779,8,0.10285,452.87,62.89,483.97,108.55
5227,1779,8,0.05065,457.57,110.44,493.8,168.52
5228,1779,14,0.04204,0.02,56.27,7.56,87.63
5229,1779,8,0.01928,407.92,89.1,466.51,176.42
5230,1779,8,0.01601,489.51,82.76,494.0,132.59
5231,1779,14,0.01407,486.73,78.46,494.0,131.69
5232,1779,14,0.01368,489.44,82.12,494.0,136.33
5233,1779,8,0.00835,419.59,57.77,492.91,141.09
5234,1779,8,0.00833,483.26,95.86,494.0,164.69
5235,1779,14,0.00746,7.09,61.48,46.6,130.58
5236,1779,8,0.0066,393.7,58.23,473.89,177.92
5237,1779,8,0.00509,2.15,56.37,66.99,129.88
5238,1779,8,0.00497,0.0,52.29,13.23,130.95
5239,1779,14,0.0037,343.34,51.01,362.08,81.55
5240,1779,14,0.00326,426.15,68.72,464.61,117.19
5241,1779,14,0.002,260.06,43.31,270.84,69.42
5242,1779,8,0.00189,0.0,60.95,4.1,111.35
5243,1779,14,0.00185,484.27,84.05,494.0,161.04
5244,1779,8,0.00181,484.52,82.69,494.0,145.75
5245,1779,8,0.00171,416.08,107.32,459.96,177.28
5246,1779,5,0.00139,121.39,65.71,178.52,93.83
5247,1779,14,0.00125,488.29,87.76,494.0,163.24
5248,1779,8,0.00122,466.44,81.51,494.0,123.96
5249,1779,8,0.00121,14.23,38.09,87.68,121.85
5250,1780,14,0.73888,161.13,82.24,180.69,111.17
5251,1780,8,0.19289,127.87,103.93,205.39,201.24
5252,1780,8,0.13619,27.87,103.98,202.5,194.85
5253,1780,8,0.10889,26.45,103.85,127.19,193.42
5254,1780,14,0.0345,153.09,86.06,164.11,112.29
5255,1780,7,0.0096,29.81,102.86,124.76,186.71
5256,1780,8,0.00791,186.19,97.74,228.63,125.62
5257,1780,14,0.00572,48.32,81.78,62.44,100.33
5258,1780,14,0.00411,151.77,84.31,168.1,115.76
5259,1780,5,0.00107,186.64,97.77,228.62,125.16
5260,1780,14,0.00105,97.37,67.45,108.02,95.43
5261,1782,7,0.91579,361.75,131.45,435.68,202.03
5262,1782,7,0.87786,202.15,149.63,259.77,213.45
5263,1782,6,0.00157,462.42,109.15,482.0,213.81
5264,1783,12,0.89999,288.52,132.89,322.3,165.16
5265,1783,12,0.87444,325.46,144.17,366.87,177.7
5266,1783,12,0.87239,223.45,148.12,262.56,187.36
5267,1783,12,0.86627,273.12,168.13,312.79,203.41
5268,1783,12,0.7609,323.14,134.71,355.42,157.08
5269,1783,12,0.58901,323.02,134.74,360.86,173.38
5270,1783,12,0.07049,303.42,161.32,337.5,194.03
5271,1783,12,0.0447,278.87,163.0,306.58,172.2
5272,1783,12,0.00747,257.67,165.51,279.55,188.58
5273,1783,12,0.00674,354.28,129.02,374.26,151.69
5274,1783,12,0.00418,323.28,131.24,350.32,145.5
5275,1783,12,0.00382,274.98,160.25,301.62,171.48
5276,1783,12,0.00357,280.33,161.69,303.23,170.41
5277,1783,12,0.00334,273.5,161.69,302.41,175.41
5278,1783,12,0.00323,222.06,139.45,254.77,156.43
5279,1783,12,0.0031,258.58,157.12,286.0,184.89
5280,1783,14,0.00237,255.65,5.48,463.92,234.28
5281,1783,12,0.00135,272.9,163.53,329.43,191.67
5282,1783,12,0.00134,259.08,149.15,294.35,180.63
5283,1783,12,0.00124,305.3,160.5,329.44,173.5
5284,1786,1,0.85565,233.69,105.36,283.23,153.92
5285,1786,4,0.79359,371.1,102.25,477.54,170.7
5286,1786,13,0.71893,236.74,155.97,289.34,206.7
5287,1786,10,0.00209,236.25,156.0,290.09,206.89
5288,1786,1,0.0014,491.49,140.72,495.0,164.98
5289,1791,2,0.89552,169.68,148.87,203.69,188.25
5290,1791,7,0.86179,208.64,120.86,239.17,146.35
5291,1796,2,0.87807,61.88,166.48,82.36,192.79
5292,1796,2,0.87033,185.75,171.0,204.42,195.82
5293,1796,2,0.86668,64.62,127.08,81.84,150.25
5294,1796,2,0.86309,140.71,126.73,156.97,148.41
5295,1796,2,0.02761,100.72,169.14,108.04,177.41
5296,1798,2,0.87835,188.57,88.91,212.95,120.07
5297,1798,2,0.84262,265.63,38.2,287.05,66.5
5298,1798,2,0.00945,39.81,114.88,56.11,141.03
5299,1801,2,0.88908,119.16,34.16,148.23,70.39
5300,1801,2,0.63563,148.1,99.48,166.87,117.57
5301,1801,17,0.5921,66.43,80.63,84.96,98.31
5302,1801,17,0.36902,148.37,99.5,166.83,117.44
5303,1802,15,0.85705,249.75,34.57,318.83,110.71
5304,1802,6,0.00535,489.22,112.08,500.0,165.01
5305,1802,14,0.00512,486.85,57.47,500.0,167.17
5306,1802,14,0.00346,482.9,38.94,500.0,181.45
5307,1802,14,0.00142,479.25,68.12,499.95,167.44
5308,1802,6,0.00142,489.45,57.14,500.0,166.67
5309,1802,15,0.00107,253.9,32.83,307.09,89.81
5310,1803,5,0.76153,76.63,118.91,94.03,134.77
5311,1803,5,0.38264,8.84,124.71,27.91,142.32
5312,1803,5,0.22812,0.0,123.53,27.69,140.52
5313,1803,5,0.09995,47.52,124.43,61.9,139.34
5314,1803,8,0.06759,311.37,113.22,321.95,128.57
5315,1803,5,0.04808,18.06,120.56,45.13,138.65
5316,1803,5,0.03755,60.46,121.14,74.16,137.96
5317,1803,5,0.02735,47.04,123.01,68.55,138.22
5318,1803,14,0.01601,0.0,118.5,18.48,136.37
5319,1803,5,0.01343,12.94,123.39,33.34,138.98
5320,1803,8,0.0128,324.4,113.95,336.89,129.0
5321,1803,5,0.01126,0.0,120.2,15.13,144.16
5322,1803,5,0.00771,152.12,145.04,264.68,219.25
5323,1803,14,0.00725,123.8,119.89,131.7,132.74
5324,1803,5,0.00718,0.01,119.59,20.56,139.05
5325,1803,14,0.00581,344.56,108.93,359.65,133.05
5326,1803,5,0.00555,28.82,119.01,47.94,136.17
5327,1803,14,0.00457,343.92,119.63,359.63,134.34
5328,1803,8,0.00447,37.04,125.46,47.37,142.38
5329,1803,14,0.00436,39.37,124.96,48.77,143.86
5330,1803,5,0.00416,25.25,122.94,43.69,140.07
5331,1803,5,0.0039,0.0,122.3,8.79,149.23
5332,1803,5,0.00365,21.53,120.32,47.27,132.72
5333,1803,8,0.00263,38.29,130.06,48.72,145.33
5334,1803,14,0.00251,346.18,108.74,358.75,126.22
5335,1803,5,0.00241,37.85,124.69,49.17,142.84
5336,1803,8,0.00229,124.02,128.34,138.66,145.07
5337,1803,5,0.00229,188.5,13.2,219.38,26.9
5338,1803,17,0.0022,207.13,13.86,219.28,26.39
5339,1803,5,0.00216,32.76,121.45,48.65,140.09
5340,1803,5,0.00216,35.7,121.78,62.39,136.7
5341,1803,14,0.0018,43.71,120.07,76.43,136.76
5342,1803,14,0.00163,121.54,116.53,130.81,130.92
5343,1803,5,0.00143,0.0,137.45,29.53,165.2
5344,1803,8,0.00138,0.0,117.69,17.56,143.57
5345,1803,14,0.00105,124.01,123.86,132.21,136.47
5346,1803,14,0.00101,0.0,115.73,7.57,131.51
5347,1804,8,0.46489,465.04,4.5,487.0,107.45
5348,1804,8,0.06782,99.46,14.82,183.27,159.03
5349,1804,8,0.04167,0.0,21.46,185.89,232.67
5350,1804,8,0.00892,441.02,0.09,487.0,55.08
5351,1804,6,0.00453,34.57,43.59,59.98,60.73
5352,1804,14,0.00426,0.0,42.15,193.84,248.12
5353,1804,8,0.00339,449.97,1.96,487.0,114.51
5354,1804,8,0.00261,468.78,10.13,487.0,57.43
5355,1804,8,0.00196,79.33,11.56,184.86,236.13
5356,1804,8,0.00188,97.85,21.8,183.68,75.82
5357,1804,8,0.00149,34.11,43.28,59.5,60.31
5358,1805,15,0.02584,157.61,71.47,201.49,104.16
5359,1805,15,0.00308,124.21,63.81,205.15,104.1
5360,1805,17,0.00158,159.51,25.25,175.14,45.29
5361,1809,4,0.89755,246.56,81.68,313.37,116.51
5362,1809,1,0.85348,386.06,109.27,421.97,144.42
5363,1809,13,0.84965,310.91,160.36,348.98,198.46
5364,1809,6,0.00131,470.67,22.74,495.46,45.71
5365,1810,9,0.88716,150.89,131.99,174.2,149.84
5366,1810,10,0.87465,215.53,204.23,242.0,225.71
5367,1810,17,0.86547,35.32,123.87,55.45,142.41
5368,1810,9,0.2703,94.54,196.73,116.75,214.89
5369,1810,10,0.01091,35.6,123.81,55.54,142.54
5370,1810,9,0.00745,215.62,204.26,242.07,225.71
5371,1811,2,0.88721,381.31,151.25,422.77,198.03
5372,1811,7,0.88693,305.3,146.96,342.63,178.91
5373,1812,5,0.75034,0.0,1.84,85.39,84.97
5374,1812,5,0.68674,382.57,1.38,478.51,50.15
5375,1812,5,0.51083,151.04,21.38,456.42,167.01
5376,1812,5,0.33087,77.14,20.15,380.52,174.53
5377,1812,5,0.30769,222.25,0.41,333.29,18.08
5378,1812,5,0.12487,227.87,0.38,357.71,54.79
5379,1812,5,0.10093,127.47,0.81,266.91,27.89
5380,1812,5,0.02035,130.28,1.01,262.62,46.85
5381,1812,5,0.0069,272.54,1.6,475.74,100.4
5382,1812,5,0.00508,66.46,0.85,196.71,53.91
5383,1812,5,0.0037,470.49,0.7,496.82,12.16
5384,1812,5,0.00252,296.38,1.1,429.25,52.81
5385,1812,8,0.00251,446.41,0.63,475.83,11.11
5386,1812,5,0.00243,52.2,1.43,263.35,97.56
5387,1812,7,0.0021,83.79,39.91,218.95,151.01
5388,1812,5,0.00194,284.3,1.75,411.18,70.88
5389,1812,8,0.00168,320.84,0.0,351.68,7.4
5390,1812,5,0.0013,109.52,0.87,229.67,23.9
5391,1812,5,0.00113,50.92,1.64,194.35,84.65
5392,1812,5,0.00112,301.91,0.95,400.34,42.78
5393,1812,5,0.001,460.16,1.41,497.0,52.51
5394,1815,15,0.90728,368.78,83.66,388.37,101.51
5395,1815,15,0.9068,274.01,74.68,293.43,91.88
5396,1816,9,0.87025,236.04,31.5,254.21,44.78
5397,1816,10,0.87024,335.98,9.45,351.68,22.12
5398,1816,9,0.86488,297.26,17.95,310.13,30.1
5399,1816,11,0.86312,275.6,56.79,288.8,71.28
5400,1816,10,0.85962,238.48,5.8,253.58,19.44
5401,1816,17,0.8482,268.26,10.98,280.77,23.53
5402,1816,17,0.65867,284.31,36.6,298.07,50.4
5403,1816,9,0.5017,284.29,36.71,298.2,50.53
5404,1816,17,0.0031,297.33,17.93,310.06,30.06
5405,1816,6,0.00197,0.02,153.54,17.54,187.31
5406,1817,13,0.83876,245.33,86.36,284.72,124.76
5407,1817,13,0.80792,196.24,171.73,241.52,213.44
5408,1817,12,0.16261,196.18,171.44,241.17,214.54
5409,1817,15,0.00265,195.94,171.54,240.68,214.66
5410,1817,6,0.00118,483.46,35.09,505.0,71.14
5411,1821,14,0.82957,165.89,101.89,207.3,206.25
5412,1821,14,0.79183,220.91,93.1,274.22,204.54
5413,1821,5,0.55204,0.93,134.34,173.49,190.17
5414,1821,5,0.52041,274.2,139.33,349.77,181.38
5415,1821,5,0.07772,31.92,151.35,179.33,190.3
5416,1821,5,0.02472,201.41,94.37,281.59,181.04
5417,1821,5,0.02262,0.07,95.67,174.81,191.34
5418,1821,5,0.00855,272.49,140.85,456.96,178.75
5419,1821,14,0.0029,492.9,143.31,500.0,192.51
5420,1821,5,0.00273,200.76,139.74,242.38,184.64
5421,1821,5,0.00237,0.0,133.37,22.44,188.35
5422,1821,5,0.00225,0.32,125.67,20.98,155.3
5423,1824,17,0.84533,107.72,195.02,118.61,206.05
5424,1824,10,0.84078,151.49,175.49,165.1,186.58
5425,1824,11,0.83547,178.08,197.48,190.41,208.48
5426,1824,10,0.83275,171.81,183.76,184.16,195.02
5427,1824,11,0.80348,132.14,188.47,147.38,200.19
5428,1824,17,0.78932,126.44,202.76,137.73,214.23
5429,1824,9,0.30153,117.21,173.9,132.08,185.11
5430,1824,9,0.28561,103.45,181.19,115.23,192.05
5431,1824,17,0.12462,103.43,181.17,115.23,192.09
5432,1824,17,0.01121,117.3,174.03,132.04,184.97
5433,1824,11,0.00432,177.32,191.22,188.34,208.55
5434,1826,7,0.8688,203.6,97.96,237.14,132.13
5435,1826,7,0.85933,242.41,172.18,279.45,201.65
5436,1826,17,0.09373,276.45,65.35,299.96,91.78
5437,1827,5,0.825,182.22,1.88,478.0,163.61
5438,1827,5,0.79762,106.89,1.34,397.77,146.12
5439,1827,5,0.09824,78.19,0.23,176.83,58.78
5440,1827,7,0.00212,182.69,149.64,310.99,235.18
5441,1828,17,0.91565,44.92,147.95,67.6,169.96
5442,1828,10,0.90595,300.14,174.16,329.54,198.06
5443,1828,9,0.85874,174.63,108.72,205.91,130.13
5444,1828,9,0.63392,163.93,214.01,193.67,235.13
5445,1838,17,0.75993,213.91,18.76,228.33,32.37
5446,1838,11,0.41786,40.48,43.34,60.66,61.89
5447,1838,10,0.14971,40.54,43.18,60.71,61.74
5448,1838,9,0.11886,40.56,43.2,60.72,61.52
5449,1838,9,0.10008,141.32,60.34,164.04,78.78
5450,1838,10,0.00112,121.81,20.09,139.3,32.7
5451,1839,10,0.87853,186.04,116.7,208.55,139.01
5452,1839,11,0.87059,241.05,99.56,266.91,118.7
5453,1839,11,0.8657,247.09,150.76,268.19,175.55
5454,1839,10,0.86535,165.41,146.86,186.02,170.71
5455,1839,17,0.84015,316.35,146.79,335.94,166.51
5456,1839,9,0.8051,237.47,198.54,264.35,221.52
5457,1839,17,0.79454,301.51,177.12,321.22,197.85
5458,1839,17,0.73449,189.84,186.47,213.3,213.29
5459,1839,9,0.57334,189.87,186.36,213.22,213.33
5460,1839,17,0.36425,237.56,198.43,264.2,221.3
5461,1839,9,0.20958,301.34,177.08,321.36,197.78
5462,1839,9,0.00588,316.29,146.71,335.84,166.29
5463,1839,10,0.00391,189.85,186.37,213.35,213.38
5464,1839,2,0.00276,487.41,27.13,500.0,80.16
5465,1839,14,0.00137,487.24,15.29,500.0,80.27
5466,1845,10,0.76982,216.41,5.07,247.45,35.79
5467,1845,10,0.73382,315.97,14.8,356.63,53.36
5468,1846,15,0.92006,285.01,183.41,313.92,218.07
5469,1846,15,0.91682,370.51,159.87,402.84,194.56
5470,1849,4,0.91881,138.04,97.37,191.42,166.42
5471,1849,13,0.8572,332.96,141.05,379.77,187.57
5472,1849,1,0.81293,298.19,44.5,337.97,81.4
5473,1849,0,0.26969,298.15,44.56,338.13,81.21
5474,1849,15,0.00265,333.76,140.87,382.27,187.03
5475,1850,7,0.80965,227.44,183.55,245.28,201.1
5476,1850,7,0.62971,285.48,132.3,310.96,149.19
5477,1850,2,0.00251,420.88,173.76,434.78,188.66
5478,1851,14,0.79516,193.71,71.31,208.48,107.86
5479,1851,14,0.57886,184.45,66.16,199.39,102.24
5480,1851,14,0.097,24.74,44.99,39.61,71.71
5481,1851,14,0.0562,28.48,43.12,43.12,71.23
5482,1851,14,0.04782,212.25,66.7,223.11,90.88
5483,1851,14,0.00643,185.92,65.82,206.48,105.95
5484,1851,14,0.00556,205.46,64.27,214.42,74.42
5485,1851,14,0.00397,220.7,72.88,237.22,92.99
5486,1851,14,0.00356,206.9,65.12,219.54,88.62
5487,1851,5,0.00336,0.0,45.89,3.53,62.49
5488,1851,14,0.00311,197.16,63.85,214.46,74.57
5489,1851,14,0.00222,204.35,64.51,215.58,80.4
5490,1851,14,0.00188,200.06,67.18,212.84,77.01
5491,1851,5,0.00181,0.0,38.85,8.14,62.52
5492,1851,14,0.00155,203.07,68.77,212.05,84.23
5493,1851,14,0.00135,186.03,65.34,200.63,78.74
5494,1854,0,0.89394,261.92,180.44,309.25,230.66
5495,1854,12,0.86252,197.08,116.97,236.68,156.91
5496,1854,0,0.86072,312.59,7.09,352.18,45.93
5497,1854,12,0.85677,373.59,78.48,416.63,122.01
5498,1854,3,0.8287,283.75,64.77,348.58,128.24
5499,1854,3,0.82454,165.58,43.29,241.27,88.05
5500,1854,3,0.80142,101.98,166.88,175.95,223.02
5501,1860,2,0.88834,167.1,129.84,197.12,168.72
5502,1860,17,0.82614,187.17,196.33,206.18,214.16
5503,1860,17,0.72788,259.18,158.29,276.77,175.9
5504,1860,2,0.00148,129.95,128.06,197.04,171.86
5505,1863,12,0.92451,228.56,23.98,269.44,61.89
5506,1863,0,0.90973,210.04,87.73,255.33,135.65
5507,1863,4,0.89812,298.23,75.02,365.16,146.57
5508,1863,13,0.89702,199.96,145.99,246.95,193.83
5509,1863,3,0.85877,67.15,53.83,163.24,125.65
5510,1863,3,0.01388,0.0,125.2,27.26,190.31
5511,1863,3,0.00128,66.23,97.18,165.67,202.63
5512,1864,14,0.85462,316.08,100.88,347.11,169.97
5513,1864,14,0.84621,426.35,109.56,449.86,172.91
5514,1864,14,0.77463,109.79,80.5,156.53,164.55
5515,1864,14,0.698,172.98,78.27,201.77,164.69
5516,1864,14,0.68208,193.49,91.52,222.22,166.73
5517,1864,5,0.16177,0.95,99.53,120.02,157.02
5518,1864,5,0.03857,403.33,132.02,488.09,172.35
5519,1864,5,0.01556,169.21,92.64,243.95,165.57
5520,1864,5,0.01266,220.64,114.67,258.49,143.94
5521,1864,8,0.00666,142.75,119.83,192.42,154.6
5522,1864,5,0.00458,442.81,136.27,484.59,172.8
5523,1864,5,0.00279,0.05,77.62,13.33,169.33
5524,1864,5,0.00216,224.07,115.69,256.8,131.58
5525,1864,14,0.00156,0.0,90.89,8.6,149.16
5526,1864,5,0.00151,0.01,110.21,10.37,164.64
5527,1864,8,0.00149,311.24,102.77,362.71,169.88
5528,1864,14,0.00131,140.51,118.27,161.4,161.3
5529,1864,8,0.00107,172.32,102.57,250.45,165.96
5530,1864,5,0.00102,489.04,135.69,500.0,167.3
5531,1864,14,0.00101,180.65,84.28,210.29,163.0
5532,1865,7,0.88592,245.29,40.62,271.73,63.46
5533,1865,7,0.85982,64.61,71.97,97.94,97.34
5534,1867,12,0.83495,247.07,45.02,300.29,94.08
5535,1867,13,0.81898,341.35,91.17,399.2,149.11
5536,1867,6,0.00658,474.09,29.96,489.0,132.92
5537,1867,6,0.00124,0.0,44.45,11.68,114.8
5538,1867,3,0.0011,191.71,0.49,227.3,88.36
5539,1868,7,0.81981,324.86,116.26,342.63,134.82
5540,1868,17,0.02039,293.39,187.51,306.8,202.11
5541,1868,17,0.01066,121.88,149.94,139.5,163.99
5542,1870,7,0.85633,380.24,140.73,411.48,167.47
5543,1870,7,0.85134,417.14,41.84,441.37,61.61
5544,1870,17,0.79664,448.48,101.1,466.92,117.58
5545,1870,17,0.76632,364.18,80.56,381.26,97.68
5546,1873,10,0.85447,374.51,195.29,385.59,206.55
5547,1873,10,0.85445,368.14,183.36,381.07,194.28
5548,1873,11,0.83623,355.88,209.2,370.11,220.52
5549,1873,11,0.81959,330.41,190.65,342.69,202.36
5550,1873,2,0.81115,50.08,83.88,89.5,108.51
5551,1873,17,0.77429,300.24,191.28,310.77,201.56
5552,1873,17,0.69802,338.93,174.84,351.91,185.91
5553,1873,17,0.66945,303.38,201.88,313.78,212.86
5554,1873,9,0.44882,316.67,178.2,328.58,188.66
5555,1873,17,0.08575,301.33,194.01,313.05,212.17
5556,1873,17,0.00397,316.82,178.62,328.61,188.84
5557,1873,10,0.00266,372.83,190.74,384.27,206.07
5558,1874,2,0.86796,394.88,169.22,423.54,190.41
5559,1874,2,0.86701,414.53,119.2,438.01,147.53
5560,1874,2,0.02052,220.44,175.6,235.63,189.81
5561,1874,2,0.01385,233.33,183.4,248.36,200.51
5562,1877,11,0.89746,263.39,132.7,302.27,161.38
5563,1877,11,0.77576,160.55,109.82,186.93,137.3
5564,1877,9,0.42639,247.86,99.32,280.46,126.76
5565,1877,10,0.29311,163.2,141.52,201.13,173.61
5566,1877,9,0.19728,163.38,141.31,201.69,174.23
5567,1877,10,0.08148,247.92,99.41,280.12,126.33
5568,1877,11,0.02659,248.24,99.89,279.95,126.24
5569,1877,6,0.00417,78.98,30.27,146.36,62.88
5570,1877,7,0.00208,80.2,30.03,150.81,93.05
5571,1877,7,0.00135,78.9,30.23,147.38,63.92
5572,1881,6,0.88962,147.54,185.7,199.45,212.64
5573,1881,15,0.84868,73.94,185.24,92.25,203.61
5574,1886,10,0.93272,267.29,119.58,307.68,157.16
5575,1886,10,0.91847,173.14,46.31,206.33,88.05
5576,1886,11,0.79025,291.43,5.92,326.84,37.67
5577,1886,11,0.03794,248.12,207.9,296.93,246.31
5578,1886,6,0.00372,0.0,153.79,8.45,213.86
5579,1887,5,0.82433,299.82,164.71,347.6,185.06
5580,1887,5,0.80374,154.39,124.01,168.16,135.49
5581,1887,5,0.74304,194.52,123.09,207.91,134.23
5582,1887,5,0.04122,0.0,132.76,35.49,147.64
5583,1887,5,0.01911,41.82,122.56,76.61,140.52
5584,1887,5,0.01709,42.44,121.95,75.88,133.27
5585,1887,5,0.01024,198.56,124.46,257.86,163.39
5586,1887,5,0.008,316.27,62.71,354.92,77.52
5587,1887,5,0.00666,127.55,87.62,172.54,110.64
5588,1887,5,0.00661,479.31,158.6,489.0,179.75
5589,1887,5,0.00514,194.52,126.92,208.28,138.56
5590,1887,5,0.00487,260.99,75.76,305.06,93.81
5591,1887,5,0.0047,0.01,149.11,22.59,167.67
5592,1887,5,0.00459,310.36,62.38,354.8,89.09
5593,1887,5,0.00434,0.0,133.61,26.22,162.05
5594,1887,5,0.00379,342.35,87.84,373.9,104.21
5595,1887,5,0.00313,309.88,74.4,346.33,90.48
5596,1887,5,0.00306,256.65,65.15,297.51,80.64
5597,1887,5,0.00291,308.47,64.88,344.33,81.0
5598,1887,5,0.00268,60.41,47.39,89.0,61.89
5599,1887,5,0.00249,263.16,69.26,325.93,92.73
5600,1887,5,0.00197,187.39,64.42,247.65,87.81
5601,1887,5,0.00192,167.1,88.37,207.04,107.46
5602,1887,5,0.00178,259.85,52.06,327.07,88.22
5603,1887,5,0.0017,253.56,54.66,306.04,91.06
5604,1887,5,0.00149,42.93,123.79,70.01,132.03
5605,1887,5,0.00144,40.68,114.49,80.9,136.01
5606,1887,5,0.00137,290.98,64.83,324.92,83.52
5607,1887,5,0.00135,475.87,152.62,489.0,189.02
5608,1887,5,0.00128,114.18,119.74,170.24,155.26
5609,1887,5,0.00127,414.75,118.02,457.67,134.25
5610,1887,5,0.00126,69.41,125.82,108.2,143.1
5611,1887,5,0.00123,303.68,68.49,348.88,90.61
5612,1887,5,0.0012,309.61,47.22,354.47,87.29
5613,1887,5,0.00119,324.01,61.38,354.36,74.11
5614,1887,5,0.00117,167.02,80.32,214.81,106.5
5615,1887,5,0.00116,314.21,58.13,354.34,73.44
5616,1887,5,0.00109,162.71,73.75,214.63,97.8
5617,1887,5,0.00108,415.1,90.45,464.81,108.12
5618,1887,14,0.00106,55.25,153.27,65.85,170.45
5619,1887,5,0.00106,167.79,94.59,197.83,109.87
5620,1887,5,0.00105,183.99,70.56,249.1,94.71
5621,1887,5,0.00104,180.5,114.06,202.8,125.82
5622,1892,10,0.92292,119.06,156.57,155.55,190.45
5623,1892,10,0.91262,198.92,86.6,235.79,117.17
5624,1892,11,0.49557,38.96,134.63,73.37,172.58
5625,1892,0,0.21694,255.45,191.51,291.19,230.22
5626,1892,11,0.12871,255.52,192.0,291.14,230.12
5627,1892,9,0.06403,38.83,134.7,73.51,171.5
5628,1892,17,0.03724,295.85,75.86,305.59,86.49
5629,1892,6,0.00646,475.29,46.33,489.0,89.18
5630,1893,7,0.84754,244.88,154.9,268.67,172.9
5631,1893,7,0.84174,220.69,89.57,245.46,107.7
5632,1893,17,0.00141,228.87,222.77,247.25,241.06
5633,1899,11,0.9041,282.69,139.52,321.82,168.24
5634,1899,11,0.82391,176.69,109.95,202.87,137.87
5635,1899,10,0.46088,178.64,143.62,217.34,175.87
5636,1899,9,0.43928,266.59,104.14,299.09,131.52
5637,1899,7,0.24812,91.8,24.72,162.84,89.7
5638,1899,9,0.06321,179.01,143.36,217.23,175.94
5639,1899,11,0.04064,266.51,104.1,299.0,131.16
5640,1906,5,0.88842,293.6,184.94,338.12,213.24
5641,1906,5,0.79586,78.03,163.18,105.24,178.21
5642,1906,5,0.73992,23.59,154.94,34.33,161.96
5643,1906,5,0.72025,13.12,159.2,25.93,167.97
5644,1906,5,0.49583,349.0,226.15,402.59,247.0
5645,1906,5,0.48176,36.18,160.07,47.03,169.82
5646,1906,5,0.32661,21.84,157.09,31.98,162.03
5647,1906,5,0.11383,348.76,237.33,402.4,247.0
5648,1906,5,0.07935,8.31,153.29,14.36,159.67
5649,1906,5,0.06086,12.02,158.74,25.52,163.43
5650,1906,5,0.03497,36.44,158.37,51.66,168.99
5651,1906,5,0.02457,7.24,155.0,15.54,160.7
5652,1906,5,0.01589,35.13,157.67,39.79,164.53
5653,1906,5,0.01545,4.29,174.62,16.6,182.5
5654,1906,5,0.01186,3.26,172.2,16.85,180.74
5655,1906,5,0.00855,23.47,151.8,33.86,161.01
5656,1906,5,0.00736,30.97,177.6,38.51,182.81
5657,1906,5,0.00558,379.91,86.24,399.83,98.09
5658,1906,5,0.00493,2.83,160.15,13.32,168.68
5659,1906,5,0.00393,5.34,156.74,14.23,161.33
5660,1906,5,0.00393,2.5,162.59,13.39,170.69
5661,1906,5,0.00387,6.22,159.72,21.3,168.66
5662,1906,5,0.00311,170.04,153.93,182.96,163.4
5663,1906,5,0.00278,0.64,160.1,14.17,173.8
5664,1906,5,0.00275,10.43,160.64,24.28,169.18
5665,1906,5,0.00263,26.06,157.22,34.75,164.9
5666,1906,5,0.00256,1.07,152.36,13.57,162.59
5667,1906,5,0.00253,37.75,154.61,50.24,163.67
5668,1906,5,0.00214,0.46,167.68,14.77,182.54
5669,1906,5,0.00209,373.47,95.3,401.97,108.4
5670,1906,5,0.00206,31.38,234.45,50.5,246.9
5671,1906,5,0.00153,381.01,81.33,401.84,90.62
5672,1906,5,0.00138,26.72,155.17,37.27,161.74
5673,1906,5,0.00129,227.83,168.92,259.61,189.47
5674,1906,5,0.00128,380.34,95.54,407.78,109.11
5675,1906,5,0.00127,376.82,90.79,399.58,99.62
5676,1906,5,0.00122,37.41,166.07,49.22,173.59
5677,1906,5,0.00122,11.62,164.67,26.45,173.75
5678,1906,5,0.00119,5.96,178.07,17.16,184.27
5679,1906,5,0.00105,0.35,162.09,6.32,171.78
5680,1908,2,0.88835,29.08,30.8,66.86,58.38
5681,1908,2,0.87675,154.43,49.5,185.06,78.46
5682,1908,2,0.00153,498.87,28.53,504.0,54.81
5683,1911,15,0.9354,175.05,111.3,230.69,171.27
5684,1911,15,0.92341,28.47,90.5,101.53,158.31
5685,1911,2,0.00704,459.01,71.54,480.0,102.77
5686,1911,15,0.00139,28.64,89.1,60.04,157.3
5687,1912,9,0.90087,259.25,139.33,280.62,159.33
5688,1912,10,0.88392,146.38,160.45,169.44,179.82
5689,1912,10,0.8648,237.55,55.84,256.42,74.79
5690,1912,17,0.86444,186.26,132.91,203.44,150.14
5691,1912,11,0.85081,307.63,169.31,332.83,191.17
5692,1912,17,0.85039,216.74,107.27,233.38,123.93
5693,1912,9,0.59252,214.0,185.68,236.0,209.95
5694,1912,17,0.00311,213.88,185.78,235.72,210.19
5695,1912,10,0.0021,214.01,185.61,236.05,210.11
5696,1917,2,0.86406,414.5,58.09,432.13,72.15
5697,1917,2,0.85734,329.09,51.13,347.69,65.13
5698,1917,2,0.85713,390.35,75.78,407.96,90.63
5699,1917,2,0.81136,362.71,35.05,376.86,49.5
5700,1919,4,0.89847,356.56,113.74,403.42,154.56
5701,1919,13,0.87715,236.54,135.56,266.18,161.92
5702,1919,1,0.84268,308.24,158.83,342.57,192.66
5703,1921,14,0.6971,63.73,30.21,141.09,215.74
5704,1921,14,0.06723,69.89,35.72,116.81,156.71
5705,1921,14,0.05167,67.86,59.68,121.09,213.01
5706,1921,14,0.01151,100.5,33.05,137.27,156.38
5707,1921,14,0.00759,112.31,91.06,134.14,125.32
5708,1921,5,0.00532,478.44,135.75,489.0,159.67
5709,1921,14,0.00334,484.17,128.99,489.0,150.32
5710,1921,14,0.00265,480.96,129.96,489.0,150.42
5711,1921,5,0.00244,418.07,133.09,453.71,151.16
5712,1921,14,0.00154,101.73,31.28,125.16,81.48
5713,1921,14,0.00143,102.62,32.11,126.38,113.06
5714,1921,5,0.00142,481.81,140.05,489.0,163.58
5715,1922,7,0.89755,370.7,128.18,405.0,167.81
5716,1922,7,0.88451,346.43,40.83,379.54,66.58
5717,1924,8,0.8332,380.3,170.08,427.71,244.0
5718,1924,16,0.8078,33.13,192.11,53.82,222.08
5719,1924,14,0.80646,283.91,141.51,303.43,197.69
5720,1924,16,0.7355,63.5,189.34,82.35,217.68
5721,1924,16,0.72992,0.08,193.72,16.02,225.24
5722,1924,14,0.71151,386.33,146.83,420.35,189.94
5723,1924,16,0.63592,91.09,188.71,106.97,213.69
5724,1924,16,0.55046,137.49,188.8,169.49,210.04
5725,1924,16,0.51982,250.75,182.06,282.48,197.32
5726,1924,16,0.50851,298.67,180.83,323.25,191.6
5727,1924,16,0.36619,178.87,185.74,215.39,204.76
5728,1924,16,0.35728,225.92,182.92,259.21,198.57
5729,1924,16,0.3476,114.76,189.99,129.34,212.75
5730,1924,16,0.27833,114.72,189.26,149.4,212.64
5731,1924,16,0.22799,195.12,184.78,221.22,202.52
5732,1924,16,0.17861,137.22,188.99,151.07,210.45
5733,1924,16,0.17616,200.69,183.87,239.48,202.34
5734,1924,16,0.17354,91.02,187.57,127.75,213.58
5735,1924,16,0.14513,258.83,181.84,288.74,196.39
5736,1924,16,0.11199,218.68,183.74,246.58,199.43
5737,1924,16,0.11082,154.61,188.6,191.03,207.77
5738,1924,16,0.06536,161.56,187.09,189.84,203.85
5739,1924,16,0.0651,66.49,188.09,106.71,214.89
5740,1924,16,0.054,157.51,188.28,176.98,207.56
5741,1924,16,0.04827,95.88,188.12,120.33,208.85
5742,1924,8,0.04662,480.77,159.14,488.0,185.14
5743,1924,16,0.03627,271.95,178.78,321.04,195.58
5744,1924,16,0.0329,234.96,182.66,275.27,197.93
5745,1924,5,0.02453,458.71,160.11,487.84,180.66
5746,1924,16,0.02248,248.91,182.69,271.15,197.78
5747,1924,16,0.0219,37.13,190.67,80.53,220.95
5748,1924,16,0.01679,71.96,188.58,96.89,207.72
5749,1924,14,0.01592,376.91,161.82,388.37,182.45
5750,1924,16,0.0137,295.67,181.17,314.24,191.6
5751,1924,16,0.01214,175.22,187.64,189.61,203.64
5752,1924,5,0.01177,459.58,163.11,479.06,179.23
5753,1924,16,0.01004,118.6,189.79,142.93,208.13
5754,1924,16,0.00959,253.47,181.38,300.31,198.83
5755,1924,16,0.00949,266.73,180.95,296.53,196.39
5756,1924,16,0.00931,307.96,180.98,324.07,190.6
5757,1924,16,0.00732,376.71,162.2,388.37,180.73
5758,1924,16,0.00699,4.21,190.82,52.73,221.1
5759,1924,16,0.00692,0.17,188.98,11.19,203.77
5760,1924,16,0.00579,0.06,185.24,8.07,204.9
5761,1924,16,0.0055,291.64,177.82,320.62,189.36
5762,1924,14,0.00492,383.89,146.08,421.69,234.58
5763,1924,16,0.00486,257.91,180.48,322.24,202.53
5764,1924,16,0.00438,184.75,183.95,242.88,204.91
5765,1924,17,0.00353,484.57,63.24,488.0,82.99
5766,1924,9,0.00346,484.14,63.13,488.0,86.14
5767,1924,16,0.00322,283.86,149.24,318.8,193.07
5768,1924,16,0.00315,0.08,180.94,6.31,200.82
5769,1924,16,0.00278,0.05,192.52,8.56,213.76
5770,1924,16,0.00269,3.65,193.6,21.02,208.18
5771,1924,16,0.00243,255.46,184.6,287.35,199.29
5772,1924,8,0.00229,429.6,161.49,450.08,195.24
5773,1924,16,0.00183,42.71,191.4,67.0,207.01
5774,1924,14,0.00159,480.72,156.72,488.0,185.57
5775,1924,16,0.00152,350.7,161.68,377.16,179.88
5776,1924,16,0.00151,114.11,185.57,168.68,209.51
5777,1924,16,0.00144,30.51,193.23,41.96,212.33
5778,1924,8,0.00143,484.18,163.72,488.0,193.32
5779,1924,14,0.00141,377.74,159.87,389.86,205.81
5780,1924,8,0.00137,466.66,160.15,487.94,184.09
5781,1924,14,0.00133,429.42,163.93,449.07,196.63
5782,1924,16,0.00129,177.78,187.75,194.05,205.78
5783,1924,14,0.00124,421.36,154.39,439.28,178.3
5784,1924,8,0.00107,481.41,163.53,488.0,193.27
5785,1924,16,0.00103,51.97,190.56,75.04,206.4
5786,1925,14,0.08905,237.91,0.16,279.11,24.73
5787,1925,14,0.0057,377.0,5.73,506.82,248.29
5788,1925,14,0.00193,227.5,1.81,506.07,251.94
5789,1926,10,0.87582,164.53,182.69,182.42,198.38
5790,1926,10,0.87314,273.2,181.95,291.17,197.33
5791,1926,17,0.86948,234.79,184.52,249.22,198.38
5792,1926,11,0.86628,200.44,120.06,213.73,133.45
5793,1926,9,0.85511,211.13,148.16,225.55,162.69
5794,1926,9,0.85331,260.35,146.43,277.85,161.01
5795,1926,17,0.8358,205.78,188.4,219.72,202.54
5796,1928,5,0.88343,291.39,110.37,411.28,183.39
5797,1928,14,0.88317,26.27,122.85,55.49,191.23
5798,1928,14,0.87476,65.41,114.67,95.38,186.51
5799,1928,14,0.85918,104.21,107.5,132.11,191.2
5800,1928,5,0.85769,193.42,123.0,238.38,152.73
5801,1928,14,0.85308,4.73,123.71,27.39,191.57
5802,1928,5,0.48618,156.24,122.53,187.1,147.62
5803,1928,14,0.0709,0.01,144.95,4.77,188.12
5804,1928,14,0.02858,0.03,140.35,12.28,190.62
5805,1928,8,0.00413,414.22,65.47,495.18,125.17
5806,1928,14,0.00356,20.36,141.94,33.37,190.38
5807,1928,14,0.00356,0.0,121.28,6.18,192.46
5808,1928,14,0.0018,23.94,128.6,35.4,189.94
5809,1928,14,0.00153,1.6,115.52,13.68,193.62
5810,1928,5,0.00117,459.39,114.29,500.92,174.04
5811,1928,14,0.001,0.06,113.01,10.51,176.34
5812,1930,16,0.91213,173.65,113.16,230.56,178.93
5813,1930,8,0.07312,0.03,1.73,10.96,55.34
5814,1930,14,0.03987,0.02,0.0,10.92,57.92
5815,1930,5,0.02385,0.0,1.09,10.55,54.35
5816,1930,16,0.01108,175.52,74.98,214.28,117.19
5817,1930,14,0.01042,0.01,1.53,6.37,55.24
5818,1930,14,0.00849,175.42,75.1,215.66,127.29
5819,1930,5,0.00786,329.55,58.21,362.02,88.94
5820,1931,11,0.88853,264.52,172.09,307.23,203.49
5821,1931,11,0.88471,412.29,117.55,449.07,145.62
5822,1931,9,0.88011,349.1,100.68,377.67,132.91
5823,1931,9,0.87465,332.96,125.72,367.96,161.4
5824,1931,10,0.85233,250.04,95.16,279.14,123.41
5825,1931,10,0.84831,366.65,153.72,399.97,184.92
5826,1931,14,0.00202,1.27,0.58,97.52,245.02
5827,1931,8,0.00118,0.96,3.3,96.63,245.54
5828,1933,6,0.893,237.55,43.22,288.97,80.32
5829,1933,15,0.83723,392.16,48.54,413.67,68.08
5830,1936,9,0.86538,158.95,173.15,174.05,186.87
5831,1936,9,0.86199,220.07,175.16,233.41,190.45
5832,1936,10,0.83595,285.2,210.69,299.66,225.41
5833,1936,17,0.80721,133.75,147.38,145.83,159.4
5834,1936,10,0.0033,220.09,175.22,233.41,190.59
5835,1942,10,0.88219,316.08,80.02,334.54,99.46
5836,1942,9,0.87472,231.91,71.35,249.43,94.29
5837,1942,17,0.87069,132.41,108.88,148.94,125.16
5838,1942,9,0.86388,231.11,130.16,247.89,150.84
5839,1942,10,0.86362,324.33,17.54,342.01,35.15
5840,1942,4,0.00166,325.0,163.85,351.14,191.85
5841,1950,15,0.92821,388.33,103.49,445.24,164.47
5842,1950,15,0.92396,241.77,92.56,314.13,157.02
5843,1950,15,0.00256,242.31,91.97,284.68,156.63
5844,1952,5,0.87407,439.21,74.23,491.0,102.47
5845,1952,5,0.82809,104.37,62.67,136.34,83.05
5846,1952,5,0.75339,20.04,58.11,38.84,74.95
5847,1952,5,0.40858,0.0,70.88,9.67,93.25
5848,1952,5,0.14989,0.0,80.42,9.43,93.66
5849,1952,8,0.08337,340.41,70.94,358.38,85.55
5850,1952,14,0.06468,319.86,59.37,334.59,93.99
5851,1952,14,0.0193,319.51,59.4,331.92,80.52
5852,1952,14,0.01662,319.31,59.86,328.2,75.04
5853,1952,5,0.00512,0.0,74.74,11.53,89.42
5854,1952,5,0.00433,40.42,34.83,106.93,69.5
5855,1952,14,0.00204,486.15,87.89,491.0,102.33
5856,1952,5,0.00203,22.86,49.51,38.7,63.95
5857,1952,14,0.00119,488.13,104.05,491.0,131.68
5858,1954,2,0.87223,70.85,38.88,88.52,60.9
5859,1954,2,0.87219,52.65,65.51,70.63,88.27
5860,1954,7,0.00169,498.75,67.73,504.0,89.4
5861,1954,6,0.00145,498.92,59.0,504.0,93.4
5862,1954,6,0.00141,497.87,67.16,504.0,88.39
5863,1954,17,0.00128,498.83,69.0,504.0,86.5
5864,1954,2,0.00109,499.58,0.0,504.0,6.68
5865,1955,2,0.86356,354.11,34.47,370.2,56.12
5866,1955,2,0.84688,403.62,49.16,420.92,71.28
5867,1957,5,0.93121,70.38,0.52,343.01,111.44
5868,1957,16,0.90391,81.77,118.11,149.0,193.79
5869,1957,16,0.86322,261.78,84.96,308.93,137.36
5870,1957,5,0.72844,0.0,3.84,91.73,84.49
5871,1957,16,0.00483,202.08,157.48,317.55,230.24
5872,1957,7,0.00109,112.33,0.62,242.21,106.9
5873,1959,14,0.80179,111.33,2.87,160.93,140.27
5874,1959,8,0.68394,67.77,74.42,93.66,116.03
5875,1959,14,0.09455,97.76,5.76,160.72,235.69
5876,1959,14,0.01669,98.65,56.4,204.63,237.67
5877,1959,14,0.00295,0.02,69.71,4.67,102.63
5878,1959,14,0.00129,65.17,55.0,90.79,82.5
5879,1959,14,0.00117,0.0,65.09,7.68,101.42
5880,1961,2,0.86605,407.42,100.45,440.78,135.26
5881,1961,2,0.00639,501.28,91.04,507.0,141.26
5882,1961,2,0.00408,436.92,70.61,457.86,105.67
5883,1961,2,0.00319,0.01,43.7,5.6,81.1
5884,1961,2,0.00194,499.22,90.11,507.0,130.22
5885,1961,2,0.00167,501.75,84.77,507.0,122.91
5886,1964,10,0.86655,168.95,13.37,184.87,26.39
5887,1964,9,0.86554,66.99,37.0,85.64,50.73
5888,1964,10,0.8623,69.12,10.85,84.37,24.52
5889,1964,11,0.86064,108.44,62.09,121.8,77.12
5890,1964,17,0.85589,100.34,15.89,112.92,28.69
5891,1964,9,0.83038,130.01,22.5,143.17,34.57
5892,1964,9,0.78591,116.99,41.55,131.41,55.97
5893,1964,17,0.12077,130.0,22.58,143.0,34.56
5894,1964,17,0.04086,117.1,41.42,131.2,56.02
5895,1967,2,0.91506,316.72,108.19,351.7,153.64
5896,1972,15,0.91815,438.89,185.47,485.0,245.15
5897,1973,12,0.90527,284.56,140.9,317.91,175.62
5898,1973,12,0.89853,255.28,151.56,289.29,183.2
5899,1973,12,0.89073,207.63,146.31,242.13,180.34
5900,1973,12,0.88261,319.02,148.99,357.04,181.97
5901,1973,12,0.84793,304.98,124.59,346.36,154.53
5902,1973,12,0.27677,257.01,144.75,284.32,163.3
5903,1973,12,0.2723,171.12,117.13,216.36,148.79
5904,1973,12,0.01909,346.52,123.5,374.1,159.24
5905,1973,12,0.00641,327.02,124.43,373.43,162.93
5906,1973,12,0.00421,210.29,137.74,237.44,152.55
5907,1973,12,0.00224,257.5,138.82,284.79,159.41
5908,1973,14,0.00123,257.69,6.54,443.88,169.42
5909,1973,12,0.00122,286.56,140.1,310.75,150.69
5910,1980,5,0.85686,358.36,115.25,474.27,174.64
5911,1980,14,0.64743,394.04,45.54,402.04,65.78
5912,1980,8,0.62864,379.84,50.14,394.87,66.2
5913,1980,14,0.40251,486.49,49.86,494.0,93.42
5914,1980,14,0.22402,392.1,45.83,399.76,66.27
5915,1980,5,0.15389,0.09,0.1,17.68,11.65
5916,1980,14,0.1443,482.86,53.74,493.57,87.19
5917,1980,14,0.09128,389.52,45.58,395.59,61.62
5918,1980,5,0.07369,0.0,9.77,9.93,29.09
5919,1980,14,0.06409,395.86,45.39,404.25,65.57
5920,1980,14,0.05731,488.99,54.32,494.0,92.52
5921,1980,14,0.05492,381.18,49.85,395.32,66.45
5922,1980,5,0.05029,0.0,2.0,14.65,27.5
5923,1980,14,0.04181,391.93,43.49,400.7,60.75
5924,1980,14,0.03718,385.7,46.25,391.57,56.29
5925,1980,5,0.02797,185.09,0.29,245.39,35.55
5926,1980,14,0.0247,386.75,48.0,396.14,66.29
5927,1980,14,0.02372,480.79,53.11,493.14,70.75
5928,1980,14,0.0197,482.21,52.22,492.66,65.41
5929,1980,14,0.01603,381.85,46.25,388.54,59.81
5930,1980,14,0.01314,255.62,0.97,266.18,11.61
5931,1980,14,0.0129,388.86,43.33,395.18,51.0
5932,1980,14,0.01026,488.66,53.55,493.72,72.65
5933,1980,8,0.00917,466.18,55.4,488.15,71.15
5934,1980,14,0.00821,268.55,20.16,273.85,27.7
5935,1980,14,0.0077,0.0,9.82,9.11,29.68
5936,1980,5,0.0074,0.09,2.78,17.92,18.17
5937,1980,8,0.00631,477.78,53.35,492.7,70.75
5938,1980,14,0.00615,488.39,66.39,494.0,94.86
5939,1980,5,0.00484,255.66,1.01,266.21,11.58
5940,1980,14,0.00466,485.39,52.7,493.38,70.11
5941,1980,5,0.00411,152.78,32.69,165.11,43.78
5942,1980,8,0.00363,487.45,69.36,494.0,93.71
5943,1980,14,0.00349,386.39,42.82,393.0,51.66
5944,1980,14,0.00306,449.08,45.58,455.62,58.3
5945,1980,5,0.00286,337.14,40.62,349.31,51.22
5946,1980,14,0.00238,483.24,50.73,492.11,62.07
5947,1980,14,0.00225,394.07,46.1,409.52,65.69
5948,1980,5,0.00173,122.78,33.62,133.28,41.47
5949,1980,14,0.00145,479.31,51.12,494.0,92.85
5950,1980,8,0.00128,390.87,47.86,399.77,66.45
5951,1980,14,0.00104,489.95,34.97,493.98,60.74
5952,1980,14,0.00103,486.17,44.22,492.95,60.36
5953,1980,8,0.00102,48.33,0.67,58.32,8.02
5954,1981,14,0.87681,263.43,106.61,297.64,164.25
5955,1981,14,0.84717,144.21,76.33,179.0,167.13
5956,1981,14,0.83126,201.59,80.71,241.46,173.66
5957,1981,5,0.81783,411.95,131.9,481.86,173.58
5958,1981,14,0.80849,109.76,81.16,139.31,164.98
5959,1981,14,0.68982,376.0,99.6,407.58,173.9
5960,1981,14,0.36459,383.18,99.36,402.66,166.04
5961,1981,5,0.0259,17.52,102.69,134.95,156.65
5962,1981,5,0.00959,0.04,89.15,14.39,169.44
5963,1981,5,0.00863,489.13,131.72,500.0,167.17
5964,1981,5,0.00378,0.0,106.01,11.21,174.6
5965,1981,5,0.00205,0.0,88.66,9.61,149.67
5966,1981,8,0.00121,200.38,77.55,250.88,172.27
5967,1981,8,0.0012,123.57,78.03,194.14,165.42
5968,1981,5,0.001,177.72,75.57,210.95,94.27
5969,1982,2,0.90577,331.24,185.04,356.69,219.26
5970,1982,2,0.89196,397.89,141.17,421.05,171.98
5971,1982,2,0.88679,199.8,136.7,224.12,167.61
5972,1982,2,0.87951,313.58,92.24,334.98,121.3
5973,1984,10,0.87375,216.57,170.8,232.17,183.39
5974,1984,17,0.86707,222.65,211.32,235.95,224.4
5975,1984,10,0.86419,186.74,170.93,201.25,184.75
5976,1984,11,0.85338,248.0,181.33,262.9,194.38
5977,1984,11,0.83925,197.53,192.43,215.34,206.69
5978,1984,17,0.82775,191.82,212.29,205.36,225.8
5979,1984,9,0.73835,157.95,184.56,174.02,199.04
5980,1984,17,0.67666,160.54,199.67,174.87,213.09
5981,1985,4,0.889,271.31,0.31,360.23,44.31
5982,1985,0,0.88855,179.33,21.53,234.66,78.86
5983,1985,13,0.86594,186.57,94.14,242.52,150.31
5984,1985,3,0.82929,38.53,14.74,127.91,121.57
5985,1985,3,0.08618,72.27,16.74,163.25,121.4
5986,1985,3,0.01213,274.44,79.57,339.87,128.42
5987,1985,3,0.01072,84.07,14.32,190.25,108.88
5988,1985,3,0.00244,0.01,137.3,23.03,233.62
5989,1985,6,0.002,0.0,149.91,18.03,201.68
5990,1987,10,0.88603,132.18,195.13,152.56,216.74
5991,1987,10,0.87045,59.96,112.73,79.72,130.84
5992,1987,9,0.86769,159.65,128.87,181.87,145.16
5993,1987,9,0.85927,193.61,160.97,214.69,182.56
5994,1987,17,0.85754,119.43,166.23,137.41,183.78
5995,1987,11,0.85601,211.84,110.46,233.15,126.06
5996,1987,17,0.7811,100.45,146.68,118.09,163.65
5997,1990,15,0.90626,380.47,177.12,415.75,213.53
5998,1990,6,0.89354,300.24,124.28,370.37,166.45
5999,1990,2,0.82944,395.62,114.13,416.52,135.98
6000,1990,2,0.27342,265.54,94.25,285.74,115.28
6001,1990,17,0.11141,265.4,94.22,285.65,115.35
6002,1993,7,0.878,386.79,49.18,414.21,77.79
6003,1993,17,0.0015,183.92,0.02,193.24,7.46
6004,1996,16,0.89592,132.77,218.25,215.66,255.57
6005,1996,14,0.86276,164.87,157.3,190.44,190.83
6006,1996,14,0.80491,145.7,134.16,161.84,183.5
6007,1996,14,0.79924,0.0,128.03,15.69,167.19
6008,1996,14,0.79163,32.73,130.12,46.8,159.77
6009,1996,14,0.79028,120.29,136.33,133.44,166.25
6010,1996,16,0.78173,129.08,178.19,190.57,203.82
6011,1996,14,0.77764,252.87,150.99,267.0,184.19
6012,1996,16,0.76506,211.22,197.49,239.9,215.64
6013,1996,14,0.70995,180.11,144.16,188.64,162.05
6014,1996,16,0.67432,26.87,166.91,122.2,198.2
6015,1996,14,0.65282,19.02,125.05,32.21,159.78
6016,1996,14,0.62626,56.65,136.47,69.15,160.57
6017,1996,16,0.57749,0.03,163.73,18.68,185.0
6018,1996,16,0.43586,88.09,175.96,191.91,204.95
6019,1996,16,0.40126,0.07,164.7,66.38,198.88
6020,1996,14,0.37931,44.14,144.72,54.88,158.6
6021,1996,14,0.21734,148.42,156.49,159.42,182.81
6022,1996,14,0.19794,159.27,151.31,169.49,171.02
6023,1996,16,0.1671,73.48,172.35,167.75,206.5
6024,1996,16,0.12454,61.43,170.23,123.61,196.36
6025,1996,16,0.07081,86.23,171.5,123.23,195.63
6026,1996,14,0.06587,161.1,150.24,169.24,165.62
6027,1996,14,0.06087,158.01,155.66,165.84,172.51
6028,1996,14,0.0601,54.28,135.05,64.42,160.2
6029,1996,16,0.04474,0.0,165.27,109.65,200.31
6030,1996,14,0.04425,21.78,125.67,31.74,150.4
6031,1996,14,0.03215,210.64,144.31,230.6,170.77
6032,1996,16,0.03169,195.85,229.58,246.94,255.94
6033,1996,16,0.02532,203.13,237.69,249.9,255.27
6034,1996,14,0.02504,15.14,125.13,26.17,148.38
6035,1996,16,0.02274,176.37,196.62,239.73,214.32
6036,1996,16,0.01582,174.93,225.64,245.3,255.89
6037,1996,14,0.01477,27.72,127.24,34.68,141.93
6038,1996,16,0.0121,26.22,164.61,60.47,187.71
6039,1996,16,0.01184,160.12,184.89,233.87,210.62
6040,1996,14,0.01113,243.78,124.61,253.15,138.46
6041,1996,16,0.01098,153.14,183.32,192.62,205.96
6042,1996,14,0.00901,179.35,145.65,189.93,166.5
6043,1996,16,0.00732,37.94,177.04,103.06,199.91
6044,1996,16,0.00669,0.0,163.99,27.13,198.77
6045,1996,16,0.00646,174.63,186.08,193.63,205.97
6046,1996,14,0.00607,55.83,143.42,65.18,160.99
6047,1996,14,0.00589,24.24,126.53,32.87,141.5
6048,1996,14,0.00495,163.03,156.15,171.03,172.89
6049,1996,16,0.00483,117.26,193.83,161.67,210.93
6050,1996,14,0.00405,145.7,133.65,162.07,162.59
6051,1996,14,0.004,90.22,134.44,99.48,156.34
6052,1996,16,0.0039,0.0,181.2,64.02,200.24
6053,1996,14,0.00385,50.31,134.83,61.27,158.95
6054,1996,16,0.00371,0.0,176.34,27.33,212.26
6055,1996,16,0.00363,76.85,173.9,125.72,204.63
6056,1996,16,0.00336,131.25,178.58,170.92,201.35
6057,1996,16,0.00334,0.0,161.38,35.34,183.64
6058,1996,14,0.00287,164.36,156.4,180.38,175.45
6059,1996,14,0.00283,154.32,156.06,162.43,182.0
6060,1996,16,0.00224,85.17,189.42,128.81,207.68
6061,1996,14,0.00208,89.63,131.02,103.88,157.43
6062,1996,16,0.00201,137.98,237.2,177.17,255.09
6063,1996,14,0.00199,0.0,105.79,6.52,147.53
6064,1996,16,0.00195,45.86,182.47,103.17,203.05
6065,1996,14,0.00195,158.72,149.16,167.19,185.22
6066,1996,14,0.00161,83.74,110.54,101.29,130.98
6067,1996,16,0.00155,91.7,182.69,163.99,216.13
6068,1996,14,0.00154,0.02,112.85,13.6,163.79
6069,1996,14,0.00148,103.55,139.98,110.19,165.46
6070,1996,14,0.00134,0.0,107.17,9.44,153.56
6071,1996,16,0.00133,24.62,162.21,69.67,191.65
6072,1996,16,0.00132,0.0,178.14,42.37,205.7
6073,1996,16,0.00129,26.04,184.39,79.91,204.27
6074,1996,14,0.00124,161.05,156.18,168.69,184.31
6075,1996,16,0.00124,131.84,219.33,179.21,254.89
6076,1996,16,0.00114,110.99,168.77,185.48,203.85
6077,1996,14,0.00114,246.35,156.72,256.49,178.24
6078,1996,16,0.00114,70.76,168.2,117.31,192.15
6079,1996,14,0.00113,217.1,121.93,227.75,136.15
6080,1996,16,0.00112,93.89,167.88,104.17,180.62
6081,1996,16,0.00108,60.24,171.89,155.81,236.05
6082,1996,14,0.00104,497.94,143.88,505.0,195.08
6083,1996,16,0.00102,93.68,221.01,184.05,255.41
6084,1998,14,0.89288,431.24,134.94,468.29,232.88
6085,1998,14,0.8313,133.95,122.18,169.23,203.65
6086,1998,14,0.81103,265.82,116.3,304.01,224.51
6087,1998,14,0.8097,352.75,119.58,394.78,234.83
6088,1998,14,0.72745,331.42,137.13,358.12,222.22
6089,1998,14,0.38012,106.37,126.63,137.8,202.15
6090,1998,5,0.15399,18.32,138.21,142.0,192.79
6091,1998,14,0.00205,116.11,122.43,165.14,200.81
6092,1998,14,0.00144,488.8,145.06,500.0,192.89
6093,1998,5,0.00132,472.07,138.63,500.0,150.58
6094,1998,8,0.00122,265.27,109.99,313.86,223.04
6095,1998,8,0.00115,489.85,145.41,500.0,194.14
6096,2001,6,0.86677,291.71,177.42,360.99,212.88
6097,2001,15,0.8423,418.33,173.03,439.83,196.46
6098,2003,14,0.87379,174.72,95.52,222.02,149.65
6099,2003,8,0.66508,169.41,124.95,225.63,218.09
6100,2003,8,0.46514,243.28,101.06,294.15,159.06
6101,2003,16,0.38582,0.0,131.54,6.79,158.3
6102,2003,16,0.20868,6.13,133.75,23.15,157.86
6103,2003,16,0.14717,21.47,132.53,36.67,155.91
6104,2003,16,0.07182,35.71,132.98,51.75,154.86
6105,2003,16,0.03204,61.8,132.05,75.78,151.88
6106,2003,16,0.02979,75.22,131.25,87.63,150.42
6107,2003,16,0.02167,96.3,129.91,107.19,147.91
6108,2003,16,0.02072,105.78,130.36,116.97,147.16
6109,2003,16,0.01959,49.48,131.87,62.79,152.58
6110,2003,16,0.01795,86.15,130.78,97.5,150.16
6111,2003,16,0.00775,60.8,130.92,84.83,151.45
6112,2003,16,0.0057,84.48,129.94,102.47,148.75
6113,2003,14,0.00491,187.36,96.07,218.18,124.43
6114,2003,16,0.00435,37.7,131.54,66.74,154.21
6115,2003,16,0.00339,87.92,128.81,109.01,147.44
6116,2003,16,0.0031,102.51,128.9,120.97,147.11
6117,2003,8,0.00279,168.91,93.52,228.28,159.3
6118,2003,16,0.00229,107.78,124.53,142.23,146.76
6119,2003,16,0.00217,28.72,131.93,54.2,153.91
6120,2003,16,0.00158,120.91,130.35,140.91,146.15
6121,2003,14,0.00153,192.11,94.4,216.91,114.92
6122,2003,16,0.00142,115.26,130.25,129.15,145.78
6123,2003,14,0.00126,192.0,93.1,209.32,108.25
6124,2003,14,0.00123,184.45,95.67,211.19,119.94
6125,2003,8,0.00114,298.68,116.16,316.21,141.43
6126,2005,2,0.87988,64.41,202.79,87.45,231.57
6127,2005,2,0.87843,166.39,194.29,185.75,223.93
6128,2011,14,0.02295,279.24,0.0,317.77,37.35
6129,2011,14,0.0022,283.2,0.43,318.0,23.93
6130,2011,14,0.00127,411.81,9.67,507.0,242.52
6131,2012,14,0.86143,189.19,110.46,227.67,203.75
6132,2012,14,0.82544,319.01,85.33,375.96,202.06
6133,2012,5,0.65537,1.26,151.23,163.28,190.85
6134,2012,5,0.51893,0.88,127.16,161.26,193.25
6135,2012,5,0.19838,207.98,143.73,337.48,185.34
6136,2012,5,0.07419,274.05,142.2,335.87,183.64
6137,2012,5,0.04737,195.31,142.81,293.6,186.78
6138,2012,5,0.00519,0.01,122.22,15.76,174.91
6139,2012,5,0.00379,0.01,131.49,18.26,189.29
6140,2012,5,0.00266,0.1,119.52,28.15,177.62
6141,2012,5,0.00199,0.0,106.12,25.01,155.82
6142,2012,14,0.0016,491.85,123.32,500.0,191.56
6143,2012,5,0.00138,129.56,124.99,212.83,184.19
6144,2012,5,0.00123,0.08,107.82,37.75,166.31
6145,2014,7,0.84267,300.0,175.35,319.47,192.65
6146,2014,7,0.82601,242.03,182.98,259.58,199.88
6147,2014,7,0.00102,279.39,149.5,290.88,164.07
6148,2015,3,0.88226,247.32,28.49,290.65,65.75
6149,2015,3,0.87413,112.82,78.08,183.63,124.67
6150,2015,13,0.85339,254.85,76.14,293.34,116.45
6151,2015,3,0.85001,175.35,47.86,241.29,74.42
6152,2015,1,0.83271,182.45,87.41,223.35,128.9
6153,2018,14,0.83028,223.19,100.66,265.17,210.21
6154,2018,14,0.81432,167.82,103.95,210.55,216.86
6155,2018,5,0.67123,294.33,141.38,367.91,183.95
6156,2018,5,0.01481,47.0,163.05,173.3,198.72
6157,2020,2,0.85165,249.74,150.38,266.81,171.74
6158,2020,2,0.85103,233.22,176.52,249.64,198.4
6159,2024,14,0.85348,299.54,5.52,484.27,237.37
6160,2024,14,0.00164,273.0,93.06,305.83,160.72
6161,2024,14,0.0014,276.09,12.7,343.29,238.97
6162,2024,14,0.00123,350.82,2.04,481.77,76.54
6163,2025,15,0.87037,417.28,90.57,436.67,109.73
6164,2027,3,0.90228,132.11,77.88,180.95,139.52
6165,2027,13,0.87049,209.88,20.96,246.53,59.23
6166,2027,3,0.86737,101.67,4.14,151.76,36.55
6167,2027,1,0.8512,194.83,58.55,234.75,99.89
6168,2027,3,0.84105,78.17,35.48,147.83,76.57
6169,2029,9,0.8645,313.54,115.41,328.92,128.74
6170,2029,10,0.84448,445.97,139.23,460.72,154.49
6171,2029,17,0.8327,285.54,93.24,298.49,104.84
6172,2029,9,0.82138,373.87,111.07,388.71,126.46
6173,2029,17,0.0154,373.82,111.0,388.7,126.56
6174,2029,17,0.00302,313.52,115.55,329.2,128.79
6175,2030,9,0.85815,225.45,125.91,243.67,144.89
6176,2030,10,0.85405,175.94,176.0,196.28,198.87
6177,2030,17,0.8472,169.22,81.36,184.92,96.54
6178,2030,17,0.03349,131.6,130.31,147.62,142.29
6179,2030,17,0.01779,343.27,119.31,356.27,133.66
6180,2030,17,0.00612,342.75,122.6,353.21,133.32
6181,2030,10,0.0033,225.21,125.85,243.66,144.83
6182,2030,2,0.001,493.9,8.05,498.0,43.47
6183,2034,14,0.87753,421.29,91.02,446.68,152.79
6184,2034,14,0.82844,56.22,118.03,98.38,221.33
6185,2034,14,0.82008,92.7,127.06,120.36,194.01
6186,2034,8,0.78074,405.42,111.35,427.43,134.94
6187,2034,8,0.74324,466.54,105.01,485.78,131.32
6188,2034,8,0.67744,367.71,111.42,394.34,137.76
6189,2034,14,0.61773,370.69,104.94,386.56,131.84
6190,2034,14,0.10191,40.49,137.18,59.81,189.09
6191,2034,8,0.09278,436.93,106.93,463.18,133.99
6192,2034,14,0.08906,487.17,101.27,494.0,130.11
6193,2034,8,0.05751,486.18,99.97,494.0,129.61
6194,2034,8,0.03855,369.97,106.67,388.14,136.76
6195,2034,14,0.03387,450.37,102.38,464.37,124.78
6196,2034,8,0.00753,480.89,98.91,494.0,127.37
6197,2034,8,0.00632,478.38,102.8,492.13,130.29
6198,2034,14,0.00319,420.29,90.92,436.89,134.35
6199,2034,14,0.00278,360.53,111.02,369.98,129.49
6200,2034,8,0.0021,472.88,103.72,489.19,130.32
6201,2034,8,0.00184,437.64,114.18,459.07,134.22
6202,2034,8,0.00174,354.85,110.17,367.57,130.26
6203,2034,14,0.00171,379.46,111.8,393.8,132.24
6204,2034,8,0.00135,450.51,102.93,464.44,125.95
6205,2034,14,0.00132,489.72,99.06,494.0,152.82
6206,2034,14,0.00132,486.8,100.33,493.91,158.08
6207,2034,14,0.00129,369.49,108.39,392.77,135.25
6208,2034,14,0.00125,64.54,123.84,96.82,165.22
6209,2034,8,0.00113,406.67,94.92,475.6,150.09
6210,2034,8,0.00108,451.6,105.15,484.27,131.67
6211,2035,2,0.66776,403.98,194.58,434.4,226.09
6212,2035,2,0.20807,367.88,191.77,400.89,215.56
6213,2035,17,0.10826,489.78,123.47,495.0,148.15
6214,2035,2,0.01116,0.0,153.96,8.71,191.11
6215,2035,17,0.01073,488.81,122.11,495.0,166.93
6216,2035,2,0.00677,487.78,173.92,495.0,227.41
6217,2036,8,0.8454,355.52,142.66,442.0,212.57
6218,2036,14,0.74231,360.78,112.1,374.63,143.71
6219,2036,14,0.13526,30.82,134.07,38.38,147.67
6220,2036,14,0.10495,0.01,130.0,4.33,162.38
6221,2036,8,0.04858,0.02,135.01,6.01,161.03
6222,2036,14,0.04488,0.0,126.84,5.43,150.76
6223,2036,14,0.0412,0.02,128.51,8.95,162.52
6224,2036,8,0.03701,0.01,129.73,4.11,161.34
6225,2036,8,0.0241,0.01,141.86,3.45,160.88
6226,2036,8,0.01774,0.0,132.1,9.65,160.98
6227,2036,8,0.01087,0.0,128.31,6.82,151.16
6228,2036,14,0.00717,0.06,124.4,8.04,148.05
6229,2036,8,0.00596,412.45,150.87,441.96,210.27
6230,2036,14,0.00576,0.0,145.5,3.8,161.07
6231,2036,8,0.0041,0.0,141.61,10.78,159.95
6232,2036,14,0.00279,13.44,139.39,26.59,157.18
6233,2036,5,0.00186,0.01,143.56,7.95,160.98
6234,2036,14,0.00179,81.13,135.9,87.06,148.11
6235,2036,14,0.00154,32.56,133.9,40.9,147.69
6236,2036,5,0.00128,0.0,111.79,3.84,118.97
6237,2036,14,0.00106,28.95,134.48,37.33,152.35
6238,2036,8,0.00105,0.84,134.47,13.2,159.52
6239,2037,6,0.45695,108.92,32.85,124.17,54.52
6240,2037,14,0.00173,382.76,94.4,483.9,245.0
6241,2042,15,0.88902,290.18,106.61,315.9,136.63
6242,2042,6,0.87599,174.99,43.4,239.35,87.14
6243,2043,13,0.85082,115.07,115.99,162.82,161.43
6244,2043,12,0.82638,208.03,148.33,255.18,195.96
6245,2043,13,0.11326,208.27,149.09,255.07,195.18
6246,2043,0,0.00254,115.25,114.47,164.07,161.42
6247,2043,12,0.0013,114.79,114.66,163.61,161.71
6248,2049,15,0.91565,176.09,84.7,254.69,157.53
6249,2049,15,0.00355,176.49,86.04,216.01,156.16
6250,2050,15,0.8667,261.11,179.98,281.79,197.83
6251,2050,15,0.00972,492.42,164.31,505.0,201.29
6252,2051,10,0.89443,188.72,110.74,205.41,127.0
6253,2051,10,0.87312,177.64,128.42,193.72,146.02
6254,2051,17,0.85218,285.62,131.46,299.83,146.2
6255,2051,11,0.85069,226.72,101.67,245.98,115.58
6256,2051,11,0.83713,237.39,133.25,252.94,149.76
6257,2051,17,0.82118,278.19,149.26,292.53,164.17
6258,2051,9,0.8147,235.59,160.87,255.25,176.85
6259,2051,17,0.8036,200.88,152.77,218.34,171.56
6260,2051,9,0.16255,200.84,152.84,218.33,171.41
6261,2053,15,0.91425,253.04,42.71,303.43,99.07
6262,2053,15,0.90697,378.26,46.31,415.97,89.13
6263,2055,9,0.87903,157.57,50.2,173.97,64.75
6264,2055,10,0.84289,162.51,8.55,179.01,22.6
6265,2055,11,0.83019,202.97,9.79,220.49,23.41
6266,2055,11,0.82936,181.64,32.47,196.31,47.59
6267,2055,10,0.82864,138.65,16.74,152.93,32.35
6268,2055,17,0.82618,224.6,42.04,238.14,55.82
6269,2055,9,0.67996,135.66,36.76,151.13,53.71
6270,2055,17,0.63258,202.4,51.94,215.84,66.02
6271,2055,17,0.01297,135.57,36.95,151.32,53.44
6272,2055,17,0.01123,157.61,50.15,173.94,64.7
6273,2055,6,0.00276,486.1,94.17,500.0,194.95
6274,2055,6,0.00172,470.64,87.16,500.0,194.33
6275,2055,9,0.00162,224.28,42.12,238.27,55.78
6276,2056,2,0.86833,104.08,52.06,121.53,64.22
6277,2056,2,0.85699,140.65,28.57,157.88,41.78
6278,2056,2,0.84702,64.05,31.18,82.42,44.47
6279,2056,2,0.84578,179.6,44.31,198.26,58.44
6280,2056,2,0.00837,480.03,0.0,486.0,10.22
6281,2056,2,0.00513,481.16,0.0,486.0,10.89
6282,2057,13,0.90283,237.23,114.41,275.44,152.47
6283,2057,3,0.87596,190.01,0.0,274.21,38.18
6284,2057,3,0.86555,302.2,6.24,340.95,82.82
6285,2057,1,0.85612,199.21,49.62,239.11,91.14
6286,2057,3,0.84548,331.92,79.85,407.77,124.51
6287,2060,4,0.87545,303.07,104.54,349.88,157.04
6288,2060,13,0.81098,235.78,105.96,267.51,137.53
6289,2061,8,0.78842,6.9,38.92,57.2,99.46
6290,2061,8,0.25609,116.08,45.14,153.79,110.85
6291,2061,4,0.08889,182.25,128.94,207.3,173.37
6292,2061,4,0.07094,190.1,137.56,228.49,195.67
6293,2061,4,0.02569,182.53,128.78,222.39,176.76
6294,2061,8,0.00968,0.0,39.43,44.43,124.09
6295,2061,14,0.00644,0.0,42.56,9.87,110.28
6296,2061,8,0.00534,0.0,42.24,19.61,109.46
6297,2061,8,0.0043,0.0,36.31,29.93,183.59
6298,2061,14,0.00373,0.0,41.97,22.04,111.95
6299,2062,17,0.85027,304.92,152.12,316.94,163.72
6300,2062,9,0.84482,333.31,174.59,348.85,188.15
6301,2062,10,0.8387,467.33,199.71,482.52,215.66
6302,2062,9,0.49932,393.95,170.35,409.01,185.9
6303,2062,10,0.24156,393.75,170.32,409.05,186.03
6304,2062,17,0.01809,393.73,170.28,408.92,186.13
6305,2066,12,0.84008,189.26,65.84,238.41,117.11
6306,2066,13,0.81623,117.79,150.78,172.64,206.26
6307,2066,13,0.0043,187.45,68.31,236.78,114.9
6308,2067,2,0.84361,330.47,79.2,360.13,106.93
6309,2067,2,0.43943,452.0,63.63,475.53,88.62
6310,2067,2,0.00921,502.39,19.43,509.0,39.95
6311,2067,2,0.00115,505.27,74.78,509.0,108.93
6312,2069,2,0.89548,363.39,36.45,393.45,75.87
6313,2069,7,0.87503,406.98,89.62,441.23,118.31
6314,2073,5,0.81457,93.86,83.32,116.59,103.58
6315,2073,5,0.78766,0.0,53.85,33.69,71.09
6316,2073,14,0.70899,226.39,119.41,241.72,138.09
6317,2073,5,0.59949,163.75,66.22,178.43,78.63
6318,2073,5,0.42418,143.21,51.28,156.12,62.88
6319,2073,8,0.17433,224.02,127.28,242.13,152.3
6320,2073,14,0.03585,242.39,91.13,250.78,104.78
6321,2073,5,0.00674,73.95,48.13,165.05,86.4
6322,2073,5,0.006,159.29,73.06,214.43,105.59
6323,2073,5,0.0057,0.02,54.71,16.29,69.32
6324,2073,14,0.00553,71.21,58.38,80.41,76.24
6325,2073,5,0.00427,44.8,60.06,68.36,71.44
6326,2073,5,0.00304,39.57,55.53,68.41,74.47
6327,2073,5,0.00264,81.55,62.41,161.41,96.43
6328,2073,5,0.00165,145.43,45.38,166.85,60.39
6329,2073,5,0.00141,0.0,48.53,3.34,61.93
6330,2073,5,0.00116,455.03,79.59,493.0,105.13
6331,2073,5,0.00115,461.69,93.84,492.82,107.7
6332,2083,15,0.81529,346.72,73.58,372.4,97.59
6333,2083,15,0.79232,377.13,40.68,395.76,56.6
6334,2083,7,0.7911,299.71,54.1,318.77,68.32
6335,2083,7,0.00453,427.05,22.16,438.77,42.14
6336,2084,15,0.87475,341.89,38.2,363.28,62.38
6337,2084,15,0.87443,409.49,33.67,430.78,60.19
6338,2085,15,0.92747,188.67,76.07,266.38,144.88
6339,2085,15,0.00251,189.25,76.89,223.87,144.64
6340,2088,9,0.89724,158.86,134.28,181.54,158.19
6341,2088,10,0.87863,255.09,188.85,278.31,214.88
6342,2088,9,0.68724,63.97,158.96,88.83,179.72
6343,2088,17,0.56356,30.62,118.06,49.21,134.91
6344,2088,10,0.34961,63.96,158.72,89.1,179.72
6345,2088,9,0.02544,30.71,118.1,49.3,135.1
6346,2089,2,0.90163,43.81,198.79,69.28,229.08
6347,2089,2,0.84355,52.54,113.77,82.88,139.04
6348,2090,13,0.87342,286.33,129.1,325.84,169.76
6349,2090,1,0.86067,212.09,48.29,249.74,86.87
6350,2090,4,0.85363,163.13,178.74,255.11,239.74
6351,2090,2,0.00212,478.67,198.5,498.97,226.35
6352,2093,2,0.86241,199.08,176.93,219.46,206.38
6353,2093,2,0.01114,152.75,232.16,163.15,245.24
6354,2095,2,0.86624,185.19,47.08,203.91,60.42
6355,2095,2,0.85836,298.26,59.09,317.25,74.52
6356,2095,2,0.85673,224.4,67.18,242.27,79.52
6357,2095,2,0.84382,259.8,43.75,277.42,57.13
6358,2099,3,0.89424,180.79,154.44,229.34,213.44
6359,2099,3,0.87815,265.43,70.54,312.9,118.53
6360,2099,3,0.85074,225.08,128.23,305.37,161.48
6361,2099,13,0.84836,146.71,85.52,184.29,124.45
6362,2099,1,0.82981,207.93,63.49,244.04,102.23
6363,2100,11,0.90174,360.09,115.34,382.26,132.78
6364,2100,10,0.89374,383.82,60.61,403.13,77.14
6365,2100,9,0.88641,305.45,43.17,324.18,59.18
6366,2100,9,0.87378,340.77,39.26,360.24,56.01
6367,2100,10,0.86817,391.81,86.58,408.6,104.29
6368,2100,17,0.86386,281.02,92.31,296.91,108.59
6369,2100,11,0.86205,324.55,71.31,343.44,90.03
6370,2100,17,0.844,278.33,68.24,293.94,84.34
6371,2100,9,0.00368,278.52,68.25,294.05,84.48
6372,2100,17,0.00108,340.78,39.29,360.32,55.83
6373,2102,6,0.80257,314.02,118.16,358.35,157.57
6374,2102,17,0.04963,131.46,150.47,162.12,181.05
6375,2102,15,0.00628,0.0,202.03,12.13,241.23
6376,2102,17,0.00341,248.79,103.42,275.42,132.55
6377,2102,14,0.00139,0.0,133.74,12.69,242.12
6378,2103,10,0.85153,272.2,53.17,287.27,67.91
6379,2103,9,0.83475,284.36,94.69,302.07,109.62
6380,2103,17,0.8331,232.19,141.26,246.76,155.71
6381,2103,9,0.83171,236.93,93.52,254.69,108.38
6382,2103,10,0.81706,225.94,42.83,241.71,57.89
6383,2103,17,0.05462,284.48,94.79,301.91,109.6
6384,2103,2,0.00105,495.71,124.81,502.0,158.4
6385,2106,2,0.88619,70.67,89.71,100.99,127.57
6386,2106,7,0.87971,114.72,140.22,147.85,168.64
6387,2107,13,0.89054,160.0,139.46,198.73,178.24
6388,2107,3,0.88362,146.21,16.67,204.32,79.39
6389,2107,3,0.88232,212.22,36.42,281.13,86.99
6390,2107,1,0.86511,88.22,119.11,127.29,158.24
6391,2107,3,0.85897,37.84,66.43,126.84,107.67
6392,2108,7,0.78,371.28,190.56,408.81,211.7
6393,2108,7,0.77609,393.31,105.99,433.01,137.67
6394,2108,17,0.00451,493.47,35.98,497.0,54.43
6395,2108,17,0.00255,349.36,189.46,368.4,211.06
6396,2109,11,0.89603,122.3,84.89,146.19,108.95
6397,2109,10,0.88407,196.29,62.41,219.22,82.84
6398,2109,9,0.88252,70.26,123.15,88.96,141.86
6399,2109,10,0.86866,203.48,104.76,223.24,128.16
6400,2109,9,0.8662,144.88,28.64,169.05,50.31
6401,2109,17,0.8526,67.8,82.73,85.67,100.67
6402,2109,11,0.7783,163.79,154.29,190.05,175.72
6403,2109,17,0.66721,101.41,37.32,124.63,57.34
6404,2109,9,0.64228,101.38,37.31,125.07,57.47
6405,2109,17,0.40445,70.43,123.15,88.77,141.76
6406,2117,2,0.86402,311.13,196.56,332.78,221.01
6407,2117,2,0.85609,303.5,162.51,321.34,186.18
6408,2119,7,0.89663,41.02,32.32,67.8,53.68
6409,2119,7,0.87135,86.08,83.74,110.35,110.99
6410,2119,7,0.0036,86.59,96.85,107.66,111.15
6411,2120,2,0.86337,403.47,112.97,431.8,136.84
6412,2120,2,0.07718,308.53,126.54,333.17,147.96
6413,2120,2,0.01796,493.63,149.73,497.0,178.18
6414,2120,2,0.00389,488.89,149.37,497.0,178.98
6415,2120,2,0.00209,491.83,152.64,497.0,179.83
6416,2120,2,0.00168,492.35,112.57,497.0,137.4
6417,2122,17,0.22206,361.59,20.99,407.34,56.36
6418,2122,8,0.00362,461.22,221.85,507.0,255.65
6419,2122,14,0.00288,331.04,1.43,405.06,97.74
6420,2122,14,0.00268,333.92,0.18,376.26,53.03
6421,2126,9,0.88375,117.46,139.2,132.51,157.82
6422,2126,9,0.877,133.0,108.25,148.38,125.46
6423,2126,10,0.86952,202.52,116.18,219.68,132.03
6424,2126,10,0.84977,221.57,79.47,235.63,93.47
6425,2126,17,0.84259,41.88,119.82,56.22,133.08
6426,2126,6,0.00164,6.72,78.33,53.06,99.36
6427,2129,11,0.85294,81.23,60.81,96.01,72.47
6428,2129,10,0.83328,99.08,45.25,110.51,56.32
6429,2129,10,0.81129,91.73,33.77,104.83,44.7
6430,2129,11,0.79505,53.38,45.04,66.66,57.23
6431,2129,17,0.78605,21.69,49.28,32.46,59.53
6432,2129,17,0.72377,26.36,59.92,36.72,70.51
6433,2129,17,0.01015,61.11,27.79,74.54,38.69
6434,2129,17,0.00809,37.62,34.06,50.58,44.84
6435,2129,10,0.0053,96.46,40.93,108.36,52.87
6436,2129,9,0.00406,37.78,33.72,50.41,44.59
6437,2129,10,0.00132,98.32,35.31,107.78,51.42
6438,2133,5,0.73188,167.29,98.05,435.51,198.03
6439,2133,14,0.04351,13.87,125.65,22.41,147.46
6440,2133,8,0.01855,0.17,31.45,55.57,149.74
6441,2133,14,0.00544,0.03,128.09,4.64,161.03
6442,2133,14,0.00184,0.0,88.61,10.32,144.65
6443,2133,14,0.00152,0.07,88.34,17.96,144.55
6444,2133,14,0.00106,0.08,125.6,3.55,140.24
6445,2135,4,0.89156,193.14,157.84,264.8,214.44
6446,2135,13,0.82831,76.74,135.71,129.53,190.15
6447,2135,3,0.01831,1.28,115.75,55.25,144.46
6448,2135,3,0.00167,0.39,84.44,55.74,144.91
6449,2136,7,0.87173,109.69,144.24,142.11,170.26
6450,2137,12,0.9137,113.33,32.11,141.94,58.18
6451,2137,4,0.90848,63.18,81.1,122.1,124.02
6452,2137,0,0.90607,166.7,53.12,198.99,84.28
6453,2137,0,0.90298,56.38,149.62,93.82,184.3
6454,2137,12,0.89016,18.2,75.45,47.6,103.19
6455,2137,13,0.88535,128.39,104.48,161.09,135.71
6456,2137,3,0.8807,169.27,153.96,244.16,207.27
6457,2137,1,0.85864,198.45,95.17,232.0,129.58
6458,2137,3,0.83376,198.74,33.49,272.67,53.87
6459,2137,13,0.1094,18.22,75.38,47.97,103.28
6460,2138,15,0.89624,110.33,75.7,133.62,98.49
6461,2138,15,0.89067,61.88,68.92,83.32,87.99
6462,2138,2,0.00156,357.07,109.4,366.1,123.17
6463,2139,17,0.86778,401.46,134.11,419.58,151.66
6464,2139,2,0.86119,322.61,107.27,360.11,136.15
6465,2139,17,0.80822,292.44,189.7,313.14,207.88
6466,2139,2,0.03594,292.93,189.73,313.11,207.92
6467,2141,2,0.84203,311.7,44.49,340.6,65.11
6468,2141,7,0.83123,374.1,63.89,399.55,81.8
6469,2141,7,0.00107,373.31,60.45,434.92,139.7
6470,2148,7,0.9178,203.27,48.81,261.74,82.92
6471,2148,7,0.53413,28.26,216.99,75.64,238.63
6472,2151,17,0.05853,208.49,141.61,227.15,159.93
6473,2151,1,0.00124,240.56,162.14,271.23,196.19
6474,2151,4,0.00108,240.57,162.05,271.09,196.38
6475,2152,2,0.85781,302.86,172.24,323.61,198.3
6476,2152,2,0.81026,375.43,170.57,402.12,187.55
6477,2152,2,0.01322,0.02,2.13,3.58,23.27
6478,2152,2,0.00156,0.0,0.0,6.31,23.4
6479,2154,17,0.87557,397.74,135.44,410.84,149.06
6480,2154,10,0.86896,335.8,95.68,350.01,110.91
6481,2154,17,0.86408,331.6,115.46,346.54,131.79
6482,2154,10,0.86402,359.76,89.32,376.49,102.57
6483,2154,17,0.86372,421.19,127.31,434.66,140.53
6484,2154,11,0.85843,400.78,93.24,418.04,106.22
6485,2154,11,0.84799,377.38,114.23,392.19,129.32
6486,2154,17,0.69314,352.59,130.38,368.84,144.48
6487,2154,9,0.00602,352.43,130.28,368.76,144.43
6488,2157,7,0.85131,352.38,182.29,376.49,203.18
6489,2157,7,0.81471,302.17,89.38,326.97,108.45
6490,2157,2,0.19329,97.62,60.38,114.74,76.95
6491,2157,2,0.00101,379.34,75.0,404.3,99.42
6492,2167,5,0.63183,60.6,132.45,78.53,148.87
6493,2167,5,0.1771,10.56,135.46,45.59,153.46
6494,2167,5,0.11715,11.92,137.61,35.15,152.99
6495,2167,14,0.10664,318.95,125.75,332.53,141.7
6496,2167,14,0.09695,0.01,138.8,12.1,150.79
6497,2167,14,0.08405,0.02,139.62,11.75,157.23
6498,2167,8,0.0753,0.01,140.37,12.2,164.86
6499,2167,14,0.07026,319.09,125.58,343.54,142.01
6500,2167,14,0.06384,112.23,133.99,122.56,147.7
6501,2167,5,0.04635,22.07,134.8,49.57,153.19
6502,2167,8,0.04569,0.03,141.15,14.2,178.78
6503,2167,5,0.04344,0.0,137.89,11.2,150.23
6504,2167,5,0.02852,88.73,132.26,100.61,147.79
6505,2167,5,0.02719,0.0,139.97,11.33,158.59
6506,2167,14,0.02251,0.03,136.57,13.43,146.94
6507,2167,5,0.01686,14.56,137.9,27.84,153.76
6508,2167,8,0.01022,0.0,148.12,6.86,178.69
6509,2167,14,0.00988,99.41,129.67,112.73,145.34
6510,2167,5,0.00799,40.41,135.46,61.07,151.05
6511,2167,14,0.00724,110.48,136.98,122.27,152.44
6512,2167,14,0.00718,109.19,134.0,115.58,148.89
6513,2167,14,0.00674,105.84,131.07,112.89,146.64
6514,2167,8,0.00641,111.09,143.63,121.78,153.82
6515,2167,5,0.00613,84.95,135.59,100.51,148.91
6516,2167,5,0.00553,99.78,130.4,110.91,145.63
6517,2167,8,0.00454,112.07,136.33,124.81,152.29
6518,2167,5,0.0045,1.28,138.37,19.33,154.99
6519,2167,14,0.00421,0.02,130.32,6.61,146.11
6520,2167,14,0.00377,109.46,140.44,117.69,151.64
6521,2167,14,0.00359,0.21,132.44,13.75,145.51
6522,2167,14,0.0033,112.7,134.51,125.77,150.86
6523,2167,8,0.00305,82.67,138.8,92.25,151.6
6524,2167,5,0.00286,31.11,136.34,53.06,153.16
6525,2167,8,0.00279,109.15,146.34,121.92,159.57
6526,2167,8,0.00253,108.91,143.66,119.5,156.84
6527,2167,5,0.00203,0.0,167.59,3.48,179.2
6528,2167,5,0.00197,0.21,136.25,28.25,147.35
6529,2167,14,0.00194,0.12,125.23,11.27,147.85
6530,2167,14,0.00184,62.17,132.0,78.66,147.25
6531,2167,5,0.00177,8.36,138.6,26.8,150.32
6532,2167,14,0.00162,0.04,122.51,3.92,144.22
6533,2167,14,0.00157,0.13,142.73,13.44,165.61
6534,2167,5,0.00131,135.5,158.98,240.42,232.89
6535,2167,8,0.00107,109.37,141.36,124.82,159.56
6536,2169,2,0.90453,75.74,53.76,110.99,95.74
6537,2169,2,0.87567,198.65,56.43,239.24,85.3
6538,2169,17,0.83518,167.38,145.72,196.43,165.1
6539,2169,6,0.00125,393.59,96.23,420.09,117.48
6540,2170,15,0.93656,430.48,26.44,469.0,88.86
6541,2170,15,0.91153,281.68,26.21,353.97,90.45
6542,2170,15,0.00234,281.95,28.17,313.14,90.93
6543,2171,9,0.89137,349.21,64.26,367.65,81.19
6544,2171,10,0.88513,399.21,116.61,421.69,135.17
6545,2171,10,0.87689,259.55,84.54,281.8,102.49
6546,2171,9,0.86875,406.55,75.09,430.37,92.96
6547,2171,17,0.86617,360.27,101.98,377.94,118.87
6548,2171,11,0.85817,372.01,35.22,387.71,50.41
6549,2171,17,0.8392,320.14,97.48,336.86,113.93
6550,2172,5,0.83074,386.77,152.52,500.0,210.47
6551,2172,5,0.83001,0.0,154.47,94.77,196.1
6552,2172,5,0.8134,231.25,148.76,356.7,202.52
6553,2172,14,0.7939,140.07,131.27,213.46,256.0
6554,2172,5,0.76671,364.1,138.79,452.77,185.81
6555,2172,5,0.04157,139.51,143.67,224.57,209.87
6556,2172,14,0.01276,178.42,129.13,199.97,163.97
6557,2172,14,0.00514,141.15,133.54,201.74,213.6
6558,2172,5,0.00488,493.36,155.76,500.0,190.79
6559,2172,5,0.00408,139.78,136.16,221.46,252.83
6560,2172,5,0.00138,491.55,141.35,500.0,189.36
6561,2172,14,0.00131,490.82,144.41,500.0,188.73
6562,2172,14,0.00112,169.55,129.85,209.89,217.38
6563,2172,5,0.00104,296.8,136.07,402.47,184.71
6564,2176,17,0.8776,324.88,0.64,345.87,18.54
6565,2176,17,0.84215,414.31,77.41,435.65,97.4
6566,2176,7,0.00251,415.14,31.34,433.62,43.24
6567,2176,2,0.00216,205.92,59.33,230.22,88.22
6568,2179,7,0.85641,271.41,220.32,297.4,242.03
6569,2179,7,0.84964,106.19,173.37,131.27,193.27
6570,2183,14,0.83526,283.3,83.38,309.82,161.79
6571,2183,8,0.82578,128.02,148.5,232.93,202.11
6572,2183,8,0.80063,3.16,137.13,71.85,187.16
6573,2183,14,0.78126,258.51,85.38,288.37,164.0
6574,2183,14,0.75218,400.63,64.69,419.4,116.83
6575,2183,14,0.74122,441.8,65.67,470.08,120.36
6576,2183,14,0.72417,329.45,85.05,347.73,123.68
6577,2183,14,0.5791,117.59,106.52,151.05,144.91
6578,2183,14,0.57184,20.74,115.04,44.48,144.28
6579,2183,14,0.1193,17.8,115.11,45.02,163.65
6580,2183,14,0.07872,219.76,67.5,248.28,131.12
6581,2183,14,0.04296,491.94,86.45,499.0,140.01
6582,2183,14,0.0353,223.8,107.73,256.82,133.79
6583,2183,8,0.03328,489.29,64.78,499.0,140.31
6584,2183,14,0.02796,0.0,105.29,11.6,148.33
6585,2183,14,0.02713,488.96,50.63,499.0,142.67
6586,2183,14,0.01209,17.35,114.19,50.98,185.61
6587,2183,8,0.01199,0.02,129.54,14.64,208.63
6588,2183,8,0.0112,248.48,80.46,319.0,163.87
6589,2183,14,0.01106,119.32,102.97,151.59,133.08
6590,2183,14,0.0097,0.0,109.84,12.17,186.89
6591,2183,14,0.00756,117.56,107.37,134.14,136.15
6592,2183,8,0.00642,0.12,129.99,29.4,188.56
6593,2183,14,0.0056,224.45,100.67,253.84,128.18
6594,2183,14,0.00551,0.0,104.2,7.28,155.75
6595,2183,14,0.00522,37.08,47.63,59.93,95.81
6596,2183,14,0.00458,493.87,72.96,499.0,145.13
6597,2183,8,0.00432,483.3,76.64,498.95,139.98
6598,2183,14,0.00415,133.52,98.1,152.28,131.79
6599,2183,14,0.00375,493.21,104.08,499.0,139.11
6600,2183,14,0.0032,493.43,60.56,499.0,117.48
6601,2183,14,0.00296,223.07,86.42,248.36,127.17
6602,2183,14,0.00209,128.98,104.86,150.77,137.28
6603,2183,8,0.00206,0.01,121.95,11.82,242.62
6604,2183,14,0.00184,0.0,123.22,5.65,158.14
6605,2183,14,0.00172,130.63,109.21,158.82,156.43
6606,2183,8,0.0016,0.0,134.1,6.4,209.78
6607,2183,14,0.0015,481.44,46.51,499.0,143.77
6608,2183,14,0.0015,0.0,113.92,10.09,158.91
6609,2183,14,0.00145,116.7,102.94,157.65,157.57
6610,2183,14,0.00127,0.03,96.74,12.32,137.16
6611,2183,14,0.0012,0.0,146.11,8.07,208.49
6612,2183,14,0.00108,237.03,108.24,256.75,128.63
6613,2183,8,0.00105,437.48,69.1,496.98,123.83
6614,2183,14,0.00103,0.0,130.15,7.12,163.66
6615,2186,7,0.86066,57.52,110.83,94.23,145.02
6616,2186,7,0.85987,95.0,186.63,131.45,217.14
6617,2186,17,0.00322,136.52,81.48,159.4,106.07
6618,2188,0,0.88708,86.81,7.19,131.07,54.74
6619,2188,0,0.87577,159.88,32.36,208.29,81.51
6620,2188,1,0.78729,54.35,101.31,105.37,151.79
6621,2188,6,0.00475,469.16,29.06,483.0,70.13
6622,2189,2,0.86909,361.4,203.15,389.16,222.42
6623,2189,2,0.8581,290.37,201.2,312.39,222.45
6624,2189,2,0.83712,416.87,156.22,440.59,173.44
6625,2189,2,0.83107,298.67,144.19,313.73,166.72
6626,2191,8,0.74226,48.97,50.5,226.88,233.69
6627,2191,5,0.49835,362.02,16.02,391.37,34.12
6628,2191,5,0.20401,195.51,31.23,224.19,46.29
6629,2191,5,0.13935,341.72,13.97,391.22,36.23
6630,2191,5,0.04075,254.18,25.06,300.62,44.19
6631,2191,5,0.00721,390.93,12.96,417.91,28.83
6632,2191,8,0.00367,137.68,60.76,372.05,228.01
6633,2191,8,0.00363,472.73,0.0,483.0,29.85
6634,2191,5,0.00348,476.06,52.56,483.0,61.35
6635,2191,8,0.00291,457.98,1.07,483.0,34.93
6636,2191,5,0.00291,475.85,52.86,483.0,66.89
6637,2191,8,0.00281,331.0,15.91,362.37,36.18
6638,2191,5,0.00279,347.55,11.08,418.12,37.07
6639,2191,14,0.00279,190.96,0.02,216.69,37.95
6640,2191,14,0.00245,338.99,0.37,364.15,33.32
6641,2191,8,0.00235,427.07,2.05,482.93,31.57
6642,2191,14,0.0019,217.26,0.39,250.53,30.19
6643,2191,8,0.00164,238.05,49.02,282.35,83.88
6644,2191,8,0.00125,440.38,7.69,469.05,30.25
6645,2191,14,0.00118,212.11,0.25,233.56,34.56
6646,2191,8,0.00107,328.47,0.0,364.44,36.32
6647,2193,7,0.85518,403.87,156.05,433.44,180.1
6648,2193,7,0.81882,411.79,104.1,438.51,129.03
6649,2195,2,0.88965,313.92,100.41,335.99,130.32
6650,2195,2,0.8676,236.55,59.47,256.29,86.63
6651,2195,2,0.86165,405.47,60.55,424.76,86.79
6652,2195,2,0.86126,293.19,33.71,311.42,57.8
6653,2195,5,0.0072,166.15,13.51,222.51,54.35
6654,2197,10,0.89909,311.05,108.25,337.34,134.7
6655,2197,17,0.86073,42.01,142.52,65.1,162.7
6656,2197,9,0.85435,190.46,103.13,215.66,130.63
6657,2197,9,0.62027,176.56,167.31,202.57,197.4
6658,2197,17,0.35592,176.86,167.28,202.41,197.92
6659,2197,10,0.00187,176.87,167.55,202.69,197.89
6660,2202,7,0.88438,380.95,146.43,417.01,175.48
6661,2202,2,0.85088,283.1,118.57,323.64,144.18
6662,2202,17,0.01917,495.99,159.91,501.0,191.99
6663,2202,17,0.00948,494.76,161.87,501.0,202.47
6664,2202,17,0.00512,490.98,167.34,501.0,202.82
6665,2202,17,0.00492,493.53,155.5,501.0,189.1
6666,2202,17,0.00115,495.17,180.32,501.0,215.99
6667,2203,7,0.86632,127.48,34.03,163.3,57.51
6668,2203,7,0.81773,48.08,120.78,74.97,147.72
6669,2203,17,0.01794,459.16,134.83,480.8,152.76
6670,2203,17,0.0154,180.29,101.28,199.48,125.48
6671,2203,17,0.00669,176.26,156.65,199.89,175.12
6672,2204,6,0.88029,275.08,41.15,325.11,67.97
6673,2204,15,0.84824,201.94,44.65,220.21,62.84
6674,2206,14,0.85852,84.32,52.38,117.06,141.0
6675,2206,5,0.01102,414.42,122.76,451.22,143.18
6676,2206,7,0.00187,341.15,199.1,453.69,246.44
6677,2206,14,0.00148,383.72,122.85,411.81,145.98
6678,2206,14,0.00145,403.73,136.19,414.05,152.21
6679,2206,14,0.00119,396.92,128.76,413.83,152.8
6680,2212,2,0.89001,331.83,163.14,363.64,202.18
6681,2212,17,0.77558,320.54,133.05,336.44,147.97
6682,2212,17,0.05143,395.19,145.6,413.15,162.78
6683,2212,2,0.0029,393.67,145.88,417.55,183.31
6684,2212,14,0.00135,394.5,146.12,414.29,174.22
6685,2212,2,0.0012,393.69,145.64,414.07,168.07
6686,2216,2,0.86468,285.75,193.49,305.98,220.33
6687,2216,2,0.86068,192.62,135.54,210.21,158.92
6688,2216,2,0.85647,306.94,147.28,325.92,172.04
6689,2216,2,0.85326,191.69,188.15,211.41,214.59
6690,2216,5,0.00191,354.43,91.46,380.48,113.42
6691,2225,10,0.86842,84.62,140.45,99.8,154.23
6692,2225,10,0.86691,114.99,142.43,131.28,155.1
6693,2225,17,0.86201,118.26,183.6,132.12,196.66
6694,2225,11,0.85753,146.03,155.41,160.7,168.42
6695,2225,11,0.84976,94.69,163.24,112.36,177.15
6696,2225,17,0.84183,87.04,182.73,100.7,195.76
6697,2225,9,0.68473,54.34,152.46,70.76,166.02
6698,2225,17,0.02562,55.65,167.31,70.57,180.6
6699,2225,9,0.00891,55.12,154.68,70.78,180.67
6700,2226,2,0.8672,227.12,35.06,244.68,59.05
6701,2226,2,0.86361,234.85,69.29,255.24,93.73
6702,2233,5,0.84887,406.97,167.15,500.0,226.04
6703,2233,5,0.71524,248.37,175.28,351.29,227.57
6704,2233,14,0.70843,331.69,136.04,377.68,239.69
6705,2233,8,0.00117,321.07,131.22,396.04,241.65
6706,2233,14,0.00103,327.01,133.26,410.44,240.3
6707,2238,13,0.88229,329.32,161.81,373.34,205.99
6708,2238,1,0.82938,251.31,71.35,290.98,113.04
6709,2238,6,0.07988,232.97,122.83,255.7,147.22
6710,2238,4,0.0186,68.08,140.99,162.65,188.83
6711,2238,15,0.00689,329.28,162.11,373.05,203.91
6712,2238,2,0.00681,434.97,43.21,479.42,90.88
6713,2238,6,0.00134,435.74,43.84,478.73,90.84
6714,2238,2,0.00112,490.16,14.45,503.0,69.77
6715,2239,8,0.89457,102.64,2.34,159.27,99.4
6716,2239,14,0.87004,324.77,0.12,350.6,47.43
6717,2239,14,0.78578,76.98,0.23,95.12,34.76
6718,2239,14,0.33935,95.91,0.0,110.65,33.75
6719,2239,8,0.00877,0.0,1.65,8.28,56.21
6720,2239,8,0.00726,96.62,0.0,111.99,32.21
6721,2239,14,0.00245,268.09,1.37,277.91,27.48
6722,2239,8,0.00238,0.01,26.1,8.16,54.2
6723,2239,14,0.00226,0.01,1.68,4.25,32.73
6724,2241,4,0.89129,120.68,100.04,156.91,166.83
6725,2241,3,0.88286,180.67,102.69,248.34,166.77
6726,2241,3,0.86755,175.62,22.44,236.3,67.81
6727,2241,6,0.26142,495.73,70.13,507.0,186.46
6728,2241,6,0.09159,495.51,121.92,507.0,189.89
6729,2241,6,0.02781,499.19,111.43,507.0,184.9
6730,2241,6,0.0036,317.18,107.59,345.18,136.61
6731,2241,6,0.00161,463.16,51.01,506.93,174.44
6732,2241,6,0.0016,483.62,56.32,506.89,181.71
6733,2242,2,0.86952,284.49,96.32,304.79,123.7
6734,2242,2,0.86232,396.23,99.74,417.11,127.22
6735,2242,2,0.85702,375.41,43.29,393.77,67.5
6736,2242,2,0.84191,267.69,56.04,286.77,80.32
6737,2243,15,0.82162,379.36,93.65,399.55,113.17
6738,2243,15,0.81453,377.89,129.4,406.86,152.82
6739,2243,15,0.78041,324.25,110.71,344.22,128.09
6740,2243,15,0.00534,461.32,84.25,466.0,104.48
6741,2243,15,0.00487,462.76,85.59,466.0,108.37
6742,2243,15,0.00184,460.88,71.64,466.0,96.65
6743,2245,10,0.89571,430.8,120.3,449.42,136.11
6744,2245,10,0.86362,319.07,120.88,337.48,136.86
6745,2245,17,0.86111,390.75,123.32,405.01,137.04
6746,2245,9,0.85591,416.29,84.34,435.08,99.0
6747,2245,11,0.85128,353.89,57.83,367.68,71.64
6748,2245,17,0.84446,360.78,126.86,375.03,141.26
6749,2245,9,0.84046,365.64,86.24,380.74,101.16
6750,2245,17,0.00201,365.63,86.31,380.74,101.21
6751,2246,13,0.90337,287.54,153.77,341.37,206.0
6752,2246,1,0.88081,406.62,70.53,453.18,118.14
6753,2246,4,0.52064,215.69,0.46,299.05,41.7
6754,2246,2,0.00414,479.82,0.0,493.0,81.11
6755,2246,6,0.00181,345.03,85.32,370.97,106.19
6756,2246,6,0.00138,44.33,140.39,145.32,194.17
6757,2246,15,0.00102,287.14,154.39,342.06,206.12
6758,2249,13,0.78639,333.1,84.4,362.27,109.85
6759,2249,4,0.74091,202.16,138.31,271.68,159.29
6760,2249,1,0.74053,228.27,75.62,253.58,97.61
6761,2249,0,0.31063,228.02,75.6,253.67,97.23
6762,2249,12,0.28559,332.92,84.06,362.43,110.02
6763,2249,3,0.05862,273.76,68.95,316.1,80.11
6764,2249,14,0.00393,219.09,17.83,228.16,30.15
6765,2249,4,0.00107,200.11,136.86,272.13,184.89
6766,2250,2,0.86543,146.07,46.12,167.56,75.61
6767,2250,2,0.84859,210.34,59.53,243.13,84.31
6768,2250,2,0.10446,478.08,72.56,487.0,104.27
6769,2250,2,0.00107,472.82,71.57,487.0,105.34
6770,2252,3,0.87774,107.68,146.48,152.33,217.9
6771,2252,3,0.87443,188.81,17.53,246.58,95.27
6772,2252,3,0.85212,149.3,119.09,223.47,155.22
6773,2252,1,0.84217,142.93,23.02,178.38,59.62
6774,2252,13,0.83479,83.97,56.29,118.97,92.05
6775,2254,15,0.90239,406.55,111.05,433.64,138.46
6776,2254,15,0.86683,324.4,84.86,353.1,113.01
6777,2254,15,0.82607,399.65,69.0,421.88,90.23
6778,2254,14,0.00363,0.0,5.23,27.62,227.97
6779,2254,14,0.00108,0.0,6.35,71.95,227.77
6780,2260,15,0.89808,452.63,191.19,485.0,253.07
6781,2260,6,0.00176,440.99,97.97,485.0,144.48
6782,2261,10,0.88618,51.65,196.91,70.27,212.83
6783,2261,10,0.8799,162.07,193.13,180.35,208.57
6784,2261,9,0.8769,100.18,161.44,114.69,175.62
6785,2261,9,0.87344,149.65,158.56,167.11,173.0
6786,2261,17,0.86093,123.85,196.87,137.94,210.77
6787,2261,11,0.85817,89.22,133.51,102.78,146.85
6788,2261,17,0.85697,94.29,201.38,108.45,215.84
6789,2261,17,0.00155,99.99,161.57,114.66,175.6
6790,2261,2,0.00134,259.41,163.9,284.88,188.03
6791,2262,1,0.84926,225.19,121.93,274.64,170.68
6792,2262,4,0.8249,363.16,117.19,467.33,185.28
6793,2262,13,0.6492,228.15,173.61,281.19,224.81
6794,2262,1,0.00683,228.08,172.03,282.23,224.77
6795,2262,10,0.00278,227.77,173.0,282.14,223.85
6796,2262,3,0.00132,227.93,87.47,279.29,110.97
6797,2264,2,0.85355,74.21,191.54,99.61,219.34
6798,2264,2,0.84312,190.02,188.79,220.21,213.58
6799,2266,1,0.85342,231.95,79.21,281.28,130.59
6800,2266,13,0.84426,281.72,127.63,332.97,179.48
6801,2266,4,0.72887,328.69,40.93,431.47,88.28
6802,2266,2,0.00756,108.68,29.25,128.76,51.32
6803,2270,5,0.82145,379.73,1.11,475.74,49.65
6804,2270,5,0.68033,0.0,6.49,83.7,90.52
6805,2270,5,0.35201,61.04,20.91,391.95,179.08
6806,2270,5,0.19409,210.86,0.7,333.07,20.43
6807,2270,5,0.15616,156.96,21.73,459.36,167.68
6808,2270,5,0.06822,128.49,2.31,269.34,51.69
6809,2270,5,0.03409,209.03,0.27,335.03,53.43
6810,2270,8,0.02141,169.84,0.94,193.02,8.36
6811,2270,5,0.02025,135.73,2.09,261.67,27.65
6812,2270,5,0.01082,288.39,1.61,473.84,89.56
6813,2270,5,0.00956,163.3,1.18,297.77,25.84
6814,2270,5,0.00385,383.69,19.87,435.44,54.07
6815,2270,5,0.00298,249.23,0.94,387.29,59.59
6816,2270,7,0.00292,83.08,36.7,202.69,160.25
6817,2270,8,0.00273,159.16,0.86,175.17,7.85
6818,2270,5,0.00272,79.79,1.01,222.43,53.68
6819,2270,8,0.00241,171.48,0.0,186.44,4.22
6820,2270,8,0.00203,250.18,0.9,290.44,19.36
6821,2270,5,0.00202,215.48,0.99,464.43,127.91
6822,2270,3,0.00201,247.14,206.14,308.35,234.4
6823,2270,8,0.00189,157.05,1.84,186.52,9.2
6824,2270,5,0.00188,300.37,1.08,420.86,53.66
6825,2270,8,0.00175,0.14,0.47,24.61,10.45
6826,2270,5,0.0017,94.49,1.22,311.88,78.12
6827,2270,8,0.00137,469.06,0.0,477.0,9.95
6828,2270,5,0.00136,468.39,0.44,477.0,11.49
6829,2270,8,0.00135,161.72,0.74,182.76,7.43
6830,2270,8,0.00129,266.39,11.05,286.78,19.58
6831,2270,8,0.00122,146.28,0.52,175.89,10.53
6832,2270,5,0.00122,378.68,1.07,437.62,56.6
6833,2278,15,0.90804,264.25,172.1,291.05,201.51
6834,2282,10,0.88721,249.49,215.08,269.25,232.96
6835,2282,9,0.86998,341.93,190.04,362.6,206.24
6836,2282,10,0.86061,296.31,140.88,312.42,157.36
6837,2282,17,0.84965,276.02,193.48,292.14,209.5
6838,2282,11,0.84029,396.05,200.02,419.17,215.84
6839,2282,17,0.81281,291.84,177.43,306.95,192.53
6840,2282,17,0.51961,321.59,221.83,341.15,242.93
6841,2282,9,0.46324,321.6,221.8,341.26,242.7
6842,2282,14,0.02648,81.68,206.44,101.35,251.0
6843,2282,17,0.00114,166.08,107.28,186.32,127.67
6844,2283,7,0.86823,286.6,160.06,320.65,190.32
6845,2283,7,0.77903,397.7,163.8,434.4,189.68
6846,2283,17,0.00183,485.65,207.2,490.0,239.41
6847,2290,10,0.87869,463.89,107.2,480.12,120.58
6848,2290,10,0.86639,364.56,95.48,380.24,109.51
6849,2290,11,0.85499,398.23,150.29,411.75,164.91
6850,2290,9,0.85308,360.1,121.56,378.73,134.73
6851,2290,17,0.83624,394.29,103.6,407.15,116.22
6852,2290,9,0.83516,423.1,112.78,436.09,124.87
6853,2290,9,0.80854,408.77,130.77,422.7,144.53
6854,2290,17,0.01883,423.12,112.75,436.15,124.83
6855,2290,17,0.00758,408.66,130.8,422.76,144.38
6856,2290,17,0.0019,359.91,121.41,378.82,134.73
6857,2291,5,0.79058,473.33,151.8,488.36,162.53
6858,2291,5,0.02191,487.01,232.7,505.0,255.6
6859,2291,5,0.00429,453.64,142.36,467.09,149.58
6860,2291,5,0.00131,450.75,171.95,505.0,218.81
6861,2295,7,0.87108,35.41,151.89,69.36,182.46
6862,2295,7,0.81164,146.1,165.35,182.99,196.11
6863,2296,2,0.89608,231.83,30.4,260.51,66.68
6864,2296,17,0.60425,180.58,74.8,198.85,91.82
6865,2296,17,0.56357,259.94,95.84,278.32,113.41
6866,2296,2,0.51118,180.5,74.59,198.76,91.89
6867,2296,2,0.41517,259.7,95.95,278.55,113.44
6868,2297,3,0.90047,372.54,27.1,412.94,88.42
6869,2297,3,0.88831,362.33,147.65,422.72,220.99
6870,2297,13,0.87484,262.97,78.13,304.54,121.58
6871,2297,3,0.85372,381.3,101.34,461.41,144.81
6872,2297,1,0.85112,304.58,35.52,344.68,79.78
6873,2298,2,0.92235,78.29,25.93,109.62,67.52
6874,2298,17,0.81638,173.65,45.08,192.47,62.44
6875,2298,17,0.78766,105.11,92.82,124.07,111.21
6876,2299,12,0.92604,392.91,75.06,431.13,109.93
6877,2299,12,0.91555,79.03,149.62,115.75,185.19
6878,2299,0,0.90139,345.28,130.71,383.7,169.21
6879,2299,4,0.89211,180.54,147.2,260.17,207.7
6880,2299,0,0.88699,155.54,62.47,191.61,99.42
6881,2299,1,0.88391,261.58,3.67,299.21,42.79
6882,2299,3,0.88311,341.3,0.18,411.99,54.96
6883,2299,13,0.8623,259.92,81.81,295.38,116.69
6884,2299,3,0.82861,84.42,0.0,135.52,84.2
6885,2299,3,0.65884,48.66,0.17,135.63,84.64
6886,2299,3,0.21266,458.01,0.73,497.0,34.97
6887,2299,3,0.00244,454.35,3.17,497.0,63.56
6888,2300,2,0.89961,244.4,58.18,280.24,100.59
6889,2300,2,0.87447,369.69,40.32,411.06,71.42
6890,2300,17,0.78197,345.75,137.91,377.67,158.82
6891,2300,2,0.03324,346.18,137.95,377.32,158.77
6892,2301,15,0.89559,51.07,161.34,72.45,179.8
6893,2301,11,0.00115,152.28,69.28,163.94,81.52
6894,2302,15,0.91937,287.52,98.15,315.1,131.19
6895,2302,15,0.91157,372.15,72.05,404.41,106.56
6896,2303,14,0.85398,47.18,102.89,77.76,180.34
6897,2303,14,0.83141,177.0,72.47,232.89,178.49
6898,2303,8,0.80234,232.75,136.25,337.59,194.39
6899,2303,14,0.74696,414.81,59.8,440.46,108.36
6900,2303,14,0.6303,150.59,92.49,174.59,150.17
6901,2303,14,0.62134,96.06,89.34,145.55,195.07
6902,2303,14,0.6128,0.01,106.68,8.75,187.64
6903,2303,14,0.32249,261.52,98.57,287.08,134.46
6904,2303,14,0.02532,32.73,127.5,53.97,178.82
6905,2303,14,0.01586,0.0,111.7,12.95,172.35
6906,2303,14,0.01506,255.66,98.03,288.37,156.74
6907,2303,14,0.01436,474.76,90.31,494.0,181.99
6908,2303,14,0.00981,102.63,89.28,144.45,159.38
6909,2303,14,0.00554,430.53,107.76,450.71,148.58
6910,2303,14,0.00449,447.69,54.48,464.11,89.37
6911,2303,14,0.0044,72.39,99.01,92.25,124.69
6912,2303,14,0.00411,481.88,81.2,494.0,164.37
6913,2303,14,0.00389,0.01,127.13,6.44,187.82
6914,2303,8,0.00387,474.1,89.06,494.0,182.3
6915,2303,14,0.00358,486.63,78.6,494.0,161.9
6916,2303,14,0.0026,135.83,92.81,173.29,147.92
6917,2303,14,0.00176,73.14,98.51,94.02,142.76
6918,2303,14,0.00164,176.99,71.5,228.29,132.37
6919,2303,8,0.00161,173.86,69.09,238.54,190.22
6920,2308,5,0.85324,92.54,88.08,113.87,107.06
6921,2308,5,0.77803,164.61,95.82,187.04,115.18
6922,2308,8,0.74187,226.15,127.68,243.82,145.2
6923,2308,14,0.73254,228.11,118.19,241.98,133.71
6924,2308,5,0.71127,0.0,57.69,28.56,75.52
6925,2308,5,0.62022,150.12,67.01,165.58,80.96
6926,2308,14,0.06228,115.88,148.84,138.14,183.09
6927,2308,5,0.00745,147.91,67.37,209.01,98.87
6928,2308,5,0.0033,41.93,67.88,65.96,79.43
6929,2308,8,0.00232,226.28,122.44,243.73,140.43
6930,2308,5,0.00169,0.0,58.0,15.81,71.75
6931,2308,14,0.00132,419.37,123.77,426.65,135.93
6932,2311,8,0.63502,190.85,0.0,502.0,241.76
6933,2311,8,0.43946,44.2,0.0,324.16,248.0
6934,2311,8,0.02915,312.49,6.11,502.0,240.25
6935,2311,2,0.0041,497.23,31.41,502.0,66.65
6936,2311,2,0.00176,495.0,17.06,502.0,67.49
6937,2311,14,0.0015,0.0,76.42,33.18,242.41
6938,2311,14,0.00138,494.44,68.98,502.0,142.47
6939,2311,8,0.0013,1.53,0.0,212.88,244.39
6940,2311,2,0.00113,493.09,0.48,502.0,68.12
6941,2312,7,0.84627,172.3,32.36,196.7,51.45
6942,2312,7,0.84015,224.73,124.68,249.06,144.78
6943,2313,2,0.85845,50.34,193.79,83.74,227.09
6944,2313,2,0.05134,78.75,166.52,98.99,194.59
6945,2314,2,0.8592,248.48,49.76,271.45,68.4
6946,2314,2,0.85903,286.14,11.48,304.34,29.9
6947,2314,2,0.8408,365.2,77.67,388.78,101.64
6948,2314,2,0.82935,379.34,32.81,396.81,56.36
6949,2314,5,0.00166,182.51,4.68,227.57,36.81
6950,2318,0,0.89459,324.68,20.68,352.75,51.45
6951,2318,4,0.876,215.46,58.45,272.91,85.79
6952,2318,3,0.86622,290.12,73.81,331.23,103.43
6953,2318,3,0.85515,348.68,62.0,401.73,85.32
6954,2318,13,0.8542,275.87,20.8,302.05,47.95
6955,2318,1,0.85202,379.7,33.44,405.8,59.47
6956,2319,2,0.83322,210.0,85.51,226.64,103.44
6957,2319,2,0.74632,160.23,56.68,176.62,75.01
6958,2319,2,0.72936,119.36,36.28,138.17,52.08
6959,2319,17,0.21655,160.82,56.55,176.52,75.11
6960,2319,17,0.14542,210.01,85.4,226.62,103.18
6961,2319,2,0.00392,0.0,95.52,3.13,119.93
6962,2319,2,0.00142,0.0,99.08,3.68,131.03
6963,2321,9,0.9027,366.93,134.27,384.06,148.82
6964,2321,10,0.87068,281.07,134.38,298.91,149.26
6965,2321,10,0.86719,354.84,90.52,370.36,104.6
6966,2321,17,0.85439,336.16,116.7,349.69,129.95
6967,2321,17,0.85325,312.4,124.34,326.55,137.77
6968,2321,11,0.84662,402.9,151.07,421.79,166.14
6969,2321,9,0.84209,330.02,152.21,348.39,169.41
6970,2321,17,0.00421,329.86,152.22,348.4,169.46
6971,2324,1,0.87701,238.96,17.8,283.35,63.24
6972,2324,13,0.87116,405.08,18.65,450.77,64.12
6973,2324,4,0.47126,276.59,142.92,326.6,236.76
6974,2324,4,0.00183,276.12,142.16,362.85,232.27
6975,2324,8,0.00158,404.4,18.79,449.96,62.38
6976,2324,2,0.00109,341.04,18.26,354.93,42.87
6977,2326,10,0.87169,234.6,63.25,245.47,74.58
6978,2326,10,0.87111,228.07,51.68,241.0,62.59
6979,2326,11,0.85554,216.26,77.63,230.72,89.04
6980,2326,11,0.82952,190.91,60.39,203.51,71.92
6981,2326,17,0.77608,160.56,61.89,171.23,72.3
6982,2326,17,0.72706,163.97,72.29,174.37,83.54
6983,2326,17,0.25419,199.31,43.99,212.31,55.1
6984,2326,17,0.21985,176.75,48.07,189.15,58.88
6985,2326,9,0.00137,198.89,44.07,212.11,55.09
6986,2328,17,0.69816,280.59,21.33,296.56,37.74
6987,2328,17,0.46729,169.61,35.99,186.61,54.1
6988,2328,2,0.16396,169.46,36.0,186.54,54.14
6989,2328,2,0.00157,209.81,0.46,231.45,12.91
6990,2330,14,0.8703,118.98,11.95,166.09,127.21
6991,2330,8,0.64392,470.94,50.71,489.0,121.03
6992,2330,5,0.59676,86.95,46.09,109.82,65.41
6993,2330,8,0.00475,119.52,46.55,171.42,89.83
6994,2330,5,0.00416,479.88,52.89,489.0,78.46
6995,2330,14,0.00382,477.63,47.03,489.0,127.71
6996,2330,14,0.0033,120.71,29.31,132.19,53.24
6997,2330,8,0.00176,477.61,50.68,489.0,114.08
6998,2330,14,0.00165,117.4,46.89,133.61,86.3
6999,2330,5,0.00153,482.42,49.14,489.0,72.05
7000,2330,5,0.00131,478.11,53.11,488.97,102.46
7001,2330,14,0.00112,482.71,48.01,489.0,68.72
7002,2333,14,0.77908,388.71,64.1,413.24,130.09
7003,2333,14,0.77805,71.0,85.23,128.43,196.99
7004,2333,8,0.76426,0.06,129.35,34.24,181.65
7005,2333,14,0.74463,123.36,90.65,154.19,171.74
7006,2333,14,0.65469,419.46,63.63,454.17,140.45
7007,2333,8,0.0053,443.48,67.69,499.0,213.99
7008,2333,14,0.00505,359.43,74.34,377.01,113.3
7009,2333,8,0.00274,121.05,85.02,164.74,171.82
7010,2333,8,0.00248,434.89,145.48,498.96,213.19
7011,2333,8,0.00236,388.73,56.51,463.07,135.51
7012,2333,8,0.00135,456.15,105.86,499.0,216.91
7013,2333,14,0.00123,407.29,63.61,421.54,116.86
7014,2333,8,0.00118,67.73,82.85,130.54,194.38
7015,2333,8,0.00108,408.79,61.52,497.66,142.31
7016,2335,2,0.84965,356.96,179.64,372.36,200.99
7017,2335,2,0.84029,406.77,195.98,423.51,217.79
7018,2336,14,0.87201,271.61,47.87,332.42,100.31
7019,2336,8,0.83875,257.48,91.61,333.92,196.06
7020,2336,14,0.81513,326.34,58.59,362.46,101.12
7021,2336,16,0.80407,2.34,109.3,25.53,140.02
7022,2336,16,0.78336,26.32,110.35,48.85,138.84
7023,2336,8,0.76025,323.33,78.74,362.46,143.95
7024,2336,16,0.71227,48.83,108.87,69.75,136.52
7025,2336,16,0.57192,69.39,107.83,90.04,133.03
7026,2336,16,0.39474,89.12,106.26,108.76,130.9
7027,2336,14,0.26924,330.14,59.03,358.17,80.7
7028,2336,16,0.1601,107.73,105.12,123.88,128.07
7029,2336,16,0.07973,122.9,103.93,138.2,126.63
7030,2336,16,0.03306,131.54,103.09,151.78,125.62
7031,2336,16,0.02885,161.84,101.99,176.63,121.01
7032,2336,16,0.02246,174.59,100.7,187.32,118.79
7033,2336,14,0.02144,234.51,69.47,244.81,100.73
7034,2336,8,0.01471,286.02,122.71,309.2,198.53
7035,2336,16,0.01259,185.16,99.81,196.96,118.69
7036,2336,16,0.00806,159.71,101.13,185.19,120.53
7037,2336,5,0.00589,373.53,82.11,388.2,97.57
7038,2336,16,0.00507,195.41,98.61,206.94,116.08
7039,2336,8,0.00489,289.03,119.44,319.03,194.91
7040,2336,16,0.00444,149.23,101.88,162.63,121.28
7041,2336,14,0.00442,335.54,58.52,363.29,75.33
7042,2336,16,0.00438,203.32,98.83,216.49,115.14
7043,2336,16,0.00403,166.97,100.83,188.8,118.86
7044,2336,16,0.00396,173.66,98.85,196.58,118.02
7045,2336,16,0.00389,138.4,100.88,166.49,123.08
7046,2336,16,0.00336,0.07,109.1,4.47,138.38
7047,2336,17,0.00334,66.6,29.16,75.33,38.01
7048,2336,8,0.00328,289.69,87.75,338.67,184.73
7049,2336,16,0.00296,179.4,97.82,202.02,118.33
7050,2336,16,0.00236,150.43,100.6,176.86,121.72
7051,2336,8,0.00216,325.7,95.4,356.71,145.12
7052,2336,8,0.00201,280.43,95.88,318.06,142.72
7053,2336,16,0.00191,204.18,98.41,229.57,114.32
7054,2336,8,0.0018,266.87,117.07,296.11,186.62
7055,2336,16,0.00165,220.53,97.3,239.4,113.74
7056,2336,16,0.00149,213.01,97.01,232.39,113.97
7057,2336,16,0.00145,229.25,98.18,239.2,113.07
7058,2336,16,0.00144,185.56,99.78,205.07,118.36
7059,2336,8,0.00142,276.38,118.73,314.7,193.53
7060,2336,16,0.00132,124.34,100.12,155.98,123.56
7061,2336,16,0.00131,0.04,103.4,3.42,143.89
7062,2336,8,0.00122,300.29,111.87,326.63,185.95
7063,2336,16,0.00111,204.27,91.97,239.02,115.54
7064,2336,16,0.00105,134.99,96.49,175.84,121.2
7065,2340,12,0.90657,315.04,120.43,340.32,146.73
7066,2340,0,0.87811,336.21,139.49,365.91,168.14
7067,2340,3,0.8738,354.95,110.02,393.26,143.14
7068,2340,4,0.86041,260.85,143.0,310.02,167.84
7069,2340,1,0.85698,292.13,102.24,317.88,128.14
7070,2340,3,0.00316,466.08,102.21,485.0,158.55
7071,2341,4,0.91841,180.81,160.0,218.69,221.31
7072,2341,12,0.91795,81.63,194.62,118.02,231.96
7073,2341,12,0.91281,130.14,115.72,161.5,147.08
7074,2341,0,0.88718,231.26,103.39,267.47,137.93
7075,2341,1,0.87787,338.07,111.54,378.69,153.48
7076,2341,0,0.87608,278.21,214.18,323.54,250.23
7077,2341,3,0.86725,393.56,149.02,459.64,212.44
7078,2341,13,0.86486,273.63,152.9,312.07,191.13
7079,2341,3,0.83241,210.85,67.13,284.54,101.9
7080,2341,3,0.00936,364.84,163.78,452.19,220.94
7081,2341,3,0.00343,365.95,185.57,448.24,223.22
7082,2342,15,0.92381,285.8,136.25,322.29,177.78
7083,2342,15,0.90108,135.75,176.85,177.28,223.68
7084,2344,10,0.87688,363.41,132.2,379.47,145.76
7085,2344,17,0.8528,401.24,178.66,414.45,192.5
7086,2344,11,0.84584,403.79,136.28,420.83,149.3
7087,2344,10,0.84483,339.2,139.14,352.97,154.13
7088,2344,17,0.8423,424.95,170.59,437.92,184.01
7089,2344,11,0.81972,380.7,157.34,395.92,172.33
7090,2344,17,0.81037,335.05,158.76,349.77,175.1
7091,2344,17,0.71385,355.92,173.73,372.18,187.87
7092,2344,9,0.00472,355.98,173.63,372.28,187.81
7093,2347,8,0.86104,375.26,105.03,447.59,171.54
7094,2347,8,0.83423,118.85,102.55,186.36,150.33
7095,2347,8,0.83193,203.85,94.66,284.88,135.45
7096,2347,8,0.80756,16.27,100.76,52.58,137.57
7097,2347,14,0.79891,313.37,47.78,392.63,232.75
7098,2347,8,0.79426,72.84,101.74,108.09,141.19
7099,2347,8,0.75828,92.71,104.3,132.56,146.38
7100,2347,8,0.7568,38.45,101.64,87.9,141.72
7101,2347,14,0.29827,161.37,81.35,191.31,131.75
7102,2347,8,0.10583,316.45,104.5,393.17,167.87
7103,2347,8,0.06056,463.34,103.4,488.0,180.73
7104,2347,8,0.05699,327.84,90.76,387.14,140.33
7105,2347,8,0.05004,453.09,96.85,488.0,167.65
7106,2347,14,0.03847,329.51,59.66,380.39,107.18
7107,2347,8,0.01651,473.19,101.3,488.0,196.1
7108,2347,14,0.01004,0.04,81.83,15.93,165.69
7109,2347,8,0.0081,422.66,102.91,487.88,176.7
7110,2347,8,0.0079,439.16,78.51,488.0,176.79
7111,2347,8,0.00527,0.0,74.2,17.1,188.14
7112,2347,8,0.00448,328.83,114.45,391.81,149.75
7113,2347,14,0.00444,327.65,58.71,381.21,182.94
7114,2347,8,0.00419,243.05,97.78,285.72,137.09
7115,2347,8,0.00338,333.89,87.49,386.35,126.12
7116,2347,8,0.00302,473.29,90.8,488.0,154.26
7117,2347,8,0.0026,482.52,89.29,488.0,116.27
7118,2347,14,0.00212,0.0,72.77,11.59,149.1
7119,2347,14,0.00205,166.21,74.34,222.73,182.01
7120,2347,14,0.00185,126.53,96.64,159.35,149.25
7121,2347,8,0.00176,322.77,95.16,397.21,129.31
7122,2347,14,0.00165,0.07,72.79,20.05,149.46
7123,2347,14,0.00144,163.54,78.54,206.4,140.1
7124,2347,8,0.00129,471.74,110.31,488.0,163.28
7125,2347,8,0.00128,479.8,68.64,488.0,115.28
7126,2347,14,0.00125,481.65,91.95,488.0,117.6
7127,2347,8,0.00117,50.26,94.53,86.93,137.0
7128,2347,8,0.00116,478.95,89.08,488.0,116.4
7129,2347,8,0.00111,477.67,98.67,488.0,168.4
7130,2347,14,0.00105,335.02,59.86,377.2,93.66
7131,2351,9,0.93495,211.57,33.73,231.02,50.57
7132,2351,11,0.91347,234.09,106.46,255.48,124.0
7133,2351,10,0.88125,254.34,52.29,273.62,68.65
7134,2351,10,0.86885,263.51,76.99,279.74,94.65
7135,2351,9,0.8579,177.08,39.08,195.44,55.48
7136,2351,11,0.8531,196.69,65.97,215.35,84.17
7137,2351,17,0.84797,155.09,88.88,170.75,105.04
7138,2351,17,0.80366,151.25,65.41,167.02,81.55
7139,2351,9,0.65981,151.1,65.39,167.01,81.64
7140,2351,9,0.00233,154.66,88.91,170.55,105.14
7141,2354,4,0.93049,392.45,130.45,443.66,192.13
7142,2354,3,0.9089,170.6,118.23,215.93,175.45
7143,2354,3,0.89819,277.39,124.92,334.54,181.92
7144,2358,2,0.86335,237.87,188.3,263.45,222.58
7145,2358,5,0.00119,191.13,97.96,271.37,137.87
7146,2359,14,0.87145,283.82,132.86,310.76,222.36
7147,2359,14,0.84303,361.38,132.2,400.1,231.42
7148,2359,14,0.8308,148.21,131.06,177.26,212.85
7149,2359,14,0.78723,79.58,127.59,120.0,207.84
7150,2359,14,0.75199,27.3,119.15,76.97,211.98
7151,2359,5,0.37693,378.25,178.64,440.11,222.18
7152,2359,14,0.04483,39.79,120.22,67.22,151.44
7153,2359,8,0.01185,161.58,172.67,185.94,208.14
7154,2359,5,0.00672,0.05,129.58,32.39,204.23
7155,2359,8,0.00636,71.01,125.91,123.82,208.13
7156,2359,14,0.00567,0.0,110.12,9.07,183.06
7157,2359,5,0.00547,103.31,160.88,174.78,204.29
7158,2359,14,0.00396,87.39,128.62,108.16,145.85
7159,2359,5,0.0012,116.57,132.71,153.18,144.56
7160,2359,5,0.00111,180.66,160.66,215.67,188.2
7161,2362,10,0.8877,308.27,70.93,324.09,85.82
7162,2362,10,0.87495,355.11,80.56,370.36,95.18
7163,2362,9,0.84105,320.45,121.66,338.36,136.8
7164,2362,9,0.7925,368.13,122.55,386.35,137.0
7165,2362,17,0.78075,316.11,169.94,331.36,184.31
7166,2364,3,0.88717,242.98,163.25,306.16,205.19
7167,2364,3,0.87904,313.32,156.55,383.1,196.82
7168,2364,13,0.87279,295.75,101.73,327.69,134.09
7169,2364,3,0.85672,384.2,122.42,457.51,158.14
7170,2364,1,0.85024,359.43,98.55,392.57,132.7
7171,2369,10,0.86291,232.61,136.19,247.85,151.17
7172,2369,10,0.85105,187.93,121.44,203.58,135.87
7173,2369,9,0.83876,193.24,173.25,210.79,188.35
7174,2369,9,0.82796,240.07,179.68,257.73,194.68
7175,2369,17,0.7131,182.1,221.51,197.24,237.67
7176,2370,10,0.92688,156.63,201.45,197.01,234.96
7177,2370,10,0.91708,252.94,45.85,285.9,74.47
7178,2370,10,0.91318,246.64,136.6,281.91,169.38
7179,2370,9,0.17182,329.31,158.73,364.54,195.24
7180,2370,10,0.11179,329.59,158.58,364.55,194.81
7181,2370,9,0.08633,121.22,107.04,154.21,137.14
7182,2370,11,0.04755,329.64,158.64,364.41,194.67
7183,2370,9,0.04659,246.66,136.74,282.32,169.47
7184,2370,10,0.00793,121.68,106.89,154.04,136.88
7185,2370,0,0.0066,121.69,106.96,153.89,137.0
7186,2370,3,0.00483,121.67,106.95,154.03,136.82
7187,2370,11,0.00477,121.63,106.86,154.09,136.84
7188,2370,6,0.00162,480.22,65.4,494.0,130.74
7189,2371,14,0.8507,91.71,90.87,114.88,145.24
7190,2371,5,0.6206,18.07,100.17,40.97,119.19
7191,2371,5,0.02372,0.0,110.71,6.19,123.27
7192,2371,5,0.01275,0.0,110.45,6.05,131.69
7193,2371,14,0.00361,360.96,124.36,373.99,140.45
7194,2371,14,0.0029,354.76,124.94,384.41,150.09
7195,2375,5,0.55189,220.05,59.92,260.13,82.29
7196,2375,5,0.21929,259.26,54.45,331.86,75.39
7197,2375,7,0.05337,0.0,83.34,23.5,122.12
7198,2375,5,0.03445,312.33,58.49,332.81,72.37
7199,2375,14,0.03023,53.03,28.17,268.22,248.59
7200,2375,5,0.01721,216.4,53.44,331.68,79.76
7201,2375,8,0.01615,49.06,17.35,272.57,249.44
7202,2375,5,0.01444,219.5,60.18,293.28,86.0
7203,2375,5,0.00627,254.61,57.95,282.74,71.17
7204,2375,16,0.00409,69.6,141.51,180.12,251.44
7205,2375,5,0.00356,216.93,61.08,270.73,94.96
7206,2375,5,0.00354,171.21,62.59,193.18,74.31
7207,2375,8,0.0029,0.0,29.41,29.59,171.97
7208,2375,8,0.00265,60.44,57.43,222.15,249.12
7209,2375,5,0.00265,0.0,24.2,212.42,243.38
7210,2375,5,0.00169,248.76,56.38,330.95,83.18
7211,2375,5,0.0016,0.0,25.21,180.55,151.0
7212,2375,14,0.00159,481.38,0.0,493.0,35.82
7213,2375,5,0.00116,483.64,102.6,492.99,116.2
7214,2378,14,0.81845,287.8,166.96,309.24,223.18
7215,2378,8,0.7568,244.56,184.0,270.36,215.9
7216,2378,16,0.74859,0.0,207.48,24.24,224.89
7217,2378,16,0.67319,24.93,205.13,51.16,221.22
7218,2378,14,0.56147,246.64,167.45,267.9,189.74
7219,2378,16,0.36327,92.39,199.85,127.75,210.72
7220,2378,16,0.34727,50.38,203.1,87.42,216.83
7221,2378,16,0.27843,54.65,201.51,97.06,215.5
7222,2378,14,0.12712,197.12,170.99,223.9,220.61
7223,2378,16,0.09486,68.28,200.18,109.03,213.02
7224,2378,16,0.07899,2.53,206.16,46.03,223.69
7225,2378,16,0.0722,28.72,204.09,65.45,219.91
7226,2378,16,0.05793,43.89,203.58,75.8,218.49
7227,2378,16,0.02338,65.2,199.96,128.07,211.67
7228,2378,8,0.02043,204.96,180.45,228.61,219.68
7229,2378,8,0.0079,197.38,171.2,227.82,219.94
7230,2378,14,0.00381,203.48,169.1,228.33,212.42
7231,2378,16,0.00352,11.83,206.08,40.22,221.3
7232,2378,16,0.00256,107.33,199.77,128.08,210.23
7233,2378,16,0.00219,0.01,206.46,13.96,227.31
7234,2378,14,0.00199,193.78,155.02,212.81,187.92
7235,2378,14,0.00161,23.31,124.19,45.4,200.17
7236,2378,16,0.00139,29.9,202.35,84.34,217.87
7237,2382,8,0.85201,0.44,65.53,144.81,147.06
7238,2382,14,0.85073,242.49,6.79,275.93,70.46
7239,2382,14,0.82178,191.52,12.91,218.86,51.85
7240,2382,8,0.03224,0.01,94.61,24.09,150.02
7241,2382,8,0.01488,155.78,0.18,185.15,15.18
7242,2382,8,0.01273,0.68,81.53,69.47,147.49
7243,2382,8,0.0061,0.01,97.49,6.56,154.59
7244,2382,8,0.00522,167.2,0.09,184.58,14.48
7245,2382,8,0.00348,144.26,0.3,157.41,13.93
7246,2382,8,0.00278,169.95,5.13,232.3,60.51
7247,2382,8,0.00247,138.28,0.36,185.6,15.85
7248,2382,8,0.00187,0.0,91.53,16.56,163.9
7249,2382,5,0.00185,166.54,0.25,221.03,15.9
7250,2382,8,0.00165,0.18,85.12,38.88,149.27
7251,2382,8,0.00149,182.4,19.3,221.56,59.98
7252,2382,8,0.00148,182.41,4.57,278.91,63.49
7253,2386,7,0.86736,221.71,166.29,251.7,194.3
7254,2386,7,0.86024,259.52,69.77,283.08,89.37
7255,2386,17,0.75827,207.16,107.91,224.01,125.03
7256,2386,17,0.74946,288.84,127.53,305.98,144.13
7257,2387,2,0.85819,423.86,115.53,452.34,146.18
7258,2387,2,0.00601,389.47,110.89,420.19,134.72
7259,2388,14,0.84444,69.82,89.85,129.38,152.58
7260,2388,8,0.61122,48.18,127.07,142.74,245.41
7261,2388,8,0.2339,257.56,124.62,277.79,156.32
7262,2388,16,0.21703,21.52,137.32,36.61,158.93
7263,2388,14,0.1843,259.95,115.97,276.72,132.77
7264,2388,16,0.16901,33.48,137.63,47.51,156.91
7265,2388,16,0.16794,0.01,137.46,7.09,160.74
7266,2388,16,0.15694,4.57,137.11,21.35,160.44
7267,2388,14,0.13024,99.6,91.58,128.99,120.85
7268,2388,14,0.11618,78.06,90.14,127.89,120.34
7269,2388,16,0.11084,48.04,137.33,59.66,153.08
7270,2388,16,0.07194,21.67,137.12,46.04,158.55
7271,2388,8,0.05439,46.13,128.65,100.85,239.75
7272,2388,8,0.02882,287.46,107.26,356.85,164.46
7273,2388,5,0.02184,283.08,105.95,359.42,163.95
7274,2388,16,0.01571,0.01,136.47,4.56,165.09
7275,2388,16,0.0095,161.23,129.04,171.27,139.64
7276,2388,16,0.00782,37.3,137.26,50.44,154.14
7277,2388,16,0.00662,45.74,137.45,58.89,158.6
7278,2388,16,0.00559,40.11,137.46,53.72,155.12
7279,2388,14,0.00473,84.02,89.64,114.19,122.35
7280,2388,8,0.00275,73.25,140.19,110.92,247.0
7281,2388,8,0.00273,67.69,90.63,132.36,167.24
7282,2388,8,0.002,71.42,187.02,101.04,243.56
7283,2388,16,0.00165,0.0,125.35,7.98,158.82
7284,2388,16,0.00139,8.99,137.22,28.57,158.57
7285,2388,8,0.00115,83.74,145.75,120.14,219.45
7286,2388,16,0.00109,47.16,136.94,62.23,162.42
7287,2388,14,0.00106,91.71,89.44,115.32,110.95
7288,2389,8,0.84237,231.6,95.77,271.75,166.75
7289,2389,16,0.71338,2.06,123.72,19.01,147.35
7290,2389,16,0.57271,18.06,122.85,32.46,145.98
7291,2389,14,0.50857,237.35,90.6,265.11,124.18
7292,2389,16,0.44027,32.34,122.98,47.22,144.42
7293,2389,16,0.40717,46.07,122.23,58.54,142.45
7294,2389,5,0.34481,274.62,109.61,290.58,126.01
7295,2389,16,0.33005,58.16,121.66,72.37,141.86
7296,2389,14,0.28977,236.73,90.35,267.14,146.28
7297,2389,16,0.24882,0.02,124.71,3.15,147.25
7298,2389,16,0.17445,71.74,121.23,83.57,140.33
7299,2389,16,0.16702,127.63,120.18,138.45,136.05
7300,2389,16,0.14214,119.66,120.23,128.89,136.09
7301,2389,16,0.11952,134.16,112.85,144.68,123.95
7302,2389,16,0.11209,92.65,119.85,103.1,138.8
7303,2389,16,0.11145,111.86,120.19,120.51,136.18
7304,2389,16,0.09669,172.15,116.0,181.56,126.39
7305,2389,16,0.08934,102.36,120.33,112.66,137.66
7306,2389,16,0.08175,82.66,120.3,93.28,139.48
7307,2389,14,0.0213,222.65,86.86,238.47,118.53
7308,2389,16,0.0094,114.17,119.34,123.0,135.6
7309,2389,16,0.00924,0.01,126.86,3.55,156.03
7310,2389,16,0.00762,116.12,119.87,126.37,136.04
7311,2389,16,0.00685,0.01,120.54,3.29,141.28
7312,2389,16,0.00494,131.13,114.98,143.69,124.09
7313,2389,8,0.0025,326.26,107.5,341.52,132.34
7314,2389,16,0.00194,109.65,120.86,118.77,138.3
7315,2389,16,0.00159,181.42,110.31,190.5,121.49
7316,2389,8,0.00148,288.88,108.39,300.73,131.37
7317,2389,16,0.0013,131.18,118.19,143.67,126.7
7318,2389,16,0.00127,133.51,115.18,145.71,126.14
7319,2390,15,0.89826,87.08,160.15,105.88,176.59
7320,2390,15,0.88892,115.0,157.97,130.96,171.59
7321,2390,15,0.07608,0.03,68.35,4.73,82.07
7322,2390,14,0.05868,139.83,123.49,157.97,148.18
7323,2390,14,0.01406,123.49,123.85,140.47,142.73
7324,2390,14,0.00795,145.75,123.89,158.09,145.48
7325,2390,14,0.00235,151.97,116.36,167.85,147.06
7326,2395,15,0.93035,266.34,28.17,301.23,63.35
7327,2396,7,0.85784,129.61,187.96,154.36,208.42
7328,2396,7,0.80813,73.51,98.94,98.45,116.73
7329,2399,7,0.83525,217.68,107.99,243.05,133.05
7330,2399,7,0.82634,79.16,143.93,111.89,170.42
7331,2399,17,0.00188,163.5,179.06,180.46,202.76
7332,2400,15,0.87981,327.79,198.04,359.0,231.17
7333,2400,15,0.85219,429.61,180.23,453.92,208.97
7334,2400,15,0.84933,351.14,164.84,370.51,187.28
7335,2401,7,0.8618,274.02,69.8,301.52,99.55
7336,2401,2,0.70948,239.34,16.81,280.13,43.63
7337,2403,14,0.84358,72.24,120.46,116.61,232.69
7338,2403,5,0.80166,331.24,151.89,466.78,210.43
7339,2403,5,0.79971,180.84,155.93,304.95,206.87
7340,2403,5,0.34706,464.83,134.92,500.0,210.1
7341,2404,14,0.869,264.25,67.99,315.85,112.38
7342,2404,5,0.84588,327.82,92.65,374.28,133.48
7343,2404,8,0.83892,258.23,94.89,329.81,203.74
7344,2404,16,0.79524,31.49,111.2,52.99,140.12
7345,2404,16,0.78688,9.36,111.27,31.6,140.02
7346,2404,16,0.72935,51.81,110.78,72.46,137.45
7347,2404,16,0.69083,0.01,108.91,9.2,138.75
7348,2404,16,0.6097,72.05,110.38,90.6,135.62
7349,2404,16,0.2562,90.21,110.78,105.65,135.07
7350,2404,16,0.09874,104.8,110.12,118.75,133.67
7351,2404,16,0.09663,142.85,110.47,156.99,130.41
7352,2404,16,0.07459,118.24,110.16,134.54,132.37
7353,2404,5,0.03564,481.37,97.52,488.0,136.73
7354,2404,16,0.03415,155.64,110.36,167.99,129.3
7355,2404,8,0.01949,260.66,100.03,319.89,149.14
7356,2404,16,0.01695,166.55,110.15,177.61,129.18
7357,2404,16,0.0165,130.81,109.64,143.45,129.43
7358,2404,5,0.0165,476.93,98.89,487.98,136.49
7359,2404,16,0.0162,0.0,113.54,6.35,139.67
7360,2404,16,0.00869,104.76,109.98,132.5,132.9
7361,2404,16,0.00806,152.59,109.51,172.3,128.8
7362,2404,14,0.00801,427.6,100.18,442.21,132.42
7363,2404,16,0.00768,176.25,109.58,187.54,126.7
7364,2404,16,0.00722,142.86,109.81,168.17,129.65
7365,2404,16,0.00703,127.76,110.12,156.01,130.51
7366,2404,8,0.006,477.7,96.29,488.0,138.99
7367,2404,16,0.00549,185.02,109.74,196.15,126.58
7368,2404,16,0.00513,160.04,108.64,179.08,127.1
7369,2404,16,0.00466,210.32,110.55,219.18,125.7
7370,2404,16,0.00386,315.03,110.16,323.75,116.81
7371,2404,8,0.00287,275.63,126.98,297.11,202.28
7372,2404,16,0.00265,168.6,110.07,187.88,127.79
7373,2404,14,0.00159,0.0,73.24,4.34,116.02
7374,2404,16,0.00152,172.04,106.52,199.28,126.44
7375,2404,16,0.0014,316.92,110.99,326.39,120.52
7376,2404,16,0.00126,202.14,109.86,213.11,125.9
7377,2404,16,0.00124,313.89,110.81,324.34,120.86
7378,2404,16,0.00121,117.77,109.24,143.94,129.93
7379,2404,16,0.00106,180.23,110.27,197.56,127.98
7380,2404,8,0.00105,267.29,116.82,304.43,194.17
7381,2404,8,0.00104,294.22,126.4,317.86,204.27
7382,2404,16,0.00102,327.24,104.23,336.75,128.28
7383,2406,10,0.88059,338.38,28.71,351.68,40.1
7384,2406,11,0.8618,326.71,54.72,341.05,66.27
7385,2406,10,0.84491,344.84,40.64,356.16,52.0
7386,2406,11,0.83972,301.04,37.53,313.5,49.28
7387,2406,17,0.6673,270.66,38.83,281.71,49.31
7388,2406,17,0.46908,274.17,49.24,285.11,60.15
7389,2406,9,0.17725,286.68,25.18,299.56,36.16
7390,2406,9,0.1014,308.71,21.29,322.58,32.81
7391,2406,17,0.02463,286.69,25.37,299.52,36.34
7392,2406,17,0.01455,272.17,42.09,284.54,59.15
7393,2406,17,0.00196,308.81,21.33,322.46,33.15
7394,2409,2,0.88769,58.32,66.25,97.42,111.12
7395,2409,17,0.80739,195.87,87.13,215.49,106.52
7396,2409,2,0.04347,85.6,19.07,105.73,38.59
7397,2409,17,0.03049,85.5,19.17,105.93,38.52
7398,2410,17,0.88694,309.88,98.42,329.67,119.31
7399,2410,10,0.88432,238.58,89.09,258.74,106.87
7400,2410,9,0.87403,331.85,67.87,352.99,84.0
7401,2410,11,0.87243,385.34,80.13,408.57,96.13
7402,2410,17,0.86298,282.79,53.38,298.19,68.6
7403,2410,17,0.85782,265.71,68.59,282.29,84.96
7404,2410,10,0.8539,288.78,17.23,304.78,33.74
7405,2423,12,0.88273,193.24,155.64,228.87,188.08
7406,2423,12,0.87383,335.8,144.51,372.39,177.62
7407,2423,12,0.87317,320.5,134.61,355.22,164.03
7408,2423,12,0.87298,257.98,172.26,297.65,207.67
7409,2423,12,0.83075,255.38,145.98,297.2,176.48
7410,2423,12,0.46643,195.42,145.98,223.31,164.68
7411,2423,12,0.18474,178.86,123.34,221.65,152.05
7412,2423,12,0.13585,323.89,141.1,371.47,172.42
7413,2423,12,0.00525,296.58,158.22,337.48,197.74
7414,2423,12,0.00364,193.42,140.16,226.44,167.48
7415,2423,12,0.00253,224.63,140.11,257.33,184.49
7416,2423,12,0.00193,190.55,122.57,225.01,163.25
7417,2423,12,0.00192,178.53,108.72,233.05,158.69
7418,2423,12,0.00134,258.98,137.15,282.13,151.73
7419,2424,2,0.8741,405.58,63.46,437.87,86.36
7420,2424,2,0.84952,246.17,30.43,267.85,57.17
7421,2425,3,0.89107,258.03,158.14,304.37,220.37
7422,2425,3,0.87754,336.0,66.76,382.33,117.81
7423,2425,13,0.86144,215.3,88.41,252.56,127.66
7424,2425,3,0.85541,297.62,129.2,380.81,164.91
7425,2425,1,0.82971,274.74,62.49,312.14,102.4
7426,2426,9,0.89516,194.63,128.83,218.55,148.76
7427,2426,9,0.80302,221.07,77.91,243.84,97.51
7428,2426,9,0.68266,109.29,110.79,129.7,129.6
7429,2426,10,0.34795,346.81,82.16,367.29,104.33
7430,2426,10,0.04047,240.26,156.61,252.78,171.76
7431,2426,15,0.01155,0.02,129.32,6.7,151.44
7432,2426,10,0.00727,330.41,162.55,345.21,182.97
7433,2426,10,0.00435,206.41,216.1,222.7,230.9
7434,2427,2,0.90519,188.65,157.05,224.72,196.92
7435,2427,7,0.85426,257.09,143.25,285.58,171.44
7436,2428,2,0.90333,280.31,32.48,322.4,68.58
7437,2428,17,0.82491,311.34,103.08,334.04,125.6
7438,2428,17,0.73411,163.67,78.32,184.87,100.12
7439,2428,2,0.01615,163.99,78.16,184.78,100.24
7440,2430,2,0.8689,89.48,160.8,106.9,182.4
7441,2430,2,0.86473,71.67,187.43,89.19,210.21
7442,2431,8,0.00444,252.86,95.4,264.77,111.59
7443,2431,2,0.00161,185.24,93.51,218.48,108.86
7444,2431,14,0.0011,252.75,95.33,264.69,111.24
7445,2433,14,0.68939,343.83,106.74,359.11,140.71
7446,2433,5,0.58476,74.03,122.81,90.59,137.51
7447,2433,5,0.3191,13.98,125.22,44.33,143.28
7448,2433,14,0.21531,372.05,102.41,387.19,135.46
7449,2433,5,0.19804,0.0,128.44,25.27,144.07
7450,2433,14,0.16201,363.46,106.77,385.23,143.25
7451,2433,5,0.11832,46.7,123.81,72.39,140.77
7452,2433,5,0.11819,1.55,130.55,24.03,150.9
7453,2433,5,0.06918,5.57,127.25,33.54,141.79
7454,2433,14,0.06655,118.6,120.06,129.89,134.86
7455,2433,5,0.06327,58.74,123.98,72.36,141.3
7456,2433,5,0.04139,45.73,125.58,61.32,142.77
7457,2433,8,0.02774,311.17,113.02,324.2,130.24
7458,2433,5,0.02209,152.13,147.15,258.47,221.82
7459,2433,14,0.00988,0.0,122.75,14.44,138.51
7460,2433,14,0.00908,123.35,121.8,133.36,136.07
7461,2433,14,0.00832,0.0,123.43,23.08,141.21
7462,2433,5,0.00828,0.0,123.75,14.59,145.15
7463,2433,5,0.00816,23.93,125.67,43.08,144.37
7464,2433,8,0.00758,324.18,114.22,337.1,130.46
7465,2433,8,0.00728,35.53,128.31,48.34,146.39
7466,2433,14,0.00711,120.62,122.48,130.4,138.67
7467,2433,8,0.00656,37.22,132.81,49.06,147.79
7468,2433,5,0.00628,0.01,121.77,22.97,147.58
7469,2433,5,0.00547,0.0,127.52,3.9,148.09
7470,2433,17,0.00413,203.72,14.69,217.37,27.7
7471,2433,2,0.00394,203.73,14.61,218.2,27.9
7472,2433,5,0.00324,42.92,127.26,57.6,143.6
7473,2433,5,0.00269,36.92,127.57,52.49,145.59
7474,2433,14,0.00261,122.89,129.01,131.27,141.72
7475,2433,14,0.00255,0.02,121.26,11.58,134.63
7476,2433,5,0.00229,101.16,119.46,115.2,134.51
7477,2433,8,0.00225,30.74,128.12,42.02,145.18
7478,2433,8,0.00208,40.05,128.56,51.75,146.19
7479,2433,5,0.0017,0.0,146.02,27.02,170.68
7480,2433,14,0.00137,490.91,0.0,499.0,46.6
7481,2433,5,0.00126,25.26,120.95,58.52,142.24
7482,2433,5,0.00126,0.0,131.14,24.85,163.64
7483,2433,14,0.00122,343.82,106.48,357.94,123.8
7484,2433,14,0.00115,311.0,112.28,324.5,129.21
7485,2433,5,0.00115,110.42,118.34,126.86,133.18
7486,2433,5,0.00112,363.08,112.31,383.68,142.38
7487,2433,14,0.00102,124.01,128.6,134.29,143.28
7488,2434,7,0.84301,396.24,192.88,418.15,211.68
7489,2434,7,0.83691,284.1,173.23,303.3,192.7
7490,2434,2,0.00499,173.78,118.34,195.46,145.3
7491,2434,2,0.001,450.05,199.31,465.1,218.1
7492,2438,15,0.87893,423.38,28.84,446.61,58.37
7493,2438,15,0.87395,336.24,40.7,357.86,67.54
7494,2440,2,0.8855,247.91,106.5,285.76,148.04
7495,2440,17,0.8492,157.24,161.71,180.22,181.9
7496,2440,2,0.78574,173.91,84.81,195.11,103.05
7497,2440,2,0.03791,157.31,161.86,180.21,181.79
7498,2440,17,0.01069,174.14,84.63,194.83,103.29
7499,2443,15,0.86009,306.07,57.9,334.06,84.13
7500,2443,15,0.85798,398.03,101.23,436.64,131.08
7501,2443,15,0.85153,287.88,128.34,319.48,155.96
7502,2443,15,0.00372,454.28,0.93,462.0,82.92
7503,2443,15,0.00154,456.26,17.62,462.0,84.35
7504,2443,15,0.00116,453.12,25.11,462.0,90.68
7505,2447,2,0.71525,233.99,89.38,255.8,114.1
7506,2447,17,0.66323,159.53,92.35,181.78,112.17
7507,2447,17,0.64667,234.31,89.46,254.92,112.55
7508,2447,17,0.59131,314.85,89.07,334.1,109.38
7509,2447,2,0.4989,314.7,89.07,334.17,109.15
7510,2447,2,0.0765,159.27,92.26,181.84,111.97
7511,2449,14,0.67768,41.28,116.47,52.01,147.23
7512,2449,14,0.59619,212.32,134.53,223.81,159.79
7513,2449,14,0.37055,262.16,126.55,272.33,145.43
7514,2449,14,0.09894,253.58,118.39,265.99,143.42
7515,2449,14,0.01448,260.18,120.76,271.22,145.01
7516,2449,14,0.0052,267.64,123.14,285.53,142.1
7517,2449,7,0.00278,229.84,0.17,252.59,20.88
7518,2449,14,0.00238,0.01,121.97,4.21,154.15
7519,2449,14,0.00109,283.6,113.25,301.84,135.56
7520,2450,10,0.89208,208.64,24.88,224.75,38.75
7521,2450,10,0.8632,185.14,33.46,199.29,49.11
7522,2450,17,0.84435,249.1,67.8,262.24,81.76
7523,2450,17,0.83463,270.72,57.38,284.28,71.1
7524,2450,11,0.82,228.23,48.74,242.64,63.71
7525,2450,11,0.81836,248.59,25.49,265.69,39.09
7526,2450,9,0.80105,204.41,66.86,220.79,81.37
7527,2450,9,0.65525,182.52,53.78,197.77,70.35
7528,2450,17,0.00325,204.51,67.0,220.87,81.44
7529,2452,16,0.83272,7.75,125.41,30.79,156.27
7530,2452,16,0.81981,54.57,123.04,76.18,151.71
7531,2452,16,0.81328,31.79,125.7,54.48,154.3
7532,2452,16,0.79345,75.72,121.1,95.57,146.93
7533,2452,14,0.78379,317.93,72.65,335.78,119.05
7534,2452,16,0.75632,95.76,118.84,115.56,143.75
7535,2452,16,0.63374,0.0,129.99,6.2,159.63
7536,2452,16,0.5441,113.91,117.22,130.02,140.98
7537,2452,5,0.52465,380.21,81.14,406.54,102.04
7538,2452,16,0.48367,129.03,116.16,143.87,139.18
7539,2452,16,0.35374,142.96,114.88,157.96,136.42
7540,2452,16,0.26207,168.57,112.42,182.6,131.91
7541,2452,16,0.14531,156.72,113.76,169.23,133.39
7542,2452,16,0.12551,181.54,110.56,193.8,130.26
7543,2452,16,0.08131,237.55,105.61,247.27,120.88
7544,2452,16,0.0785,0.0,128.6,4.97,152.36
7545,2452,16,0.07766,192.48,109.51,204.55,129.29
7546,2452,16,0.0771,0.0,140.95,5.53,161.77
7547,2452,16,0.06263,229.67,106.26,239.3,121.83
7548,2452,16,0.06004,211.65,107.56,223.55,125.13
7549,2452,16,0.05326,242.62,97.17,254.29,108.72
7550,2452,16,0.04171,202.55,107.75,213.13,126.16
7551,2452,16,0.04018,280.8,97.82,290.25,107.52
7552,2452,16,0.03885,221.75,106.68,230.9,122.34
7553,2452,16,0.02705,191.61,108.18,209.91,127.98
7554,2452,16,0.02494,0.0,132.96,4.54,176.64
7555,2452,14,0.0139,281.79,75.08,294.29,101.7
7556,2452,14,0.00909,314.39,74.36,329.6,115.08
7557,2452,16,0.00734,6.98,143.19,15.87,156.25
7558,2452,16,0.00706,0.0,124.57,6.1,178.8
7559,2452,16,0.00633,233.5,106.65,244.96,122.67
7560,2452,16,0.00516,6.66,126.03,18.2,145.68
7561,2452,16,0.00406,4.96,144.89,14.27,157.41
7562,2452,16,0.00251,3.12,127.11,16.15,155.29
7563,2452,8,0.0024,483.68,79.2,488.0,107.79
7564,2452,8,0.00234,308.07,70.72,363.78,117.11
7565,2452,16,0.00156,239.53,104.07,253.2,119.37
7566,2452,14,0.00146,280.58,84.51,292.04,107.27
7567,2452,16,0.00124,281.28,94.19,291.11,106.03
7568,2452,16,0.00117,0.07,137.91,7.69,195.1
7569,2452,14,0.00106,324.22,80.25,336.45,118.28
7570,2452,8,0.00105,478.5,75.66,488.0,108.58
7571,2452,16,0.00103,237.14,106.85,254.46,122.56
7572,2460,6,0.87877,203.9,170.65,275.75,206.71
7573,2460,15,0.86388,329.59,167.2,352.11,190.75
7574,2466,10,0.03567,141.34,106.77,173.01,132.83
7575,2466,11,0.03092,141.81,106.69,173.0,132.85
7576,2466,10,0.01279,73.49,39.64,101.49,65.42
7577,2466,11,0.00588,73.64,39.36,101.22,65.07
7578,2466,17,0.00319,37.66,113.86,65.98,146.94
7579,2466,10,0.0024,37.47,114.26,66.11,146.59
7580,2466,2,0.00204,460.64,54.84,467.0,103.13
7581,2473,9,0.90879,197.38,102.15,216.69,123.46
7582,2473,10,0.89407,288.08,107.27,309.42,128.18
7583,2473,10,0.88098,308.51,56.42,326.37,73.91
7584,2473,17,0.87783,179.14,146.55,198.45,169.88
7585,2473,17,0.86177,81.46,125.71,99.31,142.19
7586,2473,4,0.00657,282.67,181.13,316.77,215.22
7587,2474,15,0.89033,261.65,128.35,285.25,149.46
7588,2474,15,0.87797,343.26,103.83,358.79,120.48
7589,2475,13,0.8757,130.54,64.44,163.37,96.76
7590,2475,12,0.84616,198.48,129.31,235.51,165.57
7591,2475,12,0.80781,236.5,3.68,269.77,35.04
7592,2475,13,0.17543,236.47,3.85,269.51,35.02
7593,2475,13,0.07977,198.35,129.04,236.26,167.15
7594,2477,2,0.89626,90.05,25.4,119.68,65.36
7595,2477,7,0.85285,132.91,79.38,166.54,107.11
7596,2477,7,0.00107,121.25,45.56,259.56,206.13
7597,2478,8,0.89423,250.98,124.45,319.39,191.34
7598,2478,8,0.87154,396.8,96.94,461.96,176.71
7599,2478,8,0.83217,316.23,104.06,389.54,184.79
7600,2478,8,0.82914,162.69,171.1,276.29,237.78
7601,2478,8,0.80525,354.92,98.9,431.76,181.23
7602,2478,14,0.68128,164.07,139.96,175.27,170.21
7603,2478,14,0.55868,154.18,139.05,175.22,170.34
7604,2478,14,0.55598,153.55,140.01,163.75,169.3
7605,2478,8,0.01742,351.44,99.32,398.13,180.38
7606,2478,8,0.0101,460.69,109.93,473.0,169.12
7607,2478,8,0.00967,395.06,97.0,434.25,176.44
7608,2478,8,0.00616,468.8,115.15,473.0,145.6
7609,2478,8,0.00431,441.53,104.63,471.39,160.84
7610,2478,8,0.0036,448.19,122.72,467.22,156.05
7611,2478,8,0.00345,460.46,102.91,473.0,147.62
7612,2478,8,0.00242,440.83,119.2,465.79,156.9
7613,2478,8,0.00234,463.14,117.86,472.83,148.07
7614,2478,8,0.00165,355.53,114.01,399.43,165.72
7615,2478,8,0.00117,467.69,99.43,473.0,139.81
7616,2478,8,0.00102,448.96,99.7,472.7,146.88
7617,2484,11,0.90463,118.38,181.27,158.17,210.92
7618,2484,9,0.89262,188.81,112.54,217.01,140.96
7619,2484,9,0.88338,178.19,135.18,211.5,166.88
7620,2484,10,0.87978,94.14,112.76,122.07,139.6
7621,2484,11,0.87246,249.53,122.99,282.85,149.33
7622,2484,10,0.82959,212.41,157.71,242.91,187.08
7623,2485,15,0.90536,55.24,157.43,73.08,174.08
7624,2485,15,0.88307,102.17,157.68,117.0,170.57
7625,2489,5,0.8746,93.8,86.12,115.02,104.9
7626,2489,5,0.8058,0.0,56.71,31.4,73.46
7627,2489,5,0.67031,169.03,79.19,186.73,95.26
7628,2489,14,0.60128,179.26,132.91,199.21,165.93
7629,2489,5,0.56075,145.26,59.15,158.96,70.84
7630,2489,14,0.52142,259.99,103.7,270.93,115.89
7631,2489,8,0.46556,259.17,107.66,271.43,123.75
7632,2489,14,0.25414,181.79,132.81,198.92,154.25
7633,2489,14,0.10218,259.58,104.72,271.27,122.0
7634,2489,5,0.00865,0.0,57.42,12.56,71.68
7635,2489,5,0.00435,0.0,54.81,4.88,67.33
7636,2489,14,0.00261,260.26,106.82,275.73,122.69
7637,2489,5,0.00205,489.42,106.46,493.0,127.68
7638,2489,14,0.00165,253.79,103.81,270.8,117.98
7639,2489,5,0.00121,72.6,51.4,168.46,93.99
7640,2489,14,0.00101,254.48,107.65,271.29,122.38
7641,2491,2,0.85818,223.39,146.69,236.04,164.63
7642,2491,2,0.85475,234.97,117.94,246.66,134.36
7643,2491,2,0.85208,179.09,124.66,192.14,141.98
7644,2491,2,0.8493,272.77,129.74,284.46,146.91
7645,2493,15,0.79432,277.56,161.13,334.34,227.65
7646,2493,6,0.00233,490.1,166.51,499.94,207.96
7647,2494,9,0.89524,310.31,160.49,325.31,177.08
7648,2494,10,0.88307,379.78,176.1,398.45,191.23
7649,2494,10,0.87413,441.13,157.62,457.75,173.0
7650,2494,17,0.78249,303.09,129.03,315.2,140.67
7651,2494,9,0.73751,357.89,150.04,374.95,164.18
7652,2494,17,0.00224,489.71,49.79,499.0,83.56
7653,2497,5,0.64096,108.55,115.87,389.7,226.74
7654,2497,5,0.08431,0.0,86.96,102.28,241.42
7655,2498,7,0.87299,369.92,96.04,399.06,118.59
7656,2498,17,0.83581,341.59,135.39,359.35,152.19
7657,2498,7,0.82998,304.43,94.31,332.75,116.37
7658,2498,17,0.82299,354.31,111.14,371.37,128.0
7659,2498,17,0.39247,340.28,187.68,360.99,208.86
7660,2498,2,0.00608,4.27,58.21,22.66,79.33
7661,2500,7,0.05166,234.5,107.29,253.7,122.84
7662,2500,7,0.00888,285.91,26.56,302.12,38.6
7663,2501,17,0.86949,346.23,175.93,356.85,186.41
7664,2501,10,0.8497,409.11,162.36,421.6,173.29
7665,2501,10,0.84942,387.77,154.99,401.5,166.1
7666,2501,11,0.83302,416.41,175.54,429.46,186.55
7667,2501,11,0.82366,369.48,168.29,384.57,179.75
7668,2501,17,0.82142,365.06,182.79,376.4,194.01
7669,2501,9,0.80039,353.8,154.47,368.55,165.13
7670,2501,9,0.68756,340.72,162.19,352.49,172.79
7671,2501,17,0.00966,340.8,162.2,352.26,172.4
7672,2503,2,0.85095,393.99,103.15,411.5,124.66
7673,2503,2,0.83646,375.82,128.51,393.52,151.18
7674,2503,2,0.00181,366.3,146.77,385.94,164.59
7675,2505,0,0.89957,104.35,131.64,147.26,176.16
7676,2505,1,0.80309,167.87,76.3,209.09,118.74
7677,2505,0,0.09824,168.24,76.15,209.49,118.83
7678,2507,5,0.87676,223.83,145.64,270.52,178.69
7679,2507,5,0.80012,122.4,145.39,166.14,172.55
7680,2507,5,0.69063,305.9,150.33,324.95,166.06
7681,2507,5,0.61108,0.0,155.23,26.48,186.14
7682,2507,5,0.25134,66.69,141.21,106.19,163.5
7683,2507,5,0.16906,490.3,149.93,499.0,174.8
7684,2507,5,0.12917,485.33,147.0,498.92,163.45
7685,2507,5,0.10471,32.95,137.53,107.28,168.35
7686,2507,14,0.06043,330.16,151.04,341.43,168.59
7687,2507,8,0.05194,489.17,144.86,499.0,176.5
7688,2507,5,0.04586,356.09,181.42,464.87,241.0
7689,2507,8,0.03593,0.0,156.32,26.91,186.12
7690,2507,5,0.02866,29.37,144.56,92.58,169.79
7691,2507,5,0.02678,485.18,145.51,499.0,172.95
7692,2507,8,0.02487,372.92,151.28,391.82,162.3
7693,2507,14,0.01409,0.0,138.21,5.31,175.36
7694,2507,14,0.01299,0.02,136.98,7.74,167.23
7695,2507,5,0.01086,0.0,140.7,17.13,185.31
7696,2507,8,0.00985,479.24,91.94,499.0,170.45
7697,2507,5,0.00985,372.82,150.98,393.95,162.36
7698,2507,14,0.00959,321.55,147.61,334.25,162.38
7699,2507,14,0.00804,221.56,128.44,236.61,158.5
7700,2507,5,0.00791,280.4,147.39,293.85,164.64
7701,2507,8,0.00693,491.95,153.97,499.0,178.1
7702,2507,14,0.00579,327.8,152.63,337.57,169.34
7703,2507,14,0.00516,329.09,149.55,339.97,164.51
7704,2507,14,0.00468,219.84,134.95,239.05,166.26
7705,2507,5,0.00459,0.0,136.11,7.51,168.42
7706,2507,8,0.00348,485.8,137.41,498.9,169.27
7707,2507,14,0.00343,0.03,139.27,14.65,179.75
7708,2507,5,0.00257,320.77,146.6,336.11,160.63
7709,2507,5,0.00244,0.59,145.37,27.02,178.09
7710,2507,8,0.0021,327.09,159.17,341.39,175.09
7711,2507,14,0.00204,289.28,147.47,295.73,163.73
7712,2507,5,0.00133,461.98,146.55,476.48,158.25
7713,2507,14,0.00115,0.0,154.15,13.58,183.03
7714,2507,5,0.00114,320.99,150.2,327.69,164.41
7715,2507,14,0.00111,205.24,146.07,221.79,163.17
7716,2507,5,0.00108,163.65,146.65,199.24,167.59
7717,2507,8,0.00103,490.71,137.11,499.0,191.27
7718,2507,5,0.00103,243.67,221.62,306.72,241.0
7719,2508,7,0.84719,382.6,102.2,404.22,121.56
7720,2508,7,0.00645,290.13,66.34,314.28,82.51
7721,2516,15,0.86669,394.97,162.53,416.15,180.41
7722,2529,7,0.83145,288.13,191.22,310.04,210.49
7723,2529,7,0.82376,177.15,176.11,196.68,195.92
7724,2535,7,0.86093,222.59,105.05,251.57,133.09
7725,2535,7,0.86088,322.71,35.6,346.12,57.62
7726,2545,2,0.86367,213.32,49.84,229.01,70.72
7727,2545,2,0.85806,261.81,65.51,277.63,86.63
7728,2546,15,0.8448,220.53,204.21,248.49,227.44
7729,2546,15,0.82975,222.87,169.03,244.11,188.72
7730,2546,15,0.81129,168.18,181.8,188.92,200.01
7731,2546,14,0.0024,338.44,227.6,353.25,246.95
7732,2547,15,0.83493,172.57,182.39,192.09,205.41
7733,2547,2,0.82557,94.14,140.52,110.85,158.92
7734,2549,2,0.84877,203.22,125.17,235.31,161.07
7735,2549,2,0.05585,230.26,95.17,255.33,131.02
7736,2549,2,0.0032,0.01,86.94,8.16,118.98
7737,2549,2,0.00191,0.0,90.13,6.08,130.01
7738,2552,15,0.81482,111.49,93.54,138.86,117.87
7739,2552,15,0.79089,118.51,58.46,138.87,77.83
7740,2552,15,0.77829,61.91,66.46,82.15,83.95
7741,2552,14,0.00306,207.76,132.1,218.91,145.71
7742,2557,7,0.82537,191.84,179.32,214.67,195.59
7743,2557,7,0.80608,265.16,182.76,288.1,203.36
7744,2558,7,0.82693,67.58,42.3,92.17,59.79
7745,2558,7,0.82415,45.28,75.87,70.69,94.34
7746,2559,9,0.87997,220.21,75.64,237.14,88.29
7747,2559,10,0.85888,202.78,55.08,217.27,67.32
7748,2559,11,0.85422,273.1,90.04,285.61,102.59
7749,2559,10,0.84126,287.17,44.97,300.42,56.02
7750,2559,17,0.836,232.3,55.55,243.78,66.91
7751,2559,17,0.67462,263.4,73.19,275.67,85.44
7752,2559,9,0.58448,257.74,57.29,269.12,68.49
7753,2559,17,0.18797,257.77,57.3,268.87,68.45
7754,2559,9,0.07468,263.47,73.24,275.49,85.67
7755,2565,15,0.92326,443.74,184.09,485.0,244.18
7756,2565,6,0.0017,433.09,88.92,485.0,137.59
7757,2569,10,0.85998,99.45,125.43,112.54,136.45
7758,2569,10,0.84356,106.57,136.97,117.74,148.13
7759,2569,11,0.83874,88.92,152.66,103.21,164.08
7760,2569,11,0.79952,61.28,136.97,74.08,148.71
7761,2569,17,0.79138,29.99,140.93,40.32,151.36
7762,2569,17,0.76317,34.34,151.58,44.69,162.41
7763,2569,17,0.1356,69.18,119.87,82.66,130.77
7764,2569,17,0.08993,46.03,125.67,58.72,136.4
7765,2569,10,0.00461,101.56,127.31,114.66,138.22
7766,2569,17,0.00326,30.77,142.01,42.35,153.48
7767,2571,14,0.87737,229.81,165.76,261.23,235.17
7768,2571,8,0.87087,444.75,160.76,495.0,248.45
7769,2571,14,0.85743,351.41,149.74,400.55,238.15
7770,2571,14,0.85637,194.54,156.22,222.61,237.04
7771,2571,14,0.82344,135.35,144.09,174.33,239.5
7772,2571,14,0.48043,54.78,187.22,89.43,237.54
7773,2571,15,0.03068,0.02,51.06,15.86,93.77
7774,2571,14,0.00146,489.47,153.35,495.0,235.43
7775,2571,14,0.0014,477.45,156.7,495.0,236.67
7776,2571,8,0.00114,341.41,149.99,405.06,236.37
7777,2574,5,0.88721,228.23,83.79,285.07,115.41
7778,2574,5,0.88049,280.48,108.05,372.21,152.11
7779,2574,5,0.83329,147.05,66.74,176.14,89.06
7780,2574,5,0.78625,181.41,41.91,202.59,59.01
7781,2574,5,0.05315,13.52,28.0,54.03,45.91
7782,2574,5,0.05054,57.64,17.17,93.74,35.8
7783,2574,14,0.00959,35.38,13.26,43.81,24.57
7784,2574,5,0.00828,172.3,2.16,276.25,60.41
7785,2574,5,0.00257,116.97,5.27,214.81,61.62
7786,2574,5,0.00129,58.24,19.06,89.46,29.9
7787,2574,5,0.00104,195.81,17.92,273.12,60.41
7788,2577,10,0.87908,324.85,106.12,338.5,117.56
7789,2577,10,0.87259,240.9,111.82,255.6,124.14
7790,2577,11,0.86557,308.93,151.52,320.9,164.24
7791,2577,17,0.82779,270.02,114.09,281.64,125.44
7792,2577,9,0.80679,257.69,134.11,274.15,146.21
7793,2577,17,0.78034,295.28,117.28,306.47,128.03
7794,2577,9,0.49244,300.11,133.56,312.04,146.19
7795,2577,17,0.4835,300.08,133.79,311.99,146.18
7796,2577,17,0.00817,257.42,134.15,274.22,146.33
7797,2582,2,0.87615,227.5,203.82,253.3,224.5
7798,2582,2,0.84914,190.87,161.3,210.33,186.88
7799,2584,2,0.86755,195.64,12.51,220.34,31.22
7800,2584,2,0.84698,136.75,55.66,164.27,74.42
7801,2584,2,0.8439,85.36,15.88,111.39,33.4
7802,2584,2,0.82962,250.18,43.56,277.04,64.57
7803,2588,10,0.88408,281.12,211.76,304.61,233.34
7804,2588,17,0.88211,333.47,201.68,352.27,220.71
7805,2588,10,0.8813,416.63,167.25,440.49,187.52
7806,2588,9,0.87731,306.02,129.5,327.53,150.32
7807,2588,17,0.86684,369.6,185.53,388.91,204.65
7808,2588,11,0.83912,269.49,85.89,289.63,105.2
7809,2588,17,0.80175,367.78,109.48,390.74,129.59
7810,2589,5,0.89831,231.44,113.77,368.64,185.64
7811,2589,8,0.72089,1.66,138.92,80.93,213.81
7812,2589,14,0.0774,167.95,145.59,186.78,183.5
7813,2589,5,0.02549,96.53,133.3,153.26,172.76
7814,2589,14,0.01706,20.66,126.39,75.62,185.7
7815,2589,5,0.00977,138.45,122.51,230.18,178.19
7816,2589,14,0.00534,438.59,87.11,444.0,161.82
7817,2589,14,0.00503,433.91,89.25,444.0,153.43
7818,2589,5,0.00441,92.94,132.76,195.55,172.5
7819,2589,14,0.00393,167.79,0.61,197.95,22.5
7820,2589,8,0.00274,0.0,156.37,4.77,208.57
7821,2589,14,0.00228,209.85,0.9,233.32,38.1
7822,2589,14,0.002,23.16,139.32,69.3,211.16
7823,2589,14,0.00165,428.3,95.23,444.0,154.17
7824,2589,8,0.00165,64.92,26.22,313.59,179.64
7825,2589,8,0.00137,0.0,141.35,8.37,220.48
7826,2589,14,0.00133,0.0,140.68,6.08,209.82
7827,2589,8,0.00106,0.0,137.33,21.2,214.64
7828,2590,2,0.87638,175.0,135.58,199.19,153.26
7829,2590,2,0.87041,228.45,167.69,254.03,188.08
7830,2590,2,0.86713,65.81,137.15,90.2,154.66
7831,2590,2,0.84104,114.87,177.94,141.64,196.35
7832,2592,15,0.89801,46.17,4.16,67.84,23.21
7833,2592,15,0.88254,95.98,10.76,117.86,33.51
7834,2593,14,0.85516,348.38,116.99,397.44,256.0
7835,2593,14,0.8474,266.89,133.53,329.77,256.0
7836,2593,14,0.8258,34.03,142.99,70.27,233.48
7837,2593,5,0.79535,208.75,149.15,338.23,209.07
7838,2593,5,0.69108,210.19,150.57,278.99,206.95
7839,2593,5,0.31526,393.24,155.27,498.93,212.75
7840,2593,5,0.04886,492.13,162.89,500.0,212.53
7841,2593,5,0.00859,487.61,167.74,500.0,213.16
7842,2593,14,0.00466,267.06,127.89,324.53,177.81
7843,2593,5,0.00346,248.42,148.16,336.67,221.41
7844,2593,5,0.00257,390.01,142.49,431.07,182.93
7845,2593,8,0.00218,135.04,164.64,186.06,198.99
7846,2593,8,0.00128,32.21,148.9,91.88,230.12
7847,2593,5,0.00108,387.36,142.91,429.89,156.67
7848,2593,5,0.00105,478.29,165.52,499.91,213.3
7849,2593,14,0.00101,271.2,130.24,307.74,180.21
7850,2594,2,0.85704,256.66,64.81,270.07,81.56
7851,2594,2,0.8533,192.4,38.78,204.65,54.38
7852,2594,2,0.83117,178.1,55.81,191.12,72.62
7853,2594,2,0.8237,243.39,42.17,256.12,57.97
7854,2598,2,0.8827,287.13,122.01,316.1,159.19
7855,2598,17,0.79638,307.41,188.3,326.63,206.16
7856,2598,17,0.64094,380.34,151.05,399.02,168.69
7857,2598,5,0.00261,94.67,195.42,194.12,239.23
7858,2598,17,0.00249,306.31,188.05,328.63,234.11
7859,2598,17,0.0018,379.5,150.37,402.52,180.66
7860,2598,2,0.00116,470.07,150.15,485.0,222.62
7861,2600,15,0.90085,278.86,135.07,299.77,155.33
7862,2600,15,0.88263,160.66,139.1,180.65,161.81
7863,2600,5,0.06046,395.73,176.98,460.0,230.97
7864,2600,5,0.02647,432.07,159.85,460.0,188.13
7865,2600,5,0.00736,427.91,165.96,459.96,180.24
7866,2600,5,0.00574,402.57,171.05,460.0,214.52
7867,2600,5,0.00545,427.42,163.24,460.0,212.49
7868,2600,5,0.00248,419.89,169.5,459.91,180.96
7869,2605,8,0.79279,290.6,0.0,421.82,56.47
7870,2605,8,0.79121,228.01,0.19,329.51,50.98
7871,2605,8,0.00826,381.38,0.11,421.84,40.39
7872,2605,8,0.00592,195.84,0.52,238.88,25.38
7873,2605,8,0.00383,292.72,0.0,339.39,24.56
7874,2605,8,0.00375,293.91,0.0,354.81,32.56
7875,2605,8,0.00205,348.18,1.32,489.25,63.32
7876,2605,8,0.00136,291.43,0.12,344.25,53.03
7877,2605,8,0.00126,0.0,42.38,64.01,197.64
7878,2605,8,0.00122,0.0,0.0,18.88,30.85
7879,2605,8,0.00117,291.38,0.0,330.65,18.27
7880,2605,8,0.00116,320.14,0.0,399.68,31.16
7881,2605,8,0.00114,322.11,1.08,443.57,66.32
7882,2607,10,0.85067,113.13,179.13,125.52,190.35
7883,2607,17,0.85016,44.11,194.53,54.4,204.97
7884,2607,10,0.83894,120.52,190.79,131.09,202.02
7885,2607,11,0.81354,102.43,206.32,116.5,217.85
7886,2607,11,0.77882,75.27,190.77,87.67,202.74
7887,2607,17,0.77869,47.85,205.15,58.35,216.27
7888,2607,17,0.6964,60.35,179.16,72.66,189.94
7889,2607,17,0.63829,83.26,173.45,96.24,184.72
7890,2607,17,0.02823,46.44,202.55,56.83,213.15
7891,2607,10,0.00491,116.63,183.58,128.04,194.01
7892,2608,13,0.8641,344.25,60.33,393.7,107.64
7893,2608,12,0.84129,269.45,137.17,322.99,184.09
7894,2608,15,0.0065,345.86,59.95,395.32,107.42
7895,2608,6,0.00254,0.16,97.08,26.02,224.82
7896,2608,6,0.00221,428.99,78.44,472.48,144.65
7897,2608,2,0.00181,346.0,60.13,395.21,106.31
7898,2608,14,0.00111,479.74,0.0,486.0,31.67
7899,2609,12,0.91962,88.06,81.93,124.09,115.51
7900,2609,12,0.9152,392.6,10.96,429.64,44.58
7901,2609,0,0.90526,139.76,29.86,175.94,65.66
7902,2609,0,0.90346,324.62,89.13,361.99,128.64
7903,2609,4,0.89849,256.71,5.04,331.0,51.03
7904,2609,3,0.88066,101.39,140.63,167.27,215.32
7905,2609,13,0.87859,218.77,75.39,253.94,109.86
7906,2609,1,0.8782,210.69,146.83,249.95,183.97
7907,2609,3,0.79909,392.09,112.58,441.66,209.2
7908,2609,3,0.51734,390.34,112.4,479.63,203.52
7909,2612,13,0.87873,185.7,79.03,227.78,120.37
7910,2612,4,0.86262,239.81,183.16,344.78,240.78
7911,2614,9,0.87591,309.0,124.12,323.42,139.13
7912,2614,9,0.86112,249.47,127.16,264.96,140.74
7913,2614,10,0.85548,379.23,152.85,393.46,168.02
7914,2614,17,0.83203,221.68,104.7,234.13,116.1
7915,2614,17,0.0028,309.12,124.08,323.46,139.01
7916,2614,8,0.00224,0.0,9.32,9.83,36.31
7917,2614,6,0.00119,0.0,17.87,9.76,37.92
7918,2615,10,0.90325,381.19,55.29,404.13,76.65
7919,2615,17,0.89387,261.66,80.98,281.72,104.57
7920,2615,9,0.88354,285.62,36.93,305.58,59.94
7921,2615,9,0.85754,162.55,46.29,181.29,63.32
7922,2617,13,0.88559,272.42,109.11,323.11,159.23
7923,2617,1,0.83924,217.48,165.76,276.24,223.6
7924,2617,4,0.77652,56.27,79.03,119.67,163.24
7925,2617,3,0.45794,56.6,79.1,119.49,164.09
7926,2617,6,0.0011,192.8,81.79,218.68,101.9
7927,2617,14,0.00101,125.13,4.82,218.93,165.12
7928,2621,9,0.93297,247.25,65.99,282.02,106.28
7929,2621,9,0.91678,295.3,34.72,326.46,75.32
7930,2621,11,0.8933,145.34,110.01,185.94,142.36
7931,2621,11,0.88368,333.81,75.95,376.94,110.24
7932,2621,10,0.83654,221.41,4.33,251.02,36.48
7933,2621,10,0.73201,239.43,113.55,281.18,149.43
7934,2621,9,0.00306,364.5,131.16,384.86,143.44
7935,2624,15,0.88884,88.65,50.82,107.22,69.71
7936,2624,5,0.00244,403.77,121.48,430.61,131.15
7937,2625,2,0.85583,409.98,154.21,442.32,188.73
7938,2625,2,0.01632,437.86,122.92,458.8,157.21
7939,2625,2,0.00551,496.91,183.84,506.0,213.66
7940,2628,10,0.85828,363.01,65.37,384.38,86.29
7941,2628,10,0.84672,136.36,84.37,158.76,102.76
7942,2628,11,0.0014,61.13,179.87,85.16,196.06
7943,2630,15,0.84019,79.84,179.52,108.2,203.97
7944,2630,15,0.80843,86.14,143.73,108.27,163.53
7945,2630,15,0.79169,28.95,151.39,50.09,169.46
7946,2630,6,0.00512,420.52,0.0,456.0,91.44
7947,2633,7,0.82024,407.43,140.19,429.85,159.13
7948,2633,7,0.80062,296.36,118.96,314.82,136.97
7949,2636,2,0.8914,369.9,155.59,399.83,193.3
7950,2636,2,0.83892,274.44,126.12,305.76,147.05
7951,2636,2,0.61033,369.62,107.83,385.14,122.22
7952,2636,2,0.00135,319.17,93.48,386.12,123.62
7953,2639,2,0.86072,330.61,178.07,348.56,190.03
7954,2639,2,0.85742,365.8,154.02,383.79,167.07
7955,2639,2,0.84704,291.81,157.29,309.26,170.0
7956,2639,2,0.83897,406.31,169.62,424.96,184.26
7957,2648,7,0.8177,69.45,53.61,99.53,78.11
7958,2648,7,0.80322,77.69,4.03,102.85,26.36
7959,2648,17,0.12026,0.01,93.36,3.73,110.48
7960,2648,17,0.08525,0.0,14.76,6.27,30.91
7961,2648,7,0.00231,0.0,217.92,16.38,240.8
7962,2648,15,0.00164,0.03,217.85,16.65,240.3
7963,2648,17,0.00132,154.71,158.87,171.27,178.18
7964,2649,2,0.86713,47.31,152.21,67.35,177.79
7965,2649,2,0.85225,115.86,182.42,135.34,208.91
7966,2650,3,0.91426,159.14,124.23,204.24,175.12
7967,2650,4,0.9112,277.23,121.09,316.57,161.6
7968,2650,0,0.89581,225.01,94.48,254.66,123.98
7969,2650,12,0.89221,220.1,127.46,250.51,154.23
7970,2650,1,0.88546,217.4,155.52,250.22,188.32
7971,2650,3,0.00176,476.48,14.52,493.0,92.65
7972,2652,2,0.85714,279.95,147.87,295.91,168.77
7973,2652,2,0.85539,356.28,127.46,370.76,147.38
7974,2652,2,0.85053,409.73,149.85,424.97,171.38
7975,2652,2,0.84191,363.77,168.85,379.63,190.95
7976,2657,14,0.80815,388.39,81.77,412.03,118.4
7977,2657,14,0.80703,14.04,14.54,27.27,45.79
7978,2657,14,0.76303,264.08,61.39,275.36,91.16
7979,2657,14,0.75573,352.73,80.3,370.06,105.3
7980,2657,14,0.67987,108.81,31.3,125.4,67.86
7981,2657,14,0.10304,379.63,89.17,391.09,107.96
7982,2657,14,0.03155,87.56,45.95,99.0,61.64
7983,2657,14,0.02783,274.07,66.49,282.97,90.29
7984,2657,14,0.01119,299.92,71.59,310.81,92.67
7985,2657,14,0.00956,275.13,68.46,286.55,90.69
7986,2657,14,0.00576,345.22,83.24,358.17,99.07
7987,2657,14,0.00407,258.42,61.53,270.57,86.79
7988,2657,14,0.00367,269.88,62.61,277.98,90.94
7989,2657,14,0.00234,68.82,11.95,83.98,39.2
7990,2657,14,0.00207,494.9,92.07,500.0,170.86
7991,2657,14,0.001,378.3,79.75,407.6,109.06
7992,2659,16,0.79056,370.38,36.68,437.64,107.69
7993,2659,8,0.00472,328.0,0.0,399.36,15.7
7994,2659,14,0.00351,255.69,0.43,269.2,11.37
7995,2659,14,0.00308,361.9,0.23,399.27,13.73
7996,2659,7,0.00289,247.68,24.18,301.54,82.1
7997,2659,2,0.00253,247.81,24.03,301.08,82.25
7998,2659,14,0.00249,295.34,0.27,309.26,13.53
7999,2659,8,0.00204,360.35,0.31,399.83,14.19
8000,2659,16,0.00193,248.02,24.02,300.79,82.44
8001,2659,8,0.00174,293.14,0.11,309.58,13.24
8002,2659,14,0.00111,261.31,0.46,270.1,11.02
8003,2659,9,0.00104,250.46,24.92,301.27,71.69
8004,2660,10,0.87651,427.47,23.76,448.0,43.82
8005,2660,9,0.84039,208.86,90.08,228.1,108.49
8006,2660,9,0.83332,304.88,41.54,328.81,59.27
8007,2660,9,0.81755,291.17,91.81,314.55,111.57
8008,2660,17,0.00101,208.68,90.06,228.08,108.49
8009,2661,2,0.87311,209.49,47.0,231.24,75.51
8010,2661,2,0.87281,309.74,35.32,329.91,64.89
8011,2662,12,0.91424,297.42,30.89,327.12,57.96
8012,2662,0,0.90968,292.85,73.99,325.5,107.27
8013,2662,13,0.8999,205.9,100.53,237.81,131.89
8014,2662,0,0.89913,116.34,104.25,150.48,138.26
8015,2662,3,0.89195,361.94,70.83,424.25,109.78
8016,2662,3,0.87243,134.43,167.17,215.41,207.78
8017,2662,1,0.87068,241.58,125.54,276.64,160.82
8018,2662,4,0.85788,191.53,70.78,260.78,91.81
8019,2662,12,0.84495,195.4,31.24,224.52,56.52
8020,2662,13,0.02324,195.57,31.19,224.54,56.89
8021,2662,3,0.00112,483.82,63.94,504.0,137.83
8022,2662,3,0.00101,460.92,52.69,504.0,138.24
8023,2665,2,0.90093,381.99,176.76,404.85,205.45
8024,2665,2,0.86733,286.43,176.96,305.39,205.45
8025,2667,2,0.88661,267.63,26.35,305.18,56.85
8026,2667,17,0.83938,344.76,54.62,362.71,72.19
8027,2667,17,0.81779,235.86,107.8,256.13,125.46
8028,2667,2,0.03794,235.88,107.67,256.3,125.56
8029,2668,2,0.87178,151.76,65.3,169.34,79.22
8030,2668,2,0.85632,65.07,54.13,83.34,68.1
8031,2668,2,0.83943,127.91,82.05,144.07,96.96
8032,2668,2,0.77608,100.23,39.64,115.27,53.57
8033,2676,15,0.8971,185.73,7.59,204.74,24.32
8034,2676,15,0.89685,231.14,2.11,251.25,20.16
8035,2680,10,0.85739,313.22,135.45,337.68,157.33
8036,2680,10,0.80983,249.72,119.94,274.81,141.25
8037,2680,10,0.63763,344.2,95.12,366.75,116.09
8038,2680,10,0.63325,285.41,44.36,303.16,63.28
8039,2680,6,0.16833,282.81,183.0,374.48,234.82
8040,2680,10,0.11782,256.55,91.21,279.21,112.59
8041,2680,6,0.03746,181.3,104.44,203.37,117.61
8042,2680,6,0.01337,412.32,135.85,433.83,157.72
8043,2680,6,0.0081,441.3,133.43,468.05,163.01
8044,2680,2,0.00384,256.61,91.11,279.26,112.45
8045,2680,14,0.00365,322.79,0.52,357.04,14.35
8046,2680,17,0.00111,285.54,44.23,303.41,63.06
8047,2682,14,0.87835,342.07,96.88,378.26,172.64
8048,2682,14,0.85855,422.32,107.14,447.39,169.29
8049,2682,14,0.81589,138.23,82.04,169.78,160.47
8050,2682,14,0.80521,213.68,81.54,236.35,166.91
8051,2682,14,0.75786,189.04,83.02,217.22,162.7
8052,2682,5,0.13504,0.0,98.67,161.96,155.82
8053,2682,5,0.1215,486.58,139.66,500.0,170.83
8054,2682,14,0.07308,192.12,82.07,236.79,166.78
8055,2682,5,0.05129,426.94,130.82,481.99,171.22
8056,2682,5,0.03588,484.31,129.32,500.0,160.21
8057,2682,5,0.02248,141.98,111.71,195.67,158.84
8058,2682,5,0.02005,0.03,84.23,12.03,171.47
8059,2682,5,0.0159,0.02,107.15,12.09,156.35
8060,2682,5,0.01259,151.06,111.83,194.81,137.81
8061,2682,5,0.00636,174.85,76.53,209.12,92.8
8062,2682,8,0.00542,0.02,78.25,11.59,167.14
8063,2682,14,0.00507,0.0,78.72,5.79,151.7
8064,2682,5,0.00336,479.76,131.25,500.0,148.36
8065,2682,5,0.00287,0.0,95.73,8.78,163.75
8066,2682,5,0.00263,29.23,97.96,121.82,150.59
8067,2682,5,0.0021,183.87,82.0,240.73,165.43
8068,2682,5,0.00109,480.86,117.37,500.0,166.18
8069,2682,5,0.00106,468.19,122.91,500.0,166.56
8070,2682,5,0.00103,0.13,90.79,20.13,159.58
8071,2685,17,0.81525,255.18,96.96,275.83,119.26
8072,2685,2,0.7439,196.01,146.91,218.81,172.57
8073,2685,2,0.2457,298.27,58.7,323.98,80.54
8074,2685,9,0.15215,196.13,146.89,218.16,172.25
8075,2685,17,0.14434,196.05,146.81,218.46,172.85
8076,2685,9,0.08059,298.65,59.04,322.25,80.32
8077,2685,2,0.00255,255.38,97.01,276.18,119.12
8078,2688,14,0.85228,263.62,147.08,283.41,200.8
8079,2688,8,0.81511,142.15,171.59,180.44,217.42
8080,2688,14,0.72376,93.03,154.78,115.53,209.29
8081,2688,14,0.64636,141.35,146.36,177.15,176.05
8082,2688,16,0.06186,0.0,185.35,11.63,207.89
8083,2688,16,0.03223,0.17,185.86,20.22,206.64
8084,2688,16,0.01091,6.85,185.67,21.26,205.22
8085,2688,14,0.00834,96.63,151.24,115.93,174.76
8086,2688,16,0.00639,18.76,185.47,48.97,201.79
8087,2688,14,0.00601,141.27,146.04,177.83,199.16
8088,2688,16,0.00435,0.07,182.26,51.24,204.96
8089,2688,16,0.00363,17.05,185.49,29.99,203.19
8090,2688,14,0.00363,480.48,7.93,488.0,73.19
8091,2688,8,0.00253,75.37,150.92,131.22,211.69
8092,2688,14,0.00136,111.92,177.01,128.81,209.48
8093,2688,8,0.00113,137.16,146.75,191.31,216.79
8094,2695,14,0.12406,446.31,38.06,464.23,83.43
8095,2698,15,0.85645,168.01,122.0,195.78,148.39
8096,2698,15,0.8563,241.81,153.66,280.11,187.23
8097,2698,15,0.85395,240.66,98.52,269.24,125.58
8098,2701,10,0.78814,124.93,64.5,137.64,77.17
8099,2701,11,0.78749,201.22,69.37,216.28,81.72
8100,2701,11,0.78167,185.02,63.13,198.08,75.59
8101,2701,11,0.75961,149.31,67.15,162.36,80.64
8102,2701,10,0.5986,201.21,69.14,216.37,81.87
8103,2701,10,0.01596,116.15,55.01,129.84,68.05
8104,2701,11,0.00634,116.18,54.6,130.44,68.02
8105,2701,10,0.00261,121.69,59.69,134.4,75.24
8106,2701,3,0.00164,185.54,63.04,313.78,120.01
8107,2702,14,0.87817,345.66,91.81,372.25,178.49
8108,2702,14,0.87801,116.15,122.05,150.76,196.27
8109,2702,14,0.85866,246.37,94.16,304.18,199.44
8110,2702,14,0.846,320.78,96.35,352.76,176.93
8111,2702,14,0.00254,147.23,132.23,162.81,158.9
8112,2702,8,0.0023,109.1,123.97,167.98,194.8
8113,2702,14,0.00211,322.57,97.16,344.75,140.19
8114,2702,14,0.00158,317.96,99.82,340.41,135.47
8115,2703,7,0.8706,181.73,179.27,218.91,212.96
8116,2703,2,0.00155,0.0,140.29,5.79,165.94
8117,2705,7,0.21565,209.07,91.82,227.94,111.58
8118,2705,2,0.13244,208.74,91.43,228.24,111.83
8119,2705,17,0.01616,208.53,90.99,227.91,112.09
8120,2705,14,0.01275,243.55,6.37,507.0,248.17
8121,2705,16,0.00586,489.94,90.56,507.0,160.96
8122,2705,14,0.00444,356.53,3.69,507.0,237.95
8123,2705,17,0.00206,490.72,96.36,507.0,153.8
8124,2705,14,0.00154,460.99,8.42,507.0,234.73
8125,2708,15,0.91736,311.91,71.15,352.18,118.65
8126,2708,15,0.91717,294.96,178.99,335.0,225.38
8127,2710,3,0.79966,336.77,209.61,398.13,234.0
8128,2710,12,0.79408,431.47,205.43,473.0,234.0
8129,2711,14,0.87049,91.34,102.51,124.43,193.65
8130,2711,14,0.84866,209.62,78.43,265.4,188.26
8131,2711,14,0.8304,277.01,90.07,305.19,157.93
8132,2711,14,0.80027,178.56,95.05,201.16,150.81
8133,2711,14,0.77509,377.04,78.83,403.94,142.75
8134,2711,8,0.64853,458.59,121.33,494.0,188.85
8135,2711,14,0.64785,447.4,95.73,480.91,139.81
8136,2711,8,0.62105,64.76,126.93,87.98,158.32
8137,2711,14,0.4901,340.56,90.26,367.28,129.97
8138,2711,8,0.45013,325.14,110.85,400.44,163.07
8139,2711,8,0.40975,0.09,158.69,57.63,211.02
8140,2711,8,0.15461,0.0,122.99,54.24,212.33
8141,2711,14,0.07447,0.0,124.72,10.4,166.19
8142,2711,14,0.06711,14.66,119.9,47.74,172.96
8143,2711,8,0.03299,115.82,126.3,149.48,157.94
8144,2711,8,0.02906,1.33,119.95,47.68,174.08
8145,2711,8,0.01904,455.38,95.77,494.0,141.23
8146,2711,8,0.01574,194.21,125.08,219.8,153.78
8147,2711,5,0.01555,451.89,93.26,494.0,139.59
8148,2711,8,0.01399,470.15,98.58,494.0,144.58
8149,2711,14,0.00875,5.74,117.87,39.78,168.22
8150,2711,14,0.00699,331.69,90.01,375.09,165.38
8151,2711,8,0.00657,447.92,96.16,494.0,172.11
8152,2711,8,0.0064,0.01,121.71,27.06,213.56
8153,2711,14,0.0042,331.09,89.84,368.28,142.05
8154,2711,8,0.00406,470.52,102.11,494.0,171.99
8155,2711,5,0.00364,464.99,91.36,494.0,128.93
8156,2711,14,0.00333,343.54,90.09,365.04,115.22
8157,2711,14,0.00287,0.0,124.61,4.98,167.82
8158,2711,14,0.00246,486.96,107.8,494.0,140.86
8159,2711,8,0.00236,484.93,106.96,494.0,141.68
8160,2711,8,0.00213,0.01,112.9,14.72,210.39
8161,2711,14,0.00184,212.75,77.8,267.07,139.62
8162,2711,5,0.00171,199.5,32.78,242.8,49.9
8163,2711,14,0.0016,481.23,90.26,494.0,119.17
8164,2711,14,0.00148,149.81,114.8,168.97,149.53
8165,2711,14,0.00111,339.69,88.26,387.63,153.61
8166,2711,14,0.00111,485.51,93.77,494.0,131.08
8167,2711,8,0.00105,480.06,93.85,494.0,130.88
8168,2711,5,0.00103,199.98,27.47,244.91,46.06
8169,2715,15,0.91458,161.47,4.27,195.82,36.87
8170,2715,15,0.90835,244.71,16.42,280.8,55.82
8171,2717,2,0.84747,285.88,62.09,316.43,90.21
8172,2717,2,0.73576,407.36,49.44,429.73,71.5
8173,2717,2,0.02018,496.61,45.35,505.0,69.51
8174,2717,2,0.00221,497.17,29.27,505.0,68.78
8175,2721,14,0.88611,307.55,80.61,338.95,180.32
8176,2721,14,0.8642,372.19,80.35,404.98,186.9
8177,2721,5,0.83601,413.26,133.86,495.88,175.24
8178,2721,14,0.81855,194.65,92.47,223.51,170.83
8179,2721,14,0.72604,100.31,78.42,151.27,165.33
8180,2721,14,0.69551,62.93,40.58,105.33,170.0
8181,2721,5,0.08729,137.96,122.13,213.92,163.69
8182,2721,5,0.06629,489.95,133.11,499.95,158.53
8183,2721,8,0.0145,0.04,77.59,10.44,182.05
8184,2721,5,0.01289,176.06,80.77,210.59,99.51
8185,2721,5,0.0074,146.41,111.34,246.09,166.35
8186,2721,8,0.00555,138.2,123.64,198.63,162.04
8187,2721,5,0.00513,489.29,140.82,499.97,169.79
8188,2721,14,0.00448,0.0,92.09,7.4,153.95
8189,2721,8,0.0034,138.34,122.95,162.47,161.08
8190,2721,5,0.00332,486.46,129.7,500.0,150.23
8191,2721,5,0.00273,0.0,119.57,87.69,160.36
8192,2721,5,0.00264,487.74,131.53,500.0,174.51
8193,2721,8,0.00235,103.78,132.62,133.11,159.83
8194,2721,5,0.00216,483.18,142.03,499.92,172.77
8195,2721,8,0.00212,95.75,115.21,149.52,173.37
8196,2721,8,0.00196,60.81,42.64,137.25,166.68
8197,2721,5,0.00163,469.18,133.52,500.0,173.75
8198,2721,14,0.0016,139.01,123.0,161.59,161.58
8199,2721,8,0.00157,153.6,107.75,250.83,168.28
8200,2721,8,0.00132,41.36,41.65,111.0,164.69
8201,2721,5,0.0012,0.0,101.22,7.44,151.17
8202,2728,10,0.88149,411.05,89.09,425.06,100.14
8203,2728,11,0.86532,440.55,109.12,453.13,120.48
8204,2728,10,0.86164,432.53,95.94,445.54,106.86
8205,2728,17,0.83286,388.36,117.31,400.27,128.74
8206,2728,11,0.83251,392.51,102.95,408.57,114.61
8207,2728,17,0.83176,369.35,110.91,380.74,121.8
8208,2728,9,0.78769,376.74,89.37,391.8,100.6
8209,2728,9,0.59669,363.62,97.54,375.73,108.4
8210,2728,17,0.0144,364.51,97.92,376.16,109.55
8211,2729,10,0.87329,349.56,163.47,364.7,177.23
8212,2729,10,0.87282,448.36,178.14,464.07,191.29
8213,2729,9,0.85241,407.99,182.51,420.27,194.32
8214,2729,11,0.85035,382.35,220.03,395.67,234.53
8215,2729,17,0.83221,379.08,172.38,391.59,184.77
8216,2729,9,0.81702,344.97,189.83,362.87,202.74
8217,2729,17,0.50531,393.03,200.28,406.6,214.22
8218,2729,9,0.37277,392.9,200.37,406.7,214.06
8219,2732,14,0.02269,147.9,128.62,164.68,165.55
8220,2732,14,0.00318,270.41,149.64,284.68,166.62
8221,2732,14,0.00238,139.96,71.58,177.21,169.22
8222,2732,17,0.00154,150.08,0.0,159.6,3.89
8223,2734,4,0.78384,127.48,147.29,159.36,165.14
8224,2734,0,0.59013,154.69,105.87,182.98,131.44
8225,2734,12,0.39917,269.75,95.19,293.28,116.49
8226,2734,0,0.03932,122.53,2.38,146.03,13.47
8227,2734,15,0.02567,164.29,145.67,195.64,167.26
8228,2734,15,0.00937,270.02,95.23,293.27,117.22
8229,2734,15,0.00342,165.96,144.04,194.59,160.8
8230,2737,16,0.92309,185.11,70.53,249.8,147.0
8231,2737,16,0.89964,48.19,46.61,101.9,103.88
8232,2737,16,0.11875,353.44,120.25,438.84,222.23
8233,2737,14,0.0039,354.18,80.41,453.6,223.0
8234,2739,9,0.88248,278.57,78.89,298.41,95.24
8235,2739,10,0.8611,229.32,31.21,245.55,48.06
8236,2739,10,0.85208,218.84,50.04,235.29,67.34
8237,2739,11,0.84863,266.88,19.81,286.75,34.6
8238,2739,17,0.84667,327.33,47.07,342.73,62.33
8239,2739,11,0.82085,278.98,51.42,295.31,68.19
8240,2739,17,0.77055,320.92,65.62,336.05,80.69
8241,2739,17,0.52671,242.84,72.82,260.85,91.89
8242,2739,9,0.51801,243.08,72.65,261.04,91.85
8243,2739,9,0.38599,320.87,65.63,336.08,80.64
8244,2739,2,0.08156,491.32,158.56,502.99,177.12
8245,2739,2,0.00861,491.4,166.02,502.89,176.82
8246,2739,2,0.00272,494.99,125.0,503.0,180.69
8247,2739,2,0.00106,490.62,142.52,503.0,197.85
8248,2740,7,0.86629,83.12,47.8,108.48,68.27
8249,2740,7,0.84751,250.24,98.09,276.55,120.35
8250,2740,17,0.00303,9.63,40.08,24.33,56.49
8251,2741,17,0.76696,371.51,153.31,393.9,179.57
8252,2741,17,0.54655,375.46,14.3,395.55,36.16
8253,2742,15,0.87301,376.87,178.42,405.91,209.66
8254,2742,6,0.86531,305.68,125.87,334.44,167.6
8255,2742,2,0.81174,403.38,117.17,421.75,136.95
8256,2751,15,0.81324,248.02,37.85,309.26,112.3
8257,2751,15,0.0017,398.46,66.98,464.83,161.07
8258,2751,14,0.00156,237.34,73.27,256.08,100.47
8259,2751,6,0.00146,398.61,70.33,451.82,196.42
8260,2752,15,0.93316,305.3,178.98,353.95,224.76
8261,2752,14,0.00146,457.68,156.5,496.0,248.0
8262,2756,15,0.90337,385.51,74.55,412.44,103.92
8263,2762,10,0.83385,250.37,84.28,271.19,105.62
8264,2762,9,0.00238,352.22,45.03,368.65,60.89
8265,2763,17,0.84107,366.86,64.92,387.89,85.59
8266,2763,17,0.67348,300.52,181.33,323.0,204.24
8267,2765,9,0.8934,346.36,61.8,361.73,79.49
8268,2765,10,0.86601,417.9,73.45,435.76,89.53
8269,2765,10,0.85525,439.5,35.42,454.39,50.02
8270,2765,17,0.8048,255.38,69.85,269.3,82.8
8271,2765,17,0.76141,329.56,92.63,344.88,111.6
8272,2765,9,0.38038,329.58,92.76,344.98,111.79
8273,2765,2,0.00171,230.94,232.02,258.82,254.58
8274,2765,14,0.00161,81.1,112.02,91.96,139.4
8275,2766,9,0.88664,243.71,184.0,258.67,200.47
8276,2766,10,0.87611,311.32,202.38,329.96,217.51
8277,2766,10,0.86892,372.29,186.52,388.81,201.99
8278,2766,9,0.71347,238.41,151.94,250.45,163.34
8279,2766,9,0.68952,291.44,175.45,308.1,190.14
8280,2766,17,0.03523,238.4,151.82,250.29,163.26
8281,2766,17,0.00103,243.84,183.92,258.48,200.59
8282,2768,7,0.8742,185.23,182.12,253.33,239.91
8283,2768,7,0.57749,82.73,180.74,153.4,240.83
8284,2768,7,0.02815,66.19,69.06,189.45,147.56
8285,2768,7,0.02355,96.87,170.01,198.03,238.05
8286,2768,7,0.00663,163.58,149.45,228.55,197.03
8287,2768,7,0.00198,51.18,176.53,99.21,236.46
8288,2768,7,0.00113,36.86,170.54,120.74,233.31
8289,2769,2,0.87128,75.61,45.16,98.92,74.33
8290,2769,2,0.86697,178.77,36.96,198.22,66.56
8291,2770,9,0.88749,303.12,178.09,319.05,191.99
8292,2770,10,0.88318,361.39,167.43,377.94,180.12
8293,2770,17,0.87255,366.74,208.83,380.76,222.46
8294,2770,10,0.85928,331.84,166.07,346.69,179.55
8295,2770,11,0.8486,342.17,188.44,359.96,202.55
8296,2770,17,0.84569,335.65,208.02,349.57,221.45
8297,2770,11,0.83775,393.67,179.99,408.75,193.05
8298,2770,17,0.6452,305.48,193.48,319.22,206.35
8299,2770,9,0.02876,305.48,193.48,319.37,206.23
8300,2773,5,0.89057,158.54,61.36,215.34,100.97
8301,2773,14,0.76768,472.13,58.57,485.92,92.44
8302,2773,8,0.71605,378.59,49.24,394.61,67.91
8303,2773,14,0.68713,461.82,58.88,472.48,87.47
8304,2773,14,0.47995,393.37,46.77,401.25,67.21
8305,2773,14,0.17406,390.05,47.01,398.84,67.3
8306,2773,8,0.11388,489.61,56.58,494.0,74.99
8307,2773,14,0.07087,487.42,56.99,494.0,74.54
8308,2773,14,0.06343,388.95,47.05,396.19,59.79
8309,2773,8,0.06236,0.0,14.04,6.13,33.05
8310,2773,5,0.05907,24.37,0.21,50.83,8.18
8311,2773,14,0.05881,487.09,34.46,494.0,66.87
8312,2773,14,0.04472,460.28,48.04,475.58,61.94
8313,2773,5,0.04469,156.46,0.0,239.55,37.85
8314,2773,14,0.03901,386.48,48.5,395.23,67.9
8315,2773,14,0.03433,383.78,48.72,393.66,66.72
8316,2773,14,0.03227,464.08,52.99,475.37,62.79
8317,2773,14,0.02987,385.79,47.02,392.05,55.55
8318,2773,14,0.02337,462.38,50.68,473.66,62.12
8319,2773,14,0.02335,487.69,56.02,494.0,86.08
8320,2773,5,0.01695,489.75,56.4,493.99,74.02
8321,2773,14,0.01666,463.33,57.45,479.5,89.63
8322,2773,5,0.01396,0.2,0.3,14.19,13.59
8323,2773,14,0.01254,379.88,49.3,390.85,65.62
8324,2773,8,0.01198,487.2,55.9,493.95,74.5
8325,2773,14,0.00947,395.62,48.35,402.19,67.24
8326,2773,14,0.00844,485.54,56.16,494.0,94.61
8327,2773,8,0.00837,20.46,0.4,32.21,7.69
8328,2773,14,0.00676,0.0,0.23,15.39,13.45
8329,2773,8,0.00571,0.0,12.94,5.47,42.14
8330,2773,14,0.00479,0.0,1.47,7.45,20.61
8331,2773,14,0.00479,381.68,47.13,388.67,56.19
8332,2773,14,0.00461,46.5,0.4,54.93,9.14
8333,2773,5,0.00383,254.2,2.84,264.83,12.61
8334,2773,14,0.003,385.36,41.75,391.57,51.48
8335,2773,14,0.00289,0.0,10.84,5.17,31.46
8336,2773,14,0.00281,486.24,51.18,493.96,72.36
8337,2773,14,0.00269,388.49,42.4,396.58,51.13
8338,2773,14,0.00255,0.0,16.83,4.3,34.8
8339,2773,14,0.00232,337.17,42.37,347.54,53.82
8340,2773,14,0.00218,396.45,47.45,404.82,66.91
8341,2773,14,0.00218,489.13,61.5,494.0,91.29
8342,2773,8,0.00216,53.6,0.1,64.02,7.78
8343,2773,8,0.00193,481.54,53.07,490.96,63.34
8344,2773,5,0.00187,20.57,0.34,32.13,7.51
8345,2773,14,0.00159,482.29,48.99,491.1,60.63
8346,2773,14,0.00154,464.28,54.33,489.89,87.96
8347,2773,8,0.00137,483.76,49.49,493.53,68.56
8348,2773,14,0.00137,76.08,1.84,85.19,11.96
8349,2773,8,0.0012,392.7,52.72,399.71,68.35
8350,2773,8,0.0012,20.14,0.72,33.53,11.08
8351,2773,5,0.00118,21.88,0.38,40.53,7.95
8352,2773,14,0.00111,464.3,53.75,486.67,68.63
8353,2773,5,0.00108,459.56,46.12,475.06,60.45
8354,2773,8,0.00104,478.25,54.85,492.54,70.02
8355,2774,7,0.91681,132.62,149.79,198.87,202.59
8356,2774,7,0.90837,193.0,94.87,260.41,142.81
8357,2775,2,0.84263,89.4,151.78,113.71,179.35
8358,2775,2,0.82101,70.52,201.1,99.78,222.86
8359,2776,3,0.87208,189.8,114.0,237.48,162.64
8360,2776,3,0.85634,260.9,145.56,340.83,196.37
8361,2776,13,0.84443,282.11,74.37,318.5,112.1
8362,2776,3,0.83745,157.26,90.55,222.61,118.46
8363,2776,1,0.82869,304.85,108.31,344.18,149.67
8364,2777,2,0.84679,83.19,30.11,113.21,61.36
8365,2777,2,0.07138,56.64,22.91,81.33,46.2
8366,2777,2,0.0135,0.02,48.99,5.93,86.15
8367,2777,2,0.00363,0.0,59.1,5.72,107.88
8368,2777,2,0.00192,503.9,126.77,508.0,163.12
8369,2777,2,0.0011,502.93,136.95,508.0,164.25
8370,2782,14,0.73053,286.51,126.59,301.55,140.37
8371,2782,14,0.70904,272.16,137.62,285.27,166.91
8372,2782,14,0.70771,209.63,156.96,225.39,180.39
8373,2782,14,0.69496,311.51,135.24,323.27,157.4
8374,2782,14,0.48947,296.1,137.38,307.35,150.38
8375,2782,14,0.30979,259.61,141.87,272.48,168.52
8376,2782,14,0.27406,299.59,138.73,309.72,160.57
8377,2782,14,0.22287,297.57,136.81,309.13,153.77
8378,2782,14,0.14187,289.59,129.36,302.97,141.18
8379,2782,14,0.122,301.35,148.06,310.35,160.77
8380,2782,14,0.01213,486.8,93.95,500.32,115.37
8381,2782,14,0.00757,293.71,134.21,303.96,143.2
8382,2782,14,0.00638,499.93,99.4,505.0,119.66
8383,2782,14,0.00555,308.07,129.88,321.34,141.54
8384,2782,14,0.00528,232.47,137.5,246.69,175.08
8385,2782,14,0.00386,270.48,126.05,281.97,138.72
8386,2782,14,0.00275,304.9,130.88,318.98,143.36
8387,2782,14,0.00266,293.76,143.42,306.62,159.2
8388,2782,14,0.00255,264.13,125.53,281.56,137.75
8389,2782,14,0.00255,363.01,105.82,385.4,135.86
8390,2782,14,0.00189,366.0,106.04,384.88,127.35
8391,2782,14,0.00169,302.33,135.2,313.61,149.62
8392,2782,14,0.00161,283.12,132.08,299.76,147.14
8393,2782,14,0.00134,290.97,136.69,303.84,149.7
8394,2782,14,0.00133,496.48,98.47,504.97,121.61
8395,2782,14,0.00127,288.3,138.92,306.61,161.59
8396,2782,14,0.00125,273.66,130.91,282.48,142.46
8397,2782,14,0.00121,303.47,137.52,312.33,152.46
8398,2782,14,0.00109,361.16,110.06,375.17,139.84
8399,2782,14,0.00108,501.45,89.19,505.0,116.82
8400,2785,17,0.83244,363.65,129.12,397.34,157.75
8401,2785,2,0.63165,363.79,129.58,397.65,157.29
8402,2785,17,0.42569,359.16,72.69,386.6,98.8
8403,2785,2,0.4059,359.06,72.94,385.96,98.59
8404,2788,10,0.84489,403.73,22.97,423.84,43.54
8405,2791,14,0.77869,288.5,136.03,376.04,248.93
8406,2791,5,0.52327,226.11,177.0,306.51,222.41
8407,2791,5,0.11754,60.57,187.85,203.23,225.76
8408,2791,5,0.00729,0.0,177.94,192.5,222.5
8409,2791,14,0.00625,344.67,126.16,370.76,168.74
8410,2791,14,0.00359,330.12,124.37,383.78,241.79
8411,2791,5,0.00156,0.0,223.03,78.56,256.0
8412,2792,10,0.88172,356.49,47.17,373.44,60.29
8413,2792,10,0.86897,326.63,45.97,342.13,59.66
8414,2792,17,0.86166,330.31,87.4,345.03,101.04
8415,2792,17,0.85558,361.25,87.67,376.13,101.58
8416,2792,9,0.85093,297.63,58.17,314.46,73.01
8417,2792,11,0.84603,388.51,59.29,404.18,72.77
8418,2792,11,0.83082,337.29,68.13,355.85,82.72
8419,2792,17,0.73294,299.99,73.34,314.89,86.75
8420,2792,9,0.0581,299.81,73.22,315.05,86.97
8421,2792,6,0.04139,404.84,98.64,504.01,198.57
8422,2792,9,0.00183,300.1,51.87,313.35,70.1
8423,2795,5,0.82871,396.66,169.94,465.48,194.23
8424,2795,5,0.81477,228.45,174.86,296.98,200.44
8425,2795,5,0.76752,0.84,176.96,85.72,213.16
8426,2795,5,0.21302,0.0,164.64,11.48,197.54
8427,2795,5,0.08099,478.52,171.92,489.0,200.3
8428,2795,5,0.05142,0.0,132.47,34.69,148.6
8429,2795,5,0.03202,174.93,122.65,255.65,160.74
8430,2795,5,0.02723,310.4,59.71,342.51,76.51
8431,2795,5,0.01364,97.37,120.25,112.4,130.43
8432,2795,5,0.01099,468.29,152.77,489.0,173.57
8433,2795,5,0.01059,0.0,151.16,13.7,196.9
8434,2795,5,0.00988,0.0,172.41,5.17,205.11
8435,2795,5,0.00982,0.01,169.31,11.24,213.25
8436,2795,5,0.00946,150.07,93.72,172.47,106.72
8437,2795,5,0.00795,0.24,136.29,33.66,154.07
8438,2795,5,0.00712,0.05,148.5,21.5,165.83
8439,2795,5,0.00539,306.83,59.99,347.53,85.39
8440,2795,5,0.00444,0.09,162.8,21.96,201.69
8441,2795,5,0.0043,38.26,120.5,74.05,137.12
8442,2795,5,0.00426,477.08,156.95,489.0,199.63
8443,2795,5,0.004,479.78,152.26,489.0,172.62
8444,2795,5,0.00348,307.14,36.06,350.9,84.55
8445,2795,5,0.00344,311.46,68.46,349.33,85.23
8446,2795,5,0.00327,186.01,66.81,242.59,88.26
8447,2795,5,0.00325,271.85,161.36,288.25,169.62
8448,2795,5,0.00296,59.34,44.51,84.28,59.35
8449,2795,5,0.00238,465.49,56.86,488.95,79.98
8450,2795,5,0.00213,317.78,57.9,351.43,73.03
8451,2795,5,0.00203,91.95,119.12,111.74,129.51
8452,2795,5,0.00192,403.55,110.42,448.27,127.92
8453,2795,14,0.00183,0.04,142.42,20.35,165.32
8454,2795,5,0.0017,175.26,72.14,227.23,90.42
8455,2795,5,0.00164,198.94,63.91,247.27,91.52
8456,2795,5,0.00164,372.71,117.95,410.57,134.51
8457,2795,5,0.00148,415.41,54.58,466.76,71.06
8458,2795,5,0.00121,0.01,188.23,4.3,214.18
8459,2795,5,0.00121,122.15,86.79,169.85,108.68
8460,2795,5,0.00118,0.01,163.22,6.35,187.19
8461,2795,5,0.00107,339.07,84.43,378.71,99.57
8462,2798,8,0.89341,270.11,66.37,331.18,138.93
8463,2798,14,0.8351,136.29,68.84,188.59,182.06
8464,2798,8,0.83203,351.21,90.65,467.24,168.29
8465,2798,5,0.82841,373.67,21.21,473.09,51.91
8466,2798,14,0.65305,7.29,52.77,73.86,226.96
8467,2798,5,0.63694,118.02,29.07,240.12,59.13
8468,2798,14,0.52647,357.03,0.98,376.3,31.74
8469,2798,8,0.09882,453.9,46.46,481.0,194.95
8470,2798,8,0.05805,166.32,81.3,250.7,176.42
8471,2798,14,0.0395,470.69,24.24,481.0,106.14
8472,2798,8,0.03335,462.18,74.07,481.0,195.36
8473,2798,5,0.03312,120.71,16.56,270.76,59.15
8474,2798,8,0.01508,328.15,76.84,349.08,137.01
8475,2798,8,0.01031,2.0,29.31,140.3,180.93
8476,2798,8,0.00798,0.64,37.6,80.3,184.11
8477,2798,14,0.00746,469.85,21.93,481.0,154.75
8478,2798,14,0.00695,463.21,29.46,481.0,94.58
8479,2798,14,0.00661,414.65,0.48,432.72,17.27
8480,2798,5,0.00588,119.71,26.09,266.25,100.02
8481,2798,14,0.00529,363.23,0.76,375.02,30.98
8482,2798,8,0.00521,128.87,66.57,191.86,180.08
8483,2798,14,0.00518,457.57,24.09,481.0,161.64
8484,2798,14,0.00488,470.77,0.44,481.0,48.84
8485,2798,14,0.00303,15.71,75.91,51.75,219.47
8486,2798,8,0.00194,1.85,32.96,105.96,133.84
8487,2798,14,0.00193,474.1,38.67,481.0,105.48
8488,2798,14,0.00191,26.56,57.02,71.17,211.55
8489,2798,5,0.00129,169.85,10.07,276.26,61.75
8490,2798,14,0.00112,474.24,2.06,481.0,42.17
8491,2798,8,0.00102,127.13,67.73,251.17,180.44
8492,2799,14,0.31054,124.92,91.12,146.21,138.98
8493,2799,5,0.16427,0.59,88.79,21.65,106.27
8494,2799,14,0.00389,73.72,92.24,87.11,126.21
8495,2799,5,0.00263,0.01,90.5,3.47,106.95
8496,2799,14,0.00194,39.55,91.39,48.74,113.74
8497,2799,5,0.0013,334.93,138.54,361.4,160.83
8498,2799,8,0.00113,0.01,88.46,4.31,125.62
8499,2799,14,0.00107,353.96,134.89,379.98,157.62
8500,2800,10,0.89307,282.73,124.75,306.01,146.18
8501,2800,9,0.87678,187.08,111.36,207.33,133.91
8502,2800,17,0.85581,164.47,156.54,185.05,181.45
8503,2800,17,0.77566,62.21,126.7,81.15,144.34
8504,2800,9,0.42984,62.18,126.61,81.27,144.41
8505,2800,6,0.00899,0.01,173.99,7.36,214.02
8506,2800,10,0.00517,271.55,203.62,306.64,237.23
8507,2800,10,0.0018,164.53,156.66,185.11,181.5
8508,2801,14,0.87918,136.34,123.55,158.27,215.68
8509,2801,5,0.84412,306.04,133.73,436.97,185.0
8510,2801,5,0.75756,462.83,119.82,500.0,181.48
8511,2801,5,0.00508,478.93,108.25,500.0,184.47
8512,2801,14,0.00119,477.54,117.21,500.0,178.99
8513,2804,9,0.89306,328.5,109.25,346.62,132.19
8514,2804,10,0.88584,414.84,113.11,433.82,132.97
8515,2804,10,0.87728,419.52,49.85,437.66,67.06
8516,2804,9,0.87661,330.55,168.28,347.83,189.23
8517,2804,17,0.86826,231.02,151.78,247.28,167.62
8518,2804,4,0.02301,429.26,198.35,456.47,226.7
8519,2820,4,0.87478,155.52,62.86,250.38,107.8
8520,2820,13,0.85495,221.75,130.07,272.03,182.68
8521,2820,1,0.84738,399.49,53.23,447.59,101.69
8522,2820,14,0.03715,269.74,2.45,379.34,165.05
8523,2820,14,0.01542,303.72,0.12,405.84,83.12
8524,2820,14,0.00992,287.33,2.88,379.33,99.83
8525,2820,8,0.00559,399.93,52.23,449.32,102.44
8526,2820,5,0.00316,2.68,0.76,258.13,177.95
8527,2820,5,0.00299,86.87,0.66,258.6,108.12
8528,2820,5,0.00133,154.14,0.46,387.82,185.53
8529,2822,3,0.89955,261.85,165.86,310.16,229.67
8530,2822,13,0.87608,390.3,130.92,428.12,170.68
8531,2822,3,0.87469,322.4,91.31,354.02,129.05
8532,2822,1,0.84807,336.93,162.25,379.31,205.4
8533,2822,3,0.80348,263.95,124.08,336.75,154.67
8534,2824,7,0.86818,117.02,80.98,145.17,112.11
8535,2824,2,0.65315,81.04,28.0,122.04,54.34
8536,2824,6,0.01665,470.55,84.47,481.0,154.79
8537,2824,6,0.00335,473.06,111.47,481.0,153.19
8538,2824,7,0.00226,126.17,95.96,144.69,111.98
8539,2825,7,0.85688,194.32,197.26,219.14,223.96
8540,2825,7,0.83237,271.78,111.34,307.18,134.74
8541,2825,17,0.00559,138.6,144.66,156.09,161.41
8542,2825,14,0.0013,244.16,65.74,253.91,95.86
8543,2826,14,0.6223,19.27,0.21,36.37,40.49
8544,2826,7,0.00858,317.47,0.48,346.64,13.73
8545,2826,17,0.00553,305.65,30.94,317.48,41.99
8546,2826,14,0.00212,13.45,15.68,36.94,42.04
8547,2830,2,0.86018,387.37,152.89,407.48,182.03
8548,2833,7,0.83878,333.23,199.19,357.96,225.64
8549,2833,7,0.82129,411.91,113.55,447.88,134.83
8550,2833,17,0.00123,466.16,183.69,485.72,207.19
8551,2835,2,0.85422,84.86,133.41,110.03,160.04
8552,2835,2,0.82422,201.72,130.73,230.79,155.83
8553,2837,10,0.87629,315.01,165.7,331.09,179.22
8554,2837,17,0.87381,288.13,193.36,302.74,209.77
8555,2837,17,0.86426,354.41,210.77,367.51,224.26
8556,2837,10,0.86165,291.38,173.36,305.27,188.39
8557,2837,17,0.8432,377.2,201.49,390.2,215.0
8558,2837,11,0.83933,355.91,168.23,372.23,180.87
8559,2837,11,0.79593,333.4,190.33,348.3,205.42
8560,2837,9,0.37843,309.27,207.5,325.37,222.09
8561,2837,17,0.32963,309.4,207.67,325.47,222.11
8562,2837,9,0.00765,288.35,193.0,303.22,209.43
8563,2839,2,0.88497,292.06,190.25,323.38,212.25
8564,2839,2,0.84058,131.44,160.86,153.8,188.76
8565,2841,17,0.8109,36.95,152.73,62.45,174.95
8566,2841,17,0.66758,180.65,164.18,206.09,186.87
8567,2841,2,0.16368,180.7,164.59,205.79,186.83
8568,2841,17,0.00359,87.15,152.26,104.1,162.67
8569,2844,12,0.88749,162.94,143.13,201.11,175.73
8570,2844,12,0.88729,229.13,134.79,271.72,176.21
8571,2844,12,0.88518,365.26,148.62,405.73,186.87
8572,2844,12,0.88217,318.85,110.83,356.2,144.65
8573,2844,12,0.84526,221.14,177.59,261.29,211.78
8574,2844,12,0.30228,169.98,113.81,219.73,144.07
8575,2844,12,0.15601,129.64,142.89,160.98,172.27
8576,2844,14,0.00695,474.88,65.11,487.0,135.6
8577,2844,12,0.00285,218.91,179.38,264.93,226.87
8578,2844,12,0.00231,224.98,171.88,251.08,181.77
8579,2844,12,0.00174,224.52,175.83,256.46,186.13
8580,2844,12,0.00121,129.22,138.43,183.16,171.66
8581,2844,12,0.00116,168.03,133.35,195.98,149.4
8582,2844,14,0.00108,475.54,49.38,487.0,116.62
8583,2847,7,0.90664,172.22,39.64,239.23,86.67
8584,2847,7,0.90317,113.51,90.34,177.2,139.45
8585,2847,7,0.15407,46.74,116.1,135.24,178.9
8586,2847,7,0.00271,160.3,32.37,235.17,163.62
8587,2848,7,0.87428,208.09,31.66,248.35,63.22
8588,2848,7,0.09692,275.69,170.74,319.31,215.64
8589,2850,15,0.9282,245.64,87.52,284.43,134.77
8590,2851,7,0.8796,288.87,181.95,320.79,208.02
8591,2852,15,0.89222,52.75,180.99,71.51,200.53
8592,2852,15,0.0017,176.23,62.9,185.72,72.33
8593,2855,2,0.8591,192.54,33.25,215.03,60.38
8594,2855,2,0.83635,172.96,82.18,202.05,102.68
8595,2856,7,0.86604,129.98,54.73,154.91,74.35
8596,2856,2,0.61314,68.96,27.19,97.92,49.36
8597,2857,0,0.90761,301.83,76.61,333.88,109.94
8598,2857,0,0.90253,124.36,105.25,158.52,139.19
8599,2857,3,0.90086,144.97,168.45,222.99,210.03
8600,2857,13,0.90033,213.76,102.44,246.01,134.88
8601,2857,12,0.89985,306.07,33.41,336.15,60.38
8602,2857,3,0.88819,371.29,74.39,433.15,112.89
8603,2857,12,0.87796,204.41,32.74,233.09,58.2
8604,2857,4,0.86599,200.75,71.44,269.08,93.35
8605,2857,1,0.85283,249.86,127.65,285.37,163.88
8606,2857,13,0.02428,306.0,33.17,336.34,60.64
8607,2859,17,0.81166,208.87,41.38,227.96,61.42
8608,2859,17,0.7348,128.52,40.0,147.85,60.82
8609,2859,17,0.43211,53.97,40.55,74.41,60.89
8610,2859,2,0.07645,51.14,40.51,74.84,60.87
8611,2859,2,0.06265,128.31,39.8,147.95,61.03
8612,2860,2,0.87339,123.61,67.93,139.37,89.14
8613,2860,2,0.85274,71.53,42.06,87.19,61.9
8614,2860,2,0.8423,192.93,47.57,207.76,66.53
8615,2860,2,0.83363,114.95,27.4,129.59,45.87
8616,2864,4,0.85155,222.58,76.1,318.0,139.06
8617,2864,12,0.13943,0.0,139.1,6.23,196.87
8618,2864,12,0.02863,0.02,138.14,8.29,211.36
8619,2864,12,0.0275,0.0,142.06,5.17,220.82
8620,2864,12,0.01704,0.0,137.58,11.4,193.34
8621,2864,11,0.00778,317.75,0.88,332.44,8.39
8622,2864,3,0.00538,224.57,76.53,317.55,136.16
8623,2864,3,0.00233,494.58,137.71,508.0,188.31
8624,2864,13,0.0023,0.01,216.3,3.69,246.0
8625,2864,3,0.00199,0.01,135.19,7.82,194.38
8626,2864,0,0.00197,0.0,206.37,3.87,246.0
8627,2864,12,0.00109,397.76,165.17,431.01,209.0
8628,2864,12,0.00109,0.0,218.02,3.74,246.0
8629,2864,9,0.00108,477.18,64.35,502.16,83.32
8630,2865,15,0.88719,186.16,123.46,211.64,153.3
8631,2865,6,0.88487,71.72,55.52,137.63,100.73
8632,2866,17,0.81903,43.18,151.74,61.97,169.69
8633,2866,2,0.16347,342.04,56.74,361.56,78.28
8634,2866,17,0.04727,169.02,184.08,197.03,204.94
8635,2866,17,0.04235,485.01,23.99,489.0,40.02
8636,2866,17,0.01418,236.1,70.35,252.53,90.97
8637,2866,17,0.00731,484.31,24.05,489.0,50.61
8638,2866,17,0.00292,472.47,30.98,489.0,52.56
8639,2866,17,0.00266,482.82,21.08,489.0,40.04
8640,2866,17,0.00117,267.71,61.61,287.31,85.31
8641,2866,2,0.00108,484.85,74.33,489.0,108.48
8642,2871,10,0.88905,303.74,220.89,322.96,243.88
8643,2871,9,0.88359,417.68,201.37,436.81,221.1
8644,2871,17,0.87658,424.9,140.24,441.24,154.05
8645,2871,9,0.57337,336.55,171.11,353.53,184.39
8646,2871,17,0.0072,191.41,137.19,198.53,147.71
8647,2871,14,0.00366,185.98,235.64,193.05,249.83
8648,2871,17,0.00162,336.23,171.2,353.49,184.23
8649,2871,10,0.00121,417.79,201.43,436.6,220.97
8650,2877,17,0.8562,204.63,179.45,219.36,195.38
8651,2877,17,0.73474,198.61,207.73,214.67,225.25
8652,2877,2,0.61422,154.12,178.87,172.32,195.24
8653,2877,9,0.01352,211.8,148.95,232.84,164.93
8654,2877,2,0.00111,211.95,148.58,232.54,165.22
8655,2877,2,0.00106,264.84,173.77,280.62,189.32
8656,2879,3,0.90253,151.02,13.61,190.2,89.17
8657,2879,3,0.89122,174.78,164.55,224.76,228.33
8658,2879,3,0.87181,180.18,102.62,239.81,158.13
8659,2879,13,0.87008,84.42,122.41,118.46,156.83
8660,2879,1,0.83677,102.22,59.3,136.71,96.15
8661,2880,7,0.90658,74.99,91.71,156.06,142.86
8662,2880,7,0.89593,271.42,106.24,366.84,158.64
8663,2882,15,0.91819,58.17,60.79,89.66,96.92
8664,2882,15,0.91254,230.73,37.69,258.47,67.89
8665,2882,14,0.00154,0.0,155.26,10.93,213.34
8666,2889,15,0.81616,252.92,34.78,314.33,110.17
8667,2889,14,0.03215,481.48,66.62,500.0,163.65
8668,2889,15,0.00398,276.74,33.88,314.2,105.46
8669,2889,14,0.00291,315.05,100.77,335.21,147.78
8670,2889,15,0.00135,487.48,59.64,500.0,165.23
8671,2891,10,0.86977,251.67,61.45,269.25,76.19
8672,2891,9,0.85573,336.89,64.55,353.41,79.33
8673,2891,10,0.85436,327.23,20.84,342.11,34.9
8674,2891,17,0.85003,306.9,46.13,321.06,59.49
8675,2891,17,0.84319,283.27,52.46,297.57,66.33
8676,2891,11,0.84131,371.72,82.36,389.76,97.91
8677,2891,17,0.82945,299.34,81.07,317.69,98.04
8678,2891,8,0.00122,138.26,13.46,179.67,58.71
8679,2892,10,0.87764,354.81,85.15,386.43,110.22
8680,2892,10,0.87398,254.14,65.55,278.7,90.71
8681,2892,11,0.78943,342.7,39.63,371.71,64.32
8682,2892,11,0.4008,285.84,109.83,317.61,133.32
8683,2892,9,0.00278,285.77,110.03,317.25,133.43
8684,2893,10,0.87825,463.44,104.13,475.21,114.06
8685,2893,10,0.83673,388.46,97.11,400.09,107.61
8686,2893,11,0.80797,420.28,131.02,429.85,141.15
8687,2893,9,0.79844,388.26,113.15,402.59,123.48
8688,2893,17,0.71302,424.81,119.29,435.4,129.11
8689,2893,17,0.57614,411.43,101.94,420.95,111.47
8690,2893,9,0.31107,433.29,108.32,443.1,118.09
8691,2893,17,0.28866,433.42,108.68,443.0,118.05
8692,2893,10,0.22942,420.3,130.74,429.85,141.17
8693,2894,7,0.81078,389.1,26.42,427.4,57.9
8694,2894,7,0.73285,370.35,109.43,404.82,130.87
8695,2894,17,0.00168,495.78,148.64,499.0,175.09
8696,2895,5,0.84368,375.87,165.13,499.19,220.2
8697,2895,14,0.82854,45.9,150.21,76.96,235.89
8698,2895,14,0.81283,325.08,128.74,390.87,256.0
8699,2895,5,0.79802,210.21,162.19,338.23,214.79
8700,2895,14,0.02046,32.81,176.32,52.55,217.58
8701,2895,5,0.01417,124.29,171.38,186.9,206.82
8702,2895,5,0.00874,492.68,170.05,500.0,218.96
8703,2895,8,0.00265,30.73,153.07,93.48,224.84
8704,2895,5,0.00214,356.45,150.0,429.73,202.33
8705,2895,14,0.00165,0.0,185.0,4.31,236.21
8706,2904,9,0.88727,146.5,96.98,167.45,113.16
8707,2904,10,0.885,52.09,118.78,72.71,136.61
8708,2904,10,0.86348,103.53,46.94,119.8,63.47
8709,2904,11,0.83989,198.4,108.41,220.72,124.29
8710,2904,17,0.83406,80.24,98.25,96.57,114.17
8711,2904,17,0.83169,124.61,127.42,143.83,148.46
8712,2904,17,0.82827,97.56,82.88,113.05,98.23
8713,2905,0,0.87391,379.39,98.02,423.18,142.52
8714,2905,0,0.87308,241.67,20.08,274.9,53.72
8715,2905,12,0.86574,259.54,122.23,294.68,156.18
8716,2905,12,0.84656,359.83,11.34,396.82,48.7
8717,2905,3,0.83942,157.11,91.02,209.84,151.83
8718,2905,3,0.82202,228.23,188.33,306.38,238.16
8719,2905,3,0.81636,278.48,49.96,326.77,96.01
8720,2907,6,0.87959,53.6,165.33,125.36,199.49
8721,2907,15,0.84491,181.36,164.34,203.29,187.85
8722,2908,15,0.88016,199.44,201.58,231.98,234.51
8723,2908,15,0.86113,300.43,191.62,325.68,220.1
8724,2908,15,0.86025,226.78,169.83,246.89,192.83
8725,2910,10,0.88383,71.47,134.88,94.53,157.33
8726,2910,10,0.8826,49.9,165.99,71.27,189.78
8727,2910,17,0.87191,203.32,162.84,222.39,182.58
8728,2910,11,0.86071,127.44,116.7,154.06,135.6
8729,2910,11,0.85404,133.04,167.86,154.84,193.57
8730,2910,9,0.8255,123.3,216.69,150.66,240.37
8731,2910,17,0.82075,187.82,193.45,207.96,214.28
8732,2910,17,0.74827,74.63,205.81,98.85,233.38
8733,2910,9,0.44429,74.48,205.86,98.79,233.36
8734,2910,9,0.27598,187.71,193.45,207.99,214.3
8735,2910,6,0.00104,447.0,93.61,502.0,177.61
8736,2911,13,0.87538,379.56,100.81,426.11,144.8
8737,2911,12,0.69321,268.15,82.81,305.23,118.82
8738,2911,13,0.01477,267.9,83.09,305.18,119.18
8739,2913,15,0.88911,179.49,118.7,219.3,153.68
8740,2913,15,0.88828,256.39,44.89,292.6,82.18
8741,2913,7,0.88294,335.88,130.64,371.81,161.87
8742,2913,7,0.87492,89.18,109.06,120.61,143.12
8743,2913,0,0.06045,260.78,140.81,275.72,158.46
8744,2914,4,0.88915,303.16,105.82,367.8,136.65
8745,2914,13,0.87435,273.49,162.04,305.46,194.4
8746,2914,1,0.85021,381.24,153.81,414.62,187.51
8747,2915,17,0.76325,275.67,81.59,295.18,102.44
8748,2915,17,0.72726,416.57,98.96,437.16,119.66
8749,2915,2,0.69376,345.68,91.28,372.16,114.94
8750,2915,2,0.59249,414.79,99.03,437.43,120.09
8751,2915,2,0.10531,275.75,81.27,295.14,102.49
8752,2917,16,0.81731,48.07,152.95,61.84,172.18
8753,2917,8,0.81131,266.73,130.38,281.95,155.37
8754,2917,16,0.80141,7.9,155.28,22.05,177.37
8755,2917,16,0.78443,22.33,155.01,37.18,175.63
8756,2917,16,0.75923,35.52,153.37,47.99,173.63
8757,2917,16,0.73885,0.0,155.45,8.13,179.09
8758,2917,8,0.69888,301.43,127.67,315.2,157.56
8759,2917,16,0.69709,61.62,151.82,73.03,170.79
8760,2917,16,0.67714,109.78,149.53,118.41,164.81
8761,2917,16,0.67561,161.12,142.77,170.43,152.61
8762,2917,16,0.65966,92.26,149.74,102.79,166.52
8763,2917,16,0.65395,82.8,149.68,92.76,167.94
8764,2917,16,0.6536,117.64,149.32,127.03,164.35
8765,2917,16,0.62995,72.7,150.73,83.32,169.45
8766,2917,16,0.57367,102.41,149.69,110.2,165.5
8767,2917,16,0.56732,124.81,141.73,133.34,151.42
8768,2917,8,0.49425,314.31,126.64,329.99,154.48
8769,2917,14,0.20165,301.88,127.17,314.3,138.92
8770,2917,16,0.14939,122.34,145.71,130.47,155.42
8771,2917,16,0.12559,114.05,148.39,123.88,164.01
8772,2917,16,0.12324,170.63,138.25,179.39,147.09
8773,2917,16,0.08281,126.69,142.94,136.5,151.34
8774,2917,8,0.06284,280.83,133.51,289.97,149.03
8775,2917,16,0.04428,98.78,148.77,109.35,165.28
8776,2917,16,0.02713,170.02,141.46,177.42,150.29
8777,2917,16,0.02627,0.0,134.69,2.86,150.89
8778,2917,8,0.02475,259.57,133.84,269.54,149.79
8779,2917,16,0.01796,201.66,144.56,208.95,157.94
8780,2917,16,0.01441,127.2,148.31,138.61,163.74
8781,2917,16,0.01384,123.89,145.04,133.0,152.47
8782,2917,16,0.01006,0.05,160.28,3.47,180.84
8783,2917,16,0.00921,122.85,150.79,130.64,164.44
8784,2917,16,0.00908,207.58,154.74,216.65,164.05
8785,2917,16,0.00608,151.48,143.1,167.26,152.68
8786,2917,16,0.00551,165.19,136.52,172.83,143.1
8787,2917,5,0.00544,313.61,123.15,329.63,138.25
8788,2917,16,0.0054,203.73,153.46,214.71,163.7
8789,2917,8,0.00518,301.09,127.28,314.57,143.51
8790,2917,8,0.00511,262.9,132.7,273.3,151.16
8791,2917,16,0.00403,126.26,152.59,136.22,164.1
8792,2917,16,0.00397,204.05,145.73,212.11,157.94
8793,2917,16,0.00347,169.99,144.61,176.77,153.5
8794,2917,8,0.00341,263.44,132.58,270.23,149.37
8795,2917,16,0.00327,129.8,145.05,137.9,153.02
8796,2917,16,0.00303,201.44,153.56,210.01,162.73
8797,2917,16,0.00295,129.81,153.26,137.64,164.16
8798,2917,16,0.00264,170.75,136.11,180.8,150.21
8799,2917,16,0.00215,167.64,141.3,174.21,151.47
8800,2917,14,0.00214,312.12,124.39,326.92,137.58
8801,2917,8,0.00194,300.37,132.18,312.26,155.71
8802,2917,16,0.00173,0.02,139.19,3.32,157.9
8803,2917,16,0.00171,242.93,144.06,250.53,153.34
8804,2917,8,0.00156,314.16,124.72,329.54,141.63
8805,2917,5,0.00153,11.66,151.03,67.46,175.17
8806,2917,16,0.00152,0.08,152.49,5.07,171.14
8807,2917,8,0.0014,266.64,129.87,281.8,143.26
8808,2917,8,0.00136,289.37,132.8,298.0,149.1
8809,2917,16,0.00128,116.34,145.16,124.75,155.2
8810,2917,16,0.00125,192.43,157.9,198.9,164.8
8811,2917,16,0.00119,102.29,158.54,109.58,168.35
8812,2917,8,0.00116,259.15,137.73,269.02,153.89
8813,2919,15,0.90026,203.89,157.99,223.25,176.34
8814,2919,15,0.88041,154.3,155.58,169.17,171.69
8815,2919,5,0.00271,349.89,168.38,466.13,235.99
8816,2920,17,0.88671,277.96,194.07,297.17,212.46
8817,2920,9,0.77687,159.32,176.97,183.63,194.28
8818,2920,9,0.67471,241.56,135.55,261.82,150.41
8819,2920,10,0.40797,150.88,106.2,171.73,124.1
8820,2920,9,0.38415,150.8,106.18,171.7,123.85
8821,2920,10,0.09519,278.01,194.1,297.04,212.56
8822,2922,2,0.89363,175.67,59.09,205.44,95.89
8823,2922,2,0.88761,63.14,90.42,104.59,120.32
8824,2922,17,0.7184,90.6,38.73,107.99,54.3
8825,2923,14,0.87049,205.49,118.26,245.92,211.72
8826,2923,14,0.82489,257.47,111.14,294.99,204.71
8827,2923,14,0.0053,214.82,118.79,235.55,139.2
8828,2923,7,0.00154,330.98,5.5,348.76,21.74
8829,2925,2,0.89715,193.44,24.58,223.47,65.26
8830,2925,17,0.80383,217.98,91.41,235.87,109.69
8831,2925,17,0.79387,287.56,47.51,305.48,64.98
8832,2925,2,0.03905,168.76,89.89,241.99,141.04
8833,2926,7,0.84702,262.44,63.34,280.75,82.47
8834,2926,15,0.82878,314.47,63.46,335.89,80.75
8835,2926,7,0.81635,403.52,57.12,426.36,73.61
8836,2926,15,0.81222,351.08,20.71,372.16,42.91
8837,2926,7,0.23553,314.39,63.61,335.17,80.67
8838,2926,7,0.06071,283.21,32.4,297.06,43.81
8839,2926,7,0.04004,262.25,84.7,282.06,98.72
8840,2926,17,0.00183,262.24,84.92,282.83,99.35
8841,2927,2,0.87241,154.36,40.68,184.6,70.39
8842,2927,2,0.77581,274.3,35.84,297.88,57.51
8843,2927,2,0.00142,496.61,70.05,502.0,95.79
8844,2927,2,0.00123,497.1,105.54,502.0,128.13
8845,2928,7,0.00105,125.46,41.77,238.38,186.27
8846,2933,10,0.87754,244.5,117.55,259.88,132.89
8847,2933,9,0.86685,202.73,151.02,220.44,166.24
8848,2933,10,0.84837,201.41,99.4,217.39,113.62
8849,2933,9,0.80184,248.66,161.51,265.94,175.92
8850,2933,17,0.75117,187.96,197.93,202.84,212.81
8851,2933,17,0.04817,248.74,161.69,265.89,175.87
8852,2935,10,0.88572,65.41,71.97,88.39,90.09
8853,2935,10,0.88069,206.36,107.56,228.48,126.34
8854,2935,9,0.88031,160.02,53.64,178.75,70.67
8855,2935,9,0.8751,216.81,66.44,239.66,84.76
8856,2935,11,0.85241,185.01,25.5,200.61,40.23
8857,2935,17,0.84506,128.39,86.55,145.58,103.2
8858,2935,17,0.8372,168.88,92.09,186.46,109.09
8859,2946,10,0.87763,97.72,61.71,111.72,75.84
8860,2946,10,0.85655,177.28,92.37,193.62,106.34
8861,2946,9,0.85036,103.24,101.44,119.07,114.98
8862,2946,17,0.8482,117.29,74.44,129.87,87.12
8863,2946,9,0.84053,67.86,83.36,84.62,96.29
8864,2946,11,0.81788,69.16,115.71,85.72,129.87
8865,2946,17,0.56313,140.18,89.55,153.05,101.71
8866,2946,9,0.4506,140.1,89.5,153.05,101.62
8867,2946,17,0.0087,67.72,83.2,84.79,96.2
8868,2946,17,0.00103,103.17,101.68,119.28,115.1
8869,2951,7,0.85906,384.15,107.18,406.93,124.97
8870,2951,15,0.82246,292.4,123.92,313.99,142.22
8871,2951,15,0.80485,316.19,75.24,340.94,98.22
8872,2951,7,0.69755,236.81,129.8,254.97,150.06
8873,2951,17,0.12128,236.92,129.81,254.98,149.19
8874,2951,7,0.01961,244.98,94.32,259.54,107.15
8875,2951,5,0.00205,18.97,112.27,54.34,131.66
8876,2951,17,0.0015,395.07,138.33,411.56,150.16
8877,2951,5,0.00148,0.03,73.57,20.4,107.2
8878,2951,5,0.00131,0.47,90.06,19.69,98.78
8879,2953,8,0.85824,390.38,152.59,454.81,198.53
8880,2953,8,0.82624,366.0,156.76,400.61,193.78
8881,2953,8,0.79214,344.64,151.55,377.74,189.65
8882,2953,8,0.78217,292.29,150.43,321.84,183.38
8883,2953,8,0.77781,312.2,152.94,355.5,187.24
8884,2953,14,0.75242,70.54,117.91,96.4,153.73
8885,2953,14,0.72126,103.73,117.03,129.09,159.12
8886,2953,14,0.08418,260.73,126.2,288.28,184.62
8887,2953,5,0.03318,0.01,134.32,3.11,150.12
8888,2953,8,0.02986,0.0,134.69,3.43,151.49
8889,2953,8,0.01954,331.8,152.42,355.35,185.87
8890,2953,8,0.01778,481.17,151.31,488.0,179.82
8891,2953,14,0.01651,0.01,131.39,4.6,158.39
8892,2953,8,0.01286,0.0,130.4,3.37,163.24
8893,2953,14,0.01049,0.0,125.29,7.71,151.14
8894,2953,14,0.01032,0.0,127.34,3.26,150.28
8895,2953,8,0.01018,0.0,132.54,6.85,152.47
8896,2953,5,0.0083,0.0,129.77,7.25,150.86
8897,2953,8,0.00815,476.71,145.25,488.0,187.61
8898,2953,14,0.00781,145.89,133.46,164.0,157.24
8899,2953,14,0.00761,0.0,116.44,3.51,149.07
8900,2953,8,0.00582,111.76,153.28,199.18,202.06
8901,2953,14,0.00468,481.05,144.1,488.0,201.52
8902,2953,8,0.00427,417.69,152.28,455.11,198.24
8903,2953,8,0.00394,0.07,128.32,7.02,166.76
8904,2953,8,0.00349,471.39,142.76,488.0,202.41
8905,2953,14,0.00324,476.44,138.98,488.0,216.51
8906,2953,14,0.00261,107.83,116.83,128.73,145.63
8907,2953,14,0.00162,395.03,149.56,430.17,189.26
8908,2953,14,0.00161,466.45,138.15,488.0,217.85
8909,2953,8,0.00153,80.02,113.54,149.8,184.54
8910,2953,16,0.00125,127.96,149.54,151.26,168.26
8911,2953,8,0.00125,477.65,139.73,488.0,212.32
8912,2953,8,0.00123,249.09,124.8,320.48,183.3
8913,2953,8,0.00112,424.23,152.21,452.78,183.18
8914,2953,14,0.00111,0.0,115.36,5.75,152.34
8915,2953,8,0.00109,60.18,114.41,140.51,170.26
8916,2953,8,0.00107,95.39,106.26,162.99,202.41
8917,2953,14,0.00104,375.85,140.36,396.73,166.48
8918,2955,9,0.90247,130.39,135.81,153.21,156.26
8919,2955,10,0.89818,242.54,132.14,264.84,153.59
8920,2955,10,0.88018,142.19,31.99,161.3,54.18
8921,2955,17,0.87303,164.48,70.24,181.76,87.5
8922,2955,17,0.86789,192.84,105.44,210.2,122.64
8923,2955,11,0.86695,74.68,170.18,98.14,192.88
8924,2955,17,0.77467,88.97,85.13,110.95,105.92
8925,2955,9,0.38002,88.99,84.99,110.87,105.79
8926,2956,0,0.88409,48.47,112.26,93.04,157.48
8927,2956,1,0.7845,139.04,120.4,184.64,166.66
8928,2960,5,0.86128,407.64,166.15,499.92,226.45
8929,2960,14,0.82095,104.26,154.3,147.94,253.3
8930,2960,5,0.79982,248.81,176.59,379.97,226.08
8931,2960,5,0.00489,491.88,116.07,500.0,173.98
8932,2960,8,0.00256,490.43,117.13,500.0,173.5
8933,2960,5,0.00125,280.95,97.1,303.6,111.29
8934,2960,5,0.00114,311.61,76.65,330.84,83.99
8935,2962,2,0.87153,410.19,183.7,441.9,209.72
8936,2962,2,0.83748,300.66,188.19,320.54,214.54
8937,2962,2,0.00288,497.7,165.84,501.0,192.34
8938,2964,7,0.92238,219.68,22.46,279.36,57.62
8939,2964,7,0.91421,36.14,191.27,89.32,223.33
8940,2964,7,0.00288,0.02,43.22,24.2,97.82
8941,2968,2,0.84628,89.47,54.4,116.92,76.02
8942,2968,2,0.84198,55.84,29.08,75.18,53.72
8943,2968,2,0.60911,165.23,196.79,195.31,217.93
8944,2969,2,0.88735,201.0,115.63,229.98,153.05
8945,2969,7,0.86798,243.57,165.66,276.72,193.44
8946,2969,8,0.00239,342.91,16.18,374.43,42.66
8947,2972,5,0.93193,203.04,32.34,378.76,144.05
8948,2972,5,0.8154,407.44,53.71,453.55,84.67
8949,2972,8,0.49135,88.91,37.03,111.24,56.07
8950,2972,5,0.48198,123.2,33.97,137.9,48.87
8951,2972,14,0.34416,93.77,31.47,108.34,47.67
8952,2972,14,0.09003,68.21,32.32,74.75,45.13
8953,2972,14,0.04757,90.76,32.38,110.2,54.6
8954,2972,8,0.01659,91.54,34.08,110.27,50.52
8955,2972,5,0.01223,455.68,47.61,479.34,69.89
8956,2972,5,0.00551,153.69,36.96,171.66,53.09
8957,2972,8,0.00529,421.49,45.97,439.13,57.09
8958,2972,14,0.00235,503.0,35.85,507.0,99.48
8959,2972,8,0.00219,502.8,36.75,507.0,89.22
8960,2972,8,0.00128,499.44,35.65,507.0,92.32
8961,2973,11,0.90061,207.52,186.71,229.03,204.58
8962,2973,10,0.88398,224.72,130.23,243.91,146.13
8963,2973,10,0.87114,235.6,154.98,251.78,172.51
8964,2973,11,0.85958,167.16,147.77,186.36,165.97
8965,2973,9,0.8334,180.5,113.93,199.76,130.28
8966,2973,17,0.81798,120.7,149.96,136.01,165.52
8967,2973,17,0.79818,125.6,173.87,141.26,189.75
8968,2973,9,0.7783,146.21,121.63,164.64,137.76
8969,2981,7,0.86332,353.88,194.69,378.03,212.58
8970,2981,7,0.83087,332.81,128.35,356.43,145.68
8971,2981,17,0.0025,344.29,154.48,359.5,168.12
8972,2983,8,0.00809,218.12,110.09,237.5,133.55
8973,2983,6,0.00676,0.01,122.38,39.26,221.81
8974,2983,2,0.00199,208.96,110.06,237.95,136.77
8975,2983,6,0.00153,209.88,110.07,237.83,135.78
8976,2985,10,0.89562,397.88,20.82,421.69,43.22
8977,2985,9,0.87858,175.27,35.71,193.83,52.23
8978,2985,17,0.86229,278.92,59.66,299.48,84.34
8979,2985,9,0.85789,298.76,12.66,319.52,36.45
8980,2985,17,0.0209,175.52,35.99,193.84,52.05
8981,2985,4,0.00333,390.79,100.33,428.37,137.59
8982,2986,0,0.90811,254.89,153.54,301.6,197.28
8983,2986,1,0.87691,157.21,154.23,206.24,202.57
8984,2986,0,0.00326,158.53,154.72,205.21,201.35
8985,2987,2,0.89388,92.87,26.67,129.72,58.93
8986,2987,17,0.84294,170.34,56.65,187.96,74.59
8987,2987,17,0.81666,59.05,111.16,80.02,130.36
8988,2988,7,0.87914,229.9,140.51,255.11,163.09
8989,2988,7,0.87725,49.13,173.13,82.4,197.57
8990,2990,2,0.82616,201.14,39.68,221.08,67.47
8991,2990,2,0.00333,505.3,41.72,508.0,67.9
8992,2990,2,0.00121,499.62,144.8,508.0,173.7
8993,2993,7,0.85529,222.63,83.9,245.31,101.8
8994,2993,15,0.8253,158.48,47.87,182.84,71.41
8995,2993,7,0.8075,73.25,99.82,91.92,119.21
8996,2993,15,0.80437,130.77,95.85,152.31,114.3
8997,2993,7,0.19698,78.95,124.67,100.64,139.81
8998,2993,17,0.0016,78.28,124.39,99.9,139.95
8999,2997,15,0.87518,87.11,47.73,107.91,65.75
9000,2999,12,0.89232,299.41,120.79,335.69,154.15
9001,2999,12,0.8882,151.06,153.89,189.16,185.45
9002,2999,12,0.88463,345.19,157.24,386.96,196.33
9003,2999,12,0.87852,233.45,149.02,276.64,189.16
9004,2999,12,0.85922,202.5,187.79,243.2,223.42
9005,2999,12,0.81538,152.14,124.48,201.54,154.56
9006,2999,12,0.00469,191.55,140.36,239.46,189.53
9007,2999,12,0.00305,272.01,93.26,307.35,120.65
9008,2999,12,0.00282,152.46,146.05,187.06,160.92
9009,2999,12,0.00253,109.73,154.47,153.37,188.7
9010,3000,15,0.92003,313.66,10.51,340.99,40.55
9011,3000,15,0.91242,144.52,38.3,175.51,73.39
9012,3001,12,0.92381,72.95,105.47,108.68,138.48
9013,3001,0,0.91846,306.87,115.76,343.25,154.65
9014,3001,0,0.90523,124.69,53.37,160.42,88.99
9015,3001,12,0.90372,373.92,38.42,410.39,71.79
9016,3001,4,0.89845,240.85,29.51,314.29,76.88
9017,3001,13,0.87738,203.3,100.7,237.51,134.52
9018,3001,1,0.87683,194.97,172.02,233.56,209.4
9019,3001,3,0.87509,85.38,164.6,151.64,238.65
9020,3001,3,0.74686,371.79,139.24,422.24,234.93
9021,3001,3,0.3858,371.37,136.99,456.41,236.3
9022,3006,15,0.89787,18.24,7.03,37.52,24.63
9023,3006,15,0.88952,66.24,3.79,86.9,22.14
9024,3006,15,0.00347,314.55,127.39,320.77,135.78
9025,3006,14,0.00196,489.25,96.74,495.0,160.88
9026,3011,15,0.91614,95.99,53.71,115.87,72.58
9027,3011,15,0.89521,44.49,55.38,59.99,71.75
9028,3013,7,0.84938,226.28,93.38,266.19,125.6
9029,3013,7,0.79817,205.66,175.45,238.84,197.15
9030,3013,6,0.00149,470.05,79.06,492.0,190.35
9031,3016,15,0.86925,129.86,103.4,155.96,132.96
9032,3016,15,0.86176,25.78,109.37,59.27,142.37
9033,3016,15,0.85399,56.25,78.22,77.35,101.52
9034,3018,15,0.9189,59.65,147.51,109.61,204.41
9035,3018,15,0.91523,251.24,134.6,289.25,176.03
9036,3022,7,0.86264,380.08,142.29,411.98,169.42
9037,3022,15,0.01576,494.02,117.04,499.0,169.66
9038,3022,15,0.00271,495.92,130.47,499.0,168.29
9039,3022,15,0.00166,491.58,97.25,499.0,169.63
9040,3025,0,0.92366,433.52,138.49,480.98,186.85
9041,3025,1,0.79011,295.55,204.01,349.41,255.0
9042,3027,14,0.87912,150.76,120.6,179.82,186.7
9043,3027,14,0.82712,187.79,119.14,215.16,183.77
9044,3027,8,0.81786,362.69,117.72,383.69,141.9
9045,3027,8,0.79414,422.54,112.54,442.39,137.86
9046,3027,8,0.77504,326.49,120.01,351.95,144.32
9047,3027,8,0.77359,472.57,99.07,494.0,148.83
9048,3027,14,0.7623,0.0,143.56,19.13,195.14
9049,3027,14,0.72955,406.79,107.32,420.17,134.23
9050,3027,14,0.6848,453.24,103.17,468.51,134.52
9051,3027,14,0.60339,329.2,112.54,343.67,139.74
9052,3027,14,0.10094,476.84,91.61,494.0,137.51
9053,3027,14,0.09669,120.96,141.66,163.79,191.6
9054,3027,14,0.07853,341.8,114.08,350.51,129.4
9055,3027,14,0.02963,365.88,116.17,377.93,127.34
9056,3027,14,0.02441,341.39,118.26,351.53,134.96
9057,3027,14,0.01387,216.12,115.64,237.64,173.33
9058,3027,14,0.01246,0.0,141.83,7.81,190.81
9059,3027,14,0.0094,122.42,146.24,144.81,187.46
9060,3027,14,0.00768,367.47,112.62,375.88,123.17
9061,3027,14,0.00752,424.72,103.73,435.74,117.34
9062,3027,14,0.00607,0.0,137.15,5.15,155.23
9063,3027,14,0.00545,318.26,118.1,326.87,135.93
9064,3027,14,0.00514,266.53,121.71,276.82,144.73
9065,3027,14,0.00513,376.64,115.06,383.9,128.37
9066,3027,14,0.00453,422.33,112.45,442.42,138.11
9067,3027,8,0.00424,120.91,125.99,196.02,188.61
9068,3027,14,0.00397,365.75,110.64,375.05,125.81
9069,3027,14,0.00355,363.94,117.3,380.11,134.5
9070,3027,14,0.00315,196.46,126.44,215.15,171.74
9071,3027,14,0.00269,430.03,111.95,442.29,129.09
9072,3027,14,0.00254,123.92,145.18,141.49,174.4
9073,3027,14,0.00251,203.3,128.33,215.53,164.54
9074,3027,8,0.00248,318.62,118.7,327.77,136.04
9075,3027,8,0.00232,267.53,122.9,276.33,144.91
9076,3027,14,0.00219,124.79,122.78,178.25,189.86
9077,3027,8,0.00218,476.57,111.92,493.99,148.56
9078,3027,14,0.00197,204.37,129.54,215.77,151.64
9079,3027,8,0.00182,298.66,115.14,316.01,141.37
9080,3027,8,0.00159,165.31,117.92,228.95,185.53
9081,3027,14,0.00156,129.49,140.71,157.16,168.17
9082,3027,8,0.00151,180.02,115.28,244.12,184.99
9083,3027,14,0.00142,205.05,127.93,219.29,145.87
9084,3027,8,0.00138,314.23,118.95,324.07,137.64
9085,3027,14,0.00134,309.45,115.21,323.29,136.75
9086,3027,14,0.00126,314.34,118.48,324.34,137.09
9087,3027,14,0.00104,464.1,103.65,473.65,133.24
9088,3028,2,0.90005,306.52,103.37,335.85,139.28
9089,3028,2,0.88476,186.23,113.13,217.78,150.62
9090,3028,17,0.63857,223.39,83.34,239.49,97.45
9091,3028,2,0.50667,223.6,83.5,239.75,97.55
9092,3031,10,0.88095,133.01,1.37,148.36,14.96
9093,3031,10,0.87299,231.93,4.61,247.34,16.88
9094,3031,11,0.86264,171.43,52.39,184.55,67.35
9095,3031,9,0.84861,193.0,13.31,205.85,24.82
9096,3031,9,0.84409,180.04,32.07,194.02,46.04
9097,3031,17,0.84096,163.23,6.09,176.38,19.31
9098,3031,9,0.83537,130.72,27.23,149.44,40.99
9099,3031,17,0.00602,192.96,13.31,205.76,24.93
9100,3031,17,0.00303,180.16,31.97,193.97,46.02
9101,3038,5,0.89604,287.23,184.58,330.93,211.2
9102,3038,5,0.78621,76.97,162.08,103.38,177.77
9103,3038,5,0.76647,304.13,228.18,354.91,246.79
9104,3038,5,0.72,12.77,158.26,26.07,167.28
9105,3038,5,0.62957,36.97,159.41,46.16,168.22
9106,3038,5,0.6078,24.19,154.84,34.05,160.95
9107,3038,5,0.17002,11.91,156.95,26.24,164.0
9108,3038,5,0.04401,32.05,176.27,39.52,182.09
9109,3038,5,0.02583,11.0,154.03,23.35,161.14
9110,3038,5,0.01254,9.94,155.87,22.97,163.01
9111,3038,5,0.00561,32.34,174.15,39.46,181.08
9112,3038,5,0.00495,3.7,159.78,13.78,167.61
9113,3038,5,0.00441,31.26,156.49,37.75,162.22
9114,3038,5,0.00424,313.03,227.88,372.64,247.0
9115,3038,5,0.00248,37.17,165.87,47.65,173.29
9116,3038,5,0.00231,22.94,150.63,32.77,159.55
9117,3038,5,0.00229,33.01,234.15,52.13,246.92
9118,3038,5,0.00223,1.33,160.72,16.7,173.07
9119,3038,5,0.00217,229.26,169.41,259.96,186.21
9120,3038,5,0.00196,381.88,83.38,399.98,97.83
9121,3038,5,0.00193,3.31,162.22,14.09,169.95
9122,3038,5,0.00166,0.61,166.05,13.02,180.95
9123,3038,5,0.00151,9.8,165.93,24.35,174.56
9124,3038,5,0.0015,5.55,156.38,15.06,162.98
9125,3038,5,0.00143,14.8,158.64,32.33,167.36
9126,3038,5,0.00143,12.12,164.67,26.16,173.3
9127,3038,5,0.00142,37.91,160.07,53.15,168.81
9128,3038,5,0.00127,2.87,166.93,17.49,179.33
9129,3038,5,0.00126,23.7,158.29,32.19,164.41
9130,3041,4,0.82987,197.11,67.25,299.65,113.5
9131,3041,3,0.82108,191.74,148.01,313.15,211.42
9132,3041,3,0.70428,196.88,9.25,293.2,36.63
9133,3041,6,0.00161,472.5,55.63,503.0,158.73
9134,3041,6,0.00138,424.39,14.08,491.24,102.07
9135,3046,10,0.85707,441.18,62.81,453.24,73.14
9136,3046,10,0.83352,367.97,50.53,379.87,61.42
9137,3046,17,0.78013,390.37,57.7,399.95,66.72
9138,3046,9,0.77987,366.46,66.99,381.12,77.1
9139,3046,17,0.68687,402.48,75.27,412.95,84.89
9140,3046,17,0.39715,411.5,65.51,420.85,74.53
9141,3046,11,0.34807,397.17,86.37,407.4,96.56
9142,3046,10,0.17414,397.17,86.18,407.05,96.62
9143,3049,7,0.85763,115.12,141.56,142.82,172.6
9144,3049,2,0.78821,78.48,88.29,119.43,114.28
9145,3050,3,0.89525,214.04,130.96,262.8,188.56
9146,3050,3,0.8941,125.15,102.94,189.45,148.49
9147,3050,13,0.88932,109.46,183.33,153.28,228.52
9148,3050,3,0.87908,228.56,186.9,314.54,234.61
9149,3050,1,0.86415,98.95,134.01,138.76,175.16
9150,3053,2,0.8933,65.23,173.58,89.3,196.22
9151,3053,2,0.86901,171.21,165.59,193.03,186.22
9152,3053,2,0.86311,88.65,109.22,107.36,132.08
9153,3053,2,0.86066,185.05,108.07,204.07,127.4
9154,3054,15,0.91064,352.32,103.97,370.59,119.93
9155,3054,15,0.90394,396.73,96.17,417.31,113.79
9156,3058,14,0.87395,103.51,48.27,152.9,177.64
9157,3058,14,0.84992,219.0,58.19,260.36,162.9
9158,3058,14,0.81241,54.03,53.52,102.15,163.43
9159,3058,14,0.67081,393.35,83.39,410.39,122.11
9160,3058,14,0.08155,0.0,71.71,5.44,128.15
9161,3058,14,0.02314,0.0,76.21,8.69,128.28
9162,3061,11,0.80834,135.33,0.71,162.05,16.4
9163,3061,11,0.80798,85.57,40.84,108.67,65.12
9164,3061,17,0.48425,75.85,16.22,98.51,38.27
9165,3061,9,0.28524,152.58,14.28,174.47,39.7
9166,3061,9,0.05002,75.58,16.15,98.71,38.35
9167,3063,15,0.88486,312.26,39.65,333.07,57.28
9168,3063,15,0.02815,490.85,1.19,504.0,50.95
9169,3065,7,0.86131,52.07,116.29,81.65,143.88
9170,3065,7,0.85836,153.42,41.57,176.74,65.4
9171,3068,17,0.87655,163.83,216.01,183.26,235.17
9172,3068,9,0.83684,44.3,194.42,68.85,212.88
9173,3068,9,0.83297,131.42,156.08,151.48,170.69
9174,3068,10,0.51593,39.66,121.71,61.68,139.27
9175,3068,10,0.09981,163.96,215.71,183.44,235.22
9176,3068,9,0.02126,39.59,121.63,61.66,139.38
9177,3070,10,0.89035,212.99,204.24,232.65,225.2
9178,3070,9,0.88359,247.27,142.31,268.61,157.82
9179,3070,9,0.88321,276.22,178.19,296.88,199.71
9180,3070,10,0.86736,153.68,114.07,172.59,132.0
9181,3070,17,0.85306,204.43,173.69,221.73,191.01
9182,3070,11,0.84862,300.11,130.45,321.09,145.21
9183,3070,17,0.81973,188.52,151.98,205.47,168.44
9184,3071,10,0.88292,296.43,34.56,311.86,48.68
9185,3071,9,0.86916,189.04,18.26,205.9,31.47
9186,3071,9,0.86534,222.05,38.9,238.31,52.16
9187,3071,17,0.85148,238.16,12.35,250.76,25.08
9188,3071,10,0.84739,219.84,0.08,233.4,12.47
9189,3071,11,0.83358,188.82,51.04,205.02,63.33
9190,3071,17,0.81348,259.03,28.94,272.04,41.52
9191,3071,17,0.00145,189.12,18.47,205.96,31.67
9192,3073,1,0.813,242.34,27.91,280.68,67.55
9193,3073,4,0.70443,140.43,150.1,226.2,225.66
9194,3073,1,0.45162,375.29,73.66,414.71,114.21
9195,3073,13,0.24713,376.09,73.89,415.42,114.31
9196,3073,6,0.02317,406.15,134.99,439.68,150.64
9197,3073,8,0.00301,243.03,28.0,280.75,67.64
9198,3076,5,0.81406,246.68,94.67,293.7,122.8
9199,3076,5,0.76297,0.0,96.81,88.09,203.39
9200,3076,14,0.05287,319.0,99.6,330.2,121.61
9201,3076,7,0.01862,0.0,96.49,87.88,188.12
9202,3076,14,0.01412,131.7,70.13,159.7,102.82
9203,3076,8,0.01151,470.44,117.65,485.0,196.51
9204,3076,14,0.00828,169.3,70.6,183.65,102.61
9205,3076,8,0.0078,85.06,97.62,192.3,209.65
9206,3076,14,0.00527,479.67,107.29,485.0,134.23
9207,3076,14,0.00498,294.99,88.37,304.74,112.3
9208,3076,14,0.00462,473.08,107.56,485.0,134.47
9209,3076,14,0.00283,115.17,71.13,196.39,207.48
9210,3076,14,0.0023,475.84,139.23,485.0,190.94
9211,3076,14,0.00137,121.78,68.41,174.79,170.51
9212,3076,14,0.00135,471.62,112.97,485.0,150.27
9213,3076,14,0.00135,468.58,113.61,485.0,183.96
9214,3076,8,0.00126,0.0,68.05,8.16,95.31
9215,3076,8,0.00119,0.0,70.68,7.58,142.12
9216,3076,14,0.00115,480.09,111.64,485.0,172.83
9217,3076,14,0.00106,470.14,113.14,485.0,132.07
9218,3077,4,0.87027,312.12,58.76,363.39,100.18
9219,3077,13,0.81899,235.68,69.2,271.88,105.95
9220,3078,13,0.89656,247.65,140.28,286.44,179.57
9221,3078,3,0.8832,189.04,12.07,275.38,63.12
9222,3078,3,0.86106,303.95,23.66,346.25,100.87
9223,3078,3,0.85666,339.08,93.2,416.6,134.98
9224,3078,1,0.83369,204.19,80.74,242.8,120.86
9225,3079,13,0.85598,296.08,131.97,348.02,182.9
9226,3079,4,0.84704,136.35,117.85,233.72,198.33
9227,3079,1,0.74509,291.69,16.75,334.75,60.7
9228,3079,7,0.30285,246.19,121.33,264.91,138.6
9229,3079,6,0.04104,425.61,118.13,446.99,180.84
9230,3079,3,0.0333,424.5,100.03,447.0,180.63
9231,3079,2,0.02351,441.34,64.56,447.0,113.31
9232,3079,2,0.00917,0.0,61.59,5.41,97.37
9233,3079,17,0.00674,0.0,79.85,6.42,97.71
9234,3079,2,0.0046,0.0,74.18,7.17,97.36
9235,3079,2,0.004,434.49,59.24,447.0,113.42
9236,3079,8,0.00341,291.76,16.02,334.23,61.36
9237,3079,11,0.00178,295.96,133.48,348.07,182.13
9238,3079,14,0.00166,193.93,4.23,256.92,59.02
9239,3079,2,0.00127,433.66,126.48,447.0,179.21
9240,3079,2,0.00117,423.61,108.03,447.0,181.51
9241,3079,6,0.0011,426.82,146.76,447.0,181.06
9242,3079,2,0.00109,440.67,42.28,447.0,117.73
9243,3086,7,0.88042,298.71,32.89,339.35,64.53
9244,3086,7,0.66667,374.4,170.99,419.47,215.53
9245,3086,17,0.00886,388.18,183.87,418.9,210.13
9246,3086,17,0.00192,376.47,179.56,419.39,213.52
9247,3087,16,0.87294,173.56,212.34,256.59,255.5
9248,3087,14,0.86623,206.08,151.36,229.54,184.57
9249,3087,14,0.85271,22.73,115.1,58.52,161.86
9250,3087,14,0.81842,98.1,129.34,110.15,153.69
9251,3087,16,0.80792,252.47,192.62,279.11,211.03
9252,3087,14,0.80315,196.46,145.71,208.43,167.13
9253,3087,14,0.7814,80.22,119.79,95.14,154.4
9254,3087,14,0.7508,162.03,132.73,175.08,158.01
9255,3087,14,0.74177,120.96,131.33,136.9,163.16
9256,3087,16,0.66013,159.95,170.45,230.17,200.43
9257,3087,16,0.60214,127.3,168.62,234.05,198.77
9258,3087,14,0.59042,60.36,117.58,73.37,150.9
9259,3087,14,0.55329,0.02,138.71,5.18,156.9
9260,3087,14,0.49001,224.37,138.69,232.25,156.28
9261,3087,16,0.41142,59.4,159.74,165.39,192.76
9262,3087,16,0.36176,0.0,154.48,20.09,176.17
9263,3087,14,0.20896,250.25,139.69,269.36,165.73
9264,3087,16,0.19737,24.07,155.6,125.03,192.82
9265,3087,14,0.14375,222.18,137.45,230.39,155.51
9266,3087,14,0.13428,130.05,148.63,137.97,164.78
9267,3087,14,0.12815,220.51,136.64,227.5,157.01
9268,3087,16,0.06972,126.31,164.89,165.53,188.8
9269,3087,16,0.05837,0.0,153.71,61.43,185.29
9270,3087,16,0.04791,231.56,192.6,278.83,210.57
9271,3087,16,0.04296,0.17,154.55,87.08,191.67
9272,3087,14,0.03323,0.01,101.41,5.52,142.97
9273,3087,14,0.02974,0.01,138.82,6.76,168.83
9274,3087,14,0.02835,60.92,143.26,72.16,158.38
9275,3087,14,0.02622,64.0,118.12,75.06,137.42
9276,3087,14,0.02315,0.01,119.42,4.51,159.03
9277,3087,16,0.0176,86.74,164.1,185.52,194.17
9278,3087,14,0.01698,44.53,114.05,57.3,135.97
9279,3087,16,0.01565,209.17,219.96,289.06,255.75
9280,3087,16,0.01328,158.85,170.26,188.79,191.37
9281,3087,14,0.01314,0.35,139.58,12.77,157.05
9282,3087,16,0.01105,0.0,155.74,21.9,191.5
9283,3087,14,0.00881,21.94,139.86,37.68,171.89
9284,3087,14,0.00856,225.9,133.91,233.47,145.03
9285,3087,16,0.00728,227.31,227.5,298.67,256.0
9286,3087,16,0.00684,177.25,213.4,219.29,254.44
9287,3087,16,0.00646,60.62,157.05,117.81,189.31
9288,3087,16,0.0062,92.22,161.84,147.27,194.13
9289,3087,16,0.00604,212.47,184.89,278.96,209.56
9290,3087,16,0.00549,121.89,182.09,172.32,198.54
9291,3087,14,0.00414,218.01,134.05,224.81,156.09
9292,3087,14,0.00407,226.82,137.23,234.22,156.52
9293,3087,14,0.0038,224.74,131.23,232.97,142.26
9294,3087,16,0.00367,59.44,173.82,118.55,192.3
9295,3087,14,0.00365,258.12,108.11,270.22,129.13
9296,3087,16,0.00365,93.49,174.88,147.9,195.52
9297,3087,14,0.00346,137.17,131.95,145.71,150.36
9298,3087,16,0.00345,0.11,153.68,36.19,189.13
9299,3087,14,0.00321,58.84,144.68,70.48,160.34
9300,3087,16,0.00309,192.38,175.72,231.18,200.49
9301,3087,14,0.00302,134.76,160.25,144.67,168.37
9302,3087,14,0.003,222.11,142.36,229.74,161.33
9303,3087,16,0.00297,200.57,178.89,273.88,205.91
9304,3087,14,0.00295,0.0,117.63,7.41,159.03
9305,3087,14,0.00257,57.77,117.03,70.8,145.19
9306,3087,14,0.00256,501.69,164.26,505.0,193.12
9307,3087,14,0.00255,26.56,119.3,36.58,151.09
9308,3087,5,0.00254,474.56,73.55,505.0,97.33
9309,3087,14,0.00241,91.69,135.58,97.86,154.14
9310,3087,16,0.00229,0.0,173.15,62.5,192.91
9311,3087,14,0.00225,134.75,126.23,144.92,146.13
9312,3087,14,0.00219,98.6,137.53,105.27,154.91
9313,3087,14,0.00205,44.02,114.24,57.88,151.11
9314,3087,14,0.00187,88.68,135.68,95.78,154.3
9315,3087,14,0.00184,132.31,149.08,142.05,166.17
9316,3087,16,0.00175,130.73,165.69,226.48,213.25
9317,3087,16,0.00174,89.86,175.57,195.11,225.92
9318,3087,16,0.0017,0.22,160.28,65.79,197.09
9319,3087,16,0.00169,0.0,159.25,26.44,201.65
9320,3087,14,0.00167,129.24,126.84,138.45,141.18
9321,3087,16,0.00167,170.4,171.9,214.5,195.69
9322,3087,16,0.00142,130.08,214.43,219.82,255.33
9323,3087,16,0.00136,121.99,163.57,170.65,196.78
9324,3087,14,0.00119,174.31,127.79,186.02,160.93
9325,3087,14,0.00118,498.31,169.5,505.0,193.31
9326,3087,14,0.00117,144.44,133.97,150.54,152.62
9327,3087,14,0.00116,0.01,90.81,8.87,140.82
9328,3087,14,0.00106,501.21,173.3,505.0,195.28
9329,3087,14,0.00101,329.24,123.13,344.27,136.94
9330,3087,14,0.001,0.0,145.61,17.99,176.42
9331,3089,2,0.86931,129.33,118.34,144.63,140.45
9332,3089,2,0.85572,46.97,130.51,64.81,154.82
9333,3089,2,0.84211,182.92,141.91,198.52,164.92
9334,3089,2,0.83415,110.64,174.16,129.04,200.15
9335,3090,2,0.87878,385.74,78.35,411.88,99.34
9336,3090,2,0.85357,348.25,35.61,368.55,62.52
9337,3092,8,0.85964,390.74,97.25,499.68,227.2
9338,3092,14,0.8098,250.43,95.99,270.14,139.68
9339,3092,8,0.80193,52.63,122.98,85.17,145.49
9340,3092,14,0.80164,111.73,98.71,159.69,171.03
9341,3092,14,0.5695,151.69,114.67,170.42,142.18
9342,3092,8,0.29805,485.28,142.97,500.0,224.85
9343,3092,8,0.18705,470.56,141.56,500.0,224.65
9344,3092,14,0.03662,166.51,115.95,178.45,143.24
9345,3092,14,0.01892,475.03,91.37,491.06,124.12
9346,3092,8,0.01646,489.24,161.39,500.0,222.87
9347,3092,8,0.00941,107.47,97.39,168.39,170.8
9348,3092,8,0.00438,241.56,97.12,295.73,138.38
9349,3092,8,0.00192,494.04,137.75,500.0,223.03
9350,3092,8,0.00151,464.93,96.86,499.92,156.77
9351,3092,14,0.0011,497.0,87.18,500.0,124.68
9352,3095,13,0.90172,390.98,143.37,443.08,194.04
9353,3095,1,0.85274,388.1,21.36,433.33,67.99
9354,3095,6,0.07532,0.0,175.66,9.71,225.89
9355,3095,2,0.06736,493.24,0.07,502.0,69.58
9356,3095,2,0.05436,495.76,11.48,502.0,72.06
9357,3095,4,0.04055,161.12,26.83,261.83,62.74
9358,3095,6,0.02396,342.73,63.47,365.8,84.71
9359,3095,2,0.01181,497.06,32.89,502.0,68.21
9360,3095,2,0.00559,486.53,0.55,501.97,70.01
9361,3095,2,0.00304,0.0,168.05,6.84,218.42
9362,3095,5,0.00157,0.0,175.2,9.04,219.11
9363,3095,8,0.00136,387.54,21.21,433.06,67.1
9364,3095,15,0.00121,390.86,143.82,444.23,192.61
9365,3095,1,0.001,496.57,29.75,502.0,99.22
9366,3099,14,0.83569,379.3,120.02,424.0,236.78
9367,3099,14,0.79189,211.88,120.71,244.47,216.3
9368,3099,14,0.56918,192.87,108.83,228.59,213.34
9369,3099,14,0.54102,162.01,121.32,196.37,208.97
9370,3099,14,0.0162,189.86,114.66,216.8,217.15
9371,3099,5,0.01148,402.0,179.5,474.69,222.04
9372,3099,5,0.00248,474.89,178.19,500.0,227.04
9373,3099,5,0.0021,0.02,145.07,6.64,191.92
9374,3099,5,0.00175,7.48,139.03,108.58,193.27
9375,3099,5,0.00144,77.58,159.08,166.31,197.6
9376,3099,5,0.00119,38.01,98.92,69.64,114.94
9377,3099,14,0.00112,165.14,118.22,211.57,213.51
9378,3099,5,0.00111,45.29,87.68,77.95,104.96
9379,3101,13,0.85226,240.23,40.12,294.19,93.86
9380,3101,4,0.85075,359.06,51.08,435.84,108.01
9381,3101,14,0.00102,0.0,59.38,8.46,119.77
9382,3104,3,0.8231,138.32,46.32,226.61,88.02
9383,3104,3,0.00285,252.5,35.89,276.7,59.29
9384,3104,3,0.00183,79.72,25.44,98.34,51.25
9385,3104,11,0.00167,484.55,86.15,490.0,116.38
9386,3104,12,0.00117,251.91,38.7,278.7,66.85
9387,3106,15,0.90232,156.02,81.48,192.21,122.97
9388,3106,15,0.89214,150.52,8.4,181.58,39.21
9389,3106,15,0.88105,37.89,21.99,77.72,61.22
9390,3107,10,0.90118,379.85,138.76,408.86,164.39
9391,3107,10,0.89902,196.97,101.35,227.3,126.07
9392,3110,5,0.79767,0.98,12.78,68.44,42.53
9393,3110,5,0.62486,121.44,14.23,201.32,46.17
9394,3110,5,0.51829,315.98,25.24,363.84,45.65
9395,3110,5,0.24781,185.38,13.82,250.47,41.36
9396,3110,5,0.21428,181.65,13.24,291.58,46.2
9397,3110,5,0.04196,185.32,13.79,234.02,34.24
9398,3110,8,0.02746,3.59,0.96,206.36,42.74
9399,3110,5,0.01756,182.89,13.35,275.21,36.38
9400,3110,8,0.0164,484.57,38.42,490.0,66.06
9401,3110,8,0.01582,479.05,37.71,490.0,67.05
9402,3110,8,0.01563,182.89,1.44,330.62,46.45
9403,3110,5,0.01143,32.14,0.49,146.35,42.81
9404,3110,14,0.00924,238.54,0.54,275.94,30.43
9405,3110,5,0.00753,168.75,2.34,316.3,46.76
9406,3110,5,0.0042,91.71,4.5,202.55,45.03
9407,3110,5,0.00352,187.53,4.63,297.49,39.95
9408,3110,5,0.0025,287.63,1.49,434.24,61.73
9409,3110,8,0.00232,239.14,0.59,267.41,28.88
9410,3110,14,0.00219,237.71,0.97,266.14,24.9
9411,3110,8,0.00191,121.04,0.0,163.95,37.0
9412,3110,14,0.00185,253.78,0.5,272.98,35.6
9413,3110,8,0.00182,216.92,0.43,254.05,27.72
9414,3110,5,0.0018,147.72,15.91,195.06,35.02
9415,3110,8,0.00176,475.4,31.13,490.0,68.05
9416,3110,8,0.00162,29.95,1.08,138.61,42.38
9417,3110,5,0.00162,162.49,13.01,237.04,46.1
9418,3110,8,0.00157,462.21,42.22,490.0,67.21
9419,3110,5,0.00145,195.19,27.83,234.35,48.23
9420,3110,8,0.00145,173.56,11.14,284.24,44.39
9421,3110,5,0.00141,314.58,18.9,431.71,56.36
9422,3110,5,0.00131,184.67,15.81,226.81,43.15
9423,3110,8,0.00128,126.23,12.66,266.83,44.84
9424,3110,8,0.00128,307.05,10.89,432.85,60.72
9425,3110,5,0.00128,90.11,16.73,132.12,39.99
9426,3110,5,0.00102,0.02,15.0,2.98,38.46
9427,3111,2,0.8563,414.85,134.45,447.38,159.29
9428,3111,2,0.85305,348.87,117.7,370.06,146.82
9429,3111,2,0.00107,462.64,126.77,468.0,154.25
9430,3112,14,0.88666,265.58,141.88,289.27,211.82
9431,3112,14,0.879,206.77,103.18,244.01,218.04
9432,3112,14,0.87784,296.76,135.01,324.06,221.89
9433,3112,5,0.76508,395.9,180.89,478.82,223.08
9434,3112,14,0.51896,161.12,135.14,190.07,206.1
9435,3112,5,0.01016,480.09,180.11,500.0,208.28
9436,3112,14,0.00724,129.11,120.95,173.59,206.86
9437,3112,5,0.00557,31.08,146.73,150.81,191.58
9438,3112,8,0.00372,0.03,113.14,9.06,216.33
9439,3112,14,0.00317,0.0,124.13,7.53,244.4
9440,3112,5,0.00189,483.16,182.18,500.0,228.85
9441,3112,5,0.00186,174.9,116.99,211.65,137.1
9442,3112,5,0.00133,31.42,136.97,114.0,192.21
9443,3112,14,0.0013,0.0,118.33,5.22,187.32
9444,3112,5,0.00102,0.0,156.74,5.58,212.34
9445,3114,14,0.8672,341.81,77.49,356.05,105.08
9446,3114,14,0.82726,378.76,79.74,403.85,117.45
9447,3114,14,0.77505,16.64,16.94,35.07,50.12
9448,3114,14,0.68216,57.37,11.75,83.82,63.47
9449,3114,14,0.36906,317.75,77.3,329.47,97.63
9450,3114,14,0.02744,331.02,82.2,340.2,99.67
9451,3114,14,0.0172,57.95,28.68,79.78,62.63
9452,3114,14,0.00442,325.13,77.56,333.37,98.97
9453,3114,14,0.00308,327.55,78.71,338.03,99.82
9454,3114,14,0.00291,0.01,11.39,3.48,39.98
9455,3114,14,0.00275,38.2,40.86,53.26,56.88
9456,3114,14,0.00206,307.52,73.56,316.91,94.19
9457,3114,14,0.00199,259.65,66.58,273.25,86.9
9458,3114,8,0.00137,53.88,14.12,97.88,61.87
9459,3114,14,0.00102,57.8,17.35,72.78,45.02
9460,3117,15,0.89516,129.49,60.1,155.54,86.96
9461,3117,15,0.84751,46.36,35.49,74.32,63.21
9462,3117,15,0.83302,122.02,19.06,143.78,39.23
9463,3119,3,0.6522,357.15,34.6,431.4,95.72
9464,3119,4,0.21368,266.08,34.25,339.0,121.72
9465,3119,11,0.00957,0.0,197.79,4.27,237.67
9466,3119,3,0.00485,480.73,123.97,495.0,200.82
9467,3119,3,0.00483,243.1,1.36,277.94,11.32
9468,3119,3,0.00284,397.32,53.85,428.73,76.8
9469,3119,9,0.0023,142.2,40.1,166.57,64.69
9470,3119,3,0.0022,482.6,126.35,495.0,176.48
9471,3119,9,0.0015,359.09,35.63,382.08,68.9
9472,3123,15,0.92503,231.64,86.09,259.33,116.11
9473,3123,15,0.91845,60.07,106.9,90.5,141.74
9474,3123,5,0.00476,370.18,177.03,491.0,223.74
9475,3125,14,0.65568,338.86,117.68,354.12,157.69
9476,3125,5,0.24835,0.99,137.08,29.22,152.51
9477,3125,5,0.14864,0.0,140.05,5.81,155.51
9478,3125,5,0.07184,0.0,136.61,7.24,152.66
9479,3125,5,0.04319,26.75,135.01,40.99,152.36
9480,3125,5,0.03619,21.36,135.84,46.16,152.23
9481,3125,5,0.03608,8.1,136.35,42.08,152.09
9482,3125,5,0.02988,12.85,138.33,25.36,153.04
9483,3125,5,0.02693,134.28,157.05,240.34,231.68
9484,3125,5,0.01618,0.0,135.82,5.17,147.85
9485,3125,14,0.01126,310.84,124.91,321.87,140.18
9486,3125,8,0.00891,0.03,166.44,4.44,178.54
9487,3125,14,0.00647,339.35,116.96,363.26,159.94
9488,3125,14,0.00626,105.66,137.21,114.94,149.26
9489,3125,5,0.00573,0.0,142.23,7.36,162.6
9490,3125,5,0.00535,0.0,135.87,24.35,148.58
9491,3125,14,0.00321,310.5,124.86,330.92,140.3
9492,3125,5,0.00265,0.0,153.61,6.51,178.6
9493,3125,5,0.00249,16.35,141.6,28.68,152.89
9494,3125,8,0.00241,2.07,140.41,12.34,153.72
9495,3125,8,0.00209,0.0,161.17,7.03,178.41
9496,3125,8,0.00203,0.02,162.44,4.87,194.92
9497,3125,14,0.00202,1.7,138.95,14.98,152.74
9498,3125,5,0.002,52.96,129.15,74.23,148.23
9499,3125,8,0.00176,263.9,139.26,277.06,155.29
9500,3125,5,0.00157,29.16,134.43,50.95,152.53
9501,3125,14,0.00144,105.39,139.91,112.76,150.24
9502,3129,4,0.90503,153.97,26.15,203.05,73.7
9503,3129,13,0.84784,162.98,126.21,201.26,159.52
9504,3129,1,0.79285,305.33,97.79,342.43,133.23
9505,3129,0,0.05413,305.62,97.41,343.23,132.4
9506,3129,6,0.00542,463.64,118.09,497.0,180.81
9507,3129,12,0.00478,162.48,126.11,201.19,162.06
9508,3129,3,0.00263,460.5,108.12,497.0,180.79
9509,3129,6,0.00151,465.13,142.63,497.0,180.54
9510,3131,14,0.85988,51.51,116.58,78.17,198.92
9511,3131,5,0.8588,383.45,128.91,499.07,185.89
9512,3131,5,0.81929,211.83,128.15,337.6,181.56
9513,3131,14,0.78164,314.16,101.79,399.72,233.4
9514,3131,5,0.27661,358.68,114.4,434.25,160.32
9515,3131,5,0.11749,129.29,140.31,191.15,174.93
9516,3131,5,0.02761,493.32,139.16,500.0,190.23
9517,3131,5,0.00377,483.8,138.61,500.0,190.15
9518,3131,14,0.00264,319.22,104.58,385.77,192.95
9519,3131,5,0.00254,490.65,126.61,500.0,190.25
9520,3131,8,0.00248,325.93,152.21,363.01,180.2
9521,3131,14,0.00245,341.7,113.74,397.87,231.83
9522,3131,5,0.00156,391.71,121.62,434.55,165.66
9523,3131,8,0.00138,42.62,114.95,96.06,196.95
9524,3132,2,0.89267,268.12,133.75,302.79,174.57
9525,3132,17,0.7545,366.66,169.06,388.8,187.97
9526,3132,17,0.56623,348.95,101.43,369.16,120.14
9527,3132,2,0.3198,349.14,101.56,368.91,120.12
9528,3132,2,0.16128,366.48,168.9,388.97,188.25
9529,3134,17,0.86736,362.26,64.53,378.31,80.68
9530,3134,17,0.41968,441.2,30.59,458.69,48.18
9531,3134,2,0.00221,482.29,38.01,485.0,61.92
9532,3136,2,0.84263,148.02,120.32,175.17,142.93
9533,3136,2,0.03755,51.71,138.73,76.36,161.82
9534,3139,2,0.88448,377.09,35.18,407.64,72.86
9535,3139,17,0.79776,326.84,83.17,345.17,100.32
9536,3139,17,0.72779,410.07,102.27,428.46,120.38
9537,3139,2,0.24567,326.93,83.27,345.26,100.35
9538,3139,2,0.23556,410.38,102.23,428.41,120.33
9539,3143,15,0.75498,147.08,23.49,253.58,117.35
9540,3143,15,0.00559,153.99,77.69,198.58,165.73
9541,3143,15,0.00251,151.88,55.38,229.27,166.11
9542,3143,15,0.00193,169.31,73.09,261.45,186.14
9543,3143,15,0.00138,150.64,34.6,225.99,122.79
9544,3145,11,0.92091,283.44,126.41,313.32,161.38
9545,3145,11,0.90889,215.19,196.21,248.44,239.01
9546,3145,9,0.90463,85.6,128.56,117.08,163.93
9547,3145,9,0.88071,25.36,194.73,57.88,232.57
9548,3145,10,0.8751,138.45,197.23,170.97,235.28
9549,3145,10,0.6748,355.5,160.15,393.41,195.49
9550,3145,11,0.41521,355.33,160.2,393.49,195.27
9551,3145,9,0.00389,451.54,168.56,484.37,186.07
9552,3145,9,0.00127,407.21,211.39,452.43,224.79
9553,3146,8,0.86054,391.88,97.89,499.84,227.33
9554,3146,14,0.83965,124.31,98.88,147.38,169.28
9555,3146,8,0.77475,52.66,122.84,84.66,145.51
9556,3146,14,0.7706,250.21,94.27,268.66,140.63
9557,3146,14,0.75834,150.2,113.34,169.01,141.7
9558,3146,8,0.30611,485.19,142.99,500.0,224.65
9559,3146,8,0.19297,470.93,141.67,500.0,224.44
9560,3146,8,0.02182,489.19,161.52,500.0,222.89
9561,3146,8,0.01311,116.23,99.84,181.07,169.18
9562,3146,8,0.00462,240.21,95.63,296.05,138.47
9563,3146,8,0.00278,493.63,136.81,500.0,216.12
9564,3147,7,0.84084,316.27,105.6,340.84,130.31
9565,3147,7,0.84,180.11,144.46,211.61,170.25
9566,3147,17,0.02287,263.75,178.67,281.1,201.22
9567,3149,15,0.85816,140.44,79.04,167.6,104.33
9568,3149,15,0.7933,141.99,42.93,161.18,58.09
9569,3149,7,0.79303,72.95,58.69,94.42,74.27
9570,3149,15,0.1032,113.67,48.53,123.93,58.65
9571,3149,15,0.00272,182.0,24.47,193.54,42.5
9572,3152,15,0.8808,378.13,157.67,406.3,185.5
9573,3152,6,0.86634,339.43,112.38,398.55,137.49
9574,3152,15,0.8585,339.55,78.66,357.74,97.77
9575,3152,2,0.77797,428.05,119.76,446.24,137.77
9576,3155,14,0.02659,253.01,6.51,507.0,245.84
9577,3155,2,0.02228,280.6,96.54,299.54,116.79
9578,3155,14,0.00565,363.07,4.62,506.99,237.98
9579,3155,16,0.00109,489.69,84.72,507.0,162.18
9580,3155,14,0.00109,462.07,9.27,507.0,235.24
9581,3156,10,0.87917,139.07,99.86,154.32,113.92
9582,3156,9,0.87672,148.92,143.15,165.63,158.06
9583,3156,10,0.86807,62.02,141.37,79.85,156.08
9584,3156,11,0.86079,183.67,160.07,201.8,175.18
9585,3156,17,0.84569,94.94,131.89,108.71,145.59
9586,3156,17,0.83308,119.25,125.36,132.55,138.32
9587,3156,9,0.79739,111.15,160.5,129.26,177.44
9588,3164,7,0.929,61.44,55.4,145.92,105.28
9589,3164,7,0.89922,255.55,50.76,350.45,100.86
9590,3164,15,0.00209,0.0,94.49,87.02,223.16
9591,3167,14,0.84033,409.24,88.63,434.34,125.93
9592,3167,14,0.82981,292.25,71.1,307.3,102.82
9593,3167,14,0.80391,117.92,36.25,134.2,73.75
9594,3167,14,0.69378,66.48,43.49,80.0,66.48
9595,3167,14,0.68815,360.66,83.68,373.04,111.17
9596,3167,14,0.17383,320.05,78.38,330.89,102.11
9597,3167,14,0.14448,329.83,85.45,339.67,101.4
9598,3167,14,0.06057,0.02,17.77,10.09,50.13
9599,3167,14,0.01206,400.08,89.14,416.51,116.86
9600,3167,14,0.00755,326.88,80.37,336.01,101.41
9601,3167,14,0.00688,0.0,19.05,4.02,51.61
9602,3167,14,0.00402,365.19,87.09,379.66,109.9
9603,3167,14,0.00363,385.64,92.74,399.82,108.03
9604,3167,14,0.0026,488.5,58.4,500.0,134.51
9605,3167,14,0.00225,494.63,57.42,500.0,136.18
9606,3167,14,0.00222,491.59,72.55,500.0,134.27
9607,3167,14,0.00203,155.39,56.45,169.66,77.54
9608,3167,14,0.00164,330.38,86.95,345.3,102.38
9609,3167,14,0.0015,0.0,12.87,6.99,73.74
9610,3167,14,0.00145,483.86,67.57,500.0,140.79
9611,3168,14,0.76623,279.7,130.27,291.94,157.75
9612,3168,14,0.76012,301.87,126.12,316.38,146.04
9613,3168,14,0.7575,239.16,141.76,252.24,167.48
9614,3168,14,0.7409,302.96,115.88,314.98,128.52
9615,3168,14,0.64557,318.54,125.67,330.23,148.55
9616,3168,14,0.38736,266.89,133.49,279.73,159.79
9617,3168,14,0.00303,222.63,150.01,231.28,170.33
9618,3168,14,0.00247,254.77,143.1,261.95,161.86
9619,3168,14,0.00213,254.56,136.31,264.01,162.22
9620,3168,14,0.00175,315.52,140.18,323.18,151.22
9621,3168,14,0.00147,327.93,122.31,338.54,135.29
9622,3168,14,0.00145,329.86,123.7,338.96,143.77
9623,3168,14,0.00129,499.26,85.45,505.0,109.64
9624,3168,14,0.00129,369.21,121.27,377.2,136.49
9625,3168,14,0.00124,362.49,122.96,376.07,137.27
9626,3168,14,0.00119,280.92,129.1,292.94,147.78
9627,3168,14,0.00111,251.95,141.82,260.13,162.85
9628,3168,14,0.0011,357.97,128.73,367.25,140.23
9629,3173,2,0.86129,404.12,106.34,435.13,138.57
9630,3173,2,0.00254,488.2,184.31,497.0,215.29
9631,3173,14,0.00172,490.38,16.37,497.0,62.83
9632,3174,15,0.91843,313.14,84.58,347.57,116.82
9633,3174,15,0.89912,397.99,92.34,434.84,131.16
9634,3177,0,0.87722,361.28,94.04,403.58,136.23
9635,3177,12,0.8724,241.64,119.85,275.64,152.7
9636,3177,12,0.85168,339.04,7.12,376.73,43.76
9637,3177,3,0.84218,140.53,89.45,191.29,149.82
9638,3177,3,0.84113,211.62,184.84,288.9,242.91
9639,3177,0,0.83766,222.3,17.32,256.04,50.61
9640,3177,3,0.8051,259.47,46.78,307.03,90.91
9641,3179,2,0.88277,332.79,193.67,356.79,225.23
9642,3179,2,0.84047,412.04,147.38,434.0,176.1
9643,3179,2,0.00962,7.98,207.47,24.94,220.42
9644,3179,2,0.00449,374.83,174.23,389.87,194.65
9645,3179,2,0.00168,186.53,209.3,201.1,237.04
9646,3182,15,0.89492,408.2,10.61,428.17,30.55
9647,3182,13,0.00206,312.02,0.34,337.43,7.25
9648,3183,2,0.85606,358.8,136.16,372.8,149.56
9649,3183,2,0.85535,410.61,158.9,428.15,172.52
9650,3183,2,0.84946,325.56,151.14,343.63,164.89
9651,3183,2,0.84872,386.35,176.46,404.52,191.76
9652,3183,2,0.00107,359.9,136.13,376.01,155.18
9653,3184,12,0.91963,111.96,162.72,148.08,198.09
9654,3184,0,0.91136,376.72,148.75,414.91,186.95
9655,3184,12,0.91082,425.14,93.54,463.89,128.59
9656,3184,0,0.909,188.53,77.9,224.42,113.83
9657,3184,3,0.88045,117.29,10.95,169.26,98.7
9658,3184,4,0.88008,211.09,162.4,290.93,223.29
9659,3184,13,0.87891,292.49,98.56,327.26,133.27
9660,3184,3,0.86474,374.27,4.21,443.98,72.74
9661,3184,1,0.86465,294.51,20.11,332.87,58.44
9662,3185,5,0.88273,157.45,217.05,222.77,253.98
9663,3185,5,0.8824,297.59,159.99,328.89,177.62
9664,3185,5,0.85151,358.8,152.72,383.51,170.09
9665,3185,5,0.72719,73.4,213.13,129.2,247.43
9666,3185,5,0.64841,310.49,149.29,334.66,165.35
9667,3185,5,0.10247,422.14,131.29,437.18,143.21
9668,3185,5,0.01146,423.51,126.71,436.38,133.4
9669,3185,5,0.00969,0.0,150.91,23.51,171.02
9670,3185,5,0.00321,424.88,123.6,436.68,131.7
9671,3185,8,0.00211,343.13,246.66,350.92,255.96
9672,3185,5,0.0017,135.37,169.18,160.14,184.71
9673,3190,9,0.89281,216.49,173.24,232.5,187.18
9674,3190,10,0.8672,274.86,162.9,290.8,175.51
9675,3190,10,0.85505,245.25,161.18,260.05,174.84
9676,3190,17,0.85487,279.09,203.63,292.69,216.75
9677,3190,11,0.84818,255.1,183.47,273.13,197.64
9678,3190,17,0.84038,248.73,202.82,262.01,215.93
9679,3190,11,0.84022,306.05,175.25,320.66,188.16
9680,3190,17,0.79281,218.71,188.33,232.44,201.16
9681,3193,7,0.86276,86.34,46.93,108.22,68.56
9682,3195,0,0.89525,307.52,93.96,347.52,129.9
9683,3195,1,0.89121,311.73,158.08,356.27,203.87
9684,3195,0,0.87985,228.1,111.02,266.86,144.11
9685,3196,9,0.89566,155.17,46.69,178.11,70.73
9686,3196,10,0.8879,252.65,98.71,276.15,124.5
9687,3196,9,0.84792,61.7,73.01,86.05,93.67
9688,3196,17,0.77512,26.28,33.42,44.71,50.19
9689,3196,9,0.45728,26.19,33.3,44.83,50.0
9690,3196,17,0.06666,252.53,98.35,276.04,125.08
9691,3196,15,0.04731,293.01,59.46,321.28,85.19
9692,3196,6,0.00513,293.56,59.43,322.42,85.91
9693,3196,10,0.00451,61.19,72.92,86.1,93.43
9694,3196,7,0.00173,293.46,59.69,322.0,85.25
9695,3197,13,0.86372,370.75,113.85,430.25,169.64
9696,3197,1,0.80159,264.81,0.0,315.25,45.25
9697,3197,4,0.2652,43.04,87.02,155.59,154.05
9698,3197,2,0.00224,372.04,115.19,429.08,169.78
9699,3197,15,0.0016,372.28,115.24,429.14,169.64
9700,3199,7,0.83597,215.73,140.51,235.34,155.04
9701,3199,7,0.74965,270.01,176.77,291.35,192.42
9702,3202,15,0.79105,46.19,26.17,109.03,90.85
9703,3202,15,0.50163,46.38,26.17,83.57,90.43
9704,3202,15,0.3217,45.62,0.0,118.81,89.16
9705,3202,15,0.24764,74.36,0.0,125.96,88.63
9706,3202,15,0.05891,74.66,0.0,127.92,37.9
9707,3202,3,0.00119,294.68,115.48,340.14,128.44
9708,3205,0,0.88217,189.77,15.19,228.42,54.55
9709,3205,3,0.87539,166.93,106.51,232.68,175.49
9710,3205,12,0.86996,271.41,97.09,305.13,130.31
9711,3205,12,0.85671,96.02,75.86,140.52,117.39
9712,3205,3,0.835,305.56,187.33,389.06,242.19
9713,3205,3,0.66275,305.15,65.98,368.2,113.24
9714,3205,0,0.06265,164.33,210.17,213.78,245.77
9715,3205,1,0.02066,163.96,211.77,212.59,246.0
9716,3206,6,0.8729,32.58,149.76,88.34,186.33
9717,3206,15,0.86099,191.2,163.28,212.74,183.44
9718,3207,2,0.83565,382.01,31.43,409.31,60.89
9719,3207,2,0.03869,342.38,25.96,378.94,50.46
9720,3207,2,0.00399,498.65,48.43,508.0,81.54
9721,3207,2,0.00383,0.0,36.87,7.12,68.92
9722,3207,2,0.00183,500.97,60.9,508.0,99.77
9723,3207,2,0.00177,503.46,59.76,508.0,95.32
9724,3207,2,0.00114,503.48,74.18,508.0,107.47
9725,3208,7,0.05364,265.35,140.3,304.99,161.99
9726,3208,2,0.00348,130.02,146.18,213.23,212.35
9727,3213,4,0.8973,290.44,117.85,336.51,155.23
9728,3213,13,0.8775,170.85,138.16,200.68,164.77
9729,3213,1,0.8502,240.74,156.19,275.43,189.74
9730,3217,10,0.89809,415.91,118.47,443.37,145.14
9731,3217,17,0.85208,147.49,146.54,169.56,166.57
9732,3217,9,0.83615,294.21,110.75,318.97,139.47
9733,3217,17,0.70586,279.71,175.17,304.86,205.8
9734,3217,10,0.15016,279.72,174.91,304.87,205.84
9735,3221,7,0.90941,94.31,47.94,141.09,92.28
9736,3221,7,0.90117,195.18,41.7,234.91,80.76
9737,3225,2,0.86843,85.4,64.61,120.08,99.77
9738,3225,2,0.08963,498.54,114.47,504.0,142.74
9739,3225,2,0.01564,0.0,86.48,8.64,141.62
9740,3225,2,0.01528,499.63,97.48,504.0,142.29
9741,3225,2,0.00733,497.06,112.76,504.0,161.35
9742,3225,2,0.00603,0.01,78.5,5.82,123.66
9743,3225,2,0.00211,0.0,99.44,5.72,144.51
9744,3225,2,0.00152,0.0,71.17,5.21,107.53
9745,3226,17,0.86017,322.75,94.0,343.65,114.97
9746,3226,17,0.76186,171.57,129.52,194.88,151.96
9747,3226,17,0.00111,0.0,144.78,4.76,194.36
9748,3228,15,0.82854,316.93,119.59,387.74,182.1
9749,3228,15,0.71224,337.95,66.52,400.4,124.63
9750,3228,15,0.58992,316.98,119.39,355.44,182.19
9751,3228,15,0.00169,360.57,150.65,386.13,179.75
9752,3229,14,0.86884,321.35,85.63,361.05,199.43
9753,3229,14,0.85249,225.59,93.25,255.63,191.55
9754,3229,14,0.79337,17.31,113.4,53.08,187.79
9755,3229,14,0.78192,107.35,110.5,143.36,189.02
9756,3229,14,0.5592,414.09,105.71,455.73,188.71
9757,3229,5,0.3326,24.81,128.13,135.96,181.63
9758,3229,5,0.18212,133.08,137.08,232.02,180.87
9759,3229,5,0.05866,0.04,102.57,9.12,186.59
9760,3229,8,0.03063,0.02,102.83,9.55,186.31
9761,3229,5,0.03012,480.1,135.26,500.0,174.83
9762,3229,8,0.0298,66.07,126.1,97.75,145.65
9763,3229,14,0.01368,0.01,126.83,7.14,185.84
9764,3229,8,0.01225,0.01,132.84,6.72,187.2
9765,3229,14,0.00689,0.0,102.59,7.22,176.75
9766,3229,14,0.00658,78.93,117.11,93.55,141.2
9767,3229,5,0.00598,0.03,101.29,23.59,187.22
9768,3229,5,0.00524,0.0,139.08,8.12,184.5
9769,3229,5,0.00455,494.98,116.84,500.0,138.94
9770,3229,14,0.00419,27.33,114.28,53.56,166.55
9771,3229,14,0.00301,0.0,116.48,11.97,184.54
9772,3229,5,0.00269,173.26,94.67,202.64,115.71
9773,3229,5,0.00258,444.56,146.13,481.13,181.8
9774,3229,5,0.00245,493.55,111.25,500.0,136.17
9775,3229,14,0.00227,406.01,108.56,441.69,186.99
9776,3229,14,0.00164,407.57,167.3,420.23,187.49
9777,3229,5,0.0016,472.93,97.06,500.0,109.65
9778,3229,14,0.00145,73.34,120.46,96.54,144.98
9779,3229,5,0.0014,0.05,103.75,39.82,186.28
9780,3229,8,0.00137,494.96,114.61,500.0,140.0
9781,3229,5,0.00105,0.01,151.66,5.83,185.69
9782,3232,7,0.85333,120.84,186.16,148.37,209.6
9783,3235,15,0.90842,110.51,50.54,140.75,82.74
9784,3235,7,0.87074,51.62,95.15,73.77,118.07
9785,3235,7,0.867,25.17,2.24,46.06,22.05
9786,3235,15,0.86215,33.7,34.09,60.16,57.38
9787,3235,15,0.04374,36.48,66.52,52.03,81.12
9788,3235,7,0.006,0.01,5.6,6.06,23.76
9789,3236,5,0.88888,171.12,32.3,247.91,68.75
9790,3236,5,0.88089,170.08,5.19,232.39,33.8
9791,3236,8,0.0583,290.35,0.02,319.87,8.43
9792,3236,5,0.01056,426.19,3.88,480.0,75.94
9793,3236,8,0.00898,26.05,3.75,40.32,29.24
9794,3236,8,0.00494,285.13,100.65,326.3,137.62
9795,3236,8,0.00311,466.7,140.79,480.0,230.61
9796,3236,6,0.00234,289.46,0.01,320.55,9.09
9797,3236,5,0.00195,290.12,0.24,320.15,8.3
9798,3236,15,0.00115,258.66,174.79,359.2,254.99
9799,3236,5,0.00105,291.83,30.01,394.73,135.21
9800,3238,15,0.89627,447.26,23.11,463.18,37.4
9801,3238,15,0.89253,400.49,30.55,418.8,47.1
9802,3239,2,0.88377,401.45,165.6,433.45,187.72
9803,3239,2,0.85427,241.38,131.34,263.74,158.62
9804,3248,17,0.8789,255.02,159.4,269.3,172.68
9805,3248,9,0.84404,407.24,142.37,425.83,156.36
9806,3248,9,0.07951,330.37,130.74,348.54,143.53
9807,3248,10,0.01617,407.25,142.18,425.89,155.91
9808,3248,17,0.00146,427.29,86.2,446.6,115.27
9809,3249,2,0.86526,169.79,111.84,197.58,145.38
9810,3249,17,0.78775,119.91,180.08,136.9,196.05
9811,3249,2,0.76466,182.06,188.9,230.7,218.23
9812,3249,2,0.03002,157.74,188.4,230.67,236.64
9813,3250,8,0.88179,415.13,0.91,491.32,54.83
9814,3250,8,0.1336,482.35,66.69,494.0,129.28
9815,3250,8,0.13216,482.94,0.0,493.9,53.31
9816,3250,8,0.1183,467.63,1.11,494.0,52.12
9817,3250,8,0.11712,483.82,110.54,494.0,194.11
9818,3250,8,0.07636,406.88,2.28,427.16,42.02
9819,3250,5,0.06582,483.5,82.77,494.0,127.58
9820,3250,8,0.05346,486.09,126.3,494.0,191.1
9821,3250,8,0.01759,482.22,69.27,494.0,166.29
9822,3250,8,0.00915,451.99,0.35,493.6,50.66
9823,3250,8,0.00638,476.51,0.19,494.0,62.21
9824,3250,8,0.00609,478.73,88.6,494.0,195.7
9825,3250,14,0.00386,336.42,104.86,377.89,156.25
9826,3250,8,0.00372,488.84,130.28,494.0,172.14
9827,3250,8,0.00367,485.28,0.1,494.0,18.02
9828,3250,8,0.00349,486.5,0.61,494.0,32.5
9829,3250,8,0.00345,480.62,0.33,494.0,14.99
9830,3250,8,0.00253,473.89,0.05,493.98,30.63
9831,3250,5,0.00209,484.03,153.32,494.0,191.35
9832,3250,8,0.00168,480.7,133.41,493.96,194.97
9833,3250,14,0.00164,0.0,47.97,4.85,101.05
9834,3250,1,0.00158,490.03,116.61,494.0,165.9
9835,3250,8,0.00152,483.99,152.04,494.0,192.06
9836,3250,8,0.0014,479.08,48.29,494.0,126.6
9837,3250,6,0.00133,482.92,85.37,494.0,128.6
9838,3250,8,0.00126,0.02,69.33,4.39,113.09
9839,3250,14,0.00117,0.0,60.82,4.04,95.84
9840,3250,8,0.00112,488.21,4.38,494.0,51.84
9841,3250,8,0.00102,488.01,207.21,494.0,234.0
9842,3251,2,0.89569,271.66,138.99,310.27,179.71
9843,3251,17,0.85335,179.63,191.57,202.91,212.01
9844,3251,2,0.76094,198.37,115.48,219.96,133.9
9845,3251,17,0.00774,198.63,115.42,219.8,133.91
9846,3251,14,0.00163,476.97,0.0,488.0,102.11
9847,3254,7,0.83035,273.96,51.71,296.9,71.74
9848,3254,7,0.81687,162.77,37.29,182.29,56.49
9849,3256,17,0.66953,281.0,185.06,297.73,201.81
9850,3256,17,0.01444,391.88,164.8,407.83,181.21
9851,3256,2,0.00268,486.47,82.61,491.0,110.87
9852,3256,2,0.00191,487.75,77.13,491.0,109.49
9853,3256,2,0.00132,488.25,40.73,491.0,67.29
9854,3258,2,0.80956,90.67,110.47,107.9,128.86
9855,3258,2,0.79334,139.79,141.04,157.1,158.83
9856,3258,2,0.73212,48.54,88.19,68.28,103.5
9857,3258,17,0.0048,139.85,140.97,157.22,158.91
9858,3261,15,0.93159,167.12,125.93,243.9,197.79
9859,3261,17,0.05172,316.02,111.32,324.78,118.01
9860,3261,17,0.01214,466.56,48.98,491.0,70.92
9861,3261,15,0.00165,167.74,125.81,197.21,197.07
9862,3268,15,0.90564,156.12,166.22,183.41,195.99
9863,3270,14,0.88275,64.38,45.88,115.61,167.8
9864,3270,5,0.02288,366.13,130.82,392.42,153.89
9865,3270,7,0.00323,339.84,196.6,453.33,247.0
9866,3270,14,0.00179,450.89,117.31,457.9,133.12
9867,3270,14,0.00134,383.45,130.06,412.15,151.25
9868,3270,5,0.00134,359.17,117.25,389.67,135.8
9869,3270,14,0.00127,380.75,130.53,403.38,150.0
9870,3270,5,0.0011,364.22,126.45,398.55,150.89
9871,3271,7,0.90559,144.68,168.68,189.37,212.61
9872,3271,7,0.89565,243.09,158.9,282.09,197.75
9873,3272,14,0.85081,183.61,128.5,248.81,231.53
9874,3272,5,0.56413,246.62,164.9,357.02,207.91
9875,3272,5,0.21238,58.97,177.24,180.3,213.44
9876,3272,5,0.12387,0.51,165.08,175.73,211.42
9877,3272,5,0.03639,286.11,163.22,356.81,205.6
9878,3272,5,0.02413,0.0,169.27,111.11,215.18
9879,3272,5,0.01228,468.14,161.71,500.0,198.43
9880,3272,5,0.00746,0.0,168.47,83.81,204.91
9881,3272,14,0.00118,0.0,125.45,5.82,179.78
9882,3272,5,0.00108,270.24,138.68,428.34,190.15
9883,3276,8,0.8676,382.83,136.25,445.44,181.59
9884,3276,8,0.85321,303.59,134.21,347.33,170.59
9885,3276,8,0.83014,356.93,139.89,390.62,177.75
9886,3276,8,0.81621,336.11,135.17,368.59,171.74
9887,3276,8,0.75828,283.51,132.6,312.93,166.53
9888,3276,8,0.64022,471.18,130.53,488.0,164.33
9889,3276,14,0.23741,50.65,110.51,74.65,133.15
9890,3276,8,0.04704,477.21,131.76,488.0,165.81
9891,3276,14,0.01929,252.77,110.94,279.61,170.14
9892,3276,8,0.01382,482.17,123.03,488.0,163.78
9893,3276,8,0.00689,480.32,131.04,488.0,174.74
9894,3276,8,0.00546,99.63,137.02,192.38,185.17
9895,3276,8,0.00379,462.76,128.2,487.87,169.93
9896,3276,8,0.00361,322.78,133.51,347.96,165.86
9897,3276,8,0.0031,474.53,129.46,488.0,184.04
9898,3276,8,0.00165,410.9,135.91,445.62,182.16
9899,3276,14,0.00113,93.3,114.64,118.19,141.11
9900,3276,8,0.00109,243.04,115.31,321.94,168.48
9901,3280,14,0.85035,62.92,22.61,107.13,59.75
9902,3280,8,0.83482,58.32,48.57,116.52,135.98
9903,3280,5,0.6835,127.76,43.11,152.06,64.04
9904,3280,14,0.51668,156.01,0.0,221.13,162.82
9905,3280,14,0.03409,158.24,0.66,208.44,70.89
9906,3280,14,0.00639,176.9,0.68,205.15,32.67
9907,3280,14,0.00544,9.13,31.59,21.13,71.35
9908,3280,8,0.00393,64.41,61.59,105.16,129.37
9909,3280,8,0.00308,146.76,39.42,225.21,92.62
9910,3280,8,0.00156,450.27,52.46,468.8,87.46
9911,3285,7,0.8762,408.17,142.85,455.11,182.99
9912,3285,7,0.86726,265.42,27.13,303.22,63.76
9913,3285,17,0.77678,292.61,118.16,318.18,143.21
9914,3285,17,0.64836,385.26,54.72,409.93,77.52
9915,3287,7,0.87199,34.19,139.63,72.52,165.69
9916,3287,7,0.84652,104.71,39.05,132.78,63.31
9917,3287,17,0.83111,126.16,98.94,144.32,116.34
9918,3287,17,0.81492,32.82,75.44,52.93,94.44
9919,3287,15,0.00282,0.01,137.22,3.23,163.26
9920,3288,5,0.51352,193.38,2.01,225.96,17.98
9921,3288,5,0.3242,13.23,4.64,48.16,25.53
9922,3288,5,0.17538,147.2,6.57,192.51,16.8
9923,3288,5,0.06386,0.02,7.36,4.68,28.79
9924,3288,8,0.06309,0.03,7.35,5.5,29.16
9925,3288,8,0.03064,193.18,2.95,225.4,18.2
9926,3288,8,0.02328,0.0,5.05,5.46,46.85
9927,3288,5,0.01,156.61,4.15,214.87,16.19
9928,3288,5,0.00489,13.04,4.08,73.83,25.16
9929,3288,8,0.00428,0.0,0.66,7.48,27.34
9930,3288,8,0.00414,150.01,6.72,184.69,16.16
9931,3288,14,0.00257,358.7,0.17,373.54,35.17
9932,3288,8,0.00138,0.02,0.0,7.68,47.44
9933,3289,14,0.85609,419.07,114.94,450.1,170.46
9934,3289,14,0.84025,477.74,117.33,502.0,178.51
9935,3289,14,0.64289,403.07,123.09,412.96,152.5
9936,3289,14,0.60673,210.76,111.62,224.75,135.95
9937,3289,14,0.58878,331.89,133.26,349.64,160.84
9938,3289,14,0.48058,403.68,122.81,419.4,152.52
9939,3289,14,0.25084,470.13,133.5,482.55,153.69
9940,3289,14,0.18584,409.31,123.08,419.89,151.25
9941,3289,14,0.18391,450.76,147.28,464.53,163.81
9942,3289,14,0.11474,432.64,113.88,449.54,130.74
9943,3289,14,0.06109,469.08,131.93,483.31,161.68
9944,3289,14,0.03059,329.26,139.48,342.36,161.7
9945,3289,14,0.02565,431.16,114.16,450.11,155.32
9946,3289,16,0.00618,445.64,161.27,480.76,183.87
9947,3289,14,0.0053,325.3,115.25,340.35,138.34
9948,3289,14,0.00471,142.52,113.42,154.07,132.12
9949,3289,14,0.0041,497.57,97.19,502.0,120.82
9950,3289,14,0.00331,494.71,103.29,502.0,124.33
9951,3289,14,0.00315,435.94,112.82,448.81,124.87
9952,3289,14,0.00238,0.0,96.22,4.29,134.97
9953,3289,14,0.00216,322.78,142.49,343.22,166.4
9954,3289,14,0.00203,171.62,113.03,184.78,131.87
9955,3289,14,0.00189,488.61,117.74,502.0,175.06
9956,3289,14,0.00174,471.42,124.94,487.45,153.39
9957,3289,14,0.00165,479.85,119.09,491.91,163.54
9958,3289,14,0.00161,411.11,122.88,419.73,139.93
9959,3289,14,0.00152,322.35,136.31,347.39,169.13
9960,3289,14,0.00144,494.31,97.96,502.0,119.79
9961,3289,16,0.00116,447.2,159.55,501.93,193.87
9962,3289,14,0.00109,497.67,106.09,502.0,123.64
9963,3289,14,0.00106,418.54,124.94,426.41,152.02
9964,3291,2,0.90156,58.18,139.16,95.14,180.94
9965,3291,17,0.65618,157.83,173.16,180.0,193.22
9966,3291,2,0.5794,143.19,106.27,162.09,123.7
9967,3291,17,0.43846,143.23,106.1,161.68,123.63
9968,3291,2,0.39072,157.05,173.13,180.13,193.13
9969,3291,2,0.04462,143.13,107.1,178.7,123.93
9970,3291,2,0.00515,378.6,103.73,405.21,125.69
9971,3291,2,0.00132,143.56,171.31,180.12,193.44
9972,3293,4,0.92892,160.36,90.45,216.89,163.57
9973,3293,13,0.8853,214.47,157.06,260.8,204.41
9974,3293,1,0.80748,302.65,101.2,348.54,147.6
9975,3293,0,0.20202,302.38,101.65,347.19,146.94
9976,3297,15,0.88752,452.62,183.96,485.0,245.93
9977,3297,6,0.01513,442.5,91.45,485.0,137.15
9978,3299,15,0.85478,379.41,118.44,413.01,143.54
9979,3299,15,0.81763,372.66,86.63,392.19,106.89
9980,3299,7,0.76022,298.87,127.2,323.33,146.68
9981,3299,15,0.25855,412.77,61.36,426.79,81.53
9982,3299,7,0.051,412.65,61.7,426.96,81.77
9983,3299,15,0.02977,341.48,106.63,352.57,118.26
9984,3300,14,0.80942,324.85,80.69,364.4,153.76
9985,3300,14,0.75659,72.61,93.21,114.28,198.27
9986,3300,14,0.74342,275.15,82.13,316.94,155.93
9987,3300,14,0.6715,414.21,77.18,442.88,132.67
9988,3300,14,0.64908,119.92,110.86,137.12,134.62
9989,3300,14,0.53426,451.39,38.87,500.0,203.33
9990,3300,14,0.45908,453.12,44.37,500.0,143.9
9991,3300,14,0.41905,464.26,75.28,499.89,210.14
9992,3300,14,0.09091,0.04,133.88,23.41,173.82
9993,3300,14,0.04336,453.37,71.37,488.55,130.06
9994,3300,14,0.00999,453.41,90.16,480.41,129.68
9995,3300,14,0.00494,0.54,133.95,34.2,179.7
9996,3300,14,0.00354,0.0,127.03,5.83,197.79
9997,3300,14,0.00337,198.93,127.63,214.29,142.62
9998,3300,14,0.00261,424.16,79.83,442.36,129.81
9999,3300,14,0.00245,494.36,119.88,500.0,205.77
10000,3300,14,0.00202,153.02,113.36,177.78,134.89
10001,3300,14,0.00191,490.67,93.41,500.0,184.69
10002,3300,14,0.00162,490.72,69.62,500.0,161.95
10003,3300,14,0.00157,492.32,137.1,500.0,211.37
10004,3300,14,0.00149,79.77,140.69,117.53,197.98
10005,3300,14,0.00125,0.0,102.04,6.18,175.73
10006,3300,14,0.00114,485.64,32.32,500.0,118.08
10007,3301,2,0.85305,192.84,61.12,221.5,90.37
10008,3301,2,0.6446,311.99,54.41,336.14,77.27
10009,3301,2,0.00127,306.97,48.28,322.42,67.11
10010,3302,10,0.87236,427.09,155.59,438.42,166.73
10011,3302,10,0.85744,420.81,143.32,433.82,154.39
10012,3302,11,0.83906,407.78,168.69,422.16,180.15
10013,3302,11,0.83743,382.45,149.65,394.78,161.31
10014,3302,9,0.60833,368.85,136.97,381.32,147.34
10015,3302,17,0.54048,352.61,149.23,362.51,159.41
10016,3302,17,0.36951,355.06,159.85,365.52,170.72
10017,3302,2,0.33062,105.65,38.04,144.01,62.99
10018,3302,9,0.16683,391.52,134.12,404.81,145.26
10019,3302,8,0.13955,0.01,0.0,18.52,61.94
10020,3302,8,0.01269,0.0,0.0,16.0,112.86
10021,3302,17,0.00915,353.8,149.67,363.72,168.54
10022,3302,14,0.00645,0.01,0.0,16.59,61.18
10023,3302,8,0.00193,3.79,3.26,67.12,67.02
10024,3302,5,0.00148,0.0,16.53,18.24,62.29
10025,3302,8,0.00126,4.27,5.62,75.66,99.28
10026,3305,7,0.83472,305.46,62.18,327.14,78.21
10027,3305,7,0.7868,249.97,25.25,270.88,40.81
10028,3305,17,0.00808,484.24,191.19,489.96,209.6
10029,3305,17,0.00142,478.31,184.65,489.62,207.49
10030,3305,17,0.00115,273.93,39.89,285.2,53.42
10031,3311,5,0.82977,109.14,117.79,152.28,143.98
10032,3311,5,0.82405,90.03,91.28,112.61,111.46
10033,3311,5,0.75488,155.93,80.54,174.52,97.01
10034,3311,5,0.6834,0.0,61.0,27.97,79.66
10035,3311,14,0.08462,257.09,88.78,265.61,104.86
10036,3311,5,0.0278,41.57,69.63,63.8,80.81
10037,3311,8,0.01554,162.63,145.52,184.0,179.49
10038,3311,5,0.01305,0.0,61.74,11.58,77.32
10039,3311,14,0.0052,2.79,172.6,27.91,212.79
10040,3311,5,0.00475,157.68,82.2,209.21,112.97
10041,3311,5,0.00327,0.0,57.47,7.31,76.15
10042,3311,5,0.00299,278.16,19.27,316.05,38.73
10043,3311,5,0.00263,457.95,103.81,491.88,116.15
10044,3311,5,0.00178,290.47,78.11,321.53,93.6
10045,3311,5,0.00173,0.0,50.54,28.21,78.42
10046,3311,14,0.00139,162.01,144.76,183.74,179.86
10047,3311,5,0.00113,0.0,58.65,16.98,76.75
10048,3311,5,0.00102,239.29,90.69,261.88,106.31
10049,3312,10,0.90903,273.29,166.43,300.21,194.39
10050,3312,10,0.90689,256.71,54.63,285.66,78.43
10051,3319,10,0.88008,278.56,183.68,299.26,206.54
10052,3319,9,0.57816,326.64,132.91,344.86,151.39
10053,3319,17,0.31209,268.86,89.04,285.08,105.77
10054,3319,10,0.30616,326.86,132.84,344.92,151.67
10055,3319,9,0.03623,278.72,183.75,298.89,203.09
10056,3319,17,0.00705,445.9,128.21,455.89,138.41
10057,3319,17,0.0051,234.3,138.58,249.56,152.58
10058,3321,11,0.89214,310.05,55.89,331.56,72.29
10059,3321,9,0.87488,340.2,124.18,362.38,142.77
10060,3321,10,0.86197,271.5,73.17,289.49,92.06
10061,3321,17,0.86174,384.95,82.3,401.14,98.52
10062,3321,10,0.86012,263.29,96.46,282.7,115.51
10063,3321,9,0.81795,298.64,121.07,319.18,141.85
10064,3321,11,0.81355,332.56,91.59,351.01,110.49
10065,3321,17,0.76898,382.91,104.24,399.61,120.82
10066,3321,17,0.72678,298.65,121.06,319.33,141.78
10067,3321,9,0.68962,382.79,104.36,399.78,120.86
10068,3322,2,0.88146,134.87,118.68,170.4,147.74
10069,3322,17,0.79043,210.35,147.32,227.86,163.46
10070,3322,17,0.75793,101.3,201.36,122.54,219.69
10071,3322,2,0.06125,101.99,201.57,122.56,219.66
10072,3325,15,0.88779,175.2,131.82,207.27,164.23
10073,3325,15,0.86542,275.44,124.03,300.13,152.8
10074,3325,15,0.83902,203.15,100.76,222.92,123.54
10075,3326,13,0.8938,265.15,172.37,312.92,220.19
10076,3326,1,0.84383,431.94,147.1,480.63,193.62
10077,3326,4,0.68729,327.88,27.11,380.1,91.73
10078,3326,14,0.22857,0.0,4.68,63.0,162.31
10079,3326,14,0.08733,0.0,6.29,35.8,162.71
10080,3326,14,0.01907,0.0,9.29,19.07,199.7
10081,3326,14,0.00217,0.0,75.22,5.26,158.29
10082,3326,14,0.00113,0.0,1.41,68.66,251.0
10083,3326,14,0.00104,0.0,55.79,20.69,249.61
10084,3327,2,0.84536,205.53,182.89,233.25,205.0
10085,3327,2,0.83653,174.91,158.19,192.94,181.89
10086,3338,9,0.8309,136.17,170.77,160.65,190.75
10087,3338,9,0.72664,163.79,119.07,186.42,138.7
10088,3338,9,0.24156,49.71,153.32,70.35,172.81
10089,3338,17,0.06787,49.87,153.26,70.38,172.97
10090,3338,10,0.0596,49.86,152.96,70.52,173.02
10091,3338,10,0.00387,136.16,170.61,160.51,190.85
10092,3338,10,0.00348,289.7,122.69,309.94,144.16
10093,3338,15,0.00318,0.0,178.45,7.22,199.51
10094,3338,15,0.00165,0.0,147.78,5.56,164.68
10095,3339,2,0.84278,322.95,173.64,337.81,190.75
10096,3339,2,0.80969,368.66,158.54,382.02,173.17
10097,3339,2,0.77004,403.53,148.53,417.85,162.73
10098,3340,5,0.86382,262.07,150.08,301.16,176.99
10099,3340,5,0.78347,111.86,146.01,153.67,174.74
10100,3340,5,0.52736,295.08,152.83,309.89,165.43
10101,3340,5,0.27902,47.77,141.21,89.72,167.44
10102,3340,14,0.26159,310.24,148.72,319.42,164.58
10103,3340,14,0.11925,461.94,150.7,472.76,172.99
10104,3340,14,0.10031,317.87,153.03,327.83,172.41
10105,3340,5,0.09849,201.56,152.67,220.77,170.42
10106,3340,5,0.08937,8.08,139.18,90.3,169.45
10107,3340,5,0.06941,488.52,151.08,499.0,174.2
10108,3340,5,0.06719,495.01,152.06,499.0,172.71
10109,3340,5,0.05361,223.88,155.61,239.65,169.33
10110,3340,5,0.05303,224.56,155.31,250.68,169.53
10111,3340,8,0.03901,308.97,150.15,319.0,167.28
10112,3340,5,0.03633,219.7,154.75,235.32,167.8
10113,3340,5,0.03499,492.67,150.98,499.0,171.52
10114,3340,8,0.03408,314.37,155.07,328.03,177.34
10115,3340,5,0.02931,438.41,148.18,453.4,161.05
10116,3340,5,0.02814,344.83,182.47,447.02,241.0
10117,3340,5,0.02692,478.15,152.62,499.0,174.15
10118,3340,5,0.01913,232.46,154.24,254.32,169.14
10119,3340,5,0.01158,203.1,151.49,222.99,165.2
10120,3340,14,0.01115,318.49,151.3,326.41,164.94
10121,3340,5,0.00951,0.11,145.04,18.53,176.8
10122,3340,5,0.00836,225.16,156.48,235.25,169.56
10123,3340,5,0.00778,151.17,146.76,186.7,170.43
10124,3340,5,0.0065,14.57,144.04,73.92,170.81
10125,3340,14,0.00523,307.92,148.03,317.5,162.04
10126,3340,5,0.00512,111.55,153.11,143.87,173.89
10127,3340,14,0.00299,495.2,153.58,499.0,186.68
10128,3340,5,0.00264,231.86,222.52,292.02,241.0
10129,3340,5,0.00259,482.4,143.94,499.0,174.26
10130,3340,8,0.00248,317.26,154.18,328.14,172.0
10131,3340,5,0.00206,393.05,149.39,418.43,161.67
10132,3340,5,0.00196,88.15,141.62,114.26,160.3
10133,3340,14,0.00192,0.01,134.9,9.61,174.69
10134,3340,5,0.00177,405.63,149.26,418.52,161.32
10135,3340,5,0.00173,209.47,153.38,241.01,169.37
10136,3340,14,0.0016,462.92,149.57,477.55,172.82
10137,3340,14,0.00155,191.23,144.81,205.48,160.52
10138,3340,5,0.00148,199.66,155.8,219.24,173.69
10139,3340,8,0.00142,307.74,153.03,315.35,167.4
10140,3340,14,0.00105,491.66,154.18,499.0,187.63
10141,3340,14,0.00104,485.95,98.03,499.0,173.0
10142,3341,7,0.19352,76.12,51.49,152.03,94.29
10143,3341,7,0.1547,108.94,51.22,151.84,94.33
10144,3341,17,0.00247,180.84,48.24,219.12,77.56
10145,3341,2,0.00107,139.18,128.03,175.83,148.2
10146,3342,2,0.8637,331.1,46.38,344.39,63.18
10147,3342,2,0.84489,397.47,31.24,410.7,47.44
10148,3342,2,0.83258,412.29,54.23,425.47,71.15
10149,3342,2,0.81163,345.2,28.8,357.95,44.93
10150,3342,2,0.06837,494.95,99.93,498.0,121.07
10151,3342,2,0.00809,491.62,93.03,498.0,120.13
10152,3342,2,0.00642,495.14,92.31,498.0,117.58
10153,3342,2,0.00352,493.95,103.91,498.0,125.25
10154,3344,6,0.79361,375.36,121.13,420.37,157.14
10155,3344,17,0.05887,194.44,141.81,226.61,173.0
10156,3350,6,0.89491,54.18,47.52,108.56,81.48
10157,3350,15,0.83867,209.87,65.75,231.01,85.06
10158,3351,15,0.87521,418.79,116.6,434.25,130.29
10159,3351,15,0.86768,373.34,123.2,390.92,139.4
10160,3352,16,0.89966,29.49,28.78,82.41,86.84
10161,3352,16,0.88197,333.56,106.82,416.31,214.78
10162,3352,16,0.71119,166.63,55.17,231.51,132.46
10163,3352,1,0.00174,165.55,58.58,232.11,119.9
10164,3355,7,0.81932,131.25,160.57,153.55,176.53
10165,3355,7,0.75983,75.03,125.18,95.31,141.04
10166,3357,15,0.88869,147.1,177.72,167.36,195.95
10167,3363,17,0.01466,232.32,189.96,254.97,210.57
10168,3363,7,0.00173,374.37,122.25,439.55,243.13
10169,3364,2,0.85412,219.54,53.93,236.12,77.28
10170,3364,2,0.8408,204.5,98.14,228.85,122.43
10171,3364,2,0.83993,127.0,30.37,145.48,48.58
10172,3364,2,0.8355,86.76,67.31,111.09,87.13
10173,3365,3,0.90564,307.32,168.25,359.74,231.71
10174,3365,1,0.87315,368.35,147.49,408.58,188.51
10175,3365,13,0.87082,380.23,108.24,416.33,144.21
10176,3365,3,0.86534,269.62,93.94,319.4,126.09
10177,3365,3,0.8453,250.52,126.64,316.51,166.9
10178,3367,7,0.83703,415.2,46.81,438.58,65.54
10179,3367,7,0.81864,340.11,45.06,362.58,60.75
10180,3369,10,0.86918,235.4,126.6,250.39,138.8
10181,3369,10,0.86141,320.4,115.03,333.8,126.73
10182,3369,11,0.83975,306.76,160.91,319.1,173.76
10183,3369,17,0.83682,265.2,126.75,276.78,138.18
10184,3369,9,0.81502,253.49,147.14,270.33,159.87
10185,3369,17,0.53875,296.56,144.04,309.06,156.51
10186,3369,9,0.51582,290.95,128.15,302.39,139.39
10187,3369,17,0.41309,291.14,128.15,302.4,139.4
10188,3369,9,0.02983,296.58,144.17,309.43,156.39
10189,3369,17,0.02235,253.73,147.27,270.29,159.81
10190,3370,10,0.88424,281.8,118.78,302.38,141.08
10191,3370,9,0.65165,328.15,66.69,345.88,83.52
10192,3370,14,0.10533,98.19,210.66,109.97,234.87
10193,3370,17,0.02967,269.09,25.94,284.77,41.31
10194,3370,10,0.02228,328.17,66.88,346.13,84.66
10195,3370,2,0.01653,6.96,192.43,30.82,245.41
10196,3370,2,0.01234,7.16,193.22,30.49,222.33
10197,3370,17,0.00332,404.9,180.1,411.42,191.33
10198,3370,2,0.00135,36.26,151.36,62.81,172.32
10199,3372,15,0.82629,61.22,117.0,87.38,140.52
10200,3372,15,0.7872,95.88,85.56,114.91,101.72
10201,3372,7,0.62199,15.94,90.63,36.36,105.73
10202,3372,7,0.04859,145.07,73.77,157.94,91.79
10203,3373,11,0.91083,429.73,81.82,479.39,118.61
10204,3373,9,0.90747,327.97,91.76,367.99,136.58
10205,3373,11,0.89487,227.61,161.45,275.07,197.41
10206,3373,9,0.87938,364.69,48.61,399.94,92.68
10207,3373,10,0.8457,261.16,32.77,293.56,67.82
10208,3373,10,0.52714,346.53,141.8,389.82,181.84
10209,3373,11,0.18846,346.47,141.6,389.84,181.82
10210,3373,9,0.0253,482.74,133.32,503.0,147.83
10211,3376,11,0.85032,358.19,42.54,384.51,66.34
10212,3376,11,0.8391,363.43,82.98,391.4,109.22
10213,3376,10,0.49534,413.14,55.48,438.87,82.34
10214,3376,9,0.4104,309.08,63.98,336.89,90.32
10215,3376,10,0.08351,309.09,64.08,336.74,90.39
10216,3376,9,0.07858,413.22,55.54,438.89,82.3
10217,3376,0,0.00852,412.96,55.54,438.78,82.44
10218,3381,5,0.87843,373.25,132.97,498.32,189.77
10219,3381,14,0.86455,333.43,93.65,391.4,237.46
10220,3381,14,0.86036,42.28,122.11,70.72,204.85
10221,3381,5,0.79685,208.43,132.76,333.27,184.68
10222,3381,5,0.03315,101.69,140.91,185.0,177.79
10223,3381,8,0.00683,147.42,141.83,179.33,174.0
10224,3381,5,0.00437,385.86,118.84,426.24,167.35
10225,3381,5,0.00341,485.05,145.39,500.0,199.91
10226,3381,5,0.00291,392.34,118.84,425.69,131.82
10227,3381,5,0.00154,494.75,143.68,500.0,206.1
10228,3381,8,0.00129,33.84,125.24,87.97,196.25
10229,3387,9,0.86199,185.41,205.19,204.54,223.66
10230,3387,9,0.8147,268.34,209.82,290.74,229.34
10231,3387,9,0.80843,283.81,158.74,306.27,176.23
10232,3387,10,0.77706,404.48,143.74,425.06,164.69
10233,3388,2,0.86067,180.93,45.23,199.38,71.82
10234,3388,2,0.85678,266.32,33.85,286.94,59.62
10235,3394,14,0.88655,225.55,113.62,246.59,161.13
10236,3394,14,0.86358,340.84,101.78,365.22,153.95
10237,3394,14,0.84469,387.41,120.33,407.43,142.05
10238,3394,14,0.79599,257.96,106.02,281.66,159.23
10239,3394,14,0.79493,308.53,105.44,328.5,154.93
10240,3394,14,0.02059,173.08,84.34,213.51,144.03
10241,3394,14,0.00928,257.11,110.74,267.42,160.83
10242,3394,14,0.00397,0.68,113.52,38.73,180.89
10243,3394,14,0.00301,351.16,101.86,366.05,151.76
10244,3394,14,0.00227,135.59,89.91,177.09,203.33
10245,3394,14,0.00176,172.09,75.31,238.14,144.6
10246,3394,14,0.00149,265.12,108.38,280.15,157.48
10247,3394,14,0.00126,305.04,111.09,324.01,155.03
10248,3403,2,0.87803,385.29,21.4,408.57,50.12
10249,3403,2,0.86436,290.3,24.32,308.2,52.81
10250,3404,10,0.87592,336.18,131.88,352.46,144.48
10251,3404,9,0.86787,278.42,145.56,294.52,160.06
10252,3404,17,0.86687,312.39,173.19,325.65,186.04
10253,3404,17,0.86339,343.37,172.18,356.86,185.14
10254,3404,10,0.85493,306.55,132.19,321.3,145.59
10255,3404,11,0.85111,318.41,153.34,335.7,167.57
10256,3404,11,0.84067,368.48,142.31,383.44,155.5
10257,3404,9,0.51808,281.32,160.49,295.36,173.39
10258,3404,17,0.34203,281.64,160.89,295.4,173.45
10259,3404,17,0.0019,278.65,145.72,294.74,159.84
10260,3411,2,0.86092,303.93,136.23,321.82,162.88
10261,3411,2,0.8566,389.42,126.09,409.94,151.79
10262,3413,15,0.84121,359.35,164.61,393.42,189.51
10263,3413,15,0.81928,353.61,132.08,372.78,151.62
10264,3413,7,0.79977,279.31,172.05,304.11,190.59
10265,3413,15,0.34427,393.45,107.06,407.31,127.37
10266,3413,2,0.29195,168.57,40.49,178.7,57.27
10267,3413,15,0.01537,321.03,148.47,333.41,162.24
10268,3413,17,0.00703,437.92,143.25,453.86,157.54
10269,3413,7,0.00229,393.69,106.94,407.32,126.27
10270,3418,2,0.86994,390.53,180.62,411.05,207.42
10271,3418,2,0.86003,297.14,120.87,314.68,144.79
10272,3418,2,0.84508,412.22,134.26,431.61,159.16
10273,3418,2,0.827,295.96,173.47,315.67,201.39
10274,3421,14,0.8739,108.2,50.74,141.85,137.8
10275,3421,14,0.81232,44.0,58.64,65.41,113.29
10276,3421,5,0.10702,64.76,77.76,82.18,94.44
10277,3421,14,0.00125,0.0,83.08,4.83,136.05
10278,3421,5,0.00118,372.33,71.24,437.87,135.36
10279,3421,8,0.00114,30.77,67.98,87.72,114.47
10280,3423,14,0.39825,129.67,5.42,295.64,144.23
10281,3423,14,0.02514,0.01,98.26,5.18,128.61
10282,3423,14,0.02101,0.01,78.37,6.79,130.72
10283,3423,1,0.01154,124.15,47.8,156.52,82.06
10284,3423,14,0.01019,131.39,50.97,218.54,144.0
10285,3423,8,0.0077,373.54,47.15,380.0,74.99
10286,3423,8,0.00581,373.0,27.04,380.0,67.84
10287,3423,14,0.00463,125.06,1.06,244.01,90.41
10288,3423,8,0.00271,374.96,51.83,380.0,69.51
10289,3423,8,0.00231,372.28,43.01,380.0,93.91
10290,3423,8,0.00229,367.21,47.75,380.0,82.66
10291,3423,14,0.00222,121.67,47.36,156.78,85.43
10292,3423,14,0.00128,0.0,0.0,26.27,87.91
10293,3423,8,0.00127,348.65,47.51,360.55,64.46
10294,3423,8,0.00123,366.9,32.88,380.0,68.82
10295,3424,5,0.82274,417.17,151.19,499.92,210.43
10296,3424,14,0.74867,288.07,117.36,361.46,247.29
10297,3424,5,0.62991,261.11,157.52,389.55,209.55
10298,3424,5,0.03918,293.18,160.78,391.11,222.71
10299,3424,5,0.02792,261.17,159.6,335.19,211.17
10300,3424,17,0.01293,28.53,112.85,44.11,129.79
10301,3424,14,0.00791,301.31,154.99,390.85,236.72
10302,3424,8,0.00225,491.79,124.67,500.0,173.84
10303,3424,8,0.00173,494.29,107.94,500.0,150.47
10304,3424,14,0.00115,495.88,125.01,500.0,157.64
10305,3426,5,0.82197,284.52,178.23,362.33,205.79
10306,3426,5,0.79033,121.91,171.86,186.35,199.97
10307,3426,8,0.7674,190.62,170.72,215.67,184.68
10308,3426,5,0.7606,38.15,172.57,126.69,212.35
10309,3426,5,0.74359,277.48,165.98,339.83,193.0
10310,3426,14,0.68986,198.09,162.66,208.85,176.43
10311,3426,8,0.66605,42.13,168.97,69.5,185.77
10312,3426,14,0.65858,48.86,158.99,64.25,177.63
10313,3426,5,0.3093,0.0,130.08,32.73,147.03
10314,3426,5,0.28098,0.05,163.47,23.5,184.71
10315,3426,8,0.166,193.14,168.02,212.98,181.87
10316,3426,8,0.11584,107.61,165.4,130.03,183.69
10317,3426,5,0.09138,105.63,143.09,127.97,156.76
10318,3426,14,0.07508,195.09,166.62,208.43,178.17
10319,3426,5,0.06634,170.63,118.46,254.2,160.49
10320,3426,8,0.06192,67.34,138.1,80.04,150.04
10321,3426,5,0.01573,177.26,112.08,200.67,123.56
10322,3426,5,0.01562,468.62,150.57,489.0,171.95
10323,3426,5,0.01439,285.24,166.62,342.5,182.45
10324,3426,5,0.01014,106.58,106.23,205.16,171.45
10325,3426,14,0.00881,129.76,157.95,140.43,172.68
10326,3426,5,0.0084,0.0,147.79,20.17,174.4
10327,3426,5,0.00824,305.33,58.77,343.1,77.81
10328,3426,5,0.00736,0.01,162.74,15.32,183.45
10329,3426,14,0.00724,108.54,165.12,125.26,184.29
10330,3426,5,0.00636,0.0,142.89,20.89,162.46
10331,3426,8,0.006,142.93,161.68,153.04,174.45
10332,3426,14,0.0051,0.28,147.23,17.83,165.81
10333,3426,8,0.00508,126.0,162.84,141.88,179.69
10334,3426,8,0.00482,112.45,162.75,142.09,181.02
10335,3426,14,0.00459,196.55,154.99,208.74,175.76
10336,3426,14,0.00429,115.92,158.19,127.62,174.27
10337,3426,5,0.00428,277.6,166.4,359.68,204.24
10338,3426,5,0.00425,311.71,58.46,349.2,73.18
10339,3426,14,0.00421,42.49,148.87,65.03,173.84
10340,3426,5,0.00399,185.84,113.86,200.6,123.5
10341,3426,5,0.00357,59.41,44.81,81.92,58.82
10342,3426,5,0.00353,123.62,83.7,166.89,106.84
10343,3426,8,0.00307,62.45,140.03,79.56,151.39
10344,3426,5,0.00299,9.9,119.63,34.0,133.04
10345,3426,8,0.00286,141.03,164.72,155.21,175.83
10346,3426,5,0.00284,253.48,62.3,293.94,76.4
10347,3426,14,0.00277,201.03,163.06,214.03,175.75
10348,3426,5,0.00236,306.0,49.68,348.64,84.95
10349,3426,14,0.00235,128.07,159.45,141.43,178.53
10350,3426,5,0.00233,310.02,60.29,349.5,81.97
10351,3426,14,0.00233,70.17,136.16,79.75,148.57
10352,3426,14,0.00232,70.51,131.82,78.84,143.46
10353,3426,5,0.00227,0.0,152.25,13.25,184.92
10354,3426,5,0.0021,417.13,53.23,460.43,69.34
10355,3426,5,0.00201,15.1,121.26,32.28,132.18
10356,3426,14,0.00201,12.1,116.11,24.47,127.62
10357,3426,14,0.00188,145.36,158.15,152.58,173.4
10358,3426,5,0.00188,31.02,110.86,69.18,125.91
10359,3426,5,0.00187,477.29,150.11,489.0,171.73
10360,3426,5,0.00185,466.92,52.26,489.0,79.06
10361,3426,5,0.0018,310.37,68.46,348.65,84.65
10362,3426,5,0.00178,466.02,135.34,489.0,172.81
10363,3426,14,0.00174,199.57,165.81,214.83,178.72
10364,3426,5,0.00168,13.75,115.29,54.57,132.73
10365,3426,8,0.00166,188.62,169.88,217.82,189.84
10366,3426,14,0.00166,114.71,158.32,135.07,177.58
10367,3426,5,0.00159,77.4,148.25,130.18,171.72
10368,3426,14,0.00159,14.0,119.19,28.46,130.13
10369,3426,5,0.00158,31.97,117.48,72.97,136.43
10370,3426,14,0.00148,116.22,158.05,141.57,174.34
10371,3426,5,0.00137,47.73,148.33,83.58,163.92
10372,3426,14,0.00137,2.46,145.67,18.39,158.73
10373,3426,5,0.00127,37.1,109.02,90.24,125.44
10374,3426,5,0.00125,458.12,85.48,488.89,99.33
10375,3426,14,0.00117,190.66,161.12,210.77,177.51
10376,3426,5,0.00116,197.09,67.49,241.43,90.3
10377,3426,14,0.00112,267.24,120.9,278.32,133.41
10378,3426,5,0.00109,164.8,89.61,202.39,107.47
10379,3427,2,0.8742,188.15,162.67,205.38,186.24
10380,3427,2,0.82935,148.03,200.18,173.75,215.77
10381,3428,10,0.90689,72.79,122.82,90.83,138.2
10382,3428,9,0.8616,117.69,86.79,132.3,101.14
10383,3428,17,0.85514,143.28,120.33,157.25,134.03
10384,3428,10,0.85453,180.5,115.29,198.3,130.28
10385,3428,11,0.85208,105.21,59.93,118.29,73.02
10386,3428,17,0.8383,114.26,125.8,128.32,139.88
10387,3428,9,0.43742,165.8,82.31,183.94,96.65
10388,3428,17,0.24447,165.92,82.31,183.97,96.66
10389,3429,16,0.86505,0.0,137.54,9.74,159.04
10390,3429,8,0.85871,234.68,114.35,256.27,150.66
10391,3429,8,0.83142,285.56,109.94,307.56,148.97
10392,3429,16,0.81208,9.64,137.32,24.82,158.23
10393,3429,16,0.80033,35.77,135.67,49.49,154.89
10394,3429,16,0.7954,23.38,136.02,35.74,156.42
10395,3429,16,0.72481,49.2,134.98,60.63,153.7
10396,3429,16,0.70479,80.09,133.49,90.5,149.91
10397,3429,16,0.70058,149.22,127.06,158.37,136.94
10398,3429,16,0.69113,60.22,134.31,70.63,152.68
10399,3429,16,0.67987,70.29,132.94,80.28,151.09
10400,3429,16,0.67435,105.42,132.7,114.61,147.59
10401,3429,5,0.65034,256.41,117.07,272.42,134.54
10402,3429,16,0.64222,97.65,133.05,106.27,148.24
10403,3429,16,0.63703,111.24,125.38,120.98,135.18
10404,3429,16,0.60994,89.99,132.9,97.98,149.06
10405,3429,14,0.36526,238.31,113.54,254.42,127.94
10406,3429,14,0.10871,159.62,106.53,169.26,126.45
10407,3429,16,0.04714,159.02,122.67,167.43,131.25
10408,3429,16,0.03605,61.67,133.44,79.76,152.09
10409,3429,14,0.02912,286.88,109.55,305.24,128.6
10410,3429,16,0.02541,158.94,107.68,167.44,130.04
10411,3429,16,0.02236,158.92,116.63,167.31,130.38
10412,3429,16,0.02092,109.49,133.86,118.83,146.76
10413,3429,16,0.01326,111.62,132.21,122.7,148.18
10414,3429,16,0.01216,113.11,125.42,125.04,135.14
10415,3429,16,0.01062,158.91,124.45,167.26,134.79
10416,3429,14,0.00915,236.92,113.42,254.94,143.49
10417,3429,16,0.00674,137.38,129.14,149.48,137.76
10418,3429,16,0.00418,111.26,130.96,120.51,137.2
10419,3429,16,0.00304,114.17,136.81,124.37,147.72
10420,3429,16,0.00245,0.0,138.92,4.67,160.68
10421,3429,5,0.00208,14.2,134.38,71.5,154.33
10422,3429,16,0.00207,0.15,157.71,3.66,175.44
10423,3429,8,0.00151,286.64,110.29,306.57,133.02
10424,3429,16,0.00129,155.8,120.45,166.51,129.73
10425,3429,16,0.00115,87.41,131.73,92.95,148.74
10426,3429,16,0.00108,143.29,127.68,153.46,136.88
10427,3430,14,0.87454,330.61,88.24,353.38,152.78
10428,3430,14,0.85784,43.32,127.15,58.77,154.05
10429,3430,14,0.83682,403.18,98.34,421.06,128.19
10430,3430,14,0.83172,0.0,107.59,24.32,187.03
10431,3430,8,0.78373,201.83,116.75,228.25,138.27
10432,3430,5,0.73601,82.6,125.35,97.03,134.83
10433,3430,16,0.6533,12.85,117.15,35.54,154.54
10434,3430,14,0.52773,178.02,106.49,194.73,123.28
10435,3430,14,0.4637,31.03,126.43,44.45,154.04
10436,3430,14,0.23185,0.01,107.65,12.94,184.11
10437,3430,16,0.21187,30.79,125.42,44.61,154.16
10438,3430,14,0.16871,41.11,125.51,69.61,138.58
10439,3430,14,0.12455,35.77,123.82,71.2,135.28
10440,3430,14,0.08406,159.13,111.72,167.75,125.71
10441,3430,14,0.06898,32.11,123.82,54.28,132.53
10442,3430,14,0.06181,164.03,108.02,172.5,125.04
10443,3430,14,0.04742,161.71,110.74,169.09,125.6
10444,3430,5,0.03159,66.48,126.82,87.18,137.03
10445,3430,14,0.02036,36.15,125.51,58.6,137.04
10446,3430,14,0.01678,31.41,120.85,56.36,131.09
10447,3430,14,0.01159,156.86,114.61,167.36,127.81
10448,3430,14,0.00635,0.0,109.08,9.12,169.87
10449,3430,14,0.0058,36.88,120.03,70.51,132.08
10450,3430,8,0.0051,0.0,101.03,27.99,187.32
10451,3430,14,0.00452,43.05,126.46,58.92,141.09
10452,3430,14,0.00447,0.0,106.33,6.8,153.0
10453,3430,5,0.00402,80.84,130.53,96.45,140.0
10454,3430,14,0.00366,54.2,125.92,68.01,141.5
10455,3430,14,0.00345,399.28,97.03,408.9,121.53
10456,3430,8,0.003,0.0,107.28,60.72,185.4
10457,3430,16,0.00293,17.72,119.33,47.07,135.35
10458,3430,14,0.00258,181.98,105.62,193.26,120.99
10459,3430,16,0.00256,24.28,119.64,42.76,141.12
10460,3430,14,0.00225,30.65,123.72,45.18,136.77
10461,3430,16,0.00215,16.43,116.66,34.74,137.58
10462,3430,14,0.00178,438.53,69.55,452.92,125.91
10463,3430,14,0.00138,0.02,163.85,4.12,189.61
10464,3430,14,0.00136,156.06,112.44,164.42,127.0
10465,3430,14,0.00132,30.15,122.53,48.62,133.96
10466,3430,5,0.00129,67.18,127.49,78.74,137.51
10467,3430,14,0.00116,201.49,111.49,211.09,121.33
10468,3430,14,0.00101,0.02,106.98,6.41,133.18
10469,3432,5,0.85989,171.71,106.51,199.0,128.45
10470,3432,5,0.83416,226.69,108.92,272.09,138.96
10471,3432,5,0.78078,206.01,92.21,228.92,110.67
10472,3432,5,0.76954,195.1,71.66,211.4,85.36
10473,3432,5,0.71962,215.05,65.11,231.11,77.05
10474,3432,5,0.08711,90.58,60.61,124.34,77.82
10475,3432,5,0.05082,43.74,73.12,83.35,87.82
10476,3432,5,0.01678,208.7,57.54,304.89,100.47
10477,3432,5,0.01545,0.0,73.81,28.54,87.01
10478,3432,5,0.01319,171.08,53.99,232.46,81.89
10479,3432,5,0.00782,0.0,65.55,22.37,87.93
10480,3432,5,0.00315,0.34,65.66,19.38,79.65
10481,3432,5,0.00218,240.09,60.65,303.2,104.36
10482,3432,5,0.00174,157.68,62.34,214.88,94.16
10483,3432,8,0.00165,47.41,92.51,73.14,106.8
10484,3432,5,0.00135,36.85,33.32,63.53,44.3
10485,3432,5,0.00114,46.26,92.06,71.97,106.89
10486,3432,5,0.00107,144.73,59.92,158.72,69.89
10487,3432,5,0.00106,173.66,52.78,227.35,73.66
10488,3433,17,0.52669,165.06,186.92,183.03,204.2
10489,3433,17,0.07841,275.82,169.97,292.04,186.27
10490,3433,2,0.00124,484.5,0.0,491.0,8.12
10491,3435,14,0.87098,161.56,94.3,203.13,215.45
10492,3435,14,0.85432,135.87,112.75,168.79,203.7
10493,3435,14,0.8477,303.62,132.41,326.33,215.39
10494,3435,14,0.82327,246.14,133.04,272.3,207.38
10495,3435,5,0.81177,403.54,177.31,479.45,219.16
10496,3435,14,0.51653,203.81,127.16,252.08,204.3
10497,3435,14,0.05363,213.15,128.25,233.66,165.44
10498,3435,8,0.0292,0.03,111.22,14.35,208.76
10499,3435,8,0.01166,187.58,147.78,226.63,203.2
10500,3435,5,0.00424,0.0,123.19,9.03,182.47
10501,3435,5,0.00337,488.75,177.11,500.0,205.21
10502,3435,8,0.00276,0.02,133.46,15.52,193.65
10503,3435,5,0.00274,483.24,175.6,500.0,202.04
10504,3435,14,0.00199,215.45,127.72,245.13,166.08
10505,3435,14,0.00185,216.34,127.89,233.4,153.67
10506,3435,14,0.00181,141.35,113.37,165.45,130.11
10507,3435,8,0.00133,204.85,126.38,285.27,208.01
10508,3437,9,0.91469,321.03,41.75,344.72,64.49
10509,3437,11,0.88617,325.95,170.43,352.13,191.42
10510,3437,9,0.88413,276.73,46.57,299.68,66.26
10511,3437,10,0.88394,370.84,124.84,391.07,148.33
10512,3437,10,0.87994,368.51,81.15,391.74,102.36
10513,3437,11,0.87457,292.66,96.04,315.93,120.43
10514,3437,9,0.8669,237.73,127.91,256.11,146.26
10515,3437,17,0.8596,239.12,87.73,257.0,105.63
10516,3437,17,0.01562,238.1,127.95,255.94,146.28
10517,3437,13,0.00108,325.77,170.53,352.61,191.26
10518,3439,12,0.92723,105.3,172.76,139.24,207.41
10519,3439,12,0.91913,152.81,100.69,182.07,130.02
10520,3439,4,0.90637,199.76,143.22,234.61,199.27
10521,3439,0,0.90443,288.49,195.04,330.31,237.36
10522,3439,3,0.89501,400.02,137.58,462.24,194.3
10523,3439,0,0.88793,248.71,91.29,282.91,124.5
10524,3439,13,0.86761,287.14,137.51,322.71,172.76
10525,3439,1,0.85099,349.34,99.17,386.79,139.06
10526,3439,3,0.84829,230.79,57.26,300.76,90.45
10527,3440,15,0.91581,172.79,151.7,213.08,194.19
10528,3440,6,0.86694,113.49,85.93,194.38,129.79
10529,3440,15,0.8341,110.84,43.24,133.93,67.66
10530,3440,2,0.80469,237.21,83.92,261.7,108.08
10531,3440,6,0.00128,113.28,88.18,162.91,130.23
10532,3441,9,0.87391,300.42,195.82,315.97,208.94
10533,3441,10,0.81958,433.68,218.33,448.21,233.56
10534,3441,17,0.81605,271.96,173.35,284.28,185.19
10535,3441,9,0.64533,360.48,190.15,375.64,205.39
10536,3441,10,0.22674,360.87,190.12,375.61,205.47
10537,3441,10,0.00436,300.38,195.77,316.0,209.11
10538,3444,9,0.88095,281.0,99.87,296.22,117.21
10539,3444,9,0.87676,265.09,130.25,280.25,148.85
10540,3444,10,0.8699,350.4,110.53,367.79,126.57
10541,3444,10,0.84123,370.67,73.65,385.1,88.01
10542,3444,9,0.65194,192.04,108.28,206.01,122.01
10543,3444,17,0.34571,192.2,108.52,206.11,121.99
10544,3444,6,0.00541,163.17,67.28,202.9,87.26
10545,3445,17,0.48102,288.75,0.1,318.4,27.7
10546,3445,17,0.06859,324.91,156.15,349.66,193.23
10547,3446,15,0.91399,139.71,53.95,164.81,82.57
10548,3446,15,0.85709,36.69,60.74,69.55,92.94
10549,3446,15,0.85035,65.92,29.76,86.49,52.97
10550,3450,5,0.65999,36.11,34.01,331.84,161.87
10551,3450,8,0.01242,454.7,64.7,503.97,131.74
10552,3450,8,0.00686,474.72,67.61,504.0,132.35
10553,3450,14,0.00384,500.35,45.99,504.0,80.26
10554,3450,8,0.00313,19.75,34.16,352.4,162.44
10555,3450,8,0.00241,495.58,85.57,504.0,132.35
10556,3450,14,0.00173,497.04,46.88,504.0,82.25
10557,3450,8,0.00157,490.9,81.89,503.98,131.82
10558,3450,14,0.00149,499.95,47.72,504.0,95.54
10559,3450,5,0.00134,466.46,64.73,504.0,128.19
10560,3450,5,0.00118,486.34,69.54,504.0,100.45
10561,3455,10,0.87338,331.8,114.38,349.43,131.52
10562,3455,9,0.86543,245.3,138.33,261.5,157.45
10563,3455,9,0.85749,253.61,108.51,270.41,126.19
10564,3455,17,0.84417,158.46,120.36,173.87,135.0
10565,3455,6,0.00886,118.03,80.86,162.25,102.81
10566,3456,15,0.9255,107.71,63.11,148.69,109.96
10567,3456,15,0.91234,92.81,171.97,132.66,216.95
10568,3457,7,0.91476,37.32,112.24,84.16,155.6
10569,3457,7,0.89136,139.53,103.44,179.02,141.95
10570,3464,8,0.00463,263.26,0.56,325.03,72.22
10571,3464,8,0.00348,268.84,0.35,323.63,45.59
10572,3465,15,0.87892,235.06,23.31,257.98,52.08
10573,3465,15,0.86898,150.14,38.51,171.81,64.86
10574,3471,10,0.87414,277.75,75.54,296.28,90.86
10575,3471,10,0.87405,169.3,84.61,187.23,100.21
10576,3471,9,0.87376,213.11,47.66,227.74,62.12
10577,3471,11,0.85459,199.75,20.66,213.28,33.6
10578,3471,17,0.84386,210.91,87.24,224.97,101.31
10579,3471,9,0.8398,262.27,42.04,280.42,56.49
10580,3471,17,0.83426,239.71,81.46,253.85,94.95
10581,3471,17,0.00349,262.3,42.25,280.55,56.5
10582,3476,0,0.89949,338.36,46.08,379.05,83.43
10583,3476,1,0.88044,328.4,113.73,373.05,159.72
10584,3476,0,0.87782,256.77,63.26,296.62,98.06
10585,3480,10,0.8748,75.51,87.17,93.45,102.0
10586,3480,9,0.86845,162.17,89.33,178.64,104.03
10587,3480,17,0.86713,132.31,71.44,145.81,84.6
10588,3480,10,0.85831,152.19,46.1,167.09,60.2
10589,3480,11,0.85015,196.68,106.18,214.75,121.39
10590,3480,17,0.83553,108.31,77.74,121.96,91.55
10591,3480,9,0.71802,125.07,106.02,142.99,122.96
10592,3480,17,0.00101,124.95,105.88,142.87,123.08
10593,3481,13,0.82938,103.01,169.47,143.22,210.64
10594,3481,12,0.82025,220.34,181.9,257.12,213.56
10595,3481,12,0.76246,196.1,121.72,234.67,156.69
10596,3481,0,0.02396,195.58,121.22,234.81,156.88
10597,3484,10,0.86952,304.44,160.35,318.7,172.19
10598,3484,11,0.86389,377.07,194.07,389.58,207.26
10599,3484,9,0.85779,322.87,180.67,339.06,193.46
10600,3484,10,0.85656,390.02,147.5,403.5,158.8
10601,3484,17,0.81732,333.98,159.8,345.4,171.15
10602,3484,17,0.57373,366.17,177.24,378.97,189.83
10603,3484,9,0.39249,366.18,177.21,378.87,189.77
10604,3484,17,0.38116,360.12,161.1,371.11,171.96
10605,3484,9,0.28534,360.06,160.98,371.49,172.04
10606,3484,17,0.00156,322.99,180.84,339.05,193.6
10607,3486,10,0.88161,167.68,66.84,185.08,81.39
10608,3486,17,0.87128,199.58,58.42,213.11,72.26
10609,3486,9,0.86281,251.98,71.82,268.3,86.52
10610,3486,11,0.85853,285.58,90.39,303.04,105.18
10611,3486,10,0.8435,243.95,28.21,258.88,42.3
10612,3486,17,0.82146,223.33,52.86,236.58,66.02
10613,3486,9,0.75048,214.13,87.46,232.65,104.31
10614,3486,17,0.00178,214.03,87.48,232.74,104.18
10615,3486,5,0.00146,89.0,15.2,124.75,36.61
10616,3488,10,0.86953,219.73,57.57,232.74,68.63
10617,3488,10,0.85586,226.81,68.82,238.03,79.82
10618,3488,11,0.85138,182.77,68.3,195.91,80.03
10619,3488,11,0.84675,209.86,83.96,223.88,95.12
10620,3488,17,0.8117,153.12,71.65,163.34,81.97
10621,3488,17,0.71006,157.26,81.83,167.29,92.79
10622,3488,17,0.38934,168.11,57.72,180.78,68.03
10623,3488,9,0.04516,190.51,51.79,204.04,63.06
10624,3488,17,0.00293,190.42,52.09,203.79,63.19
10625,3488,11,0.00202,189.52,54.27,201.42,64.42
10626,3489,14,0.63096,247.32,0.28,298.81,47.29
10627,3489,14,0.01205,247.38,1.01,306.14,88.06
10628,3493,15,0.84402,390.34,147.71,428.62,176.91
10629,3493,15,0.84309,280.28,174.09,311.82,200.52
10630,3493,15,0.8353,299.16,104.09,326.59,129.78
10631,3493,15,0.00215,460.67,144.98,469.0,214.99
10632,3493,15,0.00186,463.98,147.95,469.0,205.57
10633,3493,15,0.00108,458.82,151.92,469.0,196.97
10634,3496,4,0.85345,259.72,110.52,317.19,147.82
10635,3496,13,0.81133,135.75,79.42,167.35,107.12
10636,3496,1,0.78141,92.23,159.43,132.29,196.19
10637,3496,0,0.0067,374.26,34.76,405.65,66.97
10638,3496,4,0.0028,270.48,127.13,317.38,148.33
10639,3500,2,0.87445,134.31,169.79,151.84,183.41
10640,3500,2,0.87415,47.65,166.48,66.26,179.58
10641,3500,2,0.86732,110.03,188.41,127.85,203.07
10642,3500,2,0.74796,81.68,149.34,96.6,162.12
10643,3500,6,0.00144,499.64,134.82,508.0,154.88
10644,3508,10,0.8762,34.45,127.94,50.24,141.94
10645,3508,10,0.87246,135.01,130.09,151.16,143.26
10646,3508,17,0.86313,66.27,133.31,78.96,146.06
10647,3508,11,0.85279,73.15,180.02,86.58,194.99
10648,3508,9,0.8279,96.07,139.63,109.06,151.78
10649,3508,9,0.81161,31.67,154.78,50.83,168.37
10650,3508,9,0.79315,82.68,159.03,96.7,173.19
10651,3508,17,0.0155,82.61,158.81,96.68,173.29
10652,3508,17,0.00894,96.24,139.68,108.9,151.77
10653,3508,17,0.00161,31.69,154.94,50.89,168.57
10654,3510,4,0.90539,179.84,64.1,218.08,115.26
10655,3510,1,0.85458,317.04,124.18,348.16,153.42
10656,3510,13,0.84324,201.4,175.56,233.91,206.7
10657,3510,6,0.00159,454.25,158.68,495.87,187.68
10658,3510,2,0.001,362.46,22.41,388.83,40.35
10659,3512,5,0.89718,212.85,34.36,283.06,71.92
10660,3512,5,0.89479,26.48,64.74,98.56,111.37
10661,3512,5,0.89344,81.15,43.42,150.66,91.84
10662,3512,5,0.87362,50.88,18.82,99.84,47.34
10663,3512,5,0.85953,403.59,176.33,499.99,255.24
10664,3512,5,0.84485,330.69,81.66,433.76,136.63
10665,3512,5,0.84468,218.37,84.84,338.36,161.29
10666,3512,5,0.84055,15.14,1.3,52.07,19.32
10667,3512,5,0.8289,0.0,18.27,28.68,47.52
10668,3512,5,0.80549,135.96,37.2,193.09,71.66
10669,3512,5,0.05211,279.68,160.21,341.36,208.22
10670,3512,5,0.003,404.16,212.75,500.0,255.84
10671,3512,5,0.0016,478.77,69.28,500.0,126.67
10672,3513,17,0.87997,385.27,56.37,400.21,70.05
10673,3513,9,0.84152,438.59,49.6,455.83,61.54
10674,3513,17,0.73416,341.57,63.63,355.87,78.62
10675,3513,9,0.27696,386.82,32.64,401.59,44.97
10676,3513,17,0.02021,386.83,32.67,401.6,45.38
10677,3513,2,0.01392,393.99,86.82,414.84,102.02
10678,3513,2,0.00581,386.59,32.71,401.65,45.71
10679,3514,7,0.9041,393.42,136.63,419.3,159.42
10680,3514,7,0.86227,215.18,160.59,247.04,185.78
10681,3514,17,0.01576,279.85,208.36,305.47,228.89
10682,3515,9,0.87333,329.17,68.12,345.12,81.29
10683,3515,9,0.85117,387.85,53.14,403.56,67.58
10684,3515,10,0.85068,464.79,67.32,479.8,82.6
10685,3515,17,0.83026,297.58,51.76,309.73,63.33
10686,3515,17,0.00891,387.88,53.28,403.44,67.44
10687,3515,17,0.00147,260.25,109.94,266.24,118.78
10688,3517,10,0.8901,129.22,207.75,149.67,225.85
10689,3517,9,0.87747,222.92,185.34,243.24,201.4
10690,3517,17,0.85414,157.1,187.05,173.18,203.11
10691,3517,11,0.84921,275.33,196.9,297.59,212.06
10692,3517,10,0.84063,179.81,135.26,195.97,151.83
10693,3517,17,0.83304,173.98,171.37,189.1,186.58
10694,3517,9,0.73439,201.04,216.48,220.42,237.14
10695,3518,14,0.03755,289.28,7.31,507.0,244.95
10696,3518,7,0.01925,260.14,89.32,277.93,108.38
10697,3518,16,0.00214,488.85,85.91,507.0,161.38
10698,3518,6,0.00121,274.24,157.7,339.99,203.97
10699,3520,14,0.85621,221.23,137.74,267.78,245.71
10700,3520,5,0.77929,293.06,176.09,366.79,220.08
10701,3520,5,0.05571,0.0,173.97,186.07,224.49
10702,3520,5,0.01987,50.39,188.75,194.97,226.12
10703,3520,5,0.00469,0.0,223.79,75.29,255.82
10704,3520,5,0.00325,62.8,227.62,156.71,256.0
10705,3522,5,0.91112,75.28,4.9,266.81,94.11
10706,3522,5,0.87272,0.0,16.77,78.16,86.15
10707,3522,5,0.73973,253.01,1.48,349.93,68.49
10708,3522,5,0.1625,185.33,0.78,348.98,69.57
10709,3522,8,0.0151,303.56,0.0,339.19,9.93
10710,3522,8,0.00318,301.71,0.42,318.78,7.71
10711,3522,8,0.00299,309.27,0.0,356.69,9.62
10712,3522,8,0.00209,182.75,0.32,209.27,8.55
10713,3523,8,0.88246,161.76,110.83,215.54,181.79
10714,3523,16,0.78934,20.83,123.68,35.4,146.36
10715,3523,16,0.77246,4.99,124.44,21.72,147.83
10716,3523,14,0.75772,167.24,92.67,211.3,121.63
10717,3523,14,0.70783,302.44,102.51,319.82,118.38
10718,3523,8,0.68099,298.23,111.21,322.15,146.2
10719,3523,16,0.66068,0.02,123.68,5.58,147.16
10720,3523,16,0.62883,34.94,124.15,49.89,145.4
10721,3523,16,0.59335,61.03,123.19,74.83,142.37
10722,3523,16,0.46654,49.03,123.37,60.8,143.16
10723,3523,16,0.38868,74.31,122.05,85.83,141.6
10724,3523,16,0.32092,85.23,121.56,96.08,140.76
10725,3523,16,0.2932,130.63,122.09,139.68,136.7
10726,3523,16,0.24331,104.91,121.38,115.77,138.48
10727,3523,16,0.23945,136.68,114.49,146.73,124.4
10728,3523,16,0.21816,95.73,121.07,105.71,138.97
10729,3523,8,0.17234,278.28,112.25,297.68,146.19
10730,3523,16,0.17006,114.96,121.32,123.54,137.35
10731,3523,16,0.15669,122.63,121.61,131.83,136.74
10732,3523,8,0.0753,275.96,99.08,304.63,146.5
10733,3523,14,0.03702,165.56,92.04,211.89,155.27
10734,3523,16,0.01316,132.99,120.41,141.45,129.09
10735,3523,16,0.01276,132.19,122.48,142.49,137.61
10736,3523,14,0.01083,200.04,106.12,212.61,121.18
10737,3523,16,0.00791,136.05,120.53,146.09,136.12
10738,3523,8,0.00558,279.9,99.35,303.69,124.09
10739,3523,14,0.00385,162.27,104.6,176.72,126.94
10740,3523,16,0.0025,136.91,116.67,147.98,126.16
10741,3523,8,0.00231,274.88,111.88,289.02,136.05
10742,3523,16,0.00187,125.37,119.35,136.06,135.75
10743,3523,16,0.00147,138.66,114.26,150.93,124.67
10744,3523,8,0.00129,274.22,111.12,285.7,127.65
10745,3523,14,0.00124,162.49,103.73,173.89,118.21
10746,3523,14,0.00114,171.12,92.83,200.21,114.86
10747,3524,4,0.88592,234.08,90.27,329.85,169.41
10748,3524,13,0.87683,392.79,105.65,444.07,152.68
10749,3524,7,0.00403,342.06,94.45,361.23,110.83
10750,3524,14,0.00245,331.81,0.91,433.7,82.8
10751,3524,14,0.0016,231.8,1.38,385.72,84.34
10752,3527,15,0.92625,289.08,18.7,369.38,89.6
10753,3527,15,0.00217,289.89,20.58,326.02,88.78
10754,3527,5,0.00212,370.98,0.0,452.0,90.16
10755,3530,2,0.88399,126.86,68.81,156.11,105.55
10756,3530,2,0.80237,134.56,38.76,153.49,57.27
10757,3530,2,0.61795,61.66,54.35,79.84,71.81
10758,3530,17,0.03483,61.79,54.48,79.91,71.85
10759,3530,17,0.0025,134.7,38.92,153.22,57.37
10760,3532,6,0.89183,146.77,78.98,216.71,115.16
10761,3532,15,0.84103,68.64,56.78,87.58,80.6
10762,3533,10,0.74271,180.54,81.8,208.2,108.93
10763,3533,10,0.66066,349.54,104.2,378.74,132.78
10764,3533,11,0.02414,180.05,81.69,208.13,108.84
10765,3533,7,0.00111,0.02,79.0,54.78,180.22
10766,3540,11,0.89535,138.36,71.62,160.58,96.78
10767,3540,10,0.8878,76.33,39.05,99.67,61.61
10768,3540,11,0.8875,132.28,19.78,158.9,39.64
10769,3540,9,0.88331,129.61,119.29,156.48,142.02
10770,3540,10,0.88092,55.03,70.17,77.15,94.24
10771,3540,17,0.86865,208.7,65.43,228.11,85.32
10772,3540,17,0.77871,193.53,96.28,213.56,116.97
10773,3540,17,0.69458,80.92,108.79,105.06,136.3
10774,3540,9,0.62931,193.2,96.17,213.63,117.01
10775,3540,9,0.59307,80.79,108.87,105.07,136.27
10776,3545,5,0.86251,216.03,197.77,274.7,231.67
10777,3545,5,0.82765,352.04,153.71,378.35,169.84
10778,3545,5,0.82189,266.51,154.41,298.62,175.09
10779,3545,5,0.80477,418.33,128.82,433.91,140.35
10780,3545,5,0.68114,344.59,144.74,364.58,157.43
10781,3545,5,0.3072,386.84,139.56,412.61,156.55
10782,3545,5,0.17557,386.79,141.78,398.65,154.57
10783,3545,5,0.012,386.85,143.95,394.59,154.71
10784,3545,5,0.00472,0.0,154.21,26.3,173.92
10785,3545,5,0.00206,358.03,146.12,367.75,155.73
10786,3545,5,0.00199,453.42,116.45,464.84,125.67
10787,3545,5,0.00159,135.68,171.47,159.68,183.73
10788,3545,5,0.00147,386.82,140.36,394.08,149.64
10789,3545,5,0.00122,16.04,67.2,53.73,81.35
10790,3545,5,0.00114,16.03,73.09,50.14,87.51
10791,3546,5,0.87594,285.46,99.06,426.28,167.45
10792,3546,8,0.75321,3.71,128.43,80.08,194.42
10793,3546,14,0.3258,114.21,116.63,130.49,165.02
10794,3546,14,0.14961,0.0,116.14,23.21,181.21
10795,3546,8,0.03279,0.0,116.35,21.91,181.53
10796,3546,5,0.03081,153.12,112.39,258.48,153.9
10797,3546,14,0.02444,20.51,121.02,77.94,194.64
10798,3546,14,0.01869,469.67,106.83,474.0,141.7
10799,3546,14,0.01812,467.56,105.92,474.0,148.14
10800,3546,5,0.01773,177.11,106.68,292.97,157.71
10801,3546,14,0.01078,467.42,100.15,474.0,169.71
10802,3546,14,0.01002,469.5,86.54,474.0,142.78
10803,3546,14,0.00702,469.23,103.88,474.0,160.28
10804,3546,14,0.00571,30.67,110.47,66.26,188.09
10805,3546,8,0.00539,0.0,67.31,28.6,185.16
10806,3546,14,0.0034,0.01,76.72,28.62,173.75
10807,3546,14,0.00317,225.57,129.28,244.23,164.7
10808,3546,14,0.00254,0.0,111.7,6.08,188.69
10809,3546,8,0.00238,0.0,129.34,4.65,184.49
10810,3546,14,0.00221,467.39,79.35,474.0,139.03
10811,3546,14,0.00163,107.74,115.62,126.49,161.36
10812,3549,10,0.90462,55.5,186.72,73.6,201.63
10813,3549,9,0.89482,105.01,205.82,123.71,223.13
10814,3549,9,0.87091,143.33,188.43,159.72,203.61
10815,3549,10,0.85849,133.45,144.97,148.7,158.78
10816,3549,17,0.84962,88.91,177.17,102.43,190.84
10817,3549,11,0.8458,178.01,205.66,195.92,220.78
10818,3549,17,0.82239,113.26,170.33,126.87,183.36
10819,3549,17,0.00543,143.39,188.41,159.61,203.28
10820,3551,2,0.89448,297.63,137.58,331.96,163.55
10821,3551,2,0.88693,418.56,155.26,449.24,183.08
10822,3552,0,0.93357,164.19,145.68,211.54,194.62
10823,3552,4,0.93048,144.66,80.41,196.06,143.35
10824,3552,12,0.91755,216.11,104.63,260.24,143.47
10825,3552,3,0.89626,253.97,134.83,347.12,198.76
10826,3552,1,0.86567,253.77,62.04,293.53,100.71
10827,3553,7,0.87219,296.66,177.29,324.9,204.39
10828,3553,7,0.86056,399.96,112.62,424.04,135.86
10829,3554,7,0.83705,389.56,14.72,415.58,39.26
10830,3554,7,0.80402,381.02,65.5,409.42,89.12
10831,3554,15,0.00121,489.47,59.68,495.0,96.84
10832,3558,17,0.8605,211.69,103.35,232.79,126.0
10833,3558,17,0.70449,261.8,130.46,284.82,153.28
10834,3558,2,0.22466,158.76,77.94,181.0,102.73
10835,3558,2,0.04906,261.62,129.47,285.37,153.07
10836,3558,2,0.00309,169.76,146.54,200.17,168.32
10837,3558,10,0.00198,211.73,103.4,233.08,126.8
10838,3558,9,0.0016,261.7,130.3,285.92,153.77
10839,3558,9,0.00122,159.04,77.9,181.34,101.9
10840,3561,10,0.88691,297.36,123.92,329.65,154.66
10841,3561,10,0.51693,251.47,80.99,279.25,111.72
10842,3565,7,0.89897,327.4,38.34,364.15,69.65
10843,3565,2,0.88152,402.94,43.14,445.23,91.69
10844,3566,8,0.8865,155.54,78.87,299.13,159.18
10845,3566,5,0.40062,86.12,27.59,132.15,50.27
10846,3566,8,0.12299,0.0,49.33,9.78,88.1
10847,3566,8,0.07184,0.0,48.21,5.58,89.28
10848,3566,14,0.04774,361.23,73.19,435.68,177.95
10849,3566,5,0.02678,290.18,0.31,367.42,27.01
10850,3566,14,0.02024,0.0,49.71,9.99,86.81
10851,3566,5,0.00841,214.01,3.0,308.7,41.63
10852,3566,14,0.00794,373.66,77.55,426.08,147.46
10853,3566,8,0.00774,0.03,68.19,3.79,89.82
10854,3566,2,0.00454,0.0,48.98,10.08,88.0
10855,3566,8,0.00315,290.38,0.35,345.04,27.23
10856,3566,14,0.00204,25.58,38.87,34.16,57.7
10857,3566,14,0.00181,176.06,12.1,189.42,58.11
10858,3566,5,0.00156,269.07,22.88,293.63,33.29
10859,3566,14,0.00101,165.68,25.27,176.36,57.2
10860,3571,5,0.89953,238.38,36.96,496.0,201.6
10861,3571,5,0.87712,115.5,37.78,249.95,114.9
10862,3571,5,0.84897,1.46,35.58,112.17,120.97
10863,3571,5,0.6157,90.83,35.04,136.44,59.72
10864,3571,5,0.59579,1.94,35.85,131.92,199.04
10865,3571,5,0.39267,1.55,110.81,158.63,232.9
10866,3571,5,0.2202,360.77,34.38,496.0,97.22
10867,3571,5,0.13417,246.86,0.63,326.01,38.85
10868,3571,5,0.00445,214.62,12.18,362.49,91.32
10869,3571,5,0.00385,487.86,35.75,496.0,57.73
10870,3571,5,0.00148,490.33,36.78,496.0,64.57
10871,3571,8,0.00142,0.0,58.81,8.24,103.98
10872,3571,5,0.00138,0.0,50.93,7.9,106.22
10873,3571,5,0.00112,487.56,36.38,496.0,71.78
10874,3571,5,0.00109,491.44,32.86,496.0,54.5
10875,3571,5,0.00108,0.01,47.97,18.48,102.38
10876,3571,8,0.001,0.0,63.41,4.19,104.83
10877,3573,4,0.89496,130.12,149.53,238.93,197.37
10878,3573,13,0.87019,69.9,84.69,109.18,125.49
10879,3573,1,0.85075,118.25,32.26,159.41,74.08
10880,3573,3,0.00136,0.03,67.05,14.37,149.45
10881,3573,3,0.00129,0.04,62.12,22.45,153.74
10882,3573,0,0.00122,117.94,32.86,159.57,73.95
10883,3576,2,0.84742,161.14,185.92,188.03,209.09
10884,3576,2,0.02174,66.57,205.3,89.01,227.64
10885,3579,17,0.86379,259.38,191.8,282.11,213.86
10886,3579,17,0.05942,383.41,130.89,401.31,150.15
10887,3583,9,0.85058,309.99,145.42,333.09,164.97
10888,3583,9,0.84999,227.55,145.38,246.62,163.99
10889,3583,9,0.83675,322.13,93.93,346.25,111.59
10890,3583,10,0.81829,444.03,72.39,465.51,92.95
10891,3583,17,0.00552,492.37,103.99,500.0,128.74
10892,3584,11,0.88913,380.63,107.88,429.37,148.5
10893,3584,0,0.85793,273.43,165.11,326.31,215.25
10894,3584,11,0.79221,192.28,130.54,234.3,170.26
10895,3584,0,0.34082,292.7,78.68,335.65,114.61
10896,3584,9,0.32209,292.8,78.84,335.89,115.88
10897,3585,15,0.90166,96.57,139.43,127.02,171.92
10898,3585,7,0.86401,37.61,184.12,59.95,208.33
10899,3585,15,0.83679,20.12,123.41,46.91,146.08
10900,3585,7,0.83241,12.65,90.93,33.4,110.83
10901,3585,7,0.0466,0.0,121.9,4.25,132.52
10902,3585,15,0.01985,22.82,155.52,38.37,170.45
10903,3588,14,0.81677,317.38,103.07,338.73,139.69
10904,3588,14,0.6919,27.53,146.89,43.4,180.14
10905,3588,14,0.41013,74.82,145.17,88.39,173.15
10906,3588,14,0.24039,41.31,141.88,55.57,175.38
10907,3588,14,0.11689,0.01,152.0,8.85,189.75
10908,3588,14,0.04501,108.94,133.41,128.94,164.51
10909,3588,14,0.03365,63.76,148.03,76.72,174.88
10910,3588,14,0.01374,0.0,141.8,8.74,206.79
10911,3588,14,0.00944,0.01,154.55,5.52,195.2
10912,3588,14,0.00555,64.27,145.86,86.05,175.25
10913,3588,14,0.00405,30.88,144.21,50.06,179.2
10914,3588,14,0.00365,76.42,143.44,95.07,166.9
10915,3588,14,0.00238,206.0,125.61,224.79,145.71
10916,3588,14,0.0013,0.0,153.01,4.81,218.43
10917,3588,14,0.00124,74.03,144.02,97.28,174.63
10918,3588,14,0.00101,37.84,142.95,52.36,178.89
10919,3588,14,0.00101,0.02,144.31,17.4,193.79
10920,3590,2,0.87697,146.67,136.63,182.13,160.27
10921,3590,17,0.76616,182.8,182.59,199.84,198.99
10922,3590,17,0.65471,60.63,181.58,76.69,197.71
10923,3590,2,0.22562,0.0,110.18,12.34,136.75
10924,3590,2,0.00675,0.0,106.71,8.22,135.65
10925,3594,7,0.86053,43.82,41.89,77.24,72.05
10926,3594,7,0.7927,153.4,54.18,189.13,83.62
10927,3595,10,0.91078,91.44,132.26,109.55,147.45
10928,3595,10,0.87148,198.35,126.68,216.53,141.59
10929,3595,9,0.86754,136.47,97.2,151.17,111.39
10930,3595,11,0.86255,124.74,70.2,137.8,83.38
10931,3595,17,0.85588,161.34,131.3,174.98,144.52
10932,3595,17,0.83634,132.34,136.12,146.69,149.78
10933,3595,9,0.67523,184.65,93.39,202.48,107.77
10934,3595,17,0.5729,184.68,93.46,202.37,107.72
10935,3596,15,0.82341,271.13,39.94,332.1,111.05
10936,3598,7,0.86975,395.99,82.37,423.56,104.68
10937,3598,7,0.84579,230.19,26.2,255.23,47.6
10938,3598,7,0.67106,13.3,138.44,37.74,157.55
10939,3598,17,0.02216,31.91,198.23,50.33,214.11
10940,3599,17,0.84869,242.96,156.56,263.72,178.29
10941,3599,17,0.78934,251.43,120.87,271.3,139.83
10942,3599,9,0.08774,255.48,84.29,277.9,104.39
10943,3599,17,0.02038,255.97,84.24,277.82,104.32
10944,3599,2,0.00741,255.86,84.17,277.79,104.24
10945,3604,15,0.89794,256.99,108.98,296.77,148.99
10946,3604,15,0.89721,365.3,86.78,397.34,119.3
10947,3604,15,0.8896,377.95,159.86,414.76,202.98
10948,3605,5,0.53748,0.0,9.8,217.34,123.87
10949,3605,16,0.02987,279.29,111.64,366.28,202.91
10950,3605,7,0.00318,108.94,7.41,211.45,66.69
10951,3606,4,0.89326,147.6,57.39,244.62,102.62
10952,3606,13,0.85833,213.43,125.95,262.77,178.76
10953,3606,1,0.83569,389.81,47.16,439.39,96.46
10954,3606,14,0.10188,285.44,3.89,370.65,160.96
10955,3606,14,0.02966,279.03,2.92,370.45,91.95
10956,3606,5,0.02003,0.0,0.83,255.21,180.72
10957,3606,5,0.01564,14.24,0.99,254.39,102.06
10958,3606,16,0.00756,298.39,76.9,376.59,155.89
10959,3606,14,0.00715,310.4,0.9,395.52,82.57
10960,3606,8,0.00702,391.69,47.52,439.72,96.89
10961,3606,5,0.00206,152.1,0.28,382.77,180.7
10962,3606,14,0.00197,294.1,1.66,396.69,113.6
10963,3606,2,0.00138,1.85,35.33,62.31,105.51
10964,3606,14,0.00121,350.14,0.07,395.88,42.36
10965,3607,2,0.83318,229.39,156.14,248.39,182.71
10966,3610,14,0.80872,37.66,16.5,52.96,50.44
10967,3610,0,0.07415,406.66,132.96,424.88,150.61
10968,3610,14,0.00698,333.24,55.5,342.93,77.19
10969,3610,14,0.00405,355.19,52.42,365.51,83.05
10970,3610,14,0.00281,333.66,49.52,345.35,77.85
10971,3610,8,0.00154,465.32,75.05,469.0,108.8
10972,3610,14,0.00114,465.41,75.87,469.0,107.06
10973,3610,8,0.00101,461.91,75.05,469.0,107.67
10974,3610,14,0.001,323.3,59.5,335.59,78.93
10975,3611,2,0.89396,43.43,130.12,75.31,169.27
10976,3611,17,0.8137,62.7,198.07,81.95,217.56
10977,3611,17,0.78258,137.4,162.2,155.29,179.56
10978,3614,17,0.88426,179.8,186.32,198.65,205.15
10979,3614,9,0.8718,60.39,164.13,85.14,182.82
10980,3614,9,0.81936,147.28,126.06,167.31,141.24
10981,3614,10,0.41088,56.18,91.62,77.88,109.32
10982,3614,9,0.15518,56.15,91.57,77.9,109.54
10983,3614,11,0.09031,56.05,91.6,77.82,109.31
10984,3614,10,0.04999,179.37,186.16,198.53,205.22
10985,3614,17,0.00626,203.85,139.54,227.27,159.38
10986,3615,2,0.86842,165.1,45.66,185.62,72.19
10987,3615,2,0.71239,238.9,45.87,264.84,62.31
10988,3615,5,0.00142,320.02,20.44,366.81,59.77
10989,3616,15,0.88676,341.52,102.7,368.9,129.07
10990,3616,6,0.86988,305.46,57.12,362.91,80.19
10991,3616,15,0.84368,306.5,22.36,324.37,40.85
10992,3616,2,0.70331,392.7,66.52,410.03,84.35
10993,3620,15,0.90139,186.97,49.21,206.0,69.7
10994,3620,15,0.89626,132.94,52.86,148.75,67.68
10995,3620,15,0.89359,78.84,44.15,95.69,62.9
10996,3622,15,0.91927,308.66,40.02,345.74,83.31
10997,3622,15,0.91464,159.13,86.53,201.25,132.34
10998,3623,7,0.8614,103.13,48.36,128.57,68.66
10999,3623,7,0.85367,44.56,124.01,73.79,145.02
11000,3625,2,0.81331,314.16,168.69,338.09,192.36
11001,3625,2,0.75668,244.02,156.82,263.15,180.3
11002,3625,17,0.6571,382.78,177.73,404.39,199.67
11003,3625,17,0.37795,243.91,157.37,263.11,180.07
11004,3625,2,0.26054,381.22,177.53,404.4,200.54
11005,3626,7,0.87084,314.15,206.39,351.24,233.54
11006,3626,17,0.0121,503.56,151.89,509.0,180.42
11007,3626,7,0.01139,319.05,81.41,350.57,109.82
11008,3626,15,0.0076,353.29,120.98,372.76,138.26
11009,3626,2,0.00219,500.82,196.78,509.0,224.99
11010,3631,14,0.87726,305.53,90.5,334.29,175.61
11011,3631,5,0.84167,414.14,132.86,486.36,174.41
11012,3631,14,0.83161,351.48,85.54,388.03,184.81
11013,3631,14,0.82679,214.22,97.52,242.72,168.85
11014,3631,14,0.82169,139.11,84.79,180.98,169.77
11015,3631,5,0.28587,1.49,116.72,151.36,162.03
11016,3631,5,0.07326,490.19,138.53,500.0,170.18
11017,3631,5,0.02522,179.96,77.66,211.81,97.27
11018,3631,5,0.00887,489.8,129.63,500.0,163.27
11019,3631,5,0.00656,28.19,119.48,125.81,160.25
11020,3631,5,0.00565,493.55,143.12,500.0,174.39
11021,3631,5,0.00295,478.56,128.97,500.0,172.65
11022,3631,8,0.00259,0.04,109.17,16.05,174.74
11023,3631,5,0.00163,469.87,124.66,500.0,160.49
11024,3631,5,0.00105,423.56,103.95,499.71,152.77
11025,3631,14,0.001,163.7,88.34,180.59,148.8
11026,3634,15,0.8933,195.41,49.09,214.2,68.36
11027,3636,2,0.90043,309.11,181.83,338.85,210.02
11028,3636,2,0.8968,188.49,169.18,223.34,196.43
11029,3636,2,0.04302,0.0,83.33,7.49,112.7
11030,3639,6,0.03468,300.97,127.85,323.55,144.12
11031,3639,17,0.02809,156.51,132.89,180.67,158.39
11032,3643,10,0.87091,303.73,192.46,316.35,203.34
11033,3643,11,0.8671,291.95,218.82,305.71,229.86
11034,3643,10,0.83471,310.12,204.48,320.99,215.49
11035,3643,11,0.83116,266.48,200.97,278.65,211.99
11036,3643,17,0.75218,239.73,212.38,250.1,223.51
11037,3643,17,0.69482,236.69,201.68,246.64,212.02
11038,3643,9,0.51672,252.88,188.67,264.57,198.99
11039,3643,9,0.46581,274.83,184.79,287.6,195.56
11040,3643,2,0.11461,0.0,94.93,22.84,116.99
11041,3643,17,0.01833,253.0,188.8,264.57,199.15
11042,3643,17,0.00238,275.03,184.91,287.34,195.76
11043,3644,2,0.8838,162.99,81.77,182.01,106.16
11044,3644,2,0.87348,37.88,73.29,58.17,99.16
11045,3644,2,0.86716,40.7,33.48,58.6,56.87
11046,3644,2,0.86254,118.39,35.6,134.94,57.55
11047,3648,15,0.89464,226.42,174.62,244.49,190.85
11048,3648,15,0.89105,270.9,170.04,290.8,187.7
11049,3651,15,0.90825,127.81,112.67,154.41,139.14
11050,3651,15,0.86845,44.74,88.02,73.4,117.3
11051,3651,15,0.80824,120.28,71.21,142.03,91.52
11052,3652,3,0.85853,139.13,87.55,183.9,136.48
11053,3652,1,0.84046,231.49,51.4,267.24,89.34
11054,3652,13,0.82045,178.28,31.25,217.71,69.41
11055,3652,3,0.80295,67.73,80.96,140.73,106.53
11056,3652,3,0.7928,214.62,96.8,303.76,126.57
11057,3653,2,0.08276,317.94,114.58,337.77,134.66
11058,3653,14,0.0067,265.16,0.29,294.47,30.72
11059,3658,15,0.89492,360.96,173.81,382.12,192.63
11060,3658,15,0.88331,410.55,177.36,432.69,200.15
11061,3658,5,0.0071,247.61,80.0,290.79,104.89
11062,3658,14,0.00151,0.01,32.24,5.45,84.28
11063,3658,15,0.00137,363.28,120.72,387.33,137.52
11064,3661,15,0.88959,416.37,152.71,436.02,171.61
11065,3661,15,0.87709,380.59,162.44,400.49,180.13
11066,3661,15,0.00676,484.41,136.15,502.0,152.11
11067,3664,2,0.89547,289.94,64.1,321.36,103.89
11068,3664,17,0.79031,281.38,31.64,298.76,48.63
11069,3664,17,0.3638,354.79,48.87,373.93,68.02
11070,3664,2,0.03476,354.21,48.79,374.14,68.24
11071,3664,2,0.00488,352.33,48.59,375.43,82.41
11072,3666,7,0.8059,398.73,52.39,424.86,69.08
11073,3666,7,0.80288,339.95,104.8,358.57,121.97
11074,3666,2,0.0016,493.69,25.78,497.0,60.69
11075,3675,15,0.89399,147.86,175.12,184.43,216.79
11076,3675,15,0.88689,31.22,115.46,70.19,155.38
11077,3675,15,0.86112,142.66,101.44,174.1,131.66
11078,3676,1,0.90584,259.94,16.45,304.67,61.91
11079,3676,13,0.87991,426.14,20.47,472.6,65.74
11080,3676,4,0.41379,296.47,139.49,347.27,238.01
11081,3676,4,0.02089,261.79,139.81,348.04,239.67
11082,3676,0,0.01026,425.86,20.87,471.7,63.38
11083,3676,8,0.00127,425.89,20.82,471.76,63.55
11084,3683,9,0.90602,349.87,110.26,375.42,129.35
11085,3683,10,0.90514,317.31,161.0,341.65,183.29
11086,3683,10,0.90461,177.08,128.66,200.72,149.2
11087,3683,9,0.90227,284.48,98.91,303.16,118.2
11088,3683,11,0.87421,303.29,60.82,320.85,78.14
11089,3683,17,0.86023,266.08,152.45,284.58,170.16
11090,3683,17,0.79699,228.93,148.15,247.46,165.89
11091,3683,8,0.00101,64.0,237.06,81.22,245.0
11092,3686,17,0.85785,186.32,60.97,197.34,71.7
11093,3686,11,0.85273,255.32,58.8,268.01,70.07
11094,3686,10,0.84697,248.18,46.17,260.55,57.15
11095,3686,10,0.8457,227.38,39.48,240.84,50.66
11096,3686,11,0.80942,209.33,52.95,224.66,64.49
11097,3686,9,0.71978,193.48,39.62,208.65,50.69
11098,3686,17,0.68444,205.4,67.2,216.58,78.55
11099,3686,9,0.66545,180.55,47.69,192.67,58.53
11100,3686,17,0.15572,180.5,47.64,192.54,58.05
11101,3691,2,0.86144,338.52,48.07,355.71,70.98
11102,3691,2,0.86033,384.28,73.1,402.9,97.35
11103,3691,2,0.05204,476.46,150.03,479.0,167.01
11104,3691,2,0.00242,474.56,147.59,479.0,166.79
11105,3691,2,0.00142,476.24,144.34,479.0,165.02
11106,3692,7,0.87138,251.2,178.13,286.08,206.22
11107,3692,7,0.80251,72.33,175.24,105.29,203.68
11108,3695,10,0.88244,414.24,192.18,432.79,207.94
11109,3695,10,0.87897,303.47,191.63,321.82,207.35
11110,3695,9,0.878,400.07,155.97,418.17,170.05
11111,3695,9,0.86213,350.0,157.33,364.4,172.03
11112,3695,17,0.85035,374.55,194.44,388.88,208.46
11113,3695,11,0.8478,338.71,128.86,352.06,142.46
11114,3695,17,0.84714,344.88,197.58,358.99,212.14
11115,3702,9,0.88701,275.41,131.39,298.82,150.81
11116,3702,10,0.88045,385.61,149.58,406.96,171.8
11117,3702,11,0.86754,216.93,154.37,241.27,175.17
11118,3702,17,0.86646,320.4,73.62,337.85,91.08
11119,3702,10,0.86408,304.7,31.69,323.86,54.27
11120,3702,17,0.85652,341.17,113.57,358.7,130.39
11121,3702,17,0.82164,245.13,73.55,266.5,94.87
11122,3706,0,0.93424,264.63,61.9,314.26,108.91
11123,3706,1,0.87003,165.25,86.54,214.55,134.52
11124,3706,6,0.00664,428.17,116.26,452.27,153.44
11125,3707,7,0.87131,235.8,160.11,263.86,191.2
11126,3707,2,0.85054,200.71,109.9,241.4,135.08
11127,3707,6,0.00404,488.51,103.43,495.0,130.71
11128,3708,10,0.88931,261.44,10.46,278.13,23.67
11129,3708,10,0.8892,231.43,9.32,247.09,23.69
11130,3708,11,0.85141,242.05,31.86,260.24,46.54
11131,3708,17,0.83666,266.15,51.24,280.84,65.58
11132,3708,11,0.83514,293.17,22.3,308.36,36.07
11133,3708,17,0.83507,235.28,51.35,249.65,65.29
11134,3708,9,0.79338,202.43,22.28,219.49,36.85
11135,3708,9,0.56863,204.38,37.2,219.72,51.11
11136,3708,17,0.00194,202.89,22.25,219.55,36.64
11137,3708,17,0.00153,204.27,37.04,219.97,50.88
11138,3710,7,0.88332,274.95,173.24,311.3,201.98
11139,3710,2,0.85137,179.81,140.64,220.36,168.1
11140,3710,7,0.00214,299.73,179.31,311.17,193.96
11141,3712,15,0.8821,182.39,166.83,200.43,185.9
11142,3715,1,0.87956,381.44,144.42,416.56,178.76
11143,3715,4,0.87709,298.2,113.12,366.52,140.09
11144,3715,13,0.83075,266.58,156.46,301.51,190.98
11145,3715,6,0.00523,467.42,97.92,500.0,142.91
11146,3718,11,0.91759,79.43,150.2,121.49,182.89
11147,3718,9,0.91323,187.63,166.85,231.39,202.88
11148,3718,11,0.89885,189.37,106.22,228.38,133.27
11149,3718,9,0.88184,188.53,131.55,228.47,165.99
11150,3718,10,0.61801,103.13,118.23,134.81,151.46
11151,3718,11,0.41349,265.32,144.86,298.34,177.0
11152,3718,10,0.39976,265.16,144.94,298.41,177.27
11153,3718,11,0.00273,103.16,118.21,134.7,151.65
11154,3719,2,0.87284,179.21,158.95,197.73,172.62
11155,3719,2,0.86217,263.57,164.62,280.63,178.13
11156,3719,2,0.83596,239.23,182.86,257.22,197.75
11157,3719,2,0.82322,212.47,142.93,226.53,156.95
11158,3720,2,0.87683,387.98,53.54,427.7,99.08
11159,3720,17,0.73152,313.84,33.12,334.54,52.47
11160,3720,2,0.70883,294.45,109.91,317.46,130.32
11161,3720,17,0.7055,295.18,110.08,317.62,130.44
11162,3720,2,0.30965,313.62,33.23,334.52,52.68
11163,3720,2,0.00272,250.98,105.55,317.66,129.57
11164,3726,17,0.87617,172.16,193.76,184.84,207.27
11165,3726,10,0.86841,130.5,151.15,146.76,164.72
11166,3726,17,0.8654,194.13,182.79,207.12,196.06
11167,3726,11,0.85547,171.15,151.1,187.84,163.84
11168,3726,10,0.84342,106.89,160.64,120.71,176.02
11169,3726,17,0.82035,104.07,181.25,119.04,198.03
11170,3726,11,0.77435,149.79,174.61,164.98,189.58
11171,3726,17,0.66657,126.8,193.84,142.8,208.44
11172,3726,9,0.04678,126.48,193.88,142.93,208.35
11173,3727,15,0.84792,370.18,190.78,398.73,214.88
11174,3727,15,0.83605,371.0,155.29,391.24,175.2
11175,3727,15,0.82535,316.45,171.86,336.83,189.72
11176,3731,15,0.90228,386.58,36.52,405.69,55.17
11177,3731,15,0.89251,350.58,45.62,370.28,63.4
11178,3732,15,0.86806,252.27,100.6,279.42,126.45
11179,3732,6,0.86036,217.14,54.72,274.55,78.12
11180,3732,15,0.83837,218.55,20.17,236.67,37.94
11181,3732,2,0.7436,302.97,65.29,319.91,83.34
11182,3734,7,0.84446,234.03,51.16,251.07,67.34
11183,3734,7,0.79368,292.16,43.37,310.57,60.55
11184,3734,7,0.02175,270.39,17.23,279.18,27.17
11185,3734,7,0.02006,273.71,9.19,286.53,20.41
11186,3734,7,0.01686,271.19,14.33,279.82,25.87
11187,3734,7,0.003,270.53,17.8,280.2,32.15
11188,3736,2,0.89775,381.09,133.96,420.02,175.53
11189,3736,17,0.81695,286.96,182.41,310.45,203.03
11190,3736,2,0.72235,308.62,107.48,329.17,124.85
11191,3736,17,0.33465,309.06,107.25,329.13,125.0
11192,3736,2,0.15656,287.14,182.29,310.61,203.0
11193,3736,2,0.00107,277.14,106.25,330.01,125.56
11194,3737,7,0.86396,253.85,163.08,279.85,181.49
11195,3737,7,0.86167,233.18,197.2,257.67,216.9
11196,3738,14,0.86589,107.05,58.91,129.11,127.16
11197,3738,14,0.01321,450.77,109.93,457.77,128.01
11198,3738,14,0.00496,448.93,111.72,458.31,130.75
11199,3738,5,0.00172,365.55,122.74,393.05,145.32
11200,3740,10,0.89132,190.85,125.7,212.12,145.62
11201,3740,10,0.89093,66.1,89.44,87.55,108.63
11202,3740,9,0.87847,164.04,72.08,181.19,88.94
11203,3740,9,0.86208,221.3,86.32,244.13,103.55
11204,3740,11,0.8594,183.14,40.64,198.86,55.93
11205,3740,17,0.83973,145.66,115.79,162.89,131.66
11206,3740,17,0.8229,112.53,109.93,129.68,125.83
11207,3744,9,0.85239,201.38,216.75,224.38,235.9
11208,3744,10,0.84771,340.79,158.42,360.78,179.08
11209,3744,9,0.83454,220.92,166.48,242.86,184.27
11210,3744,9,0.80425,118.98,207.64,138.25,226.06
11211,3744,6,0.00218,442.58,82.21,478.27,93.74
11212,3744,8,0.00105,490.29,229.72,504.0,256.0
11213,3746,17,0.7941,333.86,79.45,350.07,94.89
11214,3746,17,0.7534,407.72,40.59,422.02,55.75
11215,3746,2,0.57525,371.31,55.68,404.25,79.93
11216,3746,2,0.13517,370.84,61.34,388.23,78.68
11217,3746,17,0.01421,370.98,62.36,387.78,77.53
11218,3746,9,0.01187,370.99,62.43,387.72,77.36
11219,3747,7,0.87931,401.08,169.37,428.6,191.69
11220,3748,15,0.88248,182.2,174.53,204.05,199.03
11221,3748,15,0.87466,247.8,177.23,270.64,204.88
11222,3752,2,0.87823,409.76,154.62,427.52,176.35
11223,3752,2,0.8613,392.48,180.3,409.36,202.74
11224,3753,15,0.90884,245.01,137.33,275.97,169.67
11225,3753,7,0.88024,163.17,93.15,182.68,112.18
11226,3753,7,0.87318,190.81,182.85,212.44,205.98
11227,3753,15,0.83982,171.57,124.0,197.03,146.64
11228,3753,15,0.00796,174.4,155.78,189.75,168.67
11229,3753,7,0.00148,134.27,98.25,149.58,114.5
11230,3754,6,0.88904,419.88,193.9,473.34,222.0
11231,3754,15,0.85191,346.09,197.85,363.98,216.29
11232,3756,17,0.85322,252.58,175.02,268.18,190.43
11233,3756,17,0.03975,329.15,142.93,343.66,157.7
11234,3759,17,0.70588,353.66,148.83,373.86,170.27
11235,3759,2,0.66435,401.1,116.26,425.22,136.98
11236,3759,2,0.579,353.62,148.72,374.51,171.17
11237,3759,9,0.12969,401.29,116.26,425.2,136.83
11238,3759,9,0.1255,290.46,192.25,312.03,214.9
11239,3759,2,0.05526,290.46,192.12,311.97,216.53
11240,3759,2,0.00266,275.22,191.67,312.51,217.66
11241,3762,15,0.8536,281.64,118.58,321.19,150.89
11242,3762,15,0.84151,169.51,147.97,202.83,176.82
11243,3762,15,0.82943,186.98,74.36,214.78,100.72
11244,3763,10,0.87845,109.36,81.17,126.05,93.84
11245,3763,17,0.85488,113.04,121.55,127.21,135.12
11246,3763,17,0.8511,81.64,120.8,95.91,133.79
11247,3763,11,0.84819,140.82,93.48,156.03,107.22
11248,3763,10,0.84198,79.07,79.16,94.47,92.69
11249,3763,11,0.83532,88.87,101.24,107.21,115.89
11250,3763,9,0.62479,48.31,90.4,65.65,105.06
11251,3763,17,0.60728,49.99,105.62,65.27,119.29
11252,3768,17,0.84113,334.95,99.17,353.15,119.4
11253,3768,9,0.04648,379.87,186.1,406.8,208.44
11254,3768,17,0.0277,379.38,186.02,406.64,209.22
11255,3768,6,0.00103,330.66,39.4,416.44,124.18
11256,3769,10,0.87277,275.14,88.56,290.89,103.64
11257,3769,9,0.87069,149.82,62.57,165.29,78.09
11258,3769,10,0.86541,213.13,93.13,231.21,108.14
11259,3769,9,0.82593,198.44,63.49,215.82,77.1
11260,3769,9,0.80315,151.08,29.58,162.95,41.18
11261,3769,17,0.01349,151.16,29.4,162.89,41.41
11262,3772,4,0.9215,151.24,80.73,208.08,140.48
11263,3772,3,0.88632,53.34,59.04,122.55,107.61
11264,3772,3,0.88365,417.15,108.71,459.68,179.93
11265,3772,3,0.87349,269.66,99.6,328.29,159.44
11266,3773,0,0.91331,207.72,170.97,255.45,220.05
11267,3773,1,0.88646,160.56,111.67,205.08,156.57
11268,3774,0,0.88568,370.98,180.86,385.98,195.87
11269,3774,1,0.85432,420.8,192.7,436.87,208.71
11270,3774,14,0.55587,274.73,11.56,290.27,52.37
11271,3775,17,0.8769,404.73,19.23,419.46,34.64
11272,3775,9,0.65576,334.0,64.97,357.35,81.69
11273,3775,11,0.12056,235.03,55.61,254.68,74.27
11274,3775,10,0.04958,235.17,55.52,254.79,74.28
11275,3775,10,0.00465,311.8,27.48,329.13,39.79
11276,3775,9,0.0014,235.48,55.5,254.84,74.6
11277,3775,15,0.00136,183.56,214.96,214.38,233.6
11278,3777,11,0.87047,406.54,214.47,419.03,227.34
11279,3777,10,0.86787,421.15,168.08,434.25,179.5
11280,3777,10,0.85582,335.55,176.36,349.73,188.25
11281,3777,17,0.837,364.93,177.48,376.22,188.77
11282,3777,9,0.79422,353.01,197.79,369.51,210.66
11283,3777,17,0.55082,391.0,180.12,401.97,190.92
11284,3777,17,0.44268,396.47,196.6,408.85,208.98
11285,3777,9,0.00756,391.08,180.27,402.02,190.92
11286,3777,17,0.00178,218.33,13.86,232.34,29.06
11287,3777,9,0.00103,396.49,196.67,409.55,208.83
11288,3778,10,0.86261,161.65,198.77,180.98,221.03
11289,3778,17,0.81223,283.5,121.3,300.16,136.16
11290,3778,17,0.48249,273.84,180.82,293.03,199.28
11291,3778,17,0.40735,195.53,149.63,213.4,162.74
11292,3778,10,0.28862,274.02,180.94,293.07,199.41
11293,3779,2,0.84644,388.9,35.31,417.66,58.43
11294,3779,2,0.32622,287.47,46.59,318.01,68.95
11295,3780,7,0.89277,277.44,116.47,312.32,143.45
11296,3780,7,0.8644,233.04,149.16,261.27,177.08
11297,3780,17,0.84877,222.72,107.31,240.2,124.72
11298,3780,17,0.81067,238.9,130.39,257.28,149.28
11299,3780,17,0.02535,289.29,193.25,314.86,215.71
11300,3780,2,0.00591,289.22,193.5,314.93,215.76
11301,3781,15,0.89559,195.98,26.67,216.49,44.55
11302,3784,14,0.84277,113.38,137.35,140.56,225.61
11303,3784,5,0.82916,304.49,147.98,435.05,197.75
11304,3784,5,0.77938,461.78,135.67,500.0,196.34
11305,3785,2,0.88561,310.18,75.27,329.29,99.84
11306,3785,2,0.86471,189.58,31.15,207.15,53.97
11307,3785,2,0.86454,188.48,69.97,208.22,95.42
11308,3785,2,0.83576,264.62,30.9,280.98,52.79
11309,3785,6,0.00271,466.89,59.33,504.0,184.51
11310,3786,2,0.8607,370.8,142.56,388.86,166.21
11311,3786,2,0.82684,330.12,179.3,355.98,194.29
11312,3791,15,0.91135,358.71,168.17,376.96,184.37
11313,3791,15,0.88658,403.33,160.67,423.58,178.18
11314,3795,14,0.87286,11.38,139.3,43.78,223.57
11315,3795,5,0.82962,365.57,149.04,484.93,205.56
11316,3795,14,0.81415,327.94,109.43,380.12,253.1
11317,3795,5,0.80081,192.62,149.01,320.09,200.02
11318,3795,5,0.37106,477.27,131.2,500.0,206.84
11319,3795,5,0.01919,80.68,156.72,171.21,192.92
11320,3795,5,0.00622,459.73,137.92,500.0,207.01
11321,3795,5,0.00553,366.32,135.42,412.53,149.33
11322,3795,5,0.00527,324.55,130.93,414.86,160.88
11323,3795,5,0.00517,354.65,135.05,412.11,184.32
11324,3795,5,0.00243,325.51,127.83,415.6,178.71
11325,3795,5,0.00238,355.88,134.87,412.25,156.14
11326,3795,8,0.00202,487.69,129.45,500.0,187.11
11327,3795,8,0.00187,125.24,157.21,169.03,190.88
11328,3799,14,0.87517,179.89,126.57,212.9,163.62
11329,3799,14,0.86787,323.58,89.18,349.12,154.23
11330,3799,8,0.83289,203.63,116.99,227.62,136.0
11331,3799,16,0.80239,10.16,117.29,37.94,156.08
11332,3799,14,0.77932,401.45,98.71,415.53,128.51
11333,3799,14,0.77621,76.9,117.54,94.63,148.86
11334,3799,14,0.77471,41.47,127.21,61.35,153.79
11335,3799,8,0.62248,172.55,108.13,191.58,124.66
11336,3799,14,0.56572,41.07,121.67,70.77,136.65
11337,3799,14,0.4539,66.42,125.64,78.3,150.03
11338,3799,14,0.38696,443.13,91.74,457.37,124.43
11339,3799,14,0.38681,172.52,107.95,193.32,124.29
11340,3799,14,0.23971,66.74,140.29,78.72,151.22
11341,3799,14,0.19316,40.25,124.81,54.53,134.38
11342,3799,14,0.15211,439.04,79.02,456.79,124.91
11343,3799,14,0.09329,183.88,107.73,194.9,123.81
11344,3799,14,0.0522,46.75,124.29,69.7,139.78
11345,3799,14,0.03604,32.15,124.82,54.63,136.51
11346,3799,14,0.03533,41.28,119.28,61.49,131.64
11347,3799,14,0.01697,165.0,109.83,172.41,125.05
11348,3799,14,0.01562,60.29,125.31,77.57,145.65
11349,3799,14,0.01407,54.09,125.1,76.4,141.78
11350,3799,14,0.01037,55.21,124.97,69.35,140.27
11351,3799,16,0.01036,30.34,123.8,41.29,146.93
11352,3799,16,0.0087,30.75,122.64,47.0,140.11
11353,3799,14,0.00867,171.38,107.17,183.98,122.73
11354,3799,14,0.00762,48.18,126.28,63.53,145.44
11355,3799,14,0.00725,434.0,68.47,454.89,125.39
11356,3799,14,0.0058,162.15,113.91,170.29,125.56
11357,3799,14,0.00385,0.02,112.92,9.19,156.27
11358,3799,16,0.00379,20.46,118.72,40.29,146.59
11359,3799,16,0.00358,37.21,125.47,53.2,140.24
11360,3799,14,0.00335,40.33,125.96,53.93,145.67
11361,3799,14,0.00305,203.89,111.13,210.88,120.33
11362,3799,16,0.00289,38.31,126.1,51.15,153.0
11363,3799,8,0.00281,316.32,91.4,369.87,155.16
11364,3799,14,0.00264,54.61,114.14,77.01,133.95
11365,3799,5,0.0024,0.0,145.94,11.98,159.48
11366,3799,14,0.00224,58.51,118.95,77.96,136.41
11367,3799,14,0.00219,182.61,126.94,202.35,146.81
11368,3799,14,0.00208,67.44,114.45,91.43,130.86
11369,3799,14,0.00206,173.47,105.92,184.52,119.2
11370,3799,14,0.0019,60.5,111.6,76.94,130.38
11371,3799,14,0.00156,32.69,116.65,58.74,131.76
11372,3799,14,0.00141,320.33,104.66,329.72,135.03
11373,3799,14,0.0011,161.43,107.1,171.94,125.45
11374,3799,14,0.00107,165.78,106.26,175.7,125.29
11375,3800,2,0.83139,133.1,24.22,160.35,46.03
11376,3800,2,0.05567,37.05,40.71,59.47,62.1
11377,3800,2,0.02098,84.52,13.18,95.81,31.24
11378,3804,8,0.75306,18.49,0.0,106.3,38.79
11379,3804,8,0.63232,76.91,0.0,141.06,38.43
11380,3804,8,0.49652,0.01,0.0,21.76,62.16
11381,3804,8,0.20068,0.0,0.0,8.87,31.99
11382,3804,8,0.10943,0.03,0.0,12.21,45.69
11383,3804,8,0.03207,0.02,0.0,6.5,25.87
11384,3804,15,0.0055,20.91,99.65,116.74,206.06
11385,3804,14,0.0035,388.99,0.31,432.16,18.2
11386,3804,8,0.00294,112.7,0.25,139.51,36.11
11387,3804,8,0.00214,82.89,0.24,102.09,11.88
11388,3804,8,0.00206,75.27,4.72,123.41,36.03
11389,3804,14,0.00152,9.54,47.82,284.66,246.86
11390,3804,14,0.00129,121.1,110.32,205.0,243.45
11391,3805,2,0.87143,398.0,110.91,421.11,139.64
11392,3805,2,0.86861,302.88,113.29,320.74,141.61
11393,3809,10,0.89704,267.91,192.28,293.83,221.3
11394,3809,10,0.87822,152.96,144.59,176.73,167.73
11395,3809,11,0.70757,190.44,210.97,216.45,236.66
11396,3809,11,0.68654,245.86,149.64,269.35,172.68
11397,3809,16,0.09161,190.47,210.8,216.3,236.6
11398,3809,2,0.00771,107.38,136.22,129.33,157.87
11399,3809,9,0.00118,107.01,136.1,129.49,157.81
11400,3810,7,0.83441,149.75,65.81,171.08,81.46
11401,3810,7,0.79927,93.09,28.7,114.34,44.83
11402,3813,17,0.87424,324.96,99.25,344.48,117.98
11403,3813,7,0.86994,266.53,126.74,294.17,157.86
11404,3813,17,0.85693,293.23,85.65,311.56,102.73
11405,3813,7,0.85601,270.75,56.06,300.41,86.57
11406,3813,17,0.01569,183.84,116.58,205.52,134.56
11407,3813,17,0.01289,256.63,218.33,277.14,240.7
11408,3813,17,0.00819,219.75,62.45,240.36,82.69
11409,3813,17,0.00131,341.08,135.51,366.73,153.18
11410,3816,8,0.85348,0.0,117.77,88.49,245.04
11411,3816,14,0.85279,22.02,80.53,79.29,117.77
11412,3816,8,0.79558,283.16,112.97,311.98,151.03
11413,3816,16,0.77784,79.87,124.81,89.81,141.03
11414,3816,14,0.73244,287.07,101.41,308.19,120.26
11415,3816,16,0.66871,89.96,123.46,99.51,140.5
11416,3816,16,0.66765,99.5,123.66,109.72,140.1
11417,3816,16,0.61964,168.13,119.0,177.56,129.12
11418,3816,16,0.56728,124.63,123.37,134.31,138.67
11419,3816,16,0.52367,131.27,116.86,140.66,126.45
11420,3816,8,0.51009,251.17,117.09,267.08,145.99
11421,3816,16,0.50881,116.92,123.44,125.35,138.63
11422,3816,16,0.41719,109.36,123.4,117.31,138.75
11423,3816,14,0.13567,0.0,101.72,8.83,135.33
11424,3816,16,0.07204,129.39,121.42,137.49,135.88
11425,3816,16,0.05548,127.14,121.78,134.59,128.38
11426,3816,16,0.0527,75.65,124.89,80.91,135.75
11427,3816,16,0.04582,0.0,103.67,8.98,133.56
11428,3816,14,0.03498,0.0,102.3,9.19,156.3
11429,3816,8,0.0236,262.04,108.46,282.52,146.47
11430,3816,16,0.02242,127.72,124.11,136.77,138.69
11431,3816,16,0.02023,74.77,111.86,80.34,127.32
11432,3816,16,0.01926,135.07,117.98,143.12,127.97
11433,3816,16,0.01705,76.19,125.43,86.0,139.49
11434,3816,8,0.01046,252.2,96.05,281.84,121.24
11435,3816,16,0.01011,177.53,114.22,185.94,123.98
11436,3816,8,0.00948,0.03,96.25,8.94,133.26
11437,3816,14,0.00749,0.01,93.46,6.53,131.89
11438,3816,16,0.00721,159.74,118.93,175.57,129.54
11439,3816,16,0.00633,83.32,124.11,90.56,140.29
11440,3816,5,0.00502,250.44,95.5,282.8,145.29
11441,3816,16,0.00435,69.32,124.87,77.39,131.72
11442,3816,8,0.0041,3.29,162.86,50.23,230.51
11443,3816,16,0.00376,176.65,115.75,184.93,128.04
11444,3816,8,0.00271,271.76,114.39,285.43,144.62
11445,3816,16,0.0026,68.29,111.25,79.43,127.42
11446,3816,8,0.00244,250.86,103.44,283.4,146.35
11447,3816,8,0.00241,15.02,158.99,45.11,239.85
11448,3816,16,0.00227,170.39,118.14,182.02,129.14
11449,3816,16,0.00209,173.43,114.41,181.51,123.96
11450,3816,16,0.00191,138.93,123.4,146.46,136.19
11451,3816,14,0.00187,0.01,107.16,3.9,137.88
11452,3816,16,0.0018,0.02,112.61,7.63,136.35
11453,3816,8,0.0018,12.43,182.04,36.32,245.39
11454,3816,16,0.00179,133.67,125.95,143.62,138.25
11455,3816,16,0.00175,132.42,123.01,142.11,131.76
11456,3816,8,0.00174,0.0,97.7,26.2,242.07
11457,3816,16,0.00174,138.66,126.55,145.67,138.35
11458,3816,16,0.00159,133.31,122.39,146.69,138.3
11459,3816,16,0.00137,10.76,107.19,24.18,121.56
11460,3816,8,0.00131,0.0,81.92,16.41,229.58
11461,3816,8,0.0012,6.33,111.42,83.57,173.62
11462,3816,14,0.00113,0.32,98.94,14.79,139.89
11463,3816,16,0.00108,58.78,109.29,80.52,126.92
11464,3816,16,0.00108,68.24,126.07,77.73,135.88
11465,3818,7,0.87446,193.92,44.2,225.32,70.89
11466,3819,14,0.81311,352.56,66.77,374.83,118.39
11467,3819,14,0.72478,325.24,79.09,344.12,107.67
11468,3819,14,0.08282,361.41,80.04,380.01,118.04
11469,3819,14,0.00255,494.12,21.01,500.0,55.73
11470,3819,14,0.00239,0.12,8.22,10.89,36.39
11471,3819,14,0.00206,314.89,82.95,326.52,97.87
11472,3819,14,0.00157,147.53,48.88,165.92,70.97
11473,3819,14,0.00151,300.55,76.0,312.08,95.83
11474,3820,15,0.82862,60.95,176.7,87.51,202.09
11475,3820,15,0.78272,95.96,144.87,114.48,161.35
11476,3820,7,0.72107,15.63,151.74,36.27,166.44
11477,3820,7,0.07083,144.89,132.89,158.44,149.57
11478,3820,7,0.00368,14.72,152.19,28.01,164.7
11479,3821,17,0.81944,110.95,119.48,134.97,140.58
11480,3821,17,0.77807,280.0,123.65,302.48,142.73
11481,3821,2,0.42241,280.25,123.37,302.3,142.99
11482,3822,11,0.89367,225.92,170.17,241.82,187.12
11483,3822,11,0.88353,214.07,139.09,233.34,153.28
11484,3822,10,0.87275,176.26,150.33,192.65,166.88
11485,3822,10,0.86797,166.51,169.27,182.26,186.29
11486,3822,9,0.8633,225.25,198.16,244.74,214.95
11487,3822,17,0.83647,274.65,166.47,288.93,181.24
11488,3822,17,0.71827,189.65,192.41,207.03,211.2
11489,3822,17,0.63381,267.96,184.75,282.42,199.65
11490,3822,9,0.32302,267.81,184.75,282.39,199.59
11491,3822,9,0.30287,189.73,192.45,206.97,211.34
11492,3822,10,0.0014,189.32,192.4,207.11,211.26
11493,3827,4,0.92317,210.05,8.15,251.46,77.03
11494,3827,1,0.8929,159.15,166.9,203.47,212.97
11495,3827,13,0.89074,303.07,142.23,346.12,186.23
11496,3829,7,0.77975,261.04,79.43,296.99,107.14
11497,3829,7,0.67348,153.16,71.62,186.1,102.0
11498,3829,17,0.0406,92.39,38.62,116.56,62.47
11499,3829,2,0.0019,92.81,38.34,117.15,61.53
11500,3829,2,0.00141,45.67,1.05,104.95,42.72
11501,3834,10,0.86736,117.03,161.72,136.5,184.24
11502,3834,17,0.80117,234.18,79.0,250.14,93.22
11503,3834,17,0.38764,227.63,137.39,246.61,156.69
11504,3834,10,0.20017,227.8,137.33,246.78,156.52
11505,3834,9,0.13284,148.14,111.61,165.79,124.98
11506,3834,6,0.04101,0.0,74.05,4.81,98.21
11507,3834,17,0.03035,148.12,111.95,165.48,125.03
11508,3834,9,0.01214,117.07,161.72,136.35,183.9
11509,3834,6,0.00492,0.0,60.95,5.64,95.75
11510,3834,6,0.00306,0.0,75.54,6.03,117.11
11511,3834,0,0.00215,466.9,129.2,491.81,160.91
11512,3836,15,0.89487,234.06,71.33,264.55,104.26
11513,3836,7,0.85553,178.13,115.91,199.64,139.26
11514,3836,15,0.84902,159.41,56.88,185.37,79.74
11515,3836,7,0.81582,151.29,25.86,171.01,44.93
11516,3836,7,0.00271,122.38,30.49,135.81,47.11
11517,3836,15,0.00175,165.35,88.17,178.84,101.08
11518,3840,7,0.86566,357.22,27.56,392.93,62.45
11519,3840,7,0.84461,399.96,100.43,438.76,129.08
11520,3840,17,0.05156,308.4,183.59,334.06,207.03
11521,3841,7,0.87096,183.09,86.45,210.73,107.46
11522,3841,7,0.86148,238.92,11.17,264.44,31.89
11523,3841,15,0.29886,0.0,192.54,9.72,217.04
11524,3841,15,0.03932,0.0,177.26,9.39,218.12
11525,3842,14,0.8782,0.0,48.42,40.64,188.58
11526,3842,5,0.85669,413.49,132.16,489.81,174.04
11527,3842,14,0.839,185.89,89.59,216.11,171.43
11528,3842,14,0.77742,152.35,76.76,185.18,173.12
11529,3842,14,0.55299,210.05,91.08,232.02,171.3
11530,3842,5,0.35393,34.86,121.12,157.36,160.79
11531,3842,14,0.1296,0.0,45.61,15.67,175.53
11532,3842,5,0.12102,484.76,130.99,500.0,175.94
11533,3842,5,0.03929,175.86,80.19,208.87,95.46
11534,3842,14,0.02677,0.0,60.39,10.27,175.2
11535,3842,5,0.01047,0.0,104.1,8.36,156.38
11536,3842,5,0.01041,35.78,91.93,157.47,161.02
11537,3842,8,0.0097,485.76,133.9,500.0,177.01
11538,3842,5,0.00928,487.85,147.23,500.0,177.21
11539,3842,5,0.00918,35.57,120.08,112.17,159.05
11540,3842,14,0.00773,0.0,100.07,6.1,175.04
11541,3842,5,0.00322,469.49,130.25,499.88,170.76
11542,3842,5,0.00239,120.72,87.0,158.08,102.05
11543,3842,8,0.00226,0.0,52.68,39.25,175.38
11544,3842,8,0.0018,0.0,91.53,9.54,160.78
11545,3842,8,0.0016,393.59,151.5,411.58,169.78
11546,3842,14,0.00128,189.49,90.17,209.51,107.75
11547,3842,8,0.00104,176.43,84.25,239.58,170.95
11548,3842,14,0.001,0.0,91.58,8.87,153.34
11549,3843,0,0.8932,167.44,102.58,204.04,139.06
11550,3843,1,0.8873,308.71,184.63,352.78,228.54
11551,3843,0,0.88483,292.7,78.67,330.67,112.59
11552,3844,15,0.8804,124.13,121.46,155.67,150.7
11553,3844,15,0.87056,45.69,145.44,76.81,173.75
11554,3844,15,0.85326,126.62,178.07,167.37,214.87
11555,3847,9,0.8697,280.47,139.55,298.13,152.65
11556,3847,17,0.83747,128.5,145.98,143.76,160.05
11557,3847,9,0.56804,207.01,122.41,224.67,134.8
11558,3847,10,0.30595,280.47,139.65,297.93,152.19
11559,3848,9,0.88657,324.17,133.64,340.32,147.48
11560,3848,10,0.86528,383.1,122.78,399.59,135.49
11561,3848,10,0.86405,353.0,121.31,367.91,135.22
11562,3848,17,0.8472,388.32,164.16,402.12,177.06
11563,3848,11,0.84617,363.46,143.65,381.79,157.9
11564,3848,11,0.84423,415.34,135.07,430.77,148.12
11565,3848,17,0.8389,357.09,163.49,370.76,176.3
11566,3848,17,0.70814,326.41,149.05,340.46,161.65
11567,3848,9,0.00685,326.08,148.82,340.54,161.65
11568,3848,17,0.00283,323.97,133.5,340.39,147.66
11569,3859,7,0.93395,369.24,64.68,426.91,143.55
11570,3859,7,0.92449,247.76,51.52,300.29,119.26
11571,3859,7,0.00164,394.64,104.53,483.0,216.97
11572,3859,17,0.00141,365.49,63.98,426.95,131.05
11573,3863,3,0.86454,87.16,53.45,135.0,103.88
11574,3863,3,0.8579,158.57,81.67,238.18,126.58
11575,3863,13,0.8273,176.35,9.28,213.6,49.33
11576,3863,1,0.82479,201.15,41.11,241.37,82.63
11577,3863,3,0.79748,48.89,34.62,117.9,61.54
11578,3863,8,0.00106,5.32,203.64,91.83,255.0
11579,3866,8,0.88035,0.19,82.98,251.46,220.0
11580,3866,8,0.7431,312.6,0.19,356.45,29.08
11581,3866,8,0.73777,311.65,0.0,399.04,29.63
11582,3866,8,0.2366,358.82,0.0,399.17,31.37
11583,3866,14,0.03008,365.31,0.29,395.42,22.38
11584,3866,8,0.00336,360.94,0.27,421.99,31.5
11585,3866,8,0.00185,361.65,0.0,468.67,30.1
11586,3866,5,0.00151,445.88,0.0,493.0,14.82
11587,3866,14,0.00115,311.18,0.04,335.66,17.25
11588,3866,5,0.001,0.0,1.63,70.16,31.83
11589,3869,17,0.85058,219.27,62.6,241.41,83.12
11590,3869,17,0.19638,49.19,53.31,72.97,76.81
11591,3869,2,0.02267,218.71,62.55,241.5,83.15
11592,3870,10,0.88777,293.19,49.78,316.18,71.52
11593,3870,9,0.88584,196.29,38.63,216.61,60.89
11594,3870,17,0.84814,70.78,57.09,89.66,74.09
11595,3870,17,0.83937,174.61,84.09,195.52,108.71
11596,3870,4,0.00184,284.22,127.37,324.24,165.29
11597,3871,5,0.89447,161.43,186.52,201.33,213.58
11598,3871,5,0.87627,229.28,184.21,268.83,215.69
11599,3871,5,0.79201,86.3,153.92,112.01,176.68
11600,3871,5,0.77625,153.66,162.4,190.27,187.18
11601,3871,5,0.73227,137.21,163.88,158.63,181.07
11602,3871,5,0.71928,182.27,180.26,216.69,201.11
11603,3871,5,0.58886,315.44,220.77,393.71,246.62
11604,3871,5,0.43246,161.35,184.17,207.68,204.32
11605,3871,5,0.41806,33.63,137.38,50.71,152.09
11606,3871,8,0.09173,13.61,173.34,21.53,184.66
11607,3871,5,0.0283,10.72,166.68,21.33,177.62
11608,3871,8,0.02636,12.32,171.1,22.84,184.04
11609,3871,14,0.02477,12.93,167.44,21.54,177.96
11610,3871,5,0.02044,160.94,179.04,216.91,201.34
11611,3871,14,0.01211,51.6,185.55,65.53,197.95
11612,3871,5,0.00719,347.34,229.51,386.51,245.82
11613,3871,5,0.0052,340.33,101.01,373.78,123.01
11614,3871,8,0.0042,50.96,187.8,65.54,203.23
11615,3871,5,0.0034,0.0,163.73,15.24,185.03
11616,3871,5,0.00294,34.74,171.56,48.21,182.9
11617,3871,5,0.00276,51.37,187.37,65.94,199.59
11618,3871,5,0.00274,34.38,172.95,41.21,182.07
11619,3871,5,0.00237,11.83,170.03,21.49,184.43
11620,3871,5,0.00237,11.62,165.54,45.64,180.46
11621,3871,5,0.00215,373.17,108.19,400.6,121.16
11622,3871,5,0.00205,12.5,168.64,44.25,185.17
11623,3871,5,0.00196,41.39,140.04,52.04,151.49
11624,3871,8,0.0015,11.66,166.14,21.63,176.87
11625,3871,5,0.00141,0.0,169.12,8.82,198.42
11626,3871,5,0.00137,34.24,177.51,41.09,183.76
11627,3871,5,0.00118,2.45,169.32,20.93,188.87
11628,3871,5,0.00112,0.03,139.35,3.86,159.38
11629,3871,5,0.00112,0.0,191.32,36.21,244.63
11630,3871,5,0.00105,0.0,179.53,9.25,211.92
11631,3871,5,0.00104,0.0,159.51,19.28,180.32
11632,3871,5,0.00102,3.02,161.7,24.46,177.59
11633,3871,5,0.00102,401.0,145.57,443.29,163.02
11634,3875,13,0.84566,62.5,36.46,115.09,90.12
11635,3875,4,0.83942,177.1,52.02,248.0,109.39
11636,3875,8,0.00158,0.0,59.41,8.67,105.22
11637,3875,8,0.00134,0.0,29.38,35.66,168.45
11638,3876,5,0.88622,396.97,126.58,500.0,186.17
11639,3876,5,0.80658,374.88,112.51,462.19,159.22
11640,3876,5,0.80575,242.79,121.63,366.36,178.42
11641,3876,5,0.7577,0.0,133.86,103.08,175.43
11642,3876,14,0.74938,144.99,104.72,226.71,236.82
11643,3876,5,0.17284,145.77,127.88,244.69,177.7
11644,3876,14,0.01055,148.21,117.27,217.27,193.32
11645,3876,14,0.01018,148.5,120.14,186.45,188.52
11646,3876,5,0.00485,146.02,126.88,242.37,222.08
11647,3879,2,0.87451,349.39,130.14,386.17,154.48
11648,3879,17,0.79387,387.85,175.47,405.74,192.11
11649,3879,17,0.5506,268.5,177.51,284.07,192.45
11650,3879,17,0.00251,267.82,178.3,287.42,208.7
11651,3880,7,0.85289,417.35,180.04,441.16,200.54
11652,3880,7,0.76475,343.15,179.78,364.93,195.8
11653,3880,17,0.0154,321.18,176.79,332.11,188.74
11654,3882,7,0.90717,134.11,155.36,173.85,195.72
11655,3882,7,0.87599,48.99,158.05,92.98,210.14
11656,3882,15,0.3643,177.52,212.92,222.02,245.68
11657,3882,15,0.00168,118.13,188.59,175.27,250.13
11658,3883,9,0.93352,338.07,96.44,360.68,114.77
11659,3883,10,0.91376,328.18,136.5,349.69,155.27
11660,3883,9,0.88834,283.37,82.62,301.55,99.35
11661,3883,10,0.88394,193.7,98.13,215.69,115.56
11662,3883,17,0.85082,252.68,113.85,269.42,129.94
11663,3883,17,0.85029,291.5,120.53,308.78,137.19
11664,3883,11,0.84266,307.39,56.06,322.88,69.83
11665,3883,12,0.01534,418.84,215.24,458.02,249.1
11666,3884,5,0.77096,381.52,107.1,453.0,237.25
11667,3884,5,0.17482,421.28,106.46,453.0,121.73
11668,3884,5,0.07431,437.08,105.91,452.9,134.18
11669,3884,5,0.07048,0.0,133.92,60.91,160.37
11670,3884,5,0.04972,423.49,106.24,452.97,138.32
11671,3884,5,0.02338,381.11,115.53,453.0,192.81
11672,3884,5,0.01776,410.93,106.3,452.92,149.51
11673,3884,5,0.00995,113.29,134.58,141.65,151.1
11674,3884,14,0.00576,224.91,109.22,241.59,156.57
11675,3884,5,0.00249,441.26,104.35,453.0,125.33
11676,3884,5,0.00241,0.0,134.29,31.08,163.24
11677,3884,5,0.00138,391.68,106.51,453.0,156.6
11678,3884,5,0.0013,406.05,107.67,452.64,120.76
11679,3884,5,0.00118,113.0,130.94,160.22,153.71
11680,3884,5,0.00109,405.94,106.05,453.0,132.59
11681,3884,5,0.00105,79.61,135.19,129.81,157.1
11682,3890,13,0.89034,105.17,167.66,157.55,218.8
11683,3890,12,0.8892,305.77,130.88,351.5,177.96
11684,3890,12,0.88273,111.06,61.53,151.05,97.75
11685,3891,0,0.93931,267.54,162.21,317.61,211.53
11686,3891,0,0.92312,102.69,163.15,151.6,210.3
11687,3891,1,0.85935,167.99,41.89,207.32,82.67
11688,3893,8,0.88313,292.72,86.73,354.71,173.37
11689,3893,14,0.86713,302.91,67.58,347.2,102.54
11690,3893,16,0.82692,25.71,116.79,47.65,144.8
11691,3893,16,0.82548,0.91,115.98,24.55,145.66
11692,3893,16,0.81817,68.59,114.71,88.61,139.9
11693,3893,16,0.81105,48.04,115.85,69.12,143.44
11694,3893,8,0.77737,393.19,92.61,415.69,121.72
11695,3893,16,0.7753,89.12,113.04,107.54,137.55
11696,3893,14,0.74014,419.22,83.9,433.63,98.52
11697,3893,8,0.66339,419.56,95.14,433.13,113.76
11698,3893,16,0.64156,107.0,112.31,123.03,135.18
11699,3893,14,0.62209,396.37,83.04,415.82,99.69
11700,3893,5,0.59447,373.77,88.57,392.88,107.11
11701,3893,16,0.55097,272.44,100.69,281.85,110.59
11702,3893,16,0.50437,121.99,111.52,135.97,133.4
11703,3893,16,0.39837,135.63,111.09,150.86,132.38
11704,3893,16,0.33512,161.15,109.6,174.94,128.98
11705,3893,16,0.2897,234.95,99.89,244.1,109.28
11706,3893,16,0.26307,229.42,106.87,238.35,121.11
11707,3893,16,0.20221,149.06,109.8,161.49,130.58
11708,3893,16,0.18416,174.34,108.65,186.09,127.5
11709,3893,16,0.1711,204.37,107.14,214.98,123.56
11710,3893,16,0.1538,221.2,106.64,230.1,120.8
11711,3893,16,0.14507,214.17,107.05,222.86,121.79
11712,3893,16,0.11857,195.19,107.1,204.94,124.35
11713,3893,16,0.11688,185.08,107.6,196.13,126.42
11714,3893,14,0.11032,237.33,79.45,247.98,102.77
11715,3893,16,0.08307,233.66,104.84,241.24,116.24
11716,3893,16,0.06876,0.15,116.58,3.96,143.75
11717,3893,16,0.06469,218.37,106.69,227.25,121.84
11718,3893,16,0.03185,282.35,90.26,292.39,106.95
11719,3893,16,0.01454,291.65,87.22,303.69,106.28
11720,3893,16,0.00978,281.71,95.24,297.67,111.28
11721,3893,16,0.00598,0.06,126.53,3.2,154.02
11722,3893,16,0.00528,279.46,92.61,291.34,105.17
11723,3893,14,0.00485,435.78,83.44,452.95,111.69
11724,3893,16,0.00413,238.6,101.76,248.45,110.58
11725,3893,16,0.00401,345.52,104.03,357.12,122.89
11726,3893,8,0.00399,419.37,90.9,433.36,102.74
11727,3893,16,0.00375,233.8,105.41,242.17,112.34
11728,3893,16,0.00356,285.45,85.78,298.11,114.08
11729,3893,8,0.00347,437.0,84.09,452.92,111.37
11730,3893,16,0.00294,282.38,86.17,303.96,107.4
11731,3893,16,0.00286,274.28,99.84,283.61,108.87
11732,3893,16,0.00278,265.07,100.52,280.55,111.82
11733,3893,16,0.00192,281.43,97.0,292.87,112.6
11734,3893,16,0.00177,126.56,110.86,147.91,132.63
11735,3893,16,0.00172,286.11,93.78,292.89,114.23
11736,3893,14,0.00131,282.98,86.33,304.11,105.97
11737,3893,16,0.00121,20.27,117.29,28.87,137.3
11738,3893,16,0.0012,29.94,116.22,47.9,135.08
11739,3893,14,0.00107,327.67,89.4,347.68,105.34
11740,3898,2,0.85526,291.83,195.33,323.06,226.84
11741,3901,2,0.89885,53.85,181.63,74.49,210.6
11742,3901,2,0.87791,167.11,182.27,188.83,209.98
11743,3901,2,0.86537,145.85,126.5,163.92,150.56
11744,3901,2,0.85365,36.2,141.6,54.89,165.85
11745,3901,5,0.00231,417.93,139.78,484.0,201.26
11746,3902,10,0.87484,456.75,25.19,473.2,38.69
11747,3902,17,0.87424,386.17,25.52,399.49,38.22
11748,3902,10,0.86627,356.1,19.0,372.02,33.27
11749,3902,9,0.8636,416.33,33.38,429.08,45.33
11750,3902,11,0.86115,392.79,71.82,406.54,86.57
11751,3902,9,0.86093,353.01,45.01,372.07,58.77
11752,3902,9,0.84913,402.08,51.87,416.35,65.91
11753,3902,17,0.03219,416.25,33.43,429.16,45.39
11754,3902,17,0.005,402.13,51.77,416.39,65.87
11755,3904,15,0.88207,329.0,128.76,359.89,161.61
11756,3904,15,0.87107,430.31,110.72,455.61,138.97
11757,3904,15,0.85489,352.18,95.83,371.82,119.0
11758,3904,15,0.00818,463.31,66.61,471.0,98.42
11759,3904,15,0.00764,465.79,59.19,471.0,96.95
11760,3904,15,0.00413,466.89,58.37,471.0,84.1
11761,3904,15,0.00242,467.89,57.49,471.0,77.57
11762,3906,2,0.89206,74.46,163.65,110.56,205.97
11763,3906,7,0.82645,64.66,125.73,92.18,149.63
11764,3906,7,0.0041,0.0,119.19,4.37,160.55
11765,3906,7,0.00301,0.0,114.94,7.31,159.24
11766,3907,2,0.86518,338.03,185.39,356.59,211.49
11767,3907,2,0.86389,353.54,129.18,368.8,151.49
11768,3907,2,0.84184,409.26,152.58,424.13,175.85
11769,3907,2,0.83969,274.97,142.63,291.94,165.99
11770,3908,7,0.84358,297.08,174.81,318.74,191.89
11771,3908,7,0.84239,156.34,183.18,174.62,202.78
11772,3908,15,0.81688,208.77,182.97,230.45,200.67
11773,3908,15,0.80845,244.35,139.19,267.16,161.51
11774,3908,7,0.68252,208.71,182.97,230.11,200.73
11775,3908,7,0.01838,177.08,149.93,191.74,163.06
11776,3908,7,0.00358,155.69,206.23,176.28,220.53
11777,3911,2,0.8919,95.61,173.09,126.45,209.86
11778,3911,17,0.81978,35.46,150.76,52.43,166.89
11779,3911,2,0.60796,111.39,143.52,127.88,159.59
11780,3911,7,0.00803,347.28,53.11,437.52,123.5
11781,3911,17,0.00452,111.24,143.52,127.79,159.77
11782,3914,12,0.87453,213.14,125.26,261.0,172.77
11783,3914,13,0.86961,113.17,64.94,158.67,107.86
11784,3914,13,0.29783,211.86,125.02,260.71,173.89
11785,3915,2,0.87706,296.36,71.0,328.0,93.33
11786,3915,2,0.83744,135.85,40.27,157.59,67.75
11787,3923,8,0.84697,78.95,0.52,120.16,50.32
11788,3923,8,0.84417,0.0,0.0,118.39,207.9
11789,3923,8,0.04645,1.5,0.6,29.37,9.27
11790,3923,8,0.03304,0.21,0.63,11.43,11.39
11791,3923,8,0.00298,0.0,0.64,56.47,206.95
11792,3923,1,0.00247,11.05,91.31,42.46,119.49
11793,3923,8,0.00209,0.4,0.69,121.12,89.25
11794,3923,8,0.00195,9.28,0.97,29.92,7.76
11795,3923,8,0.00182,191.77,0.0,253.47,89.41
11796,3923,8,0.00148,0.02,0.73,9.23,19.17
11797,3923,8,0.00126,187.81,0.0,254.82,138.05
11798,3923,8,0.00107,0.19,0.0,6.02,1.76
11799,3924,15,0.9191,48.89,0.0,85.56,32.52
11800,3932,2,0.90824,216.01,196.01,245.56,224.71
11801,3932,2,0.9011,92.8,188.28,129.07,216.52
11802,3932,2,0.00202,233.41,83.51,249.71,102.62
11803,3933,15,0.89124,264.0,160.89,293.18,191.53
11804,3933,6,0.8873,196.34,105.91,225.56,148.12
11805,3933,2,0.82166,294.65,102.26,312.52,121.15
11806,3936,7,0.88602,371.1,74.45,406.91,102.15
11807,3936,2,0.84883,272.97,46.1,313.49,73.41
11808,3936,2,0.00334,496.08,74.53,501.0,113.29
11809,3936,2,0.00234,493.42,58.0,501.0,118.28
11810,3941,2,0.86725,58.3,13.66,78.21,40.46
11811,3941,2,0.78501,97.3,56.85,124.62,78.04
11812,3943,8,0.83101,6.86,137.3,49.45,168.79
11813,3943,14,0.71214,143.96,153.92,174.47,199.89
11814,3943,14,0.68217,103.58,137.6,120.72,170.55
11815,3943,14,0.67409,339.46,152.46,360.5,179.23
11816,3943,14,0.61714,182.1,153.26,200.61,180.35
11817,3943,14,0.56096,45.04,135.4,58.31,161.57
11818,3943,14,0.23216,29.69,133.21,44.92,154.08
11819,3943,14,0.13154,113.53,146.18,131.52,172.4
11820,3943,14,0.09098,22.85,132.98,41.01,153.98
11821,3943,14,0.03582,0.0,121.26,4.08,158.1
11822,3943,14,0.01985,31.52,133.94,54.51,161.29
11823,3943,14,0.01792,42.86,133.24,56.8,156.98
11824,3943,14,0.01331,34.67,132.25,56.14,152.56
11825,3943,14,0.01258,106.98,138.89,127.45,172.13
11826,3943,14,0.01123,0.0,119.11,9.81,159.75
11827,3943,14,0.01118,114.29,151.33,128.29,171.33
11828,3943,14,0.00638,20.45,135.97,37.9,156.57
11829,3943,14,0.00629,395.98,151.67,419.43,178.8
11830,3943,14,0.00449,357.99,148.56,391.75,185.81
11831,3943,8,0.00414,0.0,126.84,10.11,160.06
11832,3943,14,0.00372,107.5,153.36,135.98,176.46
11833,3943,14,0.00356,149.85,154.01,173.39,180.4
11834,3943,14,0.00258,0.01,118.92,3.47,142.79
11835,3943,8,0.0025,138.68,145.05,205.77,202.03
11836,3943,14,0.00215,95.73,138.57,123.93,176.04
11837,3943,14,0.00154,369.93,153.37,391.86,185.59
11838,3943,14,0.0014,34.3,131.46,48.11,150.44
11839,3943,14,0.00138,216.48,138.97,233.76,176.84
11840,3943,14,0.0012,310.0,143.01,322.55,165.24
11841,3943,14,0.00109,0.0,128.23,6.14,158.84
11842,3943,14,0.00107,262.79,148.46,286.09,177.02
11843,3943,14,0.00106,109.42,153.47,127.15,173.43
11844,3943,14,0.00104,25.15,134.28,46.57,159.42
11845,3947,1,0.91779,282.39,95.23,326.87,137.49
11846,3947,0,0.89559,187.53,147.53,232.67,192.08
11847,3947,0,0.83821,257.17,183.21,305.48,237.84
11848,3948,15,0.89958,239.68,143.51,259.15,162.16
11849,3948,15,0.89162,203.54,150.17,223.53,168.05
11850,3953,14,0.78647,381.62,139.58,393.41,169.45
11851,3953,14,0.76088,288.43,140.02,299.34,166.0
11852,3953,14,0.69783,402.28,140.0,416.94,169.37
11853,3953,14,0.68502,129.34,140.05,147.7,172.1
11854,3953,14,0.61977,266.13,140.28,278.01,162.96
11855,3953,14,0.56627,451.36,144.26,465.65,175.41
11856,3953,14,0.55155,205.44,140.06,220.23,163.45
11857,3953,14,0.51789,463.52,151.45,475.51,175.67
11858,3953,14,0.49208,430.49,148.36,443.88,174.76
11859,3953,14,0.35729,219.88,134.02,230.48,160.88
11860,3953,14,0.31075,443.94,145.17,463.63,175.01
11861,3953,14,0.21602,396.12,139.57,407.58,168.04
11862,3953,14,0.21343,372.61,143.65,381.52,168.21
11863,3953,14,0.08913,443.67,149.07,457.03,174.84
11864,3953,14,0.08813,351.05,128.32,364.0,146.21
11865,3953,14,0.05731,94.27,126.36,107.66,147.89
11866,3953,14,0.05433,311.77,135.64,326.2,162.71
11867,3953,14,0.04484,270.65,140.37,280.78,162.94
11868,3953,14,0.03731,495.83,123.94,500.0,148.73
11869,3953,14,0.03688,495.03,131.73,500.0,174.18
11870,3953,14,0.03588,428.92,143.05,441.89,166.23
11871,3953,14,0.02967,491.97,139.02,500.0,174.02
11872,3953,14,0.02735,428.29,143.0,440.67,158.1
11873,3953,16,0.02399,440.19,216.14,499.91,255.54
11874,3953,14,0.02067,221.83,134.06,230.64,152.89
11875,3953,14,0.01932,495.64,119.0,500.0,142.33
11876,3953,14,0.01199,493.41,126.24,500.0,153.82
11877,3953,14,0.00978,176.68,161.2,192.7,174.0
11878,3953,14,0.00836,217.08,138.0,226.87,161.06
11879,3953,14,0.00653,394.25,141.79,404.11,167.75
11880,3953,14,0.00593,281.26,140.21,298.38,165.53
11881,3953,14,0.00549,493.01,110.0,500.0,141.3
11882,3953,14,0.00461,493.55,121.52,500.0,145.69
11883,3953,14,0.00438,215.47,143.18,224.33,161.44
11884,3953,14,0.0042,322.98,148.36,332.5,165.91
11885,3953,14,0.00371,457.91,147.14,467.1,175.74
11886,3953,14,0.00361,230.64,126.98,245.2,144.22
11887,3953,14,0.00353,63.03,129.62,81.7,156.91
11888,3953,14,0.00352,352.07,117.83,366.05,136.68
11889,3953,14,0.00299,454.12,152.25,465.5,175.55
11890,3953,14,0.00287,206.09,139.49,217.32,158.22
11891,3953,14,0.00283,434.72,144.43,446.38,174.94
11892,3953,16,0.00272,278.48,168.83,399.68,206.03
11893,3953,14,0.00262,496.1,109.06,500.0,136.41
11894,3953,14,0.00252,131.9,145.82,149.91,178.52
11895,3953,16,0.0023,244.6,168.82,361.66,204.08
11896,3953,14,0.00209,372.51,140.99,387.7,169.01
11897,3953,14,0.00195,363.62,141.85,381.78,169.8
11898,3953,14,0.0019,94.66,127.33,105.37,141.76
11899,3953,14,0.00182,492.09,123.05,500.0,163.89
11900,3953,14,0.00161,463.78,140.76,473.78,163.5
11901,3953,14,0.00161,264.39,139.15,273.75,161.64
11902,3953,16,0.0015,199.83,168.85,335.05,208.66
11903,3953,14,0.00144,429.47,143.06,449.76,175.15
11904,3953,14,0.00143,432.62,142.51,448.03,162.25
11905,3953,14,0.00142,435.36,152.37,444.48,174.92
11906,3953,14,0.00141,463.69,141.52,477.85,168.76
11907,3953,14,0.0013,429.43,157.94,441.28,175.13
11908,3953,14,0.00126,254.73,140.09,277.87,163.55
11909,3953,14,0.00123,320.26,137.17,331.66,165.44
11910,3953,14,0.00118,397.59,138.25,406.71,152.97
11911,3953,14,0.00117,496.47,138.07,500.0,181.08
11912,3953,14,0.00105,229.11,125.36,245.26,163.3
11913,3956,5,0.87452,414.4,132.79,487.32,173.73
11914,3956,14,0.84877,304.16,88.15,338.91,178.23
11915,3956,14,0.83416,280.29,89.67,307.34,174.01
11916,3956,14,0.73256,137.43,86.04,181.96,166.42
11917,3956,14,0.64619,217.16,96.96,256.57,167.04
11918,3956,14,0.54893,237.73,104.49,260.4,164.45
11919,3956,5,0.14625,30.23,109.13,114.38,157.56
11920,3956,14,0.10657,163.62,89.52,200.63,165.93
11921,3956,5,0.05603,489.82,139.15,500.0,169.86
11922,3956,5,0.01844,0.9,100.75,110.08,159.63
11923,3956,5,0.01777,36.13,106.93,153.41,159.03
11924,3956,5,0.01382,493.06,141.99,500.0,173.73
11925,3956,5,0.01119,176.77,81.31,214.21,96.06
11926,3956,5,0.00882,134.66,91.77,212.52,163.95
11927,3956,8,0.00848,72.66,103.45,107.23,122.94
11928,3956,14,0.00615,220.16,97.45,242.72,122.64
11929,3956,5,0.00419,488.8,129.43,500.0,163.44
11930,3956,5,0.00374,72.94,104.64,111.98,123.79
11931,3956,5,0.00354,209.99,106.0,268.25,165.93
11932,3956,5,0.00343,480.2,129.56,500.0,172.71
11933,3956,5,0.00288,473.99,128.54,500.0,152.54
11934,3956,8,0.00276,429.16,125.8,446.82,135.11
11935,3956,14,0.00174,479.36,129.94,499.99,146.05
11936,3956,8,0.00174,183.2,115.87,227.38,161.13
11937,3956,8,0.00161,211.41,104.1,268.0,168.07
11938,3956,8,0.00153,0.03,93.49,10.3,185.61
11939,3956,5,0.00145,470.95,120.67,499.96,148.92
11940,3956,5,0.00134,0.01,123.26,4.68,181.88
11941,3956,5,0.00116,71.13,104.83,109.0,152.76
11942,3957,2,0.85281,47.93,172.24,66.34,199.69
11943,3957,2,0.85264,136.28,164.43,156.67,190.67
11944,3959,2,0.86029,413.93,38.79,444.92,64.72
11945,3960,7,0.85522,186.27,176.9,204.51,195.98
11946,3960,7,0.06947,80.01,189.43,103.68,207.6
11947,3960,2,0.00113,0.01,83.34,5.9,96.79
11948,3962,10,0.89593,190.46,186.45,212.47,205.51
11949,3962,10,0.8838,49.38,154.19,71.96,172.19
11950,3962,9,0.87918,142.64,133.67,160.78,150.51
11951,3962,9,0.8768,199.03,145.18,221.74,163.06
11952,3962,11,0.84612,166.01,105.58,181.47,119.39
11953,3962,17,0.84383,152.51,172.01,170.2,189.04
11954,3962,17,0.8262,112.15,167.59,129.0,183.83
11955,3963,7,0.86852,210.2,69.84,245.35,96.82
11956,3963,2,0.85252,111.11,44.24,152.09,73.81
11957,3965,16,0.87031,160.14,213.85,249.51,255.36
11958,3965,14,0.83542,195.15,152.71,218.58,185.94
11959,3965,14,0.82725,11.81,122.11,46.99,164.01
11960,3965,14,0.80384,80.94,120.18,95.99,158.11
11961,3965,14,0.79467,49.73,120.11,62.02,153.05
11962,3965,16,0.79041,241.69,194.05,268.14,211.81
11963,3965,14,0.77063,150.14,133.65,163.64,158.75
11964,3965,14,0.76993,69.24,120.56,82.86,155.33
11965,3965,14,0.74344,162.83,138.42,179.08,171.37
11966,3965,16,0.71512,162.29,174.03,220.22,201.12
11967,3965,16,0.65244,62.17,162.0,146.12,195.08
11968,3965,14,0.56354,185.89,146.61,194.17,166.68
11969,3965,14,0.49912,186.58,135.73,195.5,149.0
11970,3965,14,0.45782,209.12,139.05,216.61,155.56
11971,3965,16,0.40468,120.05,171.31,222.57,200.41
11972,3965,16,0.34311,4.05,158.4,117.51,194.63
11973,3965,14,0.29195,82.06,150.96,94.54,161.71
11974,3965,16,0.17498,94.48,166.23,203.73,201.31
11975,3965,14,0.15772,0.01,115.38,4.19,141.18
11976,3965,14,0.08129,239.83,141.32,259.11,167.61
11977,3965,14,0.04826,187.32,147.38,196.8,167.49
11978,3965,16,0.04626,94.7,164.83,165.98,196.84
11979,3965,14,0.04168,80.28,139.45,95.38,161.22
11980,3965,16,0.0384,0.36,153.11,62.5,192.29
11981,3965,16,0.03774,203.92,220.95,274.17,255.88
11982,3965,16,0.03598,111.93,166.26,154.81,190.8
11983,3965,16,0.03085,0.0,156.95,10.23,183.17
11984,3965,14,0.02263,258.51,140.72,271.92,168.89
11985,3965,14,0.01994,0.05,108.29,8.5,141.45
11986,3965,14,0.01965,80.78,146.19,93.83,161.1
11987,3965,14,0.01956,166.14,135.36,175.51,147.72
11988,3965,14,0.01906,0.0,104.0,5.65,141.0
11989,3965,16,0.018,217.44,192.69,268.4,211.54
11990,3965,14,0.01683,191.38,151.59,199.16,168.05
11991,3965,16,0.01247,0.0,143.36,10.12,181.0
11992,3965,14,0.01241,216.67,136.79,222.84,152.81
11993,3965,16,0.01234,233.37,226.44,279.75,254.78
11994,3965,14,0.01225,272.44,135.13,291.86,169.8
11995,3965,16,0.01206,233.84,238.91,280.77,255.06
11996,3965,16,0.011,190.74,186.09,265.66,210.43
11997,3965,14,0.01003,122.43,131.99,134.57,151.48
11998,3965,16,0.01001,0.63,146.22,51.52,184.79
11999,3965,14,0.00968,263.76,142.48,272.54,168.21
12000,3965,14,0.00878,0.01,144.44,7.09,168.25
12001,3965,14,0.00858,210.44,137.68,218.47,156.76
12002,3965,16,0.00709,97.27,163.3,143.33,183.73
12003,3965,16,0.00652,0.0,158.83,14.53,191.85
12004,3965,14,0.00634,299.52,107.89,310.75,121.32
12005,3965,16,0.00533,9.43,172.79,66.69,194.88
12006,3965,14,0.00504,218.46,136.51,224.04,149.3
12007,3965,14,0.00476,116.13,124.42,129.85,150.54
12008,3965,14,0.00397,194.82,150.25,201.03,164.8
12009,3965,14,0.00357,273.4,121.28,282.94,132.16
12010,3965,14,0.00335,165.54,135.62,176.02,160.19
12011,3965,14,0.00316,221.81,133.77,237.08,164.71
12012,3965,14,0.00302,0.0,143.59,9.45,179.5
12013,3965,14,0.00301,0.0,107.51,3.99,158.06
12014,3965,14,0.00301,0.0,118.75,5.47,154.61
12015,3965,14,0.00287,194.58,151.93,202.58,167.51
12016,3965,14,0.0028,118.89,125.99,133.67,151.59
12017,3965,14,0.00263,270.37,121.12,281.8,130.42
12018,3965,14,0.00261,79.11,144.13,85.88,161.45
12019,3965,14,0.00243,133.01,135.61,139.24,154.71
12020,3965,16,0.00229,229.01,234.66,268.6,255.23
12021,3965,16,0.00216,94.21,178.82,141.51,213.95
12022,3965,14,0.00195,167.7,135.25,176.91,145.11
12023,3965,16,0.0018,259.9,238.32,303.77,255.45
12024,3965,16,0.0018,158.89,214.63,210.69,254.58
12025,3965,16,0.00178,49.57,156.8,105.64,187.28
12026,3965,14,0.00172,45.46,119.43,56.69,145.0
12027,3965,16,0.00171,175.72,177.91,228.29,202.63
12028,3965,16,0.0017,0.0,166.91,26.67,201.48
12029,3965,14,0.00166,212.43,137.44,221.23,155.55
12030,3965,16,0.00165,0.0,145.03,15.15,176.23
12031,3965,16,0.00162,69.96,173.98,133.82,196.32
12032,3965,16,0.00155,207.88,203.38,273.18,239.21
12033,3965,14,0.0015,495.2,163.06,504.94,191.35
12034,3965,14,0.00148,8.71,141.24,26.24,174.05
12035,3965,14,0.00144,194.26,146.37,200.08,158.59
12036,3965,16,0.00127,96.02,185.34,190.89,231.96
12037,3965,16,0.00121,0.0,175.5,38.23,199.38
12038,3965,14,0.0012,0.0,133.57,4.91,164.96
12039,3965,14,0.00119,108.62,163.03,135.6,182.08
12040,3965,14,0.00118,266.6,120.24,276.64,129.16
12041,3965,16,0.00112,144.73,170.95,177.31,191.07
12042,3965,16,0.00104,176.26,180.22,253.81,208.51
12043,3968,3,0.88684,304.31,89.4,357.51,126.57
12044,3968,13,0.88083,287.09,143.93,327.43,184.63
12045,3968,3,0.85419,232.33,100.82,295.95,131.64
12046,3968,3,0.85269,145.21,132.76,225.93,176.25
12047,3968,1,0.8423,208.85,147.7,249.78,189.84
12048,3970,2,0.87539,410.21,187.61,430.29,217.15
12049,3970,2,0.87476,309.34,195.78,331.02,224.16
12050,3973,17,0.86142,36.33,64.61,52.28,80.54
12051,3973,17,0.59892,116.02,32.58,131.16,47.18
12052,3973,17,0.0128,231.14,180.28,256.47,205.45
12053,3975,13,0.9075,212.22,23.85,252.78,64.81
12054,3975,4,0.87315,94.02,58.24,164.7,135.16
12055,3975,1,0.8196,268.46,69.9,316.3,117.35
12056,3975,3,0.00521,485.55,78.25,496.0,133.68
12057,3975,3,0.00397,487.61,91.21,496.0,136.95
12058,3975,3,0.00291,489.91,97.81,496.0,141.77
12059,3991,5,0.68487,339.28,155.33,385.28,177.02
12060,3991,5,0.17464,46.03,169.85,74.21,190.72
12061,3991,14,0.05118,94.59,169.35,104.27,193.35
12062,3991,5,0.01123,356.42,155.77,384.64,175.78
12063,3991,14,0.00737,116.89,164.01,128.36,192.65
12064,3991,14,0.00324,388.7,166.27,415.84,183.45
12065,3991,5,0.0024,47.9,173.2,67.18,190.61
12066,3991,14,0.00223,391.08,173.89,414.84,184.12
12067,3991,5,0.00143,0.02,175.49,11.19,192.59
12068,3991,5,0.00115,391.58,177.54,418.3,193.73
12069,3993,3,0.89672,274.31,151.41,323.35,214.31
12070,3993,13,0.87216,403.51,119.05,440.64,157.84
12071,3993,3,0.86767,336.5,78.65,368.56,116.53
12072,3993,1,0.84197,349.59,149.54,391.63,191.98
12073,3993,3,0.81851,278.12,110.77,350.62,140.55
12074,3995,6,0.48586,152.25,48.6,169.93,65.44
12075,3995,14,0.01402,103.52,0.37,119.36,14.37
12076,3995,14,0.00203,101.91,0.06,118.73,9.26
12077,3995,6,0.00186,264.58,153.59,283.59,179.8
12078,3997,13,0.92541,286.0,142.34,327.91,182.67
12079,3997,3,0.88313,286.69,5.45,346.6,78.34
12080,3997,3,0.86707,352.79,43.52,428.84,91.57
12081,3997,1,0.84709,213.44,107.13,255.51,149.88
12082,3997,3,0.83233,164.52,44.83,259.79,82.72
12083,3997,8,0.0066,0.03,0.62,14.44,45.44
12084,3997,14,0.00165,0.01,2.6,8.91,54.72
12085,3999,15,0.89521,227.72,172.39,243.46,185.82
12086,3999,15,0.87494,201.51,175.59,219.37,191.5
12087,3999,14,0.0176,233.21,138.14,250.72,156.91
12088,3999,14,0.01644,252.76,137.2,266.97,159.75
12089,4000,2,0.88667,387.42,73.43,408.63,94.04
12090,4000,2,0.88204,402.45,17.06,421.51,35.88
12091,4000,2,0.8579,306.01,15.73,323.82,37.71
12092,4000,2,0.84825,284.04,76.71,306.1,98.48
12093,4000,2,0.00144,113.63,159.3,135.26,177.12
12094,4003,5,0.88016,381.16,123.16,498.66,183.14
12095,4003,14,0.85202,51.13,110.95,78.72,192.44
12096,4003,14,0.8102,336.64,81.1,399.01,229.47
12097,4003,5,0.78826,215.04,122.26,341.5,175.25
12098,4003,5,0.10428,374.04,109.33,434.99,154.38
12099,4003,5,0.01986,377.52,109.78,436.41,129.66
12100,4003,5,0.01414,366.59,109.3,439.5,136.71
12101,4003,5,0.00976,116.62,130.45,189.49,167.56
12102,4003,5,0.00572,494.26,131.4,500.0,187.83
12103,4003,5,0.00397,496.26,147.36,500.0,196.99
12104,4003,5,0.00283,487.55,133.43,500.0,189.53
12105,4003,5,0.00146,478.51,131.87,500.0,186.64
12106,4003,5,0.00141,492.93,140.8,500.0,202.4
12107,4003,8,0.0014,132.7,131.22,188.93,165.52
12108,4003,5,0.0013,490.55,122.01,500.0,184.55
12109,4003,5,0.00103,495.87,150.21,500.0,220.78
12110,4005,10,0.88406,117.68,76.47,132.44,91.23
12111,4005,9,0.83809,74.06,109.94,91.87,124.64
12112,4005,10,0.83643,73.13,57.96,88.73,71.48
12113,4005,9,0.83475,120.55,119.86,138.32,134.34
12114,4005,17,0.76171,58.91,156.6,73.85,170.78
12115,4006,7,0.82576,329.5,33.01,354.88,54.53
12116,4007,10,0.90566,262.61,114.32,283.97,135.39
12117,4007,9,0.88027,151.99,114.07,174.33,133.62
12118,4007,10,0.87902,166.12,11.68,184.62,33.55
12119,4007,17,0.87105,187.19,50.21,204.32,67.63
12120,4007,11,0.86789,96.8,146.44,120.02,167.94
12121,4007,17,0.8532,214.02,86.43,230.94,102.96
12122,4007,17,0.85019,112.48,62.42,134.24,82.99
12123,4009,4,0.88375,296.35,137.23,368.91,196.15
12124,4009,13,0.83535,181.33,122.88,232.71,175.92
12125,4012,10,0.72858,386.14,87.49,409.71,109.25
12126,4012,10,0.64409,274.75,68.55,296.73,91.47
12127,4012,10,0.63999,415.37,145.37,441.42,169.57
12128,4012,10,0.5461,348.78,167.13,377.11,193.93
12129,4012,10,0.10549,316.64,132.48,342.06,156.7
12130,4012,6,0.04727,470.73,66.47,479.0,117.61
12131,4012,14,0.0338,471.58,74.67,479.0,111.88
12132,4012,14,0.01642,0.0,18.15,22.25,122.2
12133,4012,1,0.01533,385.99,87.68,409.85,109.45
12134,4012,6,0.01136,472.24,85.98,479.0,112.95
12135,4012,6,0.00519,472.36,93.46,479.0,120.04
12136,4012,14,0.00416,0.0,11.59,49.18,122.44
12137,4012,6,0.0029,470.02,65.11,479.0,145.01
12138,4012,6,0.00115,14.71,126.03,70.81,147.08
12139,4014,2,0.90088,115.38,98.43,141.57,134.1
12140,4014,2,0.89966,227.77,164.01,255.92,205.25
12141,4014,2,0.88206,229.37,61.86,252.14,94.24
12142,4014,2,0.87833,319.64,90.51,343.01,125.21
12143,4017,2,0.89596,295.59,67.28,330.31,109.6
12144,4017,2,0.73873,394.33,102.05,416.97,121.05
12145,4017,17,0.50427,377.19,32.34,397.44,52.72
12146,4017,17,0.27405,395.22,101.99,416.97,120.88
12147,4017,2,0.16786,377.19,32.35,397.56,52.66
12148,4018,5,0.67706,388.61,233.71,449.28,247.0
12149,4018,5,0.32896,126.41,140.38,155.09,157.34
12150,4018,5,0.31905,407.24,189.48,466.41,210.34
12151,4018,5,0.19224,285.11,147.36,300.7,160.45
12152,4018,5,0.08174,149.29,147.93,183.37,167.27
12153,4018,5,0.07637,39.9,77.4,69.39,91.54
12154,4018,5,0.07183,0.0,80.23,24.98,93.79
12155,4018,5,0.06969,77.36,152.53,116.38,164.96
12156,4018,5,0.05325,29.75,152.53,67.89,165.16
12157,4018,5,0.04252,16.7,103.01,49.88,122.58
12158,4018,5,0.03495,0.02,111.38,20.67,126.31
12159,4018,5,0.03263,398.58,84.12,439.3,102.0
12160,4018,5,0.0292,281.68,152.75,337.4,185.05
12161,4018,5,0.02221,1.18,120.21,33.39,134.42
12162,4018,5,0.02071,0.0,76.53,20.49,91.78
12163,4018,5,0.0195,161.15,72.34,196.66,96.58
12164,4018,5,0.01795,0.0,90.86,28.71,109.44
12165,4018,5,0.01569,84.74,153.66,119.03,171.63
12166,4018,5,0.01478,208.33,107.19,250.37,130.68
12167,4018,5,0.01457,0.0,88.23,26.7,102.45
12168,4018,5,0.01372,0.98,95.65,37.36,109.45
12169,4018,5,0.01349,15.08,99.67,46.31,118.23
12170,4018,5,0.01334,409.46,75.42,445.61,88.13
12171,4018,5,0.01265,7.82,97.44,45.2,112.85
12172,4018,5,0.01058,270.45,131.7,280.55,142.48
12173,4018,5,0.01043,0.0,69.22,25.68,91.38
12174,4018,5,0.00886,45.21,110.2,100.16,128.21
12175,4018,5,0.00863,359.16,84.75,393.03,102.72
12176,4018,5,0.00856,0.0,83.64,26.42,96.51
12177,4018,5,0.00843,0.0,108.58,34.58,127.74
12178,4018,5,0.00823,40.26,76.83,87.01,90.77
12179,4018,5,0.00794,0.0,102.41,29.58,124.44
12180,4018,5,0.00745,387.02,84.48,430.21,100.0
12181,4018,5,0.00744,397.91,89.75,439.82,106.12
12182,4018,5,0.00728,6.04,140.98,50.08,156.36
12183,4018,5,0.00727,0.41,120.19,36.83,142.15
12184,4018,5,0.00648,407.29,81.47,441.11,96.97
12185,4018,5,0.00564,320.39,74.0,353.41,89.67
12186,4018,5,0.0056,17.18,75.8,39.21,88.22
12187,4018,5,0.00544,34.06,67.63,69.78,79.03
12188,4018,5,0.00522,397.39,75.44,442.81,99.31
12189,4018,5,0.005,0.0,113.85,10.86,129.17
12190,4018,5,0.005,275.03,95.44,323.94,112.4
12191,4018,5,0.00488,63.83,121.83,109.94,138.32
12192,4018,5,0.00453,35.93,80.22,70.41,95.3
12193,4018,5,0.00451,2.96,93.24,40.36,105.75
12194,4018,5,0.00429,87.15,162.12,116.71,173.89
12195,4018,5,0.00412,301.36,79.72,351.95,102.5
12196,4018,5,0.00398,0.46,144.83,33.25,158.25
12197,4018,5,0.00386,21.9,90.36,52.51,101.2
12198,4018,5,0.00362,0.36,91.9,49.72,109.5
12199,4018,5,0.00361,361.21,73.3,391.18,88.01
12200,4018,5,0.00356,271.78,84.08,304.63,100.95
12201,4018,5,0.00354,126.58,132.39,159.27,150.3
12202,4018,5,0.0035,34.8,59.6,70.04,76.41
12203,4018,5,0.00344,400.39,94.67,438.94,109.21
12204,4018,5,0.00338,0.28,114.28,37.2,132.08
12205,4018,5,0.00334,7.35,139.04,33.12,151.67
12206,4018,5,0.00327,2.5,141.3,33.22,154.63
12207,4018,5,0.00327,178.05,133.88,284.58,192.33
12208,4018,5,0.00327,109.91,68.25,139.73,83.63
12209,4018,5,0.00306,90.45,65.43,126.49,82.83
12210,4018,5,0.00304,326.18,71.95,362.81,90.22
12211,4018,5,0.00303,42.22,69.06,85.9,88.81
12212,4018,5,0.00279,270.67,89.05,325.23,110.8
12213,4018,5,0.00274,0.0,114.77,27.15,127.59
12214,4018,5,0.00271,252.31,95.33,321.01,114.91
12215,4018,5,0.00269,413.98,144.64,454.95,160.54
12216,4018,5,0.00264,18.91,93.22,42.26,102.77
12217,4018,5,0.00263,1.4,80.15,43.77,99.0
12218,4018,5,0.00261,341.24,87.15,379.8,101.78
12219,4018,5,0.00254,31.98,144.13,64.78,155.19
12220,4018,5,0.00253,0.0,90.41,16.84,109.85
12221,4018,5,0.00249,272.73,73.95,305.39,87.8
12222,4018,5,0.00245,26.43,76.41,74.32,91.87
12223,4018,5,0.00236,422.3,76.46,444.86,88.02
12224,4018,8,0.00233,144.14,168.75,153.64,179.04
12225,4018,5,0.00231,455.22,132.68,489.79,149.1
12226,4018,5,0.00217,387.3,64.74,439.87,97.7
12227,4018,5,0.00217,428.39,82.64,462.06,98.36
12228,4018,5,0.00214,33.19,151.3,59.8,161.71
12229,4018,5,0.00212,273.2,82.13,335.26,106.12
12230,4018,5,0.0021,34.67,68.38,58.56,77.03
12231,4018,5,0.00205,391.46,129.32,422.07,152.92
12232,4018,5,0.00199,196.74,129.72,276.3,175.08
12233,4018,5,0.00197,134.26,136.9,181.1,158.59
12234,4018,5,0.00195,323.35,79.81,376.68,102.34
12235,4018,5,0.00194,108.06,42.55,147.55,58.08
12236,4018,5,0.00193,299.26,73.35,345.67,91.85
12237,4018,5,0.00193,108.15,27.82,149.44,45.43
12238,4018,5,0.0019,167.98,81.58,224.15,111.66
12239,4018,5,0.00188,29.15,140.26,63.58,151.68
12240,4018,5,0.00185,2.83,139.47,58.66,153.17
12241,4018,5,0.00185,2.72,100.33,34.29,112.91
12242,4018,5,0.00185,248.04,96.93,297.1,121.23
12243,4018,5,0.00178,461.65,142.55,489.98,159.6
12244,4018,5,0.00175,113.46,85.39,148.57,99.26
12245,4018,5,0.00175,152.09,149.04,172.33,167.3
12246,4018,5,0.00174,452.51,75.7,489.91,101.3
12247,4018,5,0.00174,20.19,89.25,75.94,106.43
12248,4018,5,0.00173,282.71,85.95,343.76,110.97
12249,4018,5,0.00172,1.27,124.1,53.7,142.57
12250,4018,5,0.0017,109.77,68.75,127.71,83.22
12251,4018,5,0.00168,391.67,84.93,436.33,109.45
12252,4018,5,0.00164,450.2,94.81,490.0,114.95
12253,4018,5,0.00163,0.32,66.23,39.92,90.14
12254,4018,5,0.00161,9.01,54.31,49.31,68.29
12255,4018,5,0.00158,14.42,65.97,39.77,86.16
12256,4018,5,0.00157,99.56,109.46,129.08,121.78
12257,4018,5,0.00153,358.5,81.63,392.32,96.78
12258,4018,5,0.00153,108.24,74.36,139.96,87.13
12259,4018,5,0.00152,62.72,152.25,101.85,163.75
12260,4018,5,0.00152,1.22,142.94,58.87,158.54
12261,4018,5,0.00152,32.42,147.02,65.79,160.8
12262,4018,5,0.0015,34.1,86.29,66.72,98.87
12263,4018,5,0.00148,330.52,81.33,395.05,106.31
12264,4018,5,0.00147,330.22,69.7,386.73,97.75
12265,4018,5,0.00144,89.76,130.31,124.52,140.29
12266,4018,5,0.00142,394.91,75.9,428.6,87.43
12267,4018,5,0.00141,37.73,57.22,68.8,70.42
12268,4018,5,0.00138,368.69,85.29,406.41,101.4
12269,4018,5,0.00135,0.0,62.06,3.29,72.84
12270,4018,5,0.00134,0.0,134.14,12.7,153.59
12271,4018,5,0.00132,298.89,84.04,352.56,110.04
12272,4018,5,0.00131,111.47,71.0,146.43,87.99
12273,4018,5,0.0013,312.5,67.41,352.88,88.98
12274,4018,5,0.0013,100.37,88.39,128.6,99.04
12275,4018,5,0.00129,274.41,71.03,331.5,88.68
12276,4018,5,0.00127,247.96,101.59,295.59,128.95
12277,4018,5,0.00127,460.54,75.61,490.0,94.47
12278,4018,5,0.00124,182.21,84.66,223.82,108.39
12279,4018,5,0.00124,279.95,96.53,330.13,117.88
12280,4018,5,0.00122,115.09,77.0,149.99,95.66
12281,4018,5,0.00119,325.58,87.1,383.79,105.95
12282,4018,5,0.00116,8.66,126.84,73.97,145.29
12283,4018,5,0.00116,6.76,126.3,39.48,142.71
12284,4018,5,0.00115,59.64,115.61,108.47,134.25
12285,4018,5,0.00114,422.07,80.56,447.12,95.48
12286,4018,5,0.00114,103.81,141.13,120.01,152.18
12287,4018,5,0.00112,0.0,56.63,23.78,83.28
12288,4018,5,0.00112,332.43,84.62,367.15,101.94
12289,4018,5,0.00111,34.45,144.28,56.32,153.88
12290,4018,5,0.00111,257.06,128.82,271.41,138.08
12291,4018,5,0.00107,250.13,90.58,305.65,107.78
12292,4018,5,0.00104,14.61,95.09,98.08,123.44
12293,4018,5,0.00104,418.47,130.71,454.44,146.76
12294,4018,5,0.00103,346.37,75.77,384.85,87.44
12295,4018,5,0.00103,300.18,83.68,338.65,101.86
12296,4018,5,0.00103,254.13,110.22,291.31,130.22
12297,4019,15,0.91973,2.12,5.01,38.59,37.72
12298,4019,15,0.91895,88.38,18.03,126.04,57.53
12299,4021,10,0.88109,97.09,72.64,113.47,88.95
12300,4021,9,0.88087,139.89,122.53,160.9,138.35
12301,4021,10,0.87667,44.71,144.5,65.34,162.56
12302,4021,11,0.84742,192.39,134.06,214.58,149.76
12303,4021,17,0.84641,73.71,123.72,89.77,139.91
12304,4021,17,0.82558,91.07,108.52,106.23,123.8
12305,4021,9,0.70001,118.02,152.67,137.2,173.6
12306,4021,8,0.00142,161.27,139.79,213.91,230.41
12307,4023,10,0.87799,178.11,105.66,197.88,128.19
12308,4023,9,0.69858,287.45,77.0,306.85,96.49
12309,4023,17,0.69364,291.32,18.17,307.34,32.56
12310,4023,17,0.26854,287.33,76.97,307.02,96.48
12311,4023,17,0.01473,177.97,105.67,197.53,127.58
12312,4023,10,0.00645,287.55,76.82,306.96,96.23
12313,4024,10,0.86474,124.35,84.86,136.78,96.09
12314,4024,17,0.85418,59.71,96.11,70.76,106.91
12315,4024,10,0.85118,103.47,76.81,117.38,88.15
12316,4024,11,0.83276,83.83,89.56,99.58,101.33
12317,4024,11,0.83276,130.52,98.28,143.18,109.86
12318,4024,17,0.81084,78.86,103.75,89.94,115.0
12319,4024,9,0.5559,68.73,75.4,83.74,86.27
12320,4024,9,0.30147,54.39,82.16,66.83,93.56
12321,4024,17,0.00947,54.31,82.49,67.2,93.86
12322,4024,17,0.00178,68.7,75.34,83.87,86.12
12323,4027,8,0.87062,334.96,4.73,486.4,112.17
12324,4027,8,0.35246,451.21,5.42,487.0,97.88
12325,4027,8,0.15735,468.18,5.73,487.0,63.57
12326,4027,8,0.13724,402.65,0.96,487.0,99.17
12327,4027,8,0.02707,481.07,28.66,487.0,101.91
12328,4027,5,0.00534,44.17,47.31,125.95,93.59
12329,4027,8,0.00281,294.12,0.93,312.12,22.93
12330,4027,8,0.00256,476.49,32.48,487.0,98.26
12331,4027,8,0.00211,475.41,6.09,487.0,56.92
12332,4027,8,0.00145,478.63,2.19,487.0,21.59
12333,4028,14,0.54149,89.13,85.37,105.46,107.88
12334,4028,14,0.01156,0.28,71.9,149.66,251.66
12335,4028,14,0.00281,184.44,102.11,206.2,129.53
12336,4030,2,0.86036,39.17,160.51,55.41,182.13
12337,4030,2,0.85713,170.98,166.12,186.47,187.57
12338,4030,2,0.84797,123.85,183.86,139.67,207.08
12339,4030,2,0.84761,119.47,141.5,133.8,162.19
12340,4032,14,0.86435,281.54,141.88,305.17,188.49
12341,4032,14,0.8083,198.31,140.22,212.72,179.13
12342,4032,14,0.69829,169.66,136.42,186.06,177.74
12343,4032,14,0.60703,157.89,133.95,172.26,174.7
12344,4032,14,0.08271,189.52,151.08,200.83,173.4
12345,4032,14,0.01277,0.02,0.0,4.79,23.03
12346,4032,14,0.00673,487.15,144.16,496.0,197.17
12347,4032,14,0.00207,445.57,162.03,462.95,192.82
12348,4032,14,0.00193,0.0,0.0,5.08,48.57
12349,4032,14,0.0014,178.09,138.33,198.61,176.4
12350,4032,14,0.00133,163.51,136.78,172.54,173.3
12351,4032,14,0.00104,0.11,122.75,8.09,161.25
12352,4040,10,0.88768,329.53,16.37,344.44,31.0
12353,4040,10,0.85761,282.41,7.84,297.78,22.86
12354,4040,17,0.85293,292.71,106.78,307.6,121.34
12355,4040,9,0.81705,295.74,58.9,313.59,73.58
12356,4040,9,0.79992,343.76,58.14,361.76,72.2
12357,4040,17,0.00426,343.79,58.31,361.65,72.17
12358,4042,13,0.85486,306.42,191.31,350.16,234.31
12359,4042,1,0.84837,231.67,109.04,268.87,146.47
12360,4042,1,0.17068,306.3,190.63,350.26,233.14
12361,4042,4,0.05754,44.8,172.92,146.33,226.95
12362,4042,17,0.02206,462.41,44.33,487.97,75.97
12363,4042,2,0.00227,461.81,29.05,488.0,77.08
12364,4042,2,0.0021,459.33,1.73,488.0,77.97
12365,4042,6,0.00194,214.08,153.23,235.07,179.37
12366,4042,2,0.00144,483.57,126.17,488.0,163.21
12367,4042,17,0.00114,345.62,14.7,362.3,34.94
12368,4043,14,0.87801,303.29,123.69,334.03,226.53
12369,4043,14,0.87649,225.06,131.27,257.65,217.01
12370,4043,14,0.85165,108.04,119.47,143.69,207.56
12371,4043,14,0.84192,157.33,134.1,190.9,207.94
12372,4043,5,0.83067,396.56,183.12,469.63,225.32
12373,4043,8,0.03273,133.63,155.6,170.53,199.19
12374,4043,14,0.0098,188.52,161.37,205.6,210.84
12375,4043,5,0.00559,17.18,118.13,105.5,190.98
12376,4043,14,0.0044,68.95,130.25,88.12,153.41
12377,4043,14,0.0032,167.65,134.5,191.15,163.16
12378,4043,5,0.00298,496.04,135.25,500.0,146.38
12379,4043,5,0.0027,81.13,118.15,122.97,130.25
12380,4043,8,0.00204,154.63,133.41,216.97,207.09
12381,4043,14,0.00202,496.61,164.42,500.0,184.44
12382,4043,5,0.0017,495.34,135.61,500.0,151.26
12383,4043,5,0.00156,168.79,117.05,198.76,135.7
12384,4043,5,0.00128,84.38,120.43,120.83,133.73
12385,4046,10,0.89981,214.78,197.41,234.41,218.23
12386,4046,9,0.88757,247.48,136.42,268.51,151.9
12387,4046,9,0.88448,276.73,170.92,297.06,192.08
12388,4046,10,0.88134,154.34,110.08,173.24,127.74
12389,4046,17,0.874,205.34,167.78,223.09,184.96
12390,4046,17,0.8454,189.33,147.01,206.42,163.01
12391,4046,11,0.83103,299.5,123.9,320.16,138.43
12392,4051,9,0.88248,241.31,90.98,262.82,112.95
12393,4051,9,0.87421,209.34,56.91,231.41,73.38
12394,4051,10,0.87293,111.8,35.49,130.6,53.4
12395,4051,10,0.86801,178.42,121.55,198.3,142.3
12396,4051,17,0.86064,167.44,91.59,185.23,109.22
12397,4051,11,0.84421,262.92,41.72,284.25,56.79
12398,4051,17,0.60822,149.67,71.11,167.03,87.87
12399,4051,9,0.00243,149.71,71.03,167.16,87.77
12400,4053,8,0.85906,391.87,97.21,499.86,227.19
12401,4053,14,0.8254,127.59,94.47,153.24,169.17
12402,4053,8,0.80252,52.66,122.97,84.82,145.48
12403,4053,14,0.78707,249.71,96.01,267.65,137.61
12404,4053,8,0.31489,484.7,143.18,500.0,225.17
12405,4053,8,0.19083,471.57,141.82,500.0,225.06
12406,4053,14,0.07843,157.35,117.69,174.14,142.61
12407,4053,8,0.01373,489.32,160.7,500.0,223.25
12408,4053,8,0.00605,110.2,96.02,179.05,169.47
12409,4053,8,0.00569,241.86,95.06,294.09,137.52
12410,4053,8,0.00168,492.92,145.08,500.0,228.81
12411,4055,0,0.89545,105.46,121.3,148.34,165.56
12412,4055,1,0.87325,168.44,66.0,209.75,108.86
12413,4056,7,0.84744,68.66,72.34,95.76,99.88
12414,4058,15,0.87418,47.54,28.65,83.08,64.97
12415,4058,15,0.87159,177.94,93.14,223.45,138.59
12416,4058,15,0.86917,61.56,159.01,99.72,195.1
12417,4058,15,0.00157,0.0,154.8,4.86,218.15
12418,4060,10,0.88912,287.61,58.44,310.21,80.0
12419,4060,9,0.85006,191.93,46.72,212.07,69.92
12420,4060,17,0.84604,170.28,91.88,190.41,116.22
12421,4060,9,0.80958,67.83,63.76,86.89,80.94
12422,4060,9,0.53312,170.35,91.89,190.38,115.64
12423,4060,17,0.26682,67.92,63.86,86.83,80.96
12424,4060,10,0.01587,277.64,137.04,311.15,170.8
12425,4060,17,0.00235,277.63,137.01,311.01,170.08
12426,4061,14,0.8737,319.72,132.06,346.05,224.96
12427,4061,14,0.86304,227.43,116.42,272.36,217.45
12428,4061,14,0.82775,165.6,122.86,193.76,208.39
12429,4061,14,0.72479,76.98,122.05,119.6,200.38
12430,4061,5,0.72305,405.74,180.79,475.28,222.27
12431,4061,14,0.06179,0.0,112.01,6.01,193.41
12432,4061,8,0.05284,0.04,109.05,8.52,196.54
12433,4061,14,0.01398,0.03,110.01,9.64,195.42
12434,4061,5,0.00593,0.0,134.57,9.55,191.92
12435,4061,8,0.00491,0.0,139.5,6.21,194.44
12436,4061,5,0.00334,495.96,159.79,500.0,183.86
12437,4061,14,0.00304,0.0,127.46,6.95,242.11
12438,4061,5,0.00206,462.99,168.87,498.86,198.1
12439,4061,14,0.00192,225.63,120.47,256.28,216.75
12440,4061,5,0.00181,0.0,151.27,4.53,192.26
12441,4061,5,0.00158,487.63,168.91,500.0,213.46
12442,4061,5,0.00153,479.87,170.51,500.0,216.76
12443,4061,8,0.0014,0.02,125.28,6.54,221.0
12444,4061,5,0.00121,493.72,156.76,500.0,183.24
12445,4061,5,0.00111,0.03,155.87,7.91,193.27
12446,4062,13,0.89451,213.71,97.79,255.27,138.78
12447,4062,1,0.86937,139.66,70.48,182.28,111.66
12448,4062,3,0.86182,209.47,0.47,268.2,35.25
12449,4062,3,0.85556,274.55,0.0,349.99,46.53
12450,4062,3,0.84563,89.71,11.21,183.5,52.03
12451,4063,7,0.87207,76.44,59.12,108.73,85.53
12452,4063,7,0.85017,255.91,62.09,290.11,88.72
12453,4063,8,0.00172,22.73,0.0,134.23,0.15
12454,4065,10,0.87661,236.71,124.53,249.61,137.97
12455,4065,10,0.87344,230.35,138.62,244.62,152.75
12456,4065,11,0.86707,264.99,113.71,280.93,125.72
12457,4065,11,0.848,280.79,135.57,294.19,149.25
12458,4065,17,0.70192,319.25,130.22,330.87,142.06
12459,4065,17,0.61698,317.39,143.2,328.59,155.33
12460,4065,9,0.59469,285.99,155.43,301.7,168.75
12461,4065,17,0.34853,255.92,153.75,270.38,168.13
12462,4065,9,0.2235,256.04,153.73,270.34,168.18
12463,4065,17,0.00316,285.83,155.51,301.43,168.79
12464,4065,17,0.00208,318.52,129.67,330.46,153.81
12465,4065,6,0.00101,386.34,109.3,482.14,189.92
12466,4066,10,0.8873,104.25,169.79,128.57,191.47
12467,4066,17,0.88548,193.74,142.6,212.92,161.13
12468,4066,9,0.87557,131.64,87.16,152.85,108.15
12469,4066,10,0.87551,240.07,123.81,262.84,143.57
12470,4066,17,0.86177,157.73,159.12,176.51,178.29
12471,4066,9,0.85705,193.41,67.28,215.85,87.14
12472,4066,11,0.8444,94.38,42.63,114.81,62.32
12473,4068,8,0.85914,70.36,113.27,124.58,170.29
12474,4068,14,0.85462,392.84,65.48,428.5,147.18
12475,4068,8,0.8062,0.11,128.59,39.34,180.47
12476,4068,14,0.74284,125.88,98.8,171.41,169.2
12477,4068,8,0.2434,416.38,82.94,451.1,126.13
12478,4068,14,0.0344,99.65,92.86,115.32,131.03
12479,4068,8,0.02093,118.06,93.97,180.03,171.88
12480,4068,5,0.01442,361.69,92.68,385.97,112.44
12481,4068,14,0.00402,418.65,63.06,452.31,122.8
12482,4068,14,0.0014,494.15,91.25,499.0,169.4
12483,4068,14,0.00132,94.42,112.19,113.49,134.76
12484,4068,8,0.00128,381.31,59.47,457.91,142.42
12485,4069,15,0.9162,387.98,77.08,438.74,123.21
12486,4070,2,0.8646,348.89,178.45,364.27,199.91
12487,4070,2,0.84437,338.7,138.83,352.63,156.77
12488,4070,2,0.84426,418.37,156.99,432.78,176.17
12489,4070,2,0.83493,297.92,154.47,312.21,173.42
12490,4070,2,0.00226,0.01,73.01,2.82,84.13
12491,4073,2,0.86067,233.88,131.91,256.9,150.95
12492,4073,2,0.85472,365.22,113.13,381.77,136.33
12493,4073,2,0.84848,271.67,93.16,289.05,112.86
12494,4073,2,0.84019,351.11,158.38,375.33,182.22
12495,4077,2,0.85416,129.31,189.62,164.1,223.51
12496,4077,2,0.00946,158.73,165.23,179.75,191.37
12497,4077,2,0.00159,495.18,214.04,505.0,253.04
12498,4081,12,0.88688,171.55,142.96,209.34,174.29
12499,4081,12,0.88403,367.08,150.13,408.15,187.94
12500,4081,12,0.88131,323.42,111.88,356.51,144.52
12501,4081,12,0.849,222.58,177.54,263.53,212.23
12502,4081,12,0.82986,308.03,139.75,352.59,181.92
12503,4081,12,0.64676,172.18,114.57,221.59,143.87
12504,4081,14,0.00572,477.03,104.54,487.0,180.76
12505,4081,14,0.00289,448.85,102.87,487.0,237.35
12506,4081,12,0.00288,349.86,131.97,377.93,159.14
12507,4081,12,0.00159,353.2,138.81,392.99,164.77
12508,4081,12,0.00121,224.86,170.23,259.03,182.42
12509,4084,17,0.00361,171.15,174.42,187.17,190.14
12510,4086,5,0.85509,139.73,73.81,429.2,194.24
12511,4086,5,0.66187,4.63,81.38,285.2,230.86
12512,4086,5,0.01975,476.48,96.51,485.0,127.53
12513,4086,8,0.00575,475.48,100.04,484.96,127.45
12514,4086,5,0.00244,343.97,28.94,484.54,137.65
12515,4086,16,0.00178,170.75,96.92,269.78,213.07
12516,4086,8,0.00119,480.19,99.51,485.0,131.18
12517,4089,9,0.89908,154.32,28.25,169.4,44.63
12518,4089,10,0.87713,217.46,58.56,235.68,73.69
12519,4089,10,0.85688,279.67,53.83,295.5,69.03
12520,4089,9,0.79731,202.21,28.84,219.99,42.82
12521,4089,17,0.17656,154.06,0.0,167.57,7.0
12522,4089,17,0.01428,154.34,28.3,169.51,44.39
12523,4089,6,0.00237,0.0,121.77,19.82,170.23
12524,4089,6,0.00233,0.0,123.16,19.84,145.9
12525,4089,8,0.0013,0.0,90.74,20.62,148.27
12526,4090,2,0.88533,220.51,67.62,249.12,103.91
12527,4090,2,0.7904,228.96,37.95,246.4,55.05
12528,4090,17,0.53245,157.9,53.51,174.21,69.8
12529,4090,2,0.26209,157.99,53.6,174.24,69.76
12530,4091,2,0.86338,30.21,152.85,51.33,179.74
12531,4091,2,0.84564,104.87,147.66,131.94,164.81
12532,4091,5,0.0024,401.08,215.55,447.28,250.62
12533,4092,2,0.88094,216.16,169.7,243.89,192.74
12534,4092,2,0.86413,79.99,174.83,101.39,196.16
12535,4092,2,0.85679,167.65,120.27,185.86,144.66
12536,4092,2,0.85371,52.57,118.13,75.59,142.47
12537,4092,5,0.00177,408.89,196.0,486.76,247.55
12538,4092,12,0.00108,214.02,216.36,260.24,247.48
12539,4093,15,0.88031,271.9,65.77,301.27,93.94
12540,4093,15,0.86879,347.23,38.63,377.82,66.66
12541,4093,15,0.8493,352.39,93.61,395.29,129.44
12542,4096,2,0.89808,99.24,104.38,135.99,146.13
12543,4096,7,0.84421,93.08,64.93,120.0,88.72
12544,4100,3,0.90341,302.28,70.78,357.58,138.27
12545,4100,3,0.87205,363.22,106.49,436.07,152.1
12546,4100,1,0.86623,232.86,164.91,272.46,205.19
12547,4100,3,0.85557,189.02,106.27,277.11,141.48
12548,4100,13,0.85522,299.74,198.49,338.92,239.07
12549,4101,17,0.88512,401.31,144.75,421.28,164.91
12550,4101,10,0.87696,268.85,113.68,291.54,136.0
12551,4101,17,0.87007,386.06,175.32,406.45,196.74
12552,4101,11,0.86891,323.94,96.81,350.26,115.87
12553,4101,10,0.86527,248.53,143.69,269.01,167.3
12554,4101,11,0.86339,330.3,147.76,351.96,173.39
12555,4101,9,0.82474,321.31,196.22,348.05,219.22
12556,4101,9,0.71019,273.33,183.34,296.25,209.86
12557,4101,17,0.48728,273.32,183.36,296.42,210.16
12558,4101,10,0.00103,273.31,183.3,296.71,210.23
12559,4104,15,0.87932,418.17,127.8,444.29,157.93
12560,4104,6,0.87743,300.33,63.5,365.03,106.11
12561,4107,12,0.86196,262.01,193.61,308.27,233.79
12562,4107,12,0.81871,362.04,149.66,405.57,189.0
12563,4107,13,0.80844,201.86,112.18,243.45,152.76
12564,4107,6,0.00596,459.83,33.53,471.0,95.53
12565,4107,6,0.00167,453.65,33.62,470.99,84.82
12566,4112,2,0.88364,29.49,139.31,70.83,168.53
12567,4112,7,0.88115,126.55,175.56,162.38,203.68
12568,4113,8,0.25412,270.38,139.85,289.28,164.7
12569,4113,8,0.13975,271.11,137.87,290.27,155.48
12570,4113,14,0.04787,272.05,136.64,289.49,153.15
12571,4113,14,0.03631,274.56,135.11,288.01,149.4
12572,4113,5,0.01643,0.0,44.9,21.97,71.32
12573,4113,5,0.01398,0.0,45.19,29.54,93.32
12574,4113,5,0.0083,403.18,89.86,455.23,119.34
12575,4113,5,0.00389,403.83,75.47,431.11,90.54
12576,4113,14,0.0034,506.08,67.95,512.0,127.92
12577,4113,14,0.00335,4.16,20.49,39.65,106.84
12578,4113,14,0.00329,501.96,67.39,512.0,126.42
12579,4113,5,0.00319,394.24,84.59,440.05,111.77
12580,4113,14,0.00155,327.87,124.62,338.47,138.3
12581,4113,14,0.00143,499.67,82.1,511.99,123.33
12582,4113,14,0.00109,275.11,132.7,287.49,145.55
12583,4113,14,0.00104,329.04,123.46,338.48,133.81
12584,4116,8,0.87445,390.54,99.0,499.83,227.32
12585,4116,14,0.83586,119.95,99.79,146.84,169.93
12586,4116,8,0.81155,52.68,122.92,85.15,145.54
12587,4116,14,0.78781,249.14,94.68,269.63,139.74
12588,4116,14,0.55507,152.4,115.66,169.39,142.26
12589,4116,8,0.34862,485.92,140.31,500.0,225.71
12590,4116,8,0.13544,473.1,133.62,500.0,226.6
12591,4116,14,0.08092,417.0,80.06,464.16,150.18
12592,4116,8,0.01967,109.74,101.88,172.84,169.88
12593,4116,8,0.01705,489.36,160.01,500.0,224.53
12594,4116,8,0.01125,492.17,136.87,500.0,213.11
12595,4116,14,0.00917,391.09,80.13,465.85,156.82
12596,4116,8,0.00701,241.12,98.67,295.77,138.03
12597,4116,14,0.0043,381.59,106.27,392.08,127.18
12598,4116,14,0.00263,479.59,127.3,499.16,157.01
12599,4116,8,0.00202,475.16,143.01,499.87,200.66
12600,4116,14,0.0015,492.29,85.61,500.0,118.14
12601,4116,14,0.00131,496.34,84.51,500.0,118.44
12602,4116,14,0.00113,162.71,115.43,178.27,142.28
12603,4121,2,0.86636,59.39,156.86,83.45,176.78
12604,4121,2,0.85642,178.53,182.33,202.99,206.07
12605,4121,2,0.85319,193.79,136.83,210.68,159.8
12606,4121,2,0.84889,100.35,117.19,117.86,135.74
12607,4122,4,0.89841,191.41,65.5,261.12,158.86
12608,4122,3,0.82353,325.89,23.25,434.24,56.64
12609,4122,3,0.81334,280.54,150.4,402.34,232.6
12610,4131,2,0.86297,245.53,184.2,272.49,207.11
12611,4131,2,0.01097,151.67,200.61,174.41,223.54
12612,4138,14,0.72885,69.94,156.0,85.58,180.0
12613,4138,14,0.70989,14.12,155.21,27.6,187.52
12614,4138,14,0.19906,54.08,145.71,69.37,178.46
12615,4138,14,0.06538,0.02,136.27,10.49,181.67
12616,4138,14,0.01943,22.85,155.27,42.79,187.2
12617,4138,14,0.01507,0.05,154.32,8.19,181.46
12618,4138,5,0.01249,0.1,243.85,34.0,256.0
12619,4138,14,0.01164,0.01,144.71,5.58,181.53
12620,4138,14,0.00889,0.02,159.25,5.47,182.75
12621,4138,14,0.00317,0.02,162.86,4.86,189.7
12622,4138,14,0.00256,13.86,147.6,37.97,188.62
12623,4138,14,0.00186,117.6,136.95,137.3,168.11
12624,4138,14,0.00159,28.02,159.13,42.56,184.96
12625,4138,14,0.00128,315.16,102.85,325.72,126.48
12626,4141,10,0.87181,310.34,128.83,329.6,151.48
12627,4141,17,0.81232,428.4,45.65,444.73,59.61
12628,4141,9,0.73665,422.35,105.35,441.59,125.09
12629,4141,9,0.12958,341.22,79.31,357.88,91.86
12630,4141,17,0.10712,341.2,79.26,358.0,91.82
12631,4141,10,0.00128,422.47,105.3,441.53,125.23
12632,4142,17,0.77669,187.21,83.11,201.98,98.46
12633,4142,17,0.75194,259.83,49.08,274.65,63.83
12634,4142,2,0.08355,224.25,67.78,240.52,82.82
12635,4142,9,0.03834,224.26,67.85,240.48,82.55
12636,4142,2,0.00497,246.95,64.07,258.29,83.2
12637,4142,2,0.0035,251.68,63.66,257.89,82.06
12638,4142,2,0.00106,227.09,64.64,257.84,83.86
12639,4142,5,0.00104,281.67,6.43,317.6,33.82
12640,4144,15,0.87498,142.64,45.81,157.88,58.98
12641,4144,15,0.85031,96.22,48.21,114.01,64.27
12642,4146,7,0.8788,338.58,168.55,366.13,191.91
12643,4150,3,0.89985,177.34,117.87,232.68,182.48
12644,4150,13,0.8751,78.29,63.36,119.79,106.51
12645,4150,3,0.87384,189.47,5.44,226.18,61.0
12646,4150,3,0.86302,194.91,68.73,270.94,114.6
12647,4150,1,0.85157,120.44,19.89,159.42,63.56
12648,4150,1,0.0011,500.68,95.77,504.0,129.5
12649,4150,15,0.00105,498.51,76.99,504.0,128.15
12650,4151,9,0.87999,281.26,41.8,293.45,53.21
12651,4151,17,0.87308,286.86,55.41,297.98,66.17
12652,4151,10,0.87175,327.76,33.04,341.79,44.52
12653,4151,10,0.85259,348.98,39.76,361.67,51.05
12654,4151,11,0.85231,309.74,46.92,325.47,58.6
12655,4151,17,0.82114,305.49,61.18,317.54,72.93
12656,4151,9,0.81559,293.71,33.71,309.02,45.14
12657,4151,11,0.81238,356.32,52.51,368.92,63.88
12658,4151,17,0.01826,281.33,41.81,293.6,53.25
12659,4151,17,0.00365,293.85,33.87,309.08,45.19
12660,4153,15,0.89829,180.53,59.01,205.2,81.11
12661,4153,15,0.88285,263.89,36.23,279.5,54.1
12662,4153,15,0.00167,248.93,59.07,257.02,67.45
12663,4155,5,0.88856,368.76,195.13,430.2,229.11
12664,4155,5,0.83987,55.07,167.72,72.49,180.06
12665,4155,5,0.79241,27.62,162.1,40.93,171.08
12666,4155,5,0.59202,259.87,146.68,283.59,157.88
12667,4155,5,0.56131,120.42,172.22,149.09,187.99
12668,4155,5,0.54055,109.21,167.12,130.35,184.21
12669,4155,5,0.52761,17.89,160.19,27.56,167.39
12670,4155,5,0.52012,46.3,159.74,54.73,166.23
12671,4155,5,0.50763,8.7,167.74,20.66,174.12
12672,4155,5,0.34073,312.92,144.03,326.98,154.66
12673,4155,5,0.33962,15.49,153.33,24.56,160.13
12674,4155,5,0.33809,22.88,155.26,31.16,162.51
12675,4155,5,0.24662,16.05,163.11,23.19,172.09
12676,4155,5,0.2376,23.85,157.11,30.71,162.88
12677,4155,5,0.19136,5.05,166.31,20.27,173.54
12678,4155,5,0.19114,16.15,154.95,25.13,161.31
12679,4155,5,0.16615,17.01,157.57,27.12,162.67
12680,4155,5,0.11757,20.92,157.87,30.02,162.8
12681,4155,5,0.10484,305.58,145.54,326.3,155.24
12682,4155,5,0.07468,109.07,167.75,149.17,186.63
12683,4155,5,0.06067,304.94,147.74,315.78,155.36
12684,4155,5,0.05883,24.04,160.92,37.24,168.49
12685,4155,5,0.03473,41.75,157.68,53.65,165.58
12686,4155,5,0.02381,0.88,168.29,20.65,178.36
12687,4155,5,0.0194,131.1,174.48,148.81,185.75
12688,4155,5,0.0141,306.55,143.89,316.32,152.94
12689,4155,5,0.01219,3.9,171.35,18.11,179.23
12690,4155,5,0.01008,14.6,166.88,27.4,173.55
12691,4155,5,0.00872,0.2,161.25,20.35,174.94
12692,4155,5,0.00755,109.75,174.35,126.11,184.22
12693,4155,5,0.00652,16.76,151.15,27.52,160.09
12694,4155,5,0.00467,26.89,159.39,35.26,166.39
12695,4155,5,0.00371,4.25,169.64,19.07,176.49
12696,4155,5,0.00331,3.68,174.45,17.0,183.04
12697,4155,5,0.00291,48.16,159.28,56.57,166.07
12698,4155,5,0.00284,86.2,168.97,113.88,184.63
12699,4155,5,0.00261,135.84,173.48,148.76,183.42
12700,4155,5,0.00228,88.51,169.0,112.8,178.32
12701,4155,5,0.00208,32.57,235.28,50.7,246.85
12702,4155,5,0.00203,45.12,162.2,54.17,169.07
12703,4155,5,0.00188,378.43,84.98,400.65,97.94
12704,4155,5,0.00182,7.66,162.37,18.88,169.66
12705,4155,5,0.00181,25.76,171.67,40.29,179.65
12706,4155,5,0.00159,139.01,176.36,149.27,186.11
12707,4155,5,0.00151,257.22,126.36,280.48,147.37
12708,4155,5,0.0014,370.78,89.84,400.28,102.78
12709,4155,7,0.00129,32.69,235.43,50.93,246.84
12710,4155,5,0.00124,0.21,173.93,18.13,192.29
12711,4155,5,0.00118,259.2,142.22,280.88,152.07
12712,4159,2,0.87493,245.13,159.53,267.83,186.71
12713,4159,2,0.8453,226.49,208.85,255.19,229.45
12714,4160,2,0.89367,72.13,127.67,107.52,167.95
12715,4160,7,0.85245,141.36,112.93,170.12,140.22
12716,4163,7,0.87817,206.47,175.5,235.7,206.61
12717,4163,7,0.82566,39.87,156.15,79.18,179.57
12718,4163,17,0.0166,156.29,197.76,177.77,220.92
12719,4163,17,0.00629,188.77,179.26,207.37,202.56
12720,4165,5,0.89245,357.82,124.58,490.02,236.25
12721,4165,5,0.34439,479.78,128.89,495.0,154.89
12722,4165,5,0.30491,478.83,129.22,495.0,144.62
12723,4165,5,0.20869,484.19,128.31,495.0,161.8
12724,4165,5,0.15689,481.48,130.34,495.0,173.29
12725,4165,5,0.12377,485.52,129.95,495.0,188.91
12726,4165,5,0.10736,474.76,129.6,494.89,160.93
12727,4165,5,0.03313,473.44,129.49,494.74,178.33
12728,4165,5,0.02487,475.55,119.01,495.0,154.27
12729,4165,5,0.02324,488.63,123.89,495.0,197.25
12730,4165,5,0.01441,92.45,151.73,120.36,170.15
12731,4165,5,0.01369,0.0,148.13,38.68,178.76
12732,4165,5,0.00547,430.93,119.73,492.45,169.47
12733,4165,5,0.00489,481.72,120.59,495.0,222.22
12734,4165,5,0.00416,469.13,121.52,494.94,222.83
12735,4165,5,0.00414,459.98,121.5,494.56,163.42
12736,4165,5,0.00338,389.47,123.39,444.94,135.48
12737,4165,8,0.00269,483.73,111.11,495.0,142.78
12738,4165,14,0.00252,488.43,163.8,495.0,235.15
12739,4165,6,0.00237,355.29,128.89,485.09,242.5
12740,4165,8,0.00213,482.15,120.93,495.0,229.04
12741,4165,8,0.00205,484.21,125.77,494.91,197.58
12742,4165,5,0.00167,465.82,128.18,494.83,190.92
12743,4165,5,0.00152,400.19,121.49,485.94,170.03
12744,4165,8,0.00138,469.04,122.36,495.0,228.34
12745,4165,14,0.00138,202.46,127.99,220.82,174.11
12746,4165,6,0.00135,359.37,121.98,495.0,187.89
12747,4165,14,0.0013,484.67,124.08,495.0,242.68
12748,4165,5,0.00129,372.03,121.19,495.0,179.84
12749,4165,5,0.00127,54.01,150.56,110.66,175.2
12750,4165,5,0.00126,392.66,122.24,450.21,161.17
12751,4165,5,0.00125,472.96,126.41,495.0,143.77
12752,4165,5,0.00117,480.43,104.89,495.0,141.04
12753,4165,5,0.00116,467.05,105.5,494.92,141.43
12754,4165,8,0.00113,473.92,117.11,495.0,139.91
12755,4165,5,0.00108,491.09,112.66,495.0,137.22
12756,4165,8,0.00108,487.04,108.18,495.0,136.58
12757,4165,14,0.00103,485.72,178.5,495.0,235.84
12758,4172,12,0.86466,253.57,109.78,298.97,157.79
12759,4172,13,0.82788,241.58,40.54,285.53,82.15
12760,4172,6,0.0039,423.75,71.41,462.52,87.73
12761,4172,6,0.00132,356.34,54.48,397.68,103.36
12762,4175,15,0.91814,380.44,150.14,422.19,193.94
12763,4175,15,0.85934,307.5,44.77,331.35,71.3
12764,4175,6,0.85527,314.08,84.78,398.66,131.8
12765,4175,2,0.59824,440.69,76.13,466.38,101.22
12766,4178,17,0.88195,159.82,119.31,176.68,133.82
12767,4178,10,0.80239,31.14,197.2,51.97,219.55
12768,4178,9,0.33327,148.0,178.9,167.93,198.04
12769,4178,17,0.29481,148.12,178.86,168.13,198.11
12770,4178,9,0.18087,68.28,147.12,87.91,162.42
12771,4178,17,0.00358,68.25,147.18,87.72,162.02
12772,4178,9,0.00219,31.42,197.19,52.2,219.11
12773,4178,10,0.00213,148.09,178.96,167.85,198.12
12774,4178,8,0.00125,28.94,196.45,55.7,249.63
12775,4179,10,0.87531,77.29,149.02,94.23,165.66
12776,4179,11,0.87306,115.91,136.11,135.53,150.67
12777,4179,17,0.87068,178.59,161.29,193.03,176.26
12778,4179,11,0.8641,129.42,166.92,145.41,184.21
12779,4179,10,0.84806,115.32,173.23,132.87,190.24
12780,4179,9,0.55784,129.28,194.97,149.55,211.94
12781,4179,9,0.52899,92.5,190.43,110.65,209.78
12782,4179,17,0.51329,92.66,190.49,110.7,209.84
12783,4179,9,0.41649,172.19,179.69,186.94,194.68
12784,4179,17,0.39029,172.44,179.75,186.99,194.77
12785,4179,10,0.00763,129.41,195.08,149.47,211.79
12786,4179,10,0.00142,92.55,190.56,110.62,210.01
12787,4180,15,0.90189,356.53,24.0,378.95,47.09
12788,4180,15,0.89139,307.86,20.13,329.52,39.68
12789,4180,14,0.03161,253.65,100.68,276.22,148.09
12790,4180,15,0.00315,424.5,0.22,436.12,11.9
12791,4181,15,0.92191,324.28,0.0,379.53,40.87
12792,4181,15,0.92113,177.53,0.0,248.66,41.77
12793,4182,2,0.83299,271.67,79.36,289.17,103.63
12794,4182,2,0.78943,276.48,111.64,298.57,133.02
12795,4183,2,0.84197,168.68,177.92,181.95,194.94
12796,4183,2,0.84014,248.12,186.25,261.43,203.14
12797,4183,2,0.836,183.66,160.08,195.37,176.27
12798,4183,2,0.83032,234.84,163.27,247.24,179.38
12799,4185,17,0.62676,164.78,85.6,182.69,103.72
12800,4185,17,0.01169,285.16,124.46,313.19,145.87
12801,4186,10,0.87559,151.97,165.29,165.88,176.84
12802,4186,10,0.85578,64.74,176.28,79.56,188.5
12803,4186,17,0.85243,95.54,176.57,107.31,188.21
12804,4186,11,0.84234,137.25,211.96,149.65,224.73
12805,4186,9,0.83422,82.81,197.5,100.09,210.79
12806,4186,17,0.83161,127.56,194.61,139.96,207.32
12807,4186,9,0.67544,122.44,178.15,133.43,189.22
12808,4186,17,0.28361,122.68,178.31,133.43,189.24
12809,4186,9,0.00429,127.14,194.6,140.17,207.3
12810,4186,15,0.00341,424.39,211.74,445.83,233.48
12811,4186,11,0.00127,136.71,214.67,149.43,233.9
12812,4189,7,0.8156,404.72,142.58,426.31,158.23
12813,4189,7,0.78944,348.5,103.39,369.84,118.54
12814,4189,17,0.00217,372.61,119.73,383.95,132.46
12815,4189,7,0.00129,486.83,161.91,494.0,177.55
12816,4194,15,0.89603,290.09,159.55,311.84,183.79
12817,4194,15,0.85477,356.76,159.15,378.84,186.33
12818,4194,2,0.02201,484.06,96.83,499.0,125.87
12819,4194,15,0.0033,286.17,1.32,301.25,8.63
12820,4194,2,0.00164,484.23,106.27,499.0,129.5
12821,4194,2,0.00131,484.67,103.19,499.0,143.67
12822,4195,7,0.90304,25.66,46.65,72.46,88.07
12823,4195,7,0.89519,127.32,38.68,167.11,78.58
12824,4202,14,0.86126,286.21,95.45,314.42,159.31
12825,4202,16,0.8273,3.03,164.41,30.22,204.78
12826,4202,16,0.79615,122.95,160.49,145.93,193.74
12827,4202,16,0.7863,69.4,162.89,92.59,200.31
12828,4202,16,0.75769,160.88,158.23,181.41,189.59
12829,4202,16,0.66911,198.6,156.37,217.06,184.67
12830,4202,16,0.49991,255.61,152.77,292.89,177.45
12831,4202,16,0.4718,279.77,153.24,313.39,174.04
12832,4202,16,0.33105,341.79,151.99,373.58,170.41
12833,4202,16,0.31107,228.14,153.43,244.68,180.77
12834,4202,16,0.28983,386.29,150.28,409.43,166.77
12835,4202,16,0.27474,227.92,153.15,271.45,180.88
12836,4202,16,0.2583,358.11,151.29,383.17,168.42
12837,4202,16,0.23246,320.72,152.35,353.39,171.78
12838,4202,16,0.22648,255.26,152.51,270.35,176.8
12839,4202,16,0.21615,300.44,153.19,332.97,173.77
12840,4202,16,0.2141,198.89,154.32,244.11,183.48
12841,4202,16,0.211,362.25,150.57,403.95,169.11
12842,4202,16,0.17742,412.5,148.5,444.61,164.03
12843,4202,16,0.13122,372.01,150.37,397.59,168.32
12844,4202,16,0.12698,455.17,146.96,484.48,159.34
12845,4202,16,0.12592,387.33,149.63,423.56,165.82
12846,4202,16,0.08975,424.6,147.64,454.11,163.7
12847,4202,16,0.06615,435.25,146.98,465.65,160.97
12848,4202,16,0.04782,444.52,147.08,473.3,160.02
12849,4202,16,0.04557,463.92,146.48,487.95,160.85
12850,4202,16,0.03633,277.93,153.22,301.0,176.12
12851,4202,16,0.03315,278.24,152.92,332.24,175.04
12852,4202,16,0.02126,133.96,158.5,181.3,191.79
12853,4202,16,0.01888,405.96,149.42,427.1,164.81
12854,4202,16,0.01834,320.07,152.73,333.21,173.91
12855,4202,16,0.01306,167.44,156.0,217.11,185.08
12856,4202,16,0.01085,229.65,153.19,264.05,172.78
12857,4202,16,0.01051,292.7,152.33,314.08,173.93
12858,4202,16,0.00981,478.27,145.41,488.0,161.22
12859,4202,16,0.00858,300.93,152.37,320.66,174.2
12860,4202,16,0.00843,0.26,163.67,14.3,192.08
12861,4202,16,0.00678,0.04,163.25,5.44,194.32
12862,4202,16,0.00558,278.08,154.32,292.63,176.54
12863,4202,16,0.00543,0.47,162.39,17.7,203.0
12864,4202,16,0.00413,203.96,153.48,239.41,176.71
12865,4202,16,0.00358,306.63,152.77,357.29,174.63
12866,4202,16,0.00207,122.56,181.64,145.87,197.16
12867,4202,16,0.00206,0.05,164.3,3.53,203.46
12868,4202,16,0.00197,388.84,148.73,443.02,166.71
12869,4202,16,0.00155,3.52,163.95,22.05,191.78
12870,4202,16,0.00147,69.18,162.16,84.06,189.23
12871,4202,16,0.00141,121.11,160.7,134.53,179.44
12872,4202,16,0.00133,318.7,152.1,374.75,174.72
12873,4202,16,0.00128,481.16,138.38,488.0,160.07
12874,4202,16,0.001,483.0,129.86,488.0,151.98
12875,4204,2,0.8426,75.15,172.31,94.11,191.15
12876,4204,2,0.75726,127.24,158.08,144.32,175.58
12877,4204,2,0.74724,171.92,147.43,188.53,164.49
12878,4204,2,0.17332,161.86,185.42,183.48,197.97
12879,4204,2,0.08135,477.93,2.73,483.0,17.71
12880,4204,2,0.01061,479.1,0.0,483.0,15.49
12881,4204,2,0.00436,160.85,148.72,188.13,198.24
12882,4204,2,0.00353,479.69,0.0,483.0,8.94
12883,4204,2,0.00328,479.19,6.37,483.0,25.46
12884,4204,17,0.00251,75.23,172.34,93.9,191.34
12885,4204,17,0.0011,128.56,157.99,144.46,174.18
12886,4204,2,0.00102,476.85,5.87,483.0,24.75
12887,4206,7,0.80573,418.85,58.08,441.92,78.59
12888,4206,7,0.79027,305.31,38.76,325.57,58.24
12889,4207,2,0.8529,371.7,40.84,392.5,70.74
12890,4207,2,0.00186,501.19,88.89,504.0,114.95
12891,4207,2,0.00144,500.87,82.17,504.0,110.33
12892,4207,6,0.00128,91.67,88.21,132.43,119.82
12893,4209,7,0.85886,128.53,181.39,159.29,209.98
12894,4209,7,0.83826,163.36,85.75,187.05,104.77
12895,4209,17,0.7775,194.58,141.97,211.53,158.61
12896,4209,17,0.7592,112.39,123.81,129.1,141.46
12897,4211,2,0.87043,256.65,14.63,283.66,37.69
12898,4211,2,0.55088,161.47,30.22,187.08,52.82
12899,4212,13,0.88395,26.66,79.99,66.24,115.98
12900,4212,13,0.84023,117.5,114.63,157.14,154.52
12901,4212,12,0.68141,117.99,114.67,156.72,153.82
12902,4214,10,0.93675,266.2,21.95,306.0,55.73
12903,4214,10,0.92345,180.59,114.15,225.22,149.59
12904,4214,10,0.90573,47.63,128.0,90.2,168.3
12905,4214,0,0.8844,95.04,14.53,130.46,49.98
12906,4214,11,0.6217,243.77,184.65,289.43,227.38
12907,4214,10,0.15303,243.72,184.7,289.55,226.96
12908,4214,9,0.00284,243.1,185.01,289.65,225.02
12909,4214,9,0.002,47.13,128.02,90.41,168.44
12910,4217,10,0.863,314.2,143.08,338.9,164.26
12911,4217,10,0.83277,251.01,128.01,275.98,149.64
12912,4217,10,0.67078,344.32,102.5,367.08,122.97
12913,4217,10,0.42791,257.25,99.45,280.08,120.47
12914,4217,10,0.13267,285.02,51.9,303.71,71.57
12915,4217,6,0.10288,455.42,52.0,490.0,77.23
12916,4217,2,0.0374,192.11,183.49,212.12,203.73
12917,4217,6,0.01948,443.07,139.9,468.59,168.95
12918,4217,17,0.00832,284.82,51.73,303.54,71.12
12919,4217,6,0.00489,455.95,52.19,490.0,97.27
12920,4217,2,0.00371,285.05,52.01,303.97,71.58
12921,4217,6,0.00239,286.06,192.12,375.88,239.4
12922,4217,6,0.00194,412.64,143.74,434.78,163.63
12923,4217,6,0.0019,454.77,32.87,490.0,77.55
12924,4217,6,0.00177,348.04,208.37,372.65,235.15
12925,4220,2,0.86003,339.78,112.45,357.69,126.08
12926,4220,2,0.85016,424.95,120.84,442.75,134.44
12927,4220,2,0.8499,400.73,138.08,418.3,153.0
12928,4220,2,0.84899,372.62,97.01,386.95,110.44
12929,4221,3,0.90293,243.12,121.77,306.32,188.64
12930,4221,3,0.88868,232.03,5.05,272.27,64.48
12931,4221,3,0.88229,256.7,71.01,329.74,117.74
12932,4221,13,0.874,134.9,66.51,177.28,110.53
12933,4221,1,0.86369,169.2,20.8,209.25,65.72
12934,4222,4,0.90045,219.05,104.9,261.52,148.12
12935,4222,3,0.86387,152.91,108.07,186.39,149.69
12936,4222,3,0.86082,300.91,103.25,337.19,143.03
12937,4224,14,0.71288,43.32,130.24,54.31,162.15
12938,4224,14,0.65404,209.66,145.21,221.05,172.52
12939,4224,14,0.00531,179.48,133.58,187.4,160.09
12940,4224,14,0.00284,0.0,123.31,15.36,168.57
12941,4224,14,0.00175,212.41,144.95,223.91,170.66
12942,4226,15,0.9159,263.12,155.9,304.01,199.39
12943,4226,6,0.85817,199.06,90.48,281.33,135.96
12944,4226,15,0.8387,192.48,50.51,215.62,76.38
12945,4226,2,0.79849,322.65,83.08,346.5,108.31
12946,4226,6,0.01218,199.32,92.89,245.93,136.54
12947,4227,2,0.8425,38.04,59.74,51.96,77.44
12948,4227,2,0.84114,53.83,42.06,66.56,58.65
12949,4227,2,0.83927,107.31,46.13,119.72,61.89
12950,4227,2,0.8235,120.8,69.1,133.51,86.14
12951,4236,7,0.88027,63.45,27.3,105.41,59.06
12952,4236,7,0.43827,134.41,167.64,180.8,211.87
12953,4236,17,0.096,146.04,176.73,180.1,206.79
12954,4238,7,0.80518,405.55,84.43,428.04,100.4
12955,4238,7,0.75813,350.57,45.27,371.32,61.49
12956,4238,2,0.0872,491.97,152.46,499.0,173.92
12957,4238,7,0.02142,491.99,154.6,499.0,173.8
12958,4238,2,0.00126,493.96,153.77,499.0,182.01
12959,4238,2,0.00101,484.15,152.2,498.98,174.49
12960,4239,7,0.83943,276.04,83.84,311.05,106.95
12961,4239,7,0.82523,199.2,168.5,223.77,194.83
12962,4239,17,0.01767,433.1,186.44,452.13,204.96
12963,4239,17,0.00238,343.24,186.87,360.0,201.88
12964,4239,17,0.00154,321.36,206.13,347.74,224.99
12965,4244,17,0.4839,131.19,217.15,152.63,237.87
12966,4244,17,0.29704,43.73,141.71,62.6,158.92
12967,4244,17,0.00141,479.96,105.18,484.0,130.54
12968,4244,2,0.00135,0.0,127.01,3.51,153.39
12969,4245,2,0.87107,288.68,177.28,311.47,199.38
12970,4245,2,0.86804,392.6,173.05,414.09,194.01
12971,4245,2,0.86685,406.04,115.98,424.61,134.2
12972,4245,2,0.84983,309.78,115.74,328.54,138.08
12973,4246,2,0.77109,260.66,194.31,289.25,224.93
12974,4246,2,0.00956,226.5,188.17,258.21,213.29
12975,4246,17,0.0035,300.55,67.26,323.44,87.27
12976,4247,15,0.89455,280.8,116.88,316.96,158.57
12977,4247,15,0.89248,272.11,45.76,303.26,76.55
12978,4247,15,0.88097,164.21,63.34,202.08,103.29
12979,4247,6,0.00109,11.24,107.69,70.55,213.36
12980,4252,15,0.89445,144.91,179.42,175.59,211.26
12981,4252,6,0.87704,79.85,120.04,112.51,162.43
12982,4252,2,0.81156,181.96,122.56,200.45,142.11
12983,4255,14,0.8648,56.25,151.86,84.86,229.41
12984,4255,14,0.78237,240.73,164.09,268.56,211.11
12985,4255,14,0.19833,174.75,164.78,192.2,201.25
12986,4255,14,0.02589,299.39,172.14,331.3,205.98
12987,4255,14,0.00353,419.34,178.54,439.42,214.89
12988,4255,14,0.0019,126.04,201.38,135.89,223.22
12989,4255,14,0.00166,298.54,155.45,331.15,214.15
12990,4255,8,0.00141,462.98,182.37,475.35,204.36
12991,4255,14,0.00128,432.64,169.07,442.68,191.93
12992,4256,2,0.86456,128.86,212.7,152.35,245.18
12993,4256,2,0.8439,208.92,161.73,227.5,189.82
12994,4257,7,0.83493,417.46,163.59,435.78,181.63
12995,4257,7,0.0517,312.9,175.66,329.65,190.36
12996,4257,2,0.0028,213.11,73.9,240.34,91.62
12997,4258,14,0.08695,316.95,1.41,405.5,83.62
12998,4258,14,0.00156,318.52,3.77,405.69,133.94
12999,4259,15,0.88064,387.33,119.03,416.56,150.04
13000,4259,6,0.86532,315.59,68.48,344.54,110.78
13001,4259,2,0.81754,413.48,58.24,431.44,77.34
13002,4260,15,0.88149,406.06,171.63,432.99,199.79
13003,4260,15,0.86998,323.95,145.86,352.57,174.67
13004,4260,15,0.81522,398.56,130.14,420.89,150.63
13005,4260,14,0.68162,0.0,9.3,105.84,230.69
13006,4260,14,0.03422,0.0,7.15,30.86,230.44
13007,4261,14,0.77489,4.72,29.75,20.76,70.4
13008,4261,14,0.37449,363.55,34.8,379.53,69.06
13009,4261,2,0.19487,0.01,203.93,14.55,243.69
13010,4261,14,0.10387,0.01,39.54,4.81,66.43
13011,4261,2,0.04477,13.06,139.07,51.49,167.56
13012,4261,14,0.0415,0.29,30.54,5.95,70.49
13013,4261,14,0.03487,0.71,29.43,14.06,71.32
13014,4261,17,0.02519,0.0,204.49,14.35,242.35
13015,4261,14,0.01691,348.63,47.37,361.39,67.47
13016,4261,14,0.01099,0.0,45.74,3.98,68.62
13017,4261,14,0.00442,0.99,41.93,8.64,70.23
13018,4261,14,0.00293,0.0,43.52,3.5,83.06
13019,4261,14,0.00152,363.45,26.21,385.95,69.43
13020,4265,17,0.87922,241.93,130.3,260.89,149.46
13021,4265,9,0.83469,122.6,114.2,148.23,132.34
13022,4265,10,0.79485,114.48,42.9,136.02,60.3
13023,4265,9,0.63085,205.9,72.77,226.16,86.67
13024,4265,17,0.06473,206.09,72.93,226.1,86.05
13025,4265,17,0.00128,262.37,80.12,287.87,103.93
13026,4270,15,0.82793,163.46,189.5,190.82,214.11
13027,4270,15,0.79458,162.84,154.9,182.03,169.57
13028,4270,7,0.76306,96.06,176.43,117.41,193.42
13029,4270,15,0.03948,200.03,131.69,213.08,150.92
13030,4270,15,0.02448,135.18,162.38,145.83,175.03
13031,4270,7,0.00786,200.15,131.75,212.66,151.14
13032,4272,7,0.82921,382.24,124.05,406.44,144.57
13033,4272,7,0.81054,331.81,29.73,356.46,49.44
13034,4272,7,0.07959,125.96,4.26,141.87,18.03
13035,4272,2,0.00106,124.49,2.72,141.97,18.33
13036,4273,2,0.8899,337.08,154.83,360.31,172.82
13037,4273,2,0.88145,229.25,155.67,253.38,172.69
13038,4273,2,0.87921,391.15,188.82,417.26,207.99
13039,4273,2,0.87301,277.97,197.35,304.57,215.31
13040,4275,5,0.80982,155.71,103.09,190.98,133.82
13041,4275,5,0.78529,0.0,108.04,37.09,133.58
13042,4275,5,0.73613,315.87,100.89,373.54,149.79
13043,4275,14,0.44302,402.41,102.25,415.31,129.6
13044,4275,5,0.30396,95.91,111.87,130.11,136.11
13045,4275,5,0.12945,0.03,112.05,20.15,135.88
13046,4275,14,0.04143,430.34,108.01,443.65,127.05
13047,4275,5,0.03356,223.75,145.58,341.36,211.53
13048,4275,5,0.02028,127.15,108.65,153.16,134.14
13049,4275,5,0.01503,93.75,110.55,119.11,132.18
13050,4275,5,0.01471,35.36,111.25,70.53,129.87
13051,4275,5,0.01408,107.33,113.35,132.08,136.64
13052,4275,8,0.01093,133.38,114.82,151.94,135.9
13053,4275,5,0.00265,0.1,118.92,13.53,136.32
13054,4275,5,0.00237,117.51,114.36,132.48,136.51
13055,4275,5,0.00207,0.0,119.46,7.99,136.9
13056,4275,5,0.00176,129.7,105.87,153.29,124.47
13057,4275,5,0.00172,85.19,111.31,122.68,135.48
13058,4275,5,0.00135,39.91,105.37,91.9,126.15
13059,4275,8,0.00132,131.9,116.84,146.58,136.51
13060,4275,14,0.00113,419.08,107.13,442.1,125.93
13061,4277,6,0.87832,406.82,107.42,459.22,134.49
13062,4277,15,0.86049,332.66,112.19,351.47,130.98
13063,4284,9,0.8931,227.11,106.82,248.39,127.62
13064,4284,10,0.89146,199.77,187.64,223.59,209.2
13065,4284,10,0.88884,334.19,146.26,357.23,166.1
13066,4284,17,0.87394,287.97,163.61,307.13,182.29
13067,4284,17,0.86445,288.27,88.6,311.2,108.38
13068,4284,11,0.85151,192.02,62.02,212.15,81.3
13069,4284,9,0.52681,252.21,178.68,270.75,197.71
13070,4284,17,0.51142,252.16,178.67,270.86,197.66
13071,4286,2,0.00385,478.2,0.3,485.0,21.33
13072,4286,2,0.00196,479.75,104.92,485.0,135.73
13073,4286,2,0.00196,481.17,0.13,485.0,27.93
13074,4286,2,0.00108,464.22,3.5,485.0,45.04
13075,4286,2,0.00103,481.62,107.71,485.0,134.88
13076,4288,2,0.87382,278.49,174.41,299.66,195.87
13077,4288,2,0.86528,414.14,171.69,440.71,195.01
13078,4288,2,0.85882,251.02,118.64,272.31,140.89
13079,4288,2,0.83347,363.83,120.64,381.96,145.15
13080,4294,2,0.90816,183.09,22.14,225.48,58.31
13081,4294,17,0.85956,216.53,92.05,238.2,114.32
13082,4294,17,0.8187,65.15,70.55,87.28,93.27
13083,4304,5,0.94099,71.53,49.27,271.23,146.23
13084,4304,5,0.87231,263.98,55.15,363.95,127.17
13085,4304,5,0.85898,0.0,47.64,79.06,121.53
13086,4304,5,0.01073,171.49,2.07,275.89,50.44
13087,4304,5,0.00942,3.54,211.57,120.58,250.67
13088,4304,5,0.00206,192.93,45.85,285.1,103.94
13089,4304,14,0.00152,0.0,45.54,5.9,107.56
13090,4304,5,0.00127,0.0,30.16,3.99,81.07
13091,4304,5,0.00116,0.0,46.39,6.0,91.43
13092,4304,14,0.00112,0.0,84.23,4.7,147.52
13093,4304,5,0.00109,0.0,40.73,8.95,87.75
13094,4304,5,0.00108,96.05,12.59,191.89,45.75
13095,4308,11,0.87935,176.82,127.52,210.45,152.99
13096,4308,11,0.85534,385.72,57.53,410.39,80.74
13097,4308,9,0.2583,269.46,56.64,293.56,81.35
13098,4308,11,0.24825,305.59,107.92,338.26,134.4
13099,4308,10,0.1476,305.35,107.84,338.07,134.5
13100,4308,10,0.14739,269.58,56.88,293.61,80.91
13101,4308,11,0.09005,269.58,56.77,293.8,81.07
13102,4308,9,0.0335,305.31,107.78,338.42,135.01
13103,4308,7,0.00338,2.86,167.85,72.24,221.47
13104,4310,14,0.83101,225.77,96.17,272.83,211.67
13105,4310,5,0.81499,289.85,143.31,365.78,187.01
13106,4310,5,0.61847,0.0,153.69,185.9,191.07
13107,4310,5,0.2378,0.0,107.16,184.55,192.65
13108,4310,5,0.00331,0.0,146.07,118.1,192.99
13109,4310,5,0.0026,475.07,137.16,500.0,185.98
13110,4310,5,0.00216,0.0,133.85,28.21,186.17
13111,4310,5,0.00117,370.15,143.31,474.27,173.57
13112,4312,13,0.89147,115.71,123.68,168.07,177.4
13113,4312,4,0.85702,157.33,40.26,226.15,95.57
13114,4312,1,0.80686,334.47,160.58,388.43,217.54
13115,4312,14,0.00528,308.24,23.96,427.29,126.59
13116,4312,8,0.00119,314.28,18.54,425.87,127.8
13117,4313,4,0.91752,178.3,54.85,256.05,107.32
13118,4313,3,0.86909,217.22,107.33,300.0,171.13
13119,4313,4,0.78004,158.65,10.65,236.5,54.29
13120,4313,3,0.76534,158.56,10.93,236.29,53.43
13121,4313,3,0.64374,282.3,164.99,378.62,239.0
13122,4314,2,0.90011,65.34,80.19,98.37,120.35
13123,4314,17,0.79614,134.24,67.51,151.18,85.52
13124,4314,17,0.45405,59.22,46.3,77.53,64.67
13125,4315,4,0.15997,266.37,77.06,354.23,161.04
13126,4315,3,0.04785,346.12,81.11,415.84,124.28
13127,4315,3,0.00899,0.0,138.59,6.57,171.49
13128,4315,3,0.00639,0.0,43.67,7.43,99.14
13129,4315,3,0.00584,491.44,141.24,506.0,218.31
13130,4315,3,0.00518,382.78,79.52,417.02,106.43
13131,4315,3,0.00482,0.02,136.88,11.71,172.85
13132,4315,12,0.00433,0.0,96.17,5.95,134.75
13133,4315,3,0.0041,134.46,39.32,153.86,65.73
13134,4315,12,0.00285,172.31,220.32,191.13,241.75
13135,4315,3,0.00215,198.8,42.7,215.09,59.15
13136,4315,3,0.00204,0.0,142.73,6.52,187.63
13137,4315,3,0.002,497.82,169.3,505.95,217.23
13138,4315,3,0.00177,489.01,166.56,505.99,222.32
13139,4315,3,0.00167,494.21,175.57,505.64,218.03
13140,4315,3,0.0015,128.23,31.5,153.85,66.12
13141,4315,3,0.00143,0.0,44.11,10.32,83.87
13142,4315,3,0.00141,0.0,132.11,4.37,188.03
13143,4315,12,0.00133,0.0,54.38,4.72,96.32
13144,4315,3,0.00125,123.67,31.0,142.91,48.71
13145,4316,14,0.17291,283.08,0.26,305.43,34.73
13146,4319,15,0.9074,380.1,137.19,411.54,170.04
13147,4319,7,0.87002,325.36,183.35,347.55,206.83
13148,4319,7,0.86379,295.11,94.15,315.01,113.13
13149,4319,15,0.82113,304.67,125.05,330.56,147.61
13150,4319,2,0.00547,464.28,183.04,480.3,208.78
13151,4319,15,0.00214,310.15,156.69,324.55,169.87
13152,4319,7,0.00166,278.91,194.87,298.4,209.17
13153,4319,7,0.00157,266.87,99.77,280.05,116.47
13154,4321,2,0.8585,306.68,182.06,336.0,207.9
13155,4321,2,0.83601,191.46,187.75,217.83,214.64
13156,4322,7,0.84603,159.15,68.73,195.02,103.91
13157,4322,7,0.80006,196.07,145.49,232.75,176.22
13158,4322,17,0.02711,93.53,223.34,121.4,247.81
13159,4324,7,0.89421,361.48,24.56,400.67,63.73
13160,4324,7,0.89042,261.74,29.75,306.09,72.07
13161,4325,0,0.88366,289.33,143.41,328.83,183.6
13162,4325,1,0.76505,311.75,94.06,346.67,128.7
13163,4325,0,0.45846,371.88,146.11,410.91,183.43
13164,4325,0,0.0596,311.33,93.75,346.64,128.89
13165,4325,10,0.0036,311.5,93.85,346.56,128.9
13166,4325,2,0.00199,311.64,93.93,346.53,128.96
13167,4326,2,0.85254,84.97,187.99,112.66,209.53
13168,4326,2,0.84234,47.27,145.67,67.75,172.39
13169,4327,2,0.87737,370.58,120.44,395.26,153.22
13170,4327,2,0.83103,381.18,40.04,409.43,63.72
13171,4328,7,0.86237,57.26,149.56,87.76,177.48
13172,4328,7,0.85167,104.84,117.15,140.61,143.34
13173,4328,17,0.79287,48.47,106.52,67.29,123.92
13174,4328,17,0.74916,64.05,130.0,83.38,148.95
13175,4328,17,0.65322,114.77,194.24,141.06,216.67
13176,4328,17,0.36504,193.91,184.62,221.04,209.13
13177,4328,17,0.24222,150.97,104.28,165.79,117.93
13178,4333,14,0.85804,49.62,109.72,78.85,193.16
13179,4333,5,0.83893,383.06,122.61,499.43,181.13
13180,4333,14,0.82838,335.83,92.95,398.01,228.93
13181,4333,5,0.82435,214.72,120.86,340.73,175.24
13182,4333,5,0.04062,357.09,109.46,435.51,154.42
13183,4333,5,0.01074,132.24,132.27,190.71,167.2
13184,4333,5,0.00868,494.28,132.12,500.0,186.53
13185,4333,8,0.00549,135.79,131.98,189.13,165.02
13186,4333,5,0.00388,491.41,126.21,500.0,185.87
13187,4333,5,0.00377,341.42,108.64,443.95,171.15
13188,4333,5,0.00335,496.1,147.72,500.0,196.4
13189,4333,5,0.00178,482.4,135.05,500.0,183.96
13190,4333,5,0.00125,493.02,140.94,500.0,200.94
13191,4333,5,0.00112,394.51,108.86,435.16,155.95
13192,4334,14,0.86278,160.83,129.22,213.44,256.0
13193,4334,14,0.8248,396.78,116.32,453.0,225.13
13194,4334,5,0.79949,219.03,146.55,345.8,198.51
13195,4334,5,0.45559,372.87,138.7,500.0,194.38
13196,4334,5,0.34359,426.97,138.9,499.65,195.97
13197,4334,5,0.16616,351.27,128.72,433.27,175.04
13198,4334,5,0.0048,492.4,151.83,500.0,198.77
13199,4334,5,0.00432,490.75,159.19,500.0,208.58
13200,4334,5,0.00403,137.26,143.4,216.89,202.85
13201,4334,8,0.00213,490.14,144.02,500.0,198.87
13202,4334,14,0.00154,493.66,161.21,500.0,219.5
13203,4334,14,0.00151,162.57,130.39,188.09,162.87
13204,4334,14,0.0012,495.35,163.05,500.0,242.97
13205,4337,2,0.87772,304.38,70.04,323.86,95.23
13206,4337,2,0.87755,305.24,31.07,322.2,53.66
13207,4337,2,0.86992,380.54,30.59,397.03,52.73
13208,4337,2,0.8557,426.77,76.18,446.69,101.09
13209,4338,1,0.83033,295.33,133.05,334.81,176.38
13210,4338,4,0.49703,107.02,197.79,199.68,235.4
13211,4338,6,0.01851,427.85,32.42,449.16,50.84
13212,4338,6,0.00115,273.27,180.23,297.28,208.37
13213,4341,2,0.86884,352.2,31.23,367.15,51.01
13214,4341,2,0.86815,276.39,52.07,292.41,72.87
13215,4341,2,0.86343,359.46,71.96,375.48,95.12
13216,4341,2,0.85262,405.43,53.5,420.88,74.7
13217,4342,11,0.90518,289.15,79.13,310.46,95.58
13218,4342,10,0.88181,241.88,120.27,261.04,139.34
13219,4342,17,0.8738,363.88,105.79,380.19,122.01
13220,4342,10,0.86858,250.61,96.67,268.26,115.68
13221,4342,9,0.86718,319.02,147.94,340.97,166.77
13222,4342,11,0.85395,311.34,115.23,329.93,134.07
13223,4342,9,0.83345,277.38,145.11,297.95,166.05
13224,4342,9,0.79528,361.59,128.06,378.34,144.81
13225,4342,17,0.7019,361.68,128.05,378.27,144.73
13226,4342,10,0.0019,277.47,145.09,297.73,165.96
13227,4342,14,0.00175,490.8,144.48,499.0,176.11
13228,4343,7,0.87172,86.17,179.82,115.87,207.12
13229,4343,7,0.85277,185.66,105.93,209.1,128.63
13230,4347,15,0.77721,243.67,34.38,309.84,112.81
13231,4347,6,0.00186,486.14,157.15,499.98,194.72
13232,4352,10,0.69271,218.71,136.96,243.72,160.81
13233,4352,10,0.62489,189.16,84.02,212.62,106.49
13234,4352,10,0.111,155.25,162.54,183.51,189.92
13235,4352,6,0.09876,318.36,7.13,357.41,26.26
13236,4352,14,0.03309,0.0,26.3,10.73,89.78
13237,4352,6,0.01262,288.4,177.92,340.41,202.22
13238,4352,14,0.00677,0.01,19.26,19.1,110.39
13239,4352,6,0.00563,288.23,178.08,341.79,218.01
13240,4352,10,0.00255,79.62,73.5,100.84,95.35
13241,4352,14,0.00138,0.06,1.41,90.71,107.17
13242,4352,2,0.00116,79.77,73.57,100.84,95.56
13243,4352,10,0.00109,123.42,132.69,147.73,156.15
13244,4354,15,0.88268,272.86,121.41,300.08,147.39
13245,4354,7,0.79395,201.85,108.66,222.53,125.35
13246,4354,15,0.77947,267.85,82.35,287.78,97.4
13247,4354,15,0.46615,239.07,92.28,250.41,102.44
13248,4354,7,0.31278,306.02,56.33,318.8,75.06
13249,4354,15,0.06488,306.14,56.12,318.71,75.2
13250,4358,8,0.81755,250.36,113.01,283.61,155.96
13251,4358,14,0.80011,205.55,110.48,241.76,156.23
13252,4358,14,0.72879,427.5,100.71,452.78,174.14
13253,4358,14,0.66467,68.11,115.9,95.56,152.2
13254,4358,8,0.57036,32.14,121.51,53.28,152.22
13255,4358,8,0.52699,104.24,117.52,136.52,156.95
13256,4358,14,0.52243,440.13,97.62,464.5,142.68
13257,4358,8,0.51364,151.0,112.97,186.45,160.76
13258,4358,8,0.27792,399.98,111.97,424.38,141.29
13259,4358,14,0.26845,103.97,116.14,138.67,158.55
13260,4358,14,0.16943,0.0,121.69,18.04,166.79
13261,4358,14,0.1552,0.0,92.57,15.11,156.47
13262,4358,14,0.14323,0.03,113.73,17.06,152.9
13263,4358,14,0.14138,0.0,109.32,41.55,156.23
13264,4358,14,0.12719,399.21,112.16,423.89,141.37
13265,4358,14,0.08401,0.0,135.11,16.85,174.66
13266,4358,14,0.08181,0.0,92.56,13.05,133.45
13267,4358,8,0.07918,0.0,109.25,42.66,154.97
13268,4358,14,0.06202,139.35,123.55,159.12,143.82
13269,4358,14,0.05104,0.0,92.24,23.02,145.25
13270,4358,8,0.04267,439.89,98.37,465.39,141.88
13271,4358,14,0.04135,0.0,106.44,9.08,157.25
13272,4358,8,0.03942,399.5,92.27,473.97,175.82
13273,4358,14,0.03783,0.0,92.02,22.24,123.09
13274,4358,8,0.03674,191.33,126.19,210.66,149.27
13275,4358,14,0.0341,0.0,106.24,26.29,153.28
13276,4358,14,0.0323,0.0,138.72,38.61,175.68
13277,4358,14,0.02614,211.58,107.13,230.83,125.46
13278,4358,8,0.02444,104.64,116.87,128.18,149.69
13279,4358,8,0.02095,0.26,82.5,64.58,180.69
13280,4358,14,0.02016,0.0,94.27,9.98,124.47
13281,4358,8,0.02003,23.37,113.39,52.45,153.21
13282,4358,8,0.01974,407.89,110.55,429.73,140.29
13283,4358,8,0.01806,194.78,108.33,258.86,156.06
13284,4358,14,0.01784,151.17,113.7,180.77,157.37
13285,4358,14,0.01635,188.78,126.62,210.6,151.15
13286,4358,14,0.01318,13.43,108.38,46.05,155.71
13287,4358,8,0.01265,0.0,77.89,34.32,184.73
13288,4358,14,0.00916,131.55,123.17,155.88,144.34
13289,4358,14,0.00809,0.0,56.09,13.4,123.84
13290,4358,14,0.00688,212.08,110.62,231.81,139.96
13291,4358,8,0.0062,92.68,110.33,155.71,161.85
13292,4358,8,0.00594,100.52,117.4,122.62,145.42
13293,4358,14,0.00574,0.0,91.5,13.35,116.86
13294,4358,8,0.00572,0.0,82.59,21.87,177.44
13295,4358,5,0.00512,184.92,127.89,205.73,149.06
13296,4358,14,0.00512,134.07,121.89,159.03,152.05
13297,4358,14,0.00465,113.89,114.59,142.4,156.36
13298,4358,8,0.00464,28.55,88.03,66.1,155.27
13299,4358,8,0.00454,56.95,106.1,116.79,162.6
13300,4358,8,0.00415,152.97,114.78,172.17,145.13
13301,4358,8,0.00366,35.73,96.76,106.25,166.03
13302,4358,8,0.00355,393.37,100.98,459.35,156.97
13303,4358,5,0.00304,173.28,127.97,203.86,149.47
13304,4358,8,0.00291,135.97,123.24,158.07,143.96
13305,4358,14,0.00236,224.41,115.62,241.56,138.62
13306,4358,8,0.00232,224.06,116.01,242.01,141.96
13307,4358,8,0.00225,253.13,113.12,272.36,136.09
13308,4358,14,0.00221,195.22,123.92,218.97,145.97
13309,4358,8,0.00212,133.74,89.12,206.41,163.59
13310,4358,8,0.00205,175.87,121.33,205.33,156.32
13311,4358,8,0.0019,105.49,115.48,121.65,140.25
13312,4358,8,0.0019,187.03,127.45,206.93,145.18
13313,4358,14,0.00186,154.32,114.81,169.85,139.03
13314,4358,14,0.00178,216.25,112.22,236.06,137.78
13315,4358,8,0.0017,142.48,98.73,236.46,160.72
13316,4358,14,0.00152,222.63,114.73,241.44,151.96
13317,4358,14,0.00128,121.08,116.59,148.64,148.96
13318,4358,8,0.00119,181.75,124.0,209.89,153.48
13319,4358,8,0.00113,191.9,117.27,233.56,150.19
13320,4358,14,0.00105,493.52,62.41,500.0,134.91
13321,4361,0,0.87768,225.09,40.01,269.02,83.19
13322,4361,0,0.56433,302.92,87.06,350.64,133.14
13323,4361,1,0.32817,303.18,86.24,351.06,135.14
13324,4361,6,0.0043,453.03,11.5,485.0,84.74
13325,4361,6,0.00134,479.21,50.59,485.0,105.33
13326,4362,2,0.88142,194.59,174.69,226.24,196.76
13327,4362,2,0.83148,31.89,148.77,55.31,175.85
13328,4363,2,0.87676,341.07,15.66,367.84,51.22
13329,4363,2,0.8666,363.21,92.85,400.71,122.02
13330,4363,17,0.81406,292.48,83.29,308.91,99.16
13331,4366,11,0.88278,301.95,87.78,327.89,107.31
13332,4366,10,0.87718,226.1,133.89,246.54,157.7
13333,4366,10,0.87256,246.99,104.38,269.33,126.58
13334,4366,17,0.8498,377.05,136.08,396.5,155.76
13335,4366,17,0.8482,361.6,166.07,381.43,187.15
13336,4366,11,0.84643,306.86,138.86,328.58,163.73
13337,4366,9,0.73257,296.8,186.61,323.39,209.2
13338,4366,17,0.64483,249.98,173.58,272.89,200.4
13339,4366,17,0.6184,296.99,186.52,323.28,209.32
13340,4366,9,0.57419,249.92,173.54,272.89,200.44
13341,4366,9,0.20571,361.27,166.06,381.47,187.03
13342,4366,15,0.01709,85.67,193.13,168.52,247.0
13343,4367,7,0.87254,235.54,178.49,267.93,206.43
13344,4369,7,0.86295,112.4,192.59,141.64,220.39
13345,4369,7,0.83175,212.1,120.3,235.64,143.62
13346,4370,14,0.85176,234.9,115.3,296.74,220.48
13347,4370,5,0.24136,0.5,164.55,183.6,205.53
13348,4370,5,0.20012,206.76,115.94,297.89,202.62
13349,4370,5,0.19948,287.61,152.81,352.36,196.58
13350,4370,5,0.02664,71.22,167.67,177.38,204.89
13351,4370,5,0.01861,0.38,126.38,188.27,207.03
13352,4370,5,0.00561,136.39,141.06,252.57,192.2
13353,4370,5,0.00357,206.38,150.66,272.46,200.71
13354,4370,14,0.00356,0.01,94.27,4.12,140.66
13355,4370,5,0.00325,75.86,164.15,225.68,199.92
13356,4370,5,0.0032,286.11,153.91,414.98,197.25
13357,4370,5,0.00242,98.31,151.59,218.56,196.58
13358,4370,5,0.00183,0.0,156.72,129.52,202.33
13359,4370,14,0.00166,0.01,142.42,3.88,168.85
13360,4370,5,0.00164,0.0,148.1,18.54,202.42
13361,4370,5,0.00126,466.3,151.94,500.0,196.73
13362,4370,5,0.00102,0.28,163.46,80.62,211.14
13363,4377,14,0.86762,449.24,53.71,461.03,82.13
13364,4377,5,0.82603,114.46,34.38,148.99,63.72
13365,4377,14,0.7636,435.93,52.33,446.54,78.66
13366,4377,8,0.73111,378.02,49.08,392.86,65.95
13367,4377,14,0.26425,388.42,44.89,395.4,64.31
13368,4377,14,0.25867,392.34,44.88,399.81,65.06
13369,4377,14,0.1755,389.97,45.4,397.21,64.75
13370,4377,8,0.147,383.18,46.58,394.31,65.75
13371,4377,14,0.11596,386.4,47.22,394.29,65.08
13372,4377,14,0.11053,490.01,55.86,494.0,75.23
13373,4377,14,0.07631,378.92,47.8,389.34,65.23
13374,4377,8,0.07127,0.0,13.86,5.11,29.56
13375,4377,14,0.06401,380.62,46.08,387.79,59.13
13376,4377,14,0.04141,394.67,46.02,400.8,64.68
13377,4377,14,0.0401,388.81,43.75,395.66,51.32
13378,4377,14,0.03977,446.2,44.55,454.6,56.65
13379,4377,5,0.03361,253.43,1.05,264.11,10.88
13380,4377,5,0.02872,0.15,0.07,14.0,11.94
13381,4377,8,0.02377,489.26,56.71,494.0,74.52
13382,4377,8,0.02175,391.08,48.84,400.54,65.63
13383,4377,5,0.01317,173.74,0.57,188.38,7.97
13384,4377,14,0.01104,386.15,43.34,394.31,51.26
13385,4377,5,0.01078,164.25,0.22,240.98,34.44
13386,4377,14,0.00775,253.06,1.05,263.96,11.12
13387,4377,14,0.00686,487.48,56.06,494.0,74.1
13388,4377,8,0.00635,0.0,0.26,12.67,16.87
13389,4377,8,0.00593,486.64,55.74,493.15,73.29
13390,4377,14,0.00479,489.12,33.77,494.0,64.29
13391,4377,8,0.00474,173.85,0.58,188.26,7.63
13392,4377,8,0.00409,394.91,52.91,401.13,65.51
13393,4377,14,0.00309,378.24,45.52,386.92,60.83
13394,4377,14,0.0025,442.32,48.16,454.5,57.74
13395,4377,14,0.00217,0.0,1.69,4.74,25.41
13396,4377,8,0.00188,481.84,56.89,491.08,70.23
13397,4377,14,0.00178,485.87,32.65,493.97,63.6
13398,4377,5,0.00157,149.15,33.4,163.12,43.23
13399,4377,14,0.00156,381.45,43.0,388.7,52.29
13400,4377,14,0.0015,491.24,64.4,494.0,84.11
13401,4377,14,0.0014,0.17,1.46,12.94,20.58
13402,4377,14,0.00115,458.62,43.27,474.33,58.16
13403,4377,8,0.00102,379.58,60.19,393.38,68.13
13404,4379,2,0.86518,268.62,194.96,288.39,220.75
13405,4379,2,0.26845,263.34,176.34,285.12,194.17
13406,4379,2,0.01898,251.82,236.58,267.29,253.38
13407,4380,15,0.89148,154.18,75.05,178.43,105.04
13408,4380,15,0.88414,66.1,81.59,89.27,109.18
13409,4382,8,0.6847,176.67,0.34,277.83,26.48
13410,4382,8,0.51655,245.05,0.04,370.34,33.34
13411,4382,14,0.04243,0.03,0.58,9.77,101.55
13412,4382,8,0.01318,0.01,4.31,10.32,100.35
13413,4382,14,0.00942,0.01,38.72,5.23,99.41
13414,4382,8,0.0065,233.88,0.27,328.49,32.38
13415,4382,8,0.00601,177.09,0.63,235.9,20.96
13416,4382,8,0.00483,329.31,0.74,369.79,21.17
13417,4382,8,0.00432,185.54,0.13,305.13,33.34
13418,4382,8,0.00426,236.18,0.04,374.38,56.54
13419,4382,6,0.00255,243.26,0.07,368.75,34.0
13420,4382,14,0.00237,0.0,37.57,8.78,99.99
13421,4382,14,0.0013,0.0,0.0,8.43,70.43
13422,4382,8,0.00126,272.95,0.45,367.94,26.57
13423,4382,8,0.00102,1.13,6.81,73.42,100.12
13424,4383,14,0.86556,344.49,95.74,385.46,179.65
13425,4383,5,0.86437,414.14,132.6,486.96,173.97
13426,4383,14,0.84336,306.76,96.75,345.51,175.5
13427,4383,14,0.8094,168.07,81.14,199.66,168.82
13428,4383,5,0.33731,2.48,115.02,158.68,159.78
13429,4383,5,0.16268,490.57,130.77,500.0,167.53
13430,4383,5,0.04074,491.34,140.81,500.0,172.66
13431,4383,5,0.007,63.12,119.21,157.47,158.9
13432,4383,8,0.00662,370.18,133.21,391.21,168.83
13433,4383,5,0.00435,480.75,128.34,500.0,173.89
13434,4383,14,0.00425,340.11,106.49,354.54,181.74
13435,4383,5,0.00405,494.29,147.6,500.0,175.22
13436,4383,8,0.00374,431.26,126.38,449.39,135.13
13437,4383,5,0.00343,0.97,77.83,159.61,161.11
13438,4383,5,0.00316,125.95,90.78,158.67,102.23
13439,4383,5,0.0026,474.19,121.12,500.0,163.64
13440,4383,8,0.00238,430.84,123.72,444.88,135.15
13441,4383,5,0.00176,470.79,109.09,500.0,154.39
13442,4383,8,0.0014,372.38,130.25,399.77,169.77
13443,4383,8,0.00124,0.04,96.74,15.11,171.57
13444,4383,5,0.00107,21.82,107.26,121.95,159.33
13445,4383,8,0.00104,140.59,123.07,178.75,161.66
13446,4384,15,0.85964,394.14,75.06,422.17,98.92
13447,4384,15,0.78744,396.46,39.32,417.39,59.17
13448,4384,15,0.78729,340.89,54.98,360.51,72.89
13449,4389,2,0.84314,102.93,35.56,114.96,52.32
13450,4389,2,0.83964,141.65,48.77,153.71,66.27
13451,4389,2,0.83808,89.68,64.69,102.75,82.78
13452,4389,2,0.83295,44.13,41.05,57.46,58.6
13453,4393,14,0.81112,41.24,140.93,80.95,217.46
13454,4393,14,0.80996,135.99,160.4,164.36,207.57
13455,4393,14,0.66014,456.52,184.64,474.63,230.78
13456,4393,16,0.3391,424.12,217.93,450.57,235.92
13457,4393,14,0.0774,344.4,164.22,354.76,190.27
13458,4393,14,0.0327,321.86,164.19,334.92,194.35
13459,4393,14,0.03072,462.61,184.83,475.08,224.11
13460,4393,14,0.02416,495.18,135.21,504.98,155.52
13461,4393,14,0.02263,357.04,173.41,372.7,196.39
13462,4393,14,0.01487,498.95,136.25,505.0,155.19
13463,4393,14,0.01334,197.21,167.59,230.46,201.28
13464,4393,14,0.01059,195.84,160.6,230.02,214.57
13465,4393,14,0.0103,316.37,161.68,330.94,193.25
13466,4393,16,0.00808,286.55,197.23,385.29,240.55
13467,4393,14,0.0059,243.72,164.31,257.78,192.91
13468,4393,14,0.0029,497.23,137.67,505.0,161.02
13469,4393,14,0.00237,453.8,183.48,469.98,223.12
13470,4393,16,0.00188,348.92,240.55,410.1,256.0
13471,4393,16,0.00178,323.16,203.5,367.58,222.08
13472,4393,14,0.00172,486.1,136.57,505.0,155.05
13473,4393,16,0.00151,168.24,197.6,197.12,221.02
13474,4396,7,0.88732,262.33,179.53,308.83,221.06
13475,4396,7,0.88376,127.52,53.93,165.3,89.8
13476,4396,17,0.75373,148.17,148.17,173.7,173.13
13477,4406,15,0.87774,59.43,91.6,80.68,109.69
13478,4408,15,0.86631,437.61,54.46,464.49,82.89
13479,4408,15,0.86257,353.62,29.09,381.75,57.59
13480,4408,15,0.82159,430.58,12.15,453.23,33.54
13481,4411,2,0.87247,293.11,154.53,325.28,192.68
13482,4411,2,0.81294,268.47,93.68,293.84,119.69
13483,4411,17,0.81196,376.56,118.72,393.27,136.1
13484,4412,14,0.00325,371.46,5.15,506.89,249.25
13485,4413,14,0.82122,171.14,95.08,188.66,134.45
13486,4413,14,0.80793,358.64,126.37,374.12,145.32
13487,4413,14,0.7445,132.82,97.74,146.33,124.63
13488,4413,14,0.56003,13.86,80.74,24.86,104.62
13489,4413,14,0.5393,31.48,83.7,42.05,108.07
13490,4413,16,0.45331,0.08,154.8,48.48,198.01
13491,4413,14,0.35122,23.83,82.95,37.01,113.62
13492,4413,16,0.09199,0.07,154.49,53.22,228.6
13493,4413,16,0.0709,49.61,135.48,77.6,154.84
13494,4413,16,0.06301,0.0,155.32,98.87,237.85
13495,4413,14,0.05445,22.46,80.84,30.62,107.65
13496,4413,16,0.0367,0.26,123.08,31.54,148.16
13497,4413,14,0.03595,125.26,94.08,135.07,117.7
13498,4413,14,0.01467,15.46,79.82,28.75,105.86
13499,4413,14,0.01311,128.99,97.03,138.85,118.55
13500,4413,14,0.01263,0.02,80.43,3.84,103.42
13501,4413,14,0.00769,0.0,75.26,6.81,105.38
13502,4413,16,0.00523,0.79,125.73,78.1,153.6
13503,4413,14,0.00456,0.01,62.43,4.1,99.96
13504,4413,16,0.003,0.8,123.27,51.38,150.07
13505,4413,14,0.00214,135.79,94.82,148.09,110.89
13506,4413,14,0.00192,374.4,122.41,384.62,148.1
13507,4413,14,0.00182,0.0,58.74,8.07,100.96
13508,4413,14,0.00147,4.05,81.59,19.87,108.06
13509,4413,14,0.00139,133.55,95.54,145.09,113.96
13510,4413,14,0.00132,10.73,78.77,23.54,100.31
13511,4413,14,0.00132,374.93,129.81,386.1,147.08
13512,4413,14,0.0011,137.38,91.88,151.1,107.99
13513,4414,2,0.89561,132.9,34.99,161.12,70.2
13514,4414,2,0.87478,154.32,112.1,191.59,140.54
13515,4414,17,0.82834,83.26,99.52,100.19,116.33
13516,4416,2,0.8036,297.27,31.1,326.68,61.18
13517,4416,2,0.01374,266.02,25.97,295.29,49.74
13518,4416,17,0.00683,0.0,0.0,8.0,8.52
13519,4417,3,0.89611,81.48,80.33,134.7,141.64
13520,4417,1,0.87298,157.72,78.7,199.83,122.14
13521,4417,3,0.8658,153.01,10.0,186.06,48.41
13522,4417,13,0.84401,212.56,50.19,250.87,89.89
13523,4417,3,0.79976,90.82,41.09,165.03,71.65
13524,4418,14,0.86581,392.41,141.31,418.76,229.01
13525,4418,14,0.84961,284.18,134.83,308.61,217.7
13526,4418,14,0.77199,61.86,83.13,104.27,205.15
13527,4418,14,0.61051,124.21,128.38,170.73,205.26
13528,4418,5,0.2662,412.25,180.46,488.59,222.33
13529,4418,14,0.25659,157.14,133.03,184.62,210.63
13530,4418,14,0.01537,96.87,146.01,122.95,208.95
13531,4418,8,0.00341,62.42,85.05,124.56,208.52
13532,4418,5,0.00282,494.69,184.44,500.0,221.07
13533,4418,14,0.00279,140.89,131.5,189.75,209.48
13534,4418,5,0.00221,166.45,157.17,263.23,203.49
13535,4418,8,0.0021,0.0,134.38,6.09,187.57
13536,4418,8,0.0021,0.0,114.12,73.37,194.67
13537,4418,8,0.00209,85.98,166.94,115.38,197.94
13538,4418,8,0.00206,0.03,107.4,9.92,219.62
13539,4418,14,0.00182,161.87,132.67,179.85,152.34
13540,4418,14,0.00175,133.45,129.92,158.89,178.87
13541,4418,5,0.00156,490.05,182.47,500.0,221.91
13542,4418,5,0.00147,496.09,192.55,500.0,226.08
13543,4418,14,0.00117,106.44,154.7,122.97,209.32
13544,4418,14,0.00108,0.0,132.53,8.24,195.27
13545,4422,10,0.87517,405.5,162.19,427.27,185.28
13546,4422,17,0.85926,391.88,66.86,407.11,81.78
13547,4422,9,0.85609,453.21,109.86,472.05,128.93
13548,4422,17,0.12727,357.51,118.08,373.66,130.71
13549,4422,9,0.00637,405.5,162.17,426.6,184.26
13550,4422,2,0.00186,133.43,228.49,155.29,245.49
13551,4424,4,0.90394,119.96,152.54,224.8,193.44
13552,4424,3,0.85987,112.46,16.98,198.12,52.21
13553,4424,3,0.84733,119.56,80.11,211.13,118.13
13554,4425,15,0.88715,194.1,32.9,216.67,61.41
13555,4425,15,0.88125,107.17,45.1,129.47,72.17
13556,4430,12,0.89475,233.29,157.63,260.0,180.82
13557,4430,1,0.83948,265.07,136.86,290.59,160.97
13558,4430,0,0.83862,193.13,175.54,221.02,204.08
13559,4430,3,0.82083,239.1,175.89,302.26,204.85
13560,4430,4,0.53483,200.08,149.4,236.37,176.76
13561,4430,3,0.01411,0.0,98.93,13.68,142.16
13562,4430,3,0.00879,473.04,83.2,488.0,120.09
13563,4430,15,0.00322,49.09,195.62,73.49,212.23
13564,4430,0,0.00247,193.6,161.27,236.95,205.11
13565,4430,3,0.00189,467.03,76.04,488.0,119.01
13566,4430,4,0.00103,189.95,149.62,236.96,188.44
13567,4432,14,0.78483,311.28,54.74,362.43,181.91
13568,4432,14,0.47137,0.0,98.49,23.43,146.37
13569,4432,8,0.37125,0.36,140.08,102.25,248.57
13570,4432,8,0.23017,0.03,98.59,23.57,145.05
13571,4432,14,0.08772,161.39,141.85,195.87,200.55
13572,4432,8,0.04743,31.32,95.52,80.78,146.37
13573,4432,8,0.04444,252.99,158.31,308.14,239.18
13574,4432,14,0.04047,270.07,52.35,364.37,180.3
13575,4432,14,0.03263,31.67,95.48,76.49,146.3
13576,4432,14,0.03046,0.08,98.3,19.82,125.32
13577,4432,8,0.02834,0.0,126.6,31.69,249.0
13578,4432,8,0.01981,0.0,89.95,18.63,199.27
13579,4432,14,0.00921,211.59,1.42,404.26,82.68
13580,4432,8,0.00903,0.0,87.3,21.75,242.99
13581,4432,8,0.00784,276.09,0.32,400.34,62.18
13582,4432,14,0.00529,252.76,164.25,306.88,238.59
13583,4432,5,0.00429,483.21,146.9,493.0,184.75
13584,4432,14,0.00385,269.73,80.11,327.12,176.09
13585,4432,14,0.00361,278.81,0.38,400.0,60.56
13586,4432,8,0.00346,0.0,95.58,69.94,169.71
13587,4432,14,0.00332,256.34,53.57,335.43,181.74
13588,4432,14,0.00321,0.0,105.82,9.65,156.68
13589,4432,8,0.00268,0.0,148.51,90.36,215.33
13590,4432,8,0.00252,0.06,91.22,73.91,247.2
13591,4432,14,0.00251,0.0,97.33,8.11,118.61
13592,4432,14,0.00217,0.0,96.21,14.43,152.14
13593,4432,14,0.00214,192.87,0.31,270.5,76.31
13594,4432,14,0.00177,199.22,1.79,342.53,93.52
13595,4432,14,0.00155,286.02,131.27,324.34,172.67
13596,4432,14,0.00133,0.0,106.93,6.84,169.33
13597,4435,7,0.893,30.34,55.18,66.99,85.22
13598,4435,2,0.88123,101.89,71.11,141.9,119.03
13599,4435,15,0.00253,480.04,129.89,485.0,190.28
13600,4438,5,0.85582,315.18,177.13,398.64,209.87
13601,4438,5,0.82966,444.62,165.3,489.0,190.26
13602,4438,5,0.81041,9.54,173.02,107.03,207.84
13603,4438,8,0.80271,275.56,161.49,295.94,178.18
13604,4438,5,0.78821,215.28,172.98,299.7,198.82
13605,4438,8,0.72884,418.72,161.82,440.33,177.77
13606,4438,8,0.59558,392.83,160.84,408.82,175.63
13607,4438,14,0.53418,426.34,155.23,435.29,170.56
13608,4438,14,0.47611,372.25,156.08,378.26,169.48
13609,4438,14,0.44063,396.32,154.72,406.02,170.5
13610,4438,8,0.37086,354.29,163.52,374.49,179.39
13611,4438,14,0.33416,280.98,154.21,293.93,169.58
13612,4438,14,0.25764,376.28,155.45,382.08,171.17
13613,4438,14,0.20651,423.09,156.48,434.94,172.83
13614,4438,14,0.19269,278.13,155.18,295.66,176.21
13615,4438,14,0.14328,364.66,157.61,372.13,174.0
13616,4438,14,0.13455,419.87,160.1,434.28,176.05
13617,4438,5,0.08965,196.75,127.51,211.52,142.84
13618,4438,14,0.08274,369.64,158.21,377.39,172.84
13619,4438,14,0.076,362.39,159.1,373.92,175.37
13620,4438,8,0.07444,241.82,165.19,256.25,177.38
13621,4438,8,0.05386,358.01,161.56,381.43,178.83
13622,4438,14,0.05361,375.16,159.21,383.37,172.14
13623,4438,14,0.05237,358.14,161.41,374.57,176.59
13624,4438,8,0.04991,274.69,165.28,290.47,178.1
13625,4438,14,0.04445,460.83,151.81,470.32,167.88
13626,4438,14,0.03975,377.22,156.06,385.16,173.61
13627,4438,14,0.03739,69.62,161.72,83.43,175.99
13628,4438,8,0.03072,273.95,169.59,296.36,181.1
13629,4438,14,0.02498,394.76,156.99,408.72,174.53
13630,4438,14,0.0235,374.13,155.35,381.58,168.11
13631,4438,14,0.01894,240.28,158.09,248.42,171.02
13632,4438,5,0.01874,86.36,102.27,218.16,175.77
13633,4438,8,0.01587,365.14,165.97,382.04,179.02
13634,4438,14,0.01571,427.37,154.99,439.23,170.15
13635,4438,5,0.01365,195.32,126.28,250.52,153.93
13636,4438,5,0.01341,245.64,173.66,297.77,196.1
13637,4438,8,0.01329,370.32,168.03,382.93,178.56
13638,4438,14,0.0107,365.46,154.79,372.25,169.97
13639,4438,8,0.01035,269.89,154.32,294.78,167.54
13640,4438,14,0.01024,484.63,151.65,489.0,167.35
13641,4438,8,0.00978,240.4,157.0,248.16,170.16
13642,4438,8,0.00812,237.13,167.28,251.79,177.01
13643,4438,14,0.00757,0.01,116.12,2.94,132.71
13644,4438,14,0.00619,367.78,160.61,379.12,175.7
13645,4438,8,0.00618,236.83,163.64,247.52,175.96
13646,4438,14,0.0054,236.36,160.5,247.66,173.8
13647,4438,8,0.00533,376.42,160.11,385.57,175.05
13648,4438,8,0.00527,480.04,150.71,488.8,166.9
13649,4438,8,0.00484,470.63,151.57,488.26,166.59
13650,4438,14,0.00458,364.89,155.62,375.93,171.79
13651,4438,8,0.00437,254.78,173.53,297.56,194.97
13652,4438,5,0.00392,304.73,20.05,351.09,80.44
13653,4438,5,0.00385,304.92,55.62,330.74,76.54
13654,4438,14,0.00349,396.96,151.2,404.64,167.08
13655,4438,8,0.00346,240.07,160.52,249.24,173.99
13656,4438,5,0.00332,403.71,107.57,452.69,123.11
13657,4438,5,0.00327,0.0,142.47,12.79,160.92
13658,4438,5,0.00316,146.99,89.71,169.15,102.91
13659,4438,5,0.00304,89.24,102.39,206.99,149.68
13660,4438,14,0.00284,233.23,162.92,246.24,175.73
13661,4438,14,0.00251,375.9,159.9,389.65,173.68
13662,4438,14,0.00251,478.2,150.27,488.63,166.87
13663,4438,14,0.00245,469.71,151.09,488.02,166.22
13664,4438,5,0.00239,306.63,56.05,350.62,76.79
13665,4438,5,0.00229,0.0,139.38,17.18,159.5
13666,4438,5,0.00221,34.45,111.72,72.28,133.77
13667,4438,8,0.00214,373.65,166.89,386.51,177.68
13668,4438,14,0.00206,288.39,154.05,299.01,170.4
13669,4438,5,0.002,305.15,42.95,348.94,80.34
13670,4438,5,0.00183,462.38,151.15,488.65,167.0
13671,4438,8,0.00176,233.34,160.06,247.59,173.52
13672,4438,14,0.00172,0.04,100.13,8.3,132.71
13673,4438,14,0.00159,283.46,156.34,298.44,172.72
13674,4438,14,0.00149,0.0,108.68,3.72,132.4
13675,4438,8,0.00148,350.52,168.48,368.98,180.13
13676,4438,8,0.00147,263.99,173.32,296.34,182.74
13677,4438,14,0.00147,355.97,162.28,381.15,177.8
13678,4438,5,0.00143,266.23,155.89,280.55,166.02
13679,4438,5,0.00134,309.99,60.5,347.63,80.47
13680,4438,5,0.00126,336.62,79.13,369.85,96.24
13681,4438,5,0.00117,128.49,80.65,170.22,101.37
13682,4438,5,0.00116,480.45,74.19,488.98,90.43
13683,4438,14,0.0011,397.48,154.89,410.91,170.75
13684,4438,14,0.0011,396.45,147.19,406.73,168.17
13685,4438,5,0.00104,113.15,85.12,169.71,103.48
13686,4438,5,0.00104,110.76,75.45,165.62,101.78
13687,4438,14,0.00103,361.87,152.84,370.09,171.51
13688,4440,4,0.89232,214.67,35.69,284.22,87.84
13689,4440,13,0.8651,182.88,122.11,233.81,174.56
13690,4440,1,0.79794,400.11,140.16,456.97,196.86
13691,4440,14,0.14637,368.94,106.27,398.91,144.89
13692,4440,14,0.0028,370.97,6.71,485.19,106.67
13693,4440,14,0.00206,305.66,7.58,483.28,148.85
13694,4440,14,0.0011,318.74,82.09,399.02,145.73
13695,4441,8,0.72048,202.65,23.42,404.93,131.08
13696,4441,5,0.64537,17.96,0.27,259.99,120.73
13697,4441,5,0.64284,0.0,6.76,93.75,61.91
13698,4441,8,0.28621,236.56,0.59,412.56,117.0
13699,4441,5,0.0288,49.48,16.13,343.34,131.81
13700,4441,8,0.00537,361.56,1.51,419.99,95.78
13701,4441,8,0.0051,202.19,53.22,288.9,133.24
13702,4441,8,0.00198,239.46,0.81,412.16,57.97
13703,4441,8,0.00178,314.02,0.51,420.0,73.35
13704,4441,8,0.00157,0.02,82.83,11.31,123.74
13705,4441,8,0.00152,0.0,24.71,14.24,127.77
13706,4441,8,0.00145,24.47,6.0,140.25,115.54
13707,4441,8,0.0014,176.26,9.56,355.24,133.56
13708,4441,8,0.0012,211.44,4.93,387.83,95.17
13709,4441,8,0.00106,414.26,11.61,420.0,42.96
13710,4442,11,0.88475,329.54,41.17,355.68,60.78
13711,4442,10,0.87679,274.5,58.23,297.36,80.88
13712,4442,10,0.86853,254.1,88.08,274.82,111.82
13713,4442,17,0.85348,389.96,118.72,409.71,139.48
13714,4442,11,0.84091,335.03,92.31,356.68,117.14
13715,4442,9,0.82952,325.21,139.45,351.62,161.79
13716,4442,17,0.82752,405.52,88.51,424.97,108.49
13717,4442,17,0.79872,278.0,126.77,301.38,153.52
13718,4442,17,0.70951,325.1,139.3,351.63,161.78
13719,4442,9,0.6444,278.06,126.83,301.34,153.5
13720,4442,9,0.3437,389.54,118.6,409.74,139.44
13721,4442,9,0.07391,404.94,88.46,425.05,108.34
13722,4443,7,0.86996,391.59,86.82,420.1,117.24
13723,4443,2,0.82686,357.17,31.12,398.1,57.79
13724,4443,7,0.01749,393.23,102.87,418.98,117.3
13725,4443,14,0.00378,278.13,115.91,287.7,139.94
13726,4448,14,0.11919,148.4,109.14,170.36,157.42
13727,4448,8,0.07633,340.29,97.47,389.99,141.71
13728,4448,8,0.06246,171.35,114.25,222.91,185.69
13729,4448,8,0.04727,492.83,83.73,500.0,119.61
13730,4448,8,0.03677,410.04,57.66,498.97,129.22
13731,4448,14,0.02318,139.48,109.9,165.07,156.72
13732,4448,8,0.02136,493.4,58.21,500.0,121.33
13733,4448,8,0.01346,453.71,73.68,498.81,124.39
13734,4448,14,0.0091,494.27,78.13,500.0,121.16
13735,4448,8,0.00665,485.38,63.76,500.0,122.75
13736,4448,14,0.00526,158.18,104.21,180.33,158.18
13737,4448,14,0.00395,195.11,88.88,215.16,110.41
13738,4448,14,0.00373,163.53,101.83,185.09,159.6
13739,4448,3,0.0032,125.54,194.46,259.95,255.75
13740,4448,8,0.00229,409.42,61.67,464.62,131.71
13741,4448,8,0.00197,417.77,95.39,457.36,131.12
13742,4448,14,0.00137,194.75,88.85,216.65,122.2
13743,4448,8,0.00137,151.03,106.29,238.52,187.26
13744,4448,14,0.00125,494.83,51.14,500.0,125.71
13745,4452,14,0.82416,285.37,146.3,324.43,183.77
13746,4452,16,0.82004,3.21,191.42,24.96,221.17
13747,4452,16,0.80501,27.07,191.61,48.45,219.97
13748,4452,16,0.80266,49.61,189.44,70.66,217.11
13749,4452,16,0.75851,70.3,188.11,90.63,213.98
13750,4452,14,0.7313,282.45,146.12,297.05,177.7
13751,4452,8,0.69972,287.73,169.81,339.48,245.94
13752,4452,16,0.6304,90.49,186.3,110.05,211.86
13753,4452,14,0.60413,269.63,150.95,284.22,180.13
13754,4452,16,0.14176,108.58,185.25,126.27,209.89
13755,4452,16,0.10435,123.81,184.44,139.57,207.3
13756,4452,16,0.07544,109.07,183.39,139.5,208.37
13757,4452,8,0.04068,274.71,170.63,345.33,221.8
13758,4452,16,0.03816,138.22,181.81,165.06,204.46
13759,4452,8,0.033,270.73,168.69,328.71,241.14
13760,4452,8,0.02027,274.39,175.54,307.03,240.31
13761,4452,16,0.01538,205.74,178.39,236.3,193.39
13762,4452,8,0.01419,291.5,185.29,326.52,243.88
13763,4452,16,0.01401,164.31,181.47,179.06,200.67
13764,4452,16,0.01241,0.11,190.0,4.05,218.87
13765,4452,16,0.01225,156.96,178.97,189.68,200.91
13766,4452,16,0.01211,176.08,179.4,204.63,198.39
13767,4452,8,0.01093,302.95,169.52,345.46,222.15
13768,4452,16,0.01027,186.28,178.29,213.45,196.57
13769,4452,16,0.00799,163.77,177.6,201.67,199.12
13770,4452,16,0.00785,175.76,180.37,192.35,198.57
13771,4452,16,0.00612,182.24,177.15,235.87,195.08
13772,4452,16,0.00604,194.21,178.43,224.43,194.22
13773,4452,16,0.00596,138.05,179.77,178.88,203.73
13774,4452,8,0.00584,276.21,176.27,326.93,192.98
13775,4452,16,0.00492,175.13,177.08,217.03,197.24
13776,4452,5,0.00492,377.55,157.69,404.02,176.09
13777,4452,8,0.00474,325.07,168.18,345.48,222.46
13778,4452,16,0.00431,92.85,185.37,126.96,210.83
13779,4452,16,0.00421,217.8,177.43,242.6,192.72
13780,4452,14,0.00393,284.58,146.1,302.83,176.13
13781,4452,8,0.00273,392.05,161.17,406.07,184.35
13782,4452,8,0.00233,279.11,181.92,318.74,236.66
13783,4452,16,0.00191,115.94,182.47,165.03,207.4
13784,4452,14,0.00179,290.54,136.42,310.42,153.85
13785,4452,14,0.00162,279.64,176.13,324.89,192.13
13786,4452,14,0.00145,0.0,128.6,3.74,171.2
13787,4452,14,0.00143,292.73,168.71,325.25,190.93
13788,4452,8,0.00125,273.67,148.03,336.87,214.76
13789,4461,9,0.90338,208.93,63.63,230.2,84.36
13790,4461,17,0.89357,274.15,115.32,293.51,133.91
13791,4461,10,0.8931,319.69,94.16,343.35,114.3
13792,4461,10,0.88629,186.62,146.49,210.77,168.06
13793,4461,17,0.85262,239.1,133.48,258.13,152.53
13794,4461,11,0.84929,169.58,21.81,190.26,40.77
13795,4461,17,0.59813,269.26,40.25,292.3,60.5
13796,4461,9,0.50581,269.46,40.2,292.19,60.42
13797,4462,0,0.86453,342.88,48.36,378.34,82.9
13798,4462,12,0.86203,270.87,125.22,304.36,154.42
13799,4462,3,0.85523,332.32,145.66,390.83,211.14
13800,4462,0,0.85507,116.1,91.07,148.73,123.46
13801,4462,3,0.8342,146.86,164.69,217.82,228.72
13802,4462,12,0.83122,229.44,22.43,263.56,53.28
13803,4462,3,0.79704,194.69,83.89,268.56,113.57
13804,4462,3,0.00342,112.16,165.71,180.42,231.79
13805,4462,3,0.00186,357.83,137.45,426.1,239.85
13806,4462,3,0.00177,346.31,145.14,426.04,211.64
13807,4465,2,0.87695,277.89,38.32,313.82,65.47
13808,4465,2,0.8348,399.82,54.96,430.91,83.98
13809,4465,2,0.00297,498.09,0.0,502.0,10.41
13810,4467,14,0.86372,398.12,102.98,424.52,176.85
13811,4467,14,0.86069,271.3,85.49,306.57,173.17
13812,4467,5,0.84306,410.78,131.58,483.59,174.16
13813,4467,14,0.77971,312.03,101.42,342.06,171.96
13814,4467,14,0.74962,227.81,90.52,269.6,171.47
13815,4467,5,0.58944,0.07,101.07,155.68,156.6
13816,4467,14,0.53967,145.4,83.5,185.91,164.93
13817,4467,14,0.07861,136.7,84.4,174.07,162.89
13818,4467,5,0.01657,487.62,132.61,500.0,167.64
13819,4467,8,0.00435,135.05,84.8,193.77,163.45
13820,4467,5,0.00301,0.04,92.29,12.73,172.03
13821,4467,8,0.00268,307.96,94.36,356.44,170.93
13822,4467,5,0.00243,468.37,127.31,499.82,149.81
13823,4467,14,0.00235,315.48,121.48,330.5,170.45
13824,4467,14,0.00234,409.35,132.65,424.41,176.97
13825,4467,8,0.0018,233.39,81.53,314.89,170.51
13826,4467,5,0.00146,0.02,110.63,10.73,167.02
13827,4467,5,0.00136,483.66,133.95,500.0,175.44
13828,4467,8,0.00117,220.01,104.93,300.41,170.63
13829,4467,5,0.00114,494.7,147.14,500.0,175.99
13830,4467,5,0.0011,492.56,141.25,500.0,174.32
13831,4474,5,0.74095,294.18,159.03,368.17,202.28
13832,4474,14,0.72425,202.21,112.86,252.9,233.18
13833,4474,14,0.62692,183.54,114.97,218.84,231.11
13834,4474,5,0.01112,62.57,175.55,194.83,213.62
13835,4474,5,0.00267,0.07,179.0,99.56,219.78
13836,4474,14,0.00208,0.0,108.21,5.45,150.26
13837,4474,5,0.00138,228.54,75.89,265.38,92.73
13838,4474,5,0.00112,0.04,163.47,180.93,210.4
13839,4474,14,0.0011,0.0,139.29,4.46,187.91
13840,4474,5,0.00108,0.34,128.8,62.89,157.39
13841,4475,2,0.84855,260.74,39.83,291.17,65.19
13842,4475,2,0.84231,145.29,43.6,171.91,70.69
13843,4475,2,0.01938,507.3,91.26,512.0,113.77
13844,4475,2,0.00355,507.9,78.72,512.0,113.34
13845,4479,2,0.88208,314.15,123.37,343.08,160.52
13846,4479,7,0.86597,357.95,174.48,390.59,202.63
13847,4479,7,0.00111,343.94,89.77,463.75,252.0
13848,4480,17,0.83695,157.48,83.02,178.45,104.01
13849,4480,17,0.73797,65.61,7.05,84.55,24.84
13850,4482,17,0.00637,194.15,140.54,212.68,158.98
13851,4482,6,0.00101,462.14,102.91,504.99,212.13
13852,4486,2,0.8899,230.85,33.58,265.96,73.27
13853,4486,7,0.86975,300.72,25.08,328.62,52.05
13854,4494,15,0.85662,390.4,163.28,417.16,188.95
13855,4494,7,0.81686,321.03,150.11,341.85,165.63
13856,4494,15,0.77069,387.22,128.1,406.45,142.22
13857,4494,15,0.19276,358.47,136.64,369.46,146.59
13858,4494,15,0.06157,425.27,104.53,437.67,123.28
13859,4494,7,0.01908,425.13,104.59,438.07,123.81
13860,4494,15,0.0039,481.17,52.37,487.0,85.52
13861,4494,17,0.00308,458.32,141.42,472.09,154.16
13862,4494,2,0.00248,235.94,21.29,244.5,38.06
13863,4495,6,0.87875,384.7,47.64,437.18,75.67
13864,4495,15,0.85704,310.59,54.71,329.55,73.53
13865,4499,14,0.85942,108.87,24.35,157.93,144.64
13866,4499,8,0.00168,105.79,23.91,162.55,140.28
13867,4500,2,0.89848,169.3,127.68,200.47,166.45
13868,4500,2,0.8717,190.87,68.36,222.16,94.11
13869,4500,17,0.80956,279.66,116.25,295.95,133.4
13870,4500,2,0.01035,160.09,167.35,172.87,181.98
13871,4504,2,0.87318,74.46,40.57,106.38,72.19
13872,4512,14,0.8312,470.02,103.7,495.0,181.24
13873,4512,14,0.82976,67.25,112.19,101.3,211.39
13874,4512,14,0.8097,280.14,107.64,319.39,195.23
13875,4512,14,0.80521,323.88,111.0,351.69,188.74
13876,4512,14,0.03384,486.81,106.4,495.0,141.66
13877,4512,14,0.01297,488.05,104.29,495.0,184.18
13878,4512,14,0.01074,276.41,105.55,297.79,169.08
13879,4512,6,0.00852,474.19,50.18,495.0,109.79
13880,4512,14,0.00303,485.35,105.9,495.0,167.51
13881,4512,6,0.00137,474.24,44.17,495.0,89.39
13882,4512,14,0.00131,486.33,90.64,495.0,129.17
13883,4513,15,0.89563,383.68,48.43,405.51,68.7
13884,4513,15,0.88973,265.76,54.58,285.65,76.78
13885,4513,5,0.00147,453.46,130.8,498.04,144.65
13886,4513,5,0.00128,454.25,135.31,498.35,147.78
13887,4514,15,0.90996,184.15,158.63,204.13,176.36
13888,4514,15,0.88407,278.4,172.82,297.24,190.62
13889,4515,5,0.90161,204.53,59.09,288.56,113.09
13890,4515,5,0.88334,374.62,53.74,481.55,112.9
13891,4515,5,0.87903,136.22,23.97,192.91,64.61
13892,4515,5,0.87632,214.85,10.99,263.96,39.09
13893,4515,5,0.8555,168.06,17.08,224.98,50.54
13894,4515,5,0.84962,166.45,0.64,203.26,17.96
13895,4515,5,0.84586,66.52,1.0,99.16,18.36
13896,4515,5,0.81705,230.54,38.03,294.68,80.36
13897,4515,5,0.78574,318.25,118.52,440.27,198.01
13898,4515,5,0.54865,129.3,1.2,169.15,25.81
13899,4515,5,0.43345,99.56,0.78,115.3,8.43
13900,4515,5,0.11444,101.5,3.45,164.7,26.39
13901,4515,5,0.0856,135.18,0.79,203.36,19.4
13902,4515,5,0.07747,130.9,14.7,154.2,26.11
13903,4515,5,0.04806,102.26,5.6,138.22,25.49
13904,4515,5,0.02372,100.72,1.5,147.83,19.64
13905,4515,5,0.01951,128.18,0.61,163.93,16.57
13906,4515,14,0.00722,130.63,11.37,144.01,25.35
13907,4515,14,0.00517,130.84,9.51,151.51,25.44
13908,4515,8,0.00394,153.09,0.47,170.62,7.31
13909,4515,5,0.00326,30.53,5.95,138.56,89.14
13910,4515,5,0.0013,102.01,10.0,128.42,25.84
13911,4515,14,0.00127,101.76,13.22,116.1,24.74
13912,4515,8,0.00109,130.13,4.47,160.6,25.86
13913,4518,7,0.8906,252.17,37.24,289.69,72.45
13914,4518,7,0.8774,169.69,53.43,204.8,83.13
13915,4518,17,0.86866,233.35,72.6,254.78,93.21
13916,4518,17,0.83677,216.5,119.3,238.96,141.99
13917,4518,17,0.00458,0.02,113.63,5.26,137.9
13918,4518,15,0.00239,0.01,110.75,4.87,140.4
13919,4518,2,0.00229,12.46,41.89,34.01,63.92
13920,4519,7,0.88864,87.2,15.67,121.87,50.99
13921,4519,7,0.84708,122.7,92.14,160.16,123.39
13922,4519,17,0.24907,213.11,188.34,237.15,208.15
13923,4519,17,0.01288,19.39,170.9,46.69,194.9
13924,4519,2,0.00131,0.02,54.82,5.54,82.46
13925,4519,2,0.0013,490.5,64.08,498.0,101.69
13926,4522,15,0.89317,237.4,72.1,256.51,88.08
13927,4522,15,0.88207,260.71,66.98,276.81,80.87
13928,4524,15,0.84271,193.58,99.86,219.7,124.5
13929,4524,15,0.80814,226.59,68.76,245.79,85.03
13930,4524,7,0.46584,150.55,75.3,169.45,89.57
13931,4525,2,0.87881,371.42,83.33,391.93,110.37
13932,4525,2,0.85822,278.33,25.42,296.14,48.99
13933,4525,2,0.84586,393.66,37.75,412.23,62.56
13934,4525,2,0.84022,277.94,76.94,297.08,103.83
13935,4526,5,0.71834,278.18,134.25,302.39,146.55
13936,4526,5,0.01539,263.36,131.73,273.4,139.36
13937,4526,5,0.0123,151.0,200.78,181.29,216.17
13938,4526,5,0.00662,0.0,150.38,11.63,177.79
13939,4526,5,0.00244,484.09,123.5,500.0,153.99
13940,4526,5,0.00169,132.48,199.75,182.09,218.49
13941,4526,5,0.00153,481.98,119.58,500.0,141.85
13942,4526,5,0.00105,233.1,140.75,246.61,150.13
13943,4526,5,0.00105,0.0,160.65,4.85,177.55
13944,4526,5,0.00105,0.01,168.8,3.75,178.11
13945,4526,5,0.00102,0.01,161.35,11.36,177.84
13946,4532,5,0.85943,346.3,61.54,410.24,97.44
13947,4532,5,0.8344,449.21,63.16,506.83,103.95
13948,4532,5,0.73119,127.38,74.04,146.11,90.53
13949,4532,5,0.73016,104.66,74.15,124.46,88.84
13950,4532,5,0.32235,216.96,68.81,239.44,91.54
13951,4532,5,0.18429,175.12,69.19,201.52,90.22
13952,4532,5,0.07949,125.4,73.13,136.5,84.26
13953,4532,8,0.07322,0.02,81.52,6.11,105.51
13954,4532,8,0.04601,0.01,81.38,4.24,117.73
13955,4532,14,0.04297,0.0,80.95,6.15,103.08
13956,4532,5,0.03301,202.85,69.56,216.39,87.1
13957,4532,8,0.02595,0.02,99.34,3.77,120.42
13958,4532,8,0.02255,0.0,77.55,10.52,114.33
13959,4532,14,0.02008,0.01,80.31,8.52,108.89
13960,4532,5,0.01613,494.01,58.4,507.0,93.56
13961,4532,5,0.01321,124.79,73.85,135.06,88.75
13962,4532,5,0.01209,119.96,74.13,128.1,86.5
13963,4532,5,0.00617,451.64,63.47,507.0,87.01
13964,4532,5,0.00496,200.01,72.78,212.1,89.23
13965,4532,5,0.00452,122.6,73.51,130.8,84.01
13966,4532,5,0.00379,253.91,46.24,314.71,93.87
13967,4532,5,0.00235,0.0,107.72,4.09,121.77
13968,4532,5,0.00188,402.83,68.61,441.61,99.1
13969,4532,5,0.00163,102.89,74.55,116.63,87.1
13970,4532,5,0.00156,115.76,74.98,128.05,91.53
13971,4532,5,0.00148,497.86,53.93,507.0,81.43
13972,4532,8,0.00142,0.01,101.85,4.82,136.4
13973,4532,5,0.00135,130.24,78.49,146.26,94.7
13974,4532,14,0.00135,0.0,74.21,4.04,94.17
13975,4532,8,0.00126,0.01,83.27,6.63,121.32
13976,4532,5,0.00102,488.98,80.78,507.0,132.86
13977,4533,8,0.86119,158.64,62.83,303.87,148.11
13978,4533,14,0.19277,368.43,59.9,443.2,196.23
13979,4533,8,0.01789,0.0,31.83,15.4,74.65
13980,4533,14,0.00914,380.37,65.07,436.45,170.17
13981,4533,5,0.0064,0.01,50.31,5.47,76.3
13982,4533,5,0.00374,92.62,11.77,135.46,34.61
13983,4533,8,0.00351,0.0,33.0,7.18,76.16
13984,4533,8,0.00274,158.34,81.69,235.66,150.23
13985,4533,14,0.00253,363.59,64.13,489.2,194.04
13986,4533,5,0.00157,0.01,34.51,4.66,73.76
13987,4533,6,0.00149,0.0,53.36,5.17,81.14
13988,4533,8,0.00107,295.27,1.05,327.87,14.97
13989,4534,2,0.87492,258.22,186.87,282.14,220.15
13990,4534,2,0.84685,264.17,107.25,295.42,129.88
13991,4538,2,0.85853,286.29,145.11,315.52,173.73
13992,4538,2,0.68997,409.09,131.28,430.53,154.95
13993,4538,2,0.03937,245.37,149.48,265.55,169.93
13994,4538,2,0.00115,401.16,123.47,415.27,145.89
13995,4540,2,0.87908,106.45,107.58,137.43,142.53
13996,4540,17,0.67487,132.61,175.0,153.13,192.88
13997,4540,17,0.29142,53.13,151.13,72.13,168.92
13998,4544,2,0.87835,233.86,125.13,261.99,160.68
13999,4544,17,0.81141,261.78,192.29,279.69,210.12
14000,4544,17,0.80628,180.84,167.22,199.68,184.95
14001,4544,15,0.04012,0.45,199.35,53.33,241.66
14002,4544,2,0.03486,180.94,167.34,199.67,185.0
14003,4545,11,0.90526,240.84,100.12,262.8,118.25
14004,4545,10,0.89431,258.48,42.83,278.26,59.41
14005,4545,9,0.87657,213.41,25.95,233.45,43.06
14006,4545,10,0.87146,269.1,68.16,286.06,86.17
14007,4545,9,0.86357,178.29,33.87,197.55,50.28
14008,4545,11,0.85923,200.29,60.96,219.61,79.07
14009,4545,17,0.84023,153.27,62.45,169.3,78.7
14010,4545,17,0.82948,158.62,86.62,174.53,103.02
14011,4545,9,0.2095,153.12,62.41,169.52,78.87
14012,4545,9,0.00366,158.37,86.22,174.38,102.77
14013,4547,15,0.90722,347.28,116.61,374.45,145.75
14014,4549,15,0.67553,235.48,13.4,294.25,83.03
14015,4549,15,0.02449,231.24,7.29,338.51,85.28
14016,4549,15,0.00143,235.6,11.45,269.09,80.9
14017,4550,10,0.86681,237.03,126.06,276.71,164.92
14018,4550,10,0.8165,179.62,85.84,210.93,117.3
14019,4551,2,0.88649,319.16,76.98,355.06,116.64
14020,4551,7,0.86186,390.57,67.33,419.18,94.97
14021,4557,4,0.85585,179.93,134.32,277.24,178.49
14022,4557,1,0.8331,423.35,122.55,474.27,171.14
14023,4557,13,0.44375,246.84,201.78,296.87,245.24
14024,4557,6,0.015,0.0,116.62,11.72,170.8
14025,4557,1,0.01288,246.0,201.74,298.14,248.0
14026,4557,16,0.00328,330.9,152.32,413.8,234.44
14027,4557,14,0.00282,309.11,2.49,405.42,229.01
14028,4557,7,0.00278,0.0,109.17,11.49,148.9
14029,4557,15,0.0015,0.0,110.69,11.3,150.09
14030,4557,4,0.00132,0.0,103.14,12.64,156.99
14031,4557,15,0.00114,0.0,126.04,10.99,179.57
14032,4561,2,0.91129,66.28,92.73,103.01,136.57
14033,4561,2,0.87147,194.25,75.34,235.54,106.79
14034,4561,17,0.7975,176.36,174.17,200.82,194.76
14035,4561,2,0.00263,400.08,78.34,429.99,111.81
14036,4562,2,0.86456,347.45,103.02,366.3,128.65
14037,4562,2,0.85738,364.62,47.85,380.29,70.67
14038,4562,2,0.84178,284.89,60.05,303.05,83.61
14039,4562,2,0.83264,419.32,72.15,435.07,95.56
14040,4564,14,0.79035,220.02,100.83,255.41,143.46
14041,4564,8,0.7749,217.5,120.78,266.73,196.15
14042,4564,16,0.45556,0.0,133.19,6.87,159.28
14043,4564,16,0.28427,6.45,135.23,23.11,159.31
14044,4564,16,0.23077,21.83,134.45,36.51,157.99
14045,4564,16,0.09421,35.96,134.78,51.6,156.49
14046,4564,16,0.07131,61.83,134.13,75.77,153.68
14047,4564,16,0.04604,74.94,132.99,87.57,151.93
14048,4564,8,0.02268,279.54,116.79,296.52,145.46
14049,4564,16,0.01855,49.35,133.26,62.48,153.78
14050,4564,16,0.01851,86.16,132.46,97.59,151.78
14051,4564,16,0.01803,96.22,131.83,107.16,149.74
14052,4564,16,0.0146,175.29,127.56,185.55,138.91
14053,4564,16,0.01437,105.55,132.28,116.98,149.09
14054,4564,16,0.00683,76.78,131.87,97.12,151.13
14055,4564,16,0.00672,41.45,133.24,66.51,154.77
14056,4564,16,0.00646,131.38,132.45,141.47,147.78
14057,4564,16,0.00526,81.86,131.64,105.81,149.52
14058,4564,16,0.00488,90.96,131.84,109.21,149.02
14059,4564,16,0.00465,66.83,132.44,88.54,152.88
14060,4564,14,0.00409,228.29,100.93,251.6,121.57
14061,4564,16,0.00371,0.01,129.09,4.82,176.72
14062,4564,14,0.00286,0.0,116.1,7.57,162.94
14063,4564,16,0.00269,23.31,134.12,42.7,155.95
14064,4564,14,0.00219,281.5,113.3,298.89,129.78
14065,4564,16,0.00172,104.07,127.22,128.24,148.26
14066,4564,14,0.00152,0.01,109.03,5.1,153.26
14067,4564,16,0.00138,110.55,126.23,137.13,147.73
14068,4564,16,0.00125,122.72,132.65,132.92,147.56
14069,4575,15,0.91042,407.65,145.29,443.66,180.14
14070,4576,9,0.915,153.27,66.94,199.52,111.11
14071,4576,11,0.91403,163.62,24.97,209.55,60.8
14072,4576,11,0.90894,34.34,105.84,79.4,141.64
14073,4576,9,0.89398,144.61,123.27,190.51,166.76
14074,4576,10,0.60881,234.98,84.06,278.24,125.6
14075,4576,10,0.56091,66.33,53.35,101.67,94.33
14076,4576,11,0.40789,235.04,83.84,278.27,125.61
14077,4576,9,0.18044,64.89,52.85,101.84,93.65
14078,4576,9,0.00468,416.98,121.2,469.18,142.38
14079,4589,2,0.90741,50.56,67.04,88.7,110.76
14080,4589,2,0.54942,153.28,102.02,173.69,120.93
14081,4589,17,0.38853,134.96,34.05,155.5,53.13
14082,4589,17,0.27663,153.85,102.29,173.6,120.71
14083,4589,2,0.16956,135.06,34.01,155.56,52.9
14084,4589,2,0.0053,373.34,41.92,399.33,55.32
14085,4596,14,0.69561,283.42,124.75,343.83,249.69
14086,4596,5,0.25133,84.04,193.33,196.54,226.92
14087,4596,14,0.08532,230.05,138.71,279.68,252.8
14088,4596,5,0.00266,0.0,229.91,90.75,255.91
14089,4596,5,0.00242,0.0,176.49,9.99,236.55
14090,4596,14,0.00138,248.99,128.89,347.61,252.6
14091,4597,13,0.84274,212.57,199.76,268.87,252.18
14092,4597,4,0.75829,121.18,60.41,214.45,130.16
14093,4597,1,0.69814,117.13,187.32,173.87,246.47
14094,4597,6,0.03587,405.05,111.91,437.86,142.47
14095,4597,6,0.0248,418.68,38.04,457.97,64.1
14096,4597,0,0.00803,114.51,188.19,172.24,245.94
14097,4597,6,0.00126,406.05,112.18,429.03,135.54
14098,4600,11,0.8982,286.4,133.56,307.08,149.94
14099,4600,10,0.88816,241.53,176.58,260.48,195.64
14100,4600,10,0.87394,248.95,152.8,266.22,171.64
14101,4600,17,0.862,362.48,156.81,377.91,172.92
14102,4600,11,0.85852,310.48,168.63,328.95,187.38
14103,4600,9,0.83857,320.09,200.73,341.59,219.78
14104,4600,9,0.81049,278.04,199.91,298.79,221.22
14105,4600,9,0.61431,361.28,179.11,377.89,195.67
14106,4600,17,0.24456,361.41,179.07,377.66,195.49
14107,4601,0,0.90635,355.91,0.0,403.4,38.68
14108,4601,1,0.74934,270.52,113.75,321.76,165.83
14109,4602,16,0.40721,373.96,28.49,448.25,104.98
14110,4609,7,0.47045,235.19,91.17,256.89,118.25
14111,4609,14,0.00454,386.3,6.37,506.85,247.18
14112,4609,6,0.00155,273.81,156.97,340.51,204.62
14113,4609,17,0.00126,236.01,91.07,256.79,117.12
14114,4613,5,0.0966,270.28,65.31,375.62,116.59
14115,4613,14,0.03043,0.0,96.69,5.54,161.99
14116,4613,5,0.01674,172.14,105.71,224.08,133.98
14117,4613,5,0.00707,272.55,60.01,430.77,116.33
14118,4613,14,0.007,0.0,108.94,4.97,179.85
14119,4613,14,0.00611,0.0,99.34,8.87,163.32
14120,4613,5,0.00432,140.14,106.23,238.97,142.34
14121,4613,5,0.00191,478.39,38.52,498.78,52.33
14122,4613,5,0.00152,445.25,48.07,483.86,66.42
14123,4613,5,0.00141,366.21,58.3,401.1,91.74
14124,4613,5,0.00112,477.73,38.33,498.89,61.94
14125,4614,8,0.87695,387.01,143.62,449.05,189.34
14126,4614,8,0.83364,340.44,142.56,371.67,179.23
14127,4614,8,0.83355,288.06,139.56,316.8,173.98
14128,4614,8,0.79699,308.86,143.3,350.65,177.73
14129,4614,8,0.78407,363.27,147.49,395.33,185.11
14130,4614,14,0.76247,57.18,107.27,82.9,145.18
14131,4614,14,0.62014,122.72,106.57,155.73,155.55
14132,4614,8,0.55831,473.85,138.04,488.0,172.09
14133,4614,14,0.16862,126.88,107.38,152.03,141.06
14134,4614,8,0.05525,480.04,138.57,488.0,174.3
14135,4614,8,0.04671,123.12,126.76,156.96,154.89
14136,4614,8,0.02785,475.38,132.91,488.0,190.68
14137,4614,8,0.02337,465.88,135.78,488.0,170.62
14138,4614,8,0.01737,459.24,133.33,487.83,186.37
14139,4614,14,0.01516,475.21,137.75,488.0,193.0
14140,4614,14,0.01057,124.74,126.6,156.22,156.68
14141,4614,14,0.00801,0.0,125.05,4.34,141.97
14142,4614,14,0.0042,0.0,116.07,4.09,143.18
14143,4614,8,0.00385,413.89,143.23,449.07,190.12
14144,4614,14,0.00344,463.32,137.5,488.0,185.75
14145,4614,14,0.00282,0.0,124.24,5.23,149.41
14146,4614,8,0.00274,476.78,127.1,488.0,167.25
14147,4614,8,0.00239,481.88,136.1,488.0,200.09
14148,4614,5,0.00172,109.89,151.32,187.1,192.54
14149,4614,8,0.00169,333.54,142.18,352.21,172.15
14150,4614,8,0.00166,108.19,149.43,191.51,192.52
14151,4614,16,0.00158,0.0,142.42,3.72,162.54
14152,4614,14,0.00155,43.47,123.8,66.67,144.22
14153,4614,14,0.00137,251.22,119.87,285.6,172.47
14154,4614,14,0.00123,310.37,125.75,354.23,174.65
14155,4614,8,0.00115,49.25,105.97,102.19,159.07
14156,4615,10,0.86521,427.75,40.3,441.53,52.03
14157,4615,9,0.85787,359.19,72.52,376.65,85.43
14158,4615,10,0.85264,341.2,51.51,356.1,64.04
14159,4615,11,0.85082,413.83,87.06,426.35,100.02
14160,4615,17,0.8232,370.98,51.92,382.88,63.29
14161,4615,9,0.58038,397.21,53.44,408.93,64.93
14162,4615,9,0.44246,403.33,69.82,416.36,82.48
14163,4615,17,0.29085,397.19,53.31,408.87,64.94
14164,4615,17,0.19628,403.35,69.79,416.11,82.56
14165,4615,17,0.00266,359.42,72.73,376.54,85.74
14166,4616,15,0.88172,269.66,96.54,291.12,122.13
14167,4616,15,0.87091,202.71,99.08,224.29,122.74
14168,4620,7,0.8769,44.43,106.05,73.04,126.56
14169,4620,7,0.83676,100.45,26.55,126.05,47.13
14170,4622,15,0.89545,98.92,142.79,118.77,162.16
14171,4622,15,0.87229,60.33,148.76,81.56,167.17
14172,4622,15,0.00884,168.16,135.08,183.47,148.42
14173,4625,14,0.81496,237.03,43.85,350.12,193.69
14174,4625,14,0.69826,137.22,16.9,231.8,216.91
14175,4625,6,0.63439,464.14,64.56,499.14,84.15
14176,4625,6,0.01483,473.5,66.98,503.0,93.83
14177,4625,6,0.00213,492.18,67.91,503.0,101.58
14178,4626,10,0.88365,142.55,113.15,162.33,129.28
14179,4626,11,0.88087,126.48,170.52,148.14,188.5
14180,4626,10,0.87335,154.22,137.54,170.64,155.4
14181,4626,11,0.86435,84.16,133.1,104.0,150.86
14182,4626,17,0.84612,36.21,136.95,51.89,152.75
14183,4626,9,0.83802,97.17,98.08,117.05,114.88
14184,4626,17,0.82201,42.17,161.17,58.43,177.0
14185,4626,9,0.67885,61.57,107.07,80.86,123.58
14186,4626,17,0.00142,61.47,107.18,80.96,123.39
14187,4627,17,0.8734,247.74,76.3,262.04,90.03
14188,4627,9,0.83833,398.77,53.65,417.25,67.84
14189,4627,9,0.76098,322.09,45.41,340.19,57.65
14190,4627,17,0.00152,320.29,90.1,335.88,101.68
14191,4627,6,0.00105,457.47,133.39,482.55,149.62
14192,4629,12,0.85347,197.87,137.31,243.78,176.76
14193,4629,13,0.82315,149.45,49.94,191.02,91.86
14194,4629,12,0.80904,302.21,107.38,343.52,149.06
14195,4629,6,0.00106,91.32,119.11,121.39,152.09
14196,4631,16,0.93792,131.57,73.75,213.93,166.06
14197,4631,15,0.0018,489.18,30.22,493.0,51.76
14198,4631,6,0.00168,166.56,32.62,195.24,44.27
14199,4631,15,0.00147,489.45,22.98,493.0,42.19
14200,4631,7,0.00124,489.21,28.04,493.0,43.03
14201,4632,15,0.90936,112.31,168.76,142.59,203.86
14202,4632,15,0.90195,282.38,147.97,310.86,178.74
14203,4632,15,0.00255,306.0,139.71,317.49,149.48
14204,4638,15,0.90776,330.12,36.0,348.47,52.68
14205,4638,15,0.90399,374.66,29.03,394.9,47.02
14206,4638,15,0.03357,485.48,17.0,493.0,33.47
14207,4638,0,0.01749,485.63,16.96,493.0,33.12
14208,4642,15,0.81987,379.61,99.01,400.18,121.72
14209,4642,2,0.79486,298.67,64.44,314.24,81.67
14210,4643,2,0.87681,207.39,64.17,243.07,109.76
14211,4643,17,0.86117,235.26,18.49,254.43,37.53
14212,4643,17,0.83633,341.35,90.81,359.91,110.09
14213,4643,2,0.00537,477.61,14.09,485.0,48.19
14214,4643,2,0.00413,212.34,63.75,296.7,111.49
14215,4643,2,0.00119,476.1,4.46,485.0,59.58
14216,4647,15,0.9212,392.09,14.42,427.76,52.79
14217,4647,15,0.9137,306.68,8.34,341.11,40.69
14218,4647,7,0.00452,0.0,107.62,78.04,208.14
14219,4650,15,0.81521,257.21,58.88,325.74,128.65
14220,4650,15,0.0027,257.31,62.86,292.06,126.87
14221,4654,15,0.87048,286.48,68.59,312.07,95.36
14222,4654,15,0.86992,204.39,44.53,232.65,72.59
14223,4654,15,0.81627,278.88,26.84,300.16,47.5
14224,4657,2,0.87046,397.48,25.8,415.58,47.83
14225,4657,2,0.85083,379.18,51.55,396.52,74.2
14226,4657,2,0.19062,278.98,155.97,299.52,178.56
14227,4657,2,0.08382,278.73,159.93,293.14,178.72
14228,4657,2,0.0067,285.86,156.06,301.51,176.78
14229,4658,7,0.91964,238.31,86.18,292.22,135.59
14230,4658,7,0.91841,207.82,168.94,280.78,226.92
14231,4658,15,0.00134,308.99,114.69,400.22,234.61
14232,4659,10,0.86987,174.77,164.46,188.69,178.7
14233,4659,10,0.86333,253.01,196.43,268.62,210.24
14234,4659,9,0.86,179.39,204.57,195.16,217.9
14235,4659,17,0.83785,193.51,177.49,206.38,190.18
14236,4659,11,0.83296,146.26,218.45,162.17,231.74
14237,4659,9,0.7159,145.18,186.06,161.92,198.76
14238,4659,17,0.65588,215.83,192.58,228.32,205.01
14239,4659,17,0.01908,145.19,186.01,161.96,198.74
14240,4659,9,0.00295,216.13,192.86,228.47,204.94
14241,4662,15,0.90233,32.71,85.03,51.77,102.06
14242,4662,15,0.89466,79.88,82.24,100.33,100.29
14243,4663,7,0.92254,390.39,28.89,450.48,63.81
14244,4663,7,0.9184,213.77,198.82,264.07,230.2
14245,4663,2,0.24342,0.0,105.02,6.39,154.88
14246,4663,17,0.02766,0.01,127.73,4.62,153.22
14247,4663,17,0.01564,0.0,114.0,5.27,153.74
14248,4663,7,0.00601,369.4,43.74,480.74,107.14
14249,4664,15,0.92409,338.65,165.09,373.37,197.41
14250,4664,15,0.90775,425.08,173.37,461.58,212.86
14251,4664,17,0.02586,371.82,53.01,385.67,66.67
14252,4664,17,0.00247,417.69,21.32,432.68,34.3
14253,4665,15,0.9089,104.99,172.6,125.31,190.48
14254,4665,15,0.89544,58.99,175.09,77.54,191.82
14255,4666,7,0.88378,356.6,167.98,385.1,199.38
14256,4666,2,0.86054,320.98,115.75,361.4,142.32
14257,4667,15,0.91778,127.92,139.21,165.48,178.31
14258,4667,15,0.91179,44.32,122.08,79.78,155.48
14259,4669,10,0.86929,60.47,57.31,77.28,71.39
14260,4669,17,0.84709,104.0,99.24,117.64,113.09
14261,4669,10,0.84624,36.3,67.85,50.81,83.24
14262,4669,11,0.83939,102.03,56.29,119.36,69.58
14263,4669,17,0.83694,126.14,87.62,139.88,101.12
14264,4669,11,0.82469,81.25,80.89,96.69,96.06
14265,4669,17,0.81176,57.64,100.42,74.57,115.28
14266,4669,17,0.71165,33.95,88.43,49.94,105.49
14267,4669,9,0.05538,104.05,99.16,117.71,113.06
14268,4672,3,0.90432,349.61,165.16,398.65,230.18
14269,4672,3,0.90211,333.49,11.92,371.78,88.86
14270,4672,13,0.88705,264.17,115.61,297.95,149.84
14271,4672,3,0.8694,356.77,107.18,417.91,159.97
14272,4672,1,0.83204,285.43,53.83,319.77,90.36
14273,4672,7,0.013,42.92,156.15,66.71,174.39
14274,4674,7,0.89739,41.84,157.08,84.77,196.66
14275,4674,7,0.78439,77.82,74.47,115.34,105.7
14276,4675,13,0.85674,326.7,134.93,376.61,182.44
14277,4675,12,0.84973,245.64,102.39,288.79,143.59
14278,4677,7,0.85767,330.4,96.3,366.42,123.48
14279,4677,7,0.83137,152.74,106.25,184.9,134.53
14280,4678,8,0.85999,240.09,106.86,267.3,146.14
14281,4678,8,0.84282,300.51,105.15,325.33,145.04
14282,4678,16,0.8335,18.01,127.89,32.35,149.98
14283,4678,16,0.79113,1.78,128.44,18.88,151.1
14284,4678,16,0.78687,32.17,127.97,47.02,148.96
14285,4678,16,0.77974,57.94,126.77,71.72,146.14
14286,4678,5,0.71567,273.4,110.53,294.1,128.6
14287,4678,16,0.70094,45.67,126.83,57.85,146.48
14288,4678,16,0.67504,71.52,126.05,83.01,144.57
14289,4678,16,0.64797,111.71,124.3,119.91,140.59
14290,4678,16,0.62993,82.59,125.55,93.2,143.81
14291,4678,16,0.61857,101.72,124.79,112.29,141.6
14292,4678,16,0.60814,127.2,123.88,136.61,139.35
14293,4678,16,0.60519,171.14,119.68,180.32,129.15
14294,4678,16,0.58804,134.08,117.72,143.32,127.1
14295,4678,16,0.58396,92.15,124.28,101.95,142.84
14296,4678,16,0.56036,119.12,124.54,127.91,139.85
14297,4678,16,0.23341,0.02,131.59,2.84,149.95
14298,4678,16,0.08579,133.81,119.62,141.46,126.71
14299,4678,16,0.03721,181.81,111.37,190.63,124.36
14300,4678,16,0.01796,0.01,135.74,3.27,154.12
14301,4678,14,0.01331,156.04,95.64,166.59,121.44
14302,4678,16,0.00712,133.9,126.4,142.55,139.59
14303,4678,16,0.00614,172.28,118.64,182.03,127.42
14304,4678,14,0.00555,239.82,106.76,248.14,122.02
14305,4678,16,0.0048,202.51,135.16,208.99,141.99
14306,4678,16,0.00443,0.02,120.89,3.12,137.98
14307,4678,14,0.00304,243.28,101.86,264.57,120.9
14308,4678,16,0.00275,134.42,123.58,143.01,129.74
14309,4678,16,0.00225,138.52,120.02,148.57,127.83
14310,4678,16,0.00213,126.74,126.7,134.62,141.2
14311,4678,16,0.0021,0.03,135.99,3.4,170.96
14312,4678,8,0.0018,182.28,110.65,192.64,129.84
14313,4678,16,0.0018,133.13,124.59,146.31,139.8
14314,4678,16,0.00157,139.34,129.37,147.18,139.95
14315,4678,8,0.00125,242.38,103.46,264.97,121.12
14316,4678,16,0.00121,179.81,112.73,188.43,122.79
14317,4678,14,0.00108,182.69,110.32,191.7,126.09
14318,4679,2,0.89266,253.12,161.62,273.32,189.31
14319,4679,2,0.86364,363.98,163.33,386.13,191.02
14320,4679,2,0.86053,234.73,121.71,253.1,145.83
14321,4679,2,0.84964,341.35,107.51,359.59,131.84
14322,4680,10,0.87377,91.53,32.1,106.41,44.46
14323,4680,10,0.86319,177.7,21.0,191.75,33.03
14324,4680,11,0.85499,163.58,67.18,176.39,80.08
14325,4680,17,0.85457,121.78,32.38,133.7,43.92
14326,4680,9,0.8499,109.89,53.14,127.16,65.88
14327,4680,9,0.7456,148.1,34.18,159.8,45.64
14328,4680,17,0.69612,153.68,50.29,166.33,62.97
14329,4680,17,0.11063,148.26,34.27,159.78,45.58
14330,4680,17,0.00332,109.79,53.03,127.03,65.92
14331,4682,14,0.85152,38.47,125.39,71.04,209.42
14332,4682,5,0.82094,206.16,135.71,327.98,190.82
14333,4682,14,0.70842,327.34,96.3,400.25,239.88
14334,4682,5,0.68544,379.46,136.17,497.22,194.68
14335,4682,5,0.08898,119.97,149.32,178.58,181.94
14336,4682,5,0.01173,336.41,121.52,425.33,150.84
14337,4682,5,0.00963,326.24,132.38,495.99,219.45
14338,4682,5,0.00326,480.35,148.97,500.0,196.72
14339,4682,8,0.00277,120.17,146.63,178.9,180.95
14340,4682,5,0.00211,328.32,120.73,423.23,239.0
14341,4682,5,0.00191,330.73,119.83,427.4,170.57
14342,4682,8,0.00189,30.9,131.56,88.68,206.69
14343,4682,5,0.00176,363.93,124.66,422.75,171.69
14344,4682,5,0.00157,486.09,151.16,500.0,205.62
14345,4687,17,0.84793,433.29,81.89,448.47,97.36
14346,4687,9,0.73383,362.05,126.88,384.88,143.57
14347,4687,11,0.51629,262.35,114.68,281.99,133.51
14348,4687,9,0.50667,262.1,114.66,282.22,133.59
14349,4687,10,0.02129,496.97,80.47,500.0,96.87
14350,4687,11,0.00105,340.33,88.78,356.79,100.63
14351,4692,4,0.88423,278.24,126.05,324.72,164.87
14352,4692,1,0.53469,161.26,94.24,190.86,118.62
14353,4692,0,0.52358,161.05,94.39,190.96,119.33
14354,4692,13,0.46985,277.39,54.11,305.41,75.45
14355,4692,12,0.16339,277.08,54.3,305.66,75.44
14356,4692,3,0.11832,149.82,130.42,207.15,172.15
14357,4697,5,0.89413,250.04,144.78,293.91,175.86
14358,4697,5,0.79459,121.96,143.38,160.24,170.71
14359,4697,5,0.70841,301.11,149.12,319.95,163.61
14360,4697,5,0.21225,159.09,147.1,199.44,169.47
14361,4697,8,0.19139,481.84,141.1,499.0,171.92
14362,4697,14,0.17999,325.1,149.23,336.19,165.42
14363,4697,5,0.12038,15.23,138.48,97.98,168.51
14364,4697,5,0.11718,58.82,139.34,97.64,163.28
14365,4697,14,0.09829,200.72,145.48,215.54,160.21
14366,4697,5,0.06305,236.7,151.15,254.5,166.16
14367,4697,5,0.04799,229.97,149.9,252.78,166.53
14368,4697,5,0.04319,68.25,139.83,100.46,157.18
14369,4697,5,0.02156,480.2,146.36,498.94,172.86
14370,4697,5,0.01808,93.98,139.51,123.83,157.76
14371,4697,8,0.01664,380.86,150.13,388.45,158.44
14372,4697,5,0.01332,223.0,146.97,250.72,166.13
14373,4697,5,0.01032,201.33,148.68,227.41,166.8
14374,4697,5,0.0101,234.62,151.0,248.46,166.34
14375,4697,14,0.00677,323.0,146.94,331.04,163.73
14376,4697,5,0.00579,315.29,144.74,325.35,160.71
14377,4697,8,0.00547,323.63,154.86,337.11,170.75
14378,4697,8,0.00469,161.07,148.29,196.54,163.56
14379,4697,14,0.00423,381.39,145.09,387.24,154.67
14380,4697,14,0.00382,162.48,148.38,185.19,160.85
14381,4697,5,0.00374,341.5,178.86,465.08,241.0
14382,4697,14,0.00333,189.76,140.95,210.35,156.39
14383,4697,14,0.0033,495.19,85.72,499.0,155.26
14384,4697,5,0.00311,405.64,144.24,425.79,160.07
14385,4697,8,0.00297,321.9,161.91,337.04,174.63
14386,4697,5,0.0024,0.0,121.4,37.08,167.2
14387,4697,8,0.00237,485.4,149.34,498.91,172.23
14388,4697,14,0.00226,162.64,147.79,195.01,163.75
14389,4697,5,0.00201,209.39,149.9,228.05,163.95
14390,4697,8,0.00164,477.62,103.14,499.0,173.35
14391,4697,8,0.00161,221.21,153.06,232.37,168.64
14392,4697,8,0.00151,380.3,150.06,391.82,165.03
14393,4697,5,0.00147,76.04,139.38,116.02,158.49
14394,4697,14,0.00143,97.59,142.54,121.44,160.4
14395,4697,14,0.00141,202.14,141.27,213.48,157.17
14396,4697,8,0.0014,488.29,123.16,499.0,199.04
14397,4697,5,0.00121,205.63,151.29,228.29,170.96
14398,4697,8,0.00115,324.5,150.72,336.88,167.05
14399,4697,14,0.00107,493.38,142.11,499.0,167.59
14400,4698,10,0.20413,145.07,106.39,172.85,141.88
14401,4698,10,0.14087,248.47,109.48,281.63,135.76
14402,4698,10,0.07785,186.33,33.03,214.87,59.26
14403,4698,2,0.03651,248.38,109.14,281.26,135.99
14404,4698,11,0.02225,248.38,109.26,281.37,135.96
14405,4698,11,0.0138,186.29,33.27,214.88,59.07
14406,4698,2,0.00606,186.21,33.11,214.84,59.03
14407,4698,14,0.00253,391.01,9.87,500.0,197.18
14408,4701,3,0.92304,190.93,118.7,238.87,183.7
14409,4701,3,0.86876,166.67,40.19,215.29,74.45
14410,4701,1,0.85861,256.82,103.22,296.48,144.27
14411,4701,13,0.85831,274.2,65.57,310.5,102.03
14412,4701,3,0.85418,140.25,74.49,209.37,112.63
14413,4704,8,0.89444,360.96,5.11,495.75,118.71
14414,4704,8,0.03969,488.61,43.74,496.0,105.26
14415,4704,8,0.02805,446.79,4.87,496.0,106.32
14416,4704,8,0.00868,486.46,26.74,495.98,102.16
14417,4704,8,0.00486,490.07,59.6,496.0,104.38
14418,4704,14,0.00357,296.25,0.69,312.16,30.61
14419,4704,8,0.0035,471.76,41.96,495.79,98.74
14420,4704,8,0.00205,467.49,29.78,496.0,119.85
14421,4704,5,0.00188,67.53,63.16,145.11,106.56
14422,4704,8,0.00174,359.1,34.02,405.04,102.13
14423,4705,8,0.84312,394.78,162.76,413.59,177.84
14424,4705,5,0.79075,284.87,158.53,346.44,177.82
14425,4705,14,0.70007,397.96,153.55,410.24,169.12
14426,4705,8,0.53204,432.87,161.34,453.88,175.96
14427,4705,14,0.24988,375.56,158.65,389.31,171.71
14428,4705,14,0.18901,438.46,147.38,451.75,169.82
14429,4705,14,0.10301,437.2,155.47,448.72,171.63
14430,4705,14,0.09719,380.34,153.34,388.46,168.85
14431,4705,8,0.07273,374.8,159.37,389.88,175.05
14432,4705,8,0.03924,322.17,160.61,350.81,177.33
14433,4705,14,0.03402,434.91,158.46,448.12,173.63
14434,4705,5,0.03251,34.97,113.47,70.32,132.8
14435,4705,8,0.03223,331.37,161.97,350.49,176.48
14436,4705,5,0.0149,189.98,118.66,250.61,153.21
14437,4705,14,0.0111,0.01,113.75,3.47,134.19
14438,4705,5,0.00755,306.55,54.13,347.75,72.4
14439,4705,14,0.00716,0.0,103.11,4.19,133.57
14440,4705,8,0.00601,387.43,163.83,409.6,177.98
14441,4705,5,0.006,146.98,87.95,163.91,100.8
14442,4705,5,0.00581,333.48,75.96,367.62,94.76
14443,4705,5,0.00515,307.72,59.05,348.42,78.33
14444,4705,5,0.00498,79.95,122.48,96.37,134.14
14445,4705,14,0.00463,0.02,100.63,7.89,133.43
14446,4705,14,0.00452,381.25,151.76,388.58,164.72
14447,4705,8,0.00423,336.84,164.04,350.65,176.83
14448,4705,14,0.00342,481.84,154.7,489.0,189.14
14449,4705,14,0.00335,335.49,160.42,349.56,174.28
14450,4705,5,0.00327,252.91,58.34,290.12,71.44
14451,4705,5,0.00298,308.45,64.07,344.07,80.07
14452,4705,5,0.0028,129.56,116.42,147.85,126.79
14453,4705,14,0.00269,483.55,152.72,489.0,176.61
14454,4705,5,0.00266,138.86,85.11,164.36,101.36
14455,4705,5,0.00258,357.37,89.76,385.77,103.99
14456,4705,5,0.00247,466.43,138.42,489.0,166.72
14457,4705,5,0.0024,463.39,83.49,488.88,96.46
14458,4705,5,0.00237,307.37,37.97,348.6,79.96
14459,4705,5,0.00212,280.75,161.26,309.84,175.23
14460,4705,5,0.00204,308.56,54.1,345.03,66.44
14461,4705,5,0.00193,39.21,116.83,91.29,132.66
14462,4705,8,0.00175,338.13,160.71,349.76,172.9
14463,4705,5,0.00175,162.04,85.54,196.46,100.21
14464,4705,5,0.00171,34.11,109.07,87.63,131.35
14465,4705,5,0.0017,402.49,106.85,452.99,122.54
14466,4705,5,0.00163,463.58,142.17,489.0,157.92
14467,4705,14,0.00162,479.56,151.73,489.0,174.49
14468,4705,5,0.00147,245.02,52.89,298.05,76.73
14469,4705,5,0.00147,395.2,106.52,432.36,123.77
14470,4705,14,0.00141,326.51,158.54,349.7,175.38
14471,4705,5,0.00139,313.88,44.49,346.76,57.68
14472,4705,5,0.00138,454.39,120.94,488.89,134.18
14473,4705,5,0.00138,479.65,71.42,489.0,83.82
14474,4705,5,0.00128,415.58,48.43,461.71,63.9
14475,4705,5,0.00121,268.19,154.81,282.83,164.9
14476,4705,5,0.00117,249.84,66.08,302.67,80.93
14477,4705,5,0.00116,123.11,84.52,161.73,103.19
14478,4705,5,0.00115,249.82,59.11,312.52,78.49
14479,4705,5,0.00109,80.86,127.33,96.58,136.1
14480,4705,5,0.00108,125.35,112.44,148.28,126.33
14481,4705,5,0.00107,466.3,48.05,489.0,70.92
14482,4705,5,0.00103,172.63,65.4,216.69,83.5
14483,4705,5,0.00101,100.1,124.46,159.33,154.0
14484,4706,2,0.85964,355.94,150.94,375.89,179.91
14485,4711,5,0.92549,93.64,11.19,291.03,109.0
14486,4711,5,0.86403,284.1,11.71,390.02,89.5
14487,4711,5,0.86088,0.46,11.65,101.62,87.63
14488,4711,5,0.07343,216.45,3.61,388.85,90.44
14489,4711,14,0.00292,0.01,21.33,5.24,90.54
14490,4711,5,0.00234,0.0,34.04,4.33,87.53
14491,4711,8,0.0015,292.66,0.21,331.7,8.07
14492,4714,11,0.91847,131.61,73.7,153.84,91.97
14493,4714,10,0.88056,146.96,16.43,166.94,32.96
14494,4714,9,0.87081,100.35,1.23,121.7,18.47
14495,4714,11,0.86447,88.91,36.42,108.39,54.62
14496,4714,10,0.86067,158.53,40.97,175.95,59.19
14497,4714,17,0.85854,40.66,39.85,56.75,56.27
14498,4714,17,0.77909,47.11,63.94,63.48,80.49
14499,4714,9,0.25879,65.36,9.85,85.16,26.87
14500,4714,17,0.18167,65.37,9.65,85.11,26.77
14501,4714,9,0.00605,46.88,63.72,63.61,80.2
14502,4714,10,0.00144,65.52,9.85,85.17,26.97
14503,4716,15,0.89134,340.48,132.81,362.36,159.94
14504,4716,15,0.88755,426.88,122.92,451.32,152.82
14505,4717,2,0.83723,212.18,33.03,232.73,62.96
14506,4717,2,0.00328,171.5,53.92,186.8,69.82
14507,4718,15,0.86823,92.43,6.92,109.11,21.79
14508,4718,15,0.83951,64.6,9.71,84.13,26.04
14509,4719,17,0.86112,51.31,39.42,71.05,57.96
14510,4719,9,0.85467,167.58,39.05,192.28,58.15
14511,4719,10,0.81393,237.17,107.44,264.27,128.64
14512,4719,9,0.3904,237.23,107.29,264.26,128.93
14513,4719,9,0.07181,115.03,107.84,138.03,127.1
14514,4723,15,0.90373,193.46,12.93,214.46,31.73
14515,4723,15,0.90161,241.21,15.18,262.87,38.11
14516,4724,7,0.84333,371.42,37.2,389.04,54.58
14517,4724,7,0.08965,266.68,47.3,283.69,62.72
14518,4724,17,0.01375,341.51,109.46,354.04,125.7
14519,4727,5,0.8552,323.62,161.71,462.64,217.03
14520,4727,5,0.78459,174.05,163.53,302.06,213.87
14521,4727,14,0.72189,142.97,118.67,186.28,242.64
14522,4727,5,0.04433,459.49,136.63,499.98,215.79
14523,4727,7,0.00167,476.98,56.66,500.0,87.68
14524,4735,15,0.88606,322.38,117.01,344.02,140.82
14525,4735,15,0.86716,389.17,113.79,411.56,141.0
14526,4736,15,0.92425,127.77,165.38,175.95,221.69
14527,4736,15,0.90584,316.65,155.09,355.68,197.36
14528,4738,2,0.81145,127.59,149.53,145.81,169.07
14529,4738,2,0.6686,171.36,171.34,192.53,193.24
14530,4738,9,0.14791,228.86,197.7,249.66,218.02
14531,4738,9,0.13722,172.65,171.37,191.66,190.93
14532,4738,6,0.00319,356.8,65.52,413.33,155.94
14533,4738,9,0.00165,127.61,149.41,145.94,168.47
14534,4743,15,0.91134,277.05,93.13,313.18,132.28
14535,4743,15,0.91065,194.87,77.81,228.95,110.65
14536,4748,15,0.91078,235.07,181.31,275.61,227.86
14537,4748,15,0.90717,384.77,140.82,422.14,183.7
14538,4749,7,0.9124,275.84,84.07,341.93,136.14
14539,4749,7,0.91046,329.49,25.92,398.64,76.33
14540,4749,3,0.05356,113.41,71.92,183.93,179.73
14541,4749,7,0.0104,211.93,79.45,303.79,188.84
14542,4750,14,0.85162,240.47,43.29,275.09,96.85
14543,4750,14,0.78015,40.46,22.81,84.8,121.77
14544,4750,14,0.65318,313.2,71.42,341.79,109.97
14545,4750,14,0.40508,470.81,78.66,484.31,107.17
14546,4750,14,0.38099,160.65,56.93,185.04,101.59
14547,4750,14,0.23356,476.42,22.91,494.0,74.14
14548,4750,14,0.22296,202.41,54.42,225.9,96.11
14549,4750,14,0.15297,459.34,79.17,483.93,107.52
14550,4750,14,0.05333,477.98,21.79,494.0,106.64
14551,4750,14,0.02138,484.73,22.74,494.0,106.36
14552,4750,8,0.01271,468.44,104.86,493.95,151.64
14553,4750,14,0.01122,487.51,63.26,494.0,105.94
14554,4750,14,0.00746,71.74,60.21,93.28,88.01
14555,4750,14,0.00632,153.61,50.36,165.05,71.89
14556,4750,14,0.00465,490.34,71.23,494.0,128.55
14557,4750,14,0.0034,485.97,73.05,494.0,123.32
14558,4750,14,0.00306,490.19,69.04,494.0,107.1
14559,4750,14,0.00285,452.24,81.06,481.0,112.87
14560,4750,8,0.00282,374.86,102.55,441.94,150.4
14561,4750,8,0.00252,234.83,93.65,427.97,171.7
14562,4750,14,0.00204,163.92,55.77,188.64,92.01
14563,4750,8,0.00144,473.09,94.1,494.0,173.74
14564,4750,8,0.00142,452.27,105.56,493.69,151.08
14565,4750,14,0.00135,373.62,81.91,388.04,107.3
14566,4750,14,0.00132,472.95,60.79,491.39,104.2
14567,4750,14,0.00121,452.99,78.82,481.79,100.91
14568,4750,14,0.00113,473.38,78.85,491.2,109.59
14569,4750,14,0.00113,468.06,80.32,481.3,110.89
14570,4753,3,0.89062,164.53,129.26,215.97,195.19
14571,4753,3,0.88864,272.64,33.51,336.57,96.62
14572,4753,3,0.86891,219.84,115.87,288.66,157.28
14573,4753,13,0.85188,174.06,35.76,208.92,70.31
14574,4753,1,0.85107,238.23,19.27,272.62,53.56
14575,4754,0,0.89309,243.03,22.78,267.39,46.87
14576,4754,1,0.88305,328.02,49.23,352.64,74.37
14577,4754,4,0.87131,358.16,9.55,408.07,26.97
14578,4754,3,0.81777,284.93,0.0,319.54,12.16
14579,4756,10,0.88078,92.28,124.78,107.42,137.18
14580,4756,10,0.85859,177.93,113.4,192.46,125.45
14581,4756,17,0.85049,122.51,125.12,134.45,136.6
14582,4756,11,0.84545,164.19,159.85,176.66,172.67
14583,4756,17,0.82118,154.62,142.85,167.02,155.47
14584,4756,9,0.80169,110.45,145.68,127.59,158.63
14585,4756,9,0.59917,148.99,126.58,160.48,137.87
14586,4756,17,0.46036,149.24,126.71,160.49,137.92
14587,4756,17,0.02091,110.53,145.75,127.67,158.69
14588,4757,14,0.89189,326.18,132.26,356.95,225.19
14589,4757,14,0.79474,396.58,134.08,436.13,235.94
14590,4757,14,0.77335,198.21,117.82,252.66,222.81
14591,4757,14,0.5942,165.18,126.21,215.97,216.14
14592,4757,5,0.07532,399.8,182.4,478.86,223.7
14593,4757,5,0.03272,174.95,115.47,208.56,137.19
14594,4757,5,0.02622,81.83,160.38,159.75,197.9
14595,4757,14,0.01176,0.0,119.1,5.24,190.34
14596,4757,5,0.0112,0.0,141.33,7.22,193.73
14597,4757,5,0.00842,6.56,156.9,160.95,195.27
14598,4757,8,0.00694,0.04,108.49,7.46,209.84
14599,4757,5,0.00604,0.01,159.45,5.21,193.3
14600,4757,5,0.00455,122.02,129.95,159.45,141.74
14601,4757,14,0.00443,0.0,136.29,6.43,239.05
14602,4757,5,0.00413,38.8,98.58,72.98,114.31
14603,4757,14,0.00375,177.88,127.95,213.49,204.06
14604,4757,14,0.00288,166.89,139.05,189.73,212.52
14605,4757,5,0.00249,171.66,118.28,255.63,217.91
14606,4757,14,0.00205,0.0,117.88,8.58,191.47
14607,4757,5,0.00188,37.29,96.67,73.72,107.13
14608,4757,5,0.0016,44.31,87.82,74.49,102.26
14609,4757,5,0.00143,129.47,78.9,149.01,96.64
14610,4757,14,0.00107,0.0,156.99,5.03,220.82
14611,4762,9,0.87383,163.8,78.5,178.97,91.86
14612,4762,10,0.85247,290.19,111.98,304.51,126.61
14613,4762,17,0.84462,224.05,78.78,238.17,93.69
14614,4762,17,0.831,138.35,54.14,149.89,65.77
14615,4767,7,0.87472,99.32,17.34,123.99,37.14
14616,4767,7,0.83665,61.11,104.43,90.11,125.63
14617,4768,2,0.8624,438.75,93.36,461.19,118.99
14618,4768,2,0.85383,265.17,44.0,286.06,65.32
14619,4768,2,0.85072,292.45,99.55,313.38,120.45
14620,4768,2,0.83552,378.29,47.39,396.86,71.9
14621,4771,7,0.89801,377.54,162.73,416.71,201.34
14622,4771,7,0.88285,279.57,170.87,323.32,214.2
14623,4771,7,0.00193,464.58,66.21,506.0,112.77
14624,4772,14,0.87502,244.16,102.61,289.63,220.63
14625,4772,14,0.84649,205.65,123.37,235.32,212.86
14626,4772,5,0.84168,401.86,179.54,468.46,221.08
14627,4772,14,0.83121,123.19,128.62,157.35,203.6
14628,4772,14,0.82528,167.76,128.54,200.0,203.92
14629,4772,5,0.00747,463.92,179.5,489.55,198.25
14630,4772,5,0.00587,481.01,175.38,500.0,226.45
14631,4772,14,0.00516,0.0,123.11,6.6,195.59
14632,4772,5,0.00265,0.02,132.22,6.91,193.79
14633,4772,5,0.00229,201.56,71.81,224.37,88.33
14634,4772,14,0.00161,233.99,123.61,256.13,221.28
14635,4772,8,0.00161,0.0,121.18,8.42,195.79
14636,4772,5,0.00131,462.57,173.63,497.08,197.27
14637,4772,5,0.00121,0.0,109.63,69.54,193.65
14638,4774,8,0.13475,164.33,0.61,355.81,36.16
14639,4774,5,0.05426,241.72,0.44,353.17,27.81
14640,4774,8,0.04902,218.63,0.64,359.53,27.97
14641,4774,7,0.00309,246.85,0.35,354.97,27.04
14642,4774,8,0.00255,301.82,0.48,403.97,60.66
14643,4774,8,0.00145,223.71,0.8,362.45,45.64
14644,4774,8,0.00101,327.18,0.28,467.97,61.56
14645,4775,11,0.87304,139.67,79.36,166.37,103.79
14646,4775,11,0.86995,121.73,44.09,145.67,66.46
14647,4775,9,0.86736,79.12,67.58,106.42,91.95
14648,4775,11,0.57837,178.79,50.93,202.94,75.09
14649,4775,10,0.21489,178.71,50.99,202.99,75.42
14650,4775,7,0.19899,435.73,64.51,495.07,112.58
14651,4775,10,0.00577,79.2,67.74,106.43,92.02
14652,4784,7,0.86229,407.82,180.09,444.36,210.95
14653,4790,0,0.90469,145.41,162.3,192.1,213.42
14654,4790,0,0.90219,184.81,58.49,228.04,97.89
14655,4790,1,0.86066,377.78,82.3,424.7,130.48
14656,4791,0,0.90833,294.38,76.41,338.16,121.38
14657,4791,1,0.75575,144.18,114.5,196.54,166.69
14658,4792,2,0.86296,432.44,82.43,451.19,97.45
14659,4792,2,0.86046,392.32,66.23,409.61,79.12
14660,4792,2,0.85288,355.8,88.77,373.6,100.98
14661,4792,2,0.84863,316.97,67.73,335.05,80.75
14662,4792,2,0.00258,226.75,115.28,249.62,140.93
14663,4800,10,0.88854,69.07,98.51,87.81,116.79
14664,4800,9,0.88329,143.81,119.83,165.15,138.09
14665,4800,10,0.86977,77.17,75.92,94.41,94.34
14666,4800,11,0.86022,114.54,57.6,135.31,73.21
14667,4800,17,0.84838,103.33,119.58,123.73,139.56
14668,4800,11,0.84407,136.25,90.33,154.02,108.48
14669,4800,9,0.84317,183.93,99.58,200.05,115.43
14670,4800,17,0.84259,186.41,78.49,201.58,94.3
14671,4800,9,0.68447,103.29,119.57,123.78,139.5
14672,4800,17,0.32355,184.05,99.47,199.93,115.4
14673,4810,15,0.87481,139.99,158.95,165.99,189.05
14674,4810,15,0.85639,35.26,164.76,69.31,198.95
14675,4810,15,0.83693,66.31,133.58,87.65,156.36
14676,4812,9,0.88869,222.33,48.61,236.87,63.72
14677,4812,9,0.87637,161.96,54.87,177.93,68.18
14678,4812,10,0.85387,292.17,73.47,307.13,88.54
14679,4812,17,0.82815,133.33,33.59,145.04,45.34
14680,4812,17,0.00407,222.33,48.79,236.73,63.76
14681,4820,15,0.92588,162.13,107.2,209.44,151.63
14682,4820,15,0.01125,220.46,208.19,243.45,227.35
14683,4822,7,0.87044,230.53,162.35,264.13,190.67
14684,4822,7,0.83942,410.1,158.0,447.01,185.36
14685,4824,7,0.84819,124.69,144.01,153.5,168.33
14686,4824,7,0.82655,135.52,95.89,160.33,118.85
14687,4835,10,0.9022,261.76,151.78,284.02,169.33
14688,4835,10,0.88666,399.28,188.68,421.06,207.64
14689,4835,9,0.88541,351.42,134.72,369.5,151.31
14690,4835,9,0.87451,407.74,147.57,430.85,165.49
14691,4835,11,0.85112,374.63,107.14,390.35,121.15
14692,4835,17,0.84732,361.11,172.67,378.57,189.65
14693,4835,17,0.83879,321.38,166.64,337.92,182.94
14694,4837,2,0.89332,394.08,31.5,425.13,69.31
14695,4837,2,0.86263,283.98,67.85,325.55,97.42
14696,4837,17,0.85912,307.58,17.22,324.23,31.9
14697,4839,7,0.8372,391.8,155.19,418.04,174.13
14698,4839,2,0.69541,329.67,133.32,358.79,154.2
14699,4839,17,0.00458,489.69,140.21,494.0,168.39
14700,4839,6,0.00255,40.29,64.4,70.71,88.76
14701,4842,11,0.8801,143.9,43.3,158.98,59.69
14702,4842,11,0.82411,165.76,32.3,179.67,46.4
14703,4842,10,0.80111,108.94,46.13,123.91,62.21
14704,4842,10,0.73744,200.43,33.33,217.0,48.83
14705,4842,10,0.18656,51.3,51.66,66.9,67.7
14706,4842,10,0.13034,68.94,38.75,85.07,54.81
14707,4842,11,0.08091,51.32,51.66,66.82,67.66
14708,4842,11,0.0282,68.98,38.71,85.1,54.89
14709,4842,9,0.00647,68.85,38.76,85.11,54.78
14710,4842,9,0.00112,51.29,51.68,66.73,67.64
14711,4842,3,0.00101,217.46,20.67,352.18,80.04
14712,4847,8,0.89071,65.87,155.71,132.85,216.77
14713,4847,8,0.86534,124.2,149.83,180.46,210.04
14714,4847,8,0.84411,11.68,150.81,45.71,219.93
14715,4847,8,0.8369,174.45,156.07,213.66,204.18
14716,4847,5,0.77204,31.77,136.61,87.94,163.15
14717,4847,8,0.50576,93.01,152.99,156.1,214.76
14718,4847,8,0.04104,0.01,148.82,9.5,175.19
14719,4847,5,0.02377,145.23,135.56,198.97,160.8
14720,4847,5,0.01599,423.47,140.69,484.47,170.13
14721,4847,5,0.01019,144.53,135.59,208.18,181.03
14722,4847,8,0.00391,65.86,159.46,105.16,216.25
14723,4847,14,0.00376,124.1,145.41,131.18,157.62
14724,4847,14,0.00361,0.0,147.59,9.07,166.11
14725,4847,8,0.00298,152.72,154.99,178.48,212.21
14726,4847,14,0.00158,192.89,136.94,202.77,156.18
14727,4847,5,0.00145,146.73,135.88,186.57,153.1
14728,4847,5,0.00128,90.51,129.5,173.63,157.77
14729,4847,8,0.00127,93.71,154.82,128.97,208.55
14730,4847,8,0.00111,125.28,159.1,155.97,209.53
14731,4847,14,0.00102,0.0,128.7,9.11,169.72
14732,4848,17,0.86435,161.32,48.38,178.05,62.48
14733,4848,10,0.81883,35.2,127.69,55.58,150.82
14734,4848,9,0.49867,150.73,107.81,170.14,127.34
14735,4848,17,0.33578,150.83,107.83,170.11,126.97
14736,4848,9,0.21576,71.36,77.58,89.12,92.12
14737,4848,11,0.01161,71.44,77.76,89.11,91.72
14738,4854,14,0.769,264.3,140.18,273.35,164.86
14739,4854,14,0.75598,245.55,144.18,258.97,167.67
14740,4854,14,0.74841,128.71,141.01,147.21,173.61
14741,4854,14,0.73646,411.91,144.17,424.62,172.17
14742,4854,14,0.68652,286.32,141.85,296.58,167.44
14743,4854,14,0.666,453.77,145.55,472.73,177.91
14744,4854,14,0.57992,441.58,150.94,455.97,176.53
14745,4854,14,0.44194,434.53,140.67,449.35,159.96
14746,4854,14,0.4328,187.14,145.21,197.13,162.46
14747,4854,14,0.42825,205.22,151.68,216.21,168.22
14748,4854,14,0.38446,429.74,144.86,447.76,176.59
14749,4854,14,0.38246,216.49,147.01,225.58,162.21
14750,4854,14,0.2747,433.99,140.65,449.54,174.5
14751,4854,14,0.21542,492.74,142.83,500.0,176.36
14752,4854,14,0.14704,311.48,138.51,324.9,163.43
14753,4854,14,0.11221,424.36,142.62,435.63,168.5
14754,4854,14,0.03111,495.22,141.38,500.0,180.15
14755,4854,14,0.02005,451.1,146.89,471.17,167.32
14756,4854,14,0.0188,206.14,150.22,219.41,166.12
14757,4854,14,0.01878,205.78,144.04,215.01,159.4
14758,4854,14,0.01577,318.34,140.69,330.92,165.26
14759,4854,14,0.01561,201.24,148.04,215.54,169.21
14760,4854,14,0.01552,349.74,129.33,364.19,145.11
14761,4854,14,0.01474,493.23,128.44,500.0,159.05
14762,4854,14,0.01471,433.91,140.91,464.07,159.95
14763,4854,14,0.01448,371.7,146.4,381.41,164.72
14764,4854,14,0.00947,426.94,146.9,435.52,174.61
14765,4854,14,0.0093,495.5,127.82,500.0,155.32
14766,4854,14,0.00823,385.04,144.18,397.33,171.01
14767,4854,14,0.00812,322.88,151.33,331.61,166.7
14768,4854,14,0.00698,459.74,150.8,473.77,177.6
14769,4854,14,0.00603,490.68,139.09,500.0,182.32
14770,4854,14,0.00602,431.73,149.21,444.09,177.01
14771,4854,14,0.00527,380.47,145.69,387.58,167.39
14772,4854,14,0.00454,431.93,140.72,446.22,162.69
14773,4854,14,0.00375,186.86,144.55,201.64,168.11
14774,4854,14,0.00374,194.63,143.1,214.5,164.86
14775,4854,16,0.00354,299.48,167.89,427.23,206.67
14776,4854,16,0.00313,201.48,170.0,335.5,209.77
14777,4854,14,0.00283,495.41,118.38,500.0,143.11
14778,4854,14,0.00275,205.52,153.63,218.94,173.16
14779,4854,14,0.00261,374.84,146.14,384.49,165.43
14780,4854,14,0.0025,445.94,150.44,461.56,177.38
14781,4854,14,0.0024,493.03,113.99,500.0,144.09
14782,4854,16,0.00228,245.33,169.11,365.47,206.63
14783,4854,14,0.00223,187.65,144.4,213.54,169.69
14784,4854,14,0.00218,424.22,150.72,431.54,172.53
14785,4854,14,0.00164,378.81,145.69,385.66,163.97
14786,4854,14,0.00163,418.23,145.22,427.32,172.0
14787,4854,16,0.00163,387.76,180.58,500.0,210.19
14788,4854,14,0.00158,175.4,162.27,190.15,175.73
14789,4854,14,0.0014,426.5,142.61,435.13,160.85
14790,4854,14,0.00123,207.04,143.91,221.94,161.55
14791,4854,16,0.00121,312.15,183.91,382.33,206.14
14792,4854,14,0.0012,393.09,142.72,406.53,167.67
14793,4854,16,0.00117,349.49,183.35,408.27,205.72
14794,4854,16,0.00112,314.69,169.34,381.9,202.28
14795,4854,16,0.00109,437.66,218.78,499.97,253.75
14796,4854,14,0.00107,433.16,142.0,457.34,170.4
14797,4854,14,0.00102,320.57,142.24,336.53,166.27
14798,4861,14,0.87042,211.95,170.53,245.99,230.29
14799,4861,14,0.86176,349.55,136.63,391.42,228.92
14800,4861,14,0.85984,128.08,148.83,191.76,235.68
14801,4861,14,0.84602,258.77,160.72,285.85,229.72
14802,4861,8,0.80716,439.25,154.2,495.0,243.58
14803,4861,8,0.0015,487.5,244.76,495.0,256.0
14804,4861,14,0.00118,485.17,152.28,495.0,229.18
14805,4861,14,0.0011,482.3,129.69,495.0,207.37
14806,4862,8,0.85676,391.58,97.45,499.85,227.37
14807,4862,8,0.76817,52.92,122.91,83.02,145.14
14808,4862,14,0.73011,224.16,96.27,245.41,139.52
14809,4862,14,0.59666,141.06,105.3,166.12,140.28
14810,4862,14,0.5795,89.55,102.0,133.6,177.09
14811,4862,8,0.29955,485.23,142.95,500.0,224.54
14812,4862,8,0.17976,471.51,141.75,500.0,224.42
14813,4862,14,0.0653,87.9,93.35,110.08,122.51
14814,4862,14,0.02571,112.78,99.11,134.57,157.41
14815,4862,14,0.02544,115.87,99.32,135.96,126.78
14816,4862,14,0.02252,166.76,115.04,178.5,139.86
14817,4862,8,0.02091,86.38,118.67,138.89,180.11
14818,4862,8,0.01406,489.1,161.44,500.0,222.78
14819,4862,8,0.01085,82.02,93.79,152.59,185.31
14820,4862,14,0.01045,88.27,94.84,118.15,146.92
14821,4862,14,0.00883,147.79,111.16,167.21,139.5
14822,4862,14,0.00584,101.55,98.18,128.42,144.22
14823,4862,8,0.00563,85.05,141.31,141.87,180.69
14824,4862,8,0.0037,105.08,95.84,182.17,192.63
14825,4862,14,0.00304,118.3,100.56,137.84,142.84
14826,4862,14,0.00205,109.65,100.71,126.71,129.22
14827,4862,8,0.00184,493.69,136.8,500.0,216.84
14828,4862,14,0.0015,123.53,107.82,139.59,144.42
14829,4862,14,0.00148,156.66,115.55,167.92,138.63
14830,4862,14,0.00145,257.42,108.81,276.46,148.43
14831,4862,14,0.0014,57.97,84.88,74.59,128.29
14832,4862,8,0.0014,216.8,92.14,268.02,144.26
14833,4862,8,0.00137,132.11,95.18,191.9,194.72
14834,4862,8,0.00126,105.55,138.07,141.49,180.07
14835,4862,14,0.00106,83.1,130.91,98.27,169.53
14836,4865,15,0.86087,121.48,184.36,147.98,212.12
14837,4865,15,0.85717,113.18,142.44,135.16,164.27
14838,4865,15,0.85119,37.62,161.07,66.65,189.84
14839,4867,9,0.86284,432.21,48.65,450.49,67.26
14840,4867,10,0.85465,385.35,101.0,406.41,122.82
14841,4867,17,0.82799,370.53,7.9,385.96,22.6
14842,4867,17,0.3557,385.42,101.02,406.04,121.76
14843,4867,17,0.00277,337.28,59.11,352.72,71.81
14844,4867,6,0.00204,490.61,174.49,498.0,199.19
14845,4867,10,0.00165,144.2,133.05,168.59,151.25
14846,4871,14,0.09387,0.04,0.0,16.87,27.08
14847,4871,14,0.05846,0.01,0.0,17.78,44.21
14848,4871,14,0.01573,15.3,0.0,28.58,23.66
14849,4871,14,0.0103,232.67,0.29,247.78,15.79
14850,4871,14,0.00967,231.84,0.39,253.02,22.01
14851,4871,8,0.00509,231.26,0.35,258.43,21.71
14852,4871,17,0.00249,284.15,40.79,295.94,52.05
14853,4871,14,0.00122,2.11,0.12,30.15,23.36
14854,4883,2,0.82502,407.68,202.13,425.39,220.3
14855,4883,2,0.81903,312.57,155.05,331.78,170.64
14856,4883,2,0.80464,355.08,174.08,372.27,193.79
14857,4883,17,0.06709,408.34,202.19,425.31,220.22
14858,4883,17,0.02198,355.3,174.1,371.97,193.29
14859,4888,2,0.89014,63.71,102.81,84.55,131.19
14860,4888,2,0.87549,157.02,48.26,175.32,72.63
14861,4888,2,0.85401,176.34,104.03,198.25,131.32
14862,4888,2,0.83808,47.01,62.77,66.32,87.13
14863,4899,2,0.88072,162.64,173.68,182.77,201.85
14864,4899,2,0.86686,251.8,120.51,269.58,143.93
14865,4899,2,0.86308,273.36,175.85,294.64,203.04
14866,4899,2,0.85103,144.79,133.81,163.44,157.86
14867,4904,15,0.82839,248.65,90.98,275.29,114.83
14868,4904,15,0.80128,197.31,69.42,216.21,87.14
14869,4904,15,0.78742,251.91,56.35,271.77,75.5
14870,4904,14,0.00344,30.98,220.8,48.74,250.46
14871,4908,13,0.82794,169.44,85.4,216.5,129.65
14872,4908,12,0.82229,71.03,125.02,124.69,167.85
14873,4911,16,0.03056,342.64,0.0,434.24,107.37
14874,4911,14,0.00242,343.14,0.15,433.07,107.83
14875,4918,2,0.88603,278.23,148.26,308.7,187.32
14876,4918,17,0.85133,387.89,128.62,404.48,145.6
14877,4918,2,0.78491,293.35,87.02,325.25,112.66
14878,4918,2,0.00224,268.88,169.95,369.18,239.61
14879,4936,0,0.8829,272.84,125.91,312.88,166.85
14880,4936,0,0.79852,356.37,131.16,394.3,168.56
14881,4936,1,0.41577,296.89,75.45,332.91,111.04
14882,4936,13,0.18746,295.49,75.31,332.57,111.35
14883,4936,0,0.1106,296.41,74.9,332.53,110.94
14884,4936,10,0.00517,296.73,75.18,332.45,110.81
14885,4936,2,0.00189,296.77,75.19,332.5,110.94
14886,4936,6,0.00107,0.0,64.62,16.52,182.47
14887,4939,0,0.89753,298.01,117.51,341.93,161.89
14888,4939,1,0.85726,118.53,114.56,164.76,159.76
14889,4939,10,0.00112,120.41,115.62,164.33,159.74
14890,4950,2,0.75391,343.57,21.81,361.77,41.17
14891,4950,2,0.60761,387.59,42.55,409.36,64.38
14892,4950,9,0.54376,448.41,67.94,468.32,86.31
14893,4950,9,0.20046,389.62,42.59,408.71,63.69
14894,4953,5,0.86606,228.92,136.39,268.13,162.02
14895,4953,8,0.8132,397.2,138.59,420.53,159.81
14896,4953,5,0.8001,0.37,134.14,45.5,162.71
14897,4953,5,0.7576,72.34,137.31,110.35,163.27
14898,4953,14,0.59455,399.09,123.83,417.01,150.1
14899,4953,14,0.422,388.64,129.1,397.58,151.33
14900,4953,14,0.13779,276.6,136.13,286.84,154.48
14901,4953,14,0.12379,266.32,132.61,279.73,147.88
14902,4953,8,0.08361,434.13,136.34,445.73,154.84
14903,4953,5,0.06816,187.63,139.21,215.85,155.73
14904,4953,8,0.05557,272.42,142.74,286.61,159.73
14905,4953,8,0.03824,0.0,139.23,28.25,163.76
14906,4953,5,0.03463,187.55,141.13,201.7,156.88
14907,4953,5,0.03184,198.69,138.86,215.99,154.74
14908,4953,5,0.03034,158.78,139.82,179.6,158.87
14909,4953,8,0.02671,173.23,141.7,183.8,157.81
14910,4953,8,0.02304,271.85,139.7,284.35,154.14
14911,4953,14,0.02288,150.07,135.56,167.6,153.77
14912,4953,8,0.01132,263.87,132.99,279.53,151.36
14913,4953,5,0.01112,47.34,132.15,73.53,150.14
14914,4953,5,0.01093,178.54,140.18,200.93,156.45
14915,4953,5,0.01031,451.25,133.24,468.92,154.79
14916,4953,8,0.00906,432.91,129.4,469.72,156.34
14917,4953,14,0.00882,255.99,132.4,279.1,149.76
14918,4953,5,0.00862,170.37,137.42,199.27,155.81
14919,4953,5,0.00614,164.49,138.93,182.54,158.13
14920,4953,5,0.00519,431.31,127.42,469.49,156.42
14921,4953,5,0.00486,184.31,138.16,203.65,157.5
14922,4953,8,0.0047,160.15,139.68,182.17,159.36
14923,4953,5,0.00429,428.69,131.48,438.53,141.22
14924,4953,14,0.00392,171.68,139.12,184.28,157.33
14925,4953,14,0.00357,141.74,133.36,166.08,152.75
14926,4953,5,0.00357,298.56,161.34,408.77,234.79
14927,4953,14,0.0033,259.38,134.74,273.89,151.82
14928,4953,14,0.00279,262.67,128.88,281.83,147.16
14929,4953,14,0.00266,495.92,119.24,499.0,147.43
14930,4953,8,0.00252,263.97,138.15,275.21,152.86
14931,4953,8,0.00238,429.18,131.68,441.88,155.38
14932,4953,5,0.00222,150.31,138.85,176.57,156.27
14933,4953,5,0.0021,109.53,139.71,146.36,156.42
14934,4953,8,0.00208,174.2,139.16,189.76,158.05
14935,4953,8,0.00207,185.45,140.83,200.1,157.49
14936,4953,8,0.00194,452.87,134.72,468.6,156.36
14937,4953,5,0.00166,8.68,133.6,48.91,156.75
14938,4953,14,0.00151,0.0,110.97,5.76,142.97
14939,4953,5,0.00147,55.12,135.32,73.76,149.67
14940,4953,14,0.00145,274.85,141.88,288.76,158.36
14941,4953,14,0.00128,491.5,67.55,499.0,150.1
14942,4953,5,0.00118,169.0,138.75,191.86,158.39
14943,4953,14,0.00117,435.42,134.44,446.95,154.29
14944,4953,14,0.00112,382.68,130.12,397.12,151.11
14945,4956,8,0.83536,52.24,64.22,101.26,139.06
14946,4956,14,0.82563,55.02,33.36,97.66,72.26
14947,4956,14,0.82437,196.29,49.6,215.88,99.82
14948,4956,5,0.48532,115.67,60.52,137.35,79.07
14949,4956,14,0.00383,158.71,58.25,173.95,74.07
14950,4956,8,0.00199,43.55,64.6,84.99,124.21
14951,4956,14,0.00173,135.53,55.57,148.35,87.6
14952,4963,2,0.90137,301.66,180.24,335.38,219.19
14953,4963,7,0.85994,341.45,152.97,370.96,177.75
14954,4963,17,0.00183,492.38,166.17,497.0,188.95
14955,4964,15,0.92527,275.24,49.0,324.99,95.35
14956,4964,7,0.01591,331.03,139.86,415.12,249.0
14957,4966,14,0.87729,334.66,88.88,359.49,152.16
14958,4966,14,0.85526,403.04,98.73,420.61,126.61
14959,4966,14,0.85487,186.77,126.73,213.26,163.42
14960,4966,8,0.83332,203.57,117.0,227.58,136.34
14961,4966,14,0.82877,172.6,108.09,191.3,123.46
14962,4966,16,0.79245,9.82,117.19,38.22,156.11
14963,4966,14,0.74501,69.29,117.07,86.36,150.39
14964,4966,14,0.7297,41.28,126.79,61.01,153.52
14965,4966,5,0.61336,85.1,125.23,96.85,134.08
14966,4966,14,0.58192,39.92,122.25,70.14,135.9
14967,4966,14,0.21124,39.9,123.04,59.35,134.15
14968,4966,14,0.12892,88.59,138.82,98.9,150.0
14969,4966,14,0.05284,29.8,121.42,55.79,134.66
14970,4966,14,0.0526,46.51,122.89,69.4,140.26
14971,4966,14,0.03827,88.45,138.83,101.2,158.72
14972,4966,14,0.02821,39.08,120.35,55.63,132.63
14973,4966,16,0.0185,30.63,121.29,43.89,139.26
14974,4966,16,0.01846,30.06,122.86,41.02,146.45
14975,4966,5,0.01304,100.58,126.16,108.25,134.59
14976,4966,14,0.0128,48.94,125.1,63.66,145.91
14977,4966,16,0.01267,22.29,119.04,40.74,144.05
14978,4966,14,0.01239,88.33,138.11,106.0,153.31
14979,4966,14,0.00618,42.45,119.94,64.36,134.02
14980,4966,14,0.0054,87.88,138.26,108.22,162.42
14981,4966,14,0.00443,57.66,124.33,69.56,141.99
14982,4966,14,0.00441,53.68,116.37,71.39,132.92
14983,4966,14,0.00396,34.29,116.62,57.14,132.11
14984,4966,14,0.00363,162.51,106.13,170.91,125.52
14985,4966,14,0.00276,0.02,113.74,10.33,156.31
14986,4966,14,0.00274,437.6,67.86,452.37,125.81
14987,4966,14,0.00233,165.11,108.38,172.5,125.12
14988,4966,14,0.00216,36.55,124.97,53.39,141.13
14989,4966,16,0.00197,17.91,118.47,43.09,137.08
14990,4966,5,0.00197,0.0,145.58,7.7,160.02
14991,4966,14,0.00196,193.53,120.06,219.3,138.23
14992,4966,14,0.00177,57.84,111.72,73.59,128.7
14993,4966,14,0.00154,42.25,117.26,54.89,131.19
14994,4966,14,0.00154,203.26,111.1,210.75,120.52
14995,4966,14,0.00153,184.02,107.55,195.37,123.18
14996,4966,5,0.00149,0.01,145.96,6.73,168.05
14997,4966,14,0.00141,217.15,111.87,226.06,122.88
14998,4966,16,0.00141,36.87,126.16,49.97,154.13
14999,4966,14,0.00139,427.54,68.31,451.38,126.16
15000,4966,14,0.00129,160.5,116.61,169.27,127.03
15001,4966,5,0.00115,97.17,125.5,106.72,134.45
15002,4967,15,0.9072,324.07,117.15,402.56,191.91
15003,4967,15,0.00303,479.22,0.29,490.0,28.02
15004,4967,15,0.00233,475.47,30.05,490.0,51.11
15005,4967,7,0.00192,475.54,31.29,490.0,54.44
15006,4972,17,0.87284,246.05,45.85,265.31,65.42
15007,4972,17,0.47032,78.24,60.55,98.41,80.85
15008,4972,2,0.00166,0.0,89.52,6.46,116.77
15009,4974,2,0.89777,390.59,102.77,428.25,144.66
15010,4974,7,0.84267,382.66,63.36,409.41,86.54
15011,4987,10,0.86346,274.42,128.96,290.94,142.68
15012,4987,9,0.85762,353.51,128.68,369.57,142.09
15013,4987,17,0.85538,303.19,120.21,316.29,133.1
15014,4987,11,0.84387,387.28,142.33,404.57,155.68
15015,4987,17,0.84336,324.41,114.45,337.26,126.81
15016,4987,10,0.83665,341.5,91.55,355.93,104.67
15017,4987,9,0.7499,320.33,143.56,337.26,159.4
15018,4987,17,0.06831,319.98,143.6,337.11,159.45
15019,4992,8,0.86721,391.61,93.47,500.0,227.7
15020,4992,14,0.8384,128.31,96.96,151.11,168.64
15021,4992,14,0.8308,200.93,94.22,219.65,142.12
15022,4992,8,0.77711,52.8,122.84,84.44,145.47
15023,4992,14,0.73692,247.41,109.25,264.69,139.29
15024,4992,14,0.53094,151.1,113.87,168.49,141.56
15025,4992,14,0.49298,357.31,84.83,408.71,157.83
15026,4992,8,0.27806,485.38,142.64,500.0,224.84
15027,4992,8,0.14181,472.45,141.28,500.0,224.67
15028,4992,8,0.01466,489.26,161.26,500.0,223.14
15029,4992,8,0.00724,115.27,99.68,177.45,168.78
15030,4992,14,0.00458,363.74,85.3,403.41,123.62
15031,4992,8,0.00328,493.86,137.21,500.0,215.57
15032,4992,8,0.00248,193.05,97.54,226.22,140.15
15033,4992,8,0.00185,355.62,84.13,414.6,217.34
15034,4992,14,0.00153,167.46,114.7,178.74,140.19
15035,4992,8,0.00105,465.12,110.85,500.0,226.75
