id,image_id,class_id,confidence,x1,y1,x2,y2
0,1,13,0.88681,176.59,72.47,210.66,107.88
1,1,3,0.87424,133.83,136.9,195.72,180.58
2,1,3,0.87239,204.55,128.97,276.35,167.28
3,1,1,0.86809,241.97,68.69,276.1,104.97
4,1,3,0.86187,271.58,93.15,341.29,130.14
5,1,3,0.00132,176.84,134.05,233.82,175.37
6,2,11,0.9248,374.39,110.99,412.58,144.64
7,2,10,0.90371,251.24,66.37,286.11,101.71
8,2,10,0.85943,251.41,162.39,284.3,199.83
9,2,11,0.10946,165.64,198.64,203.58,241.03
10,2,12,0.02294,166.32,198.05,203.26,242.34
11,2,13,0.00657,166.42,198.02,203.23,242.22
12,2,2,0.00555,251.23,65.8,284.88,101.51
13,2,2,0.00332,282.43,21.5,317.27,70.05
14,2,3,0.00297,166.37,198.29,203.39,242.64
15,2,2,0.00167,251.05,162.14,283.99,199.66
16,2,3,0.00166,137.37,149.32,165.07,182.54
17,2,8,0.00117,102.03,230.11,122.96,247.81
18,2,5,0.00112,374.11,110.45,412.35,144.39
19,14,9,0.88184,250.02,84.08,272.57,107.61
20,14,17,0.87256,123.91,73.78,141.8,90.2
21,14,10,0.854,349.05,133.83,373.56,160.31
22,14,9,0.68262,158.59,112.02,183.1,132.12
23,14,10,0.008,158.59,112.02,183.59,132.12
24,14,11,0.00332,123.78,74.03,141.92,90.2
25,16,2,0.86146,297.71,164.92,318.89,192.35
26,16,2,0.83813,407.97,167.64,427.49,194.91
27,16,2,0.00673,502.25,171.42,506.0,198.53
28,16,2,0.00206,499.55,168.58,506.0,197.87
29,16,2,0.00111,202.89,130.65,222.45,154.5
30,18,2,0.86523,215.56,17.22,244.33,54.95
31,18,7,0.8042,258.95,68.16,290.55,97.4
32,18,3,0.00252,195.04,213.2,244.33,242.44
33,19,8,0.87075,0.02,93.44,109.54,162.43
34,19,14,0.8233,370.5,22.66,394.5,78.65
35,19,5,0.76403,104.29,4.9,174.91,41.9
36,19,14,0.66881,346.75,28.54,362.67,65.54
37,19,14,0.51573,358.11,24.88,371.3,66.2
38,19,8,0.00571,0.02,94.78,35.15,180.1
39,19,8,0.004,361.04,20.01,405.89,77.0
40,19,8,0.00159,0.0,115.63,19.59,181.99
41,20,14,0.78434,96.73,82.91,124.87,154.0
42,20,5,0.77113,37.18,101.35,59.46,119.95
43,20,8,0.35527,95.99,92.05,124.75,133.8
44,20,8,0.01304,0.07,100.62,6.46,125.17
45,20,5,0.01082,70.15,101.35,88.18,119.67
46,20,8,0.00967,441.24,128.6,488.66,191.86
47,20,5,0.00875,0.04,102.31,6.6,125.41
48,20,14,0.00521,105.76,84.36,120.86,100.73
49,20,14,0.00521,0.01,89.37,6.31,124.86
50,20,14,0.00479,437.99,123.95,468.93,190.65
51,20,8,0.00297,438.76,130.92,469.36,190.84
52,20,14,0.00282,439.72,123.54,489.0,192.02
53,20,15,0.0028,380.49,114.68,406.47,138.56
54,20,5,0.00267,0.0,82.0,6.55,126.01
55,20,8,0.00234,454.46,141.33,479.41,191.83
56,20,8,0.00207,97.2,100.31,124.67,150.41
57,20,8,0.0018,91.58,81.34,127.12,153.95
58,20,8,0.00143,435.53,133.75,457.69,174.23
59,20,8,0.0012,455.46,150.64,489.0,192.36
60,20,16,0.00102,404.41,132.11,413.13,142.32
61,21,2,0.86084,176.55,165.99,192.08,186.38
62,21,2,0.85205,252.63,144.63,266.7,164.05
63,21,2,0.8457,304.8,166.23,320.33,187.59
64,21,2,0.83887,260.39,185.89,275.44,207.25
65,21,5,0.0012,0.0,16.99,55.48,250.0
66,23,7,0.90431,252.65,73.59,329.26,144.84
67,23,15,0.71365,91.03,90.87,147.61,155.94
68,27,15,0.8851,278.42,0.0,298.75,19.09
69,27,15,0.87467,228.26,4.58,244.52,21.85
70,29,0,0.89959,205.8,182.28,253.79,229.75
71,29,12,0.89493,140.86,152.38,181.47,195.19
72,29,1,0.89179,78.33,125.27,120.84,167.86
73,29,3,0.82515,179.91,118.03,261.31,174.72
74,29,3,0.31071,55.35,211.18,158.26,235.0
75,29,4,0.06645,57.7,211.17,157.52,235.0
76,29,4,0.02269,56.41,210.57,106.67,234.82
77,29,4,0.01978,116.89,226.21,158.26,234.92
78,29,4,0.009,71.87,221.48,158.64,235.0
79,29,4,0.00711,90.17,225.92,158.82,235.0
80,29,3,0.00513,71.32,210.95,158.12,235.0
81,29,3,0.0029,18.19,111.18,53.78,145.91
82,30,3,0.89737,267.22,64.32,330.46,116.86
83,30,1,0.88825,162.03,33.83,201.08,75.95
84,30,3,0.88718,208.69,9.79,259.83,65.92
85,30,13,0.88549,148.53,83.54,191.02,127.42
86,30,3,0.88203,265.57,120.43,341.76,180.22
87,30,4,0.00107,266.73,121.36,343.22,178.04
88,31,2,0.86992,50.55,92.59,77.5,108.63
89,31,2,0.8427,92.01,54.97,111.08,79.15
90,32,5,0.7707,0.0,110.82,19.55,128.94
91,32,14,0.33448,338.03,133.52,354.47,175.13
92,32,5,0.03896,28.96,110.86,44.53,126.08
93,32,5,0.00441,317.57,140.99,334.08,152.7
94,32,5,0.00208,65.33,216.35,75.1,226.22
95,32,14,0.00138,83.44,108.11,93.12,141.68
96,32,14,0.00113,331.28,145.15,339.53,172.4
97,33,10,0.87402,430.17,175.71,446.91,190.48
98,33,17,0.87061,368.89,157.25,381.69,170.05
99,33,10,0.84375,349.7,144.46,363.97,159.22
100,33,11,0.82422,322.88,198.35,338.62,211.15
101,33,9,0.78516,355.36,184.08,371.11,197.86
102,33,9,0.46289,391.78,172.51,404.58,184.82
103,33,17,0.44946,320.41,166.36,337.15,179.16
104,33,9,0.40356,320.91,166.36,337.15,179.16
105,33,17,0.13391,391.78,172.51,404.58,184.32
106,33,11,0.08209,170.79,202.78,181.12,217.55
107,33,2,0.00451,103.48,63.25,120.96,94.75
108,34,9,0.89307,168.21,145.51,190.67,165.53
109,34,10,0.8916,280.03,144.53,301.51,165.53
110,34,10,0.88477,181.52,42.48,199.83,64.45
111,34,17,0.86816,202.88,80.57,219.97,98.14
112,34,11,0.86719,112.18,178.71,135.86,200.2
113,34,17,0.85791,230.22,116.21,247.31,133.3
114,34,9,0.76221,128.05,93.99,149.29,114.75
115,34,8,0.00261,245.61,61.52,272.46,108.4
116,37,17,0.84277,240.45,190.76,259.23,210.45
117,37,17,0.78809,72.54,211.83,92.57,231.52
118,37,17,0.00372,116.33,175.42,132.82,194.65
119,40,2,0.85889,134.85,65.74,151.28,88.9
120,40,2,0.84912,49.68,43.83,66.36,65.24
121,40,2,0.84082,181.29,47.94,196.98,69.35
122,40,2,0.83984,128.75,24.4,143.69,44.33
123,46,7,0.83545,196.75,68.23,221.74,92.97
124,46,7,0.8291,187.62,116.75,217.41,140.78
125,46,17,0.00161,273.87,222.94,287.32,242.16
126,47,0,0.90186,68.56,108.84,112.6,153.37
127,47,1,0.87598,158.22,117.7,203.85,163.32
128,48,12,0.82249,98.62,174.34,147.43,220.51
129,48,12,0.82234,349.57,155.45,399.44,202.25
130,48,12,0.60989,221.7,74.56,267.92,119.64
131,48,13,0.42243,221.49,74.0,268.29,120.07
132,48,1,0.00807,221.19,74.66,268.04,120.14
133,48,10,0.00438,220.06,74.13,267.31,119.26
134,48,2,0.00176,221.87,74.52,267.93,119.71
135,48,11,0.0015,349.24,154.66,399.29,202.97
136,55,10,0.89551,198.54,162.89,221.81,185.17
137,57,14,0.80176,113.37,50.65,146.42,92.38
138,57,14,0.77197,210.58,32.2,257.85,108.91
139,57,14,0.76904,319.6,57.77,338.9,100.46
140,57,14,0.61328,141.71,45.35,155.22,77.19
141,57,14,0.28369,90.33,42.69,110.11,79.84
142,57,14,0.22815,365.68,75.02,394.62,104.44
143,57,14,0.09601,295.72,56.44,313.09,98.9
144,57,14,0.0217,287.76,60.79,310.44,103.0
145,57,14,0.00582,230.84,62.11,259.3,111.08
146,57,14,0.00298,0.02,40.76,8.34,127.84
147,57,14,0.00132,368.33,74.78,391.0,94.07
148,57,14,0.0011,459.75,94.55,494.0,144.24
149,62,14,0.88281,181.7,19.1,243.31,174.78
150,62,14,0.00547,478.97,36.05,489.0,117.71
151,62,14,0.00404,479.45,40.59,489.0,83.81
152,62,14,0.00101,482.31,44.41,489.0,89.78
153,64,16,0.85498,72.68,142.25,92.33,168.46
154,64,16,0.85205,4.52,145.59,27.4,176.09
155,64,16,0.8501,28.71,146.3,51.17,174.9
156,64,16,0.83447,51.68,144.64,72.44,172.28
157,64,8,0.81543,411.75,113.42,433.2,137.25
158,64,5,0.78418,380.54,106.27,401.98,125.34
159,64,16,0.76758,93.05,140.59,111.63,165.37
160,64,14,0.72949,315.72,96.03,331.93,141.78
161,64,16,0.50977,110.8,138.68,127.24,162.51
162,64,16,0.44946,126.05,137.73,140.82,160.6
163,64,16,0.31738,0.0,151.31,3.67,179.9
164,64,16,0.28931,139.99,136.77,154.76,157.74
165,64,14,0.22681,270.45,101.51,280.93,125.81
166,64,14,0.18713,415.56,103.18,430.81,117.47
167,64,16,0.17102,153.21,135.34,166.56,156.31
168,64,16,0.16138,0.0,152.74,2.95,169.42
169,64,16,0.12854,165.61,134.39,179.43,153.93
170,64,16,0.07288,234.83,128.67,243.64,143.92
171,64,16,0.07135,209.69,129.86,220.17,147.5
172,64,16,0.06512,0.0,158.22,2.56,181.57
173,64,16,0.05646,219.46,129.15,227.56,146.3
174,64,16,0.05542,227.2,127.96,235.78,145.11
175,64,16,0.05499,178.71,133.44,190.15,151.55
176,64,16,0.04761,189.67,132.48,200.39,150.59
177,64,16,0.0365,199.56,130.34,210.04,148.93
178,64,16,0.03149,0.03,150.59,5.91,178.23
179,64,16,0.01698,279.03,121.52,287.13,130.1
180,64,16,0.01495,241.14,121.29,249.72,131.29
181,64,14,0.0071,312.15,97.93,323.59,139.39
182,64,16,0.00596,0.07,161.55,5.43,182.52
183,64,14,0.00303,329.78,93.64,344.08,135.58
184,64,16,0.00287,0.0,164.41,2.23,185.86
185,64,16,0.0018,228.99,129.15,242.33,141.54
186,64,16,0.00165,1.68,149.64,6.71,172.52
187,64,16,0.00141,0.02,140.59,1.39,148.21
188,64,16,0.00129,0.0,142.02,1.97,158.22
189,64,16,0.00129,214.93,129.86,233.04,142.73
190,64,14,0.00114,321.68,101.98,332.16,141.54
191,66,2,0.84717,70.9,183.86,105.17,221.68
192,66,2,0.84277,196.39,171.57,226.17,207.5
193,66,17,0.81396,112.37,153.61,127.97,167.79
194,66,2,0.00239,112.26,153.38,128.8,168.97
195,73,15,0.02681,181.19,44.93,270.22,97.18
196,73,5,0.00322,0.0,0.0,94.25,157.99
197,80,15,0.82666,61.29,107.86,88.66,135.0
198,80,15,0.8042,155.35,155.47,192.84,185.82
199,80,15,0.78516,39.27,181.91,72.62,211.35
200,80,15,0.00187,61.86,107.98,87.62,123.38
201,80,6,0.001,155.01,156.85,194.1,185.36
202,87,5,0.84131,183.35,160.25,472.71,244.87
203,87,8,0.00764,40.15,195.5,120.12,242.19
204,87,14,0.00203,198.42,144.44,206.69,161.95
205,88,2,0.84912,323.44,82.97,354.38,122.81
206,88,17,0.28296,405.94,43.36,422.81,62.58
207,88,2,0.18713,295.55,24.14,319.92,50.39
208,88,2,0.03308,404.53,44.06,423.75,76.41
209,88,2,0.00956,294.84,24.84,320.16,67.97
210,88,17,0.00541,295.55,24.14,318.98,49.92
211,88,17,0.00184,319.69,121.41,343.12,144.84
212,95,16,0.7959,8.84,51.34,105.59,152.09
213,95,14,0.01678,8.96,49.89,105.35,154.52
214,100,2,0.85939,183.37,3.82,210.29,34.67
215,100,2,0.83933,29.82,25.59,58.31,55.75
216,100,17,0.029,0.07,0.0,9.1,14.26
217,100,2,0.02819,221.95,0.16,250.9,19.91
218,100,2,0.00151,0.0,0.0,6.74,22.99
219,100,2,0.00148,0.12,0.0,9.17,17.86
220,103,7,0.90137,401.0,130.16,425.88,155.52
221,103,7,0.8457,265.1,176.57,298.12,203.37
222,103,17,0.02898,350.99,206.72,369.17,228.73
223,105,11,0.50195,114.9,157.57,127.78,171.19
224,105,11,0.33813,105.53,148.33,119.39,161.95
225,105,11,0.30811,192.83,156.6,207.91,170.21
226,105,11,0.22815,175.56,151.49,188.7,164.62
227,105,11,0.20557,140.06,158.54,153.44,173.13
228,105,16,0.15918,75.68,156.11,90.64,170.7
229,105,16,0.09235,140.18,158.54,153.56,173.13
230,105,12,0.07159,175.56,151.73,188.21,164.38
231,105,10,0.0621,192.34,156.35,207.91,169.97
232,105,10,0.02509,115.02,157.81,128.15,171.43
233,105,16,0.01791,113.56,156.6,126.69,170.21
234,105,16,0.01678,106.99,150.28,119.88,161.46
235,105,16,0.00919,140.55,158.54,161.46,172.16
236,105,11,0.0051,175.93,152.22,196.6,165.84
237,105,16,0.00418,186.14,155.14,207.05,168.76
238,105,16,0.00193,140.67,153.68,187.11,176.54
239,105,16,0.0016,174.35,151.25,203.53,162.92
240,105,8,0.00143,357.45,12.64,374.47,36.47
241,105,16,0.00123,171.8,152.71,187.6,165.35
242,106,13,0.32856,303.73,149.55,355.96,199.59
243,106,4,0.31068,141.98,137.93,235.42,225.48
244,106,3,0.10826,141.24,137.12,238.63,222.06
245,106,14,0.04304,199.67,5.93,260.6,88.06
246,106,4,0.01366,144.67,166.77,225.23,225.47
247,106,3,0.00549,289.51,70.98,378.88,149.6
248,106,14,0.00271,158.14,3.5,265.54,136.99
249,106,2,0.00189,0.03,31.64,3.58,66.42
250,106,2,0.00106,0.03,31.26,11.27,66.15
251,107,15,0.90384,103.59,156.31,122.36,172.84
252,107,15,0.89732,131.3,153.44,146.8,167.91
253,109,15,0.86084,180.46,51.53,211.6,84.96
254,109,15,0.8335,206.1,19.01,225.34,42.14
255,109,15,0.82324,280.53,38.82,305.72,66.53
256,112,2,0.85104,295.39,57.1,315.65,83.74
257,112,2,0.83392,408.38,53.12,436.42,76.99
258,112,2,0.00104,0.09,23.79,6.84,52.67
259,114,15,0.84473,271.73,31.62,335.69,113.16
260,114,15,0.00244,319.34,78.37,369.63,119.87
261,116,5,0.79419,34.59,121.27,77.86,150.76
262,116,5,0.75721,117.27,110.35,152.58,144.13
263,116,5,0.60552,100.64,118.65,118.15,139.14
264,116,5,0.57371,317.25,108.18,331.8,128.86
265,116,14,0.10557,404.63,103.41,421.3,131.65
266,116,5,0.08478,78.55,119.88,102.66,139.82
267,116,5,0.03281,165.46,113.92,181.03,129.72
268,116,5,0.01998,274.79,88.95,320.28,134.78
269,116,5,0.0116,180.65,113.9,193.84,128.26
270,116,5,0.01076,0.06,120.19,27.21,150.92
271,116,5,0.00569,87.9,119.54,108.36,139.21
272,116,5,0.00481,240.05,113.31,251.48,127.19
273,116,5,0.0032,0.04,120.16,13.37,156.34
274,116,5,0.00275,74.02,120.91,96.08,140.46
275,116,5,0.00248,160.39,112.37,180.73,132.24
276,116,5,0.00182,155.1,109.73,177.35,133.27
277,117,2,0.86589,403.55,182.76,431.26,204.51
278,117,2,0.85342,366.45,139.03,386.32,165.53
279,117,2,0.00101,494.22,117.59,497.0,144.85
280,118,2,0.86334,143.6,37.8,169.68,54.66
281,118,2,0.86091,68.37,37.48,89.87,64.68
282,120,17,0.85205,429.84,180.38,449.58,199.66
283,120,17,0.84473,260.7,194.61,279.98,213.89
284,120,17,0.00651,254.51,8.15,266.9,21.69
285,120,2,0.00165,363.75,18.59,396.79,46.59
286,120,5,0.0014,81.13,43.72,107.52,58.64
287,122,5,0.70526,64.77,79.06,81.37,93.0
288,122,5,0.66181,209.06,73.93,231.33,93.61
289,122,5,0.65619,156.95,73.66,184.51,95.1
290,122,5,0.65276,89.11,79.16,105.12,93.18
291,122,5,0.60559,230.03,73.53,264.75,99.82
292,122,5,0.04546,76.52,79.3,84.28,92.18
293,122,5,0.03426,150.53,74.44,164.95,94.69
294,122,5,0.02732,71.62,79.1,84.87,93.18
295,122,5,0.00755,79.0,78.85,88.6,90.7
296,122,5,0.00667,308.92,69.28,338.28,95.8
297,122,5,0.00661,270.22,71.28,304.06,98.87
298,122,5,0.00491,189.38,73.63,204.29,91.76
299,122,5,0.00381,80.8,78.1,89.66,88.26
300,122,5,0.00343,268.76,72.95,291.77,95.45
301,122,5,0.00341,59.7,80.34,68.34,89.97
302,122,5,0.00303,59.17,76.07,75.51,89.94
303,122,5,0.00252,151.77,74.24,175.83,95.07
304,122,5,0.00223,122.09,77.1,136.18,92.92
305,124,10,0.72168,72.64,70.49,93.02,93.5
306,124,9,0.58154,187.0,49.63,206.18,69.77
307,124,17,0.21606,107.17,20.02,124.91,34.64
308,124,17,0.00848,488.6,22.06,491.0,41.72
309,124,17,0.0056,187.0,49.75,206.18,69.89
310,128,15,0.88376,231.16,45.03,250.82,63.85
311,128,15,0.88191,181.24,49.29,196.93,66.02
312,128,14,0.00155,458.94,188.41,475.0,234.15
313,128,14,0.00104,456.34,189.49,475.0,211.96
314,129,10,0.8999,61.08,194.47,81.3,212.33
315,129,17,0.88623,89.54,173.63,105.67,189.51
316,129,17,0.87158,107.16,158.25,122.29,173.14
317,129,10,0.87061,113.85,122.16,129.48,138.91
318,129,9,0.83203,156.27,172.14,176.61,189.01
319,129,11,0.79443,208.48,184.05,230.56,199.93
320,129,9,0.78662,133.95,203.4,153.29,224.23
321,129,14,0.00119,103.56,0.0,146.97,0.25
322,130,14,0.88362,282.0,101.36,346.09,230.72
323,130,14,0.84684,177.42,121.01,209.07,208.37
324,130,14,0.81972,142.17,127.25,171.26,204.55
325,130,14,0.81051,205.8,125.51,227.65,209.05
326,130,5,0.64449,389.64,179.31,465.86,221.74
327,130,14,0.02853,276.89,128.96,300.61,221.18
328,130,5,0.00309,493.1,157.03,500.0,181.31
329,130,8,0.00167,136.81,123.4,183.08,205.33
330,136,8,0.83545,3.35,136.45,70.35,186.64
331,136,14,0.83203,332.34,79.19,358.66,150.82
332,136,14,0.80176,279.96,83.82,304.81,155.94
333,136,14,0.78906,400.08,59.94,419.57,114.52
334,136,8,0.77881,132.3,147.65,232.2,200.28
335,136,14,0.77588,431.75,62.25,457.09,121.22
336,136,14,0.75342,222.94,82.6,251.69,135.23
337,136,14,0.62988,120.36,103.06,155.45,148.38
338,136,14,0.51953,85.16,108.55,105.62,164.22
339,136,8,0.07159,0.0,133.03,12.71,202.23
340,136,14,0.02567,133.28,103.06,158.13,132.3
341,136,14,0.0247,0.21,112.81,25.05,189.81
342,136,14,0.01234,453.68,68.22,470.25,95.02
343,136,14,0.01142,490.23,64.81,499.0,138.39
344,136,14,0.01112,0.03,115.98,12.37,193.46
345,136,14,0.00851,495.1,82.48,499.0,122.44
346,136,14,0.00822,490.23,35.33,499.0,126.46
347,136,14,0.00776,485.36,82.35,499.0,119.88
348,136,14,0.00575,489.25,96.49,499.0,135.47
349,136,14,0.00491,493.64,86.74,499.0,134.25
350,136,8,0.00465,0.03,132.06,6.23,166.17
351,136,14,0.00459,436.62,80.41,457.09,121.34
352,136,14,0.00455,494.13,73.34,499.0,114.76
353,136,8,0.0044,0.03,132.06,11.66,177.87
354,136,8,0.00422,0.18,134.98,21.26,188.59
355,136,8,0.0035,0.02,159.84,8.96,201.74
356,136,14,0.00322,0.03,109.64,19.67,166.66
357,136,14,0.0032,118.9,107.69,152.04,182.25
358,136,14,0.00297,119.02,106.72,138.27,146.68
359,136,8,0.00296,421.27,63.11,458.31,120.85
360,136,14,0.00277,476.58,87.71,499.0,127.43
361,136,14,0.00259,491.2,75.78,499.0,117.68
362,136,8,0.00236,488.28,107.45,499.0,135.96
363,136,8,0.00227,104.34,125.72,124.69,152.53
364,136,14,0.00203,485.36,25.83,499.0,124.51
365,136,8,0.00185,0.13,125.72,8.95,166.66
366,136,8,0.00167,488.28,78.94,499.0,136.45
367,136,14,0.00155,1.22,130.6,36.55,185.66
368,136,14,0.00132,478.53,64.32,499.0,127.67
369,136,14,0.00126,322.35,101.6,343.79,130.35
370,136,14,0.00112,488.28,110.62,499.0,135.96
371,137,15,0.58301,275.78,158.44,338.17,201.51
372,137,14,0.05664,425.8,12.25,507.0,245.08
373,137,14,0.00956,295.09,1.42,368.37,42.08
374,137,14,0.00351,438.67,79.22,506.5,252.01
375,137,14,0.00108,365.89,12.38,505.51,250.03
376,138,5,0.78714,307.62,113.52,356.28,153.85
377,138,5,0.74376,141.44,115.87,178.48,148.93
378,138,5,0.67466,99.09,121.5,134.82,150.93
379,138,5,0.6458,0.03,124.79,23.07,155.15
380,138,5,0.4292,56.12,125.77,95.65,153.2
381,138,14,0.28471,447.14,114.29,466.47,154.37
382,138,14,0.23055,391.65,111.42,405.14,139.18
383,138,5,0.01875,174.05,119.94,189.9,145.0
384,138,14,0.0074,447.62,105.96,475.72,156.6
385,138,5,0.00199,28.68,127.82,61.78,152.2
386,138,5,0.00167,129.13,121.99,143.7,145.38
387,140,11,0.83415,210.09,99.73,237.12,124.51
388,140,10,0.78132,193.2,147.51,225.8,179.22
389,140,12,0.51135,273.19,134.74,302.22,158.95
390,140,6,0.00132,109.12,150.22,153.05,248.11
391,145,2,0.84537,117.24,78.0,151.19,121.1
392,145,17,0.84256,175.93,52.23,194.13,70.85
393,145,17,0.83709,224.59,140.74,244.77,161.48
394,145,2,0.00249,388.63,139.6,416.7,167.52
395,149,2,0.85547,153.38,19.92,181.68,48.85
396,149,2,0.85497,303.08,0.47,330.16,29.83
397,152,17,0.87354,437.26,59.01,451.16,72.56
398,152,17,0.87207,414.17,67.5,427.64,81.28
399,152,10,0.85317,376.13,21.43,392.49,35.47
400,152,10,0.84072,368.22,62.56,385.18,77.02
401,152,10,0.83428,351.75,28.53,365.64,43.66
402,152,11,0.82132,416.98,25.12,434.89,38.79
403,152,11,0.79433,393.72,46.58,408.9,61.51
404,152,10,0.44674,347.54,48.07,362.83,64.43
405,152,17,0.24249,347.65,48.09,362.69,64.38
406,152,9,0.0019,437.16,59.31,451.1,72.38
407,152,13,0.00157,375.99,21.48,392.9,35.41
408,153,9,0.94092,247.44,88.41,277.23,123.48
409,153,9,0.92676,226.78,109.79,262.34,148.22
410,153,11,0.91846,309.9,116.03,348.82,146.78
411,153,9,0.89111,255.61,144.14,293.09,179.7
412,153,11,0.67383,143.66,145.1,190.27,180.66
413,153,11,0.6333,143.42,63.9,174.65,95.13
414,153,9,0.33813,143.42,145.1,190.51,180.66
415,153,9,0.00494,143.66,63.66,174.41,94.89
416,153,16,0.00217,309.66,115.67,348.1,146.54
417,153,10,0.00127,142.94,63.9,174.89,95.13
418,161,7,0.91204,363.21,217.37,394.87,246.06
419,161,7,0.84565,398.93,118.57,422.88,137.82
420,161,17,0.78095,431.51,176.5,448.27,193.23
421,161,17,0.77596,346.6,157.35,363.63,174.91
422,167,2,0.84375,363.59,126.23,391.52,161.84
423,167,17,0.76081,312.38,173.17,329.62,190.04
424,167,17,0.738,394.55,193.4,412.85,211.03
425,167,2,0.01267,312.58,173.53,329.12,189.03
426,169,10,0.8916,221.12,161.68,243.26,181.37
427,169,17,0.88574,260.86,136.09,278.58,153.32
428,169,9,0.88477,286.7,189.98,308.36,213.61
429,169,9,0.875,333.7,145.69,354.38,165.87
430,169,11,0.86963,380.95,177.93,406.05,199.58
431,169,17,0.86719,291.87,111.48,308.6,128.21
432,169,10,0.86621,315.0,61.03,333.21,80.23
433,169,10,0.0161,0.02,126.74,8.34,144.95
434,169,9,0.00558,0.14,126.25,8.34,145.93
435,169,8,0.00266,344.04,238.96,360.77,252.25
436,174,15,0.8833,289.16,48.03,330.06,89.89
437,174,15,0.86426,411.86,99.64,450.86,141.49
438,174,15,0.8501,399.02,24.49,432.31,58.73
439,174,15,0.25977,483.2,70.03,487.0,93.33
440,174,15,0.02509,481.77,73.0,487.0,96.07
441,174,15,0.00934,481.29,66.34,487.0,92.03
442,174,15,0.00309,480.82,73.36,487.0,107.84
443,175,5,0.85498,96.53,86.42,117.23,105.2
444,175,5,0.6792,0.63,56.81,32.35,72.7
445,175,14,0.58496,260.94,107.6,271.05,121.08
446,175,14,0.05341,259.02,108.81,271.54,126.62
447,175,8,0.03149,259.74,116.03,270.81,126.14
448,175,14,0.02898,259.98,116.27,270.57,126.38
449,175,5,0.02324,102.67,48.87,169.35,74.14
450,175,5,0.0228,131.43,59.1,204.37,109.89
451,175,5,0.00485,47.18,59.7,70.89,71.74
452,175,5,0.0043,41.95,57.05,71.61,70.05
453,175,5,0.0039,431.38,62.35,461.22,76.79
454,175,14,0.0024,261.42,106.16,275.87,122.53
455,175,5,0.00185,53.92,58.38,71.25,69.69
456,175,5,0.00182,36.77,52.24,72.22,69.09
457,175,5,0.0018,464.59,53.44,492.52,72.22
458,175,5,0.0017,42.85,61.14,70.05,76.55
459,175,5,0.00167,104.83,49.71,178.26,84.85
460,175,5,0.00159,0.0,54.4,10.86,71.74
461,175,14,0.00157,483.85,102.43,493.0,201.73
462,175,5,0.00116,0.0,54.64,35.72,67.64
463,175,5,0.00113,436.67,68.85,459.78,84.73
464,180,14,0.73877,181.15,143.55,193.85,163.09
465,180,14,0.67041,443.85,149.41,458.5,173.83
466,180,14,0.64258,430.66,149.17,444.34,172.12
467,180,14,0.6333,131.47,141.6,148.56,171.88
468,180,14,0.62256,289.79,140.87,301.51,164.31
469,180,14,0.59814,383.3,138.92,395.02,167.72
470,180,14,0.46484,395.26,137.7,406.01,167.97
471,180,14,0.45898,217.04,147.95,227.29,161.62
472,180,14,0.38867,413.57,135.5,423.34,166.75
473,180,14,0.3667,455.81,143.55,471.92,170.9
474,180,14,0.25684,406.98,137.21,417.72,167.48
475,180,14,0.08331,455.57,139.89,477.05,174.07
476,180,14,0.07806,398.44,137.21,409.18,166.5
477,180,14,0.07587,401.61,136.72,414.79,167.97
478,180,14,0.06805,176.51,161.87,198.0,182.37
479,180,14,0.05685,179.44,159.18,198.49,175.78
480,180,14,0.0546,430.18,142.58,440.92,155.27
481,180,14,0.05441,495.12,119.87,500.0,172.12
482,180,14,0.04654,182.74,163.09,196.9,175.78
483,180,14,0.04501,455.57,143.07,469.24,162.6
484,180,14,0.02707,377.44,141.6,387.21,162.11
485,180,14,0.02246,0.03,121.58,6.75,162.11
486,180,14,0.01724,492.19,119.87,500.0,180.42
487,180,14,0.01411,465.09,150.88,476.81,174.32
488,180,14,0.01343,314.21,136.72,329.83,163.09
489,180,14,0.01267,231.69,131.35,246.34,159.67
490,180,14,0.01224,218.99,140.87,229.25,161.38
491,180,14,0.01155,324.71,148.93,333.98,163.57
492,180,14,0.00909,215.58,147.95,229.25,167.48
493,180,14,0.00878,490.23,120.85,500.0,201.42
494,180,14,0.00854,413.57,135.25,430.18,167.48
495,180,14,0.00851,385.25,138.92,395.02,157.47
496,180,14,0.00737,136.23,152.83,149.9,172.36
497,180,14,0.00701,495.61,140.14,500.0,172.85
498,180,14,0.00649,0.02,118.41,10.24,221.92
499,180,14,0.00626,313.23,141.11,326.42,161.62
500,180,14,0.00596,290.04,140.38,300.29,152.1
501,180,14,0.00566,232.42,129.88,244.38,142.58
502,180,14,0.00566,394.29,138.18,404.05,158.2
503,180,14,0.00532,397.95,138.18,406.74,161.13
504,180,14,0.00496,0.0,125.49,8.5,172.36
505,180,14,0.00481,496.58,122.68,500.0,152.83
506,180,14,0.00443,485.35,132.32,500.0,218.75
507,180,14,0.00436,432.62,147.95,443.36,160.64
508,180,14,0.00414,321.04,141.85,333.25,163.82
509,180,14,0.00391,455.08,133.79,470.21,155.76
510,180,14,0.0038,65.31,125.73,86.55,158.94
511,180,14,0.00374,217.77,146.48,233.4,163.09
512,180,14,0.00371,493.65,122.19,500.0,160.16
513,180,14,0.00371,329.59,140.87,340.82,162.84
514,180,14,0.00331,439.94,142.58,449.71,155.27
515,180,14,0.00317,463.13,140.62,474.37,163.57
516,180,14,0.00317,492.19,139.16,500.0,171.39
517,180,14,0.0031,177.25,160.64,192.38,173.83
518,180,14,0.00299,185.06,142.82,196.04,160.4
519,180,14,0.00297,184.57,158.2,200.68,177.73
520,180,14,0.0028,323.0,140.14,338.13,163.57
521,180,14,0.00232,437.5,146.97,448.73,159.18
522,180,14,0.00232,324.71,143.07,341.31,166.5
523,180,5,0.00222,132.81,123.29,197.51,156.01
524,180,14,0.00216,0.0,126.71,4.14,160.89
525,180,14,0.00213,301.03,137.7,309.33,149.9
526,180,14,0.00204,66.89,128.42,82.03,155.76
527,180,14,0.00202,177.0,144.53,198.49,176.76
528,180,14,0.00199,208.5,146.97,227.05,164.55
529,180,14,0.00198,443.12,143.31,454.83,154.54
530,180,14,0.00197,294.92,141.11,304.69,155.76
531,180,14,0.00182,402.59,137.94,410.89,165.28
532,180,14,0.00172,131.84,138.67,159.18,176.76
533,180,14,0.00162,233.89,131.35,252.2,162.6
534,180,14,0.00159,443.6,146.97,452.88,158.69
535,180,14,0.00157,497.07,123.17,500.0,142.58
536,180,14,0.00155,173.83,159.18,219.48,195.8
537,180,14,0.00148,372.07,142.82,386.72,162.35
538,180,14,0.00147,382.32,137.21,400.88,168.46
539,180,14,0.0014,291.99,141.36,304.69,161.87
540,180,14,0.00137,430.66,139.65,448.24,154.3
541,180,14,0.00118,178.47,159.18,208.74,188.96
542,180,14,0.00112,187.74,141.6,201.17,165.04
543,180,14,0.00112,215.7,147.95,234.99,171.39
544,180,14,0.0011,361.82,144.29,380.86,169.68
545,180,14,0.00109,456.54,149.66,468.75,173.58
546,183,17,0.83971,155.81,79.51,177.64,101.27
547,183,17,0.83404,281.07,17.49,299.97,37.87
548,186,14,0.8505,270.39,135.95,301.71,214.13
549,186,14,0.83664,170.77,126.45,205.25,205.95
550,186,14,0.78976,353.62,130.94,386.59,224.97
551,186,14,0.74659,131.28,121.01,161.64,202.43
552,186,14,0.73675,200.67,113.36,235.76,216.57
553,186,14,0.71187,306.33,121.93,356.15,229.28
554,186,5,0.64499,390.49,179.75,461.72,220.69
555,186,5,0.0102,491.08,157.74,500.0,183.54
556,186,5,0.00172,489.84,159.93,500.0,192.46
557,188,7,0.89844,381.38,61.25,412.96,87.57
558,188,2,0.86328,340.22,89.96,373.24,127.76
559,190,15,0.89746,56.33,77.75,93.64,112.9
560,190,15,0.00109,23.23,76.07,170.07,194.5
561,194,2,0.87061,116.2,104.21,138.46,135.04
562,194,2,0.85693,95.65,35.96,114.98,60.91
563,194,2,0.85205,36.57,62.62,57.61,91.0
564,194,2,0.85107,208.42,64.09,227.99,90.27
565,194,2,0.00251,435.19,115.22,445.96,131.85
566,200,2,0.84855,309.59,153.21,330.17,180.2
567,200,2,0.84091,422.61,148.27,451.82,172.43
568,200,2,0.01997,479.57,139.91,495.0,161.12
569,200,2,0.00702,491.56,140.58,495.0,162.01
570,200,2,0.00264,485.92,141.16,495.0,162.31
571,200,2,0.0015,492.0,144.38,495.0,169.61
572,206,2,0.86394,371.04,77.7,397.26,93.3
573,206,2,0.85947,411.33,39.65,430.31,64.32
574,206,2,0.00271,279.72,236.23,295.1,250.74
575,208,10,0.89111,284.41,42.74,310.94,69.75
576,208,9,0.84277,162.35,35.0,187.89,64.23
577,208,10,0.80908,147.36,100.45,173.4,131.89
578,208,17,0.72803,9.21,73.44,33.28,94.8
579,208,17,0.4436,147.36,100.21,173.4,132.14
580,209,17,0.84534,125.23,136.16,157.91,168.43
581,209,17,0.79147,296.64,22.22,322.96,49.91
582,209,2,0.00513,124.64,136.11,158.01,168.4
583,209,11,0.00489,296.61,22.54,323.12,50.14
584,209,17,0.00186,130.06,156.47,155.8,169.0
585,212,12,0.6972,300.23,165.04,334.59,195.6
586,212,9,0.66135,168.71,158.51,203.6,186.52
587,212,11,0.33349,309.52,94.17,334.35,120.47
588,212,13,0.24248,422.56,119.46,449.46,147.15
589,212,11,0.073,422.46,119.59,449.42,146.75
590,212,13,0.05548,309.57,94.09,334.43,120.62
591,212,12,0.02613,422.22,119.56,449.48,146.8
592,212,9,0.00376,301.05,165.32,334.47,195.46
593,212,11,0.00141,300.74,165.05,334.68,195.53
594,214,12,0.82639,72.12,84.11,116.54,125.31
595,214,12,0.60006,235.52,0.0,276.51,20.16
596,214,12,0.43137,222.68,80.14,272.25,127.17
597,214,13,0.27483,222.46,79.53,272.41,127.45
598,214,13,0.08791,235.66,0.0,276.55,20.12
599,214,1,0.02092,222.97,80.15,271.38,127.29
600,214,13,0.00208,223.25,80.31,246.57,127.57
601,214,1,0.00169,235.8,0.0,276.12,19.73
602,214,2,0.00151,235.72,0.0,276.32,19.99
603,215,14,0.89404,400.25,52.21,432.16,151.79
604,215,14,0.88428,367.87,53.17,401.22,149.85
605,215,14,0.87256,320.49,53.9,353.36,147.68
606,215,14,0.05032,442.79,114.44,450.53,131.0
607,215,5,0.01744,465.03,116.26,474.21,123.99
608,215,16,0.00861,487.27,133.66,495.0,142.84
609,215,7,0.00393,488.23,133.42,495.0,142.12
610,215,5,0.00287,484.37,116.02,493.07,126.65
611,215,14,0.00192,484.85,134.87,495.0,197.71
612,218,14,0.70898,187.13,38.57,203.25,73.0
613,218,14,0.48828,0.03,1.83,9.86,45.04
614,218,14,0.16077,368.65,52.25,385.25,87.16
615,218,14,0.12378,0.0,0.0,9.93,104.37
616,218,14,0.00878,0.0,0.49,13.21,77.88
617,218,14,0.00878,0.0,0.0,17.38,110.23
618,218,14,0.00184,194.58,39.55,203.86,73.24
619,219,7,0.88721,91.66,48.0,131.46,81.29
620,219,7,0.37378,60.51,129.29,102.27,153.41
621,219,15,0.0018,60.66,128.57,84.91,149.79
622,221,2,0.80984,355.46,166.76,370.52,182.71
623,221,15,0.78586,231.51,154.14,249.98,172.25
624,221,2,0.73946,436.55,153.01,451.48,168.97
625,223,14,0.58067,410.1,22.47,426.52,61.91
626,223,14,0.03272,442.65,40.28,481.58,95.54
627,223,14,0.01777,408.64,1.82,426.85,61.32
628,223,14,0.00877,487.76,0.86,494.0,87.24
629,223,14,0.00721,484.98,1.72,494.0,54.85
630,223,3,0.00605,293.35,202.6,367.32,229.85
631,223,14,0.00271,487.17,8.55,494.0,47.97
632,223,14,0.00136,491.21,30.83,494.0,66.4
633,223,14,0.0012,440.3,40.7,482.96,127.01
634,223,14,0.0011,486.12,49.05,494.0,146.56
635,226,7,0.87305,355.78,106.35,391.19,141.64
636,226,7,0.72803,396.69,179.2,438.8,208.39
637,226,6,0.01317,371.81,12.44,465.6,54.07
638,228,6,0.90137,336.4,79.67,409.13,116.28
639,228,15,0.86621,258.88,59.81,278.02,83.74
640,232,17,0.85788,278.3,98.47,303.11,122.65
641,232,17,0.82448,135.22,94.06,160.15,116.19
642,233,15,0.93529,147.89,150.91,199.97,207.25
643,233,15,0.90337,273.29,154.05,311.33,197.45
644,234,10,0.89258,381.2,204.26,402.77,225.36
645,234,10,0.88086,258.21,162.31,278.35,181.49
646,234,11,0.8501,373.52,116.76,388.87,132.1
647,234,9,0.8335,412.36,164.71,435.38,182.45
648,234,9,0.81885,353.87,148.16,371.13,165.42
649,234,17,0.75049,335.64,191.56,352.43,207.86
650,234,9,0.68408,302.08,184.6,319.34,200.91
651,234,9,0.42432,335.64,191.56,351.95,207.86
652,234,11,0.00135,487.16,98.3,491.0,116.52
653,235,16,0.86658,2.56,114.81,25.34,142.66
654,235,16,0.8423,25.89,112.2,46.98,139.99
655,235,16,0.81096,47.09,110.68,66.85,136.38
656,235,16,0.67035,66.88,108.28,86.12,132.96
657,235,5,0.66667,354.37,73.1,375.99,91.45
658,235,14,0.63762,291.89,64.05,305.72,108.01
659,235,16,0.35429,85.28,107.1,101.48,129.93
660,235,16,0.21177,100.62,105.91,114.83,127.78
661,235,16,0.10797,114.52,104.44,128.92,125.98
662,235,16,0.07088,127.58,103.45,140.13,124.16
663,235,16,0.03799,139.95,102.24,153.95,121.68
664,235,16,0.03541,0.0,118.91,2.44,136.77
665,235,16,0.03289,201.36,95.84,210.18,111.32
666,235,16,0.02993,153.38,100.12,164.71,119.35
667,235,16,0.02924,184.2,96.89,194.64,114.56
668,235,16,0.0251,163.98,99.19,175.18,118.3
669,235,16,0.02288,193.67,96.15,201.92,113.23
670,235,16,0.02215,174.36,97.97,184.54,115.98
671,235,16,0.01733,209.01,95.88,218.13,111.11
672,235,16,0.00819,213.56,87.95,224.18,99.11
673,235,16,0.00771,252.52,88.13,261.37,97.59
674,235,16,0.00648,0.19,114.8,10.77,141.28
675,235,16,0.00175,209.62,88.57,221.44,110.9
676,235,16,0.00141,0.0,127.85,2.13,144.85
677,237,15,0.79053,274.91,152.83,304.75,180.86
678,237,15,0.78809,349.51,122.98,379.35,150.11
679,237,15,0.76758,357.2,178.6,399.7,214.77
680,237,7,0.00126,453.96,166.39,463.0,183.57
681,238,2,0.8501,233.33,68.98,248.28,83.67
682,238,2,0.84375,171.08,43.58,189.76,57.52
683,238,2,0.84375,255.5,52.05,272.43,65.74
684,238,2,0.83008,204.2,27.52,218.64,42.96
685,239,7,0.88965,110.88,93.38,135.34,114.96
686,239,7,0.81885,75.04,182.21,102.85,201.87
687,242,8,0.67236,58.57,5.66,152.02,74.99
688,242,8,0.37207,118.95,10.2,153.84,71.37
689,242,14,0.0824,39.71,10.65,56.92,49.62
690,242,8,0.00677,38.57,7.93,57.94,49.39
691,242,8,0.0038,0.03,0.45,29.2,78.16
692,242,8,0.00361,0.02,22.09,8.87,54.71
693,242,5,0.00204,0.06,1.36,23.79,55.51
694,242,8,0.00114,232.91,0.45,289.09,44.63
695,242,5,0.00104,0.11,21.07,9.91,54.6
696,242,16,0.00104,297.7,45.09,314.02,61.4
697,242,8,0.00104,0.0,0.0,31.95,158.14
698,244,8,0.83643,18.8,146.22,60.41,179.76
699,244,14,0.80078,190.61,143.26,219.21,213.79
700,244,14,0.7041,242.64,157.57,268.28,198.01
701,244,14,0.604,132.66,160.77,146.47,181.48
702,244,14,0.42432,100.73,142.03,116.63,180.5
703,244,14,0.04037,0.0,129.21,3.94,161.26
704,244,14,0.03247,189.01,157.81,202.32,187.4
705,244,14,0.01554,134.39,160.28,146.22,175.57
706,244,14,0.01549,0.05,129.21,6.67,166.69
707,244,14,0.01037,501.55,171.62,505.0,204.17
708,244,14,0.01021,36.8,144.5,54.56,163.24
709,244,14,0.00867,134.39,157.32,151.15,179.02
710,244,14,0.00793,496.12,167.68,505.0,222.91
711,244,14,0.00677,500.56,172.11,505.0,215.51
712,244,14,0.00659,501.05,167.68,505.0,197.27
713,244,14,0.00455,62.14,141.54,81.37,175.07
714,244,14,0.00407,0.05,123.91,8.84,172.11
715,244,14,0.00401,102.39,146.22,114.97,170.88
716,244,14,0.00371,139.57,157.81,150.91,173.59
717,244,14,0.00338,354.09,163.24,375.79,190.36
718,244,14,0.00334,100.24,138.83,116.51,166.94
719,244,14,0.00294,59.49,146.96,76.38,174.09
720,244,14,0.00283,495.14,148.2,505.0,213.29
721,244,14,0.00232,0.0,130.94,8.73,193.07
722,244,14,0.00216,495.14,163.73,505.0,198.25
723,244,14,0.00165,0.0,120.09,3.03,158.06
724,244,8,0.00147,240.29,156.83,286.53,198.25
725,244,14,0.00128,42.35,142.52,56.53,161.26
726,244,14,0.00127,23.92,142.52,51.97,160.28
727,244,14,0.00126,95.92,127.73,118.85,179.51
728,244,14,0.00124,498.59,151.4,505.0,197.76
729,244,14,0.00111,125.39,158.06,147.83,184.2
730,244,8,0.00109,185.18,142.52,241.4,213.54
731,244,14,0.00107,188.88,159.79,207.13,206.14
732,245,5,0.81418,135.03,176.15,168.08,200.61
733,245,5,0.79916,364.77,229.86,424.08,246.68
734,245,5,0.73707,172.44,178.46,205.63,199.34
735,245,5,0.665,71.04,148.99,91.26,167.13
736,245,5,0.58787,134.02,163.21,152.55,177.22
737,245,5,0.53395,20.05,133.49,35.47,147.81
738,245,5,0.2541,20.81,132.74,34.15,141.33
739,245,5,0.22973,207.24,178.74,242.45,204.12
740,245,8,0.20812,19.91,168.94,30.92,180.83
741,245,5,0.20642,207.76,178.94,266.55,231.82
742,245,14,0.02119,17.62,160.7,25.63,170.57
743,245,5,0.01842,70.89,145.74,90.1,155.59
744,245,5,0.01793,191.92,197.47,266.52,234.12
745,245,5,0.01745,207.59,179.2,250.6,213.04
746,245,5,0.01388,218.94,191.67,266.15,233.22
747,245,8,0.01139,19.17,166.83,26.15,171.77
748,245,14,0.00924,17.83,159.06,24.65,165.52
749,245,8,0.00854,16.35,161.83,24.39,170.87
750,245,14,0.00681,19.43,158.6,26.12,165.95
751,245,5,0.00671,157.08,161.68,186.27,186.56
752,245,5,0.00467,134.25,162.76,151.58,172.04
753,245,8,0.00302,17.39,164.65,23.1,171.44
754,245,5,0.00293,0.0,142.73,4.31,166.58
755,245,5,0.00248,19.59,169.76,31.03,180.92
756,245,5,0.0022,351.88,229.69,403.11,246.27
757,245,5,0.00207,138.52,161.34,185.83,188.07
758,245,5,0.00137,266.85,152.27,314.87,165.99
759,245,14,0.00113,0.01,189.43,3.98,216.73
760,245,14,0.00108,0.03,181.64,6.07,206.01
761,245,5,0.00106,134.55,153.98,146.16,163.24
762,247,15,0.87867,141.08,59.88,163.11,84.21
763,247,15,0.86246,207.24,57.91,230.64,84.78
764,252,7,0.82764,376.44,167.63,401.3,185.18
765,252,2,0.30396,477.31,159.35,496.32,176.89
766,252,2,0.0035,495.1,165.68,499.0,188.1
767,252,8,0.00291,340.14,2.92,420.06,80.41
768,252,2,0.00122,491.2,166.41,499.0,188.34
769,257,5,0.78963,151.58,181.94,190.12,208.2
770,257,5,0.06929,385.12,195.13,437.64,244.35
771,257,5,0.00603,329.93,173.46,418.87,226.95
772,257,5,0.00411,138.41,141.86,148.01,148.89
773,257,5,0.00315,313.98,221.0,385.23,246.45
774,257,5,0.00145,312.39,224.7,352.75,246.3
775,257,5,0.00138,231.96,192.77,272.17,210.22
776,258,11,0.89307,241.14,134.9,265.35,155.16
777,258,10,0.8916,326.38,7.54,344.66,30.02
778,258,10,0.88574,412.61,123.91,434.35,145.77
779,258,9,0.88184,299.94,109.21,322.67,128.97
780,258,17,0.87988,365.66,88.7,382.96,105.5
781,258,17,0.87256,342.93,49.17,360.72,66.46
782,258,17,0.63525,267.33,51.88,288.08,73.13
783,267,15,0.94482,393.62,156.28,444.58,206.76
784,268,1,0.25757,367.9,12.28,448.36,103.03
785,268,16,0.07721,368.14,11.46,449.53,101.51
786,268,3,0.04486,368.14,12.05,448.59,103.49
787,268,0,0.04352,368.84,11.69,448.83,101.97
788,268,3,0.00508,188.04,137.53,319.02,243.24
789,268,1,0.00223,441.11,0.7,479.0,29.47
790,268,6,0.00147,186.52,137.53,319.49,242.31
791,268,16,0.00123,440.64,0.41,479.0,29.94
792,269,6,0.88623,377.48,182.37,450.04,219.62
793,269,15,0.88086,299.04,164.23,318.65,188.74
794,273,9,0.81641,275.29,201.27,298.06,218.1
795,273,17,0.81299,345.34,157.94,360.69,173.79
796,273,9,0.77734,175.77,185.17,195.57,203.99
797,273,9,0.26733,252.26,161.16,271.57,173.54
798,273,11,0.00184,176.01,185.17,195.32,203.99
799,273,2,0.00174,504.52,120.68,507.0,135.66
800,276,14,0.83984,325.97,122.71,352.66,189.91
801,276,16,0.81055,67.97,180.38,91.56,213.74
802,276,16,0.78516,14.54,183.95,36.4,219.7
803,276,16,0.74023,142.97,175.38,163.22,205.88
804,276,16,0.72949,172.28,172.52,192.29,201.11
805,276,16,0.72949,105.92,177.76,127.48,209.69
806,276,16,0.63525,199.08,171.8,216.96,197.06
807,276,16,0.5293,221.84,172.52,239.0,197.3
808,276,16,0.49805,243.52,171.56,261.63,196.34
809,276,16,0.44751,263.54,170.61,281.65,192.53
810,276,16,0.36841,202.3,172.04,239.0,197.3
811,276,16,0.26294,246.86,170.13,280.22,193.01
812,276,16,0.24939,265.45,169.66,299.76,192.53
813,276,16,0.23303,301.66,168.23,325.49,188.24
814,276,16,0.20312,225.41,171.56,261.16,196.34
815,276,16,0.19934,284.51,169.66,300.71,190.62
816,276,16,0.13025,316.68,167.27,329.07,188.24
817,276,16,0.12854,355.99,165.37,378.87,181.57
818,276,16,0.11963,285.94,168.23,324.54,189.2
819,276,16,0.07922,360.28,166.8,389.83,179.19
820,276,16,0.07532,175.14,172.04,216.6,197.3
821,276,16,0.06372,399.36,162.75,410.8,178.0
822,276,16,0.06348,399.84,162.03,418.9,177.28
823,276,16,0.06076,307.14,168.46,348.13,187.05
824,276,16,0.04831,379.34,164.18,389.83,179.9
825,276,16,0.04337,389.59,163.46,399.12,179.19
826,276,16,0.03845,143.68,174.9,190.39,203.02
827,276,16,0.03488,379.11,166.8,415.32,178.23
828,276,16,0.03397,368.86,164.89,380.3,180.14
829,276,16,0.03198,355.28,165.37,369.1,181.57
830,276,16,0.03114,310.0,163.94,373.86,186.81
831,276,16,0.02744,398.17,166.08,423.43,177.52
832,276,16,0.02615,343.36,166.08,355.28,183.24
833,276,16,0.02419,215.17,173.95,272.36,195.87
834,276,14,0.02121,483.23,138.68,488.0,172.99
835,276,16,0.02097,408.41,162.27,427.95,175.61
836,276,14,0.01263,479.42,138.68,488.0,172.99
837,276,16,0.01112,408.41,162.03,416.99,175.38
838,276,16,0.01025,348.37,164.89,368.38,182.05
839,276,16,0.00978,399.36,162.51,430.81,176.8
840,276,16,0.00916,417.47,162.03,427.0,175.85
841,276,16,0.00871,368.86,163.94,387.92,180.14
842,276,16,0.00871,67.91,179.66,108.54,212.07
843,276,16,0.00829,481.33,142.25,488.0,173.23
844,276,16,0.00784,417.23,162.03,432.96,176.33
845,276,16,0.00732,246.38,172.99,341.7,193.96
846,276,16,0.0068,401.74,166.8,430.81,179.19
847,276,16,0.00485,411.27,162.27,421.76,174.66
848,276,16,0.00468,106.87,177.52,159.53,206.59
849,276,16,0.00389,70.77,172.99,126.53,216.36
850,276,16,0.00382,485.14,144.16,488.0,173.71
851,276,16,0.00352,424.38,162.27,433.43,176.09
852,276,14,0.00338,0.42,108.78,28.47,151.55
853,276,16,0.0033,75.18,178.71,89.71,191.1
854,276,16,0.00325,282.12,123.91,332.16,182.05
855,276,16,0.00312,394.59,159.17,428.91,173.47
856,276,16,0.00305,356.47,143.68,392.69,175.61
857,276,14,0.00253,482.28,137.73,488.0,162.51
858,276,16,0.00253,428.91,153.45,438.44,164.89
859,276,16,0.00252,261.63,99.6,325.49,183.0
860,276,16,0.00241,414.85,162.51,422.47,173.95
861,276,16,0.00241,244.0,172.52,387.92,198.25
862,276,16,0.00224,372.67,145.83,413.66,174.42
863,276,16,0.00208,15.04,183.24,41.28,208.97
864,276,16,0.00204,20.43,182.52,32.11,193.01
865,276,16,0.00196,294.52,133.44,340.27,182.52
866,276,16,0.00188,226.37,172.04,241.62,193.48
867,276,16,0.00182,285.46,159.41,328.35,186.1
868,276,14,0.00176,0.0,127.24,28.65,152.02
869,276,16,0.00166,76.61,177.28,85.54,184.91
870,276,16,0.0015,245.19,103.18,307.62,182.76
871,276,8,0.00144,0.06,104.61,27.16,151.79
872,276,16,0.00143,247.81,170.85,264.97,193.72
873,276,16,0.00141,145.35,170.13,193.48,193.96
874,276,16,0.00139,342.65,130.58,381.73,179.19
875,276,16,0.00132,19.93,182.76,28.21,191.82
876,276,16,0.00132,299.76,155.36,329.3,186.81
877,276,16,0.00131,79.71,178.71,91.74,189.2
878,276,16,0.00129,0.1,199.2,6.29,213.98
879,276,16,0.00123,313.82,131.53,368.62,183.95
880,276,16,0.00121,314.05,164.89,346.46,191.1
881,276,16,0.00113,23.98,181.57,30.35,187.77
882,276,16,0.00109,149.88,173.47,163.46,187.29
883,276,14,0.00106,326.45,123.67,352.18,160.84
884,293,2,0.89844,65.56,184.7,84.26,197.47
885,293,2,0.86621,141.72,176.49,160.65,190.63
886,293,2,0.85889,25.17,163.72,44.04,177.86
887,293,2,0.84277,103.41,161.44,120.51,174.67
888,296,17,0.77197,142.22,142.46,161.68,161.68
889,296,17,0.71045,73.75,178.01,95.13,201.56
890,296,2,0.17664,194.11,115.79,216.21,135.97
891,297,15,0.92731,340.34,4.94,381.65,51.94
892,297,15,0.90719,325.57,113.22,366.01,158.28
893,300,2,0.86428,394.54,43.07,414.98,72.87
894,300,2,0.85521,293.36,52.13,316.45,80.58
895,304,2,0.87259,232.12,97.1,255.7,132.73
896,304,2,0.8229,239.27,18.87,265.63,40.7
897,305,15,0.88184,225.79,194.97,260.53,229.71
898,308,3,0.90582,284.43,136.88,330.42,188.06
899,308,13,0.88415,324.68,80.45,358.06,115.33
900,308,1,0.86419,377.47,100.84,414.09,138.29
901,308,3,0.8476,362.35,149.5,454.27,178.31
902,308,3,0.84607,212.21,130.01,285.59,156.04
903,308,14,0.00149,0.0,93.14,20.57,210.36
904,316,10,0.82093,85.5,105.0,101.84,119.28
905,316,17,0.76697,149.79,135.12,163.51,148.91
906,316,17,0.71247,128.28,146.62,141.57,160.7
907,316,10,0.68578,61.5,115.33,75.45,130.62
908,316,11,0.51381,126.37,104.28,143.76,117.66
909,316,11,0.40281,105.72,128.29,120.6,143.71
910,316,10,0.35234,59.46,135.84,74.6,152.5
911,316,10,0.27937,82.05,147.84,98.98,162.45
912,316,9,0.13145,59.49,135.78,74.87,152.3
913,316,1,0.04538,81.9,147.66,99.1,162.61
914,316,13,0.00389,106.23,128.79,121.45,144.2
915,316,13,0.00203,128.02,146.91,141.66,160.84
916,318,8,0.88179,174.75,16.73,240.32,124.7
917,318,14,0.83175,397.05,2.48,426.62,74.0
918,318,14,0.79157,54.11,23.91,72.21,68.95
919,318,14,0.75797,143.59,20.31,160.01,59.91
920,318,8,0.70824,159.03,10.25,182.83,59.81
921,318,14,0.5609,22.95,20.93,47.83,69.8
922,318,14,0.5117,158.9,11.5,181.52,59.74
923,318,8,0.02625,0.08,35.52,6.56,74.99
924,318,8,0.00683,146.76,11.4,187.75,65.93
925,318,5,0.0065,276.82,20.52,318.74,50.36
926,318,8,0.00565,183.39,16.53,240.95,55.07
927,318,14,0.00443,70.74,24.31,82.14,46.97
928,318,8,0.00254,0.01,30.43,4.62,71.18
929,318,8,0.0017,392.92,2.29,444.63,74.42
930,318,14,0.00161,396.83,24.87,423.24,71.28
931,318,8,0.00137,44.94,23.1,86.74,70.93
932,318,14,0.00132,0.0,43.9,4.64,77.7
933,318,8,0.00114,0.02,27.39,5.85,88.94
934,319,15,0.89176,134.58,160.04,157.05,182.55
935,319,15,0.8856,86.0,151.91,107.89,171.47
936,329,8,0.74765,414.64,5.84,491.0,69.18
937,329,8,0.18399,470.32,2.76,491.0,56.98
938,329,14,0.02005,0.0,57.88,11.38,154.89
939,329,15,0.01908,242.74,77.82,291.66,115.46
940,329,8,0.00746,431.58,1.86,491.0,56.92
941,329,14,0.007,0.0,27.04,84.79,226.0
942,329,8,0.00699,477.01,9.99,491.0,55.95
943,329,8,0.00572,483.49,10.51,491.0,55.51
944,329,14,0.00257,0.0,27.48,43.09,200.1
945,329,8,0.00253,478.03,0.0,491.0,41.75
946,329,8,0.00241,0.01,11.8,13.2,74.38
947,329,14,0.00233,128.28,156.56,139.57,170.22
948,329,8,0.00158,0.0,6.64,32.12,164.26
949,329,14,0.00157,0.02,17.31,30.37,171.44
950,329,14,0.00145,482.48,41.34,491.0,115.29
951,331,7,0.92407,109.35,62.39,174.06,112.04
952,331,7,0.92108,168.48,15.49,235.34,60.69
953,331,14,0.00699,0.42,22.96,34.82,231.06
954,331,14,0.00408,0.0,20.67,70.58,229.92
955,336,1,0.91211,89.78,76.47,132.42,117.98
956,336,0,0.88232,232.8,134.9,285.59,185.43
957,336,0,0.84082,302.74,36.09,348.76,79.18
958,336,1,0.00208,302.29,35.42,348.76,78.73
959,336,3,0.00145,275.21,76.14,304.99,104.33
960,342,15,0.87158,304.09,21.66,331.61,49.18
961,342,15,0.81543,291.91,95.87,324.39,124.75
962,342,15,0.79443,403.8,60.91,443.05,91.59
963,342,15,0.002,456.13,0.0,462.0,33.39
964,342,15,0.00155,456.59,0.56,462.0,21.99
965,343,17,0.82114,31.67,76.08,54.68,98.81
966,343,17,0.61871,160.17,12.26,179.66,32.49
967,343,11,0.00263,160.08,12.35,179.7,32.91
968,344,2,0.87061,403.65,106.02,428.94,140.55
969,344,2,0.01772,488.27,84.13,498.0,113.8
970,344,17,0.00114,476.6,229.55,492.16,244.14
971,347,7,0.88721,322.76,167.56,349.72,195.41
972,348,16,0.85591,0.41,100.81,22.05,129.87
973,348,8,0.84459,378.88,83.54,406.93,114.36
974,348,16,0.83775,66.57,99.97,85.65,125.54
975,348,16,0.83438,45.39,101.1,66.06,128.72
976,348,16,0.82119,23.41,101.88,44.65,129.75
977,348,14,0.80063,380.71,64.84,405.21,88.88
978,348,16,0.76985,86.71,98.53,104.8,122.83
979,348,16,0.6652,104.21,98.62,119.93,121.0
980,348,16,0.62849,119.3,97.69,133.17,119.4
981,348,16,0.62554,133.43,97.61,146.86,117.59
982,348,16,0.58584,158.34,96.71,171.31,114.5
983,348,16,0.57548,145.98,97.1,158.11,115.67
984,348,16,0.55853,269.96,88.17,278.25,97.17
985,348,8,0.55276,412.22,82.18,426.88,99.49
986,348,16,0.52835,192.59,94.72,201.56,111.26
987,348,16,0.51313,202.0,94.58,212.01,110.4
988,348,16,0.48416,211.55,93.84,219.72,109.25
989,348,16,0.47142,182.4,94.52,192.91,112.61
990,348,16,0.45785,171.56,95.45,182.64,113.3
991,348,16,0.45173,219.49,94.14,227.61,108.48
992,348,16,0.4494,226.99,93.47,235.11,107.14
993,348,16,0.31222,231.82,87.06,240.39,95.95
994,348,14,0.13204,412.27,75.5,422.0,87.52
995,348,16,0.07251,229.14,94.03,237.14,107.54
996,348,14,0.02836,415.12,76.05,426.21,87.99
997,348,16,0.02018,231.49,94.3,240.81,107.32
998,348,16,0.01976,0.02,104.39,4.0,128.1
999,348,16,0.01751,279.25,83.81,286.46,91.95
1000,348,16,0.01599,191.02,95.29,205.44,109.4
1001,348,14,0.01221,382.28,79.46,404.21,89.25
1002,348,16,0.00846,311.42,88.08,321.19,102.76
1003,348,5,0.00733,370.39,80.06,381.2,95.44
1004,348,14,0.00448,485.06,14.78,499.0,110.07
1005,348,16,0.0042,0.0,111.61,3.46,130.11
1006,348,16,0.00407,318.72,87.98,334.14,103.57
1007,348,14,0.00293,407.74,75.47,420.71,87.72
1008,348,16,0.00282,0.0,113.64,2.82,136.32
1009,348,16,0.00277,277.74,85.37,284.45,92.15
1010,348,16,0.00272,308.05,87.91,314.01,101.1
1011,348,16,0.00263,279.17,77.68,289.13,92.41
1012,348,16,0.00263,0.0,101.28,2.9,123.17
1013,348,16,0.00224,219.06,90.48,227.4,95.63
1014,348,16,0.00199,232.22,98.4,240.81,108.07
1015,348,16,0.00196,302.26,87.3,310.48,101.66
1016,348,16,0.00164,255.63,89.54,264.86,98.68
1017,348,16,0.00156,267.93,89.15,280.71,103.79
1018,348,16,0.00152,330.44,93.04,337.17,103.47
1019,348,16,0.00136,266.7,88.45,277.38,97.86
1020,348,16,0.00113,0.05,99.87,1.62,112.98
1021,348,16,0.00108,171.41,95.69,196.54,110.76
1022,348,8,0.00102,369.52,79.92,380.45,95.38
1023,348,16,0.00102,266.9,91.49,276.22,98.53
1024,348,16,0.001,0.04,97.18,1.39,103.82
1025,348,14,0.001,215.9,76.62,228.71,93.54
1026,350,17,0.78809,101.13,50.62,116.13,65.62
1027,350,2,0.66357,46.35,62.34,65.57,80.16
1028,350,17,0.58691,145.78,41.95,160.31,57.89
1029,350,2,0.00122,145.78,41.95,160.78,58.59
1030,352,2,0.86133,66.05,160.48,86.48,189.83
1031,353,9,0.8208,373.05,196.84,396.41,213.74
1032,353,17,0.80176,444.88,152.35,460.78,169.25
1033,353,9,0.58154,350.43,156.58,368.33,170.0
1034,353,9,0.39795,273.39,181.93,293.27,200.82
1035,353,6,0.00329,500.05,83.26,509.0,110.1
1036,353,12,0.00248,273.39,181.93,292.77,200.82
1037,354,15,0.85925,131.76,45.95,153.35,68.9
1038,354,15,0.8254,93.57,87.36,114.52,105.53
1039,354,7,0.79614,182.3,84.36,203.52,102.35
1040,354,7,0.73334,39.03,85.09,57.87,105.12
1041,354,7,0.28185,188.61,58.36,200.3,67.49
1042,354,17,0.00343,61.79,53.64,77.47,66.93
1043,354,7,0.00329,187.33,54.27,200.37,67.05
1044,355,15,0.882,384.48,170.15,405.4,190.59
1045,355,15,0.8786,264.73,174.18,285.65,197.17
1046,355,14,0.00624,478.63,155.66,488.0,252.3
1047,355,5,0.00404,401.68,213.77,486.15,254.76
1048,355,14,0.00116,480.69,211.16,488.0,255.0
1049,356,10,0.84814,130.68,181.12,153.81,204.26
1050,356,10,0.8418,202.04,127.97,223.7,150.12
1051,356,11,0.00629,351.67,96.96,375.79,118.62
1052,356,11,0.00452,338.38,86.99,356.59,102.25
1053,356,11,0.0023,364.22,102.13,379.97,116.4
1054,356,11,0.00192,499.57,10.21,504.0,25.22
1055,356,16,0.00108,500.06,11.81,504.0,23.13
1056,359,17,0.85809,403.15,133.59,426.78,154.21
1057,359,17,0.54458,235.7,165.7,260.59,188.09
1058,366,15,0.89147,380.51,17.51,399.89,34.29
1059,366,15,0.8845,407.44,12.14,423.91,26.95
1060,366,5,0.6379,0.66,32.98,316.44,228.91
1061,366,8,0.00328,0.0,21.81,49.46,208.98
1062,366,5,0.00184,115.42,26.48,435.13,225.59
1063,366,8,0.00117,0.0,36.34,81.97,230.0
1064,368,2,0.88086,49.2,59.66,75.01,91.35
1065,368,2,0.87842,184.93,104.1,209.68,137.64
1066,368,2,0.87646,250.78,58.42,273.55,90.11
1067,368,2,0.8623,167.1,11.88,188.14,41.34
1068,369,2,0.84871,274.83,144.23,312.93,187.94
1069,369,17,0.80575,409.25,171.92,429.75,192.58
1070,369,17,0.76181,305.07,97.56,321.99,115.94
1071,371,2,0.86816,337.99,179.37,359.73,209.02
1072,371,2,0.86328,260.66,137.12,279.93,163.81
1073,371,2,0.84912,429.16,138.85,448.43,165.54
1074,371,2,0.84814,316.25,110.19,334.53,134.9
1075,371,14,0.00112,367.39,39.28,414.34,143.79
1076,379,15,0.86328,245.22,108.4,271.0,133.95
1077,379,15,0.83984,166.66,80.58,193.88,107.57
1078,379,15,0.82764,240.44,67.81,262.41,88.58
1079,382,15,0.91283,103.62,92.98,122.74,111.51
1080,382,15,0.8964,52.25,93.72,67.07,109.91
1081,382,5,0.00217,481.2,207.17,492.0,244.72
1082,382,5,0.00164,486.99,212.41,492.0,234.28
1083,383,10,0.8851,109.99,70.24,126.9,84.81
1084,383,17,0.88311,177.06,58.21,190.45,71.87
1085,383,10,0.88099,112.76,27.59,129.38,41.88
1086,383,17,0.84288,155.63,69.62,169.12,83.44
1087,383,10,0.82083,89.26,37.96,103.34,53.36
1088,383,11,0.81193,153.36,27.09,171.02,40.7
1089,383,11,0.6688,133.36,50.94,148.19,66.37
1090,383,17,0.18469,87.55,58.32,102.74,74.93
1091,383,10,0.16068,87.46,58.43,102.62,75.08
1092,384,2,0.85474,154.28,153.09,184.91,180.86
1093,384,2,0.84344,30.08,144.48,66.35,172.76
1094,384,2,0.01904,486.48,68.91,491.0,94.71
1095,384,2,0.0083,480.15,51.66,491.0,73.67
1096,384,2,0.00763,482.31,68.72,491.0,95.38
1097,384,17,0.00148,137.47,2.63,153.18,16.01
1098,384,11,0.0013,160.46,1.93,171.58,14.7
1099,385,15,0.94283,281.47,103.52,353.51,172.84
1100,385,15,0.93335,116.33,111.74,175.53,171.64
1101,385,15,0.00169,323.71,101.15,333.14,107.89
1102,392,5,0.78975,36.18,84.41,56.74,102.36
1103,392,14,0.77045,265.23,67.48,277.85,113.21
1104,392,16,0.09319,0.06,90.87,5.51,113.64
1105,392,8,0.01328,73.66,86.23,83.36,105.28
1106,392,14,0.01111,7.34,75.44,20.25,100.52
1107,392,16,0.0087,482.37,77.03,487.0,99.3
1108,392,14,0.00639,71.09,76.63,82.7,87.7
1109,392,16,0.00627,6.94,75.6,20.24,100.33
1110,392,14,0.006,269.21,77.47,278.94,113.63
1111,392,14,0.0054,272.86,78.69,281.04,112.58
1112,392,16,0.00535,16.11,91.17,24.1,104.82
1113,392,16,0.005,275.35,109.43,280.58,114.97
1114,392,14,0.00467,0.0,78.18,3.9,110.14
1115,392,14,0.00431,479.71,74.82,487.0,118.85
1116,392,16,0.00428,16.78,97.34,24.12,105.39
1117,392,16,0.00325,479.97,76.58,487.0,103.87
1118,392,8,0.00319,69.3,85.18,82.07,104.23
1119,392,14,0.00292,479.22,69.03,487.0,186.96
1120,392,16,0.00278,0.0,95.57,2.65,119.55
1121,392,16,0.00276,0.07,97.82,5.96,118.0
1122,392,14,0.00268,479.15,72.26,487.0,140.74
1123,392,16,0.00239,0.95,97.91,10.01,112.25
1124,392,16,0.00236,399.55,80.03,408.33,100.79
1125,392,16,0.00228,16.65,90.86,22.5,100.01
1126,392,16,0.00152,409.72,77.73,421.58,94.66
1127,392,16,0.00138,400.6,78.29,414.92,111.34
1128,392,17,0.00126,117.87,185.11,126.63,195.24
1129,392,5,0.00112,32.45,82.78,48.97,100.68
1130,400,2,0.8293,373.2,33.41,419.22,69.2
1131,400,17,0.80354,406.85,105.74,429.46,127.85
1132,400,17,0.68902,257.43,78.12,277.81,100.32
1133,400,17,0.03534,118.37,190.88,157.59,225.27
1134,400,17,0.00567,477.05,125.76,481.0,154.58
1135,400,9,0.00104,253.76,98.88,278.65,131.06
1136,402,7,0.90937,217.3,77.09,248.58,102.06
1137,402,7,0.88446,396.46,51.23,422.37,74.33
1138,404,10,0.84334,345.58,117.2,362.05,133.7
1139,404,9,0.83508,415.99,118.78,439.22,139.98
1140,404,9,0.78709,309.4,158.17,328.39,173.97
1141,404,17,0.78111,303.69,207.17,318.95,222.23
1142,404,10,0.74205,299.68,106.42,315.96,122.47
1143,404,9,0.57499,357.38,160.62,376.3,176.71
1144,404,4,0.0016,173.78,1.49,223.27,21.05
1145,405,7,0.89844,186.38,169.0,213.38,194.0
1146,405,7,0.79199,38.25,190.0,69.25,210.0
1147,405,7,0.00423,126.12,85.5,158.88,114.0
1148,406,3,0.86621,311.54,57.85,367.43,103.44
1149,406,12,0.86084,248.67,72.68,280.9,102.83
1150,406,3,0.85889,138.37,70.47,210.19,120.23
1151,406,0,0.8501,230.9,4.9,261.29,36.77
1152,406,3,0.83105,200.51,156.88,290.95,196.09
1153,406,12,0.79688,117.35,39.46,149.77,68.88
1154,406,0,0.77881,89.1,134.81,126.36,170.11
1155,406,1,0.00822,496.61,0.74,502.0,9.56
1156,406,3,0.0058,0.0,194.62,20.51,226.98
1157,406,3,0.00187,0.0,197.56,20.96,246.59
1158,406,3,0.0015,0.02,86.53,8.61,157.86
1159,406,3,0.00136,207.37,103.44,291.93,193.15
1160,406,12,0.00104,0.04,150.5,7.87,163.25
1161,408,2,0.86159,208.58,68.19,225.92,90.62
1162,408,2,0.82286,226.17,42.31,243.32,63.88
1163,409,17,0.8833,311.98,171.67,329.97,189.18
1164,409,10,0.87256,321.95,202.8,341.4,223.22
1165,409,9,0.86084,385.42,176.29,406.33,198.18
1166,409,10,0.85986,261.16,112.34,279.64,130.58
1167,409,17,0.85889,296.17,149.79,312.71,166.32
1168,409,11,0.83545,409.0,127.9,430.89,143.47
1169,409,9,0.8335,355.02,139.58,376.9,156.11
1170,409,3,0.00113,59.39,10.7,76.17,26.99
1171,410,3,0.89532,282.88,172.22,421.43,240.3
1172,410,13,0.88019,326.24,21.98,375.2,72.63
1173,410,12,0.86445,178.99,159.95,224.85,204.6
1174,410,4,0.79697,189.24,19.33,247.92,120.51
1175,410,0,0.57617,263.56,84.0,313.7,134.71
1176,410,12,0.50531,263.72,83.81,313.32,133.94
1177,410,1,0.21741,263.27,84.47,312.89,134.89
1178,410,3,0.03942,188.95,17.31,248.22,120.74
1179,410,0,0.01041,0.05,1.3,8.47,13.27
1180,411,2,0.88818,219.4,177.53,254.81,218.68
1181,411,7,0.86719,211.26,136.86,243.09,160.78
1182,411,17,0.00126,279.45,148.34,291.89,166.52
1183,411,2,0.00112,392.14,27.75,408.41,52.4
1184,412,15,0.89648,66.23,199.62,103.72,235.04
1185,413,14,0.28052,413.42,7.43,507.0,248.55
1186,413,14,0.03949,273.3,0.8,304.99,41.34
1187,413,15,0.03125,274.29,159.43,338.66,201.02
1188,413,14,0.00624,436.69,54.46,506.5,253.5
1189,413,14,0.00346,339.16,4.46,507.0,251.52
1190,420,10,0.88227,230.09,87.01,248.13,106.64
1191,420,9,0.87321,146.09,82.22,163.5,105.0
1192,420,10,0.7941,235.53,25.61,252.7,42.46
1193,420,9,0.47743,46.29,124.05,63.41,140.74
1194,420,17,0.42449,46.39,124.09,63.27,140.67
1195,420,17,0.38004,147.47,140.79,164.6,161.6
1196,420,10,0.31779,147.3,140.72,164.89,161.64
1197,420,9,0.18713,147.41,140.71,164.8,161.63
1198,420,17,0.09913,243.6,170.53,268.67,196.0
1199,420,10,0.07784,243.56,170.56,268.66,196.18
1200,420,14,0.00945,0.06,40.28,35.8,242.04
1201,420,3,0.00243,456.22,56.74,486.96,85.79
1202,422,2,0.84473,84.52,156.94,97.6,175.34
1203,422,2,0.83545,136.96,141.92,148.1,159.36
1204,422,2,0.83203,39.6,133.69,52.55,151.12
1205,422,2,0.82227,98.93,128.84,110.56,145.31
1206,424,6,0.85791,105.75,56.58,161.74,79.79
1207,424,15,0.82764,106.83,19.5,126.21,38.64
1208,424,15,0.82666,140.44,102.4,167.72,128.0
1209,424,17,0.09039,192.12,67.59,209.35,85.77
1210,424,3,0.02289,192.12,67.83,209.35,85.53
1211,424,6,0.00204,106.83,20.1,126.09,38.76
1212,426,3,0.90958,248.99,164.78,295.56,230.07
1213,426,3,0.89576,258.27,107.61,319.66,159.16
1214,426,1,0.88993,189.55,51.05,222.27,85.64
1215,426,13,0.88904,164.72,112.05,198.11,145.81
1216,426,3,0.86233,240.98,9.82,276.98,86.57
1217,427,15,0.90766,112.49,160.68,131.8,179.46
1218,427,15,0.88462,61.38,161.15,76.31,177.6
1219,428,7,0.9122,68.42,155.33,118.3,196.29
1220,428,7,0.91178,406.79,144.38,471.74,193.9
1221,429,2,0.8291,186.28,31.5,219.03,63.25
1222,429,2,0.00578,219.27,2.36,239.12,33.11
1223,429,2,0.0015,0.01,41.3,6.71,70.32
1224,429,2,0.00127,503.04,108.64,508.0,149.82
1225,429,2,0.00116,0.13,28.53,8.45,53.83
1226,432,10,0.87988,411.75,84.18,442.14,108.79
1227,432,17,0.80908,158.96,63.08,180.18,85.27
1228,432,9,0.77441,283.18,21.23,314.06,43.9
1229,432,9,0.66553,276.19,125.67,305.61,149.79
1230,432,11,0.20813,275.95,125.43,305.86,149.55
1231,432,11,0.08362,427.43,115.06,464.09,154.62
1232,432,11,0.00449,491.11,4.34,494.0,25.57
1233,434,16,0.85323,13.29,151.12,35.71,179.4
1234,434,16,0.82179,35.92,149.74,57.7,177.48
1235,434,14,0.76763,243.9,102.36,262.66,150.0
1236,434,16,0.7221,57.29,148.41,77.39,174.21
1237,434,16,0.70818,0.13,149.06,12.65,180.77
1238,434,16,0.59258,77.68,146.67,96.84,171.46
1239,434,14,0.55877,191.41,107.61,211.24,133.45
1240,434,5,0.41286,365.63,122.28,380.98,137.88
1241,434,16,0.31935,95.96,145.59,112.39,169.09
1242,434,8,0.30638,380.97,125.84,393.52,142.12
1243,434,16,0.17234,111.34,144.86,125.86,167.47
1244,434,16,0.13452,125.13,144.14,139.85,165.15
1245,434,16,0.09145,138.35,142.89,151.5,163.04
1246,434,16,0.0808,150.84,142.11,165.02,161.71
1247,434,14,0.07622,381.27,116.75,392.84,128.69
1248,434,16,0.0476,195.41,137.92,206.29,156.22
1249,434,16,0.04345,185.42,139.28,195.76,157.38
1250,434,16,0.03628,164.26,141.28,176.0,159.84
1251,434,16,0.03503,175.3,140.4,186.33,159.06
1252,434,16,0.02315,219.85,137.07,229.57,153.2
1253,434,16,0.02183,205.34,137.24,213.2,155.17
1254,434,16,0.01671,212.1,136.32,221.34,153.92
1255,434,16,0.00586,264.7,131.68,272.67,140.93
1256,434,14,0.00461,327.1,108.4,340.03,136.11
1257,434,14,0.00428,196.9,107.48,214.85,134.81
1258,434,8,0.0034,191.66,126.24,210.11,141.59
1259,434,14,0.00258,192.68,107.29,213.77,125.36
1260,434,14,0.0025,382.64,117.43,394.3,132.9
1261,434,5,0.0017,365.79,116.52,390.87,138.12
1262,434,16,0.00161,0.0,149.5,10.4,168.72
1263,434,16,0.00134,225.94,131.7,234.03,141.9
1264,434,16,0.00118,185.82,140.55,200.19,155.33
1265,434,8,0.00109,395.53,123.06,406.16,137.94
1266,439,10,0.86044,390.3,52.78,409.74,69.0
1267,439,10,0.8207,450.94,29.21,468.72,45.38
1268,439,17,0.68033,309.62,12.89,323.01,26.17
1269,439,11,0.63283,319.68,43.19,335.53,61.37
1270,439,9,0.47415,366.36,28.46,384.37,44.77
1271,439,9,0.43236,319.72,43.13,335.38,61.07
1272,439,11,0.38446,366.45,28.55,384.43,44.9
1273,439,17,0.11333,317.13,86.62,342.23,110.51
1274,439,12,0.00455,317.04,86.39,342.34,110.64
1275,441,5,0.83984,109.51,22.43,135.44,46.55
1276,441,14,0.73389,470.36,60.18,481.94,86.96
1277,441,14,0.72021,417.78,46.79,428.39,71.64
1278,441,14,0.71533,431.29,49.21,442.86,74.78
1279,441,14,0.51562,391.73,44.87,398.48,64.16
1280,441,8,0.50781,375.57,47.88,388.59,64.77
1281,441,14,0.4187,385.94,43.18,393.17,63.44
1282,441,5,0.26587,176.57,2.41,193.45,15.92
1283,441,8,0.12085,0.0,14.59,6.47,29.31
1284,441,14,0.06372,388.35,43.66,396.07,63.68
1285,441,14,0.04602,386.18,42.94,392.93,54.27
1286,441,14,0.02759,376.77,47.28,386.42,61.75
1287,441,14,0.0237,378.22,46.55,384.97,56.68
1288,441,14,0.02121,379.67,45.47,387.38,57.77
1289,441,14,0.01956,393.66,49.81,399.45,63.8
1290,441,14,0.00571,432.25,48.97,441.9,63.92
1291,441,8,0.00516,0.26,1.21,12.95,11.34
1292,441,5,0.00516,0.11,1.93,13.58,14.47
1293,441,14,0.00504,383.04,43.54,388.83,51.02
1294,441,14,0.00483,478.08,48.48,486.76,60.06
1295,441,14,0.00465,477.12,48.6,487.73,65.49
1296,441,14,0.00422,489.66,49.69,494.0,71.4
1297,441,8,0.00391,490.14,51.14,494.0,71.64
1298,441,14,0.00331,295.72,17.13,303.44,34.01
1299,441,14,0.0024,418.74,46.67,427.91,60.18
1300,441,5,0.00197,487.25,49.45,494.0,70.67
1301,441,8,0.00161,487.25,51.38,494.0,71.16
1302,441,5,0.00143,456.37,42.94,473.74,57.41
1303,441,14,0.00115,379.42,44.62,384.73,50.65
1304,441,14,0.00114,0.05,9.77,5.84,24.97
1305,448,5,0.76057,452.22,61.78,490.93,88.1
1306,448,5,0.74422,100.47,82.16,179.17,138.01
1307,448,5,0.65591,104.3,81.98,146.31,107.97
1308,448,5,0.57835,61.03,38.88,79.0,55.61
1309,448,14,0.00983,486.08,92.76,491.0,124.75
1310,448,14,0.00567,486.09,106.73,491.0,126.17
1311,448,14,0.00558,484.71,95.01,491.0,136.38
1312,448,8,0.00343,355.48,55.73,373.06,72.25
1313,448,5,0.00322,0.07,0.09,7.13,15.32
1314,448,14,0.00292,481.93,77.25,491.0,135.65
1315,448,8,0.00218,0.0,11.86,3.42,35.89
1316,448,5,0.00213,405.22,59.89,447.56,79.64
1317,448,8,0.00185,485.48,105.86,491.0,126.39
1318,448,5,0.00166,481.98,72.4,491.0,87.06
1319,448,5,0.0012,0.04,13.1,4.14,34.75
1320,451,2,0.86931,160.97,22.83,181.51,50.0
1321,451,2,0.85813,199.42,64.5,225.58,85.81
1322,452,2,0.8665,274.77,124.39,297.14,152.98
1323,452,2,0.85027,375.06,117.25,394.93,146.69
1324,453,15,0.93809,30.27,125.26,102.65,191.02
1325,453,15,0.90207,59.88,78.87,116.58,136.17
1326,454,5,0.84717,97.25,83.05,117.95,101.34
1327,454,14,0.68408,249.87,111.45,261.91,128.79
1328,454,5,0.48828,0.9,52.72,34.24,68.61
1329,454,8,0.13074,247.7,121.81,261.18,137.69
1330,454,5,0.0336,56.45,55.13,72.58,64.75
1331,454,14,0.01142,478.56,100.86,493.0,138.17
1332,454,5,0.0109,50.43,65.6,63.67,74.02
1333,454,5,0.00575,161.52,58.86,173.08,68.49
1334,454,14,0.005,248.19,117.47,260.22,136.73
1335,454,5,0.00454,51.45,56.09,72.88,67.64
1336,454,5,0.00426,46.04,65.96,64.33,75.59
1337,454,14,0.00412,481.45,97.85,493.0,198.84
1338,454,8,0.00361,248.91,115.79,260.94,130.23
1339,454,14,0.00251,216.05,80.16,223.27,93.16
1340,454,14,0.0016,250.83,110.49,268.17,127.58
1341,454,5,0.00154,436.19,60.9,460.26,78.23
1342,454,5,0.00138,46.88,50.79,72.52,64.51
1343,454,5,0.00137,431.86,59.22,461.71,73.18
1344,454,5,0.00136,0.0,49.11,9.37,67.88
1345,454,5,0.00126,44.05,60.3,65.36,72.82
1346,454,5,0.00123,64.15,55.73,72.94,63.91
1347,454,8,0.00116,246.74,118.44,259.74,131.43
1348,454,5,0.00116,15.44,54.16,45.8,64.75
1349,454,5,0.00114,149.73,65.24,205.58,105.68
1350,454,5,0.00106,303.31,48.87,327.38,67.4
1351,454,5,0.00104,467.24,25.52,492.28,42.37
1352,454,8,0.00103,247.94,113.62,263.35,137.21
1353,456,8,0.06097,315.14,37.69,334.59,65.9
1354,456,14,0.02834,314.65,38.42,332.65,63.71
1355,456,8,0.01584,81.03,0.49,110.34,23.34
1356,456,8,0.00993,96.54,0.97,110.4,23.34
1357,456,8,0.00721,141.52,11.19,157.08,26.75
1358,456,5,0.00431,81.58,62.98,118.3,79.03
1359,456,14,0.00294,264.56,13.86,272.34,26.5
1360,456,5,0.00207,42.68,60.79,74.89,76.11
1361,456,5,0.00188,188.82,2.92,206.57,16.29
1362,456,0,0.00169,141.28,11.19,156.84,26.99
1363,456,14,0.00157,258.24,14.59,266.99,26.26
1364,456,5,0.00136,214.71,14.35,225.41,24.07
1365,456,8,0.00133,258.73,14.59,267.48,26.5
1366,456,8,0.0013,79.76,1.7,108.94,36.72
1367,456,0,0.00109,349.67,28.21,370.1,44.26
1368,457,2,0.85267,362.72,142.12,378.56,163.63
1369,457,2,0.844,412.36,157.92,429.07,179.46
1370,458,15,0.87598,87.33,46.48,115.46,77.3
1371,462,7,0.88379,429.23,158.12,456.75,180.8
1372,462,7,0.87338,266.05,100.11,289.83,120.1
1373,468,10,0.87744,334.11,156.11,353.56,177.51
1374,468,9,0.86816,397.33,128.88,418.73,150.76
1375,468,9,0.86719,365.72,92.89,388.09,109.42
1376,468,17,0.86523,323.89,125.72,341.4,143.22
1377,468,17,0.85986,306.87,104.68,323.41,120.97
1378,468,10,0.85889,271.13,67.36,289.61,85.59
1379,468,11,0.85303,420.19,79.51,442.56,95.81
1380,477,15,0.94775,47.09,0.12,126.56,49.77
1381,479,6,0.85596,87.13,148.16,143.81,170.88
1382,479,15,0.8418,122.3,193.36,151.06,219.95
1383,479,15,0.82227,87.13,112.39,106.11,131.24
1384,479,17,0.76221,173.78,156.14,191.43,174.51
1385,481,2,0.86963,130.89,175.75,152.95,206.14
1386,481,2,0.85791,53.77,132.36,74.39,159.82
1387,481,2,0.85107,223.55,138.25,242.67,164.23
1388,481,2,0.8374,113.37,107.36,132.0,131.87
1389,481,17,0.00159,14.64,11.77,33.95,25.98
1390,497,7,0.90967,290.31,43.09,320.16,69.57
1391,497,2,0.85693,248.43,70.05,281.16,108.81
1392,505,7,0.86523,263.84,54.44,287.72,75.93
1393,505,7,0.85107,225.88,140.87,254.53,160.93
1394,509,7,0.88477,127.12,57.54,155.96,83.52
1395,509,2,0.87305,81.85,82.45,114.02,120.09
1396,509,17,0.002,167.99,91.5,180.86,106.75
1397,511,10,0.87061,419.05,149.71,449.38,174.18
1398,511,17,0.85791,164.76,127.21,185.8,148.73
1399,511,9,0.81885,289.64,85.86,320.46,107.88
1400,511,9,0.45508,282.79,191.06,311.17,215.03
1401,511,11,0.03011,282.3,190.81,311.66,215.27
1402,511,10,0.01333,282.55,191.3,311.41,214.78
1403,511,11,0.0022,497.09,68.37,501.0,88.68
1404,511,10,0.00194,0.0,114.98,2.51,138.46
1405,511,2,0.00161,0.01,193.75,2.94,219.19
1406,511,10,0.00124,0.0,195.95,2.52,220.9
1407,512,11,0.89307,273.96,11.85,294.42,31.31
1408,512,10,0.89307,374.27,31.81,397.22,52.52
1409,512,9,0.88232,312.89,54.14,333.85,75.6
1410,512,10,0.87891,289.93,135.73,313.89,158.19
1411,512,17,0.87842,377.76,107.54,396.72,126.75
1412,512,17,0.87598,341.83,124.51,361.29,144.47
1413,512,10,0.87305,425.17,87.58,448.62,108.54
1414,513,5,0.90234,148.04,30.94,293.11,120.07
1415,513,5,0.86816,74.89,31.94,107.07,55.21
1416,513,5,0.81299,118.27,32.93,163.39,68.08
1417,513,5,0.43774,421.34,53.47,462.93,86.65
1418,513,5,0.00554,488.19,56.81,507.0,98.16
1419,513,5,0.00142,75.13,32.93,89.49,51.0
1420,513,5,0.00113,319.6,43.32,353.27,73.52
1421,517,8,0.8335,3.23,135.47,69.62,187.12
1422,517,14,0.82764,262.17,82.6,291.41,161.79
1423,517,14,0.80908,329.42,76.75,354.27,152.04
1424,517,14,0.7959,67.61,112.57,87.71,166.17
1425,517,14,0.78809,402.03,67.0,421.03,116.22
1426,517,14,0.78418,221.6,73.83,246.21,127.67
1427,517,8,0.77734,132.55,147.65,232.2,200.28
1428,517,14,0.74609,431.26,61.89,450.76,119.88
1429,517,14,0.59277,118.42,103.31,153.5,146.19
1430,517,8,0.05582,0.0,132.55,12.76,202.72
1431,517,14,0.05341,2.31,111.11,37.8,178.35
1432,517,14,0.02547,326.25,74.56,336.97,95.51
1433,517,14,0.02377,128.89,103.55,154.72,136.2
1434,517,14,0.01602,490.23,92.1,499.0,136.93
1435,517,14,0.01234,326.49,74.8,340.14,101.12
1436,517,14,0.01057,495.1,82.84,499.0,123.53
1437,517,14,0.0093,486.33,82.6,499.0,119.15
1438,517,14,0.00909,491.69,65.79,499.0,129.14
1439,517,14,0.00899,0.15,108.18,35.12,141.81
1440,517,14,0.00864,493.64,87.23,499.0,135.23
1441,517,14,0.00706,438.57,49.22,464.89,106.23
1442,517,8,0.00688,0.02,131.08,6.51,169.09
1443,517,8,0.00594,0.01,131.08,10.52,176.89
1444,517,14,0.00575,17.33,112.57,37.64,137.42
1445,517,14,0.00489,333.32,62.62,357.68,95.51
1446,517,14,0.0042,116.1,105.26,150.21,166.17
1447,517,14,0.00407,134.5,102.09,157.4,128.4
1448,517,8,0.00406,0.0,162.27,10.93,202.23
1449,517,8,0.00378,0.0,131.57,17.27,183.23
1450,517,14,0.00374,10.98,111.47,57.75,171.04
1451,517,14,0.0033,481.46,88.45,499.0,126.46
1452,517,14,0.00315,16.81,111.84,46.05,145.46
1453,517,8,0.00309,489.25,107.45,499.0,136.45
1454,517,14,0.00305,261.93,83.33,288.24,136.2
1455,517,14,0.00291,0.02,119.63,13.04,190.29
1456,517,8,0.00271,489.25,85.28,499.0,136.45
1457,517,14,0.00234,442.96,57.26,462.45,102.58
1458,517,14,0.00232,326.49,75.04,348.91,96.49
1459,517,8,0.002,0.24,122.07,34.23,190.78
1460,517,8,0.00196,0.03,156.42,8.18,194.43
1461,517,8,0.00154,316.26,79.43,366.94,151.8
1462,517,14,0.00145,335.02,99.17,354.51,152.04
1463,517,14,0.00134,404.95,62.13,449.78,118.9
1464,517,8,0.00132,0.0,125.72,100.02,255.35
1465,517,8,0.00132,255.1,78.46,316.02,162.03
1466,517,14,0.00132,457.34,70.42,469.03,96.24
1467,517,14,0.00132,132.79,115.25,154.96,150.82
1468,517,14,0.00112,132.3,101.6,166.9,136.69
1469,517,14,0.00105,128.65,104.28,157.16,153.99
1470,517,14,0.00101,326.49,75.04,345.01,122.56
1471,525,14,0.01307,195.88,214.5,224.38,244.5
1472,525,5,0.01192,0.02,106.62,12.14,117.88
1473,525,5,0.01095,266.0,75.0,277.5,84.25
1474,525,5,0.01037,0.02,97.75,12.14,119.0
1475,525,8,0.01013,200.0,243.75,218.5,255.25
1476,525,5,0.00619,423.0,89.12,466.0,104.62
1477,525,5,0.00369,0.09,108.25,10.24,121.0
1478,525,14,0.00126,506.0,71.5,512.0,113.5
1479,525,14,0.00117,508.5,75.12,512.0,113.88
1480,525,5,0.00117,0.05,88.25,5.48,116.75
1481,525,5,0.00116,0.09,96.5,9.77,139.5
1482,537,10,0.8501,264.2,93.45,284.75,114.0
1483,537,17,0.80176,37.21,128.19,57.33,146.78
1484,537,9,0.73389,121.27,142.37,144.82,161.94
1485,537,9,0.62451,143.35,93.33,166.84,111.67
1486,537,11,0.59814,264.2,93.45,284.75,114.0
1487,537,11,0.01312,0.07,114.73,4.57,131.85
1488,537,11,0.01147,0.07,94.67,3.46,116.2
1489,537,11,0.00772,0.0,118.16,3.44,131.85
1490,537,11,0.00436,0.1,103.23,4.98,132.1
1491,537,11,0.00316,0.0,96.38,2.79,112.53
1492,537,10,0.00287,36.94,128.67,57.49,147.27
1493,537,10,0.00236,120.79,142.37,144.82,161.94
1494,538,11,0.95117,233.48,75.65,268.29,108.28
1495,538,9,0.94092,385.27,64.53,421.04,104.17
1496,538,11,0.92041,390.1,125.68,431.67,163.39
1497,538,9,0.91748,326.78,76.38,363.03,117.95
1498,538,10,0.86719,291.97,122.54,333.54,155.9
1499,538,10,0.77051,353.85,0.0,385.75,31.06
1500,538,11,0.2644,292.46,122.3,333.06,156.14
1501,538,9,0.00305,354.33,0.0,385.27,31.06
1502,538,9,0.00155,362.55,89.79,372.7,103.08
1503,538,16,0.00112,389.62,125.68,430.22,162.91
1504,540,2,0.88232,28.57,140.79,53.56,172.4
1505,540,2,0.87646,162.68,188.94,187.97,222.98
1506,540,2,0.86523,230.52,144.44,252.4,175.56
1507,540,2,0.86084,147.97,95.93,168.39,124.38
1508,547,14,0.854,231.32,112.4,253.03,167.88
1509,547,14,0.83643,439.49,106.37,470.36,148.1
1510,547,14,0.82422,405.23,84.91,430.8,160.65
1511,547,14,0.82324,381.11,91.9,402.34,150.27
1512,547,8,0.75488,171.98,135.08,191.52,158.72
1513,547,14,0.67578,303.93,104.2,321.29,155.34
1514,547,8,0.55273,135.8,137.97,160.89,162.09
1515,547,14,0.49805,125.67,128.81,137.01,162.58
1516,547,14,0.38501,282.94,106.25,322.02,153.41
1517,547,8,0.32935,278.36,118.43,325.63,164.26
1518,547,14,0.19934,347.83,110.47,364.23,136.04
1519,547,8,0.11279,337.7,112.65,362.78,140.87
1520,547,14,0.09808,339.14,110.47,364.23,139.9
1521,547,14,0.01462,255.92,127.6,265.09,150.76
1522,547,14,0.01234,211.06,128.32,230.36,164.02
1523,547,14,0.01086,490.62,127.36,494.0,162.09
1524,547,14,0.00436,282.7,107.22,300.07,152.45
1525,547,14,0.00307,209.85,129.29,222.88,153.41
1526,547,14,0.00253,208.89,129.77,219.98,149.07
1527,547,14,0.00252,491.11,137.49,494.0,161.61
1528,547,14,0.00213,284.15,106.86,297.65,136.77
1529,547,14,0.00194,487.25,124.95,494.0,163.06
1530,547,14,0.00184,483.87,116.5,494.0,161.37
1531,547,14,0.0018,117.83,130.74,126.27,156.79
1532,547,8,0.00149,395.1,82.25,445.28,159.2
1533,547,14,0.00146,337.94,114.09,350.96,135.8
1534,547,8,0.00135,377.25,88.04,424.53,151.48
1535,551,10,0.85889,60.7,92.71,76.26,106.6
1536,551,17,0.85303,91.67,97.7,104.59,110.37
1537,551,10,0.85205,160.32,94.29,176.4,107.45
1538,551,9,0.84473,58.54,119.15,77.42,133.28
1539,551,11,0.83203,99.9,143.75,113.54,158.86
1540,551,9,0.79297,108.43,123.17,122.8,136.93
1541,551,9,0.71387,121.7,104.04,134.62,116.22
1542,551,17,0.00252,122.68,103.8,135.11,115.98
1543,551,14,0.00142,0.0,25.1,56.98,234.64
1544,555,17,0.87598,98.68,126.94,111.59,139.61
1545,555,10,0.86133,159.35,145.22,175.19,159.35
1546,555,11,0.85791,50.01,168.61,66.76,182.25
1547,555,9,0.82666,83.94,153.99,100.63,167.63
1548,555,17,0.80664,121.89,142.29,134.5,153.99
1549,555,10,0.79199,79.19,113.79,93.56,128.4
1550,555,9,0.77588,48.79,135.47,65.79,149.12
1551,555,14,0.00472,0.06,52.63,35.48,251.94
1552,555,14,0.00142,0.0,168.61,32.16,252.42
1553,555,14,0.00132,303.1,130.6,314.8,158.37
1554,555,9,0.00111,121.83,142.29,134.5,153.99
1555,557,2,0.875,308.97,64.35,330.58,90.87
1556,562,13,0.88818,209.31,54.14,248.47,94.02
1557,562,1,0.85596,316.63,33.6,355.78,74.69
1558,562,4,0.84375,223.33,158.07,327.26,206.41
1559,562,1,0.02707,209.07,54.14,248.23,93.54
1560,563,15,0.85791,330.04,95.29,366.3,129.23
1561,563,14,0.01685,458.34,203.6,476.0,233.35
1562,566,2,0.84375,389.74,32.11,420.13,63.0
1563,566,2,0.08301,421.6,4.9,440.72,29.9
1564,566,2,0.0071,133.83,39.71,161.78,65.2
1565,566,16,0.0071,493.18,24.76,502.0,66.43
1566,566,16,0.00309,497.1,34.56,502.0,67.41
1567,566,2,0.00238,184.33,45.96,205.41,68.51
1568,566,16,0.00232,495.14,44.12,502.0,73.54
1569,566,2,0.00124,184.7,48.53,213.13,71.08
1570,576,14,0.7373,39.81,85.48,52.59,117.47
1571,576,14,0.02576,484.22,133.47,489.0,148.75
1572,576,5,0.02461,0.13,85.24,6.78,101.24
1573,576,8,0.02187,0.08,85.0,6.21,101.72
1574,576,8,0.01243,0.0,85.24,3.31,102.43
1575,576,14,0.01201,308.25,124.88,323.06,134.43
1576,576,8,0.01065,483.75,133.71,489.0,149.47
1577,576,14,0.00661,379.17,110.07,389.67,135.86
1578,576,14,0.00587,234.47,99.33,247.84,115.09
1579,576,14,0.0047,93.24,99.33,104.7,122.25
1580,576,8,0.00435,0.0,87.15,1.95,105.77
1581,576,14,0.00231,233.04,99.81,247.37,138.25
1582,576,14,0.0023,476.11,124.16,488.52,148.04
1583,576,14,0.00177,230.65,126.55,246.41,139.92
1584,576,8,0.00169,2.28,85.24,12.24,101.95
1585,576,14,0.00141,457.96,128.94,468.47,145.17
1586,576,14,0.00132,483.27,140.16,489.0,177.88
1587,576,14,0.00123,481.84,131.8,489.0,171.91
1588,576,14,0.00122,304.19,125.59,320.43,138.01
1589,576,14,0.00121,484.22,135.14,489.0,168.57
1590,576,8,0.00118,477.54,135.62,489.0,166.66
1591,577,15,0.83984,139.74,72.9,160.57,95.66
1592,577,2,0.8291,59.09,34.63,76.41,52.55
1593,577,2,0.00137,462.34,22.89,477.84,48.56
1594,577,2,0.00112,492.61,180.91,496.0,195.45
1595,581,14,0.87939,314.04,69.58,401.25,221.26
1596,581,14,0.00222,467.11,163.28,475.0,248.63
1597,581,14,0.00121,467.58,197.61,475.0,247.71
1598,584,2,0.87988,425.25,62.75,447.89,94.25
1599,584,2,0.87646,357.82,105.82,382.43,138.8
1600,584,2,0.8623,340.84,13.54,362.5,42.33
1601,584,2,0.8623,226.78,56.11,250.65,87.61
1602,594,14,0.7041,158.2,62.74,176.51,100.83
1603,594,14,0.16455,152.83,54.2,168.46,95.21
1604,594,14,0.0379,6.78,36.13,18.71,65.92
1605,594,14,0.01129,0.05,38.57,9.61,68.36
1606,594,14,0.00279,0.03,39.92,5.75,68.73
1607,594,14,0.00274,0.01,31.74,5.7,95.7
1608,594,14,0.00132,212.4,65.43,225.59,80.57
1609,602,13,0.91406,301.22,140.03,346.5,185.8
1610,602,4,0.86133,220.01,116.16,268.24,196.38
1611,602,1,0.60498,327.8,38.14,373.08,85.89
1612,602,0,0.57959,327.8,37.65,373.08,85.15
1613,602,1,0.00253,299.99,140.03,344.78,185.31
1614,602,8,0.00129,333.7,230.34,350.44,247.08
1615,608,15,0.89502,395.92,194.03,416.55,212.69
1616,611,15,0.93652,224.16,158.13,272.4,206.37
1617,615,2,0.91064,139.84,96.6,160.6,117.36
1618,615,2,0.85889,64.61,82.03,84.37,103.77
1619,615,2,0.84717,190.99,45.96,207.29,63.74
1620,615,2,0.84375,99.51,26.19,115.2,49.41
1621,621,5,0.30908,232.32,103.63,278.64,128.46
1622,621,5,0.21997,104.34,142.55,140.64,156.39
1623,621,5,0.09399,170.96,63.04,195.31,74.26
1624,621,5,0.07922,145.17,134.19,180.51,150.42
1625,621,5,0.06757,348.6,87.87,367.71,96.94
1626,621,5,0.06561,242.83,157.35,264.32,170.24
1627,621,5,0.06189,315.65,90.73,357.68,109.36
1628,621,5,0.05542,367.47,98.25,398.51,110.43
1629,621,5,0.0538,136.34,58.14,168.81,71.75
1630,621,5,0.04568,228.62,100.76,270.76,117.95
1631,621,5,0.04401,72.05,64.59,106.91,78.44
1632,621,5,0.03995,332.84,82.85,350.99,93.84
1633,621,5,0.03964,359.59,97.66,387.28,111.51
1634,621,5,0.03845,303.24,80.23,324.73,91.21
1635,621,5,0.03516,363.41,95.15,385.37,109.24
1636,621,5,0.03259,332.37,84.17,361.97,101.6
1637,621,5,0.0321,51.22,138.25,88.46,152.57
1638,621,5,0.03186,195.07,66.02,217.76,77.0
1639,621,5,0.03186,404.48,96.7,427.4,111.98
1640,621,5,0.03091,330.22,89.9,356.96,105.89
1641,621,5,0.03044,331.17,73.06,348.84,83.81
1642,621,5,0.03021,284.14,89.66,327.11,108.52
1643,621,5,0.02998,279.36,94.08,322.34,109.83
1644,621,5,0.02998,374.63,94.79,401.37,109.6
1645,621,5,0.02975,326.16,64.35,349.56,75.33
1646,621,5,0.02975,442.2,97.9,468.94,113.18
1647,621,5,0.02887,302.28,94.67,346.22,112.34
1648,621,5,0.02696,171.68,70.68,197.46,82.14
1649,621,5,0.02635,11.55,60.89,48.26,77.12
1650,621,5,0.02461,203.43,171.44,310.4,229.7
1651,621,5,0.02443,386.09,95.15,404.71,106.37
1652,621,5,0.02386,0.0,101.12,18.95,117.59
1653,621,5,0.02351,340.96,87.51,365.79,98.97
1654,621,5,0.02194,0.0,67.81,12.29,86.2
1655,621,5,0.02194,426.2,107.21,450.56,120.1
1656,621,5,0.02162,297.51,156.63,349.56,197.7
1657,621,5,0.02049,267.42,95.87,316.13,112.82
1658,621,5,0.02017,425.25,111.03,451.51,125.35
1659,621,5,0.01898,353.14,89.06,368.9,98.13
1660,621,5,0.01869,427.4,104.1,450.32,117.0
1661,621,5,0.0184,329.5,79.51,349.56,92.88
1662,621,5,0.01834,0.97,83.69,20.52,96.34
1663,621,5,0.01819,216.09,84.52,248.8,99.81
1664,621,5,0.01744,163.56,161.89,273.15,211.55
1665,621,5,0.0173,309.92,90.73,345.74,107.45
1666,621,5,0.01685,385.37,84.52,403.04,98.37
1667,621,5,0.01659,333.32,74.97,349.56,85.96
1668,621,5,0.01646,300.85,139.2,321.86,156.39
1669,621,5,0.01616,194.84,128.94,215.37,145.17
1670,621,5,0.0159,296.07,154.25,311.36,166.18
1671,621,5,0.01584,369.62,95.87,386.81,107.33
1672,621,5,0.01578,312.31,71.87,328.55,81.9
1673,621,5,0.01537,310.16,80.23,327.35,90.73
1674,621,5,0.01537,32.23,83.45,49.6,94.19
1675,621,5,0.01473,294.16,80.7,320.91,92.88
1676,621,5,0.01462,301.57,71.39,324.01,81.66
1677,621,5,0.0145,345.26,90.49,370.09,106.73
1678,621,5,0.01445,433.61,111.51,456.53,124.88
1679,621,5,0.01411,70.56,64.71,92.76,76.17
1680,621,5,0.01385,388.72,96.58,408.77,108.52
1681,621,5,0.01353,197.46,68.05,219.91,78.79
1682,621,5,0.01348,296.79,83.45,326.88,105.42
1683,621,5,0.01328,146.37,139.68,179.08,151.14
1684,621,5,0.01302,294.64,79.75,315.65,89.3
1685,621,5,0.01292,262.65,86.67,311.36,107.69
1686,621,5,0.01283,323.29,83.81,350.51,103.63
1687,621,5,0.01273,401.13,99.69,431.7,115.45
1688,621,5,0.01238,389.43,98.61,410.92,111.51
1689,621,5,0.0121,129.17,60.41,150.19,71.87
1690,621,5,0.01205,291.78,70.44,316.61,80.94
1691,621,5,0.01201,0.57,88.11,26.65,102.67
1692,621,5,0.01173,438.14,107.45,469.66,124.4
1693,621,5,0.01147,133.23,59.1,157.11,69.84
1694,621,5,0.01133,314.22,72.59,340.49,84.52
1695,621,5,0.01116,273.87,98.61,322.58,122.49
1696,621,5,0.01112,0.0,75.93,19.85,94.79
1697,621,5,0.01095,360.54,88.11,384.42,103.39
1698,621,5,0.01082,157.23,126.07,190.42,142.31
1699,621,5,0.01065,134.19,61.6,153.77,72.59
1700,621,5,0.01065,0.0,70.2,18.31,88.34
1701,621,5,0.01061,433.13,100.28,452.23,114.61
1702,621,5,0.01057,441.72,98.37,455.09,110.55
1703,621,5,0.01053,334.75,65.9,350.04,75.69
1704,621,5,0.01013,371.05,77.12,389.19,87.63
1705,621,5,0.01001,0.01,45.37,13.68,65.9
1706,621,5,0.01001,302.76,73.3,325.68,85.72
1707,621,5,0.00993,433.37,106.01,451.99,115.8
1708,621,5,0.0099,336.43,89.9,365.56,101.36
1709,621,5,0.00974,292.49,97.66,338.81,112.46
1710,621,5,0.00971,77.84,61.36,110.91,76.65
1711,621,5,0.00964,265.51,97.9,310.4,117.95
1712,621,5,0.00952,355.53,85.0,367.94,93.6
1713,621,5,0.00948,33.61,80.11,53.25,93.24
1714,621,5,0.00927,436.71,108.16,452.95,119.15
1715,621,5,0.00919,312.79,84.29,342.4,103.86
1716,621,5,0.00899,432.65,113.42,467.03,126.79
1717,621,5,0.00895,205.34,69.36,221.58,78.44
1718,621,5,0.00888,32.41,72.35,52.65,85.24
1719,621,5,0.00888,176.93,72.82,198.42,83.09
1720,621,5,0.00871,405.91,87.63,428.83,99.09
1721,621,5,0.00867,290.1,79.75,304.43,88.34
1722,621,5,0.00851,299.18,63.99,322.58,72.59
1723,621,5,0.00851,397.31,98.73,413.55,111.39
1724,621,5,0.00851,439.81,103.75,468.94,117.36
1725,621,5,0.00842,350.51,95.51,383.94,110.79
1726,621,5,0.00832,0.07,58.98,10.76,73.06
1727,621,5,0.00829,365.79,100.4,402.57,116.16
1728,621,5,0.00813,0.57,68.77,25.67,85.96
1729,621,5,0.00813,147.08,129.41,185.29,145.65
1730,621,5,0.00809,401.13,97.66,418.32,110.31
1731,621,5,0.00781,0.05,61.12,12.04,81.66
1732,621,5,0.00779,148.51,62.08,168.33,72.11
1733,621,5,0.00772,399.7,95.15,415.94,108.76
1734,621,5,0.00758,315.18,69.0,329.5,74.26
1735,621,5,0.00755,346.69,76.05,368.66,89.42
1736,621,5,0.00752,312.79,79.03,339.53,91.45
1737,621,5,0.00737,378.69,98.37,404.48,112.22
1738,621,5,0.00729,348.6,74.26,371.53,86.2
1739,621,5,0.00712,146.84,67.81,163.56,77.84
1740,621,5,0.00706,10.66,61.36,38.23,73.54
1741,621,5,0.00698,316.37,103.03,356.48,122.13
1742,621,5,0.0069,18.86,69.6,51.1,84.41
1743,621,5,0.0069,472.76,82.61,489.0,98.61
1744,621,5,0.0069,0.0,82.85,20.21,104.82
1745,621,5,0.00682,378.45,86.67,402.8,103.39
1746,621,5,0.0068,173.59,125.59,212.27,141.83
1747,621,5,0.00674,406.86,95.15,427.4,105.89
1748,621,5,0.00672,135.26,64.47,158.66,77.12
1749,621,5,0.00672,343.35,74.02,362.45,85.48
1750,621,5,0.00669,356.72,75.21,372.96,85.96
1751,621,5,0.00667,202.12,81.18,236.74,95.75
1752,621,5,0.00657,300.13,90.97,337.38,107.21
1753,621,5,0.00649,316.13,65.06,337.14,73.9
1754,621,5,0.00644,357.44,92.17,384.66,108.4
1755,621,5,0.00639,131.08,58.86,150.19,68.89
1756,621,5,0.00636,285.57,75.45,305.62,87.63
1757,621,5,0.00612,223.97,93.72,268.85,114.01
1758,621,5,0.00607,193.16,66.14,209.88,77.12
1759,621,5,0.00607,290.34,75.45,306.58,83.57
1760,621,5,0.00605,225.16,99.33,262.41,115.09
1761,621,5,0.00603,352.9,91.57,376.78,105.66
1762,621,5,0.006,295.6,75.93,314.7,83.57
1763,621,5,0.00598,287.48,80.7,304.67,90.73
1764,621,5,0.00596,287.48,70.91,306.58,80.94
1765,621,5,0.00587,0.54,33.67,18.95,43.22
1766,621,5,0.00587,0.3,107.69,33.43,122.97
1767,621,5,0.0058,334.75,76.88,365.79,90.25
1768,621,5,0.00575,407.34,79.51,429.31,90.49
1769,621,5,0.00569,0.66,91.69,30.56,105.54
1770,621,5,0.00564,0.45,52.77,15.46,65.18
1771,621,5,0.00562,168.09,61.36,191.97,72.11
1772,621,5,0.00549,182.06,129.65,216.21,144.46
1773,621,5,0.00545,306.58,64.83,325.68,72.94
1774,621,5,0.00543,347.17,73.3,359.59,83.33
1775,621,5,0.00539,357.68,89.54,372.96,100.52
1776,621,5,0.00536,0.75,99.09,20.47,112.94
1777,621,5,0.00532,313.98,83.09,340.25,95.03
1778,621,5,0.00532,0.84,111.74,31.28,125.12
1779,621,5,0.00526,227.55,102.43,258.83,120.82
1780,621,5,0.0052,413.55,97.54,428.35,110.19
1781,621,5,0.00518,289.63,69.0,312.55,78.56
1782,621,5,0.00516,350.99,78.79,370.09,88.82
1783,621,5,0.00514,21.58,81.9,46.95,93.84
1784,621,5,0.00512,426.44,98.61,440.77,112.46
1785,621,5,0.0051,10.83,93.84,41.9,106.01
1786,621,5,0.0051,37.16,95.51,60.2,107.92
1787,621,5,0.0051,409.49,102.07,437.66,114.73
1788,621,5,0.00508,196.98,112.22,239.96,135.14
1789,621,5,0.00506,210.83,83.33,239.25,96.22
1790,621,5,0.00506,281.99,86.2,310.16,105.77
1791,621,5,0.00506,335.23,103.15,375.35,122.73
1792,621,5,0.005,357.68,87.75,373.91,97.3
1793,621,5,0.00496,377.73,77.36,393.49,87.87
1794,621,5,0.00492,0.0,91.93,14.97,116.28
1795,621,5,0.00492,443.4,108.52,469.66,120.22
1796,621,5,0.00492,450.8,121.53,479.93,135.38
1797,621,5,0.00491,353.38,103.75,388.72,116.16
1798,621,5,0.00481,213.46,85.48,259.3,102.19
1799,621,5,0.00476,165.47,60.17,185.52,71.15
1800,621,5,0.00476,323.77,73.3,347.65,85.72
1801,621,5,0.00476,424.05,102.55,444.11,115.92
1802,621,5,0.00472,435.52,90.49,451.75,100.52
1803,621,5,0.00468,202.83,77.12,229.58,87.63
1804,621,5,0.00467,301.09,100.76,347.89,120.82
1805,621,5,0.00465,413.55,95.51,427.88,103.15
1806,621,5,0.00463,434.8,95.87,448.17,102.79
1807,621,5,0.00461,0.0,100.76,32.95,115.56
1808,621,5,0.00459,192.69,114.25,239.72,146.6
1809,621,5,0.00457,301.8,69.72,320.91,75.93
1810,621,5,0.00457,328.31,134.19,369.85,151.38
1811,621,5,0.00455,192.21,133.23,214.65,146.6
1812,621,5,0.00454,364.36,86.2,383.94,97.66
1813,621,5,0.00443,435.75,85.24,452.95,99.33
1814,621,5,0.0044,160.69,57.3,181.7,70.68
1815,621,5,0.00435,315.65,65.9,329.98,73.06
1816,621,5,0.00433,385.61,76.88,403.28,87.15
1817,621,5,0.00431,413.55,88.34,435.99,99.33
1818,621,5,0.0043,0.54,95.51,36.53,108.4
1819,621,5,0.00428,45.78,90.37,74.91,105.18
1820,621,5,0.00415,204.27,75.93,226.0,84.52
1821,621,5,0.00414,307.54,69.48,321.86,74.73
1822,621,5,0.00407,445.07,91.21,468.47,103.15
1823,621,5,0.00406,0.0,110.31,20.74,127.26
1824,621,5,0.00404,328.07,91.69,367.23,113.89
1825,621,5,0.00399,18.28,106.25,47.75,121.77
1826,621,5,0.00396,306.1,85.0,331.41,103.63
1827,621,5,0.00396,451.27,98.13,480.88,111.74
1828,621,5,0.00391,0.0,82.26,9.54,105.42
1829,621,5,0.0039,66.5,69.6,83.93,78.2
1830,621,5,0.00389,67.09,56.83,94.79,67.81
1831,621,5,0.00389,375.82,86.32,398.75,98.49
1832,621,5,0.00385,86.14,60.65,113.36,74.5
1833,621,5,0.00385,371.05,90.97,386.33,102.43
1834,621,5,0.00382,300.37,76.41,317.56,84.29
1835,621,5,0.0038,358.15,83.81,376.3,92.88
1836,621,5,0.00364,319.71,101.12,357.92,116.4
1837,621,5,0.00362,293.69,62.44,319.0,71.75
1838,621,5,0.00362,246.41,73.06,296.07,88.58
1839,621,5,0.00362,210.83,88.82,251.19,106.01
1840,621,5,0.00361,194.6,65.66,211.31,73.78
1841,621,5,0.00359,135.14,65.54,149.47,77.72
1842,621,5,0.00358,440.53,90.97,452.47,99.81
1843,621,5,0.00354,322.82,83.33,348.13,95.99
1844,621,5,0.00348,39.04,102.19,63.81,113.89
1845,621,5,0.00348,52.74,129.89,82.38,142.31
1846,621,5,0.00347,294.4,65.9,315.89,72.59
1847,621,5,0.00344,349.32,101.48,383.23,113.89
1848,621,5,0.00342,19.56,76.65,45.13,90.49
1849,621,5,0.0034,441.72,97.18,452.71,105.77
1850,621,5,0.00334,308.01,61.84,324.25,71.63
1851,621,5,0.00327,21.24,65.9,48.47,77.12
1852,621,5,0.00327,391.1,127.5,428.35,148.51
1853,621,5,0.00326,445.78,88.11,471.09,101.0
1854,621,5,0.00325,265.51,99.57,296.55,116.28
1855,621,5,0.00321,243.54,154.25,270.76,171.44
1856,621,5,0.00314,17.86,72.11,43.87,85.96
1857,621,5,0.00314,27.74,80.23,49.13,93.12
1858,621,5,0.00314,185.76,94.55,206.3,109.12
1859,621,5,0.0031,0.45,107.45,22.03,121.53
1860,621,5,0.00309,287.0,98.61,321.38,111.98
1861,621,5,0.00307,38.92,91.21,60.41,101.72
1862,621,5,0.00307,346.69,105.06,380.12,120.82
1863,621,5,0.00302,262.17,94.43,305.15,110.67
1864,621,5,0.00302,423.58,109.6,444.11,120.34
1865,621,5,0.00299,33.46,94.08,55.96,104.1
1866,621,5,0.00298,12.0,115.09,48.05,128.46
1867,621,5,0.00297,402.57,87.87,414.98,97.66
1868,621,5,0.00291,36.98,100.52,60.5,111.51
1869,621,5,0.00286,368.66,77.84,381.08,87.63
1870,621,5,0.00283,150.66,57.07,171.68,71.15
1871,621,5,0.00283,42.32,94.79,62.44,104.34
1872,621,5,0.00276,248.56,102.67,284.85,126.07
1873,621,5,0.00275,12.15,88.82,43.43,103.63
1874,621,5,0.00274,17.64,72.59,35.79,84.05
1875,621,5,0.00274,230.65,88.82,271.24,109.36
1876,621,5,0.00273,325.2,72.47,339.53,81.78
1877,621,5,0.00271,369.62,86.91,386.81,97.42
1878,621,5,0.00267,415.94,79.99,436.47,90.49
1879,621,5,0.00265,368.18,83.09,385.37,94.55
1880,621,5,0.00263,345.02,101.95,377.02,116.52
1881,621,5,0.00258,294.16,102.43,336.19,120.1
1882,621,5,0.00254,0.0,45.13,7.06,63.75
1883,621,5,0.00249,457.96,98.61,486.61,113.42
1884,621,5,0.00249,421.19,133.47,467.99,154.01
1885,621,5,0.00248,245.46,111.51,279.84,129.17
1886,621,5,0.00247,336.9,64.71,355.05,75.21
1887,621,5,0.00246,154.72,62.08,170.48,71.63
1888,621,5,0.00243,428.59,93.6,442.44,103.63
1889,621,5,0.00243,434.08,95.75,442.68,102.43
1890,621,5,0.00241,432.65,98.85,443.16,109.83
1891,621,5,0.00241,388.0,102.55,412.35,115.68
1892,621,5,0.00241,228.38,106.97,260.74,124.16
1893,621,5,0.0024,192.69,65.18,208.45,71.87
1894,621,5,0.00235,392.06,86.32,409.25,98.01
1895,621,5,0.00234,149.23,84.17,170.72,97.54
1896,621,5,0.00234,371.29,83.09,386.09,90.73
1897,621,5,0.00231,314.22,61.84,333.32,72.82
1898,621,5,0.0023,171.79,74.5,200.45,89.3
1899,621,5,0.00228,159.74,61.84,181.23,72.35
1900,621,5,0.00227,72.47,140.4,111.27,156.16
1901,621,5,0.00225,44.11,88.11,65.12,102.43
1902,621,5,0.00225,449.84,108.88,483.27,125.59
1903,621,5,0.00224,26.92,67.69,49.54,78.44
1904,621,5,0.00223,66.38,72.11,83.57,79.75
1905,621,5,0.00223,49.4,137.53,77.6,151.38
1906,621,5,0.00218,148.51,68.29,168.09,79.51
1907,621,5,0.00216,76.82,69.0,107.51,79.51
1908,621,5,0.00216,420.71,92.05,435.99,101.84
1909,621,5,0.00216,461.78,128.94,488.52,147.08
1910,621,5,0.00214,208.92,78.32,233.76,88.82
1911,621,5,0.00214,45.96,97.18,63.45,108.16
1912,621,5,0.00213,344.31,94.55,373.44,112.7
1913,621,5,0.00212,27.62,95.27,48.05,106.73
1914,621,5,0.00211,451.27,95.75,468.94,104.82
1915,621,5,0.0021,5.56,84.52,33.96,98.37
1916,621,5,0.0021,51.04,97.18,75.51,109.6
1917,621,5,0.0021,270.29,101.48,309.45,124.4
1918,621,5,0.00209,450.32,132.76,484.7,147.08
1919,621,5,0.00204,466.08,112.34,489.0,138.01
1920,621,5,0.00203,448.41,101.95,482.79,117.71
1921,622,7,0.87891,313.39,14.25,340.9,37.82
1922,626,11,0.9209,305.16,99.18,320.91,112.46
1923,626,17,0.87158,352.41,58.94,365.2,71.49
1924,626,10,0.86816,412.95,78.5,428.7,92.78
1925,626,9,0.83887,337.64,86.13,354.38,99.42
1926,626,10,0.77881,333.46,45.77,347.24,60.29
1927,626,17,0.75488,374.8,74.32,387.6,86.87
1928,626,9,0.67578,304.17,66.94,320.41,80.23
1929,626,9,0.02246,374.55,74.57,387.84,86.87
1930,626,17,0.00986,333.7,45.77,347.48,59.8
1931,626,11,0.00737,153.07,99.91,164.39,116.4
1932,630,2,0.8999,284.5,98.97,304.93,119.39
1933,630,2,0.88232,411.68,55.44,436.48,72.46
1934,630,2,0.87256,345.29,110.88,364.75,130.34
1935,630,2,0.84082,292.77,42.43,308.33,65.29
1936,636,15,0.41406,276.28,158.44,338.66,201.02
1937,636,14,0.38965,401.04,7.92,507.0,246.07
1938,636,14,0.05243,250.03,0.99,306.97,72.53
1939,636,14,0.00445,310.44,5.32,507.0,253.0
1940,636,14,0.00342,436.69,56.94,506.5,252.01
1941,636,12,0.00127,255.48,27.73,308.95,70.31
1942,636,14,0.00109,250.9,0.0,302.52,48.52
1943,637,2,0.88721,347.24,106.02,374.47,139.58
1944,637,2,0.85986,369.61,183.83,408.52,213.98
1945,637,17,0.75928,299.33,173.13,315.87,188.7
1946,637,14,0.00168,0.0,0.0,5.57,47.66
1947,637,2,0.00141,374.96,183.35,407.06,201.83
1948,639,10,0.83887,259.88,161.93,279.56,182.11
1949,639,9,0.82227,137.94,163.9,161.31,182.6
1950,639,17,0.75635,31.38,201.8,51.5,220.5
1951,639,9,0.4187,115.6,214.1,139.78,233.79
1952,639,10,0.36841,115.42,214.1,139.54,233.79
1953,639,11,0.29248,115.48,214.1,139.54,233.79
1954,639,15,0.00854,0.0,137.07,6.93,166.11
1955,639,10,0.00443,31.25,202.04,51.43,220.25
1956,652,5,0.86768,0.0,11.84,81.57,97.16
1957,652,5,0.83936,368.35,5.32,473.73,58.25
1958,652,5,0.80371,140.06,21.99,454.39,174.27
1959,652,5,0.54883,211.49,3.02,322.67,26.47
1960,652,5,0.2644,323.88,10.51,425.39,64.9
1961,652,5,0.09076,220.91,10.63,427.81,77.59
1962,652,5,0.0603,148.4,10.63,201.82,35.77
1963,652,5,0.04257,0.03,12.81,41.51,42.3
1964,652,5,0.03833,48.22,8.94,177.53,64.53
1965,652,5,0.0369,196.02,8.7,433.37,130.28
1966,652,5,0.03397,468.17,0.0,494.76,16.92
1967,652,8,0.0321,490.65,11.84,495.0,44.47
1968,652,5,0.02898,51.21,8.1,151.06,39.52
1969,652,5,0.02037,50.09,9.91,220.67,93.54
1970,652,5,0.01395,367.38,0.73,441.83,31.18
1971,652,5,0.00596,147.68,10.15,240.73,38.19
1972,652,5,0.00573,64.35,8.94,185.14,43.26
1973,652,5,0.00539,0.91,1.81,75.53,40.73
1974,652,8,0.00504,492.1,6.53,495.0,39.4
1975,652,5,0.005,48.28,8.94,121.76,68.4
1976,652,14,0.00407,490.17,0.0,495.0,39.64
1977,652,5,0.00371,0.0,12.81,30.91,58.97
1978,652,14,0.00362,492.1,1.21,495.0,43.02
1979,652,5,0.00287,0.03,2.05,23.57,41.45
1980,652,5,0.00263,250.88,3.99,349.5,27.43
1981,652,5,0.00228,247.98,27.31,347.56,72.27
1982,652,5,0.00204,483.4,0.0,495.0,43.99
1983,652,5,0.002,149.37,10.15,283.75,59.94
1984,652,14,0.0019,486.78,0.0,495.0,40.97
1985,652,8,0.00188,489.2,3.63,495.0,40.85
1986,652,8,0.00188,492.1,15.47,495.0,47.86
1987,652,5,0.00179,362.07,4.35,420.07,48.34
1988,652,8,0.0017,486.78,7.86,495.0,58.85
1989,652,5,0.00147,342.0,0.48,396.63,16.44
1990,652,5,0.00146,0.63,13.29,59.46,67.92
1991,652,5,0.0014,171.36,4.71,279.4,30.82
1992,652,5,0.00105,339.83,1.21,402.19,25.86
1993,656,14,0.81152,127.65,14.32,158.22,76.44
1994,656,14,0.68408,202.63,0.97,231.76,62.12
1995,656,8,0.68262,170.36,22.2,247.29,75.35
1996,656,14,0.18713,174.12,20.63,197.66,58.24
1997,656,14,0.10449,177.15,2.43,246.32,76.2
1998,656,8,0.00885,12.13,67.71,95.19,195.84
1999,656,8,0.00422,118.91,12.13,166.72,76.69
2000,656,8,0.00289,191.47,2.67,245.83,72.32
2001,656,14,0.00194,174.97,19.41,231.27,66.98
2002,656,8,0.0019,171.33,19.9,195.6,60.18
2003,656,8,0.0017,204.82,24.02,244.13,63.34
2004,656,8,0.00121,195.6,22.08,220.35,60.43
2005,661,15,0.83203,264.65,15.62,324.22,88.87
2006,661,15,0.00218,392.58,64.94,448.24,119.14
2007,661,6,0.00179,391.6,28.08,500.0,135.99
2008,661,15,0.00142,415.53,43.46,460.45,100.1
2009,668,2,0.875,192.64,185.8,210.38,198.27
2010,668,2,0.85693,153.92,165.42,171.66,178.85
2011,668,2,0.83447,267.08,176.69,285.3,191.56
2012,668,2,0.80078,228.48,162.07,245.74,175.49
2013,673,2,0.86816,151.73,176.54,172.65,203.77
2014,673,2,0.86621,57.2,118.18,75.81,142.98
2015,673,2,0.86523,55.81,172.65,75.62,199.88
2016,673,2,0.85889,175.08,130.82,193.07,154.65
2017,673,2,0.0022,0.0,166.32,2.63,189.67
2018,673,2,0.00107,0.0,113.07,1.87,127.17
2019,676,2,0.86133,119.25,89.35,138.23,115.45
2020,676,2,0.85107,56.18,47.1,73.86,71.07
2021,676,2,0.84717,191.39,57.67,206.81,80.45
2022,676,2,0.83545,137.87,34.17,153.06,56.95
2023,679,0,0.82324,343.8,103.69,421.47,174.54
2024,679,1,0.37305,199.71,110.52,270.67,187.72
2025,679,0,0.09076,200.43,111.24,270.91,187.0
2026,680,4,0.91846,72.09,27.14,111.14,92.47
2027,680,1,0.87451,41.45,185.19,81.6,226.45
2028,680,13,0.73096,168.49,147.85,205.82,186.17
2029,680,1,0.62598,167.99,147.61,205.82,185.92
2030,690,2,0.90186,110.35,14.79,128.84,37.97
2031,690,2,0.8916,189.62,75.08,210.33,95.06
2032,690,2,0.87402,206.64,20.1,224.39,39.33
2033,690,2,0.8623,85.44,75.7,107.88,97.4
2034,690,10,0.00165,503.03,139.07,505.0,155.84
2035,700,15,0.93652,182.7,48.67,230.54,97.21
2036,706,4,0.91162,118.7,104.67,170.11,173.79
2037,706,13,0.89111,411.06,97.31,453.71,139.72
2038,706,1,0.81396,250.26,105.16,292.42,147.81
2039,706,1,0.13477,410.57,97.07,453.71,138.74
2040,706,0,0.06421,250.51,105.52,293.16,148.54
2041,706,2,0.00171,410.33,97.31,453.47,139.72
2042,716,5,0.78125,27.88,117.83,48.77,135.14
2043,716,5,0.27197,59.63,119.27,77.3,133.71
2044,716,14,0.02954,255.24,138.49,263.84,159.5
2045,716,16,0.0139,395.88,154.48,410.68,167.38
2046,716,8,0.00438,1.82,111.74,14.56,129.41
2047,716,16,0.00361,395.16,154.72,404.71,166.18
2048,716,8,0.00322,95.39,222.53,104.94,233.04
2049,716,15,0.00241,370.57,136.58,396.36,159.5
2050,716,5,0.00196,95.33,222.53,104.64,233.04
2051,716,16,0.00187,391.58,155.2,410.68,171.44
2052,716,16,0.00156,392.3,154.72,400.89,166.18
2053,716,5,0.0013,349.08,148.75,363.41,160.21
2054,716,14,0.00115,250.71,136.1,263.12,159.02
2055,717,15,0.89014,71.61,163.21,91.23,187.28
2056,717,6,0.88184,147.68,185.84,218.7,221.95
2057,718,2,0.82764,333.21,74.32,348.47,95.48
2058,718,2,0.81982,323.86,34.95,337.64,52.91
2059,718,2,0.81641,282.52,50.33,296.3,69.52
2060,718,2,0.81396,402.12,52.29,416.88,71.98
2061,719,10,0.85303,319.97,115.46,342.48,137.97
2062,719,10,0.75195,394.1,73.39,416.11,95.41
2063,719,11,0.00438,497.09,97.85,501.0,119.38
2064,719,2,0.00344,497.09,97.36,501.0,116.44
2065,719,17,0.00339,497.09,97.12,501.0,116.2
2066,719,11,0.00282,449.63,25.44,462.35,42.57
2067,720,10,0.87402,108.16,17.64,121.94,32.15
2068,720,10,0.86816,185.62,53.17,201.09,67.19
2069,720,11,0.85596,76.56,70.58,93.48,83.63
2070,720,17,0.854,126.65,31.42,139.46,43.99
2071,720,9,0.82324,76.98,37.95,93.54,51.48
2072,720,9,0.80566,110.58,58.13,127.38,71.91
2073,720,17,0.79834,148.16,47.86,161.21,60.42
2074,720,9,0.02921,148.16,47.86,161.46,60.42
2075,720,11,0.00121,110.7,58.01,127.62,72.03
2076,731,7,0.854,220.19,98.37,256.68,134.14
2077,731,7,0.47461,79.46,38.55,114.26,70.46
2078,731,7,0.00603,79.28,38.79,117.95,87.37
2079,744,4,0.90869,174.77,134.75,236.82,175.01
2080,744,13,0.90039,251.03,88.81,282.29,119.83
2081,744,12,0.88867,94.96,141.14,125.28,171.46
2082,744,3,0.87402,125.04,68.91,173.82,115.8
2083,744,0,0.86816,172.64,87.62,203.66,118.65
2084,744,1,0.86719,264.29,45.71,294.6,76.49
2085,744,12,0.85889,139.25,193.72,177.61,228.76
2086,744,0,0.854,314.73,104.2,349.3,141.14
2087,744,3,0.81055,330.6,36.47,387.43,77.68
2088,744,3,0.00244,331.54,36.94,364.7,77.2
2089,745,13,0.79834,196.62,119.82,240.82,165.67
2090,745,1,0.28296,261.85,91.46,302.97,138.96
2091,745,0,0.01602,261.85,91.46,304.39,137.31
2092,745,2,0.00534,196.15,119.82,240.11,165.67
2093,745,7,0.00494,261.38,92.4,303.92,137.07
2094,745,4,0.00218,126.44,168.74,228.53,200.41
2095,746,2,0.84082,355.02,39.39,372.53,61.28
2096,748,2,0.85498,100.87,141.92,115.16,161.3
2097,748,2,0.83447,144.34,127.88,157.18,145.31
2098,748,2,0.82422,220.88,147.73,234.92,167.11
2099,748,2,0.81982,151.12,167.11,166.62,188.42
2100,761,15,0.87744,245.69,158.07,272.91,184.81
2101,761,6,0.87256,209.88,114.13,265.99,137.05
2102,761,15,0.83643,210.36,78.79,227.55,97.9
2103,761,17,0.40918,295.12,121.77,312.31,139.92
2104,761,3,0.00964,295.12,122.01,312.31,140.16
2105,770,13,0.90527,210.64,63.58,245.83,99.74
2106,770,0,0.89844,316.45,78.14,354.31,117.94
2107,770,4,0.89551,248.5,0.73,324.7,40.53
2108,770,3,0.88623,99.62,129.1,158.1,202.88
2109,770,12,0.87891,78.87,70.38,116.36,104.84
2110,770,12,0.86133,384.88,0.24,423.71,35.19
2111,770,0,0.85303,131.53,17.47,168.42,54.84
2112,770,3,0.8457,384.64,102.41,433.66,199.96
2113,770,1,0.84277,201.66,135.17,240.98,173.51
2114,770,1,0.00696,315.48,77.66,353.34,117.94
2115,770,3,0.00549,280.53,115.51,313.54,159.2
2116,770,3,0.00261,0.0,156.28,13.45,243.65
2117,770,3,0.00172,0.32,148.03,25.62,205.3
2118,770,3,0.00141,0.02,162.11,10.72,215.5
2119,770,3,0.00109,0.0,153.13,15.68,216.22
2120,770,3,0.00104,0.0,114.06,12.26,207.73
2121,773,0,0.7168,222.12,63.08,258.13,96.68
2122,773,17,0.34863,152.03,82.66,187.56,117.47
2123,773,1,0.05441,151.79,82.42,187.08,117.71
2124,773,0,0.01653,151.55,81.94,187.32,118.19
2125,773,2,0.00269,151.3,81.69,187.32,117.95
2126,773,11,0.0022,222.6,63.08,257.89,97.4
2127,773,11,0.002,151.3,82.42,187.32,117.71
2128,782,8,0.88477,439.89,154.2,495.0,245.08
2129,782,14,0.8623,147.32,147.44,179.7,234.45
2130,782,14,0.85303,226.96,160.97,257.89,230.58
2131,782,14,0.80811,260.07,160.97,285.21,229.61
2132,782,14,0.78662,355.06,131.48,385.99,233.0
2133,782,14,0.00401,0.01,176.92,5.77,225.75
2134,782,14,0.00154,0.14,177.89,9.92,225.75
2135,782,14,0.00148,212.45,166.53,230.34,199.4
2136,782,14,0.0011,0.01,189.01,3.95,234.45
2137,783,10,0.89648,216.17,162.46,235.79,180.16
2138,783,17,0.88428,243.68,143.32,259.83,159.58
2139,783,10,0.86426,268.21,94.15,284.0,110.42
2140,783,17,0.8501,260.55,128.72,275.86,144.03
2141,783,11,0.8501,360.8,160.3,382.81,176.57
2142,783,9,0.83887,308.64,145.47,329.22,162.22
2143,783,9,0.81396,286.15,175.38,305.29,195.47
2144,792,14,0.88086,13.89,150.39,43.88,233.4
2145,792,5,0.86572,188.11,158.2,318.85,209.96
2146,792,14,0.85938,323.24,116.21,371.58,253.42
2147,792,14,0.80029,439.94,121.34,481.93,254.15
2148,792,5,0.01406,356.93,157.23,453.61,214.84
2149,792,5,0.0121,477.29,161.13,499.76,196.29
2150,792,5,0.00578,480.47,141.85,500.0,197.02
2151,792,8,0.00188,132.08,170.9,162.6,201.17
2152,792,5,0.00162,357.18,156.98,439.7,188.72
2153,792,5,0.00106,467.77,145.02,500.0,200.68
2154,803,3,0.87158,297.67,75.65,355.64,133.12
2155,803,0,0.85596,276.06,187.15,321.25,235.29
2156,803,12,0.8418,211.96,122.68,248.55,161.12
2157,803,0,0.84082,327.15,15.23,363.5,49.61
2158,803,12,0.8291,388.55,86.94,428.83,127.22
2159,803,3,0.82227,180.77,50.59,254.94,92.84
2160,803,3,0.8208,118.69,172.42,188.87,227.92
2161,803,3,0.00102,0.0,37.7,10.68,117.77
2162,806,3,0.86719,91.17,104.98,144.98,155.91
2163,806,4,0.8501,140.78,41.08,214.29,78.08
2164,806,4,0.7124,202.52,77.6,245.28,137.65
2165,806,3,0.00156,88.65,10.57,197.95,154.71
2166,806,2,0.0011,140.18,41.32,212.73,78.8
2167,808,15,0.93799,125.61,41.39,173.46,90.2
2168,817,5,0.74219,165.99,0.0,480.98,103.14
2169,817,14,0.00909,0.0,0.0,42.29,154.58
2170,817,5,0.00809,0.0,0.0,44.23,141.24
2171,817,5,0.00125,149.0,0.0,474.19,193.66
2172,822,7,0.84473,51.68,164.51,70.07,181.87
2173,822,7,0.82422,113.73,159.2,131.82,175.6
2174,822,7,0.00172,49.39,106.49,60.06,115.66
2175,822,7,0.00128,129.05,170.78,139.42,179.46
2176,829,17,0.83984,163.08,112.24,181.01,129.93
2177,829,9,0.7251,345.81,182.73,372.34,204.83
2178,829,17,0.67236,225.1,180.77,245.73,200.41
2179,829,17,0.51367,275.08,113.72,299.64,132.63
2180,829,2,0.05942,224.97,181.26,246.1,200.91
2181,830,2,0.87988,149.81,160.03,178.82,197.61
2182,830,2,0.86719,56.18,126.51,87.09,153.14
2183,830,17,0.60205,154.09,112.0,169.55,126.74
2184,839,5,0.88232,113.37,17.85,137.73,39.8
2185,839,5,0.74316,183.44,12.3,204.43,31.36
2186,839,14,0.71875,416.81,44.02,427.43,70.8
2187,839,14,0.71533,452.03,55.36,463.12,79.96
2188,839,14,0.67725,403.3,42.45,412.95,66.57
2189,839,8,0.51953,376.29,47.76,389.31,64.4
2190,839,14,0.42627,391.24,44.02,398.48,63.8
2191,839,14,0.21082,387.38,42.94,395.59,63.2
2192,839,14,0.14905,392.69,44.74,400.89,64.52
2193,839,14,0.07892,386.9,42.45,393.17,51.14
2194,839,14,0.06512,384.97,46.07,392.21,63.44
2195,839,14,0.05359,490.14,56.08,494.0,72.48
2196,839,14,0.04535,379.18,45.35,386.9,55.96
2197,839,5,0.04501,0.03,15.44,7.6,30.39
2198,839,14,0.02646,490.62,56.68,494.0,85.15
2199,839,14,0.02606,417.29,44.5,426.94,60.66
2200,839,8,0.02254,0.01,16.64,6.1,30.15
2201,839,14,0.01979,445.28,42.69,452.99,55.96
2202,839,14,0.01956,377.25,47.28,385.94,57.89
2203,839,14,0.01698,377.74,46.92,388.35,64.04
2204,839,14,0.01187,381.11,43.9,385.94,50.17
2205,839,5,0.00881,0.09,4.46,7.82,22.31
2206,839,14,0.00685,445.76,42.45,462.16,58.13
2207,839,14,0.00622,488.69,52.83,494.0,73.09
2208,839,5,0.00603,0.12,2.05,9.62,17.01
2209,839,14,0.00504,417.78,44.02,426.46,54.88
2210,839,14,0.00483,379.67,44.62,384.49,50.41
2211,839,14,0.00463,452.99,43.18,462.64,58.13
2212,839,14,0.00412,452.51,52.83,462.16,61.51
2213,839,5,0.00307,0.57,2.17,13.28,8.92
2214,839,8,0.00291,385.46,52.83,391.24,65.13
2215,839,14,0.00277,490.14,36.18,494.0,72.36
2216,839,5,0.00274,0.0,1.21,7.34,13.75
2217,839,5,0.00265,20.47,0.0,30.42,4.82
2218,839,14,0.00257,403.79,41.49,414.4,53.07
2219,839,14,0.00254,490.14,51.86,494.0,92.87
2220,839,14,0.00223,386.42,40.76,392.69,48.0
2221,839,8,0.00218,382.8,53.55,391.97,66.09
2222,839,14,0.00185,376.29,46.79,384.01,56.44
2223,839,8,0.00178,21.11,0.0,30.12,4.1
2224,839,14,0.0015,483.87,56.44,488.69,70.92
2225,839,8,0.00142,0.05,0.24,3.19,10.13
2226,839,8,0.00123,0.02,0.96,5.37,13.27
2227,839,8,0.0012,0.04,0.48,9.4,10.61
2228,839,14,0.00112,406.2,44.14,414.88,60.54
2229,847,0,0.62793,440.23,1.32,490.0,88.17
2230,847,1,0.49902,439.76,0.96,490.0,93.31
2231,847,5,0.00457,114.84,11.48,432.58,249.0
2232,847,1,0.00229,478.75,0.48,489.76,13.4
2233,847,1,0.00177,486.17,0.3,490.0,7.9
2234,847,1,0.00123,447.89,0.48,477.08,15.31
2235,852,17,0.83008,77.24,86.01,92.1,101.6
2236,852,9,0.49609,131.94,132.55,151.43,153.01
2237,852,9,0.15918,80.28,183.23,101.24,205.64
2238,852,10,0.13293,80.28,183.23,101.24,205.64
2239,852,17,0.06189,80.28,183.23,100.99,205.64
2240,852,17,0.04303,36.4,136.45,52.72,154.96
2241,852,9,0.01234,36.3,135.96,53.24,155.45
2242,852,17,0.00412,131.57,132.55,151.55,153.01
2243,852,6,0.00219,0.06,135.23,7.74,158.13
2244,854,11,0.91846,337.59,8.68,350.99,22.08
2245,854,10,0.87402,414.24,68.71,433.09,85.08
2246,854,10,0.85889,303.11,71.93,320.97,88.06
2247,854,17,0.854,374.55,72.68,389.43,87.06
2248,854,17,0.85205,344.54,77.14,358.92,91.53
2249,854,9,0.83203,349.5,36.59,364.38,51.72
2250,854,9,0.73096,399.6,33.73,418.46,48.62
2251,855,14,0.87305,183.11,81.79,209.96,165.77
2252,855,14,0.8501,0.0,62.99,28.41,166.02
2253,855,14,0.80811,125.98,69.82,155.76,166.26
2254,855,5,0.78809,405.27,128.42,476.56,168.46
2255,855,14,0.75928,56.52,82.52,110.6,163.57
2256,855,14,0.64404,303.71,82.4,347.66,175.29
2257,855,14,0.56592,283.69,86.79,308.11,170.9
2258,855,5,0.00256,489.26,123.66,500.0,171.39
2259,855,14,0.00116,0.0,157.23,6.38,226.56
2260,855,8,0.00108,54.78,80.81,112.43,164.06
2261,858,14,0.86279,306.28,12.37,486.05,243.02
2262,858,14,0.008,281.07,68.01,331.48,145.77
2263,858,14,0.0031,280.12,67.53,322.45,179.77
2264,858,14,0.00143,351.93,1.43,478.44,136.73
2265,863,9,0.74023,233.73,141.82,256.46,157.63
2266,863,11,0.45898,136.38,121.56,155.65,139.35
2267,863,17,0.24939,306.86,102.04,320.7,116.86
2268,863,9,0.20178,136.38,121.31,155.65,139.1
2269,863,17,0.00688,215.2,100.31,232.49,112.17
2270,863,9,0.00496,215.45,100.56,232.25,111.92
2271,864,15,0.87646,262.05,178.82,289.16,205.45
2272,864,15,0.8623,183.81,150.29,211.4,178.34
2273,864,15,0.81738,258.24,137.68,281.07,158.61
2274,871,2,0.86426,184.05,81.68,215.44,121.16
2275,871,17,0.62061,267.04,44.23,283.69,63.25
2276,871,2,0.24939,158.37,20.81,183.58,47.2
2277,871,17,0.18005,159.56,20.57,183.34,46.49
2278,871,2,0.04053,267.52,44.47,283.69,63.49
2279,875,14,0.81543,390.38,86.43,427.0,139.4
2280,875,8,0.81299,258.3,97.66,302.25,158.69
2281,875,14,0.80908,295.41,115.72,333.5,162.11
2282,875,8,0.6875,15.2,137.7,65.8,186.52
2283,875,8,0.39233,174.56,115.6,230.47,169.43
2284,875,14,0.04208,71.41,128.42,120.97,173.34
2285,875,14,0.03979,0.31,131.1,32.17,189.21
2286,875,14,0.03516,91.67,127.56,121.95,162.6
2287,875,8,0.01596,121.34,124.02,167.24,170.41
2288,875,14,0.01112,104.98,128.91,136.47,155.27
2289,875,14,0.01065,99.0,126.22,129.76,165.77
2290,875,14,0.00912,159.91,89.11,198.0,161.13
2291,875,14,0.00878,440.43,59.94,462.89,101.44
2292,875,8,0.00842,0.08,132.81,29.66,190.43
2293,875,14,0.00685,0.0,96.68,18.66,189.45
2294,875,14,0.00667,494.14,36.38,500.0,108.15
2295,875,8,0.005,260.74,97.17,304.2,136.72
2296,875,14,0.00477,496.09,47.36,500.0,87.16
2297,875,14,0.00401,91.8,130.13,137.7,168.21
2298,875,14,0.00305,0.12,99.12,30.12,187.5
2299,875,14,0.00298,491.21,84.47,500.0,177.25
2300,875,14,0.00279,172.36,92.29,208.01,156.98
2301,875,8,0.00271,387.7,85.45,434.57,139.16
2302,875,14,0.00245,489.75,42.97,500.0,160.64
2303,875,8,0.00244,172.0,115.23,204.71,159.67
2304,875,8,0.0024,0.24,140.14,29.48,248.54
2305,875,8,0.00234,140.62,126.83,169.43,167.97
2306,875,14,0.00215,0.0,131.35,10.29,251.95
2307,875,14,0.002,6.9,130.86,51.21,186.52
2308,875,8,0.00183,64.33,140.62,142.58,195.31
2309,875,14,0.00135,160.77,79.35,229.37,157.96
2310,875,14,0.0013,158.45,89.6,194.58,127.69
2311,875,8,0.00125,292.72,105.47,339.11,162.11
2312,875,14,0.00121,81.67,130.86,125.98,166.02
2313,875,8,0.00111,0.02,140.14,5.63,188.96
2314,875,14,0.00107,460.94,25.63,499.02,215.09
2315,875,14,0.001,355.47,77.64,378.42,93.26
2316,890,2,0.86768,169.21,164.51,207.56,209.85
2317,890,7,0.854,95.52,159.2,132.42,191.04
2318,890,2,0.00102,490.14,120.85,494.0,151.24
2319,893,10,0.87988,280.76,144.53,300.29,162.11
2320,893,17,0.86963,307.62,123.05,323.24,139.65
2321,893,11,0.8623,428.47,131.35,451.9,147.95
2322,893,10,0.84717,328.61,71.04,344.24,87.65
2323,893,17,0.84717,323.24,107.18,338.87,122.8
2324,893,9,0.8335,373.54,120.36,395.02,136.96
2325,893,9,0.54883,352.78,152.1,372.31,173.58
2326,893,17,0.41113,353.03,152.1,372.56,173.58
2327,893,9,0.00144,498.05,133.79,500.0,147.46
2328,896,14,0.63525,116.63,142.03,138.83,210.58
2329,896,14,0.4668,458.15,192.83,475.9,237.21
2330,896,14,0.37207,144.0,162.74,166.44,210.09
2331,896,14,0.07501,81.87,182.72,98.76,206.39
2332,896,14,0.05707,201.46,161.26,229.57,204.66
2333,896,14,0.04709,119.04,162.74,165.95,211.07
2334,896,14,0.0107,360.01,180.0,373.82,201.7
2335,896,14,0.00573,317.35,168.91,330.67,197.51
2336,896,14,0.0042,83.28,181.73,112.01,209.35
2337,896,14,0.00352,330.42,177.05,341.27,200.72
2338,896,14,0.0031,116.51,144.0,152.51,209.59
2339,896,16,0.00291,170.39,197.27,197.76,224.88
2340,896,14,0.00132,125.94,168.17,159.54,207.62
2341,896,14,0.0011,309.95,168.91,328.2,197.02
2342,903,2,0.8501,348.75,25.43,372.97,60.3
2343,914,14,0.85303,249.31,141.16,268.45,199.54
2344,914,14,0.82764,28.17,161.26,44.56,200.5
2345,914,14,0.79688,49.23,156.0,66.45,203.85
2346,914,14,0.44165,0.0,155.76,7.11,205.04
2347,914,14,0.04996,0.0,170.83,5.11,205.28
2348,914,14,0.0093,0.01,152.65,6.82,243.09
2349,914,14,0.00912,0.0,147.38,6.29,193.32
2350,914,14,0.00912,0.82,149.3,19.62,203.85
2351,914,14,0.00649,11.39,159.82,26.89,201.93
2352,914,14,0.00594,50.9,178.01,65.38,203.85
2353,914,14,0.0035,12.83,166.28,33.83,200.26
2354,914,14,0.00338,8.88,165.57,28.32,192.36
2355,914,16,0.00289,11.07,166.52,32.3,200.98
2356,914,14,0.0017,0.0,146.9,5.08,181.36
2357,914,16,0.00167,12.04,165.57,27.23,191.41
2358,914,14,0.0015,7.09,164.85,17.2,193.08
2359,914,14,0.00146,0.7,158.39,14.65,195.71
2360,914,14,0.00119,0.42,170.11,14.09,204.09
2361,919,15,0.83203,401.03,183.0,422.95,206.83
2362,919,2,0.77881,319.3,147.73,335.5,165.84
2363,922,6,0.88721,265.38,148.54,315.88,184.18
2364,922,15,0.82422,419.61,152.99,441.89,173.79
2365,922,14,0.00199,247.56,40.1,278.26,144.57
2366,926,14,0.86768,83.13,61.04,127.81,168.46
2367,926,14,0.83984,188.11,93.26,215.7,163.57
2368,926,5,0.78906,399.9,130.86,473.14,171.88
2369,926,14,0.77197,155.64,81.3,182.5,165.28
2370,926,14,0.74316,269.04,84.59,307.13,171.39
2371,926,14,0.39038,126.22,107.91,157.71,159.67
2372,926,14,0.38867,129.15,82.03,182.37,165.04
2373,926,5,0.00842,485.35,137.7,500.0,174.8
2374,926,14,0.00374,201.17,120.36,216.31,162.35
2375,926,5,0.00238,464.36,89.84,500.0,106.45
2376,926,5,0.00112,484.86,89.23,500.0,102.66
2377,926,14,0.00102,0.07,94.97,7.56,140.38
2378,926,14,0.00102,0.0,95.21,6.34,200.2
2379,931,15,0.89111,391.49,155.38,409.97,174.83
2380,938,2,0.8623,416.5,135.25,446.78,171.39
2381,938,2,0.85107,304.93,169.92,345.46,199.22
2382,938,17,0.76367,329.35,118.16,344.48,132.32
2383,940,17,0.6001,159.17,106.77,179.88,128.96
2384,940,17,0.49219,149.92,12.33,165.21,27.62
2385,940,9,0.22266,206.76,55.97,226.49,76.19
2386,940,10,0.01033,159.05,106.77,180.0,128.96
2387,940,17,0.00184,113.18,63.62,129.46,83.1
2388,951,9,0.86426,211.57,78.17,233.76,101.35
2389,951,10,0.85693,307.24,131.18,331.41,157.32
2390,951,9,0.84912,119.22,102.58,143.63,122.8
2391,951,17,0.82324,86.0,62.39,103.75,78.91
2392,951,11,0.02002,0.0,134.63,3.37,157.32
2393,951,10,0.00399,85.87,62.63,103.75,78.91
2394,951,17,0.002,81.74,11.84,92.34,23.18
2395,951,11,0.0018,0.07,129.7,5.21,157.32
2396,951,11,0.0017,0.06,68.06,5.32,98.39
2397,951,10,0.00136,0.0,130.69,3.5,157.32
2398,951,11,0.00113,0.07,124.77,6.79,140.55
2399,951,11,0.001,0.05,56.1,7.66,94.56
2400,960,5,0.86084,227.91,149.9,358.89,202.15
2401,960,5,0.83691,385.25,137.21,499.51,198.24
2402,960,14,0.80273,122.07,153.32,164.79,253.42
2403,960,14,0.77197,477.54,114.38,500.0,205.08
2404,960,14,0.00571,141.6,154.05,173.1,238.53
2405,960,14,0.00212,145.51,181.15,173.58,237.3
2406,965,15,0.90918,415.81,35.99,437.21,54.47
2407,965,5,0.0051,452.77,1.22,498.0,24.56
2408,967,6,0.89551,305.37,204.55,357.47,231.56
2409,967,15,0.83887,232.29,207.92,250.62,226.26
2410,976,14,0.79199,458.25,103.52,484.13,176.76
2411,976,14,0.76074,111.08,78.12,139.4,161.62
2412,976,14,0.73877,226.07,91.8,256.84,167.97
2413,976,5,0.63184,396.0,130.13,466.31,170.65
2414,976,14,0.62793,153.56,76.17,206.79,168.95
2415,976,14,0.29907,133.79,81.3,153.08,162.84
2416,976,14,0.01147,172.0,79.1,205.44,164.06
2417,976,14,0.0068,151.37,77.39,184.57,165.77
2418,976,14,0.00516,117.13,78.61,152.83,155.27
2419,976,8,0.00279,103.27,76.17,169.19,162.84
2420,976,14,0.00148,106.2,75.93,162.35,164.31
2421,977,8,0.88623,18.71,0.0,61.68,43.7
2422,977,8,0.87842,311.28,0.24,341.55,42.72
2423,977,8,0.87598,66.22,0.0,104.92,42.24
2424,977,8,0.87256,281.74,0.0,313.96,40.28
2425,977,8,0.86133,381.84,0.37,413.09,42.36
2426,977,8,0.85303,411.38,0.0,443.6,42.24
2427,977,8,0.8501,447.02,0.0,489.5,43.7
2428,977,8,0.83105,199.22,0.0,239.75,43.7
2429,977,8,0.83105,105.22,0.0,129.39,40.77
2430,977,8,0.82666,249.15,0.0,286.13,42.48
2431,977,8,0.82568,0.03,0.0,31.8,45.9
2432,977,8,0.1366,230.22,0.0,250.24,18.31
2433,977,8,0.09705,191.16,0.0,211.18,18.8
2434,977,8,0.0957,129.39,0.0,149.9,18.07
2435,977,8,0.02855,354.0,1.46,384.28,42.48
2436,977,8,0.01862,14.07,0.0,36.8,39.67
2437,977,8,0.01363,181.15,0.0,207.52,19.04
2438,977,8,0.00447,230.22,0.0,261.96,19.78
2439,977,8,0.00285,128.42,0.24,164.06,45.17
2440,977,8,0.00232,179.44,0.0,197.02,16.6
2441,977,8,0.00224,446.78,0.0,471.19,40.53
2442,977,8,0.00109,0.05,0.73,15.73,46.63
2443,978,8,0.79443,134.5,147.17,231.96,199.79
2444,978,14,0.75928,328.44,91.37,345.99,124.02
2445,978,8,0.75635,2.62,136.45,65.97,185.18
2446,978,14,0.75342,89.91,110.86,116.71,199.55
2447,978,14,0.71045,438.57,61.16,465.86,119.63
2448,978,14,0.66016,141.32,103.31,166.66,133.52
2449,978,14,0.66016,64.51,111.59,96.67,199.31
2450,978,14,0.62061,256.81,75.78,286.05,172.99
2451,978,14,0.6001,268.99,74.07,307.98,175.19
2452,978,14,0.35938,217.09,90.15,237.07,134.5
2453,978,14,0.28467,224.65,104.04,246.09,134.74
2454,978,14,0.2605,427.12,53.12,444.18,116.71
2455,978,8,0.02121,0.0,131.08,12.46,203.21
2456,978,14,0.01956,436.14,72.12,457.58,117.93
2457,978,14,0.01805,0.2,115.98,23.65,193.46
2458,978,14,0.01678,0.0,119.88,13.05,202.23
2459,978,14,0.01287,491.2,92.59,499.0,137.18
2460,978,14,0.01205,491.2,63.11,499.0,134.25
2461,978,14,0.01103,216.36,96.97,246.09,134.01
2462,978,14,0.01073,464.4,60.91,478.05,93.56
2463,978,14,0.01021,495.59,82.84,499.0,121.83
2464,978,14,0.00772,435.16,55.8,453.68,118.66
2465,978,14,0.00644,0.58,117.32,37.31,185.66
2466,978,14,0.00536,494.13,73.58,499.0,113.05
2467,978,14,0.00508,494.61,87.23,499.0,135.96
2468,978,14,0.00449,486.82,82.35,499.0,119.15
2469,978,14,0.00404,420.54,51.78,452.71,122.68
2470,978,8,0.00397,58.63,107.69,115.61,200.77
2471,978,8,0.00369,0.2,134.01,20.03,188.59
2472,978,8,0.00291,0.24,130.6,30.97,190.05
2473,978,14,0.00251,0.01,128.65,7.29,169.58
2474,978,14,0.00244,491.2,76.02,499.0,115.98
2475,978,8,0.00241,0.0,116.95,98.56,255.35
2476,978,14,0.00233,426.88,52.87,444.42,91.86
2477,978,14,0.00232,0.04,114.03,13.9,165.2
2478,978,14,0.00144,0.12,117.93,8.98,165.2
2479,978,14,0.00132,0.02,118.66,5.49,152.77
2480,978,8,0.00128,0.01,165.93,10.93,202.48
2481,978,14,0.00121,0.0,129.14,11.19,177.87
2482,978,14,0.00116,454.66,67.98,467.33,114.27
2483,978,14,0.0011,480.24,53.85,498.76,125.72
2484,978,14,0.00107,432.24,74.56,451.73,116.47
2485,978,14,0.00107,481.46,88.2,499.0,127.67
2486,978,8,0.00101,0.0,127.67,77.66,221.24
2487,980,3,0.00816,0.01,52.44,7.78,75.43
2488,980,14,0.00281,0.0,93.6,89.35,244.93
2489,980,4,0.00276,0.0,52.21,7.83,100.04
2490,980,3,0.00237,0.0,53.24,8.17,97.4
2491,980,17,0.0019,232.28,62.78,252.06,88.54
2492,980,14,0.00182,0.0,1.38,82.1,111.54
2493,980,14,0.00102,428.22,1.84,470.54,162.6
2494,983,5,0.76465,429.31,175.97,489.0,207.01
2495,983,5,0.75195,0.27,166.18,43.75,195.31
2496,983,5,0.6333,282.7,167.62,340.96,195.31
2497,983,5,0.45703,319.0,177.17,376.3,201.04
2498,983,5,0.11395,0.45,131.8,32.26,146.13
2499,983,5,0.04178,88.7,151.86,112.34,169.05
2500,983,8,0.03568,88.94,154.25,112.82,169.05
2501,983,5,0.03461,253.1,63.27,297.03,78.79
2502,983,5,0.02655,477.54,111.74,489.0,125.83
2503,983,5,0.02615,476.58,102.67,489.0,125.12
2504,983,8,0.02203,7.19,154.25,18.49,166.66
2505,983,5,0.02129,37.13,123.56,71.03,136.1
2506,983,5,0.01987,316.13,63.99,339.05,75.93
2507,983,5,0.01525,468.47,94.67,488.52,107.09
2508,983,8,0.01445,0.01,147.56,8.18,164.75
2509,983,14,0.01263,55.28,142.31,65.48,150.9
2510,983,5,0.01238,168.81,110.67,239.49,164.27
2511,983,5,0.01205,461.78,93.96,488.52,104.7
2512,983,5,0.01164,22.03,44.65,49.13,56.35
2513,983,5,0.01151,323.77,64.23,340.49,74.73
2514,983,5,0.00938,317.09,60.41,339.05,72.82
2515,983,5,0.00906,255.01,61.36,289.87,75.69
2516,983,14,0.00895,55.84,139.2,68.53,150.19
2517,983,5,0.00835,324.97,60.89,339.77,71.39
2518,983,14,0.008,12.83,149.47,23.01,159.98
2519,983,14,0.00776,6.25,145.17,21.79,156.63
2520,983,5,0.00746,313.98,68.41,339.77,79.39
2521,983,5,0.00723,240.68,61.6,277.93,78.32
2522,983,5,0.00696,324.01,64.71,349.8,75.69
2523,983,5,0.00685,138.73,88.34,175.26,105.06
2524,983,5,0.00644,460.83,87.39,489.0,101.72
2525,983,8,0.00644,10.76,149.47,22.58,159.98
2526,983,8,0.006,54.56,148.28,65.54,159.74
2527,983,5,0.00598,65.18,107.69,109.36,122.49
2528,983,5,0.00598,38.92,127.5,71.27,138.01
2529,983,5,0.00587,468.47,98.85,488.52,111.74
2530,983,8,0.00575,0.0,150.66,4.42,164.99
2531,983,5,0.00569,475.15,95.03,489.0,109.83
2532,983,5,0.0051,80.94,110.07,110.07,125.12
2533,983,5,0.005,121.29,79.99,170.96,106.25
2534,983,5,0.00481,475.63,99.57,489.0,118.67
2535,983,5,0.00477,77.96,119.5,113.06,130.85
2536,983,5,0.00472,314.22,90.73,351.95,106.97
2537,983,5,0.00454,292.49,59.93,319.71,76.17
2538,983,5,0.00426,473.0,92.76,488.76,103.98
2539,983,5,0.0038,316.13,93.72,354.33,112.58
2540,983,5,0.00377,34.62,118.67,79.63,132.99
2541,983,5,0.00364,146.84,85.48,183.14,103.63
2542,983,5,0.00356,456.53,95.99,488.04,109.83
2543,983,5,0.00316,180.75,61.36,219.67,79.51
2544,983,5,0.00309,453.18,98.61,478.97,115.8
2545,983,5,0.00302,311.83,66.14,335.71,77.84
2546,983,5,0.00299,202.95,61.01,247.37,79.15
2547,983,5,0.00294,456.05,76.53,478.97,87.51
2548,983,5,0.00288,452.23,71.63,478.02,85.24
2549,983,5,0.00276,405.91,86.08,435.52,103.03
2550,983,5,0.00271,325.44,58.86,358.87,75.33
2551,983,14,0.00268,57.39,137.29,69.6,147.8
2552,983,5,0.00267,452.95,114.61,480.64,129.65
2553,983,5,0.00266,0.69,136.58,31.4,154.72
2554,983,5,0.00261,313.27,64.23,331.41,76.17
2555,983,8,0.00257,54.62,143.02,65.18,152.57
2556,983,5,0.00256,455.57,111.03,477.54,122.01
2557,983,5,0.00254,476.58,114.13,489.0,136.58
2558,983,5,0.00248,297.98,58.74,330.46,74.5
2559,983,8,0.00246,0.49,151.86,13.4,167.14
2560,983,5,0.00243,465.12,84.64,489.0,96.58
2561,983,5,0.00241,0.02,149.71,7.92,164.51
2562,983,5,0.0024,58.8,61.36,84.94,73.54
2563,983,5,0.00233,464.17,64.95,488.04,76.88
2564,983,5,0.00232,468.94,87.51,488.52,98.01
2565,983,5,0.00231,263.6,61.12,298.94,74.02
2566,983,5,0.00226,462.02,75.45,477.3,83.57
2567,983,5,0.00222,324.25,58.74,338.58,68.77
2568,983,5,0.00222,454.62,61.24,479.45,75.81
2569,983,5,0.00221,112.22,79.51,163.8,100.76
2570,983,5,0.00221,20.86,118.43,57.63,129.89
2571,983,5,0.00218,323.06,69.96,340.25,79.03
2572,983,5,0.00218,130.61,104.34,201.76,129.65
2573,983,5,0.00212,481.36,67.57,489.0,79.03
2574,983,5,0.00212,318.04,89.3,350.99,102.19
2575,983,5,0.00211,304.67,67.81,338.1,84.52
2576,983,5,0.00208,285.57,90.97,318.04,110.55
2577,983,5,0.00208,458.44,115.09,482.31,126.79
2578,983,14,0.00207,4.86,144.69,16.83,155.68
2579,983,14,0.00207,27.26,158.54,36.95,170.0
2580,983,5,0.00202,43.9,88.11,80.23,105.77
2581,983,5,0.002,451.75,64.71,478.49,82.38
2582,983,5,0.00199,21.91,47.75,48.29,62.08
2583,983,5,0.00199,464.17,101.72,488.04,117.0
2584,983,8,0.00199,0.05,152.81,3.02,165.23
2585,983,5,0.00196,463.93,112.94,487.81,125.12
2586,983,5,0.00193,309.45,106.01,345.26,124.64
2587,983,5,0.00193,45.84,83.57,75.21,102.43
2588,983,5,0.00192,249.28,67.33,292.25,80.23
2589,983,5,0.00191,56.68,46.44,85.12,57.19
2590,983,5,0.00191,68.29,55.99,87.39,65.54
2591,983,14,0.00191,5.91,148.04,14.54,156.63
2592,983,5,0.0019,328.55,60.65,347.65,72.59
2593,983,5,0.00188,273.87,61.48,306.82,77.0
2594,983,5,0.00186,20.65,46.68,42.08,55.28
2595,983,5,0.00184,477.54,54.08,489.0,64.83
2596,983,5,0.00182,463.45,106.49,488.76,123.44
2597,983,5,0.00181,16.83,44.65,41.55,53.48
2598,983,5,0.00181,461.3,61.6,481.84,74.02
2599,983,5,0.00177,134.43,80.47,174.54,102.91
2600,983,5,0.00176,476.35,86.91,488.76,96.7
2601,983,5,0.00175,479.93,59.93,489.0,69.96
2602,983,5,0.0017,452.95,113.42,476.82,124.16
2603,983,5,0.00169,41.31,91.69,85.48,114.61
2604,983,5,0.00164,45.37,118.43,84.41,129.41
2605,983,5,0.00163,452.23,77.24,477.54,90.61
2606,983,5,0.00161,66.86,101.24,108.04,119.86
2607,983,5,0.00159,287.48,96.94,316.13,111.74
2608,983,14,0.00159,0.14,144.69,8.99,161.41
2609,983,5,0.00157,72.35,119.38,109.83,135.14
2610,983,14,0.00157,104.16,154.72,113.48,167.14
2611,983,5,0.00157,481.36,61.84,489.0,77.12
2612,983,5,0.00157,460.83,113.65,478.97,123.44
2613,983,5,0.00153,226.35,108.16,259.06,120.82
2614,983,5,0.00152,45.04,111.51,81.3,128.46
2615,983,5,0.00151,463.21,60.41,479.45,69.96
2616,983,5,0.00151,50.98,92.88,95.51,115.09
2617,983,5,0.00148,466.32,53.72,488.76,64.23
2618,983,5,0.00147,56.05,96.46,101.18,119.38
2619,983,5,0.00146,77.9,100.28,114.79,119.62
2620,983,5,0.00142,53.01,110.31,102.19,124.64
2621,983,5,0.00141,331.89,79.39,362.45,93.0
2622,983,5,0.00139,479.45,84.52,489.0,95.03
2623,983,5,0.00137,260.74,59.21,289.39,72.11
2624,983,5,0.00137,169.05,66.02,216.56,85.6
2625,983,5,0.00136,324.73,91.45,354.33,103.39
2626,983,5,0.00134,458.44,81.66,488.04,92.64
2627,983,5,0.0013,1.09,143.74,18.19,159.5
2628,983,5,0.00129,44.05,130.13,70.2,138.73
2629,983,5,0.00128,227.31,105.3,263.12,117.0
2630,983,5,0.00122,241.16,66.26,279.36,81.3
2631,983,8,0.00122,9.28,150.9,22.95,163.32
2632,983,5,0.0012,314.46,60.53,329.74,71.51
2633,983,5,0.0012,0.04,105.3,12.77,134.9
2634,983,5,0.00117,8.24,146.6,22.62,159.5
2635,983,5,0.00116,185.05,65.42,228.02,79.75
2636,983,5,0.00115,265.27,66.14,298.7,78.56
2637,983,5,0.00114,452.71,97.06,474.67,112.1
2638,983,5,0.00113,474.44,68.77,488.76,79.27
2639,983,5,0.0011,465.12,60.17,486.13,69.24
2640,983,5,0.00109,58.02,122.97,84.29,133.47
2641,983,14,0.00108,48.65,137.53,57.01,145.17
2642,983,5,0.00107,462.74,72.59,480.88,83.33
2643,983,5,0.00106,0.0,132.28,11.68,147.08
2644,983,5,0.00103,309.45,71.63,341.92,86.91
2645,983,5,0.00103,0.01,145.65,10.47,163.8
2646,983,5,0.00102,77.36,125.12,107.09,138.49
2647,983,5,0.00101,321.86,84.05,361.97,101.0
2648,991,4,0.89307,388.39,134.9,464.49,226.81
2649,991,3,0.86865,222.61,96.11,289.81,195.43
2650,991,4,0.79053,328.6,33.6,438.3,87.46
2651,991,3,0.10052,388.15,132.43,465.23,226.32
2652,991,4,0.00712,343.67,53.12,438.06,89.69
2653,991,3,0.00636,326.63,32.61,436.33,87.71
2654,994,16,0.44751,380.15,42.57,485.83,127.21
2655,994,16,0.24512,380.64,15.66,475.56,100.54
2656,994,8,0.19373,0.0,18.1,49.17,227.99
2657,994,8,0.0145,0.0,103.23,49.05,232.4
2658,994,14,0.00518,0.18,9.54,46.11,239.98
2659,994,14,0.0015,0.08,5.63,27.26,170.26
2660,994,14,0.00141,380.89,16.63,488.52,130.39
2661,994,14,0.00122,0.05,77.06,9.82,130.88
2662,1005,2,0.878,49.14,56.71,71.11,85.1
2663,1005,2,0.85088,212.58,85.23,244.76,108.17
2664,1006,15,0.90206,244.62,173.56,268.38,195.46
2665,1006,15,0.85916,326.99,152.53,342.43,168.78
2666,1006,15,0.03644,0.02,46.53,6.09,73.32
2667,1006,15,0.00179,0.0,31.59,5.66,74.72
2668,1006,15,0.00123,312.21,167.53,320.07,182.5
2669,1007,15,0.93735,149.49,154.19,221.07,217.87
2670,1007,15,0.85218,174.65,108.77,233.49,162.26
2671,1007,15,0.00558,156.06,110.8,229.43,200.78
2672,1009,2,0.85791,72.53,176.38,92.35,201.82
2673,1011,7,0.82911,106.16,188.51,129.15,205.52
2674,1011,7,0.7776,81.59,123.19,107.01,140.72
2675,1011,17,0.00226,94.42,149.42,109.6,163.75
2676,1011,1,0.0011,94.82,149.29,110.03,163.96
2677,1014,8,0.59802,406.81,0.49,486.0,29.54
2678,1014,8,0.0243,479.95,48.47,486.0,103.65
2679,1014,8,0.01826,479.58,49.03,486.0,156.23
2680,1014,2,0.01437,480.15,119.18,486.0,161.54
2681,1014,8,0.00667,462.06,0.17,486.0,26.47
2682,1014,14,0.00642,478.69,119.35,486.0,210.07
2683,1014,14,0.0044,474.19,3.02,486.0,87.36
2684,1014,14,0.00387,478.25,3.42,486.0,102.24
2685,1014,8,0.00313,478.82,2.47,486.0,104.75
2686,1014,8,0.0023,445.65,0.65,486.0,27.35
2687,1014,8,0.00194,333.12,76.88,367.6,128.44
2688,1014,8,0.00162,478.35,188.92,486.0,229.86
2689,1014,8,0.00155,481.12,62.64,486.0,101.2
2690,1014,8,0.00149,479.97,100.41,486.0,161.9
2691,1014,8,0.00107,471.03,0.28,486.0,23.27
2692,1014,14,0.00102,480.2,173.13,486.0,210.08
2693,1016,17,0.84744,293.92,215.6,304.9,225.99
2694,1016,10,0.82534,356.58,203.42,369.28,214.95
2695,1016,9,0.82017,301.97,194.48,316.82,205.7
2696,1016,17,0.63521,312.72,222.72,323.83,234.1
2697,1016,11,0.49122,363.73,217.17,376.41,228.83
2698,1016,12,0.40394,317.21,208.62,332.76,220.67
2699,1016,10,0.26667,335.8,195.71,349.45,206.92
2700,1016,11,0.21985,335.86,195.73,349.36,206.87
2701,1016,11,0.17606,317.62,208.73,332.83,220.26
2702,1016,11,0.16659,289.11,201.55,300.85,212.45
2703,1016,12,0.053,288.92,201.58,300.9,212.39
2704,1016,13,0.04269,357.45,203.41,369.76,214.58
2705,1016,17,0.0317,302.91,194.95,315.24,204.6
2706,1016,13,0.0276,363.46,215.81,375.95,229.17
2707,1016,9,0.01872,289.68,201.45,301.04,211.99
2708,1016,9,0.00562,312.66,222.62,323.6,234.22
2709,1016,11,0.00283,312.99,222.35,323.61,234.06
2710,1016,13,0.00137,315.99,208.55,330.78,221.95
2711,1016,11,0.00119,364.23,215.34,381.76,229.57
2712,1018,15,0.89761,186.62,132.58,216.21,164.52
2713,1018,6,0.87472,121.12,78.18,151.11,120.07
2714,1018,2,0.39949,220.25,76.24,238.54,95.09
2715,1018,17,0.01049,220.33,76.04,238.47,94.93
2716,1019,1,0.89941,77.46,93.05,127.97,144.61
2717,1019,0,0.88965,113.55,0.23,156.68,42.19
2718,1019,0,0.87842,184.92,26.48,232.73,73.36
2719,1019,3,0.01406,408.98,26.6,449.3,85.9
2720,1020,2,0.8535,159.67,192.42,176.03,214.27
2721,1020,2,0.84492,112.11,173.33,127.8,194.85
2722,1026,7,0.85303,103.25,181.4,131.08,204.14
2723,1026,3,0.01456,413.48,98.75,446.64,128.12
2724,1026,17,0.00297,202.36,188.98,219.65,210.77
2725,1027,17,0.80566,338.55,101.68,353.86,117.0
2726,1027,9,0.6333,396.69,145.95,415.83,165.09
2727,1027,9,0.21082,349.32,196.91,370.37,219.88
2728,1027,2,0.01215,105.15,219.16,128.96,236.87
2729,1027,10,0.00867,349.32,197.15,370.37,220.12
2730,1027,17,0.0035,303.38,151.21,321.56,171.31
2731,1027,2,0.0031,339.51,102.16,354.34,115.56
2732,1027,9,0.00229,137.09,177.53,154.56,191.88
2733,1028,12,0.4676,335.15,89.44,363.83,118.93
2734,1028,17,0.3298,167.55,73.99,197.09,101.11
2735,1028,12,0.2569,167.61,73.99,197.47,101.29
2736,1030,2,0.81584,172.01,50.59,201.75,75.61
2737,1030,2,0.8145,53.72,51.45,79.17,79.75
2738,1030,2,0.00399,224.32,73.81,244.26,91.39
2739,1032,12,0.78501,362.54,62.91,403.62,99.33
2740,1032,12,0.77746,200.32,177.24,241.65,216.48
2741,1032,12,0.70596,354.71,166.77,403.01,213.8
2742,1032,11,0.00183,354.77,166.49,402.76,214.12
2743,1032,2,0.00132,354.5,166.67,402.46,214.02
2744,1032,2,0.00121,362.15,63.01,403.33,99.44
2745,1033,15,0.83203,382.86,0.0,419.8,17.9
2746,1034,14,0.60831,364.29,87.71,435.93,144.89
2747,1034,14,0.00198,0.0,0.0,4.3,33.31
2748,1034,14,0.00166,0.64,0.0,40.52,204.56
2749,1034,14,0.00146,165.46,0.0,192.94,27.92
2750,1034,8,0.00135,0.0,0.0,3.64,27.74
2751,1038,5,0.79819,310.24,111.12,342.64,136.69
2752,1038,5,0.78349,97.32,108.48,145.08,152.07
2753,1038,5,0.48117,149.02,119.12,189.06,144.3
2754,1038,14,0.27043,411.94,105.44,427.18,132.59
2755,1038,5,0.20128,9.46,117.08,53.77,151.66
2756,1038,5,0.12742,168.81,113.37,197.51,140.97
2757,1038,5,0.11841,144.96,121.59,161.8,147.5
2758,1038,5,0.02796,0.41,128.97,22.18,153.46
2759,1038,14,0.01096,203.3,118.82,215.11,145.54
2760,1038,5,0.00612,0.0,124.83,19.86,163.11
2761,1038,5,0.00418,175.12,115.12,203.23,136.92
2762,1038,5,0.00264,59.26,119.16,76.32,136.72
2763,1038,5,0.00249,0.0,121.2,10.18,154.49
2764,1038,5,0.00183,337.88,109.07,352.08,118.57
2765,1038,5,0.00153,43.54,114.91,77.04,137.49
2766,1038,8,0.00127,405.9,113.32,413.26,127.31
2767,1038,5,0.00103,193.34,116.3,204.23,131.99
2768,1038,14,0.00103,406.7,110.09,414.88,127.32
2769,1039,7,0.65638,98.68,19.12,115.56,30.63
2770,1039,7,0.4819,114.19,51.84,130.88,65.58
2771,1039,9,0.00199,397.65,58.43,427.27,84.35
2772,1039,2,0.00158,110.36,144.17,131.28,164.35
2773,1040,11,0.51758,157.98,81.54,187.83,108.72
2774,1040,12,0.49609,158.22,81.78,187.83,108.48
2775,1040,4,0.29492,283.45,66.98,354.31,93.19
2776,1040,0,0.0462,233.94,151.19,267.91,185.16
2777,1040,1,0.02866,234.42,151.19,267.91,184.19
2778,1040,0,0.01395,303.83,1.21,328.1,16.74
2779,1040,3,0.00997,283.45,65.77,355.28,93.19
2780,1040,2,0.00394,303.83,0.97,323.24,16.99
2781,1040,3,0.0015,324.7,66.13,352.85,87.73
2782,1042,14,0.8812,127.86,70.35,162.48,165.2
2783,1042,14,0.80827,161.6,82.41,188.91,166.35
2784,1042,5,0.79115,402.22,131.77,475.92,172.3
2785,1042,14,0.78854,368.8,112.32,389.54,168.99
2786,1042,14,0.72874,279.65,87.61,325.03,171.57
2787,1042,14,0.69924,188.48,87.46,214.8,163.24
2788,1042,14,0.00832,171.19,81.95,214.11,166.36
2789,1042,5,0.00738,488.2,131.92,500.0,172.0
2790,1042,8,0.00261,118.73,71.27,176.44,165.53
2791,1042,14,0.00146,0.0,88.25,6.71,185.12
2792,1042,5,0.00143,477.55,102.96,500.0,139.74
2793,1042,8,0.00142,153.63,79.9,210.81,166.92
2794,1042,14,0.00115,0.01,85.68,8.5,154.09
2795,1044,7,0.00133,305.79,54.98,347.95,121.01
2796,1046,15,0.89648,281.79,192.91,300.05,211.65
2797,1048,17,0.85596,387.21,132.57,406.81,152.18
2798,1048,17,0.84717,393.04,96.16,412.65,115.53
2799,1048,17,0.38501,394.44,58.58,415.92,78.66
2800,1048,14,0.0027,200.14,221.73,210.41,245.07
2801,1048,2,0.00154,393.98,58.82,415.92,80.29
2802,1049,15,0.91566,354.62,116.34,382.0,145.53
2803,1049,15,0.89694,184.73,138.54,215.23,172.73
2804,1049,15,0.00142,507.14,56.44,510.0,87.39
2805,1049,15,0.00101,185.99,138.48,214.05,159.87
2806,1050,12,0.47656,221.5,73.03,237.83,89.37
2807,1050,11,0.47461,296.45,77.0,311.82,93.57
2808,1050,11,0.42822,317.11,65.58,331.52,80.24
2809,1050,10,0.38867,261.86,80.12,277.23,96.21
2810,1050,10,0.36841,353.14,66.91,369.48,82.28
2811,1050,9,0.30737,206.12,85.76,221.02,102.34
2812,1050,12,0.18958,317.35,65.82,331.28,80.24
2813,1050,11,0.17444,205.76,85.52,221.14,102.1
2814,1050,12,0.1571,296.45,77.24,311.82,93.57
2815,1050,11,0.03247,221.98,72.91,238.07,89.49
2816,1050,8,0.00619,474.22,1.62,492.0,71.35
2817,1054,2,0.83832,297.18,60.37,331.93,103.51
2818,1054,17,0.81923,396.57,136.51,417.27,157.04
2819,1054,17,0.79088,358.75,42.35,377.77,61.42
2820,1054,2,0.00219,358.81,41.89,377.8,61.5
2821,1054,12,0.00188,0.64,49.38,19.68,66.13
2822,1055,7,0.85639,299.54,152.74,329.01,175.52
2823,1055,15,0.81377,190.2,98.83,217.95,122.42
2824,1055,17,0.78589,218.39,148.96,236.13,165.1
2825,1055,7,0.65809,190.21,98.99,217.82,122.2
2826,1056,14,0.45508,17.82,154.36,44.08,231.29
2827,1056,14,0.29102,141.54,168.17,167.43,207.62
2828,1056,14,0.01692,438.92,187.9,453.71,216.5
2829,1056,14,0.01297,203.68,158.55,233.51,202.44
2830,1056,14,0.00746,0.8,154.36,44.08,218.47
2831,1056,14,0.00575,17.2,154.36,41.3,205.65
2832,1056,14,0.00314,31.55,192.33,49.32,229.81
2833,1056,14,0.0028,0.31,153.37,43.52,190.36
2834,1056,14,0.00156,363.46,177.54,378.26,199.73
2835,1056,14,0.00143,0.06,152.88,6.28,179.51
2836,1056,16,0.00129,429.55,221.92,456.18,239.68
2837,1056,14,0.00112,18.59,184.44,48.24,231.29
2838,1059,15,0.87598,247.84,126.07,282.23,162.36
2839,1059,15,0.87158,361.5,104.82,389.19,136.34
2840,1059,15,0.8418,282.7,82.26,304.67,106.85
2841,1065,2,0.8506,313.55,95.55,337.77,127.21
2842,1065,2,0.82564,393.46,47.09,414.78,76.37
2843,1065,2,0.06087,0.03,119.93,6.21,135.54
2844,1065,2,0.01219,0.03,105.27,6.52,135.86
2845,1065,2,0.00241,165.3,116.34,185.65,148.4
2846,1065,16,0.00102,494.76,0.0,501.98,13.14
2847,1067,15,0.8991,216.09,18.47,234.78,34.37
2848,1067,15,0.88405,242.54,14.29,258.6,28.6
2849,1067,14,0.00194,0.59,137.57,36.84,247.0
2850,1067,14,0.00186,485.73,19.09,492.0,111.16
2851,1067,14,0.0014,0.12,146.33,50.6,247.0
2852,1069,2,0.84847,246.12,92.0,263.73,115.99
2853,1069,2,0.84719,254.14,126.57,274.33,150.93
2854,1071,14,0.73863,289.93,55.47,306.17,101.0
2855,1071,5,0.71234,43.73,72.32,64.03,90.15
2856,1071,8,0.16163,74.92,76.31,86.13,96.25
2857,1071,8,0.07643,0.09,59.73,11.61,100.58
2858,1071,14,0.05926,74.34,63.78,86.05,75.88
2859,1071,14,0.01279,0.0,50.06,11.22,99.96
2860,1071,14,0.00788,287.65,56.03,296.71,92.62
2861,1071,16,0.0033,0.04,89.61,2.03,100.34
2862,1071,8,0.00309,77.32,73.39,89.64,95.28
2863,1071,14,0.00284,0.0,59.57,6.91,100.78
2864,1071,16,0.00215,0.0,71.57,11.37,99.96
2865,1071,16,0.00211,0.13,79.79,7.89,100.01
2866,1071,14,0.00173,0.0,49.91,9.38,79.39
2867,1071,16,0.00164,0.02,77.72,3.23,100.09
2868,1071,14,0.00135,286.52,66.86,294.98,91.44
2869,1073,8,0.85689,242.37,4.94,306.81,109.08
2870,1073,14,0.79705,110.23,10.4,132.43,55.53
2871,1073,14,0.75167,84.82,5.97,107.03,56.37
2872,1073,14,0.73845,205.19,7.14,220.1,44.94
2873,1073,14,0.63179,219.3,2.48,235.28,43.59
2874,1073,14,0.05902,465.25,1.15,492.0,55.27
2875,1073,8,0.03783,248.3,4.31,307.5,37.56
2876,1073,14,0.02116,137.3,10.89,150.0,32.97
2877,1073,5,0.01795,339.55,2.92,382.92,32.4
2878,1073,8,0.0124,218.22,1.32,244.78,41.87
2879,1073,8,0.00773,248.46,4.04,271.65,28.28
2880,1073,14,0.004,249.3,4.85,268.74,24.11
2881,1073,8,0.00341,137.41,10.22,151.39,32.99
2882,1073,5,0.00322,404.11,0.0,438.68,34.38
2883,1073,8,0.00208,249.18,3.95,289.86,31.91
2884,1073,5,0.00203,74.75,80.94,95.1,102.28
2885,1073,5,0.00122,374.24,1.33,436.87,35.33
2886,1078,16,0.86816,48.25,113.42,69.1,140.59
2887,1078,16,0.83643,69.22,112.11,88.52,137.73
2888,1078,16,0.82422,2.2,113.66,25.2,143.21
2889,1078,16,0.81885,89.59,110.56,107.46,135.34
2890,1078,16,0.81543,25.91,114.85,47.89,142.02
2891,1078,8,0.80811,360.28,91.5,405.08,132.48
2892,1078,14,0.77441,365.76,70.77,388.64,93.41
2893,1078,16,0.7041,107.23,110.32,122.83,132.72
2894,1078,14,0.6792,385.54,75.3,405.55,94.6
2895,1078,16,0.67236,161.32,108.18,174.66,126.53
2896,1078,16,0.66895,136.18,109.13,149.76,130.1
2897,1078,16,0.65674,122.24,110.09,136.06,131.29
2898,1078,16,0.62598,148.93,108.42,161.08,127.96
2899,1078,16,0.59277,272.12,99.48,280.7,108.3
2900,1078,16,0.55811,174.42,107.23,185.38,124.86
2901,1078,16,0.54883,204.68,105.8,214.69,122.0
2902,1078,16,0.54492,195.39,106.04,204.68,122.71
2903,1078,16,0.53711,229.58,105.8,237.45,119.14
2904,1078,16,0.5293,185.26,106.51,195.75,123.67
2905,1078,16,0.51953,222.08,105.56,230.18,119.86
2906,1078,16,0.49414,214.21,105.2,222.32,120.93
2907,1078,16,0.38672,236.38,98.89,243.52,107.46
2908,1078,14,0.16565,385.54,82.09,404.6,94.24
2909,1078,14,0.08063,386.49,75.54,402.22,87.45
2910,1078,14,0.07422,234.23,77.92,243.76,101.27
2911,1078,8,0.04654,382.92,91.74,403.89,127.0
2912,1078,16,0.02954,281.65,95.55,289.27,102.94
2913,1078,16,0.01312,233.75,99.48,240.9,107.58
2914,1078,16,0.01116,185.38,107.7,201.59,122.48
2915,1078,16,0.01107,274.98,102.34,281.65,112.35
2916,1078,16,0.01045,234.71,105.08,243.76,118.9
2917,1078,16,0.00945,277.36,97.93,284.03,105.08
2918,1078,16,0.00809,270.69,100.32,282.12,114.14
2919,1078,16,0.00793,0.04,111.52,1.16,116.28
2920,1078,16,0.00474,313.1,98.41,322.16,113.18
2921,1078,16,0.00435,236.85,108.06,243.52,119.02
2922,1078,14,0.00305,370.77,70.29,386.97,84.59
2923,1078,16,0.00298,230.42,105.8,242.33,118.9
2924,1078,16,0.00297,328.35,99.36,337.88,114.14
2925,1078,16,0.00276,278.79,100.44,285.46,108.54
2926,1078,16,0.00245,198.01,107.46,216.12,121.76
2927,1078,16,0.00234,238.04,101.27,245.67,107.94
2928,1078,16,0.00232,314.77,99.96,327.16,114.97
2929,1078,16,0.00229,305.0,97.93,313.58,112.95
2930,1078,16,0.00222,485.62,110.44,488.0,123.31
2931,1078,16,0.0021,322.63,98.41,336.93,114.14
2932,1078,16,0.00189,215.88,106.99,226.37,119.14
2933,1078,14,0.00166,207.07,87.21,217.07,106.04
2934,1078,16,0.00165,0.01,106.39,1.29,115.92
2935,1078,16,0.00161,327.4,101.03,335.02,114.38
2936,1078,16,0.00154,227.8,102.34,239.23,118.54
2937,1078,16,0.00141,148.93,108.42,171.8,125.57
2938,1078,15,0.00124,218.03,88.4,230.89,104.61
2939,1078,16,0.00123,241.26,109.13,248.77,119.14
2940,1078,16,0.00122,249.96,111.04,256.63,118.66
2941,1078,16,0.0012,332.64,100.79,340.27,114.14
2942,1078,14,0.00109,367.43,71.37,406.51,94.96
2943,1078,16,0.00108,268.3,111.04,275.93,117.71
2944,1078,16,0.00105,321.2,101.75,329.78,114.61
2945,1078,14,0.00104,397.93,77.68,408.41,93.41
2946,1079,7,0.92819,191.5,180.73,279.88,233.1
2947,1079,7,0.92649,366.74,152.71,434.57,197.74
2948,1079,7,0.0319,479.71,72.22,484.0,85.37
2949,1079,7,0.01196,428.26,79.3,439.04,95.85
2950,1079,7,0.01023,479.3,62.14,484.0,85.84
2951,1079,2,0.00637,478.79,52.88,484.0,85.3
2952,1079,7,0.00253,478.23,73.98,484.0,92.78
2953,1079,7,0.00113,478.41,48.51,484.0,63.01
2954,1081,12,0.79688,311.88,184.2,340.14,205.0
2955,1081,1,0.79443,241.09,141.56,268.5,169.34
2956,1081,3,0.72949,261.68,163.73,320.16,192.0
2957,1081,13,0.69092,199.31,173.24,226.11,199.55
2958,1081,0,0.64258,232.2,194.92,257.54,205.0
2959,1081,12,0.0546,199.55,172.99,225.87,199.31
2960,1083,2,0.86865,305.91,82.11,327.48,109.81
2961,1083,2,0.85791,176.97,38.36,196.58,63.36
2962,1083,2,0.84912,285.56,25.86,304.19,50.37
2963,1083,2,0.84717,194.62,79.66,214.72,107.36
2964,1085,12,0.59814,261.68,28.75,276.3,42.15
2965,1085,11,0.38867,330.88,34.11,344.52,46.78
2966,1085,11,0.29419,296.77,39.35,309.93,53.73
2967,1085,12,0.21606,272.16,38.01,284.83,50.68
2968,1085,16,0.17554,234.27,35.09,248.16,49.22
2969,1085,12,0.09875,297.01,39.59,309.68,53.73
2970,1085,11,0.09601,272.4,37.64,285.07,50.8
2971,1085,11,0.08728,347.94,39.35,364.5,52.99
2972,1085,16,0.06805,296.28,39.47,309.93,53.85
2973,1085,10,0.06635,348.18,39.47,364.26,52.63
2974,1085,17,0.02859,297.5,39.96,310.17,53.12
2975,1085,16,0.00971,330.88,34.6,345.5,47.27
2976,1085,16,0.00536,339.16,38.98,362.55,52.39
2977,1085,14,0.00514,262.17,46.54,314.8,147.17
2978,1085,11,0.00417,262.17,28.87,276.3,41.79
2979,1086,2,0.85107,30.66,102.83,59.67,124.52
2980,1086,7,0.84375,91.51,128.77,116.5,148.58
2981,1086,17,0.00347,242.92,11.56,258.95,24.29
2982,1087,7,0.87061,374.08,155.51,406.34,178.62
2983,1087,2,0.86816,385.64,195.47,422.71,236.87
2984,1093,15,0.831,372.43,39.36,392.48,53.84
2985,1093,15,0.82579,373.62,74.65,402.23,99.58
2986,1093,7,0.78264,305.99,59.65,327.6,76.02
2987,1093,15,0.51876,412.46,17.67,424.49,36.4
2988,1093,6,0.02037,412.74,18.01,424.63,36.14
2989,1093,7,0.01535,442.82,53.99,458.31,67.19
2990,1095,8,0.00573,62.45,2.4,111.0,21.58
2991,1095,17,0.00447,0.0,113.4,2.43,137.37
2992,1095,2,0.00426,0.0,106.21,3.04,138.33
2993,1095,6,0.00319,0.0,112.2,3.84,142.41
2994,1095,7,0.00312,0.0,115.32,2.41,139.29
2995,1095,7,0.00305,0.0,108.96,4.87,139.53
2996,1095,6,0.00227,0.02,104.29,4.46,135.7
2997,1095,2,0.00178,0.09,105.25,5.86,138.81
2998,1096,14,0.8325,467.04,125.07,494.62,219.23
2999,1096,5,0.83186,212.28,161.61,342.75,213.46
3000,1096,14,0.80542,169.9,150.99,195.78,240.43
3001,1096,14,0.78835,100.7,159.75,125.8,254.83
3002,1096,5,0.64937,370.06,151.29,475.44,210.81
3003,1098,17,0.85303,288.57,106.45,309.08,126.71
3004,1098,17,0.76221,352.29,118.9,372.8,138.92
3005,1098,17,0.26904,429.2,137.21,454.59,159.67
3006,1098,17,0.04886,344.73,203.12,366.21,223.63
3007,1098,17,0.00208,374.76,53.96,398.68,76.17
3008,1098,14,0.00116,158.08,89.23,194.21,249.51
3009,1098,14,0.00111,74.22,49.07,109.38,126.95
3010,1100,1,0.89795,292.08,117.81,330.04,155.76
3011,1100,3,0.89014,413.36,43.97,473.54,85.63
3012,1100,3,0.88477,188.63,168.96,271.49,215.24
3013,1100,13,0.87061,251.81,92.69,285.6,126.25
3014,1100,12,0.86719,233.07,15.97,263.62,44.21
3015,1100,0,0.86426,341.61,54.62,375.87,90.73
3016,1100,0,0.85693,158.89,104.61,195.22,141.18
3017,1100,4,0.8418,232.37,52.77,305.97,82.39
3018,1100,12,0.82764,340.22,7.75,373.55,36.45
3019,1100,3,0.00657,461.04,77.3,474.0,159.23
3020,1100,3,0.0061,0.01,67.35,9.94,125.21
3021,1100,3,0.00549,455.48,74.53,474.0,125.91
3022,1100,3,0.0052,451.78,64.11,474.0,116.42
3023,1100,3,0.00438,0.0,66.89,11.43,158.31
3024,1100,3,0.00422,444.61,76.61,473.77,158.08
3025,1100,3,0.00372,0.01,43.51,10.99,108.78
3026,1100,3,0.00239,466.59,118.96,474.0,197.65
3027,1100,3,0.00231,466.59,114.8,474.0,166.64
3028,1100,3,0.00139,0.03,1.5,13.02,38.54
3029,1100,3,0.00138,0.02,23.38,12.69,101.14
3030,1100,3,0.0013,469.83,117.81,474.0,163.17
3031,1100,3,0.00124,0.13,70.82,21.91,155.3
3032,1100,3,0.00114,0.06,120.81,7.67,159.7
3033,1103,7,0.86426,292.94,43.75,325.81,73.72
3034,1103,7,0.81055,402.43,43.26,441.58,78.55
3035,1103,17,0.00277,288.59,151.79,312.76,179.82
3036,1103,17,0.00102,252.82,101.27,276.02,120.85
3037,1106,10,0.88159,124.78,164.17,143.75,180.19
3038,1106,10,0.85605,186.99,159.88,203.59,175.79
3039,1106,9,0.74964,109.89,133.92,128.58,148.79
3040,1106,17,0.68359,62.54,98.9,76.06,112.03
3041,1106,9,0.35544,60.72,132.42,77.42,149.34
3042,1106,9,0.25753,42.6,175.56,67.49,198.33
3043,1106,11,0.24222,60.53,132.43,77.55,149.57
3044,1106,12,0.0055,42.4,175.37,67.61,199.01
3045,1106,9,0.00156,62.52,98.76,76.07,112.19
3046,1110,14,0.89638,324.76,114.18,377.55,248.71
3047,1110,14,0.87063,29.72,135.57,56.02,217.22
3048,1110,5,0.86969,190.23,144.91,321.7,198.31
3049,1110,5,0.77048,333.65,145.45,487.74,204.05
3050,1110,8,0.02398,134.98,155.77,165.99,187.75
3051,1110,5,0.00745,483.74,157.51,500.0,192.06
3052,1110,5,0.005,479.25,145.78,500.0,187.44
3053,1110,14,0.00428,492.67,156.72,500.0,244.1
3054,1110,14,0.00314,487.85,155.13,500.0,237.19
3055,1110,5,0.00255,484.62,129.81,500.0,188.47
3056,1113,7,0.83203,201.81,152.41,228.61,174.42
3057,1117,7,0.85693,262.87,176.21,288.87,202.69
3058,1117,7,0.83643,380.82,179.1,420.78,210.87
3059,1122,16,0.8637,31.25,112.13,53.23,140.01
3060,1122,16,0.82891,7.06,111.39,29.94,140.89
3061,1122,14,0.82683,338.05,58.69,370.33,91.05
3062,1122,16,0.8206,53.72,111.13,74.37,137.85
3063,1122,16,0.78135,74.32,110.05,94.12,135.17
3064,1122,8,0.69151,330.16,86.64,373.35,148.44
3065,1122,8,0.67316,366.99,87.34,392.44,131.8
3066,1122,14,0.65772,367.35,67.26,392.7,93.59
3067,1122,16,0.65498,94.22,108.41,112.71,132.26
3068,1122,16,0.45557,112.12,107.69,127.69,130.2
3069,1122,16,0.37047,0.09,115.26,5.95,144.72
3070,1122,16,0.24644,277.1,95.55,286.17,105.36
3071,1122,16,0.23771,126.9,107.1,141.19,128.76
3072,1122,16,0.22716,240.84,95.18,248.62,104.28
3073,1122,16,0.21149,234.19,101.23,244.09,115.84
3074,1122,16,0.13211,226.52,101.23,235.45,116.7
3075,1122,16,0.12145,218.75,101.23,227.26,117.64
3076,1122,16,0.11616,140.57,106.31,154.66,127.12
3077,1122,16,0.11189,153.67,105.27,166.74,125.53
3078,1122,16,0.10928,166.03,104.91,179.44,123.83
3079,1122,16,0.09729,209.37,102.09,219.34,118.72
3080,1122,16,0.08233,179.19,103.99,189.92,121.95
3081,1122,16,0.06625,189.9,103.24,200.42,121.26
3082,1122,16,0.05822,199.66,102.41,209.6,119.77
3083,1122,16,0.0455,0.0,120.1,4.62,148.14
3084,1122,16,0.02998,0.0,128.59,4.47,153.33
3085,1122,16,0.01753,242.86,98.38,249.72,104.92
3086,1122,14,0.00932,238.97,75.73,249.85,99.78
3087,1122,16,0.00838,0.81,114.23,5.97,133.56
3088,1122,16,0.0077,0.04,110.95,2.08,123.59
3089,1122,14,0.00349,367.31,76.71,391.51,94.26
3090,1122,16,0.00316,286.34,91.81,293.67,100.17
3091,1122,16,0.00246,0.05,106.89,1.19,115.08
3092,1122,16,0.00233,485.92,97.87,488.0,117.49
3093,1122,16,0.00226,0.54,111.92,6.08,119.83
3094,1122,14,0.00215,371.69,68.42,391.21,88.3
3095,1122,16,0.00213,237.14,95.66,244.18,104.85
3096,1122,16,0.00211,282.0,93.97,290.56,101.12
3097,1122,16,0.002,0.0,131.03,3.56,159.96
3098,1122,8,0.00195,336.42,87.72,392.45,133.78
3099,1122,16,0.00191,240.12,97.81,248.27,108.33
3100,1122,16,0.00161,474.84,123.48,483.71,131.41
3101,1122,16,0.00156,238.76,91.83,248.86,103.92
3102,1122,16,0.00148,274.61,98.33,285.78,108.5
3103,1122,16,0.00147,243.47,99.53,250.98,107.28
3104,1122,16,0.00126,223.77,100.99,229.41,115.89
3105,1122,14,0.00113,376.77,71.31,391.18,89.8
3106,1123,15,0.8834,146.41,90.21,165.88,107.89
3107,1123,15,0.88038,50.3,75.57,70.9,94.26
3108,1124,15,0.88372,146.72,12.64,169.07,40.08
3109,1124,15,0.87991,78.55,12.37,100.55,37.25
3110,1127,4,0.90869,219.03,105.87,315.76,158.12
3111,1127,13,0.89697,359.24,139.1,398.28,179.13
3112,1127,1,0.83643,361.22,32.37,397.78,70.91
3113,1127,1,0.02057,359.24,138.85,398.77,178.38
3114,1127,14,0.00178,0.0,49.41,43.61,251.02
3115,1133,10,0.88965,439.63,120.1,463.21,140.73
3116,1133,17,0.87891,391.5,138.77,410.65,157.92
3117,1133,10,0.87842,302.59,164.56,326.16,186.17
3118,1133,9,0.875,327.64,82.52,348.27,103.89
3119,1133,17,0.87256,355.15,154.73,373.81,174.38
3120,1133,11,0.86523,290.31,39.05,310.45,58.7
3121,1133,9,0.59473,389.53,62.26,412.62,82.89
3122,1133,11,0.00132,499.56,124.52,503.0,152.52
3123,1134,7,0.89342,292.29,201.25,319.65,222.02
3124,1134,7,0.85224,351.4,130.41,375.9,150.81
3125,1135,14,0.79206,362.82,137.7,381.16,183.27
3126,1135,5,0.66597,58.82,152.71,75.93,168.49
3127,1135,5,0.45349,0.0,155.37,11.75,176.54
3128,1135,5,0.07421,29.39,155.18,48.07,173.28
3129,1135,5,0.0502,45.6,153.93,57.58,168.83
3130,1135,14,0.02191,327.65,146.32,339.91,162.91
3131,1135,5,0.01459,83.31,149.91,95.29,157.46
3132,1135,8,0.00993,158.14,150.9,168.23,161.2
3133,1135,14,0.00578,106.36,161.16,116.35,178.06
3134,1135,5,0.00536,236.04,142.6,243.9,150.38
3135,1135,14,0.00462,106.89,160.0,115.93,172.66
3136,1135,5,0.00433,97.37,149.58,110.23,160.92
3137,1135,5,0.00416,17.27,152.45,37.04,166.5
3138,1135,5,0.00415,246.01,141.1,266.79,156.71
3139,1135,5,0.00403,1.0,153.42,13.38,166.83
3140,1135,14,0.00393,108.65,154.1,118.43,168.62
3141,1135,8,0.00392,46.16,154.46,58.25,169.59
3142,1135,8,0.00346,304.38,144.97,315.47,158.59
3143,1135,14,0.00338,107.97,161.14,118.25,174.99
3144,1135,14,0.00331,377.63,143.84,385.05,171.82
3145,1135,8,0.00325,305.61,147.0,318.2,159.78
3146,1135,16,0.00311,216.28,189.03,319.95,240.22
3147,1135,5,0.00298,17.06,152.63,42.88,171.67
3148,1135,5,0.00298,38.03,154.04,55.11,171.91
3149,1135,14,0.00295,106.31,155.28,116.43,169.76
3150,1135,5,0.00271,212.31,190.12,321.27,240.35
3151,1135,5,0.00246,0.04,151.05,5.68,171.77
3152,1135,8,0.00238,168.99,157.76,175.81,166.68
3153,1135,14,0.00208,109.56,163.3,120.58,178.07
3154,1135,14,0.00187,374.47,143.03,383.3,174.01
3155,1135,5,0.00153,150.88,185.69,235.42,240.87
3156,1135,5,0.00151,84.25,150.87,97.38,159.69
3157,1135,8,0.00151,310.36,149.31,320.97,160.61
3158,1135,5,0.00147,1.98,152.69,16.93,169.25
3159,1135,16,0.00137,156.56,151.34,167.83,162.42
3160,1135,5,0.00137,16.69,152.77,33.02,162.92
3161,1135,5,0.00128,157.65,150.15,167.99,161.75
3162,1135,5,0.00125,1.24,151.74,28.25,166.73
3163,1135,5,0.00124,9.51,152.86,32.3,167.13
3164,1135,8,0.00121,106.96,162.72,117.14,178.62
3165,1138,14,0.65757,269.93,145.72,283.45,170.92
3166,1138,14,0.5837,227.47,156.31,241.14,179.33
3167,1138,14,0.58197,308.96,138.23,322.98,162.61
3168,1138,14,0.42774,285.42,131.16,300.65,144.76
3169,1138,14,0.42596,300.48,150.35,309.84,165.21
3170,1138,14,0.26885,289.87,137.29,302.5,149.07
3171,1138,14,0.22196,298.92,142.91,309.14,154.56
3172,1138,14,0.1807,212.07,160.57,224.08,182.57
3173,1138,14,0.12286,289.22,146.81,301.67,166.64
3174,1138,14,0.0991,288.28,138.23,301.8,152.95
3175,1138,14,0.08024,16.42,204.82,28.98,227.92
3176,1138,14,0.0748,289.73,141.49,303.51,155.19
3177,1138,14,0.05442,292.04,132.09,304.75,147.55
3178,1138,14,0.05168,228.02,155.98,239.72,168.35
3179,1138,14,0.02156,249.47,152.49,260.47,174.41
3180,1138,14,0.02059,302.89,149.22,313.38,163.56
3181,1138,14,0.02035,319.53,138.44,330.34,159.8
3182,1138,14,0.0193,306.87,137.77,320.65,152.76
3183,1138,14,0.01838,205.59,160.37,224.18,184.22
3184,1138,14,0.0165,289.55,129.13,302.24,142.19
3185,1138,14,0.0145,274.0,136.86,283.22,149.48
3186,1138,14,0.01256,206.24,160.44,218.28,178.7
3187,1138,14,0.01077,0.0,213.78,4.49,237.9
3188,1138,14,0.01066,263.03,131.23,278.97,147.75
3189,1138,14,0.01026,364.39,159.48,381.79,181.52
3190,1138,14,0.00984,297.27,136.9,312.92,152.27
3191,1138,14,0.00906,372.1,160.14,381.96,180.08
3192,1138,14,0.00848,213.09,155.53,229.13,183.06
3193,1138,14,0.00817,261.74,150.88,272.62,171.45
3194,1138,14,0.00775,273.17,141.87,283.71,153.87
3195,1138,14,0.00715,309.1,153.29,315.97,163.18
3196,1138,14,0.00702,269.93,143.23,284.0,155.63
3197,1138,14,0.00695,0.05,211.87,6.74,236.46
3198,1138,14,0.0064,438.87,119.86,447.77,133.12
3199,1138,14,0.00592,265.92,130.55,279.58,143.69
3200,1138,14,0.0057,230.75,145.69,245.29,165.3
3201,1138,14,0.00568,270.36,131.08,282.72,146.93
3202,1138,14,0.00538,273.82,133.45,287.16,150.24
3203,1138,14,0.00512,305.39,140.88,315.59,157.44
3204,1138,14,0.0047,306.65,133.88,320.18,147.42
3205,1138,14,0.00423,263.3,131.45,276.36,142.98
3206,1138,14,0.00409,274.07,146.55,295.87,170.9
3207,1138,14,0.00394,313.65,128.02,326.46,142.09
3208,1138,14,0.0038,272.9,145.14,284.92,159.17
3209,1138,14,0.00336,262.19,131.44,283.09,152.28
3210,1138,14,0.00306,465.11,107.14,477.45,125.6
3211,1138,14,0.00297,227.97,150.22,242.73,166.2
3212,1138,14,0.00279,314.09,137.54,331.42,161.43
3213,1138,14,0.00267,349.31,142.12,359.58,154.42
3214,1138,14,0.00247,363.83,158.15,377.34,172.66
3215,1138,14,0.00244,295.05,129.11,305.09,140.16
3216,1138,14,0.00241,303.9,131.61,317.03,146.88
3217,1138,14,0.00234,300.64,132.14,314.14,145.48
3218,1138,14,0.00233,0.0,211.79,8.51,244.43
3219,1138,14,0.00215,257.85,148.35,272.69,174.2
3220,1138,14,0.00214,447.37,113.95,457.74,132.8
3221,1138,14,0.00213,280.33,145.05,299.32,169.75
3222,1138,14,0.00207,501.04,103.69,505.0,123.97
3223,1138,14,0.002,442.29,118.56,452.13,132.91
3224,1138,14,0.00192,0.04,203.14,4.58,235.13
3225,1138,14,0.00191,45.87,196.3,63.08,220.68
3226,1138,14,0.0019,300.97,144.92,316.95,167.27
3227,1138,14,0.00188,300.95,153.4,312.27,167.11
3228,1138,14,0.00151,0.0,213.38,5.89,256.0
3229,1138,14,0.00151,205.78,159.61,215.19,175.87
3230,1138,14,0.00146,248.42,148.96,263.59,177.06
3231,1138,14,0.00145,210.7,166.6,223.5,185.15
3232,1138,14,0.00139,467.16,106.35,477.61,121.0
3233,1138,14,0.00133,353.06,141.56,362.19,153.47
3234,1138,14,0.00119,264.4,148.77,275.54,170.71
3235,1138,14,0.00118,314.11,127.89,330.29,147.97
3236,1138,14,0.00115,54.56,202.37,63.39,220.21
3237,1138,14,0.00111,350.33,139.27,361.32,153.48
3238,1138,14,0.0011,265.88,128.91,276.97,139.96
3239,1138,5,0.00106,0.56,171.0,71.35,220.91
3240,1138,14,0.00104,17.54,201.84,28.94,216.24
3241,1139,2,0.86621,62.01,54.94,81.98,84.46
3242,1144,14,0.88086,229.37,165.32,260.31,234.93
3243,1144,14,0.83643,146.47,144.05,184.17,237.83
3244,1144,8,0.83105,444.24,160.0,495.0,247.98
3245,1144,14,0.76074,346.6,138.74,395.9,236.38
3246,1144,14,0.71875,80.97,173.06,110.94,235.42
3247,1144,14,0.64258,286.17,152.75,321.94,235.9
3248,1144,14,0.00587,310.83,154.69,333.06,235.9
3249,1144,14,0.00182,294.39,150.34,333.06,238.32
3250,1148,8,0.8208,418.13,0.49,495.79,93.67
3251,1148,16,0.07422,356.25,103.14,459.14,188.56
3252,1148,16,0.05203,262.58,62.37,324.7,137.6
3253,1148,16,0.00234,359.16,141.72,459.14,222.29
3254,1148,8,0.00204,456.23,42.95,497.0,94.89
3255,1148,8,0.00173,474.19,43.68,497.0,95.86
3256,1148,8,0.00171,422.74,33.73,497.0,93.92
3257,1150,14,0.86133,226.83,87.67,256.52,176.73
3258,1150,14,0.84668,406.81,97.99,447.63,195.29
3259,1150,14,0.8042,271.83,92.77,296.88,174.88
3260,1150,14,0.77441,290.84,95.56,324.24,179.98
3261,1150,14,0.72705,314.27,95.32,360.66,195.06
3262,1150,14,0.02049,0.0,86.16,8.19,205.03
3263,1150,14,0.00212,0.0,90.45,5.03,189.72
3264,1150,14,0.00202,0.09,173.95,4.7,203.64
3265,1150,14,0.002,0.0,131.74,5.77,203.17
3266,1150,14,0.0016,0.0,97.18,3.57,131.04
3267,1150,14,0.00105,0.0,95.09,2.62,120.14
3268,1151,2,0.87305,398.54,85.13,428.98,123.65
3269,1151,2,0.85791,303.42,57.55,334.81,81.8
3270,1151,2,0.11963,397.83,36.86,414.95,57.78
3271,1151,17,0.07031,398.07,36.86,414.24,54.45
3272,1152,10,0.91326,313.91,116.02,342.48,142.43
3273,1152,11,0.90727,351.24,69.46,378.65,95.77
3274,1152,11,0.88713,252.66,117.34,280.72,142.31
3275,1152,10,0.62629,267.34,68.81,289.93,92.79
3276,1152,11,0.32368,267.05,68.75,290.05,93.0
3277,1153,14,0.89307,314.45,132.57,375.0,255.13
3278,1153,14,0.86963,46.75,149.41,73.73,231.45
3279,1153,5,0.86816,366.21,159.67,500.0,217.29
3280,1153,5,0.86279,204.35,159.18,330.81,210.94
3281,1153,14,0.84961,87.65,140.38,141.85,254.64
3282,1153,5,0.51562,363.28,146.24,426.76,186.28
3283,1153,14,0.04468,0.02,138.67,8.93,227.54
3284,1153,8,0.04099,146.97,169.43,179.69,202.64
3285,1153,5,0.01935,344.73,145.02,429.2,177.25
3286,1153,14,0.00892,0.0,151.12,4.86,240.48
3287,1153,14,0.00769,0.0,169.92,3.8,222.66
3288,1153,14,0.00431,0.01,153.81,7.33,197.27
3289,1153,14,0.00326,492.68,147.22,500.0,192.63
3290,1153,14,0.00291,491.21,187.01,500.0,250.49
3291,1153,14,0.00229,0.0,162.6,4.48,209.47
3292,1153,14,0.00154,0.0,187.26,3.31,219.48
3293,1153,14,0.00154,0.06,132.81,21.3,236.33
3294,1153,14,0.00135,0.08,171.88,6.44,221.68
3295,1155,15,0.88912,288.57,49.94,308.34,68.99
3296,1155,15,0.88071,252.67,58.85,272.81,76.44
3297,1156,17,0.85107,400.75,168.5,420.51,188.27
3298,1156,9,0.72949,268.32,85.49,289.07,103.28
3299,1156,9,0.71875,279.68,155.65,304.39,173.44
3300,1156,9,0.50391,360.72,111.68,380.49,126.75
3301,1156,11,0.00296,268.32,85.49,289.07,103.03
3302,1157,17,0.78833,276.14,81.17,298.06,103.19
3303,1157,9,0.23422,400.58,20.5,421.01,41.51
3304,1157,17,0.15899,400.65,20.37,420.91,41.28
3305,1157,17,0.00486,0.0,94.86,1.83,123.05
3306,1157,17,0.00275,0.0,89.1,2.04,116.56
3307,1157,17,0.00131,279.75,94.1,297.06,103.88
3308,1161,5,0.28303,178.41,107.14,449.48,209.44
3309,1161,8,0.00106,0.0,56.13,66.1,224.17
3310,1163,10,0.86404,229.75,79.11,247.84,96.02
3311,1163,10,0.81224,249.62,43.13,263.68,57.35
3312,1163,9,0.78839,160.74,70.09,176.92,87.94
3313,1163,17,0.67034,70.0,80.01,84.76,93.63
3314,1163,10,0.47934,144.76,100.65,160.93,119.96
3315,1163,9,0.35076,221.38,132.54,245.53,155.07
3316,1163,17,0.22299,221.18,132.49,245.8,155.05
3317,1163,9,0.0118,70.07,80.15,84.66,93.67
3318,1163,6,0.00413,30.87,36.5,80.26,58.23
3319,1163,10,0.00205,221.25,132.51,245.99,155.16
3320,1171,14,0.66201,273.18,136.77,286.95,161.38
3321,1171,14,0.59249,314.49,129.87,327.23,152.97
3322,1171,14,0.5383,240.46,144.54,254.64,167.01
3323,1171,14,0.51503,305.12,140.74,314.42,155.79
3324,1171,14,0.46317,289.09,121.37,302.11,135.99
3325,1171,14,0.34987,298.34,128.8,308.65,139.85
3326,1171,14,0.25524,295.61,122.12,306.29,133.66
3327,1171,14,0.1856,248.03,149.51,256.72,166.02
3328,1171,14,0.11042,244.05,147.19,256.51,166.52
3329,1171,14,0.07898,22.58,193.43,34.63,216.87
3330,1171,14,0.06439,216.72,146.21,232.28,172.95
3331,1171,14,0.0643,296.88,120.73,308.79,132.29
3332,1171,14,0.04639,294.53,137.69,306.54,157.72
3333,1171,14,0.04281,283.16,138.49,294.75,159.44
3334,1171,14,0.03905,301.95,136.79,311.97,146.52
3335,1171,14,0.03851,306.31,135.77,318.64,153.42
3336,1171,14,0.03809,327.01,131.42,336.67,150.52
3337,1171,14,0.03098,277.86,129.34,287.32,141.78
3338,1171,14,0.02673,303.98,135.01,313.08,145.37
3339,1171,14,0.02304,291.49,120.91,306.3,136.59
3340,1171,14,0.01962,241.17,143.05,253.67,160.58
3341,1171,14,0.01925,294.59,128.98,308.89,142.32
3342,1171,14,0.01886,314.73,129.03,325.97,139.59
3343,1171,14,0.01557,291.07,137.94,304.74,159.82
3344,1171,14,0.01482,297.12,133.72,309.87,147.45
3345,1171,14,0.01215,268.57,121.64,284.62,136.55
3346,1171,14,0.01188,275.33,136.25,292.03,160.06
3347,1171,14,0.01148,300.11,129.6,311.62,141.15
3348,1171,14,0.01084,216.14,162.26,226.73,173.36
3349,1171,14,0.01082,369.55,150.73,386.06,172.98
3350,1171,14,0.00941,284.92,136.22,298.57,159.16
3351,1171,14,0.00939,310.68,138.97,320.76,153.95
3352,1171,14,0.0092,274.43,134.87,287.55,148.43
3353,1171,14,0.00901,272.31,123.09,287.81,141.67
3354,1171,14,0.00811,296.67,138.18,311.61,157.14
3355,1171,14,0.00764,311.82,144.72,319.88,154.71
3356,1171,14,0.00747,285.05,122.14,299.92,137.8
3357,1171,14,0.00713,276.84,122.27,286.97,139.17
3358,1171,14,0.00651,353.56,132.37,362.71,144.87
3359,1171,14,0.00537,298.43,125.42,312.34,137.8
3360,1171,14,0.00513,315.44,119.71,332.22,136.98
3361,1171,14,0.00498,20.2,192.25,38.69,217.82
3362,1171,14,0.00488,310.76,131.25,323.37,147.95
3363,1171,14,0.00446,211.18,150.4,229.14,173.15
3364,1171,14,0.00433,207.61,152.29,224.36,173.66
3365,1171,14,0.0043,293.89,133.72,308.55,154.12
3366,1171,14,0.00419,371.04,125.67,377.84,140.06
3367,1171,14,0.00415,273.77,121.42,286.02,135.06
3368,1171,14,0.00379,251.58,147.48,261.29,165.76
3369,1171,14,0.00318,216.68,155.6,230.96,173.72
3370,1171,14,0.00307,355.77,133.44,364.71,144.2
3371,1171,14,0.00294,271.41,121.28,283.66,132.82
3372,1171,14,0.00285,241.14,139.9,251.06,153.97
3373,1171,14,0.00243,59.96,191.21,67.81,205.57
3374,1171,14,0.0024,299.35,122.01,313.41,133.23
3375,1171,14,0.00228,292.14,116.23,307.21,132.55
3376,1171,14,0.00202,314.79,118.5,331.56,129.99
3377,1171,14,0.002,285.93,117.31,296.74,130.98
3378,1171,14,0.00197,304.75,143.62,317.08,159.48
3379,1171,14,0.00192,51.66,187.83,67.21,208.91
3380,1171,14,0.00184,238.23,153.6,247.19,168.88
3381,1171,14,0.00182,493.79,91.14,505.0,121.14
3382,1171,14,0.00178,69.97,171.83,84.76,201.7
3383,1171,14,0.0017,303.36,134.07,314.86,153.73
3384,1171,14,0.00151,369.44,149.96,381.57,168.6
3385,1171,14,0.00137,288.44,129.07,303.07,141.95
3386,1171,14,0.00133,214.91,163.37,225.96,176.5
3387,1171,14,0.00132,303.94,143.12,312.81,159.23
3388,1171,14,0.0013,16.66,193.15,34.89,220.28
3389,1171,14,0.00128,498.71,92.61,505.0,117.8
3390,1171,14,0.00118,358.46,133.58,365.73,142.49
3391,1171,14,0.00118,348.67,126.49,362.1,144.84
3392,1171,14,0.0011,369.47,149.8,378.46,164.87
3393,1171,14,0.00108,254.27,144.31,263.95,164.74
3394,1171,14,0.00107,297.94,120.32,318.21,132.11
3395,1171,14,0.00106,333.36,130.62,340.51,145.43
3396,1171,14,0.00102,330.49,131.4,339.24,148.77
3397,1172,15,0.86311,326.45,172.69,351.69,196.86
3398,1172,15,0.81129,355.88,139.56,374.96,155.81
3399,1172,7,0.74122,280.15,152.11,298.71,166.27
3400,1172,15,0.22705,405.22,122.38,418.52,141.35
3401,1172,7,0.07382,405.43,123.28,418.14,140.87
3402,1172,7,0.00475,374.05,218.01,387.03,229.05
3403,1172,7,0.00118,285.78,151.63,300.11,164.16
3404,1174,14,0.87806,246.42,39.49,276.0,127.7
3405,1174,14,0.85953,170.74,37.11,206.21,130.7
3406,1174,14,0.74066,102.19,18.68,136.98,129.49
3407,1174,14,0.67586,299.82,106.8,318.71,127.83
3408,1174,14,0.67574,156.86,76.8,169.01,116.92
3409,1174,14,0.02773,64.73,90.9,76.16,114.13
3410,1174,14,0.00872,99.49,82.8,118.35,118.95
3411,1174,8,0.00662,221.17,88.72,238.37,117.85
3412,1174,14,0.00371,101.45,75.71,136.68,129.23
3413,1174,14,0.00264,483.29,76.45,495.0,157.42
3414,1174,14,0.0026,480.93,56.6,495.0,120.67
3415,1174,14,0.00151,487.09,72.18,495.0,117.41
3416,1175,9,0.81912,437.27,161.54,476.73,192.73
3417,1175,9,0.32874,283.64,106.27,315.94,135.31
3418,1175,12,0.30304,298.41,199.6,338.65,234.56
3419,1175,12,0.30291,431.43,99.34,464.14,126.13
3420,1175,11,0.2677,431.45,99.55,464.15,126.13
3421,1175,9,0.26172,298.5,199.67,338.72,234.44
3422,1175,6,0.15418,86.48,208.37,114.33,222.56
3423,1175,12,0.0872,283.4,106.21,315.66,135.29
3424,1175,16,0.006,500.28,76.94,505.0,94.68
3425,1175,11,0.00476,283.31,105.87,315.76,135.24
3426,1175,16,0.0019,483.35,76.36,504.86,100.82
3427,1175,13,0.00162,283.56,105.93,315.75,135.46
3428,1177,2,0.82232,55.44,75.33,80.28,107.74
3429,1177,2,0.82111,133.4,21.58,155.25,50.85
3430,1178,8,0.86719,409.23,0.72,455.45,39.72
3431,1178,5,0.79834,0.08,5.78,23.77,53.68
3432,1178,8,0.54102,287.42,0.0,309.09,21.91
3433,1178,8,0.19739,308.61,0.96,322.09,21.18
3434,1178,8,0.16992,320.64,0.12,342.79,19.38
3435,1178,5,0.09369,84.85,11.07,493.0,235.91
3436,1178,8,0.08038,452.08,0.48,493.0,30.33
3437,1178,8,0.03918,379.62,1.93,391.66,15.17
3438,1178,8,0.0386,353.14,0.0,369.51,17.33
3439,1178,8,0.02855,477.59,0.72,493.0,36.59
3440,1178,8,0.02606,451.6,0.48,477.59,28.65
3441,1178,8,0.02443,368.06,0.0,383.47,9.15
3442,1178,5,0.01297,0.0,66.08,98.76,230.61
3443,1178,8,0.01196,467.96,0.24,493.0,32.02
3444,1178,8,0.00892,342.79,0.0,354.34,18.17
3445,1178,8,0.00854,368.55,0.48,386.36,12.04
3446,1178,8,0.00819,310.53,0.24,330.75,20.46
3447,1178,8,0.00701,274.91,0.24,299.46,16.61
3448,1178,8,0.00682,427.04,0.24,454.0,39.24
3449,1178,8,0.00644,408.75,0.0,434.75,36.83
3450,1178,8,0.00479,429.93,0.0,477.11,32.26
3451,1178,8,0.00417,383.47,1.2,396.47,13.72
3452,1178,5,0.00263,176.93,56.33,244.33,131.43
3453,1178,14,0.00261,175.49,0.96,186.56,13.96
3454,1178,8,0.00256,150.93,2.65,164.41,20.46
3455,1178,8,0.00252,274.91,0.24,288.87,14.2
3456,1178,8,0.0022,337.97,0.48,350.49,17.33
3457,1178,8,0.0019,175.49,0.96,186.56,13.0
3458,1178,8,0.00187,394.3,0.96,410.67,12.52
3459,1179,15,0.8916,296.79,20.67,315.49,39.87
3460,1180,2,0.83643,378.21,136.97,390.92,155.33
3461,1180,2,0.83105,332.32,116.26,345.5,133.68
3462,1180,2,0.80322,388.8,108.26,400.1,124.97
3463,1180,2,0.76758,428.34,119.56,440.11,136.5
3464,1182,15,0.90243,51.9,80.47,71.44,97.54
3465,1182,15,0.87543,76.61,76.84,92.86,92.03
3466,1182,14,0.00107,463.21,67.1,471.0,164.72
3467,1184,15,0.93023,46.87,155.59,100.17,214.35
3468,1184,15,0.90815,176.82,156.66,213.91,199.52
3469,1186,0,0.67236,284.05,54.16,325.94,91.47
3470,1186,17,0.21606,377.93,41.77,414.52,77.39
3471,1186,13,0.06421,377.93,41.4,415.97,77.75
3472,1186,0,0.0365,377.69,40.92,415.25,77.51
3473,1186,10,0.00696,377.45,41.65,415.01,77.03
3474,1186,1,0.00539,377.69,40.92,414.28,77.27
3475,1186,11,0.00262,377.93,41.65,414.52,77.27
3476,1186,2,0.00187,283.09,54.16,325.46,91.23
3477,1189,10,0.90576,305.42,107.12,334.83,131.63
3478,1189,9,0.79834,178.2,46.08,209.58,68.88
3479,1189,9,0.76758,171.83,150.5,201.24,174.03
3480,1189,17,0.71045,51.81,88.98,73.9,111.53
3481,1189,11,0.18237,171.83,150.5,201.0,174.03
3482,1189,3,0.00307,424.05,35.42,448.56,54.54
3483,1189,9,0.00109,425.52,35.3,449.05,54.91
3484,1191,15,0.85986,112.06,2.2,184.57,73.0
3485,1191,15,0.00231,417.24,84.96,457.76,138.18
3486,1193,6,0.8839,282.83,62.68,322.19,114.41
3487,1193,15,0.87102,392.4,72.97,421.2,103.83
3488,1193,2,0.82981,182.97,85.26,205.43,106.47
3489,1193,2,0.45706,295.08,38.52,314.86,58.58
3490,1193,17,0.03488,182.94,84.81,205.34,106.58
3491,1193,6,0.00295,391.82,73.93,421.4,104.62
3492,1200,2,0.8605,295.48,180.05,312.05,201.37
3493,1200,2,0.83014,247.93,162.39,263.82,183.57
3494,1201,7,0.81543,171.11,55.7,190.24,74.35
3495,1201,7,0.55078,64.91,59.82,89.49,81.62
3496,1201,2,0.00244,0.14,56.31,7.77,75.68
3497,1201,2,0.00208,0.0,42.38,5.55,68.54
3498,1201,7,0.00202,0.11,56.67,8.79,75.8
3499,1201,2,0.00102,0.02,53.77,5.78,69.75
3500,1203,14,0.65913,31.74,62.55,52.04,97.25
3501,1203,14,0.04042,460.47,120.43,471.0,172.33
3502,1203,16,0.0068,282.03,173.11,299.04,191.34
3503,1203,14,0.00639,460.97,121.83,471.0,211.27
3504,1203,8,0.00559,0.02,133.9,25.38,171.56
3505,1203,5,0.0051,0.01,134.39,25.26,171.65
3506,1203,0,0.00397,282.13,173.02,298.85,191.15
3507,1203,8,0.00231,0.0,133.59,26.54,208.86
3508,1203,14,0.00189,0.0,132.22,26.39,187.3
3509,1203,8,0.00161,0.02,139.19,12.63,170.8
3510,1203,1,0.00133,7.96,136.12,27.18,154.58
3511,1207,10,0.85889,336.24,101.85,350.86,114.52
3512,1207,10,0.84912,422.01,91.25,435.65,103.43
3513,1207,17,0.84814,365.97,102.58,377.66,114.27
3514,1207,11,0.81982,407.87,138.39,421.03,151.06
3515,1207,9,0.80566,354.51,123.04,371.08,136.2
3516,1207,17,0.7417,397.88,120.61,410.55,133.28
3517,1207,9,0.62793,391.79,104.04,403.49,115.73
3518,1207,9,0.09302,397.64,120.36,410.31,133.52
3519,1207,11,0.04654,398.13,120.61,410.31,133.28
3520,1207,8,0.00374,460.02,114.27,486.33,159.59
3521,1207,17,0.00173,392.28,103.8,404.46,115.0
3522,1207,11,0.00105,344.52,205.16,359.14,217.83
3523,1211,15,0.60303,276.77,158.44,338.17,201.51
3524,1211,14,0.41113,409.46,7.92,507.0,247.56
3525,1211,14,0.00582,437.19,54.83,506.5,253.0
3526,1211,14,0.00294,257.46,0.37,300.04,42.46
3527,1211,14,0.002,346.09,2.97,507.0,249.54
3528,1211,14,0.0015,353.02,71.3,408.47,209.43
3529,1212,14,0.83998,380.85,133.36,403.95,226.55
3530,1212,14,0.81138,162.03,116.21,201.47,214.58
3531,1212,14,0.78313,253.99,139.63,285.09,212.84
3532,1212,14,0.75574,325.88,140.52,354.57,222.7
3533,1212,5,0.64656,397.91,181.77,462.22,222.24
3534,1212,14,0.56869,200.19,110.97,242.87,221.27
3535,1212,14,0.01897,198.02,114.26,220.28,217.2
3536,1212,14,0.00215,0.01,139.93,4.53,186.98
3537,1212,5,0.00127,489.75,163.08,500.0,183.75
3538,1214,17,0.85889,321.69,126.41,345.27,149.99
3539,1214,17,0.80566,316.03,184.9,341.02,208.95
3540,1214,2,0.18713,329.23,65.09,350.93,91.98
3541,1214,17,0.16992,416.96,108.25,439.13,129.24
3542,1214,17,0.10895,243.86,130.18,265.56,155.65
3543,1214,17,0.04941,328.76,64.86,350.93,91.98
3544,1216,2,0.89551,241.33,86.23,260.77,108.25
3545,1216,2,0.89111,59.69,33.88,84.89,56.63
3546,1216,2,0.88184,91.98,72.65,114.0,94.67
3547,1216,2,0.86963,179.07,19.08,198.15,43.79
3548,1218,8,0.61523,32.29,0.72,112.9,61.38
3549,1218,8,0.38306,93.4,0.24,124.94,59.46
3550,1218,8,0.04742,0.09,0.24,17.26,32.02
3551,1218,8,0.03583,12.25,0.84,28.92,33.34
3552,1218,14,0.03162,12.78,0.48,28.32,33.7
3553,1218,8,0.02887,0.03,0.72,27.92,32.98
3554,1218,8,0.01991,69.21,0.72,125.06,60.42
3555,1218,8,0.00819,0.0,0.72,9.05,32.5
3556,1218,8,0.00251,0.01,0.84,12.29,65.36
3557,1218,8,0.00157,0.0,0.0,6.64,19.38
3558,1218,8,0.00142,0.0,0.0,29.37,80.4
3559,1218,8,0.0013,0.05,0.0,4.69,6.14
3560,1218,8,0.00122,2.23,0.0,61.2,67.4
3561,1218,8,0.00109,212.2,0.24,242.53,38.52
3562,1218,8,0.001,0.26,0.84,19.48,47.3
3563,1223,15,0.90974,248.74,165.41,280.82,200.19
3564,1223,15,0.90037,163.23,192.14,192.12,226.2
3565,1224,3,0.88549,147.02,80.28,230.96,114.46
3566,1224,3,0.88059,188.3,20.46,238.06,68.87
3567,1224,13,0.87856,67.28,36.85,105.81,76.32
3568,1224,3,0.86995,102.52,106.84,151.06,167.07
3569,1224,1,0.86742,130.14,13.94,167.86,54.0
3570,1225,2,0.84814,338.55,121.06,351.47,138.29
3571,1225,2,0.84277,404.35,104.08,416.79,119.63
3572,1225,2,0.8418,419.42,126.57,432.34,143.32
3573,1225,2,0.81543,352.19,103.24,364.63,119.03
3574,1226,15,0.86719,201.55,30.16,228.97,55.3
3575,1226,15,0.80566,296.61,75.3,335.92,106.6
3576,1226,15,0.78271,184.98,103.29,217.43,132.08
3577,1226,6,0.00105,296.16,76.67,336.38,106.83
3578,1230,5,0.19694,59.4,0.0,226.51,44.57
3579,1230,5,0.00585,165.47,0.52,227.61,39.4
3580,1230,8,0.00227,93.94,0.11,227.55,43.55
3581,1230,8,0.00212,147.4,0.36,227.79,43.26
3582,1233,2,0.875,268.07,43.09,287.6,67.26
3583,1233,2,0.86426,245.36,87.16,265.38,114.01
3584,1233,2,0.85498,152.1,79.59,171.14,106.69
3585,1233,2,0.85303,153.81,27.47,171.63,51.39
3586,1234,3,0.59371,254.85,61.43,325.1,114.39
3587,1234,13,0.03213,220.99,146.85,271.88,199.05
3588,1234,12,0.01926,220.98,146.99,271.92,199.07
3589,1234,14,0.00496,427.21,39.83,482.0,234.12
3590,1234,14,0.00396,357.82,32.18,481.44,172.0
3591,1234,2,0.00295,221.18,147.18,271.44,198.49
3592,1234,2,0.00249,254.63,61.31,325.26,114.36
3593,1234,14,0.00222,382.35,39.15,482.0,232.69
3594,1234,13,0.00197,445.67,172.74,482.0,233.6
3595,1234,14,0.00158,421.86,31.42,481.37,171.17
3596,1234,0,0.00156,446.5,172.8,482.0,235.51
3597,1234,12,0.00103,445.59,173.26,482.0,234.55
3598,1237,12,0.78431,228.08,49.43,264.18,83.51
3599,1237,12,0.59224,117.28,73.54,152.97,110.58
3600,1237,13,0.27697,251.52,106.04,292.63,147.13
3601,1237,10,0.20255,251.4,105.8,292.09,146.69
3602,1237,12,0.06946,251.55,105.96,293.01,147.15
3603,1237,2,0.01015,251.7,105.62,292.81,147.07
3604,1237,10,0.00201,117.28,74.37,152.86,110.25
3605,1237,6,0.00183,498.54,62.78,504.0,119.95
3606,1237,6,0.00158,462.97,35.48,499.86,111.32
3607,1237,1,0.00155,251.46,105.89,292.56,146.72
3608,1237,17,0.00131,267.33,15.53,278.33,26.27
3609,1237,6,0.00131,497.02,61.53,504.0,170.73
3610,1237,6,0.00105,496.61,32.32,504.0,120.57
3611,1241,10,0.8833,391.6,132.32,413.09,153.81
3612,1241,9,0.87402,260.25,136.72,285.16,156.25
3613,1241,9,0.66895,236.08,190.92,261.47,212.4
3614,1241,17,0.47656,149.05,178.71,169.31,197.75
3615,1241,10,0.40161,236.33,190.92,261.72,212.4
3616,1241,10,0.25684,148.93,178.71,169.43,197.75
3617,1245,10,0.87301,305.99,173.15,321.71,191.03
3618,1245,17,0.85611,409.4,190.25,424.35,205.18
3619,1245,10,0.82352,316.04,154.57,332.55,171.47
3620,1245,11,0.78219,354.12,143.44,373.52,157.96
3621,1245,17,0.7176,416.01,171.75,430.58,186.55
3622,1245,11,0.64375,366.51,175.07,382.67,192.68
3623,1245,10,0.60144,366.17,203.32,386.43,220.19
3624,1245,9,0.335,366.15,203.42,386.41,220.19
3625,1245,9,0.26086,329.85,196.54,348.05,215.87
3626,1245,10,0.25724,329.65,196.6,348.06,216.03
3627,1245,13,0.00465,409.78,190.27,424.35,204.51
3628,1245,9,0.00404,409.44,190.47,424.31,205.06
3629,1245,10,0.00256,415.81,171.86,430.75,186.5
3630,1245,13,0.00107,365.89,175.48,385.07,193.89
3631,1248,5,0.12769,463.0,98.75,512.0,148.25
3632,1248,5,0.03995,327.0,86.25,339.0,96.25
3633,1248,5,0.0386,485.0,101.0,512.0,147.0
3634,1248,5,0.02954,488.0,99.75,512.0,116.75
3635,1248,5,0.00892,466.5,91.25,512.0,134.0
3636,1248,5,0.00454,321.25,84.75,338.75,96.25
3637,1248,5,0.00364,488.0,91.5,512.0,109.0
3638,1248,5,0.00275,314.25,82.75,339.25,96.25
3639,1248,5,0.00266,478.0,100.0,512.0,126.5
3640,1248,5,0.00263,489.5,90.75,512.0,138.5
3641,1248,5,0.00109,492.0,88.0,512.0,121.0
3642,1250,11,0.8916,223.63,45.17,239.26,59.33
3643,1250,10,0.87646,249.02,124.02,270.51,143.55
3644,1250,17,0.87402,211.3,110.35,228.64,127.69
3645,1250,10,0.86719,110.6,93.63,132.45,111.69
3646,1250,9,0.85303,256.84,83.25,279.3,101.81
3647,1250,9,0.75195,200.68,72.75,219.24,89.84
3648,1250,17,0.59277,171.26,106.2,188.35,122.8
3649,1254,9,0.88818,287.1,158.62,309.83,178.38
3650,1254,10,0.88818,400.01,169.49,422.24,192.22
3651,1254,17,0.88574,328.11,97.1,345.9,114.64
3652,1254,10,0.88477,310.81,56.83,329.1,79.06
3653,1254,17,0.8833,352.57,136.38,369.86,153.18
3654,1254,11,0.86719,229.28,186.29,253.0,207.04
3655,1254,17,0.72949,253.0,102.66,273.75,123.66
3656,1255,2,0.84912,143.43,179.78,156.21,196.48
3657,1255,2,0.83447,62.14,168.49,75.28,186.17
3658,1255,2,0.83105,131.15,156.45,143.19,172.17
3659,1255,2,0.81641,78.72,151.29,90.75,167.99
3660,1256,5,0.83643,230.18,195.47,312.94,243.98
3661,1256,5,0.22949,123.41,161.94,145.77,175.73
3662,1256,14,0.00934,30.32,171.92,35.97,180.01
3663,1256,5,0.00192,133.88,148.86,143.86,157.42
3664,1256,5,0.0015,355.26,157.89,373.33,167.41
3665,1256,5,0.00147,123.18,168.36,132.69,175.97
3666,1256,5,0.00136,48.81,147.91,59.39,152.66
3667,1256,5,0.00127,140.54,168.36,145.77,174.06
3668,1256,5,0.0011,123.41,167.17,145.77,177.16
3669,1258,13,0.90724,44.92,16.12,87.56,59.95
3670,1258,3,0.90202,143.16,73.07,198.08,137.41
3671,1258,3,0.88547,160.8,25.91,239.72,71.21
3672,1258,1,0.81109,88.65,0.24,128.02,18.29
3673,1258,3,0.60343,164.55,0.82,191.57,19.94
3674,1258,0,0.00784,88.46,0.76,128.34,18.62
3675,1258,3,0.00571,144.22,0.43,190.73,20.86
3676,1258,0,0.00116,213.6,166.54,238.75,197.74
3677,1258,3,0.00112,159.73,1.39,191.49,30.46
3678,1267,8,0.80449,394.63,0.26,485.95,164.69
3679,1267,8,0.07641,29.38,18.07,144.53,138.0
3680,1267,8,0.01715,477.88,14.33,486.0,63.43
3681,1267,8,0.00502,61.83,17.35,144.24,111.5
3682,1267,8,0.00361,474.52,2.94,486.0,54.37
3683,1267,8,0.00273,479.9,15.12,486.0,47.38
3684,1267,14,0.00243,478.67,18.37,486.0,48.93
3685,1267,8,0.00234,0.0,7.52,59.64,167.68
3686,1267,8,0.00226,474.72,15.5,486.0,84.39
3687,1267,8,0.00185,440.23,2.0,485.62,59.55
3688,1267,8,0.00172,0.0,10.87,58.81,99.21
3689,1267,8,0.00116,467.87,0.67,485.83,8.03
3690,1269,7,0.90918,153.58,36.71,181.02,64.15
3691,1269,2,0.85107,83.53,46.58,117.47,85.1
3692,1273,14,0.72121,320.36,115.56,340.47,166.01
3693,1273,8,0.02378,0.0,101.05,6.26,112.57
3694,1273,8,0.01696,0.01,101.44,2.64,112.87
3695,1273,14,0.01546,319.26,115.47,339.34,146.02
3696,1273,5,0.01149,0.0,99.87,6.28,112.83
3697,1273,14,0.00679,477.4,130.45,487.73,151.13
3698,1273,14,0.00486,471.29,130.51,485.03,150.27
3699,1273,8,0.00483,0.0,101.83,2.0,116.28
3700,1273,5,0.00466,21.6,199.64,30.81,209.65
3701,1273,14,0.00375,469.83,130.45,478.25,151.87
3702,1273,8,0.00317,21.52,199.69,30.46,209.84
3703,1273,5,0.00294,0.14,93.22,7.8,108.16
3704,1273,5,0.00285,0.0,94.05,2.4,112.58
3705,1273,14,0.00285,36.4,91.42,49.66,120.4
3706,1273,14,0.00279,449.91,127.74,458.84,150.92
3707,1273,5,0.00278,484.96,150.94,489.0,180.63
3708,1273,5,0.00269,479.95,36.44,489.0,51.81
3709,1273,5,0.00191,468.36,34.17,488.83,51.54
3710,1273,14,0.00169,479.39,130.97,486.97,146.91
3711,1273,14,0.00163,480.92,147.55,489.0,245.45
3712,1273,14,0.00161,321.1,144.27,337.5,166.64
3713,1273,14,0.00146,485.47,148.66,489.0,176.3
3714,1273,15,0.00145,299.27,115.81,323.07,141.71
3715,1273,5,0.00137,477.15,34.77,489.0,55.05
3716,1273,5,0.00128,482.59,149.8,489.0,181.6
3717,1273,14,0.00126,316.04,133.58,339.12,166.59
3718,1273,5,0.00121,299.1,115.75,323.07,141.45
3719,1273,14,0.00105,321.32,114.94,338.87,131.25
3720,1275,10,0.85145,321.16,108.49,337.53,124.73
3721,1275,10,0.8475,259.44,112.65,278.45,128.54
3722,1275,11,0.76177,196.69,81.87,212.72,98.07
3723,1275,9,0.71864,244.58,82.85,263.06,97.43
3724,1275,17,0.70086,197.5,48.47,210.75,61.7
3725,1275,9,0.17349,180.09,123.06,204.85,147.12
3726,1275,17,0.1441,180.29,123.26,204.68,147.11
3727,1275,12,0.00782,180.25,123.06,204.99,147.5
3728,1278,4,0.90137,319.21,64.24,350.84,108.22
3729,1278,1,0.89502,253.99,118.96,280.67,143.79
3730,1278,13,0.48438,211.99,75.36,234.96,98.33
3731,1278,12,0.12085,211.99,75.11,234.96,98.33
3732,1278,0,0.0022,212.23,75.11,234.96,98.33
3733,1278,6,0.00197,27.41,52.87,84.62,133.91
3734,1278,6,0.00121,28.32,59.54,60.69,119.58
3735,1280,14,0.79199,190.01,144.4,204.19,182.21
3736,1280,14,0.77197,228.77,137.78,243.65,174.65
3737,1280,14,0.72314,165.67,158.81,183.15,185.28
3738,1280,14,0.70264,286.9,130.45,305.81,179.61
3739,1280,14,0.05145,0.0,172.76,7.81,206.79
3740,1280,14,0.01065,288.32,140.14,302.03,178.9
3741,1280,14,0.00971,0.0,147.0,8.96,206.55
3742,1280,14,0.00832,0.0,160.23,5.17,209.86
3743,1280,14,0.00472,0.25,151.25,16.1,206.08
3744,1280,14,0.00303,481.16,122.89,484.0,142.74
3745,1280,14,0.00285,190.48,142.27,213.4,184.81
3746,1280,14,0.00205,479.75,119.11,484.0,156.92
3747,1280,14,0.00187,288.08,148.89,298.48,179.14
3748,1280,5,0.0018,117.34,166.38,159.88,188.59
3749,1280,14,0.00165,180.32,159.05,194.5,183.15
3750,1280,14,0.00154,163.78,148.41,184.81,185.28
3751,1280,14,0.00149,113.32,138.49,131.52,214.11
3752,1280,14,0.0012,196.62,145.11,209.39,180.08
3753,1280,14,0.00111,481.16,103.98,484.0,138.96
3754,1281,10,0.87646,354.1,142.31,368.57,155.82
3755,1281,17,0.87402,311.64,176.08,325.15,189.59
3756,1281,10,0.87061,280.29,186.7,297.65,201.17
3757,1281,17,0.85303,335.28,168.37,348.31,181.87
3758,1281,11,0.8501,402.82,202.62,421.64,218.54
3759,1281,9,0.81885,366.4,185.73,382.8,200.69
3760,1281,9,0.64258,329.49,204.06,347.83,221.43
3761,1281,17,0.4436,329.49,204.06,347.83,221.43
3762,1281,16,0.00116,335.04,168.37,348.55,181.87
3763,1284,2,0.85596,251.25,68.09,266.6,90.14
3764,1284,2,0.84277,243.58,26.85,259.41,46.99
3765,1284,2,0.84277,168.54,46.99,183.89,68.09
3766,1284,2,0.81152,296.57,49.39,311.91,70.73
3767,1285,12,0.63721,308.55,69.99,342.45,101.48
3768,1285,4,0.58496,154.39,158.88,241.82,194.72
3769,1285,1,0.10559,175.1,47.71,208.04,77.02
3770,1285,11,0.03223,309.03,70.48,341.97,101.23
3771,1285,0,0.00816,175.1,47.59,208.04,77.38
3772,1285,3,0.00555,154.03,159.12,242.19,194.48
3773,1288,2,0.86859,154.74,102.82,189.58,142.79
3774,1288,17,0.75313,252.1,138.62,272.36,157.55
3775,1288,17,0.72777,238.06,70.77,256.72,89.43
3776,1289,17,0.84551,192.85,184.53,203.98,194.97
3777,1289,10,0.79353,255.75,173.62,268.21,185.1
3778,1289,9,0.66063,201.91,163.84,216.82,175.31
3779,1289,17,0.64789,211.25,192.02,222.46,203.28
3780,1289,12,0.4249,216.57,178.13,231.78,190.07
3781,1289,10,0.41225,235.41,165.46,249.15,176.92
3782,1289,11,0.26023,188.55,170.59,200.37,181.53
3783,1289,11,0.20589,216.65,178.28,231.57,189.69
3784,1289,11,0.19019,262.12,187.26,274.51,198.69
3785,1289,12,0.11979,262.15,187.18,274.57,198.65
3786,1289,12,0.11093,235.52,165.68,248.95,176.79
3787,1289,13,0.0327,261.77,186.29,274.26,198.34
3788,1289,13,0.0164,192.6,184.19,203.62,195.03
3789,1289,13,0.0082,211.21,191.7,222.76,203.41
3790,1289,11,0.00753,211.5,192.35,222.38,203.43
3791,1289,13,0.00202,252.61,172.58,268.82,184.95
3792,1289,9,0.00144,188.52,169.69,202.62,181.81
3793,1289,17,0.00115,203.12,164.28,216.33,173.76
3794,1290,2,0.87061,71.13,32.83,93.01,62.49
3795,1291,13,0.87245,399.04,78.74,454.97,130.81
3796,1291,4,0.62446,217.57,1.06,269.98,73.46
3797,1291,1,0.38964,317.2,114.99,375.61,174.18
3798,1291,0,0.12859,316.75,114.29,376.28,174.13
3799,1291,13,0.12094,316.68,114.28,375.91,173.96
3800,1291,3,0.00489,217.16,1.85,270.3,73.36
3801,1291,2,0.00251,398.85,78.8,454.26,130.54
3802,1291,3,0.00149,163.22,0.23,271.88,74.52
3803,1291,14,0.00144,145.17,0.0,268.6,73.05
3804,1293,7,0.81641,385.58,131.17,412.0,147.5
3805,1293,7,0.60596,327.92,182.58,348.58,201.8
3806,1293,15,0.00368,328.16,182.58,348.34,201.8
3807,1293,8,0.00136,240.35,12.25,314.23,78.8
3808,1296,14,0.85498,161.13,117.95,191.52,183.56
3809,1296,14,0.76465,233.97,112.89,252.31,177.05
3810,1296,8,0.76221,329.98,119.64,350.24,143.76
3811,1296,8,0.73584,294.28,120.73,319.36,146.66
3812,1296,14,0.7251,439.97,76.71,485.32,176.08
3813,1296,8,0.6792,388.83,116.02,410.06,140.14
3814,1296,14,0.66553,296.45,114.09,309.96,140.38
3815,1296,14,0.49609,373.15,110.96,387.14,137.25
3816,1296,8,0.14954,468.67,110.23,491.83,146.42
3817,1296,8,0.07422,437.8,80.56,490.38,173.19
3818,1296,8,0.01385,481.46,101.55,494.0,146.9
3819,1296,8,0.00916,474.22,116.02,490.62,145.45
3820,1296,14,0.00871,373.88,110.72,396.07,140.38
3821,1296,14,0.00826,370.26,111.2,383.77,135.8
3822,1296,14,0.00677,378.7,109.75,389.31,136.53
3823,1296,14,0.00522,295.24,113.85,317.43,143.28
3824,1296,8,0.00443,363.75,116.87,387.87,141.83
3825,1296,14,0.0038,142.07,128.2,156.55,156.3
3826,1296,8,0.003,486.28,110.96,494.0,144.97
3827,1296,14,0.00239,231.8,112.89,270.4,178.01
3828,1296,14,0.00185,0.0,109.39,8.22,225.29
3829,1296,8,0.00161,471.33,83.94,493.52,149.31
3830,1296,8,0.00154,130.86,131.7,159.08,158.72
3831,1296,8,0.00146,439.49,112.89,462.16,149.55
3832,1296,14,0.00144,307.79,117.47,318.88,136.28
3833,1296,8,0.00142,490.62,108.79,494.0,137.25
3834,1296,14,0.00125,367.12,112.16,378.7,137.01
3835,1296,14,0.00104,490.14,92.62,494.0,132.18
3836,1296,8,0.00102,479.53,115.9,494.0,163.06
3837,1300,17,0.87938,64.02,61.5,83.0,80.2
3838,1300,17,0.87641,47.17,37.31,65.88,55.91
3839,1300,7,0.86279,104.43,48.11,139.39,74.9
3840,1300,7,0.83742,56.89,80.98,88.28,108.85
3841,1300,11,0.44649,115.24,125.34,141.64,147.42
3842,1300,17,0.12886,194.32,115.82,220.71,140.05
3843,1300,2,0.03466,194.59,115.93,220.8,140.28
3844,1300,8,0.00527,0.0,1.09,35.91,26.48
3845,1300,14,0.00105,312.92,221.66,320.99,247.13
3846,1301,10,0.90186,102.99,155.2,123.16,177.03
3847,1301,9,0.88818,165.64,122.92,187.0,144.76
3848,1301,17,0.88574,90.53,125.77,108.92,143.81
3849,1301,10,0.85986,32.13,70.24,52.18,88.75
3850,1301,9,0.84717,132.42,89.46,154.72,106.31
3851,1301,17,0.83203,72.14,105.6,90.06,122.45
3852,1301,11,0.83105,185.81,72.62,207.17,87.8
3853,1301,8,0.00136,455.62,83.77,472.71,108.45
3854,1302,8,0.86084,27.42,93.64,73.99,135.11
3855,1302,8,0.8501,4.74,96.27,37.83,131.29
3856,1302,8,0.84814,81.49,99.6,118.19,139.39
3857,1302,8,0.84717,106.93,96.27,174.66,142.25
3858,1302,14,0.83301,371.0,42.29,449.16,234.95
3859,1302,8,0.82764,60.76,97.22,94.24,136.3
3860,1302,8,0.77344,190.15,89.12,272.12,130.34
3861,1302,8,0.21008,335.98,101.98,389.83,162.51
3862,1302,8,0.10156,0.0,88.88,11.33,131.05
3863,1302,8,0.01001,386.02,112.11,445.11,152.02
3864,1302,14,0.0099,476.09,86.26,488.0,175.85
3865,1302,14,0.00871,337.88,75.3,452.26,165.13
3866,1302,8,0.00816,333.59,89.83,415.56,162.75
3867,1302,8,0.00669,0.03,121.52,13.5,181.57
3868,1302,14,0.00639,114.26,77.44,177.64,141.78
3869,1302,14,0.00549,111.46,93.88,149.64,135.34
3870,1302,14,0.00407,0.06,68.86,9.18,131.77
3871,1302,8,0.00359,54.15,93.64,77.74,132.72
3872,1302,14,0.00338,0.01,75.06,6.74,123.43
3873,1302,8,0.00338,455.36,91.5,487.76,167.75
3874,1302,8,0.0033,392.21,106.99,445.59,141.78
3875,1302,14,0.00325,0.0,85.07,14.43,188.0
3876,1302,14,0.00307,375.53,47.89,447.97,160.12
3877,1302,8,0.00291,0.01,83.16,7.48,129.86
3878,1302,14,0.00285,142.25,78.63,177.04,129.62
3879,1302,14,0.00263,0.0,136.77,12.78,178.71
3880,1302,8,0.00262,0.01,89.83,15.35,182.76
3881,1302,8,0.0025,0.22,118.19,25.75,182.52
3882,1302,8,0.00207,366.95,90.31,447.97,163.7
3883,1302,8,0.00207,480.38,95.79,488.0,177.76
3884,1302,8,0.00185,0.27,95.79,25.76,130.58
3885,1302,14,0.00183,150.36,78.63,178.0,118.43
3886,1302,14,0.00174,90.55,82.45,162.03,141.06
3887,1302,8,0.00168,386.97,92.69,445.11,124.62
3888,1303,7,0.87891,404.21,38.02,430.37,60.3
3889,1303,17,0.00208,70.6,101.72,84.16,110.44
3890,1304,2,0.86093,128.97,45.05,149.2,71.39
3891,1304,2,0.84418,40.84,57.35,60.4,85.29
3892,1307,17,0.89258,129.5,81.96,146.71,99.18
3893,1307,10,0.8833,59.13,138.48,82.46,158.94
3894,1307,9,0.87598,174.66,112.53,195.62,132.99
3895,1307,17,0.875,99.12,109.54,116.71,127.0
3896,1307,10,0.87061,150.21,29.19,168.17,48.65
3897,1307,11,0.85107,223.81,140.72,249.26,162.68
3898,1307,9,0.75488,129.5,161.43,151.95,185.89
3899,1307,10,0.00307,129.37,161.18,152.08,186.14
3900,1307,17,0.00139,129.5,161.43,151.7,185.89
3901,1309,7,0.82036,230.56,182.68,253.7,200.42
3902,1309,7,0.812,208.72,117.77,233.02,135.51
3903,1310,15,0.84824,219.05,128.36,250.78,152.85
3904,1310,15,0.82682,217.09,96.01,236.27,114.87
3905,1310,7,0.79907,140.12,126.03,164.81,145.58
3906,1310,15,0.71773,258.78,75.64,272.3,95.91
3907,1310,14,0.00156,318.49,210.12,344.36,230.09
3908,1312,9,0.90186,75.3,118.19,96.27,139.16
3909,1312,10,0.88232,48.76,202.06,73.51,224.46
3910,1312,10,0.87891,185.38,151.55,208.26,171.56
3911,1312,9,0.86865,137.25,96.27,159.65,116.28
3912,1312,11,0.86719,36.31,74.58,57.4,94.36
3913,1312,17,0.86133,103.06,189.67,122.48,208.73
3914,1312,17,0.67725,139.16,171.8,157.98,190.86
3915,1312,9,0.64941,139.39,171.8,157.98,190.86
3916,1315,15,0.44751,276.28,158.44,339.65,201.02
3917,1315,14,0.19617,423.82,12.5,507.0,246.07
3918,1315,14,0.02707,270.83,0.25,311.43,42.33
3919,1315,14,0.00769,437.19,80.7,506.5,252.51
3920,1317,2,0.86328,174.54,128.17,202.12,148.62
3921,1317,7,0.84912,234.82,149.1,259.67,169.07
3922,1317,6,0.00382,402.11,60.4,444.44,89.89
3923,1318,14,0.8418,214.63,151.79,248.95,221.88
3924,1318,14,0.82373,69.49,108.52,112.75,224.06
3925,1318,14,0.82324,123.27,136.32,150.34,220.43
3926,1318,14,0.81641,314.45,151.55,343.94,227.44
3927,1318,14,0.78906,154.93,120.61,189.73,204.24
3928,1318,8,0.19312,407.5,150.34,495.0,244.12
3929,1318,8,0.07587,418.14,105.26,495.0,240.73
3930,1318,14,0.00838,0.0,76.86,7.11,192.88
3931,1318,8,0.00669,408.47,157.59,463.1,241.7
3932,1318,14,0.0038,470.59,108.64,494.76,239.28
3933,1318,14,0.00307,0.0,113.12,5.68,189.49
3934,1318,8,0.00299,449.08,70.09,494.52,238.32
3935,1318,8,0.00166,211.25,146.47,261.76,221.88
3936,1318,14,0.00143,481.95,109.85,495.0,237.35
3937,1318,8,0.00108,473.25,108.64,495.0,227.68
3938,1318,14,0.00102,156.74,122.06,189.13,160.73
3939,1318,14,0.00101,409.44,155.9,482.92,242.91
3940,1319,2,0.8208,203.13,73.33,215.95,91.12
3941,1319,2,0.81543,215.0,44.61,226.86,61.46
3942,1319,2,0.81396,253.44,57.43,264.83,74.28
3943,1319,2,0.81152,158.52,51.14,171.33,68.23
3944,1322,11,0.54102,127.25,73.96,166.65,113.6
3945,1322,12,0.53711,127.13,74.08,166.05,113.24
3946,1322,11,0.39429,197.23,124.72,242.18,167.26
3947,1322,13,0.15564,196.98,124.96,241.46,166.53
3948,1322,12,0.07751,196.74,124.72,241.46,166.77
3949,1322,6,0.02547,485.33,95.23,495.0,182.24
3950,1322,6,0.01634,0.05,176.92,28.67,203.03
3951,1322,6,0.00543,0.03,146.47,28.79,203.51
3952,1322,6,0.00468,472.28,73.48,494.52,185.62
3953,1322,2,0.00273,127.01,73.23,165.93,113.84
3954,1322,1,0.00193,196.98,124.72,241.46,166.77
3955,1323,8,0.03918,482.41,22.63,493.0,74.14
3956,1323,5,0.02844,412.12,0.48,493.0,62.59
3957,1323,8,0.01744,412.12,0.48,493.0,63.07
3958,1323,8,0.00255,475.19,9.39,492.52,73.9
3959,1323,8,0.00155,481.93,26.48,493.0,117.47
3960,1323,14,0.00132,481.93,3.13,493.0,71.98
3961,1326,10,0.89551,169.99,208.35,193.52,229.92
3962,1326,10,0.88574,304.19,162.51,326.74,182.61
3963,1326,9,0.87256,196.09,126.24,216.19,147.32
3964,1326,17,0.87256,222.2,197.56,241.07,217.17
3965,1326,17,0.86865,257.86,181.39,276.49,200.02
3966,1326,11,0.86816,158.96,82.6,179.06,102.21
3967,1326,17,0.58691,256.88,106.14,279.43,126.24
3968,1326,10,0.53125,256.88,106.14,279.43,126.24
3969,1327,3,0.88184,84.2,79.05,141.97,157.17
3970,1327,3,0.85791,235.76,116.01,315.75,179.16
3971,1327,0,0.84473,71.57,0.0,107.59,26.43
3972,1327,12,0.84473,0.0,80.57,35.35,120.33
3973,1327,4,0.8374,196.7,2.34,264.76,39.76
3974,1327,12,0.83447,172.84,45.02,208.39,81.51
3975,1327,0,0.78418,101.74,194.13,148.28,240.9
3976,1327,3,0.61133,195.76,2.81,266.16,44.44
3977,1327,1,0.25537,101.57,194.13,147.82,240.9
3978,1327,3,0.0058,0.07,42.1,9.59,94.02
3979,1327,1,0.00261,71.51,0.0,107.53,26.2
3980,1327,3,0.00232,0.0,42.33,24.65,115.54
3981,1327,3,0.00162,163.25,109.93,202.08,185.71
3982,1327,3,0.00132,469.64,118.35,479.0,178.22
3983,1327,2,0.00104,0.0,80.69,34.91,120.45
3984,1327,3,0.00102,470.58,119.87,479.0,214.24
3985,1328,4,0.8457,220.58,114.5,315.43,151.12
3986,1328,3,0.80322,203.12,187.99,319.82,226.07
3987,1328,3,0.36304,226.44,53.47,309.57,82.76
3988,1328,4,0.10742,227.42,52.98,309.57,82.76
3989,1328,6,0.00352,0.0,42.72,8.06,93.75
3990,1328,6,0.00222,381.84,40.77,446.29,228.76
3991,1328,9,0.00122,0.01,61.77,3.44,93.51
3992,1328,4,0.00122,205.57,188.23,322.75,225.83
3993,1328,2,0.0012,226.81,52.49,309.33,83.5
3994,1332,8,0.86449,344.85,132.13,379.91,168.07
3995,1332,8,0.8518,271.2,124.66,302.59,158.71
3996,1332,8,0.84653,293.49,125.24,335.31,162.0
3997,1332,8,0.8386,369.76,128.68,433.59,173.61
3998,1332,8,0.8242,324.54,125.8,357.0,164.29
3999,1332,8,0.77836,460.2,120.93,488.0,157.95
4000,1332,14,0.70894,158.27,93.27,184.48,154.7
4001,1332,14,0.00823,0.0,36.3,12.27,123.01
4002,1332,14,0.00519,356.1,103.82,425.8,169.1
4003,1332,14,0.00435,373.0,122.82,413.63,163.72
4004,1332,8,0.00294,151.38,104.77,183.83,151.95
4005,1332,14,0.00276,0.0,106.42,14.74,125.15
4006,1332,8,0.00224,317.95,123.75,340.49,161.7
4007,1332,8,0.002,0.98,110.84,98.77,143.13
4008,1332,14,0.00187,11.82,87.04,45.66,128.78
4009,1332,14,0.00169,0.0,106.55,7.59,124.75
4010,1332,14,0.00145,0.0,94.3,16.82,124.27
4011,1332,8,0.00109,21.86,115.54,112.05,144.58
4012,1333,5,0.90039,345.5,0.49,499.0,93.56
4013,1333,5,0.89355,6.94,1.22,152.04,92.83
4014,1333,5,0.8877,174.94,0.73,308.71,87.47
4015,1336,2,0.85315,241.53,38.29,277.74,64.96
4016,1336,2,0.84189,363.23,55.05,392.97,83.31
4017,1336,2,0.00872,496.87,0.11,508.0,13.93
4018,1339,2,0.83827,228.47,63.67,246.56,87.39
4019,1339,2,0.83642,182.33,39.81,199.96,62.85
4020,1342,17,0.78271,193.42,180.54,206.66,194.02
4021,1342,9,0.77197,344.23,169.47,362.53,182.95
4022,1342,9,0.604,269.13,154.54,287.42,167.54
4023,1342,17,0.00261,264.31,200.28,281.65,214.72
4024,1343,15,0.87898,259.18,7.72,291.44,42.94
4025,1343,9,0.00101,210.9,133.39,220.79,153.35
4026,1346,14,0.82764,202.38,58.98,236.15,101.91
4027,1346,14,0.77539,127.36,18.57,189.59,130.25
4028,1346,14,0.58496,297.65,57.65,320.81,106.86
4029,1346,14,0.46875,400.41,64.16,421.64,101.07
4030,1346,14,0.33032,344.45,65.97,362.78,109.15
4031,1346,14,0.11084,418.98,64.52,438.76,90.09
4032,1346,14,0.10742,358.2,73.09,375.08,109.27
4033,1346,14,0.03198,343.97,73.69,356.99,108.67
4034,1346,14,0.02931,345.41,66.09,378.22,110.47
4035,1346,14,0.02396,284.63,75.26,302.0,103.96
4036,1346,14,0.01927,319.36,58.13,331.91,80.32
4037,1346,14,0.01602,354.1,68.5,370.5,108.79
4038,1346,14,0.00982,403.79,63.92,439.49,91.42
4039,1346,14,0.00838,399.93,81.05,424.53,117.71
4040,1346,14,0.008,372.91,69.47,391.24,112.89
4041,1346,14,0.00603,59.73,34.01,74.9,61.51
4042,1346,14,0.00343,48.54,34.49,61.81,60.54
4043,1346,14,0.00343,375.57,72.48,389.07,85.75
4044,1346,14,0.00267,400.41,66.33,446.24,117.23
4045,1346,14,0.00243,397.03,86.11,454.92,120.36
4046,1346,14,0.00229,370.5,65.61,386.9,83.94
4047,1346,14,0.00129,276.19,75.02,300.31,103.48
4048,1349,6,0.87031,288.94,66.1,358.62,104.96
4049,1349,17,0.83542,253.07,36.25,274.79,57.28
4050,1349,15,0.81333,368.73,115.86,403.94,151.03
4051,1349,2,0.56446,384.09,54.55,405.06,76.32
4052,1349,17,0.00127,383.93,54.56,403.66,76.92
4053,1350,7,0.87598,409.84,34.56,437.29,61.52
4054,1350,7,0.8291,262.52,51.6,292.42,74.88
4055,1350,17,0.00369,414.98,110.79,442.44,137.51
4056,1350,2,0.00143,415.23,111.04,442.68,137.27
4057,1352,17,0.84939,55.77,178.7,78.31,201.88
4058,1352,17,0.59702,164.83,89.54,184.18,109.26
4059,1352,9,0.1545,164.97,89.74,184.2,109.45
4060,1359,15,0.32861,136.77,25.32,248.46,167.75
4061,1359,15,0.00624,147.17,25.55,245.29,119.59
4062,1361,8,0.85009,0.0,117.1,100.26,221.2
4063,1361,5,0.76609,260.37,111.9,305.69,138.88
4064,1361,14,0.08045,137.38,87.52,169.62,140.14
4065,1361,8,0.05646,115.28,91.15,206.47,225.1
4066,1361,14,0.04974,135.04,87.44,169.77,120.21
4067,1361,8,0.03316,134.7,87.04,170.07,120.1
4068,1361,8,0.01298,0.0,117.78,41.96,221.67
4069,1361,8,0.00114,0.05,134.41,4.81,178.88
4070,1364,10,0.8833,272.46,132.81,293.46,158.2
4071,1364,10,0.86865,390.14,95.21,413.57,117.92
4072,1364,17,0.83984,169.92,108.64,188.48,125.73
4073,1364,9,0.83643,291.99,86.55,313.48,110.23
4074,1364,17,0.02686,384.77,176.27,418.95,208.5
4075,1364,9,0.00878,383.79,176.76,416.99,208.98
4076,1364,10,0.00506,384.77,176.76,417.97,208.5
4077,1365,4,0.91309,157.68,115.93,223.01,180.77
4078,1365,12,0.89258,60.02,146.87,101.56,187.15
4079,1365,1,0.65332,20.51,93.08,61.28,132.63
4080,1365,0,0.1582,20.25,93.08,62.02,132.63
4081,1365,0,0.00268,0.05,84.98,13.26,121.82
4082,1365,14,0.00177,278.03,229.4,287.85,245.11
4083,1365,2,0.00132,156.7,117.15,224.48,180.52
4084,1366,14,0.87759,279.06,52.91,305.78,130.07
4085,1366,14,0.7626,190.81,45.0,228.18,135.73
4086,1366,14,0.74111,146.47,84.83,160.18,123.75
4087,1366,14,0.4703,58.04,99.98,67.99,122.66
4088,1366,14,0.27639,486.94,95.42,495.0,123.27
4089,1366,14,0.27002,185.59,35.41,207.99,135.01
4090,1366,14,0.03651,487.14,94.15,495.0,148.5
4091,1366,14,0.00863,54.13,99.46,62.34,122.39
4092,1366,14,0.00656,107.13,105.55,117.05,120.81
4093,1366,14,0.00603,81.33,103.8,93.21,122.41
4094,1366,14,0.0025,480.17,94.5,495.0,124.21
4095,1366,14,0.00239,109.97,104.78,119.39,120.47
4096,1366,14,0.0021,486.58,93.6,495.0,179.82
4097,1366,8,0.0014,184.65,44.43,233.57,135.02
4098,1366,14,0.00113,35.74,95.13,49.08,118.57
4099,1366,14,0.00102,59.67,101.59,72.73,122.83
4100,1367,14,0.76397,400.72,151.55,416.92,170.43
4101,1367,14,0.70527,66.29,93.82,79.63,119.89
4102,1367,14,0.69883,95.85,98.61,108.33,126.46
4103,1367,14,0.69283,32.02,87.13,43.66,115.08
4104,1367,14,0.59613,175.74,114.85,187.83,133.52
4105,1367,16,0.53741,1.01,123.91,73.43,157.54
4106,1367,14,0.38667,182.05,120.13,201.12,147.54
4107,1367,16,0.28225,6.36,166.6,90.27,212.7
4108,1367,14,0.27816,20.13,85.56,30.12,116.58
4109,1367,14,0.08923,16.12,86.06,28.79,115.66
4110,1367,16,0.0679,89.87,149.49,120.78,168.4
4111,1367,14,0.05392,10.85,87.61,20.99,111.31
4112,1367,16,0.03818,0.25,124.11,37.23,153.47
4113,1367,14,0.03372,177.37,112.56,202.76,146.53
4114,1367,14,0.02499,42.75,102.93,59.6,122.86
4115,1367,14,0.02183,41.25,105.03,53.46,120.85
4116,1367,14,0.01742,0.05,121.25,3.84,135.92
4117,1367,14,0.01635,22.42,86.55,32.48,117.19
4118,1367,16,0.01552,35.16,184.0,141.9,252.22
4119,1367,14,0.01415,288.6,135.54,304.49,153.0
4120,1367,14,0.01384,188.38,122.5,202.63,145.73
4121,1367,16,0.01361,0.45,126.33,76.33,175.87
4122,1367,16,0.01328,30.63,132.23,74.57,158.65
4123,1367,14,0.01003,0.0,120.01,2.75,133.45
4124,1367,14,0.00748,41.98,105.73,62.62,133.65
4125,1367,16,0.00677,52.96,136.31,75.01,156.56
4126,1367,14,0.00562,275.26,131.04,294.06,153.5
4127,1367,14,0.00548,292.92,135.0,305.95,155.71
4128,1367,14,0.00525,11.54,87.32,20.29,103.88
4129,1367,14,0.00514,0.0,108.06,2.72,130.23
4130,1367,16,0.00464,0.1,123.24,23.75,152.19
4131,1367,14,0.00426,178.83,116.64,192.89,146.46
4132,1367,14,0.00399,0.07,119.95,5.95,133.79
4133,1367,16,0.00399,0.06,123.04,6.54,144.58
4134,1367,14,0.00379,0.0,110.9,4.33,131.77
4135,1367,14,0.00369,0.0,102.58,2.15,127.91
4136,1367,14,0.00361,286.73,133.13,308.44,155.7
4137,1367,14,0.00353,65.53,105.34,73.9,119.88
4138,1367,14,0.0035,0.09,121.07,6.8,139.75
4139,1367,14,0.00315,275.95,131.61,303.87,154.74
4140,1367,14,0.00308,176.93,113.45,188.47,126.98
4141,1367,16,0.00278,31.36,209.26,112.88,254.39
4142,1367,16,0.00227,13.87,127.31,46.77,151.16
4143,1367,16,0.00221,5.91,166.48,80.75,197.36
4144,1367,16,0.00211,19.04,167.48,92.08,239.51
4145,1367,14,0.00201,0.01,120.53,4.71,143.36
4146,1367,14,0.0015,8.59,85.93,24.79,114.53
4147,1367,16,0.00143,0.02,123.25,22.25,177.32
4148,1367,14,0.00142,0.0,87.66,4.87,119.03
4149,1367,14,0.00114,390.91,132.97,405.5,150.0
4150,1367,14,0.00106,0.0,85.87,2.11,111.58
4151,1367,14,0.00101,194.65,125.14,202.69,136.62
4152,1373,15,0.90799,381.75,191.59,400.35,208.08
4153,1373,15,0.89498,408.24,186.49,424.1,200.61
4154,1373,14,0.00455,438.7,13.71,481.54,122.98
4155,1375,17,0.54492,36.31,44.58,50.28,59.63
4156,1375,2,0.42261,133.85,40.59,151.18,54.73
4157,1375,17,0.27197,81.52,41.73,96.0,55.41
4158,1375,2,0.20056,94.97,74.22,107.63,88.13
4159,1375,2,0.18005,84.83,18.24,100.56,31.92
4160,1375,17,0.08759,94.86,74.34,107.86,88.02
4161,1375,17,0.03102,84.6,18.24,100.45,31.92
4162,1375,2,0.03102,81.41,41.84,96.0,55.07
4163,1375,10,0.00514,94.75,74.45,107.74,87.9
4164,1375,2,0.00323,88.13,72.97,107.74,88.02
4165,1377,15,0.93287,440.28,189.23,484.89,250.97
4166,1377,15,0.00122,437.54,189.08,485.0,251.05
4167,1380,15,0.86133,246.31,156.39,280.81,190.88
4168,1380,15,0.85596,289.32,33.0,321.51,68.88
4169,1380,15,0.83447,376.71,146.73,422.7,189.04
4170,1382,14,0.83447,315.43,99.12,375.0,174.8
4171,1382,14,0.82764,169.92,89.23,198.73,168.46
4172,1382,5,0.79199,406.01,132.08,476.32,172.12
4173,1382,14,0.77441,255.37,103.39,280.27,169.92
4174,1382,14,0.14905,314.94,99.0,341.31,175.29
4175,1382,5,0.02034,488.77,126.46,500.0,173.83
4176,1382,8,0.00282,164.06,89.11,222.17,168.7
4177,1382,5,0.00257,492.19,133.79,500.0,172.85
4178,1382,5,0.00246,480.47,102.05,500.0,133.3
4179,1382,5,0.00194,485.35,105.96,500.0,174.32
4180,1382,8,0.00114,250.49,99.0,287.11,169.43
4181,1382,5,0.00107,464.84,104.74,500.0,128.17
4182,1384,2,0.84709,381.77,77.55,411.2,115.01
4183,1384,17,0.67965,318.68,64.24,334.94,80.01
4184,1384,17,0.66527,391.07,48.49,407.79,64.76
4185,1384,2,0.01252,319.03,64.5,335.82,80.33
4186,1387,2,0.82227,93.58,68.43,123.91,99.74
4187,1387,2,0.01061,175.07,118.36,206.14,141.54
4188,1387,2,0.00323,0.02,107.02,7.14,131.43
4189,1388,8,0.79956,270.87,118.97,297.34,155.02
4190,1388,16,0.75513,0.09,126.56,13.89,149.69
4191,1388,14,0.75075,274.17,102.0,294.31,121.95
4192,1388,16,0.7129,12.77,126.46,27.19,148.39
4193,1388,16,0.67102,52.99,125.97,67.0,144.95
4194,1388,16,0.67009,40.32,126.09,53.0,146.13
4195,1388,16,0.6565,26.58,126.47,41.33,147.14
4196,1388,16,0.64818,167.05,119.64,176.12,129.44
4197,1388,16,0.63863,66.26,125.25,77.91,144.0
4198,1388,8,0.63518,236.8,94.93,269.84,147.51
4199,1388,16,0.57828,97.03,123.9,107.95,141.12
4200,1388,16,0.56632,87.42,123.86,97.91,141.86
4201,1388,16,0.56606,129.8,117.61,138.71,128.01
4202,1388,16,0.56026,77.56,124.8,88.12,143.05
4203,1388,16,0.5524,115.07,124.1,124.3,140.22
4204,1388,16,0.53823,122.88,123.97,132.3,139.34
4205,1388,16,0.53447,106.92,123.27,115.82,140.06
4206,1388,16,0.04302,166.65,120.81,176.15,134.82
4207,1388,14,0.0336,482.6,53.25,488.0,136.99
4208,1388,16,0.02358,123.97,120.52,137.66,139.3
4209,1388,14,0.01641,480.66,119.63,488.0,188.02
4210,1388,16,0.01406,481.26,121.12,488.0,140.22
4211,1388,16,0.01195,0.04,123.14,1.83,131.57
4212,1388,16,0.00992,130.71,119.82,139.91,129.8
4213,1388,16,0.00786,481.04,120.14,488.0,151.83
4214,1388,16,0.0075,167.71,116.04,176.64,127.1
4215,1388,16,0.00733,146.69,117.12,155.21,131.11
4216,1388,16,0.00622,0.0,113.47,2.08,128.37
4217,1388,16,0.00527,176.7,115.1,184.1,124.65
4218,1388,14,0.00505,484.52,59.75,488.0,91.04
4219,1388,16,0.00476,77.56,125.83,94.17,141.44
4220,1388,16,0.00456,126.53,118.06,134.84,128.26
4221,1388,16,0.00371,129.71,116.52,142.89,129.05
4222,1388,16,0.00369,93.35,124.99,110.59,140.31
4223,1388,16,0.00358,137.24,121.79,143.49,129.14
4224,1388,16,0.00353,175.51,117.22,181.47,124.87
4225,1388,14,0.00324,479.64,116.24,488.0,237.92
4226,1388,16,0.00297,168.22,120.87,178.79,131.72
4227,1388,16,0.00265,199.22,120.61,206.94,135.47
4228,1388,16,0.00262,122.4,116.14,137.39,129.9
4229,1388,16,0.00257,0.0,114.38,6.21,127.71
4230,1388,16,0.00199,0.2,123.96,7.12,132.69
4231,1388,16,0.00194,158.76,120.11,176.54,131.98
4232,1388,16,0.00183,147.4,118.35,162.04,132.66
4233,1388,16,0.0018,481.4,120.72,487.48,128.09
4234,1388,16,0.00173,62.79,126.57,82.66,142.78
4235,1388,8,0.00173,252.6,106.15,270.48,147.83
4236,1388,8,0.00161,282.34,117.73,299.15,147.78
4237,1388,16,0.00133,84.66,124.62,95.08,142.51
4238,1388,16,0.00129,153.05,121.97,161.22,132.2
4239,1388,16,0.00115,126.8,115.85,137.03,126.74
4240,1388,16,0.00112,166.81,117.82,183.4,131.65
4241,1388,14,0.00103,471.24,29.03,486.61,140.1
4242,1388,16,0.00101,40.11,126.83,67.93,143.74
4243,1388,16,0.001,168.87,111.5,176.24,118.24
4244,1389,5,0.49531,160.08,3.65,484.81,249.0
4245,1389,5,0.29846,17.61,0.0,378.98,249.0
4246,1389,8,0.01675,0.02,5.34,34.57,175.57
4247,1389,8,0.00772,0.05,8.02,45.65,240.73
4248,1389,8,0.00381,0.0,8.83,82.05,247.56
4249,1389,8,0.00263,0.0,0.0,51.97,123.58
4250,1389,14,0.00238,477.08,103.88,493.0,238.98
4251,1392,5,0.86238,229.87,96.62,361.39,149.47
4252,1392,14,0.85342,363.46,60.0,413.14,200.1
4253,1392,5,0.80092,394.88,95.75,500.0,154.87
4254,1392,14,0.79894,68.85,87.66,101.12,168.86
4255,1392,8,0.06877,173.26,107.42,203.57,138.25
4256,1392,14,0.00858,492.36,112.69,500.0,199.1
4257,1393,0,0.88477,387.74,100.66,432.9,146.3
4258,1393,1,0.6665,279.63,207.56,329.6,248.88
4259,1393,0,0.16882,280.35,208.04,329.84,249.36
4260,1393,15,0.00151,386.78,101.14,432.9,145.82
4261,1395,7,0.64901,442.05,188.5,463.15,203.19
4262,1395,7,0.42738,384.56,147.59,405.2,165.01
4263,1397,2,0.7251,267.68,87.92,282.39,101.92
4264,1397,2,0.66211,186.17,107.74,200.88,124.35
4265,1397,2,0.43018,232.08,95.63,244.9,109.87
4266,1399,2,0.87744,297.47,168.5,316.25,193.21
4267,1399,2,0.87061,297.97,128.97,314.77,151.7
4268,1399,2,0.86719,419.53,174.43,438.8,199.14
4269,1399,2,0.85303,372.83,128.97,388.64,150.71
4270,1399,2,0.0029,0.0,36.32,3.6,51.64
4271,1400,12,0.72147,353.33,82.91,383.77,109.35
4272,1400,11,0.66905,414.67,45.74,442.58,70.67
4273,1400,17,0.49285,288.42,41.2,318.24,70.35
4274,1400,10,0.00554,353.07,82.79,383.78,109.32
4275,1400,1,0.00408,288.35,40.52,317.81,70.28
4276,1400,11,0.00302,353.18,82.66,384.31,109.56
4277,1400,8,0.00292,227.46,178.01,286.51,246.6
4278,1400,11,0.00175,288.3,40.93,318.89,70.66
4279,1401,5,0.86789,213.37,160.33,344.66,214.15
4280,1401,14,0.83204,57.92,152.54,82.93,233.39
4281,1401,14,0.80206,347.27,126.91,389.25,254.56
4282,1401,5,0.72908,349.64,161.27,499.59,220.62
4283,1401,14,0.12987,20.87,173.23,41.01,214.95
4284,1401,14,0.00166,0.04,160.12,6.76,224.58
4285,1402,14,0.77689,249.52,91.28,270.01,113.64
4286,1402,8,0.7475,246.91,110.03,274.07,153.06
4287,1402,16,0.65391,3.57,119.52,18.22,142.34
4288,1402,16,0.52731,113.45,117.32,123.54,132.25
4289,1402,16,0.51922,17.69,119.75,32.65,140.62
4290,1402,16,0.51716,43.74,118.63,58.08,138.13
4291,1402,16,0.44593,31.49,119.03,44.27,138.93
4292,1402,16,0.43706,121.09,110.76,129.92,120.94
4293,1402,16,0.39697,158.35,112.68,167.19,122.4
4294,1402,16,0.32714,0.02,120.46,4.9,141.92
4295,1402,16,0.31839,88.4,117.19,99.12,134.06
4296,1402,16,0.30454,78.68,117.25,88.86,135.14
4297,1402,16,0.29504,57.45,118.22,69.17,136.82
4298,1402,16,0.2847,106.09,117.23,115.08,132.77
4299,1402,8,0.27161,222.27,87.16,249.24,140.67
4300,1402,16,0.24946,98.21,116.87,107.07,133.77
4301,1402,16,0.24579,68.63,117.95,79.52,136.01
4302,1402,5,0.20035,271.0,106.46,282.3,122.0
4303,1402,16,0.05501,115.43,116.52,126.86,131.69
4304,1402,8,0.04033,283.33,101.92,296.74,127.49
4305,1402,8,0.03482,221.54,103.24,245.76,140.91
4306,1402,16,0.02571,123.98,114.36,131.16,121.26
4307,1402,16,0.01488,118.2,114.86,125.35,122.15
4308,1402,16,0.01217,157.96,113.45,168.42,127.39
4309,1402,16,0.00562,0.0,122.03,3.75,147.82
4310,1402,16,0.00534,118.42,107.56,129.86,120.37
4311,1402,16,0.00411,153.86,112.72,167.63,124.22
4312,1402,5,0.00399,262.09,102.46,279.67,121.9
4313,1402,16,0.0039,160.81,111.2,171.92,122.01
4314,1402,16,0.00296,168.19,109.6,174.42,117.52
4315,1402,17,0.00268,157.58,113.58,167.43,122.36
4316,1402,16,0.00222,107.1,119.94,118.97,131.64
4317,1402,14,0.00198,283.75,101.66,297.01,126.98
4318,1402,16,0.00193,0.53,118.65,7.32,134.24
4319,1402,16,0.00142,120.19,123.47,129.25,132.41
4320,1402,16,0.0011,160.72,107.31,168.58,116.88
4321,1402,8,0.00103,231.76,110.29,250.59,141.71
4322,1402,16,0.001,0.04,115.34,2.1,126.46
4323,1404,8,0.79834,323.81,0.92,441.31,63.11
4324,1404,8,0.65234,239.59,0.92,351.58,87.9
4325,1404,8,0.62451,207.0,0.0,250.38,44.06
4326,1404,8,0.01243,287.55,0.0,348.6,83.31
4327,1404,8,0.01196,436.49,0.29,470.0,45.67
4328,1404,8,0.01187,50.26,0.23,159.04,103.27
4329,1404,8,0.00912,303.62,0.57,347.68,56.57
4330,1404,8,0.00406,458.98,0.63,470.0,46.59
4331,1404,8,0.00231,0.0,0.23,67.47,90.42
4332,1404,8,0.00205,425.02,0.75,470.0,22.26
4333,1404,8,0.00189,298.8,0.46,399.78,67.01
4334,1407,15,0.93652,351.2,40.52,401.38,90.7
4335,1409,7,0.89893,59.57,145.35,87.33,169.18
4336,1409,7,0.87891,106.51,195.39,130.58,223.03
4337,1409,17,0.00155,209.69,170.13,226.61,188.24
4338,1410,10,0.88328,215.64,116.06,231.25,135.0
4339,1410,10,0.86316,299.3,95.99,316.63,112.49
4340,1410,10,0.82891,318.78,60.29,333.2,74.81
4341,1410,9,0.69872,231.32,86.18,247.24,104.05
4342,1410,17,0.45425,143.7,95.72,157.68,108.38
4343,1410,17,0.39662,290.12,148.3,314.35,170.69
4344,1410,9,0.27336,143.78,95.83,157.9,108.32
4345,1410,9,0.0707,290.36,148.16,314.29,170.69
4346,1410,17,0.01643,0.0,109.8,2.18,126.31
4347,1410,6,0.00984,107.0,53.63,154.36,77.41
4348,1410,8,0.00253,267.5,12.14,286.91,62.86
4349,1410,17,0.00139,0.0,108.01,4.84,127.58
4350,1410,13,0.00111,319.68,60.17,333.79,74.85
4351,1411,3,0.88583,157.33,111.88,229.64,156.69
4352,1411,3,0.87289,292.71,61.39,336.8,98.09
4353,1411,13,0.86787,302.74,110.56,339.91,149.92
4354,1411,1,0.85244,229.47,122.27,268.64,163.26
4355,1411,3,0.82762,220.67,81.13,287.18,108.19
4356,1412,7,0.87026,166.38,111.58,196.54,140.29
4357,1412,7,0.85444,202.32,16.5,226.62,37.1
4358,1412,17,0.79311,232.65,73.37,248.88,90.77
4359,1412,17,0.76678,151.0,54.82,167.24,72.56
4360,1412,7,0.00126,166.53,110.66,194.35,129.65
4361,1412,17,0.0012,0.02,193.62,13.09,214.97
4362,1412,17,0.00104,196.41,191.03,218.18,210.27
4363,1416,14,0.7779,155.98,125.85,194.52,210.83
4364,1416,14,0.76311,272.79,130.63,298.17,217.76
4365,1416,14,0.69504,195.44,124.44,252.52,219.76
4366,1416,14,0.68862,371.26,131.91,411.96,226.5
4367,1416,5,0.25584,403.73,180.16,464.94,221.63
4368,1416,5,0.01332,491.67,157.51,500.0,182.18
4369,1416,14,0.01023,197.88,124.0,227.81,213.52
4370,1418,17,0.79688,58.36,64.61,72.35,77.98
4371,1418,9,0.68066,211.91,56.69,230.23,70.06
4372,1418,9,0.64258,138.14,40.1,155.47,52.48
4373,1418,17,0.02002,131.58,85.41,146.68,96.8
4374,1418,9,0.00746,131.7,85.53,146.8,96.67
4375,1423,14,0.84042,150.96,124.43,183.43,210.38
4376,1423,14,0.81897,200.67,140.92,226.6,207.4
4377,1423,14,0.81242,110.5,145.87,136.82,226.34
4378,1423,14,0.78687,292.17,151.84,318.01,226.52
4379,1423,14,0.67902,388.26,91.14,442.86,231.71
4380,1423,8,0.11188,402.81,152.78,491.32,237.2
4381,1423,8,0.03394,456.49,89.91,493.69,229.56
4382,1423,14,0.02703,0.01,143.35,12.16,229.24
4383,1423,8,0.00987,401.91,101.98,493.36,236.17
4384,1423,14,0.00482,152.09,126.26,183.21,161.68
4385,1423,14,0.00237,0.01,181.11,10.3,233.35
4386,1423,8,0.00218,0.0,166.67,11.7,247.19
4387,1423,14,0.00215,0.11,120.8,20.57,239.27
4388,1423,14,0.00196,484.72,79.05,494.0,138.64
4389,1423,8,0.0017,101.62,144.75,153.78,226.27
4390,1423,14,0.0015,391.11,90.14,490.64,236.11
4391,1423,14,0.00136,483.84,162.49,494.0,235.28
4392,1423,8,0.00118,286.56,148.56,342.12,227.03
4393,1423,14,0.00113,483.01,205.78,494.0,255.7
4394,1423,14,0.0011,27.42,100.52,53.05,147.59
4395,1424,10,0.84147,160.04,83.04,175.76,99.32
4396,1424,11,0.81788,114.85,66.95,131.38,82.98
4397,1424,17,0.76244,105.91,168.02,120.71,181.8
4398,1424,9,0.73707,165.22,126.72,184.35,142.45
4399,1424,9,0.53712,227.86,91.83,250.75,112.76
4400,1424,9,0.52557,118.09,119.53,137.16,135.44
4401,1424,11,0.01286,118.11,119.47,137.2,135.39
4402,1424,12,0.00433,227.35,91.71,250.94,113.0
4403,1424,6,0.00221,42.21,167.2,62.96,193.08
4404,1424,14,0.00169,62.33,72.03,80.92,107.39
4405,1424,6,0.00126,494.55,65.14,498.0,105.07
4406,1426,2,0.81543,364.22,48.23,378.0,66.94
4407,1426,2,0.81055,318.94,27.07,332.72,44.3
4408,1426,2,0.80664,376.03,20.18,387.84,37.41
4409,1426,2,0.80078,414.91,32.48,426.73,50.2
4410,1426,2,0.00331,0.0,63.98,2.75,91.05
4411,1428,2,0.84814,418.62,194.33,431.19,211.73
4412,1428,2,0.83984,337.41,190.46,349.98,206.89
4413,1428,2,0.8335,349.98,172.09,362.55,187.56
4414,1428,2,0.81543,403.4,172.33,414.51,187.8
4415,1428,14,0.0047,489.2,2.66,495.0,65.26
4416,1429,14,0.68164,375.3,10.89,507.0,243.1
4417,1429,15,0.31396,276.28,158.44,338.66,201.02
4418,1429,14,0.00407,363.42,0.93,507.0,122.29
4419,1429,14,0.00195,296.58,13.62,495.12,251.27
4420,1429,14,0.00185,415.4,2.23,506.5,177.75
4421,1431,17,0.84772,218.86,76.24,242.49,98.42
4422,1431,17,0.68506,387.73,39.47,409.12,60.78
4423,1433,2,0.86003,396.46,192.42,418.23,217.65
4424,1433,2,0.85399,387.92,158.05,405.98,181.79
4425,1433,2,0.02502,0.0,93.63,2.6,107.88
4426,1433,2,0.00129,0.0,92.27,4.68,108.32
4427,1433,2,0.00116,0.0,80.19,2.84,107.2
4428,1438,2,0.82795,277.34,181.03,303.86,209.57
4429,1438,2,0.69035,397.09,170.11,417.54,191.96
4430,1438,11,0.00769,144.31,96.51,161.11,108.39
4431,1441,17,0.89292,356.54,88.43,369.94,102.05
4432,1441,10,0.88513,318.06,43.69,334.15,57.65
4433,1441,17,0.84459,378.94,79.33,392.55,92.63
4434,1441,10,0.80928,311.76,85.06,328.38,99.56
4435,1441,10,0.79961,294.27,51.37,307.92,66.22
4436,1441,11,0.79506,358.07,46.04,375.57,59.65
4437,1441,11,0.7105,336.2,68.34,350.96,83.28
4438,1441,10,0.16579,290.6,71.26,305.48,87.59
4439,1441,17,0.15441,290.62,71.27,305.58,87.62
4440,1441,13,0.00404,294.22,51.72,307.56,65.13
4441,1441,13,0.00123,378.77,79.87,392.6,92.59
4442,1441,13,0.0011,291.35,70.39,306.23,87.58
4443,1449,11,0.92821,405.77,103.27,420.17,115.05
4444,1449,10,0.84408,418.89,77.89,432.21,89.49
4445,1449,17,0.82914,350.14,84.79,360.4,95.27
4446,1449,10,0.81897,425.04,89.7,436.57,101.51
4447,1449,11,0.7109,380.34,84.79,393.29,96.65
4448,1449,17,0.65845,352.87,95.72,363.71,106.38
4449,1449,10,0.65065,366.56,72.17,379.46,82.8
4450,1449,10,0.50524,389.49,69.06,402.74,80.57
4451,1449,6,0.01218,0.01,149.56,8.72,221.69
4452,1449,17,0.00817,350.99,81.66,361.97,93.56
4453,1449,17,0.006,424.64,89.01,436.88,101.74
4454,1449,14,0.00106,179.72,95.66,239.75,243.06
4455,1453,10,0.89258,296.69,131.15,314.38,146.87
4456,1453,11,0.8916,224.97,74.66,237.25,87.93
4457,1453,10,0.88428,191.82,135.08,209.26,150.8
4458,1453,17,0.854,231.61,139.5,245.36,153.26
4459,1453,9,0.79932,282.94,98.0,300.62,112.24
4460,1453,17,0.75488,259.6,135.08,273.36,148.35
4461,1453,9,0.7417,235.78,101.07,250.03,115.56
4462,1453,9,0.00365,259.85,135.33,273.11,148.59
4463,1453,17,0.00194,225.22,74.66,237.99,86.94
4464,1453,9,0.00148,501.04,20.88,503.0,36.6
4465,1454,2,0.87256,350.37,41.06,370.84,71.27
4466,1456,15,0.84912,130.66,104.81,171.19,139.75
4467,1456,15,0.81299,55.61,69.17,86.12,96.19
4468,1456,15,0.79834,132.29,49.61,163.04,77.09
4469,1457,7,0.79834,68.75,170.05,91.18,192.25
4470,1458,17,0.89551,180.74,129.15,197.65,146.3
4471,1458,17,0.88867,149.76,154.41,167.15,172.52
4472,1458,10,0.88623,108.54,181.09,131.65,201.11
4473,1458,9,0.88184,224.22,162.51,245.19,183.48
4474,1458,10,0.87744,203.49,78.16,221.6,97.7
4475,1458,11,0.85791,272.83,193.96,298.09,215.88
4476,1458,10,0.73242,177.28,209.21,199.44,233.04
4477,1458,17,0.27832,177.16,208.26,199.56,233.04
4478,1463,17,0.81641,51.78,174.87,66.17,189.26
4479,1463,9,0.78906,205.38,174.62,223.99,188.52
4480,1463,9,0.76758,132.21,154.29,150.56,167.18
4481,1463,17,0.29907,123.16,199.93,139.53,211.83
4482,1463,17,0.00292,122.66,200.42,140.27,219.27
4483,1466,17,0.71875,155.12,87.69,170.96,103.99
4484,1466,17,0.604,40.58,99.45,58.75,116.22
4485,1469,5,0.81855,426.94,73.8,486.11,102.13
4486,1469,14,0.60092,286.03,60.48,296.58,82.27
4487,1469,8,0.59751,250.0,81.67,266.93,101.46
4488,1469,14,0.41782,252.56,76.9,264.32,91.01
4489,1469,14,0.16479,256.37,76.7,267.07,90.01
4490,1469,14,0.08513,251.62,79.07,260.02,92.48
4491,1469,14,0.03697,252.46,77.32,267.2,95.4
4492,1469,14,0.02316,287.52,60.94,296.56,75.13
4493,1469,5,0.00459,472.49,72.18,491.57,90.63
4494,1469,5,0.00443,0.0,23.89,10.94,93.91
4495,1469,5,0.00403,478.93,70.09,492.79,91.24
4496,1469,5,0.00372,0.01,0.59,11.85,16.65
4497,1469,5,0.00371,489.07,72.81,493.0,90.39
4498,1469,5,0.00205,472.25,59.46,492.86,91.33
4499,1469,14,0.00131,287.07,58.86,295.96,71.33
4500,1469,5,0.00131,0.0,25.65,10.71,60.58
4501,1469,5,0.00125,459.38,52.82,492.39,91.29
4502,1469,5,0.00104,483.42,62.03,493.0,89.27
4503,1469,5,0.00102,450.78,49.41,492.49,74.59
4504,1470,17,0.82284,27.77,164.66,50.66,188.0
4505,1470,17,0.80065,197.85,163.52,219.59,183.84
4506,1470,2,0.00253,198.55,163.48,220.26,185.72
4507,1470,2,0.0016,0.01,172.22,3.34,211.58
4508,1470,2,0.00123,201.57,161.26,247.59,203.48
4509,1471,15,0.93751,174.32,5.71,230.17,66.41
4510,1471,15,0.93212,26.59,0.13,101.02,60.13
4511,1471,16,0.00146,27.69,0.0,101.64,59.69
4512,1473,7,0.89307,54.1,146.27,83.84,167.57
4513,1474,15,0.7959,260.5,108.76,320.56,175.29
4514,1474,14,0.01359,70.07,92.77,94.97,130.37
4515,1474,14,0.00414,163.57,113.4,186.52,151.37
4516,1474,15,0.00118,423.83,54.44,464.84,112.06
4517,1479,15,0.8838,77.18,128.33,97.66,151.02
4518,1479,15,0.8628,197.87,128.16,218.68,148.62
4519,1480,15,0.87842,173.5,21.8,207.92,58.52
4520,1480,15,0.86084,296.27,98.68,341.71,144.12
4521,1480,15,0.84814,176.48,152.84,213.66,191.4
4522,1480,17,0.02666,267.59,8.15,295.13,32.01
4523,1481,17,0.27368,231.15,28.68,248.3,48.04
4524,1481,2,0.25391,332.13,74.15,352.72,94.74
4525,1481,17,0.15308,275.27,49.27,294.39,68.88
4526,1481,9,0.11517,331.89,74.27,352.97,94.62
4527,1481,2,0.04977,275.51,49.51,295.12,69.61
4528,1481,17,0.00152,331.89,74.15,352.48,94.49
4529,1485,2,0.86414,106.95,73.25,126.01,97.12
4530,1485,2,0.84786,60.84,46.82,79.0,70.19
4531,1491,15,0.87422,138.39,134.91,159.89,157.48
4532,1491,15,0.84215,100.82,176.38,121.82,195.04
4533,1491,7,0.83307,189.1,173.56,210.32,189.76
4534,1491,7,0.47038,46.47,175.23,65.25,195.78
4535,1491,15,0.20062,46.51,175.33,65.2,195.76
4536,1491,17,0.07103,69.6,143.24,84.45,155.49
4537,1491,7,0.0052,196.04,146.23,206.75,154.72
4538,1493,3,0.90811,320.36,156.82,403.95,202.68
4539,1493,3,0.8965,248.36,127.85,293.71,177.91
4540,1493,3,0.87087,208.76,106.79,274.4,135.13
4541,1493,13,0.86543,333.76,81.79,368.91,118.08
4542,1493,1,0.83861,362.17,114.29,400.14,154.17
4543,1495,7,0.88926,298.77,89.62,326.06,110.69
4544,1495,7,0.85684,359.22,18.89,383.69,39.18
4545,1495,7,0.00809,99.7,176.37,126.37,200.48
4546,1498,2,0.90674,303.83,87.94,330.74,107.51
4547,1498,2,0.87305,362.54,45.75,387.0,65.32
4548,1498,2,0.87061,416.36,79.02,443.76,99.56
4549,1498,2,0.81299,254.66,47.82,280.1,66.66
4550,1499,12,0.8999,72.52,9.14,94.26,30.88
4551,1499,1,0.84717,207.29,14.58,229.53,37.31
4552,1499,13,0.62793,82.4,0.74,102.16,7.17
4553,1499,1,0.00888,82.03,0.49,101.55,7.91
4554,1499,13,0.00649,82.03,0.99,102.29,11.37
4555,1499,13,0.00143,86.6,0.49,110.56,4.45
4556,1500,13,0.86024,240.11,154.55,287.04,200.78
4557,1500,1,0.13166,407.69,128.59,453.11,171.8
4558,1500,14,0.12039,0.03,0.65,35.21,180.37
4559,1500,0,0.11818,407.98,128.99,452.86,172.99
4560,1500,14,0.00227,66.65,18.8,175.33,139.54
4561,1500,14,0.00188,0.09,23.38,45.97,221.11
4562,1500,14,0.00123,0.0,46.03,30.41,134.16
4563,1502,17,0.89492,336.39,201.41,350.01,214.61
4564,1502,10,0.86234,360.43,160.16,376.65,173.07
4565,1502,10,0.81948,330.62,160.13,345.42,173.77
4566,1502,11,0.77035,392.94,171.32,408.23,184.51
4567,1502,17,0.76976,367.14,200.7,380.85,214.12
4568,1502,10,0.73834,304.82,188.3,319.19,201.59
4569,1502,11,0.56188,341.98,181.67,359.62,195.8
4570,1502,10,0.48304,302.04,172.92,318.73,187.75
4571,1502,9,0.44799,302.09,173.03,318.53,187.77
4572,1502,17,0.0275,331.25,160.99,344.8,173.19
4573,1502,17,0.0245,361.08,160.74,376.19,172.73
4574,1502,10,0.00801,367.02,200.68,380.83,214.3
4575,1502,16,0.00177,393.23,171.67,407.72,184.11
4576,1502,14,0.00111,278.76,12.09,296.48,51.67
4577,1502,14,0.0011,102.07,0.0,144.46,0.43
4578,1502,5,0.001,292.32,228.19,310.15,246.72
4579,1505,7,0.87548,55.27,223.8,83.2,243.44
4580,1505,7,0.82956,110.24,145.2,135.32,165.68
4581,1509,2,0.78547,423.08,169.64,448.19,191.1
4582,1509,2,0.02389,327.21,182.31,348.45,204.92
4583,1510,7,0.86426,389.27,185.19,414.16,204.8
4584,1510,7,0.85107,408.17,149.3,434.01,167.48
4585,1510,15,0.00165,0.01,140.21,2.58,158.39
4586,1510,2,0.0013,0.0,139.01,2.53,163.41
4587,1516,2,0.81885,45.87,125.75,73.93,151.29
4588,1516,2,0.20178,0.0,45.44,9.65,69.75
4589,1516,2,0.01095,0.03,89.03,7.33,115.8
4590,1516,3,0.01086,339.18,6.26,351.46,14.12
4591,1516,2,0.00927,0.05,46.91,9.54,83.51
4592,1516,2,0.00289,0.02,91.12,9.63,123.54
4593,1516,2,0.00245,0.0,38.07,6.51,65.58
4594,1516,2,0.00242,0.01,87.19,4.34,112.24
4595,1516,2,0.00193,0.03,117.52,6.77,145.89
4596,1516,2,0.00179,0.11,42.98,13.59,86.7
4597,1516,2,0.00109,0.03,80.56,3.81,106.59
4598,1518,1,0.19143,115.01,187.01,146.46,221.25
4599,1518,14,0.10719,488.37,77.83,496.0,127.33
4600,1518,13,0.0707,114.55,187.74,147.44,221.49
4601,1518,14,0.01191,491.89,88.45,496.0,125.38
4602,1518,14,0.0104,492.47,103.19,496.0,126.27
4603,1518,2,0.0101,113.47,187.36,147.1,220.45
4604,1518,14,0.00164,489.81,94.13,496.0,125.99
4605,1520,8,0.83643,3.47,136.93,71.02,186.64
4606,1520,14,0.81982,429.8,62.62,451.24,119.88
4607,1520,14,0.81982,287.02,82.84,313.34,156.91
4608,1520,14,0.81543,332.83,79.92,355.73,148.63
4609,1520,8,0.77051,129.62,147.41,231.96,200.53
4610,1520,14,0.70264,311.88,97.95,331.37,150.09
4611,1520,14,0.49805,122.98,104.04,156.67,146.44
4612,1520,14,0.44165,103.43,112.93,119.02,160.81
4613,1520,14,0.40723,218.8,64.81,246.33,124.75
4614,1520,14,0.16345,224.16,89.79,246.58,124.63
4615,1520,8,0.06281,0.0,136.45,12.31,202.72
4616,1520,14,0.01646,491.2,92.34,499.0,137.18
4617,1520,14,0.01273,494.61,87.23,499.0,136.45
4618,1520,14,0.01263,491.2,61.89,499.0,137.42
4619,1520,14,0.00912,496.08,82.6,499.0,124.02
4620,1520,14,0.0056,494.13,73.58,499.0,114.52
4621,1520,8,0.00541,0.0,161.3,10.99,202.23
4622,1520,14,0.00539,0.18,114.27,24.0,188.83
4623,1520,14,0.00528,487.3,82.35,499.0,119.39
4624,1520,14,0.00506,104.41,104.77,154.35,159.35
4625,1520,8,0.00468,280.69,78.21,343.06,155.21
4626,1520,14,0.00459,125.97,103.8,159.1,133.03
4627,1520,14,0.00426,0.01,113.91,12.75,192.97
4628,1520,14,0.00276,489.25,40.81,499.0,124.87
4629,1520,14,0.00271,120.06,107.45,153.26,180.55
4630,1520,8,0.0026,0.03,156.42,8.47,195.41
4631,1520,14,0.0025,104.16,109.4,130.96,158.13
4632,1520,14,0.00239,0.82,117.44,52.63,184.69
4633,1520,8,0.00234,305.78,86.98,351.1,150.82
4634,1520,14,0.00222,0.04,112.81,10.64,168.85
4635,1520,8,0.0022,422.01,55.8,463.91,120.12
4636,1520,8,0.00213,490.23,104.77,499.0,136.45
4637,1520,14,0.00184,122.07,105.26,142.78,152.53
4638,1520,14,0.00181,483.41,88.2,499.0,129.14
4639,1520,8,0.00144,489.25,82.6,499.0,136.93
4640,1520,14,0.00132,401.05,68.22,413.72,92.1
4641,1520,8,0.00132,0.27,137.42,24.43,188.59
4642,1520,14,0.0013,479.51,65.79,499.0,136.69
4643,1520,8,0.00125,0.02,135.23,11.44,178.6
4644,1520,14,0.00119,489.25,106.48,499.0,136.45
4645,1520,8,0.00116,0.0,127.55,99.9,255.35
4646,1520,14,0.00106,0.03,116.34,6.94,159.35
4647,1521,14,0.84375,170.17,143.22,222.0,253.04
4648,1521,5,0.83996,227.01,178.07,375.02,223.93
4649,1521,5,0.12687,5.3,166.62,173.73,229.61
4650,1521,14,0.02226,492.05,156.63,500.0,216.92
4651,1521,14,0.01529,496.33,159.74,500.0,216.04
4652,1521,14,0.00744,161.23,144.27,181.88,213.01
4653,1521,14,0.00397,164.68,143.2,190.55,228.81
4654,1521,14,0.00291,493.47,176.11,500.0,220.82
4655,1521,14,0.00162,0.05,172.91,5.74,221.76
4656,1521,5,0.00148,0.58,169.64,100.62,232.67
4657,1521,14,0.00141,67.53,172.33,91.02,209.65
4658,1521,14,0.00127,490.73,161.69,500.0,237.16
4659,1524,14,0.79932,0.0,0.54,25.61,26.34
4660,1524,14,0.79199,276.2,0.87,301.35,49.0
4661,1524,14,0.77051,31.33,0.0,52.95,26.88
4662,1524,14,0.35034,386.77,16.04,400.21,34.69
4663,1524,14,0.20947,395.87,0.43,415.82,37.29
4664,1524,14,0.09912,0.05,0.87,11.16,25.37
4665,1524,14,0.07135,386.77,1.3,404.11,35.99
4666,1524,14,0.04639,0.02,2.6,5.14,25.15
4667,1524,14,0.02948,393.92,1.41,443.78,39.78
4668,1524,14,0.01666,431.86,1.08,444.0,44.01
4669,1524,14,0.01178,275.33,1.52,321.29,49.21
4670,1524,14,0.01057,436.2,4.12,444.0,47.48
4671,1524,8,0.01041,0.0,53.33,34.8,204.22
4672,1524,14,0.00899,0.11,15.18,39.89,203.36
4673,1524,14,0.00522,0.0,8.89,3.67,27.53
4674,1524,14,0.00394,438.36,6.18,444.0,57.13
4675,1524,14,0.00377,358.58,22.33,367.25,33.17
4676,1524,14,0.00374,32.14,0.65,73.44,27.1
4677,1524,14,0.00361,440.96,17.13,444.0,43.36
4678,1524,14,0.00312,440.53,70.46,444.0,115.99
4679,1524,14,0.00251,0.07,0.76,5.68,41.73
4680,1524,14,0.00236,437.93,7.37,444.0,92.36
4681,1524,14,0.00171,13.48,1.08,28.7,33.6
4682,1524,14,0.00159,0.0,0.0,48.02,30.13
4683,1524,14,0.00157,425.57,1.73,443.78,49.0
4684,1524,14,0.00128,9.15,1.95,23.83,25.8
4685,1524,14,0.00117,391.54,0.87,443.57,80.65
4686,1528,14,0.86766,186.17,115.66,217.85,214.36
4687,1528,14,0.84665,248.2,101.96,294.0,227.55
4688,1528,14,0.80046,231.71,130.56,254.29,212.67
4689,1528,14,0.73123,401.77,152.19,445.23,235.24
4690,1528,14,0.67452,215.69,134.72,235.53,208.74
4691,1528,14,0.0043,0.0,126.24,6.25,211.13
4692,1528,14,0.00272,267.77,102.45,294.04,222.8
4693,1528,5,0.00256,495.44,162.83,500.0,184.07
4694,1528,14,0.00194,0.02,131.61,4.51,174.13
4695,1528,14,0.00116,495.5,164.44,500.0,188.5
4696,1528,14,0.00102,0.0,139.17,6.12,186.32
4697,1533,14,0.75222,311.16,37.02,329.79,85.06
4698,1533,1,0.20922,427.99,204.3,465.88,240.77
4699,1533,14,0.0168,486.98,48.97,498.0,97.55
4700,1533,14,0.00222,490.68,46.02,498.0,124.27
4701,1533,14,0.00177,492.11,53.42,498.0,95.63
4702,1533,14,0.00124,494.36,61.47,498.0,95.32
4703,1540,0,0.61133,186.9,75.83,242.67,129.16
4704,1540,1,0.21399,293.8,13.94,341.75,61.89
4705,1540,12,0.07642,186.77,75.35,242.79,129.16
4706,1540,0,0.03235,294.04,12.97,341.99,61.89
4707,1540,6,0.01395,0.02,148.25,17.66,190.32
4708,1540,6,0.00483,494.15,124.76,501.0,218.7
4709,1540,6,0.00406,0.03,113.51,18.24,191.3
4710,1540,6,0.00112,0.07,149.71,9.93,202.06
4711,1543,7,0.86949,198.97,46.04,228.4,70.44
4712,1543,7,0.86497,139.39,149.11,175.52,176.78
4713,1543,17,0.81081,132.54,86.4,152.15,105.13
4714,1543,17,0.78862,225.43,104.21,243.51,121.52
4715,1544,15,0.89677,400.2,52.56,419.85,71.46
4716,1544,15,0.8794,349.05,55.85,364.84,72.26
4717,1549,8,0.79053,9.85,77.72,186.9,183.54
4718,1549,5,0.60205,172.85,80.72,212.97,109.07
4719,1549,8,0.30249,5.17,84.56,115.19,178.25
4720,1549,8,0.0109,104.26,71.35,186.66,184.26
4721,1549,8,0.00369,0.03,80.0,61.38,170.81
4722,1551,3,0.93326,139.85,135.45,196.32,208.69
4723,1551,4,0.9274,292.35,136.33,349.62,196.47
4724,1551,12,0.92078,221.31,146.28,261.23,182.58
4725,1551,1,0.89584,221.57,190.7,265.89,234.75
4726,1551,0,0.87706,224.19,97.06,261.36,134.75
4727,1551,3,0.00137,0.02,181.42,4.53,222.81
4728,1552,7,0.86621,221.45,41.51,253.06,66.04
4729,1552,2,0.8623,229.12,83.02,263.2,123.58
4730,1553,8,0.75688,20.23,149.95,59.68,177.76
4731,1553,5,0.75499,303.08,146.44,320.71,162.58
4732,1553,5,0.74101,177.74,141.95,226.39,173.06
4733,1553,5,0.72858,327.6,149.06,346.39,163.44
4734,1553,5,0.6726,146.87,141.79,181.56,168.22
4735,1553,14,0.44997,20.06,134.16,40.07,169.49
4736,1553,5,0.35675,89.07,135.31,126.33,161.23
4737,1553,5,0.24799,383.95,148.32,404.1,166.38
4738,1553,5,0.22615,59.02,135.67,127.29,164.28
4739,1553,5,0.17843,426.92,147.24,443.87,158.95
4740,1553,14,0.14783,26.93,135.44,40.99,171.29
4741,1553,5,0.08253,477.2,148.02,496.3,159.22
4742,1553,8,0.04328,272.01,145.59,289.63,165.68
4743,1553,5,0.03169,244.4,143.95,271.82,164.71
4744,1553,5,0.0292,56.71,138.14,94.78,164.54
4745,1553,5,0.02576,458.12,140.9,472.1,152.35
4746,1553,5,0.02302,343.62,145.56,355.39,158.11
4747,1553,8,0.02144,100.92,151.83,116.75,172.17
4748,1553,14,0.02045,101.21,152.08,116.65,172.07
4749,1553,5,0.0198,0.04,131.5,15.62,166.79
4750,1553,5,0.01551,254.92,147.03,273.81,165.3
4751,1553,14,0.01207,29.02,135.18,47.02,163.35
4752,1553,5,0.01199,452.01,146.95,465.62,160.49
4753,1553,8,0.01178,261.69,147.23,274.48,165.45
4754,1553,14,0.01004,349.27,151.55,362.01,174.77
4755,1553,14,0.00974,102.55,147.13,116.57,164.41
4756,1553,14,0.00959,102.29,152.05,115.08,166.11
4757,1553,5,0.00858,261.1,145.79,278.15,165.45
4758,1553,8,0.00856,278.58,147.77,291.02,164.81
4759,1553,5,0.00728,242.93,145.15,262.75,164.81
4760,1553,14,0.00683,18.74,138.23,34.72,168.08
4761,1553,14,0.00509,104.98,148.45,116.26,161.34
4762,1553,14,0.00483,21.03,137.42,48.04,172.0
4763,1553,14,0.00482,351.21,147.47,361.09,163.93
4764,1553,14,0.00407,24.16,134.87,39.62,156.96
4765,1553,8,0.00406,349.8,150.46,363.15,174.99
4766,1553,5,0.0039,101.33,144.12,118.75,165.16
4767,1553,5,0.00372,457.17,199.83,499.0,241.0
4768,1553,5,0.00346,273.04,145.89,289.19,165.09
4769,1553,5,0.00326,342.01,145.9,352.94,162.31
4770,1553,14,0.00311,352.11,148.96,364.67,173.77
4771,1553,5,0.003,380.57,187.27,477.1,240.78
4772,1553,14,0.00298,138.96,137.7,150.39,153.12
4773,1553,8,0.00286,412.23,155.23,421.52,167.85
4774,1553,5,0.00279,454.46,146.57,465.66,154.71
4775,1553,5,0.00277,402.5,148.24,417.97,161.74
4776,1553,5,0.00262,19.38,148.3,58.18,175.51
4777,1553,14,0.0024,27.01,145.04,45.58,169.62
4778,1553,14,0.00223,354.4,149.32,363.45,165.02
4779,1553,14,0.00218,128.71,137.33,150.12,156.05
4780,1553,8,0.00206,349.73,159.09,361.98,175.02
4781,1553,14,0.00189,413.33,155.05,419.48,165.06
4782,1553,14,0.00187,272.13,145.63,284.8,162.32
4783,1553,5,0.00178,244.8,143.98,261.95,158.96
4784,1553,14,0.00168,31.78,147.32,51.76,169.44
4785,1553,5,0.00167,301.92,143.24,312.84,156.25
4786,1553,14,0.00164,412.62,155.32,420.97,167.69
4787,1553,14,0.00157,140.11,139.61,153.65,154.74
4788,1553,14,0.00143,343.88,145.88,356.08,159.09
4789,1553,14,0.0014,106.05,146.8,120.33,160.78
4790,1553,14,0.00137,20.94,134.65,36.43,154.22
4791,1553,5,0.00132,46.28,140.28,87.36,165.86
4792,1553,14,0.00113,135.23,140.81,152.81,156.77
4793,1553,14,0.00105,230.96,142.18,243.07,157.14
4794,1554,5,0.72072,66.36,125.35,84.71,141.98
4795,1554,5,0.16551,52.59,126.24,64.09,138.37
4796,1554,14,0.11299,327.05,120.4,338.73,136.0
4797,1554,5,0.0872,0.09,139.76,20.69,172.85
4798,1554,5,0.08613,1.09,127.82,20.68,148.06
4799,1554,14,0.06562,327.13,120.49,345.29,136.94
4800,1554,14,0.03872,333.47,122.24,346.88,143.04
4801,1554,5,0.03581,26.45,125.19,48.8,146.18
4802,1554,5,0.02132,243.28,108.82,268.57,136.25
4803,1554,5,0.01903,41.3,129.5,54.9,145.26
4804,1554,5,0.01525,33.07,129.11,54.9,146.33
4805,1554,5,0.01195,106.66,123.07,118.44,139.99
4806,1554,5,0.01125,0.15,131.33,12.4,148.31
4807,1554,8,0.01093,167.07,124.38,176.68,135.79
4808,1554,5,0.01045,89.02,121.88,103.93,136.97
4809,1554,8,0.00948,312.46,121.13,322.74,136.38
4810,1554,5,0.0084,50.81,126.94,64.15,143.66
4811,1554,5,0.00821,5.65,126.25,22.92,145.93
4812,1554,5,0.00622,0.01,139.12,8.66,172.32
4813,1554,5,0.00515,166.51,123.69,176.85,136.04
4814,1554,5,0.00489,25.4,125.24,44.12,139.77
4815,1554,14,0.00472,115.53,127.04,124.75,152.55
4816,1554,5,0.00293,23.37,125.78,33.85,141.0
4817,1554,8,0.00207,0.03,124.39,3.12,141.99
4818,1554,8,0.00175,302.64,119.66,310.85,134.22
4819,1554,14,0.00168,112.18,123.48,123.94,152.27
4820,1554,5,0.00166,0.0,124.66,4.51,146.66
4821,1554,5,0.00155,0.01,134.32,6.15,155.09
4822,1554,16,0.00149,164.21,136.47,169.79,146.43
4823,1554,5,0.00147,0.04,137.78,3.55,158.18
4824,1554,5,0.00124,31.29,124.97,45.79,138.17
4825,1554,14,0.00123,326.08,121.38,341.86,142.41
4826,1554,5,0.00116,8.46,125.49,32.99,144.69
4827,1554,5,0.0011,64.73,122.72,75.41,132.72
4828,1558,15,0.90611,199.27,55.29,217.89,71.47
4829,1558,15,0.88403,226.06,51.96,241.8,66.53
4830,1561,10,0.85791,388.46,104.38,404.31,117.83
4831,1561,17,0.85693,321.19,98.38,333.69,111.11
4832,1561,10,0.8457,292.61,89.37,307.02,103.78
4833,1561,11,0.8208,323.36,145.58,336.81,160.0
4834,1561,9,0.78516,334.17,126.36,348.58,139.82
4835,1561,9,0.76074,287.32,115.55,305.58,129.01
4836,1561,9,0.75488,349.3,108.35,361.79,120.6
4837,1561,17,0.00358,349.3,108.35,361.79,120.12
4838,1561,17,0.00134,323.6,145.58,338.01,159.04
4839,1566,17,0.77175,268.09,154.89,301.53,190.58
4840,1566,17,0.60121,265.28,105.26,290.52,130.46
4841,1566,7,0.08187,0.0,21.01,78.11,99.61
4842,1566,2,0.07546,268.11,154.02,302.58,190.27
4843,1566,2,0.00256,264.59,105.94,291.14,129.96
4844,1566,17,0.00104,265.91,115.24,286.29,130.44
4845,1567,15,0.84132,193.33,173.81,218.17,197.99
4846,1567,15,0.81204,222.94,141.89,242.7,157.86
4847,1567,7,0.72984,147.11,151.67,167.01,166.1
4848,1567,7,0.05321,279.49,165.31,294.53,177.56
4849,1567,7,0.02712,230.25,222.26,251.29,233.85
4850,1567,7,0.00677,145.8,145.86,167.54,164.68
4851,1567,15,0.0027,272.61,126.05,286.18,145.24
4852,1567,7,0.00101,143.75,148.36,153.62,159.3
4853,1569,14,0.00457,370.4,6.93,477.0,205.63
4854,1569,14,0.00188,322.73,0.54,387.28,220.58
4855,1569,14,0.00109,320.65,3.29,432.6,221.14
4856,1571,7,0.88086,232.19,80.24,263.78,107.62
4857,1571,7,0.82227,409.36,82.76,444.91,108.71
4858,1571,17,0.00281,488.16,31.23,492.0,55.97
4859,1571,7,0.00268,488.16,29.79,492.0,54.29
4860,1571,7,0.00135,411.28,82.64,442.99,95.13
4861,1571,2,0.00126,486.23,88.41,492.0,125.16
4862,1571,7,0.00121,486.23,98.02,492.0,126.12
4863,1572,14,0.73806,221.91,140.02,234.73,166.21
4864,1572,14,0.69632,205.72,145.2,222.49,169.93
4865,1572,14,0.6809,127.48,142.37,144.89,172.66
4866,1572,14,0.635,261.18,141.0,273.22,164.14
4867,1572,14,0.56783,426.89,143.6,441.39,169.6
4868,1572,14,0.56509,285.56,141.97,297.16,167.62
4869,1572,14,0.56128,401.73,141.25,416.04,171.92
4870,1572,14,0.55065,114.02,137.12,126.35,159.14
4871,1572,14,0.42248,433.35,152.01,462.08,177.93
4872,1572,14,0.22199,450.38,140.47,470.2,174.22
4873,1572,14,0.13921,173.61,161.05,190.98,181.94
4874,1572,14,0.09315,436.39,142.47,467.29,177.78
4875,1572,14,0.07692,450.02,141.3,465.53,164.65
4876,1572,14,0.06846,494.37,143.08,500.0,174.64
4877,1572,14,0.06404,173.34,161.01,187.23,177.24
4878,1572,14,0.05452,491.73,140.55,500.0,186.89
4879,1572,14,0.05189,458.99,142.27,472.0,175.19
4880,1572,14,0.03664,178.1,162.56,190.83,177.62
4881,1572,14,0.03144,172.4,160.61,197.75,191.8
4882,1572,14,0.03142,225.8,123.48,239.77,142.06
4883,1572,14,0.02633,448.24,152.48,464.41,177.13
4884,1572,14,0.02428,452.03,141.6,464.83,158.27
4885,1572,14,0.02188,490.67,138.67,500.0,214.13
4886,1572,5,0.01595,123.8,124.14,195.73,156.87
4887,1572,14,0.012,227.06,123.2,236.4,137.99
4888,1572,14,0.01055,453.03,139.71,465.46,153.95
4889,1572,14,0.00979,309.39,135.26,330.57,166.03
4890,1572,14,0.00906,400.65,140.48,422.65,174.07
4891,1572,14,0.00831,309.57,139.95,325.83,163.96
4892,1572,14,0.00828,486.97,139.95,500.0,230.27
4893,1572,14,0.0067,63.16,125.46,81.58,159.34
4894,1572,14,0.00606,316.45,138.69,330.05,163.98
4895,1572,14,0.00596,428.17,143.13,445.89,176.68
4896,1572,14,0.00484,173.75,160.0,184.43,172.92
4897,1572,14,0.00446,112.88,145.88,126.42,162.5
4898,1572,14,0.00442,427.45,143.17,442.91,160.55
4899,1572,14,0.00419,393.05,143.01,408.07,172.74
4900,1572,14,0.00414,451.89,134.57,466.63,150.65
4901,1572,14,0.00389,114.31,138.03,136.31,165.96
4902,1572,14,0.00329,441.32,147.42,464.14,175.08
4903,1572,14,0.00321,208.28,144.14,218.83,156.14
4904,1572,14,0.00321,490.51,129.69,500.0,178.88
4905,1572,14,0.00273,451.27,138.41,478.14,179.2
4906,1572,14,0.00267,263.61,140.22,278.19,163.04
4907,1572,14,0.00252,432.08,148.0,453.27,177.37
4908,1572,14,0.00227,494.55,130.54,500.0,160.14
4909,1572,14,0.00216,429.35,151.2,469.7,187.88
4910,1572,14,0.00213,482.07,139.23,500.0,181.58
4911,1572,14,0.00209,286.22,136.11,307.47,168.31
4912,1572,14,0.00202,475.75,138.24,500.0,228.93
4913,1572,14,0.00181,227.69,131.43,245.17,162.04
4914,1572,14,0.00179,223.11,124.47,240.52,165.01
4915,1572,14,0.00178,210.98,143.97,221.16,156.9
4916,1572,14,0.00176,320.9,150.26,331.33,165.73
4917,1572,14,0.00171,451.53,153.93,472.61,177.29
4918,1572,5,0.00166,493.74,131.77,500.0,146.95
4919,1572,14,0.0016,113.73,140.03,144.24,172.81
4920,1572,14,0.00153,115.22,133.46,142.22,161.04
4921,1572,14,0.00148,448.31,138.56,466.38,155.1
4922,1572,14,0.00134,459.18,153.64,474.21,178.32
4923,1572,5,0.00124,493.2,130.92,500.0,154.06
4924,1572,14,0.00123,228.42,129.9,241.36,143.56
4925,1572,14,0.00121,434.18,144.44,447.37,166.49
4926,1572,14,0.00109,116.59,140.02,132.4,160.83
4927,1572,14,0.00107,253.86,140.91,272.9,163.44
4928,1572,14,0.00103,262.82,140.89,272.09,155.47
4929,1572,14,0.00101,297.67,139.11,310.93,160.63
4930,1573,15,0.89407,153.06,133.35,197.43,177.1
4931,1573,7,0.82947,80.83,71.82,111.6,97.44
4932,1573,15,0.69068,204.5,52.01,237.67,79.38
4933,1573,15,0.08576,288.64,19.07,309.63,50.83
4934,1574,13,0.79199,114.98,97.36,154.76,136.59
4935,1574,12,0.75488,128.36,165.66,169.29,210.22
4936,1574,1,0.13123,114.74,96.63,154.52,136.35
4937,1574,10,0.00409,127.88,166.14,169.05,209.73
4938,1574,2,0.00369,127.88,165.66,169.05,209.25
4939,1574,17,0.00181,114.62,96.63,154.76,136.11
4940,1574,6,0.00112,488.25,27.85,496.0,134.9
4941,1575,15,0.92935,380.56,76.07,419.21,119.41
4942,1575,15,0.92652,255.54,72.83,306.8,129.4
4943,1576,7,0.93604,391.68,154.34,420.31,182.49
4944,1576,2,0.86523,321.79,166.96,356.73,206.27
4945,1584,8,0.84277,466.8,67.38,500.0,133.06
4946,1584,8,0.67236,379.39,94.48,429.2,146.48
4947,1584,14,0.31909,9.8,165.04,24.51,193.36
4948,1584,8,0.224,223.02,121.09,323.73,167.48
4949,1584,8,0.07782,305.18,106.32,333.5,155.27
4950,1584,8,0.0542,0.05,162.11,21.5,253.91
4951,1584,14,0.04996,0.0,154.3,19.64,255.86
4952,1584,8,0.04849,225.22,123.54,276.86,168.95
4953,1584,14,0.04419,28.15,138.67,62.32,185.06
4954,1584,14,0.0401,0.02,161.13,9.69,197.75
4955,1584,14,0.0372,7.31,165.04,20.36,195.31
4956,1584,14,0.03705,28.69,143.55,47.55,184.57
4957,1584,14,0.03476,0.0,159.18,12.5,231.45
4958,1584,14,0.0208,0.0,117.55,25.09,256.0
4959,1584,14,0.0201,0.0,167.48,7.82,204.59
4960,1584,14,0.01353,0.0,174.56,9.68,227.29
4961,1584,14,0.01201,0.0,150.63,5.02,191.16
4962,1584,14,0.00888,0.03,185.06,13.81,232.42
4963,1584,14,0.00881,0.09,153.08,8.06,191.16
4964,1584,14,0.00851,0.06,138.43,6.88,187.26
4965,1584,14,0.00806,0.02,143.8,3.75,176.03
4966,1584,14,0.00793,0.21,166.99,22.77,193.36
4967,1584,14,0.00706,218.02,116.33,240.48,158.2
4968,1584,14,0.00451,359.86,70.8,396.97,103.52
4969,1584,8,0.0042,281.01,107.42,331.3,155.76
4970,1584,8,0.00369,481.93,65.19,500.0,121.83
4971,1584,14,0.00354,0.01,131.84,4.85,177.73
4972,1584,14,0.00305,33.94,152.1,46.63,184.33
4973,1584,14,0.00303,0.02,124.51,14.29,201.17
4974,1584,8,0.00273,489.26,65.19,500.0,119.14
4975,1584,8,0.00251,335.94,105.22,396.48,150.63
4976,1584,14,0.00238,0.0,129.39,19.23,177.25
4977,1584,14,0.00215,0.08,113.4,19.78,192.38
4978,1584,14,0.00176,0.14,33.69,26.67,253.42
4979,1584,14,0.00165,0.53,165.04,16.3,202.64
4980,1584,14,0.00162,45.41,143.07,64.45,187.99
4981,1584,14,0.00157,35.83,148.68,60.0,190.19
4982,1584,14,0.0014,83.25,117.43,104.13,141.85
4983,1584,8,0.00139,28.5,138.92,66.04,187.74
4984,1587,10,0.70068,215.86,193.66,231.88,208.22
4985,1587,11,0.63184,80.08,197.3,95.98,213.8
4986,1587,9,0.62988,60.73,212.1,76.5,229.09
4987,1587,11,0.57764,179.82,190.74,193.9,205.3
4988,1587,9,0.55811,157.01,204.33,171.57,220.83
4989,1587,9,0.27979,80.45,197.54,95.74,214.04
4990,1587,11,0.11359,156.77,203.85,171.81,220.83
4991,1587,1,0.08789,120.25,207.49,135.29,223.5
4992,1587,10,0.02655,120.25,207.49,135.05,223.5
4993,1587,3,0.00198,381.49,39.8,406.72,62.37
4994,1587,13,0.00173,80.45,198.02,95.98,213.55
4995,1587,16,0.00135,157.13,204.33,180.19,219.86
4996,1589,10,0.88931,200.73,159.96,216.91,173.82
4997,1589,17,0.85801,262.53,193.29,275.79,206.7
4998,1589,10,0.78874,177.2,168.72,190.71,183.72
4999,1589,17,0.6762,240.62,203.4,253.56,217.08
5000,1589,10,0.65349,174.09,189.06,188.77,205.43
5001,1589,11,0.64271,240.62,161.26,257.53,174.33
5002,1589,11,0.55395,219.47,184.0,233.79,199.09
5003,1589,10,0.46196,195.38,202.03,212.06,216.44
5004,1589,9,0.02519,240.64,203.61,253.53,217.11
5005,1589,13,0.02351,240.53,203.69,253.44,217.17
5006,1589,10,0.0047,262.5,193.61,275.84,206.7
5007,1589,13,0.00223,195.76,202.01,211.96,216.87
5008,1589,13,0.00219,218.39,181.25,244.09,199.54
5009,1589,13,0.00157,177.48,166.91,190.98,184.27
5010,1593,15,0.87305,247.56,31.98,319.82,106.2
5011,1593,15,0.02089,316.89,47.36,351.07,84.72
5012,1593,14,0.00166,145.75,98.63,171.63,135.25
5013,1593,14,0.00103,48.22,78.86,74.4,114.01
5014,1593,16,0.00102,282.23,32.71,300.78,51.27
5015,1594,9,0.89307,364.45,102.82,386.15,124.28
5016,1594,10,0.88965,246.34,111.46,269.51,131.43
5017,1594,17,0.88721,289.49,87.91,307.24,106.15
5018,1594,10,0.88623,349.65,16.03,368.39,35.75
5019,1594,17,0.85889,322.04,65.59,339.79,83.1
5020,1594,11,0.8457,413.02,139.07,438.67,162.74
5021,1594,10,0.83203,313.16,145.48,336.34,169.16
5022,1594,9,0.33447,313.16,144.99,336.34,169.16
5023,1594,11,0.00278,16.06,62.63,25.61,78.91
5024,1598,15,0.90378,218.93,155.08,235.78,171.01
5025,1598,15,0.87872,264.25,153.41,278.59,166.92
5026,1600,5,0.78906,91.73,146.47,121.93,159.29
5027,1600,5,0.65137,423.13,140.55,436.94,150.42
5028,1600,5,0.01877,447.3,140.31,457.16,149.18
5029,1600,14,0.00767,388.12,231.79,397.0,255.46
5030,1600,5,0.00229,0.0,94.69,18.74,109.73
5031,1600,5,0.00107,463.08,134.39,471.96,142.77
5032,1602,8,0.85043,216.98,131.3,241.69,161.57
5033,1602,16,0.79891,32.47,143.25,46.85,162.36
5034,1602,14,0.79184,221.59,115.7,238.39,134.38
5035,1602,16,0.73278,19.75,143.54,32.89,163.17
5036,1602,16,0.72015,6.05,144.26,21.24,165.61
5037,1602,16,0.71076,147.05,136.29,156.83,146.96
5038,1602,16,0.70042,57.28,142.11,68.24,160.42
5039,1602,16,0.68201,102.95,141.49,112.34,156.45
5040,1602,16,0.66871,67.41,141.62,77.75,159.45
5041,1602,16,0.65398,0.0,144.07,6.81,166.95
5042,1602,16,0.64088,46.47,142.73,57.58,161.48
5043,1602,16,0.61146,94.91,141.03,103.88,156.83
5044,1602,16,0.57156,110.46,134.97,118.53,144.91
5045,1602,16,0.56541,86.99,141.03,95.85,157.49
5046,1602,16,0.55568,77.3,141.24,87.66,158.72
5047,1602,8,0.4705,258.15,129.89,274.62,153.9
5048,1602,8,0.2482,287.93,134.65,299.6,151.35
5049,1602,14,0.22591,258.64,122.97,275.31,138.34
5050,1602,5,0.16997,248.4,130.86,258.84,145.36
5051,1602,16,0.15182,156.58,133.16,164.69,142.97
5052,1602,16,0.14996,92.47,141.25,97.63,157.32
5053,1602,14,0.08602,480.58,87.3,488.0,189.97
5054,1602,16,0.08362,112.31,136.51,119.69,144.99
5055,1602,16,0.07766,108.47,140.91,114.51,145.46
5056,1602,16,0.06291,107.22,135.54,114.53,144.97
5057,1602,8,0.04702,258.81,123.17,275.53,139.45
5058,1602,16,0.03249,450.87,140.66,461.13,157.75
5059,1602,16,0.02789,188.03,138.37,200.58,153.36
5060,1602,16,0.02342,107.25,136.52,117.72,151.32
5061,1602,16,0.02279,134.78,138.69,142.19,147.12
5062,1602,16,0.02163,155.02,133.93,165.23,148.55
5063,1602,14,0.01859,482.32,114.6,488.0,213.57
5064,1602,16,0.0173,108.09,133.27,118.85,143.8
5065,1602,14,0.01702,480.99,95.84,488.0,144.61
5066,1602,8,0.01689,276.1,131.16,285.45,146.33
5067,1602,16,0.01231,106.71,142.39,117.59,156.13
5068,1602,16,0.01167,156.27,131.64,163.25,141.43
5069,1602,16,0.01071,149.37,129.41,157.13,136.92
5070,1602,14,0.00943,223.65,129.37,235.85,135.79
5071,1602,16,0.00858,150.21,136.84,160.76,150.94
5072,1602,14,0.00731,479.91,78.69,488.0,155.26
5073,1602,16,0.00616,127.8,134.73,136.32,147.94
5074,1602,16,0.00495,187.19,138.21,195.54,151.93
5075,1602,16,0.00418,132.36,136.33,140.21,147.8
5076,1602,8,0.00396,292.31,131.07,302.11,148.3
5077,1602,16,0.00393,78.2,142.85,92.68,157.04
5078,1602,16,0.00364,61.16,143.16,80.25,158.06
5079,1602,7,0.00347,451.38,140.98,460.68,156.41
5080,1602,16,0.0032,96.6,142.17,106.03,158.14
5081,1602,8,0.00306,277.79,129.28,288.54,146.74
5082,1602,16,0.003,46.06,143.97,65.85,159.52
5083,1602,16,0.00288,147.24,138.26,156.69,154.45
5084,1602,16,0.00282,135.33,138.39,145.4,147.9
5085,1602,8,0.00277,288.01,131.25,303.37,152.25
5086,1602,16,0.00265,108.29,146.03,116.79,156.46
5087,1602,16,0.00253,0.49,143.55,6.51,156.03
5088,1602,8,0.00232,450.75,141.0,460.38,157.54
5089,1602,16,0.00229,0.03,143.13,3.29,157.26
5090,1602,16,0.00225,485.09,127.49,488.0,153.78
5091,1602,14,0.00223,482.25,89.72,488.0,131.77
5092,1602,14,0.00211,287.81,129.44,298.58,150.49
5093,1602,16,0.0021,127.54,135.52,132.84,147.56
5094,1602,16,0.00209,179.81,136.78,187.21,151.38
5095,1602,14,0.00197,289.77,128.35,299.36,144.08
5096,1602,16,0.00197,149.9,127.88,156.48,134.85
5097,1602,16,0.00191,95.18,139.82,103.69,146.23
5098,1602,8,0.00189,257.57,122.64,276.81,150.95
5099,1602,14,0.00181,293.58,129.7,302.55,145.23
5100,1602,16,0.00172,141.51,149.07,150.32,157.06
5101,1602,16,0.00168,157.56,132.28,166.83,145.0
5102,1602,14,0.0015,288.62,128.91,297.2,141.25
5103,1602,16,0.00148,145.66,136.75,159.63,153.21
5104,1602,5,0.00134,245.54,126.34,259.39,144.63
5105,1602,16,0.00133,129.68,143.86,135.03,149.81
5106,1602,16,0.00118,148.44,132.66,163.03,146.69
5107,1602,16,0.00118,104.06,142.26,115.99,150.45
5108,1602,16,0.00111,145.35,145.47,153.75,151.13
5109,1602,16,0.00111,116.07,137.93,124.3,145.17
5110,1602,14,0.00106,478.88,119.6,488.0,231.13
5111,1602,14,0.001,291.58,127.36,298.93,139.51
5112,1603,14,0.82617,439.7,82.15,476.32,190.43
5113,1603,14,0.82422,177.37,91.31,200.81,169.43
5114,1603,14,0.81885,357.42,83.01,380.86,180.66
5115,1603,14,0.79053,195.43,94.73,224.98,169.92
5116,1603,14,0.73584,148.44,87.89,176.27,168.46
5117,1603,14,0.68848,22.89,71.78,65.86,169.43
5118,1603,14,0.00218,0.0,97.41,6.42,177.98
5119,1603,14,0.0019,171.26,87.65,220.09,174.07
5120,1603,8,0.00162,168.21,88.01,224.37,174.8
5121,1603,5,0.00146,478.52,102.54,500.0,131.59
5122,1603,8,0.00107,140.26,86.3,184.69,171.39
5123,1610,10,0.90965,201.43,52.27,224.72,74.5
5124,1610,10,0.90081,253.81,133.73,273.56,157.22
5125,1610,10,0.87766,157.48,58.45,180.23,77.97
5126,1610,10,0.86508,250.1,90.59,272.62,111.45
5127,1610,17,0.8582,120.61,100.97,138.77,119.44
5128,1610,17,0.7732,120.71,141.94,139.06,160.32
5129,1610,11,0.76288,175.25,107.4,197.9,132.06
5130,1610,10,0.38191,210.77,180.53,237.16,202.13
5131,1610,11,0.27604,210.66,180.53,237.33,202.1
5132,1610,10,0.00706,120.74,142.18,139.18,160.36
5133,1611,7,0.85803,213.85,143.81,240.32,164.86
5134,1611,7,0.85102,47.21,97.91,72.69,117.99
5135,1611,7,0.00266,0.08,140.41,7.43,165.89
5136,1611,7,0.00183,0.0,139.91,4.89,162.98
5137,1612,17,0.88151,364.29,198.96,385.97,220.43
5138,1612,17,0.84208,325.82,106.07,344.42,124.08
5139,1612,2,0.82799,265.59,123.58,298.39,166.87
5140,1615,4,0.92822,162.11,33.73,216.95,95.37
5141,1615,13,0.87988,150.46,127.77,190.26,166.48
5142,1615,0,0.81982,67.22,132.5,108.72,174.24
5143,1615,1,0.07642,66.43,132.02,108.66,173.76
5144,1615,10,0.00506,493.12,209.91,497.0,223.99
5145,1615,3,0.00344,0.02,141.48,3.94,187.59
5146,1615,3,0.00151,0.09,140.27,8.75,187.83
5147,1615,3,0.0014,486.32,58.73,497.0,127.16
5148,1615,10,0.00129,492.15,204.58,497.0,223.99
5149,1616,2,0.8623,106.58,149.53,138.05,189.38
5150,1616,17,0.76221,194.3,119.77,209.77,135.7
5151,1616,2,0.16345,86.84,87.77,112.38,113.79
5152,1616,17,0.05646,86.84,88.12,111.91,113.44
5153,1616,3,0.00476,462.66,136.41,480.0,195.47
5154,1616,3,0.00278,462.42,122.81,479.77,174.38
5155,1616,2,0.00187,85.84,89.06,112.79,133.59
5156,1618,11,0.90942,275.52,35.95,290.21,50.95
5157,1618,10,0.90222,251.1,52.61,267.72,66.96
5158,1618,17,0.88645,295.91,56.16,309.07,69.64
5159,1618,10,0.88586,257.71,11.31,273.99,25.53
5160,1618,17,0.87709,318.39,46.98,331.85,60.42
5161,1618,10,0.87191,233.69,19.11,247.49,34.36
5162,1618,11,0.81229,297.88,14.11,314.97,27.72
5163,1618,10,0.69476,230.01,39.06,245.22,55.18
5164,1618,9,0.11948,230.21,38.99,244.91,54.99
5165,1620,5,0.76611,26.97,100.47,46.25,117.11
5166,1620,2,0.03044,451.33,204.98,465.12,231.61
5167,1620,8,0.01155,56.0,96.54,65.69,113.67
5168,1620,16,0.01151,393.79,74.67,403.77,107.01
5169,1620,14,0.00851,482.24,63.02,487.0,111.52
5170,1620,8,0.00832,64.8,97.26,73.36,111.76
5171,1620,7,0.00826,111.52,195.47,120.56,205.45
5172,1620,16,0.00723,480.82,67.06,487.0,109.38
5173,1620,16,0.00669,483.67,66.82,487.0,108.67
5174,1620,8,0.00669,0.03,90.12,8.05,117.23
5175,1620,5,0.00364,21.76,97.73,30.32,115.33
5176,1620,16,0.00323,372.15,91.55,378.8,106.06
5177,1620,16,0.0032,160.27,109.74,168.83,118.06
5178,1620,14,0.00273,483.2,75.5,487.0,111.41
5179,1620,8,0.00271,46.07,102.96,52.14,114.38
5180,1620,14,0.00263,224.0,70.86,233.51,99.87
5181,1620,16,0.00244,0.14,89.29,9.14,116.64
5182,1620,16,0.00242,389.98,75.62,401.39,99.4
5183,1620,16,0.00241,389.5,74.67,397.59,106.53
5184,1620,5,0.00234,45.83,102.37,52.49,115.21
5185,1620,14,0.00227,0.02,90.12,5.64,117.47
5186,1620,16,0.00226,379.76,86.08,389.74,106.06
5187,1620,16,0.00219,389.27,76.21,397.35,94.52
5188,1620,14,0.00178,389.5,75.26,399.02,106.65
5189,1620,16,0.00169,391.88,75.97,403.3,94.52
5190,1620,5,0.00168,23.69,99.04,35.97,116.64
5191,1620,16,0.00154,379.04,74.9,389.98,107.24
5192,1620,16,0.00125,402.35,74.67,410.91,107.01
5193,1620,14,0.00116,388.55,76.33,396.64,95.12
5194,1620,14,0.00115,481.29,31.15,487.0,111.05
5195,1620,5,0.00112,56.15,96.66,65.87,113.55
5196,1620,16,0.00107,262.52,85.25,272.99,103.08
5197,1620,16,0.00102,381.9,76.33,389.5,89.65
5198,1622,10,0.76664,217.86,172.07,229.15,183.64
5199,1622,17,0.75703,143.97,173.19,154.5,183.89
5200,1622,10,0.55902,211.18,160.76,224.01,171.8
5201,1622,11,0.49631,174.24,170.83,186.68,182.61
5202,1622,11,0.43447,200.23,187.24,214.38,198.61
5203,1622,17,0.38994,148.0,184.19,158.65,194.71
5204,1622,11,0.2456,159.81,159.25,172.36,169.9
5205,1622,11,0.12276,181.96,154.15,195.14,165.72
5206,1622,12,0.07603,181.94,154.73,195.06,165.66
5207,1622,17,0.03355,160.35,159.99,171.66,168.44
5208,1622,10,0.02952,181.95,154.26,195.17,165.64
5209,1622,17,0.01418,211.81,161.74,223.02,170.5
5210,1622,1,0.01182,159.52,159.28,172.41,170.02
5211,1622,13,0.01155,147.72,184.13,158.48,194.55
5212,1622,17,0.00818,174.52,171.34,186.37,182.44
5213,1622,13,0.00576,144.48,173.2,154.46,184.05
5214,1622,16,0.00457,200.64,187.32,214.23,197.95
5215,1622,17,0.00239,217.27,172.93,228.99,182.85
5216,1624,9,0.90186,120.32,54.73,144.29,74.74
5217,1624,10,0.86084,265.11,11.12,284.87,31.38
5218,1624,10,0.81055,36.69,38.05,56.95,56.83
5219,1624,17,0.65137,144.17,5.93,166.9,25.7
5220,1624,17,0.33984,36.57,38.05,57.07,56.83
5221,1624,10,0.02097,0.0,146.51,3.76,166.28
5222,1624,11,0.0201,0.06,146.76,4.11,166.53
5223,1624,17,0.00649,213.72,124.28,229.03,137.12
5224,1627,15,0.9499,350.95,35.45,424.93,105.99
5225,1627,15,0.92943,184.4,58.78,247.86,120.44
5226,1632,10,0.89014,158.84,107.61,178.45,125.25
5227,1632,17,0.87988,186.53,88.0,202.22,103.93
5228,1632,9,0.85791,229.43,118.39,248.3,139.47
5229,1632,17,0.84912,202.96,72.8,218.4,88.24
5230,1632,10,0.84717,210.56,37.75,226.0,53.93
5231,1632,11,0.8457,303.46,101.6,325.52,117.78
5232,1632,9,0.83887,251.49,88.49,272.08,104.67
5233,1632,8,0.00112,80.15,159.82,113.12,188.25
5234,1633,14,0.83796,191.49,114.43,220.34,197.25
5235,1633,14,0.55365,482.87,129.83,500.0,188.29
5236,1633,5,0.16963,53.19,151.9,160.7,187.54
5237,1633,14,0.10192,0.01,137.54,12.34,196.02
5238,1633,5,0.09712,261.31,136.11,339.49,178.97
5239,1633,14,0.03287,388.25,96.33,425.67,195.58
5240,1633,14,0.0169,484.88,101.56,500.0,186.45
5241,1633,5,0.00947,0.38,140.07,42.13,193.33
5242,1633,14,0.00608,495.78,136.68,500.0,167.91
5243,1633,5,0.00418,209.95,136.56,338.95,180.52
5244,1633,14,0.00393,391.63,130.97,426.18,194.56
5245,1633,5,0.00237,0.32,142.64,159.3,192.13
5246,1633,14,0.0017,0.05,139.82,9.15,227.48
5247,1633,14,0.00167,490.16,142.56,500.0,245.84
5248,1633,5,0.00103,0.02,136.14,13.55,199.47
5249,1637,17,0.88272,302.56,167.51,317.85,183.27
5250,1637,10,0.87705,417.01,184.56,434.4,202.91
5251,1637,11,0.86861,348.47,170.15,367.59,188.49
5252,1637,10,0.86766,408.32,158.24,427.74,175.1
5253,1637,10,0.83265,329.38,141.84,348.09,157.51
5254,1637,17,0.79471,305.5,191.59,321.06,207.32
5255,1637,11,0.56208,385.83,214.21,408.24,232.04
5256,1637,10,0.53791,364.3,137.24,383.97,154.56
5257,1637,9,0.2015,364.51,137.16,384.1,154.42
5258,1638,12,0.88184,61.74,111.33,91.36,140.06
5259,1638,13,0.87061,175.32,133.65,206.88,165.21
5260,1638,12,0.85303,150.42,65.71,180.5,93.33
5261,1638,3,0.85107,220.94,176.31,296.88,232.03
5262,1638,1,0.8501,242.39,120.83,276.91,155.35
5263,1638,0,0.8335,206.51,82.85,238.81,113.92
5264,1638,3,0.80664,233.76,59.92,309.21,82.6
5265,1638,0,0.77441,108.43,178.53,146.47,216.01
5266,1638,4,0.6333,108.62,113.18,166.07,158.06
5267,1638,3,0.60205,109.79,113.06,165.46,158.31
5268,1638,1,0.00826,108.25,178.28,146.47,215.76
5269,1640,9,0.9258,66.88,136.26,106.89,170.29
5270,1640,11,0.66573,226.44,39.68,256.16,65.24
5271,1640,9,0.44161,209.36,94.29,246.36,125.51
5272,1640,9,0.32994,83.48,52.65,114.43,80.26
5273,1640,11,0.08779,209.02,94.47,246.28,125.51
5274,1640,11,0.08771,83.03,52.73,114.38,80.21
5275,1640,13,0.06541,83.39,52.49,114.32,80.27
5276,1640,16,0.00562,473.77,102.73,503.0,165.65
5277,1640,8,0.00102,470.33,103.55,502.57,236.73
5278,1643,5,0.64697,225.13,120.36,442.96,224.16
5279,1643,5,0.63867,174.09,120.85,240.85,155.45
5280,1643,8,0.02785,0.0,55.55,54.7,185.18
5281,1643,14,0.01572,482.43,121.34,499.0,230.5
5282,1643,14,0.00306,492.67,151.06,499.0,199.79
5283,1643,14,0.00292,474.15,130.84,491.69,154.72
5284,1643,8,0.00277,0.0,55.19,76.75,241.0
5285,1643,14,0.00197,491.2,137.42,499.0,190.54
5286,1643,14,0.00171,486.82,148.63,499.0,203.21
5287,1643,8,0.00109,0.0,61.16,31.92,162.52
5288,1645,7,0.85303,132.37,119.88,157.83,136.69
5289,1645,7,0.74902,71.11,170.57,91.77,189.79
5290,1645,2,0.0032,0.0,167.68,7.39,197.47
5291,1645,2,0.00294,0.01,143.18,3.07,162.4
5292,1645,15,0.00146,0.0,143.66,3.2,166.72
5293,1647,7,0.91164,357.98,155.07,454.53,206.27
5294,1647,7,0.911,171.56,170.57,250.77,220.73
5295,1647,14,0.00107,490.01,70.08,499.0,171.26
5296,1650,15,0.93071,229.9,28.12,281.88,85.46
5297,1650,15,0.90677,356.59,32.81,395.37,76.51
5298,1650,14,0.00102,361.56,208.39,371.8,232.97
5299,1651,15,0.88184,397.67,94.94,433.52,129.81
5300,1654,8,0.87125,84.44,0.0,196.18,72.68
5301,1654,8,0.5502,0.12,0.59,51.45,54.03
5302,1654,14,0.00681,0.0,0.65,51.49,31.24
5303,1654,8,0.00527,0.03,1.17,24.37,57.73
5304,1654,8,0.0016,0.04,5.6,14.8,65.11
5305,1654,8,0.00102,302.25,1.38,382.68,52.49
5306,1655,2,0.8659,213.93,175.0,235.29,203.61
5307,1655,2,0.79512,279.36,190.44,309.37,213.66
5308,1655,2,0.0012,0.01,125.53,4.09,146.18
5309,1656,5,0.64893,287.55,0.77,453.0,66.47
5310,1656,8,0.16565,287.55,0.88,453.0,66.58
5311,1656,5,0.02509,354.79,0.88,452.56,66.8
5312,1658,15,0.83203,67.35,29.47,95.11,54.5
5313,1658,15,0.75635,159.96,82.6,198.64,112.63
5314,1658,15,0.75488,42.32,102.85,75.77,131.97
5315,1658,15,0.00321,68.66,29.12,93.8,44.6
5316,1658,6,0.00174,158.14,83.85,198.64,112.75
5317,1658,6,0.00122,41.58,104.44,76.28,132.88
5318,1659,11,0.73584,264.26,192.19,279.63,208.04
5319,1659,11,0.56396,361.79,186.9,375.25,201.32
5320,1659,10,0.42261,304.86,201.32,319.75,217.65
5321,1659,11,0.42261,340.65,198.91,356.03,215.73
5322,1659,10,0.37378,398.55,189.3,414.88,204.68
5323,1659,9,0.33643,247.92,206.12,262.82,222.46
5324,1659,12,0.17896,341.13,198.91,355.55,215.73
5325,1659,11,0.08063,247.92,205.64,263.3,221.98
5326,1659,11,0.01205,488.64,3.36,492.0,18.26
5327,1659,11,0.01017,488.16,1.56,492.0,29.43
5328,1659,13,0.00629,264.26,192.67,279.63,207.56
5329,1659,8,0.00526,0.07,21.14,10.05,63.42
5330,1659,8,0.00145,0.0,25.95,5.98,64.86
5331,1662,15,0.88428,264.03,23.54,299.95,58.0
5332,1662,1,0.0708,493.12,1.46,497.0,19.9
5333,1662,0,0.01333,493.12,1.46,497.0,20.38
5334,1662,1,0.00952,491.66,1.33,497.0,23.66
5335,1666,7,0.90332,146.62,28.18,182.95,58.93
5336,1666,2,0.87549,219.4,39.25,256.67,84.66
5337,1667,2,0.87777,57.07,53.31,83.7,81.94
5338,1667,2,0.1256,177.65,50.89,199.34,71.47
5339,1667,2,0.00658,0.02,46.68,4.2,71.31
5340,1667,2,0.00159,297.27,53.51,320.72,72.01
5341,1667,2,0.0013,0.11,49.55,6.95,73.05
5342,1669,2,0.86316,364.11,169.14,385.55,198.34
5343,1669,2,0.81485,432.58,186.88,463.74,209.88
5344,1669,2,0.00928,478.17,191.23,495.99,208.76
5345,1673,2,0.78516,295.34,44.7,327.71,77.07
5346,1673,2,0.04868,327.47,15.19,351.87,44.58
5347,1673,2,0.00737,0.12,15.44,6.54,41.34
5348,1673,2,0.00732,0.07,3.49,7.07,40.09
5349,1673,2,0.00726,505.52,57.28,510.0,86.41
5350,1673,2,0.00325,91.52,61.76,121.52,87.66
5351,1673,2,0.00274,503.53,57.52,510.0,90.89
5352,1673,2,0.00177,16.09,2.12,35.92,30.01
5353,1673,2,0.00167,38.66,56.28,68.73,82.68
5354,1673,2,0.00154,506.51,137.46,510.0,171.33
5355,1673,2,0.00145,225.37,16.81,253.26,52.92
5356,1673,2,0.00145,505.02,61.88,510.0,96.25
5357,1673,2,0.00124,89.96,61.51,111.0,84.67
5358,1673,2,0.00101,504.02,106.33,510.0,140.95
5359,1676,15,0.89335,196.52,141.61,213.23,157.41
5360,1676,15,0.85207,241.6,140.0,255.82,153.09
5361,1677,11,0.88916,129.85,64.19,146.27,77.23
5362,1677,10,0.86624,101.32,77.5,115.19,91.61
5363,1677,11,0.85001,146.82,85.68,160.87,99.87
5364,1677,10,0.83864,153.0,104.82,169.57,118.74
5365,1677,10,0.83638,95.58,92.02,110.49,106.8
5366,1677,17,0.82501,185.31,77.39,197.6,89.7
5367,1677,17,0.62027,183.59,91.15,196.01,103.44
5368,1677,17,0.50708,122.37,105.49,138.24,120.72
5369,1677,10,0.01271,122.36,105.68,138.17,120.7
5370,1678,8,0.76611,55.78,9.53,89.48,52.76
5371,1678,5,0.646,53.81,1.39,119.81,29.05
5372,1678,2,0.28784,220.8,18.13,238.7,47.41
5373,1678,5,0.09399,147.59,24.17,456.71,250.0
5374,1678,5,0.06076,0.0,22.78,381.17,250.0
5375,1678,8,0.0139,54.15,1.1,114.82,31.84
5376,1683,17,0.86693,162.88,186.39,183.12,207.4
5377,1683,17,0.85701,124.1,93.86,142.78,112.08
5378,1683,2,0.80209,62.74,111.84,96.81,155.75
5379,1683,13,0.00114,124.49,94.08,142.24,112.23
5380,1684,4,0.89746,209.06,113.88,267.8,184.84
5381,1684,3,0.7251,328.93,111.96,376.88,180.53
5382,1684,3,0.6792,112.32,115.08,156.43,187.0
5383,1684,3,0.00205,223.56,19.66,275.23,85.83
5384,1686,2,0.0183,39.14,34.15,84.39,88.89
5385,1686,7,0.01685,39.21,34.52,84.52,88.77
5386,1686,14,0.01374,164.47,2.47,206.88,136.61
5387,1686,17,0.00355,260.88,201.46,287.51,229.07
5388,1686,3,0.00292,260.88,200.96,288.01,229.07
5389,1686,17,0.00162,40.07,42.41,62.26,83.34
5390,1686,2,0.00149,39.88,41.43,61.83,83.84
5391,1686,14,0.00149,0.0,49.32,8.18,167.92
5392,1686,14,0.0011,498.1,23.43,505.0,121.07
5393,1686,7,0.00104,40.87,40.93,62.45,83.84
5394,1688,7,0.92291,351.27,44.23,449.14,95.53
5395,1688,7,0.90874,163.86,61.02,242.83,111.6
5396,1688,7,0.00517,351.67,56.5,374.82,86.01
5397,1690,10,0.89404,266.56,124.89,287.76,145.48
5398,1690,10,0.87061,142.65,88.03,163.36,107.26
5399,1690,9,0.8623,296.88,85.81,319.57,103.07
5400,1690,11,0.85596,257.92,39.21,273.71,54.74
5401,1690,9,0.79834,239.18,70.77,256.45,87.78
5402,1690,17,0.79443,220.94,114.41,238.2,130.69
5403,1690,9,0.51562,188.14,108.74,204.91,124.52
5404,1690,9,0.25391,220.94,114.41,238.2,130.69
5405,1690,17,0.00123,239.18,70.52,256.69,87.78
5406,1692,10,0.8623,152.52,200.41,169.71,215.15
5407,1692,17,0.85693,183.96,190.34,197.71,204.1
5408,1692,10,0.84912,227.68,157.68,241.43,171.43
5409,1692,11,0.84375,273.11,218.34,290.8,233.57
5410,1692,9,0.83643,200.78,219.08,218.96,235.78
5411,1692,17,0.8335,208.03,183.71,220.8,196.48
5412,1692,9,0.81641,237.75,201.4,254.2,216.13
5413,1692,17,0.00128,200.91,219.08,219.08,235.78
5414,1693,2,0.8623,209.23,86.02,238.88,123.91
5415,1693,2,0.854,115.26,56.13,145.92,81.55
5416,1693,17,0.52344,210.4,38.24,227.11,54.48
5417,1693,2,0.1225,210.88,38.6,227.82,56.48
5418,1701,7,0.79979,148.01,63.61,169.79,82.47
5419,1701,7,0.7459,31.85,50.41,52.67,69.28
5420,1701,17,0.00861,481.02,198.71,487.0,213.75
5421,1701,2,0.00522,481.56,145.37,487.0,171.16
5422,1701,2,0.00335,478.14,148.8,487.0,181.34
5423,1701,2,0.00137,482.21,148.49,487.0,180.27
5424,1701,2,0.00135,482.87,134.52,487.0,167.2
5425,1701,15,0.00101,32.23,50.54,52.78,69.7
5426,1702,7,0.81299,216.97,45.55,248.86,74.32
5427,1702,6,0.01869,482.37,77.2,491.0,143.61
5428,1706,11,0.89502,214.41,192.0,237.32,213.93
5429,1706,11,0.88184,220.38,19.74,235.98,34.84
5430,1706,10,0.875,346.96,132.55,372.3,156.91
5431,1706,10,0.69092,181.64,74.19,202.11,93.68
5432,1709,17,0.79703,161.37,142.26,188.72,168.38
5433,1709,17,0.2308,126.73,151.04,147.33,167.34
5434,1709,17,0.03339,264.23,108.32,285.12,128.13
5435,1709,17,0.00247,135.3,151.94,148.74,172.53
5436,1709,2,0.00175,477.45,40.66,481.0,81.22
5437,1709,2,0.00172,471.59,56.32,481.0,107.92
5438,1709,2,0.00157,0.0,88.75,3.38,139.11
5439,1709,17,0.00112,123.62,151.95,138.94,174.02
5440,1709,2,0.00107,0.0,77.48,4.18,133.34
5441,1710,15,0.92503,138.36,87.71,186.14,143.03
5442,1710,15,0.88442,326.33,65.77,366.86,108.5
5443,1713,14,0.74765,270.77,114.27,286.61,144.36
5444,1713,14,0.62457,75.2,157.81,89.05,180.09
5445,1713,14,0.47782,116.36,147.17,128.75,172.42
5446,1713,14,0.41804,52.04,148.58,65.75,180.61
5447,1713,14,0.22116,89.99,154.06,102.51,175.25
5448,1713,14,0.02747,0.0,130.53,7.95,213.83
5449,1713,14,0.02746,0.03,141.09,7.3,186.44
5450,1713,14,0.01533,129.88,138.17,148.37,168.68
5451,1713,14,0.00583,117.08,142.83,133.38,172.54
5452,1713,14,0.00404,76.94,155.31,97.23,179.35
5453,1713,14,0.00351,0.0,140.76,3.99,182.46
5454,1713,14,0.00114,0.0,149.68,5.24,186.41
5455,1713,14,0.00105,0.0,169.05,5.13,210.56
5456,1715,10,0.88683,75.65,146.38,93.54,164.76
5457,1715,10,0.86207,66.68,169.12,85.82,187.96
5458,1715,10,0.85331,141.23,192.29,163.1,210.64
5459,1715,10,0.81784,100.59,191.42,121.42,211.8
5460,1715,11,0.73142,113.68,128.38,135.17,144.81
5461,1715,11,0.69573,134.53,161.82,152.48,180.1
5462,1715,17,0.6066,185.17,151.3,200.22,166.65
5463,1715,17,0.55863,182.45,171.84,198.43,187.62
5464,1715,13,0.00105,134.6,160.65,163.83,182.58
5465,1716,3,0.89497,149.49,138.03,202.28,198.58
5466,1716,13,0.87014,283.34,110.53,320.01,149.69
5467,1716,3,0.86849,223.58,67.73,256.33,106.52
5468,1716,3,0.83227,161.74,100.71,234.62,128.15
5469,1716,1,0.82671,227.57,138.31,267.93,181.51
5470,1718,9,0.78809,140.0,189.12,162.1,205.82
5471,1718,17,0.77051,212.2,147.85,226.94,163.57
5472,1718,11,0.6001,38.93,170.45,58.95,189.12
5473,1718,17,0.39233,120.1,147.85,137.78,160.63
5474,1718,9,0.34521,39.11,170.45,59.13,189.12
5475,1719,2,0.87988,143.42,84.21,163.81,111.39
5476,1719,2,0.86963,166.72,39.07,185.65,63.82
5477,1719,2,0.86865,48.96,22.81,67.89,48.05
5478,1719,2,0.86523,46.78,77.17,66.8,104.59
5479,1721,15,0.89135,352.72,107.93,373.69,127.25
5480,1721,15,0.87984,401.62,112.28,424.93,134.57
5481,1722,14,0.70727,93.03,130.19,122.68,175.81
5482,1722,14,0.66051,301.91,142.4,318.83,170.58
5483,1722,14,0.65687,51.04,124.75,68.99,160.57
5484,1722,14,0.56166,144.35,141.33,165.22,170.55
5485,1722,14,0.3805,284.51,137.22,305.08,170.28
5486,1722,14,0.34704,289.03,138.22,310.49,169.88
5487,1722,14,0.22099,0.04,118.41,8.78,152.69
5488,1722,14,0.03371,320.85,137.61,339.49,170.11
5489,1722,14,0.03269,0.04,112.07,9.18,176.62
5490,1722,14,0.02322,92.68,133.7,106.79,155.49
5491,1722,14,0.01782,338.98,147.5,356.4,168.9
5492,1722,14,0.01591,0.21,114.36,17.97,153.63
5493,1722,14,0.01429,301.85,141.63,316.9,161.79
5494,1722,14,0.00865,502.65,136.39,512.0,227.39
5495,1722,14,0.00799,294.64,139.23,315.97,156.33
5496,1722,14,0.00634,308.43,138.29,337.03,169.4
5497,1722,14,0.00608,90.61,134.51,108.16,166.99
5498,1722,14,0.00563,287.73,145.83,306.39,170.14
5499,1722,14,0.00459,276.53,137.45,302.31,168.34
5500,1722,14,0.00392,316.93,139.49,333.94,167.01
5501,1722,14,0.00334,303.34,140.39,315.11,153.25
5502,1722,14,0.00326,0.05,108.1,22.24,187.68
5503,1722,14,0.00303,290.28,133.49,312.6,158.59
5504,1722,14,0.00283,0.0,103.33,28.1,223.19
5505,1722,14,0.00268,356.42,153.97,372.2,166.73
5506,1722,14,0.00239,0.16,104.05,50.27,256.0
5507,1722,14,0.0023,339.95,148.05,367.61,168.09
5508,1722,14,0.00213,323.14,139.38,350.23,168.82
5509,1722,14,0.00168,272.63,142.35,296.86,168.22
5510,1722,14,0.00152,348.94,153.73,368.96,169.49
5511,1722,14,0.00149,55.54,125.58,67.02,147.35
5512,1722,14,0.0014,0.0,109.11,8.67,225.5
5513,1722,14,0.00137,292.98,133.94,315.46,151.43
5514,1722,14,0.00115,93.69,132.22,118.32,157.95
5515,1722,14,0.00114,335.79,141.88,359.48,174.37
5516,1722,14,0.00113,149.04,139.81,171.02,172.0
5517,1722,14,0.00106,132.64,137.54,164.72,174.22
5518,1722,14,0.00105,506.66,143.0,512.0,173.86
5519,1722,14,0.00105,144.03,135.95,179.28,177.29
5520,1723,2,0.85729,136.71,136.61,175.92,177.03
5521,1723,17,0.84013,44.62,192.05,68.25,212.39
5522,1723,17,0.76044,63.99,113.76,83.91,131.39
5523,1723,2,0.00259,64.31,113.88,82.65,130.05
5524,1723,17,0.00182,44.79,183.54,68.01,207.05
5525,1724,15,0.93071,287.47,83.55,328.49,129.7
5526,1724,15,0.91721,267.84,187.51,308.2,232.88
5527,1726,17,0.81396,67.01,159.67,82.83,175.49
5528,1726,17,0.41309,145.77,126.35,160.39,142.65
5529,1726,15,0.0022,484.77,182.21,491.0,209.06
5530,1727,10,0.92951,252.05,200.15,277.82,229.89
5531,1727,11,0.84554,230.41,155.69,254.64,180.67
5532,1727,11,0.82612,173.34,216.98,199.09,242.26
5533,1727,10,0.64137,136.54,147.94,161.65,172.45
5534,1727,17,0.0646,136.66,147.91,161.67,172.75
5535,1729,5,0.73241,224.13,171.09,305.18,211.05
5536,1729,5,0.60306,0.16,169.15,47.67,202.22
5537,1729,5,0.59422,444.22,165.53,489.0,191.53
5538,1729,5,0.48332,201.46,130.44,218.33,145.03
5539,1729,5,0.1156,0.37,132.41,35.7,147.68
5540,1729,5,0.10634,234.14,169.68,295.24,195.94
5541,1729,14,0.01871,57.68,149.73,67.5,162.55
5542,1729,5,0.01507,27.42,122.07,75.35,138.03
5543,1729,5,0.01379,197.38,113.16,208.95,124.02
5544,1729,14,0.01016,60.3,149.42,67.65,158.71
5545,1729,5,0.00858,334.02,83.52,370.69,95.92
5546,1729,8,0.00825,0.06,152.27,9.44,165.98
5547,1729,5,0.00773,263.39,65.85,300.9,81.17
5548,1729,5,0.00668,320.13,71.83,359.21,89.53
5549,1729,14,0.00631,9.12,145.87,22.31,156.31
5550,1729,5,0.00592,468.89,62.39,488.64,77.5
5551,1729,5,0.00583,143.87,92.2,174.18,107.06
5552,1729,5,0.00577,33.19,121.5,76.03,133.25
5553,1729,5,0.00569,208.7,64.31,250.63,82.54
5554,1729,5,0.00519,475.21,97.04,488.95,108.92
5555,1729,5,0.00517,477.32,103.76,488.87,118.42
5556,1729,5,0.00506,325.65,70.89,357.07,82.29
5557,1729,5,0.00488,480.41,116.45,489.0,134.45
5558,1729,5,0.0048,295.34,58.47,319.97,68.36
5559,1729,5,0.00476,465.85,96.8,488.27,108.01
5560,1729,5,0.00466,479.3,108.54,488.81,121.68
5561,1729,5,0.00456,319.81,67.38,346.24,80.7
5562,1729,5,0.00443,458.38,78.73,486.77,91.39
5563,1729,5,0.00443,464.96,104.59,488.28,119.21
5564,1729,8,0.00435,0.68,155.02,15.55,166.16
5565,1729,5,0.00422,295.0,61.59,320.32,79.4
5566,1729,8,0.0042,58.04,153.58,68.37,164.17
5567,1729,5,0.00417,183.14,62.38,222.45,81.56
5568,1729,14,0.00407,12.29,148.76,24.46,157.82
5569,1729,14,0.00406,13.47,151.39,22.47,158.29
5570,1729,5,0.00394,478.53,99.2,489.0,114.79
5571,1729,5,0.00386,243.96,62.39,282.03,79.21
5572,1729,5,0.0038,121.72,78.72,168.07,98.66
5573,1729,5,0.00378,467.72,57.73,488.63,74.69
5574,1729,14,0.00369,17.76,152.29,26.13,162.54
5575,1729,5,0.00369,460.14,77.24,484.39,87.79
5576,1729,5,0.00369,480.18,112.78,488.94,127.99
5577,1729,5,0.00368,457.34,65.21,489.0,80.73
5578,1729,5,0.00367,473.4,112.89,488.68,127.94
5579,1729,5,0.0036,465.17,98.95,488.47,113.07
5580,1729,5,0.00354,237.87,65.23,284.19,82.49
5581,1729,5,0.00332,264.62,64.86,294.7,77.17
5582,1729,5,0.00331,464.28,113.07,488.78,126.93
5583,1729,5,0.00323,159.66,64.61,214.26,85.11
5584,1729,5,0.0032,343.27,85.03,370.67,97.91
5585,1729,5,0.00319,469.5,68.49,488.76,81.05
5586,1729,5,0.00317,468.02,78.25,483.02,87.08
5587,1729,5,0.00308,463.38,117.25,488.52,130.62
5588,1729,5,0.00297,483.27,107.72,489.0,124.07
5589,1729,5,0.00291,161.42,72.7,214.33,97.09
5590,1729,5,0.00275,322.98,64.52,347.3,75.26
5591,1729,5,0.00261,281.11,65.14,309.37,78.31
5592,1729,5,0.0026,35.56,117.45,79.02,131.02
5593,1729,5,0.00256,148.05,95.82,184.25,108.32
5594,1729,5,0.00255,456.74,117.78,478.78,130.91
5595,1729,5,0.0025,74.41,119.84,109.0,137.45
5596,1729,14,0.00248,10.69,147.95,19.3,156.39
5597,1729,5,0.00235,473.69,117.28,488.65,131.98
5598,1729,5,0.00232,455.4,52.73,489.0,72.8
5599,1729,5,0.00231,330.7,69.01,360.36,80.25
5600,1729,5,0.0023,96.54,98.36,139.29,124.44
5601,1729,14,0.00216,11.93,156.53,19.81,166.82
5602,1729,5,0.00211,329.18,69.56,366.69,88.47
5603,1729,5,0.00209,474.09,89.15,488.9,101.66
5604,1729,5,0.00208,457.25,108.8,476.89,121.67
5605,1729,5,0.00205,461.26,118.43,488.69,136.4
5606,1729,5,0.00202,465.1,90.06,488.36,104.65
5607,1729,5,0.00202,65.67,103.58,111.03,120.61
5608,1729,5,0.00201,77.08,124.1,107.09,140.37
5609,1729,5,0.00196,61.17,123.15,85.15,137.0
5610,1729,5,0.00195,39.38,123.95,77.01,135.22
5611,1729,5,0.00191,0.06,133.32,7.88,149.05
5612,1729,5,0.00189,460.34,85.15,488.25,98.42
5613,1729,5,0.00188,310.03,72.56,346.34,89.31
5614,1729,5,0.00186,274.42,64.56,301.17,77.5
5615,1729,5,0.00183,64.06,109.42,112.98,123.74
5616,1729,5,0.00179,29.27,113.65,72.8,130.76
5617,1729,5,0.00179,267.41,62.08,299.16,75.98
5618,1729,5,0.00175,289.57,95.57,323.09,112.62
5619,1729,5,0.00174,422.11,57.55,455.99,73.76
5620,1729,5,0.00173,261.49,68.11,295.38,78.66
5621,1729,5,0.00169,458.91,113.91,479.88,124.79
5622,1729,14,0.00167,10.85,152.92,17.63,158.97
5623,1729,5,0.00164,62.35,111.16,107.32,129.2
5624,1729,5,0.00164,67.83,97.91,104.0,116.53
5625,1729,5,0.00159,325.47,76.04,370.25,92.95
5626,1729,5,0.00158,158.83,99.18,200.94,112.48
5627,1729,14,0.00157,60.93,146.53,68.68,154.6
5628,1729,5,0.00156,140.46,78.45,182.94,102.88
5629,1729,5,0.00155,231.86,106.14,270.23,122.28
5630,1729,5,0.00151,0.02,133.18,11.16,145.86
5631,1729,5,0.0015,332.57,62.59,364.95,80.49
5632,1729,5,0.00149,51.1,121.85,82.58,130.78
5633,1729,5,0.00149,38.87,112.9,80.06,129.05
5634,1729,5,0.00147,252.68,69.1,291.66,81.6
5635,1729,8,0.00145,57.55,156.43,67.75,165.61
5636,1729,5,0.00144,320.8,61.96,342.21,69.53
5637,1729,5,0.00143,29.7,119.3,64.91,132.06
5638,1729,5,0.00142,138.72,95.65,178.56,111.12
5639,1729,5,0.00141,483.81,61.95,489.0,78.08
5640,1729,5,0.00141,468.99,87.2,488.68,99.06
5641,1729,5,0.00139,460.05,104.83,480.19,119.6
5642,1729,5,0.00136,5.57,144.52,23.39,156.64
5643,1729,5,0.00135,280.29,61.46,305.09,73.55
5644,1729,5,0.00134,318.88,88.83,351.89,102.72
5645,1729,5,0.00132,182.1,69.05,228.13,82.89
5646,1729,5,0.00131,155.93,71.25,210.73,90.43
5647,1729,5,0.0013,456.57,99.73,479.91,115.17
5648,1729,5,0.00129,320.26,63.84,338.34,74.45
5649,1729,5,0.00128,142.68,88.45,180.16,105.12
5650,1729,5,0.00127,41.4,126.65,74.11,138.22
5651,1729,5,0.00126,477.12,86.64,488.82,98.72
5652,1729,5,0.00126,221.59,63.22,249.08,80.17
5653,1729,5,0.00125,396.12,83.76,439.06,106.49
5654,1729,5,0.00123,256.72,61.97,289.72,74.08
5655,1729,5,0.00122,334.04,63.76,361.28,76.25
5656,1729,5,0.0012,272.51,69.13,299.16,80.74
5657,1729,5,0.0012,152.54,75.94,197.02,96.04
5658,1729,8,0.00119,11.76,157.44,18.47,166.78
5659,1729,5,0.00119,0.31,143.29,10.46,158.99
5660,1729,5,0.00116,0.82,143.69,20.46,158.74
5661,1729,5,0.00115,0.0,134.44,37.42,151.81
5662,1729,5,0.00113,50.61,123.52,82.93,135.62
5663,1729,5,0.00112,407.38,91.0,441.55,107.07
5664,1729,5,0.0011,170.71,78.75,215.76,99.68
5665,1729,5,0.0011,280.23,68.18,311.74,80.61
5666,1729,5,0.00108,422.67,115.05,452.56,132.51
5667,1729,14,0.00107,1.4,146.67,17.83,157.89
5668,1729,5,0.00107,465.93,50.32,488.72,62.89
5669,1729,5,0.00104,185.31,61.7,216.3,76.47
5670,1729,5,0.00104,252.22,64.09,285.95,77.91
5671,1729,5,0.00103,296.22,68.42,322.27,82.31
5672,1729,5,0.00102,311.86,69.31,342.24,84.43
5673,1729,5,0.00101,65.03,116.81,106.02,134.31
5674,1729,5,0.001,84.44,126.89,110.22,140.46
5675,1730,2,0.85791,74.83,168.95,94.6,198.24
5676,1732,7,0.87744,112.43,107.91,147.83,134.52
5677,1732,7,0.854,30.93,195.8,59.75,225.1
5678,1732,5,0.00167,92.77,33.69,121.83,46.39
5679,1734,2,0.86933,79.86,67.85,101.38,93.1
5680,1734,2,0.85342,70.89,33.56,89.32,57.66
5681,1735,12,0.56374,235.84,24.26,272.77,59.29
5682,1735,13,0.563,258.87,83.08,301.04,125.53
5683,1735,12,0.42997,122.2,44.25,158.57,82.12
5684,1735,10,0.41747,122.46,45.15,158.41,81.49
5685,1735,10,0.03645,258.44,83.14,301.1,125.27
5686,1735,11,0.01779,235.58,24.26,272.45,58.66
5687,1735,2,0.016,121.78,43.95,158.64,82.1
5688,1735,11,0.00754,122.03,44.28,159.37,82.15
5689,1735,6,0.00546,489.41,53.49,498.0,179.37
5690,1735,1,0.00352,258.67,83.04,300.73,125.45
5691,1735,6,0.0023,340.27,25.98,364.17,47.72
5692,1735,6,0.00117,490.15,19.12,498.0,134.94
5693,1736,4,0.91228,345.14,143.46,393.06,181.97
5694,1736,13,0.80824,265.89,146.91,299.8,180.84
5695,1736,11,0.0316,265.9,146.48,300.04,180.37
5696,1737,17,0.88574,50.33,51.93,69.77,70.63
5697,1737,9,0.84473,235.02,121.2,261.84,143.72
5698,1737,17,0.78809,114.68,121.32,135.35,140.52
5699,1737,9,0.21338,166.11,53.4,190.72,73.34
5700,1737,17,0.1394,165.87,53.4,190.72,73.09
5701,1740,17,0.87061,349.11,54.11,363.44,67.94
5702,1740,10,0.86963,317.73,64.24,335.52,79.56
5703,1740,17,0.86816,373.08,46.7,386.91,60.53
5704,1740,10,0.84375,392.84,20.51,407.67,34.84
5705,1740,9,0.82568,403.71,64.36,421.5,79.68
5706,1740,11,0.7959,440.77,81.29,459.55,97.1
5707,1740,9,0.67383,366.41,82.03,385.68,99.82
5708,1740,17,0.63525,366.65,82.27,385.43,99.82
5709,1743,2,0.88086,157.89,188.83,184.69,209.78
5710,1743,2,0.87598,218.56,141.81,240.73,157.89
5711,1743,2,0.85693,88.51,180.3,110.07,200.77
5712,1743,2,0.854,100.75,122.8,116.34,145.22
5713,1746,7,0.80604,152.69,180.64,174.77,199.39
5714,1746,7,0.76415,36.11,175.03,56.84,194.73
5715,1750,7,0.89039,362.73,35.77,398.12,62.76
5716,1750,17,0.88802,306.85,27.91,324.82,45.96
5717,1750,7,0.88687,318.25,69.63,347.92,96.98
5718,1750,17,0.86244,323.01,50.74,341.19,69.1
5719,1750,11,0.00342,255.91,43.15,281.7,59.15
5720,1750,10,0.00331,375.8,112.64,402.42,134.46
5721,1750,17,0.00198,375.95,113.05,402.49,134.77
5722,1751,15,0.95996,47.66,117.68,127.91,192.05
5723,1751,16,0.00249,48.48,117.21,127.56,191.58
5724,1752,10,0.8916,294.14,63.98,314.73,83.58
5725,1752,9,0.87744,390.72,46.08,408.37,63.73
5726,1752,10,0.87256,420.13,101.23,442.19,122.31
5727,1752,11,0.8501,409.35,13.97,426.01,29.9
5728,1752,9,0.79199,451.02,61.03,475.04,79.17
5729,1752,9,0.74023,339.24,84.81,356.89,101.48
5730,1752,9,0.67578,373.07,90.45,390.72,107.12
5731,1752,11,0.00252,498.08,37.99,502.0,65.45
5732,1752,17,0.00213,373.07,90.69,390.72,107.12
5733,1762,3,0.37777,136.63,35.41,223.9,99.52
5734,1762,0,0.32194,129.78,159.13,185.48,217.7
5735,1762,13,0.08185,228.03,171.01,283.11,228.19
5736,1762,12,0.0514,228.33,171.02,283.17,227.92
5737,1762,13,0.02478,129.45,159.31,185.64,217.68
5738,1762,1,0.0063,129.49,159.24,185.13,217.8
5739,1764,2,0.87744,288.21,94.4,319.12,134.12
5740,1764,2,0.84375,304.38,33.05,334.34,59.69
5741,1764,17,0.77881,398.54,74.9,414.71,91.79
5742,1764,17,0.00185,398.07,89.89,414.24,97.97
5743,1767,2,0.83453,381.79,9.98,408.76,32.63
5744,1767,2,0.00883,277.44,26.48,310.28,55.33
5745,1769,15,0.84082,322.89,63.16,354.81,96.0
5746,1769,15,0.83447,347.97,29.19,367.12,52.22
5747,1769,15,0.83105,425.96,44.12,451.49,70.57
5748,1771,8,0.1172,0.0,0.0,57.6,193.86
5749,1771,14,0.06751,452.2,0.13,496.84,130.27
5750,1771,8,0.03332,465.15,0.96,496.84,116.68
5751,1771,8,0.01477,0.0,0.0,70.06,153.46
5752,1771,8,0.0123,0.25,117.8,50.54,186.57
5753,1771,8,0.01228,101.96,19.81,206.21,132.86
5754,1771,8,0.0042,0.0,118.09,18.79,189.25
5755,1771,14,0.00369,449.39,0.96,497.0,217.29
5756,1771,8,0.00308,0.04,138.5,9.27,188.22
5757,1771,8,0.00291,450.18,0.43,497.0,50.57
5758,1771,14,0.00178,451.28,0.81,496.78,77.79
5759,1771,8,0.00106,479.61,2.3,497.0,66.69
5760,1772,2,0.81402,306.59,27.03,333.14,66.94
5761,1772,17,0.77774,401.2,53.45,419.36,71.7
5762,1772,17,0.73287,328.04,93.71,346.76,112.58
5763,1772,2,0.00636,402.19,53.67,419.77,71.38
5764,1772,2,0.00223,473.59,38.9,484.0,88.33
5765,1773,2,0.83942,102.57,24.01,127.8,46.65
5766,1773,2,0.82299,96.46,104.08,121.13,141.01
5767,1773,2,0.00935,331.58,15.95,350.8,31.19
5768,1773,2,0.00809,194.24,21.85,214.94,37.8
5769,1775,3,0.88428,280.61,178.48,342.86,238.79
5770,1775,3,0.85986,151.0,40.12,238.79,92.89
5771,1775,12,0.85889,231.01,132.04,266.75,164.14
5772,1775,0,0.85791,61.43,31.25,98.12,67.48
5773,1775,3,0.84717,91.92,146.14,154.65,225.9
5774,1775,0,0.83643,322.44,59.33,361.34,95.32
5775,1775,12,0.3667,208.76,0.0,242.07,15.08
5776,1775,3,0.00952,0.02,53.98,13.1,101.16
5777,1775,13,0.00895,208.39,0.12,242.68,17.14
5778,1775,3,0.00622,0.0,26.02,27.74,149.06
5779,1775,3,0.00262,0.02,59.58,16.66,117.45
5780,1775,3,0.00143,480.98,62.01,498.0,117.93
5781,1775,3,0.0014,0.0,45.47,31.06,184.56
5782,1775,3,0.00119,0.0,180.18,10.81,234.65
5783,1778,7,0.01741,97.73,19.96,161.17,98.42
5784,1779,14,0.86182,186.94,24.6,242.18,155.82
5785,1779,8,0.82764,14.11,98.41,127.48,157.27
5786,1779,14,0.76367,121.21,45.35,147.02,92.38
5787,1779,14,0.73389,47.28,37.15,76.71,95.04
5788,1779,14,0.7168,9.2,65.13,44.96,117.23
5789,1779,14,0.30566,421.15,69.47,467.47,162.58
5790,1779,8,0.25024,0.01,58.73,13.97,97.09
5791,1779,14,0.05603,430.32,65.85,481.94,109.75
5792,1779,14,0.05341,426.7,68.75,457.09,99.14
5793,1779,14,0.02635,0.15,56.68,12.48,97.21
5794,1779,8,0.01964,0.02,66.45,8.8,96.85
5795,1779,14,0.01653,485.8,56.2,494.0,133.15
5796,1779,14,0.01238,458.78,68.26,481.94,107.58
5797,1779,14,0.0121,426.94,69.71,459.27,121.33
5798,1779,8,0.01147,64.16,100.46,172.71,162.09
5799,1779,14,0.01057,490.14,85.87,494.0,129.05
5800,1779,14,0.01021,487.25,73.09,494.0,131.7
5801,1779,8,0.00809,0.02,73.57,6.74,96.73
5802,1779,14,0.00682,337.45,55.0,351.44,79.6
5803,1779,14,0.00677,345.9,54.03,362.3,80.56
5804,1779,8,0.00404,0.17,47.64,18.86,96.6
5805,1779,8,0.00336,489.18,93.83,494.0,130.5
5806,1779,5,0.00314,386.42,45.83,455.89,84.67
5807,1779,14,0.00298,485.32,79.36,494.0,155.82
5808,1779,14,0.00266,11.34,67.54,43.72,147.14
5809,1779,8,0.00261,419.71,67.06,492.07,172.22
5810,1779,8,0.00252,486.28,95.28,494.0,132.91
5811,1779,8,0.00216,0.6,60.66,25.42,95.88
5812,1779,8,0.00204,0.05,76.95,4.88,98.17
5813,1779,14,0.00182,490.14,79.6,494.0,115.78
5814,1779,14,0.00174,485.32,56.44,494.0,98.41
5815,1779,14,0.00169,41.37,35.94,87.08,100.1
5816,1779,8,0.0016,0.05,59.82,14.76,123.02
5817,1779,8,0.00149,432.01,68.02,482.18,110.47
5818,1779,14,0.00147,0.0,63.44,17.4,151.24
5819,1779,8,0.00143,336.97,92.5,370.74,107.46
5820,1779,8,0.00142,0.18,55.96,32.93,116.75
5821,1779,8,0.00129,2.8,58.86,49.21,146.17
5822,1779,8,0.0012,4.58,57.17,76.22,126.39
5823,1779,8,0.00111,0.78,57.41,45.47,96.48
5824,1780,8,0.70557,26.32,91.57,204.6,200.36
5825,1780,5,0.66553,187.63,98.31,227.55,125.75
5826,1780,8,0.4668,22.11,99.06,124.63,192.37
5827,1780,8,0.02611,128.25,89.2,202.1,201.11
5828,1780,5,0.01248,133.36,87.45,155.57,101.18
5829,1780,14,0.0068,158.69,86.83,181.64,132.49
5830,1780,14,0.00109,415.69,130.74,450.62,195.62
5831,1780,8,0.00104,17.61,89.82,77.47,180.15
5832,1782,7,0.94393,361.88,131.86,434.13,202.16
5833,1782,7,0.74375,201.64,150.18,257.22,214.74
5834,1783,12,0.87158,223.41,146.72,265.38,188.09
5835,1783,12,0.84912,274.18,167.64,312.22,200.46
5836,1783,12,0.82568,289.63,129.83,322.92,165.03
5837,1783,12,0.78662,329.34,144.82,367.87,177.63
5838,1783,12,0.58301,321.02,134.12,356.21,160.75
5839,1783,12,0.13123,293.44,162.65,339.57,195.94
5840,1783,14,0.05127,336.24,3.63,486.52,226.62
5841,1783,14,0.0183,437.78,11.89,486.76,216.63
5842,1783,12,0.00986,368.1,143.15,396.64,180.25
5843,1783,14,0.00758,268.71,2.32,487.0,146.0
5844,1783,12,0.00712,355.74,126.62,377.14,157.89
5845,1783,12,0.00617,237.44,133.64,296.29,183.1
5846,1783,12,0.00545,332.91,134.59,375.71,170.74
5847,1783,12,0.00506,266.33,138.87,295.81,184.05
5848,1783,16,0.00498,328.63,144.1,366.68,176.44
5849,1783,7,0.00455,0.0,140.3,88.93,222.1
5850,1783,12,0.00347,229.83,133.64,302.0,165.98
5851,1783,12,0.00321,301.52,128.17,352.41,152.9
5852,1783,14,0.00317,391.41,1.19,486.52,167.41
5853,1783,12,0.00258,357.88,128.88,396.88,179.77
5854,1783,12,0.00233,314.84,126.15,352.88,145.05
5855,1783,12,0.00231,366.44,151.24,411.14,194.99
5856,1783,2,0.00182,224.0,147.19,265.38,187.62
5857,1783,12,0.00164,177.16,123.41,214.25,158.13
5858,1783,16,0.00144,318.64,133.16,358.59,162.65
5859,1783,12,0.00101,369.53,149.33,399.97,189.28
5860,1786,13,0.85552,237.47,155.77,290.47,207.44
5861,1786,1,0.53768,234.49,105.84,282.37,154.03
5862,1786,0,0.22501,235.09,105.21,282.14,155.13
5863,1786,3,0.12233,374.6,105.08,476.68,169.97
5864,1786,14,0.00394,74.44,0.6,189.46,53.18
5865,1786,2,0.00377,237.14,156.68,289.29,206.5
5866,1786,14,0.00258,71.05,0.22,191.57,92.41
5867,1786,4,0.00139,377.41,110.5,479.14,170.12
5868,1786,14,0.00109,0.01,0.78,63.47,103.58
5869,1791,7,0.86865,210.4,121.05,240.43,146.78
5870,1791,2,0.85693,170.01,148.69,203.61,187.77
5871,1791,6,0.0018,376.48,170.61,416.52,203.97
5872,1791,17,0.00152,258.77,150.12,270.21,164.41
5873,1791,6,0.00138,376.01,152.02,431.29,204.45
5874,1796,2,0.86426,185.77,171.33,204.21,195.6
5875,1796,2,0.86328,62.03,166.96,81.9,193.17
5876,1796,2,0.85791,64.31,126.68,81.9,149.97
5877,1796,2,0.84912,141.24,126.68,156.53,148.03
5878,1798,2,0.84104,188.73,88.34,212.36,119.77
5879,1798,2,0.83743,266.49,37.95,287.66,66.63
5880,1798,2,0.00207,0.05,153.34,19.52,172.83
5881,1798,9,0.00133,258.54,137.06,281.4,154.74
5882,1801,2,0.86381,119.62,33.44,148.52,70.49
5883,1801,17,0.78836,148.89,99.95,166.02,117.09
5884,1801,17,0.54092,66.85,81.08,84.83,97.79
5885,1801,2,0.00364,67.31,81.09,84.95,98.15
5886,1802,15,0.84082,245.12,33.2,312.5,116.21
5887,1802,3,0.00141,368.9,153.08,408.45,214.11
5888,1803,5,0.66506,75.98,118.84,93.32,135.3
5889,1803,5,0.14353,248.36,99.43,275.77,128.96
5890,1803,5,0.03658,10.76,120.93,31.92,140.77
5891,1803,14,0.0314,358.11,100.79,374.39,139.84
5892,1803,5,0.01975,37.54,119.39,61.06,140.16
5893,1803,5,0.01225,44.63,122.03,62.1,139.54
5894,1803,5,0.00977,25.78,120.0,44.12,139.97
5895,1803,5,0.0091,61.65,119.98,73.69,135.59
5896,1803,14,0.00686,0.03,117.33,4.99,133.15
5897,1803,5,0.00658,32.86,119.19,54.4,140.4
5898,1803,14,0.00606,311.52,110.62,321.71,128.23
5899,1803,5,0.00572,115.0,115.81,127.97,130.22
5900,1803,14,0.00531,0.0,103.39,3.44,130.15
5901,1803,5,0.00477,99.27,116.21,112.78,130.77
5902,1803,14,0.00464,0.16,117.19,7.89,132.67
5903,1803,8,0.00381,325.3,114.06,336.22,128.29
5904,1803,8,0.00378,178.03,116.45,185.03,127.87
5905,1803,5,0.00323,51.12,122.46,62.5,138.79
5906,1803,8,0.00313,311.52,110.76,321.93,128.45
5907,1803,8,0.00276,43.88,122.01,63.2,140.05
5908,1803,14,0.00237,0.02,117.06,6.64,141.28
5909,1803,5,0.00228,61.67,119.82,71.74,129.84
5910,1803,5,0.0019,36.64,119.02,54.58,134.11
5911,1803,8,0.00185,123.66,129.17,136.67,145.77
5912,1803,14,0.00182,357.06,103.59,382.78,140.32
5913,1803,14,0.00173,0.98,117.74,14.45,134.16
5914,1803,8,0.00171,61.26,120.55,72.51,136.42
5915,1803,5,0.00159,277.22,111.18,287.78,122.01
5916,1803,14,0.00157,123.64,127.64,132.84,145.78
5917,1803,8,0.00108,31.94,120.27,51.25,141.11
5918,1803,5,0.00107,1.91,119.86,23.4,141.4
5919,1804,8,0.13579,443.22,0.5,486.88,132.82
5920,1804,8,0.09205,464.86,1.61,486.88,121.18
5921,1804,8,0.05453,101.12,17.09,181.19,127.41
5922,1804,14,0.0449,467.63,1.17,487.0,115.8
5923,1804,8,0.01189,442.26,0.18,487.0,46.4
5924,1804,14,0.01032,441.74,3.88,486.89,170.11
5925,1804,8,0.00141,451.9,2.53,487.0,82.77
5926,1804,8,0.0012,468.42,10.36,487.0,70.94
5927,1805,3,0.00117,120.77,58.92,166.24,104.74
5928,1809,13,0.90283,311.66,160.48,347.86,196.19
5929,1809,4,0.89551,248.05,82.07,312.64,116.32
5930,1809,1,0.86328,386.76,109.1,421.01,142.86
5931,1810,17,0.86084,35.63,123.54,55.36,142.77
5932,1810,9,0.74609,215.51,203.92,242.14,226.12
5933,1810,17,0.68604,94.69,197.27,116.88,216.99
5934,1810,9,0.24939,151.03,131.67,174.46,150.42
5935,1810,10,0.00752,215.27,204.17,242.39,225.87
5936,1810,17,0.00342,150.91,131.67,174.58,150.42
5937,1811,7,0.90186,306.2,147.32,341.83,178.13
5938,1811,2,0.85352,382.27,151.9,420.3,197.15
5939,1811,2,0.00205,67.76,120.0,81.0,131.43
5940,1812,5,0.87256,395.08,2.18,478.56,51.2
5941,1812,5,0.78613,138.81,15.05,460.11,158.47
5942,1812,5,0.7793,0.0,2.18,87.67,87.61
5943,1812,5,0.28931,51.08,1.94,161.86,29.12
5944,1812,5,0.24146,301.89,3.52,431.96,54.24
5945,1812,5,0.15979,183.46,3.64,435.85,59.46
5946,1812,5,0.15918,0.24,1.33,78.14,30.94
5947,1812,5,0.0592,168.17,2.43,438.52,107.75
5948,1812,5,0.05185,151.92,1.94,212.58,25.72
5949,1812,5,0.03732,198.27,0.49,299.22,23.3
5950,1812,5,0.03409,93.07,1.7,160.53,25.48
5951,1812,5,0.01834,148.27,1.7,252.38,25.97
5952,1812,5,0.01805,53.39,1.46,131.41,59.94
5953,1812,5,0.01519,152.4,1.46,305.77,31.06
5954,1812,5,0.01267,0.06,1.94,46.35,31.55
5955,1812,5,0.01017,101.2,2.43,200.69,26.69
5956,1812,5,0.00302,0.36,1.21,88.09,54.12
5957,1812,5,0.00268,50.29,2.43,247.29,38.34
5958,1812,5,0.00214,243.65,0.49,365.96,23.78
5959,1812,5,0.00176,85.0,2.43,180.55,49.51
5960,1812,5,0.00129,339.99,5.1,424.93,60.91
5961,1815,15,0.90186,274.21,74.33,293.59,92.4
5962,1815,15,0.87326,369.25,83.56,388.42,101.6
5963,1816,10,0.87305,238.29,5.6,253.64,19.25
5964,1816,10,0.84912,336.24,9.02,351.83,22.17
5965,1816,17,0.83643,268.02,10.96,280.69,23.63
5966,1816,11,0.83643,276.06,56.41,288.73,71.02
5967,1816,9,0.79443,297.01,17.66,310.17,30.09
5968,1816,9,0.79443,235.61,31.43,254.13,45.08
5969,1816,9,0.64941,284.34,36.3,298.47,50.44
5970,1816,11,0.00356,284.34,36.3,298.47,49.95
5971,1816,14,0.00169,101.6,0.0,143.88,0.24
5972,1816,14,0.00164,0.12,5.36,40.81,240.24
5973,1817,0,0.71875,243.62,84.82,286.04,125.26
5974,1817,12,0.71387,196.28,170.39,242.14,212.8
5975,1817,13,0.40161,243.5,84.08,286.04,125.26
5976,1817,0,0.24658,197.02,170.63,241.4,213.05
5977,1817,1,0.00227,242.64,84.08,285.54,124.52
5978,1821,14,0.8544,167.13,102.85,203.98,209.07
5979,1821,14,0.82112,219.82,96.13,273.75,202.82
5980,1821,5,0.39453,268.1,140.15,348.89,182.03
5981,1821,5,0.01885,0.61,132.98,72.75,189.46
5982,1821,14,0.01851,493.28,106.68,500.0,187.23
5983,1821,5,0.01496,70.25,151.81,175.22,186.87
5984,1821,14,0.0029,491.26,124.41,500.0,195.22
5985,1821,5,0.00235,1.13,128.96,163.26,192.22
5986,1821,14,0.00207,496.37,111.45,500.0,155.72
5987,1821,5,0.0017,201.69,142.66,246.6,182.93
5988,1821,14,0.00153,490.69,127.8,500.0,234.89
5989,1824,10,0.86625,171.84,183.61,184.33,195.02
5990,1824,17,0.7596,126.38,202.33,138.01,214.12
5991,1824,17,0.75724,107.68,194.98,119.07,205.74
5992,1824,9,0.65966,117.02,173.79,132.19,185.33
5993,1824,11,0.56897,131.82,188.17,147.34,200.12
5994,1824,11,0.43435,177.98,197.58,190.76,208.87
5995,1824,10,0.33941,151.33,175.47,165.02,186.95
5996,1824,11,0.33598,103.24,180.77,115.6,192.2
5997,1824,11,0.14303,151.44,175.51,164.88,186.91
5998,1824,9,0.07435,103.43,180.73,115.21,191.81
5999,1824,17,0.01517,118.08,174.35,130.62,184.74
6000,1824,13,0.00533,131.86,189.15,145.9,200.52
6001,1824,11,0.00522,107.33,195.19,118.94,205.61
6002,1824,13,0.00372,126.59,202.55,137.9,214.11
6003,1824,13,0.00254,172.44,184.14,185.23,195.84
6004,1826,7,0.90723,202.59,98.09,237.71,133.2
6005,1826,7,0.8374,240.98,171.95,279.24,200.53
6006,1826,2,0.00624,224.63,10.9,312.91,47.71
6007,1827,5,0.78076,143.31,0.93,472.87,161.28
6008,1827,14,0.00222,463.06,0.0,478.0,86.12
6009,1828,10,0.89551,299.74,173.74,329.77,198.35
6010,1828,9,0.61865,174.48,108.53,205.49,130.68
6011,1828,17,0.32935,45.53,148.15,67.92,169.8
6012,1828,9,0.19678,163.9,213.86,192.94,237.97
6013,1828,11,0.04208,163.65,213.86,192.69,237.97
6014,1828,14,0.00472,470.53,12.18,487.27,43.19
6015,1828,14,0.0041,450.84,11.57,463.64,38.14
6016,1828,14,0.00107,462.16,12.67,472.01,40.73
6017,1838,9,0.75342,141.28,60.3,164.62,77.81
6018,1838,17,0.55078,214.47,18.97,228.82,34.53
6019,1838,9,0.48828,40.73,43.28,60.67,61.76
6020,1838,11,0.396,40.61,43.4,60.79,62.13
6021,1838,17,0.21606,121.28,19.94,139.33,33.07
6022,1838,10,0.01484,496.05,16.78,498.0,25.05
6023,1838,10,0.00175,493.62,17.51,498.0,24.8
6024,1838,10,0.00112,495.57,5.59,498.0,25.05
6025,1839,10,0.9067,165.29,146.8,186.51,171.27
6026,1839,10,0.87551,186.0,116.89,208.61,139.47
6027,1839,17,0.86423,301.45,177.33,321.61,197.75
6028,1839,10,0.71649,237.28,198.59,264.62,221.43
6029,1839,10,0.49162,189.53,186.3,213.59,213.37
6030,1839,17,0.49016,316.26,146.79,336.3,166.87
6031,1839,11,0.45453,240.71,99.49,267.3,119.31
6032,1839,10,0.40563,316.32,146.81,336.12,166.79
6033,1839,11,0.40219,246.85,151.34,268.35,175.83
6034,1845,17,0.88423,217.26,6.07,247.01,35.42
6035,1845,10,0.54634,316.81,16.6,356.26,52.77
6036,1845,12,0.37933,317.22,16.14,357.03,52.97
6037,1845,2,0.03222,316.79,16.16,356.69,53.01
6038,1845,12,0.03164,216.8,5.52,247.33,35.87
6039,1845,2,0.00363,216.83,5.49,246.96,35.58
6040,1845,17,0.00256,317.87,16.1,356.62,52.77
6041,1846,15,0.92598,370.79,159.78,402.82,194.53
6042,1846,15,0.91137,284.88,183.69,314.0,217.96
6043,1846,15,0.00224,0.0,159.04,2.5,173.65
6044,1846,2,0.00107,0.03,158.13,2.18,173.73
6045,1849,4,0.91504,141.85,97.9,189.7,164.79
6046,1849,13,0.89111,335.69,141.85,378.66,185.79
6047,1849,1,0.80176,298.58,44.19,337.65,80.57
6048,1849,0,0.0592,298.1,44.43,337.65,80.32
6049,1850,7,0.88721,286.02,131.75,310.73,148.7
6050,1850,7,0.68408,226.93,181.16,248.0,200.53
6051,1851,14,0.76611,192.87,70.8,208.01,106.93
6052,1851,14,0.49805,185.55,63.96,199.22,101.56
6053,1851,14,0.00967,25.54,46.63,40.31,72.51
6054,1851,14,0.00858,186.4,64.45,208.13,104.98
6055,1851,14,0.00111,221.68,73.36,233.4,87.52
6056,1854,0,0.88086,262.62,181.89,306.39,228.09
6057,1854,3,0.87988,284.02,68.94,342.38,124.86
6058,1854,12,0.87305,198.67,117.08,235.63,155.14
6059,1854,0,0.84717,313.68,8.02,351.62,43.53
6060,1854,12,0.8208,375.2,80.24,415.57,119.39
6061,1854,3,0.80908,168.27,44.01,242.68,86.81
6062,1854,3,0.76758,106.57,168.03,174.59,222.01
6063,1860,2,0.84601,167.73,129.44,194.23,168.42
6064,1860,17,0.80598,186.65,195.84,206.03,214.92
6065,1860,17,0.78804,258.98,158.08,276.72,175.32
6066,1860,2,0.01219,259.69,158.31,276.42,175.33
6067,1860,2,0.00323,100.49,83.74,119.38,103.75
6068,1863,4,0.90345,297.04,73.63,367.0,146.31
6069,1863,12,0.89124,228.39,23.08,269.84,61.46
6070,1863,0,0.87375,210.25,87.43,256.29,134.46
6071,1863,3,0.86375,64.6,53.24,165.21,126.73
6072,1863,13,0.84497,199.63,145.81,248.57,194.54
6073,1863,1,0.03935,209.56,87.25,255.89,133.97
6074,1863,3,0.0142,0.0,127.24,26.19,190.95
6075,1863,3,0.00388,0.08,29.63,30.05,246.22
6076,1863,3,0.00147,0.0,82.06,25.67,170.14
6077,1863,3,0.00119,0.19,117.32,26.87,168.98
6078,1864,14,0.8457,426.27,109.86,449.71,172.85
6079,1864,14,0.8291,318.85,102.29,345.21,171.63
6080,1864,14,0.79688,128.66,82.76,151.61,161.13
6081,1864,14,0.79688,175.05,81.05,200.68,164.55
6082,1864,14,0.6582,112.43,83.25,134.16,162.84
6083,1864,14,0.62451,195.56,93.99,224.61,165.77
6084,1864,14,0.01353,112.3,81.05,150.63,163.09
6085,1864,14,0.01107,178.96,87.16,224.85,166.99
6086,1864,8,0.00175,114.38,79.83,170.78,163.82
6087,1864,14,0.00114,0.04,83.98,11.05,151.37
6088,1864,8,0.00105,422.61,105.1,468.51,174.32
6089,1865,7,0.85019,246.37,40.58,271.13,63.28
6090,1865,7,0.84917,64.69,71.35,98.83,97.26
6091,1867,13,0.9082,343.83,94.55,398.27,147.08
6092,1867,13,0.80322,251.19,47.52,297.98,91.93
6093,1867,1,0.01243,343.59,95.03,397.55,146.6
6094,1867,6,0.00854,0.0,48.95,10.19,104.34
6095,1867,6,0.00377,0.01,48.47,7.37,125.59
6096,1868,7,0.82742,324.64,115.83,343.34,133.65
6097,1868,7,0.07817,221.36,121.43,243.58,139.0
6098,1870,7,0.9113,380.03,140.24,411.2,168.84
6099,1870,7,0.83969,417.44,40.91,441.96,62.6
6100,1870,17,0.83153,449.03,99.92,466.9,118.47
6101,1870,17,0.77519,364.04,80.26,381.4,98.73
6102,1873,2,0.88083,50.79,84.03,88.38,108.08
6103,1873,17,0.77418,300.14,191.0,310.6,201.81
6104,1873,11,0.65504,330.18,190.95,342.62,202.49
6105,1873,10,0.6269,368.1,183.15,381.2,194.52
6106,1873,10,0.60511,374.76,195.34,385.96,206.68
6107,1873,11,0.44249,355.69,209.11,370.12,220.76
6108,1873,17,0.35272,303.38,201.85,313.96,212.58
6109,1873,12,0.29968,339.11,175.06,351.99,186.07
6110,1873,11,0.28568,316.53,178.14,329.14,188.7
6111,1873,10,0.1689,316.47,178.2,328.95,188.66
6112,1873,17,0.03332,301.44,192.92,313.74,212.82
6113,1873,16,0.00738,330.33,191.22,342.95,201.73
6114,1873,17,0.00728,368.94,183.42,381.58,193.94
6115,1873,13,0.00374,303.06,201.96,313.68,212.62
6116,1873,17,0.0033,337.73,176.55,349.96,186.48
6117,1873,11,0.00228,355.83,205.91,391.39,222.56
6118,1874,2,0.85815,414.92,119.15,438.43,147.48
6119,1874,2,0.76015,394.68,169.99,423.97,190.86
6120,1874,2,0.04868,239.44,166.52,269.17,188.07
6121,1877,9,0.93434,163.84,140.95,201.17,173.34
6122,1877,9,0.78145,264.13,131.31,303.42,161.18
6123,1877,11,0.59106,248.57,98.23,280.95,126.19
6124,1877,10,0.26161,161.45,108.69,187.02,136.95
6125,1877,9,0.21141,248.27,98.23,280.72,126.14
6126,1877,10,0.18367,248.3,98.14,280.87,126.12
6127,1877,11,0.07712,161.31,108.84,186.94,137.01
6128,1877,12,0.07451,161.39,108.62,187.07,136.92
6129,1877,6,0.00151,459.32,125.85,485.75,218.96
6130,1881,6,0.89697,147.85,185.38,199.8,212.07
6131,1881,15,0.83643,73.87,184.91,92.57,203.02
6132,1883,3,0.00214,349.14,225.41,369.39,243.49
6133,1886,11,0.92799,291.4,6.51,326.91,38.48
6134,1886,11,0.77161,249.43,207.3,296.04,246.54
6135,1886,10,0.74108,267.26,120.06,307.3,157.47
6136,1886,10,0.64009,173.2,48.69,206.17,87.77
6137,1886,9,0.01821,0.11,170.9,7.56,215.33
6138,1886,2,0.01307,169.67,15.17,185.59,43.21
6139,1886,6,0.00178,0.0,170.03,7.72,216.26
6140,1886,15,0.00128,248.52,207.37,295.94,246.03
6141,1887,5,0.55664,300.37,161.89,349.08,185.76
6142,1887,5,0.41675,194.72,123.21,208.33,134.67
6143,1887,14,0.10522,57.6,150.9,66.8,162.36
6144,1887,5,0.06561,153.53,123.92,168.33,135.86
6145,1887,14,0.04553,60.17,150.9,66.86,159.02
6146,1887,14,0.0386,57.19,155.2,66.38,164.75
6147,1887,5,0.03235,209.64,67.33,251.19,84.52
6148,1887,5,0.02908,182.66,64.71,225.16,82.85
6149,1887,14,0.02821,61.72,152.33,67.45,161.41
6150,1887,8,0.0228,57.19,157.59,66.62,166.66
6151,1887,14,0.01752,16.85,152.81,25.8,162.84
6152,1887,14,0.01572,9.76,148.04,25.13,159.5
6153,1887,5,0.01099,237.58,63.27,281.51,82.38
6154,1887,8,0.0107,56.35,159.98,66.74,170.48
6155,1887,5,0.01061,344.07,85.96,369.38,98.85
6156,1887,5,0.01041,0.0,134.43,38.41,150.19
6157,1887,14,0.01006,6.33,145.89,32.0,158.78
6158,1887,5,0.00982,479.45,116.64,489.0,134.67
6159,1887,14,0.00899,8.09,147.8,20.44,158.3
6160,1887,5,0.00895,185.76,128.46,245.46,168.57
6161,1887,8,0.00861,0.18,155.68,9.06,167.14
6162,1887,5,0.00826,214.89,64.71,246.41,80.47
6163,1887,14,0.00816,60.11,155.68,67.63,163.32
6164,1887,5,0.00735,170.0,65.66,217.28,83.81
6165,1887,8,0.00701,0.38,155.92,14.16,167.85
6166,1887,5,0.00636,292.73,57.07,319.47,67.81
6167,1887,14,0.00617,59.48,147.56,67.33,157.11
6168,1887,5,0.0061,264.08,67.81,299.42,81.18
6169,1887,5,0.00603,241.52,60.89,275.06,75.69
6170,1887,14,0.0053,13.37,156.63,21.01,167.14
6171,1887,5,0.00506,475.15,117.47,488.52,132.28
6172,1887,5,0.00504,477.54,99.33,489.0,112.7
6173,1887,5,0.00485,40.29,123.21,76.88,139.92
6174,1887,5,0.00476,185.05,61.6,215.61,77.36
6175,1887,5,0.00465,460.59,118.67,488.76,134.9
6176,1887,5,0.00449,464.88,99.69,488.28,112.82
6177,1887,5,0.00414,123.21,79.39,164.27,94.43
6178,1887,5,0.00397,479.69,114.13,488.76,127.98
6179,1887,14,0.00381,4.33,148.04,16.98,159.98
6180,1887,5,0.00372,66.86,110.31,111.39,126.07
6181,1887,5,0.00362,469.66,59.45,488.28,70.68
6182,1887,5,0.00361,456.29,79.75,484.94,96.22
6183,1887,5,0.00359,471.81,101.72,489.0,116.04
6184,1887,5,0.00359,195.07,118.43,208.45,131.8
6185,1887,5,0.00358,469.42,67.09,488.52,79.99
6186,1887,5,0.00358,459.87,98.73,479.93,108.52
6187,1887,5,0.00354,160.69,69.6,215.13,87.27
6188,1887,5,0.00344,64.47,105.54,107.21,124.16
6189,1887,5,0.00335,480.17,108.16,488.76,122.73
6190,1887,5,0.00327,473.72,113.89,488.52,128.46
6191,1887,14,0.00316,54.92,153.29,64.71,163.32
6192,1887,8,0.00303,12.24,157.83,20.24,167.85
6193,1887,5,0.00291,85.48,130.85,104.46,143.26
6194,1887,5,0.00286,458.44,120.58,489.0,143.02
6195,1887,5,0.00278,293.69,64.23,319.47,79.99
6196,1887,5,0.00276,482.31,98.85,489.0,110.79
6197,1887,5,0.00275,464.17,113.89,489.0,128.22
6198,1887,5,0.00268,460.83,79.99,483.75,91.93
6199,1887,5,0.00263,269.33,64.95,301.33,78.56
6200,1887,5,0.00263,481.36,110.79,489.0,130.37
6201,1887,5,0.00247,207.25,70.44,251.9,90.49
6202,1887,5,0.00239,274.35,56.59,305.86,69.0
6203,1887,5,0.00239,467.51,161.65,488.52,176.93
6204,1887,5,0.00236,157.11,64.71,208.68,84.76
6205,1887,5,0.00234,37.55,121.06,82.91,135.38
6206,1887,5,0.0023,475.15,108.88,488.52,122.25
6207,1887,5,0.00228,75.87,123.32,110.85,142.31
6208,1887,5,0.00228,93.42,132.76,104.04,143.26
6209,1887,5,0.00225,193.4,56.11,220.15,69.96
6210,1887,5,0.00225,297.03,64.71,329.5,82.85
6211,1887,5,0.00225,464.17,108.16,488.04,122.97
6212,1887,5,0.00217,196.87,113.65,207.61,121.77
6213,1887,5,0.00216,194.12,61.84,222.77,73.78
6214,1887,5,0.00216,254.53,63.39,278.41,77.96
6215,1887,5,0.00212,0.0,131.8,38.41,143.26
6216,1887,5,0.00211,143.74,90.25,175.97,106.49
6217,1887,5,0.00211,0.06,139.92,9.92,164.75
6218,1887,5,0.00209,148.99,96.94,172.87,107.92
6219,1887,5,0.00208,88.94,113.65,111.62,128.46
6220,1887,5,0.00204,463.93,95.39,488.28,107.09
6221,1887,5,0.00203,223.73,66.86,248.32,80.23
6222,1887,5,0.00196,53.1,122.01,90.14,136.81
6223,1887,5,0.00193,253.1,65.78,285.57,79.63
6224,1887,5,0.0019,484.22,65.18,489.0,77.84
6225,1887,5,0.00185,476.11,160.93,489.0,177.17
6226,1887,5,0.00185,244.5,58.5,275.54,71.87
6227,1887,5,0.00181,485.18,161.65,489.0,176.45
6228,1887,5,0.0018,316.37,103.63,359.35,119.38
6229,1887,5,0.00175,466.56,61.48,489.0,77.96
6230,1887,8,0.00169,0.0,147.56,9.56,167.62
6231,1887,5,0.00167,217.28,58.74,249.28,75.45
6232,1887,5,0.00167,256.2,62.32,275.3,73.78
6233,1887,5,0.00165,480.88,100.52,489.0,120.1
6234,1887,5,0.00162,455.81,73.3,483.03,89.3
6235,1887,5,0.00159,458.92,72.11,487.57,82.61
6236,1887,5,0.00155,265.75,60.29,298.22,71.75
6237,1887,5,0.00155,484.7,107.45,489.0,124.4
6238,1887,5,0.00154,203.91,63.87,240.2,79.15
6239,1887,5,0.00152,397.31,89.54,437.9,108.16
6240,1887,5,0.00151,92.76,130.37,111.62,143.74
6241,1887,5,0.0015,468.94,71.63,487.57,81.66
6242,1887,5,0.0015,457.96,113.18,476.58,125.12
6243,1887,5,0.0015,336.9,106.13,359.35,119.03
6244,1887,5,0.00147,326.64,64.23,344.78,74.73
6245,1887,5,0.00147,179.08,113.18,208.92,127.5
6246,1887,5,0.00146,190.42,71.87,230.53,84.29
6247,1887,5,0.00146,455.57,102.91,479.45,121.53
6248,1887,5,0.00145,467.99,80.47,482.31,90.25
6249,1887,5,0.00143,0.01,133.71,11.2,149.95
6250,1887,5,0.00136,477.06,66.14,489.0,79.03
6251,1887,5,0.00136,307.54,64.71,335.71,83.33
6252,1887,5,0.00134,159.26,71.99,210.36,93.48
6253,1887,5,0.00132,99.81,102.67,136.58,127.03
6254,1887,5,0.00132,88.88,124.4,110.85,136.81
6255,1887,5,0.00132,197.7,61.6,225.88,69.96
6256,1887,5,0.00132,478.49,95.27,489.0,107.21
6257,1887,5,0.00129,327.59,68.41,348.6,78.44
6258,1887,5,0.00129,471.81,119.62,489.0,141.11
6259,1887,5,0.00127,224.68,57.07,248.8,69.0
6260,1887,14,0.00127,11.84,158.54,19.07,168.09
6261,1887,5,0.00126,460.83,53.6,489.0,71.03
6262,1887,8,0.00125,12.75,160.45,19.01,168.09
6263,1887,5,0.00124,329.02,68.77,361.5,82.14
6264,1887,14,0.00124,15.85,156.63,21.7,166.18
6265,1887,5,0.00124,325.44,73.3,362.69,89.78
6266,1887,5,0.00124,79.87,117.47,111.39,128.94
6267,1887,5,0.00124,234.23,107.69,271.96,120.58
6268,1887,5,0.00122,320.91,71.39,344.78,87.63
6269,1887,5,0.00122,16.95,49.9,42.26,59.45
6270,1887,5,0.00121,276.5,67.57,299.42,77.84
6271,1887,5,0.00119,0.0,134.43,19.77,148.28
6272,1887,5,0.00118,90.73,122.01,111.27,132.99
6273,1887,5,0.00117,457.48,128.46,487.57,145.65
6274,1887,5,0.00117,463.21,83.57,487.09,94.31
6275,1887,5,0.00116,21.67,120.34,56.71,132.28
6276,1887,5,0.00115,47.43,111.03,92.76,127.03
6277,1887,5,0.00114,478.02,64.35,488.52,74.62
6278,1887,14,0.00114,51.1,149.95,67.21,162.84
6279,1887,5,0.00113,417.37,70.68,464.17,90.25
6280,1887,5,0.00112,179.55,115.92,208.68,134.19
6281,1887,5,0.00112,260.26,62.32,281.27,72.35
6282,1887,14,0.00111,54.74,158.54,65.96,169.05
6283,1887,5,0.00109,39.96,117.71,82.73,129.41
6284,1887,5,0.00109,456.05,115.33,481.84,132.04
6285,1887,5,0.00108,197.7,71.63,241.16,85.48
6286,1887,5,0.00107,461.54,88.94,488.28,101.36
6287,1887,5,0.00107,258.35,70.2,297.98,84.05
6288,1887,5,0.00107,63.27,98.25,101.95,118.55
6289,1887,5,0.00107,317.8,115.8,365.56,133.95
6290,1887,5,0.00106,325.92,71.15,346.93,83.09
6291,1887,5,0.00106,204.15,47.04,243.54,67.81
6292,1887,5,0.00105,52.23,117.0,94.61,130.13
6293,1887,5,0.00104,216.33,79.99,257.39,95.27
6294,1887,5,0.00102,148.99,89.3,178.12,102.67
6295,1887,5,0.00102,42.8,131.8,72.41,140.4
6296,1887,5,0.00102,0.19,146.13,11.95,163.32
6297,1887,5,0.00101,45.84,103.63,90.61,121.77
6298,1892,10,0.91346,198.87,86.92,235.73,117.39
6299,1892,11,0.81202,39.27,134.1,73.49,173.51
6300,1892,11,0.74813,256.41,192.59,290.61,230.31
6301,1892,1,0.34413,118.98,155.82,155.48,191.46
6302,1892,10,0.00789,118.81,156.1,155.8,191.36
6303,1892,2,0.00128,252.24,75.13,306.5,104.45
6304,1892,15,0.00106,39.21,134.29,72.85,173.91
6305,1893,7,0.80534,219.84,89.41,244.4,107.56
6306,1893,7,0.78151,245.11,154.56,268.8,172.48
6307,1893,17,0.00267,469.0,33.77,483.69,44.55
6308,1899,9,0.9417,179.55,142.52,217.68,175.39
6309,1899,11,0.57705,266.67,103.16,299.67,131.18
6310,1899,9,0.56927,282.35,138.26,322.94,168.31
6311,1899,10,0.24602,177.79,109.4,203.07,137.59
6312,1899,11,0.10474,177.18,109.23,203.06,137.29
6313,1899,9,0.00697,266.54,103.01,299.78,131.11
6314,1899,10,0.00191,266.48,103.25,299.65,131.17
6315,1906,5,0.80908,293.31,184.77,340.11,213.71
6316,1906,5,0.7959,78.57,162.09,104.75,178.98
6317,1906,5,0.70068,12.24,158.72,25.27,168.37
6318,1906,5,0.50781,36.3,159.92,45.71,169.57
6319,1906,5,0.354,23.58,154.38,34.37,162.09
6320,1906,5,0.09534,37.0,158.72,49.54,170.29
6321,1906,5,0.03595,349.03,231.56,404.03,247.0
6322,1906,5,0.02405,30.78,174.64,38.56,183.32
6323,1906,5,0.02315,8.46,154.86,15.45,161.13
6324,1906,5,0.0228,350.72,237.83,403.79,247.0
6325,1906,5,0.01942,1.59,162.82,6.86,170.05
6326,1906,5,0.01192,8.15,157.27,14.92,163.06
6327,1906,5,0.00952,31.66,174.15,37.75,181.39
6328,1906,5,0.00701,30.12,177.53,38.99,184.29
6329,1906,5,0.00605,8.86,156.3,16.12,164.02
6330,1906,5,0.00547,78.76,161.13,95.64,172.71
6331,1906,5,0.00326,79.24,159.68,94.43,166.92
6332,1906,5,0.00292,30.39,233.49,51.62,247.0
6333,1906,5,0.00193,2.3,164.02,11.08,171.26
6334,1906,5,0.0019,4.75,154.38,11.86,162.09
6335,1906,5,0.0016,0.58,163.78,7.49,175.84
6336,1906,5,0.00149,22.9,155.34,30.74,164.02
6337,1906,5,0.00148,7.42,159.2,14.06,166.92
6338,1906,5,0.00142,3.51,157.99,9.98,166.68
6339,1906,5,0.00134,8.4,151.96,15.12,159.68
6340,1906,5,0.00128,136.28,152.93,145.45,160.65
6341,1908,2,0.84972,28.76,31.22,67.09,58.76
6342,1908,2,0.84162,154.72,49.22,184.13,77.8
6343,1911,15,0.94644,28.26,90.86,102.15,157.84
6344,1911,15,0.93655,175.34,110.75,231.22,170.75
6345,1911,16,0.0015,28.65,90.28,103.24,157.99
6346,1912,17,0.88965,186.24,133.2,203.2,150.64
6347,1912,9,0.8833,214.34,185.52,235.89,210.22
6348,1912,9,0.88086,259.14,139.02,280.45,159.36
6349,1912,10,0.87402,147.01,160.33,169.29,180.19
6350,1912,10,0.86523,238.31,55.46,255.99,74.84
6351,1912,17,0.8623,216.39,106.8,233.11,123.76
6352,1912,11,0.8457,307.58,169.53,332.77,191.33
6353,1912,3,0.0013,437.63,72.41,470.09,112.13
6354,1912,17,0.00124,214.21,185.52,236.01,210.22
6355,1917,2,0.86328,391.1,75.69,407.82,90.49
6356,1917,2,0.8335,362.45,35.82,376.78,49.19
6357,1917,2,0.80908,415.22,57.9,431.93,72.47
6358,1917,2,0.78516,329.02,51.1,348.13,64.95
6359,1919,4,0.91748,356.99,114.33,402.34,151.96
6360,1919,1,0.8457,308.27,159.2,342.04,190.07
6361,1919,11,0.61328,237.47,136.53,266.3,160.65
6362,1919,0,0.00114,308.75,159.2,342.52,190.07
6363,1919,0,0.00104,307.79,188.39,331.91,197.07
6364,1921,14,0.77246,71.63,27.22,135.38,217.04
6365,1921,14,0.035,74.85,29.85,128.82,142.07
6366,1921,8,0.03424,58.11,87.15,81.54,111.03
6367,1921,14,0.00251,94.43,32.47,129.41,134.43
6368,1921,14,0.00251,101.0,47.52,131.2,153.29
6369,1921,14,0.00207,20.62,29.85,138.13,211.79
6370,1921,14,0.00119,485.18,132.28,489.0,166.66
6371,1922,7,0.86816,346.39,39.87,379.17,66.78
6372,1922,7,0.8501,371.35,128.67,405.59,166.84
6373,1924,16,0.82568,31.69,189.2,55.64,223.98
6374,1924,16,0.81396,88.46,185.86,110.26,215.41
6375,1924,16,0.81396,61.71,185.86,85.19,221.12
6376,1924,14,0.79688,387.45,146.78,426.52,181.09
6377,1924,14,0.78809,282.36,140.11,306.19,203.97
6378,1924,16,0.78271,111.69,187.29,133.2,214.93
6379,1924,8,0.77588,379.34,172.99,433.67,244.48
6380,1924,16,0.77588,0.0,191.58,18.69,229.7
6381,1924,16,0.72656,134.15,186.34,155.12,213.02
6382,1924,16,0.59082,154.53,184.91,174.54,210.64
6383,1924,16,0.23938,175.14,183.0,193.72,207.78
6384,1924,16,0.0824,192.77,182.52,208.97,205.4
6385,1924,16,0.07611,271.16,179.19,282.12,197.3
6386,1924,16,0.02898,207.78,182.05,222.08,203.97
6387,1924,16,0.02263,260.2,179.66,271.64,198.73
6388,1924,14,0.02002,417.23,160.12,429.62,177.28
6389,1924,5,0.01971,459.88,162.03,477.04,180.14
6390,1924,16,0.0164,246.86,179.9,261.16,199.44
6391,1924,16,0.01484,221.6,181.57,236.85,202.54
6392,1924,16,0.01273,234.71,180.62,247.57,199.68
6393,1924,16,0.0109,1.82,191.34,18.02,207.07
6394,1924,14,0.0107,386.49,153.45,405.55,177.76
6395,1924,16,0.00902,0.0,191.58,8.85,209.69
6396,1924,14,0.00874,418.42,159.65,434.15,178.71
6397,1924,14,0.00864,282.6,141.06,306.43,178.23
6398,1924,16,0.00758,308.1,177.28,317.15,191.58
6399,1924,16,0.00634,91.14,187.77,130.7,213.5
6400,1924,16,0.00566,62.79,188.72,108.3,218.27
6401,1924,16,0.00554,0.0,178.71,6.51,194.91
6402,1924,16,0.00554,0.04,191.1,1.51,204.45
6403,1924,16,0.00508,32.64,190.15,78.75,221.6
6404,1924,16,0.00498,0.02,192.05,2.34,210.16
6405,1924,16,0.00477,0.1,191.1,7.59,203.49
6406,1924,16,0.00468,135.34,186.81,170.13,212.07
6407,1924,16,0.00452,0.0,191.58,12.47,215.41
6408,1924,14,0.00449,413.18,158.22,427.48,178.23
6409,1924,16,0.00366,0.09,184.43,6.43,195.87
6410,1924,14,0.00346,407.22,153.93,427.24,179.66
6411,1924,16,0.00342,315.48,179.9,325.02,192.77
6412,1924,16,0.00321,108.83,188.96,164.65,213.74
6413,1924,17,0.00292,485.14,67.67,488.0,81.49
6414,1924,16,0.00289,0.01,182.52,1.56,197.77
6415,1924,16,0.0028,159.17,184.91,211.59,206.83
6416,1924,16,0.00278,300.23,176.8,308.81,191.1
6417,1924,16,0.00268,2.52,191.34,19.51,217.55
6418,1924,16,0.00215,144.4,186.57,193.48,209.93
6419,1924,8,0.00191,426.52,166.8,447.49,189.67
6420,1924,16,0.00187,10.9,195.87,20.22,218.74
6421,1924,16,0.00185,178.47,183.95,234.47,203.97
6422,1924,16,0.00171,280.7,178.23,287.37,196.34
6423,1924,16,0.00167,0.02,178.23,1.92,195.87
6424,1924,16,0.00155,11.29,195.39,20.08,210.64
6425,1924,16,0.00152,0.0,192.29,3.15,226.13
6426,1924,16,0.00148,14.51,199.92,21.65,216.12
6427,1924,14,0.00126,407.94,151.55,432.72,173.95
6428,1924,14,0.00112,385.54,147.02,431.29,207.07
6429,1924,5,0.0011,482.28,161.08,488.0,185.86
6430,1924,16,0.00107,68.74,187.29,85.78,214.93
6431,1925,14,0.58301,400.55,7.92,507.0,246.57
6432,1925,15,0.35132,276.28,157.94,339.65,201.51
6433,1925,14,0.00295,429.76,55.21,506.5,250.78
6434,1925,14,0.00198,322.82,8.17,507.0,251.27
6435,1925,14,0.00117,52.23,163.64,83.55,240.38
6436,1926,10,0.8833,164.39,182.6,182.11,198.35
6437,1926,11,0.86621,200.81,119.85,213.86,133.63
6438,1926,17,0.86426,205.73,188.51,219.52,202.29
6439,1926,10,0.85693,272.92,181.62,291.13,197.37
6440,1926,9,0.82324,211.27,148.15,225.54,162.91
6441,1926,17,0.80322,260.37,146.18,278.09,160.95
6442,1926,17,0.72803,235.27,184.57,248.8,198.35
6443,1926,9,0.02527,235.27,184.82,248.55,198.6
6444,1926,14,0.00639,329.27,27.81,341.09,57.09
6445,1928,14,0.87305,64.58,114.85,96.63,185.43
6446,1928,14,0.85107,26.3,122.31,55.47,190.32
6447,1928,5,0.83936,279.37,110.21,409.51,182.49
6448,1928,14,0.83447,104.58,106.78,132.47,190.81
6449,1928,14,0.78418,0.99,121.83,27.73,191.79
6450,1928,5,0.6792,196.93,122.31,237.53,152.65
6451,1928,5,0.60205,157.05,121.83,186.41,146.29
6452,1928,5,0.05359,469.69,114.12,501.0,151.18
6453,1928,14,0.03333,0.03,110.57,9.74,186.41
6454,1928,14,0.01155,0.0,114.12,5.86,163.9
6455,1928,14,0.00845,0.0,141.4,4.91,187.39
6456,1928,5,0.0052,237.53,119.99,256.62,140.42
6457,1928,14,0.00483,0.03,149.71,2.89,185.92
6458,1928,14,0.00338,0.0,110.08,8.97,152.65
6459,1928,5,0.00285,470.67,117.3,501.0,139.93
6460,1928,5,0.00203,268.6,110.33,307.25,135.77
6461,1928,5,0.00169,279.86,109.96,400.7,153.14
6462,1928,14,0.0012,26.07,149.71,39.26,189.83
6463,1928,14,0.00106,0.21,147.27,8.8,190.32
6464,1930,16,0.67618,174.65,112.64,231.35,178.08
6465,1930,2,0.01159,466.08,42.81,488.07,66.12
6466,1930,16,0.00724,328.33,57.91,362.61,95.23
6467,1930,16,0.00324,175.33,77.0,215.49,142.86
6468,1930,16,0.00186,175.61,76.77,211.84,118.01
6469,1930,5,0.00114,305.03,12.65,319.08,32.22
6470,1931,9,0.94043,333.67,125.25,367.92,160.48
6471,1931,9,0.92676,366.45,152.65,400.7,186.41
6472,1931,11,0.91064,412.93,116.2,449.14,145.55
6473,1931,9,0.89551,349.33,101.28,377.71,133.57
6474,1931,11,0.78125,250.26,94.92,279.12,123.78
6475,1931,9,0.66553,265.18,170.02,307.25,203.78
6476,1931,11,0.41309,265.18,170.26,307.25,203.53
6477,1933,6,0.89014,237.83,43.84,286.75,79.44
6478,1933,15,0.85303,391.38,48.44,413.66,68.3
6479,1936,17,0.88574,133.98,147.6,145.66,159.27
6480,1936,9,0.84082,159.03,173.38,174.11,186.99
6481,1936,9,0.84082,219.33,175.08,233.44,190.64
6482,1936,10,0.8335,285.47,210.58,299.58,225.17
6483,1936,11,0.00874,490.22,178.0,498.0,194.53
6484,1936,11,0.00232,492.65,181.16,498.0,190.88
6485,1942,10,0.87699,316.25,80.13,334.48,99.45
6486,1942,10,0.86399,230.84,130.36,247.79,151.07
6487,1942,9,0.85547,232.2,71.7,249.28,94.19
6488,1942,17,0.85153,132.1,108.71,148.95,125.33
6489,1942,10,0.81839,324.39,17.83,341.8,35.08
6490,1942,17,0.06046,325.27,164.54,351.23,191.17
6491,1942,6,0.02738,70.23,33.04,124.47,81.15
6492,1942,6,0.01784,0.0,67.96,4.61,102.28
6493,1942,9,0.00532,0.01,68.06,4.06,98.4
6494,1942,6,0.003,0.0,67.79,5.22,147.43
6495,1942,6,0.0017,0.2,62.38,23.37,150.02
6496,1942,6,0.00135,0.5,30.46,29.48,101.0
6497,1950,15,0.94719,241.79,92.05,313.98,156.92
6498,1950,15,0.94069,388.7,103.82,447.86,164.57
6499,1950,16,0.00197,242.26,91.17,314.91,156.86
6500,1952,5,0.87744,103.33,63.05,135.46,83.19
6501,1952,5,0.80811,439.69,74.56,491.0,103.09
6502,1952,5,0.75049,0.04,72.4,10.52,93.98
6503,1952,5,0.62256,19.54,54.9,38.48,74.08
6504,1952,5,0.00997,0.01,60.3,11.39,91.46
6505,1952,5,0.00587,0.03,70.96,7.27,87.99
6506,1952,14,0.005,485.25,99.25,491.0,152.96
6507,1952,5,0.00406,0.0,70.96,11.69,105.49
6508,1952,8,0.00352,338.76,71.2,358.9,85.11
6509,1952,5,0.00329,26.13,18.94,96.2,76.48
6510,1952,5,0.00251,0.03,58.26,7.59,78.88
6511,1952,14,0.00169,321.74,76.72,333.25,92.54
6512,1952,5,0.00162,0.0,0.0,21.32,16.3
6513,1954,2,0.86523,52.43,65.38,70.85,88.14
6514,1954,2,0.84315,70.89,38.45,89.47,60.76
6515,1955,2,0.83466,353.92,34.71,369.95,56.19
6516,1955,2,0.82099,404.01,49.3,420.45,70.99
6517,1957,16,0.92871,82.39,118.43,149.73,193.17
6518,1957,16,0.90381,262.09,83.97,308.68,138.33
6519,1957,5,0.89062,81.05,0.49,340.72,110.42
6520,1957,5,0.88916,0.0,5.1,94.04,91.97
6521,1957,5,0.00274,26.94,96.34,461.81,242.43
6522,1957,16,0.00177,83.97,120.37,148.52,164.53
6523,1957,8,0.00118,0.03,44.17,5.16,94.64
6524,1959,14,0.81376,105.46,0.63,175.91,239.69
6525,1959,8,0.78416,65.89,75.63,93.06,114.51
6526,1959,14,0.32234,66.24,55.1,92.21,85.03
6527,1959,14,0.14673,108.56,1.79,161.91,174.85
6528,1959,14,0.01885,484.54,56.3,489.0,98.09
6529,1959,16,0.01871,482.39,57.12,489.0,97.41
6530,1959,16,0.01018,485.07,57.8,489.0,97.24
6531,1959,16,0.00204,486.05,82.57,489.0,98.83
6532,1959,8,0.00152,65.89,63.73,91.92,95.38
6533,1959,14,0.00146,481.45,44.35,489.0,97.59
6534,1959,8,0.00137,59.57,48.32,102.85,115.16
6535,1959,14,0.00135,0.01,36.13,3.86,90.17
6536,1959,14,0.00121,0.04,26.36,6.08,101.49
6537,1959,14,0.00107,467.03,59.71,489.0,95.8
6538,1959,16,0.00105,467.96,58.95,489.0,97.08
6539,1959,14,0.00101,68.73,63.91,92.5,87.33
6540,1961,2,0.78809,408.22,103.23,439.91,134.92
6541,1961,2,0.6001,438.43,72.29,457.74,101.0
6542,1961,2,0.03732,0.0,40.1,6.11,74.27
6543,1961,16,0.00374,498.09,110.66,507.0,140.86
6544,1961,2,0.00339,0.12,51.49,7.3,89.62
6545,1961,2,0.00267,153.98,111.9,182.7,137.89
6546,1961,2,0.00252,0.0,49.51,5.29,83.92
6547,1961,16,0.00191,496.11,112.27,507.0,157.94
6548,1961,2,0.00171,502.05,110.66,507.0,139.38
6549,1961,2,0.00167,0.11,85.66,14.37,105.96
6550,1961,2,0.00155,0.0,31.44,4.04,69.07
6551,1961,2,0.00144,502.05,174.28,507.0,204.48
6552,1961,2,0.00112,498.58,90.11,507.0,135.66
6553,1964,10,0.86084,169.04,13.16,185.07,26.56
6554,1964,17,0.84473,99.83,16.03,112.75,28.47
6555,1964,10,0.84082,68.91,10.29,84.46,24.88
6556,1964,9,0.80908,66.39,37.08,85.3,50.96
6557,1964,11,0.80176,108.14,62.21,121.78,77.04
6558,1964,9,0.76758,116.94,41.39,131.35,55.75
6559,1964,9,0.61328,129.68,22.25,143.08,34.93
6560,1964,11,0.01029,0.0,84.22,4.73,109.1
6561,1964,17,0.00377,130.99,22.25,142.48,33.97
6562,1964,11,0.00294,0.03,79.91,6.34,112.45
6563,1967,2,0.87891,315.63,108.69,351.62,153.92
6564,1972,15,0.93625,438.85,184.47,485.0,245.63
6565,1972,15,0.00854,436.88,183.99,485.0,245.79
6566,1973,12,0.87061,255.39,150.29,289.16,183.58
6567,1973,12,0.84814,208.19,145.53,242.67,180.72
6568,1973,12,0.84717,285.83,141.25,318.64,176.44
6569,1973,12,0.84717,317.69,146.96,356.69,182.15
6570,1973,12,0.77197,304.38,124.6,347.18,154.09
6571,1973,12,0.07751,352.88,126.03,376.66,171.21
6572,1973,14,0.05646,435.64,9.04,487.0,198.32
6573,1973,14,0.03333,360.49,2.62,487.0,189.05
6574,1973,12,0.03186,273.22,126.03,310.32,153.14
6575,1973,14,0.01473,281.07,0.95,487.0,138.63
6576,1973,12,0.01234,256.34,134.35,288.68,158.61
6577,1973,12,0.01155,264.9,129.83,287.73,154.57
6578,1973,12,0.01041,282.97,143.86,325.78,191.42
6579,1973,12,0.01013,220.67,129.83,285.83,170.74
6580,1973,12,0.00885,332.91,120.09,371.91,166.22
6581,1973,12,0.00749,359.07,133.16,398.54,170.26
6582,1973,12,0.00598,319.59,135.07,413.76,206.4
6583,1973,12,0.00361,175.97,116.99,219.72,152.66
6584,1973,12,0.0028,261.33,126.39,306.52,157.89
6585,1973,12,0.0027,338.62,114.14,407.58,169.78
6586,1973,12,0.00262,256.34,148.62,285.83,161.94
6587,1973,12,0.00241,351.22,138.16,368.34,170.02
6588,1973,12,0.00181,296.05,125.55,318.4,143.15
6589,1973,12,0.00128,215.2,135.07,248.49,175.97
6590,1973,2,0.00102,176.68,116.99,219.01,151.24
6591,1980,5,0.87468,356.17,113.4,473.79,174.92
6592,1980,14,0.42212,390.32,45.54,398.7,65.51
6593,1980,14,0.3679,486.84,57.12,494.0,93.23
6594,1980,8,0.2917,379.46,51.96,394.6,66.38
6595,1980,14,0.20599,395.48,45.63,403.11,66.15
6596,1980,14,0.19831,392.7,45.58,401.28,65.75
6597,1980,8,0.09147,0.0,15.99,8.42,29.25
6598,1980,8,0.05375,384.07,49.25,396.0,66.36
6599,1980,14,0.03815,388.02,47.02,396.69,65.95
6600,1980,14,0.03638,385.33,46.17,391.61,55.76
6601,1980,5,0.03293,0.0,0.43,16.08,20.05
6602,1980,14,0.02774,381.6,48.53,389.04,58.69
6603,1980,8,0.02582,478.38,53.43,492.83,71.1
6604,1980,14,0.02469,384.06,47.48,392.47,59.59
6605,1980,8,0.02252,0.03,17.57,4.91,29.97
6606,1980,14,0.01646,382.43,46.77,388.79,56.54
6607,1980,14,0.01268,489.99,55.53,494.0,77.0
6608,1980,14,0.01116,482.27,51.68,493.4,71.03
6609,1980,14,0.00891,487.17,55.53,494.0,116.37
6610,1980,8,0.00712,465.19,56.6,483.84,71.44
6611,1980,8,0.0064,4.75,19.46,12.62,28.23
6612,1980,8,0.00525,388.94,45.89,401.92,66.38
6613,1980,8,0.004,466.02,57.97,478.88,70.35
6614,1980,8,0.00306,1.08,16.08,13.09,28.59
6615,1980,14,0.00282,477.97,54.92,494.0,94.49
6616,1980,8,0.002,0.46,1.01,18.57,15.57
6617,1980,14,0.00188,4.23,11.3,12.64,22.83
6618,1980,14,0.00166,475.88,53.09,491.94,70.83
6619,1980,14,0.00159,390.18,44.41,396.6,54.35
6620,1980,8,0.00149,378.74,47.13,390.47,66.75
6621,1980,14,0.00116,391.56,44.33,397.96,55.98
6622,1981,14,0.86749,142.67,78.3,178.53,166.1
6623,1981,14,0.85799,113.74,82.32,139.01,164.51
6624,1981,14,0.80863,204.38,76.31,239.44,172.01
6625,1981,14,0.80574,265.96,107.42,303.02,162.48
6626,1981,5,0.78413,410.37,131.49,479.38,172.79
6627,1981,14,0.73076,377.3,98.86,408.84,173.12
6628,1981,5,0.01078,487.19,122.97,500.0,173.18
6629,1981,5,0.00275,478.39,101.44,500.0,144.47
6630,1981,5,0.00249,489.8,134.76,500.0,170.58
6631,1981,8,0.00208,102.56,79.41,153.75,164.5
6632,1981,8,0.00173,199.91,78.38,247.18,172.16
6633,1981,14,0.00156,0.0,91.42,8.31,210.48
6634,1981,5,0.00109,480.97,129.06,499.84,174.84
6635,1982,2,0.8833,331.13,185.14,356.26,218.5
6636,1982,2,0.87988,398.32,140.91,420.56,172.33
6637,1982,2,0.8623,314.21,92.09,334.51,120.85
6638,1982,2,0.85693,199.64,136.8,223.81,167.74
6639,1984,17,0.90295,222.25,211.24,236.02,224.68
6640,1984,17,0.87295,191.77,212.49,205.27,225.94
6641,1984,10,0.86121,216.19,170.71,232.18,183.77
6642,1984,10,0.8376,186.42,171.07,201.32,184.74
6643,1984,11,0.73213,248.25,181.42,263.42,194.85
6644,1984,11,0.6198,197.38,192.32,215.37,206.85
6645,1984,9,0.44627,157.54,184.29,174.28,199.18
6646,1984,17,0.41472,160.39,199.42,174.85,213.11
6647,1984,10,0.19914,160.21,199.49,174.86,213.3
6648,1984,10,0.04261,157.69,184.31,174.19,199.11
6649,1984,13,0.00215,191.92,212.71,205.49,225.98
6650,1984,13,0.00152,198.04,192.59,216.09,207.1
6651,1984,17,0.00111,157.77,184.38,174.67,199.12
6652,1985,0,0.92041,181.73,23.14,233.03,76.6
6653,1985,4,0.89746,271.87,0.72,360.1,44.11
6654,1985,3,0.84912,39.56,17.14,130.06,119.99
6655,1985,13,0.80664,187.72,95.18,241.9,148.88
6656,1985,3,0.09534,291.05,75.04,340.44,127.78
6657,1985,1,0.02116,181.25,23.73,233.03,76.48
6658,1985,3,0.00303,0.01,147.44,15.73,208.34
6659,1985,3,0.00281,285.78,76.96,339.96,156.31
6660,1985,15,0.0016,181.25,23.85,233.03,76.36
6661,1987,17,0.90137,119.18,166.03,137.29,183.71
6662,1987,10,0.89697,60.23,112.73,79.39,130.91
6663,1987,10,0.88428,132.38,195.5,152.03,217.12
6664,1987,9,0.87256,193.29,161.12,214.9,182.73
6665,1987,17,0.85889,100.21,146.38,117.65,163.08
6666,1987,9,0.84277,159.64,128.7,181.26,145.4
6667,1987,11,0.83203,212.08,110.4,232.96,126.12
6668,1987,14,0.00194,337.46,29.96,361.53,84.0
6669,1990,6,0.88514,301.28,125.19,370.75,163.87
6670,1990,15,0.80979,379.77,176.16,415.49,213.2
6671,1990,17,0.65503,264.92,93.98,285.96,115.7
6672,1990,2,0.06022,395.38,114.41,416.8,136.42
6673,1990,17,0.0128,395.22,114.3,416.38,136.23
6674,1990,14,0.00121,289.16,187.66,304.06,236.08
6675,1993,7,0.85986,386.92,49.22,415.18,76.99
6676,1993,15,0.00404,401.54,2.44,422.98,21.93
6677,1993,15,0.00102,405.92,11.45,422.49,21.69
6678,1994,6,0.00289,439.63,83.26,462.23,101.93
6679,1996,16,0.86865,138.33,218.47,214.28,254.97
6680,1996,14,0.79688,146.22,133.65,162.99,181.98
6681,1996,14,0.75049,251.64,150.42,268.28,184.94
6682,1996,14,0.74463,163.73,158.8,191.35,191.35
6683,1996,14,0.72949,120.09,136.36,133.15,165.46
6684,1996,14,0.72168,33.54,129.21,47.34,158.8
6685,1996,16,0.70898,212.31,197.51,239.43,215.76
6686,1996,14,0.68066,179.27,142.03,189.62,162.25
6687,1996,14,0.60742,17.54,126.5,31.81,157.57
6688,1996,14,0.58301,0.01,118.73,15.23,167.18
6689,1996,14,0.37573,44.88,144.99,55.17,157.81
6690,1996,16,0.21082,127.24,177.05,189.62,205.65
6691,1996,14,0.20435,56.59,136.61,69.41,160.28
6692,1996,16,0.16028,90.68,175.57,190.36,206.14
6693,1996,16,0.04272,0.03,164.22,19.36,187.9
6694,1996,14,0.03409,159.29,151.65,169.65,169.9
6695,1996,16,0.02887,0.99,165.46,129.7,198.5
6696,1996,14,0.02748,0.2,111.95,17.01,144.99
6697,1996,14,0.0173,58.78,136.36,68.43,155.1
6698,1996,14,0.01501,23.06,126.74,33.04,152.39
6699,1996,16,0.01434,100.36,169.9,174.83,203.43
6700,1996,16,0.01317,0.05,163.24,26.23,192.83
6701,1996,14,0.00845,52.8,135.13,62.23,158.8
6702,1996,14,0.00787,15.6,123.78,26.45,145.48
6703,1996,14,0.00669,3.38,113.92,22.87,139.07
6704,1996,16,0.00624,82.85,177.29,198.5,224.14
6705,1996,16,0.00582,2.47,160.77,101.84,193.81
6706,1996,14,0.00474,42.01,140.55,51.38,157.81
6707,1996,14,0.00465,46.79,137.1,67.19,159.79
6708,1996,14,0.00459,238.2,147.95,249.05,168.66
6709,1996,14,0.00377,182.22,141.54,193.07,161.26
6710,1996,16,0.00329,152.88,180.0,190.85,206.64
6711,1996,16,0.00322,48.82,169.16,144.25,198.75
6712,1996,14,0.00315,147.95,132.17,158.8,144.5
6713,1996,16,0.00276,1.79,162.0,103.93,212.8
6714,1996,16,0.00255,0.25,162.74,38.78,201.21
6715,1996,14,0.00241,99.43,140.06,109.67,158.8
6716,1996,16,0.00227,130.69,180.0,167.43,202.2
6717,1996,14,0.00225,6.21,111.7,21.78,125.51
6718,1996,14,0.00224,189.74,144.5,196.9,159.79
6719,1996,16,0.0022,4.81,167.68,142.77,224.39
6720,1996,14,0.00219,0.02,111.7,10.48,137.84
6721,1996,14,0.00218,12.48,116.63,25.92,140.31
6722,1996,14,0.00202,46.91,142.52,62.45,159.79
6723,1996,14,0.00184,51.69,134.63,60.32,153.87
6724,1996,14,0.00183,118.48,135.13,126.0,151.89
6725,1996,16,0.00182,0.99,162.74,65.47,210.58
6726,1996,14,0.0018,91.67,138.83,99.06,157.07
6727,1996,14,0.00174,0.0,114.29,9.25,150.91
6728,1996,14,0.00173,36.09,128.1,46.57,142.03
6729,1996,16,0.00173,196.53,196.77,239.18,215.51
6730,1996,14,0.00154,120.39,135.62,133.15,152.39
6731,1996,16,0.00146,52.4,170.63,182.1,225.87
6732,1996,14,0.00146,65.1,142.52,80.88,168.17
6733,1996,14,0.00145,25.52,127.36,34.89,141.04
6734,1996,14,0.00144,41.18,130.2,52.65,157.32
6735,1996,16,0.00141,42.41,166.2,116.76,195.29
6736,1996,14,0.00129,58.13,134.14,79.09,168.66
6737,1996,14,0.00127,178.77,147.46,190.11,166.2
6738,1996,14,0.00124,146.22,133.4,157.81,149.18
6739,1996,16,0.00113,136.98,218.23,181.85,255.71
6740,1996,14,0.00112,145.24,132.66,155.59,162.25
6741,1996,14,0.00112,64.6,138.09,77.43,163.73
6742,1996,14,0.00107,174.09,141.54,188.88,164.22
6743,1998,14,0.85357,136.98,124.64,166.03,203.03
6744,1998,14,0.83991,107.72,125.3,140.0,200.0
6745,1998,14,0.82893,430.82,135.39,466.41,231.19
6746,1998,14,0.80981,268.16,116.41,304.06,223.03
6747,1998,14,0.79799,333.15,136.3,357.68,220.62
6748,1998,14,0.79463,357.71,120.95,403.45,232.35
6749,1998,8,0.00113,106.38,120.95,156.76,201.04
6750,2001,6,0.86865,291.21,178.12,361.1,210.16
6751,2001,15,0.85791,418.13,172.79,439.97,196.08
6752,2003,14,0.76434,177.83,95.7,221.89,141.48
6753,2003,8,0.75139,164.37,127.53,225.99,217.69
6754,2003,8,0.64557,242.9,101.25,297.85,158.05
6755,2003,16,0.17668,5.48,133.67,23.04,157.02
6756,2003,16,0.11813,0.08,132.85,6.93,157.99
6757,2003,16,0.1133,21.67,133.32,36.27,155.43
6758,2003,16,0.0715,35.46,133.36,50.64,154.09
6759,2003,16,0.02998,61.52,132.46,75.9,151.52
6760,2003,8,0.01921,300.85,115.24,313.86,140.41
6761,2003,16,0.01739,123.6,129.89,132.62,146.32
6762,2003,16,0.01682,49.33,132.73,62.03,152.51
6763,2003,16,0.01666,131.24,130.33,141.78,146.19
6764,2003,16,0.01545,115.92,129.92,124.46,146.74
6765,2003,16,0.01315,106.31,130.5,116.89,147.51
6766,2003,16,0.01028,95.83,130.01,106.76,148.74
6767,2003,16,0.00833,85.87,130.5,97.28,149.92
6768,2003,16,0.00744,138.11,123.39,147.67,134.66
6769,2003,16,0.00742,75.01,131.75,86.7,150.19
6770,2003,14,0.00134,481.49,135.42,488.0,184.63
6771,2003,8,0.00127,265.25,119.17,294.07,158.25
6772,2003,8,0.00124,483.28,172.3,488.0,212.89
6773,2003,16,0.001,0.0,138.67,3.36,171.29
6774,2005,2,0.87047,64.48,202.38,87.44,231.44
6775,2005,2,0.8481,166.01,194.37,186.08,223.62
6776,2011,15,0.57568,276.28,157.69,338.66,201.27
6777,2011,14,0.22949,416.89,7.43,507.0,247.06
6778,2011,14,0.00644,358.46,7.06,507.0,250.53
6779,2011,14,0.00494,437.44,80.21,506.26,253.0
6780,2011,14,0.0019,278.26,0.12,318.86,37.26
6781,2012,14,0.82257,190.29,111.67,226.1,204.88
6782,2012,14,0.77799,321.36,91.25,374.26,201.29
6783,2012,14,0.34155,490.51,134.76,500.0,188.98
6784,2012,14,0.01572,483.97,135.81,499.9,189.46
6785,2012,5,0.01236,59.78,153.77,164.79,189.31
6786,2012,14,0.00812,0.04,133.7,13.81,199.87
6787,2012,14,0.00563,34.74,131.98,61.34,164.67
6788,2012,14,0.00173,0.04,136.83,8.36,235.39
6789,2012,5,0.00139,0.0,130.93,159.74,195.47
6790,2012,14,0.0011,493.25,131.49,500.0,173.88
6791,2014,7,0.8335,241.17,182.85,259.38,200.07
6792,2014,7,0.80322,300.73,175.22,319.43,192.94
6793,2014,17,0.0068,223.95,110.0,234.77,120.34
6794,2014,17,0.00407,142.0,25.35,151.35,33.47
6795,2014,17,0.00251,235.76,126.98,246.09,135.35
6796,2015,3,0.88272,112.41,77.53,183.29,123.14
6797,2015,3,0.87866,246.78,28.1,290.94,65.43
6798,2015,1,0.8721,183.13,87.67,222.57,128.57
6799,2015,13,0.8507,255.5,76.07,293.07,114.5
6800,2015,3,0.83183,175.37,47.73,242.03,74.46
6801,2015,4,0.00573,0.03,217.43,12.87,231.99
6802,2015,4,0.00512,0.01,207.81,12.7,232.18
6803,2015,4,0.00433,0.04,183.67,13.16,232.32
6804,2018,14,0.91649,170.36,107.03,209.98,217.64
6805,2018,14,0.84282,224.1,102.68,262.22,213.33
6806,2018,5,0.005,292.17,140.79,369.19,183.95
6807,2018,5,0.00455,0.49,155.04,86.91,205.46
6808,2018,14,0.0014,488.25,112.46,500.0,190.47
6809,2020,2,0.87032,232.79,176.7,249.22,198.47
6810,2020,2,0.85637,250.15,150.4,267.21,171.48
6811,2024,14,0.86816,310.08,12.96,479.39,243.02
6812,2024,14,0.02042,275.13,55.64,345.51,170.97
6813,2024,14,0.0028,341.47,1.19,478.44,132.21
6814,2024,14,0.00128,267.75,0.95,345.28,177.39
6815,2025,15,0.87256,417.71,90.37,436.45,109.85
6816,2027,13,0.87356,210.0,20.55,246.62,58.95
6817,2027,3,0.87035,78.18,36.23,147.33,76.77
6818,2027,3,0.86798,101.52,4.54,151.81,37.51
6819,2027,1,0.85397,194.28,58.87,235.29,100.37
6820,2027,3,0.8396,132.41,78.57,180.03,139.87
6821,2029,10,0.87158,445.63,138.86,461.01,154.23
6822,2029,17,0.82324,285.4,93.33,297.89,104.86
6823,2029,9,0.80811,313.75,115.55,329.12,128.77
6824,2029,9,0.77441,374.29,110.99,388.7,126.36
6825,2029,10,0.00571,285.88,93.45,297.41,104.98
6826,2029,11,0.0013,285.64,93.69,297.65,104.74
6827,2030,17,0.59473,169.24,80.73,184.56,96.29
6828,2030,17,0.54297,224.44,125.96,244.38,145.41
6829,2030,10,0.31226,176.05,176.05,196.96,198.42
6830,2030,17,0.25391,176.29,176.05,196.72,198.42
6831,2030,9,0.21863,224.68,125.96,244.14,145.41
6832,2030,9,0.18958,176.17,176.05,196.84,198.91
6833,2030,17,0.01956,131.31,130.58,148.09,151.49
6834,2030,17,0.00251,342.86,117.93,359.4,133.5
6835,2034,14,0.84059,57.75,119.04,97.94,224.65
6836,2034,14,0.7932,92.63,125.41,120.34,192.73
6837,2034,14,0.70322,421.81,88.88,445.12,152.98
6838,2034,14,0.56336,371.76,105.83,386.75,129.88
6839,2034,8,0.53706,406.39,110.73,427.83,135.08
6840,2034,8,0.53178,465.66,107.58,485.78,131.56
6841,2034,8,0.33896,368.1,114.23,393.28,137.06
6842,2034,14,0.10819,45.59,137.47,58.25,181.45
6843,2034,14,0.0153,453.64,103.17,465.42,125.64
6844,2034,8,0.01295,482.97,104.8,493.9,129.84
6845,2034,14,0.00974,488.4,104.03,494.0,128.1
6846,2034,14,0.00748,476.75,95.76,494.0,126.04
6847,2034,14,0.00361,485.57,106.82,493.91,129.1
6848,2034,14,0.00259,418.69,88.96,432.62,125.56
6849,2034,14,0.00231,471.81,102.51,493.66,129.2
6850,2034,8,0.002,487.93,106.96,494.0,129.63
6851,2034,14,0.00164,372.21,105.22,393.46,134.1
6852,2034,8,0.00162,441.04,106.26,462.16,131.4
6853,2034,8,0.0016,450.57,102.87,464.42,125.28
6854,2034,8,0.00151,466.84,105.56,493.96,130.4
6855,2034,14,0.0014,62.59,111.41,145.84,228.06
6856,2034,14,0.00119,60.34,119.35,90.52,150.39
6857,2034,14,0.00101,82.68,119.24,127.02,195.69
6858,2035,2,0.78514,406.22,198.14,432.75,225.37
6859,2035,2,0.73417,367.01,192.51,399.39,213.9
6860,2035,2,0.3685,212.55,227.59,232.3,248.73
6861,2035,2,0.07053,429.07,169.22,447.11,193.87
6862,2035,2,0.00775,364.74,187.38,388.29,212.35
6863,2035,2,0.00475,225.67,163.55,244.91,202.0
6864,2035,2,0.0028,0.12,152.55,8.27,192.12
6865,2035,2,0.00268,489.34,124.48,495.0,150.66
6866,2036,8,0.86084,352.22,143.74,442.0,212.8
6867,2036,14,0.62451,361.71,112.23,374.66,142.44
6868,2036,14,0.14612,30.05,132.95,40.2,154.53
6869,2036,8,0.14221,0.03,144.17,3.65,159.71
6870,2036,8,0.09302,0.01,141.36,6.93,159.92
6871,2036,14,0.05646,357.4,111.79,368.62,145.46
6872,2036,14,0.0376,0.0,124.74,7.65,151.51
6873,2036,8,0.03607,0.0,138.77,4.45,160.35
6874,2036,14,0.02615,0.0,136.83,2.97,159.71
6875,2036,14,0.01133,0.02,129.92,6.6,160.14
6876,2036,8,0.00516,0.16,139.42,10.52,159.28
6877,2036,5,0.0047,1.13,137.69,26.21,158.41
6878,2036,14,0.00465,0.13,127.33,14.2,161.43
6879,2036,14,0.00282,55.9,126.9,66.04,151.07
6880,2036,5,0.00242,0.23,137.69,11.42,159.28
6881,2036,14,0.00232,353.08,111.47,366.89,145.89
6882,2036,14,0.0021,26.98,131.43,38.69,155.17
6883,2036,8,0.00197,419.12,158.84,442.0,209.78
6884,2036,14,0.00185,361.71,111.79,382.43,144.6
6885,2036,14,0.0015,0.01,117.3,4.27,145.03
6886,2036,14,0.0015,20.69,131.22,33.05,155.39
6887,2036,14,0.00135,365.6,113.09,376.82,142.44
6888,2036,8,0.00128,0.0,146.54,3.9,167.26
6889,2036,8,0.00126,427.76,165.75,442.0,211.94
6890,2036,14,0.00123,0.15,126.9,11.38,152.8
6891,2036,8,0.00107,404.02,159.06,442.0,209.56
6892,2037,2,0.00528,475.49,210.8,484.0,243.89
6893,2037,14,0.00109,387.11,101.15,483.53,243.42
6894,2042,6,0.88721,175.39,42.87,237.84,84.35
6895,2042,15,0.85205,289.47,105.79,316.2,137.13
6896,2042,5,0.00126,91.04,152.57,144.73,184.84
6897,2043,10,0.7959,211.35,149.01,252.52,193.3
6898,2043,13,0.78809,117.17,118.19,159.12,158.15
6899,2043,10,0.04794,116.99,116.99,159.12,157.91
6900,2043,3,0.00851,211.6,150.21,252.76,193.54
6901,2043,6,0.00743,485.3,0.48,493.0,39.48
6902,2043,2,0.00316,211.35,149.73,252.76,194.02
6903,2043,2,0.00257,117.35,117.71,159.0,158.64
6904,2049,15,0.9541,176.27,83.26,254.66,156.56
6905,2049,16,0.00155,177.2,83.03,255.13,155.86
6906,2050,15,0.89893,260.88,180.0,281.6,197.76
6907,2051,17,0.861,285.61,131.54,299.58,146.05
6908,2051,10,0.85567,188.44,110.44,205.3,127.43
6909,2051,17,0.83552,278.43,149.17,292.6,163.87
6910,2051,10,0.8276,177.86,128.51,193.64,146.32
6911,2051,10,0.74332,235.7,160.48,255.53,177.17
6912,2051,17,0.61628,200.58,152.35,218.13,171.6
6913,2051,11,0.5436,226.38,101.3,245.92,116.01
6914,2051,11,0.48735,237.13,132.73,252.95,150.43
6915,2051,9,0.14286,235.68,160.64,255.51,177.12
6916,2051,10,0.00289,200.48,152.7,218.18,171.64
6917,2051,13,0.00113,285.28,131.8,299.51,145.98
6918,2053,15,0.93182,251.04,42.11,302.98,99.08
6919,2053,15,0.91961,376.86,46.07,415.89,90.22
6920,2055,11,0.9014,181.89,32.68,196.4,47.65
6921,2055,10,0.89287,157.36,50.26,174.05,64.38
6922,2055,10,0.8834,162.62,8.34,179.19,22.7
6923,2055,10,0.87404,138.72,16.97,152.88,32.36
6924,2055,17,0.87324,224.81,42.25,238.13,55.53
6925,2055,17,0.85543,202.75,52.29,215.95,65.67
6926,2055,11,0.83496,203.06,10.08,220.31,23.64
6927,2055,10,0.81706,135.88,37.13,150.75,53.37
6928,2056,2,0.86523,63.72,31.09,81.75,44.38
6929,2056,2,0.86426,103.94,52.21,121.62,64.07
6930,2056,2,0.83643,140.48,28.95,157.57,41.77
6931,2056,2,0.81396,179.88,44.49,197.44,59.44
6932,2056,2,0.00164,0.0,72.62,2.26,98.72
6933,2056,2,0.00141,0.0,65.26,2.53,92.31
6934,2057,3,0.90269,195.83,0.21,274.46,37.62
6935,2057,3,0.89948,302.74,7.79,340.86,82.87
6936,2057,13,0.89694,237.49,114.62,275.28,152.92
6937,2057,3,0.87405,332.67,79.99,407.48,123.45
6938,2057,1,0.83361,200.37,50.14,237.65,89.54
6939,2057,9,0.00248,195.19,1.13,275.09,37.32
6940,2060,4,0.89112,307.48,105.45,349.19,155.65
6941,2060,13,0.86308,236.73,107.23,267.54,136.57
6942,2060,6,0.00255,498.64,43.79,505.0,107.51
6943,2060,5,0.00104,177.91,190.06,226.14,250.61
6944,2061,8,0.87869,7.14,39.22,59.95,103.15
6945,2061,8,0.83275,116.96,42.83,152.91,109.87
6946,2061,8,0.02816,0.03,28.29,17.02,107.62
6947,2061,8,0.02113,0.01,50.2,9.92,100.84
6948,2061,8,0.00532,0.0,0.0,10.07,101.28
6949,2061,8,0.00199,0.08,22.05,33.13,204.26
6950,2061,8,0.00194,0.03,54.67,5.94,107.57
6951,2061,8,0.00179,0.02,0.0,11.68,54.56
6952,2061,8,0.00161,0.0,0.0,9.08,31.86
6953,2061,8,0.00139,0.11,0.4,16.86,77.76
6954,2061,8,0.00136,0.1,25.77,26.87,101.94
6955,2061,8,0.00132,0.04,38.69,12.96,94.54
6956,2062,17,0.88232,305.38,152.69,317.24,163.56
6957,2062,9,0.85791,393.83,170.48,408.65,186.29
6958,2062,10,0.82422,467.46,199.63,482.28,215.45
6959,2062,9,0.79834,333.05,174.93,348.86,187.77
6960,2062,17,0.00348,257.94,203.59,264.86,212.48
6961,2062,11,0.00165,423.48,23.97,433.36,34.34
6962,2062,14,0.0011,188.02,116.62,200.87,142.81
6963,2066,13,0.86133,120.3,152.57,169.16,201.43
6964,2066,13,0.68262,191.98,69.83,234.85,111.78
6965,2066,10,0.02414,190.48,68.91,234.27,111.32
6966,2066,2,0.0068,191.98,69.6,233.7,111.55
6967,2066,6,0.00564,460.94,30.42,472.0,116.85
6968,2066,17,0.00232,122.15,157.87,168.7,201.2
6969,2066,6,0.00124,454.02,20.51,471.54,118.69
6970,2067,2,0.86787,331.8,79.92,359.98,107.12
6971,2067,2,0.35831,456.65,68.21,475.95,89.07
6972,2067,2,0.03584,0.6,63.98,20.81,82.64
6973,2067,1,0.00912,502.14,19.94,509.0,37.0
6974,2067,15,0.00815,502.13,20.3,509.0,36.9
6975,2067,16,0.00551,501.73,20.04,509.0,36.96
6976,2067,2,0.00137,504.63,87.42,509.0,110.16
6977,2069,2,0.87305,364.2,36.88,393.02,75.31
6978,2069,7,0.85889,407.92,88.89,441.07,118.68
6979,2069,6,0.01192,0.02,156.15,30.43,199.39
6980,2073,5,0.82422,95.09,83.89,116.03,102.43
6981,2073,14,0.64258,227.0,120.0,240.72,142.03
6982,2073,5,0.5293,0.0,53.92,31.66,69.81
6983,2073,5,0.16565,163.69,67.64,179.1,79.2
6984,2073,5,0.01348,49.95,56.57,69.87,72.94
6985,2073,8,0.01013,222.91,132.4,240.0,151.66
6986,2073,14,0.00362,224.96,120.84,241.57,149.73
6987,2073,5,0.00241,0.03,41.16,31.9,71.01
6988,2073,5,0.00223,434.75,64.03,459.78,87.14
6989,2073,5,0.0019,0.0,61.14,29.64,70.77
6990,2073,5,0.00183,34.36,51.03,72.64,70.29
6991,2073,5,0.00148,433.78,61.14,458.82,76.07
6992,2073,5,0.00119,0.02,49.95,7.68,68.97
6993,2073,5,0.00117,50.31,62.83,66.56,73.9
6994,2073,5,0.00116,10.8,54.52,38.85,62.71
6995,2073,5,0.00112,0.0,52.72,15.59,69.81
6996,2083,15,0.88251,347.52,73.45,372.29,98.46
6997,2083,15,0.81972,375.34,40.43,396.41,56.23
6998,2083,7,0.78752,299.65,54.72,318.49,68.02
6999,2083,15,0.47716,426.48,22.6,440.69,41.78
7000,2083,6,0.03161,426.6,23.01,440.47,41.95
7001,2083,15,0.00201,393.11,123.58,420.28,140.08
7002,2083,7,0.00167,435.35,61.84,452.2,75.38
7003,2083,17,0.00166,435.32,61.6,451.88,75.25
7004,2084,15,0.88176,409.16,32.9,431.42,60.26
7005,2084,15,0.8714,341.61,37.69,363.55,62.41
7006,2085,15,0.94873,187.58,74.14,265.71,144.04
7007,2085,16,0.0021,188.75,73.19,266.42,144.04
7008,2088,17,0.88818,30.92,118.15,49.18,134.81
7009,2088,9,0.87842,159.08,134.57,181.14,158.1
7010,2088,10,0.8501,254.43,188.99,278.94,215.46
7011,2088,9,0.63867,63.98,159.08,89.22,179.67
7012,2088,10,0.0068,63.98,158.84,89.47,179.43
7013,2089,2,0.85337,43.7,198.78,69.52,233.99
7014,2089,2,0.80769,53.05,114.96,81.48,138.5
7015,2089,2,0.0306,283.0,112.2,302.3,126.15
7016,2089,2,0.01058,275.59,78.14,295.76,102.1
7017,2090,13,0.90723,286.05,129.14,325.52,169.09
7018,2090,4,0.89502,163.73,178.84,255.35,234.39
7019,2090,1,0.84814,212.22,47.76,249.74,86.74
7020,2090,1,0.01103,285.56,128.89,325.52,169.34
7021,2093,2,0.86963,198.94,178.35,218.92,205.64
7022,2095,2,0.83887,224.81,66.99,241.83,79.88
7023,2095,2,0.81982,299.09,58.85,316.6,74.65
7024,2095,2,0.78809,186.02,46.93,203.29,61.03
7025,2095,2,0.77881,259.7,43.77,277.21,57.39
7026,2099,3,0.88161,224.93,128.49,307.67,162.32
7027,2099,13,0.87984,147.33,85.12,184.2,123.5
7028,2099,3,0.87782,181.15,154.18,228.78,213.17
7029,2099,3,0.86803,265.3,70.58,313.21,117.92
7030,2099,1,0.86124,208.16,62.89,244.27,102.01
7031,2100,10,0.89357,391.55,86.31,408.77,104.5
7032,2100,10,0.87559,305.73,42.86,324.61,58.97
7033,2100,17,0.8736,278.58,68.14,293.88,83.98
7034,2100,11,0.85934,323.99,71.27,343.49,89.8
7035,2100,10,0.85382,340.77,39.01,360.55,56.34
7036,2100,10,0.84334,383.83,60.33,403.52,77.26
7037,2100,17,0.82223,281.1,92.41,296.84,107.94
7038,2100,11,0.7682,360.45,115.33,382.62,132.79
7039,2102,17,0.20178,248.01,103.62,275.19,132.99
7040,2102,14,0.05542,0.0,40.28,33.34,193.66
7041,2102,17,0.00615,134.2,150.94,162.84,181.04
7042,2102,14,0.00252,1.7,41.98,98.89,197.05
7043,2102,8,0.0011,0.0,0.0,94.4,1.58
7044,2102,14,0.00103,106.78,2.91,161.86,92.7
7045,2103,9,0.86679,340.7,52.27,363.35,73.32
7046,2103,10,0.84842,271.71,52.5,287.52,68.41
7047,2103,17,0.83485,231.99,141.31,246.43,155.04
7048,2103,11,0.78944,225.92,42.25,241.86,58.24
7049,2103,9,0.78446,236.42,92.77,255.34,108.63
7050,2103,9,0.73791,283.61,94.36,302.06,110.18
7051,2103,3,0.0015,21.38,123.29,93.49,185.19
7052,2106,7,0.87402,115.51,139.82,147.43,168.83
7053,2106,2,0.86328,72.05,88.93,100.59,126.98
7054,2107,13,0.90479,160.77,139.81,198.54,178.31
7055,2107,3,0.902,146.8,17.97,203.77,79.38
7056,2107,3,0.89175,212.22,36.2,280.68,86.27
7057,2107,3,0.86712,38.85,66.51,128.24,106.71
7058,2107,1,0.84032,88.14,119.29,127.67,157.66
7059,2108,7,0.85889,394.59,105.32,434.39,137.35
7060,2108,7,0.58154,369.35,189.77,409.64,212.1
7061,2109,17,0.88097,67.38,82.35,85.75,100.95
7062,2109,10,0.88073,196.36,62.66,219.65,83.1
7063,2109,10,0.87977,101.23,37.36,125.0,56.88
7064,2109,10,0.87172,145.11,28.25,169.27,50.26
7065,2109,10,0.87073,203.71,104.95,223.46,128.25
7066,2109,17,0.8447,70.39,123.26,89.14,141.66
7067,2109,11,0.80308,122.67,85.34,146.15,108.81
7068,2109,11,0.39639,163.94,154.14,190.29,175.67
7069,2109,10,0.37493,163.89,153.79,190.19,175.83
7070,2117,2,0.86559,311.77,196.46,332.9,221.33
7071,2117,2,0.86163,303.09,162.55,320.96,186.09
7072,2119,7,0.90527,40.54,31.59,67.81,53.93
7073,2119,7,0.90381,86.48,84.32,110.27,110.27
7074,2119,17,0.00306,193.15,62.22,208.04,79.76
7075,2119,2,0.00296,193.15,61.74,208.04,79.52
7076,2120,2,0.81337,405.62,113.53,431.51,135.53
7077,2120,2,0.00285,305.64,127.33,331.63,153.32
7078,2122,15,0.57275,276.28,158.93,338.66,201.51
7079,2122,14,0.07587,436.69,14.61,507.0,247.31
7080,2122,14,0.00315,446.1,98.53,506.5,252.51
7081,2122,14,0.00274,370.35,11.88,504.52,244.09
7082,2126,10,0.8591,202.35,115.65,219.84,132.39
7083,2126,17,0.76124,41.27,119.39,56.21,133.06
7084,2126,10,0.72741,221.25,78.98,235.72,93.72
7085,2126,9,0.64211,132.84,107.87,148.72,125.29
7086,2126,10,0.57934,117.1,138.51,133.34,158.04
7087,2126,17,0.19035,194.57,169.13,218.99,191.43
7088,2126,9,0.15555,194.52,169.19,218.98,191.38
7089,2126,6,0.03819,0.28,76.67,52.34,100.41
7090,2126,11,0.0113,132.93,107.91,148.96,125.48
7091,2126,6,0.00505,485.41,10.86,496.0,42.21
7092,2126,9,0.00425,41.25,119.45,56.21,132.96
7093,2126,6,0.00128,0.05,73.67,11.15,103.5
7094,2129,17,0.84871,21.46,48.86,32.49,60.04
7095,2129,17,0.81471,25.82,59.84,37.04,70.68
7096,2129,11,0.81195,81.03,60.38,95.89,72.58
7097,2129,11,0.64872,37.51,33.61,50.79,44.71
7098,2129,11,0.49719,52.91,45.18,66.35,57.23
7099,2129,12,0.42695,60.7,27.71,74.52,39.57
7100,2129,10,0.35175,98.85,44.61,110.64,56.57
7101,2129,12,0.29141,52.8,44.91,66.62,57.26
7102,2129,12,0.25325,91.59,33.28,105.23,44.57
7103,2129,10,0.23618,91.66,32.98,105.14,44.93
7104,2129,12,0.09082,99.09,44.86,110.69,56.35
7105,2129,17,0.06533,37.76,33.13,49.45,43.7
7106,2129,13,0.01851,98.72,43.7,110.04,56.58
7107,2129,13,0.01679,92.47,28.85,107.09,46.71
7108,2129,17,0.00885,54.21,45.48,66.1,56.93
7109,2129,9,0.00614,21.54,48.97,32.67,59.84
7110,2129,11,0.0051,60.59,27.67,74.77,39.69
7111,2129,13,0.00465,81.66,60.74,96.04,71.94
7112,2129,13,0.0016,22.13,49.03,32.69,60.52
7113,2129,17,0.00159,24.16,58.23,34.11,70.49
7114,2133,5,0.48569,168.41,100.9,439.52,196.71
7115,2133,8,0.1112,0.0,47.01,57.59,213.76
7116,2133,8,0.00534,178.11,102.41,433.38,196.11
7117,2135,13,0.8989,77.8,137.21,128.45,188.6
7118,2135,4,0.87046,195.1,157.61,263.83,214.05
7119,2135,6,0.00165,486.73,137.39,495.0,178.66
7120,2135,6,0.0011,487.25,120.85,495.0,172.72
7121,2136,7,0.85693,108.93,143.23,142.63,170.19
7122,2137,1,0.88867,198.09,95.76,232.2,130.35
7123,2137,4,0.88623,62.62,81.14,123.29,124.99
7124,2137,12,0.88477,17.7,74.56,48.64,103.8
7125,2137,13,0.88086,128.65,104.53,161.79,136.45
7126,2137,0,0.87891,166.66,52.87,198.82,84.79
7127,2137,12,0.85303,111.96,31.67,142.9,59.21
7128,2137,3,0.84717,168.36,153.01,247.31,208.57
7129,2137,3,0.83545,197.6,33.62,275.33,54.82
7130,2137,0,0.73584,55.92,148.14,95.02,185.66
7131,2137,3,0.34863,62.86,80.89,123.41,124.26
7132,2137,1,0.08539,55.67,148.14,95.02,185.18
7133,2137,3,0.00974,371.81,201.26,436.14,249.99
7134,2137,3,0.00291,481.94,43.37,499.0,97.46
7135,2137,3,0.00101,171.29,171.04,246.58,246.09
7136,2138,15,0.8877,61.55,68.58,83.17,88.09
7137,2138,15,0.87286,110.63,75.88,133.7,98.7
7138,2139,2,0.85528,321.79,106.12,360.38,135.95
7139,2139,17,0.83972,293.15,188.98,313.52,207.63
7140,2139,17,0.82233,401.73,133.84,419.38,151.33
7141,2141,2,0.87256,312.19,45.47,340.31,64.69
7142,2141,7,0.80176,374.3,62.46,400.08,82.38
7143,2148,7,0.91339,203.52,48.23,261.93,82.55
7144,2148,7,0.80302,28.89,216.43,79.82,238.94
7145,2148,14,0.00468,0.0,35.75,91.02,239.8
7146,2148,14,0.0025,0.56,30.52,48.14,239.9
7147,2151,17,0.46484,208.15,141.17,227.53,160.55
7148,2151,17,0.0542,187.64,130.73,207.03,150.12
7149,2151,13,0.00298,188.14,130.73,207.03,150.12
7150,2151,17,0.00207,239.22,162.54,271.9,196.34
7151,2151,3,0.00204,31.21,124.02,86.74,165.77
7152,2151,16,0.00157,206.78,138.68,226.66,159.06
7153,2152,2,0.89581,375.21,169.94,401.99,186.93
7154,2152,2,0.86397,302.77,172.22,323.68,198.51
7155,2154,10,0.86619,359.99,89.45,376.45,102.84
7156,2154,17,0.84454,420.76,127.23,434.5,140.71
7157,2154,17,0.84443,397.63,135.48,411.03,149.14
7158,2154,11,0.80854,400.53,93.03,418.06,106.64
7159,2154,10,0.78936,352.21,130.16,368.82,144.51
7160,2154,10,0.78679,335.88,95.76,349.88,111.11
7161,2154,11,0.71179,377.57,114.56,392.28,129.35
7162,2154,10,0.6243,331.5,115.49,346.66,131.75
7163,2154,9,0.47534,331.59,115.54,346.36,131.66
7164,2154,13,0.00876,397.6,135.62,410.89,148.9
7165,2154,13,0.00253,420.92,127.52,434.34,140.68
7166,2154,13,0.0016,399.54,89.07,425.69,112.18
7167,2154,13,0.00141,352.67,129.83,368.84,143.18
7168,2154,13,0.00117,377.2,114.71,392.66,129.12
7169,2157,7,0.82453,302.53,89.05,326.23,108.17
7170,2157,7,0.82083,352.52,182.6,376.11,202.96
7171,2157,2,0.30668,98.24,61.2,118.22,77.98
7172,2157,2,0.15546,379.2,75.31,404.06,97.35
7173,2167,5,0.55849,14.53,132.81,38.84,153.66
7174,2167,5,0.26814,60.19,132.26,75.06,148.44
7175,2167,5,0.12215,87.42,131.27,102.03,148.29
7176,2167,5,0.06596,35.44,135.83,49.69,151.86
7177,2167,5,0.02757,99.78,129.98,111.7,142.58
7178,2167,8,0.02316,0.02,138.74,6.1,156.42
7179,2167,8,0.02214,0.23,132.93,14.27,153.74
7180,2167,8,0.02191,0.09,135.59,9.24,155.4
7181,2167,8,0.0197,304.68,127.88,313.89,141.57
7182,2167,5,0.0162,47.77,134.89,60.43,149.67
7183,2167,14,0.01566,0.49,132.96,14.19,152.21
7184,2167,8,0.0144,295.82,126.49,304.81,141.4
7185,2167,5,0.01036,36.14,135.12,59.51,151.87
7186,2167,8,0.0102,0.04,144.46,4.22,158.47
7187,2167,5,0.00831,0.07,134.57,8.74,154.77
7188,2167,5,0.00814,0.17,132.75,14.5,153.46
7189,2167,14,0.0081,0.04,135.86,4.52,153.72
7190,2167,16,0.00749,162.82,131.48,169.91,141.68
7191,2167,16,0.00672,157.02,135.54,162.74,146.78
7192,2167,14,0.00628,319.74,127.19,331.9,147.95
7193,2167,14,0.00439,0.03,131.22,3.21,149.88
7194,2167,8,0.00384,0.18,143.55,15.52,178.61
7195,2167,8,0.00351,0.2,140.82,8.06,159.17
7196,2167,8,0.0024,0.04,144.79,5.1,167.01
7197,2167,5,0.00179,13.15,133.86,29.35,153.21
7198,2167,5,0.00146,222.7,170.0,327.44,220.74
7199,2167,16,0.00137,168.79,136.15,177.22,145.8
7200,2167,8,0.00132,0.39,137.7,14.79,160.07
7201,2167,14,0.00129,110.25,134.98,120.55,151.2
7202,2167,14,0.00128,379.51,140.81,387.52,151.71
7203,2167,14,0.00127,319.75,126.88,329.91,139.75
7204,2167,14,0.00114,322.57,128.06,340.12,148.84
7205,2167,8,0.00114,318.78,126.86,330.59,147.42
7206,2167,14,0.00105,328.92,128.83,342.91,149.23
7207,2167,5,0.00105,0.06,143.07,14.42,179.27
7208,2169,2,0.86719,75.65,54.8,110.68,95.31
7209,2169,2,0.81299,202.54,54.33,239.71,86.26
7210,2169,17,0.79199,170.13,145.35,196.34,165.37
7211,2169,17,0.01791,394.83,97.58,421.04,117.12
7212,2169,17,0.00249,43.67,60.05,67.73,82.92
7213,2170,15,0.94895,280.83,25.08,354.86,90.09
7214,2170,15,0.93056,429.3,27.34,469.0,88.47
7215,2170,15,0.16867,340.93,0.85,382.22,32.06
7216,2170,15,0.00162,427.6,26.3,469.0,88.05
7217,2170,16,0.00102,281.45,24.75,354.64,90.01
7218,2171,10,0.89893,259.94,84.62,281.34,102.62
7219,2171,17,0.88086,359.88,101.64,378.36,119.15
7220,2171,10,0.87891,399.28,116.23,421.65,135.69
7221,2171,11,0.85986,371.55,35.26,388.09,50.33
7222,2171,9,0.81738,349.18,64.07,367.66,81.58
7223,2171,9,0.72314,406.57,74.89,429.91,93.62
7224,2171,17,0.7041,319.76,97.51,336.78,114.04
7225,2172,5,0.86084,227.66,146.48,358.4,201.17
7226,2172,5,0.85742,385.74,151.86,500.0,210.45
7227,2172,5,0.85254,0.0,154.3,91.31,195.31
7228,2172,14,0.82373,143.8,127.93,205.81,255.86
7229,2172,5,0.8042,364.5,138.18,450.93,184.08
7230,2172,14,0.69434,143.31,138.18,177.98,211.43
7231,2172,14,0.27661,167.48,127.44,204.1,250.0
7232,2172,14,0.00752,494.14,166.5,500.0,252.44
7233,2172,5,0.00578,0.02,154.3,20.72,196.29
7234,2172,14,0.00312,494.14,143.07,500.0,184.57
7235,2172,5,0.00243,491.21,140.38,500.0,180.42
7236,2172,14,0.00225,491.21,140.62,500.0,189.45
7237,2172,14,0.00177,493.16,138.67,500.0,172.36
7238,2172,14,0.0011,489.26,141.85,500.0,210.21
7239,2176,17,0.86426,325.25,0.71,346.22,18.82
7240,2176,17,0.81641,414.61,76.96,435.58,97.7
7241,2179,7,0.86591,271.38,220.69,297.59,241.81
7242,2179,7,0.86528,107.04,172.93,132.02,192.51
7243,2183,8,0.83008,3.11,139.61,71.33,187.37
7244,2183,14,0.77588,283.12,84.79,308.46,162.27
7245,2183,8,0.76465,132.55,147.65,231.96,200.28
7246,2183,14,0.72656,330.64,84.06,349.15,124.51
7247,2183,14,0.69434,222.45,81.14,244.87,131.08
7248,2183,14,0.6582,439.79,79.43,470.49,120.85
7249,2183,14,0.58691,116.77,106.96,151.8,149.12
7250,2183,14,0.54883,10.29,114.39,43.92,170.07
7251,2183,14,0.39795,400.81,65.79,417.38,115.49
7252,2183,14,0.08447,259.0,79.19,287.75,162.03
7253,2183,14,0.03568,447.1,67.98,471.95,120.12
7254,2183,14,0.03174,491.2,67.49,499.0,133.03
7255,2183,14,0.02921,0.15,111.35,41.66,185.42
7256,2183,14,0.02887,129.38,106.48,155.21,138.88
7257,2183,14,0.02586,489.74,92.83,499.0,137.66
7258,2183,14,0.02211,0.0,113.3,13.3,205.89
7259,2183,14,0.02153,398.37,82.84,411.04,115.0
7260,2183,8,0.01799,0.0,133.52,12.39,203.21
7261,2183,14,0.01744,0.02,111.35,12.49,171.77
7262,2183,14,0.0145,494.61,82.11,499.0,126.46
7263,2183,14,0.01147,492.67,86.74,499.0,136.45
7264,2183,14,0.01129,485.36,82.11,499.0,120.85
7265,2183,14,0.01095,0.03,110.37,19.31,163.0
7266,2183,14,0.01078,1.31,112.57,42.21,154.96
7267,2183,14,0.00938,494.13,79.31,499.0,115.61
7268,2183,14,0.00864,400.08,66.03,417.62,93.08
7269,2183,14,0.00826,134.13,113.3,158.01,137.66
7270,2183,14,0.00819,437.6,82.84,460.99,119.88
7271,2183,14,0.00589,132.55,114.52,156.42,150.09
7272,2183,14,0.00564,490.23,77.24,499.0,119.63
7273,2183,14,0.00539,114.88,110.62,150.7,182.25
7274,2183,14,0.00455,0.02,119.39,5.41,161.3
7275,2183,8,0.00442,0.02,129.38,4.27,163.0
7276,2183,14,0.00364,0.12,117.68,9.05,163.49
7277,2183,14,0.00356,14.5,113.54,44.53,146.19
7278,2183,8,0.00307,265.58,78.46,330.88,164.71
7279,2183,14,0.00295,394.72,66.52,415.18,118.17
7280,2183,8,0.00251,437.11,76.26,474.15,120.61
7281,2183,14,0.00229,262.41,81.38,308.22,163.73
7282,2183,14,0.0022,112.45,109.4,135.35,151.31
7283,2183,8,0.00212,488.77,110.13,499.0,136.93
7284,2183,14,0.00194,488.77,28.75,499.0,124.26
7285,2183,8,0.00185,0.11,128.16,9.52,169.09
7286,2183,14,0.00182,406.41,67.74,420.54,119.88
7287,2183,14,0.0018,480.0,74.56,499.0,136.2
7288,2183,14,0.0016,0.03,110.86,25.2,141.56
7289,2183,8,0.00159,0.0,162.27,10.99,202.23
7290,2183,14,0.00153,17.45,114.27,41.18,137.66
7291,2183,14,0.00121,130.72,105.26,156.3,127.19
7292,2183,8,0.00117,0.0,127.55,99.41,255.35
7293,2183,14,0.00108,401.54,67.0,435.65,135.71
7294,2183,14,0.00107,0.09,132.3,13.25,181.03
7295,2186,7,0.82227,56.59,111.27,93.0,146.6
7296,2186,7,0.49805,92.4,186.72,132.28,216.33
7297,2186,2,0.00899,88.17,27.34,174.06,61.48
7298,2186,15,0.00369,93.72,186.96,133.83,216.09
7299,2186,5,0.00115,87.39,27.7,174.3,61.6
7300,2186,6,0.00111,88.58,27.7,174.54,61.36
7301,2188,1,0.88525,54.98,102.24,103.77,152.35
7302,2188,0,0.88086,88.44,9.08,130.66,50.59
7303,2188,0,0.87744,160.72,33.96,207.19,79.48
7304,2188,2,0.00193,88.32,8.84,130.66,50.82
7305,2188,6,0.00173,476.4,42.22,483.0,119.1
7306,2188,6,0.00169,474.98,26.41,483.0,93.86
7307,2188,6,0.00105,475.45,69.57,483.0,142.45
7308,2189,2,0.87305,291.8,200.85,312.71,222.25
7309,2189,2,0.86426,361.83,203.29,388.58,223.71
7310,2189,2,0.84912,417.27,156.35,439.64,173.38
7311,2189,2,0.84717,297.88,143.95,313.92,166.81
7312,2191,5,0.55469,370.74,16.27,390.55,34.2
7313,2191,5,0.38867,392.91,12.74,417.44,33.02
7314,2191,14,0.36304,54.13,55.3,226.52,233.48
7315,2191,8,0.30249,423.33,20.75,441.73,37.26
7316,2191,8,0.06708,421.21,124.76,481.58,175.23
7317,2191,14,0.04419,472.62,13.8,483.0,29.36
7318,2191,8,0.02025,446.68,126.88,483.0,174.05
7319,2191,16,0.01462,457.06,31.84,462.72,37.97
7320,2191,14,0.00729,423.1,4.6,437.25,24.88
7321,2191,5,0.00651,0.06,76.65,6.64,100.47
7322,2191,8,0.00539,461.3,126.65,483.0,174.76
7323,2191,8,0.00468,109.31,34.43,133.6,48.11
7324,2191,5,0.0032,195.16,30.9,224.87,45.52
7325,2191,8,0.00253,348.57,20.99,365.55,35.61
7326,2191,5,0.00159,477.34,52.95,483.0,69.93
7327,2191,5,0.00148,176.64,31.37,193.86,45.52
7328,2191,8,0.00119,108.66,32.31,142.68,48.82
7329,2191,5,0.00118,150.23,33.02,169.1,46.93
7330,2191,14,0.00108,109.67,34.9,125.35,48.58
7331,2191,14,0.00104,471.68,1.65,483.0,31.37
7332,2193,7,0.85889,413.08,104.47,439.08,130.95
7333,2193,7,0.80908,403.21,156.23,434.5,180.3
7334,2193,6,0.03114,464.11,51.27,493.0,77.03
7335,2193,7,0.00193,464.59,50.79,493.0,74.86
7336,2193,6,0.00126,465.08,51.76,493.0,97.49
7337,2195,2,0.86133,314.27,100.8,336.02,130.45
7338,2195,2,0.85303,236.94,59.42,256.46,86.6
7339,2195,2,0.83984,405.2,60.16,424.96,87.09
7340,2195,2,0.83545,292.53,32.98,310.81,57.69
7341,2197,10,0.88428,310.77,107.36,337.73,135.05
7342,2197,9,0.87158,190.77,102.31,215.57,131.19
7343,2197,9,0.84912,41.95,142.51,65.12,163.21
7344,2197,17,0.66211,177.05,167.54,202.57,198.36
7345,2197,10,0.00974,176.69,167.06,202.69,198.84
7346,2197,14,0.00677,0.12,38.52,45.56,246.02
7347,2197,3,0.00101,0.48,63.79,51.39,116.75
7348,2202,2,0.87256,284.75,115.22,323.4,144.09
7349,2202,7,0.85205,380.64,145.31,416.85,175.64
7350,2202,2,0.02145,0.01,138.95,6.82,153.14
7351,2202,2,0.01479,0.0,124.76,6.94,153.14
7352,2203,7,0.86963,127.17,33.07,162.68,58.36
7353,2203,7,0.86084,48.15,119.39,76.72,148.09
7354,2204,6,0.89502,275.83,40.95,324.79,66.37
7355,2204,15,0.79688,201.93,44.36,220.76,62.72
7356,2206,14,0.79297,84.17,51.57,117.71,144.22
7357,2206,5,0.00578,29.4,72.35,47.19,91.45
7358,2206,5,0.0034,415.94,122.73,453.18,144.69
7359,2206,8,0.00219,69.54,76.88,82.67,99.81
7360,2212,2,0.86078,332.15,163.05,362.03,201.73
7361,2212,17,0.70894,320.73,132.69,336.73,148.05
7362,2212,17,0.12329,395.23,145.58,413.23,162.87
7363,2212,2,0.07662,394.7,146.64,413.98,171.27
7364,2212,2,0.03093,320.81,133.42,336.28,147.6
7365,2212,2,0.03063,394.93,145.39,412.84,163.0
7366,2216,2,0.89111,285.79,193.32,306.5,220.94
7367,2216,2,0.86426,307.73,147.95,325.49,171.62
7368,2216,2,0.84814,191.84,188.39,210.58,215.02
7369,2216,2,0.84717,192.33,135.62,210.09,159.29
7370,2225,17,0.88604,117.95,183.3,131.83,196.87
7371,2225,17,0.87512,87.12,182.57,100.81,196.09
7372,2225,11,0.83339,146.35,155.34,161.18,168.9
7373,2225,10,0.82966,115.17,142.57,131.15,155.42
7374,2225,10,0.62124,84.73,140.67,99.86,154.58
7375,2225,9,0.37309,53.75,151.99,71.05,166.99
7376,2225,11,0.22442,94.39,163.22,112.24,177.37
7377,2225,17,0.16324,56.0,167.68,70.9,181.18
7378,2225,10,0.14582,53.66,151.92,71.25,166.76
7379,2225,13,0.12339,55.86,167.75,70.83,181.27
7380,2225,12,0.06422,94.2,163.31,112.37,177.45
7381,2225,10,0.05979,55.98,167.49,70.7,181.05
7382,2225,11,0.03853,84.76,140.79,99.96,154.43
7383,2225,13,0.00763,85.25,140.96,99.74,154.1
7384,2225,13,0.00479,146.76,155.59,161.26,168.19
7385,2225,11,0.00252,55.79,167.1,71.07,181.26
7386,2225,13,0.00131,117.84,183.29,131.66,197.14
7387,2226,2,0.85772,226.56,35.07,245.0,59.37
7388,2226,2,0.85709,234.16,69.29,255.63,93.87
7389,2233,5,0.72849,404.3,167.36,499.91,225.33
7390,2233,14,0.65971,329.82,143.08,378.39,241.25
7391,2233,14,0.27533,331.79,142.58,361.17,240.54
7392,2233,5,0.06746,248.63,175.85,356.37,225.3
7393,2233,14,0.00208,288.27,156.85,379.82,237.72
7394,2238,13,0.86795,331.44,162.23,372.89,203.86
7395,2238,1,0.69701,252.46,72.21,288.34,108.49
7396,2238,0,0.02847,252.48,71.96,289.88,109.78
7397,2238,14,0.00272,0.0,22.0,50.23,238.99
7398,2238,14,0.00228,166.57,1.41,284.62,52.53
7399,2238,14,0.00164,65.99,1.48,237.06,52.31
7400,2238,14,0.0012,217.12,1.41,282.47,52.0
7401,2239,8,0.89132,101.66,1.38,169.76,98.86
7402,2239,14,0.80171,77.21,0.0,95.15,33.66
7403,2239,14,0.74621,94.43,0.08,110.05,32.26
7404,2239,14,0.06815,0.0,4.82,56.6,228.02
7405,2239,5,0.0181,0.01,5.38,56.44,231.68
7406,2239,8,0.01441,0.0,0.0,4.58,35.56
7407,2239,8,0.01282,0.03,0.89,10.97,57.1
7408,2239,14,0.00874,324.68,0.32,351.31,46.98
7409,2239,8,0.00767,0.0,0.0,6.43,29.3
7410,2239,5,0.00759,204.96,0.0,285.25,23.99
7411,2239,14,0.00275,0.11,0.67,28.44,97.53
7412,2239,5,0.00207,265.61,0.76,300.85,27.74
7413,2239,14,0.00183,0.03,0.51,36.03,139.95
7414,2239,14,0.00164,0.0,0.0,6.78,37.16
7415,2239,5,0.00149,453.9,2.37,472.0,45.21
7416,2239,8,0.00148,0.04,25.6,10.36,55.54
7417,2239,8,0.00124,93.77,0.24,129.54,34.61
7418,2239,14,0.00122,0.14,26.65,10.38,55.39
7419,2241,3,0.89258,182.7,102.98,248.3,166.36
7420,2241,4,0.875,122.17,99.27,156.58,166.11
7421,2241,3,0.75928,175.52,22.78,235.92,67.83
7422,2241,6,0.00397,498.09,54.96,507.0,183.94
7423,2241,6,0.00182,489.42,57.68,506.75,186.16
7424,2241,6,0.00116,500.07,48.03,507.0,157.94
7425,2242,2,0.86523,284.59,96.12,304.08,123.65
7426,2242,2,0.86084,395.94,99.65,417.38,127.43
7427,2242,2,0.84814,374.74,43.13,394.23,67.49
7428,2242,2,0.8457,266.56,55.55,286.05,80.89
7429,2243,15,0.81055,378.62,94.2,400.01,112.86
7430,2243,15,0.8042,378.17,129.01,405.47,153.13
7431,2243,15,0.79053,324.47,110.81,344.95,129.01
7432,2243,7,0.00279,459.17,106.03,466.0,125.6
7433,2243,7,0.0027,462.36,102.85,466.0,125.83
7434,2245,10,0.89307,319.34,121.09,336.91,136.72
7435,2245,11,0.88428,354.49,57.86,368.16,71.78
7436,2245,10,0.87988,430.66,120.24,449.22,136.72
7437,2245,9,0.85791,416.02,84.23,435.06,99.37
7438,2245,17,0.83447,360.6,126.71,375.24,141.36
7439,2245,9,0.81738,365.72,86.18,380.37,101.32
7440,2245,17,0.76221,390.62,123.29,405.27,137.45
7441,2245,9,0.00268,390.87,123.29,405.03,137.45
7442,2245,14,0.00152,484.38,84.47,500.0,160.64
7443,2246,13,0.85093,288.69,153.87,340.8,205.41
7444,2246,1,0.65068,409.19,70.3,452.06,114.8
7445,2246,0,0.0091,408.41,69.82,452.88,116.33
7446,2246,14,0.00226,0.0,0.0,11.64,113.21
7447,2246,13,0.00116,407.89,70.59,453.71,116.36
7448,2246,14,0.00105,0.0,0.0,42.77,142.13
7449,2249,1,0.01659,227.9,75.32,253.33,96.63
7450,2249,3,0.00101,38.81,147.25,91.24,221.84
7451,2250,2,0.86737,145.73,46.14,167.31,75.32
7452,2250,2,0.81135,212.92,59.37,242.97,82.88
7453,2252,3,0.89397,192.83,19.64,245.62,91.87
7454,2252,3,0.88719,111.09,146.58,152.37,216.87
7455,2252,13,0.88685,85.09,56.82,118.67,91.21
7456,2252,3,0.87267,150.51,120.37,222.92,154.05
7457,2252,1,0.86753,143.36,23.48,177.96,58.29
7458,2254,15,0.86084,324.01,84.84,352.37,112.96
7459,2254,15,0.8374,406.48,111.07,433.9,137.54
7460,2254,15,0.82764,399.87,69.24,423.5,90.28
7461,2254,14,0.00306,0.24,0.06,95.12,221.68
7462,2254,14,0.00249,9.0,3.31,63.69,221.2
7463,2260,15,0.92769,452.22,192.99,484.95,253.73
7464,2260,6,0.01047,444.35,99.18,484.59,152.47
7465,2260,15,0.007,451.6,191.86,485.0,253.44
7466,2260,6,0.00274,447.0,99.09,485.0,130.18
7467,2261,11,0.90918,89.49,133.2,102.32,146.77
7468,2261,10,0.87256,52.13,197.14,69.93,212.64
7469,2261,10,0.85693,162.02,193.27,179.95,208.77
7470,2261,17,0.85498,124.0,196.9,137.8,210.46
7471,2261,17,0.85498,94.21,201.5,108.26,215.06
7472,2261,9,0.83984,100.39,161.3,114.68,175.83
7473,2261,9,0.83447,149.43,158.39,167.35,172.92
7474,2262,13,0.83249,229.32,172.59,281.49,224.3
7475,2262,1,0.37923,226.47,121.74,272.98,171.01
7476,2262,0,0.22104,226.99,121.03,273.29,171.96
7477,2262,3,0.02476,362.69,116.93,470.25,186.03
7478,2262,14,0.00403,62.71,1.58,177.29,73.59
7479,2262,2,0.00347,228.57,172.58,280.81,223.52
7480,2262,2,0.00214,487.12,36.34,494.0,68.38
7481,2264,2,0.84856,75.69,192.8,98.82,219.68
7482,2264,2,0.7852,192.81,188.36,219.79,213.67
7483,2264,2,0.00129,0.08,168.32,8.95,194.84
7484,2264,2,0.00112,0.02,164.79,4.09,189.18
7485,2266,13,0.86189,281.06,126.17,333.66,178.86
7486,2266,0,0.35073,232.55,78.64,281.02,131.58
7487,2266,1,0.24882,231.52,78.88,281.2,130.99
7488,2266,3,0.22821,330.17,36.84,433.04,88.9
7489,2266,14,0.01068,0.0,1.45,39.4,163.85
7490,2266,2,0.00345,280.85,126.06,333.53,178.41
7491,2266,14,0.00156,0.15,12.34,46.95,227.98
7492,2266,14,0.00134,133.84,0.67,251.76,72.95
7493,2266,14,0.00101,0.0,0.59,51.39,110.32
7494,2270,5,0.88135,0.0,6.06,84.08,91.53
7495,2270,5,0.87744,392.45,1.63,476.77,51.01
7496,2270,5,0.76855,123.21,17.24,451.15,170.02
7497,2270,5,0.26123,62.07,1.75,154.54,29.46
7498,2270,5,0.17102,150.69,4.43,259.0,30.51
7499,2270,5,0.16138,330.5,4.89,429.25,56.13
7500,2270,5,0.09174,152.09,4.77,211.02,30.39
7501,2270,5,0.07343,201.82,3.49,430.88,61.26
7502,2270,5,0.06119,189.94,1.86,433.21,96.89
7503,2270,5,0.02666,52.84,2.1,122.04,50.08
7504,2270,5,0.0201,226.51,0.7,357.75,22.13
7505,2270,5,0.0195,465.82,0.93,477.0,31.68
7506,2270,5,0.01848,467.22,0.23,477.0,18.4
7507,2270,5,0.01772,0.0,2.56,51.82,34.94
7508,2270,5,0.00964,260.86,0.47,363.34,47.75
7509,2270,5,0.00927,0.03,7.69,26.93,39.13
7510,2270,5,0.00923,184.7,1.51,289.51,23.17
7511,2270,5,0.00688,77.09,4.19,177.71,55.43
7512,2270,5,0.00657,0.17,0.93,32.0,34.0
7513,2270,5,0.00631,216.02,1.16,299.06,21.66
7514,2270,5,0.00612,464.42,0.7,477.0,52.87
7515,2270,5,0.00587,56.19,3.96,269.48,105.28
7516,2270,5,0.00506,50.08,3.03,208.45,75.23
7517,2270,5,0.00359,175.38,4.43,249.21,27.25
7518,2270,5,0.00326,372.19,0.7,401.07,10.48
7519,2270,5,0.00326,311.17,4.66,398.74,51.94
7520,2270,5,0.00325,60.09,3.73,206.13,40.06
7521,2270,5,0.00267,115.47,4.31,204.03,30.63
7522,2270,5,0.00251,465.82,0.7,477.0,12.34
7523,2270,5,0.00231,166.53,4.66,250.38,43.79
7524,2270,5,0.00229,127.4,3.49,337.02,47.75
7525,2270,5,0.00189,0.64,1.63,81.81,36.1
7526,2270,5,0.0018,452.31,1.16,476.53,13.74
7527,2270,5,0.0016,0.09,1.16,17.29,25.39
7528,2270,5,0.00155,0.58,8.38,60.15,49.84
7529,2270,5,0.00141,471.41,0.0,477.0,30.28
7530,2270,5,0.00116,469.55,9.32,477.0,50.31
7531,2270,5,0.00112,439.5,1.4,476.77,24.69
7532,2270,5,0.00105,88.45,2.45,191.45,32.49
7533,2270,5,0.00104,473.27,2.1,477.0,33.31
7534,2278,15,0.91309,263.4,171.74,291.38,201.65
7535,2282,10,0.89014,249.39,215.09,269.04,233.15
7536,2282,17,0.87744,275.63,192.87,291.75,209.47
7537,2282,10,0.87646,296.39,141.11,312.01,157.71
7538,2282,17,0.84473,291.5,177.25,306.64,192.38
7539,2282,11,0.83984,396.24,200.2,419.19,215.82
7540,2282,9,0.81982,341.8,189.45,362.79,206.05
7541,2282,17,0.75342,321.78,221.68,341.31,243.16
7542,2283,7,0.87842,286.87,160.78,320.84,190.45
7543,2283,7,0.87256,397.17,158.87,435.45,192.36
7544,2290,11,0.88867,398.18,150.36,411.96,165.13
7545,2290,10,0.85205,364.46,95.24,379.72,109.51
7546,2290,10,0.84717,463.64,107.17,480.38,120.71
7547,2290,17,0.8335,394.24,103.36,407.04,116.16
7548,2290,9,0.74756,360.04,121.2,378.74,134.86
7549,2290,9,0.69775,422.79,112.71,436.57,124.52
7550,2290,9,0.60205,408.52,130.43,423.28,144.21
7551,2290,17,0.03964,422.79,112.71,436.57,124.03
7552,2290,11,0.00182,408.52,130.43,422.79,144.21
7553,2291,5,0.73389,473.44,151.4,488.23,163.24
7554,2291,14,0.00481,417.96,241.16,430.29,254.97
7555,2291,5,0.0024,458.4,144.5,465.3,151.4
7556,2291,8,0.00169,417.46,241.65,430.29,255.46
7557,2295,7,0.87256,145.77,160.75,185.48,197.37
7558,2295,7,0.8501,35.43,152.19,69.08,181.2
7559,2295,2,0.0093,0.0,106.77,2.95,126.51
7560,2295,7,0.00397,0.0,233.51,6.06,240.0
7561,2295,7,0.00311,0.06,227.81,6.89,240.0
7562,2295,2,0.00213,0.0,109.15,3.4,143.86
7563,2296,2,0.85372,232.2,29.43,260.61,65.75
7564,2296,17,0.74948,182.19,74.84,198.66,91.41
7565,2296,17,0.73982,261.65,96.09,278.54,113.19
7566,2297,3,0.91008,362.38,148.39,423.64,221.13
7567,2297,3,0.88758,373.92,26.68,412.23,87.95
7568,2297,3,0.8839,379.45,101.68,461.9,146.17
7569,2297,13,0.87836,263.49,77.99,304.87,121.49
7570,2297,1,0.85474,305.23,36.26,345.43,79.33
7571,2298,2,0.82172,79.27,27.11,110.22,67.54
7572,2298,17,0.78846,105.39,93.03,123.85,110.78
7573,2298,17,0.7017,173.29,44.33,191.56,63.16
7574,2298,17,0.01823,358.87,178.1,397.58,210.32
7575,2298,2,0.00729,173.29,44.42,192.19,63.49
7576,2298,17,0.00109,357.53,164.12,396.72,205.83
7577,2299,4,0.9209,179.34,147.55,261.12,207.73
7578,2299,12,0.89111,78.38,148.76,116.48,185.65
7579,2299,1,0.88965,261.85,3.88,298.25,40.77
7580,2299,13,0.88965,260.15,81.66,296.06,117.33
7581,2299,0,0.875,345.57,130.07,384.4,169.87
7582,2299,0,0.87305,155.56,62.49,191.47,99.13
7583,2299,3,0.86523,340.72,0.61,401.87,55.45
7584,2299,12,0.86084,392.41,74.26,432.21,110.66
7585,2299,3,0.85498,87.12,1.58,135.78,84.57
7586,2299,3,0.00169,485.35,165.5,497.0,241.22
7587,2300,2,0.86084,244.09,58.25,279.94,100.47
7588,2300,2,0.8042,371.68,39.62,413.19,72.17
7589,2300,17,0.79932,354.7,137.73,377.34,158.96
7590,2301,15,0.89648,50.88,161.21,72.21,180.07
7591,2301,14,0.03125,448.84,16.92,479.29,241.22
7592,2302,15,0.89785,371.53,70.81,404.2,106.48
7593,2302,15,0.89376,286.99,97.37,315.72,131.11
7594,2303,8,0.81055,232.29,136.53,335.04,192.49
7595,2303,14,0.79297,46.49,104.93,77.01,177.29
7596,2303,14,0.73877,411.02,55.48,440.93,108.54
7597,2303,14,0.72021,179.7,68.75,226.01,180.18
7598,2303,14,0.54102,99.38,89.25,136.65,196.35
7599,2303,14,0.49414,0.02,104.32,7.79,187.18
7600,2303,14,0.2063,105.17,89.49,136.04,164.75
7601,2303,14,0.04401,0.05,100.58,16.91,186.46
7602,2303,14,0.01834,446.72,55.48,463.61,88.04
7603,2303,14,0.01484,0.0,121.09,5.39,185.73
7604,2303,14,0.00528,154.38,90.94,173.19,154.13
7605,2303,14,0.00431,0.0,103.84,6.83,157.75
7606,2303,8,0.00321,180.91,102.76,258.82,191.52
7607,2303,14,0.00282,327.08,77.19,338.18,97.93
7608,2303,14,0.00249,259.3,99.5,286.32,127.0
7609,2303,8,0.00195,225.65,136.53,276.91,194.42
7610,2303,14,0.00152,315.02,59.82,336.25,102.27
7611,2303,8,0.00149,111.68,95.04,272.81,195.38
7612,2303,14,0.00132,410.06,60.18,431.29,108.67
7613,2303,8,0.00132,163.78,80.32,251.1,192.25
7614,2303,8,0.00124,207.2,115.78,288.73,192.0
7615,2303,14,0.00123,396.07,56.44,420.67,119.16
7616,2303,14,0.00104,104.56,91.66,153.29,159.2
7617,2303,14,0.00103,97.33,94.55,175.96,193.93
7618,2303,8,0.00102,0.0,37.15,32.68,188.14
7619,2308,5,0.84027,92.55,88.24,113.09,106.02
7620,2308,5,0.79125,165.61,95.65,186.88,115.1
7621,2308,14,0.77919,228.5,118.03,240.88,131.26
7622,2308,8,0.55399,225.94,127.43,243.35,145.5
7623,2308,14,0.46788,117.53,149.19,138.06,179.32
7624,2308,5,0.29894,0.0,58.78,29.61,75.45
7625,2308,14,0.20154,227.84,118.17,242.45,140.43
7626,2308,5,0.16037,150.44,67.36,164.54,80.8
7627,2308,14,0.05976,113.53,148.76,137.93,191.25
7628,2308,14,0.01433,224.97,117.78,241.96,134.1
7629,2308,5,0.00911,0.0,65.28,29.32,75.42
7630,2308,5,0.00607,47.91,67.91,64.72,79.13
7631,2308,5,0.00438,41.64,62.47,64.98,78.66
7632,2308,5,0.00247,33.34,58.18,67.03,75.33
7633,2308,5,0.00203,47.74,61.82,65.82,72.47
7634,2308,5,0.00127,459.13,55.01,491.64,72.39
7635,2308,5,0.00112,433.69,61.69,456.55,79.95
7636,2308,5,0.00106,0.13,47.11,29.98,75.34
7637,2311,8,0.54672,27.79,39.31,267.27,245.3
7638,2311,8,0.49879,143.23,3.12,482.94,245.89
7639,2311,8,0.23309,0.28,10.32,38.13,248.0
7640,2311,8,0.2006,258.07,4.96,497.11,220.52
7641,2311,8,0.15196,0.05,91.77,31.23,246.24
7642,2311,8,0.12115,64.4,27.54,346.59,248.0
7643,2311,5,0.02157,157.98,1.43,492.71,242.82
7644,2311,8,0.01404,0.0,0.0,35.89,162.15
7645,2311,8,0.0023,58.09,25.3,200.76,166.08
7646,2311,3,0.00107,0.0,35.34,15.15,108.3
7647,2312,7,0.85779,225.21,124.19,249.51,144.8
7648,2312,7,0.84669,173.09,32.37,196.4,51.23
7649,2312,2,0.00345,251.69,16.07,274.43,36.89
7650,2313,2,0.79688,49.78,195.43,82.03,226.07
7651,2313,2,0.07452,81.29,166.03,99.82,191.73
7652,2313,2,0.01479,227.3,171.22,253.49,191.48
7653,2313,2,0.00784,0.0,151.95,4.61,174.18
7654,2313,2,0.00696,425.46,238.18,440.77,250.04
7655,2313,2,0.00342,0.0,191.48,5.26,236.45
7656,2313,2,0.00326,0.08,203.83,9.99,240.4
7657,2313,2,0.00283,0.06,180.86,6.27,217.42
7658,2313,2,0.00258,0.0,184.81,3.05,215.94
7659,2313,2,0.00181,54.36,157.63,100.93,217.92
7660,2313,2,0.00156,373.57,236.69,389.88,250.53
7661,2313,2,0.00134,0.05,152.2,7.17,177.89
7662,2313,2,0.0013,0.0,150.71,5.71,190.24
7663,2314,2,0.90283,286.18,10.4,304.0,32.18
7664,2314,2,0.89502,247.81,49.02,272.07,69.32
7665,2314,2,0.86133,365.4,77.24,389.16,101.99
7666,2314,2,0.83643,379.01,32.43,396.84,56.2
7667,2314,2,0.00149,250.16,0.87,269.84,18.2
7668,2318,4,0.88184,216.27,57.4,272.46,85.01
7669,2318,13,0.87061,276.09,20.59,302.25,48.2
7670,2318,1,0.85889,380.23,33.42,406.39,59.58
7671,2318,3,0.85889,290.14,73.87,331.31,103.41
7672,2318,3,0.85596,348.75,62.0,401.55,85.49
7673,2318,0,0.85498,324.53,20.83,352.62,50.38
7674,2319,2,0.604,209.49,85.5,226.2,103.76
7675,2319,2,0.07501,160.72,56.55,176.5,76.68
7676,2319,2,0.07104,119.53,35.28,137.38,52.09
7677,2319,2,0.00682,160.0,55.72,178.67,84.77
7678,2319,2,0.00289,0.0,99.4,2.66,121.61
7679,2319,2,0.00177,0.04,99.19,4.72,122.02
7680,2321,10,0.89404,281.49,134.35,298.86,149.31
7681,2321,17,0.89014,312.37,124.22,326.36,137.73
7682,2321,17,0.85889,329.98,151.96,348.31,169.33
7683,2321,9,0.83643,366.64,134.11,384.01,149.07
7684,2321,10,0.83545,355.54,90.7,370.02,104.69
7685,2321,17,0.8335,336.25,116.5,349.76,130.01
7686,2321,11,0.81152,402.82,151.0,421.64,166.44
7687,2321,9,0.00121,336.25,116.5,349.76,130.01
7688,2324,13,0.8279,404.98,19.39,449.79,59.88
7689,2324,1,0.7489,239.53,18.49,281.67,59.26
7690,2324,0,0.02092,238.95,18.34,283.29,60.35
7691,2324,4,0.01576,258.7,143.95,325.01,241.38
7692,2324,2,0.00145,409.29,205.71,453.83,245.56
7693,2326,11,0.93811,216.08,77.47,230.31,89.21
7694,2326,17,0.84581,160.48,61.8,171.11,72.54
7695,2326,11,0.80422,190.77,60.54,203.42,72.01
7696,2326,10,0.77936,234.45,63.02,245.83,74.41
7697,2326,17,0.71684,163.85,72.5,174.51,83.36
7698,2326,10,0.6843,228.08,51.49,241.41,62.81
7699,2326,10,0.67034,176.65,48.16,189.54,58.98
7700,2326,10,0.5626,198.97,43.83,212.46,55.57
7701,2326,17,0.17765,177.56,47.88,188.71,57.66
7702,2326,17,0.07691,199.07,43.96,212.64,55.53
7703,2326,17,0.01605,161.26,63.12,174.13,83.41
7704,2326,17,0.00913,234.17,62.99,245.68,73.68
7705,2326,13,0.00369,216.16,77.15,230.25,88.81
7706,2326,13,0.0011,163.55,72.69,174.07,83.22
7707,2328,17,0.71875,280.79,21.01,297.03,37.73
7708,2328,17,0.43213,169.65,37.01,186.84,54.68
7709,2328,2,0.01711,169.65,37.01,186.84,54.44
7710,2330,14,0.86538,120.2,13.22,166.5,126.77
7711,2330,5,0.77796,87.8,46.83,109.62,65.48
7712,2330,8,0.69624,468.89,44.36,489.0,119.81
7713,2330,8,0.20601,122.03,43.93,166.0,87.48
7714,2330,14,0.02036,119.42,28.84,134.8,87.61
7715,2330,14,0.00807,474.29,41.09,489.0,93.66
7716,2330,8,0.00571,135.86,105.26,155.95,126.38
7717,2330,14,0.00536,471.16,44.24,489.0,112.79
7718,2330,8,0.00322,121.76,35.87,166.34,74.02
7719,2330,8,0.00279,444.63,40.24,488.75,125.77
7720,2330,14,0.00193,133.78,14.03,161.66,41.4
7721,2330,8,0.0014,477.08,68.99,489.0,164.75
7722,2330,16,0.0013,110.58,70.76,118.92,81.98
7723,2330,14,0.00127,121.47,14.16,167.78,70.02
7724,2330,14,0.0012,119.47,29.09,138.26,67.26
7725,2330,16,0.00116,484.41,59.09,489.0,78.23
7726,2330,8,0.00103,118.62,52.14,133.26,86.89
7727,2333,14,0.79639,70.9,83.82,127.43,196.87
7728,2333,14,0.75635,387.89,65.3,418.11,130.6
7729,2333,14,0.75195,122.62,95.51,153.74,171.53
7730,2333,14,0.57178,426.88,91.86,449.29,139.61
7731,2333,8,0.56201,0.06,128.65,36.18,182.74
7732,2333,14,0.53125,473.66,81.87,499.0,187.12
7733,2333,14,0.09009,360.61,75.9,375.22,104.41
7734,2333,14,0.07159,244.99,96.97,260.71,126.7
7735,2333,14,0.04535,424.44,57.5,450.76,139.13
7736,2333,14,0.02538,360.61,73.46,386.92,112.2
7737,2333,14,0.00701,358.9,75.41,378.88,110.25
7738,2333,8,0.00454,359.63,76.26,386.92,112.81
7739,2333,14,0.00425,481.94,77.73,499.0,141.56
7740,2333,8,0.00407,0.08,131.08,14.3,183.71
7741,2333,14,0.00287,448.08,54.82,480.73,143.75
7742,2333,14,0.00221,120.24,92.59,178.23,171.53
7743,2333,14,0.00215,0.15,113.3,24.26,182.98
7744,2333,14,0.00165,424.44,55.55,468.3,142.78
7745,2333,14,0.00164,453.68,78.46,483.89,143.75
7746,2333,14,0.0016,471.22,80.41,498.51,136.45
7747,2333,14,0.00139,466.35,60.91,498.51,124.75
7748,2333,14,0.00121,494.61,93.32,499.0,143.02
7749,2333,14,0.00106,458.55,81.38,497.54,146.92
7750,2335,2,0.8464,356.67,179.77,372.63,201.29
7751,2335,2,0.83901,406.53,196.07,423.03,217.84
7752,2336,8,0.86963,256.39,92.81,335.98,200.63
7753,2336,16,0.79688,2.38,109.61,25.79,139.16
7754,2336,8,0.79688,319.77,75.3,362.66,143.92
7755,2336,14,0.7959,272.59,47.42,329.78,102.46
7756,2336,16,0.70752,26.75,110.09,48.97,137.73
7757,2336,14,0.56982,326.45,58.38,362.19,94.6
7758,2336,16,0.54688,48.73,109.61,70.17,135.82
7759,2336,16,0.42065,69.58,107.94,89.83,132.96
7760,2336,16,0.21997,90.01,106.04,108.48,130.1
7761,2336,16,0.08881,107.7,105.32,123.91,127.48
7762,2336,5,0.06512,373.62,81.25,387.45,98.89
7763,2336,16,0.03259,122.71,104.37,137.01,126.53
7764,2336,16,0.01411,185.5,100.08,196.94,119.14
7765,2336,16,0.01359,222.08,98.17,230.89,113.9
7766,2336,16,0.01302,161.44,102.58,175.73,121.4
7767,2336,16,0.01196,195.15,99.6,205.4,117.71
7768,2336,16,0.01155,205.4,99.48,215.41,115.69
7769,2336,16,0.01138,149.4,102.94,161.79,121.76
7770,2336,16,0.01099,237.09,92.45,244.24,101.98
7771,2336,16,0.01099,214.69,98.17,222.79,115.09
7772,2336,16,0.01095,136.3,104.13,150.59,124.86
7773,2336,16,0.00909,174.9,101.15,185.86,119.74
7774,2336,17,0.00793,30.86,23.83,41.64,35.98
7775,2336,16,0.00701,230.42,98.41,238.52,113.42
7776,2336,8,0.00389,325.02,74.11,362.19,106.04
7777,2336,16,0.00218,229.11,98.89,236.02,113.18
7778,2336,16,0.0017,262.59,95.07,273.07,105.08
7779,2336,16,0.00102,0.03,108.18,1.48,113.42
7780,2340,4,0.87795,260.19,143.11,311.29,169.5
7781,2340,0,0.86739,335.56,139.31,365.71,168.7
7782,2340,13,0.86699,315.03,120.34,340.39,146.81
7783,2340,1,0.85697,291.9,102.06,318.23,129.02
7784,2340,3,0.84792,354.55,110.32,394.04,145.42
7785,2340,12,0.06187,314.93,120.13,340.45,146.74
7786,2341,4,0.90723,180.3,159.84,218.58,221.46
7787,2341,3,0.89111,394.79,149.25,459.3,215.21
7788,2341,0,0.88867,279.24,214.72,323.53,250.35
7789,2341,12,0.88721,129.27,114.95,162.01,146.84
7790,2341,3,0.87158,210.87,66.2,286.94,102.07
7791,2341,13,0.85693,273.94,152.62,311.98,190.17
7792,2341,12,0.84717,81.12,193.54,118.68,232.54
7793,2341,0,0.8457,231.58,103.27,267.2,137.93
7794,2341,1,0.81934,339.18,111.45,378.18,149.97
7795,2342,15,0.92992,135.63,176.91,177.09,223.04
7796,2342,15,0.91599,284.15,135.84,322.26,177.5
7797,2344,10,0.82745,355.72,173.42,372.46,188.07
7798,2344,10,0.82127,363.32,132.29,379.51,145.89
7799,2344,10,0.75678,334.86,158.64,350.0,174.97
7800,2344,10,0.68302,339.11,139.09,352.85,154.12
7801,2344,17,0.5592,401.32,178.86,414.51,192.47
7802,2344,11,0.54192,404.02,136.3,421.45,149.52
7803,2344,11,0.495,381.02,157.67,395.81,172.33
7804,2344,17,0.38711,424.45,170.45,438.18,183.83
7805,2344,12,0.23829,380.86,157.52,395.89,172.45
7806,2344,9,0.12872,401.25,178.91,414.45,192.56
7807,2344,10,0.12153,424.44,170.49,438.14,183.84
7808,2344,13,0.00164,380.16,157.47,395.71,172.38
7809,2347,14,0.88672,314.53,50.63,389.83,230.66
7810,2347,8,0.86621,41.82,101.03,87.57,140.82
7811,2347,8,0.8418,122.48,106.04,189.67,148.93
7812,2347,8,0.83545,19.69,103.65,51.68,137.49
7813,2347,8,0.8291,94.48,108.3,129.98,146.3
7814,2347,8,0.80566,74.11,102.94,106.04,143.21
7815,2347,8,0.78516,203.02,96.27,285.46,137.73
7816,2347,14,0.44751,157.03,83.76,192.05,120.69
7817,2347,8,0.28149,368.38,101.03,444.63,168.7
7818,2347,14,0.0882,158.81,84.59,192.89,142.49
7819,2347,8,0.02802,328.35,115.09,385.54,157.5
7820,2347,8,0.02315,470.84,113.78,488.0,179.66
7821,2347,14,0.01257,319.06,57.9,387.21,165.61
7822,2347,8,0.01009,332.16,109.49,386.49,145.83
7823,2347,14,0.00892,134.99,81.73,194.08,149.4
7824,2347,8,0.00569,225.29,97.7,294.04,142.97
7825,2347,8,0.0052,243.52,96.74,285.46,136.77
7826,2347,8,0.00461,477.52,117.95,488.0,188.48
7827,2347,8,0.00423,467.98,113.3,488.0,156.31
7828,2347,8,0.00361,322.63,91.38,386.97,168.7
7829,2347,14,0.00282,132.37,81.61,191.46,121.17
7830,2347,8,0.00251,328.83,101.51,384.11,133.44
7831,2347,8,0.0021,204.68,95.55,246.14,137.01
7832,2347,8,0.00197,473.7,134.87,488.0,190.15
7833,2347,14,0.00175,162.51,83.4,204.45,150.59
7834,2347,5,0.00171,202.06,47.89,274.98,127.48
7835,2347,8,0.00148,330.02,95.55,383.87,123.67
7836,2347,8,0.00137,479.42,136.3,488.0,189.67
7837,2347,8,0.00115,104.31,81.25,171.09,141.78
7838,2347,5,0.00113,84.83,53.61,189.2,124.62
7839,2347,14,0.00112,120.63,99.36,162.51,141.78
7840,2347,8,0.00101,157.03,108.3,188.96,148.21
7841,2351,10,0.89604,211.52,33.28,231.01,50.5
7842,2351,17,0.88712,151.34,65.52,166.6,81.21
7843,2351,10,0.86705,263.32,76.86,279.86,94.87
7844,2351,10,0.86691,254.54,52.0,273.63,68.68
7845,2351,10,0.86472,177.25,39.13,195.94,54.82
7846,2351,11,0.84095,196.59,66.16,215.62,84.07
7847,2351,17,0.83643,154.93,89.06,170.6,104.74
7848,2351,11,0.82846,233.96,106.46,255.9,124.24
7849,2354,3,0.88818,171.15,118.07,215.3,175.12
7850,2354,4,0.88818,391.91,129.98,445.49,192.48
7851,2354,3,0.78809,277.81,125.51,324.94,182.07
7852,2354,5,0.00305,171.9,19.47,213.07,48.25
7853,2358,2,0.87988,239.28,188.0,262.87,222.19
7854,2358,5,0.00504,215.45,98.46,271.54,144.19
7855,2359,14,0.86051,363.15,133.3,398.05,228.09
7856,2359,14,0.82445,72.0,126.83,117.53,209.1
7857,2359,14,0.82065,150.81,132.63,176.68,208.78
7858,2359,14,0.79159,284.32,134.3,311.91,221.98
7859,2359,14,0.77521,19.62,119.8,76.09,210.85
7860,2359,5,0.13428,389.58,178.74,432.69,218.97
7861,2359,5,0.00533,363.02,173.95,432.23,224.99
7862,2359,8,0.00151,271.96,136.78,328.91,222.87
7863,2359,8,0.00106,49.2,125.13,129.07,210.17
7864,2360,5,0.00196,90.43,0.0,449.29,248.38
7865,2362,10,0.82091,354.42,79.71,370.76,95.7
7866,2362,9,0.77655,425.26,78.02,448.72,99.09
7867,2362,9,0.77436,319.9,121.26,338.81,136.96
7868,2362,17,0.76178,316.42,169.86,331.17,184.17
7869,2362,10,0.73743,308.0,70.31,324.24,86.39
7870,2362,9,0.70208,368.03,121.82,386.66,137.61
7871,2364,3,0.87565,243.28,163.89,306.47,205.34
7872,2364,13,0.87559,295.22,101.48,328.42,135.78
7873,2364,3,0.8652,314.76,156.53,382.93,195.78
7874,2364,3,0.86301,384.13,123.06,458.03,159.2
7875,2364,1,0.84993,358.97,97.66,393.4,133.61
7876,2369,10,0.84335,232.35,135.29,248.25,151.76
7877,2369,10,0.77445,187.89,120.73,203.95,136.29
7878,2369,9,0.75051,192.71,172.88,211.42,188.83
7879,2369,17,0.71064,181.84,221.24,197.41,236.58
7880,2369,9,0.62949,239.71,179.29,257.85,195.04
7881,2369,9,0.52366,300.57,142.8,323.17,163.58
7882,2369,10,0.24014,300.58,142.7,323.06,163.81
7883,2369,3,0.1131,0.07,184.65,36.23,235.15
7884,2369,11,0.00272,239.48,179.17,258.13,195.13
7885,2369,17,0.00222,300.4,142.7,323.45,163.84
7886,2369,12,0.00159,300.3,142.74,323.11,163.7
7887,2370,10,0.91787,254.0,46.71,285.1,74.38
7888,2370,11,0.87442,122.04,107.41,153.31,136.89
7889,2370,10,0.86376,246.66,136.43,282.05,170.02
7890,2370,11,0.69516,329.99,158.35,363.48,193.22
7891,2370,10,0.3899,156.98,201.76,196.95,235.03
7892,2370,12,0.04342,330.1,158.36,363.82,193.17
7893,2370,1,0.01828,156.95,201.26,196.58,235.02
7894,2370,17,0.01353,246.83,136.46,282.07,169.82
7895,2370,2,0.00166,156.77,201.27,196.58,234.94
7896,2371,14,0.85205,93.06,90.73,114.79,146.13
7897,2371,5,0.81299,19.13,101.12,39.7,118.55
7898,2375,5,0.71077,220.96,61.2,258.86,81.31
7899,2375,5,0.69042,257.56,58.44,316.46,81.44
7900,2375,5,0.16642,283.18,48.3,329.78,77.59
7901,2375,5,0.05572,255.07,58.79,279.24,74.2
7902,2375,5,0.04597,207.62,56.42,234.41,83.08
7903,2375,8,0.02934,0.36,54.39,205.12,253.0
7904,2375,5,0.02449,0.05,35.88,10.42,70.35
7905,2375,8,0.02297,0.04,25.48,30.63,140.29
7906,2375,5,0.01962,278.68,49.41,327.15,67.14
7907,2375,8,0.01547,0.0,30.77,30.15,214.73
7908,2375,5,0.01224,290.73,53.36,331.17,71.13
7909,2375,8,0.01134,3.74,27.11,157.28,177.89
7910,2375,8,0.01041,0.0,26.09,53.63,218.01
7911,2375,8,0.01005,0.03,30.63,42.17,163.4
7912,2375,5,0.00998,255.03,58.88,287.28,79.2
7913,2375,5,0.00839,0.03,38.41,9.59,58.1
7914,2375,5,0.00762,304.59,55.46,331.03,71.53
7915,2375,17,0.00522,134.23,170.94,148.62,185.84
7916,2375,5,0.00432,0.0,41.53,8.56,63.57
7917,2375,8,0.00394,1.52,37.75,98.69,159.44
7918,2375,5,0.0034,206.82,66.98,226.75,82.79
7919,2375,8,0.00325,18.36,26.58,221.58,213.61
7920,2375,1,0.00173,74.42,163.11,176.79,249.19
7921,2375,8,0.00171,0.23,12.48,83.51,130.89
7922,2375,5,0.00155,173.84,64.51,194.97,77.25
7923,2375,5,0.00131,207.5,54.74,234.41,70.99
7924,2375,5,0.00125,0.0,44.58,3.75,68.8
7925,2375,5,0.00105,194.87,54.35,232.29,83.03
7926,2375,8,0.00101,0.14,12.76,18.87,118.86
7927,2375,5,0.001,281.38,48.62,324.45,61.62
7928,2378,14,0.81126,288.13,167.36,310.34,223.18
7929,2378,8,0.67391,247.03,184.59,266.18,215.83
7930,2378,16,0.59537,24.66,204.13,49.06,223.58
7931,2378,16,0.57967,94.53,198.0,127.59,211.86
7932,2378,16,0.37169,0.01,206.18,10.57,226.8
7933,2378,16,0.35706,9.38,204.79,23.7,226.09
7934,2378,16,0.3448,0.01,205.69,20.65,226.96
7935,2378,16,0.28449,51.35,201.79,74.3,217.76
7936,2378,8,0.19078,197.42,184.04,215.4,218.14
7937,2378,14,0.17395,201.47,170.34,218.92,188.98
7938,2378,16,0.16098,74.8,199.4,93.52,213.08
7939,2378,16,0.12146,50.53,202.19,63.74,217.45
7940,2378,16,0.06414,78.74,198.31,127.39,213.38
7941,2378,16,0.06392,59.15,200.56,85.37,214.84
7942,2378,16,0.06294,56.39,202.53,107.29,216.03
7943,2378,16,0.041,63.43,201.35,74.53,216.17
7944,2378,14,0.04047,245.59,167.5,268.0,187.47
7945,2378,8,0.03563,209.28,184.88,228.6,217.17
7946,2378,16,0.03467,94.53,197.61,116.38,210.79
7947,2378,16,0.02896,74.92,200.22,85.07,213.44
7948,2378,5,0.02324,268.17,175.39,284.99,195.17
7949,2378,16,0.02256,110.73,197.5,127.56,210.36
7950,2378,16,0.01684,4.67,205.04,43.52,222.23
7951,2378,16,0.01536,84.25,199.22,94.25,212.54
7952,2378,16,0.01309,127.41,189.47,134.14,198.46
7953,2378,16,0.01195,119.15,197.63,127.9,210.0
7954,2378,16,0.01194,35.54,203.21,49.17,219.39
7955,2378,16,0.00537,93.97,197.86,106.72,210.71
7956,2378,14,0.00464,202.75,170.84,221.98,194.66
7957,2378,8,0.00425,262.25,182.12,272.89,209.85
7958,2378,16,0.00419,0.04,201.4,8.7,222.22
7959,2378,16,0.00287,116.03,191.16,129.59,208.81
7960,2378,14,0.00252,197.63,170.67,218.38,215.1
7961,2378,16,0.00218,51.22,135.48,124.13,209.82
7962,2378,16,0.00207,82.52,161.8,127.32,206.21
7963,2378,16,0.00197,0.11,203.83,6.86,216.23
7964,2378,16,0.0019,28.25,203.04,48.2,218.37
7965,2378,16,0.00188,50.3,204.06,90.69,221.57
7966,2378,16,0.00179,0.15,208.76,12.31,241.92
7967,2378,16,0.00162,112.15,196.62,123.68,207.21
7968,2378,16,0.00148,124.84,194.41,129.63,199.47
7969,2378,8,0.00145,200.5,183.46,222.28,214.77
7970,2378,16,0.00133,31.75,207.06,126.85,239.67
7971,2378,16,0.00122,33.17,127.24,104.78,211.07
7972,2378,8,0.0012,241.99,184.5,254.05,211.93
7973,2378,14,0.00111,113.25,133.08,123.13,145.45
7974,2378,16,0.00109,120.69,196.76,127.47,202.84
7975,2378,16,0.00107,128.64,188.19,135.59,197.5
7976,2378,8,0.00102,197.86,181.53,218.43,208.59
7977,2382,8,0.88163,2.53,64.57,141.6,141.75
7978,2382,14,0.79179,242.55,8.93,275.72,72.07
7979,2382,14,0.14411,189.33,13.36,218.49,50.25
7980,2382,8,0.04909,0.0,82.88,54.6,147.16
7981,2382,8,0.01282,0.04,97.14,23.82,147.49
7982,2382,8,0.00384,181.18,12.55,218.58,50.52
7983,2382,14,0.00247,420.24,48.05,431.4,67.28
7984,2382,5,0.00199,143.59,0.26,215.22,16.59
7985,2382,8,0.00104,0.46,98.33,37.13,139.46
7986,2386,7,0.91038,221.43,165.65,252.16,194.88
7987,2386,7,0.82888,259.48,69.39,283.39,89.19
7988,2386,17,0.81709,289.0,126.59,305.24,144.55
7989,2386,17,0.74846,207.08,107.31,224.01,125.18
7990,2387,2,0.8182,423.57,116.99,450.4,145.25
7991,2387,2,0.40219,388.84,111.84,418.49,133.23
7992,2387,2,0.07894,246.51,84.03,264.02,114.88
7993,2387,2,0.01959,448.45,89.36,467.49,115.36
7994,2387,2,0.01578,230.44,142.25,251.7,162.59
7995,2387,2,0.00848,0.01,90.87,4.28,113.17
7996,2387,2,0.0027,351.96,93.32,377.02,128.21
7997,2387,2,0.00241,0.0,76.32,4.17,111.52
7998,2387,2,0.00173,0.11,86.47,9.49,112.51
7999,2387,15,0.00122,0.09,92.06,6.28,118.06
8000,2387,2,0.00113,502.26,130.29,506.0,164.81
8001,2387,2,0.00103,0.0,97.01,4.48,119.47
8002,2388,8,0.87158,47.45,133.91,140.59,243.52
8003,2388,14,0.854,69.7,87.45,131.77,151.31
8004,2388,8,0.71533,256.63,127.72,279.03,154.88
8005,2388,14,0.6875,259.73,115.8,276.41,134.39
8006,2388,16,0.21338,6.82,137.73,21.91,159.65
8007,2388,16,0.19556,34.73,136.77,47.6,156.79
8008,2388,16,0.15002,21.24,137.25,36.01,158.22
8009,2388,16,0.10931,47.6,136.3,60.11,154.88
8010,2388,16,0.10193,0.07,137.73,8.03,159.65
8011,2388,16,0.06009,161.55,129.15,170.13,139.16
8012,2388,8,0.03259,281.89,106.27,355.75,163.94
8013,2388,8,0.00832,280.7,115.45,294.99,143.92
8014,2388,14,0.008,77.56,101.51,97.7,120.57
8015,2388,8,0.00549,76.79,145.83,110.5,186.81
8016,2388,8,0.00522,474.66,209.93,488.0,245.67
8017,2388,8,0.00317,473.7,185.38,488.0,245.43
8018,2388,14,0.00311,78.39,87.45,129.15,126.53
8019,2388,14,0.00307,280.93,114.14,296.18,143.21
8020,2388,5,0.0023,282.12,105.8,354.56,164.41
8021,2388,14,0.00113,477.99,153.45,488.0,244.95
8022,2389,14,0.80908,239.0,90.79,265.68,118.66
8023,2389,16,0.7417,31.99,122.95,46.76,143.92
8024,2389,16,0.73242,1.94,123.43,18.82,147.26
8025,2389,16,0.7124,57.75,122.48,71.84,141.54
8026,2389,16,0.7124,17.75,123.19,32.41,145.59
8027,2389,5,0.71045,274.02,108.89,291.18,126.53
8028,2389,8,0.70898,231.73,111.52,268.78,166.32
8029,2389,16,0.64941,127.96,120.33,137.73,135.58
8030,2389,16,0.64062,45.99,122.71,58.26,142.25
8031,2389,16,0.58154,71.25,121.52,82.68,140.11
8032,2389,16,0.56982,82.39,121.29,93.47,139.39
8033,2389,16,0.54883,172.16,116.04,180.97,126.05
8034,2389,16,0.48438,102.58,120.57,113.06,137.73
8035,2389,16,0.47266,112.47,120.57,120.57,137.25
8036,2389,16,0.46875,134.63,114.14,143.68,124.14
8037,2389,16,0.4668,120.09,121.05,128.67,136.3
8038,2389,16,0.45337,92.75,120.57,103.0,138.68
8039,2389,16,0.31909,0.01,124.62,3.63,147.97
8040,2389,16,0.10858,115.09,120.21,124.14,137.25
8041,2389,16,0.10229,172.4,117.35,181.45,130.58
8042,2389,16,0.02527,129.15,117.71,142.49,135.34
8043,2389,16,0.02187,132.48,118.9,139.63,124.86
8044,2389,8,0.01103,289.27,104.61,301.66,132.48
8045,2389,16,0.01021,136.65,115.57,147.14,124.62
8046,2389,8,0.00952,327.16,110.32,339.55,132.72
8047,2389,16,0.00729,139.16,117.95,146.78,124.62
8048,2389,16,0.00649,182.29,112.95,188.48,120.57
8049,2389,5,0.00615,289.27,105.8,302.14,133.68
8050,2389,16,0.00518,108.66,122.48,124.14,136.77
8051,2389,16,0.00325,132.01,121.88,144.64,135.34
8052,2389,8,0.00223,305.48,109.13,316.91,130.82
8053,2389,16,0.00208,0.04,118.9,1.66,129.39
8054,2389,14,0.00199,482.28,136.77,488.0,215.88
8055,2389,16,0.0018,76.13,123.19,96.15,138.44
8056,2389,16,0.00157,57.96,122.95,80.84,139.63
8057,2389,16,0.00136,182.52,111.16,190.15,121.17
8058,2389,16,0.00136,0.04,130.58,6.4,150.12
8059,2389,16,0.00134,181.09,114.14,187.77,124.14
8060,2389,16,0.0013,165.13,127.24,175.61,136.77
8061,2389,8,0.0013,483.71,145.35,488.0,188.24
8062,2389,16,0.00129,173.35,112.59,180.97,120.21
8063,2389,8,0.00124,291.42,110.56,300.47,132.01
8064,2389,16,0.00123,3.11,124.38,11.39,136.77
8065,2389,16,0.00122,118.66,117.23,130.34,136.77
8066,2389,16,0.00111,177.28,125.1,182.76,131.29
8067,2389,16,0.00106,45.99,123.43,70.41,141.54
8068,2389,14,0.00104,478.95,134.87,488.0,233.99
8069,2389,16,0.00102,179.19,112.47,185.86,119.14
8070,2390,15,0.90419,87.18,159.96,105.78,176.6
8071,2390,15,0.89116,115.24,157.5,130.83,171.86
8072,2395,15,0.86426,265.82,27.75,301.23,63.16
8073,2396,7,0.86384,129.69,187.32,154.03,208.5
8074,2396,7,0.84148,73.61,97.86,98.08,117.29
8075,2396,7,0.01449,75.25,120.07,90.14,131.77
8076,2396,2,0.00507,0.01,104.09,5.42,125.67
8077,2396,2,0.00208,0.0,93.27,6.39,124.69
8078,2399,7,0.88867,217.42,107.77,242.95,132.82
8079,2399,7,0.80908,79.52,143.45,112.61,170.87
8080,2399,17,0.02333,115.21,78.93,134.59,96.42
8081,2399,17,0.00522,162.48,179.14,180.91,201.82
8082,2399,17,0.00262,117.81,169.45,137.9,186.94
8083,2400,15,0.87256,326.57,198.16,358.91,232.34
8084,2400,15,0.83643,351.05,164.67,370.46,187.31
8085,2400,15,0.8291,429.58,180.38,454.52,208.55
8086,2400,15,0.01411,469.3,147.35,473.0,173.22
8087,2400,15,0.00554,467.46,143.89,473.0,171.14
8088,2400,15,0.00147,461.45,138.81,473.0,170.68
8089,2401,7,0.88623,274.48,69.55,301.55,99.89
8090,2401,2,0.88574,240.63,17.04,280.31,42.25
8091,2403,14,0.89941,74.34,121.34,113.89,231.69
8092,2403,5,0.87207,331.05,151.37,469.73,208.98
8093,2403,5,0.86084,177.49,155.27,305.91,205.08
8094,2403,5,0.01353,489.26,162.35,500.0,209.23
8095,2403,14,0.00257,490.72,163.57,500.0,236.33
8096,2403,5,0.00175,489.26,131.35,500.0,208.98
8097,2404,8,0.88487,252.18,101.18,327.77,204.72
8098,2404,14,0.83527,267.16,69.17,317.94,110.72
8099,2404,5,0.77647,327.97,92.39,373.99,133.67
8100,2404,16,0.69305,9.29,110.92,31.93,139.56
8101,2404,16,0.63094,31.51,111.23,52.95,138.81
8102,2404,16,0.55951,0.08,108.35,9.08,139.86
8103,2404,16,0.3297,51.69,110.56,72.54,136.87
8104,2404,16,0.10348,72.14,110.43,90.78,135.07
8105,2404,14,0.0442,478.85,37.17,488.0,132.44
8106,2404,16,0.01641,89.5,110.87,105.65,133.23
8107,2404,16,0.00563,104.63,110.75,118.98,132.6
8108,2404,5,0.00356,483.08,103.2,488.0,136.31
8109,2404,16,0.00353,131.04,110.95,143.58,130.05
8110,2404,16,0.00321,186.1,109.98,196.45,126.75
8111,2404,16,0.00316,202.92,109.84,211.1,125.43
8112,2404,16,0.00305,142.5,110.83,157.04,130.29
8113,2404,14,0.00298,483.34,50.06,488.0,97.71
8114,2404,16,0.00262,117.69,110.99,131.98,131.39
8115,2404,16,0.00246,176.44,110.31,186.79,127.56
8116,2404,14,0.00231,457.79,35.74,487.76,139.54
8117,2404,14,0.00198,482.62,33.68,488.0,136.56
8118,2404,16,0.00164,156.21,110.57,167.54,129.22
8119,2404,14,0.00148,266.77,74.14,289.15,102.65
8120,2404,16,0.00145,195.48,109.58,204.34,125.87
8121,2404,16,0.0012,166.8,110.54,177.55,128.46
8122,2404,14,0.0011,0.0,79.98,3.19,112.24
8123,2406,11,0.92493,326.62,54.49,340.62,66.12
8124,2406,17,0.85706,270.71,38.84,281.34,49.53
8125,2406,10,0.84425,344.63,40.28,356.6,52.02
8126,2406,11,0.8281,300.79,37.66,313.38,49.24
8127,2406,10,0.81668,338.97,28.89,351.68,40.27
8128,2406,17,0.77943,274.29,49.49,285.3,60.0
8129,2406,17,0.6423,286.83,25.35,299.49,36.23
8130,2406,17,0.38985,309.08,21.32,322.54,32.8
8131,2406,17,0.01979,301.26,38.32,313.6,48.61
8132,2406,10,0.0146,286.93,25.65,299.53,36.29
8133,2406,17,0.01391,326.44,54.72,340.68,65.82
8134,2406,10,0.00745,309.02,21.61,322.63,32.91
8135,2406,17,0.00563,271.3,39.68,284.16,55.99
8136,2409,2,0.85389,58.7,67.23,94.8,112.2
8137,2409,17,0.7586,86.09,18.42,103.92,37.63
8138,2409,17,0.71789,196.84,87.08,215.11,106.03
8139,2410,17,0.89404,265.82,68.55,282.09,84.82
8140,2410,10,0.87988,238.69,89.02,258.42,107.02
8141,2410,9,0.87646,309.95,98.39,329.19,119.1
8142,2410,9,0.87598,331.41,67.56,353.11,84.33
8143,2410,11,0.87402,385.16,80.14,408.34,96.41
8144,2410,17,0.85986,282.09,53.02,297.87,68.55
8145,2410,10,0.85596,289.24,17.51,304.53,33.78
8146,2410,8,0.00171,173.1,130.69,196.28,171.13
8147,2423,12,0.87598,255.39,144.58,299.14,179.3
8148,2423,12,0.86816,194.28,153.14,228.52,188.33
8149,2423,12,0.84814,258.01,170.74,297.95,205.93
8150,2423,12,0.84082,335.29,143.86,372.38,177.16
8151,2423,12,0.75781,318.64,133.4,355.74,165.27
8152,2423,14,0.04114,360.97,2.68,487.0,205.69
8153,2423,14,0.02887,441.58,11.41,486.76,218.77
8154,2423,14,0.02049,255.87,2.14,487.0,122.94
8155,2423,12,0.01628,194.75,147.43,226.85,161.7
8156,2423,12,0.01484,312.22,127.46,353.6,152.66
8157,2423,12,0.01155,289.16,155.52,347.18,199.27
8158,2423,12,0.00485,363.59,127.81,381.66,159.32
8159,2423,12,0.00465,194.51,151.47,227.33,166.69
8160,2423,14,0.0039,272.99,1.13,486.05,220.43
8161,2423,12,0.00261,217.58,141.25,261.57,217.82
8162,2423,12,0.00251,336.71,131.26,381.42,164.55
8163,2423,12,0.00136,321.02,125.55,357.17,143.63
8164,2423,2,0.00111,255.39,144.58,298.19,177.87
8165,2423,12,0.00111,196.42,143.15,232.56,159.32
8166,2423,12,0.00104,296.05,127.69,349.79,156.71
8167,2424,2,0.85935,245.75,29.95,266.76,57.2
8168,2424,2,0.85245,405.45,63.2,437.46,86.68
8169,2425,3,0.88639,257.45,158.41,304.4,220.76
8170,2425,3,0.88604,335.78,67.68,382.69,117.6
8171,2425,13,0.88519,216.23,88.5,252.77,127.09
8172,2425,3,0.87465,298.35,129.87,382.77,165.6
8173,2425,1,0.86783,275.93,63.17,311.94,102.23
8174,2426,10,0.80664,109.05,111.15,129.72,129.97
8175,2426,9,0.74609,194.33,128.73,218.59,149.53
8176,2426,10,0.21082,194.09,128.48,218.35,149.28
8177,2426,9,0.19934,219.34,77.73,243.6,97.54
8178,2426,11,0.10126,30.48,127.74,53.81,150.52
8179,2426,10,0.02065,346.83,82.68,367.13,103.97
8180,2426,15,0.01033,324.3,42.83,357.97,69.07
8181,2426,11,0.00307,219.09,77.86,243.6,98.16
8182,2426,11,0.00167,0.05,87.88,11.24,129.23
8183,2426,11,0.00128,0.05,165.37,4.2,194.58
8184,2426,11,0.00122,0.04,101.75,9.68,139.38
8185,2426,11,0.00108,3.05,186.16,20.42,202.01
8186,2427,7,0.89893,257.77,144.58,285.83,171.21
8187,2427,2,0.87305,189.52,157.89,223.76,196.89
8188,2428,2,0.81467,279.35,32.97,322.36,64.4
8189,2428,17,0.8029,312.03,103.34,333.62,125.58
8190,2428,17,0.6618,166.49,77.87,184.39,99.64
8191,2428,17,0.00229,162.88,95.24,185.88,127.63
8192,2428,17,0.00204,164.58,80.68,185.95,121.59
8193,2428,17,0.00114,166.93,77.53,182.68,91.71
8194,2430,2,0.87972,71.56,187.53,88.89,209.93
8195,2430,2,0.85373,89.27,160.46,107.29,182.19
8196,2430,5,0.0039,87.09,2.28,372.92,250.0
8197,2431,15,0.00252,94.53,115.94,167.98,179.1
8198,2431,15,0.00236,104.9,115.05,158.17,158.92
8199,2433,14,0.56396,346.96,107.57,358.66,138.88
8200,2433,5,0.55811,73.22,121.83,91.25,138.39
8201,2433,5,0.06757,59.76,122.8,71.94,136.45
8202,2433,5,0.04672,26.25,126.46,43.07,144.0
8203,2433,14,0.04337,373.76,102.82,388.38,139.37
8204,2433,14,0.04132,0.01,121.1,4.1,139.61
8205,2433,14,0.03056,0.0,120.85,8.52,140.83
8206,2433,14,0.02112,364.5,103.92,386.92,142.78
8207,2433,5,0.01666,35.39,121.83,61.83,143.27
8208,2433,14,0.01519,120.97,129.14,132.18,147.65
8209,2433,5,0.01423,10.62,125.24,26.83,143.75
8210,2433,5,0.01243,71.57,119.02,82.42,130.6
8211,2433,8,0.01151,324.06,115.0,336.24,130.11
8212,2433,5,0.01142,239.27,98.19,271.92,132.3
8213,2433,5,0.00916,0.5,121.58,25.37,146.44
8214,2433,5,0.00816,4.13,127.19,25.87,144.73
8215,2433,5,0.00803,28.07,122.8,49.64,143.27
8216,2433,5,0.00693,0.04,121.58,7.24,141.07
8217,2433,5,0.0069,18.64,123.78,42.91,143.75
8218,2433,14,0.00669,123.11,122.56,133.28,142.54
8219,2433,5,0.00631,45.2,122.31,61.16,142.78
8220,2433,8,0.00463,311.39,111.59,322.11,130.11
8221,2433,5,0.0042,35.39,122.56,50.5,142.05
8222,2433,14,0.00372,341.11,106.6,357.68,135.96
8223,2433,14,0.0034,120.43,121.1,131.57,141.07
8224,2433,5,0.00264,0.1,121.83,15.12,147.65
8225,2433,8,0.00263,121.28,129.14,133.52,147.65
8226,2433,5,0.00246,96.61,119.27,113.18,135.96
8227,2433,14,0.00222,311.63,111.84,322.35,129.87
8228,2433,5,0.00218,324.54,115.0,336.24,129.62
8229,2433,14,0.0018,124.87,122.8,134.13,137.91
8230,2433,14,0.00177,118.42,119.27,128.65,135.96
8231,2433,8,0.00177,30.3,126.46,43.4,144.0
8232,2433,5,0.0014,49.71,123.29,70.9,141.81
8233,2433,5,0.00133,19.34,124.26,32.68,143.75
8234,2433,14,0.00117,169.22,124.51,176.77,139.13
8235,2433,8,0.00116,99.17,121.34,114.52,135.96
8236,2433,14,0.00106,123.9,128.89,136.32,147.41
8237,2433,14,0.00102,0.35,120.73,14.6,144.24
8238,2434,7,0.757,396.45,192.96,418.67,211.08
8239,2434,7,0.65569,284.48,173.22,303.71,191.76
8240,2438,15,0.90776,422.7,27.83,447.14,59.04
8241,2438,15,0.8692,335.69,39.77,358.08,68.01
8242,2438,14,0.05417,1.24,46.72,159.7,236.28
8243,2440,2,0.85077,246.98,105.16,285.81,147.87
8244,2440,17,0.73838,157.35,161.25,179.6,181.1
8245,2440,17,0.56272,174.78,84.86,194.67,102.82
8246,2443,15,0.84082,306.35,57.98,332.96,81.89
8247,2443,15,0.8042,288.3,128.58,318.98,155.65
8248,2443,15,0.78125,398.38,101.51,436.28,132.64
8249,2443,17,0.02065,386.43,63.84,408.54,80.99
8250,2447,2,0.43774,234.23,89.49,253.93,111.59
8251,2447,17,0.41675,314.71,88.65,333.45,109.79
8252,2447,2,0.28613,159.76,92.01,181.38,112.19
8253,2447,17,0.20557,234.47,89.73,253.93,111.35
8254,2447,2,0.00351,147.98,113.39,173.45,152.31
8255,2449,14,0.69761,211.11,132.89,225.64,159.32
8256,2449,14,0.68273,40.24,116.62,53.04,147.13
8257,2449,14,0.04397,261.54,126.25,273.16,144.73
8258,2449,14,0.00879,171.93,120.07,183.72,146.17
8259,2449,14,0.0038,0.0,126.58,3.41,152.95
8260,2449,14,0.0036,0.08,117.06,8.07,151.72
8261,2449,14,0.0035,0.01,116.84,4.15,152.34
8262,2449,14,0.00318,0.05,101.22,9.69,151.56
8263,2449,14,0.00232,0.0,104.3,5.16,152.93
8264,2449,14,0.00175,319.82,125.57,330.43,147.26
8265,2449,14,0.00119,230.79,130.94,241.16,143.73
8266,2449,14,0.00113,507.96,137.9,512.0,173.56
8267,2449,14,0.00105,503.49,131.71,512.0,192.39
8268,2450,10,0.90179,185.27,33.79,199.34,48.97
8269,2450,10,0.89707,208.62,24.99,224.87,38.92
8270,2450,17,0.89035,270.88,57.34,284.25,70.96
8271,2450,10,0.86696,204.2,66.62,220.86,81.01
8272,2450,17,0.85515,249.25,68.41,261.94,81.44
8273,2450,11,0.8491,228.16,48.92,242.58,63.68
8274,2450,11,0.72036,248.49,25.61,265.8,39.44
8275,2450,10,0.71857,182.75,53.83,197.63,70.43
8276,2450,17,0.06484,182.62,53.77,197.65,70.44
8277,2452,16,0.85771,32.4,125.33,54.27,153.34
8278,2452,16,0.83839,7.94,124.8,31.3,155.94
8279,2452,16,0.81688,55.0,123.46,75.98,150.95
8280,2452,16,0.72224,75.62,121.17,95.45,147.1
8281,2452,5,0.6826,382.39,81.76,404.94,101.0
8282,2452,14,0.67515,319.0,72.68,334.8,117.83
8283,2452,16,0.46362,95.96,118.43,114.7,143.55
8284,2452,16,0.45379,0.08,130.0,6.82,161.44
8285,2452,16,0.18854,114.02,117.58,130.28,140.26
8286,2452,16,0.09288,129.01,115.77,143.68,138.54
8287,2452,16,0.02893,143.16,114.95,157.6,135.31
8288,2452,16,0.02115,168.41,112.43,182.41,131.38
8289,2452,16,0.02062,156.19,113.55,168.89,132.57
8290,2452,16,0.02024,212.85,107.21,223.2,125.01
8291,2452,16,0.01792,229.92,105.24,239.17,122.21
8292,2452,16,0.01757,222.15,106.22,230.52,123.57
8293,2452,16,0.01652,0.09,143.23,6.68,167.15
8294,2452,16,0.01524,181.73,111.24,192.96,129.32
8295,2452,16,0.01353,202.63,108.18,212.71,126.63
8296,2452,16,0.01077,192.79,109.87,203.84,128.22
8297,2452,16,0.01076,0.68,130.79,6.16,152.35
8298,2452,16,0.00916,238.29,105.49,246.81,121.3
8299,2452,2,0.00611,423.03,187.09,431.92,200.24
8300,2452,14,0.00424,312.64,77.01,323.48,116.37
8301,2452,16,0.0037,0.04,122.58,1.5,129.91
8302,2452,16,0.00362,0.0,123.31,2.44,142.46
8303,2452,8,0.00342,462.49,8.23,487.65,112.15
8304,2452,14,0.00181,479.83,36.46,488.0,110.64
8305,2452,16,0.00167,242.39,97.64,253.03,109.58
8306,2452,16,0.00167,0.59,124.5,6.06,139.52
8307,2452,14,0.00155,332.95,70.82,346.92,111.92
8308,2460,6,0.87646,204.1,170.94,273.68,202.94
8309,2460,15,0.84375,329.35,166.99,352.54,190.65
8310,2466,7,0.0347,460.93,64.09,467.0,102.77
8311,2466,17,0.00842,461.22,71.95,467.0,102.51
8312,2466,13,0.00536,36.92,112.75,66.81,147.43
8313,2466,12,0.00493,37.17,112.95,66.78,147.22
8314,2466,1,0.00386,462.2,77.3,467.0,102.66
8315,2466,17,0.00312,37.82,112.87,66.63,147.0
8316,2466,2,0.00302,461.89,61.91,467.0,101.35
8317,2466,17,0.00247,143.25,107.66,173.72,133.15
8318,2466,12,0.00212,73.22,38.7,102.02,66.25
8319,2466,14,0.00178,367.26,11.34,467.0,248.0
8320,2466,14,0.00127,0.1,16.59,52.08,239.93
8321,2473,10,0.88844,287.92,106.94,309.84,128.62
8322,2473,9,0.86437,197.28,101.5,217.25,123.98
8323,2473,9,0.81611,81.66,125.46,99.59,142.37
8324,2473,10,0.81212,308.3,55.77,326.76,74.01
8325,2473,10,0.71754,179.17,146.15,198.97,170.45
8326,2473,17,0.54035,283.45,182.66,314.47,213.48
8327,2473,17,0.22572,179.04,146.1,199.15,170.67
8328,2473,6,0.02011,32.5,68.85,92.16,103.18
8329,2473,2,0.00598,308.18,226.04,320.55,247.21
8330,2473,14,0.001,0.15,18.48,56.24,226.53
8331,2474,15,0.91243,261.22,127.51,285.55,149.4
8332,2474,15,0.8374,343.37,104.73,358.47,120.43
8333,2475,1,0.73352,128.73,62.81,165.21,98.42
8334,2475,12,0.51493,197.63,127.18,236.71,167.13
8335,2475,0,0.44845,235.68,2.58,269.21,34.74
8336,2475,13,0.19548,129.17,62.8,165.82,99.15
8337,2475,12,0.1827,236.07,2.55,269.64,34.94
8338,2475,13,0.00434,235.87,2.85,269.56,35.13
8339,2475,11,0.00294,235.89,2.7,270.37,34.73
8340,2475,11,0.00103,197.74,127.18,236.64,167.14
8341,2477,2,0.85986,90.43,26.45,120.09,65.05
8342,2477,7,0.8374,133.79,78.63,166.44,108.18
8343,2478,8,0.89404,396.78,96.08,461.45,175.07
8344,2478,8,0.88184,162.82,169.98,274.15,235.11
8345,2478,8,0.85889,252.21,123.68,318.72,190.31
8346,2478,8,0.83984,317.33,104.05,389.39,184.3
8347,2478,8,0.8291,354.29,98.73,430.04,180.15
8348,2478,14,0.59082,164.44,139.96,174.6,167.67
8349,2478,14,0.56982,153.01,139.27,164.79,169.75
8350,2478,8,0.10968,461.91,117.1,473.0,174.83
8351,2478,8,0.06097,451.29,117.9,473.0,174.14
8352,2478,8,0.01348,426.81,101.62,470.23,176.45
8353,2478,8,0.01078,355.21,100.35,395.86,170.45
8354,2478,8,0.00718,457.29,118.83,473.0,163.98
8355,2478,8,0.00578,443.9,109.47,471.15,174.14
8356,2478,8,0.00374,464.22,118.13,473.0,161.67
8357,2478,2,0.00257,348.98,226.34,371.15,243.89
8358,2478,8,0.00212,374.84,116.17,428.43,179.45
8359,2478,8,0.00165,469.3,128.41,473.0,174.6
8360,2478,8,0.00116,445.75,121.83,467.46,168.14
8361,2478,14,0.00113,167.21,140.42,175.99,165.37
8362,2478,8,0.00103,468.38,124.02,473.0,166.06
8363,2484,9,0.93457,178.0,134.39,210.88,166.8
8364,2484,9,0.92822,118.43,179.19,158.93,211.59
8365,2484,11,0.91748,249.96,121.52,282.84,149.16
8366,2484,11,0.87842,189.31,112.47,217.19,141.54
8367,2484,9,0.854,212.55,156.31,243.76,188.24
8368,2484,11,0.70752,93.76,112.47,122.6,139.87
8369,2484,10,0.33643,93.64,112.71,122.24,139.87
8370,2484,10,0.00422,212.31,156.55,243.76,188.0
8371,2484,2,0.00188,117.95,178.95,159.41,211.83
8372,2485,15,0.90204,55.46,156.93,72.81,173.28
8373,2485,15,0.8607,102.5,157.52,117.4,170.97
8374,2485,14,0.00246,447.73,36.52,490.71,229.79
8375,2489,5,0.85399,94.09,86.06,115.31,104.42
8376,2489,14,0.68959,181.24,133.01,199.14,165.26
8377,2489,5,0.62974,169.78,79.17,187.03,94.99
8378,2489,5,0.46868,0.07,56.79,29.72,73.22
8379,2489,14,0.30308,259.95,104.09,270.66,115.4
8380,2489,14,0.19012,259.33,104.07,271.89,122.63
8381,2489,5,0.04186,145.77,59.47,158.02,70.62
8382,2489,8,0.01009,259.26,106.06,272.4,124.36
8383,2489,14,0.00718,263.39,106.71,272.68,123.06
8384,2489,14,0.00577,259.1,104.72,267.3,115.26
8385,2489,6,0.00284,0.0,56.63,29.38,73.71
8386,2489,5,0.00279,87.32,48.98,165.6,80.45
8387,2489,14,0.00274,490.16,102.17,493.0,123.17
8388,2489,5,0.00264,0.0,56.14,17.13,72.12
8389,2489,5,0.00179,33.39,58.57,69.1,71.76
8390,2489,5,0.0016,49.15,57.73,69.94,70.07
8391,2489,5,0.00142,463.82,35.33,492.62,49.37
8392,2489,14,0.00112,178.54,148.39,197.92,167.59
8393,2489,8,0.00106,177.99,149.83,196.9,168.22
8394,2489,5,0.00105,433.67,65.23,458.68,86.09
8395,2491,2,0.83984,223.23,146.19,236.15,164.37
8396,2491,2,0.8208,272.99,130.16,284.0,146.43
8397,2491,2,0.81885,234.95,118.19,246.44,134.46
8398,2491,2,0.81738,178.85,125.13,191.77,141.88
8399,2493,15,0.80176,274.41,153.81,337.4,229.0
8400,2493,15,0.00205,426.03,48.95,467.04,107.3
8401,2493,14,0.00188,283.69,29.05,483.4,246.83
8402,2493,15,0.0015,400.39,66.89,455.08,124.51
8403,2493,15,0.00124,290.53,134.28,323.73,179.69
8404,2493,16,0.00119,87.16,16.24,99.12,30.15
8405,2494,10,0.87383,379.63,175.9,398.79,191.7
8406,2494,10,0.81642,440.87,156.95,458.19,173.26
8407,2494,17,0.78108,302.5,128.8,315.82,141.45
8408,2494,11,0.7647,309.87,160.31,325.76,177.15
8409,2494,9,0.49137,357.48,149.3,375.13,164.48
8410,2494,11,0.4732,357.57,149.33,375.06,164.5
8411,2494,10,0.26184,303.87,204.28,328.75,227.52
8412,2494,10,0.14849,309.95,160.3,325.57,176.85
8413,2494,17,0.01404,303.76,204.24,328.71,227.71
8414,2494,9,0.00328,302.52,128.76,315.81,141.5
8415,2497,5,0.80204,146.24,112.84,389.07,219.2
8416,2497,5,0.44988,0.0,83.42,115.13,241.21
8417,2497,5,0.18363,7.28,107.37,165.73,240.9
8418,2497,5,0.03909,72.52,114.82,356.92,236.99
8419,2497,5,0.00444,201.66,112.89,313.94,161.69
8420,2497,5,0.00169,200.07,112.62,291.67,144.44
8421,2497,5,0.00115,79.76,120.12,164.45,238.73
8422,2498,7,0.87842,303.83,93.57,332.21,117.3
8423,2498,7,0.87842,368.9,95.65,398.75,119.13
8424,2498,17,0.85205,341.99,135.04,359.6,152.65
8425,2498,17,0.83008,354.47,110.82,371.59,127.94
8426,2498,7,0.00141,305.3,40.36,317.04,63.36
8427,2500,7,0.70583,285.84,27.44,302.3,38.09
8428,2500,7,0.6751,299.1,60.21,315.48,73.74
8429,2500,2,0.00276,217.71,202.89,237.55,227.22
8430,2501,10,0.81192,409.01,162.18,421.81,173.34
8431,2501,17,0.79054,365.09,182.88,376.43,194.09
8432,2501,17,0.70457,346.07,175.83,357.15,186.5
8433,2501,9,0.61523,353.73,154.22,368.5,165.76
8434,2501,11,0.60543,416.84,175.53,429.15,186.78
8435,2501,11,0.53892,369.32,168.34,384.95,179.97
8436,2501,10,0.49404,387.74,154.76,401.59,166.04
8437,2501,9,0.31069,340.57,161.77,352.77,173.23
8438,2501,9,0.02472,345.91,175.94,357.07,186.15
8439,2501,9,0.01749,365.16,183.13,376.22,193.99
8440,2501,12,0.01741,387.84,154.93,401.66,165.79
8441,2501,17,0.01398,388.33,154.87,401.23,165.52
8442,2503,2,0.85469,376.0,128.61,392.94,151.11
8443,2503,2,0.84011,393.8,102.77,412.05,124.79
8444,2505,1,0.90283,166.9,75.29,209.54,118.66
8445,2505,0,0.87598,104.65,130.84,148.26,176.65
8446,2505,6,0.00135,488.28,34.35,499.0,82.11
8447,2505,6,0.00118,0.0,189.56,9.7,221.72
8448,2507,5,0.78662,227.57,145.46,270.21,178.6
8449,2507,5,0.72314,305.3,150.09,324.79,164.71
8450,2507,5,0.57959,133.52,145.46,167.88,174.7
8451,2507,8,0.53711,0.21,157.89,25.07,185.18
8452,2507,5,0.50586,491.2,152.04,499.0,172.51
8453,2507,5,0.42627,462.45,146.68,476.58,157.4
8454,2507,5,0.3999,43.0,142.29,100.63,169.58
8455,2507,5,0.13208,278.49,144.49,294.58,164.47
8456,2507,5,0.09979,84.0,141.32,105.44,158.37
8457,2507,14,0.09875,330.88,150.09,340.63,166.66
8458,2507,5,0.09009,375.22,148.63,392.28,162.27
8459,2507,5,0.02272,66.76,141.81,102.82,161.3
8460,2507,5,0.01791,484.87,150.58,494.61,161.3
8461,2507,14,0.01724,0.03,140.59,6.64,169.83
8462,2507,8,0.0159,493.15,154.48,499.0,177.38
8463,2507,5,0.01418,484.38,148.63,499.0,175.92
8464,2507,14,0.01401,328.93,153.26,341.6,175.19
8465,2507,5,0.01385,485.11,146.19,497.29,162.76
8466,2507,5,0.01224,33.81,145.7,73.16,169.09
8467,2507,5,0.01107,321.13,146.68,332.83,157.4
8468,2507,14,0.00964,0.02,141.32,4.6,165.68
8469,2507,14,0.00919,213.44,150.09,226.11,168.61
8470,2507,8,0.00906,496.08,175.19,499.0,197.11
8471,2507,5,0.00895,453.92,149.85,459.28,156.18
8472,2507,8,0.00885,495.59,165.68,499.0,196.87
8473,2507,5,0.00838,383.02,151.31,392.28,162.03
8474,2507,14,0.00793,327.23,159.35,339.9,175.92
8475,2507,5,0.00784,278.74,144.24,290.43,156.91
8476,2507,8,0.00752,116.4,145.22,133.03,160.81
8477,2507,5,0.00584,360.61,185.66,448.32,240.73
8478,2507,8,0.00522,117.32,146.19,141.2,161.79
8479,2507,5,0.00485,91.37,140.83,108.43,159.35
8480,2507,14,0.00447,0.0,141.56,9.72,176.16
8481,2507,8,0.00438,372.79,152.04,382.05,163.73
8482,2507,8,0.0043,389.84,156.42,397.64,167.15
8483,2507,14,0.00378,330.64,161.79,342.82,175.43
8484,2507,8,0.00365,327.47,160.81,341.11,175.92
8485,2507,5,0.0032,373.28,151.31,387.89,162.52
8486,2507,8,0.00303,494.61,180.3,499.0,197.85
8487,2507,5,0.00294,448.81,149.36,458.55,157.64
8488,2507,5,0.00289,442.72,140.34,454.41,152.04
8489,2507,14,0.00288,216.85,150.09,228.79,165.68
8490,2507,14,0.00283,327.96,150.09,339.65,163.73
8491,2507,14,0.00257,238.54,137.91,247.79,146.68
8492,2507,8,0.00232,492.18,161.3,499.0,180.79
8493,2507,8,0.00223,383.51,151.55,393.25,162.27
8494,2507,14,0.0021,327.96,153.74,338.68,167.88
8495,2507,5,0.00192,63.35,141.32,107.57,154.96
8496,2507,8,0.00184,493.15,167.15,499.0,195.41
8497,2507,5,0.0018,400.56,147.65,420.06,158.37
8498,2507,14,0.00177,116.95,143.75,131.08,159.35
8499,2507,8,0.00176,109.4,144.73,131.08,161.3
8500,2507,5,0.00175,487.06,153.01,498.76,172.99
8501,2507,5,0.0017,292.87,145.95,317.24,164.47
8502,2507,14,0.00169,0.08,126.7,22.28,180.3
8503,2507,5,0.00165,116.89,145.22,159.84,175.43
8504,2507,5,0.00152,435.16,147.17,444.91,154.48
8505,2507,5,0.00146,442.72,147.17,457.34,155.94
8506,2507,8,0.00146,376.2,150.58,394.23,163.25
8507,2507,8,0.00143,496.08,182.5,499.0,202.48
8508,2507,5,0.00139,459.04,149.12,464.89,154.96
8509,2507,5,0.00135,0.14,123.29,22.81,172.02
8510,2507,14,0.00133,0.0,130.11,9.33,167.15
8511,2507,8,0.00122,0.09,156.67,18.67,177.62
8512,2507,5,0.00116,322.6,146.44,335.75,161.54
8513,2507,14,0.00112,323.57,148.14,340.14,161.79
8514,2507,14,0.00107,214.9,148.63,224.16,163.25
8515,2507,5,0.00105,433.7,147.9,457.09,158.62
8516,2507,5,0.00104,396.67,151.55,403.49,160.32
8517,2507,5,0.00103,314.8,149.12,327.47,163.25
8518,2507,5,0.00103,389.36,155.94,399.1,167.63
8519,2507,8,0.001,115.98,149.12,147.41,173.48
8520,2508,7,0.84912,381.13,102.25,405.59,123.29
8521,2508,7,0.03091,292.09,66.78,315.57,80.97
8522,2516,15,0.88867,395.18,162.42,415.96,180.79
8523,2529,7,0.76728,288.57,190.67,311.12,209.17
8524,2529,7,0.58906,177.43,176.11,196.84,193.84
8525,2529,15,0.00362,177.4,175.95,196.91,194.09
8526,2529,2,0.00101,0.09,147.01,7.86,177.52
8527,2535,7,0.85156,322.77,35.06,346.21,59.36
8528,2535,15,0.58415,222.73,105.68,251.03,132.84
8529,2535,7,0.57011,222.64,105.37,251.13,132.86
8530,2545,2,0.8516,261.18,65.2,277.79,86.65
8531,2545,2,0.83989,213.46,49.92,228.85,71.05
8532,2546,15,0.82227,222.8,169.56,243.71,187.64
8533,2546,15,0.82227,220.87,204.37,248.0,228.33
8534,2546,15,0.81543,168.09,181.99,190.02,200.53
8535,2546,2,0.00115,459.38,134.74,463.0,159.16
8536,2546,2,0.00101,458.93,122.87,463.0,151.02
8537,2547,15,0.8457,171.69,182.15,192.14,205.45
8538,2547,2,0.77051,93.93,140.3,110.81,158.37
8539,2547,10,0.00161,485.1,71.81,487.0,91.31
8540,2547,2,0.00105,485.1,64.44,487.0,89.41
8541,2549,2,0.79199,201.96,126.75,234.58,161.12
8542,2549,2,0.51562,231.97,92.89,252.88,127.25
8543,2549,2,0.00216,0.12,104.09,7.9,129.99
8544,2549,2,0.0019,0.02,129.49,5.67,160.37
8545,2549,2,0.00164,383.99,108.82,413.88,132.73
8546,2549,2,0.00162,0.02,96.37,5.15,128.25
8547,2549,2,0.00149,0.12,88.9,7.64,129.24
8548,2549,2,0.00129,0.07,131.48,14.23,161.37
8549,2552,15,0.84473,110.71,93.49,139.21,117.43
8550,2552,15,0.80908,61.17,66.36,83.06,85.51
8551,2552,15,0.7959,116.98,58.72,138.87,76.96
8552,2557,7,0.78809,192.15,179.1,214.87,194.57
8553,2557,7,0.70264,264.9,182.72,288.11,198.19
8554,2557,7,0.00631,264.42,181.27,292.46,208.34
8555,2558,7,0.83008,67.33,41.78,90.97,59.93
8556,2558,7,0.81396,45.25,75.69,70.8,95.75
8557,2558,7,0.00498,303.71,64.95,316.13,78.08
8558,2558,7,0.00131,0.0,47.04,4.01,71.39
8559,2559,11,0.87891,272.67,89.82,285.47,102.62
8560,2559,10,0.85498,287.44,44.3,300.23,55.86
8561,2559,10,0.8457,202.78,54.88,217.05,67.18
8562,2559,17,0.84082,231.82,55.12,243.63,66.94
8563,2559,9,0.76221,220.5,75.55,236.99,88.35
8564,2559,17,0.53125,263.81,73.09,275.62,85.15
8565,2559,9,0.42432,257.41,57.09,269.23,68.41
8566,2559,17,0.39429,257.41,57.09,269.23,68.41
8567,2559,9,0.24866,263.57,72.84,275.87,85.15
8568,2559,11,0.17834,263.32,72.97,276.12,85.27
8569,2565,15,0.93163,443.22,183.54,484.88,244.73
8570,2565,6,0.00438,438.94,91.61,484.88,140.76
8571,2565,5,0.00164,0.0,152.44,61.76,234.27
8572,2565,6,0.00147,0.0,151.36,63.37,233.85
8573,2565,6,0.0011,442.28,90.82,484.96,119.12
8574,2569,17,0.78477,29.58,140.32,40.7,151.58
8575,2569,11,0.76652,88.58,152.24,102.95,164.15
8576,2569,17,0.60853,34.09,151.42,45.01,162.34
8577,2569,10,0.51234,106.65,136.53,118.05,148.29
8578,2569,11,0.48648,61.32,136.92,74.09,148.54
8579,2569,11,0.3895,45.9,125.23,59.12,136.5
8580,2569,11,0.31226,69.01,119.59,82.71,131.58
8581,2569,12,0.19431,99.52,125.36,112.83,136.11
8582,2569,13,0.13988,99.7,125.37,112.81,136.33
8583,2569,13,0.13611,106.63,136.73,117.93,148.03
8584,2569,12,0.11016,61.36,136.76,74.38,148.7
8585,2569,13,0.04164,45.89,125.78,59.1,136.52
8586,2569,17,0.02911,46.32,125.9,58.74,135.35
8587,2569,13,0.01279,30.19,140.38,40.88,151.88
8588,2569,17,0.00465,61.32,136.54,73.7,148.23
8589,2569,16,0.00447,89.06,151.97,102.91,164.1
8590,2569,17,0.00363,105.71,136.12,117.07,147.94
8591,2569,13,0.00244,33.66,151.36,44.68,162.36
8592,2569,17,0.00116,31.37,146.96,42.76,161.96
8593,2571,14,0.87891,229.61,166.29,261.04,235.42
8594,2571,14,0.83447,347.08,151.3,398.8,236.38
8595,2571,14,0.80908,194.33,156.38,222.12,236.62
8596,2571,8,0.80078,443.76,160.0,495.0,248.95
8597,2571,14,0.77979,136.08,143.57,174.51,238.32
8598,2571,14,0.63721,58.31,189.25,85.38,235.66
8599,2571,14,0.00319,0.02,190.46,4.06,238.8
8600,2574,5,0.83887,182.11,42.66,203.67,58.59
8601,2574,5,0.82715,279.84,107.81,372.66,151.41
8602,2574,5,0.82568,228.98,82.97,284.77,114.38
8603,2574,5,0.77344,148.36,66.09,175.55,88.36
8604,2574,5,0.01041,11.34,30.0,52.94,44.06
8605,2574,5,0.00232,108.28,18.63,127.85,28.71
8606,2574,5,0.00213,58.59,21.8,90.12,33.98
8607,2574,5,0.00188,94.8,20.04,127.27,36.45
8608,2574,5,0.00137,150.7,64.92,177.42,75.23
8609,2574,5,0.00116,0.05,28.95,10.1,56.13
8610,2577,17,0.86426,300.07,133.63,312.61,146.17
8611,2577,10,0.85889,241.09,111.92,255.68,124.46
8612,2577,17,0.85303,270.16,114.09,281.73,125.19
8613,2577,9,0.85303,257.61,134.11,274.02,146.66
8614,2577,10,0.84082,325.39,106.13,338.42,117.71
8615,2577,11,0.82568,308.75,151.48,321.29,164.02
8616,2577,17,0.68408,295.72,117.47,306.34,128.08
8617,2577,9,0.11841,295.24,117.23,306.82,128.32
8618,2577,6,0.00116,489.18,23.16,494.0,49.21
8619,2582,2,0.8618,191.47,161.22,210.21,187.44
8620,2582,2,0.85911,227.17,203.88,253.71,224.63
8621,2584,2,0.89404,85.45,15.87,110.84,34.91
8622,2584,2,0.88574,136.96,56.03,163.57,74.58
8623,2584,2,0.87402,195.8,12.45,219.73,31.49
8624,2584,2,0.8374,249.76,43.95,276.12,64.94
8625,2588,17,0.89014,369.39,185.68,389.04,205.33
8626,2588,11,0.88721,269.67,85.72,289.81,105.36
8627,2588,10,0.88184,417.53,167.01,440.12,187.64
8628,2588,10,0.88184,280.97,211.71,304.55,233.33
8629,2588,9,0.87158,306.52,129.43,327.15,150.56
8630,2588,17,0.86865,333.04,201.4,352.69,221.04
8631,2588,10,0.61133,367.92,109.29,390.51,129.68
8632,2588,17,0.49414,368.16,109.29,390.76,129.93
8633,2588,9,0.22681,368.16,109.29,390.76,129.93
8634,2588,5,0.0021,136.93,211.47,194.89,254.69
8635,2589,5,0.84323,231.65,112.03,370.33,182.48
8636,2589,8,0.55014,0.05,146.44,85.87,215.49
8637,2589,5,0.33702,91.9,128.58,181.76,172.26
8638,2589,14,0.23208,24.18,127.68,70.21,213.59
8639,2589,14,0.09711,1.42,128.66,62.9,213.71
8640,2589,14,0.01809,175.28,88.7,193.72,173.61
8641,2589,14,0.01779,168.16,89.95,196.33,184.79
8642,2589,5,0.00891,90.58,127.91,232.01,174.36
8643,2589,8,0.0057,0.06,130.44,36.2,219.91
8644,2589,14,0.00501,161.36,116.61,196.77,187.26
8645,2589,14,0.00411,0.0,117.06,11.26,221.82
8646,2589,14,0.00339,76.89,79.7,105.16,177.75
8647,2589,14,0.00331,149.61,82.85,178.75,177.13
8648,2589,14,0.00207,23.05,85.94,45.32,163.23
8649,2589,14,0.00199,157.66,77.35,193.0,165.33
8650,2589,14,0.00168,160.51,85.95,178.75,168.98
8651,2589,14,0.00161,417.18,75.99,444.0,151.3
8652,2589,14,0.00136,433.26,66.01,443.95,150.3
8653,2589,5,0.00117,166.8,126.92,230.72,173.09
8654,2589,14,0.00117,129.68,91.81,147.76,166.61
8655,2589,14,0.00114,145.25,92.39,161.4,127.52
8656,2589,5,0.00113,134.63,129.61,174.36,165.3
8657,2589,14,0.00112,0.2,57.99,31.59,219.02
8658,2589,14,0.00108,0.0,0.05,11.85,77.57
8659,2589,14,0.00102,22.92,88.45,62.83,161.76
8660,2590,2,0.89697,115.1,177.85,141.27,196.44
8661,2590,2,0.89404,228.24,167.33,253.68,187.88
8662,2590,2,0.89258,66.11,136.99,90.08,154.61
8663,2590,2,0.84814,174.91,135.04,199.37,154.12
8664,2592,15,0.88998,95.4,10.72,118.88,33.32
8665,2592,15,0.88664,45.9,3.67,67.69,23.46
8666,2593,14,0.88525,350.34,118.29,394.29,253.91
8667,2593,14,0.87256,267.58,127.2,327.15,255.62
8668,2593,14,0.83447,43.46,144.53,68.85,231.45
8669,2593,5,0.81104,382.32,154.3,500.0,210.94
8670,2593,5,0.37842,208.37,155.03,334.47,207.28
8671,2593,14,0.00746,260.25,154.05,335.45,238.53
8672,2593,14,0.00547,219.48,138.18,328.37,212.4
8673,2593,8,0.00491,151.0,167.48,181.27,197.75
8674,2593,5,0.00391,494.14,200.2,500.0,214.84
8675,2593,5,0.0029,310.06,170.41,338.38,204.59
8676,2593,14,0.00135,493.16,191.41,500.0,250.0
8677,2593,14,0.00112,491.21,157.47,500.0,190.19
8678,2594,2,0.83008,244.02,42.07,255.81,57.63
8679,2594,2,0.82324,191.61,38.66,204.26,54.47
8680,2594,2,0.82324,256.78,64.2,269.43,80.97
8681,2594,2,0.82227,177.87,55.68,190.28,72.71
8682,2598,2,0.82219,287.89,121.16,314.14,159.54
8683,2598,17,0.808,307.36,187.75,326.51,207.17
8684,2598,17,0.80204,380.2,150.92,398.75,169.07
8685,2600,15,0.88852,160.63,139.47,180.66,161.59
8686,2600,15,0.86803,279.3,135.25,299.73,155.54
8687,2600,5,0.00465,411.25,151.6,460.0,206.88
8688,2600,15,0.0031,456.54,104.39,460.0,124.96
8689,2600,5,0.00103,399.35,173.37,459.98,232.86
8690,2605,8,0.85342,291.95,0.33,416.36,56.23
8691,2605,8,0.7234,226.15,0.65,341.17,54.13
8692,2605,8,0.37064,202.96,1.09,251.05,25.35
8693,2605,8,0.19402,482.84,0.0,500.97,41.25
8694,2605,8,0.08524,470.47,0.27,500.93,39.74
8695,2605,8,0.02745,68.89,0.54,117.42,18.64
8696,2605,8,0.01509,0.01,0.28,23.36,34.32
8697,2605,8,0.00468,159.27,1.09,238.64,26.52
8698,2605,8,0.00441,489.68,0.0,501.0,44.21
8699,2605,8,0.00293,0.0,1.22,21.18,88.6
8700,2605,8,0.0022,0.0,0.58,71.34,92.83
8701,2605,8,0.00187,207.66,1.31,279.54,27.18
8702,2605,8,0.00162,0.11,0.26,23.74,56.27
8703,2605,8,0.00142,0.0,0.73,55.81,27.2
8704,2605,8,0.0014,147.34,0.74,201.99,20.75
8705,2607,10,0.69057,113.31,179.03,126.07,190.51
8706,2607,11,0.6177,60.05,178.94,73.04,190.0
8707,2607,10,0.61046,120.47,190.86,131.63,202.03
8708,2607,17,0.59026,43.93,194.05,54.6,205.0
8709,2607,11,0.53876,74.73,190.58,87.84,202.23
8710,2607,11,0.48208,102.42,205.95,116.93,218.2
8711,2607,17,0.20535,47.84,204.93,58.43,215.8
8712,2607,11,0.12617,83.12,173.12,96.73,185.12
8713,2607,12,0.04848,83.22,173.65,96.81,185.02
8714,2607,17,0.03378,60.61,179.73,72.34,188.89
8715,2607,17,0.01634,113.53,180.14,125.66,189.54
8716,2607,1,0.01596,83.19,173.28,96.75,185.09
8717,2607,13,0.01093,47.66,205.0,58.0,215.77
8718,2607,13,0.0057,103.21,206.01,116.65,217.49
8719,2607,13,0.00303,82.88,173.88,96.19,185.51
8720,2607,13,0.00213,44.23,193.81,54.61,204.86
8721,2607,13,0.00177,75.14,191.2,87.8,201.99
8722,2607,13,0.00126,112.35,179.31,126.1,190.36
8723,2608,12,0.66553,272.9,138.59,318.46,182.25
8724,2608,13,0.36108,347.89,61.22,392.5,104.41
8725,2608,1,0.15198,347.89,61.22,391.55,104.89
8726,2608,17,0.0401,347.41,60.87,392.5,104.06
8727,2608,10,0.00329,272.43,138.59,318.94,181.78
8728,2608,6,0.00232,15.17,30.61,47.82,59.09
8729,2608,11,0.00162,272.9,138.59,318.46,182.25
8730,2608,6,0.0014,0.33,38.92,44.55,243.95
8731,2609,4,0.91797,256.35,5.37,332.52,51.27
8732,2609,13,0.88623,218.99,74.71,254.15,110.35
8733,2609,3,0.88574,108.4,140.38,167.24,214.11
8734,2609,0,0.8833,324.22,88.87,362.3,128.42
8735,2609,12,0.87891,87.65,82.03,125.0,116.21
8736,2609,12,0.87598,392.33,9.52,430.42,45.41
8737,2609,3,0.85986,392.09,111.82,441.89,209.96
8738,2609,0,0.85889,139.89,29.05,176.51,66.65
8739,2609,1,0.8418,210.45,146.0,250.0,184.08
8740,2609,3,0.0195,0.0,103.52,41.29,249.02
8741,2609,1,0.00978,324.22,89.11,362.3,128.66
8742,2609,3,0.00826,0.02,162.35,28.87,237.55
8743,2609,1,0.00155,196.04,146.24,284.91,246.83
8744,2609,3,0.00107,0.24,132.81,33.2,222.66
8745,2612,4,0.8922,241.77,182.65,348.98,237.8
8746,2612,13,0.86224,184.79,78.01,227.93,121.21
8747,2612,1,0.18068,184.87,78.17,227.78,120.95
8748,2614,17,0.88184,221.87,104.51,233.73,116.12
8749,2614,10,0.86816,379.5,152.69,393.34,167.51
8750,2614,9,0.80322,309.33,124.03,323.17,139.35
8751,2614,9,0.71875,249.66,127.49,265.35,140.34
8752,2614,10,0.12,249.79,127.49,265.11,140.34
8753,2614,17,0.00231,161.09,131.94,169.49,138.85
8754,2614,17,0.0012,309.33,124.15,323.17,139.84
8755,2615,10,0.89551,261.75,80.24,282.3,105.68
8756,2615,10,0.88818,381.13,54.8,404.62,76.81
8757,2615,17,0.83008,162.68,45.99,180.78,62.62
8758,2615,9,0.6792,285.24,35.96,306.28,58.96
8759,2615,10,0.50781,285.24,35.96,306.76,59.2
8760,2615,10,0.09637,366.7,135.04,399.97,166.35
8761,2615,17,0.05203,366.45,135.04,399.72,167.33
8762,2615,9,0.03448,365.96,135.28,399.23,167.08
8763,2615,11,0.00336,365.96,135.04,400.21,167.33
8764,2615,8,0.00274,192.52,96.87,226.77,168.79
8765,2617,4,0.88501,55.61,80.88,118.13,163.79
8766,2617,13,0.72067,272.07,109.39,323.9,157.39
8767,2617,12,0.61586,272.47,108.69,323.72,157.14
8768,2617,0,0.46051,218.63,166.06,275.58,223.03
8769,2617,1,0.0901,218.34,165.86,274.09,222.88
8770,2617,14,0.00183,0.0,21.86,58.48,238.53
8771,2617,14,0.00119,384.13,0.0,495.0,124.61
8772,2621,9,0.93359,247.24,66.09,281.98,107.58
8773,2621,9,0.92578,295.24,35.22,327.08,75.26
8774,2621,11,0.91064,145.33,109.03,186.34,141.83
8775,2621,11,0.90039,333.35,75.5,377.74,110.23
8776,2621,9,0.82764,239.28,113.37,281.25,149.55
8777,2621,11,0.72168,221.67,4.82,251.1,36.66
8778,2621,10,0.30566,221.43,4.82,250.86,36.18
8779,2621,9,0.01151,145.57,108.79,186.09,142.07
8780,2621,16,0.0015,144.73,108.06,186.21,141.83
8781,2621,16,0.0013,332.87,74.78,377.25,109.99
8782,2624,15,0.88477,89.01,50.45,107.14,69.67
8783,2625,2,0.81299,408.41,156.64,440.53,187.77
8784,2625,2,0.58154,439.29,124.15,459.06,155.65
8785,2625,2,0.00672,336.51,127.98,363.19,163.56
8786,2625,2,0.00619,499.08,189.26,506.0,214.95
8787,2625,2,0.00461,497.11,173.44,506.0,212.97
8788,2625,2,0.00292,500.07,160.1,506.0,191.73
8789,2625,2,0.00175,502.05,206.06,506.0,242.13
8790,2625,2,0.00151,499.58,196.67,506.0,241.14
8791,2625,2,0.00142,498.09,141.82,506.0,178.38
8792,2625,2,0.00138,502.05,143.3,506.0,177.89
8793,2625,2,0.00118,497.11,162.57,506.0,194.2
8794,2625,2,0.00111,497.6,192.22,506.0,227.8
8795,2628,10,0.8833,363.29,65.06,384.24,86.5
8796,2628,10,0.80078,136.69,84.43,158.86,103.19
8797,2628,11,0.14709,28.51,70.9,47.27,86.98
8798,2628,10,0.00764,0.0,65.79,2.66,89.18
8799,2628,2,0.00248,0.02,66.88,3.71,88.81
8800,2628,11,0.00111,97.03,11.45,111.65,25.1
8801,2628,17,0.00105,96.85,11.45,111.23,26.07
8802,2630,15,0.85693,80.27,178.79,108.88,203.73
8803,2630,15,0.81152,28.86,150.96,51.46,170.55
8804,2630,15,0.80078,86.72,143.39,109.1,162.98
8805,2630,5,0.00617,100.97,83.94,149.07,102.2
8806,2633,7,0.77231,295.99,119.54,315.36,137.01
8807,2633,7,0.76406,408.03,139.59,430.84,158.47
8808,2633,2,0.0013,490.87,197.13,496.0,227.34
8809,2636,2,0.84814,369.8,155.42,399.04,192.68
8810,2636,2,0.83105,274.52,125.94,305.65,151.41
8811,2636,17,0.21082,368.85,107.54,384.89,122.64
8812,2636,2,0.01283,368.38,108.01,391.97,141.98
8813,2636,2,0.00704,369.09,110.84,398.81,148.11
8814,2636,14,0.00155,214.61,76.65,256.83,237.96
8815,2639,2,0.88721,330.88,177.87,348.42,190.54
8816,2639,2,0.86719,365.97,154.23,383.51,167.39
8817,2639,2,0.85498,291.16,156.91,309.19,170.56
8818,2639,2,0.8291,406.41,169.58,424.93,183.71
8819,2648,7,0.87061,77.52,3.69,102.13,28.3
8820,2648,7,0.81396,69.4,53.77,98.93,77.89
8821,2648,17,0.02361,0.01,90.07,3.78,110.25
8822,2648,17,0.00569,0.05,86.5,5.12,118.0
8823,2648,7,0.00391,0.0,12.3,6.95,31.01
8824,2648,2,0.00259,0.0,90.56,5.53,126.98
8825,2648,2,0.00185,0.0,81.7,3.85,109.76
8826,2648,2,0.00119,0.16,11.07,6.85,30.02
8827,2649,2,0.86666,115.41,182.43,135.53,208.87
8828,2649,2,0.86564,46.98,151.83,67.39,177.72
8829,2649,9,0.0014,93.94,160.12,107.57,171.46
8830,2650,1,0.90126,217.2,155.24,250.47,188.5
8831,2650,12,0.89938,220.08,127.67,251.06,154.71
8832,2650,4,0.89189,276.06,120.91,317.16,162.73
8833,2650,3,0.88346,159.17,123.73,204.83,174.9
8834,2650,0,0.86877,224.91,94.6,255.01,124.17
8835,2652,2,0.86621,364.02,168.76,379.58,191.13
8836,2652,2,0.83643,280.85,147.84,295.93,168.27
8837,2652,2,0.83203,356.24,127.9,370.83,147.36
8838,2652,2,0.83203,409.97,149.79,425.54,171.19
8839,2657,14,0.83447,388.67,81.3,412.11,118.9
8840,2657,14,0.67041,352.78,79.35,367.43,105.71
8841,2657,14,0.57959,110.96,31.37,127.44,66.77
8842,2657,14,0.36475,265.14,59.81,276.86,88.62
8843,2657,14,0.32935,13.76,15.14,28.63,46.39
8844,2657,14,0.08063,273.93,68.73,285.64,90.7
8845,2657,14,0.00892,266.11,60.06,284.18,90.33
8846,2657,14,0.00634,353.27,84.11,374.76,105.59
8847,2657,14,0.00187,0.05,3.42,7.7,38.57
8848,2657,14,0.00132,86.43,46.75,107.42,63.11
8849,2657,8,0.00128,86.3,46.88,101.44,62.5
8850,2657,14,0.00126,13.85,2.56,33.02,45.78
8851,2657,14,0.00126,379.39,88.87,392.09,107.91
8852,2657,14,0.00107,362.3,87.89,375.0,100.59
8853,2659,16,0.854,371.55,36.47,437.7,108.94
8854,2659,8,0.34521,342.86,0.85,400.25,15.2
8855,2659,14,0.20056,327.3,0.61,346.27,16.41
8856,2659,8,0.11011,327.06,0.49,345.54,16.54
8857,2659,14,0.05814,342.86,0.73,368.15,11.43
8858,2659,16,0.02049,251.43,25.05,300.55,82.92
8859,2659,8,0.0192,302.5,0.49,318.06,8.27
8860,2659,14,0.00704,298.61,0.49,312.22,13.62
8861,2659,8,0.00528,342.38,0.97,389.06,11.19
8862,2659,14,0.00463,254.84,0.24,267.48,10.94
8863,2659,8,0.00442,303.23,0.49,327.06,7.05
8864,2659,14,0.00343,262.13,0.49,270.88,10.21
8865,2659,8,0.00304,313.2,0.49,326.81,6.32
8866,2659,14,0.0025,342.38,1.22,373.01,15.81
8867,2659,8,0.00207,292.77,0.24,302.5,5.59
8868,2659,5,0.00151,19.94,54.59,350.16,241.22
8869,2659,3,0.001,249.97,25.78,300.55,82.19
8870,2660,10,0.86816,426.39,23.39,447.83,43.86
8871,2660,9,0.78662,290.92,92.22,314.31,112.2
8872,2660,17,0.67041,208.81,90.15,228.3,108.67
8873,2660,17,0.49023,304.57,41.42,327.96,59.45
8874,2660,9,0.28931,304.57,41.42,328.44,59.45
8875,2660,11,0.15308,141.81,118.17,161.79,139.13
8876,2660,10,0.0661,208.81,90.4,228.3,108.67
8877,2660,10,0.0201,290.43,92.1,314.8,112.08
8878,2660,10,0.01395,141.56,118.54,161.54,139.86
8879,2660,11,0.0096,149.24,106.96,176.04,125.48
8880,2660,11,0.00314,32.41,116.71,47.76,128.65
8881,2660,17,0.00166,497.05,165.68,499.0,183.23
8882,2660,11,0.00146,304.08,41.42,328.44,59.45
8883,2660,11,0.00143,70.11,111.35,88.38,130.84
8884,2661,2,0.87339,209.35,46.59,232.08,75.45
8885,2661,2,0.86659,309.15,34.98,329.62,64.86
8886,2662,3,0.88232,137.07,166.85,216.56,209.18
8887,2662,0,0.87988,293.34,74.07,325.83,107.54
8888,2662,1,0.87646,241.17,125.88,277.1,161.44
8889,2662,13,0.87256,205.98,100.9,237.73,132.4
8890,2662,3,0.85889,361.02,69.64,424.02,109.51
8891,2662,0,0.854,116.03,104.34,150.73,138.8
8892,2662,12,0.8501,195.15,31.01,224.68,57.09
8893,2662,4,0.83545,191.71,69.4,262.09,92.53
8894,2662,12,0.79053,296.79,30.88,329.27,58.69
8895,2662,3,0.00371,483.82,47.62,504.0,114.31
8896,2662,3,0.0017,489.23,96.96,504.0,157.01
8897,2662,3,0.00109,488.25,72.6,504.0,126.25
8898,2665,2,0.87874,381.96,176.88,404.41,205.49
8899,2665,2,0.85086,286.91,177.05,305.11,205.43
8900,2667,17,0.82294,236.73,107.1,255.63,126.09
8901,2667,17,0.82269,344.71,54.0,362.5,71.57
8902,2667,2,0.82196,266.88,25.16,305.09,55.04
8903,2668,2,0.88184,126.98,81.95,144.21,96.71
8904,2668,2,0.8501,65.03,53.89,83.61,68.66
8905,2668,2,0.82324,152.33,65.21,168.57,79.49
8906,2668,2,0.7417,100.78,40.36,115.29,54.14
8907,2668,2,0.01704,104.96,41.59,116.03,55.37
8908,2676,15,0.90584,186.52,7.61,204.94,24.48
8909,2676,15,0.8836,231.18,1.77,251.5,20.17
8910,2680,14,0.28826,319.8,0.45,356.09,15.21
8911,2680,12,0.2546,285.42,44.18,303.99,63.67
8912,2680,14,0.20917,241.29,0.57,281.98,9.99
8913,2680,12,0.09726,250.27,119.66,274.63,141.87
8914,2680,17,0.09505,285.47,44.19,304.08,63.81
8915,2680,12,0.06572,257.88,91.43,280.05,114.42
8916,2680,12,0.02876,313.76,135.56,337.86,156.9
8917,2680,12,0.01938,344.34,95.3,366.58,116.31
8918,2680,8,0.00338,236.75,0.39,282.45,9.25
8919,2680,17,0.00198,344.42,95.34,366.93,116.45
8920,2680,14,0.00117,94.67,0.35,110.38,9.78
8921,2680,14,0.00114,243.7,0.06,281.91,6.39
8922,2680,3,0.00112,488.89,140.31,501.0,165.51
8923,2682,14,0.83008,343.75,95.34,379.39,174.32
8924,2682,14,0.81152,423.1,108.76,447.02,169.43
8925,2682,14,0.80908,142.33,83.74,168.7,160.4
8926,2682,14,0.78125,213.13,82.03,236.82,166.02
8927,2682,14,0.74316,188.6,89.11,214.23,158.69
8928,2682,14,0.00366,0.0,89.11,6.34,167.72
8929,2682,14,0.00227,0.02,77.88,8.21,152.34
8930,2682,8,0.00187,186.28,83.25,237.06,165.53
8931,2682,8,0.00163,136.23,79.35,180.91,161.62
8932,2682,8,0.0016,338.38,94.48,384.28,174.07
8933,2682,14,0.00116,0.0,106.69,4.9,148.68
8934,2682,8,0.00115,418.21,105.59,468.51,170.9
8935,2685,17,0.83545,255.65,97.01,275.87,117.23
8936,2685,2,0.74316,301.87,59.46,325.94,81.12
8937,2685,17,0.50391,195.95,147.08,218.58,170.19
8938,2688,14,0.80176,264.02,148.21,283.08,199.68
8939,2688,8,0.75049,141.78,168.7,178.0,216.36
8940,2688,14,0.73096,146.3,146.78,175.38,172.52
8941,2688,14,0.3811,96.5,152.98,118.9,178.71
8942,2688,16,0.33105,44.02,183.24,54.15,199.92
8943,2688,16,0.32764,0.08,187.53,9.65,207.54
8944,2688,16,0.22131,8.56,185.86,19.36,205.88
8945,2688,16,0.20496,18.53,184.43,29.31,203.49
8946,2688,16,0.18774,28.36,183.95,37.41,202.06
8947,2688,16,0.18298,36.58,183.48,45.63,200.63
8948,2688,8,0.07184,92.21,169.89,111.04,208.97
8949,2688,16,0.03635,52.06,175.85,59.45,185.86
8950,2688,8,0.01964,104.25,171.32,119.97,199.44
8951,2688,14,0.01445,96.98,152.5,120.69,199.2
8952,2688,16,0.00919,48.22,183.0,56.38,199.68
8953,2688,16,0.00793,32.05,185.38,48.25,198.73
8954,2688,16,0.00644,15.43,186.34,36.13,200.63
8955,2688,16,0.00598,51.29,179.19,57.96,187.77
8956,2688,16,0.0053,0.37,188.24,22.8,204.45
8957,2688,8,0.00299,94.66,169.42,117.29,204.68
8958,2688,16,0.00291,54.33,179.66,59.87,186.34
8959,2688,16,0.00242,13.19,183.95,25.17,205.88
8960,2688,14,0.00146,95.31,152.98,110.56,175.85
8961,2688,16,0.00143,45.09,183.0,60.58,200.16
8962,2688,16,0.00124,6.39,194.44,12.73,206.83
8963,2688,16,0.00107,241.97,233.04,257.34,246.38
8964,2688,8,0.00102,107.23,174.66,123.67,200.39
8965,2698,15,0.85791,239.66,98.51,269.3,125.42
8966,2698,15,0.8457,240.8,153.23,280.02,188.35
8967,2698,15,0.81641,167.14,121.77,195.88,148.67
8968,2701,11,0.39795,149.06,66.63,162.68,81.22
8969,2701,12,0.35938,184.56,63.22,198.18,75.62
8970,2701,11,0.25391,116.11,54.47,130.46,67.6
8971,2701,12,0.19434,116.11,54.23,130.46,67.84
8972,2701,11,0.17102,184.56,62.98,197.69,75.62
8973,2701,11,0.16663,86.69,60.06,100.31,73.68
8974,2701,10,0.16138,200.98,68.82,216.54,81.95
8975,2701,11,0.13159,124.62,64.68,137.51,77.33
8976,2701,16,0.11438,86.63,59.94,100.61,74.04
8977,2701,10,0.07263,124.44,64.44,137.63,77.57
8978,2701,12,0.05283,200.85,68.57,216.42,81.7
8979,2701,17,0.02022,184.8,63.71,197.94,75.87
8980,2701,17,0.0145,124.74,65.41,137.87,77.08
8981,2701,14,0.00706,17.6,67.11,52.49,149.3
8982,2701,14,0.00281,113.56,73.44,169.97,173.13
8983,2701,9,0.00167,257.02,90.21,304.2,118.42
8984,2702,14,0.84521,253.35,96.58,301.89,200.94
8985,2702,14,0.8374,116.36,121.22,150.09,196.08
8986,2702,14,0.82568,321.79,97.56,351.88,178.12
8987,2702,14,0.80566,346.06,91.0,372.26,179.34
8988,2702,14,0.04453,487.29,86.27,497.0,189.29
8989,2702,14,0.03568,483.41,100.47,497.0,197.54
8990,2702,14,0.02834,240.13,112.24,270.34,198.51
8991,2702,14,0.01738,416.92,101.56,428.57,125.34
8992,2702,14,0.00639,490.21,103.62,497.0,203.6
8993,2702,14,0.00584,464.0,64.31,496.51,219.62
8994,2702,14,0.00487,478.56,80.57,497.0,188.32
8995,2702,14,0.00487,238.79,111.02,265.0,167.45
8996,2702,14,0.00465,0.05,108.72,26.65,256.0
8997,2702,14,0.00279,114.66,137.84,130.32,174.73
8998,2702,14,0.00222,0.03,116.73,22.78,207.0
8999,2702,14,0.00221,493.12,116.24,497.0,160.89
9000,2702,14,0.00167,489.23,120.12,497.0,169.63
9001,2702,14,0.00159,340.23,100.23,349.94,152.64
9002,2702,14,0.00107,439.0,72.44,496.27,239.28
9003,2703,7,0.8457,182.79,178.96,222.99,215.81
9004,2703,7,0.63721,40.02,122.5,76.98,150.25
9005,2703,7,0.00892,0.02,138.29,7.97,162.7
9006,2703,7,0.0015,0.04,119.39,9.46,161.98
9007,2705,14,0.68994,377.77,10.89,507.0,244.09
9008,2705,15,0.29834,276.52,158.44,339.4,201.02
9009,2705,7,0.01799,208.94,92.34,227.26,112.14
9010,2705,14,0.0041,359.95,1.42,507.0,155.47
9011,2705,14,0.00215,278.75,15.1,497.59,250.78
9012,2705,14,0.00207,417.38,2.23,506.5,182.2
9013,2705,17,0.00128,208.69,92.59,227.26,111.65
9014,2708,15,0.91633,294.29,179.32,335.26,224.88
9015,2708,15,0.91469,311.33,71.43,352.33,118.74
9016,2708,9,0.00186,0.03,142.9,3.0,161.13
9017,2708,10,0.0014,0.0,143.22,1.78,161.09
9018,2710,3,0.60283,336.34,211.91,394.95,234.0
9019,2710,4,0.55979,336.31,211.73,396.38,234.0
9020,2710,12,0.20386,433.7,208.46,471.05,233.35
9021,2711,14,0.8335,90.09,101.19,126.03,192.97
9022,2711,14,0.77734,447.21,96.24,479.04,139.18
9023,2711,14,0.77051,219.26,77.67,262.68,173.67
9024,2711,14,0.7124,276.91,89.97,303.93,141.11
9025,2711,14,0.6792,178.74,94.8,200.45,147.14
9026,2711,14,0.66357,380.63,80.32,403.3,152.69
9027,2711,8,0.62598,457.34,128.32,494.0,189.11
9028,2711,14,0.57959,12.12,117.95,46.01,176.81
9029,2711,8,0.25537,317.92,102.88,396.55,163.54
9030,2711,8,0.21008,0.0,145.69,48.6,212.27
9031,2711,8,0.16992,63.32,125.91,89.13,158.72
9032,2711,14,0.09637,339.14,90.45,365.68,134.84
9033,2711,14,0.04321,324.43,90.45,366.4,161.85
9034,2711,14,0.03476,380.39,79.96,402.58,121.93
9035,2711,14,0.02975,0.04,127.36,7.44,168.85
9036,2711,14,0.02162,63.02,125.67,89.55,157.99
9037,2711,14,0.02145,176.08,94.55,209.37,156.06
9038,2711,8,0.01848,116.69,121.57,150.03,159.2
9039,2711,14,0.01653,320.09,91.42,394.86,164.26
9040,2711,8,0.01169,1.3,120.12,49.96,182.84
9041,2711,8,0.00881,81.17,98.66,147.14,190.8
9042,2711,14,0.00779,338.66,90.45,376.29,153.17
9043,2711,14,0.0071,342.76,90.21,367.36,120.61
9044,2711,14,0.00634,0.12,152.45,53.22,213.23
9045,2711,8,0.00591,200.21,102.03,290.9,178.74
9046,2711,16,0.00541,459.75,135.56,494.0,187.66
9047,2711,14,0.00514,461.2,126.15,494.0,189.83
9048,2711,14,0.00449,9.62,118.19,41.61,160.16
9049,2711,14,0.00389,487.25,71.16,494.0,121.81
9050,2711,14,0.00368,484.35,70.19,494.0,130.98
9051,2711,14,0.00325,489.66,71.76,494.0,112.77
9052,2711,16,0.00243,481.46,125.19,494.0,144.0
9053,2711,8,0.00181,54.75,96.6,152.45,202.62
9054,2711,14,0.00165,0.06,122.78,11.97,178.74
9055,2711,14,0.00148,164.02,125.43,220.95,178.01
9056,2711,14,0.00143,263.88,91.18,303.44,167.88
9057,2711,14,0.0014,481.94,100.58,494.0,159.44
9058,2711,8,0.00136,0.05,152.45,29.77,211.3
9059,2711,14,0.00107,219.74,77.43,261.96,125.19
9060,2711,14,0.00107,122.35,113.97,146.42,158.23
9061,2711,14,0.00103,190.56,123.26,215.64,153.17
9062,2715,15,0.89511,161.25,4.35,195.68,37.08
9063,2715,15,0.88405,244.49,16.94,281.87,55.24
9064,2717,2,0.88342,288.18,62.85,315.96,91.18
9065,2717,2,0.72314,409.16,51.8,432.26,72.91
9066,2717,2,0.00127,496.79,43.8,505.0,67.19
9067,2717,11,0.0011,387.5,2.08,399.78,15.54
9068,2721,14,0.85267,374.95,82.88,404.62,187.84
9069,2721,14,0.83801,308.63,81.23,338.02,180.94
9070,2721,14,0.82148,196.27,94.88,222.53,169.14
9071,2721,14,0.70507,66.35,45.73,106.06,167.23
9072,2721,14,0.69477,98.32,78.1,148.98,171.53
9073,2721,5,0.6876,408.14,133.68,486.29,174.36
9074,2721,5,0.2468,481.67,146.02,499.99,174.38
9075,2721,5,0.00944,479.32,131.15,500.0,173.93
9076,2721,14,0.00362,65.66,59.19,150.68,170.19
9077,2721,8,0.00294,72.57,83.11,150.11,170.14
9078,2721,14,0.00186,0.0,99.03,8.1,184.48
9079,2728,17,0.87031,369.34,111.22,380.32,121.5
9080,2728,10,0.79641,411.08,89.06,425.08,100.41
9081,2728,9,0.75166,376.67,89.23,391.81,100.73
9082,2728,10,0.73322,432.68,95.98,445.48,107.32
9083,2728,17,0.71062,388.51,117.21,400.24,128.62
9084,2728,11,0.62876,440.42,108.79,453.44,120.71
9085,2728,9,0.55307,363.68,97.22,375.82,108.4
9086,2728,11,0.36939,393.0,102.86,408.71,114.52
9087,2728,12,0.32821,392.78,102.92,408.8,114.73
9088,2728,13,0.02185,369.59,111.71,380.15,121.67
9089,2728,13,0.01289,388.91,117.49,400.06,128.54
9090,2728,13,0.0109,440.22,108.51,452.61,121.05
9091,2729,10,0.86816,349.37,163.09,364.5,177.73
9092,2729,11,0.85107,382.32,219.73,396.0,234.38
9093,2729,17,0.84814,378.91,172.36,391.6,185.06
9094,2729,10,0.8457,448.24,177.73,464.84,191.41
9095,2729,9,0.69922,407.47,182.62,420.65,194.34
9096,2729,9,0.6875,344.73,189.7,362.3,202.88
9097,2729,9,0.37378,392.82,200.2,406.98,213.87
9098,2729,17,0.15308,344.73,189.7,362.79,202.88
9099,2729,17,0.13293,392.82,200.2,406.98,213.87
9100,2729,8,0.00117,333.5,218.51,349.12,248.78
9101,2732,14,0.02347,270.15,150.27,282.92,167.39
9102,2732,14,0.00119,220.1,120.61,234.56,157.77
9103,2734,6,0.00259,0.03,87.28,11.6,102.42
9104,2734,6,0.00229,0.15,82.52,25.09,102.05
9105,2737,16,0.77601,50.16,46.86,101.8,105.91
9106,2737,16,0.19563,353.08,123.06,437.93,205.3
9107,2737,16,0.08113,185.36,71.98,250.93,147.37
9108,2737,1,0.00159,184.32,70.9,250.46,148.95
9109,2739,10,0.89439,218.99,49.84,234.96,67.63
9110,2739,17,0.86848,327.75,47.12,342.16,61.72
9111,2739,10,0.85915,228.79,31.05,245.64,48.25
9112,2739,10,0.85102,243.01,72.66,260.95,91.85
9113,2739,11,0.84402,266.83,19.57,286.54,34.81
9114,2739,11,0.7844,278.52,50.6,295.22,68.48
9115,2739,17,0.77515,320.96,65.65,335.94,80.3
9116,2739,10,0.69737,278.74,78.74,298.78,95.41
9117,2740,7,0.88141,84.03,47.78,108.36,67.41
9118,2740,7,0.87711,249.94,98.31,276.89,120.54
9119,2740,2,0.00243,0.0,68.75,3.76,103.19
9120,2740,2,0.00126,0.02,70.79,6.07,103.08
9121,2741,17,0.79376,374.69,15.07,395.63,36.24
9122,2741,17,0.79367,371.8,153.51,396.78,179.37
9123,2741,17,0.00117,380.3,153.16,396.83,168.93
9124,2741,5,0.00113,41.69,0.0,432.67,247.0
9125,2742,15,0.9044,375.66,177.37,405.85,209.51
9126,2742,6,0.88193,305.64,125.33,334.23,167.8
9127,2742,2,0.3731,403.18,117.49,421.89,136.6
9128,2742,17,0.32413,403.12,117.31,421.7,136.68
9129,2746,7,0.00315,148.32,171.33,246.56,215.0
9130,2751,15,0.83203,247.8,40.28,308.35,111.57
9131,2751,16,0.00536,103.15,14.16,115.84,26.37
9132,2751,15,0.00452,419.92,64.94,461.91,120.36
9133,2751,14,0.00234,69.34,90.58,95.46,130.62
9134,2751,15,0.00233,399.41,85.45,452.15,138.67
9135,2752,15,0.93945,306.12,175.34,353.59,224.75
9136,2752,7,0.00594,0.07,13.32,13.9,44.08
9137,2752,7,0.0021,0.02,13.56,7.26,36.81
9138,2752,7,0.00115,0.0,13.8,3.82,36.09
9139,2756,15,0.89844,384.97,73.34,413.23,104.04
9140,2759,7,0.57524,404.07,171.47,421.16,185.76
9141,2759,7,0.54894,390.69,137.37,408.52,149.54
9142,2762,10,0.86133,249.77,84.44,270.85,105.28
9143,2762,11,0.0069,245.36,178.45,266.93,205.9
9144,2762,11,0.00423,491.21,75.25,502.0,97.8
9145,2762,11,0.00404,443.17,11.03,460.82,27.21
9146,2762,11,0.00231,312.28,111.04,329.44,128.2
9147,2762,11,0.00198,416.7,81.13,434.35,97.31
9148,2762,11,0.00156,494.16,18.38,502.0,43.39
9149,2762,15,0.00114,0.02,97.07,6.89,138.25
9150,2762,11,0.00111,260.8,173.3,280.41,192.91
9151,2762,10,0.00104,334.83,88.73,355.42,108.59
9152,2762,15,0.00103,498.57,7.11,502.0,21.33
9153,2763,17,0.83447,367.38,65.43,388.09,85.2
9154,2763,17,0.77197,300.78,181.69,323.37,204.29
9155,2765,10,0.86696,417.61,72.94,436.06,89.93
9156,2765,10,0.85659,329.59,92.38,345.32,111.42
9157,2765,10,0.83262,439.56,35.58,454.6,50.02
9158,2765,10,0.80696,407.28,128.62,432.44,151.05
9159,2765,9,0.65294,346.2,61.35,362.22,79.24
9160,2765,17,0.65023,255.0,69.5,269.25,83.28
9161,2765,9,0.63985,254.96,69.47,269.34,83.47
9162,2765,10,0.17939,346.22,61.34,362.32,79.12
9163,2765,11,0.13371,346.09,61.23,362.38,79.31
9164,2766,10,0.84957,372.16,186.18,389.01,202.21
9165,2766,10,0.84512,311.57,202.38,330.54,218.03
9166,2766,17,0.77326,238.4,151.56,250.94,163.65
9167,2766,11,0.77111,243.57,183.59,259.34,200.38
9168,2766,9,0.62971,291.12,175.26,308.74,190.02
9169,2766,10,0.22101,235.3,227.57,260.04,249.34
9170,2766,4,0.04957,235.76,227.58,260.18,249.33
9171,2766,11,0.0318,291.11,175.45,308.73,189.98
9172,2766,17,0.02217,235.36,227.56,260.01,249.37
9173,2766,6,0.00481,464.92,27.88,500.0,80.27
9174,2766,9,0.00248,238.15,151.57,251.17,163.82
9175,2768,7,0.91086,187.14,185.71,255.04,242.74
9176,2768,7,0.85222,82.37,180.29,145.48,243.2
9177,2769,2,0.87365,75.38,44.97,99.14,74.53
9178,2769,2,0.86301,178.1,36.59,198.99,66.7
9179,2770,17,0.88887,336.07,208.16,349.25,221.16
9180,2770,10,0.85108,361.69,167.6,377.98,180.56
9181,2770,17,0.83943,366.53,208.92,380.22,221.92
9182,2770,10,0.82479,331.76,166.24,346.74,179.93
9183,2770,9,0.79949,302.63,178.06,319.36,192.54
9184,2770,11,0.72356,342.81,188.52,360.22,202.5
9185,2770,10,0.56493,305.02,193.43,319.46,206.47
9186,2770,11,0.49579,393.79,180.15,409.12,193.6
9187,2770,17,0.00835,304.43,192.28,318.74,205.88
9188,2770,10,0.00149,366.33,208.96,380.26,222.07
9189,2773,5,0.85841,159.68,62.92,216.28,100.72
9190,2773,14,0.67092,470.28,61.11,483.95,91.07
9191,2773,14,0.60894,461.31,60.45,472.25,87.26
9192,2773,14,0.37826,395.49,49.66,401.78,67.19
9193,2773,14,0.21055,390.36,46.97,397.12,66.24
9194,2773,8,0.11675,378.13,51.06,392.35,67.62
9195,2773,5,0.115,0.05,2.6,15.8,20.82
9196,2773,8,0.08447,0.04,16.62,8.58,31.63
9197,2773,5,0.08211,0.05,15.71,9.79,31.66
9198,2773,14,0.05941,392.32,47.81,401.18,67.18
9199,2773,5,0.04708,0.15,1.9,11.04,24.21
9200,2773,14,0.02065,387.64,49.2,395.54,67.54
9201,2773,8,0.01352,490.5,53.93,494.0,75.13
9202,2773,14,0.00796,383.13,48.85,392.15,64.2
9203,2773,14,0.00654,380.89,49.57,388.51,61.44
9204,2773,14,0.00651,386.28,47.03,391.76,55.61
9205,2773,14,0.00455,379.16,50.33,389.18,66.16
9206,2773,14,0.0045,487.91,53.75,494.0,81.15
9207,2773,5,0.00429,18.88,0.71,51.53,8.02
9208,2773,8,0.00338,487.33,53.33,493.92,74.46
9209,2773,5,0.00301,168.75,1.63,229.66,48.71
9210,2773,8,0.00157,485.16,39.26,494.0,75.6
9211,2773,8,0.0011,0.01,19.39,2.87,34.67
9212,2774,7,0.92736,192.76,95.13,259.86,142.6
9213,2774,7,0.91356,133.08,149.61,197.84,202.53
9214,2774,14,0.00185,0.05,5.71,55.13,228.01
9215,2775,2,0.85328,90.54,150.95,113.77,178.62
9216,2775,2,0.77464,70.54,201.69,99.29,222.96
9217,2775,2,0.00334,453.57,89.85,475.43,104.21
9218,2776,3,0.89129,189.88,113.81,237.99,161.58
9219,2776,3,0.87705,262.14,146.12,340.16,194.89
9220,2776,3,0.87702,157.9,89.19,222.84,119.51
9221,2776,13,0.87299,283.19,74.42,318.04,111.09
9222,2776,1,0.85804,306.31,108.22,343.79,148.18
9223,2776,4,0.00364,260.77,146.81,340.17,195.41
9224,2777,2,0.81509,85.71,31.55,113.12,61.06
9225,2777,2,0.17576,48.31,23.03,81.65,45.85
9226,2777,2,0.07745,0.0,50.98,7.47,95.26
9227,2777,2,0.07412,113.19,7.51,131.8,34.07
9228,2777,2,0.00572,0.01,46.53,5.54,79.41
9229,2777,2,0.00383,503.97,125.87,508.0,163.54
9230,2777,2,0.00383,498.68,133.65,508.0,178.41
9231,2777,16,0.00201,500.01,116.49,508.0,150.29
9232,2777,2,0.00157,499.86,126.21,508.0,165.72
9233,2777,2,0.00135,360.11,101.46,385.82,122.14
9234,2777,2,0.00123,0.0,62.54,5.16,98.04
9235,2782,14,0.62941,272.0,143.94,284.35,166.82
9236,2782,14,0.60904,208.16,156.25,223.94,179.91
9237,2782,14,0.55777,310.32,133.63,323.89,157.74
9238,2782,14,0.43038,287.11,127.06,299.08,141.06
9239,2782,14,0.4205,300.55,146.97,310.64,160.69
9240,2782,14,0.32523,260.65,146.36,272.3,168.42
9241,2782,14,0.22013,271.17,126.62,283.35,142.16
9242,2782,14,0.19499,295.36,137.1,307.05,151.09
9243,2782,14,0.15458,290.89,127.02,302.43,138.69
9244,2782,14,0.11802,287.86,128.18,302.82,142.83
9245,2782,14,0.08901,271.6,126.22,285.72,147.76
9246,2782,14,0.07119,291.4,137.18,307.19,154.54
9247,2782,14,0.06549,296.97,140.17,310.47,160.3
9248,2782,14,0.059,297.33,139.34,308.51,153.62
9249,2782,14,0.05257,288.4,134.15,304.63,147.4
9250,2782,14,0.03727,292.57,132.88,305.71,146.32
9251,2782,14,0.03651,293.64,127.06,303.81,140.71
9252,2782,14,0.03294,16.02,199.9,30.06,225.13
9253,2782,14,0.02567,344.57,118.12,356.39,148.18
9254,2782,14,0.02477,207.83,156.17,220.61,170.9
9255,2782,14,0.02469,279.91,145.29,289.82,164.67
9256,2782,14,0.02379,264.82,127.1,282.54,142.07
9257,2782,14,0.01821,288.04,125.49,299.58,136.8
9258,2782,14,0.01618,288.93,138.09,305.83,161.15
9259,2782,14,0.01471,337.04,117.15,355.35,147.62
9260,2782,14,0.01419,319.7,133.84,331.29,156.19
9261,2782,14,0.0131,266.58,126.82,280.25,138.56
9262,2782,14,0.01204,272.45,125.7,281.95,138.93
9263,2782,14,0.01137,233.71,159.29,242.24,174.65
9264,2782,14,0.01032,271.32,142.66,284.0,158.92
9265,2782,14,0.00893,299.87,131.9,310.17,144.96
9266,2782,14,0.0089,210.63,163.57,226.58,180.48
9267,2782,14,0.00743,187.16,178.34,197.47,194.41
9268,2782,14,0.0072,249.25,147.64,260.26,170.08
9269,2782,14,0.00654,311.64,132.77,329.91,157.27
9270,2782,14,0.00595,309.36,131.54,322.7,145.2
9271,2782,14,0.00592,282.84,143.11,296.5,163.91
9272,2782,14,0.00543,272.18,136.09,285.74,155.95
9273,2782,14,0.00526,294.92,124.97,304.78,136.9
9274,2782,14,0.00517,204.77,156.68,219.18,176.32
9275,2782,14,0.00489,303.58,138.59,313.25,154.6
9276,2782,14,0.0046,307.06,148.55,316.24,159.64
9277,2782,14,0.00449,346.25,120.17,357.69,141.11
9278,2782,14,0.00446,301.6,146.4,315.51,160.19
9279,2782,14,0.00423,272.59,142.25,291.72,167.68
9280,2782,14,0.00394,307.53,136.48,321.33,158.46
9281,2782,14,0.0036,263.03,127.76,272.72,140.53
9282,2782,14,0.00354,247.32,154.67,256.29,170.7
9283,2782,14,0.00334,312.49,123.66,326.79,136.17
9284,2782,14,0.00322,280.98,126.66,297.18,144.07
9285,2782,14,0.00312,184.62,173.85,197.12,193.6
9286,2782,14,0.00292,364.66,154.49,382.07,177.02
9287,2782,14,0.0029,261.4,143.69,271.49,156.33
9288,2782,14,0.00244,246.57,159.71,254.03,171.33
9289,2782,14,0.00232,303.39,130.9,320.16,145.41
9290,2782,14,0.00223,350.39,137.78,360.85,149.51
9291,2782,14,0.00213,305.96,133.27,321.85,151.66
9292,2782,14,0.00212,302.15,129.34,313.08,141.78
9293,2782,14,0.00192,310.92,124.28,328.61,143.99
9294,2782,14,0.00188,353.27,122.08,361.12,135.26
9295,2782,14,0.00181,263.55,128.59,283.93,148.98
9296,2782,14,0.00181,288.21,144.32,300.32,162.94
9297,2782,14,0.00161,350.59,121.97,361.68,139.24
9298,2782,14,0.00146,300.05,127.5,317.65,140.24
9299,2782,14,0.00145,231.76,156.52,244.04,176.22
9300,2782,14,0.00142,252.31,146.35,268.42,168.31
9301,2782,14,0.00127,346.73,123.38,359.99,149.7
9302,2782,14,0.00119,353.86,138.18,361.59,148.56
9303,2785,17,0.85133,363.96,126.42,397.25,158.59
9304,2785,17,0.70303,358.99,73.25,384.97,98.55
9305,2785,2,0.02349,364.3,125.75,397.09,158.32
9306,2785,2,0.00455,358.78,73.24,384.63,97.92
9307,2785,7,0.00108,0.0,0.36,28.24,76.05
9308,2788,10,0.8457,403.41,23.34,423.35,43.53
9309,2788,11,0.00366,494.11,34.53,498.0,55.44
9310,2788,11,0.00297,393.44,108.45,414.84,135.69
9311,2788,11,0.00223,487.3,110.64,498.0,141.76
9312,2788,11,0.00212,486.33,33.31,498.0,55.68
9313,2788,15,0.00177,494.11,0.3,498.0,12.4
9314,2788,11,0.00159,410.46,73.07,418.24,84.99
9315,2788,1,0.00127,462.01,0.0,477.57,9.97
9316,2788,11,0.00121,488.27,111.86,498.0,126.45
9317,2791,14,0.68359,289.06,127.93,355.47,248.05
9318,2791,14,0.6582,342.77,126.83,391.11,241.21
9319,2791,14,0.21008,296.88,126.59,391.6,243.65
9320,2791,5,0.13342,0.0,178.71,105.53,228.03
9321,2791,14,0.09106,493.16,151.12,500.0,214.6
9322,2791,5,0.06757,3.17,165.53,187.62,228.03
9323,2791,5,0.02696,226.44,177.25,307.62,222.66
9324,2791,5,0.01116,93.93,187.01,193.12,223.63
9325,2791,14,0.01086,492.19,117.43,500.0,216.06
9326,2791,5,0.00964,66.89,174.56,190.92,224.37
9327,2791,14,0.00899,495.61,162.35,500.0,217.53
9328,2791,14,0.00845,0.03,166.02,5.43,214.84
9329,2791,14,0.00746,0.01,166.99,8.15,219.73
9330,2791,5,0.00112,332.52,176.76,360.84,215.82
9331,2792,10,0.89651,326.68,45.94,341.99,59.91
9332,2792,10,0.88025,356.7,47.16,373.56,60.43
9333,2792,17,0.87642,361.22,88.12,375.47,101.74
9334,2792,11,0.86267,337.36,68.05,355.5,82.9
9335,2792,11,0.8576,388.94,59.42,404.07,72.99
9336,2792,17,0.85402,330.8,87.44,344.56,101.07
9337,2792,10,0.71586,299.8,73.33,314.87,86.74
9338,2792,10,0.65689,297.36,57.96,314.63,72.95
9339,2792,17,0.02261,297.73,57.96,314.85,72.73
9340,2792,17,0.00361,389.55,59.24,403.75,72.09
9341,2792,11,0.00177,331.07,87.65,344.47,101.18
9342,2792,15,0.00137,453.03,150.64,496.01,193.15
9343,2792,13,0.0011,327.0,45.04,343.12,60.33
9344,2795,5,0.80957,395.69,170.31,465.98,193.71
9345,2795,5,0.75587,229.34,173.74,297.3,200.66
9346,2795,5,0.65227,0.46,180.9,87.8,212.04
9347,2795,5,0.3804,0.02,169.54,11.38,191.91
9348,2795,5,0.24586,479.26,177.15,489.0,198.95
9349,2795,5,0.04719,0.0,131.55,33.75,146.43
9350,2795,5,0.01463,36.59,124.38,71.75,137.01
9351,2795,5,0.01305,476.39,112.44,489.0,127.76
9352,2795,5,0.00834,40.96,127.69,69.2,136.78
9353,2795,5,0.0081,459.76,98.0,487.84,109.56
9354,2795,5,0.00785,186.65,118.81,243.02,161.49
9355,2795,5,0.00779,32.31,118.23,73.23,131.71
9356,2795,5,0.00765,25.28,117.39,59.54,129.02
9357,2795,5,0.00731,276.18,67.83,305.65,79.67
9358,2795,5,0.00718,459.82,94.87,488.52,106.28
9359,2795,5,0.00702,455.26,97.79,476.39,111.69
9360,2795,5,0.00687,458.45,115.0,484.5,126.63
9361,2795,5,0.0057,476.51,54.14,489.0,64.48
9362,2795,5,0.00542,468.5,95.5,488.78,107.88
9363,2795,5,0.00542,325.99,60.87,358.28,75.54
9364,2795,5,0.00537,463.92,114.68,488.84,128.32
9365,2795,5,0.00531,477.12,115.6,489.0,136.51
9366,2795,5,0.00507,73.74,123.53,112.96,140.46
9367,2795,5,0.00488,464.03,108.76,488.56,124.61
9368,2795,5,0.00482,0.11,168.23,9.65,185.72
9369,2795,5,0.00458,477.64,99.21,489.0,116.3
9370,2795,5,0.00445,473.45,94.01,488.78,104.48
9371,2795,5,0.00403,318.52,60.96,338.71,71.35
9372,2795,5,0.00391,471.28,99.31,488.83,111.67
9373,2795,5,0.00372,292.99,60.88,322.18,76.11
9374,2795,5,0.00367,460.96,92.58,488.45,102.86
9375,2795,5,0.00363,325.78,60.48,339.87,70.11
9376,2795,5,0.00349,117.62,79.34,167.24,102.73
9377,2795,5,0.00341,458.12,118.1,489.0,137.84
9378,2795,5,0.00338,325.52,69.27,356.9,83.39
9379,2795,5,0.00333,63.13,107.52,106.99,122.43
9380,2795,5,0.00323,480.67,154.36,488.99,170.29
9381,2795,5,0.00312,455.85,109.61,478.04,121.95
9382,2795,5,0.0031,458.41,73.27,478.36,83.8
9383,2795,5,0.00305,71.77,119.37,115.08,132.96
9384,2795,5,0.00298,0.09,131.72,32.95,158.2
9385,2795,5,0.00293,326.86,67.61,357.11,77.94
9386,2795,5,0.00285,81.54,128.37,109.45,140.59
9387,2795,5,0.00283,57.27,109.57,105.03,126.85
9388,2795,5,0.00278,83.21,118.47,113.73,131.1
9389,2795,5,0.00273,463.86,74.83,477.92,83.11
9390,2795,5,0.00269,454.12,99.44,474.37,116.96
9391,2795,5,0.00263,341.24,79.33,366.79,93.05
9392,2795,5,0.00261,314.82,62.89,332.03,73.63
9393,2795,5,0.00258,150.13,87.19,184.0,103.37
9394,2795,5,0.00257,457.73,94.47,478.88,104.71
9395,2795,5,0.00252,142.94,93.67,173.5,106.57
9396,2795,5,0.00244,64.56,100.94,102.25,119.84
9397,2795,5,0.0024,318.93,91.36,352.95,104.52
9398,2795,5,0.00239,457.44,62.53,478.11,77.62
9399,2795,5,0.00237,456.08,94.04,475.07,108.06
9400,2795,5,0.00234,70.12,97.88,100.51,114.32
9401,2795,5,0.00234,453.93,115.69,479.6,129.15
9402,2795,5,0.00229,280.51,63.85,306.84,78.33
9403,2795,5,0.00226,463.92,87.62,488.26,100.87
9404,2795,5,0.00225,455.91,64.02,480.67,83.34
9405,2795,5,0.00224,324.34,62.52,340.51,71.96
9406,2795,5,0.00221,326.18,68.35,347.41,77.02
9407,2795,5,0.0022,458.4,92.56,475.95,102.49
9408,2795,5,0.00219,397.4,75.59,435.3,96.99
9409,2795,5,0.00214,298.91,60.84,330.91,76.69
9410,2795,5,0.00206,316.89,95.07,356.31,113.23
9411,2795,5,0.00206,342.48,105.85,388.01,120.52
9412,2795,5,0.00205,44.92,83.5,81.7,104.17
9413,2795,5,0.00204,149.14,91.77,177.68,105.6
9414,2795,5,0.00203,0.0,137.03,33.65,150.91
9415,2795,5,0.00201,455.92,75.63,478.49,90.04
9416,2795,5,0.00194,473.9,102.68,488.77,119.59
9417,2795,5,0.00193,454.57,114.62,478.25,124.43
9418,2795,5,0.00189,52.98,117.69,90.54,129.8
9419,2795,5,0.00188,464.17,101.87,488.74,117.66
9420,2795,5,0.00183,326.89,60.15,345.29,71.68
9421,2795,5,0.00183,466.7,54.08,488.77,65.61
9422,2795,5,0.00181,336.0,70.96,367.97,87.83
9423,2795,5,0.0018,22.22,45.58,47.19,56.28
9424,2795,5,0.00175,251.1,63.89,291.76,77.7
9425,2795,5,0.00175,135.64,104.74,198.57,129.12
9426,2795,5,0.00172,482.68,61.47,489.0,78.35
9427,2795,5,0.00171,53.31,120.6,84.31,130.86
9428,2795,5,0.00169,173.6,61.36,220.85,81.22
9429,2795,5,0.00169,457.83,82.7,477.68,91.46
9430,2795,5,0.00169,139.19,88.47,172.78,105.16
9431,2795,5,0.00166,460.13,75.71,478.29,86.35
9432,2795,5,0.00165,46.45,123.66,75.63,133.57
9433,2795,5,0.00165,484.3,66.53,489.0,78.78
9434,2795,5,0.0016,328.33,72.4,357.8,86.31
9435,2795,5,0.00158,479.99,58.55,489.0,71.52
9436,2795,5,0.00155,229.17,104.19,267.36,117.91
9437,2795,5,0.00154,296.31,65.21,327.5,78.15
9438,2795,5,0.00153,56.74,96.98,101.97,117.19
9439,2795,5,0.00152,49.09,110.47,94.38,128.52
9440,2795,5,0.00152,160.1,65.77,214.5,86.66
9441,2795,5,0.0015,406.84,86.79,437.5,104.29
9442,2795,5,0.0015,468.56,154.9,488.51,170.66
9443,2795,5,0.00149,287.22,91.71,321.0,107.02
9444,2795,5,0.00147,43.14,122.36,73.62,131.08
9445,2795,5,0.00145,465.35,61.3,488.75,77.13
9446,2795,5,0.00141,480.63,170.37,488.81,192.73
9447,2795,5,0.00139,53.87,123.03,83.71,133.53
9448,2795,5,0.00138,51.36,86.43,91.63,101.85
9449,2795,5,0.00134,16.01,46.93,42.36,55.53
9450,2795,5,0.00133,174.74,106.07,210.57,129.66
9451,2795,5,0.00132,454.66,121.04,482.38,136.54
9452,2795,5,0.00131,478.84,163.07,489.0,198.09
9453,2795,5,0.00131,84.77,95.14,131.59,117.03
9454,2795,5,0.0013,310.33,105.86,344.54,125.45
9455,2795,5,0.0013,324.51,69.38,345.7,80.46
9456,2795,5,0.00127,462.47,61.68,481.11,73.45
9457,2795,5,0.00127,361.47,107.38,393.2,122.43
9458,2795,5,0.00124,320.41,88.81,349.63,100.72
9459,2795,5,0.00123,433.89,97.05,455.2,110.47
9460,2795,5,0.00122,480.25,61.53,488.84,75.38
9461,2795,5,0.00122,338.99,83.52,362.4,95.16
9462,2795,5,0.00119,359.72,108.51,395.38,129.98
9463,2795,5,0.00119,98.73,102.24,141.18,126.93
9464,2795,5,0.00117,461.39,48.69,489.0,65.44
9465,2795,5,0.00117,454.72,109.29,472.44,119.13
9466,2795,5,0.00113,78.23,100.35,115.53,120.87
9467,2795,5,0.00112,49.04,106.48,99.22,123.66
9468,2795,5,0.00111,83.23,110.64,111.39,126.11
9469,2795,5,0.00111,470.73,122.01,488.86,138.14
9470,2795,5,0.00111,469.71,135.68,489.0,170.58
9471,2795,5,0.0011,66.02,57.47,89.02,66.81
9472,2795,5,0.0011,313.46,66.53,329.43,76.72
9473,2795,5,0.0011,23.09,122.96,69.86,136.16
9474,2795,5,0.00106,455.29,124.63,485.95,139.03
9475,2795,5,0.00106,481.15,66.4,488.9,77.45
9476,2795,5,0.00103,56.85,120.82,100.54,133.4
9477,2795,8,0.001,0.0,148.95,9.25,163.65
9478,2795,5,0.001,280.22,100.57,314.09,113.77
9479,2798,8,0.8846,350.03,88.09,467.34,169.93
9480,2798,14,0.84923,5.79,44.73,72.8,213.91
9481,2798,8,0.84811,271.66,66.98,334.12,137.12
9482,2798,5,0.79995,121.37,28.28,219.22,62.1
9483,2798,14,0.79881,143.71,73.34,189.96,180.46
9484,2798,5,0.78826,370.08,20.9,473.38,51.94
9485,2798,8,0.09687,459.95,69.66,480.87,188.02
9486,2798,8,0.07586,442.66,74.21,480.05,179.94
9487,2798,8,0.01657,347.0,84.45,419.31,147.37
9488,2798,8,0.01634,446.95,15.39,480.74,179.18
9489,2798,14,0.01066,465.32,62.88,481.0,193.94
9490,2798,8,0.01039,181.83,77.82,207.98,139.99
9491,2798,14,0.00698,470.29,17.22,481.0,144.93
9492,2798,14,0.00658,469.35,136.3,481.0,233.0
9493,2798,8,0.00511,0.78,37.97,91.09,80.7
9494,2798,8,0.00507,126.4,69.59,150.33,155.12
9495,2798,8,0.00356,344.7,81.32,410.85,124.24
9496,2798,8,0.0029,409.2,68.22,479.57,160.58
9497,2798,14,0.00258,471.15,76.26,481.0,192.2
9498,2798,8,0.00251,129.31,68.45,189.1,177.9
9499,2798,5,0.00245,0.02,51.81,12.1,100.63
9500,2798,8,0.00235,140.96,68.68,214.57,183.93
9501,2798,8,0.00216,0.01,38.43,91.06,109.54
9502,2798,5,0.00201,196.07,15.17,275.85,61.4
9503,2798,8,0.00196,2.32,37.98,89.96,213.11
9504,2798,14,0.00192,469.56,9.54,480.96,87.2
9505,2798,8,0.00176,429.58,68.94,480.12,209.44
9506,2798,14,0.0017,431.89,86.1,480.61,232.58
9507,2798,14,0.00151,454.76,33.05,480.57,135.68
9508,2798,5,0.00144,0.0,39.63,13.21,91.2
9509,2798,8,0.00134,471.29,102.27,481.0,190.15
9510,2798,8,0.00128,454.86,74.77,481.0,156.22
9511,2798,14,0.00123,115.1,65.88,195.01,183.84
9512,2798,8,0.00107,187.53,74.53,225.42,136.6
9513,2798,14,0.00104,239.62,113.26,266.5,171.39
9514,2798,8,0.00104,255.87,113.43,281.66,152.17
9515,2799,5,0.78924,1.85,89.59,20.29,106.79
9516,2799,14,0.62769,126.57,89.85,143.64,139.97
9517,2799,14,0.43725,73.39,89.18,85.75,123.25
9518,2799,5,0.06058,0.0,87.43,2.95,104.43
9519,2799,14,0.02036,38.64,89.85,48.42,113.73
9520,2799,5,0.01522,0.06,86.74,5.51,103.07
9521,2799,5,0.00425,0.19,85.92,8.9,101.07
9522,2799,8,0.00288,22.4,86.12,33.36,109.49
9523,2799,5,0.00202,23.33,86.33,34.22,110.1
9524,2799,14,0.00198,342.33,133.48,353.51,142.25
9525,2799,14,0.00188,129.18,89.6,144.78,121.81
9526,2799,15,0.0016,341.25,116.79,367.33,140.37
9527,2799,14,0.0016,325.88,129.4,339.34,159.0
9528,2799,8,0.00147,39.96,89.28,51.45,112.71
9529,2799,14,0.00143,339.12,133.8,348.13,146.44
9530,2799,14,0.00129,340.42,133.66,351.6,144.05
9531,2799,14,0.00101,340.05,133.55,347.26,142.57
9532,2800,10,0.87842,282.7,123.68,306.1,146.6
9533,2800,9,0.78906,62.08,126.55,81.42,144.22
9534,2800,9,0.75049,186.72,110.79,208.21,134.67
9535,2800,10,0.42261,164.51,156.16,185.52,181.94
9536,2800,10,0.36108,272.44,203.91,305.86,235.9
9537,2800,17,0.33643,272.67,203.91,306.1,236.38
9538,2800,17,0.0248,164.27,156.16,185.29,181.94
9539,2800,17,0.01045,61.96,126.79,81.54,144.46
9540,2800,11,0.0074,186.6,110.55,208.33,135.38
9541,2800,2,0.00151,272.2,203.43,306.1,236.86
9542,2801,5,0.82028,306.07,133.77,437.28,182.87
9543,2801,14,0.81796,136.7,124.12,157.14,213.85
9544,2801,5,0.66309,462.31,123.24,500.0,181.17
9545,2801,11,0.00165,179.81,198.3,192.17,211.04
9546,2801,17,0.00125,180.06,198.34,192.02,210.61
9547,2801,13,0.00119,179.92,198.23,191.68,211.04
9548,2804,10,0.89484,330.67,168.04,347.93,189.31
9549,2804,10,0.87034,414.88,113.22,433.56,132.96
9550,2804,9,0.86885,328.57,109.41,346.26,132.09
9551,2804,17,0.8425,230.88,151.57,247.28,167.78
9552,2804,10,0.82145,419.63,49.98,437.57,67.15
9553,2804,10,0.52503,429.68,199.38,456.43,226.12
9554,2804,4,0.00121,429.56,199.41,456.81,226.55
9555,2820,14,0.08618,293.05,0.21,403.84,42.44
9556,2820,14,0.03494,0.0,40.69,71.94,188.66
9557,2820,13,0.0275,222.17,130.54,273.1,183.79
9558,2820,12,0.02744,222.28,130.23,272.9,182.98
9559,2820,12,0.01565,399.06,51.68,449.57,102.29
9560,2820,3,0.00255,157.5,62.97,253.25,109.62
9561,2820,2,0.00199,399.7,52.2,448.83,102.1
9562,2820,13,0.00194,399.34,51.46,449.66,101.32
9563,2820,14,0.001,282.14,0.82,402.73,96.51
9564,2822,13,0.89053,390.25,130.96,428.74,170.54
9565,2822,1,0.88134,338.01,163.2,378.67,205.84
9566,2822,3,0.87599,261.67,166.05,309.2,228.07
9567,2822,3,0.8675,322.44,90.59,354.63,129.18
9568,2822,3,0.83269,263.92,125.25,336.26,155.29
9569,2822,3,0.00221,463.76,110.4,471.0,206.96
9570,2824,7,0.89111,116.73,81.73,145.38,112.26
9571,2824,2,0.87744,81.26,30.06,121.66,54.49
9572,2824,6,0.0149,471.61,98.29,481.0,150.78
9573,2824,2,0.00181,81.61,15.03,120.48,54.02
9574,2825,7,0.86621,270.74,110.37,306.59,137.26
9575,2825,7,0.79199,192.45,195.75,221.22,224.05
9576,2826,14,0.68366,18.68,0.68,35.67,39.85
9577,2826,8,0.60661,42.63,64.22,206.13,226.16
9578,2826,14,0.06142,0.02,10.84,7.49,36.22
9579,2826,14,0.03198,0.03,11.85,4.64,36.51
9580,2826,8,0.00321,0.0,46.03,44.42,235.97
9581,2826,14,0.00268,0.06,6.56,7.56,60.4
9582,2826,8,0.00203,0.0,53.83,82.45,242.92
9583,2826,8,0.00139,58.62,65.65,146.4,165.77
9584,2826,5,0.00114,25.03,61.79,59.73,80.02
9585,2826,8,0.00104,486.14,8.41,489.0,32.51
9586,2830,2,0.87256,386.76,152.65,407.31,182.0
9587,2833,7,0.86963,410.98,112.77,448.16,139.68
9588,2833,7,0.8335,333.18,197.66,360.58,226.04
9589,2835,2,0.84056,86.06,133.59,110.22,160.29
9590,2835,2,0.82742,202.15,130.79,230.04,155.37
9591,2835,2,0.25867,384.98,110.05,406.89,128.27
9592,2835,2,0.00106,487.47,167.13,496.0,196.36
9593,2837,10,0.8336,314.93,165.55,331.2,179.44
9594,2837,10,0.81788,309.01,207.31,325.64,221.6
9595,2837,10,0.7368,287.95,193.49,302.62,209.57
9596,2837,10,0.72969,291.37,173.61,305.14,188.49
9597,2837,11,0.66934,355.69,168.24,372.31,181.38
9598,2837,10,0.58835,376.91,201.33,390.52,214.77
9599,2837,17,0.52447,354.42,210.51,367.67,224.21
9600,2837,11,0.46129,333.69,190.35,347.92,205.25
9601,2837,17,0.14849,377.4,201.52,390.31,215.1
9602,2837,9,0.00988,354.34,210.68,367.68,224.35
9603,2837,10,0.00753,354.32,210.74,367.9,224.41
9604,2837,13,0.00531,333.9,190.4,347.92,204.64
9605,2837,13,0.00147,355.06,164.66,378.28,184.97
9606,2839,2,0.85403,131.89,161.2,153.57,188.28
9607,2839,2,0.8466,292.23,189.66,323.37,212.1
9608,2839,5,0.00431,90.08,92.48,158.0,138.06
9609,2841,17,0.8465,181.31,163.11,205.41,186.74
9610,2841,17,0.82584,36.22,150.85,61.78,174.82
9611,2844,12,0.87402,320.07,111.29,355.26,144.58
9612,2844,12,0.8623,365.73,148.38,407.58,186.43
9613,2844,12,0.86133,164.31,142.68,199.98,175.97
9614,2844,12,0.854,228.28,133.64,273.46,175.97
9615,2844,12,0.77197,221.62,176.44,263.0,213.06
9616,2844,12,0.37012,174.78,113.78,219.72,152.66
9617,2844,12,0.06143,352.88,112.0,373.81,137.68
9618,2844,12,0.04501,358.59,111.76,433.73,174.06
9619,2844,14,0.03732,249.68,1.07,471.31,106.17
9620,2844,14,0.01439,433.73,11.18,487.0,196.65
9621,2844,12,0.00779,350.51,131.26,375.71,164.55
9622,2844,12,0.00654,355.74,131.74,396.64,163.6
9623,2844,12,0.00605,353.6,119.13,376.9,161.46
9624,2844,14,0.00483,391.41,1.43,486.52,170.26
9625,2844,12,0.00445,355.26,113.67,405.67,163.13
9626,2844,14,0.00381,366.2,25.92,487.0,207.12
9627,2844,12,0.00343,370.24,134.12,398.78,156.94
9628,2844,12,0.00275,362.63,132.69,404.96,174.54
9629,2844,12,0.00214,353.84,111.52,412.81,141.49
9630,2844,12,0.00201,256.82,124.01,326.25,189.76
9631,2844,12,0.00199,293.44,135.78,370.01,180.01
9632,2844,12,0.00182,228.99,129.12,267.52,151.95
9633,2844,12,0.00175,233.51,128.88,271.08,161.22
9634,2844,12,0.00131,367.63,148.38,403.77,164.55
9635,2847,7,0.93048,113.03,89.76,177.59,139.47
9636,2847,7,0.92327,172.17,40.55,239.06,88.42
9637,2848,7,0.88184,207.64,31.09,248.46,62.89
9638,2848,7,0.02489,274.8,170.62,319.41,215.71
9639,2850,15,0.90967,245.4,88.7,284.88,134.35
9640,2851,7,0.86621,288.33,181.06,321.07,208.12
9641,2851,6,0.00761,47.16,90.65,101.98,127.67
9642,2852,15,0.88623,52.66,180.54,71.49,201.08
9643,2855,2,0.857,192.8,33.4,214.69,60.02
9644,2855,2,0.81224,173.02,82.66,201.51,102.44
9645,2855,2,0.00118,14.94,82.74,44.34,106.11
9646,2856,2,0.8833,69.68,28.51,98.68,48.97
9647,2856,7,0.87061,130.11,54.58,154.48,73.58
9648,2856,17,0.00207,128.65,36.55,135.96,48.0
9649,2857,3,0.87305,369.38,73.34,433.7,113.3
9650,2857,13,0.86816,213.2,102.58,245.85,134.01
9651,2857,3,0.85791,144.49,167.63,224.89,212.46
9652,2857,0,0.84912,300.67,75.9,334.78,111.23
9653,2857,1,0.84814,248.77,126.94,285.8,163.98
9654,2857,12,0.84814,203.57,31.8,234.52,59.33
9655,2857,4,0.84082,198.58,70.9,271.67,94.54
9656,2857,0,0.84082,124.2,104.77,159.35,140.1
9657,2857,12,0.83203,305.05,32.89,338.19,62.13
9658,2857,3,0.0164,0.02,57.75,8.13,127.92
9659,2857,3,0.01082,0.0,92.1,8.21,134.98
9660,2857,3,0.00639,0.0,90.15,5.77,127.67
9661,2857,3,0.00636,0.02,91.37,14.57,177.14
9662,2857,3,0.00449,0.02,49.71,11.42,122.31
9663,2857,13,0.00327,211.73,91.37,266.8,132.79
9664,2857,3,0.00274,0.15,60.43,18.94,123.53
9665,2859,17,0.47266,128.04,39.88,147.26,61.02
9666,2859,17,0.28613,208.76,41.56,227.98,61.26
9667,2859,2,0.15613,50.69,40.36,74.71,64.38
9668,2859,2,0.12939,208.76,41.56,227.98,61.74
9669,2859,2,0.0026,0.11,26.67,7.09,52.13
9670,2859,2,0.00182,0.0,24.26,2.46,46.61
9671,2859,2,0.00135,128.53,39.64,147.26,62.7
9672,2860,2,0.8374,71.44,42.44,86.43,61.85
9673,2860,2,0.8291,123.35,67.73,138.93,88.59
9674,2860,2,0.82324,115.44,27.21,129.46,45.67
9675,2860,2,0.81543,193.12,47.23,207.5,66.41
9676,2860,2,0.00541,0.0,30.69,2.55,60.18
9677,2860,2,0.00227,117.24,39.56,130.9,55.38
9678,2860,2,0.00154,0.02,30.57,5.48,60.78
9679,2864,3,0.83887,221.26,76.4,319.98,139.15
9680,2864,12,0.06372,181.82,118.32,203.15,136.67
9681,2864,12,0.02002,495.6,34.97,508.0,68.21
9682,2864,12,0.01479,383.98,52.59,416.72,73.42
9683,2864,12,0.01369,199.93,39.07,216.05,54.94
9684,2864,12,0.00784,166.69,106.66,186.04,126.5
9685,2864,6,0.00243,503.04,82.6,508.0,119.31
9686,2864,12,0.00232,162.47,122.04,178.1,136.92
9687,2864,3,0.00163,300.88,206.62,339.08,245.32
9688,2864,12,0.00129,429.37,98.97,464.59,141.14
9689,2864,12,0.0012,394.89,15.5,411.76,29.39
9690,2864,6,0.00104,499.57,79.87,508.0,118.57
9691,2865,15,0.87402,185.65,122.79,212.1,153.37
9692,2865,6,0.87305,73.17,54.84,136.63,96.58
9693,2866,17,0.82422,42.44,151.38,62.5,169.53
9694,2866,17,0.43774,169.29,183.85,196.75,204.86
9695,2866,17,0.00899,291.3,152.81,312.31,170.96
9696,2866,17,0.00244,484.7,25.55,489.0,41.31
9697,2866,16,0.00143,482.31,109.6,489.0,137.29
9698,2871,10,0.90137,303.34,220.66,323.89,243.65
9699,2871,9,0.8374,416.85,201.08,437.4,221.63
9700,2871,9,0.70752,335.63,170.75,354.22,185.92
9701,2871,17,0.56592,424.68,140.42,441.31,156.07
9702,2871,9,0.41479,424.68,140.42,441.31,156.07
9703,2871,9,0.00105,72.29,171.0,93.94,192.03
9704,2871,3,0.00103,136.75,7.34,151.18,21.04
9705,2877,17,0.81543,199.04,207.69,214.47,223.6
9706,2877,17,0.79297,204.65,179.62,219.85,194.59
9707,2877,2,0.63867,154.37,179.16,172.61,195.53
9708,2877,17,0.26904,212.02,148.75,226.99,164.66
9709,2877,2,0.16455,211.9,148.75,226.4,164.66
9710,2877,15,0.00139,0.0,80.22,2.02,101.74
9711,2879,3,0.91686,151.43,13.54,189.39,88.7
9712,2879,3,0.91648,174.73,164.81,225.48,227.93
9713,2879,3,0.90835,180.78,103.54,239.54,158.13
9714,2879,13,0.8938,84.83,122.28,118.26,157.14
9715,2879,1,0.88398,103.01,59.75,136.33,94.65
9716,2880,7,0.91654,270.09,107.28,366.2,157.34
9717,2880,7,0.90344,74.34,93.41,156.26,141.82
9718,2882,15,0.92358,230.82,38.26,258.37,67.85
9719,2882,15,0.88625,57.42,61.15,89.36,95.63
9720,2882,9,0.0016,0.05,171.19,9.63,208.18
9721,2889,15,0.81982,250.0,31.01,321.29,111.33
9722,2889,15,0.00296,366.7,30.27,401.86,86.91
9723,2891,10,0.87744,252.01,61.5,269.3,76.39
9724,2891,17,0.85986,283.48,52.13,297.89,66.06
9725,2891,10,0.85303,327.92,20.9,342.33,34.83
9726,2891,17,0.84473,307.02,46.12,320.47,59.1
9727,2891,11,0.83984,371.4,82.04,389.66,98.14
9728,2891,9,0.82422,337.05,64.38,353.38,79.28
9729,2891,9,0.69287,299.33,81.08,317.59,97.9
9730,2891,17,0.00701,299.57,80.96,317.35,98.02
9731,2892,10,0.90503,354.48,84.52,386.23,110.85
9732,2892,11,0.88538,342.7,39.9,372.15,65.0
9733,2892,11,0.88465,285.74,109.9,316.91,134.97
9734,2892,10,0.45864,254.11,65.33,278.85,91.26
9735,2892,17,0.17436,254.22,65.52,278.91,91.39
9736,2893,11,0.90723,421.09,130.87,429.71,140.92
9737,2893,10,0.8457,388.32,96.78,400.28,107.79
9738,2893,10,0.83008,463.68,103.96,475.17,114.25
9739,2893,17,0.82568,411.28,102.04,420.85,111.37
9740,2893,9,0.65332,388.08,113.17,402.43,123.7
9741,2893,9,0.63184,433.06,108.38,443.11,117.95
9742,2893,9,0.6167,424.92,119.03,435.45,128.72
9743,2893,17,0.03143,388.55,112.45,401.0,123.7
9744,2893,11,0.02489,424.92,119.63,435.45,129.2
9745,2893,17,0.02017,388.32,96.9,400.28,107.91
9746,2893,17,0.01439,433.54,108.38,443.11,116.04
9747,2893,11,0.00251,423.96,118.19,434.49,127.29
9748,2894,7,0.84277,389.36,25.46,429.32,57.14
9749,2894,7,0.39038,364.99,108.91,405.92,131.33
9750,2894,17,0.00425,495.59,152.04,499.0,174.46
9751,2894,17,0.001,493.64,149.12,499.0,173.97
9752,2895,14,0.87553,322.31,123.31,381.08,254.93
9753,2895,5,0.87387,206.62,161.04,338.15,214.92
9754,2895,14,0.8356,50.15,151.62,76.14,233.68
9755,2895,5,0.83229,370.49,162.15,499.97,220.86
9756,2895,14,0.25708,31.68,172.11,53.42,212.53
9757,2895,5,0.01128,365.41,150.42,429.96,189.91
9758,2895,5,0.00325,347.7,148.74,429.32,178.56
9759,2895,8,0.00196,151.12,172.45,181.29,204.09
9760,2895,14,0.00136,0.02,149.07,6.73,213.15
9761,2895,5,0.00107,485.25,153.58,499.91,194.26
9762,2904,17,0.89404,80.08,97.93,96.48,114.33
9763,2904,10,0.875,52.22,118.68,72.48,137.01
9764,2904,17,0.86328,97.21,82.37,112.65,98.05
9765,2904,10,0.85107,103.72,47.04,119.4,63.44
9766,2904,9,0.83545,146.42,96.97,167.16,113.37
9767,2904,11,0.83008,198.76,108.67,220.95,124.59
9768,2904,9,0.82422,124.71,127.36,144.0,148.59
9769,2905,0,0.8623,379.58,99.94,421.89,141.28
9770,2905,3,0.85498,158.79,90.58,211.07,148.82
9771,2905,12,0.83105,259.21,120.61,295.2,155.14
9772,2905,0,0.8291,241.71,20.91,274.78,52.77
9773,2905,3,0.80566,276.72,50.21,328.27,96.9
9774,2905,3,0.79297,231.49,187.24,306.87,237.33
9775,2905,12,0.77979,360.61,12.16,396.11,48.63
9776,2907,6,0.87842,52.55,165.03,124.6,199.27
9777,2907,15,0.87646,181.67,164.55,203.55,187.38
9778,2908,15,0.87598,198.39,201.86,231.65,236.04
9779,2908,15,0.83984,300.94,191.69,325.42,219.41
9780,2908,15,0.81885,226.68,170.22,246.2,192.85
9781,2910,10,0.87593,50.07,166.11,71.48,190.47
9782,2910,10,0.83482,71.78,134.83,94.53,157.82
9783,2910,17,0.82116,187.9,193.68,208.27,214.48
9784,2910,10,0.77212,74.23,205.57,99.17,233.07
9785,2910,17,0.72477,203.11,162.89,222.66,182.83
9786,2910,10,0.5586,123.23,216.72,150.59,239.41
9787,2910,11,0.50964,127.66,116.43,154.37,136.25
9788,2910,11,0.45962,133.26,168.47,154.88,193.66
9789,2910,10,0.00531,187.75,193.62,208.21,214.66
9790,2910,13,0.00457,203.13,163.11,222.53,182.83
9791,2911,12,0.82227,267.91,80.57,306.26,118.91
9792,2911,13,0.54883,378.09,100.23,426.62,144.63
9793,2911,0,0.25244,378.57,100.23,427.11,144.88
9794,2911,1,0.20312,378.09,100.23,426.62,144.88
9795,2913,7,0.92237,89.2,107.84,120.58,143.8
9796,2913,7,0.89653,336.2,130.38,371.65,161.44
9797,2913,15,0.8796,256.25,44.51,290.71,82.12
9798,2913,15,0.82436,179.87,118.36,219.04,153.71
9799,2913,17,0.03748,258.68,140.25,276.68,159.05
9800,2913,17,0.00408,79.15,155.91,114.64,181.35
9801,2913,6,0.00102,0.02,76.66,4.93,124.12
9802,2914,4,0.87598,302.47,106.14,367.19,135.55
9803,2914,1,0.84277,380.91,153.44,413.27,185.31
9804,2914,13,0.84082,274.53,162.76,304.93,192.17
9805,2914,0,0.00974,381.4,153.44,413.27,185.8
9806,2914,12,0.00175,274.04,162.27,305.42,191.68
9807,2914,1,0.00101,274.53,162.27,304.93,191.68
9808,2915,17,0.76074,418.26,98.9,437.07,118.68
9809,2915,17,0.73242,276.43,81.77,295.72,101.79
9810,2915,2,0.41309,349.27,92.14,371.46,113.37
9811,2915,17,0.1225,349.76,91.9,371.46,113.13
9812,2917,16,0.81146,47.81,152.86,61.9,171.91
9813,2917,16,0.74464,7.86,155.29,22.3,177.0
9814,2917,8,0.73792,267.0,130.43,283.27,155.27
9815,2917,16,0.73122,35.11,153.4,47.79,173.18
9816,2917,16,0.72784,22.21,154.34,36.36,175.45
9817,2917,16,0.71677,117.31,148.97,126.53,163.93
9818,2917,16,0.6987,61.43,151.84,72.59,170.37
9819,2917,16,0.69497,72.23,150.81,83.38,168.99
9820,2917,16,0.67184,0.06,155.79,8.62,178.77
9821,2917,16,0.63854,82.64,149.98,92.88,168.22
9822,2917,16,0.63663,160.96,142.0,170.84,154.27
9823,2917,16,0.56261,109.62,148.84,118.22,164.54
9824,2917,16,0.55804,92.37,149.38,102.76,166.73
9825,2917,16,0.55346,125.06,141.68,133.5,152.39
9826,2917,8,0.54095,303.05,130.44,315.16,156.3
9827,2917,16,0.53653,101.84,149.03,110.53,165.04
9828,2917,16,0.26543,171.53,138.05,179.64,147.24
9829,2917,16,0.05327,121.6,149.1,128.08,163.63
9830,2917,8,0.04803,315.65,125.71,329.59,154.27
9831,2917,16,0.03867,126.95,143.72,134.76,152.56
9832,2917,16,0.02813,193.54,142.33,201.46,157.05
9833,2917,16,0.02382,170.48,138.34,180.16,150.92
9834,2917,16,0.01704,167.31,140.73,176.38,152.32
9835,2917,8,0.01287,304.79,128.68,319.79,155.24
9836,2917,16,0.01176,166.04,138.55,176.74,148.4
9837,2917,8,0.01139,283.25,133.85,290.41,148.42
9838,2917,16,0.01106,122.29,139.28,132.15,150.96
9839,2917,16,0.01092,157.07,142.62,173.8,163.01
9840,2917,16,0.00868,122.36,150.63,133.04,163.13
9841,2917,16,0.00725,196.45,142.64,203.42,156.74
9842,2917,5,0.00688,313.83,125.45,330.05,153.76
9843,2917,16,0.00675,149.47,145.1,157.22,154.29
9844,2917,16,0.00662,161.91,139.93,170.34,151.43
9845,2917,16,0.00587,168.18,143.9,175.67,156.72
9846,2917,16,0.00561,169.55,140.98,180.21,157.29
9847,2917,16,0.00468,156.37,155.9,168.67,164.66
9848,2917,16,0.0039,106.3,146.49,111.61,151.96
9849,2917,16,0.00378,172.54,134.36,180.1,146.54
9850,2917,8,0.00367,262.47,133.21,269.74,148.55
9851,2917,16,0.00364,160.19,152.23,168.52,159.8
9852,2917,16,0.00358,141.34,142.04,152.24,155.9
9853,2917,16,0.00342,0.05,153.29,2.11,165.2
9854,2917,8,0.00341,297.34,129.03,305.52,151.87
9855,2917,8,0.00333,298.5,129.79,308.51,153.94
9856,2917,16,0.00332,156.72,144.52,169.65,153.8
9857,2917,16,0.00306,153.3,154.25,171.98,164.28
9858,2917,8,0.00303,312.59,129.11,323.66,154.61
9859,2917,16,0.0029,141.64,141.1,147.79,154.73
9860,2917,16,0.0027,201.67,143.78,207.7,156.52
9861,2917,16,0.00266,0.41,154.65,6.97,168.44
9862,2917,16,0.00258,201.87,144.24,211.4,157.34
9863,2917,16,0.00237,123.8,153.83,132.65,163.64
9864,2917,16,0.00235,142.4,156.42,149.51,165.45
9865,2917,16,0.00223,0.0,147.93,1.52,158.05
9866,2917,16,0.00221,102.6,147.08,109.31,153.17
9867,2917,14,0.00214,302.49,129.33,315.24,156.35
9868,2917,16,0.00191,110.21,147.21,117.76,153.57
9869,2917,16,0.00189,93.08,151.84,105.24,164.35
9870,2917,16,0.00182,140.0,156.35,148.31,164.57
9871,2917,5,0.00173,263.06,132.83,270.66,148.06
9872,2917,16,0.00162,122.1,142.71,137.19,163.79
9873,2917,16,0.00158,147.56,144.01,154.31,155.25
9874,2917,16,0.00152,0.16,157.07,16.51,177.3
9875,2917,16,0.00135,106.48,142.91,112.76,150.71
9876,2917,16,0.00123,156.24,142.1,168.84,152.07
9877,2917,16,0.00114,161.01,140.05,169.88,147.81
9878,2917,16,0.00113,143.74,152.67,149.5,160.1
9879,2917,16,0.00102,103.31,142.55,108.16,150.63
9880,2919,15,0.89845,203.89,157.77,223.5,176.54
9881,2919,15,0.86841,154.35,155.36,169.05,171.78
9882,2919,8,0.00764,0.01,91.74,32.59,226.59
9883,2919,14,0.00573,468.01,163.65,480.0,236.0
9884,2919,8,0.00465,468.05,162.42,480.0,236.0
9885,2919,8,0.00323,0.0,96.34,60.16,233.48
9886,2919,16,0.00104,467.05,167.08,480.0,203.11
9887,2920,17,0.87744,277.21,193.8,296.66,212.77
9888,2920,9,0.80176,159.64,177.02,183.47,195.5
9889,2920,9,0.646,241.71,135.69,261.16,151.25
9890,2920,9,0.20056,150.76,105.78,171.67,123.77
9891,2920,11,0.14612,150.52,105.78,171.67,123.77
9892,2920,11,0.02423,333.62,111.61,346.27,130.58
9893,2920,17,0.00215,150.28,105.78,171.67,123.77
9894,2920,6,0.00124,400.0,158.06,418.97,189.18
9895,2922,2,0.88184,175.25,58.98,205.1,95.57
9896,2922,2,0.85498,63.67,91.23,103.99,119.64
9897,2922,17,0.76758,91.41,39.0,107.42,53.44
9898,2923,14,0.86433,207.67,118.28,244.28,211.86
9899,2923,14,0.80723,260.72,110.23,288.58,204.45
9900,2923,8,0.00244,193.24,118.59,251.5,212.13
9901,2925,2,0.86062,193.75,25.44,221.71,64.8
9902,2925,17,0.75445,218.14,90.94,236.02,109.08
9903,2925,17,0.70221,286.65,47.24,305.33,65.77
9904,2926,15,0.87891,350.45,20.67,372.34,43.04
9905,2926,15,0.83893,314.36,63.07,335.45,80.87
9906,2926,7,0.81009,403.43,57.25,425.47,74.63
9907,2926,7,0.76397,262.49,62.49,280.8,83.47
9908,2926,7,0.08666,407.84,31.01,419.24,39.78
9909,2926,17,0.03193,283.01,31.75,297.49,44.3
9910,2926,7,0.02675,262.53,85.02,282.15,98.89
9911,2926,7,0.00109,408.88,27.29,422.14,39.42
9912,2927,2,0.86932,155.87,41.79,184.56,70.33
9913,2927,2,0.18235,277.02,38.53,296.34,56.76
9914,2927,2,0.00824,497.17,102.38,502.0,129.41
9915,2927,2,0.00517,0.03,15.15,15.16,38.58
9916,2928,7,0.11237,53.53,35.13,128.97,122.75
9917,2933,10,0.83481,244.34,116.77,260.13,133.34
9918,2933,9,0.8294,201.91,150.49,220.37,166.64
9919,2933,17,0.7853,187.91,197.71,203.37,213.01
9920,2933,11,0.70078,201.11,98.88,217.62,114.24
9921,2933,9,0.67454,247.83,161.07,266.14,176.94
9922,2933,10,0.55373,201.28,98.91,217.54,114.23
9923,2933,9,0.37026,311.17,130.53,333.59,151.1
9924,2933,17,0.07047,311.24,130.57,333.57,150.83
9925,2935,10,0.88477,65.68,71.68,88.43,90.27
9926,2935,10,0.88086,206.59,107.15,228.36,126.72
9927,2935,17,0.8623,168.55,91.74,186.65,109.35
9928,2935,11,0.85107,184.45,25.2,200.84,40.36
9929,2935,17,0.79199,128.19,86.35,145.31,102.99
9930,2935,9,0.76074,159.74,53.57,179.31,70.7
9931,2935,9,0.72314,216.74,66.29,239.74,84.89
9932,2935,9,0.28613,128.31,86.35,145.19,103.23
9933,2935,10,0.01406,216.74,66.29,239.74,84.89
9934,2946,17,0.87988,117.22,74.11,129.81,86.7
9935,2946,10,0.87158,177.52,92.27,193.51,106.56
9936,2946,10,0.854,97.12,61.27,111.77,75.8
9937,2946,11,0.84277,69.51,115.77,85.73,128.84
9938,2946,9,0.78418,102.81,101.48,119.4,115.04
9939,2946,17,0.74023,139.5,89.25,152.58,101.84
9940,2946,9,0.73389,67.45,83.55,84.64,96.63
9941,2946,9,0.01155,139.5,89.61,152.82,102.2
9942,2951,15,0.87859,316.01,73.89,341.31,99.01
9943,2951,7,0.82615,383.56,107.83,407.46,125.26
9944,2951,15,0.79866,292.46,123.81,314.12,142.0
9945,2951,17,0.76396,244.45,94.06,259.43,107.67
9946,2951,7,0.40451,236.94,129.38,254.75,151.55
9947,2951,17,0.31322,236.85,129.4,254.84,151.67
9948,2951,17,0.06871,243.12,154.18,265.43,170.32
9949,2951,7,0.00283,375.97,79.71,387.54,88.68
9950,2953,8,0.88059,365.7,157.97,401.5,193.66
9951,2953,8,0.84981,393.41,153.88,453.81,198.47
9952,2953,8,0.84278,312.91,150.14,357.74,187.04
9953,2953,8,0.80399,291.32,151.29,320.88,183.62
9954,2953,8,0.79742,345.06,152.8,377.48,189.86
9955,2953,14,0.68815,73.18,114.96,96.03,151.62
9956,2953,14,0.61085,105.53,116.79,132.57,157.52
9957,2953,5,0.15561,0.07,133.67,5.34,150.5
9958,2953,8,0.03375,480.39,141.83,488.0,175.69
9959,2953,8,0.0136,483.25,145.12,488.0,173.95
9960,2953,5,0.00829,0.0,133.89,11.46,151.0
9961,2953,8,0.00409,337.96,149.0,358.53,187.1
9962,2953,14,0.00402,109.53,114.89,141.26,159.73
9963,2953,8,0.00379,342.61,149.02,365.16,188.58
9964,2953,14,0.00359,476.07,141.15,488.0,220.06
9965,2953,14,0.00339,110.36,135.89,130.22,157.64
9966,2953,14,0.00316,372.4,127.9,439.12,190.23
9967,2953,8,0.00293,372.91,129.09,435.92,186.49
9968,2953,14,0.00271,63.64,113.7,97.94,155.35
9969,2953,14,0.00243,0.01,117.85,4.45,149.73
9970,2953,8,0.00241,482.69,150.36,488.0,181.66
9971,2953,8,0.00213,357.64,154.84,382.22,186.38
9972,2953,8,0.00211,482.68,132.22,488.0,174.94
9973,2953,5,0.00199,0.03,114.56,7.56,150.56
9974,2953,14,0.00186,109.79,143.14,130.5,159.64
9975,2953,5,0.0017,0.16,126.27,16.66,153.48
9976,2953,8,0.00145,470.45,140.88,487.78,176.03
9977,2953,14,0.0013,63.45,121.23,88.83,153.08
9978,2953,14,0.00126,260.22,130.08,291.35,173.73
9979,2953,14,0.00114,102.69,118.37,122.42,150.78
9980,2953,14,0.00113,260.08,131.47,274.53,159.2
9981,2955,9,0.90381,130.72,135.96,153.14,155.94
9982,2955,11,0.90381,74.62,170.56,98.37,192.97
9983,2955,10,0.89746,242.8,132.06,265.09,153.5
9984,2955,10,0.89111,142.05,31.92,161.05,54.33
9985,2955,17,0.87305,192.61,105.26,210.15,122.56
9986,2955,17,0.86328,164.22,70.17,181.76,87.71
9987,2955,9,0.84912,89.18,85.03,110.62,105.75
9988,2955,17,0.00147,89.3,84.79,110.5,105.75
9989,2956,0,0.88867,49.19,111.98,93.96,157.35
9990,2956,1,0.87939,139.44,119.5,185.52,166.18
9991,2960,5,0.82863,249.67,176.3,379.06,225.71
9992,2960,5,0.77554,405.98,167.46,500.0,226.18
9993,2960,14,0.75247,115.94,153.6,145.65,251.68
9994,2962,2,0.839,301.02,188.32,321.08,216.77
9995,2962,2,0.8082,413.28,184.72,442.09,209.39
9996,2962,2,0.03662,0.03,176.03,12.1,193.48
9997,2962,2,0.00364,170.86,166.38,184.99,181.3
9998,2962,11,0.00276,206.33,102.28,222.5,112.21
9999,2962,2,0.00214,497.34,169.22,501.0,199.21
10000,2962,2,0.00103,0.04,180.05,9.92,194.83
10001,2964,7,0.91878,218.72,22.08,278.95,56.85
10002,2964,7,0.90806,36.49,191.0,89.0,223.06
10003,2964,14,0.0173,0.0,36.41,86.66,230.0
10004,2964,14,0.00595,0.73,31.88,47.08,231.92
10005,2964,7,0.003,0.0,47.29,10.2,95.96
10006,2964,7,0.00118,0.14,42.09,15.04,96.94
10007,2968,2,0.84081,56.35,28.93,75.45,53.77
10008,2968,2,0.80787,90.94,54.13,116.84,75.22
10009,2968,2,0.23774,164.94,196.79,193.71,218.23
10010,2968,2,0.00135,195.37,161.42,225.02,177.96
10011,2969,2,0.86133,201.18,115.68,229.36,152.51
10012,2969,7,0.79199,243.45,164.59,276.6,193.95
10013,2969,17,0.00127,259.79,51.74,269.26,60.98
10014,2972,5,0.89953,201.34,30.9,378.18,144.01
10015,2972,5,0.71412,402.88,52.43,453.51,88.73
10016,2972,8,0.36394,88.11,40.31,105.64,56.1
10017,2972,5,0.23574,123.31,33.3,136.88,45.76
10018,2972,14,0.16317,96.18,31.83,107.13,47.39
10019,2972,8,0.06637,100.48,39.96,110.85,55.78
10020,2972,8,0.022,88.29,40.24,99.16,55.17
10021,2972,14,0.01406,95.44,32.47,108.83,55.32
10022,2972,14,0.01306,68.47,32.19,74.33,43.77
10023,2972,8,0.01233,95.59,32.49,110.34,55.57
10024,2972,14,0.00592,93.34,34.54,102.76,48.15
10025,2972,5,0.00493,373.33,44.56,390.04,63.0
10026,2972,14,0.00349,90.1,37.26,98.48,48.74
10027,2972,8,0.00279,99.53,44.8,110.18,58.33
10028,2972,5,0.00258,455.84,48.02,479.78,77.55
10029,2972,8,0.0015,95.21,42.14,107.43,58.58
10030,2972,14,0.0013,91.24,34.91,98.36,44.56
10031,2972,5,0.00124,370.59,44.55,390.89,73.26
10032,2973,10,0.88994,224.84,129.96,244.31,146.61
10033,2973,17,0.88447,120.7,149.85,136.54,165.7
10034,2973,17,0.88272,125.32,173.36,141.57,189.82
10035,2973,10,0.85823,235.33,154.78,251.99,172.83
10036,2973,11,0.77057,166.83,147.8,186.61,165.62
10037,2973,11,0.75783,207.09,186.62,229.32,204.81
10038,2973,10,0.69224,180.32,113.51,200.18,130.5
10039,2973,10,0.56268,145.92,121.27,164.91,137.24
10040,2981,7,0.88992,354.23,194.59,377.98,212.61
10041,2981,7,0.75476,331.64,127.97,355.9,145.29
10042,2983,14,0.00223,0.0,21.58,45.31,209.06
10043,2985,10,0.90967,278.98,59.45,299.94,85.28
10044,2985,10,0.89697,398.13,20.71,421.52,43.13
10045,2985,9,0.8042,175.67,35.57,193.7,52.14
10046,2985,9,0.7373,298.96,12.67,319.92,36.55
10047,2985,17,0.71045,175.43,35.57,193.46,52.14
10048,2985,10,0.34692,392.77,102.09,426.88,134.74
10049,2985,17,0.05283,392.28,102.58,426.39,135.23
10050,2985,10,0.02136,298.72,12.67,320.16,36.55
10051,2985,11,0.00629,391.79,102.09,426.88,135.71
10052,2985,11,0.00245,298.72,12.43,320.16,36.79
10053,2985,14,0.00208,215.39,42.15,250.72,155.45
10054,2986,0,0.90723,255.23,152.27,302.61,197.71
10055,2986,1,0.52344,158.8,153.48,205.44,199.89
10056,2986,0,0.13208,159.4,154.2,206.05,199.64
10057,2986,13,0.00881,159.28,153.96,205.44,200.37
10058,2987,17,0.85124,59.4,110.99,79.88,130.36
10059,2987,2,0.84997,91.54,26.77,130.1,56.84
10060,2987,17,0.80786,170.53,56.37,188.12,74.09
10061,2988,7,0.91951,229.9,140.67,255.32,164.26
10062,2988,7,0.87056,48.84,172.82,83.05,198.78
10063,2988,2,0.00419,263.21,108.89,283.82,126.36
10064,2990,2,0.84814,200.67,38.7,221.51,67.96
10065,2990,2,0.00181,132.71,54.69,168.92,78.75
10066,2993,15,0.87639,157.72,47.43,182.45,71.84
10067,2993,7,0.8368,224.14,84.18,245.33,101.74
10068,2993,15,0.8288,130.12,95.46,152.86,114.67
10069,2993,7,0.72338,73.18,98.57,91.48,120.08
10070,2993,17,0.07551,84.02,62.87,99.7,76.68
10071,2993,17,0.02093,78.1,124.64,100.68,139.82
10072,2993,7,0.01691,78.01,124.6,100.56,139.8
10073,2993,15,0.01042,73.23,99.24,91.29,120.13
10074,2993,7,0.00778,218.34,56.04,229.25,65.28
10075,2997,15,0.89014,86.9,47.79,107.8,65.88
10076,2999,12,0.87646,300.09,120.8,335.29,153.61
10077,2999,12,0.87305,151.47,153.14,188.57,185.48
10078,2999,12,0.86865,345.75,155.99,387.6,194.51
10079,2999,12,0.85596,233.99,146.72,279.17,189.52
10080,2999,12,0.83984,202.12,187.38,243.02,223.53
10081,2999,14,0.22131,272.04,1.72,487.0,190.95
10082,2999,12,0.04849,331.96,122.7,348.13,145.53
10083,2999,12,0.02954,153.85,124.37,201.17,160.99
10084,2999,12,0.01971,343.37,121.51,411.86,184.29
10085,2999,12,0.00806,185.48,140.06,272.51,192.37
10086,2999,12,0.0052,338.85,137.44,356.45,164.08
10087,2999,2,0.00362,345.75,156.94,387.6,194.04
10088,2999,14,0.00278,440.39,38.76,486.52,244.21
10089,2999,14,0.00222,326.73,15.69,484.62,250.63
10090,2999,14,0.00216,384.27,34.48,487.0,250.4
10091,2999,12,0.00209,349.79,156.23,375.95,169.55
10092,2999,12,0.00159,331.01,128.65,352.88,153.85
10093,2999,12,0.00142,342.42,137.44,385.22,177.87
10094,3000,15,0.91387,313.69,11.28,341.05,40.22
10095,3000,15,0.88521,143.2,38.1,175.5,72.6
10096,3001,4,0.92383,239.71,29.72,315.85,77.37
10097,3001,3,0.90381,94.07,164.06,151.17,237.75
10098,3001,12,0.89111,72.33,105.36,109.91,139.26
10099,3001,13,0.88721,202.87,99.96,237.75,135.57
10100,3001,0,0.87988,124.77,52.68,160.63,89.52
10101,3001,0,0.87305,307.01,115.68,343.36,154.49
10102,3001,3,0.85205,373.32,140.49,420.48,234.8
10103,3001,1,0.85059,194.03,171.19,233.33,209.01
10104,3001,12,0.84814,373.32,37.82,411.63,72.21
10105,3001,3,0.01253,0.0,186.66,14.74,252.97
10106,3001,3,0.00397,261.82,158.66,304.55,223.5
10107,3001,3,0.00164,0.0,126.24,35.06,252.97
10108,3006,15,0.90384,65.95,3.69,86.99,22.38
10109,3006,15,0.90114,18.13,7.06,37.56,24.61
10110,3006,15,0.00626,318.67,40.59,358.37,67.52
10111,3006,14,0.0044,481.55,35.33,495.0,153.39
10112,3006,14,0.00387,447.31,31.41,494.17,219.21
10113,3006,14,0.00123,458.27,31.67,494.48,167.48
10114,3011,15,0.89138,96.18,53.57,115.82,72.49
10115,3011,15,0.8782,44.22,55.0,59.68,71.78
10116,3011,5,0.00564,469.56,174.76,501.0,234.37
10117,3013,7,0.84277,227.02,93.21,266.42,123.96
10118,3013,7,0.50781,200.12,173.93,239.75,197.47
10119,3016,15,0.86719,130.27,103.54,156.55,132.54
10120,3016,15,0.84375,24.09,108.98,58.96,143.87
10121,3016,15,0.81152,55.73,78.28,77.14,101.84
10122,3016,17,0.0013,403.05,230.64,418.01,247.86
10123,3018,15,0.91952,59.91,148.1,108.92,204.25
10124,3018,15,0.88633,250.18,134.96,289.55,176.78
10125,3022,7,0.93115,381.07,141.81,412.26,169.09
10126,3022,14,0.00187,172.51,66.76,216.36,192.49
10127,3025,1,0.85254,295.95,202.54,348.84,254.01
10128,3025,0,0.84814,434.15,137.25,480.85,186.81
10129,3025,0,0.0336,295.95,203.49,349.32,252.58
10130,3027,14,0.83902,149.48,119.53,180.9,187.08
10131,3027,8,0.80299,362.42,117.0,383.18,141.8
10132,3027,14,0.78693,186.81,119.1,219.71,183.77
10133,3027,8,0.77705,472.64,97.52,494.0,149.62
10134,3027,8,0.77403,422.13,114.39,443.31,137.95
10135,3027,14,0.76146,0.02,141.18,18.97,189.73
10136,3027,8,0.74869,326.95,118.89,352.11,143.79
10137,3027,14,0.65851,329.47,112.69,341.42,136.71
10138,3027,14,0.45424,408.64,109.0,421.43,134.68
10139,3027,14,0.3919,476.34,89.06,494.0,139.56
10140,3027,14,0.38702,480.23,88.76,494.0,126.13
10141,3027,14,0.35075,453.42,103.92,468.95,133.45
10142,3027,14,0.06941,0.0,137.28,16.69,247.57
10143,3027,14,0.03741,405.29,111.42,411.41,130.77
10144,3027,14,0.02686,407.46,109.59,416.93,131.21
10145,3027,14,0.01418,0.0,141.25,7.98,189.25
10146,3027,14,0.0096,328.61,113.33,351.0,139.27
10147,3027,14,0.00943,0.04,127.18,24.79,255.22
10148,3027,14,0.00919,367.42,116.16,378.25,130.76
10149,3027,8,0.00897,340.59,116.25,352.95,140.93
10150,3027,14,0.00657,341.04,116.28,352.02,138.0
10151,3027,14,0.00639,425.35,112.32,440.11,131.17
10152,3027,14,0.00538,410.26,108.99,420.74,127.69
10153,3027,14,0.00507,401.23,112.21,410.65,132.14
10154,3027,14,0.00452,426.9,112.01,438.25,126.88
10155,3027,14,0.00303,429.32,111.48,442.88,129.82
10156,3027,14,0.00287,373.44,116.29,383.93,134.96
10157,3027,14,0.00252,423.72,111.42,436.31,128.79
10158,3027,14,0.0024,401.38,109.01,420.6,137.55
10159,3027,8,0.00234,181.01,116.99,229.23,183.58
10160,3027,14,0.00229,417.86,110.22,425.99,134.9
10161,3027,14,0.00183,320.37,118.52,326.97,136.45
10162,3027,14,0.00173,0.0,143.76,4.02,188.9
10163,3027,8,0.00143,453.31,88.22,493.71,152.68
10164,3027,14,0.00135,418.28,112.79,432.18,136.04
10165,3027,8,0.0011,410.69,114.87,442.34,136.94
10166,3027,14,0.00104,341.92,113.14,351.53,129.95
10167,3028,2,0.87256,186.06,113.63,216.33,149.67
10168,3028,2,0.86621,305.58,103.06,335.37,139.34
10169,3028,17,0.74756,223.3,83.12,238.67,97.54
10170,3028,2,0.00461,222.7,83.84,239.03,96.57
10171,3028,2,0.0015,0.02,130.69,3.66,174.89
10172,3031,11,0.90039,171.37,52.52,184.69,67.32
10173,3031,10,0.84277,231.54,3.82,247.32,16.89
10174,3031,17,0.83643,163.24,6.16,176.31,18.99
10175,3031,10,0.82666,132.91,1.48,148.2,15.04
10176,3031,9,0.81885,130.44,27.12,149.18,40.93
10177,3031,9,0.78271,179.76,31.93,194.06,45.74
10178,3031,17,0.5332,192.83,13.07,205.65,24.9
10179,3031,9,0.35767,192.83,13.07,205.65,24.9
10180,3031,11,0.00241,180.0,31.81,194.31,45.86
10181,3038,5,0.82227,303.57,228.75,353.13,246.86
10182,3038,5,0.79688,12.14,157.98,25.79,167.51
10183,3038,5,0.76221,286.89,183.95,332.64,211.59
10184,3038,5,0.66699,36.64,158.7,45.87,168.23
10185,3038,5,0.65674,78.28,162.51,103.06,177.76
10186,3038,5,0.28784,24.33,154.41,34.34,161.08
10187,3038,5,0.11517,78.04,159.65,95.91,172.04
10188,3038,5,0.03732,2.24,162.03,8.47,169.66
10189,3038,5,0.01456,38.3,157.5,49.26,167.99
10190,3038,5,0.01173,23.95,154.88,29.31,160.6
10191,3038,5,0.00661,315.48,228.99,372.2,246.14
10192,3038,5,0.00491,30.5,175.85,40.39,183.48
10193,3038,5,0.00455,2.74,163.46,9.81,171.09
10194,3038,5,0.00393,3.54,161.08,10.05,168.7
10195,3038,5,0.00265,10.1,156.31,21.53,164.89
10196,3038,5,0.00214,9.2,156.79,15.96,163.46
10197,3038,5,0.002,1.04,162.98,8.26,174.42
10198,3038,5,0.00186,2.89,158.7,7.88,168.7
10199,3038,5,0.0018,10.86,155.12,16.87,161.32
10200,3038,8,0.0018,34.19,174.42,39.79,182.05
10201,3038,5,0.00146,9.34,154.64,15.03,161.32
10202,3038,14,0.00136,34.61,173.71,39.5,179.9
10203,3038,5,0.00127,9.97,159.65,23.2,167.27
10204,3038,5,0.00103,0.06,156.31,7.11,169.66
10205,3041,4,0.88721,195.99,67.3,300.13,112.49
10206,3041,3,0.80322,195.5,148.84,310.45,199.43
10207,3041,3,0.65479,195.5,8.84,297.18,45.68
10208,3041,4,0.04868,198.2,149.33,310.2,193.54
10209,3041,3,0.04672,198.2,68.16,298.66,112.61
10210,3041,4,0.00141,197.47,8.6,298.9,41.51
10211,3041,3,0.00106,111.38,42.24,142.57,86.7
10212,3046,10,0.84814,368.4,51.05,379.12,61.28
10213,3046,10,0.84814,441.5,62.98,453.19,72.73
10214,3046,17,0.8418,390.82,57.62,399.59,66.4
10215,3046,11,0.83008,397.4,86.74,406.66,96.0
10216,3046,9,0.60938,411.53,65.3,421.27,74.07
10217,3046,9,0.59473,367.18,67.13,380.83,77.12
10218,3046,10,0.54883,403.0,75.53,412.75,84.55
10219,3046,17,0.00335,442.23,62.38,453.44,72.12
10220,3046,17,0.00264,412.02,64.81,421.76,73.1
10221,3049,7,0.90186,114.56,141.91,143.09,172.28
10222,3049,2,0.88184,80.56,89.35,120.67,114.5
10223,3050,3,0.89791,213.8,131.61,262.67,190.44
10224,3050,3,0.89146,125.23,103.45,189.15,147.52
10225,3050,3,0.88853,230.18,187.61,313.79,232.18
10226,3050,13,0.88392,110.15,184.05,152.92,227.69
10227,3050,1,0.87342,99.13,134.17,138.68,176.16
10228,3053,2,0.90186,185.29,108.21,203.53,127.42
10229,3053,2,0.88721,171.67,165.84,193.07,186.26
10230,3053,2,0.8833,88.51,109.18,106.99,132.52
10231,3053,2,0.82666,65.84,173.62,88.33,195.99
10232,3054,15,0.90178,396.97,95.99,417.07,114.12
10233,3054,15,0.89005,352.46,103.92,370.73,119.97
10234,3058,14,0.87109,102.97,47.28,153.53,172.87
10235,3058,14,0.85938,218.71,57.3,259.54,163.32
10236,3058,14,0.83594,54.62,54.2,103.92,162.36
10237,3058,14,0.01987,0.01,71.15,3.47,129.89
10238,3058,14,0.01263,393.97,82.85,413.07,125.35
10239,3058,14,0.01138,0.03,64.71,6.72,128.22
10240,3058,14,0.00541,0.04,81.42,5.25,128.7
10241,3058,14,0.00346,0.0,75.21,5.06,188.39
10242,3058,14,0.00243,0.01,134.19,5.67,188.15
10243,3061,11,0.82896,135.97,0.52,162.55,17.22
10244,3061,9,0.76061,152.34,13.28,175.53,40.91
10245,3061,11,0.49966,76.17,15.56,99.79,39.84
10246,3061,9,0.45713,86.26,40.1,109.74,66.18
10247,3061,11,0.38895,85.88,39.88,109.25,65.8
10248,3061,11,0.14324,152.13,13.33,175.16,40.63
10249,3061,9,0.00585,76.97,15.49,99.57,39.68
10250,3063,15,0.88867,312.05,39.62,332.72,57.34
10251,3065,7,0.8686,51.6,116.1,81.7,144.41
10252,3065,15,0.72861,153.61,41.37,176.78,65.35
10253,3065,7,0.71056,153.48,41.32,176.73,65.28
10254,3068,17,0.8623,163.63,215.6,183.21,234.93
10255,3068,9,0.79053,44.23,194.33,68.94,213.66
10256,3068,9,0.64404,39.76,121.33,61.57,139.7
10257,3068,9,0.52539,131.73,155.9,151.06,171.36
10258,3068,14,0.0683,78.61,128.58,106.65,175.96
10259,3068,14,0.00374,142.12,50.64,161.46,97.53
10260,3068,14,0.00316,0.65,113.72,29.52,171.61
10261,3068,14,0.00142,84.66,128.58,102.06,156.62
10262,3068,11,0.00126,39.88,121.33,61.69,139.7
10263,3070,10,0.89014,213.1,204.33,232.62,225.08
10264,3070,17,0.88086,204.08,173.44,221.62,191.23
10265,3070,10,0.87305,153.8,113.9,172.83,132.18
10266,3070,17,0.85986,188.51,151.95,205.32,168.25
10267,3070,9,0.85889,276.22,177.89,296.98,199.63
10268,3070,11,0.8335,300.19,130.45,320.94,145.28
10269,3070,9,0.81055,247.07,141.82,268.81,158.62
10270,3070,5,0.00152,389.88,53.37,433.36,101.3
10271,3070,2,0.00119,0.0,43.85,2.87,64.86
10272,3071,17,0.875,237.59,12.08,250.64,24.65
10273,3071,10,0.86328,296.32,34.32,311.79,48.58
10274,3071,9,0.84082,221.64,38.67,238.07,52.21
10275,3071,11,0.82568,188.53,50.52,205.2,64.29
10276,3071,9,0.81152,188.89,18.13,205.57,31.66
10277,3071,17,0.74756,259.1,28.88,271.67,41.21
10278,3071,10,0.56592,219.83,0.0,233.6,12.81
10279,3071,17,0.31079,219.7,0.0,233.72,12.69
10280,3071,9,0.04337,0.0,75.05,1.73,87.13
10281,3071,9,0.0365,258.62,29.0,272.15,41.33
10282,3071,11,0.03149,32.54,46.65,44.08,62.84
10283,3071,9,0.00361,0.05,72.75,2.81,88.7
10284,3071,9,0.0025,0.0,74.08,1.99,93.66
10285,3071,9,0.00216,0.11,74.56,4.68,87.86
10286,3073,13,0.8289,376.22,74.13,414.8,113.06
10287,3073,0,0.55139,243.75,28.89,280.87,67.52
10288,3073,4,0.1858,166.95,152.11,223.75,233.2
10289,3073,1,0.00626,243.85,29.04,280.78,67.29
10290,3073,2,0.0036,243.75,29.0,280.6,67.27
10291,3073,2,0.00337,375.27,74.02,413.61,112.71
10292,3073,3,0.0011,463.22,183.95,494.89,245.74
10293,3076,8,0.81252,0.0,97.22,87.01,202.62
10294,3076,5,0.7274,247.93,94.99,293.08,122.16
10295,3076,8,0.15735,469.06,113.73,485.0,165.47
10296,3076,14,0.11486,122.12,68.87,156.37,104.81
10297,3076,8,0.01287,0.0,67.52,43.14,201.57
10298,3076,8,0.00992,472.5,113.67,485.0,191.96
10299,3076,8,0.0087,100.75,83.47,192.34,207.65
10300,3076,14,0.00636,126.51,69.62,155.15,122.42
10301,3076,14,0.00357,0.0,73.68,10.47,152.43
10302,3076,8,0.00331,0.0,73.62,10.45,136.12
10303,3076,8,0.0024,0.0,110.8,54.64,202.12
10304,3076,8,0.00237,33.37,80.36,193.07,207.76
10305,3076,8,0.00142,0.0,68.62,12.55,187.96
10306,3076,14,0.00124,318.05,97.35,330.83,121.39
10307,3076,14,0.00115,470.86,102.03,485.0,159.09
10308,3076,8,0.00101,447.45,68.89,484.67,191.99
10309,3077,4,0.84879,315.19,60.23,364.05,98.29
10310,3077,11,0.84524,236.26,70.43,271.61,104.45
10311,3077,13,0.03252,236.4,70.46,271.58,104.57
10312,3078,13,0.90259,248.2,140.37,286.16,178.31
10313,3078,3,0.89508,304.16,24.95,344.44,100.48
10314,3078,3,0.89478,190.56,11.55,274.5,62.35
10315,3078,3,0.88298,339.47,94.1,416.17,134.21
10316,3078,1,0.84452,204.39,80.22,241.89,119.88
10317,3079,13,0.43814,296.37,132.33,348.57,182.16
10318,3079,3,0.16747,135.99,117.84,234.28,204.92
10319,3079,4,0.07545,134.93,120.57,229.09,204.44
10320,3079,17,0.02012,0.04,71.57,11.31,98.11
10321,3079,14,0.00878,191.4,1.54,256.1,62.58
10322,3079,14,0.0031,129.31,1.29,259.3,112.65
10323,3079,17,0.00274,0.01,64.77,7.91,97.91
10324,3079,2,0.00271,296.64,132.41,346.96,182.16
10325,3079,2,0.00224,0.03,60.56,8.56,99.0
10326,3079,2,0.00156,0.0,56.21,4.83,100.9
10327,3086,7,0.92041,298.57,31.93,339.07,64.81
10328,3086,7,0.00442,374.1,170.13,419.85,217.79
10329,3087,16,0.73877,177.54,212.06,252.99,254.47
10330,3087,14,0.6875,121.81,131.67,137.59,162.25
10331,3087,14,0.65479,162.0,132.17,175.32,158.8
10332,3087,14,0.62256,23.47,110.72,58.87,162.5
10333,3087,14,0.60596,203.92,152.14,230.06,184.2
10334,3087,14,0.56006,59.43,117.87,73.97,148.44
10335,3087,14,0.55078,80.26,121.32,96.78,153.37
10336,3087,14,0.52148,196.77,144.99,208.61,166.69
10337,3087,14,0.50586,222.66,136.61,233.02,157.32
10338,3087,16,0.19556,250.4,191.35,279.13,211.07
10339,3087,14,0.14465,98.63,129.46,109.73,152.14
10340,3087,14,0.0452,219.95,137.84,231.54,164.47
10341,3087,16,0.04193,153.0,170.88,229.94,200.47
10342,3087,14,0.0369,495.63,116.88,505.0,193.81
10343,3087,14,0.0201,86.86,122.8,96.85,151.89
10344,3087,14,0.01862,0.01,124.77,4.8,155.35
10345,3087,14,0.01369,200.22,135.62,209.1,148.94
10346,3087,14,0.01312,80.02,118.48,91.61,149.92
10347,3087,16,0.01073,0.0,145.48,104.8,194.31
10348,3087,14,0.00941,0.06,130.69,7.16,156.83
10349,3087,14,0.00906,224.14,135.62,236.47,159.29
10350,3087,14,0.00854,498.59,135.13,505.0,189.38
10351,3087,14,0.00784,64.97,118.11,75.45,138.83
10352,3087,14,0.00554,158.31,129.7,166.69,144.0
10353,3087,14,0.00492,88.65,128.47,100.48,151.65
10354,3087,14,0.00474,158.68,128.22,166.07,140.06
10355,3087,14,0.00442,45.43,114.17,56.41,131.43
10356,3087,14,0.0044,499.08,155.35,505.0,195.79
10357,3087,14,0.00401,52.15,115.28,74.34,149.92
10358,3087,14,0.0039,197.02,144.25,206.39,156.09
10359,3087,14,0.00368,58.07,117.74,66.95,138.58
10360,3087,14,0.00352,0.01,109.98,3.0,153.87
10361,3087,14,0.00348,80.45,118.11,91.67,137.84
10362,3087,14,0.00348,197.51,135.62,209.84,152.88
10363,3087,16,0.00343,118.85,168.17,234.01,203.18
10364,3087,14,0.00303,82.48,123.29,107.88,153.37
10365,3087,14,0.00265,162.74,131.67,173.59,147.46
10366,3087,14,0.00245,220.81,136.11,230.18,155.35
10367,3087,16,0.00243,0.06,140.06,80.82,184.44
10368,3087,14,0.00212,80.88,118.11,94.93,142.77
10369,3087,14,0.002,0.05,114.66,8.03,156.09
10370,3087,14,0.00198,198.01,141.04,211.32,169.16
10371,3087,14,0.00197,0.01,136.61,5.45,157.32
10372,3087,14,0.00185,168.05,131.43,177.66,157.57
10373,3087,14,0.00141,0.03,93.95,8.06,149.43
10374,3087,14,0.0013,496.12,149.18,505.0,195.54
10375,3087,14,0.00127,199.24,135.62,211.07,160.77
10376,3087,14,0.00126,42.47,108.74,57.76,126.5
10377,3087,16,0.00126,0.05,139.57,21.21,193.81
10378,3087,14,0.00123,45.99,112.19,65.84,136.85
10379,3087,14,0.00112,39.95,111.7,55.05,125.51
10380,3087,5,0.00108,360.5,66.58,383.19,88.77
10381,3087,14,0.00101,498.59,167.18,505.0,219.46
10382,3089,2,0.86865,110.5,174.23,129.2,200.81
10383,3089,2,0.8623,182.85,142.24,198.11,164.88
10384,3089,2,0.84814,128.95,118.25,144.7,140.77
10385,3089,2,0.83984,47.31,130.68,65.03,154.79
10386,3090,2,0.8641,385.2,78.03,412.49,99.62
10387,3090,2,0.85217,347.77,35.49,367.96,62.17
10388,3092,8,0.89014,388.18,95.21,499.51,226.56
10389,3092,8,0.7959,52.67,121.34,84.17,145.26
10390,3092,14,0.73096,250.49,95.46,271.0,141.36
10391,3092,14,0.67041,151.12,113.53,168.46,140.38
10392,3092,14,0.60742,123.9,101.32,159.06,169.19
10393,3092,14,0.0336,472.17,85.45,488.77,123.54
10394,3092,8,0.01029,490.23,148.44,500.0,226.56
10395,3092,14,0.00605,55.11,119.14,68.85,134.77
10396,3092,8,0.00476,117.86,95.7,167.72,168.46
10397,3092,5,0.00465,0.27,2.75,41.87,250.73
10398,3092,8,0.00223,487.3,131.1,500.0,221.44
10399,3092,14,0.002,116.76,99.85,150.88,156.49
10400,3092,14,0.00194,155.76,114.26,179.69,137.94
10401,3092,14,0.00187,115.48,100.1,129.64,138.43
10402,3092,14,0.00174,53.41,119.63,67.87,141.6
10403,3092,8,0.00146,491.21,156.25,500.0,208.01
10404,3092,14,0.00118,162.11,126.34,175.29,140.14
10405,3092,14,0.00104,473.63,84.96,499.02,124.51
10406,3095,13,0.86101,392.63,143.89,441.82,192.51
10407,3095,1,0.54399,389.4,21.69,431.88,63.6
10408,3095,0,0.12744,388.89,21.77,432.38,65.17
10409,3095,6,0.00353,0.0,184.34,10.66,227.93
10410,3095,14,0.00215,0.0,172.67,11.28,233.97
10411,3095,14,0.0019,0.0,177.25,7.15,218.1
10412,3095,2,0.00171,391.67,144.55,441.61,191.75
10413,3095,14,0.00108,463.93,34.02,500.7,220.64
10414,3099,14,0.85352,375.0,123.78,421.39,231.69
10415,3099,14,0.80811,164.06,123.54,193.36,207.03
10416,3099,14,0.75781,216.06,121.34,244.87,217.04
10417,3099,14,0.62256,191.16,109.5,226.81,218.75
10418,3099,5,0.3811,402.83,181.15,466.31,222.17
10419,3099,14,0.00285,183.11,108.15,243.16,219.48
10420,3099,5,0.002,493.16,156.74,500.0,183.11
10421,3099,8,0.00189,180.18,117.19,245.12,218.75
10422,3101,4,0.90762,361.28,51.84,434.82,106.51
10423,3101,13,0.88029,242.49,41.19,293.54,91.42
10424,3101,2,0.00194,242.43,41.23,293.96,91.12
10425,3104,3,0.83984,144.51,45.94,227.29,87.09
10426,3104,12,0.00237,96.42,86.37,118.91,109.1
10427,3104,12,0.00134,444.3,56.46,463.44,69.38
10428,3104,12,0.00118,362.71,38.76,389.51,67.71
10429,3106,15,0.87402,36.9,21.62,77.16,62.99
10430,3106,15,0.87061,150.14,8.13,182.92,40.67
10431,3106,15,0.86719,155.96,82.28,191.28,122.72
10432,3106,15,0.1192,338.41,67.52,359.79,93.78
10433,3107,10,0.8999,380.15,138.95,408.53,164.88
10434,3107,10,0.89258,197.42,101.28,227.26,126.47
10435,3107,14,0.00173,101.89,0.0,145.55,0.24
10436,3110,5,0.80096,0.52,12.94,69.68,41.66
10437,3110,5,0.75228,190.51,15.87,233.66,36.28
10438,3110,5,0.57509,141.76,15.74,190.92,44.65
10439,3110,5,0.41239,316.83,20.83,422.18,58.41
10440,3110,5,0.05754,364.61,19.79,429.42,60.28
10441,3110,5,0.01479,0.04,11.13,5.26,38.38
10442,3110,5,0.01383,0.0,13.87,2.4,36.58
10443,3110,5,0.01314,317.47,23.28,364.88,56.59
10444,3110,5,0.01201,89.34,16.76,127.56,43.66
10445,3110,5,0.01147,190.13,16.69,217.97,34.77
10446,3110,5,0.00678,0.04,12.04,9.55,38.92
10447,3110,5,0.00449,199.84,15.89,249.51,52.49
10448,3110,5,0.00368,143.41,15.43,191.48,33.61
10449,3110,8,0.00344,249.2,23.1,276.41,50.74
10450,3110,5,0.00246,88.78,16.5,153.43,43.64
10451,3110,5,0.00226,23.39,15.6,68.76,41.27
10452,3110,5,0.00217,190.34,16.08,236.55,54.21
10453,3110,5,0.0017,0.09,1.62,13.35,35.94
10454,3110,5,0.00132,123.11,18.65,157.53,43.99
10455,3111,2,0.85706,348.95,117.86,370.2,146.98
10456,3111,2,0.79402,416.91,134.27,447.1,157.52
10457,3111,2,0.00711,462.72,126.83,468.0,153.38
10458,3111,16,0.00129,462.02,132.01,468.0,155.95
10459,3112,14,0.89318,205.75,106.56,244.56,218.29
10460,3112,14,0.87435,264.79,141.27,289.43,209.13
10461,3112,14,0.82699,298.83,135.41,324.1,221.15
10462,3112,14,0.73941,131.87,120.2,166.95,207.51
10463,3112,5,0.73835,401.9,180.96,471.23,222.7
10464,3112,14,0.64838,161.19,136.28,188.19,203.74
10465,3112,5,0.00842,405.12,156.47,491.29,201.7
10466,3112,5,0.00302,485.93,172.93,500.0,227.8
10467,3112,5,0.00146,496.42,161.94,500.0,186.61
10468,3114,14,0.8042,378.91,80.81,403.81,117.68
10469,3114,14,0.76221,16.51,14.77,33.14,48.95
10470,3114,14,0.70068,342.29,77.39,356.45,104.74
10471,3114,14,0.6875,60.73,26.12,77.94,61.28
10472,3114,14,0.0386,38.18,40.77,49.47,55.91
10473,3114,14,0.006,341.8,83.74,362.3,104.74
10474,3114,14,0.00372,347.17,85.21,364.75,103.27
10475,3114,14,0.00287,330.57,80.57,342.29,97.17
10476,3114,14,0.00277,352.54,84.96,365.23,99.85
10477,3114,14,0.00263,60.94,23.8,87.77,63.35
10478,3114,14,0.00194,491.21,78.37,500.0,178.47
10479,3114,14,0.00105,330.81,78.37,353.27,97.9
10480,3117,15,0.86084,128.96,59.81,156.24,86.61
10481,3117,15,0.8457,45.94,35.17,74.41,63.88
10482,3117,15,0.83984,122.38,18.9,145.11,40.91
10483,3117,15,0.0033,213.9,50.84,240.93,64.72
10484,3119,4,0.89308,267.36,35.31,339.95,121.83
10485,3119,3,0.88609,358.96,37.98,435.88,96.32
10486,3119,12,0.0032,228.61,5.47,253.15,32.53
10487,3119,12,0.00254,435.88,27.53,453.35,37.81
10488,3119,12,0.0018,105.44,104.6,121.33,120.42
10489,3119,12,0.00133,115.38,97.65,135.98,116.66
10490,3119,2,0.00124,358.79,38.28,435.76,95.91
10491,3119,12,0.00119,420.43,141.38,436.27,165.06
10492,3123,15,0.88566,231.68,86.51,259.36,115.76
10493,3123,15,0.88131,59.7,107.19,90.98,141.2
10494,3125,14,0.68604,339.16,116.71,352.81,154.72
10495,3125,5,0.28296,14.77,131.57,40.39,153.01
10496,3125,5,0.25391,0.02,135.47,10.6,153.99
10497,3125,5,0.03516,240.73,116.22,257.78,125.97
10498,3125,5,0.02461,230.37,125.24,242.8,134.98
10499,3125,5,0.02211,0.0,132.55,14.57,153.01
10500,3125,5,0.01942,51.47,128.4,68.16,145.95
10501,3125,5,0.01778,239.51,116.71,259.49,137.66
10502,3125,8,0.01646,0.07,149.12,10.68,177.38
10503,3125,5,0.01525,0.05,147.17,11.25,178.35
10504,3125,5,0.01401,0.08,134.5,10.67,166.17
10505,3125,14,0.01219,322.6,125.24,336.73,149.6
10506,3125,5,0.01183,79.92,129.62,94.42,142.29
10507,3125,5,0.01099,2.76,135.71,23.98,152.77
10508,3125,14,0.00993,312.12,125.24,320.4,137.91
10509,3125,8,0.00749,77.6,138.88,87.35,149.12
10510,3125,16,0.00674,156.91,129.62,165.68,140.34
10511,3125,14,0.00664,339.9,115.98,360.36,155.94
10512,3125,5,0.00547,67.86,129.62,89.3,148.14
10513,3125,5,0.00492,16.57,131.33,40.78,145.46
10514,3125,5,0.00485,0.11,135.71,8.03,160.08
10515,3125,5,0.00422,16.45,131.33,33.93,142.54
10516,3125,14,0.00422,105.62,133.52,115.86,150.09
10517,3125,16,0.00412,166.17,135.96,173.97,148.14
10518,3125,5,0.00381,77.36,134.25,88.57,148.38
10519,3125,5,0.00368,0.11,131.57,9.79,144.24
10520,3125,5,0.00348,2.56,132.55,23.27,143.27
10521,3125,5,0.00347,11.1,136.45,26.21,153.01
10522,3125,5,0.00332,22.36,133.52,46.6,152.04
10523,3125,16,0.0033,153.5,132.06,158.62,142.78
10524,3125,5,0.00278,77.12,138.88,87.35,149.6
10525,3125,5,0.00187,14.32,132.06,28.39,153.01
10526,3125,16,0.00182,152.77,134.01,158.62,147.65
10527,3125,8,0.00181,104.53,134.5,117.2,157.89
10528,3125,14,0.00151,108.06,133.28,115.86,146.44
10529,3125,14,0.00149,312.12,126.46,324.3,140.1
10530,3125,16,0.00149,160.32,133.52,166.17,141.32
10531,3125,5,0.00147,77.18,130.6,90.58,142.29
10532,3125,14,0.00146,166.41,135.23,174.46,148.38
10533,3125,8,0.00127,166.41,135.71,175.67,148.38
10534,3125,14,0.00122,310.9,125.24,322.6,143.75
10535,3125,14,0.00119,105.99,133.77,117.93,156.67
10536,3125,5,0.00102,32.56,132.55,47.24,151.06
10537,3129,12,0.80664,161.62,124.74,201.42,162.59
10538,3129,0,0.69922,305.77,97.8,342.17,130.32
10539,3129,4,0.09503,155.31,24.63,203.85,75.11
10540,3129,1,0.07104,305.77,97.56,341.69,130.07
10541,3129,2,0.01187,154.1,25.24,203.6,75.23
10542,3129,3,0.00208,486.32,104.59,497.0,142.94
10543,3129,3,0.00202,482.44,105.08,497.0,165.75
10544,3129,3,0.00126,345.08,39.8,376.15,67.95
10545,3129,15,0.00109,493.12,107.99,497.0,132.5
10546,3131,14,0.87742,324.15,104.27,398.33,230.02
10547,3131,14,0.8614,52.98,117.61,80.07,199.41
10548,3131,5,0.84292,211.55,127.4,329.97,179.35
10549,3131,5,0.8099,369.63,126.55,499.72,184.79
10550,3131,5,0.38492,363.73,114.2,434.03,153.02
10551,3131,8,0.02327,154.77,138.12,185.96,169.12
10552,3131,14,0.01818,493.82,154.26,500.0,228.1
10553,3131,14,0.00183,327.46,105.59,383.62,182.56
10554,3131,14,0.00143,326.15,105.81,367.48,166.41
10555,3132,2,0.87323,267.73,134.55,302.59,174.85
10556,3132,17,0.80396,349.15,100.91,368.42,119.88
10557,3132,17,0.68911,365.63,169.46,388.18,188.51
10558,3132,2,0.14516,366.33,169.41,388.18,188.84
10559,3132,2,0.04609,349.56,100.71,368.16,120.12
10560,3134,17,0.81299,361.86,64.41,377.96,80.04
10561,3134,17,0.14319,441.9,32.44,457.06,47.6
10562,3134,2,0.08386,441.9,32.68,457.06,47.36
10563,3134,17,0.00636,476.47,150.14,485.0,170.51
10564,3134,2,0.0042,476.0,132.62,485.0,168.61
10565,3134,7,0.0013,476.0,149.9,485.0,171.22
10566,3134,2,0.00102,477.9,117.46,485.0,151.56
10567,3136,2,0.84542,149.51,120.41,174.85,142.6
10568,3136,2,0.32159,43.47,139.9,77.15,170.21
10569,3139,2,0.85384,378.6,34.1,407.42,71.9
10570,3139,17,0.77154,327.36,82.74,344.62,100.03
10571,3139,17,0.71455,410.57,102.23,428.16,119.91
10572,3139,2,0.00204,328.37,82.98,344.72,99.89
10573,3139,2,0.0011,0.0,149.61,3.82,196.8
10574,3143,15,0.44653,147.92,23.08,261.1,166.07
10575,3143,15,0.02112,151.51,23.08,256.62,99.29
10576,3143,15,0.00103,199.8,42.13,260.88,157.78
10577,3145,9,0.93652,138.81,196.59,171.42,234.95
10578,3145,9,0.93311,283.86,125.63,312.63,162.07
10579,3145,9,0.93311,25.58,194.67,57.84,233.03
10580,3145,9,0.92871,85.23,128.74,117.12,163.27
10581,3145,9,0.89697,215.53,195.63,248.62,238.79
10582,3145,11,0.89014,355.78,160.15,393.18,195.15
10583,3145,16,0.0053,355.78,159.67,393.18,194.67
10584,3145,10,0.00227,355.3,160.39,393.66,194.91
10585,3145,2,0.00194,355.78,159.91,393.18,194.43
10586,3145,2,0.00123,215.29,196.11,248.38,238.31
10587,3145,2,0.00121,138.57,196.59,171.18,234.95
10588,3146,8,0.89014,387.7,95.34,499.51,227.05
10589,3146,14,0.79443,124.82,97.9,146.73,168.7
10590,3146,8,0.78662,52.7,121.09,83.98,145.51
10591,3146,14,0.70752,150.27,113.77,166.63,140.62
10592,3146,14,0.69092,250.98,93.99,270.51,141.36
10593,3146,8,0.01877,490.23,149.41,500.0,227.54
10594,3146,8,0.01215,115.11,93.26,180.3,168.46
10595,3146,5,0.00892,0.24,2.5,42.85,250.98
10596,3146,14,0.00543,55.11,119.14,68.85,134.77
10597,3146,14,0.00316,488.28,87.65,500.0,116.46
10598,3146,8,0.00255,487.3,130.13,500.0,221.92
10599,3146,8,0.00217,89.48,91.8,158.08,174.8
10600,3146,8,0.0019,491.21,156.49,500.0,208.25
10601,3146,14,0.00173,53.34,119.75,68.18,142.09
10602,3146,8,0.00151,467.29,118.65,499.51,224.12
10603,3146,14,0.0014,497.07,88.13,500.0,113.04
10604,3146,8,0.00107,96.01,84.96,227.29,180.18
10605,3147,7,0.9126,316.15,105.46,341.13,130.93
10606,3147,7,0.82422,180.42,144.14,212.61,172.01
10607,3147,17,0.01906,213.45,79.04,232.67,95.37
10608,3147,17,0.00103,262.82,178.97,281.07,200.12
10609,3149,15,0.83958,139.11,78.84,168.26,104.14
10610,3149,15,0.82079,141.48,42.96,161.57,58.04
10611,3149,7,0.79437,73.2,58.61,94.79,74.62
10612,3149,7,0.10861,180.93,23.65,193.84,42.78
10613,3149,15,0.10078,180.98,23.97,194.04,43.21
10614,3149,7,0.00122,60.72,47.77,74.85,60.3
10615,3152,15,0.88818,378.22,157.27,406.2,184.29
10616,3152,6,0.8501,341.07,113.37,398.0,136.04
10617,3152,15,0.8335,339.62,78.51,357.96,97.33
10618,3152,17,0.56592,427.91,120.12,445.28,137.97
10619,3152,6,0.00858,340.59,113.13,370.5,136.28
10620,3153,14,0.00216,392.47,10.83,499.72,234.46
10621,3153,7,0.00133,126.57,124.37,186.11,188.84
10622,3155,14,0.72412,374.31,11.88,507.0,243.85
10623,3155,15,0.4834,276.28,158.44,339.65,201.02
10624,3155,14,0.00271,356.48,1.49,507.0,150.52
10625,3155,14,0.00208,418.37,2.48,506.5,173.79
10626,3156,10,0.88818,62.11,141.47,79.82,156.21
10627,3156,17,0.87842,94.56,131.64,108.8,145.4
10628,3156,10,0.85791,139.5,99.96,154.24,114.21
10629,3156,11,0.85791,183.71,160.38,201.4,175.12
10630,3156,17,0.85596,119.12,124.89,132.63,138.52
10631,3156,9,0.8042,148.84,142.94,165.54,157.68
10632,3156,9,0.77344,111.38,160.38,129.56,177.57
10633,3156,14,0.00476,455.35,103.15,473.04,127.71
10634,3156,14,0.0012,279.99,29.72,324.2,144.91
10635,3164,7,0.91408,254.17,51.45,349.87,99.91
10636,3164,7,0.91224,61.93,55.31,143.51,104.83
10637,3164,7,0.00234,254.79,58.94,277.35,88.77
10638,3167,14,0.79559,409.74,88.06,434.28,126.69
10639,3167,14,0.77602,117.08,36.34,134.69,73.77
10640,3167,14,0.74565,292.23,71.7,307.12,102.32
10641,3167,14,0.67406,360.83,84.57,373.44,111.57
10642,3167,14,0.64741,67.79,44.12,79.95,65.32
10643,3167,14,0.23759,0.02,19.62,11.95,49.96
10644,3167,14,0.08575,320.56,78.63,331.59,101.51
10645,3167,14,0.00871,329.48,83.45,338.82,100.87
10646,3167,14,0.0049,330.84,84.44,343.55,101.54
10647,3167,14,0.00397,0.04,143.28,11.85,205.07
10648,3167,14,0.00394,0.0,85.11,12.4,210.01
10649,3167,14,0.00267,490.46,86.35,500.0,190.1
10650,3167,14,0.00223,418.9,88.9,454.39,129.26
10651,3167,14,0.002,150.1,51.98,167.14,78.8
10652,3167,14,0.00114,68.47,40.08,86.28,67.07
10653,3168,14,0.68933,317.93,125.64,330.79,148.86
10654,3168,14,0.67357,239.2,142.16,252.71,165.33
10655,3168,14,0.66354,304.08,115.56,315.11,129.32
10656,3168,14,0.64494,278.64,133.07,291.95,157.59
10657,3168,14,0.49544,268.76,138.13,279.63,159.02
10658,3168,14,0.37453,303.65,128.71,317.04,141.31
10659,3168,14,0.14268,301.11,126.99,316.02,139.32
10660,3168,14,0.12062,300.9,126.06,311.71,135.85
10661,3168,14,0.10852,26.58,192.72,38.31,213.5
10662,3168,14,0.10107,221.05,146.7,233.6,169.15
10663,3168,14,0.05958,299.77,120.03,312.13,132.79
10664,3168,14,0.05464,302.63,129.05,317.1,148.77
10665,3168,14,0.04436,328.61,126.21,338.72,146.55
10666,3168,14,0.03294,238.84,142.01,248.05,158.52
10667,3168,14,0.03286,306.33,136.15,317.35,150.54
10668,3168,14,0.01811,298.82,116.72,314.57,131.3
10669,3168,14,0.01545,317.81,124.7,330.25,138.66
10670,3168,14,0.0139,280.6,132.09,291.44,144.28
10671,3168,14,0.01128,317.39,134.04,326.95,149.14
10672,3168,14,0.00907,359.4,128.47,369.13,140.18
10673,3168,14,0.00833,21.47,188.66,39.68,216.02
10674,3168,14,0.00805,298.98,134.73,311.44,152.96
10675,3168,14,0.00803,315.48,136.98,322.93,149.65
10676,3168,14,0.00792,239.33,141.32,247.89,152.18
10677,3168,14,0.0078,256.95,141.52,266.84,160.94
10678,3168,14,0.00648,309.57,126.97,319.59,142.17
10679,3168,14,0.00615,296.54,124.84,309.38,136.44
10680,3168,14,0.00504,313.69,134.26,321.75,149.08
10681,3168,14,0.00488,295.02,118.58,310.2,132.9
10682,3168,14,0.00481,304.64,115.46,321.71,130.06
10683,3168,14,0.00478,299.31,128.67,313.08,145.07
10684,3168,14,0.00452,317.77,140.89,323.38,150.02
10685,3168,14,0.00451,310.84,128.28,320.46,148.23
10686,3168,14,0.00404,27.24,189.67,37.86,203.33
10687,3168,14,0.00376,63.91,189.98,72.04,204.67
10688,3168,14,0.00367,253.28,152.8,261.14,162.68
10689,3168,14,0.00356,269.37,136.31,278.59,148.67
10690,3168,14,0.00355,314.24,140.24,321.02,150.71
10691,3168,14,0.00339,64.43,190.44,76.06,209.23
10692,3168,14,0.00335,282.05,129.98,292.85,142.67
10693,3168,14,0.00319,282.24,124.67,292.13,137.74
10694,3168,14,0.0028,240.1,138.63,252.2,156.12
10695,3168,14,0.00275,313.2,125.8,327.22,137.18
10696,3168,14,0.00273,320.98,133.09,330.67,148.32
10697,3168,14,0.00254,280.14,131.86,300.76,157.33
10698,3168,14,0.00199,60.61,186.23,72.34,203.53
10699,3168,14,0.00178,498.45,86.83,505.0,112.18
10700,3168,14,0.00178,304.37,115.0,332.38,128.6
10701,3168,14,0.00173,241.71,137.22,253.73,161.66
10702,3168,14,0.00165,320.73,115.12,334.16,125.21
10703,3168,14,0.00164,343.09,109.7,360.18,141.55
10704,3168,14,0.00159,251.25,154.16,259.17,163.89
10705,3168,14,0.00157,494.97,84.19,505.0,156.06
10706,3168,14,0.00151,219.8,154.42,232.75,170.42
10707,3168,14,0.00139,55.88,185.24,71.74,204.97
10708,3168,14,0.00137,0.02,189.22,6.93,223.34
10709,3168,14,0.00129,243.71,139.46,259.08,163.43
10710,3168,14,0.0012,241.82,135.9,252.05,151.27
10711,3168,14,0.00115,26.14,189.11,48.9,220.67
10712,3168,14,0.00111,318.95,116.79,338.18,138.67
10713,3168,14,0.00105,496.43,85.32,505.0,128.11
10714,3168,14,0.00101,380.39,145.58,390.27,166.35
10715,3168,14,0.00101,320.93,122.04,338.68,143.62
10716,3173,2,0.8418,406.24,106.29,433.42,136.63
10717,3173,2,0.01086,0.71,158.95,28.42,185.65
10718,3173,2,0.00221,488.26,189.77,497.0,213.07
10719,3173,2,0.00146,206.4,124.74,235.03,150.46
10720,3174,15,0.89347,312.96,83.6,347.51,116.61
10721,3174,15,0.88597,397.52,92.06,435.91,130.87
10722,3177,0,0.88867,359.4,94.59,402.19,135.93
10723,3177,3,0.86084,140.06,89.0,192.1,149.79
10724,3177,3,0.8418,257.75,44.74,309.79,93.38
10725,3177,3,0.83887,212.4,183.35,289.37,240.73
10726,3177,12,0.8208,240.25,117.08,276.72,153.19
10727,3177,0,0.81299,222.25,17.51,255.32,50.09
10728,3177,12,0.81055,341.16,8.27,374.72,43.77
10729,3177,3,0.01017,0.02,46.44,14.57,108.69
10730,3177,3,0.00154,0.02,17.75,14.92,86.81
10731,3179,2,0.86293,333.08,194.08,356.63,225.03
10732,3179,2,0.82823,412.46,147.4,434.74,176.09
10733,3179,7,0.01121,7.88,208.08,24.66,220.7
10734,3179,2,0.00152,186.11,210.02,202.14,227.56
10735,3182,15,0.91064,409.25,10.39,428.35,30.2
10736,3183,2,0.85303,387.6,176.29,404.62,191.37
10737,3183,2,0.84717,325.84,151.0,343.35,165.11
10738,3183,2,0.8335,411.19,158.79,428.21,172.89
10739,3183,2,0.6958,357.69,134.71,372.77,150.28
10740,3184,4,0.91895,212.22,162.19,291.6,223.84
10741,3184,13,0.8916,292.58,98.34,327.8,133.57
10742,3184,1,0.87842,295.02,20.3,331.23,57.0
10743,3184,0,0.87646,376.48,147.76,415.62,187.88
10744,3184,12,0.86963,111.8,161.94,148.73,198.15
10745,3184,3,0.86816,372.81,4.16,435.44,73.63
10746,3184,12,0.86816,424.68,92.96,464.79,129.65
10747,3184,3,0.85107,121.76,11.5,169.28,96.63
10748,3184,0,0.83105,188.61,77.79,224.32,114.0
10749,3184,3,0.00892,490.24,16.39,501.0,83.91
10750,3184,3,0.00207,493.17,104.09,501.0,193.26
10751,3184,3,0.00168,490.73,19.81,501.0,55.04
10752,3185,5,0.88721,297.38,160.77,327.46,178.53
10753,3185,5,0.87256,158.68,219.46,223.03,252.99
10754,3185,5,0.8457,358.04,152.88,383.68,171.62
10755,3185,5,0.77051,73.97,213.05,128.96,247.08
10756,3185,5,0.73242,309.95,149.18,335.1,164.96
10757,3185,5,0.19812,422.15,130.69,435.96,142.52
10758,3185,5,0.00479,425.11,125.88,437.93,132.66
10759,3185,5,0.00372,0.03,200.22,18.14,235.73
10760,3185,5,0.00365,424.61,128.22,437.44,133.15
10761,3185,5,0.00274,423.63,129.7,437.44,134.14
10762,3185,5,0.00205,403.16,125.26,410.07,133.15
10763,3185,8,0.0016,343.49,248.31,351.87,255.71
10764,3185,5,0.00154,343.24,129.21,366.91,141.54
10765,3185,5,0.00126,316.61,148.69,334.37,158.55
10766,3190,17,0.89698,248.49,202.97,262.08,216.32
10767,3190,17,0.89657,279.06,203.71,292.47,216.93
10768,3190,10,0.85006,274.86,162.9,290.86,175.49
10769,3190,10,0.84096,245.12,161.4,259.81,174.8
10770,3190,11,0.82656,306.23,175.35,320.91,188.61
10771,3190,9,0.76864,215.88,172.94,232.71,187.78
10772,3190,11,0.39012,255.63,183.65,273.09,197.57
10773,3190,10,0.25768,218.01,188.58,232.38,201.59
10774,3190,17,0.04986,217.81,189.06,231.97,201.94
10775,3190,17,0.00964,245.48,161.72,260.32,174.49
10776,3193,7,0.85693,86.85,47.27,108.0,69.01
10777,3195,1,0.87549,311.06,157.63,356.03,203.09
10778,3195,0,0.85303,308.34,93.89,347.88,129.22
10779,3195,0,0.7168,227.55,110.93,266.34,144.04
10780,3196,17,0.87646,26.73,33.27,45.07,49.66
10781,3196,9,0.875,155.83,46.97,177.85,70.45
10782,3196,10,0.854,252.21,98.59,276.19,125.25
10783,3196,9,0.65332,61.28,72.78,85.99,93.57
10784,3196,10,0.0139,61.28,72.65,86.72,93.69
10785,3197,13,0.83576,372.33,114.62,428.62,170.15
10786,3197,1,0.5044,265.12,0.08,315.14,41.98
10787,3197,0,0.11336,265.26,0.0,315.37,42.24
10788,3197,3,0.01594,47.83,90.5,156.88,161.37
10789,3199,7,0.68119,270.58,176.95,290.62,192.11
10790,3199,7,0.63248,215.14,139.96,235.22,155.71
10791,3202,15,0.93772,46.44,25.77,117.76,90.97
10792,3202,15,0.75518,74.68,0.0,156.14,36.72
10793,3205,3,0.89502,172.16,106.75,231.01,172.89
10794,3205,3,0.88232,304.93,188.7,385.66,240.25
10795,3205,12,0.86426,272.83,96.78,303.96,128.88
10796,3205,0,0.86328,193.19,17.02,226.75,52.28
10797,3205,12,0.85791,99.58,79.88,136.9,114.65
10798,3205,3,0.74316,305.41,66.99,366.69,105.65
10799,3205,1,0.70898,165.35,212.04,210.09,245.11
10800,3205,0,0.10596,165.35,212.04,211.55,245.11
10801,3205,3,0.00278,307.36,81.22,367.18,117.69
10802,3205,3,0.0023,0.03,41.09,15.84,91.43
10803,3206,6,0.8833,34.16,149.12,88.35,185.56
10804,3206,15,0.8418,191.8,163.27,212.89,183.89
10805,3207,2,0.79152,378.28,32.83,408.22,60.63
10806,3207,2,0.62536,345.73,27.73,375.71,49.02
10807,3207,2,0.02795,187.21,62.22,209.63,82.99
10808,3207,2,0.0068,198.91,1.47,221.53,33.74
10809,3207,2,0.0053,503.06,46.43,508.0,78.5
10810,3207,2,0.00298,503.53,69.09,508.0,109.68
10811,3207,2,0.00268,499.86,47.87,508.0,77.5
10812,3207,2,0.00196,499.8,69.07,508.0,111.16
10813,3207,2,0.00171,405.61,7.53,424.42,31.16
10814,3207,2,0.00164,238.71,34.49,261.48,55.63
10815,3207,2,0.00147,503.61,52.2,508.0,91.32
10816,3207,2,0.00106,499.76,51.84,508.0,91.71
10817,3207,2,0.00105,140.55,59.89,167.91,83.87
10818,3208,14,0.21143,99.94,0.0,159.28,118.68
10819,3208,17,0.08911,184.26,183.54,212.13,209.96
10820,3208,14,0.03235,0.0,12.97,27.18,145.58
10821,3208,2,0.01834,0.0,16.58,29.49,60.3
10822,3208,2,0.01418,0.0,16.7,27.76,109.19
10823,3208,2,0.00121,0.0,19.94,12.6,64.86
10824,3213,4,0.90674,290.92,118.17,335.27,153.26
10825,3213,1,0.81885,241.46,155.94,275.08,187.12
10826,3213,11,0.77979,172.02,139.37,200.04,162.76
10827,3213,0,0.01155,242.43,155.94,275.08,187.12
10828,3217,10,0.90479,416.45,118.44,443.41,145.4
10829,3217,10,0.90039,280.2,174.76,305.24,205.58
10830,3217,9,0.81738,294.16,110.25,319.2,139.14
10831,3217,9,0.69922,147.08,146.36,170.19,166.1
10832,3221,7,0.9297,93.82,48.57,140.46,90.45
10833,3221,7,0.91158,195.9,41.61,234.94,79.91
10834,3221,14,0.00217,482.98,0.0,492.0,84.86
10835,3221,7,0.00164,0.06,154.71,6.71,188.53
10836,3221,14,0.0015,483.45,27.94,492.0,138.81
10837,3221,7,0.00126,0.0,144.83,3.07,174.61
10838,3221,7,0.00125,0.0,154.03,2.98,178.22
10839,3221,7,0.00118,0.0,148.74,5.4,176.02
10840,3225,2,0.83447,86.87,66.69,119.11,98.93
10841,3225,2,0.48242,120.09,42.82,139.78,66.69
10842,3225,2,0.04083,489.23,136.09,504.0,161.68
10843,3225,2,0.03091,491.2,137.81,504.0,181.12
10844,3225,2,0.01297,499.08,112.96,504.0,142.0
10845,3225,2,0.0052,494.16,150.61,504.0,182.11
10846,3225,2,0.00415,497.11,119.6,504.0,158.98
10847,3225,2,0.00278,0.02,90.32,8.78,145.93
10848,3225,2,0.00182,500.55,106.68,504.0,140.27
10849,3225,2,0.00143,501.54,215.09,504.0,236.25
10850,3225,2,0.00139,381.45,134.37,409.01,156.52
10851,3225,2,0.00108,0.0,100.16,5.26,143.23
10852,3226,17,0.8374,171.32,129.62,195.15,152.5
10853,3226,17,0.79297,322.63,93.64,343.6,114.61
10854,3228,15,0.95138,316.26,118.49,388.64,182.12
10855,3228,15,0.9105,339.23,71.65,401.15,123.54
10856,3229,14,0.89286,322.94,83.06,361.66,198.04
10857,3229,14,0.83612,410.32,107.89,451.32,184.82
10858,3229,14,0.83422,226.14,92.56,258.22,191.29
10859,3229,14,0.82294,20.52,113.39,52.64,186.34
10860,3229,14,0.78691,108.42,112.01,140.19,188.03
10861,3229,14,0.00418,0.0,124.82,3.25,173.63
10862,3229,14,0.00402,0.0,131.27,4.5,178.38
10863,3229,14,0.00335,0.05,117.32,8.03,178.44
10864,3229,8,0.00285,13.31,112.8,60.27,185.34
10865,3229,5,0.00255,495.79,114.15,500.0,136.95
10866,3229,14,0.00255,496.39,113.23,500.0,137.97
10867,3229,8,0.00133,102.45,111.44,161.45,187.21
10868,3232,7,0.86621,120.62,186.43,148.15,211.16
10869,3232,7,0.00162,120.92,186.43,144.93,196.89
10870,3235,7,0.87681,51.87,95.51,73.72,119.79
10871,3235,15,0.8501,109.9,50.64,140.82,83.07
10872,3235,15,0.84677,33.05,34.33,59.86,57.91
10873,3235,15,0.70272,25.31,1.78,45.65,21.53
10874,3235,7,0.61469,25.26,1.66,45.64,21.5
10875,3235,7,0.09048,0.06,3.71,8.31,22.95
10876,3235,7,0.00155,0.0,0.0,5.2,22.33
10877,3236,5,0.81057,171.11,6.77,233.51,33.27
10878,3236,5,0.78203,172.4,33.19,247.26,69.74
10879,3236,5,0.30662,288.65,0.5,325.2,7.86
10880,3236,8,0.0521,283.19,93.72,325.95,138.9
10881,3236,8,0.00957,455.33,141.27,479.96,237.54
10882,3236,5,0.00319,308.03,0.43,325.18,5.38
10883,3236,14,0.00144,471.72,109.01,480.0,227.72
10884,3238,15,0.90304,400.91,30.69,418.86,46.95
10885,3238,15,0.87272,447.4,22.92,463.22,37.68
10886,3239,2,0.87446,241.71,131.49,263.27,158.55
10887,3239,2,0.84112,401.95,165.06,433.08,187.81
10888,3239,5,0.06886,203.7,64.79,268.64,99.72
10889,3239,14,0.00117,118.37,9.69,140.53,55.88
10890,3248,9,0.78271,407.02,142.6,425.39,156.14
10891,3248,17,0.74463,255.72,159.52,269.25,173.06
10892,3248,17,0.15002,331.13,131.24,347.56,143.33
10893,3248,9,0.07532,331.13,131.24,348.05,143.81
10894,3248,17,0.00494,328.23,176.44,342.73,188.04
10895,3248,2,0.0014,256.2,160.0,272.64,173.06
10896,3249,2,0.85742,192.22,188.89,230.42,218.79
10897,3249,2,0.84912,169.67,111.3,196.73,145.47
10898,3249,17,0.77881,120.97,179.88,137.64,196.01
10899,3250,8,0.83348,410.57,1.44,490.94,54.85
10900,3250,8,0.16409,479.26,1.49,494.0,47.32
10901,3250,8,0.1333,464.91,2.1,493.98,47.88
10902,3250,8,0.07829,485.1,89.65,494.0,185.65
10903,3250,8,0.07812,483.77,91.06,494.0,127.54
10904,3250,8,0.04095,487.03,122.62,494.0,187.45
10905,3250,14,0.01016,487.0,135.13,494.0,187.34
10906,3250,14,0.00738,483.6,90.73,494.0,125.05
10907,3250,8,0.00675,478.21,91.02,493.75,188.42
10908,3250,8,0.00611,484.23,73.07,494.0,124.79
10909,3250,8,0.00348,484.11,105.26,494.0,155.28
10910,3250,8,0.00323,485.3,133.17,494.0,231.68
10911,3250,2,0.00248,485.99,148.28,494.0,186.49
10912,3250,2,0.00229,486.95,194.73,494.0,233.61
10913,3250,14,0.00203,0.05,69.98,27.73,190.0
10914,3250,8,0.0019,487.08,206.57,494.0,232.63
10915,3250,2,0.0019,490.98,116.66,494.0,167.49
10916,3250,14,0.00185,485.45,134.95,494.0,232.59
10917,3250,8,0.00181,491.16,124.01,494.0,166.23
10918,3250,5,0.00145,75.92,111.19,89.71,120.91
10919,3250,8,0.00131,483.32,0.1,494.0,34.79
10920,3250,8,0.00129,480.22,90.83,493.92,152.03
10921,3250,8,0.00112,489.63,132.7,494.0,173.23
10922,3250,8,0.0011,407.04,1.38,431.55,45.1
10923,3250,8,0.00108,439.71,0.84,493.92,42.72
10924,3251,17,0.85415,180.29,191.74,202.36,211.36
10925,3251,2,0.8427,270.59,137.23,309.72,180.04
10926,3251,17,0.52742,199.35,115.45,219.09,133.19
10927,3254,7,0.76734,275.44,51.76,297.32,70.35
10928,3254,7,0.59412,162.69,37.16,182.44,55.09
10929,3254,15,0.31539,162.66,37.2,182.35,55.4
10930,3256,17,0.69434,392.22,164.95,408.53,181.25
10931,3256,17,0.62598,281.46,185.56,297.76,202.83
10932,3258,2,0.59277,89.85,109.91,106.38,127.9
10933,3258,2,0.39429,139.33,141.04,156.35,159.52
10934,3258,2,0.09808,48.51,87.3,67.9,103.83
10935,3258,17,0.02499,90.27,110.15,106.32,127.66
10936,3258,17,0.00306,139.33,140.79,156.35,159.27
10937,3261,15,0.94678,167.34,123.71,244.06,197.55
10938,3261,16,0.00163,168.3,122.75,244.78,197.07
10939,3268,15,0.89014,155.47,165.59,183.52,195.94
10940,3270,14,0.8877,65.42,46.08,113.42,170.24
10941,3270,5,0.00309,362.69,119.38,391.82,137.53
10942,3270,7,0.00296,96.1,184.33,105.06,193.88
10943,3270,8,0.00196,59.1,82.14,69.36,100.28
10944,3270,8,0.00101,39.34,69.96,56.95,101.0
10945,3271,7,0.90094,243.12,158.27,281.95,196.58
10946,3271,7,0.89825,143.77,169.06,189.58,208.78
10947,3272,14,0.85927,183.05,130.36,246.48,232.47
10948,3272,5,0.05387,4.25,158.21,175.29,213.08
10949,3272,5,0.02968,279.59,163.01,357.13,206.03
10950,3272,5,0.01491,79.09,177.79,176.7,211.19
10951,3272,14,0.0069,0.0,122.08,3.33,172.69
10952,3272,5,0.0031,32.99,173.47,175.75,212.01
10953,3272,5,0.00277,0.44,157.32,79.03,216.34
10954,3272,14,0.00144,0.01,109.6,5.41,174.31
10955,3272,5,0.00123,487.6,150.47,500.0,195.28
10956,3276,8,0.87219,356.17,140.01,391.37,177.21
10957,3276,8,0.86903,282.56,134.4,312.19,166.96
10958,3276,8,0.85757,382.64,137.3,444.24,181.92
10959,3276,8,0.85637,303.47,133.61,348.76,170.07
10960,3276,8,0.84012,335.36,134.77,367.55,173.25
10961,3276,8,0.70616,469.21,126.81,488.0,165.28
10962,3276,8,0.03389,473.57,107.2,488.0,166.57
10963,3276,8,0.01572,329.58,130.74,350.64,169.62
10964,3276,8,0.00705,467.59,82.57,487.8,167.47
10965,3276,14,0.00191,364.39,110.85,432.32,173.32
10966,3276,14,0.00174,42.99,100.69,63.83,133.06
10967,3276,14,0.00161,384.95,131.68,425.04,170.37
10968,3276,14,0.00148,51.96,112.28,74.09,134.98
10969,3280,14,0.8849,158.96,0.0,219.81,155.41
10970,3280,8,0.77532,58.41,51.47,112.61,137.77
10971,3280,5,0.64319,127.71,45.25,150.16,64.35
10972,3280,14,0.4588,64.86,21.54,104.64,60.14
10973,3280,14,0.14721,62.57,21.25,106.51,87.09
10974,3280,14,0.12202,158.44,0.14,221.16,71.56
10975,3280,5,0.00705,450.94,53.62,468.23,86.15
10976,3280,14,0.00679,88.78,23.12,109.21,63.13
10977,3280,14,0.00619,90.99,38.39,107.82,57.93
10978,3280,8,0.00286,450.66,60.16,469.21,86.43
10979,3280,8,0.00235,162.35,45.84,217.23,91.43
10980,3280,16,0.0017,483.09,66.57,488.8,81.77
10981,3280,8,0.00149,158.32,26.14,212.43,61.76
10982,3280,8,0.00127,159.04,20.17,219.91,99.65
10983,3280,16,0.00125,485.22,64.43,489.0,81.54
10984,3280,8,0.00124,162.86,37.2,217.16,76.32
10985,3280,14,0.00113,9.96,34.85,20.61,68.94
10986,3280,8,0.00111,65.14,78.01,113.31,137.22
10987,3285,17,0.84037,293.03,119.08,318.28,142.61
10988,3285,7,0.82358,265.21,26.35,303.26,62.87
10989,3285,7,0.73709,406.6,142.17,455.01,180.96
10990,3285,17,0.71153,386.33,54.81,409.76,75.85
10991,3287,7,0.88816,34.58,139.15,72.2,166.82
10992,3287,7,0.86615,104.83,38.76,133.01,65.03
10993,3287,17,0.8452,33.01,75.09,52.91,93.59
10994,3287,17,0.78836,126.34,98.35,144.93,116.61
10995,3287,8,0.00585,0.0,60.85,29.54,233.76
10996,3288,5,0.78906,14.5,4.39,47.27,25.34
10997,3288,5,0.62988,88.32,4.75,110.13,19.61
10998,3288,5,0.59814,46.29,6.33,65.3,22.9
10999,3288,5,0.56201,194.19,5.85,223.92,18.03
11000,3288,5,0.46289,63.47,6.33,80.53,21.44
11001,3288,5,0.20435,108.67,4.87,121.1,17.3
11002,3288,5,0.16028,71.45,3.9,88.63,19.0
11003,3288,5,0.11841,123.04,5.97,136.2,17.42
11004,3288,5,0.10016,0.01,7.8,3.32,28.26
11005,3288,5,0.08881,152.28,5.73,181.76,17.42
11006,3288,8,0.05966,0.02,7.31,3.56,28.51
11007,3288,5,0.0542,0.0,2.19,5.89,28.02
11008,3288,5,0.0376,177.74,3.9,193.09,15.84
11009,3288,8,0.02586,0.0,7.07,5.57,27.05
11010,3288,5,0.01021,35.7,5.6,51.78,22.66
11011,3288,5,0.00776,0.59,5.85,11.62,26.31
11012,3288,5,0.0056,135.47,5.36,150.58,17.06
11013,3288,5,0.00528,0.1,1.22,3.28,13.64
11014,3288,5,0.00351,68.83,0.79,88.81,15.35
11015,3288,5,0.00262,152.28,3.17,192.0,16.57
11016,3288,8,0.00181,0.0,8.77,2.8,41.42
11017,3288,5,0.0018,79.55,5.36,90.15,19.49
11018,3288,5,0.00173,141.07,6.58,150.33,16.81
11019,3288,5,0.00166,38.07,8.04,49.22,22.42
11020,3288,5,0.00162,0.58,2.92,17.66,26.56
11021,3288,5,0.00141,74.44,2.92,94.42,18.03
11022,3288,5,0.00115,2.65,1.4,26.56,25.34
11023,3288,5,0.00108,22.57,3.17,46.99,10.48
11024,3289,14,0.80566,419.64,115.45,449.05,169.87
11025,3289,14,0.74463,403.22,124.76,413.51,151.73
11026,3289,14,0.72021,332.13,132.12,348.31,158.59
11027,3289,14,0.67383,209.33,111.04,226.49,139.47
11028,3289,14,0.64258,478.47,114.47,502.0,177.71
11029,3289,14,0.31226,411.31,123.29,421.11,150.75
11030,3289,14,0.01596,470.38,133.83,480.18,150.5
11031,3289,14,0.01173,404.2,123.17,420.38,151.48
11032,3289,14,0.00685,436.8,114.47,447.58,127.46
11033,3289,14,0.00384,271.59,113.73,286.3,140.45
11034,3289,14,0.00302,207.86,117.17,221.59,139.72
11035,3289,14,0.00291,451.02,148.05,463.76,162.76
11036,3289,14,0.00202,470.62,133.83,482.39,156.38
11037,3289,14,0.00196,332.62,128.2,353.7,160.55
11038,3289,14,0.00191,434.35,114.71,448.07,132.36
11039,3289,14,0.00187,410.33,121.09,424.05,153.93
11040,3289,14,0.00182,0.02,94.62,7.83,180.9
11041,3289,14,0.00148,272.82,115.21,285.07,133.83
11042,3289,14,0.00132,434.84,113.12,446.6,124.89
11043,3289,14,0.00128,492.2,117.9,502.0,164.47
11044,3289,14,0.00102,411.31,123.78,420.13,140.45
11045,3291,2,0.86003,58.97,140.05,94.49,181.18
11046,3291,17,0.76465,142.95,105.94,161.61,125.27
11047,3291,17,0.60528,159.2,173.38,179.86,193.22
11048,3293,4,0.91113,160.38,90.87,216.38,162.1
11049,3293,13,0.90674,215.15,157.68,261.32,203.85
11050,3293,0,0.7168,302.59,101.19,347.78,145.89
11051,3293,1,0.3252,301.6,100.94,347.78,146.14
11052,3297,15,0.91738,452.25,184.18,484.87,248.44
11053,3297,6,0.00803,448.21,92.55,484.82,138.72
11054,3299,15,0.82878,378.24,117.79,413.26,145.67
11055,3299,15,0.7907,372.67,86.84,392.47,107.12
11056,3299,15,0.77841,412.36,61.61,427.3,82.1
11057,3299,7,0.08398,300.72,126.03,323.7,146.24
11058,3299,7,0.0114,306.38,126.02,323.9,141.68
11059,3300,14,0.89606,451.79,47.59,499.97,204.66
11060,3300,14,0.79634,73.53,96.86,113.19,191.88
11061,3300,14,0.79233,324.1,83.48,358.5,152.67
11062,3300,14,0.74587,276.36,83.22,312.78,152.79
11063,3300,14,0.69315,413.76,69.98,441.0,129.14
11064,3300,14,0.68226,120.07,108.55,136.7,138.04
11065,3300,14,0.14866,0.0,130.7,20.86,195.18
11066,3300,14,0.05508,0.0,124.14,21.1,241.73
11067,3300,14,0.03434,423.78,79.66,440.58,129.21
11068,3300,14,0.00841,490.15,179.05,500.0,233.71
11069,3300,14,0.00675,486.57,176.02,500.0,219.99
11070,3300,14,0.00268,0.02,139.5,5.13,187.16
11071,3300,14,0.00214,425.26,93.98,438.56,127.67
11072,3300,14,0.00194,0.0,127.61,38.79,237.02
11073,3300,14,0.00183,159.81,115.67,169.71,133.27
11074,3300,14,0.00175,488.73,170.51,500.0,253.98
11075,3300,14,0.00169,0.02,135.48,15.41,185.96
11076,3300,14,0.00161,0.0,132.94,21.33,169.93
11077,3300,14,0.0016,0.0,125.87,11.99,236.45
11078,3301,2,0.87352,193.93,61.68,221.24,90.01
11079,3301,2,0.09646,312.49,56.61,337.42,77.79
11080,3301,2,0.00298,502.49,100.73,509.0,129.1
11081,3302,11,0.86265,407.7,168.48,421.91,180.25
11082,3302,2,0.85274,105.51,38.09,143.83,61.92
11083,3302,11,0.81515,382.5,149.6,395.12,161.34
11084,3302,17,0.79873,352.15,149.05,362.76,159.65
11085,3302,17,0.78473,354.75,159.99,365.63,170.72
11086,3302,10,0.7782,420.81,143.21,434.08,154.62
11087,3302,10,0.61705,426.89,155.23,438.56,166.8
11088,3302,10,0.4149,368.92,136.5,381.23,147.48
11089,3302,10,0.31187,391.7,134.43,404.85,145.48
11090,3302,9,0.18849,391.68,134.59,404.9,145.47
11091,3302,11,0.01335,368.84,136.77,381.51,147.3
11092,3302,13,0.00524,421.6,144.09,434.7,154.82
11093,3302,13,0.00455,425.4,153.76,438.29,166.44
11094,3302,13,0.00189,408.46,168.08,422.91,180.26
11095,3302,9,0.00114,352.21,149.24,362.75,159.92
11096,3305,7,0.74135,306.3,62.58,326.57,76.97
11097,3305,7,0.67028,251.54,25.68,270.59,41.73
11098,3305,2,0.01941,461.61,180.09,484.41,199.8
11099,3305,2,0.00103,479.09,207.19,490.0,237.71
11100,3311,5,0.83207,90.85,92.1,111.55,109.85
11101,3311,14,0.81193,0.09,173.72,29.32,223.61
11102,3311,5,0.78258,110.0,117.98,153.07,143.89
11103,3311,5,0.66566,156.79,80.14,174.57,97.07
11104,3311,5,0.35245,0.0,62.28,28.47,79.32
11105,3311,14,0.34389,162.6,145.19,183.69,177.98
11106,3311,14,0.01943,255.62,88.66,265.91,103.57
11107,3311,8,0.01564,162.49,158.79,182.61,179.58
11108,3311,14,0.00877,163.43,145.18,182.39,166.16
11109,3311,5,0.00476,0.06,64.39,25.33,91.28
11110,3311,5,0.00452,0.61,58.36,31.1,73.26
11111,3311,14,0.00402,0.02,193.06,7.29,224.0
11112,3311,5,0.00365,0.0,69.06,25.74,79.02
11113,3311,5,0.00365,43.52,66.48,63.95,82.07
11114,3311,5,0.00201,45.38,72.66,62.95,82.85
11115,3311,5,0.00192,457.62,44.33,493.0,59.24
11116,3311,6,0.00187,0.0,61.46,27.36,79.32
11117,3311,5,0.00171,0.0,70.49,12.68,78.5
11118,3311,14,0.00156,0.08,183.66,9.49,224.69
11119,3311,5,0.00155,0.0,53.52,35.15,72.13
11120,3311,14,0.00151,0.0,178.69,6.04,222.37
11121,3311,5,0.00136,0.0,61.6,19.02,77.81
11122,3311,5,0.0013,31.98,64.68,64.99,80.68
11123,3311,5,0.0012,437.63,30.63,475.41,48.92
11124,3311,5,0.00118,77.23,33.68,126.96,48.83
11125,3311,5,0.00116,0.01,48.71,29.11,79.83
11126,3311,5,0.00115,37.6,71.45,63.44,83.62
11127,3311,5,0.00103,46.88,62.58,65.66,76.81
11128,3312,10,0.90137,257.03,54.5,285.49,78.14
11129,3312,10,0.87842,273.1,166.38,300.63,194.84
11130,3319,9,0.67725,325.83,132.89,345.52,152.58
11131,3319,17,0.52344,269.47,89.58,284.73,104.84
11132,3319,2,0.51562,31.62,206.72,56.85,224.93
11133,3319,10,0.40918,278.82,183.59,299.5,205.73
11134,3319,17,0.37207,233.79,139.78,250.03,156.52
11135,3319,17,0.33643,279.07,184.08,299.25,205.73
11136,3319,9,0.01164,66.2,164.39,84.16,177.68
11137,3319,9,0.00603,233.54,139.29,252.25,157.5
11138,3319,17,0.00188,325.83,132.89,345.52,152.58
11139,3321,10,0.90464,271.49,72.91,289.6,92.2
11140,3321,10,0.90028,262.88,96.11,282.38,115.81
11141,3321,17,0.87562,382.89,104.02,399.71,120.61
11142,3321,17,0.84247,384.97,82.04,401.16,98.58
11143,3321,11,0.81079,332.23,91.29,351.13,111.08
11144,3321,11,0.79768,309.74,55.59,331.97,72.93
11145,3321,10,0.78187,340.23,123.89,362.89,142.46
11146,3321,10,0.71485,298.54,120.78,319.87,142.21
11147,3321,9,0.32387,298.51,120.74,319.81,142.24
11148,3321,13,0.00238,384.84,82.31,401.42,98.31
11149,3322,2,0.86118,133.87,118.44,170.59,147.43
11150,3322,17,0.83311,211.29,146.02,227.98,163.31
11151,3322,17,0.71765,102.05,201.26,122.79,220.17
11152,3322,2,0.00222,211.42,146.38,227.64,162.8
11153,3325,15,0.86084,275.77,124.37,300.92,152.32
11154,3325,15,0.85889,174.1,132.06,207.17,165.13
11155,3325,15,0.83105,202.63,101.32,222.66,123.91
11156,3326,13,0.86214,266.51,172.51,313.43,218.88
11157,3326,14,0.30179,0.0,2.15,64.36,164.8
11158,3326,0,0.18375,433.41,148.43,479.29,193.05
11159,3326,1,0.12078,433.62,148.27,477.75,191.56
11160,3326,14,0.00388,0.0,36.19,65.04,246.03
11161,3326,3,0.00157,327.98,27.76,381.71,93.82
11162,3327,2,0.86885,175.06,158.1,193.68,182.86
11163,3327,2,0.82351,208.12,184.1,232.33,204.36
11164,3338,10,0.67236,49.51,153.49,70.31,173.29
11165,3338,9,0.60938,135.41,170.82,160.67,191.61
11166,3338,9,0.25537,161.78,118.7,186.29,138.63
11167,3338,10,0.1366,161.9,118.7,186.41,138.63
11168,3338,10,0.04288,290.14,123.04,309.94,143.83
11169,3338,15,0.00712,268.35,83.92,301.03,110.16
11170,3338,10,0.00639,134.92,170.57,161.16,191.36
11171,3339,2,0.78271,404.82,148.34,419.18,161.74
11172,3339,2,0.58154,323.48,174.18,337.83,190.45
11173,3339,17,0.25977,368.94,159.11,381.38,172.03
11174,3339,2,0.02666,368.7,159.11,381.14,172.03
11175,3340,5,0.80078,224.4,148.63,251.69,169.58
11176,3340,5,0.7417,263.63,150.58,300.67,175.92
11177,3340,5,0.67578,115.13,145.95,152.89,174.21
11178,3340,5,0.59082,438.57,148.63,453.19,160.81
11179,3340,5,0.56982,23.76,142.54,86.37,170.31
11180,3340,5,0.52344,405.92,149.36,418.11,160.57
11181,3340,5,0.38867,294.58,150.58,310.66,166.66
11182,3340,5,0.25391,476.34,152.77,498.76,175.67
11183,3340,5,0.16772,68.95,141.81,90.64,160.81
11184,3340,14,0.08179,314.8,150.58,326.49,176.89
11185,3340,5,0.07159,476.1,153.01,490.23,174.46
11186,3340,14,0.06119,461.48,150.58,473.17,172.99
11187,3340,5,0.04602,495.1,153.01,499.0,175.43
11188,3340,5,0.04114,486.33,152.77,499.0,176.65
11189,3340,14,0.03622,317.72,151.06,326.01,171.53
11190,3340,5,0.03583,422.01,197.85,498.51,240.73
11191,3340,5,0.03044,438.33,143.27,451.0,158.86
11192,3340,14,0.02748,311.63,148.14,319.92,166.17
11193,3340,5,0.02017,211.61,149.85,225.74,168.85
11194,3340,14,0.01877,311.88,147.41,324.54,175.19
11195,3340,14,0.01791,0.02,123.78,8.35,167.63
11196,3340,5,0.01501,393.74,148.63,408.36,164.22
11197,3340,8,0.01164,476.58,153.99,489.25,174.46
11198,3340,5,0.01017,215.88,151.06,229.52,168.61
11199,3340,5,0.00941,348.42,189.07,437.11,240.73
11200,3340,14,0.00885,470.98,149.12,479.26,172.51
11201,3340,5,0.00735,55.71,141.81,90.76,159.35
11202,3340,5,0.0068,214.9,153.01,224.65,168.12
11203,3340,5,0.00669,102.46,145.95,122.07,162.03
11204,3340,8,0.00584,495.1,152.53,499.0,177.87
11205,3340,5,0.00443,208.32,150.58,222.45,169.09
11206,3340,5,0.00428,248.53,152.53,257.3,168.12
11207,3340,14,0.0038,0.02,118.66,12.95,163.0
11208,3340,5,0.0035,0.05,121.83,10.6,166.66
11209,3340,5,0.003,491.2,151.8,499.0,177.62
11210,3340,5,0.00295,18.05,145.46,66.4,169.34
11211,3340,5,0.00287,207.1,150.09,223.67,162.76
11212,3340,8,0.00251,313.58,156.42,327.23,177.87
11213,3340,5,0.00225,210.52,147.9,238.78,167.88
11214,3340,5,0.00215,452.71,151.06,459.53,156.91
11215,3340,14,0.00213,313.34,157.89,324.06,177.38
11216,3340,8,0.00194,102.33,145.7,119.88,160.32
11217,3340,16,0.0015,363.04,154.48,368.89,165.2
11218,3340,5,0.0015,244.14,150.82,257.3,168.85
11219,3340,8,0.0015,213.07,153.5,224.04,169.09
11220,3340,14,0.00134,317.72,160.81,328.44,176.89
11221,3340,14,0.00123,307.49,148.63,314.8,160.32
11222,3340,14,0.00112,472.2,147.65,481.94,167.15
11223,3340,5,0.00109,477.07,152.77,489.74,166.41
11224,3340,5,0.00101,438.57,141.56,450.27,152.77
11225,3341,15,0.01424,106.39,51.55,151.86,94.26
11226,3341,7,0.01135,105.59,51.87,151.86,94.63
11227,3342,2,0.83984,331.19,46.2,344.32,63.22
11228,3342,2,0.82568,398.06,31.12,409.73,46.69
11229,3342,2,0.81982,412.16,53.98,424.81,71.0
11230,3342,2,0.81543,344.81,28.45,357.45,44.99
11231,3344,17,0.05301,198.84,142.89,227.41,172.44
11232,3344,17,0.0074,311.45,101.72,339.55,129.81
11233,3344,14,0.00279,4.72,30.27,169.41,190.6
11234,3344,14,0.00213,4.0,31.24,97.54,183.34
11235,3344,14,0.00143,405.91,10.9,495.52,238.07
11236,3350,6,0.88477,54.67,47.95,108.32,80.89
11237,3350,15,0.854,209.73,66.12,231.29,85.49
11238,3351,15,0.87255,373.4,122.79,390.94,139.38
11239,3351,15,0.86018,418.96,116.73,434.53,130.85
11240,3352,16,0.74109,30.15,30.26,82.16,88.79
11241,3352,16,0.60042,330.99,110.8,418.58,214.35
11242,3352,16,0.1172,166.85,57.99,231.87,132.55
11243,3352,1,0.00146,29.26,29.76,81.66,88.8
11244,3355,7,0.75301,75.05,124.9,95.7,140.65
11245,3355,7,0.68083,132.31,160.41,152.99,175.07
11246,3355,2,0.00113,0.05,84.21,8.1,99.83
11247,3357,15,0.8916,146.96,178.03,167.43,195.79
11248,3364,2,0.89648,126.96,29.84,145.55,50.39
11249,3364,2,0.87598,204.27,97.61,228.24,122.56
11250,3364,2,0.87402,86.6,67.03,111.06,87.58
11251,3364,2,0.82764,218.7,53.21,236.31,76.94
11252,3365,13,0.87394,380.69,108.81,416.39,145.64
11253,3365,3,0.87076,251.84,126.13,318.65,167.22
11254,3365,3,0.86045,269.33,93.85,319.96,126.93
11255,3365,1,0.85635,369.35,147.51,408.88,188.88
11256,3365,3,0.84267,308.03,169.43,358.43,231.24
11257,3367,7,0.77344,415.18,46.54,439.55,65.06
11258,3367,7,0.76904,340.38,44.59,362.8,60.18
11259,3367,7,0.00152,420.3,47.02,439.31,60.67
11260,3369,11,0.85107,306.63,160.7,319.43,173.99
11261,3369,17,0.8501,265.29,126.74,276.12,138.06
11262,3369,10,0.84473,235.51,126.25,250.28,139.04
11263,3369,10,0.83203,320.66,114.93,333.46,126.74
11264,3369,9,0.81641,253.48,147.16,270.21,160.45
11265,3369,17,0.7124,296.79,144.21,309.59,156.52
11266,3369,9,0.52148,291.38,128.21,302.2,139.04
11267,3369,9,0.22681,297.04,144.7,309.34,156.52
11268,3369,17,0.00135,291.62,126.98,301.96,138.8
11269,3369,17,0.00109,321.15,115.91,333.46,126.74
11270,3370,17,0.44165,281.6,118.61,302.8,140.8
11271,3370,10,0.33447,281.6,118.61,303.3,140.8
11272,3370,17,0.18481,268.28,25.4,284.06,40.44
11273,3370,9,0.02136,327.95,66.82,347.19,85.56
11274,3370,9,0.0161,234.5,76.93,252.25,93.7
11275,3370,17,0.00718,327.95,66.7,347.68,85.69
11276,3370,17,0.00151,448.29,51.54,463.08,67.07
11277,3372,15,0.83747,61.69,116.04,87.42,141.45
11278,3372,15,0.79803,93.7,85.42,115.21,101.95
11279,3372,7,0.68899,16.04,90.2,36.62,105.51
11280,3372,15,0.04339,145.61,72.97,159.65,91.06
11281,3372,7,0.01196,150.45,111.54,165.74,124.53
11282,3373,9,0.92822,365.46,47.65,399.85,91.86
11283,3373,11,0.91943,429.81,81.05,478.93,117.89
11284,3373,9,0.88818,329.11,91.12,368.41,136.31
11285,3373,9,0.88086,346.3,140.98,390.51,182.73
11286,3373,11,0.604,261.57,32.91,293.99,67.79
11287,3373,9,0.56006,227.55,160.13,275.57,197.47
11288,3373,11,0.5,227.43,160.63,276.06,196.98
11289,3373,10,0.42432,261.08,32.91,293.99,67.79
11290,3373,9,0.12,261.32,32.67,293.74,68.03
11291,3373,7,0.00187,442.09,169.71,461.74,192.31
11292,3376,9,0.86162,413.64,55.31,439.29,82.5
11293,3376,9,0.85511,363.78,82.46,391.48,110.15
11294,3376,11,0.47273,310.34,63.69,336.89,90.94
11295,3376,11,0.46812,358.99,42.23,384.84,66.21
11296,3376,9,0.2769,310.2,63.68,336.85,90.84
11297,3376,6,0.07359,41.97,163.59,145.02,224.81
11298,3376,10,0.00447,413.38,55.24,439.11,82.3
11299,3381,5,0.87222,205.14,131.05,336.04,184.03
11300,3381,14,0.8688,44.24,122.58,69.48,204.13
11301,3381,14,0.8519,333.33,92.57,382.77,233.95
11302,3381,5,0.83744,370.45,131.26,500.0,188.48
11303,3381,8,0.03411,147.27,142.04,179.43,173.43
11304,3381,14,0.01311,490.84,153.09,500.0,230.5
11305,3381,5,0.00363,360.51,119.13,426.19,152.51
11306,3381,14,0.0031,109.07,138.34,129.38,183.34
11307,3381,5,0.00304,344.17,118.1,426.78,166.71
11308,3381,14,0.00265,495.13,146.55,500.0,232.53
11309,3381,5,0.00131,484.59,134.83,500.0,186.31
11310,3381,14,0.00124,492.42,112.68,500.0,162.58
11311,3381,5,0.00104,488.54,125.75,500.0,168.74
11312,3387,17,0.80176,185.31,205.41,204.67,223.06
11313,3387,9,0.79297,282.87,158.59,306.4,176.73
11314,3387,10,0.76367,404.44,144.37,425.03,164.47
11315,3387,10,0.60596,267.18,209.82,290.71,229.92
11316,3387,11,0.4187,404.44,144.62,425.03,164.23
11317,3387,11,0.151,267.42,209.82,290.95,229.43
11318,3387,10,0.00188,185.06,205.41,204.92,223.06
11319,3388,2,0.86709,266.13,33.75,287.65,60.07
11320,3388,2,0.85543,181.35,45.61,199.95,72.39
11321,3394,14,0.83887,226.56,114.6,246.7,158.71
11322,3394,14,0.8291,341.88,102.97,364.89,152.96
11323,3394,14,0.8042,387.43,119.63,407.57,142.65
11324,3394,14,0.76904,304.72,105.25,328.21,156.07
11325,3394,14,0.70898,256.29,106.45,280.26,159.19
11326,3394,16,0.11719,0.0,157.75,34.88,190.36
11327,3394,14,0.10413,2.04,120.83,34.79,188.92
11328,3394,16,0.03397,0.33,127.78,32.1,186.76
11329,3394,14,0.03259,266.84,115.56,280.74,160.63
11330,3394,16,0.02696,0.03,144.81,25.05,189.88
11331,3394,14,0.02315,6.53,133.3,33.14,179.81
11332,3394,14,0.01567,0.07,131.86,29.88,171.18
11333,3394,8,0.00858,0.0,114.6,34.73,190.36
11334,3394,14,0.00746,341.4,106.45,351.95,154.88
11335,3394,14,0.0074,449.28,107.41,459.83,127.54
11336,3394,16,0.00718,0.01,114.36,29.29,162.31
11337,3394,14,0.00596,487.16,74.08,491.0,127.78
11338,3394,14,0.00286,354.34,102.01,369.69,154.88
11339,3394,14,0.00232,257.73,114.6,270.19,158.71
11340,3394,14,0.0022,11.47,129.46,30.9,171.66
11341,3394,14,0.00216,132.58,86.79,177.89,200.91
11342,3394,14,0.00202,192.4,128.5,242.98,161.11
11343,3394,14,0.00188,0.09,68.93,37.37,196.59
11344,3394,16,0.00178,0.02,132.1,5.05,159.91
11345,3394,14,0.00173,350.27,121.79,363.69,152.48
11346,3394,14,0.00171,0.0,131.38,12.07,160.63
11347,3394,14,0.00156,265.88,105.73,279.3,141.69
11348,3394,16,0.00149,0.04,136.66,16.93,164.95
11349,3394,14,0.00121,193.12,133.78,229.32,160.63
11350,3394,14,0.0012,338.04,101.89,378.32,153.68
11351,3394,14,0.00117,484.29,71.44,491.0,152.0
11352,3394,14,0.00116,340.68,118.91,349.79,154.4
11353,3394,14,0.0011,315.03,106.45,328.45,155.36
11354,3394,14,0.001,337.56,120.35,348.11,153.92
11355,3403,2,0.86929,385.32,21.16,408.74,50.24
11356,3403,2,0.85865,289.38,24.11,308.81,52.99
11357,3404,17,0.91667,312.56,173.19,326.05,186.34
11358,3404,17,0.91453,343.04,172.26,356.69,185.42
11359,3404,9,0.8922,278.02,145.5,294.53,160.16
11360,3404,11,0.87659,368.81,142.48,383.33,155.61
11361,3404,10,0.85791,336.32,131.79,352.51,144.93
11362,3404,10,0.84247,306.67,132.35,321.19,146.04
11363,3404,11,0.80389,318.09,153.39,335.75,167.75
11364,3404,10,0.46182,281.33,160.84,295.45,173.76
11365,3404,9,0.2135,281.33,160.7,295.18,173.56
11366,3404,17,0.00398,368.77,142.39,383.57,155.3
11367,3411,2,0.86483,389.23,125.34,409.76,151.97
11368,3411,2,0.83748,303.48,136.6,321.91,163.03
11369,3413,15,0.85338,358.99,163.68,393.55,190.72
11370,3413,15,0.81199,393.93,107.09,407.83,127.62
11371,3413,15,0.80758,352.88,132.3,373.24,152.34
11372,3413,7,0.70594,279.06,170.59,304.1,190.24
11373,3418,2,0.87305,390.87,180.18,411.38,207.52
11374,3418,2,0.86963,296.88,173.83,315.43,200.2
11375,3418,2,0.86621,296.88,121.09,314.45,144.53
11376,3418,2,0.8623,412.84,134.28,431.4,158.69
11377,3421,14,0.89564,107.4,50.51,142.27,139.02
11378,3421,14,0.8103,42.22,58.15,66.48,115.52
11379,3421,5,0.50459,63.71,77.38,83.37,95.93
11380,3421,5,0.4636,379.04,64.79,429.21,134.75
11381,3421,8,0.17017,106.69,63.72,142.27,108.2
11382,3421,8,0.00153,36.93,56.01,77.64,114.84
11383,3423,14,0.71631,131.0,7.42,261.99,144.91
11384,3423,14,0.0332,0.0,51.21,24.91,143.61
11385,3423,14,0.0262,154.65,2.04,234.16,119.12
11386,3423,14,0.00417,0.0,47.96,34.37,194.08
11387,3423,14,0.00299,0.0,53.25,17.7,129.33
11388,3423,14,0.00196,0.35,51.77,24.91,85.17
11389,3423,16,0.00164,292.42,19.48,305.78,34.88
11390,3423,14,0.00156,0.03,52.14,10.04,128.96
11391,3423,5,0.0015,46.76,3.94,59.75,14.43
11392,3424,14,0.74652,294.75,117.07,341.31,229.42
11393,3424,5,0.6863,414.64,150.35,499.96,209.02
11394,3424,5,0.42561,267.72,160.78,389.24,205.47
11395,3424,14,0.33526,260.56,117.44,367.2,235.13
11396,3424,5,0.02019,258.37,149.14,376.72,213.89
11397,3424,14,0.01786,265.47,143.62,390.26,211.71
11398,3424,5,0.00566,324.38,161.03,390.38,206.13
11399,3424,5,0.00554,259.2,158.59,342.26,218.83
11400,3426,5,0.63867,288.43,171.91,365.79,207.25
11401,3426,5,0.59814,276.97,164.75,344.31,194.36
11402,3426,5,0.53125,44.41,176.69,126.31,211.55
11403,3426,14,0.32251,51.22,158.54,62.92,177.17
11404,3426,5,0.30908,124.88,172.39,185.29,202.0
11405,3426,8,0.21729,42.74,168.09,71.93,185.76
11406,3426,5,0.05685,0.03,163.8,19.1,185.29
11407,3426,8,0.04303,188.63,169.77,213.46,184.57
11408,3426,14,0.03198,198.54,162.36,208.09,175.73
11409,3426,14,0.03056,114.73,159.5,124.28,171.44
11410,3426,5,0.02696,475.63,106.49,489.0,125.12
11411,3426,14,0.02527,54.38,159.98,65.54,178.12
11412,3426,5,0.02017,474.67,113.65,489.0,127.5
11413,3426,14,0.01912,121.89,159.5,130.01,170.96
11414,3426,14,0.01912,122.13,159.98,131.92,174.3
11415,3426,5,0.01869,253.1,61.24,293.21,76.76
11416,3426,5,0.01778,314.22,63.99,339.05,76.88
11417,3426,5,0.01666,181.94,123.21,239.96,163.8
11418,3426,5,0.01634,278.88,166.18,318.04,193.88
11419,3426,5,0.01572,0.06,130.85,32.89,147.08
11420,3426,14,0.01445,130.85,156.63,138.49,172.39
11421,3426,8,0.01428,110.43,167.62,130.25,182.42
11422,3426,5,0.0139,462.26,94.08,488.52,107.69
11423,3426,5,0.01312,238.29,60.89,281.27,78.56
11424,3426,14,0.01224,0.51,143.74,22.86,156.16
11425,3426,8,0.01078,48.17,164.75,67.15,180.99
11426,3426,14,0.01001,49.48,160.93,66.44,180.03
11427,3426,5,0.00858,322.34,68.77,356.72,85.48
11428,3426,14,0.00845,145.41,157.11,153.53,172.39
11429,3426,5,0.0079,473.72,93.6,489.0,105.54
11430,3426,5,0.00761,69.24,109.36,106.97,122.73
11431,3426,14,0.00726,11.62,149.95,22.53,159.5
11432,3426,5,0.00712,14.92,119.38,51.75,131.8
11433,3426,5,0.00698,470.38,102.67,488.52,121.77
11434,3426,5,0.00672,77.0,110.79,109.0,125.12
11435,3426,5,0.00672,35.52,122.01,71.93,136.34
11436,3426,14,0.00612,46.62,166.66,59.51,178.6
11437,3426,5,0.00573,461.78,107.92,488.52,123.44
11438,3426,5,0.00569,289.87,59.93,326.16,77.12
11439,3426,5,0.00532,468.7,98.85,488.76,112.7
11440,3426,5,0.00526,476.58,98.13,489.0,116.76
11441,3426,8,0.00494,115.33,164.03,132.52,176.93
11442,3426,5,0.00476,109.6,143.26,128.22,156.63
11443,3426,5,0.0047,183.61,61.84,219.19,79.03
11444,3426,5,0.00465,125.35,135.38,194.6,170.24
11445,3426,5,0.00443,454.14,95.15,483.27,112.82
11446,3426,5,0.00431,322.82,66.62,357.2,79.51
11447,3426,5,0.00431,458.44,97.66,488.04,110.55
11448,3426,5,0.00428,322.34,67.57,343.35,76.88
11449,3426,5,0.00425,318.04,95.75,355.29,112.94
11450,3426,14,0.00423,7.54,152.1,21.52,161.17
11451,3426,5,0.00406,280.55,61.84,305.86,76.65
11452,3426,5,0.00406,315.65,68.77,339.53,80.7
11453,3426,5,0.00399,315.41,61.36,338.34,73.78
11454,3426,5,0.00396,308.49,63.51,332.37,77.36
11455,3426,8,0.00396,55.93,173.35,71.93,184.81
11456,3426,5,0.00384,203.19,61.72,242.83,77.96
11457,3426,5,0.0038,317.09,90.97,352.42,105.77
11458,3426,5,0.00331,455.09,115.8,484.22,128.7
11459,3426,5,0.00319,289.87,64.23,333.8,79.51
11460,3426,5,0.00286,18.92,121.77,56.47,133.23
11461,3426,14,0.0028,45.63,166.18,53.39,176.69
11462,3426,14,0.00279,5.92,152.57,14.48,160.69
11463,3426,5,0.00277,33.43,116.28,77.72,132.52
11464,3426,5,0.00274,462.74,60.77,488.52,76.53
11465,3426,5,0.00273,226.59,107.92,257.63,120.34
11466,3426,5,0.00271,265.51,60.77,295.12,74.38
11467,3426,5,0.00269,475.63,113.89,489.0,136.34
11468,3426,5,0.00268,136.22,93.84,172.51,107.69
11469,3426,5,0.00268,454.62,112.7,480.4,124.64
11470,3426,5,0.00263,80.47,118.43,110.79,130.37
11471,3426,8,0.00263,109.6,167.62,122.85,181.94
11472,3426,5,0.00252,22.03,45.13,48.65,56.83
11473,3426,5,0.00249,309.45,103.51,342.87,121.89
11474,3426,5,0.00246,459.87,86.55,489.0,102.55
11475,3426,5,0.00246,149.35,135.62,191.85,169.53
11476,3426,14,0.00242,144.93,154.72,152.57,167.14
11477,3426,5,0.00241,260.02,65.3,294.88,78.44
11478,3426,5,0.00241,288.91,62.32,306.58,75.69
11479,3426,14,0.0024,124.16,157.83,137.05,174.06
11480,3426,5,0.00237,378.21,98.85,426.92,120.82
11481,3426,5,0.00233,469.42,54.2,488.52,64.23
11482,3426,5,0.00233,48.23,121.65,86.91,133.23
11483,3426,5,0.00228,261.21,59.21,289.87,72.59
11484,3426,14,0.00225,196.98,157.11,205.58,174.3
11485,3426,5,0.00222,464.65,56.35,488.52,69.0
11486,3426,5,0.0022,287.0,100.04,310.88,114.37
11487,3426,5,0.00218,325.68,60.29,359.11,79.39
11488,3426,5,0.00216,68.77,119.27,111.86,132.76
11489,3426,5,0.00215,32.23,121.29,56.71,130.85
11490,3426,5,0.00212,47.13,116.64,90.61,130.85
11491,3426,14,0.002,8.97,156.87,16.5,165.94
11492,3426,5,0.00199,452.23,71.15,477.06,84.05
11493,3426,5,0.00198,98.37,100.76,142.07,125.12
11494,3426,5,0.00198,0.0,140.4,31.46,156.16
11495,3426,5,0.00197,90.85,126.07,111.86,140.4
11496,3426,5,0.00193,311.36,101.84,340.01,115.92
11497,3426,5,0.00193,55.75,46.08,85.0,57.07
11498,3426,5,0.00193,458.68,103.86,488.76,118.19
11499,3426,5,0.00192,38.44,127.26,68.29,136.81
11500,3426,5,0.00187,54.86,61.96,84.7,74.38
11501,3426,5,0.00187,148.16,102.31,198.78,116.16
11502,3426,5,0.00185,318.04,73.66,346.69,87.27
11503,3426,5,0.00185,408.77,80.94,433.61,95.99
11504,3426,5,0.0018,227.07,104.1,261.45,117.95
11505,3426,5,0.00179,452.71,105.3,477.06,118.67
11506,3426,5,0.00178,315.89,87.39,346.45,101.24
11507,3426,5,0.00178,17.36,115.33,49.13,129.65
11508,3426,5,0.00175,347.89,123.56,385.61,137.05
11509,3426,5,0.00171,171.79,104.34,203.79,122.49
11510,3426,5,0.0017,143.26,91.45,172.39,104.82
11511,3426,5,0.0017,454.14,91.69,478.97,105.54
11512,3426,14,0.00167,13.85,152.81,22.12,161.41
11513,3426,5,0.00164,319.47,75.93,353.86,88.82
11514,3426,5,0.00162,84.17,109.95,107.33,122.37
11515,3426,8,0.0016,117.65,167.62,132.52,179.08
11516,3426,5,0.00157,61.6,98.37,100.16,115.56
11517,3426,5,0.00156,16.3,43.81,39.61,52.41
11518,3426,5,0.00155,191.25,61.48,234.95,76.05
11519,3426,5,0.00155,462.74,72.35,477.06,82.38
11520,3426,5,0.00155,305.62,65.9,338.1,81.66
11521,3426,5,0.00154,59.51,102.43,100.7,119.15
11522,3426,5,0.00153,461.06,51.1,488.76,64.95
11523,3426,14,0.00152,131.68,157.11,141.95,175.73
11524,3426,5,0.00151,191.85,65.66,233.64,80.47
11525,3426,5,0.00149,287.0,68.53,308.97,78.56
11526,3426,14,0.00148,11.28,155.2,18.76,163.8
11527,3426,14,0.00147,143.02,157.11,152.57,169.53
11528,3426,14,0.00146,0.11,148.75,10.13,164.03
11529,3426,5,0.00144,154.96,71.87,197.94,96.7
11530,3426,5,0.00143,14.66,46.8,35.31,54.68
11531,3426,5,0.00143,452.71,97.66,477.54,115.8
11532,3426,5,0.00142,19.73,47.75,37.84,54.92
11533,3426,5,0.00142,454.62,117.0,489.0,136.58
11534,3426,8,0.00142,70.2,139.92,78.79,149.95
11535,3426,5,0.0014,244.26,69.96,284.85,81.42
11536,3426,14,0.0014,58.98,163.32,67.57,177.64
11537,3426,5,0.00139,476.58,56.11,489.0,67.09
11538,3426,5,0.00138,453.18,108.16,474.2,123.92
11539,3426,5,0.00138,206.77,64.23,248.32,80.94
11540,3426,5,0.00137,478.49,59.21,489.0,76.88
11541,3426,5,0.00137,137.29,85.72,170.72,102.91
11542,3426,5,0.00136,458.68,62.56,476.35,74.5
11543,3426,5,0.00135,165.11,122.25,184.93,138.01
11544,3426,5,0.00134,188.87,115.56,198.66,122.49
11545,3426,5,0.00132,460.35,92.17,484.22,104.58
11546,3426,5,0.00131,35.7,121.53,68.17,130.61
11547,3426,5,0.0013,97.66,127.03,140.4,155.68
11548,3426,5,0.0013,237.93,66.62,274.11,80.94
11549,3426,5,0.00129,31.58,122.37,55.87,135.62
11550,3426,5,0.00128,90.02,98.85,131.2,125.59
11551,3426,5,0.00127,120.1,77.36,163.8,99.33
11552,3426,5,0.00127,184.33,115.09,199.13,123.21
11553,3426,14,0.00127,142.07,159.02,152.57,174.3
11554,3426,5,0.00126,314.7,98.85,343.35,112.22
11555,3426,5,0.00124,55.75,61.6,73.54,74.02
11556,3426,5,0.00124,0.02,46.92,14.86,71.99
11557,3426,5,0.00124,88.34,94.79,126.55,109.12
11558,3426,5,0.00123,80.11,100.88,115.09,116.88
11559,3426,5,0.00121,239.01,72.35,270.53,83.57
11560,3426,5,0.00121,161.41,98.61,201.04,112.46
11561,3426,5,0.0012,68.41,101.72,107.33,116.28
11562,3426,5,0.00119,71.15,123.68,104.34,139.92
11563,3426,5,0.00119,270.76,66.14,296.55,77.84
11564,3426,14,0.00118,0.0,136.58,27.28,157.59
11565,3426,5,0.00115,284.14,91.45,317.56,109.12
11566,3426,5,0.00114,40.11,101.6,83.33,121.65
11567,3426,5,0.00114,462.74,70.44,487.57,83.33
11568,3426,14,0.00112,7.35,155.68,15.12,166.18
11569,3426,14,0.00112,46.62,160.93,60.95,176.21
11570,3426,5,0.00111,253.81,69.72,296.31,82.61
11571,3426,8,0.00111,42.62,169.05,58.26,185.29
11572,3426,8,0.0011,14.91,168.33,27.92,177.88
11573,3426,5,0.00109,132.28,100.52,178.36,113.18
11574,3426,5,0.00108,163.8,101.48,205.82,119.62
11575,3426,5,0.00107,452.95,64.95,477.3,81.9
11576,3426,5,0.00107,59.51,57.19,88.17,67.45
11577,3426,5,0.00107,45.9,109.12,89.96,125.35
11578,3426,5,0.00107,174.06,110.79,200.33,123.21
11579,3426,5,0.00106,19.94,47.28,44.77,55.87
11580,3426,5,0.00106,68.17,53.48,106.85,68.05
11581,3426,5,0.00106,100.16,139.92,130.37,156.63
11582,3426,5,0.00105,476.58,51.81,489.0,64.23
11583,3426,5,0.00105,35.1,120.34,57.78,128.46
11584,3426,5,0.00105,194.84,74.5,231.61,91.45
11585,3426,14,0.00105,121.89,161.89,135.5,176.21
11586,3426,5,0.00104,296.07,165.71,342.87,180.99
11587,3426,5,0.00104,1.28,170.24,21.01,184.09
11588,3426,5,0.00102,459.63,81.42,488.76,93.36
11589,3426,5,0.00102,44.83,86.67,80.64,105.3
11590,3426,5,0.00101,172.87,66.62,214.89,81.9
11591,3426,5,0.00101,240.32,74.26,274.58,88.34
11592,3426,5,0.001,92.17,127.74,100.52,140.16
11593,3426,5,0.001,92.64,131.08,98.85,140.16
11594,3427,2,0.86538,147.38,200.09,173.64,215.92
11595,3427,2,0.84578,187.74,162.5,205.96,186.03
11596,3428,10,0.88818,180.36,115.13,198.64,130.95
11597,3428,11,0.88232,105.38,60.04,118.72,73.38
11598,3428,10,0.88086,72.89,122.55,90.67,138.36
11599,3428,17,0.86719,114.15,125.51,128.23,139.84
11600,3428,9,0.82568,117.48,86.47,132.31,101.3
11601,3428,17,0.71533,143.05,120.32,156.89,134.16
11602,3428,17,0.52344,165.78,82.03,183.82,96.6
11603,3428,9,0.00465,143.05,120.32,156.89,134.16
11604,3428,10,0.00281,166.03,82.27,183.82,96.6
11605,3429,16,0.78367,0.05,137.25,9.74,159.79
11606,3429,8,0.76947,234.88,114.1,256.58,150.94
11607,3429,16,0.76652,9.26,136.88,24.35,157.79
11608,3429,16,0.75792,35.4,135.83,49.28,154.57
11609,3429,16,0.7489,105.11,132.75,114.52,147.4
11610,3429,16,0.72707,148.84,126.56,158.42,138.37
11611,3429,8,0.72304,286.24,109.39,308.77,147.32
11612,3429,16,0.71037,23.46,136.05,35.49,156.02
11613,3429,16,0.69198,48.84,134.97,60.26,153.37
11614,3429,16,0.67819,59.86,134.28,71.05,152.41
11615,3429,16,0.63535,89.52,132.64,97.98,149.17
11616,3429,5,0.63392,255.47,117.94,272.36,134.66
11617,3429,16,0.63039,97.6,132.83,106.3,148.26
11618,3429,16,0.60362,79.87,133.11,90.57,149.84
11619,3429,16,0.56865,111.48,125.67,120.78,135.73
11620,3429,16,0.55637,70.28,133.17,80.33,150.4
11621,3429,14,0.45774,238.01,114.68,253.37,130.66
11622,3429,16,0.37324,159.54,122.94,167.38,131.73
11623,3429,16,0.07677,82.43,132.48,97.11,149.65
11624,3429,16,0.02907,157.95,123.55,165.77,134.72
11625,3429,16,0.02406,107.74,132.61,117.61,147.48
11626,3429,8,0.02192,236.66,114.69,254.53,133.64
11627,3429,14,0.02097,159.44,106.56,168.96,125.07
11628,3429,16,0.02081,113.14,126.77,124.25,136.16
11629,3429,16,0.01301,150.15,125.32,158.19,135.27
11630,3429,16,0.0117,190.23,128.85,200.1,141.84
11631,3429,16,0.01147,116.18,129.8,124.06,136.37
11632,3429,16,0.00894,88.6,132.11,97.54,142.06
11633,3429,16,0.00774,110.41,134.32,122.12,147.47
11634,3429,16,0.00719,181.04,142.07,187.24,148.32
11635,3429,16,0.00612,181.9,128.05,189.0,141.63
11636,3429,16,0.00495,149.73,129.69,159.72,142.12
11637,3429,16,0.00424,129.35,125.0,138.93,138.84
11638,3429,16,0.00423,76.45,133.25,83.3,150.2
11639,3429,16,0.00409,185.13,129.54,191.21,141.25
11640,3429,16,0.00381,63.26,133.69,72.62,151.78
11641,3429,16,0.00331,146.86,127.63,160.25,145.12
11642,3429,16,0.00297,113.42,139.11,122.97,147.6
11643,3429,16,0.00264,80.38,132.23,89.95,144.18
11644,3429,16,0.00246,180.11,142.98,186.23,149.45
11645,3429,16,0.00228,150.3,127.38,160.93,135.86
11646,3429,16,0.00218,154.31,127.0,164.13,141.19
11647,3429,16,0.00217,93.47,132.36,98.57,140.99
11648,3429,16,0.002,0.01,149.3,1.46,166.07
11649,3429,16,0.00193,113.3,135.94,126.15,147.67
11650,3429,14,0.00181,157.26,99.35,169.18,125.15
11651,3429,16,0.00178,117.22,139.84,125.95,147.64
11652,3429,16,0.00177,142.36,130.53,162.58,147.19
11653,3429,16,0.00157,208.93,130.51,216.38,143.43
11654,3429,16,0.00143,132.26,136.29,137.31,142.7
11655,3429,16,0.00134,0.3,135.93,7.54,147.34
11656,3429,8,0.00129,271.33,119.77,278.59,133.53
11657,3429,16,0.00128,191.37,128.81,203.82,143.86
11658,3429,16,0.00119,0.0,127.86,1.9,140.57
11659,3429,16,0.0011,181.69,119.19,190.82,141.18
11660,3429,14,0.00109,234.89,115.5,248.28,131.45
11661,3429,16,0.00109,0.06,135.18,2.53,147.64
11662,3429,14,0.00107,479.25,32.38,488.0,146.04
11663,3429,16,0.00106,142.7,139.29,150.76,146.58
11664,3430,8,0.83944,202.12,117.03,228.42,138.32
11665,3430,14,0.83024,331.47,89.21,353.34,153.31
11666,3430,14,0.71643,0.07,108.48,22.62,185.66
11667,3430,14,0.69422,401.34,95.41,414.79,127.47
11668,3430,14,0.67678,175.86,107.26,192.49,122.73
11669,3430,14,0.66679,38.87,127.68,59.83,154.89
11670,3430,5,0.62836,82.78,125.58,96.36,133.59
11671,3430,16,0.52929,13.8,116.9,34.24,154.33
11672,3430,14,0.31341,39.76,124.44,70.54,135.66
11673,3430,14,0.30054,29.93,126.56,45.42,153.42
11674,3430,14,0.13424,489.25,69.79,499.0,124.08
11675,3430,14,0.1184,33.34,126.04,67.13,137.94
11676,3430,14,0.05826,159.96,104.07,170.92,124.86
11677,3430,14,0.05758,68.79,126.83,77.23,137.02
11678,3430,16,0.05485,11.65,115.22,26.12,154.23
11679,3430,16,0.05309,14.72,116.81,47.67,153.99
11680,3430,16,0.04512,29.71,126.38,43.45,153.05
11681,3430,14,0.04192,35.22,126.8,60.91,141.92
11682,3430,14,0.03374,30.99,123.68,60.28,132.61
11683,3430,14,0.0267,30.6,120.94,58.29,130.49
11684,3430,14,0.02121,47.39,126.57,73.91,140.77
11685,3430,14,0.02095,404.95,99.6,420.58,127.5
11686,3430,14,0.01876,30.78,126.53,58.76,150.87
11687,3430,14,0.01641,36.13,121.39,74.19,134.01
11688,3430,14,0.01193,50.68,125.98,77.03,137.16
11689,3430,14,0.01117,54.28,125.76,71.56,135.98
11690,3430,14,0.0092,0.0,107.98,10.17,161.06
11691,3430,14,0.00845,181.86,107.53,193.33,122.17
11692,3430,14,0.00802,162.04,108.85,171.34,124.28
11693,3430,8,0.00725,10.58,116.58,49.32,154.54
11694,3430,14,0.00604,157.82,111.5,162.26,123.64
11695,3430,5,0.00581,70.0,125.29,96.36,136.35
11696,3430,14,0.0057,187.47,107.92,198.37,122.94
11697,3430,14,0.00538,33.17,117.51,57.38,129.43
11698,3430,14,0.00503,156.95,108.61,161.35,122.89
11699,3430,14,0.00481,54.51,127.25,77.97,140.2
11700,3430,8,0.00442,29.84,122.67,55.7,132.56
11701,3430,8,0.00416,157.01,120.83,164.36,129.66
11702,3430,14,0.00339,44.35,128.8,63.75,145.08
11703,3430,14,0.00333,490.5,69.73,499.0,164.74
11704,3430,8,0.00317,326.24,86.06,366.76,152.98
11705,3430,14,0.00282,0.0,108.14,13.83,174.26
11706,3430,5,0.00279,92.57,139.59,108.72,149.47
11707,3430,14,0.00249,38.16,117.81,63.86,127.83
11708,3430,14,0.00209,158.16,112.11,168.45,125.94
11709,3430,5,0.00173,69.65,126.06,87.14,137.23
11710,3430,14,0.0017,182.29,106.45,191.48,119.05
11711,3430,14,0.00162,38.57,117.05,73.44,130.18
11712,3430,14,0.00147,482.51,66.41,498.82,123.99
11713,3430,14,0.00134,158.25,105.98,167.67,123.48
11714,3430,5,0.00131,100.74,142.88,109.79,149.33
11715,3430,16,0.00125,19.0,117.37,41.98,134.88
11716,3430,8,0.0012,0.0,111.31,64.78,191.14
11717,3430,16,0.00115,12.55,116.09,37.7,137.01
11718,3430,14,0.00107,156.8,121.37,164.39,129.6
11719,3430,14,0.00105,155.89,108.01,160.05,122.21
11720,3430,14,0.00103,30.73,125.71,54.82,138.68
11721,3430,14,0.00103,8.11,116.45,44.94,156.08
11722,3430,14,0.00102,0.0,152.79,5.21,214.15
11723,3432,5,0.865,172.16,106.53,199.09,129.18
11724,3432,5,0.84722,206.34,92.56,228.55,110.67
11725,3432,5,0.81402,195.79,72.38,211.19,84.63
11726,3432,5,0.7688,226.73,109.24,272.98,139.49
11727,3432,5,0.75258,215.81,65.01,229.65,76.03
11728,3432,14,0.07463,344.97,133.73,362.96,164.64
11729,3432,8,0.06242,101.16,125.63,122.27,151.24
11730,3432,8,0.05935,48.04,92.23,71.35,106.44
11731,3432,2,0.014,344.94,136.79,363.12,164.82
11732,3432,5,0.009,44.01,71.95,86.67,88.65
11733,3432,5,0.0078,0.79,73.36,28.7,88.32
11734,3432,14,0.00536,345.56,133.84,361.61,153.27
11735,3432,5,0.00509,175.76,105.9,200.23,116.73
11736,3432,5,0.00329,139.19,61.15,159.82,73.84
11737,3432,14,0.00303,53.56,85.88,75.18,105.5
11738,3432,5,0.00274,222.0,57.98,291.39,105.22
11739,3432,14,0.0025,102.36,124.42,119.23,143.78
11740,3432,14,0.00214,53.59,91.71,72.2,105.95
11741,3432,5,0.00208,0.14,72.97,16.44,88.24
11742,3432,5,0.002,0.62,65.43,25.26,78.08
11743,3432,5,0.00175,99.0,125.24,122.22,151.4
11744,3432,5,0.00129,211.07,75.91,241.89,97.0
11745,3432,5,0.00114,0.02,73.87,12.79,96.74
11746,3432,5,0.00101,135.73,62.51,159.55,80.22
11747,3433,17,0.71875,276.19,170.94,292.49,186.76
11748,3433,17,0.36108,165.19,188.44,182.21,204.74
11749,3433,2,0.00126,280.5,82.95,308.31,102.37
11750,3433,2,0.00109,487.16,11.51,491.0,35.48
11751,3435,14,0.86515,136.73,114.12,167.19,201.39
11752,3435,14,0.84798,248.55,133.05,272.05,207.28
11753,3435,14,0.8315,156.31,97.62,202.17,210.43
11754,3435,14,0.78625,304.1,132.62,328.72,217.19
11755,3435,14,0.71802,204.43,128.51,250.42,204.26
11756,3435,5,0.70459,408.3,177.69,477.54,219.57
11757,3435,14,0.11281,227.6,129.29,250.41,204.46
11758,3435,5,0.02353,486.44,174.16,500.0,220.64
11759,3435,5,0.00564,479.89,150.45,500.0,183.28
11760,3435,5,0.00173,466.69,151.8,500.0,178.3
11761,3435,5,0.00169,484.11,159.97,500.0,213.07
11762,3437,10,0.90771,370.9,125.04,391.17,148.19
11763,3437,17,0.87747,239.28,87.52,256.96,105.67
11764,3437,10,0.87496,368.94,81.48,391.67,102.46
11765,3437,10,0.87274,276.8,46.44,299.71,65.91
11766,3437,11,0.80504,293.1,95.79,315.43,120.07
11767,3437,9,0.78194,321.06,41.34,344.12,63.73
11768,3437,17,0.54259,237.88,127.97,255.86,146.37
11769,3437,9,0.52101,237.85,127.81,255.85,146.45
11770,3437,10,0.47953,325.88,170.36,352.57,191.29
11771,3437,11,0.42664,325.93,170.38,352.78,191.52
11772,3437,10,0.0087,320.81,41.59,344.48,63.98
11773,3439,3,0.89258,400.95,137.41,462.93,198.43
11774,3439,12,0.87842,151.83,99.7,183.06,131.17
11775,3439,4,0.87646,198.43,142.7,235.19,200.36
11776,3439,13,0.87598,286.84,137.41,322.88,172.97
11777,3439,12,0.87256,104.38,172.01,140.18,208.52
11778,3439,0,0.87256,288.52,194.11,331.28,236.39
11779,3439,3,0.85791,230.87,56.7,303.42,89.85
11780,3439,1,0.8457,349.78,100.9,386.78,137.89
11781,3439,0,0.83643,248.88,91.29,283.48,124.44
11782,3439,3,0.00266,0.0,87.69,12.18,138.13
11783,3440,6,0.88232,112.86,87.31,193.48,126.01
11784,3440,15,0.85498,172.39,150.81,213.57,193.48
11785,3440,15,0.84375,110.26,43.41,133.57,67.96
11786,3440,17,0.24939,236.64,84.21,262.19,109.26
11787,3440,2,0.14124,237.13,84.34,261.94,109.14
11788,3441,17,0.87988,272.46,173.34,284.18,185.06
11789,3441,9,0.87256,360.84,190.43,375.49,206.05
11790,3441,10,0.85791,433.59,218.02,448.73,233.64
11791,3441,9,0.73389,300.29,196.29,315.92,208.98
11792,3441,10,0.28223,300.54,196.04,316.16,209.23
11793,3441,11,0.00274,385.99,43.21,398.19,54.2
11794,3441,17,0.00173,211.67,203.61,219.48,210.45
11795,3441,11,0.00126,272.46,173.83,284.18,185.06
11796,3441,9,0.00116,0.02,169.43,3.53,198.73
11797,3444,10,0.86544,350.25,109.97,368.2,126.77
11798,3444,10,0.86543,264.7,129.92,280.5,149.11
11799,3444,9,0.85674,280.82,99.77,296.63,117.15
11800,3444,10,0.83501,370.37,73.47,385.1,88.16
11801,3444,17,0.81927,191.94,108.37,205.99,121.69
11802,3444,9,0.50034,340.89,163.98,364.99,186.82
11803,3445,17,0.76221,293.31,0.24,317.43,26.77
11804,3445,17,0.0278,324.91,155.82,350.48,193.45
11805,3445,17,0.02727,325.15,171.98,348.31,193.69
11806,3445,2,0.02072,282.94,57.77,322.02,94.68
11807,3446,15,0.85693,35.49,60.81,68.73,95.18
11808,3446,15,0.83008,139.49,54.26,165.71,82.29
11809,3446,15,0.80078,65.56,30.29,86.02,52.9
11810,3450,8,0.57707,105.17,35.75,363.57,159.56
11811,3450,8,0.23572,44.96,29.77,292.61,158.01
11812,3450,8,0.06587,463.69,67.1,504.0,97.31
11813,3450,5,0.05448,463.28,66.91,504.0,102.45
11814,3450,5,0.01076,160.02,36.16,276.62,85.91
11815,3450,8,0.00618,0.0,31.06,88.02,119.08
11816,3450,8,0.00535,497.01,95.33,504.0,130.86
11817,3450,8,0.0052,0.0,30.85,82.33,203.29
11818,3450,8,0.00477,0.0,34.51,55.68,117.02
11819,3450,8,0.00472,287.6,42.11,361.84,162.07
11820,3450,5,0.00399,126.0,36.29,314.97,160.94
11821,3450,8,0.00345,494.4,87.0,504.0,131.15
11822,3450,8,0.00287,496.14,103.39,504.0,151.26
11823,3450,8,0.00284,490.99,67.25,504.0,130.85
11824,3450,5,0.00251,358.28,62.91,408.85,89.78
11825,3450,8,0.00236,497.86,107.97,504.0,131.01
11826,3450,8,0.00235,39.0,71.8,149.05,159.2
11827,3450,8,0.00228,466.0,71.03,503.77,130.89
11828,3450,8,0.00182,0.0,36.51,57.69,171.71
11829,3450,14,0.00148,270.58,45.5,314.49,134.49
11830,3450,8,0.00114,0.4,68.4,54.61,115.54
11831,3450,8,0.0011,285.05,47.98,483.53,159.44
11832,3450,8,0.00106,230.82,38.82,363.85,161.2
11833,3450,14,0.00105,232.06,43.32,310.77,124.72
11834,3455,10,0.89111,244.87,137.78,262.06,158.42
11835,3455,10,0.87402,331.57,113.96,349.25,131.89
11836,3455,9,0.83643,253.46,108.07,270.66,126.0
11837,3455,17,0.83545,158.42,120.47,173.64,135.08
11838,3455,14,0.00491,201.27,156.7,225.59,201.4
11839,3456,15,0.92479,107.42,63.33,148.71,110.75
11840,3456,15,0.9218,92.17,172.12,132.99,216.79
11841,3456,14,0.00113,101.87,0.0,142.62,0.34
11842,3457,7,0.9268,36.92,112.26,84.8,154.22
11843,3457,7,0.9045,138.95,102.98,178.76,140.15
11844,3464,5,0.00154,0.0,15.05,84.77,222.51
11845,3465,15,0.89784,234.89,22.3,258.19,52.21
11846,3465,15,0.8664,149.59,38.19,171.72,64.95
11847,3471,10,0.87598,169.0,84.25,187.28,100.56
11848,3471,11,0.87402,199.88,20.26,213.72,34.1
11849,3471,17,0.87256,210.63,87.22,224.71,101.55
11850,3471,10,0.85596,277.46,75.11,296.24,90.92
11851,3471,9,0.78516,213.22,47.19,227.8,62.01
11852,3471,17,0.67041,239.91,81.16,253.99,95.25
11853,3471,9,0.4397,239.91,81.29,253.99,95.37
11854,3471,10,0.29102,261.89,41.75,280.67,56.58
11855,3471,9,0.18591,261.89,42.0,280.67,56.58
11856,3471,17,0.11438,261.89,41.75,280.67,56.58
11857,3476,1,0.89893,327.44,113.27,372.6,159.52
11858,3476,0,0.84473,339.21,46.37,379.09,82.88
11859,3476,0,0.83203,258.01,63.66,295.49,96.81
11860,3480,10,0.86963,75.77,86.94,93.33,102.17
11861,3480,10,0.86865,152.77,46.3,166.77,60.3
11862,3480,17,0.86621,131.89,71.1,145.64,84.37
11863,3480,17,0.86133,107.94,77.61,122.19,91.61
11864,3480,11,0.84082,196.73,106.35,214.41,121.33
11865,3480,9,0.79688,162.35,89.4,178.56,103.89
11866,3480,9,0.70068,124.58,105.61,143.19,123.29
11867,3481,11,0.7447,199.77,125.19,231.23,153.44
11868,3481,10,0.6472,221.89,182.83,254.09,211.03
11869,3481,10,0.20544,104.52,172.6,140.58,208.17
11870,3481,11,0.18276,104.96,172.72,140.68,208.28
11871,3481,1,0.02924,104.64,171.6,140.72,208.23
11872,3481,13,0.00369,104.8,172.08,140.87,208.44
11873,3481,11,0.00294,221.69,182.86,254.7,211.6
11874,3481,14,0.00151,280.86,130.84,327.36,237.99
11875,3484,11,0.88574,376.77,194.17,389.57,206.96
11876,3484,17,0.86523,333.7,159.47,345.52,171.28
11877,3484,10,0.84912,303.93,159.96,318.69,172.76
11878,3484,10,0.83984,389.81,147.16,403.59,158.98
11879,3484,17,0.80176,360.28,160.95,371.11,171.77
11880,3484,9,0.78418,322.38,180.39,339.12,193.68
11881,3484,17,0.75781,366.43,176.7,378.74,189.49
11882,3484,9,0.14417,360.28,160.95,371.6,171.77
11883,3484,9,0.04742,366.19,177.19,378.98,189.49
11884,3486,10,0.87061,167.92,66.82,185.18,81.62
11885,3486,17,0.86963,199.48,58.19,213.29,72.0
11886,3486,17,0.8501,223.16,52.52,236.47,65.84
11887,3486,11,0.8335,285.54,90.25,303.3,105.78
11888,3486,10,0.82422,244.36,28.36,258.66,42.66
11889,3486,9,0.81299,252.01,71.63,268.28,86.67
11890,3486,9,0.8042,214.4,87.29,232.65,104.3
11891,3486,2,0.00134,456.67,59.18,492.18,108.99
11892,3486,17,0.00114,214.4,87.54,232.65,104.3
11893,3488,11,0.91969,209.73,83.69,223.74,95.42
11894,3488,17,0.8515,153.0,71.67,163.42,82.41
11895,3488,10,0.82107,219.69,57.38,232.8,68.75
11896,3488,11,0.81947,182.9,68.68,195.65,80.03
11897,3488,17,0.80732,156.89,82.1,167.73,92.79
11898,3488,10,0.68843,226.77,68.73,238.07,79.9
11899,3488,10,0.49462,168.24,57.33,181.02,67.91
11900,3488,12,0.22968,190.27,52.24,204.05,63.32
11901,3488,11,0.12852,190.32,52.01,203.91,63.38
11902,3488,10,0.08384,190.31,52.02,203.96,63.33
11903,3488,11,0.0342,168.02,57.35,181.2,68.19
11904,3488,17,0.00826,190.98,51.96,202.78,63.16
11905,3488,9,0.00678,190.23,51.66,204.05,63.2
11906,3488,17,0.0051,168.97,54.85,182.16,66.22
11907,3488,16,0.00488,210.81,83.98,224.46,95.2
11908,3488,17,0.00283,152.78,72.08,166.09,89.02
11909,3488,13,0.00247,156.64,82.14,167.18,92.76
11910,3488,13,0.0013,219.72,63.24,236.41,83.93
11911,3488,17,0.00121,153.61,66.49,165.44,82.67
11912,3489,14,0.49121,404.51,8.42,507.0,247.06
11913,3489,15,0.18005,276.28,158.93,338.66,201.51
11914,3489,14,0.00752,245.95,1.42,305.49,70.8
11915,3489,14,0.00299,438.18,54.83,506.5,253.0
11916,3489,14,0.00227,246.82,0.25,297.32,48.27
11917,3489,2,0.00202,162.4,32.93,181.21,63.87
11918,3489,14,0.00202,332.22,8.42,507.0,249.54
11919,3493,15,0.81396,299.54,104.2,326.1,128.47
11920,3493,15,0.80176,280.3,173.58,311.45,201.98
11921,3493,15,0.75635,390.22,147.94,428.7,177.25
11922,3493,6,0.0011,390.68,148.85,429.15,177.71
11923,3496,4,0.75781,261.82,112.49,317.32,148.84
11924,3496,11,0.49805,137.29,81.3,165.78,103.89
11925,3496,0,0.21997,94.8,160.63,129.68,194.03
11926,3496,1,0.13574,94.8,160.87,129.68,193.29
11927,3496,4,0.086,277.53,127.22,316.83,147.85
11928,3496,2,0.00173,261.82,112.49,316.83,148.84
11929,3500,2,0.85596,134.44,169.17,151.8,183.55
11930,3500,2,0.83887,47.13,165.7,66.35,179.59
11931,3500,2,0.83887,110.38,188.27,127.99,203.65
11932,3500,2,0.81738,81.61,147.84,95.99,162.72
11933,3500,2,0.0107,79.0,140.89,96.12,162.72
11934,3508,11,0.86084,73.36,179.93,86.79,195.07
11935,3508,10,0.854,135.13,129.88,151.49,143.55
11936,3508,9,0.8457,31.62,154.54,50.78,168.7
11937,3508,17,0.84277,65.8,133.06,78.74,145.75
11938,3508,10,0.7959,34.55,128.42,50.05,142.09
11939,3508,9,0.73877,82.46,159.18,96.86,172.85
11940,3508,9,0.65674,95.95,140.14,108.89,151.86
11941,3508,17,0.22339,96.8,139.89,108.52,150.15
11942,3510,12,0.87061,200.89,174.38,234.56,206.83
11943,3510,4,0.77881,178.61,63.33,219.06,117.1
11944,3510,0,0.29419,316.3,124.0,348.27,153.06
11945,3510,11,0.01138,316.78,124.0,347.78,153.55
11946,3510,2,0.01057,178.49,63.7,219.18,116.98
11947,3510,3,0.01037,482.44,108.26,496.0,191.09
11948,3510,3,0.00806,464.52,108.02,496.0,190.36
11949,3510,6,0.00457,0.06,67.57,18.44,90.34
11950,3510,0,0.00206,472.75,107.77,496.0,145.55
11951,3510,6,0.00175,0.05,69.02,16.3,105.35
11952,3510,6,0.00105,0.05,69.51,11.2,113.1
11953,3510,3,0.00101,485.83,132.72,496.0,189.88
11954,3512,5,0.88582,216.2,83.39,339.71,160.6
11955,3512,5,0.87912,319.87,81.8,434.91,137.09
11956,3512,5,0.85365,81.59,42.72,149.81,91.94
11957,3512,5,0.84703,16.06,0.83,51.7,19.42
11958,3512,5,0.83654,211.25,34.3,283.37,72.08
11959,3512,5,0.83567,26.94,64.63,99.2,111.03
11960,3512,5,0.81981,135.42,36.64,188.32,73.4
11961,3512,5,0.81365,51.48,17.2,100.39,46.64
11962,3512,5,0.79502,0.0,18.39,28.33,47.74
11963,3512,5,0.75883,404.44,176.93,500.0,254.91
11964,3512,14,0.01269,300.26,147.44,337.06,181.57
11965,3512,2,0.00927,471.98,7.86,499.89,33.31
11966,3512,5,0.00165,408.78,77.13,499.55,250.78
11967,3512,5,0.00147,0.06,7.81,18.41,36.31
11968,3512,5,0.00118,0.12,14.02,15.18,27.76
11969,3512,5,0.00101,134.4,32.95,166.18,47.49
11970,3513,2,0.57764,341.87,63.43,355.79,79.67
11971,3513,2,0.27197,401.71,86.74,414.23,100.66
11972,3513,2,0.21082,385.94,56.13,399.85,70.04
11973,3513,17,0.16235,401.71,87.09,414.7,100.78
11974,3513,2,0.08209,386.17,32.93,401.94,46.85
11975,3513,2,0.0052,438.35,50.1,463.87,68.88
11976,3513,2,0.0029,438.35,49.87,456.45,65.64
11977,3513,2,0.0026,385.47,33.51,402.17,67.38
11978,3513,17,0.00255,438.35,49.63,455.98,63.55
11979,3513,9,0.0019,438.35,49.75,455.98,63.67
11980,3514,7,0.87106,215.09,160.26,247.1,185.57
11981,3514,7,0.8396,393.72,136.7,419.39,159.38
11982,3515,17,0.87842,297.92,52.15,309.39,63.13
11983,3515,10,0.84912,465.09,67.12,480.06,82.59
11984,3515,9,0.8208,387.99,53.15,403.46,68.12
11985,3515,9,0.79688,329.36,68.49,345.32,80.97
11986,3515,17,0.09875,260.24,110.03,268.72,118.52
11987,3515,11,0.04288,317.63,22.71,331.1,37.93
11988,3515,11,0.01328,320.62,25.45,330.1,37.43
11989,3515,11,0.00832,507.01,78.85,511.0,112.53
11990,3515,11,0.00401,504.51,80.97,511.0,120.14
11991,3515,11,0.00256,509.0,87.08,511.0,102.55
11992,3515,11,0.0025,298.17,52.15,309.15,63.13
11993,3515,11,0.00223,505.01,72.86,511.0,111.28
11994,3515,11,0.0016,498.03,102.3,511.0,144.22
11995,3515,14,0.00152,501.02,156.19,511.0,250.0
11996,3515,11,0.00106,212.46,23.45,227.68,38.92
11997,3517,10,0.90283,129.21,207.62,149.43,225.87
11998,3517,17,0.88721,157.07,186.91,172.85,202.69
11999,3517,17,0.85986,173.59,171.13,188.88,186.42
12000,3517,9,0.85693,222.66,185.43,243.38,201.7
12001,3517,10,0.85205,180.0,135.13,195.79,151.89
12002,3517,11,0.83203,275.19,196.77,297.38,212.55
12003,3517,17,0.62256,201.33,216.5,220.32,237.21
12004,3517,8,0.00204,97.52,124.03,127.85,162.99
12005,3517,8,0.0017,378.26,103.07,412.78,140.55
12006,3518,14,0.76855,367.87,9.9,507.0,245.08
12007,3518,15,0.44946,276.28,158.44,339.65,201.02
12008,3518,17,0.20691,260.43,90.61,277.27,109.92
12009,3518,14,0.00354,361.93,0.93,507.0,123.28
12010,3518,14,0.00229,266.37,16.22,479.77,252.01
12011,3518,14,0.00131,414.41,2.23,506.5,171.56
12012,3520,14,0.88678,223.65,136.63,265.42,246.46
12013,3520,5,0.11484,286.43,177.11,367.93,220.0
12014,3520,5,0.08252,3.06,167.07,181.99,227.49
12015,3520,5,0.05438,0.75,177.46,99.26,229.02
12016,3520,14,0.02484,489.45,147.61,500.0,224.31
12017,3520,5,0.00482,82.55,188.91,184.77,224.22
12018,3520,14,0.00157,494.13,161.39,500.0,217.17
12019,3520,14,0.00121,0.03,151.85,5.72,192.62
12020,3522,5,0.89079,85.01,4.11,269.55,92.4
12021,3522,5,0.86828,0.0,13.61,78.7,88.29
12022,3522,5,0.80841,202.53,0.72,350.58,71.17
12023,3522,8,0.00182,0.04,52.62,9.07,87.58
12024,3523,8,0.84867,163.89,112.93,212.92,181.62
12025,3523,14,0.77581,169.95,92.51,206.83,117.78
12026,3523,16,0.68367,4.77,124.27,21.88,147.1
12027,3523,16,0.59011,20.55,123.8,35.21,145.76
12028,3523,16,0.58038,34.53,123.56,49.14,144.61
12029,3523,16,0.5736,0.0,124.93,6.43,148.06
12030,3523,16,0.5572,60.14,123.2,75.02,141.9
12031,3523,16,0.49149,48.34,123.18,61.06,142.81
12032,3523,14,0.4661,303.08,104.17,317.77,119.1
12033,3523,8,0.44856,276.25,99.47,307.07,146.3
12034,3523,16,0.42014,74.16,122.26,85.86,140.79
12035,3523,16,0.35897,136.91,114.78,146.03,125.57
12036,3523,16,0.34919,105.31,121.48,115.86,138.57
12037,3523,16,0.34787,95.02,121.61,105.67,139.25
12038,3523,16,0.33479,85.1,122.06,96.26,140.01
12039,3523,16,0.24553,122.62,120.95,131.86,137.58
12040,3523,16,0.24247,130.82,121.18,140.27,136.93
12041,3523,8,0.21991,300.88,113.34,322.6,146.67
12042,3523,16,0.21601,114.96,121.05,123.22,138.23
12043,3523,8,0.01415,307.95,113.58,324.95,141.12
12044,3523,16,0.01219,132.45,119.38,145.51,136.95
12045,3523,8,0.00707,281.97,106.29,321.98,146.8
12046,3523,8,0.00512,298.45,114.26,315.97,145.64
12047,3523,16,0.0051,0.24,133.09,5.99,149.73
12048,3523,16,0.00429,0.58,124.35,5.92,139.29
12049,3523,16,0.00413,125.08,119.92,138.62,136.5
12050,3523,14,0.00393,300.47,104.15,322.88,146.7
12051,3523,14,0.00251,164.8,106.8,173.93,119.81
12052,3523,16,0.00221,129.12,115.23,144.8,136.03
12053,3523,14,0.00177,479.64,161.34,488.0,231.0
12054,3523,16,0.00177,0.02,117.67,1.88,130.52
12055,3523,16,0.00164,61.0,123.79,84.67,140.93
12056,3523,16,0.00154,163.76,106.82,174.13,124.73
12057,3524,13,0.58483,392.95,104.37,444.58,152.89
12058,3524,3,0.39698,233.3,91.04,329.14,173.64
12059,3524,4,0.00625,234.93,107.37,315.18,173.35
12060,3524,2,0.00325,393.33,104.65,443.28,152.46
12061,3524,17,0.00151,61.35,15.12,71.84,29.21
12062,3524,14,0.00126,319.84,2.21,435.46,84.97
12063,3527,15,0.94678,288.24,17.21,369.46,89.16
12064,3527,16,0.00351,290.0,16.77,369.9,88.72
12065,3530,2,0.87149,126.43,68.53,155.1,105.34
12066,3530,17,0.60338,62.57,55.04,78.7,70.51
12067,3530,17,0.30492,135.28,39.13,152.06,56.53
12068,3530,2,0.30402,135.16,38.94,152.0,56.57
12069,3530,2,0.06465,0.0,61.47,5.3,96.81
12070,3530,2,0.00819,0.0,46.78,2.87,88.22
12071,3530,2,0.00695,63.01,55.56,80.2,70.67
12072,3530,2,0.00624,0.06,48.27,5.09,87.53
12073,3530,2,0.00602,0.06,70.82,6.06,100.59
12074,3530,2,0.00242,0.0,74.62,4.75,109.93
12075,3532,15,0.88574,68.05,55.73,87.99,80.72
12076,3532,6,0.88232,145.34,78.32,216.93,115.07
12077,3533,12,0.62144,350.28,104.41,378.1,132.68
12078,3533,12,0.42866,180.55,81.97,208.11,109.08
12079,3533,17,0.00269,350.32,104.21,378.26,132.89
12080,3533,10,0.00165,180.52,82.01,208.06,109.08
12081,3540,10,0.90383,76.61,38.67,99.4,61.8
12082,3540,10,0.8871,55.5,69.82,77.02,94.99
12083,3540,17,0.85681,193.46,96.45,213.8,117.02
12084,3540,11,0.74786,132.44,19.83,159.31,40.04
12085,3540,17,0.66913,208.63,65.65,228.44,85.61
12086,3540,11,0.60066,138.66,71.88,160.59,96.92
12087,3540,9,0.57,129.54,119.4,156.84,142.36
12088,3540,1,0.53001,80.94,109.69,105.52,136.37
12089,3540,10,0.13971,208.64,65.81,227.98,85.76
12090,3540,9,0.08024,80.76,108.91,105.42,136.24
12091,3540,10,0.03989,80.95,109.02,105.46,136.17
12092,3540,10,0.00209,193.61,96.47,213.7,117.16
12093,3540,10,0.00114,128.86,119.46,156.9,142.32
12094,3545,5,0.83643,352.5,155.25,377.5,169.75
12095,3545,5,0.8208,266.5,155.0,298.5,176.0
12096,3545,5,0.80811,217.0,199.25,274.5,232.25
12097,3545,5,0.72803,418.5,128.5,433.5,140.5
12098,3545,5,0.50586,344.5,145.75,364.5,157.75
12099,3545,5,0.28149,387.0,140.5,410.0,154.5
12100,3545,5,0.05072,387.0,139.5,395.0,152.5
12101,3545,5,0.0248,387.0,140.0,400.0,153.0
12102,3545,5,0.01543,454.25,116.25,465.25,125.25
12103,3545,5,0.00779,345.5,146.5,376.5,157.5
12104,3545,5,0.0053,387.0,145.5,395.0,154.5
12105,3545,5,0.00338,386.5,143.0,392.5,153.0
12106,3545,15,0.00326,266.25,155.0,298.75,176.0
12107,3545,5,0.00117,386.75,139.75,393.75,148.75
12108,3546,5,0.87952,287.88,97.23,427.82,166.79
12109,3546,8,0.66191,4.95,134.37,82.97,194.12
12110,3546,5,0.52294,151.38,112.26,230.83,152.91
12111,3546,14,0.18231,30.3,115.05,58.56,179.55
12112,3546,14,0.09954,29.22,107.65,83.9,181.16
12113,3546,14,0.03381,7.86,117.21,72.54,190.82
12114,3546,14,0.01936,3.59,112.53,58.91,178.45
12115,3546,14,0.01486,465.39,71.09,474.0,153.05
12116,3546,14,0.01402,113.86,120.76,132.05,164.13
12117,3546,8,0.01332,0.08,111.25,29.75,199.96
12118,3546,5,0.00972,0.05,114.55,20.82,155.37
12119,3546,14,0.00814,467.82,90.04,474.0,145.34
12120,3546,8,0.0061,0.01,115.75,20.96,172.06
12121,3546,14,0.00374,469.54,80.69,474.0,134.67
12122,3546,5,0.00316,186.19,111.72,229.88,152.8
12123,3546,14,0.00279,464.26,93.66,474.0,146.36
12124,3546,8,0.0026,0.03,118.22,11.38,154.12
12125,3546,5,0.00238,0.01,116.84,10.71,153.24
12126,3546,5,0.00208,210.31,110.1,294.16,154.4
12127,3546,14,0.00207,465.41,33.65,474.0,142.46
12128,3546,14,0.00131,20.72,129.99,58.67,176.74
12129,3546,8,0.00131,0.02,118.02,23.85,153.88
12130,3546,14,0.00118,92.07,63.9,125.46,162.45
12131,3546,14,0.0011,189.08,80.92,206.09,117.27
12132,3549,17,0.88428,88.84,177.19,102.62,190.97
12133,3549,10,0.87646,55.62,186.79,73.71,202.04
12134,3549,10,0.86523,134.12,145.2,148.39,158.98
12135,3549,11,0.85986,177.56,205.73,195.77,220.99
12136,3549,17,0.82764,113.2,170.3,126.49,183.09
12137,3549,9,0.81396,143.1,188.51,159.35,203.27
12138,3549,9,0.73584,105.27,206.23,123.35,222.96
12139,3551,2,0.8658,418.35,155.31,448.97,182.8
12140,3551,2,0.85573,296.47,137.4,332.37,163.6
12141,3551,2,0.00524,504.0,54.08,508.0,77.84
12142,3551,2,0.00346,0.0,38.01,3.94,66.14
12143,3551,2,0.00165,501.69,53.83,508.0,86.55
12144,3551,2,0.001,0.08,40.69,6.96,68.16
12145,3552,4,0.92984,144.34,80.02,197.72,142.67
12146,3552,12,0.9031,216.3,104.25,261.4,143.2
12147,3552,3,0.89722,251.97,134.97,347.39,199.63
12148,3552,0,0.88684,164.79,145.14,211.48,194.79
12149,3552,1,0.86336,253.87,61.4,293.76,101.73
12150,3553,7,0.84909,399.91,112.56,423.99,136.64
12151,3553,7,0.83081,297.0,177.85,324.91,204.66
12152,3554,7,0.86084,379.95,65.98,410.89,89.43
12153,3554,7,0.85986,389.38,14.86,415.96,40.48
12154,3558,17,0.85303,212.02,103.72,232.29,125.19
12155,3558,17,0.82666,261.96,129.77,283.66,152.93
12156,3558,2,0.35571,158.96,78.51,179.7,101.43
12157,3558,17,0.11359,159.08,78.39,179.34,101.55
12158,3558,2,0.00161,0.05,131.94,5.28,164.26
12159,3561,12,0.76917,298.02,124.56,329.06,154.39
12160,3561,17,0.59751,251.52,81.0,279.55,109.91
12161,3561,12,0.44345,251.13,81.25,279.29,109.64
12162,3561,17,0.00244,298.12,124.34,328.9,154.36
12163,3565,7,0.88428,327.68,38.44,363.23,69.67
12164,3565,2,0.86768,403.59,44.2,442.99,90.09
12165,3565,2,0.00111,86.6,7.45,100.06,18.5
12166,3566,8,0.86865,156.71,79.92,293.92,158.4
12167,3566,14,0.25098,24.76,37.91,35.15,58.38
12168,3566,5,0.03891,291.27,0.54,363.49,28.89
12169,3566,14,0.02942,0.04,47.42,9.87,89.55
12170,3566,8,0.02443,24.76,39.84,34.81,58.62
12171,3566,8,0.02229,0.0,40.56,9.51,91.35
12172,3566,8,0.01423,0.47,47.66,17.42,64.03
12173,3566,8,0.01219,0.0,66.68,3.64,91.23
12174,3566,14,0.01142,0.06,35.39,13.65,92.68
12175,3566,8,0.01112,25.07,46.82,35.03,59.34
12176,3566,8,0.00923,0.0,49.11,7.04,90.03
12177,3566,8,0.00752,0.0,52.48,4.11,90.51
12178,3566,8,0.00712,0.12,46.82,15.53,90.39
12179,3566,8,0.00644,0.03,34.66,20.55,94.36
12180,3566,14,0.00558,1.96,47.18,17.87,62.59
12181,3566,14,0.00477,0.02,28.41,22.49,94.36
12182,3566,8,0.00472,0.09,63.55,5.08,92.44
12183,3566,14,0.00343,0.02,54.04,6.66,90.15
12184,3566,5,0.0021,87.14,28.65,126.14,48.39
12185,3566,14,0.00187,0.0,0.0,28.18,97.01
12186,3566,8,0.00102,0.01,72.22,2.97,93.16
12187,3571,5,0.8916,113.83,37.54,254.3,115.28
12188,3571,5,0.85059,0.73,35.84,112.8,109.47
12189,3571,5,0.83398,242.31,36.33,491.16,200.05
12190,3571,5,0.80371,1.21,33.66,155.97,235.65
12191,3571,5,0.67578,89.49,36.21,129.45,60.18
12192,3571,5,0.41113,390.89,34.15,496.0,88.88
12193,3571,5,0.16772,3.63,111.04,158.03,229.11
12194,3571,5,0.10052,318.23,39.48,370.55,61.76
12195,3571,5,0.06305,224.63,35.84,382.66,95.91
12196,3571,5,0.0546,394.77,34.15,496.0,67.09
12197,3571,5,0.04147,225.6,36.33,441.75,143.13
12198,3571,5,0.00631,318.23,39.96,372.97,87.91
12199,3571,5,0.00431,243.04,1.94,332.28,59.58
12200,3571,5,0.00423,360.86,35.96,495.52,111.29
12201,3571,5,0.00375,319.45,39.84,401.3,71.81
12202,3571,5,0.0026,223.3,36.81,330.83,90.58
12203,3571,5,0.00253,368.12,34.63,486.31,75.8
12204,3571,5,0.00174,434.0,34.88,495.52,93.48
12205,3571,5,0.00162,255.75,36.81,361.34,89.12
12206,3571,5,0.00154,262.05,37.78,370.55,70.72
12207,3571,5,0.00127,437.88,34.63,495.03,64.18
12208,3571,5,0.00119,322.11,40.69,402.52,90.09
12209,3571,5,0.00116,345.84,34.63,458.22,82.83
12210,3571,5,0.00107,1.03,35.12,97.24,83.55
12211,3573,4,0.90137,127.54,149.12,237.11,198.99
12212,3573,1,0.8916,116.52,32.25,160.63,73.96
12213,3573,13,0.85596,67.37,83.43,111.48,125.87
12214,3573,3,0.00641,126.11,149.12,238.55,198.03
12215,3576,2,0.81518,161.95,186.9,187.23,209.2
12216,3576,2,0.08957,0.01,130.44,9.64,146.98
12217,3576,2,0.00457,65.56,207.4,89.21,230.47
12218,3576,2,0.00106,59.17,206.94,89.55,237.08
12219,3579,17,0.83686,259.5,191.82,282.1,214.76
12220,3579,9,0.71128,382.54,130.76,402.21,150.99
12221,3579,5,0.00755,0.18,2.05,68.37,221.14
12222,3579,17,0.00103,382.43,130.43,402.3,150.88
12223,3583,10,0.8501,443.6,72.51,465.09,93.51
12224,3583,9,0.72021,309.81,145.51,332.76,165.04
12225,3583,9,0.71875,321.29,93.99,345.7,112.06
12226,3583,10,0.67383,227.17,145.51,246.95,164.06
12227,3583,17,0.20557,227.78,145.51,246.83,164.06
12228,3583,11,0.03528,160.77,175.54,181.03,196.04
12229,3583,11,0.03174,52.06,175.29,68.73,188.96
12230,3583,10,0.01666,309.57,145.51,333.01,165.04
12231,3583,11,0.00197,321.04,93.99,345.95,112.06
12232,3583,11,0.00106,51.88,172.85,70.31,193.85
12233,3584,9,0.86765,275.29,164.19,325.96,214.08
12234,3584,9,0.82693,381.33,106.84,430.02,147.6
12235,3584,9,0.75354,293.74,78.18,336.61,113.81
12236,3584,9,0.52979,193.22,130.41,234.06,169.02
12237,3584,11,0.1104,192.83,130.03,233.74,168.93
12238,3584,11,0.02074,293.95,78.2,336.63,113.81
12239,3584,11,0.01531,381.74,106.93,429.47,147.15
12240,3584,8,0.00964,0.0,79.92,22.93,207.99
12241,3584,11,0.00439,275.2,164.32,325.57,214.08
12242,3584,2,0.00291,381.19,107.12,428.88,147.07
12243,3584,2,0.00256,274.89,164.41,325.34,213.38
12244,3584,2,0.00177,293.18,77.77,336.36,113.53
12245,3585,15,0.88998,96.09,139.22,128.02,171.93
12246,3585,15,0.88478,19.46,123.6,46.74,146.96
12247,3585,7,0.83202,37.1,184.69,59.82,208.96
12248,3585,7,0.76421,12.86,91.09,33.13,110.64
12249,3585,7,0.00174,0.0,122.35,4.37,133.55
12250,3588,14,0.8042,316.12,101.59,338.8,138.58
12251,3588,14,0.49805,27.88,147.21,43.03,179.27
12252,3588,14,0.40356,73.6,146.22,87.41,171.87
12253,3588,14,0.16394,40.75,142.52,55.05,172.11
12254,3588,14,0.1571,63.99,148.69,77.06,171.87
12255,3588,14,0.05341,0.0,144.25,8.05,188.64
12256,3588,14,0.03662,65.1,146.47,87.66,172.61
12257,3588,14,0.01942,0.01,143.02,8.44,215.02
12258,3588,14,0.00634,0.02,120.83,9.74,192.83
12259,3588,14,0.0035,0.0,161.26,6.73,187.9
12260,3588,14,0.00218,72.62,144.0,96.54,174.09
12261,3588,14,0.00185,0.0,117.0,22.7,213.54
12262,3588,14,0.00152,499.08,62.63,505.0,109.98
12263,3588,14,0.00138,0.17,145.48,15.67,203.68
12264,3588,14,0.00123,496.62,60.66,505.0,129.21
12265,3588,14,0.00123,469.0,100.61,504.51,255.46
12266,3588,14,0.0011,473.44,152.88,505.0,255.95
12267,3590,2,0.84112,147.04,136.87,182.8,163.08
12268,3590,17,0.82906,182.36,182.39,199.59,199.39
12269,3590,17,0.77468,60.43,181.12,77.05,197.91
12270,3590,17,0.00108,60.54,196.1,79.34,213.9
12271,3594,7,0.85889,42.3,42.6,77.42,72.73
12272,3594,7,0.81982,152.23,49.12,191.39,84.72
12273,3594,17,0.0032,0.03,6.17,4.25,31.56
12274,3594,17,0.00117,0.06,2.61,6.35,31.56
12275,3595,10,0.89111,198.05,126.48,216.19,141.68
12276,3595,11,0.88086,125.01,70.1,137.76,83.34
12277,3595,10,0.87744,91.8,131.87,109.44,147.56
12278,3595,17,0.86328,132.12,135.79,146.58,150.01
12279,3595,9,0.85498,136.53,97.07,150.99,111.53
12280,3595,17,0.79688,161.04,130.89,174.77,144.62
12281,3595,9,0.74756,184.57,93.02,202.71,107.73
12282,3595,9,0.01267,161.04,131.38,174.77,144.62
12283,3595,17,0.0032,124.58,70.84,138.25,83.58
12284,3596,15,0.81982,268.8,39.55,329.83,112.79
12285,3596,15,0.0025,426.27,62.99,465.33,121.09
12286,3598,7,0.88086,231.79,26.27,255.27,46.39
12287,3598,7,0.85393,395.99,81.92,423.83,104.55
12288,3598,7,0.11665,13.48,137.86,38.92,158.2
12289,3599,17,0.83447,252.07,120.9,271.68,140.04
12290,3599,17,0.82227,243.9,156.38,263.51,175.98
12291,3599,17,0.10858,255.8,83.67,277.74,103.51
12292,3599,2,0.00136,0.0,74.22,2.86,104.56
12293,3604,15,0.89502,376.84,160.89,415.76,203.13
12294,3604,15,0.86621,365.45,87.8,397.72,119.6
12295,3604,15,0.86523,256.76,108.33,295.68,149.98
12296,3605,5,0.65918,40.49,10.46,174.47,63.22
12297,3605,5,0.45898,122.31,8.51,210.34,56.66
12298,3605,5,0.07782,414.84,0.0,442.07,7.05
12299,3605,5,0.02025,251.92,0.12,302.5,18.36
12300,3605,5,0.0032,415.32,0.43,453.26,8.75
12301,3605,14,0.00274,379.82,0.0,495.57,242.68
12302,3605,5,0.0018,250.46,1.22,328.27,42.07
12303,3605,14,0.0018,427.0,0.0,496.05,241.95
12304,3605,5,0.00177,29.45,25.9,143.95,90.34
12305,3605,5,0.00139,415.32,0.36,487.3,14.95
12306,3605,13,0.00132,281.1,111.61,363.77,202.56
12307,3605,8,0.00132,216.29,0.0,464.44,247.3
12308,3605,5,0.00104,11.31,11.19,180.55,95.81
12309,3606,13,0.08521,213.04,125.55,264.96,179.02
12310,3606,12,0.07705,213.22,125.57,264.77,178.76
12311,3606,3,0.05747,147.73,58.36,244.02,103.39
12312,3606,12,0.00753,390.74,46.57,439.42,96.61
12313,3606,14,0.00613,281.32,1.54,396.34,46.9
12314,3606,14,0.00511,328.38,0.99,364.44,31.61
12315,3606,2,0.00448,390.71,47.02,438.85,96.44
12316,3606,14,0.00247,0.0,33.06,62.22,190.87
12317,3606,16,0.00228,390.5,46.34,440.12,96.19
12318,3606,14,0.00192,279.48,1.78,392.99,92.22
12319,3607,2,0.87646,229.18,153.68,248.88,182.86
12320,3610,14,0.71363,37.31,16.16,53.47,50.51
12321,3610,16,0.20366,406.77,133.11,425.57,152.63
12322,3610,0,0.14674,406.83,133.26,425.37,152.72
12323,3610,17,0.01207,138.37,102.71,155.58,120.87
12324,3610,2,0.00611,138.29,103.02,155.79,120.88
12325,3610,8,0.00241,465.57,79.66,469.0,106.89
12326,3610,2,0.00225,137.97,105.33,155.94,130.34
12327,3610,14,0.00114,465.13,82.58,469.0,106.91
12328,3611,2,0.84826,44.54,129.95,72.08,169.61
12329,3611,17,0.77636,137.49,161.68,155.77,180.16
12330,3611,17,0.75516,62.34,197.94,81.95,217.88
12331,3614,17,0.86328,178.8,186.17,197.96,205.82
12332,3614,9,0.76074,60.2,164.06,84.98,181.75
12333,3614,9,0.66016,55.88,91.37,77.98,109.54
12334,3614,9,0.44751,147.24,126.49,166.89,141.71
12335,3614,14,0.06586,98.49,98.0,122.31,135.33
12336,3614,3,0.01147,419.0,138.52,456.33,160.13
12337,3614,17,0.00701,146.5,126.49,166.89,141.71
12338,3614,12,0.00254,55.88,91.12,78.23,109.79
12339,3615,2,0.86018,238.77,44.88,264.52,62.35
12340,3615,2,0.85798,164.68,45.4,185.97,72.4
12341,3616,15,0.84912,341.7,102.7,368.86,127.48
12342,3616,6,0.82764,306.91,57.66,362.66,80.06
12343,3616,15,0.80908,306.43,21.56,324.54,40.63
12344,3616,17,0.13208,392.69,66.84,409.84,84.47
12345,3616,2,0.10779,392.69,66.96,410.32,84.59
12346,3616,6,0.06708,305.95,57.19,335.98,80.06
12347,3616,6,0.00177,392.45,66.96,410.08,84.59
12348,3620,15,0.90119,186.89,48.89,205.73,69.78
12349,3620,15,0.88192,78.79,43.98,95.38,62.7
12350,3620,15,0.88124,132.88,52.52,148.37,67.42
12351,3622,15,0.92693,159.25,86.16,201.86,131.48
12352,3622,15,0.90168,307.12,39.68,345.76,83.01
12353,3623,7,0.86861,45.26,124.0,74.87,144.95
12354,3623,7,0.85693,103.41,48.65,128.55,68.92
12355,3625,2,0.78809,316.68,169.21,337.95,190.01
12356,3625,17,0.68604,385.69,177.96,404.59,197.33
12357,3625,17,0.34521,244.84,157.39,262.8,179.14
12358,3625,2,0.32422,244.36,157.39,263.27,179.14
12359,3626,7,0.86328,313.9,205.79,350.19,232.63
12360,3626,7,0.60596,319.12,82.02,350.93,109.36
12361,3631,14,0.84351,144.28,85.16,178.43,167.31
12362,3631,14,0.84245,305.01,90.8,332.8,175.95
12363,3631,14,0.82061,217.8,99.0,241.22,164.84
12364,3631,14,0.80608,350.73,85.35,388.52,184.9
12365,3631,5,0.77838,406.66,132.41,477.18,173.01
12366,3631,14,0.07702,161.05,87.51,179.86,166.61
12367,3631,5,0.00468,489.92,133.17,500.0,173.26
12368,3631,14,0.00192,0.0,94.08,8.65,183.26
12369,3631,5,0.00127,480.92,103.53,500.0,140.09
12370,3631,8,0.00102,136.24,80.81,183.89,167.77
12371,3634,15,0.88232,196.12,49.12,213.8,68.28
12372,3636,2,0.85159,189.16,169.63,223.61,195.91
12373,3636,2,0.84258,309.03,182.14,338.79,209.64
12374,3636,2,0.00408,0.02,86.1,8.41,114.2
12375,3636,2,0.00161,488.75,85.82,495.0,117.42
12376,3636,2,0.001,485.48,86.82,495.0,113.57
12377,3639,17,0.1366,156.35,133.98,182.13,158.79
12378,3639,14,0.00784,266.75,0.49,375.2,114.77
12379,3639,14,0.00312,0.0,0.24,55.5,107.72
12380,3639,14,0.00276,449.85,0.97,498.0,218.36
12381,3639,14,0.00171,316.11,8.51,378.36,115.02
12382,3639,14,0.00125,199.39,71.73,266.51,171.43
12383,3643,2,0.79437,0.02,95.58,22.02,117.27
12384,3643,17,0.71546,236.56,201.23,246.71,211.89
12385,3643,11,0.71362,291.97,218.19,305.72,229.93
12386,3643,10,0.50407,310.03,204.08,321.35,215.9
12387,3643,11,0.39548,274.74,184.51,287.81,196.01
12388,3643,17,0.35009,239.72,212.58,250.24,222.87
12389,3643,11,0.33907,266.32,200.81,278.69,212.21
12390,3643,11,0.3025,252.59,188.2,264.95,199.02
12391,3643,10,0.12236,304.0,192.34,316.67,203.84
12392,3643,2,0.09351,0.0,93.67,22.09,131.31
12393,3643,17,0.09311,252.99,188.03,264.43,197.5
12394,3643,12,0.06352,303.84,192.36,316.8,203.91
12395,3643,17,0.02034,304.14,193.5,316.05,202.95
12396,3643,13,0.00848,292.56,218.0,306.5,229.53
12397,3643,6,0.00504,0.0,96.3,22.71,144.92
12398,3643,17,0.00499,238.04,202.51,249.05,214.3
12399,3643,11,0.00481,303.43,192.41,316.19,204.06
12400,3643,2,0.00173,0.0,97.19,12.27,132.16
12401,3644,2,0.86426,37.87,73.36,57.65,99.24
12402,3644,2,0.85596,162.72,81.79,181.52,105.96
12403,3644,2,0.85498,40.04,33.2,58.53,57.13
12404,3644,2,0.84277,118.16,35.4,134.52,57.37
12405,3644,2,0.00116,142.58,14.4,157.71,29.79
12406,3648,15,0.91013,271.06,170.1,290.69,187.74
12407,3648,15,0.89101,226.84,174.62,244.54,190.81
12408,3651,15,0.86523,127.26,112.34,154.01,138.96
12409,3651,15,0.8335,43.04,88.58,73.54,116.28
12410,3651,15,0.81543,119.98,71.39,142.9,92.64
12411,3652,3,0.91219,139.73,87.59,184.52,137.38
12412,3652,3,0.85054,67.2,81.02,141.37,107.55
12413,3652,13,0.84962,180.29,32.14,215.47,68.15
12414,3652,1,0.84381,231.78,51.4,267.32,88.56
12415,3652,4,0.74858,215.91,99.51,303.9,127.63
12416,3652,3,0.5041,215.35,98.61,304.38,127.44
12417,3653,15,0.61035,276.28,158.44,338.66,201.02
12418,3653,14,0.53223,414.91,8.42,507.0,247.56
12419,3653,14,0.00241,437.19,80.21,506.5,252.51
12420,3653,14,0.002,330.24,8.66,507.0,249.79
12421,3653,14,0.00148,265.38,0.93,337.67,36.14
12422,3653,14,0.0011,264.64,0.62,296.82,35.03
12423,3658,15,0.9091,360.52,173.09,382.37,192.75
12424,3658,15,0.87352,410.34,177.13,433.25,200.27
12425,3658,15,0.00245,501.58,56.86,505.0,72.23
12426,3658,15,0.00219,490.5,47.71,505.0,73.43
12427,3661,15,0.90345,380.46,162.41,400.44,180.29
12428,3661,15,0.89326,416.32,152.75,435.72,171.73
12429,3664,2,0.87271,290.09,64.08,320.42,103.82
12430,3664,17,0.51945,281.57,32.45,298.82,50.24
12431,3664,2,0.0984,354.54,50.17,375.59,88.01
12432,3664,17,0.08414,356.26,49.35,373.79,67.68
12433,3664,2,0.01572,280.41,33.06,299.44,79.11
12434,3666,7,0.8833,398.47,51.81,424.68,69.28
12435,3666,7,0.79834,339.75,103.38,361.1,123.76
12436,3666,2,0.00229,0.05,69.16,5.54,89.06
12437,3675,15,0.88232,146.89,175.61,184.39,216.42
12438,3675,15,0.88184,30.61,115.09,70.0,155.43
12439,3675,15,0.80908,142.62,101.33,174.89,134.55
12440,3676,13,0.84709,427.07,21.49,471.67,61.87
12441,3676,1,0.79355,261.74,17.52,302.33,58.11
12442,3676,4,0.03272,277.48,144.32,348.95,239.07
12443,3676,0,0.00126,260.48,17.36,304.2,59.06
12444,3683,17,0.89014,265.92,152.26,284.03,170.37
12445,3683,10,0.88721,317.39,160.6,342.17,183.48
12446,3683,11,0.87402,303.57,60.52,320.73,78.16
12447,3683,10,0.86963,177.52,128.67,200.39,149.64
12448,3683,9,0.86328,349.8,110.32,375.53,129.86
12449,3683,9,0.82422,284.51,98.41,303.57,117.95
12450,3683,17,0.53906,228.99,148.21,247.34,166.32
12451,3683,9,0.29419,228.99,148.21,247.57,165.84
12452,3686,11,0.88839,255.57,58.78,268.22,70.33
12453,3686,17,0.85383,186.34,61.21,197.64,71.8
12454,3686,17,0.83682,205.21,67.27,216.57,78.48
12455,3686,10,0.75096,248.04,46.08,260.56,57.22
12456,3686,11,0.71786,209.31,53.22,224.93,64.95
12457,3686,10,0.65094,227.36,39.34,241.08,50.57
12458,3686,9,0.48787,193.51,39.63,208.51,51.31
12459,3686,9,0.3053,180.8,47.6,192.94,58.62
12460,3686,11,0.0145,181.05,47.48,193.06,58.82
12461,3686,13,0.00413,186.2,61.43,197.5,71.53
12462,3686,13,0.00309,248.53,45.26,261.35,56.53
12463,3686,11,0.00275,248.5,46.27,261.14,57.17
12464,3691,2,0.85628,338.49,48.01,355.75,70.86
12465,3691,2,0.8412,384.72,73.26,402.45,97.17
12466,3692,7,0.90918,71.54,175.14,105.75,203.85
12467,3692,7,0.86865,250.74,178.96,286.15,204.8
12468,3695,10,0.86865,414.25,191.93,432.88,208.1
12469,3695,10,0.86816,303.7,191.68,321.35,207.37
12470,3695,17,0.86084,345.12,197.56,358.85,212.27
12471,3695,11,0.84717,339.24,128.44,351.99,142.17
12472,3695,9,0.81543,350.03,157.37,364.73,172.07
12473,3695,17,0.646,375.03,194.62,388.76,208.35
12474,3695,17,0.37378,400.52,155.89,418.17,170.6
12475,3695,9,0.01224,375.03,194.62,388.76,208.35
12476,3695,10,0.00122,400.03,155.89,418.66,170.6
12477,3695,14,0.00112,103.07,0.0,144.5,0.12
12478,3695,8,0.001,443.42,104.42,478.71,130.89
12479,3702,10,0.89111,386.02,149.96,407.06,171.97
12480,3702,17,0.88574,341.5,113.51,358.14,130.14
12481,3702,10,0.87646,305.3,32.41,322.91,54.19
12482,3702,17,0.87061,320.46,73.39,337.59,90.76
12483,3702,9,0.86963,275.94,131.61,298.45,150.69
12484,3702,11,0.85596,216.99,154.61,240.96,175.15
12485,3702,17,0.7168,245.85,73.39,265.91,94.43
12486,3706,1,0.89502,166.26,85.69,213.38,134.03
12487,3706,0,0.87305,265.62,61.65,314.45,109.25
12488,3706,6,0.00212,428.22,115.6,456.54,178.22
12489,3707,7,0.89111,235.9,160.0,263.94,190.94
12490,3707,2,0.87891,202.66,109.49,241.09,133.66
12491,3708,10,0.88209,231.28,9.27,247.0,23.98
12492,3708,10,0.86954,261.55,10.41,278.26,24.0
12493,3708,11,0.86576,242.33,31.88,260.29,46.92
12494,3708,17,0.86107,235.67,51.27,249.74,65.19
12495,3708,17,0.85755,266.13,51.51,280.39,65.37
12496,3708,11,0.82587,293.48,22.59,308.58,36.53
12497,3708,9,0.41256,201.89,22.17,219.58,37.23
12498,3708,17,0.33266,204.51,37.62,219.75,51.34
12499,3708,10,0.2323,204.62,37.62,219.66,51.21
12500,3708,10,0.22772,201.94,22.14,219.56,37.21
12501,3708,15,0.00833,353.43,110.41,398.21,153.84
12502,3708,17,0.00235,201.78,21.9,219.72,37.39
12503,3710,2,0.87842,181.46,139.68,220.62,167.38
12504,3710,7,0.86426,275.06,172.15,311.36,201.28
12505,3710,6,0.00729,464.17,2.63,489.0,66.62
12506,3710,6,0.00247,464.17,1.79,489.0,39.52
12507,3710,16,0.0017,1.85,157.83,82.73,217.52
12508,3712,15,0.8999,182.54,166.66,200.45,185.76
12509,3715,4,0.89697,298.1,112.55,365.97,140.38
12510,3715,1,0.88477,382.08,143.55,416.26,177.25
12511,3715,12,0.55664,267.58,155.76,301.76,187.01
12512,3715,13,0.37378,268.31,155.76,302.0,187.01
12513,3715,0,0.00851,381.84,144.04,416.02,177.25
12514,3718,9,0.9209,78.97,148.9,122.34,183.23
12515,3718,11,0.91162,189.03,105.99,227.99,132.9
12516,3718,9,0.89893,188.79,166.53,231.93,201.78
12517,3718,9,0.83203,102.86,117.01,135.1,152.15
12518,3718,9,0.83008,188.1,129.42,229.38,165.14
12519,3718,10,0.61865,264.64,144.26,298.96,177.66
12520,3718,11,0.5293,264.87,144.26,298.73,177.66
12521,3718,9,0.01724,264.87,144.26,298.73,177.66
12522,3718,11,0.00189,188.1,129.42,229.38,164.67
12523,3718,2,0.00147,264.4,144.26,298.73,177.66
12524,3718,16,0.00127,264.4,144.26,298.73,177.66
12525,3719,2,0.86621,240.24,182.25,257.3,197.85
12526,3719,2,0.86426,264.12,164.71,280.69,178.35
12527,3719,2,0.81055,179.33,158.62,197.85,172.75
12528,3719,2,0.76221,212.22,142.54,226.84,157.64
12529,3720,2,0.87562,387.27,54.76,427.31,97.88
12530,3720,17,0.82689,295.42,110.2,317.0,129.95
12531,3720,17,0.81508,313.53,32.92,334.25,51.89
12532,3720,2,0.00209,0.0,35.2,2.76,62.36
12533,3726,10,0.88609,130.63,150.94,146.61,164.83
12534,3726,17,0.82695,171.72,193.47,185.14,207.37
12535,3726,10,0.76452,107.08,160.65,120.52,175.69
12536,3726,17,0.72645,193.74,182.65,207.26,196.13
12537,3726,11,0.42272,171.17,151.33,188.08,164.37
12538,3726,10,0.40492,126.13,193.48,142.95,208.32
12539,3726,11,0.36812,150.37,174.81,164.72,189.68
12540,3726,17,0.14612,104.28,181.0,119.37,197.57
12541,3726,1,0.07876,104.2,181.15,119.35,197.8
12542,3726,13,0.01282,104.11,181.21,119.21,197.67
12543,3726,10,0.01259,193.73,182.72,207.17,196.02
12544,3726,9,0.0076,171.81,193.73,185.08,207.44
12545,3726,13,0.00368,193.58,182.88,207.32,196.14
12546,3726,13,0.00273,170.09,148.64,195.69,168.14
12547,3726,13,0.00169,128.96,150.93,146.49,165.38
12548,3726,13,0.0014,150.43,175.05,164.68,190.41
12549,3726,13,0.0013,107.48,160.68,121.47,173.78
12550,3727,15,0.84082,370.54,190.94,397.85,215.01
12551,3727,15,0.81543,370.08,156.46,391.37,174.97
12552,3727,15,0.78418,315.69,172.2,336.06,190.71
12553,3731,15,0.89541,386.18,36.22,405.85,55.2
12554,3731,15,0.89465,350.62,45.37,369.88,63.33
12555,3732,15,0.86621,252.36,100.02,279.0,126.18
12556,3732,6,0.83447,218.7,54.98,273.91,77.5
12557,3732,15,0.82422,218.45,19.62,236.62,38.27
12558,3732,17,0.21472,302.73,65.39,320.17,83.31
12559,3732,6,0.20374,217.48,54.98,248.24,75.8
12560,3732,3,0.01183,302.73,65.39,320.17,83.31
12561,3732,6,0.00151,449.5,1.45,496.0,50.62
12562,3734,7,0.8291,292.13,44.32,310.24,61.0
12563,3734,7,0.48047,233.52,51.23,250.67,67.43
12564,3734,15,0.33813,233.28,51.23,250.67,67.43
12565,3734,15,0.00826,339.07,52.54,349.08,65.65
12566,3736,2,0.87153,380.51,132.48,419.87,174.82
12567,3736,17,0.81594,287.39,181.94,310.03,202.23
12568,3736,17,0.76997,308.82,107.33,329.13,124.92
12569,3736,14,0.00151,0.0,51.88,57.79,224.06
12570,3737,7,0.86133,233.21,197.3,257.72,217.19
12571,3737,7,0.81299,254.32,162.59,279.56,181.52
12572,3738,14,0.80188,105.55,58.08,129.04,129.6
12573,3738,15,0.00117,373.97,102.84,400.45,126.87
12574,3738,14,0.00107,409.61,112.9,419.92,130.49
12575,3740,10,0.90039,190.6,125.63,212.26,146.18
12576,3740,10,0.88232,65.95,89.33,87.36,109.02
12577,3740,11,0.86621,183.09,40.36,198.84,56.11
12578,3740,9,0.86523,221.48,86.13,244.12,103.85
12579,3740,9,0.77881,112.34,110.0,129.69,126.25
12580,3740,9,0.77051,164.27,71.49,181.74,88.72
12581,3740,17,0.67725,145.56,115.17,162.54,131.91
12582,3740,9,0.41479,145.69,115.42,162.42,131.91
12583,3744,10,0.87891,340.59,158.98,360.28,178.66
12584,3744,9,0.7959,219.88,166.36,242.77,184.08
12585,3744,17,0.71387,118.49,207.7,137.94,226.41
12586,3744,9,0.62598,201.06,216.32,224.44,236.5
12587,3744,11,0.01473,0.01,192.45,5.88,218.04
12588,3744,10,0.00781,118.49,207.7,137.94,226.41
12589,3744,10,0.00407,200.81,216.07,224.44,236.74
12590,3744,11,0.00239,0.0,192.94,4.2,211.64
12591,3744,17,0.00123,219.52,166.36,242.65,184.08
12592,3746,17,0.7041,334.34,79.66,348.6,94.4
12593,3746,2,0.4707,407.58,40.42,422.8,57.07
12594,3746,2,0.21082,371.67,62.54,387.36,76.81
12595,3746,17,0.01363,371.91,62.54,387.13,76.81
12596,3746,2,0.00956,334.81,80.02,349.08,94.52
12597,3746,2,0.00134,377.14,54.69,405.67,79.66
12598,3747,7,0.8916,400.75,168.5,428.42,192.22
12599,3747,3,0.00344,282.65,17.29,300.44,35.58
12600,3747,17,0.00162,67.7,234.47,81.04,242.87
12601,3748,15,0.91238,247.76,176.91,270.22,204.59
12602,3748,15,0.89188,181.38,174.12,203.51,199.16
12603,3752,2,0.86078,392.09,180.46,409.43,202.59
12604,3752,2,0.84137,409.99,154.65,427.25,176.13
12605,3753,15,0.86625,170.78,124.19,196.68,147.22
12606,3753,15,0.86282,245.28,137.19,276.22,170.11
12607,3753,7,0.82937,190.28,183.24,212.84,207.24
12608,3753,15,0.69658,162.6,92.82,182.47,112.38
12609,3753,2,0.00401,0.08,116.74,6.33,143.59
12610,3754,6,0.8999,420.11,192.85,474.07,221.07
12611,3754,15,0.81885,345.84,197.3,364.65,216.12
12612,3754,2,0.0039,504.52,157.2,507.0,182.45
12613,3754,7,0.00352,505.02,172.05,507.0,181.96
12614,3756,17,0.83887,253.1,174.3,268.38,190.54
12615,3756,17,0.71533,329.5,142.78,343.83,158.07
12616,3759,17,0.79199,353.62,149.43,373.8,168.64
12617,3759,17,0.64941,290.68,192.67,312.79,214.77
12618,3759,2,0.64795,403.11,116.27,425.21,136.45
12619,3762,15,0.85205,186.7,74.5,213.89,99.4
12620,3762,15,0.83008,281.99,118.94,321.29,150.82
12621,3762,15,0.79834,169.22,147.85,201.89,177.1
12622,3763,17,0.89067,112.82,121.55,126.7,135.23
12623,3763,17,0.88132,81.99,120.69,95.64,134.4
12624,3763,11,0.82229,140.95,93.67,156.21,107.42
12625,3763,10,0.79664,109.34,80.92,126.08,94.18
12626,3763,10,0.71825,48.19,90.22,65.86,104.99
12627,3763,10,0.66662,78.94,79.02,94.49,93.07
12628,3763,11,0.59432,89.27,101.59,107.14,115.89
12629,3763,11,0.3538,50.24,105.87,65.22,119.42
12630,3763,10,0.21708,50.36,105.55,65.23,119.5
12631,3763,13,0.00989,50.47,104.94,64.99,118.83
12632,3763,13,0.00295,82.22,120.94,95.65,133.82
12633,3763,9,0.00147,81.91,120.88,95.63,134.29
12634,3763,13,0.00128,112.53,121.68,126.57,135.35
12635,3768,17,0.74316,335.19,99.3,353.59,118.43
12636,3768,17,0.36475,381.2,186.0,407.36,211.19
12637,3768,17,0.22815,356.98,145.31,382.17,162.75
12638,3768,11,0.00283,356.98,145.31,382.66,162.75
12639,3768,9,0.0028,357.47,145.31,381.69,162.27
12640,3768,2,0.0019,380.23,185.76,412.2,217.73
12641,3769,11,0.83149,149.75,61.93,165.83,78.52
12642,3769,10,0.83078,212.86,92.48,232.22,108.62
12643,3769,10,0.80831,274.61,87.89,291.21,103.89
12644,3769,17,0.73148,150.56,29.04,163.55,41.91
12645,3769,9,0.49812,197.8,62.89,216.38,77.17
12646,3769,9,0.18649,133.13,103.98,158.13,127.67
12647,3769,17,0.02722,133.3,104.07,158.2,127.86
12648,3769,12,0.00897,133.05,103.94,158.19,128.22
12649,3769,6,0.0047,0.0,161.55,14.56,195.6
12650,3769,6,0.00416,0.21,160.2,14.62,178.93
12651,3769,3,0.00262,0.02,164.39,13.75,191.74
12652,3769,11,0.00195,197.75,62.7,216.26,77.54
12653,3772,4,0.89594,150.71,80.95,209.4,139.5
12654,3772,3,0.87614,417.15,108.28,459.61,180.7
12655,3772,3,0.87406,53.14,58.71,124.06,108.53
12656,3772,3,0.75553,272.48,99.91,328.73,161.14
12657,3772,4,0.60312,274.37,99.19,328.39,160.12
12658,3772,2,0.00124,272.84,99.73,328.6,160.65
12659,3773,0,0.90039,207.28,170.5,255.99,220.2
12660,3773,1,0.85059,161.05,111.34,204.79,155.58
12661,3774,1,0.85665,421.08,193.21,436.58,208.59
12662,3774,0,0.81323,370.98,181.03,385.86,195.87
12663,3774,14,0.40942,273.66,10.27,298.45,53.16
12664,3774,14,0.24897,276.98,27.29,297.26,53.23
12665,3774,14,0.00135,273.61,10.71,289.08,48.32
12666,3775,9,0.80664,334.35,65.17,357.69,81.46
12667,3775,17,0.69092,404.62,18.97,420.19,35.02
12668,3775,9,0.29102,235.87,55.2,255.32,73.68
12669,3775,9,0.28467,310.76,27.72,329.24,40.85
12670,3775,14,0.00152,101.76,0.0,143.59,0.24
12671,3775,11,0.00118,235.63,55.2,254.84,73.92
12672,3777,10,0.85596,335.85,175.85,349.78,188.34
12673,3777,10,0.854,420.89,167.92,434.34,179.46
12674,3777,17,0.85107,364.68,177.53,376.21,188.58
12675,3777,11,0.84717,406.48,214.29,418.97,227.74
12676,3777,9,0.78418,353.14,197.47,369.48,210.93
12677,3777,9,0.6167,390.86,180.18,401.91,190.75
12678,3777,9,0.47852,396.87,196.51,408.4,209.0
12679,3777,17,0.37378,396.87,196.51,408.4,209.0
12680,3777,17,0.00114,421.85,168.16,434.34,178.73
12681,3778,10,0.90723,161.42,198.82,181.4,221.24
12682,3778,9,0.84277,274.35,180.79,292.87,200.28
12683,3778,17,0.70068,284.1,121.83,299.69,137.42
12684,3778,17,0.58691,196.38,149.6,213.93,163.73
12685,3778,9,0.10559,196.26,149.6,213.8,163.73
12686,3779,2,0.81491,389.65,35.43,417.16,57.41
12687,3779,2,0.07489,294.34,48.83,317.17,70.38
12688,3780,7,0.90243,277.86,116.47,311.9,142.95
12689,3780,7,0.88507,232.6,149.92,261.96,177.33
12690,3780,17,0.8553,222.56,107.26,240.43,125.2
12691,3780,17,0.82435,238.45,130.6,257.01,149.24
12692,3780,11,0.02095,289.32,193.55,316.03,215.4
12693,3780,10,0.00269,289.43,193.56,315.65,215.44
12694,3780,17,0.00177,350.25,98.75,369.63,124.74
12695,3780,10,0.00111,350.41,98.62,369.96,125.34
12696,3781,15,0.87598,195.91,26.63,216.38,44.63
12697,3781,14,0.00246,226.86,225.87,248.55,237.0
12698,3784,5,0.82713,302.19,146.35,434.64,197.19
12699,3784,14,0.82101,114.06,137.9,137.34,225.45
12700,3784,5,0.72322,460.92,137.51,500.0,197.49
12701,3784,10,0.01681,133.17,174.84,145.12,188.07
12702,3785,2,0.8623,188.75,70.14,207.46,95.73
12703,3785,2,0.85791,310.08,75.18,328.78,99.79
12704,3785,2,0.85205,189.49,31.01,207.21,53.89
12705,3785,2,0.8501,264.8,30.88,280.55,52.54
12706,3786,2,0.84807,330.12,179.02,355.94,194.29
12707,3786,2,0.83283,370.7,142.68,388.83,166.22
12708,3791,15,0.9047,358.97,167.96,377.14,184.29
12709,3791,15,0.89742,403.3,160.94,423.46,178.24
12710,3791,15,0.00162,493.07,142.69,496.0,152.44
12711,3795,5,0.8702,189.46,146.66,321.04,199.8
12712,3795,14,0.84326,11.88,140.37,42.19,221.99
12713,3795,14,0.82645,329.53,111.43,375.73,249.21
12714,3795,5,0.77054,335.85,146.81,486.55,205.04
12715,3795,5,0.02178,480.24,131.47,500.0,190.22
12716,3795,14,0.00882,489.99,140.61,500.0,242.24
12717,3795,8,0.00255,133.98,158.09,165.59,189.81
12718,3795,14,0.00184,486.94,137.75,500.0,214.88
12719,3795,5,0.00184,0.04,146.45,20.27,205.29
12720,3795,5,0.00147,0.0,145.54,34.42,214.51
12721,3795,14,0.00116,487.53,118.04,500.0,187.16
12722,3799,14,0.86355,325.16,90.76,348.44,154.06
12723,3799,14,0.86239,181.91,126.71,212.42,163.08
12724,3799,8,0.83559,202.85,117.13,228.39,136.21
12725,3799,14,0.78881,173.91,108.69,192.03,123.84
12726,3799,16,0.7809,11.2,116.82,36.73,154.68
12727,3799,14,0.73744,401.71,97.98,415.37,127.54
12728,3799,14,0.72493,77.09,118.52,94.11,148.42
12729,3799,14,0.70743,41.9,124.31,68.98,135.68
12730,3799,14,0.68587,444.77,91.94,458.77,124.87
12731,3799,14,0.68422,41.04,127.09,61.3,153.99
12732,3799,14,0.35818,68.44,140.24,77.25,150.21
12733,3799,14,0.24359,69.43,126.42,77.78,135.68
12734,3799,14,0.1198,41.61,125.78,64.51,139.73
12735,3799,14,0.04607,40.07,121.39,71.03,133.7
12736,3799,5,0.04106,92.07,125.44,96.82,133.39
12737,3799,14,0.03817,489.25,69.23,499.0,124.85
12738,3799,14,0.03159,70.08,122.91,82.04,136.0
12739,3799,14,0.02978,160.66,111.04,170.99,124.16
12740,3799,14,0.02903,165.21,110.71,172.12,124.46
12741,3799,14,0.02283,49.02,125.13,77.66,136.56
12742,3799,14,0.01643,68.73,126.58,78.85,145.95
12743,3799,14,0.01304,183.2,108.38,195.55,122.8
12744,3799,5,0.01223,101.68,126.02,107.08,131.5
12745,3799,5,0.01129,92.98,125.44,106.29,133.37
12746,3799,5,0.01006,96.27,126.24,106.21,131.89
12747,3799,14,0.00985,70.95,118.71,87.53,134.94
12748,3799,14,0.00925,37.46,121.52,64.48,130.83
12749,3799,8,0.00758,156.76,121.31,164.65,129.81
12750,3799,14,0.00689,156.52,109.07,160.77,123.1
12751,3799,14,0.00596,52.97,118.82,85.42,134.78
12752,3799,14,0.0059,76.34,118.09,88.79,131.38
12753,3799,14,0.00512,157.02,111.34,161.85,124.04
12754,3799,14,0.0051,60.44,139.39,76.79,151.89
12755,3799,14,0.00461,34.04,124.32,54.1,136.24
12756,3799,14,0.00451,63.07,127.58,77.88,144.04
12757,3799,14,0.00407,40.85,116.01,73.96,131.08
12758,3799,14,0.00404,40.1,125.52,57.27,136.28
12759,3799,14,0.00378,67.19,141.21,79.31,155.24
12760,3799,14,0.00361,37.62,125.25,58.35,143.72
12761,3799,14,0.00326,47.7,125.59,74.02,141.23
12762,3799,14,0.003,173.18,108.67,183.0,120.14
12763,3799,14,0.00259,27.37,124.07,49.26,152.67
12764,3799,14,0.00222,77.22,117.36,88.23,126.87
12765,3799,14,0.0022,68.42,141.38,81.75,151.37
12766,3799,14,0.0021,30.71,120.71,56.42,131.45
12767,3799,14,0.00198,189.41,108.41,198.35,122.43
12768,3799,16,0.00197,18.23,116.88,40.3,133.22
12769,3799,14,0.0019,157.1,121.34,165.81,130.08
12770,3799,14,0.00182,0.02,144.04,7.41,157.42
12771,3799,8,0.00165,320.99,89.72,349.69,153.43
12772,3799,14,0.00162,0.0,137.54,6.59,198.09
12773,3799,14,0.00159,155.17,108.04,158.97,122.51
12774,3799,14,0.00153,185.64,126.11,202.24,140.3
12775,3799,16,0.00116,12.86,114.85,26.67,123.34
12776,3799,14,0.00116,0.14,131.23,9.34,152.01
12777,3799,14,0.00113,189.45,125.59,202.65,134.29
12778,3799,14,0.00113,37.7,117.13,63.06,129.61
12779,3799,16,0.00111,13.45,110.46,26.94,121.91
12780,3799,14,0.00103,82.16,119.47,94.95,141.45
12781,3799,14,0.00102,77.56,117.04,95.37,128.69
12782,3799,16,0.00101,11.65,116.39,36.68,136.77
12783,3800,2,0.84353,133.28,24.46,160.06,46.79
12784,3800,2,0.2569,34.96,40.61,59.59,63.0
12785,3804,8,0.79053,16.89,0.61,112.68,37.42
12786,3804,8,0.62061,81.13,0.97,141.56,40.2
12787,3804,8,0.36841,0.02,0.36,16.35,49.04
12788,3804,8,0.11163,20.34,44.68,206.59,247.0
12789,3804,8,0.06635,0.28,0.0,30.85,59.82
12790,3804,14,0.0661,24.22,44.68,207.31,247.0
12791,3804,8,0.00477,55.07,45.53,152.21,192.54
12792,3804,8,0.00291,58.22,0.97,106.2,39.23
12793,3804,8,0.00251,490.67,7.99,496.0,39.48
12794,3804,8,0.00196,107.71,1.94,141.2,40.69
12795,3804,8,0.00166,60.67,8.84,96.88,36.93
12796,3805,2,0.86511,398.06,111.03,420.25,139.53
12797,3805,2,0.84772,302.53,113.14,321.15,141.83
12798,3809,10,0.90159,268.1,191.97,293.85,221.83
12799,3809,11,0.87153,190.29,210.97,216.11,235.84
12800,3809,10,0.81619,152.24,144.1,177.16,168.46
12801,3809,11,0.80489,245.72,148.9,269.46,173.5
12802,3809,17,0.15626,152.4,144.2,177.23,168.54
12803,3810,7,0.74719,149.35,65.72,170.54,80.44
12804,3810,7,0.7073,93.99,28.42,114.27,43.74
12805,3810,2,0.0021,231.21,130.23,246.21,146.99
12806,3813,7,0.88867,271.54,56.09,299.94,87.38
12807,3813,17,0.86963,293.2,85.46,311.5,103.27
12808,3813,17,0.85889,324.98,98.94,344.23,118.19
12809,3813,7,0.72168,265.76,126.86,296.57,157.67
12810,3813,17,0.00194,341.83,135.77,369.75,161.77
12811,3816,8,0.85843,0.0,105.25,86.08,244.39
12812,3816,14,0.76724,288.04,102.23,305.25,120.07
12813,3816,8,0.72635,250.85,95.6,283.7,145.32
12814,3816,14,0.72471,18.92,81.17,75.41,116.24
12815,3816,16,0.71398,168.77,118.68,177.49,128.53
12816,3816,16,0.59878,78.49,124.11,90.01,141.41
12817,3816,16,0.58641,124.45,123.72,134.18,138.53
12818,3816,16,0.58368,89.43,123.57,99.62,140.79
12819,3816,16,0.57661,131.0,116.89,140.18,127.17
12820,3816,8,0.56526,283.06,114.72,309.3,150.8
12821,3816,16,0.55905,99.61,123.13,109.52,139.89
12822,3816,16,0.50464,117.02,123.08,125.55,138.48
12823,3816,16,0.46229,109.05,122.93,117.12,139.17
12824,3816,8,0.08476,290.74,114.16,311.42,144.78
12825,3816,16,0.07215,0.0,106.42,9.46,127.7
12826,3816,16,0.05983,168.88,119.79,178.02,135.41
12827,3816,16,0.05351,127.05,122.45,137.83,138.69
12828,3816,16,0.0491,76.48,125.24,82.0,139.17
12829,3816,8,0.02404,0.04,105.95,10.33,136.24
12830,3816,16,0.02281,131.72,118.57,140.58,130.1
12831,3816,16,0.01573,132.32,117.76,143.84,128.55
12832,3816,16,0.01519,83.86,123.8,90.63,141.26
12833,3816,16,0.01261,136.06,120.83,143.62,128.56
12834,3816,16,0.01124,178.88,115.96,185.54,123.63
12835,3816,14,0.01008,0.01,107.09,8.95,126.26
12836,3816,16,0.00543,165.51,120.76,175.85,129.3
12837,3816,14,0.00521,480.69,125.56,488.0,241.79
12838,3816,16,0.00486,200.91,119.34,209.1,134.2
12839,3816,16,0.00451,161.78,119.38,180.89,138.84
12840,3816,16,0.00439,173.55,116.12,180.41,126.26
12841,3816,16,0.00439,175.18,118.11,182.84,129.23
12842,3816,16,0.00433,129.56,125.97,139.8,138.69
12843,3816,8,0.00351,0.03,102.17,18.41,135.72
12844,3816,16,0.00327,151.69,117.2,158.55,130.69
12845,3816,16,0.00314,148.83,117.72,154.7,130.38
12846,3816,16,0.00305,173.01,122.76,179.4,134.88
12847,3816,16,0.00277,122.81,115.37,139.2,131.83
12848,3816,16,0.00268,209.29,120.53,220.72,135.82
12849,3816,14,0.00262,285.84,103.0,308.92,143.03
12850,3816,16,0.00261,73.67,125.43,78.7,137.83
12851,3816,14,0.00254,7.99,100.49,78.28,128.69
12852,3816,8,0.00246,283.06,116.25,299.76,147.98
12853,3816,16,0.00226,138.67,122.25,144.15,130.19
12854,3816,14,0.00225,481.92,102.31,488.0,208.39
12855,3816,8,0.00224,0.04,181.99,5.54,220.4
12856,3816,16,0.00217,160.54,131.02,168.89,139.17
12857,3816,16,0.00213,149.25,118.23,161.16,131.47
12858,3816,16,0.0021,160.3,129.81,179.36,139.24
12859,3816,8,0.00207,304.25,113.67,315.23,132.01
12860,3816,16,0.00192,134.43,115.27,144.91,125.34
12861,3816,8,0.00192,0.03,105.53,11.65,162.64
12862,3816,16,0.00177,164.39,130.01,174.05,139.03
12863,3816,8,0.00166,307.69,114.04,317.5,128.53
12864,3816,16,0.00153,178.21,116.71,187.38,129.66
12865,3816,16,0.00149,147.87,128.99,154.33,138.25
12866,3816,8,0.00146,484.35,173.59,488.0,247.0
12867,3816,14,0.0014,478.09,35.81,488.0,127.8
12868,3816,8,0.00132,0.02,99.36,35.75,205.12
12869,3816,14,0.00127,484.49,118.04,488.0,163.21
12870,3816,8,0.00126,0.04,145.18,7.33,196.62
12871,3816,8,0.00119,279.51,115.89,289.69,143.69
12872,3816,16,0.00117,153.58,119.68,160.67,131.61
12873,3816,8,0.00114,317.01,115.79,324.47,127.63
12874,3816,8,0.00112,287.2,115.53,303.31,150.32
12875,3816,16,0.0011,175.77,121.66,182.93,133.02
12876,3816,16,0.00109,169.1,117.04,182.83,128.75
12877,3816,8,0.00103,0.0,91.08,10.67,130.44
12878,3818,7,0.90186,193.69,43.78,225.29,71.28
12879,3819,14,0.7944,352.61,66.95,374.26,118.6
12880,3819,14,0.57614,325.41,78.47,344.97,106.29
12881,3819,14,0.0859,362.85,82.87,382.23,118.99
12882,3819,14,0.02346,418.69,96.3,438.66,128.82
12883,3819,14,0.0038,355.27,79.56,378.06,118.85
12884,3819,14,0.00211,353.7,69.63,389.28,120.52
12885,3819,14,0.00119,325.79,69.15,360.55,109.0
12886,3820,15,0.83648,61.11,176.64,87.53,201.83
12887,3820,15,0.79334,93.82,144.91,114.26,160.73
12888,3820,7,0.73458,15.85,151.6,36.24,167.06
12889,3820,15,0.37733,144.72,131.0,158.81,149.25
12890,3820,17,0.04114,150.54,169.79,166.21,182.76
12891,3820,7,0.02706,150.46,169.83,165.87,182.62
12892,3820,7,0.00198,145.22,131.72,159.21,147.87
12893,3820,7,0.00193,91.81,130.05,103.01,140.93
12894,3821,17,0.80301,283.25,123.11,302.73,143.61
12895,3821,17,0.55748,111.42,118.71,134.42,141.04
12896,3821,2,0.00118,111.47,119.22,133.22,140.99
12897,3822,10,0.87107,176.01,150.33,192.43,166.88
12898,3822,10,0.85422,166.41,168.77,182.15,186.53
12899,3822,17,0.8266,274.6,166.28,288.93,181.01
12900,3822,17,0.81287,267.4,184.45,282.7,199.49
12901,3822,10,0.73383,189.17,192.02,207.46,211.39
12902,3822,11,0.66185,225.71,170.15,241.98,187.87
12903,3822,11,0.62589,213.98,138.73,233.55,153.6
12904,3822,10,0.3163,225.16,198.17,245.27,215.08
12905,3822,13,0.00262,225.72,169.63,249.46,188.42
12906,3822,13,0.00184,273.6,166.46,288.46,181.81
12907,3822,13,0.00102,166.77,168.03,186.45,187.49
12908,3827,4,0.9165,209.98,8.23,250.66,77.02
12909,3827,13,0.88965,302.25,142.41,345.84,186.0
12910,3827,1,0.88135,157.91,166.38,202.95,211.43
12911,3827,1,0.19678,302.01,141.92,345.12,185.52
12912,3829,7,0.89746,152.35,72.38,186.05,102.04
12913,3829,7,0.82227,261.04,75.7,299.0,107.5
12914,3829,17,0.00321,418.37,79.26,455.39,103.7
12915,3834,10,0.79688,117.26,161.93,136.71,184.57
12916,3834,9,0.31079,228.38,137.57,247.57,157.75
12917,3834,17,0.29907,148.39,111.48,166.11,126.49
12918,3834,17,0.20557,234.53,79.37,250.28,94.13
12919,3834,17,0.01147,228.38,137.81,247.57,157.99
12920,3834,17,0.00253,0.0,79.24,4.38,94.99
12921,3834,2,0.00165,0.0,71.74,4.83,95.12
12922,3836,15,0.86999,159.74,57.14,185.19,79.39
12923,3836,15,0.86953,233.81,70.79,264.77,103.53
12924,3836,7,0.75273,177.8,116.0,200.47,140.57
12925,3836,7,0.64122,150.94,25.24,171.01,44.85
12926,3836,15,0.52193,151.12,25.27,170.88,44.67
12927,3836,5,0.00109,332.44,3.22,359.7,12.17
12928,3840,7,0.88086,357.71,28.16,392.52,63.93
12929,3840,7,0.68604,399.29,99.58,439.41,129.55
12930,3840,17,0.02646,445.69,206.89,464.06,228.16
12931,3840,15,0.00672,400.01,100.31,441.1,129.79
12932,3840,17,0.00249,251.85,71.42,268.29,87.37
12933,3840,17,0.00116,234.93,55.83,260.55,80.97
12934,3841,7,0.88486,183.5,86.52,211.43,107.44
12935,3841,7,0.88373,239.24,10.86,263.35,31.32
12936,3841,15,0.05532,0.01,189.67,9.57,215.57
12937,3841,7,0.02975,0.0,191.73,9.7,215.02
12938,3841,2,0.00116,223.61,109.25,244.66,129.55
12939,3842,14,0.87854,0.0,49.71,45.43,173.45
12940,3842,14,0.82854,185.6,91.3,215.8,170.07
12941,3842,5,0.77967,403.17,131.94,478.28,172.98
12942,3842,14,0.76881,154.45,78.47,185.32,172.41
12943,3842,14,0.67178,209.87,92.26,231.91,169.75
12944,3842,14,0.00719,193.23,88.54,231.39,170.34
12945,3842,5,0.00606,486.74,138.63,500.0,173.11
12946,3842,14,0.00106,489.34,134.03,500.0,221.17
12947,3843,1,0.8877,307.62,183.59,353.88,227.88
12948,3843,0,0.85791,291.87,77.52,332.23,113.2
12949,3843,0,0.84717,166.97,101.39,205.37,140.03
12950,3844,15,0.8208,44.78,145.5,76.91,175.07
12951,3844,15,0.81982,126.56,178.3,167.67,214.79
12952,3844,15,0.81738,124.02,121.25,155.9,149.89
12953,3847,17,0.85791,129.51,146.84,142.99,160.32
12954,3847,9,0.7959,279.72,139.62,298.01,153.1
12955,3847,9,0.76221,206.54,122.77,224.11,136.25
12956,3847,17,0.02596,199.56,168.02,215.93,180.54
12957,3847,9,0.02315,199.56,167.54,215.69,180.06
12958,3847,17,0.00263,196.67,168.02,216.41,185.36
12959,3848,17,0.90755,388.2,164.22,402.17,177.54
12960,3848,17,0.88299,357.21,163.24,370.85,176.56
12961,3848,11,0.85803,415.41,135.04,430.95,148.76
12962,3848,10,0.83524,383.14,122.65,399.75,135.77
12963,3848,10,0.83102,325.99,148.85,340.25,162.07
12964,3848,10,0.82567,353.06,121.42,367.95,135.27
12965,3848,11,0.78759,363.58,143.6,381.68,157.94
12966,3848,10,0.68063,323.46,133.5,340.39,148.01
12967,3848,13,0.00685,353.44,121.07,369.05,135.62
12968,3848,13,0.00241,415.65,134.57,430.87,147.46
12969,3848,13,0.00133,357.42,163.34,370.95,176.64
12970,3859,7,0.93796,247.46,53.01,301.47,119.4
12971,3859,7,0.93353,368.77,64.78,426.68,142.78
12972,3859,8,0.00152,0.01,79.07,30.94,222.74
12973,3863,3,0.89765,159.86,82.47,239.17,126.89
12974,3863,3,0.89387,88.28,53.58,135.3,103.23
12975,3863,13,0.87212,176.85,10.11,212.69,47.51
12976,3863,3,0.8613,50.95,33.28,117.84,62.02
12977,3863,1,0.8535,201.62,41.86,240.33,81.53
12978,3863,14,0.00252,0.09,203.21,87.17,252.89
12979,3863,14,0.0011,0.0,143.77,94.81,253.53
12980,3866,8,0.80322,8.43,82.81,240.72,212.8
12981,3866,8,0.74023,363.49,0.96,398.16,31.29
12982,3866,8,0.68066,313.9,0.96,354.34,27.92
12983,3866,8,0.15564,0.0,73.18,66.92,223.39
12984,3866,14,0.03583,368.55,0.0,396.47,23.23
12985,3866,8,0.00289,64.75,81.36,241.69,159.84
12986,3866,14,0.00287,319.44,0.12,337.73,17.45
12987,3866,8,0.00212,127.82,81.85,241.44,196.43
12988,3866,8,0.0019,416.45,36.11,487.7,149.73
12989,3869,17,0.82666,220.12,62.64,241.54,84.12
12990,3869,17,0.47635,50.12,54.06,74.85,76.97
12991,3869,2,0.00321,49.76,54.33,73.77,76.59
12992,3869,2,0.00185,0.08,47.69,6.53,80.49
12993,3870,10,0.90283,174.65,83.83,195.97,109.32
12994,3870,10,0.88623,293.16,49.51,316.2,71.57
12995,3870,17,0.62061,70.9,56.38,90.02,73.04
12996,3870,10,0.47266,195.97,37.99,217.54,61.52
12997,3870,9,0.39233,70.96,56.38,89.96,73.04
12998,3870,9,0.28931,196.09,37.99,217.42,61.03
12999,3870,17,0.12085,285.32,128.93,318.65,161.29
13000,3870,9,0.00518,284.34,129.42,317.67,161.29
13001,3870,11,0.00141,196.09,37.99,217.66,61.52
13002,3871,5,0.84524,161.49,186.4,199.87,213.32
13003,3871,5,0.81402,229.17,184.34,269.71,216.37
13004,3871,5,0.76937,86.28,153.0,110.84,174.79
13005,3871,5,0.67015,137.09,163.94,157.46,180.95
13006,3871,5,0.65504,317.97,221.78,383.43,246.26
13007,3871,5,0.6218,181.68,179.24,216.64,200.5
13008,3871,5,0.62161,32.92,137.1,50.71,152.45
13009,3871,5,0.17995,147.2,162.93,189.87,182.68
13010,3871,5,0.02761,350.08,225.25,382.56,245.75
13011,3871,8,0.01425,11.43,172.09,21.2,184.83
13012,3871,8,0.011,52.28,190.91,65.61,202.35
13013,3871,14,0.00744,34.61,172.38,43.1,183.12
13014,3871,8,0.00631,52.72,187.36,65.76,198.94
13015,3871,14,0.00616,34.89,177.15,42.2,186.03
13016,3871,14,0.00598,35.16,172.45,48.25,184.17
13017,3871,14,0.00454,53.36,186.31,65.69,196.06
13018,3871,14,0.00349,35.25,176.0,47.75,187.0
13019,3871,14,0.0027,42.76,174.19,48.81,182.48
13020,3871,5,0.00172,0.04,175.04,6.82,187.16
13021,3871,5,0.00156,33.56,136.31,49.7,147.41
13022,3871,14,0.00133,34.57,169.97,41.1,181.35
13023,3871,14,0.0013,13.2,166.16,20.71,174.02
13024,3871,14,0.00121,121.5,229.68,130.17,245.18
13025,3871,8,0.00109,35.39,177.17,47.73,189.29
13026,3871,8,0.00108,35.14,178.1,44.33,188.3
13027,3875,4,0.91281,179.72,54.39,246.84,109.05
13028,3875,13,0.84108,63.75,37.24,114.22,88.48
13029,3875,1,0.03475,63.07,37.29,113.88,87.98
13030,3876,5,0.85547,239.75,122.07,368.65,176.27
13031,3876,5,0.85254,394.04,127.08,500.0,184.57
13032,3876,5,0.83398,0.12,131.59,101.93,173.1
13033,3876,5,0.7959,375.98,112.3,459.96,157.71
13034,3876,14,0.7832,148.93,97.9,224.37,233.64
13035,3876,14,0.60938,149.66,124.27,185.06,188.72
13036,3876,14,0.02042,171.39,103.52,215.58,226.56
13037,3876,14,0.02025,492.19,143.55,500.0,226.56
13038,3876,5,0.00423,0.05,132.32,10.68,172.36
13039,3876,14,0.00368,0.0,117.31,16.14,231.45
13040,3876,14,0.00178,495.12,144.53,500.0,230.47
13041,3876,5,0.00126,0.04,134.28,5.93,172.36
13042,3879,2,0.84878,349.67,129.8,385.65,156.23
13043,3879,17,0.82869,387.72,174.93,404.82,192.72
13044,3879,17,0.57547,268.25,175.82,283.94,192.97
13045,3880,7,0.89111,416.56,179.7,441.75,200.05
13046,3880,7,0.78418,343.42,180.19,365.22,194.72
13047,3880,2,0.00288,446.11,66.6,463.55,78.71
13048,3882,7,0.01303,51.23,159.92,89.78,209.92
13049,3882,7,0.00889,134.08,156.12,174.14,194.16
13050,3883,10,0.89746,193.87,98.02,215.49,115.79
13051,3883,9,0.89307,338.25,96.33,360.35,115.07
13052,3883,17,0.87842,291.4,120.12,308.7,137.41
13053,3883,10,0.87646,328.64,136.21,349.78,155.43
13054,3883,11,0.83545,307.5,55.97,322.88,69.91
13055,3883,17,0.7959,252.73,113.39,269.06,130.21
13056,3883,9,0.76367,283.24,82.4,301.49,99.7
13057,3883,9,0.33813,252.73,113.63,269.06,129.97
13058,3883,17,0.00144,282.52,82.16,301.73,99.7
13059,3884,5,0.85059,380.45,107.94,453.0,213.67
13060,3884,5,0.03091,419.38,105.84,453.0,143.77
13061,3884,5,0.00566,397.7,105.73,453.0,157.93
13062,3884,5,0.00219,91.13,131.83,120.99,153.95
13063,3884,14,0.00157,385.09,106.61,397.48,138.91
13064,3884,5,0.0011,0.0,130.72,13.29,180.27
13065,3884,14,0.00103,385.54,102.19,405.89,140.24
13066,3884,5,0.00101,414.51,105.51,453.0,130.72
13067,3890,12,0.88591,305.14,128.05,352.77,179.49
13068,3890,1,0.47446,105.44,165.36,160.15,220.56
13069,3890,12,0.35011,109.0,59.85,151.63,98.53
13070,3890,13,0.27227,105.43,164.93,159.39,220.97
13071,3890,0,0.21002,109.87,59.57,152.3,99.1
13072,3890,11,0.00768,110.34,59.5,151.47,99.08
13073,3890,6,0.00158,0.04,161.39,9.1,200.15
13074,3890,5,0.00109,338.82,40.39,381.91,123.46
13075,3891,1,0.88916,165.53,40.16,207.76,81.91
13076,3891,0,0.87598,101.87,160.89,153.56,211.18
13077,3891,0,0.8623,265.62,160.16,318.85,211.91
13078,3893,16,0.86084,2.24,115.98,24.84,145.22
13079,3893,16,0.84814,48.55,115.86,69.32,142.29
13080,3893,16,0.83984,25.87,116.22,47.82,144.49
13081,3893,16,0.82764,69.08,113.79,88.57,140.1
13082,3893,8,0.80176,293.84,96.0,354.27,174.46
13083,3893,14,0.75488,299.69,68.22,348.42,104.77
13084,3893,8,0.72021,418.84,93.32,433.46,114.27
13085,3893,16,0.7124,89.36,112.81,107.51,137.18
13086,3893,14,0.70752,419.33,82.6,433.46,96.49
13087,3893,8,0.60596,394.23,94.29,414.7,121.83
13088,3893,16,0.53125,106.96,112.08,122.8,134.98
13089,3893,5,0.50781,372.79,89.18,392.77,107.69
13090,3893,16,0.4397,272.89,100.99,280.69,109.77
13091,3893,14,0.37744,396.67,83.82,413.23,100.87
13092,3893,16,0.31909,229.28,106.48,238.54,120.61
13093,3893,16,0.29736,122.19,111.47,136.08,133.03
13094,3893,16,0.22815,221.85,105.26,230.62,121.34
13095,3893,16,0.20557,148.87,110.13,161.54,129.62
13096,3893,16,0.20435,135.71,110.86,149.85,131.82
13097,3893,16,0.19812,160.93,109.64,174.82,128.4
13098,3893,16,0.16882,204.42,106.48,214.66,123.53
13099,3893,16,0.16565,235.25,101.12,243.29,109.4
13100,3893,16,0.15918,213.8,105.75,222.09,122.07
13101,3893,16,0.1571,173.97,108.91,185.18,126.94
13102,3893,16,0.13757,184.93,107.94,195.65,125.97
13103,3893,16,0.1366,195.17,107.45,204.91,124.26
13104,3893,16,0.03333,234.15,101.97,241.46,109.77
13105,3893,16,0.01813,231.84,104.89,241.09,119.76
13106,3893,14,0.01698,236.22,73.83,247.67,102.58
13107,3893,14,0.01513,420.06,91.37,431.75,98.92
13108,3893,16,0.00603,233.91,103.8,241.7,114.03
13109,3893,8,0.00555,403.49,92.34,418.11,115.25
13110,3893,16,0.00489,273.87,99.9,284.59,105.99
13111,3893,14,0.00461,405.44,90.15,415.18,101.85
13112,3893,14,0.00459,398.37,92.83,412.5,105.5
13113,3893,16,0.00344,174.7,110.13,189.81,124.75
13114,3893,14,0.00296,405.92,91.13,417.62,113.54
13115,3893,16,0.00289,205.4,108.43,220.26,121.58
13116,3893,14,0.00288,405.19,83.94,417.86,102.46
13117,3893,14,0.00286,404.22,91.61,416.4,105.75
13118,3893,14,0.00252,419.57,86.98,434.19,100.14
13119,3893,14,0.0025,406.41,88.69,417.13,104.28
13120,3893,16,0.00246,0.02,113.18,1.15,118.78
13121,3893,8,0.00205,436.38,84.3,451.98,110.13
13122,3893,16,0.00194,258.27,101.24,280.69,114.15
13123,3893,16,0.00175,236.95,102.33,244.51,111.35
13124,3893,14,0.00169,419.08,81.26,438.57,98.07
13125,3893,16,0.00147,496.56,106.23,499.0,125.72
13126,3893,14,0.00139,437.6,84.18,451.24,110.01
13127,3893,16,0.00138,184.81,109.16,201.87,122.8
13128,3893,16,0.00126,266.31,112.57,276.55,120.85
13129,3893,14,0.00115,409.34,81.14,433.7,101.36
13130,3893,16,0.00104,266.31,105.5,280.44,121.1
13131,3893,16,0.00102,496.56,97.58,499.0,120.0
13132,3898,2,0.84717,294.63,195.11,323.06,224.53
13133,3901,2,0.85889,35.51,140.85,55.3,165.43
13134,3901,2,0.85791,166.61,182.45,188.83,209.86
13135,3901,2,0.85498,53.65,181.5,74.09,210.8
13136,3901,2,0.83984,145.58,126.67,164.01,151.25
13137,3902,11,0.86816,392.69,71.64,406.2,87.08
13138,3902,17,0.85889,386.42,25.45,398.96,38.23
13139,3902,10,0.8374,356.27,18.81,371.71,33.29
13140,3902,10,0.82568,456.61,25.09,473.5,38.59
13141,3902,9,0.82422,352.65,45.11,371.95,59.1
13142,3902,9,0.77588,402.1,51.62,416.57,65.61
13143,3902,9,0.76074,415.85,33.29,429.36,45.35
13144,3902,17,0.00435,416.33,32.8,429.36,44.62
13145,3902,8,0.00225,219.26,29.19,236.63,51.86
13146,3904,15,0.87158,328.41,129.71,359.69,162.37
13147,3904,15,0.8501,430.75,111.08,455.59,138.68
13148,3904,15,0.84717,352.33,95.21,371.65,118.67
13149,3904,15,0.01025,467.78,56.35,471.0,75.2
13150,3904,15,0.00113,463.64,70.37,471.0,94.75
13151,3906,2,0.88721,74.79,163.96,109.95,206.19
13152,3906,7,0.86719,65.02,125.33,96.92,148.69
13153,3906,7,0.0149,0.01,117.92,8.16,165.54
13154,3906,7,0.00144,0.0,126.68,5.45,163.52
13155,3906,5,0.00107,243.03,12.8,259.2,39.76
13156,3907,2,0.87061,337.76,185.41,356.15,211.75
13157,3907,2,0.85693,409.09,152.1,424.0,175.96
13158,3907,2,0.85596,275.38,142.66,291.28,166.52
13159,3907,2,0.8418,353.67,129.24,368.58,151.61
13160,3908,15,0.85177,243.95,138.68,265.7,161.19
13161,3908,15,0.82584,209.22,182.64,229.75,199.73
13162,3908,7,0.80871,296.01,175.33,317.69,192.13
13163,3908,7,0.49203,156.22,182.67,174.92,202.61
13164,3908,7,0.03728,302.55,147.3,313.98,156.69
13165,3908,17,0.00642,176.57,150.69,191.43,163.17
13166,3908,7,0.00349,156.32,206.69,176.56,219.99
13167,3911,2,0.8691,96.24,173.51,125.07,209.69
13168,3911,17,0.68268,35.68,150.91,52.69,166.77
13169,3911,17,0.49172,110.43,143.74,126.59,159.17
13170,3911,2,0.05476,110.97,144.02,125.82,157.51
13171,3911,2,0.00648,490.2,115.84,493.0,150.82
13172,3911,17,0.00204,35.76,154.09,53.55,172.05
13173,3911,2,0.00167,0.11,130.15,6.0,166.65
13174,3911,17,0.00148,37.05,165.01,53.92,174.29
13175,3911,2,0.00118,486.78,109.22,493.0,152.26
13176,3911,2,0.00108,0.0,101.2,5.93,147.6
13177,3914,12,0.86719,211.59,121.76,264.02,173.23
13178,3914,13,0.68604,109.19,60.76,162.03,110.8
13179,3914,6,0.00524,481.33,47.42,488.0,103.65
13180,3914,6,0.00487,482.76,61.95,488.0,103.89
13181,3914,1,0.00154,109.25,61.95,160.96,110.56
13182,3915,2,0.84622,136.39,40.49,157.36,67.82
13183,3915,2,0.82766,296.78,70.86,327.72,93.2
13184,3923,8,0.86426,0.0,0.0,121.93,197.4
13185,3923,8,0.45703,78.06,0.0,126.65,50.47
13186,3923,8,0.12042,127.35,29.24,186.08,117.45
13187,3923,8,0.06683,0.0,0.35,31.16,17.81
13188,3923,8,0.0386,7.22,0.0,119.92,111.32
13189,3923,8,0.01711,0.0,0.18,12.32,17.69
13190,3923,8,0.01554,476.4,74.53,483.0,127.83
13191,3923,8,0.00746,0.01,0.0,24.62,35.38
13192,3923,8,0.00701,0.0,0.53,53.98,29.24
13193,3923,8,0.0053,82.66,0.47,111.32,33.02
13194,3923,8,0.00385,476.4,35.61,483.0,119.57
13195,3923,8,0.00382,0.0,0.0,98.46,39.15
13196,3923,8,0.00315,28.18,0.0,121.93,78.3
13197,3923,8,0.00312,0.04,0.0,14.59,23.58
13198,3923,8,0.00311,50.59,0.0,122.64,51.41
13199,3923,8,0.003,0.32,0.83,31.87,10.49
13200,3923,8,0.00296,0.21,0.0,34.37,25.47
13201,3923,8,0.00295,43.57,0.0,76.82,19.1
13202,3923,8,0.00216,0.0,0.06,9.14,14.15
13203,3923,14,0.00212,477.34,73.58,483.0,120.51
13204,3923,8,0.00169,0.0,0.0,67.1,199.99
13205,3923,14,0.0014,477.34,27.12,483.0,114.85
13206,3923,8,0.00134,32.25,0.0,60.2,12.97
13207,3923,8,0.00114,32.25,0.0,49.23,7.78
13208,3923,8,0.00102,21.27,0.35,51.71,15.45
13209,3924,15,0.88965,47.87,0.0,85.96,32.46
13210,3932,2,0.87893,93.58,188.84,129.48,216.36
13211,3932,2,0.85015,215.23,195.82,245.73,224.26
13212,3932,2,0.00519,75.84,110.98,102.79,136.15
13213,3932,2,0.00237,501.35,117.58,506.0,145.75
13214,3932,2,0.00214,497.74,117.47,506.0,145.21
13215,3932,2,0.00129,154.17,0.48,202.58,25.69
13216,3933,15,0.90202,263.27,159.9,292.8,191.98
13217,3933,6,0.89569,196.26,105.79,225.76,147.87
13218,3933,2,0.67987,294.35,102.34,312.82,121.0
13219,3936,2,0.88574,273.25,45.26,313.37,72.65
13220,3936,7,0.83545,370.86,73.14,407.06,101.52
13221,3941,2,0.87258,57.69,12.82,79.17,40.97
13222,3941,2,0.83007,97.12,56.02,123.87,77.92
13223,3941,14,0.00126,102.48,126.42,110.83,151.77
13224,3941,2,0.0011,105.7,55.76,121.25,69.28
13225,3943,8,0.84473,6.38,135.5,47.69,168.5
13226,3943,14,0.74609,144.5,148.5,175.0,198.5
13227,3943,14,0.56006,44.47,135.5,58.84,162.5
13228,3943,14,0.56006,104.12,135.25,121.88,171.25
13229,3943,14,0.40552,179.5,152.0,199.5,178.0
13230,3943,14,0.29907,341.25,154.25,366.25,183.25
13231,3943,8,0.11438,0.0,137.0,10.48,162.0
13232,3943,14,0.07477,32.12,130.5,45.75,155.0
13233,3943,14,0.05942,116.38,149.0,132.25,173.0
13234,3943,14,0.03271,24.75,132.5,40.38,152.5
13235,3943,8,0.03162,0.0,131.5,5.76,162.5
13236,3943,14,0.02461,0.01,119.75,4.51,151.75
13237,3943,14,0.01898,349.5,154.5,369.5,183.5
13238,3943,14,0.01634,508.0,150.0,512.0,193.0
13239,3943,14,0.01484,0.0,129.0,4.16,162.0
13240,3943,14,0.01467,182.25,153.0,196.25,172.5
13241,3943,14,0.01333,23.34,131.5,36.81,148.5
13242,3943,14,0.01187,333.5,151.0,356.5,183.0
13243,3943,14,0.01133,0.02,126.25,7.57,163.75
13244,3943,14,0.00986,509.0,154.5,512.0,184.5
13245,3943,14,0.0096,115.38,146.25,127.62,172.25
13246,3943,14,0.00864,506.0,147.0,512.0,229.0
13247,3943,8,0.00522,0.0,137.0,18.78,164.0
13248,3943,14,0.00474,505.0,154.0,512.0,192.0
13249,3943,14,0.00468,179.75,149.5,211.0,184.5
13250,3943,14,0.00461,104.38,147.5,117.75,171.5
13251,3943,14,0.00443,355.0,155.25,372.0,181.25
13252,3943,14,0.00401,369.5,153.0,392.5,184.0
13253,3943,14,0.0039,0.0,135.0,18.22,163.0
13254,3943,14,0.00372,106.88,138.5,127.5,172.5
13255,3943,14,0.00307,153.75,149.5,199.25,180.5
13256,3943,14,0.0029,378.25,155.0,401.75,183.0
13257,3943,14,0.00286,503.0,157.5,512.0,200.5
13258,3943,14,0.00254,342.0,153.0,356.0,180.0
13259,3943,14,0.00242,27.56,132.75,46.38,167.25
13260,3943,14,0.00239,356.25,154.25,384.75,183.25
13261,3943,14,0.00222,105.81,137.0,118.94,162.0
13262,3943,14,0.00215,176.12,151.0,202.88,188.0
13263,3943,14,0.002,21.16,133.0,38.75,161.0
13264,3943,14,0.0018,47.69,128.25,64.06,163.25
13265,3943,14,0.00157,140.5,148.0,198.0,198.5
13266,3943,8,0.00145,139.88,145.25,200.12,198.75
13267,3943,14,0.00129,19.34,133.75,36.72,151.25
13268,3943,14,0.00121,509.5,143.0,512.0,183.0
13269,3943,14,0.00116,38.19,126.38,62.56,162.5
13270,3943,14,0.00114,389.0,162.5,407.0,183.5
13271,3943,14,0.00113,46.81,147.0,62.19,162.5
13272,3943,14,0.00108,506.0,148.25,512.0,183.75
13273,3947,0,0.89014,259.14,183.09,303.7,230.56
13274,3947,0,0.88428,189.39,146.77,232.98,191.81
13275,3947,1,0.84229,281.91,95.18,325.02,135.38
13276,3948,15,0.90601,203.45,150.05,223.12,168.06
13277,3948,15,0.89204,239.75,143.39,259.0,162.31
13278,3953,14,0.76991,381.18,139.61,393.42,168.75
13279,3953,14,0.67267,128.03,139.18,147.06,171.02
13280,3953,14,0.58462,429.12,146.35,444.21,175.42
13281,3953,14,0.50629,403.44,138.85,417.82,169.26
13282,3953,14,0.45594,444.02,144.68,465.9,175.39
13283,3953,14,0.44304,288.03,139.16,300.67,164.88
13284,3953,14,0.41724,263.6,140.02,273.64,162.6
13285,3953,14,0.407,399.58,140.25,409.33,168.84
13286,3953,14,0.3298,205.23,139.72,218.31,163.31
13287,3953,14,0.31095,267.82,139.2,279.23,162.76
13288,3953,14,0.23818,176.16,159.96,192.18,179.21
13289,3953,14,0.21817,206.24,140.31,216.68,157.02
13290,3953,14,0.21478,93.05,127.62,106.73,154.53
13291,3953,14,0.19736,217.25,146.51,226.25,160.92
13292,3953,14,0.18728,370.79,141.82,381.75,165.77
13293,3953,14,0.17115,442.91,147.84,458.65,173.96
13294,3953,14,0.16459,272.16,140.58,279.63,157.4
13295,3953,14,0.14255,494.54,140.01,500.0,175.02
13296,3953,14,0.13293,174.21,159.61,194.3,185.9
13297,3953,14,0.07517,392.51,141.79,402.63,168.78
13298,3953,14,0.07191,219.26,132.81,232.26,160.15
13299,3953,14,0.06659,491.95,135.8,500.0,185.9
13300,3953,14,0.06283,448.02,134.91,471.7,175.31
13301,3953,14,0.05958,463.73,149.78,475.83,175.18
13302,3953,14,0.05195,393.39,140.13,410.22,168.26
13303,3953,14,0.04299,213.12,146.43,224.28,162.05
13304,3953,14,0.03688,220.94,128.51,241.68,158.53
13305,3953,14,0.03681,494.1,121.09,500.0,175.21
13306,3953,14,0.03583,453.02,132.99,471.33,159.15
13307,3953,14,0.03565,64.95,125.44,81.27,155.43
13308,3953,14,0.03369,310.61,137.22,329.78,163.41
13309,3953,14,0.03188,460.48,140.89,474.46,165.92
13310,3953,14,0.02516,433.97,145.72,444.19,162.67
13311,3953,14,0.02402,451.1,144.16,468.94,175.74
13312,3953,14,0.02305,221.92,133.05,231.71,147.96
13313,3953,14,0.02231,489.59,133.48,500.0,220.0
13314,3953,14,0.0222,461.29,142.04,477.37,176.4
13315,3953,14,0.01946,361.77,142.84,381.8,169.37
13316,3953,14,0.01767,256.56,139.0,274.3,164.18
13317,3953,14,0.01673,454.57,133.34,477.29,176.98
13318,3953,14,0.01242,495.84,126.95,500.0,157.26
13319,3953,14,0.01176,175.58,158.89,187.59,173.79
13320,3953,14,0.01158,231.35,127.65,244.47,159.32
13321,3953,14,0.0104,268.99,140.43,277.36,153.95
13322,3953,14,0.00867,64.44,124.16,91.32,157.99
13323,3953,14,0.00833,451.9,133.39,468.09,151.85
13324,3953,14,0.00724,222.74,129.28,237.29,144.95
13325,3953,14,0.00719,429.29,143.17,441.95,159.52
13326,3953,14,0.00707,310.62,141.17,325.05,161.86
13327,3953,14,0.00685,434.59,147.08,445.63,171.55
13328,3953,14,0.0065,226.73,128.15,243.07,150.29
13329,3953,14,0.00643,217.28,140.5,230.42,160.85
13330,3953,14,0.00615,175.54,160.56,199.67,194.56
13331,3953,14,0.00581,0.03,120.16,5.65,158.56
13332,3953,14,0.00579,405.67,139.54,416.94,154.82
13333,3953,14,0.00503,204.46,138.48,222.66,170.39
13334,3953,14,0.00439,224.82,127.65,238.74,141.98
13335,3953,14,0.0042,399.79,139.45,408.49,154.99
13336,3953,14,0.00406,435.08,142.62,447.4,157.86
13337,3953,14,0.00369,322.58,148.48,333.39,163.95
13338,3953,14,0.00342,207.74,146.33,223.58,164.94
13339,3953,14,0.00319,289.49,139.39,299.63,157.38
13340,3953,14,0.00318,228.01,127.41,241.58,140.03
13341,3953,14,0.00316,352.37,137.9,368.29,168.16
13342,3953,14,0.0031,0.06,119.22,9.14,181.04
13343,3953,14,0.00289,496.24,123.92,500.0,142.79
13344,3953,14,0.00282,319.93,141.28,332.54,163.43
13345,3953,14,0.00252,178.15,160.0,197.17,181.64
13346,3953,14,0.00244,451.26,141.89,465.54,157.27
13347,3953,14,0.00238,493.73,127.98,500.0,160.5
13348,3953,14,0.00229,0.0,124.5,3.82,159.71
13349,3953,5,0.00218,130.61,121.92,196.49,157.82
13350,3953,14,0.00218,378.14,141.29,389.21,165.23
13351,3953,14,0.00216,484.26,142.38,500.0,227.69
13352,3953,14,0.0021,450.88,144.23,464.9,166.16
13353,3953,14,0.00196,163.09,159.97,194.34,191.38
13354,3953,14,0.00152,432.34,146.95,453.36,174.69
13355,3953,14,0.00149,0.08,122.63,8.61,161.21
13356,3953,14,0.00132,175.99,157.98,222.6,196.13
13357,3953,14,0.00128,229.2,127.98,244.27,143.55
13358,3953,14,0.00125,315.91,138.03,328.01,160.69
13359,3953,14,0.00121,0.02,123.75,7.47,204.24
13360,3953,14,0.00118,264.3,139.34,281.38,166.88
13361,3953,14,0.00114,481.87,131.88,500.0,181.66
13362,3953,14,0.00113,376.3,140.78,385.47,166.27
13363,3953,14,0.00111,464.75,141.39,477.7,168.04
13364,3953,14,0.00107,452.22,157.06,467.82,175.81
13365,3953,14,0.00101,286.17,138.58,306.31,172.28
13366,3956,14,0.81885,143.55,86.91,173.1,166.26
13367,3956,14,0.80566,280.52,89.36,307.37,174.32
13368,3956,14,0.79834,169.19,92.16,199.46,165.53
13369,3956,5,0.78418,406.74,131.84,477.05,172.85
13370,3956,14,0.74902,306.15,88.87,338.38,177.73
13371,3956,14,0.70068,219.73,97.41,245.61,165.28
13372,3956,14,0.6582,240.72,99.61,262.21,166.5
13373,3956,14,0.0546,218.51,96.92,261.47,166.75
13374,3956,5,0.03424,487.79,125.0,500.0,174.8
13375,3956,5,0.01883,472.41,104.98,499.76,131.1
13376,3956,8,0.00315,138.79,85.45,199.83,166.5
13377,3956,5,0.00273,492.19,130.86,500.0,173.83
13378,3956,5,0.00216,477.54,105.47,500.0,147.46
13379,3956,8,0.00213,277.83,88.13,342.29,176.51
13380,3956,5,0.0015,474.61,104.25,500.0,122.07
13381,3956,8,0.00108,218.26,99.61,262.7,166.5
13382,3956,5,0.00104,480.47,109.99,500.0,175.29
13383,3957,2,0.86858,135.97,164.34,156.91,190.65
13384,3957,2,0.85744,47.92,172.09,66.6,199.72
13385,3959,2,0.79443,416.21,39.22,444.64,63.98
13386,3959,17,0.0017,492.2,76.97,502.0,90.69
13387,3959,2,0.00104,499.55,128.69,502.0,147.81
13388,3960,7,0.8208,186.17,177.03,204.91,195.06
13389,3960,7,0.03198,80.74,187.0,101.74,204.56
13390,3960,2,0.01764,80.33,187.0,102.16,205.03
13391,3960,2,0.0039,0.0,177.03,3.5,199.81
13392,3960,2,0.00231,0.01,177.98,6.79,201.71
13393,3962,11,0.89746,166.03,105.36,181.5,119.36
13394,3962,10,0.89258,49.55,154.24,71.9,172.91
13395,3962,10,0.89014,190.59,186.41,212.2,205.57
13396,3962,17,0.87598,152.77,171.68,169.96,189.36
13397,3962,9,0.85791,199.19,144.91,221.54,163.57
13398,3962,17,0.82764,112.0,167.5,128.82,184.2
13399,3962,9,0.81885,142.45,133.61,161.12,150.8
13400,3963,2,0.88477,111.56,43.11,152.47,72.17
13401,3963,7,0.82227,210.11,68.1,244.97,96.92
13402,3965,14,0.76465,79.28,120.83,97.03,155.84
13403,3965,14,0.76221,162.62,133.65,179.14,172.11
13404,3965,16,0.68408,166.44,213.05,247.81,254.47
13405,3965,14,0.64062,193.07,152.63,219.21,186.17
13406,3965,14,0.63721,10.76,113.43,47.34,162.74
13407,3965,14,0.62988,47.78,119.1,63.06,152.14
13408,3965,14,0.46289,68.67,122.67,81.74,155.35
13409,3965,14,0.4187,185.92,134.63,196.28,150.42
13410,3965,14,0.36841,152.88,133.15,163.73,157.81
13411,3965,14,0.30737,208.61,138.58,216.99,156.33
13412,3965,14,0.27759,147.95,131.18,162.5,157.81
13413,3965,14,0.21472,185.92,145.48,197.76,168.17
13414,3965,16,0.18005,242.02,192.58,267.79,211.81
13415,3965,14,0.12085,156.58,133.4,164.47,157.07
13416,3965,16,0.10706,151.89,172.11,219.46,200.72
13417,3965,14,0.04453,146.84,130.2,157.44,156.83
13418,3965,14,0.0192,183.7,136.61,196.03,169.16
13419,3965,14,0.01322,147.09,129.95,155.72,148.2
13420,3965,14,0.01253,0.0,117.87,3.25,143.51
13421,3965,14,0.01238,206.76,139.81,219.83,162.99
13422,3965,16,0.01178,116.63,170.63,219.7,203.18
13423,3965,14,0.0107,0.0,94.93,3.23,143.26
13424,3965,14,0.00881,0.0,112.44,7.91,143.02
13425,3965,14,0.00664,0.05,95.43,8.81,143.26
13426,3965,16,0.0061,0.06,146.96,10.91,183.46
13427,3965,14,0.00569,133.52,135.13,145.11,161.76
13428,3965,14,0.00536,66.02,124.52,79.95,150.17
13429,3965,14,0.00477,133.15,136.85,143.02,156.58
13430,3965,14,0.00451,210.33,138.33,219.46,156.58
13431,3965,16,0.00407,0.0,155.35,115.77,204.66
13432,3965,14,0.00336,0.0,138.09,6.63,161.26
13433,3965,14,0.00315,82.67,120.09,93.76,133.89
13434,3965,14,0.00314,170.26,134.14,196.16,169.65
13435,3965,14,0.00309,45.99,118.36,58.19,138.09
13436,3965,14,0.00268,146.96,129.21,153.87,144.0
13437,3965,14,0.00266,73.6,124.28,84.33,151.89
13438,3965,14,0.00244,188.51,133.65,196.9,148.44
13439,3965,14,0.00229,69.04,122.55,80.76,144.25
13440,3965,16,0.00216,11.34,155.59,144.25,193.57
13441,3965,14,0.0021,50.27,120.58,62.66,143.26
13442,3965,14,0.00184,54.49,121.07,63.93,146.22
13443,3965,14,0.00182,0.03,92.96,4.53,134.63
13444,3965,16,0.00154,0.05,152.39,17.32,190.85
13445,3965,14,0.0015,0.05,142.52,7.78,171.13
13446,3965,14,0.0014,497.11,157.81,505.0,217.98
13447,3965,14,0.00139,147.7,129.21,158.55,142.52
13448,3965,14,0.0012,0.0,94.19,2.66,120.83
13449,3965,14,0.00117,55.91,121.56,63.62,137.84
13450,3965,16,0.00112,1.05,155.1,78.29,185.18
13451,3965,14,0.00107,59.36,124.28,66.76,137.59
13452,3968,3,0.89104,144.94,131.61,225.89,173.9
13453,3968,3,0.88469,304.42,89.93,357.82,126.93
13454,3968,13,0.88317,287.52,143.98,325.98,185.09
13455,3968,1,0.867,209.15,147.91,249.44,189.6
13456,3968,3,0.86428,232.51,100.6,295.8,131.65
13457,3970,2,0.89358,309.08,195.33,331.73,224.18
13458,3970,2,0.87725,410.08,187.32,430.93,217.14
13459,3973,17,0.75928,36.47,63.94,52.45,80.28
13460,3973,17,0.32764,116.1,32.21,130.72,48.07
13461,3973,2,0.01187,116.87,32.21,131.55,47.84
13462,3973,17,0.00547,230.9,180.93,254.1,205.56
13463,3975,4,0.88867,93.85,57.64,165.78,136.59
13464,3975,1,0.8125,267.86,69.75,316.3,115.04
13465,3975,13,0.75781,211.19,22.28,253.81,64.91
13466,3975,0,0.01215,269.31,70.23,315.81,114.8
13467,3975,12,0.00657,489.7,115.04,496.0,148.46
13468,3975,1,0.006,211.19,22.52,252.84,64.18
13469,3975,12,0.00587,491.16,116.49,496.0,140.23
13470,3975,12,0.00404,490.19,106.44,496.0,136.59
13471,3975,3,0.00207,487.28,93.48,496.0,139.02
13472,3975,3,0.00138,485.34,77.26,496.0,136.84
13473,3991,5,0.8208,341.22,155.84,386.97,177.76
13474,3991,5,0.29419,49.32,175.85,63.03,190.15
13475,3991,14,0.26294,94.84,170.13,104.37,193.01
13476,3991,5,0.16663,50.75,171.56,70.71,189.67
13477,3991,8,0.01935,0.13,177.28,13.92,203.97
13478,3991,16,0.01033,0.0,162.51,12.09,189.67
13479,3991,14,0.00885,0.0,127.96,2.87,164.65
13480,3991,16,0.00649,116.4,184.67,122.83,192.29
13481,3991,14,0.00607,119.14,163.22,128.43,191.82
13482,3991,5,0.0056,59.66,172.04,70.89,189.2
13483,3991,16,0.00545,0.37,181.09,13.79,203.97
13484,3991,8,0.00516,0.03,177.52,6.82,204.21
13485,3991,5,0.0047,341.7,157.03,370.77,176.57
13486,3991,5,0.00442,57.78,171.56,76.01,189.67
13487,3991,8,0.00417,69.22,175.14,76.73,188.48
13488,3991,16,0.0027,115.21,185.62,120.21,192.77
13489,3991,5,0.00213,47.63,170.61,56.86,190.15
13490,3991,5,0.0021,66.9,171.8,76.43,189.91
13491,3991,16,0.00208,0.02,177.28,4.86,195.39
13492,3991,16,0.00207,0.0,162.03,13.76,203.97
13493,3991,16,0.00176,122.83,187.53,127.6,192.77
13494,3991,5,0.00171,81.02,172.99,92.93,190.15
13495,3991,16,0.00151,0.0,172.52,10.45,196.34
13496,3991,8,0.00147,63.38,172.99,76.25,189.2
13497,3991,5,0.0014,48.73,172.52,56.0,182.05
13498,3991,16,0.00135,404.36,182.05,416.28,197.3
13499,3991,8,0.00132,0.31,162.98,12.35,188.72
13500,3991,16,0.00119,415.09,182.29,424.62,197.54
13501,3991,16,0.00106,120.09,163.46,129.62,192.05
13502,3993,13,0.88923,403.82,118.9,440.86,157.9
13503,3993,1,0.88735,350.21,149.94,391.83,192.09
13504,3993,3,0.88145,274.49,151.65,321.99,212.68
13505,3993,3,0.87379,336.9,78.61,368.73,116.96
13506,3993,3,0.81924,277.95,112.45,350.43,141.43
13507,3995,14,0.14709,31.77,0.36,74.2,7.55
13508,3995,14,0.00598,57.24,0.36,72.58,7.07
13509,3995,3,0.0044,67.73,27.21,101.65,45.19
13510,3995,14,0.00323,30.45,0.42,61.79,9.11
13511,3995,14,0.00199,102.31,0.48,118.02,12.95
13512,3995,8,0.00182,30.63,0.06,73.12,9.11
13513,3995,14,0.00177,31.53,1.02,72.76,17.26
13514,3995,14,0.00157,74.74,0.66,93.32,8.39
13515,3995,2,0.00105,0.0,68.81,2.74,95.66
13516,3995,8,0.00104,74.56,0.6,99.02,6.83
13517,3997,3,0.90833,288.03,7.03,346.71,78.71
13518,3997,13,0.89391,286.74,142.71,327.66,183.95
13519,3997,3,0.89069,352.84,43.76,429.26,91.6
13520,3997,3,0.88027,165.73,45.27,261.57,83.62
13521,3997,1,0.85345,212.99,106.89,254.08,148.48
13522,3997,5,0.01083,0.0,109.68,55.73,242.96
13523,3997,1,0.00132,206.42,52.55,259.79,145.63
13524,3997,6,0.00117,0.0,115.39,11.5,163.89
13525,3999,15,0.90886,201.32,175.6,219.61,191.71
13526,3999,15,0.88921,227.85,172.09,243.48,186.08
13527,4000,2,0.90137,387.71,73.32,409.09,94.19
13528,4000,2,0.88184,284.32,76.05,306.2,98.17
13529,4000,2,0.87744,306.44,15.41,324.84,38.27
13530,4000,2,0.86865,403.12,16.4,421.52,35.79
13531,4003,14,0.85584,52.74,114.36,77.32,193.58
13532,4003,5,0.8534,214.38,120.89,342.88,175.56
13533,4003,5,0.82867,376.03,121.29,499.75,180.15
13534,4003,14,0.80847,342.74,87.28,391.35,223.37
13535,4003,8,0.01845,156.64,133.79,186.99,164.17
13536,4003,14,0.00808,495.19,147.28,500.0,225.4
13537,4003,14,0.00463,492.87,151.9,500.0,211.43
13538,4003,5,0.00133,365.07,110.35,433.91,151.2
13539,4005,10,0.83134,116.8,75.55,132.99,91.84
13540,4005,11,0.77861,72.79,56.94,89.41,72.38
13541,4005,17,0.69071,58.44,156.36,73.68,171.9
13542,4005,9,0.5935,73.18,109.0,92.3,125.41
13543,4005,9,0.54634,120.29,119.56,138.72,135.25
13544,4005,9,0.3155,183.93,89.24,206.8,110.16
13545,4005,10,0.20926,72.82,57.0,89.55,72.26
13546,4005,6,0.03801,0.03,151.27,18.05,174.89
13547,4005,12,0.02051,183.65,89.02,207.07,110.26
13548,4005,12,0.00997,120.17,119.62,138.89,135.49
13549,4005,11,0.00474,73.15,108.99,92.41,125.32
13550,4006,7,0.87598,329.1,32.61,354.72,53.57
13551,4006,6,0.00657,0.01,134.62,21.22,169.09
13552,4007,10,0.88818,166.34,11.68,184.63,33.58
13553,4007,17,0.88818,187.04,50.31,203.89,67.64
13554,4007,9,0.88477,151.9,113.86,174.52,134.08
13555,4007,11,0.87891,96.65,145.88,120.36,168.02
13556,4007,10,0.87646,262.87,114.58,284.05,135.29
13557,4007,17,0.875,214.24,86.06,231.09,102.91
13558,4007,9,0.82422,112.66,62.35,133.84,83.05
13559,4007,17,0.53711,112.66,62.23,133.72,82.93
13560,4009,4,0.90176,298.43,139.15,368.15,195.86
13561,4009,13,0.86748,182.56,123.78,231.99,173.48
13562,4009,2,0.00129,182.72,123.96,231.66,173.4
13563,4012,14,0.08253,215.36,0.62,268.93,16.77
13564,4012,12,0.06034,275.96,68.91,296.62,92.22
13565,4012,12,0.03562,349.26,167.18,376.84,193.78
13566,4012,12,0.0197,415.96,145.35,440.97,169.56
13567,4012,14,0.00964,158.14,3.87,266.71,85.56
13568,4012,14,0.00767,151.74,10.04,213.93,98.26
13569,4012,14,0.0066,0.0,17.84,35.31,123.84
13570,4012,14,0.00411,107.36,3.59,213.62,98.38
13571,4012,14,0.00374,215.21,0.74,247.39,14.81
13572,4012,17,0.00368,317.53,133.02,342.21,158.64
13573,4012,14,0.00302,0.0,1.23,102.07,118.7
13574,4012,17,0.00217,386.95,87.52,410.19,109.22
13575,4012,13,0.00175,275.97,69.16,296.78,92.54
13576,4012,2,0.00164,0.01,38.27,5.4,82.54
13577,4012,12,0.00147,386.79,87.65,410.2,109.32
13578,4014,2,0.89404,115.07,98.21,141.06,133.6
13579,4014,2,0.88867,226.28,164.17,256.13,205.58
13580,4014,2,0.87305,319.44,90.75,343.03,125.66
13581,4014,2,0.87158,229.65,62.11,252.04,94.6
13582,4017,2,0.86586,295.04,67.22,330.36,109.36
13583,4017,17,0.79882,376.96,32.92,397.56,53.25
13584,4017,17,0.7946,395.76,102.11,417.14,121.14
13585,4017,17,0.03815,0.0,96.38,3.13,113.45
13586,4017,2,0.00437,0.0,85.87,3.19,113.24
13587,4017,17,0.00415,0.0,95.57,5.04,113.91
13588,4018,5,0.58535,389.34,235.86,451.18,247.0
13589,4018,5,0.55105,404.61,188.29,467.64,211.74
13590,4018,5,0.48449,284.26,147.29,300.51,160.54
13591,4018,5,0.07338,43.9,75.5,78.62,91.52
13592,4018,8,0.03318,146.05,170.35,152.64,178.59
13593,4018,5,0.02551,0.72,95.4,28.54,110.32
13594,4018,5,0.02328,124.46,140.75,158.6,157.3
13595,4018,5,0.02225,82.78,151.4,118.84,165.42
13596,4018,14,0.02224,145.08,163.36,152.29,170.12
13597,4018,8,0.01603,403.3,196.52,419.59,207.59
13598,4018,5,0.01261,0.77,86.84,28.62,99.38
13599,4018,5,0.0097,42.72,75.65,68.28,88.46
13600,4018,14,0.00901,93.58,167.7,100.89,175.82
13601,4018,5,0.0086,0.0,90.58,11.71,107.15
13602,4018,14,0.0086,144.6,161.61,153.86,167.39
13603,4018,14,0.00802,91.88,167.52,100.15,179.38
13604,4018,5,0.00751,148.34,130.9,193.7,148.32
13605,4018,14,0.00741,93.22,163.32,106.63,173.76
13606,4018,5,0.00716,17.69,104.47,52.43,124.15
13607,4018,5,0.00681,140.73,147.96,184.36,166.62
13608,4018,5,0.0067,24.82,150.9,67.75,166.06
13609,4018,5,0.00651,0.0,82.58,28.27,95.9
13610,4018,5,0.00591,0.0,78.89,25.03,93.41
13611,4018,5,0.00546,5.01,94.31,36.14,109.17
13612,4018,5,0.0054,0.0,71.97,23.36,91.67
13613,4018,14,0.00483,91.55,163.0,102.73,174.71
13614,4018,5,0.00475,0.0,88.3,9.53,102.33
13615,4018,5,0.0047,0.03,91.51,22.17,108.1
13616,4018,5,0.0047,344.65,91.71,390.14,107.72
13617,4018,5,0.00462,47.18,72.33,77.58,88.02
13618,4018,8,0.00374,82.21,173.01,103.58,185.21
13619,4018,14,0.00331,94.13,162.54,115.41,178.34
13620,4018,5,0.00321,0.6,101.55,29.2,117.3
13621,4018,5,0.00312,406.29,96.01,443.22,110.25
13622,4018,14,0.00306,93.3,171.52,101.41,182.65
13623,4018,5,0.00302,407.52,81.6,444.91,98.53
13624,4018,5,0.00299,13.68,102.52,48.88,119.74
13625,4018,5,0.00298,171.48,140.62,193.1,150.92
13626,4018,8,0.00298,93.3,171.61,103.93,183.87
13627,4018,5,0.0029,121.26,144.92,167.87,157.84
13628,4018,14,0.00285,396.69,164.31,406.21,177.6
13629,4018,5,0.00281,252.75,159.33,334.17,201.19
13630,4018,5,0.0027,0.0,72.17,13.21,90.73
13631,4018,5,0.00268,325.95,99.33,352.22,113.12
13632,4018,5,0.00267,0.03,97.84,14.56,111.52
13633,4018,14,0.00267,103.56,167.78,112.99,178.78
13634,4018,5,0.00257,364.82,98.42,393.52,108.24
13635,4018,5,0.00252,6.04,95.89,47.24,115.96
13636,4018,5,0.00247,363.03,92.17,393.57,106.34
13637,4018,5,0.00238,272.87,92.11,319.63,106.11
13638,4018,5,0.00234,217.0,102.77,263.46,124.93
13639,4018,5,0.0023,147.67,83.66,177.7,96.52
13640,4018,5,0.00201,160.05,89.21,178.8,97.8
13641,4018,14,0.00174,143.47,163.74,150.97,171.17
13642,4018,5,0.00174,123.87,147.08,173.31,166.07
13643,4018,5,0.00172,259.04,132.5,300.49,160.77
13644,4018,14,0.00169,143.14,161.07,152.86,169.53
13645,4018,5,0.00169,0.0,110.9,11.35,131.65
13646,4018,5,0.00164,0.0,100.44,13.86,116.94
13647,4018,8,0.00164,143.9,169.89,151.47,179.04
13648,4018,8,0.00164,81.96,175.16,96.4,185.09
13649,4018,5,0.00163,188.65,81.39,224.99,99.41
13650,4018,5,0.00158,414.1,82.43,453.81,106.87
13651,4018,5,0.00157,404.3,93.96,433.65,105.49
13652,4018,5,0.00156,159.82,138.96,193.83,151.98
13653,4018,5,0.00156,156.53,77.44,175.96,87.92
13654,4018,14,0.00154,85.03,158.52,116.73,169.02
13655,4018,5,0.00154,415.94,132.97,455.04,146.03
13656,4018,5,0.00151,426.79,106.42,453.85,119.34
13657,4018,5,0.00151,201.92,108.85,235.75,124.22
13658,4018,5,0.0015,414.34,92.95,457.73,111.01
13659,4018,5,0.00147,161.57,133.86,193.88,150.25
13660,4018,5,0.00146,434.51,117.06,475.73,134.72
13661,4018,5,0.00142,398.03,119.23,445.03,138.94
13662,4018,5,0.00141,430.87,114.68,469.69,128.15
13663,4018,5,0.0014,2.93,106.03,32.35,119.53
13664,4018,5,0.00138,201.48,103.84,250.98,124.53
13665,4018,5,0.00134,324.61,94.38,358.74,109.43
13666,4018,5,0.00132,287.6,92.57,334.89,110.48
13667,4018,5,0.0013,402.84,96.03,431.13,111.23
13668,4018,5,0.0013,264.4,91.0,302.76,106.31
13669,4018,5,0.00128,163.03,100.17,188.94,117.8
13670,4018,5,0.00127,261.88,93.89,299.11,110.23
13671,4018,5,0.00127,0.0,52.13,24.69,64.46
13672,4018,5,0.00126,172.91,132.75,193.59,149.14
13673,4018,5,0.00124,298.76,98.52,341.46,116.19
13674,4018,5,0.00123,367.38,92.31,408.74,107.58
13675,4018,5,0.00122,29.84,156.91,65.86,167.33
13676,4018,14,0.00118,79.92,148.75,116.27,163.77
13677,4018,5,0.00117,146.89,126.39,191.28,141.68
13678,4018,5,0.00117,374.33,114.7,403.05,127.25
13679,4018,5,0.00115,343.4,89.35,379.66,105.31
13680,4018,5,0.00115,430.69,95.42,482.72,119.42
13681,4018,5,0.00115,405.7,84.86,434.01,99.88
13682,4018,5,0.00114,159.89,142.26,193.9,156.35
13683,4018,5,0.00112,145.1,155.96,172.99,166.87
13684,4018,5,0.00112,397.14,125.73,446.0,140.94
13685,4018,5,0.00112,129.52,134.32,175.92,146.94
13686,4018,5,0.00111,348.59,85.95,388.64,104.22
13687,4018,14,0.00111,86.65,142.59,97.38,155.24
13688,4018,5,0.00111,404.55,90.31,431.66,101.56
13689,4018,5,0.0011,0.0,121.22,37.99,138.61
13690,4018,5,0.0011,121.37,134.52,168.39,151.77
13691,4018,5,0.00109,22.41,112.45,53.11,125.43
13692,4018,14,0.00108,78.6,155.4,114.14,168.41
13693,4018,5,0.00108,158.49,96.81,187.71,113.17
13694,4018,5,0.00107,203.83,102.19,251.13,117.8
13695,4018,14,0.00106,405.45,193.56,416.91,201.31
13696,4018,5,0.00105,0.78,117.71,29.68,133.92
13697,4018,5,0.00103,0.06,104.06,12.92,121.42
13698,4018,14,0.001,404.17,194.89,419.67,206.65
13699,4018,5,0.001,155.96,114.1,198.84,131.23
13700,4019,15,0.91265,87.12,17.85,127.21,57.57
13701,4019,15,0.88806,1.73,3.91,38.38,37.94
13702,4021,17,0.87256,73.23,123.41,89.51,140.06
13703,4021,9,0.87158,117.87,152.39,137.35,174.09
13704,4021,10,0.86084,97.15,72.5,113.18,89.26
13705,4021,17,0.854,90.62,108.25,106.4,123.54
13706,4021,10,0.85205,45.12,144.5,65.65,162.74
13707,4021,9,0.8418,139.57,122.3,160.77,139.07
13708,4021,11,0.80908,192.21,134.14,214.4,149.92
13709,4023,10,0.75781,178.17,105.82,197.86,128.21
13710,4023,9,0.62451,287.93,77.15,306.63,97.33
13711,4023,17,0.3208,291.87,17.6,308.6,34.08
13712,4023,9,0.14709,206.84,54.76,224.56,69.28
13713,4023,17,0.10742,206.72,54.88,224.44,69.4
13714,4024,17,0.79911,78.66,103.65,89.87,115.07
13715,4024,17,0.79706,59.48,96.06,70.74,106.91
13716,4024,10,0.7482,124.41,85.21,136.82,96.31
13717,4024,11,0.57673,130.46,98.15,143.3,109.98
13718,4024,11,0.44837,83.66,89.68,99.71,101.76
13719,4024,12,0.40141,83.7,89.6,99.72,101.6
13720,4024,11,0.35752,54.44,81.95,66.98,93.54
13721,4024,12,0.28725,103.84,76.87,117.3,87.95
13722,4024,10,0.26507,103.57,76.92,117.4,88.26
13723,4024,9,0.2198,68.45,74.98,84.07,86.87
13724,4024,13,0.1493,129.33,98.56,142.6,110.21
13725,4024,11,0.13752,68.56,75.12,83.79,86.5
13726,4024,9,0.08758,59.35,96.49,70.72,107.04
13727,4024,13,0.02373,78.73,103.79,89.88,115.19
13728,4024,13,0.01833,104.23,76.44,117.64,88.13
13729,4024,9,0.00946,78.5,103.74,89.73,115.16
13730,4024,13,0.00515,125.7,79.93,139.58,95.47
13731,4024,11,0.00441,124.74,85.48,137.23,96.5
13732,4027,8,0.84864,333.81,15.21,449.49,114.67
13733,4027,8,0.53076,450.39,9.67,486.95,80.35
13734,4027,8,0.45585,424.18,16.1,473.56,84.56
13735,4027,8,0.00992,461.95,15.68,487.0,92.77
13736,4027,8,0.00216,423.85,23.98,458.14,74.18
13737,4027,8,0.002,476.48,25.69,486.98,75.59
13738,4027,8,0.00169,419.99,0.0,484.05,81.08
13739,4027,8,0.00111,468.68,7.19,487.0,56.8
13740,4028,14,0.04025,89.96,86.28,104.67,107.36
13741,4028,14,0.01816,0.86,29.54,126.85,256.0
13742,4028,5,0.00598,369.15,110.79,388.76,128.2
13743,4028,5,0.00356,2.97,48.17,125.5,253.94
13744,4028,14,0.00165,370.13,110.79,387.78,127.95
13745,4028,14,0.00162,494.65,102.83,502.0,191.19
13746,4028,6,0.00129,212.52,237.76,246.34,255.41
13747,4028,5,0.00105,297.08,85.55,359.83,119.86
13748,4030,2,0.86328,124.07,183.83,140.06,206.69
13749,4030,2,0.83545,118.72,141.76,133.74,162.19
13750,4030,2,0.83545,39.0,160.97,55.41,182.37
13751,4030,2,0.83008,171.43,166.32,186.26,187.24
13752,4030,5,0.00143,203.41,206.2,246.2,250.95
13753,4030,2,0.00142,119.52,141.52,132.4,156.11
13754,4032,14,0.76074,198.11,139.98,213.37,178.73
13755,4032,14,0.57373,158.63,135.62,169.77,173.41
13756,4032,14,0.50977,282.15,158.88,299.59,187.94
13757,4032,14,0.35571,168.8,137.08,182.85,176.8
13758,4032,14,0.31567,185.76,150.88,200.29,173.16
13759,4032,14,0.12085,11.43,124.24,23.99,158.15
13760,4032,14,0.09637,0.21,128.6,7.72,164.45
13761,4032,14,0.0824,282.63,147.01,304.91,188.18
13762,4032,14,0.03934,164.93,135.14,173.16,171.47
13763,4032,14,0.02988,11.59,124.48,36.15,158.39
13764,4032,14,0.01572,66.6,141.92,108.62,186.97
13765,4032,14,0.00685,1.31,128.36,13.26,163.23
13766,4032,14,0.00578,25.13,124.97,38.21,154.03
13767,4032,14,0.00569,155.48,135.87,165.66,174.62
13768,4032,14,0.00555,166.62,135.38,177.77,172.68
13769,4032,14,0.00492,189.15,140.47,210.95,175.83
13770,4032,14,0.00428,0.09,122.06,8.61,181.16
13771,4032,14,0.00344,172.44,139.5,201.02,181.16
13772,4032,14,0.00252,75.32,142.41,108.98,171.47
13773,4032,14,0.00142,43.35,139.98,114.07,210.7
13774,4032,14,0.00141,180.91,139.5,200.77,173.41
13775,4032,14,0.00135,0.02,0.24,7.07,53.52
13776,4032,5,0.00134,181.64,139.02,204.89,173.89
13777,4032,14,0.00132,10.49,135.14,21.81,159.36
13778,4040,10,0.83372,328.91,15.45,345.0,31.43
13779,4040,9,0.80458,295.02,57.85,314.27,73.92
13780,4040,17,0.77415,292.95,106.74,307.42,118.99
13781,4040,11,0.75082,282.32,7.66,298.13,23.52
13782,4040,9,0.74255,343.18,57.43,361.81,73.12
13783,4040,9,0.73066,399.53,11.35,422.77,33.21
13784,4042,13,0.85407,308.18,192.31,348.87,232.44
13785,4042,1,0.65297,232.88,108.42,268.06,142.83
13786,4042,0,0.02889,232.81,108.29,269.08,144.59
13787,4042,13,0.00471,232.48,108.57,268.58,144.44
13788,4042,4,0.00336,59.3,174.36,145.51,219.54
13789,4042,14,0.00119,0.0,0.18,95.5,106.37
13790,4043,14,0.86182,158.62,136.24,192.15,209.42
13791,4043,14,0.84565,230.76,131.71,257.89,214.41
13792,4043,14,0.84456,108.96,118.36,141.48,208.19
13793,4043,14,0.8327,303.99,124.76,333.44,224.37
13794,4043,5,0.68,391.69,183.66,461.57,225.04
13795,4043,14,0.04331,186.66,134.52,203.94,204.52
13796,4043,14,0.0164,167.96,134.36,203.68,200.72
13797,4043,8,0.00219,105.12,114.21,148.82,208.74
13798,4043,14,0.00105,188.57,134.8,213.7,205.89
13799,4046,10,0.89697,215.03,197.31,234.28,218.31
13800,4046,17,0.8916,205.3,167.56,223.02,185.06
13801,4046,10,0.87891,154.66,110.03,173.03,127.75
13802,4046,9,0.85596,276.5,170.84,297.06,192.28
13803,4046,9,0.84082,247.62,136.06,268.62,152.25
13804,4046,17,0.83984,189.44,147.0,206.06,162.31
13805,4046,11,0.80908,299.69,123.7,320.25,138.69
13806,4051,10,0.89502,178.53,121.2,198.25,142.03
13807,4051,17,0.89258,167.18,91.48,185.43,109.48
13808,4051,9,0.86523,241.16,90.5,262.36,113.18
13809,4051,10,0.86084,111.7,35.01,130.94,53.26
13810,4051,17,0.85107,149.68,71.51,166.94,87.78
13811,4051,9,0.84912,209.22,56.71,231.42,73.48
13812,4051,11,0.80811,262.86,41.55,284.06,57.58
13813,4053,8,0.88721,388.18,94.97,499.51,226.81
13814,4053,8,0.78906,52.73,121.22,84.11,145.51
13815,4053,14,0.76074,128.42,94.97,152.83,169.68
13816,4053,14,0.72168,249.27,93.99,269.78,139.89
13817,4053,14,0.65479,152.59,117.43,172.61,140.87
13818,4053,8,0.0336,107.12,85.45,185.79,169.43
13819,4053,8,0.01927,490.23,149.41,500.0,228.52
13820,4053,5,0.01116,0.24,2.93,42.33,250.98
13821,4053,14,0.00615,489.26,86.43,500.0,120.12
13822,4053,14,0.00365,496.09,87.52,500.0,113.4
13823,4053,14,0.0034,54.99,118.9,69.15,134.77
13824,4053,8,0.00196,491.21,157.47,500.0,207.76
13825,4053,8,0.00148,466.31,118.9,499.51,224.37
13826,4053,8,0.00145,89.54,89.84,166.75,175.29
13827,4053,14,0.00123,53.28,119.63,68.12,142.09
13828,4053,8,0.00107,484.38,123.78,500.0,214.6
13829,4055,0,0.88721,105.4,120.6,148.79,166.19
13830,4055,1,0.86377,167.91,65.2,210.07,107.36
13831,4056,7,0.6958,68.67,72.73,95.34,99.53
13832,4056,15,0.32593,68.19,72.5,95.46,100.25
13833,4056,2,0.00258,194.04,222.51,214.61,249.31
13834,4058,15,0.8623,177.61,93.31,222.87,140.88
13835,4058,15,0.84375,46.42,28.87,83.26,65.59
13836,4058,15,0.80908,61.9,159.59,100.0,197.01
13837,4058,17,0.00319,142.04,4.5,169.29,32.91
13838,4058,17,0.00175,0.03,56.35,12.7,81.3
13839,4060,10,0.89111,287.77,57.85,310.32,80.4
13840,4060,10,0.85498,170.23,91.55,190.82,116.8
13841,4060,9,0.80078,67.96,63.73,86.71,80.4
13842,4060,9,0.50391,191.44,45.71,212.52,69.74
13843,4060,17,0.4707,277.96,137.27,311.3,168.64
13844,4060,10,0.33813,191.44,45.84,212.52,69.86
13845,4060,9,0.20435,277.72,137.27,310.56,168.64
13846,4060,11,0.00118,191.44,45.59,213.01,70.1
13847,4061,14,0.87064,230.97,118.36,271.58,216.27
13848,4061,14,0.86359,168.17,122.83,194.09,206.12
13849,4061,14,0.80357,318.31,131.89,345.07,224.96
13850,4061,14,0.7696,80.56,123.69,115.72,200.32
13851,4061,5,0.75539,396.86,179.79,468.97,221.27
13852,4061,14,0.0309,230.38,122.47,250.24,214.92
13853,4061,5,0.00962,495.89,159.46,500.0,182.24
13854,4061,5,0.00471,493.79,156.09,499.94,183.3
13855,4061,14,0.00463,0.0,133.37,4.08,188.38
13856,4061,14,0.0024,0.0,125.55,4.58,212.81
13857,4061,14,0.00189,0.01,138.08,6.81,187.22
13858,4061,5,0.00176,401.44,156.86,485.07,203.77
13859,4061,5,0.0013,467.04,155.73,499.95,186.71
13860,4061,5,0.00118,490.32,158.58,500.0,194.15
13861,4061,5,0.00108,489.06,149.55,500.0,186.39
13862,4061,5,0.00107,480.86,181.41,500.0,225.43
13863,4061,5,0.00105,430.89,155.82,497.69,199.49
13864,4061,5,0.001,494.54,148.05,500.0,157.24
13865,4062,13,0.90511,214.2,97.83,255.19,138.96
13866,4062,3,0.89497,274.17,0.0,350.03,45.15
13867,4062,3,0.89493,210.39,0.59,268.4,34.99
13868,4062,3,0.88316,90.08,10.12,186.02,51.25
13869,4062,1,0.86223,139.77,68.17,181.26,110.99
13870,4063,7,0.87402,76.45,58.62,108.41,86.0
13871,4063,7,0.82422,255.13,62.46,289.72,89.37
13872,4063,2,0.00221,199.51,50.45,221.62,73.03
13873,4063,17,0.00204,156.63,16.1,166.24,27.63
13874,4065,11,0.92983,265.22,113.16,280.99,125.62
13875,4065,10,0.83615,230.16,138.45,244.43,153.02
13876,4065,10,0.82361,236.59,124.19,249.91,138.37
13877,4065,10,0.7925,285.29,154.9,301.79,168.79
13878,4065,17,0.7821,319.23,129.4,331.24,141.67
13879,4065,11,0.77839,280.77,135.7,294.3,149.53
13880,4065,10,0.71825,255.53,153.36,270.91,168.66
13881,4065,17,0.69113,316.55,143.32,328.98,155.33
13882,4065,17,0.02354,265.65,113.99,280.19,125.29
13883,4065,10,0.00652,319.18,129.78,331.29,141.67
13884,4065,13,0.00265,280.2,132.98,298.87,149.49
13885,4066,10,0.89258,104.26,169.49,128.72,191.73
13886,4066,9,0.8833,131.94,86.72,152.44,108.46
13887,4066,10,0.87061,239.91,123.54,262.64,144.29
13888,4066,11,0.85596,94.26,42.5,115.13,62.26
13889,4066,17,0.84912,157.63,158.62,176.9,178.38
13890,4066,17,0.8374,193.83,142.81,212.6,161.58
13891,4066,17,0.54297,193.7,66.96,216.43,87.22
13892,4066,10,0.28467,193.46,66.96,216.19,87.22
13893,4066,9,0.18591,193.7,67.08,216.43,87.34
13894,4068,8,0.85808,70.78,113.95,122.52,172.31
13895,4068,14,0.81666,391.7,69.36,427.16,146.94
13896,4068,14,0.73926,119.78,98.08,171.75,171.94
13897,4068,8,0.68629,0.15,126.19,36.76,181.15
13898,4068,14,0.09236,450.45,56.36,481.05,108.47
13899,4068,14,0.02605,446.79,56.29,483.78,129.05
13900,4068,14,0.01507,245.36,96.96,261.03,126.74
13901,4068,14,0.01478,490.52,64.35,499.0,173.77
13902,4068,8,0.00753,379.97,66.69,437.45,148.36
13903,4068,14,0.00381,462.24,78.13,487.41,109.87
13904,4068,14,0.00279,476.29,81.49,491.06,103.88
13905,4068,14,0.00244,456.05,50.38,497.74,197.57
13906,4068,14,0.00172,486.87,55.11,498.95,153.36
13907,4068,14,0.00147,98.1,94.49,113.64,125.68
13908,4068,8,0.00146,0.01,127.07,16.24,167.23
13909,4068,14,0.00119,0.04,117.26,22.96,179.68
13910,4068,8,0.00106,0.0,132.76,16.05,184.59
13911,4069,15,0.9375,389.06,72.22,438.67,123.53
13912,4070,2,0.83203,349.67,178.48,364.26,199.88
13913,4070,2,0.82422,298.12,154.41,311.74,173.38
13914,4070,2,0.8208,418.49,156.11,432.59,175.56
13915,4070,2,0.78516,339.7,138.6,352.83,156.6
13916,4070,2,0.0161,339.94,137.63,355.51,166.81
13917,4070,14,0.00483,202.07,92.89,247.3,249.97
13918,4070,2,0.00372,352.59,199.88,371.07,226.14
13919,4073,2,0.88721,233.44,131.31,257.27,151.73
13920,4073,2,0.88232,271.61,92.89,289.12,112.83
13921,4073,2,0.86426,364.75,112.34,381.77,136.17
13922,4073,2,0.86084,351.62,157.57,374.96,182.86
13923,4077,2,0.82568,130.69,191.59,162.25,222.66
13924,4077,2,0.37012,161.02,160.28,179.27,189.87
13925,4077,2,0.04691,303.79,169.16,331.41,190.85
13926,4077,2,0.00148,0.12,187.9,7.61,226.36
13927,4077,2,0.00107,495.63,216.01,505.0,233.76
13928,4081,12,0.87158,307.23,138.87,354.79,182.62
13929,4081,12,0.86719,172.28,142.2,209.61,174.54
13930,4081,12,0.86133,366.68,149.33,409.0,187.38
13931,4081,12,0.81152,323.4,111.52,357.64,143.86
13932,4081,12,0.78662,222.81,175.49,263.95,213.54
13933,4081,12,0.09399,362.63,130.79,400.21,165.03
13934,4081,12,0.07367,354.79,114.14,370.48,138.87
13935,4081,14,0.04568,451.81,106.06,486.52,226.85
13936,4081,12,0.04337,367.15,114.02,433.73,175.02
13937,4081,14,0.03062,449.9,29.96,487.0,205.45
13938,4081,12,0.02615,372.86,134.12,400.44,157.89
13939,4081,12,0.01634,361.68,127.93,382.13,165.03
13940,4081,12,0.01578,176.44,113.9,221.86,147.67
13941,4081,12,0.00967,350.03,128.88,382.37,171.69
13942,4081,12,0.00895,356.69,113.19,412.81,165.03
13943,4081,12,0.00712,294.39,83.94,328.63,120.56
13944,4081,12,0.00612,351.93,114.62,371.91,158.85
13945,4081,14,0.00494,428.5,0.95,486.52,140.54
13946,4081,12,0.00481,217.7,128.88,306.28,189.76
13947,4081,12,0.00399,370.01,146.96,401.39,162.17
13948,4081,12,0.00384,373.81,132.21,397.59,151.71
13949,4081,14,0.00374,443.25,92.98,486.05,252.77
13950,4081,12,0.00279,388.08,119.61,439.44,179.06
13951,4081,14,0.00265,391.88,1.37,487.0,143.63
13952,4081,14,0.00226,386.65,32.34,486.52,209.73
13953,4081,12,0.0015,371.91,140.3,398.54,155.52
13954,4081,2,0.00142,223.05,176.92,263.95,213.06
13955,4081,12,0.00133,340.76,118.18,367.87,162.89
13956,4081,12,0.00118,390.46,134.12,426.6,188.33
13957,4086,5,0.69156,8.13,50.16,240.59,233.28
13958,4086,5,0.66818,124.86,74.14,357.93,188.36
13959,4086,5,0.39537,18.4,70.73,307.24,210.08
13960,4086,5,0.30163,229.26,74.09,426.34,166.92
13961,4086,5,0.24089,8.66,147.14,190.46,234.05
13962,4086,5,0.02838,406.34,81.25,439.42,108.2
13963,4086,5,0.01544,280.26,74.24,355.34,108.08
13964,4086,5,0.01015,357.77,78.83,417.92,108.54
13965,4086,5,0.00878,407.16,81.0,483.9,121.57
13966,4086,5,0.00619,233.1,73.93,339.14,121.34
13967,4086,5,0.00575,358.54,79.35,428.37,131.26
13968,4086,5,0.00194,342.08,94.3,428.32,158.49
13969,4086,5,0.00185,310.59,77.63,426.67,161.11
13970,4086,14,0.00155,436.84,69.81,484.93,234.97
13971,4086,8,0.00135,181.06,109.88,266.51,196.99
13972,4086,8,0.00127,173.32,74.47,351.98,188.22
13973,4089,11,0.8593,153.89,28.25,169.74,44.44
13974,4089,10,0.83165,217.42,58.08,236.46,74.12
13975,4089,10,0.78298,279.16,53.18,295.49,69.23
13976,4089,9,0.76468,201.85,28.46,220.77,43.44
13977,4089,9,0.33139,137.29,69.93,162.47,93.6
13978,4089,17,0.17053,137.27,69.86,162.64,93.69
13979,4089,17,0.03641,153.99,0.19,167.63,9.45
13980,4089,6,0.00439,0.0,129.34,20.04,175.87
13981,4090,2,0.86589,221.01,66.68,248.86,103.37
13982,4090,17,0.62442,158.05,53.68,174.23,69.19
13983,4090,17,0.45464,229.33,38.2,245.15,55.01
13984,4090,2,0.00294,229.3,39.04,245.78,54.42
13985,4090,2,0.00217,158.57,53.67,174.96,70.44
13986,4091,2,0.87809,104.91,147.64,131.54,164.41
13987,4091,2,0.8538,30.29,152.79,51.66,179.65
13988,4092,2,0.89746,52.69,117.47,75.54,142.73
13989,4092,2,0.88428,80.18,174.42,102.1,196.34
13990,4092,2,0.86816,216.6,169.66,244.24,192.53
13991,4092,2,0.85791,167.27,120.09,186.1,144.88
13992,4093,15,0.85205,271.35,66.36,301.45,95.09
13993,4093,15,0.83545,347.29,38.54,378.3,66.58
13994,4093,15,0.81396,352.53,93.26,394.49,130.66
13995,4096,7,0.90381,93.07,63.64,124.77,89.0
13996,4096,2,0.87402,99.29,105.27,135.18,145.95
13997,4096,6,0.0161,346.21,75.13,394.06,110.54
13998,4100,3,0.92961,303.47,72.0,358.03,138.16
13999,4100,13,0.88868,300.56,198.78,338.92,237.71
14000,4100,3,0.88669,363.29,107.36,435.56,151.48
14001,4100,3,0.87995,189.39,107.24,278.89,141.63
14002,4100,1,0.84418,232.43,165.02,271.59,204.38
14003,4100,5,0.00879,0.0,15.96,47.22,254.0
14004,4100,8,0.00179,0.13,126.34,47.14,225.57
14005,4100,8,0.00103,0.0,12.25,49.01,245.87
14006,4101,10,0.89295,269.02,113.85,291.48,136.52
14007,4101,10,0.88721,248.6,143.81,269.51,167.96
14008,4101,10,0.88467,272.97,183.42,296.97,210.1
14009,4101,17,0.85782,401.3,145.23,421.29,164.73
14010,4101,17,0.85476,385.91,175.64,406.84,196.42
14011,4101,11,0.60065,323.96,96.65,350.47,116.78
14012,4101,11,0.55639,330.61,148.66,352.06,173.56
14013,4101,9,0.46264,321.15,196.27,348.22,219.05
14014,4101,10,0.41706,321.21,196.2,348.58,219.05
14015,4101,9,0.10553,272.84,183.33,296.88,210.17
14016,4101,10,0.07369,385.76,175.74,406.69,196.5
14017,4101,10,0.00169,401.16,145.33,421.14,164.77
14018,4104,15,0.87158,417.4,127.16,444.58,158.71
14019,4104,6,0.86865,303.1,63.58,365.23,104.35
14020,4104,5,0.00249,19.47,89.55,92.58,136.87
14021,4107,11,0.91826,366.03,152.71,402.9,185.77
14022,4107,13,0.79656,204.54,113.22,243.46,151.41
14023,4107,12,0.32301,264.76,195.64,306.4,231.89
14024,4107,17,0.14052,203.86,113.52,242.39,150.28
14025,4107,10,0.04318,264.53,195.79,305.34,230.17
14026,4107,1,0.04248,204.72,113.67,242.82,151.19
14027,4107,11,0.00637,264.71,195.63,305.65,231.09
14028,4107,2,0.00579,264.77,195.62,305.46,231.72
14029,4107,2,0.00137,366.01,152.36,402.56,186.09
14030,4112,2,0.87988,31.22,139.44,71.87,168.09
14031,4112,7,0.83203,126.79,173.82,162.12,203.43
14032,4112,7,0.00371,149.23,180.27,164.51,202.24
14033,4113,8,0.74756,271.0,135.25,289.0,164.75
14034,4113,14,0.00704,507.0,75.25,512.0,118.75
14035,4113,14,0.00307,503.5,75.38,512.0,119.62
14036,4113,5,0.00274,401.0,86.5,450.0,102.0
14037,4113,8,0.002,272.5,135.0,288.5,152.0
14038,4113,14,0.00112,509.0,84.5,512.0,118.5
14039,4116,8,0.88623,386.23,94.85,499.51,226.56
14040,4116,14,0.80664,121.83,97.66,145.51,168.95
14041,4116,8,0.78662,52.8,121.46,83.8,145.02
14042,4116,14,0.7417,248.17,93.99,270.51,141.36
14043,4116,14,0.69922,150.63,115.23,167.24,140.62
14044,4116,8,0.01862,489.75,147.46,500.0,226.56
14045,4116,8,0.00596,115.84,95.95,155.64,168.7
14046,4116,14,0.00554,55.24,118.9,69.03,134.52
14047,4116,5,0.0053,0.27,2.93,41.56,251.46
14048,4116,8,0.00255,470.46,113.04,499.76,194.58
14049,4116,8,0.00238,485.35,121.83,500.0,213.13
14050,4116,8,0.00216,492.19,156.98,500.0,205.81
14051,4116,8,0.00158,94.24,93.87,151.0,173.83
14052,4116,14,0.00151,488.28,88.38,500.0,116.7
14053,4116,14,0.00143,53.47,120.0,67.99,141.6
14054,4116,8,0.00107,466.31,120.85,499.51,223.88
14055,4116,14,0.00103,115.23,98.88,125.85,138.67
14056,4121,2,0.88428,179.44,182.13,202.39,206.54
14057,4121,2,0.88086,59.39,156.74,84.17,176.76
14058,4121,2,0.86719,100.4,116.7,117.61,137.21
14059,4121,2,0.854,193.85,136.47,210.45,160.4
14060,4121,2,0.0015,74.83,95.7,89.48,111.33
14061,4122,4,0.90918,193.87,67.99,260.17,155.43
14062,4122,3,0.86719,280.11,157.11,406.0,225.34
14063,4122,3,0.20813,326.72,24.02,437.23,56.7
14064,4122,0,0.00342,335.37,24.5,436.27,58.62
14065,4131,2,0.86203,247.13,185.07,272.68,206.82
14066,4131,2,0.22684,153.08,202.62,175.25,225.91
14067,4131,2,0.00106,0.1,113.23,6.67,133.99
14068,4138,14,0.61032,69.04,156.8,84.95,178.38
14069,4138,14,0.29012,13.03,147.4,28.81,187.46
14070,4138,14,0.21403,55.28,147.91,68.13,169.86
14071,4138,14,0.06737,0.02,139.32,7.33,180.9
14072,4138,14,0.01739,0.0,137.78,8.6,212.75
14073,4138,14,0.0147,51.89,147.7,68.67,178.92
14074,4138,14,0.00577,495.94,108.15,505.0,168.02
14075,4138,14,0.00445,47.0,169.18,57.0,178.91
14076,4138,14,0.00357,142.29,141.48,158.56,163.02
14077,4138,14,0.00243,5.45,144.23,27.8,187.79
14078,4138,14,0.00242,230.33,123.79,249.1,146.87
14079,4138,14,0.00194,56.29,147.47,83.09,179.19
14080,4138,14,0.00124,46.84,164.48,60.54,179.74
14081,4138,14,0.00108,499.51,116.89,505.0,167.75
14082,4141,10,0.86719,310.14,128.86,330.52,151.67
14083,4141,9,0.86084,422.5,105.56,442.88,126.43
14084,4141,17,0.85596,341.2,78.99,358.19,92.58
14085,4141,17,0.52344,428.57,45.14,444.58,60.91
14086,4141,17,0.00114,194.63,52.9,201.42,62.12
14087,4142,17,0.60938,187.2,83.24,201.18,97.69
14088,4142,2,0.54688,260.5,49.02,274.71,64.65
14089,4142,2,0.32422,224.5,68.2,240.61,82.41
14090,4142,2,0.04742,187.32,83.12,201.29,97.81
14091,4142,2,0.00591,228.65,61.22,258.13,85.37
14092,4144,15,0.89394,143.22,46.02,157.45,59.05
14093,4144,15,0.87891,96.37,47.77,113.71,63.48
14094,4144,1,0.00172,353.29,8.26,379.14,31.5
14095,4144,14,0.00144,493.72,60.61,502.0,167.57
14096,4144,14,0.00141,462.73,21.11,501.84,240.11
14097,4146,7,0.88428,338.68,168.61,366.94,192.0
14098,4150,3,0.90424,177.54,117.83,233.5,182.65
14099,4150,3,0.90031,193.83,69.14,271.61,114.06
14100,4150,13,0.88453,78.79,63.65,120.78,105.95
14101,4150,3,0.87075,189.71,5.31,225.94,61.04
14102,4150,1,0.86099,120.16,19.62,159.26,61.54
14103,4151,17,0.8624,305.9,61.51,317.17,72.6
14104,4151,10,0.86114,327.92,32.92,341.71,44.39
14105,4151,10,0.85738,348.88,39.5,361.69,50.85
14106,4151,17,0.85663,286.95,55.45,298.18,66.12
14107,4151,11,0.73949,356.56,52.55,369.15,64.26
14108,4151,9,0.73904,281.14,41.96,293.39,53.05
14109,4151,11,0.73536,309.82,47.22,325.76,59.04
14110,4151,9,0.3055,293.79,33.74,309.25,45.37
14111,4151,10,0.02444,293.96,34.03,309.12,45.43
14112,4151,9,0.01493,286.91,55.63,298.06,65.94
14113,4151,17,0.00641,356.16,52.4,369.26,64.27
14114,4151,17,0.00332,294.26,34.27,308.62,44.88
14115,4151,11,0.00182,306.12,61.65,317.13,72.39
14116,4153,15,0.90112,181.08,58.97,205.44,81.37
14117,4153,15,0.85446,264.12,37.15,279.48,53.59
14118,4153,15,0.00134,249.6,57.5,258.21,67.97
14119,4155,5,0.79773,368.59,195.32,430.43,229.41
14120,4155,5,0.72844,54.97,167.48,72.79,180.6
14121,4155,5,0.72734,124.96,174.01,149.41,189.28
14122,4155,5,0.70643,27.96,161.75,41.62,171.96
14123,4155,5,0.67985,260.22,146.87,283.47,158.78
14124,4155,5,0.67824,306.57,143.82,327.61,156.04
14125,4155,5,0.56477,108.75,168.34,128.3,183.54
14126,4155,5,0.54356,45.64,158.94,54.58,166.22
14127,4155,5,0.49445,14.99,153.36,24.41,160.12
14128,4155,5,0.30856,17.53,160.48,27.18,167.54
14129,4155,5,0.20861,3.75,167.89,20.11,175.87
14130,4155,5,0.14147,17.09,157.17,30.68,165.05
14131,4155,5,0.08157,22.42,156.88,31.22,163.42
14132,4155,5,0.0314,17.21,159.38,28.52,165.88
14133,4155,5,0.02694,48.46,159.81,55.54,166.28
14134,4155,5,0.01162,12.51,166.28,20.38,171.72
14135,4155,5,0.01122,15.95,154.45,27.11,161.64
14136,4155,5,0.00728,11.63,167.98,20.73,174.43
14137,4155,5,0.00584,26.27,160.94,32.56,165.81
14138,4155,5,0.00461,30.11,177.31,40.18,184.18
14139,4155,5,0.00381,31.69,175.56,39.46,183.61
14140,4155,5,0.00255,138.71,155.56,146.38,161.42
14141,4155,5,0.00231,33.26,174.24,38.52,179.17
14142,4155,5,0.00212,30.89,233.86,52.35,247.0
14143,4155,5,0.0018,3.14,169.44,17.5,177.35
14144,4155,5,0.00175,29.57,160.99,45.26,169.73
14145,4155,5,0.00147,304.47,146.06,321.88,156.33
14146,4155,5,0.00122,3.61,162.22,20.08,175.07
14147,4155,5,0.00121,3.11,172.64,19.34,185.25
14148,4155,5,0.00111,9.93,162.49,18.89,170.88
14149,4155,5,0.00106,137.2,153.91,145.99,160.94
14150,4155,8,0.00105,124.36,177.84,134.76,188.69
14151,4159,2,0.85623,245.46,159.76,268.04,187.16
14152,4159,2,0.80749,225.97,209.15,256.89,229.89
14153,4159,2,0.00622,71.7,212.1,100.97,232.95
14154,4160,7,0.88232,141.67,112.96,170.15,140.48
14155,4160,2,0.87891,72.32,127.67,107.2,167.54
14156,4163,7,0.89404,204.5,176.54,235.63,205.23
14157,4163,7,0.83545,39.64,155.14,78.72,181.4
14158,4165,5,0.90691,357.6,122.73,495.0,225.46
14159,4165,14,0.02544,0.0,122.4,4.18,166.57
14160,4165,5,0.00974,478.87,126.2,495.0,159.51
14161,4165,5,0.00834,483.86,127.66,495.0,146.43
14162,4165,8,0.00682,478.11,124.72,495.0,189.53
14163,4165,8,0.00199,463.38,123.48,495.0,189.18
14164,4165,5,0.00193,67.84,149.07,98.19,172.65
14165,4165,5,0.00186,0.03,133.99,13.03,180.67
14166,4165,5,0.00167,92.71,151.31,120.84,168.46
14167,4165,14,0.00159,0.02,119.58,7.16,168.45
14168,4165,5,0.00111,0.0,119.36,8.29,181.16
14169,4172,12,0.76074,255.41,109.77,297.77,155.03
14170,4172,1,0.53125,242.29,41.16,284.53,81.6
14171,4172,17,0.23511,242.89,41.16,283.81,81.12
14172,4172,13,0.19678,242.65,41.16,284.53,81.36
14173,4172,10,0.00902,254.68,108.93,298.01,155.03
14174,4175,15,0.88477,379.92,149.98,422.64,194.59
14175,4175,6,0.86816,315.62,85.43,398.2,128.86
14176,4175,15,0.82764,307.55,44.97,331.28,71.31
14177,4175,17,0.24072,440.44,76.65,467.02,102.28
14178,4175,6,0.04434,344.57,85.9,398.2,112.48
14179,4175,2,0.0021,440.44,76.65,466.07,101.8
14180,4175,6,0.00114,371.62,115.69,390.6,125.3
14181,4175,14,0.00106,359.75,5.22,384.43,54.58
14182,4178,10,0.87256,31.49,197.36,52.2,219.77
14183,4178,9,0.8457,148.38,179.08,168.61,199.55
14184,4178,17,0.77197,160.32,119.63,176.65,135.23
14185,4178,9,0.3999,69.2,146.92,87.96,162.52
14186,4178,17,0.39429,69.2,146.92,87.96,162.52
14187,4179,10,0.86913,77.09,148.81,93.83,165.87
14188,4179,10,0.85978,115.47,172.96,133.25,190.45
14189,4179,10,0.71523,92.01,190.27,110.89,209.84
14190,4179,17,0.65408,172.06,179.3,187.24,194.5
14191,4179,17,0.63672,178.49,161.22,192.7,175.92
14192,4179,10,0.41068,129.13,194.72,149.65,211.67
14193,4179,11,0.32777,115.79,135.81,135.9,150.99
14194,4179,13,0.24919,129.53,166.94,145.41,184.05
14195,4179,11,0.17211,129.08,166.87,145.42,184.27
14196,4179,13,0.11333,115.85,136.0,135.81,150.83
14197,4179,10,0.08247,129.06,166.89,145.43,184.13
14198,4179,13,0.00353,119.46,166.59,144.76,186.63
14199,4180,15,0.8914,307.65,19.61,329.26,39.45
14200,4180,15,0.88807,356.3,24.08,379.44,46.36
14201,4180,14,0.00291,155.98,0.0,464.0,225.13
14202,4181,15,0.92939,323.32,0.0,379.56,40.58
14203,4181,15,0.92466,177.47,0.0,248.92,41.65
14204,4181,16,0.0024,177.99,0.0,249.35,41.48
14205,4182,2,0.84867,271.4,78.89,289.82,103.51
14206,4182,2,0.83335,277.07,111.2,298.75,132.78
14207,4183,2,0.83545,168.88,178.24,181.52,194.77
14208,4183,2,0.82764,235.63,163.65,246.33,178.73
14209,4183,2,0.82422,183.35,160.49,195.5,176.05
14210,4183,2,0.81738,248.64,186.26,261.16,202.8
14211,4185,17,0.7959,163.51,85.23,183.17,103.93
14212,4185,17,0.16663,286.26,124.67,313.11,145.77
14213,4185,17,0.00622,393.18,57.3,418.12,77.44
14214,4185,17,0.00194,314.07,143.85,331.33,161.11
14215,4186,11,0.86426,136.97,211.64,149.33,224.95
14216,4186,10,0.85498,152.19,165.03,165.74,176.92
14217,4186,17,0.84277,95.71,176.44,107.01,187.86
14218,4186,10,0.82227,64.62,175.97,79.6,188.81
14219,4186,9,0.81396,82.75,197.13,99.64,210.45
14220,4186,17,0.48438,122.46,178.11,133.4,189.05
14221,4186,9,0.43774,127.22,194.75,140.06,207.12
14222,4186,17,0.39429,127.34,194.51,139.94,206.88
14223,4186,9,0.29102,122.46,177.87,133.4,189.28
14224,4189,7,0.61545,404.99,142.76,426.47,157.56
14225,4189,7,0.54482,349.97,103.54,369.44,119.28
14226,4194,15,0.89468,356.41,158.4,378.56,186.05
14227,4194,15,0.88701,289.74,159.02,311.73,183.53
14228,4194,6,0.11637,485.49,106.79,499.0,150.85
14229,4194,6,0.0188,485.6,94.35,499.0,138.55
14230,4194,6,0.00323,484.86,67.2,499.0,135.75
14231,4195,7,0.90993,127.12,39.37,166.56,76.85
14232,4195,7,0.90668,25.42,47.73,72.66,87.4
14233,4202,14,0.87744,286.41,96.15,314.05,155.36
14234,4202,16,0.83447,3.75,164.41,30.29,204.45
14235,4202,16,0.78418,70.29,163.22,91.62,198.49
14236,4202,16,0.75781,123.91,160.6,145.83,192.53
14237,4202,16,0.69775,161.08,158.46,181.33,188.96
14238,4202,16,0.64941,198.01,157.27,217.31,184.91
14239,4202,16,0.57959,254.48,153.21,270.69,177.52
14240,4202,16,0.54102,227.56,154.41,245.67,180.14
14241,4202,16,0.4187,278.79,153.93,314.05,176.8
14242,4202,16,0.37744,277.6,155.84,294.28,177.76
14243,4202,16,0.34692,341.7,151.31,382.68,171.32
14244,4202,16,0.32593,228.99,152.5,269.97,179.19
14245,4202,16,0.30908,321.2,152.02,352.66,172.99
14246,4202,16,0.29492,302.62,152.98,332.64,173.95
14247,4202,16,0.2583,386.02,149.64,408.41,165.84
14248,4202,16,0.24512,280.46,153.45,331.93,175.38
14249,4202,16,0.23303,453.21,145.83,487.52,160.12
14250,4202,16,0.22681,318.11,152.74,334.31,173.23
14251,4202,16,0.22681,299.76,154.88,315.01,174.9
14252,4202,16,0.21606,256.87,152.74,292.61,177.52
14253,4202,16,0.1925,423.19,147.26,448.92,163.46
14254,4202,16,0.13708,359.8,150.59,382.68,170.13
14255,4202,16,0.13293,361.0,149.64,409.13,169.66
14256,4202,16,0.10376,411.75,150.59,446.06,162.98
14257,4202,16,0.09076,323.11,151.79,373.62,172.28
14258,4202,16,0.08661,198.96,154.64,242.81,185.14
14259,4202,16,0.08093,339.55,151.79,354.8,172.28
14260,4202,16,0.06805,391.5,151.55,434.86,163.94
14261,4202,16,0.04453,435.1,149.64,482.76,162.98
14262,4202,16,0.0365,257.82,152.98,313.58,176.8
14263,4202,16,0.03021,409.37,148.21,424.62,162.51
14264,4202,16,0.02948,162.03,160.6,210.16,188.24
14265,4202,16,0.02509,383.16,150.12,423.19,169.18
14266,4202,16,0.0237,124.38,161.08,177.28,189.67
14267,4202,16,0.01698,463.22,146.3,486.09,158.7
14268,4202,16,0.0156,390.3,148.69,419.85,163.94
14269,4202,16,0.01484,198.01,157.27,274.98,183.95
14270,4202,16,0.01467,483.23,145.59,488.0,159.41
14271,4202,16,0.01257,478.23,145.83,487.76,158.7
14272,4202,16,0.01155,415.32,145.35,453.45,158.7
14273,4202,16,0.0109,435.1,144.88,485.14,158.22
14274,4202,16,0.00826,227.8,155.6,324.06,179.43
14275,4202,16,0.00755,355.99,151.07,376.01,170.13
14276,4202,16,0.00674,409.13,142.49,447.73,159.65
14277,4202,16,0.00664,299.28,145.11,333.59,170.85
14278,4202,16,0.00649,442.96,146.78,454.88,160.6
14279,4202,16,0.00626,434.86,147.02,454.4,162.27
14280,4202,16,0.00545,70.41,164.18,107.82,197.06
14281,4202,16,0.00465,368.38,150.12,383.63,168.23
14282,4202,16,0.00436,289.51,102.94,340.5,166.32
14283,4202,16,0.00412,321.2,121.76,386.49,167.51
14284,4202,16,0.00406,347.18,131.53,406.27,165.37
14285,4202,16,0.00402,310.72,119.14,360.28,167.75
14286,4202,16,0.00372,383.63,126.29,431.29,160.12
14287,4202,16,0.00343,455.59,146.3,473.7,158.7
14288,4202,16,0.0034,433.67,147.26,446.54,162.51
14289,4202,16,0.00323,304.76,153.45,317.15,171.56
14290,4202,16,0.00317,6.23,162.98,18.99,176.33
14291,4202,16,0.003,406.98,148.69,454.16,169.66
14292,4202,16,0.00276,414.85,147.97,434.39,163.22
14293,4202,16,0.00271,392.45,148.45,410.08,162.75
14294,4202,16,0.00234,447.97,146.3,465.12,159.65
14295,4202,16,0.00218,423.43,147.73,437.25,162.51
14296,4202,16,0.00207,281.17,154.41,295.47,173.47
14297,4202,16,0.00205,233.99,155.36,385.06,179.19
14298,4202,16,0.00196,384.11,159.41,486.09,232.32
14299,4202,16,0.00188,469.41,147.26,487.52,161.55
14300,4202,16,0.00185,244.95,154.88,298.33,191.1
14301,4202,16,0.00184,454.64,135.34,487.05,159.17
14302,4202,16,0.0018,261.63,152.74,274.02,172.75
14303,4202,16,0.00169,82.09,155.84,144.16,197.77
14304,4202,16,0.00164,72.08,162.98,135.34,194.44
14305,4202,16,0.00156,12.51,163.46,25.17,176.8
14306,4202,16,0.00156,413.66,133.91,445.59,162.51
14307,4202,16,0.00149,16.55,162.51,23.4,168.23
14308,4202,16,0.00146,296.42,154.88,311.67,171.56
14309,4202,16,0.00143,13.43,162.51,19.99,168.23
14310,4202,16,0.00143,25.62,167.27,31.19,185.38
14311,4202,16,0.00132,245.43,110.8,311.2,171.8
14312,4202,16,0.00126,259.25,106.63,327.88,166.8
14313,4202,16,0.00124,160.48,161.08,223.15,203.02
14314,4202,16,0.00124,0.48,194.44,31.45,216.36
14315,4202,16,0.00119,216.6,154.88,247.1,183.48
14316,4202,16,0.00117,337.41,160.6,478.47,243.52
14317,4202,16,0.00115,455.12,146.78,466.55,158.22
14318,4202,16,0.00112,452.73,148.69,479.42,162.03
14319,4202,16,0.00112,9.65,162.27,16.5,169.42
14320,4202,16,0.0011,16.35,163.7,27.7,176.57
14321,4202,16,0.00107,252.1,144.4,294.04,167.27
14322,4202,16,0.00105,271.16,156.79,326.45,188.24
14323,4202,16,0.00102,7.86,163.46,22.34,179.66
14324,4202,16,0.00101,228.04,145.11,273.31,173.71
14325,4204,17,0.65332,128.89,158.48,144.22,173.58
14326,4204,2,0.40552,75.47,172.63,94.22,189.62
14327,4204,2,0.28149,172.4,147.4,187.49,163.91
14328,4204,17,0.26587,172.4,147.4,187.49,163.91
14329,4204,2,0.16663,162.49,185.84,183.25,198.11
14330,4204,17,0.05243,75.59,172.16,94.22,190.09
14331,4204,2,0.00649,129.24,158.48,144.81,174.05
14332,4206,7,0.80287,419.16,57.57,442.96,76.32
14333,4206,7,0.79677,306.49,39.43,325.46,57.02
14334,4206,17,0.00238,497.97,99.63,502.0,119.71
14335,4206,7,0.00157,497.76,95.68,502.0,119.35
14336,4206,7,0.00104,497.75,71.7,502.0,99.21
14337,4207,2,0.86426,371.6,41.59,392.27,70.63
14338,4207,2,0.00737,500.06,89.82,504.0,108.04
14339,4207,2,0.00573,302.45,55.37,337.39,78.5
14340,4207,5,0.00238,201.55,105.57,293.1,170.05
14341,4207,2,0.00175,500.55,90.81,504.0,117.88
14342,4207,2,0.00114,497.6,88.84,504.0,110.74
14343,4209,7,0.88065,128.31,181.24,159.34,210.11
14344,4209,7,0.84443,163.96,85.42,187.88,104.87
14345,4209,17,0.81517,194.85,141.22,210.98,158.6
14346,4209,17,0.79657,111.8,124.04,129.08,141.39
14347,4211,2,0.83195,260.82,14.87,283.78,36.24
14348,4211,2,0.59355,163.41,32.01,185.79,52.97
14349,4212,12,0.76221,116.03,112.46,159.35,155.29
14350,4212,13,0.67725,25.59,77.77,67.92,117.14
14351,4212,1,0.5293,25.47,77.77,67.31,116.4
14352,4214,11,0.90453,95.41,14.83,130.98,50.45
14353,4214,10,0.75418,266.81,22.62,305.71,56.06
14354,4214,17,0.61011,181.75,115.04,224.99,150.24
14355,4214,12,0.55041,245.09,183.35,290.02,224.69
14356,4214,2,0.46589,2.23,116.35,33.35,143.1
14357,4214,10,0.11232,47.24,127.44,90.1,167.83
14358,4214,1,0.05296,47.24,127.55,89.63,168.15
14359,4214,11,0.04186,47.36,127.43,90.46,168.41
14360,4214,11,0.03516,244.99,183.08,289.96,224.78
14361,4214,13,0.02511,47.26,127.54,90.68,168.44
14362,4214,1,0.01975,181.19,114.23,224.9,150.34
14363,4214,10,0.01706,180.45,113.99,226.02,150.81
14364,4214,6,0.01101,0.04,114.17,33.32,143.12
14365,4214,2,0.0025,244.83,183.71,289.03,224.39
14366,4214,10,0.00156,243.71,183.57,289.29,224.36
14367,4217,12,0.61591,285.59,52.49,304.26,71.92
14368,4217,12,0.42736,258.56,99.86,281.63,122.63
14369,4217,12,0.37177,251.21,128.03,276.4,150.36
14370,4217,14,0.29454,316.04,0.81,357.23,22.24
14371,4217,12,0.07424,314.83,143.11,339.31,164.72
14372,4217,12,0.06745,344.7,103.01,367.31,125.71
14373,4217,14,0.04356,235.42,0.64,281.66,17.45
14374,4217,14,0.00158,450.98,12.0,489.81,193.89
14375,4220,2,0.8623,403.08,138.18,418.21,152.83
14376,4220,2,0.83008,425.78,120.36,442.38,135.5
14377,4220,2,0.79932,339.6,112.3,358.15,126.46
14378,4220,2,0.67236,372.56,97.17,387.21,110.84
14379,4220,5,0.0021,0.0,21.48,221.92,245.61
14380,4220,2,0.00103,371.34,89.6,386.96,109.86
14381,4221,3,0.89601,243.09,122.47,307.22,188.99
14382,4221,13,0.88728,135.5,66.64,177.95,110.59
14383,4221,3,0.88668,255.86,71.2,329.44,118.27
14384,4221,3,0.87869,232.7,5.24,272.8,62.43
14385,4221,1,0.87631,169.66,20.99,208.68,63.52
14386,4222,4,0.89648,220.19,105.14,262.49,148.16
14387,4222,3,0.81641,152.51,107.8,184.42,149.37
14388,4222,3,0.79688,300.67,103.45,336.45,143.09
14389,4224,14,0.63724,209.27,145.94,223.33,170.9
14390,4224,14,0.61356,42.33,128.81,55.01,161.99
14391,4224,14,0.00501,0.03,132.27,8.23,166.8
14392,4224,14,0.00238,0.0,133.79,4.57,165.53
14393,4224,14,0.00123,41.32,139.98,54.4,162.07
14394,4224,14,0.001,506.18,166.52,512.0,199.08
14395,4226,15,0.88428,261.46,155.58,304.7,199.33
14396,4226,15,0.8374,191.74,50.2,215.85,76.05
14397,4226,6,0.82568,199.33,91.21,279.35,136.45
14398,4226,17,0.18958,322.6,83.01,347.45,108.36
14399,4226,6,0.13074,225.92,91.83,279.85,121.41
14400,4226,6,0.03662,199.08,92.46,239.09,138.19
14401,4226,2,0.03174,322.35,83.38,347.7,108.49
14402,4226,6,0.00307,199.33,109.6,227.16,138.19
14403,4227,2,0.86133,38.05,60.16,51.27,76.96
14404,4227,2,0.8418,107.48,46.2,119.21,61.52
14405,4227,2,0.83887,120.39,69.06,133.67,85.86
14406,4227,2,0.8374,53.06,42.25,65.84,58.56
14407,4236,7,0.86621,63.38,25.97,105.32,58.86
14408,4238,7,0.71695,406.26,84.76,427.7,99.76
14409,4238,7,0.70352,351.9,45.76,371.11,61.69
14410,4238,2,0.02197,491.8,155.43,499.0,172.35
14411,4238,2,0.00182,491.78,146.36,498.97,170.52
14412,4238,2,0.00141,493.86,154.66,499.0,180.58
14413,4239,7,0.86523,276.17,83.22,311.19,109.11
14414,4239,7,0.83008,196.03,167.18,225.87,195.79
14415,4239,5,0.00325,390.09,12.45,424.61,26.26
14416,4239,5,0.0022,223.16,3.45,253.24,18.25
14417,4239,2,0.00175,500.07,152.88,505.0,194.31
14418,4239,2,0.00159,496.12,157.81,505.0,194.31
14419,4244,17,0.75488,43.6,140.62,64.04,159.52
14420,4244,17,0.75488,131.4,217.42,151.96,237.27
14421,4244,17,0.07031,468.88,129.51,484.0,150.3
14422,4244,17,0.01572,259.96,147.0,281.7,163.07
14423,4244,2,0.00181,468.4,128.8,484.0,162.83
14424,4244,17,0.00181,409.79,191.43,429.64,206.55
14425,4245,2,0.90527,309.57,115.07,327.86,138.17
14426,4245,2,0.88574,289.83,177.17,311.01,199.32
14427,4245,2,0.88086,392.86,173.32,414.04,193.54
14428,4245,2,0.86133,406.82,115.91,424.63,134.32
14429,4246,2,0.79386,260.28,196.63,287.62,223.75
14430,4246,2,0.43808,226.72,190.41,257.03,212.4
14431,4246,2,0.24459,285.84,168.91,303.72,195.01
14432,4246,2,0.02206,422.36,172.65,446.92,192.08
14433,4246,2,0.00141,68.08,224.43,86.97,246.04
14434,4247,15,0.88623,272.2,45.6,304.67,78.08
14435,4247,15,0.88574,279.84,117.95,317.56,159.02
14436,4247,15,0.87256,163.32,61.84,202.72,103.15
14437,4252,15,0.9075,144.64,177.9,175.46,210.92
14438,4252,6,0.8819,80.17,119.53,112.12,161.15
14439,4252,17,0.48681,181.63,122.5,200.12,141.74
14440,4252,2,0.26134,181.53,122.84,200.2,141.56
14441,4255,14,0.76221,58.07,154.85,84.82,228.33
14442,4255,14,0.66699,241.77,163.48,268.28,209.84
14443,4255,14,0.00712,419.68,176.55,438.92,209.1
14444,4255,14,0.00182,299.1,163.73,330.67,203.18
14445,4256,2,0.85081,206.84,161.86,227.98,190.41
14446,4256,2,0.83754,129.19,212.55,152.9,244.13
14447,4257,7,0.81738,416.89,163.32,436.47,181.46
14448,4257,7,0.01942,312.31,174.3,335.71,192.45
14449,4257,2,0.00445,312.07,174.3,334.99,191.49
14450,4257,7,0.00102,474.2,176.69,489.0,210.12
14451,4258,14,0.57178,330.24,0.68,375.79,81.94
14452,4258,15,0.45703,276.28,157.94,341.14,201.02
14453,4258,14,0.44263,409.46,5.45,507.0,244.59
14454,4258,14,0.00423,439.66,54.46,506.01,252.51
14455,4259,15,0.89777,386.56,118.29,416.4,150.16
14456,4259,6,0.89672,316.1,68.31,344.87,110.68
14457,4259,2,0.56031,413.15,58.16,432.31,77.34
14458,4260,15,0.86816,323.77,145.58,352.13,173.94
14459,4260,15,0.8501,406.25,172.05,433.19,198.99
14460,4260,15,0.80322,398.69,130.45,422.32,152.2
14461,4260,14,0.29102,0.0,9.45,125.73,232.78
14462,4260,14,0.06952,0.18,3.31,67.35,237.27
14463,4261,14,0.76611,364.3,34.24,380.94,69.91
14464,4261,14,0.71387,0.97,27.94,21.13,70.98
14465,4261,14,0.63525,218.53,32.34,245.16,83.23
14466,4261,14,0.57959,350.27,48.27,360.26,67.3
14467,4261,14,0.14038,0.03,38.76,7.82,67.77
14468,4261,14,0.09332,0.07,27.35,11.77,70.15
14469,4261,14,0.00838,363.11,38.52,372.15,68.96
14470,4261,14,0.00767,0.0,28.65,32.22,73.6
14471,4261,14,0.00729,0.0,29.13,5.62,64.8
14472,4261,14,0.00551,0.19,36.38,16.72,70.39
14473,4261,14,0.00348,0.0,42.92,11.24,70.03
14474,4261,14,0.00204,321.02,54.22,333.39,66.82
14475,4261,7,0.002,310.56,176.92,344.8,203.08
14476,4261,14,0.00119,321.97,45.89,335.29,66.82
14477,4265,17,0.86084,242.14,130.69,260.88,149.43
14478,4265,9,0.81396,123.17,113.92,147.83,133.15
14479,4265,11,0.78516,114.41,42.66,135.87,60.41
14480,4265,9,0.62256,206.14,72.62,225.87,87.91
14481,4265,11,0.00861,296.88,48.58,310.2,70.28
14482,4265,5,0.00204,381.71,1.6,414.26,28.97
14483,4265,8,0.00183,392.56,102.33,441.88,168.91
14484,4265,11,0.00122,502.04,28.73,505.0,39.33
14485,4270,15,0.82327,163.06,189.28,190.91,215.07
14486,4270,15,0.81925,162.06,155.28,181.85,169.98
14487,4270,7,0.77847,95.56,176.7,116.96,192.47
14488,4270,15,0.29611,200.29,132.33,212.83,150.72
14489,4270,7,0.00572,199.4,132.26,212.24,151.07
14490,4270,7,0.00324,0.0,40.15,3.09,54.44
14491,4270,7,0.0017,0.07,40.31,5.54,54.02
14492,4270,15,0.00103,164.59,188.72,190.97,202.49
14493,4272,7,0.85264,332.61,29.71,355.5,48.63
14494,4272,7,0.84235,382.23,123.86,406.57,144.9
14495,4272,2,0.04023,125.78,3.36,143.84,18.62
14496,4272,2,0.01228,174.97,31.71,201.15,60.81
14497,4272,15,0.00411,495.29,7.73,499.0,32.42
14498,4272,2,0.00383,0.02,0.66,7.35,19.41
14499,4272,15,0.00158,493.02,6.94,499.0,31.43
14500,4273,2,0.91162,389.66,187.86,417.53,209.0
14501,4273,2,0.89893,277.71,196.51,304.14,215.73
14502,4273,2,0.87598,229.42,155.91,253.45,173.21
14503,4273,2,0.85303,336.81,155.19,360.83,173.45
14504,4275,5,0.78271,319.18,101.6,374.25,151.31
14505,4275,5,0.71875,0.12,107.57,35.51,136.93
14506,4275,5,0.6875,98.8,111.84,129.5,136.69
14507,4275,5,0.66699,156.42,101.6,186.88,132.79
14508,4275,5,0.38501,122.44,106.48,153.14,135.71
14509,4275,14,0.27588,402.03,103.31,415.18,129.87
14510,4275,5,0.01277,0.08,107.94,20.41,137.66
14511,4275,5,0.00735,0.04,107.33,12.66,145.22
14512,4275,5,0.00532,0.0,109.4,9.31,136.69
14513,4275,5,0.00496,86.01,111.35,108.06,132.79
14514,4275,5,0.00359,320.4,101.12,370.6,129.38
14515,4275,5,0.00287,319.67,101.36,350.86,124.75
14516,4275,5,0.00203,0.0,109.16,3.94,135.96
14517,4275,5,0.00161,186.15,43.86,292.38,94.54
14518,4277,6,0.89551,407.81,106.17,459.65,133.64
14519,4277,15,0.83887,332.91,112.24,351.46,130.31
14520,4284,17,0.88867,288.01,163.49,306.64,182.61
14521,4284,10,0.88623,200.26,187.76,223.55,209.33
14522,4284,10,0.88574,334.34,146.09,356.89,166.68
14523,4284,11,0.88184,192.29,62.01,212.15,81.62
14524,4284,17,0.88184,251.98,178.45,271.1,198.05
14525,4284,9,0.87744,227.71,106.63,248.3,127.71
14526,4284,10,0.72168,288.26,88.24,310.81,108.59
14527,4286,7,0.74347,428.67,62.54,447.1,75.0
14528,4286,7,0.23372,441.85,96.82,458.88,111.37
14529,4286,15,0.00391,479.05,0.0,485.0,25.56
14530,4286,2,0.002,481.41,203.52,485.0,225.45
14531,4286,2,0.00199,481.06,178.51,485.0,204.07
14532,4288,2,0.88232,278.67,174.35,299.09,195.75
14533,4288,2,0.875,413.87,171.43,442.07,194.77
14534,4288,2,0.86523,363.77,120.49,382.25,144.93
14535,4288,2,0.8623,250.95,118.06,272.83,142.49
14536,4288,2,0.00124,0.0,149.3,2.44,169.73
14537,4294,2,0.84367,182.11,22.41,225.39,57.09
14538,4294,17,0.77986,216.27,92.01,237.58,113.77
14539,4294,17,0.69592,67.17,70.19,87.48,91.96
14540,4304,5,0.89648,79.63,47.37,266.19,143.92
14541,4304,5,0.88428,0.0,48.28,77.49,122.04
14542,4304,5,0.86377,200.88,43.99,365.9,126.78
14543,4304,5,0.00278,205.51,43.76,274.99,99.93
14544,4304,14,0.00255,453.88,12.86,462.0,85.5
14545,4304,14,0.00144,454.78,1.47,462.0,64.86
14546,4304,2,0.00124,0.0,47.15,3.06,79.18
14547,4308,9,0.73905,176.73,126.32,210.14,152.81
14548,4308,12,0.69064,305.65,107.12,338.46,134.57
14549,4308,11,0.5476,269.66,56.65,294.32,81.11
14550,4308,11,0.54515,385.67,56.62,411.18,81.31
14551,4308,12,0.11955,270.15,56.67,294.42,81.19
14552,4308,13,0.0058,269.73,56.31,295.64,80.52
14553,4308,11,0.00571,305.6,107.25,339.17,134.58
14554,4310,14,0.83248,235.42,97.17,274.39,214.79
14555,4310,5,0.71172,289.96,143.05,366.6,185.62
14556,4310,5,0.57267,80.55,152.88,183.42,188.87
14557,4310,5,0.01243,0.43,137.82,94.92,189.5
14558,4310,5,0.01217,4.16,133.84,183.9,192.23
14559,4310,14,0.01164,491.74,122.47,500.0,190.63
14560,4310,8,0.00262,216.53,146.81,268.96,186.03
14561,4310,8,0.00141,216.78,148.79,243.92,184.78
14562,4310,14,0.00123,495.38,132.79,500.0,191.06
14563,4310,14,0.00117,489.95,99.85,499.97,189.17
14564,4312,3,0.20109,159.29,41.75,226.41,96.67
14565,4312,12,0.03063,116.8,124.22,167.9,176.6
14566,4312,13,0.0218,334.96,160.65,390.39,216.89
14567,4312,13,0.01609,116.16,124.45,168.23,177.03
14568,4312,0,0.0071,335.97,160.55,390.21,217.93
14569,4312,12,0.0039,335.17,160.24,390.53,216.71
14570,4313,3,0.89162,277.73,169.78,375.18,238.49
14571,4313,3,0.88928,159.45,10.87,237.45,54.32
14572,4313,4,0.85131,178.06,54.27,258.07,106.41
14573,4313,3,0.75806,223.52,105.61,300.39,170.18
14574,4313,4,0.62908,221.18,106.5,300.99,170.42
14575,4313,2,0.00349,177.09,54.36,257.8,107.9
14576,4313,2,0.0018,158.31,10.77,237.6,54.62
14577,4314,2,0.84665,65.81,80.66,97.38,120.28
14578,4314,2,0.40653,59.27,47.19,77.35,64.19
14579,4314,17,0.22087,133.75,68.37,151.85,85.52
14580,4314,2,0.07079,132.79,68.75,152.81,99.54
14581,4314,2,0.00185,54.76,47.2,78.45,80.94
14582,4315,4,0.89972,271.18,77.64,352.83,158.76
14583,4315,3,0.86628,346.57,70.61,428.41,127.15
14584,4315,12,0.0248,495.95,41.74,506.0,59.4
14585,4315,12,0.02079,249.58,168.36,276.06,199.47
14586,4315,12,0.00514,169.07,191.23,185.58,207.63
14587,4315,12,0.00507,495.84,39.56,506.0,78.81
14588,4315,12,0.00305,241.21,30.38,260.3,49.18
14589,4315,12,0.00262,502.96,57.07,506.0,78.79
14590,4315,12,0.00247,157.01,80.16,171.56,99.55
14591,4315,12,0.00244,0.05,89.99,11.55,130.38
14592,4315,6,0.0018,0.01,195.62,10.11,244.26
14593,4315,12,0.00172,166.18,174.86,188.44,192.79
14594,4315,6,0.00134,0.02,177.48,10.91,234.31
14595,4315,3,0.00107,269.65,77.06,352.82,160.2
14596,4315,0,0.00107,240.62,30.5,260.54,49.58
14597,4316,14,0.09009,287.59,0.37,305.38,34.71
14598,4316,14,0.00119,377.52,207.54,386.42,230.27
14599,4319,15,0.89391,304.26,124.65,330.21,147.96
14600,4319,15,0.88467,380.02,136.92,412.67,170.31
14601,4319,7,0.83547,325.21,184.01,347.78,208.16
14602,4319,7,0.76117,294.87,94.09,314.9,113.08
14603,4321,2,0.84776,191.71,189.07,214.81,215.19
14604,4321,2,0.82057,307.88,183.42,336.48,208.44
14605,4321,2,0.0016,63.06,162.17,81.18,179.69
14606,4321,2,0.00121,495.31,158.04,504.95,176.27
14607,4322,7,0.86084,158.31,69.61,195.05,104.9
14608,4322,7,0.67725,193.84,145.99,232.51,174.99
14609,4324,7,0.90723,261.03,29.83,306.04,70.27
14610,4324,7,0.90393,361.36,24.9,400.73,61.72
14611,4325,0,0.77441,291.02,143.55,328.12,181.64
14612,4325,1,0.73584,312.01,92.53,346.19,128.17
14613,4325,0,0.59277,372.56,147.46,408.69,181.15
14614,4325,2,0.00307,372.56,146.73,409.18,181.4
14615,4325,17,0.00231,312.26,93.02,346.92,127.69
14616,4326,2,0.88136,85.09,187.8,112.04,209.48
14617,4326,2,0.86021,47.56,145.45,67.67,172.48
14618,4327,2,0.83124,370.03,119.56,394.67,154.92
14619,4327,2,0.82312,383.11,41.31,406.92,63.04
14620,4327,2,0.00213,0.06,79.81,6.54,93.27
14621,4328,17,0.83407,64.46,129.82,83.92,148.55
14622,4328,7,0.82635,104.54,116.51,140.63,143.66
14623,4328,17,0.78741,48.25,106.22,67.51,124.13
14624,4328,7,0.74532,57.62,149.12,88.67,177.7
14625,4328,2,0.03402,194.17,184.39,222.65,209.55
14626,4328,11,0.0202,114.49,194.42,142.5,216.6
14627,4328,10,0.01216,114.45,194.36,142.38,216.66
14628,4328,17,0.00924,114.78,194.62,142.97,216.6
14629,4328,17,0.00894,194.04,184.33,222.25,209.12
14630,4328,10,0.00856,178.77,100.77,198.75,126.16
14631,4328,11,0.00803,55.71,81.39,80.77,102.33
14632,4328,17,0.00691,178.84,100.62,198.61,126.02
14633,4328,6,0.00553,4.51,69.02,38.24,94.78
14634,4328,2,0.00464,179.06,100.71,198.95,126.11
14635,4328,10,0.00434,48.02,106.36,67.7,124.51
14636,4328,11,0.00134,47.89,106.13,67.72,124.39
14637,4328,11,0.00125,64.04,130.13,84.15,148.54
14638,4328,14,0.00123,178.63,212.56,190.14,245.67
14639,4328,10,0.0012,193.79,184.21,223.99,209.88
14640,4328,11,0.00101,99.48,74.92,120.31,95.6
14641,4333,14,0.86052,52.34,112.23,78.74,192.76
14642,4333,5,0.8585,214.72,120.15,342.71,174.91
14643,4333,14,0.84762,334.85,92.97,392.72,223.38
14644,4333,5,0.83079,380.04,121.46,499.62,179.97
14645,4333,5,0.01558,371.1,110.29,435.56,155.3
14646,4333,14,0.00962,494.9,146.23,500.0,224.64
14647,4333,5,0.00953,353.82,109.22,434.71,143.26
14648,4333,8,0.00821,156.33,131.45,186.47,163.24
14649,4333,14,0.00533,492.47,150.56,500.0,212.41
14650,4334,14,0.91455,160.64,126.83,205.57,252.93
14651,4334,5,0.8667,215.58,144.04,345.46,196.78
14652,4334,14,0.67383,393.31,119.87,451.9,220.46
14653,4334,5,0.67334,372.56,142.09,500.0,195.8
14654,4334,5,0.51172,423.34,142.09,500.0,196.78
14655,4334,5,0.00536,371.09,137.21,455.08,197.75
14656,4334,14,0.00303,493.65,164.06,500.0,234.86
14657,4334,14,0.00269,371.09,136.72,455.08,198.24
14658,4334,14,0.00103,490.23,161.62,500.0,223.14
14659,4334,5,0.00102,371.34,141.6,415.77,196.29
14660,4337,2,0.86426,304.19,69.75,323.56,94.94
14661,4337,2,0.85889,426.73,76.29,446.11,100.99
14662,4337,2,0.85693,305.16,30.76,322.59,53.77
14663,4337,2,0.84912,380.23,30.76,396.22,52.55
14664,4338,1,0.39498,296.68,134.01,332.9,169.71
14665,4338,4,0.07004,111.61,199.81,200.78,235.43
14666,4338,13,0.04386,296.8,133.8,333.23,170.58
14667,4338,0,0.0122,296.91,133.7,333.38,170.72
14668,4338,3,0.00448,113.72,200.58,200.79,235.98
14669,4338,14,0.00157,0.0,3.2,51.68,184.3
14670,4338,2,0.00112,297.15,133.61,332.64,169.4
14671,4338,14,0.00101,0.0,0.49,59.66,106.36
14672,4341,2,0.86084,359.17,71.93,375.05,94.75
14673,4341,2,0.83887,276.82,52.09,292.7,72.93
14674,4341,2,0.8374,351.98,30.88,366.86,51.47
14675,4341,2,0.83008,405.31,53.58,421.18,74.91
14676,4342,10,0.88953,250.43,96.39,268.54,115.94
14677,4342,10,0.87941,241.71,119.87,261.18,139.43
14678,4342,10,0.87862,319.06,147.8,341.51,166.32
14679,4342,11,0.87722,288.91,78.99,311.01,95.85
14680,4342,17,0.87601,361.63,127.67,378.29,144.31
14681,4342,17,0.85737,363.82,105.46,380.01,121.93
14682,4342,10,0.84819,277.22,144.93,298.51,166.22
14683,4342,11,0.7489,311.08,115.07,330.07,134.8
14684,4343,7,0.86549,185.58,105.84,208.87,129.1
14685,4343,7,0.7817,86.09,179.85,115.38,208.42
14686,4343,15,0.47781,86.49,180.19,115.51,208.5
14687,4347,15,0.84717,247.07,34.42,306.64,118.9
14688,4347,15,0.0012,396.97,65.92,452.15,118.16
14689,4347,14,0.00111,63.6,80.57,91.92,124.51
14690,4347,16,0.00107,300.29,32.71,338.87,68.6
14691,4352,12,0.14829,219.47,137.13,243.69,160.85
14692,4352,14,0.13495,0.04,1.23,72.54,45.01
14693,4352,12,0.07883,156.1,163.51,183.12,189.03
14694,4352,12,0.0689,190.2,84.56,212.83,108.41
14695,4352,13,0.05986,80.3,73.42,101.76,96.4
14696,4352,14,0.02099,0.0,0.45,53.0,104.48
14697,4352,14,0.02047,0.1,0.08,33.54,121.74
14698,4352,17,0.01516,80.19,72.9,101.78,96.21
14699,4352,14,0.01485,251.46,1.21,297.61,29.64
14700,4352,12,0.01229,79.92,72.87,101.57,96.32
14701,4352,14,0.01173,1.49,1.48,73.19,24.6
14702,4352,14,0.0025,0.06,0.0,45.55,185.22
14703,4352,14,0.00115,1.41,2.36,86.58,103.79
14704,4352,14,0.0011,0.06,0.78,27.43,35.22
14705,4354,15,0.84068,271.89,120.52,300.5,147.15
14706,4354,15,0.82042,267.58,82.06,288.01,97.44
14707,4354,7,0.75572,200.41,108.54,222.13,125.55
14708,4354,15,0.66489,306.14,55.94,318.5,74.26
14709,4358,8,0.83447,250.0,113.65,285.16,155.76
14710,4358,14,0.74902,425.29,96.56,454.59,173.83
14711,4358,14,0.69922,208.25,108.89,242.43,156.25
14712,4358,14,0.59814,443.6,94.73,465.58,142.58
14713,4358,8,0.5293,70.62,115.72,95.52,148.93
14714,4358,8,0.47461,152.1,110.84,185.79,159.67
14715,4358,8,0.47266,109.5,114.87,136.47,153.81
14716,4358,8,0.37207,407.23,109.86,423.83,140.62
14717,4358,14,0.22205,0.02,120.61,14.88,164.55
14718,4358,14,0.21606,408.2,111.08,423.83,140.38
14719,4358,8,0.21204,104.37,117.43,118.65,139.89
14720,4358,14,0.17334,0.0,121.95,13.69,211.91
14721,4358,14,0.14221,70.8,117.19,95.21,148.93
14722,4358,8,0.11963,399.17,85.94,477.29,174.32
14723,4358,8,0.11047,136.23,99.98,195.8,157.71
14724,4358,8,0.07367,443.12,97.17,465.58,142.58
14725,4358,8,0.07318,188.84,121.83,210.57,156.98
14726,4358,8,0.06982,138.06,116.94,162.23,152.1
14727,4358,8,0.06708,32.07,117.43,55.27,150.63
14728,4358,14,0.05771,140.62,123.9,160.64,144.53
14729,4358,8,0.0556,183.35,120.61,201.9,157.23
14730,4358,14,0.04037,0.0,92.29,17.24,162.35
14731,4358,14,0.02988,190.06,129.39,211.06,156.74
14732,4358,14,0.02855,185.42,129.39,200.32,150.88
14733,4358,14,0.02834,0.06,90.58,15.85,122.31
14734,4358,8,0.02626,26.2,84.23,72.2,148.68
14735,4358,8,0.02615,104.61,115.23,122.44,145.51
14736,4358,8,0.02092,373.54,76.42,483.4,187.74
14737,4358,8,0.01987,193.85,129.39,213.38,156.74
14738,4358,8,0.01758,136.96,124.02,157.71,144.53
14739,4358,8,0.01744,178.47,128.91,199.46,151.37
14740,4358,8,0.01596,31.08,102.78,60.61,151.61
14741,4358,14,0.01423,141.11,119.63,173.83,146.48
14742,4358,14,0.01353,193.6,129.64,209.72,150.15
14743,4358,14,0.01045,110.05,94.73,145.26,150.63
14744,4358,14,0.00982,105.59,117.07,124.15,141.6
14745,4358,8,0.00902,33.14,126.22,48.4,148.19
14746,4358,8,0.00797,176.76,121.22,199.71,146.48
14747,4358,14,0.00764,0.14,92.77,20.32,132.32
14748,4358,14,0.00669,181.88,120.73,202.64,159.67
14749,4358,8,0.00626,182.74,123.54,211.3,146.48
14750,4358,14,0.00607,0.0,93.02,13.75,114.5
14751,4358,8,0.00594,137.45,116.21,171.88,161.13
14752,4358,8,0.00587,184.08,107.79,210.94,158.69
14753,4358,8,0.00555,193.12,115.48,218.99,158.45
14754,4358,8,0.00547,0.0,126.59,13.37,170.41
14755,4358,14,0.00483,178.71,128.42,199.71,154.79
14756,4358,14,0.00472,0.0,116.21,8.82,217.29
14757,4358,8,0.00455,118.29,106.2,156.13,140.62
14758,4358,14,0.00436,194.09,128.91,222.9,157.23
14759,4358,14,0.00385,0.12,123.54,18.68,179.2
14760,4358,14,0.00368,155.03,111.69,187.5,156.74
14761,4358,8,0.00332,130.37,111.82,157.71,149.9
14762,4358,8,0.00314,171.88,126.71,198.24,157.96
14763,4358,8,0.0029,34.55,125.24,59.69,148.68
14764,4358,14,0.00253,190.67,126.46,211.91,145.02
14765,4358,8,0.00253,0.0,139.16,17.17,173.34
14766,4358,14,0.00219,409.67,110.11,431.15,140.38
14767,4358,14,0.00215,166.5,112.79,190.92,160.64
14768,4358,14,0.00214,149.78,117.43,177.86,154.05
14769,4358,8,0.00193,3.03,103.03,30.36,148.93
14770,4358,8,0.0019,92.65,116.94,119.51,139.89
14771,4358,14,0.00182,425.54,95.21,464.6,149.66
14772,4358,14,0.00172,0.12,82.89,35.28,230.47
14773,4358,8,0.00167,225.1,115.97,251.22,154.05
14774,4358,14,0.00165,168.46,125.73,194.82,157.47
14775,4358,8,0.00165,1.25,115.72,26.81,157.71
14776,4358,8,0.0016,447.27,94.48,471.19,132.08
14777,4358,8,0.00154,30.27,109.38,48.83,149.41
14778,4358,8,0.00143,167.24,118.16,193.36,146.0
14779,4358,14,0.00143,0.0,117.68,20.6,157.23
14780,4358,8,0.0014,11.44,98.14,40.47,150.88
14781,4358,14,0.00139,443.36,96.19,463.87,123.29
14782,4358,14,0.00132,0.0,97.9,24.51,116.94
14783,4358,14,0.00129,442.14,95.34,463.13,114.14
14784,4358,8,0.00122,223.51,83.74,352.54,256.0
14785,4358,8,0.00116,136.6,114.26,171.51,138.92
14786,4358,8,0.00113,132.32,117.19,162.11,166.02
14787,4358,8,0.00107,426.03,99.12,457.76,146.97
14788,4358,14,0.00104,0.0,85.45,72.75,243.16
14789,4358,14,0.00104,1.5,93.26,32.35,146.97
14790,4358,8,0.00101,67.2,104.49,99.43,127.2
14791,4358,8,0.00101,416.5,101.56,435.06,145.02
14792,4361,0,0.40161,226.51,40.38,269.02,81.82
14793,4361,12,0.11517,305.02,87.39,349.54,131.43
14794,4361,0,0.04941,304.07,87.15,349.54,131.67
14795,4361,9,0.01411,304.07,86.91,350.49,131.67
14796,4361,2,0.01009,226.63,40.97,268.31,81.7
14797,4361,10,0.00389,304.55,86.91,349.54,131.2
14798,4361,1,0.00322,304.07,87.39,349.54,131.43
14799,4361,2,0.00182,304.55,87.39,350.01,131.43
14800,4362,2,0.87227,194.75,174.92,226.44,197.09
14801,4362,2,0.85625,33.01,148.55,54.78,175.36
14802,4362,2,0.00111,0.0,213.02,4.27,242.12
14803,4363,2,0.85205,340.55,15.77,368.33,50.6
14804,4363,2,0.8291,362.44,92.96,399.16,122.62
14805,4363,17,0.74756,293.25,82.96,309.25,98.97
14806,4363,2,0.00133,368.56,91.32,400.1,111.56
14807,4366,17,0.88829,361.51,166.37,381.78,186.95
14808,4366,10,0.87976,246.67,104.25,269.24,127.06
14809,4366,10,0.87761,226.2,134.07,246.88,158.26
14810,4366,17,0.8466,376.98,136.01,396.58,155.81
14811,4366,10,0.846,249.32,173.6,273.31,200.34
14812,4366,9,0.78869,296.93,186.53,323.88,209.05
14813,4366,11,0.61387,301.58,87.72,328.35,107.39
14814,4366,11,0.57268,306.89,139.35,328.4,164.11
14815,4366,10,0.27712,296.93,186.37,323.97,209.14
14816,4366,10,0.00412,361.51,166.58,381.7,186.94
14817,4366,13,0.00113,361.54,166.37,381.81,186.9
14818,4367,7,0.86084,235.19,178.13,267.92,207.02
14819,4369,7,0.86795,212.44,120.49,235.47,143.45
14820,4369,7,0.86059,112.62,192.74,141.51,220.38
14821,4369,15,0.309,112.59,193.28,141.6,220.7
14822,4370,14,0.77202,232.24,115.97,291.72,220.07
14823,4370,5,0.28545,268.99,153.66,356.6,196.09
14824,4370,5,0.13696,69.8,167.86,173.37,204.44
14825,4370,14,0.03984,267.94,117.97,292.12,213.52
14826,4370,5,0.03483,1.85,158.13,85.79,208.65
14827,4370,5,0.01207,220.89,151.55,357.05,197.34
14828,4370,5,0.00999,206.5,155.36,288.29,200.1
14829,4370,5,0.00868,208.18,157.42,253.54,201.39
14830,4370,14,0.00742,206.43,127.47,293.85,204.58
14831,4370,5,0.00589,0.33,148.32,162.42,209.46
14832,4370,5,0.0032,489.41,158.71,500.0,184.97
14833,4377,5,0.83545,115.3,34.98,148.1,63.92
14834,4377,14,0.74609,448.41,53.79,460.95,82.25
14835,4377,14,0.69922,435.63,52.58,446.24,78.63
14836,4377,8,0.50586,377.25,47.88,390.76,65.25
14837,4377,14,0.44556,389.31,44.62,398.0,65.37
14838,4377,14,0.23096,394.62,46.31,401.38,65.85
14839,4377,8,0.09039,0.0,14.47,6.45,29.43
14840,4377,14,0.06805,379.91,47.28,388.11,58.37
14841,4377,14,0.06732,382.08,46.79,389.31,59.58
14842,4377,14,0.06281,383.04,45.59,388.83,55.0
14843,4377,14,0.03162,446.0,43.9,457.09,56.93
14844,4377,5,0.02509,0.03,13.99,6.67,29.91
14845,4377,14,0.01692,491.59,75.38,494.0,97.33
14846,4377,8,0.0161,387.38,57.29,394.14,66.45
14847,4377,14,0.01219,389.31,43.9,396.07,53.55
14848,4377,8,0.00848,384.01,52.83,392.69,65.85
14849,4377,14,0.00806,436.59,52.58,446.72,68.5
14850,4377,5,0.00764,0.2,1.69,15.62,15.2
14851,4377,14,0.0068,490.14,45.23,494.0,85.75
14852,4377,8,0.00461,491.11,52.1,494.0,73.33
14853,4377,14,0.00433,490.14,76.46,494.0,100.58
14854,4377,14,0.00399,386.66,44.26,391.97,51.74
14855,4377,14,0.00364,382.32,44.87,388.11,51.62
14856,4377,14,0.00322,447.69,43.42,461.2,57.89
14857,4377,14,0.00307,389.8,43.78,397.03,57.53
14858,4377,8,0.0028,388.35,53.07,395.59,66.09
14859,4377,14,0.00255,491.11,61.99,494.0,89.97
14860,4377,14,0.00236,442.86,48.72,456.37,56.93
14861,4377,8,0.00233,491.59,82.49,494.0,97.93
14862,4377,14,0.00216,449.13,53.79,460.71,71.4
14863,4377,14,0.00195,489.18,50.65,494.0,72.36
14864,4377,8,0.00182,0.84,1.69,15.56,11.34
14865,4377,14,0.00176,403.55,49.45,409.82,61.51
14866,4377,14,0.00171,491.11,52.34,494.0,77.67
14867,4377,14,0.00166,449.62,52.83,460.23,61.99
14868,4377,5,0.00157,143.76,40.64,156.79,53.91
14869,4377,8,0.0015,487.25,50.41,494.0,72.12
14870,4377,14,0.00114,437.56,44.14,456.85,56.68
14871,4379,2,0.86152,267.38,194.98,287.99,221.15
14872,4379,2,0.00251,328.28,102.68,339.3,114.68
14873,4380,15,0.89386,65.93,80.64,89.06,109.46
14874,4380,15,0.87545,152.82,73.61,178.69,104.63
14875,4382,8,0.81142,248.75,0.0,364.93,33.65
14876,4382,8,0.36466,180.35,0.76,282.79,27.98
14877,4382,14,0.29337,0.0,2.31,10.12,103.04
14878,4382,14,0.07054,0.09,0.74,18.3,102.21
14879,4382,8,0.04816,181.01,0.52,222.98,20.49
14880,4382,8,0.02093,249.53,0.25,319.06,31.95
14881,4382,14,0.01273,0.73,0.2,31.16,100.64
14882,4382,6,0.00462,0.0,23.54,6.78,102.49
14883,4382,14,0.00369,0.4,0.0,52.15,212.0
14884,4382,6,0.00257,0.04,50.36,5.4,105.0
14885,4382,6,0.00238,0.06,67.84,5.86,118.3
14886,4382,6,0.00238,0.0,3.53,8.98,99.71
14887,4382,8,0.00168,0.0,25.19,68.99,210.05
14888,4382,8,0.00144,0.01,57.51,4.65,104.12
14889,4382,14,0.0013,0.01,0.0,48.46,107.41
14890,4382,8,0.00115,340.32,0.0,389.07,25.62
14891,4383,14,0.81152,169.92,83.25,198.73,168.7
14892,4383,14,0.7959,309.08,98.02,344.73,174.32
14893,4383,5,0.78662,409.67,131.84,477.05,172.85
14894,4383,14,0.74316,339.84,96.19,389.16,178.71
14895,4383,5,0.01173,487.79,124.76,500.0,174.56
14896,4383,14,0.00174,0.01,97.29,6.69,180.18
14897,4383,8,0.0017,161.62,83.01,220.21,168.46
14898,4383,8,0.00134,308.11,98.63,378.91,175.78
14899,4383,14,0.00132,490.23,130.86,500.0,218.75
14900,4383,14,0.0013,339.11,100.83,364.99,177.49
14901,4383,14,0.00102,315.92,96.92,361.82,176.03
14902,4383,5,0.00101,466.8,103.76,499.02,122.31
14903,4384,15,0.80811,395.75,39.39,418.0,58.01
14904,4384,15,0.78516,393.71,74.93,422.31,98.54
14905,4384,15,0.77979,340.58,54.95,361.46,72.2
14906,4389,2,0.83643,89.84,64.25,103.28,82.68
14907,4389,2,0.82666,43.45,41.09,56.78,58.77
14908,4389,2,0.81543,141.82,49.06,153.27,66.49
14909,4389,2,0.80664,102.6,35.36,114.92,52.29
14910,4393,14,0.75195,137.1,160.03,164.47,206.39
14911,4393,14,0.4187,54.22,142.03,77.18,200.22
14912,4393,14,0.21533,455.19,184.44,473.93,224.39
14913,4393,14,0.01017,198.99,157.81,226.12,199.24
14914,4393,14,0.00474,316.86,162.74,333.63,192.33
14915,4393,14,0.00468,45.62,142.03,78.23,214.03
14916,4393,16,0.00164,126.99,203.92,157.07,225.13
14917,4393,14,0.00129,343.24,165.7,353.11,186.42
14918,4393,14,0.00107,502.53,172.11,505.0,200.72
14919,4393,16,0.00104,38.22,215.02,78.41,235.73
14920,4396,7,0.8854,127.13,53.98,165.4,89.61
14921,4396,17,0.86243,149.26,148.19,173.99,172.18
14922,4396,7,0.78157,261.45,179.82,309.31,219.52
14923,4396,17,0.62621,247.84,89.56,270.5,110.34
14924,4406,15,0.89258,58.87,91.48,80.82,109.73
14925,4406,14,0.00139,459.63,14.79,490.21,234.25
14926,4408,15,0.8833,437.84,54.55,464.16,81.83
14927,4408,15,0.854,430.66,12.2,453.63,34.69
14928,4408,15,0.84912,353.86,28.71,382.09,57.66
14929,4408,15,0.00594,487.13,33.74,490.0,58.14
14930,4408,15,0.00188,483.3,34.93,490.0,55.03
14931,4408,7,0.00158,486.65,34.33,490.0,52.04
14932,4408,7,0.00143,483.3,34.57,490.0,51.56
14933,4411,2,0.83887,293.2,153.38,324.59,193.8
14934,4411,17,0.71533,378.09,118.42,393.31,135.54
14935,4411,17,0.11047,268.47,94.17,293.2,119.61
14936,4411,2,0.08386,268.71,94.17,293.44,119.85
14937,4411,2,0.00813,377.85,118.66,393.55,136.26
14938,4412,14,0.67334,403.03,8.66,507.0,248.3
14939,4412,15,0.03448,276.28,158.19,340.15,200.27
14940,4412,14,0.00382,331.73,7.43,507.0,248.55
14941,4412,14,0.00191,432.24,56.44,506.5,251.02
14942,4412,14,0.00115,285.93,0.8,324.55,31.44
14943,4413,14,0.77077,357.73,126.59,373.89,145.26
14944,4413,14,0.7549,170.59,93.55,189.37,133.4
14945,4413,14,0.74496,23.56,80.34,41.94,114.99
14946,4413,14,0.68538,132.98,97.98,145.94,121.79
14947,4413,16,0.38033,0.32,124.4,29.34,145.77
14948,4413,14,0.18141,15.86,80.72,24.74,99.03
14949,4413,16,0.0854,51.05,135.45,77.27,154.23
14950,4413,14,0.06014,23.88,79.82,34.57,112.32
14951,4413,14,0.04784,0.0,81.19,2.29,99.62
14952,4413,14,0.04413,0.02,82.24,3.82,98.76
14953,4413,16,0.02521,0.15,124.66,30.94,157.63
14954,4413,16,0.02455,0.18,155.93,42.21,203.68
14955,4413,14,0.016,16.68,79.74,26.43,108.59
14956,4413,14,0.01195,0.07,81.51,4.54,106.54
14957,4413,16,0.00953,0.03,156.35,26.13,209.72
14958,4413,14,0.00803,0.0,81.43,6.15,97.94
14959,4413,14,0.00707,233.46,111.53,254.15,133.24
14960,4413,14,0.0062,24.62,79.8,32.34,95.91
14961,4413,16,0.00608,3.51,156.19,70.1,232.31
14962,4413,14,0.00352,134.71,97.65,145.14,112.69
14963,4413,15,0.00339,51.35,135.06,77.42,154.22
14964,4413,14,0.0024,233.77,115.82,245.52,132.79
14965,4413,16,0.00229,0.05,155.29,23.08,188.23
14966,4413,14,0.00204,32.36,82.83,42.91,112.28
14967,4413,16,0.00154,0.23,126.54,32.77,182.54
14968,4413,14,0.00108,244.69,115.45,261.21,133.77
14969,4414,2,0.88232,134.03,34.67,160.4,69.34
14970,4414,2,0.85645,153.56,110.96,190.43,141.11
14971,4414,17,0.75928,84.23,99.98,100.1,116.09
14972,4414,2,0.00476,161.5,111.33,190.55,132.81
14973,4416,2,0.79561,297.83,33.95,326.18,60.79
14974,4416,2,0.51903,263.38,27.67,294.41,48.79
14975,4416,2,0.10981,105.2,58.58,125.42,80.43
14976,4416,2,0.01855,323.56,8.42,343.15,33.52
14977,4416,2,0.01186,497.3,102.84,506.0,132.51
14978,4416,2,0.00411,58.62,54.92,85.17,80.16
14979,4416,2,0.00299,119.12,2.04,139.95,32.07
14980,4416,2,0.00192,501.82,35.23,506.0,69.38
14981,4416,2,0.00184,462.37,12.85,489.2,35.56
14982,4416,2,0.00135,0.16,22.33,7.73,44.0
14983,4416,16,0.00101,497.93,66.42,506.0,104.32
14984,4416,2,0.001,496.62,112.66,506.0,138.21
14985,4417,3,0.87884,81.56,80.51,134.24,140.09
14986,4417,3,0.86019,152.76,9.45,186.93,48.72
14987,4417,13,0.85858,213.2,49.99,249.97,89.39
14988,4417,1,0.84008,158.55,78.23,199.05,121.1
14989,4417,3,0.8265,90.63,41.84,165.39,71.71
14990,4418,14,0.82512,391.62,141.65,418.06,228.5
14991,4418,14,0.79938,282.98,135.51,309.53,218.87
14992,4418,14,0.7948,65.04,87.74,102.99,207.2
14993,4418,14,0.68358,124.0,128.65,164.75,205.46
14994,4418,5,0.61715,413.5,181.64,479.3,221.92
14995,4418,14,0.43908,161.61,134.04,186.16,206.49
14996,4418,14,0.34421,95.95,113.09,123.51,204.51
14997,4418,14,0.19612,65.47,115.7,123.86,207.36
14998,4418,14,0.0081,128.25,129.95,185.48,205.94
14999,4418,5,0.00121,469.7,155.24,499.8,187.93
15000,4418,8,0.00108,383.57,141.8,463.84,228.37
15001,4422,9,0.77051,452.77,109.91,472.71,129.36
15002,4422,17,0.75195,391.98,67.11,407.06,81.95
15003,4422,2,0.22815,161.95,187.97,186.75,206.93
15004,4422,10,0.1394,405.6,162.19,427.48,185.05
15005,4422,9,0.10522,405.6,162.43,427.48,184.8
15006,4424,4,0.88086,117.02,151.84,227.02,195.15
15007,4424,3,0.86426,122.31,79.24,212.87,119.6
15008,4424,3,0.83984,112.03,16.24,201.55,52.17
15009,4425,15,0.89012,107.03,44.5,129.41,72.38
15010,4425,15,0.8865,192.26,31.82,216.69,61.6
15011,4425,17,0.00227,492.65,179.29,495.0,189.72
15012,4430,12,0.88389,233.45,157.18,259.98,180.89
15013,4430,1,0.86453,264.49,135.72,290.95,162.16
15014,4430,0,0.86437,192.65,174.63,221.67,203.23
15015,4430,3,0.82239,239.25,174.71,303.4,205.52
15016,4430,3,0.74891,199.05,148.9,238.31,178.65
15017,4430,4,0.00108,198.84,148.81,237.93,178.12
15018,4432,14,0.89904,308.11,55.62,364.53,181.59
15019,4432,14,0.46501,0.0,99.21,23.4,143.27
15020,4432,8,0.354,0.0,153.89,103.6,246.96
15021,4432,14,0.0132,351.46,4.91,373.47,63.78
15022,4432,14,0.00744,160.88,115.79,203.9,200.71
15023,4432,8,0.00689,0.0,94.96,104.5,249.0
15024,4432,14,0.0056,0.09,108.53,12.29,144.71
15025,4432,14,0.00436,164.61,141.51,192.55,199.34
15026,4432,8,0.00361,38.45,96.06,83.31,132.45
15027,4432,14,0.0033,307.97,56.59,342.48,176.03
15028,4432,14,0.00293,0.01,100.12,20.91,191.17
15029,4432,14,0.00291,0.02,109.59,7.16,142.85
15030,4432,14,0.00273,84.82,127.13,104.41,162.7
15031,4432,2,0.0019,257.65,208.2,302.74,238.93
15032,4432,14,0.00164,485.96,41.1,493.0,129.27
15033,4432,8,0.00158,0.0,96.8,56.49,249.0
15034,4432,14,0.00136,488.96,62.27,493.0,119.67
15035,4432,5,0.00121,483.52,109.56,492.96,150.93
15036,4435,7,0.88574,30.43,53.88,67.37,84.9
15037,4435,2,0.87109,102.07,71.52,140.67,117.93
15038,4438,5,0.78093,314.95,176.57,402.76,209.05
15039,4438,5,0.77902,11.02,173.27,107.74,207.75
15040,4438,5,0.74177,444.18,165.89,489.0,190.86
15041,4438,8,0.58602,276.69,162.93,296.27,176.51
15042,4438,5,0.56478,214.18,172.81,296.84,200.64
15043,4438,8,0.56371,355.23,166.01,383.27,180.15
15044,4438,8,0.55118,392.02,162.97,408.63,176.63
15045,4438,14,0.52491,282.8,153.57,292.0,165.41
15046,4438,14,0.48169,376.62,157.03,382.97,166.65
15047,4438,8,0.40709,364.52,167.14,383.91,179.2
15048,4438,14,0.39852,396.84,154.66,405.42,168.34
15049,4438,14,0.38229,371.62,159.98,377.21,170.07
15050,4438,8,0.3636,371.59,167.78,384.01,178.64
15051,4438,14,0.26099,361.76,161.05,370.44,172.75
15052,4438,14,0.1896,369.43,163.1,376.41,172.28
15053,4438,14,0.15526,284.11,155.87,295.03,166.79
15054,4438,14,0.13133,283.0,158.63,294.89,168.48
15055,4438,8,0.11752,419.79,161.4,440.82,177.52
15056,4438,14,0.1117,364.09,161.49,372.89,172.32
15057,4438,14,0.10836,375.69,160.3,383.61,171.04
15058,4438,14,0.09614,377.11,163.8,384.01,171.72
15059,4438,8,0.09568,358.59,165.09,375.91,177.95
15060,4438,14,0.09273,283.06,151.91,295.83,165.94
15061,4438,14,0.08673,241.02,156.33,249.12,167.6
15062,4438,8,0.07804,375.6,165.7,384.57,177.7
15063,4438,8,0.07717,355.02,167.51,372.2,179.42
15064,4438,14,0.06027,2.06,140.18,15.04,151.67
15065,4438,5,0.05206,253.17,173.26,296.2,199.06
15066,4438,8,0.048,281.79,161.7,296.21,171.95
15067,4438,14,0.04629,426.91,156.27,435.2,167.93
15068,4438,14,0.04566,394.45,156.74,404.01,169.93
15069,4438,14,0.03789,359.61,164.11,370.25,173.26
15070,4438,14,0.03031,393.9,160.3,401.6,170.38
15071,4438,5,0.02818,474.76,102.73,489.0,120.55
15072,4438,5,0.02727,50.47,174.28,105.77,206.36
15073,4438,14,0.01982,239.51,160.28,249.54,172.71
15074,4438,14,0.01981,279.63,155.01,290.42,165.99
15075,4438,14,0.01785,1.34,139.0,25.35,151.93
15076,4438,14,0.01709,374.59,155.63,382.6,166.05
15077,4438,14,0.01504,11.4,146.15,19.92,154.4
15078,4438,14,0.01446,423.49,157.86,436.43,170.08
15079,4438,14,0.01439,354.13,168.58,365.56,178.88
15080,4438,8,0.01431,0.03,144.81,6.92,159.97
15081,4438,8,0.01429,0.14,148.27,11.68,160.38
15082,4438,8,0.01412,241.84,166.54,251.49,176.27
15083,4438,8,0.01372,236.06,162.98,251.14,176.33
15084,4438,5,0.01336,196.41,127.19,212.47,142.3
15085,4438,5,0.01288,0.88,127.17,29.07,142.21
15086,4438,14,0.01278,6.67,144.62,18.81,153.37
15087,4438,8,0.01263,239.81,161.5,249.8,172.87
15088,4438,5,0.01195,474.21,111.17,488.86,122.01
15089,4438,14,0.01176,278.84,151.08,293.15,164.61
15090,4438,14,0.01155,400.42,156.71,406.67,168.9
15091,4438,8,0.01098,353.72,168.68,363.59,179.2
15092,4438,14,0.01071,278.26,160.9,290.67,171.13
15093,4438,8,0.01044,0.01,148.28,4.53,160.29
15094,4438,5,0.01032,465.66,103.81,488.63,119.9
15095,4438,5,0.00986,463.04,91.75,488.29,105.7
15096,4438,14,0.0093,3.64,140.77,20.27,151.09
15097,4438,5,0.00888,195.74,120.56,230.35,145.98
15098,4438,5,0.00856,470.81,96.85,488.48,107.99
15099,4438,14,0.00825,235.42,162.87,245.99,176.57
15100,4438,14,0.00805,274.8,153.24,292.59,166.25
15101,4438,14,0.00747,235.97,159.94,248.42,175.01
15102,4438,5,0.0071,466.73,99.0,488.22,112.63
15103,4438,5,0.00696,306.65,101.91,342.88,123.97
15104,4438,8,0.00688,7.45,151.12,15.71,159.36
15105,4438,5,0.00683,473.89,99.51,488.84,114.99
15106,4438,14,0.00679,242.37,158.21,250.61,169.64
15107,4438,14,0.00588,355.2,165.14,368.26,176.44
15108,4438,14,0.0057,9.2,147.47,19.0,157.11
15109,4438,8,0.00561,379.69,163.96,394.38,176.15
15110,4438,8,0.00527,0.04,149.46,3.01,161.12
15111,4438,8,0.00512,0.2,144.05,10.33,158.61
15112,4438,14,0.00506,353.01,169.7,361.48,179.03
15113,4438,14,0.005,401.57,160.31,407.25,169.78
15114,4438,5,0.00498,470.93,91.11,488.3,102.45
15115,4438,5,0.00489,7.93,164.67,78.11,206.38
15116,4438,14,0.00479,242.83,164.67,256.0,175.84
15117,4438,5,0.00475,29.38,113.79,82.1,128.15
15118,4438,5,0.00443,452.92,110.94,479.02,120.77
15119,4438,5,0.00434,460.67,88.93,488.61,100.85
15120,4438,14,0.00434,71.63,160.13,83.19,173.11
15121,4438,5,0.00404,460.33,111.0,485.88,120.8
15122,4438,14,0.00397,3.53,147.25,15.47,157.96
15123,4438,5,0.00394,308.51,96.33,349.61,110.7
15124,4438,8,0.00381,0.01,118.73,2.8,134.09
15125,4438,8,0.00379,236.04,167.01,252.69,178.58
15126,4438,14,0.00368,377.9,161.86,387.43,174.0
15127,4438,5,0.00364,135.02,83.26,168.7,99.65
15128,4438,8,0.00361,6.34,152.15,14.48,161.14
15129,4438,14,0.00355,275.19,163.24,288.72,175.7
15130,4438,5,0.00339,458.23,95.59,486.2,107.3
15131,4438,5,0.00337,283.32,98.64,309.15,112.62
15132,4438,5,0.00331,325.05,83.84,353.55,96.07
15133,4438,8,0.00325,276.05,162.15,289.61,175.52
15134,4438,5,0.00316,459.13,75.1,487.61,85.14
15135,4438,5,0.00313,319.02,60.53,338.44,71.19
15136,4438,5,0.00301,476.6,94.18,489.0,108.36
15137,4438,5,0.00297,459.25,81.32,488.83,93.26
15138,4438,5,0.00288,313.34,91.12,351.5,109.36
15139,4438,5,0.00283,458.29,76.54,488.58,89.86
15140,4438,8,0.00275,9.58,149.21,19.45,157.79
15141,4438,14,0.00273,0.0,135.72,14.85,152.64
15142,4438,5,0.00271,473.67,112.89,489.0,132.65
15143,4438,5,0.00253,279.64,92.29,312.78,109.59
15144,4438,5,0.00253,284.18,87.34,315.24,101.32
15145,4438,5,0.00252,319.24,86.67,348.49,99.67
15146,4438,5,0.00251,456.22,106.44,481.4,118.82
15147,4438,5,0.00247,80.58,122.69,139.11,169.97
15148,4438,5,0.00242,18.53,44.41,49.82,56.78
15149,4438,5,0.00228,19.6,42.74,53.44,52.9
15150,4438,5,0.00225,310.88,61.93,339.38,73.89
15151,4438,5,0.00225,323.95,88.63,353.9,103.6
15152,4438,5,0.00224,51.49,103.17,100.01,120.7
15153,4438,5,0.00216,0.0,119.26,13.43,139.59
15154,4438,14,0.00213,72.4,156.26,88.75,170.22
15155,4438,5,0.00212,454.57,96.31,477.07,109.1
15156,4438,5,0.00207,53.79,42.23,83.82,53.26
15157,4438,5,0.00205,32.43,109.22,81.61,125.76
15158,4438,5,0.00203,456.15,100.27,483.94,113.15
15159,4438,5,0.00202,56.37,94.6,98.29,112.97
15160,4438,5,0.00199,112.56,101.35,210.1,167.77
15161,4438,5,0.00199,403.22,62.64,454.45,79.7
15162,4438,8,0.00198,388.2,163.42,401.76,176.18
15163,4438,5,0.00195,16.01,45.44,35.02,55.94
15164,4438,8,0.00195,0.23,139.8,15.26,152.96
15165,4438,5,0.00195,73.95,119.66,99.1,136.21
15166,4438,5,0.00194,476.9,151.06,488.77,166.67
15167,4438,5,0.00192,317.83,67.56,338.86,78.39
15168,4438,5,0.00189,334.69,83.56,355.11,93.87
15169,4438,5,0.00189,0.41,44.19,20.14,59.96
15170,4438,5,0.00189,453.03,101.1,473.77,113.43
15171,4438,14,0.00188,271.88,153.86,288.98,164.46
15172,4438,5,0.00188,22.22,104.87,69.38,123.41
15173,4438,5,0.00187,234.32,61.38,280.89,77.77
15174,4438,14,0.00185,0.62,135.81,28.95,148.43
15175,4438,5,0.0018,18.6,44.09,43.6,52.47
15176,4438,14,0.00177,233.61,161.23,251.37,179.91
15177,4438,14,0.00172,242.69,155.17,251.09,163.29
15178,4438,5,0.0017,0.0,118.15,5.67,139.84
15179,4438,5,0.00168,329.54,80.11,355.67,93.74
15180,4438,5,0.00165,321.13,64.67,338.65,72.63
15181,4438,5,0.00162,474.82,88.7,488.47,98.0
15182,4438,5,0.00161,43.84,116.08,82.96,129.7
15183,4438,5,0.00159,39.54,105.36,84.73,121.86
15184,4438,14,0.00157,370.08,155.6,377.82,166.67
15185,4438,5,0.00157,476.33,89.56,489.0,103.38
15186,4438,14,0.00155,70.69,160.26,87.41,175.45
15187,4438,5,0.00152,138.74,88.38,168.25,100.15
15188,4438,5,0.00152,0.05,119.02,7.74,134.84
15189,4438,5,0.00149,455.14,90.7,477.95,99.34
15190,4438,5,0.00147,0.0,41.98,14.68,76.17
15191,4438,8,0.00145,2.44,149.27,15.95,160.74
15192,4438,14,0.00144,275.36,160.36,287.66,171.38
15193,4438,5,0.00143,287.45,62.72,317.86,76.57
15194,4438,14,0.00139,285.15,159.74,297.73,169.88
15195,4438,5,0.00139,113.23,74.37,161.89,96.43
15196,4438,14,0.00138,68.27,162.28,82.2,175.37
15197,4438,5,0.00137,451.14,94.98,472.27,107.86
15198,4438,14,0.00129,380.69,163.8,391.53,175.7
15199,4438,5,0.00129,322.66,99.05,351.13,111.18
15200,4438,5,0.00129,461.02,70.23,488.44,84.54
15201,4438,5,0.00127,84.04,90.44,131.26,119.3
15202,4438,5,0.00127,452.73,67.71,477.35,80.04
15203,4438,14,0.00126,270.76,155.34,282.97,165.08
15204,4438,5,0.00125,53.99,46.12,83.85,59.16
15205,4438,14,0.00125,364.22,156.22,374.89,172.28
15206,4438,5,0.00124,81.8,123.72,97.62,136.41
15207,4438,5,0.00124,50.84,110.59,99.06,127.74
15208,4438,5,0.00122,170.93,70.0,212.36,91.51
15209,4438,8,0.00121,273.94,166.67,289.1,178.35
15210,4438,5,0.00121,115.49,72.34,163.4,89.63
15211,4438,5,0.00121,324.29,66.18,354.16,81.81
15212,4438,5,0.00121,459.83,71.05,480.53,80.36
15213,4438,5,0.00119,457.74,89.01,482.41,98.34
15214,4438,5,0.00119,454.09,88.46,473.76,97.76
15215,4438,5,0.00117,460.8,63.56,488.46,81.33
15216,4438,5,0.00115,451.55,104.38,473.24,115.28
15217,4438,5,0.00115,0.55,139.06,16.48,152.3
15218,4438,5,0.00115,408.0,82.78,433.09,98.24
15219,4438,5,0.00114,156.25,119.63,236.96,192.65
15220,4438,5,0.00112,450.33,113.65,475.32,123.37
15221,4438,5,0.00111,66.37,94.6,99.82,109.21
15222,4438,5,0.00111,64.35,90.16,97.52,105.73
15223,4438,5,0.00111,197.35,62.61,245.42,78.61
15224,4438,14,0.00111,231.91,149.04,249.86,164.36
15225,4438,5,0.0011,462.1,60.95,488.42,74.56
15226,4438,14,0.00109,399.64,161.17,409.47,173.69
15227,4438,5,0.00109,276.65,99.32,309.39,116.68
15228,4438,5,0.00107,65.86,98.97,106.9,112.27
15229,4438,5,0.00107,113.3,113.77,151.98,129.6
15230,4438,5,0.00106,96.23,123.75,142.68,149.52
15231,4438,5,0.00105,135.12,89.68,170.04,103.41
15232,4438,5,0.00104,73.94,97.65,110.91,115.06
15233,4438,5,0.00104,481.66,65.21,489.0,76.0
15234,4438,5,0.00104,27.37,99.4,73.65,119.74
15235,4438,5,0.00104,33.41,116.31,68.83,126.97
15236,4438,14,0.00103,73.29,146.43,93.13,162.86
15237,4438,5,0.00102,33.63,119.37,70.33,132.8
15238,4438,5,0.00101,456.66,63.34,474.9,72.33
15239,4438,5,0.00101,417.51,76.08,452.35,86.96
15240,4438,5,0.00101,15.05,111.96,56.8,125.56
15241,4438,5,0.001,70.16,115.34,99.29,133.48
15242,4440,3,0.68785,215.89,36.83,284.95,89.79
15243,4440,13,0.17193,183.35,122.08,233.71,173.57
15244,4440,14,0.1704,338.41,2.78,490.64,142.54
15245,4440,12,0.08638,183.29,122.15,234.06,173.57
15246,4440,0,0.02358,401.47,140.61,458.01,197.43
15247,4440,12,0.01728,401.07,140.31,458.17,197.21
15248,4440,14,0.0095,372.45,3.93,485.41,115.08
15249,4440,2,0.00712,183.64,122.4,233.21,173.71
15250,4440,13,0.00643,401.18,140.53,457.17,196.87
15251,4440,14,0.00284,335.56,4.09,436.68,132.04
15252,4440,2,0.00253,215.25,37.32,285.25,89.71
15253,4440,2,0.00196,401.1,140.89,458.29,195.7
15254,4440,14,0.00146,444.96,0.0,498.85,200.94
15255,4440,3,0.00111,319.94,79.81,387.83,134.51
15256,4441,8,0.61328,151.14,1.23,398.88,126.12
15257,4441,8,0.25098,243.63,0.21,419.18,98.03
15258,4441,8,0.06097,10.46,0.0,223.12,109.92
15259,4441,8,0.05664,0.15,0.0,28.25,122.02
15260,4441,8,0.0354,2.97,0.0,100.85,110.95
15261,4441,8,0.01772,358.48,0.05,419.59,86.54
15262,4441,8,0.01744,49.22,5.59,357.25,131.87
15263,4441,8,0.00764,0.0,14.77,12.88,123.46
15264,4441,5,0.00302,34.04,6.77,300.64,125.92
15265,4441,8,0.00292,0.0,0.72,93.62,63.47
15266,4441,8,0.00253,0.13,51.47,16.18,118.54
15267,4441,8,0.00223,0.0,0.41,55.88,97.41
15268,4441,8,0.00128,395.8,0.21,420.0,45.73
15269,4441,8,0.00124,0.09,29.12,22.55,120.38
15270,4441,8,0.00112,39.38,17.43,301.46,177.39
15271,4441,8,0.00102,0.05,88.39,9.24,124.07
15272,4442,10,0.90276,277.94,126.87,301.85,153.58
15273,4442,10,0.89518,274.55,58.35,297.35,81.14
15274,4442,17,0.88391,389.66,118.82,410.03,139.32
15275,4442,17,0.8786,405.03,88.42,425.1,108.64
15276,4442,10,0.87643,254.04,88.35,274.99,112.54
15277,4442,11,0.78754,329.43,40.94,356.4,61.54
15278,4442,9,0.78641,324.99,139.34,351.84,161.79
15279,4442,11,0.69992,334.9,92.46,356.57,117.54
15280,4442,10,0.42666,324.97,139.34,352.02,161.82
15281,4443,7,0.88428,391.75,87.27,419.56,117.48
15282,4443,2,0.84814,358.66,33.56,398.94,58.5
15283,4443,7,0.00101,396.54,101.89,419.56,117.48
15284,4448,8,0.34207,448.43,79.51,489.9,123.75
15285,4448,8,0.12107,332.08,95.0,433.55,141.21
15286,4448,8,0.11849,491.89,85.48,500.0,120.24
15287,4448,14,0.08809,492.22,83.0,500.0,122.08
15288,4448,14,0.05753,479.71,36.05,500.0,123.93
15289,4448,8,0.0466,1.85,137.26,132.89,247.24
15290,4448,5,0.03519,0.0,136.39,131.85,254.25
15291,4448,14,0.02133,162.23,106.08,183.99,155.54
15292,4448,8,0.02015,336.16,98.22,391.76,141.65
15293,4448,14,0.01345,495.89,88.31,500.0,121.79
15294,4448,14,0.01108,492.6,77.06,500.0,169.41
15295,4448,8,0.00921,467.43,35.4,500.0,125.87
15296,4448,8,0.00879,421.11,79.71,449.95,130.11
15297,4448,14,0.00613,163.29,112.46,176.3,156.84
15298,4448,14,0.00434,148.79,110.85,176.48,156.77
15299,4448,8,0.00421,477.37,84.39,500.0,119.92
15300,4448,14,0.00304,477.46,11.18,500.0,75.9
15301,4448,14,0.00241,478.69,37.15,500.0,87.42
15302,4448,8,0.00175,0.0,142.52,45.53,244.84
15303,4448,14,0.00136,148.67,119.05,165.99,155.05
15304,4448,8,0.00128,419.17,82.1,446.71,117.38
15305,4448,8,0.00125,421.78,77.28,475.47,129.46
15306,4448,8,0.00123,335.13,106.39,356.08,139.83
15307,4448,14,0.00106,494.46,68.14,500.0,115.72
15308,4452,16,0.8208,2.43,190.15,25.84,221.12
15309,4452,16,0.80176,26.99,191.34,49.15,219.93
15310,4452,16,0.76074,49.68,189.43,70.89,217.07
15311,4452,16,0.75928,70.65,187.77,90.55,214.45
15312,4452,8,0.71533,282.12,182.05,330.73,245.91
15313,4452,14,0.69092,286.89,146.07,325.02,185.14
15314,4452,16,0.68262,90.9,186.34,109.85,211.59
15315,4452,16,0.3999,109.13,184.91,125.46,208.73
15316,4452,16,0.22681,124.5,183.95,138.8,207.3
15317,4452,16,0.16882,138.2,182.29,153.45,205.16
15318,4452,14,0.13257,271.16,149.64,283.55,169.66
15319,4452,5,0.07642,379.34,160.12,392.69,176.33
15320,4452,14,0.07367,282.12,147.02,298.8,168.94
15321,4452,8,0.07343,322.87,182.05,344.79,222.08
15322,4452,16,0.07288,151.79,182.05,164.65,203.02
15323,4452,16,0.04996,163.7,181.57,178.0,201.59
15324,4452,5,0.02177,414.13,159.17,430.34,174.42
15325,4452,16,0.02097,177.28,180.14,188.48,200.16
15326,4452,16,0.01238,225.41,175.85,234.95,193.01
15327,4452,16,0.01129,188.24,179.66,199.2,198.73
15328,4452,16,0.01049,218.27,177.04,226.84,194.2
15329,4452,16,0.00892,208.5,177.52,218.98,195.63
15330,4452,16,0.00854,198.49,178.71,208.5,196.82
15331,4452,8,0.00797,282.12,174.42,344.08,223.51
15332,4452,16,0.00685,271.16,166.8,285.46,184.43
15333,4452,16,0.00634,240.43,169.66,249.0,181.09
15334,4452,14,0.00566,281.65,146.3,310.24,169.18
15335,4452,14,0.00555,270.93,151.31,286.65,183.71
15336,4452,14,0.00514,288.8,176.57,322.16,191.82
15337,4452,16,0.00407,0.04,187.29,1.25,193.01
15338,4452,8,0.00382,305.0,171.56,343.6,222.55
15339,4452,16,0.00339,0.24,163.22,26.33,190.86
15340,4452,16,0.00317,233.99,175.38,243.52,192.53
15341,4452,14,0.00292,277.36,147.02,295.95,182.76
15342,4452,16,0.002,0.0,193.01,2.33,209.21
15343,4452,14,0.0018,273.07,147.5,297.85,168.46
15344,4452,8,0.00155,391.26,162.03,405.08,184.91
15345,4452,16,0.00154,0.0,187.77,1.65,200.16
15346,4452,16,0.00141,0.0,210.88,1.73,228.04
15347,4452,16,0.00131,485.62,172.99,488.0,193.96
15348,4452,8,0.00121,283.08,171.09,334.07,199.68
15349,4452,16,0.00116,0.03,179.19,1.2,192.05
15350,4461,17,0.88965,274.29,115.21,293.41,134.32
15351,4461,10,0.88623,320.12,94.12,343.16,114.71
15352,4461,17,0.87744,238.99,133.34,258.35,152.95
15353,4461,9,0.87598,208.96,63.73,230.04,84.81
15354,4461,10,0.87598,186.78,146.33,210.8,168.4
15355,4461,11,0.86084,169.87,22.06,189.97,41.18
15356,4461,17,0.51758,269.63,40.08,292.18,60.42
15357,4461,9,0.40918,269.63,39.95,292.18,60.54
15358,4461,10,0.00476,269.63,39.95,292.18,60.54
15359,4462,12,0.86865,270.21,124.52,303.68,154.05
15360,4462,0,0.854,116.53,90.81,147.53,121.32
15361,4462,3,0.854,150.86,165.38,210.9,225.42
15362,4462,3,0.84912,330.75,145.93,388.83,207.95
15363,4462,0,0.83984,343.55,49.22,378.0,82.69
15364,4462,12,0.80566,229.61,22.64,262.58,53.16
15365,4462,3,0.78271,192.45,84.29,270.7,115.54
15366,4465,2,0.86316,399.95,54.44,430.18,82.85
15367,4465,2,0.8561,277.57,38.71,312.9,64.83
15368,4465,2,0.00195,385.21,116.25,446.19,158.63
15369,4465,5,0.00125,387.31,116.85,446.43,158.99
15370,4467,14,0.8335,311.52,102.42,340.82,171.88
15371,4467,14,0.8208,271.48,87.04,309.57,172.85
15372,4467,14,0.80176,161.62,87.4,185.06,162.6
15373,4467,14,0.78809,397.46,103.88,423.83,176.27
15374,4467,14,0.75488,141.97,86.43,165.65,162.6
15375,4467,14,0.74316,234.86,88.62,272.46,170.65
15376,4467,5,0.58496,413.82,132.08,479.74,173.1
15377,4467,5,0.00536,470.95,104.98,499.76,133.3
15378,4467,5,0.00479,486.33,126.22,500.0,173.1
15379,4467,5,0.00165,478.03,105.47,500.0,148.44
15380,4474,14,0.80801,181.0,115.76,220.08,231.4
15381,4474,14,0.74156,212.34,118.53,252.56,233.06
15382,4474,5,0.086,5.38,154.99,185.89,215.4
15383,4474,5,0.04161,284.43,158.46,370.24,201.67
15384,4474,14,0.01138,488.65,132.14,500.0,220.87
15385,4474,5,0.003,86.03,176.79,190.22,210.48
15386,4474,5,0.0028,231.43,156.59,367.59,204.08
15387,4474,5,0.0018,0.0,159.77,61.24,218.39
15388,4474,14,0.00132,489.98,105.77,499.96,196.91
15389,4474,5,0.00109,0.23,152.8,101.05,218.23
15390,4475,2,0.83288,146.73,44.96,169.98,70.47
15391,4475,2,0.81278,262.65,42.34,291.21,65.87
15392,4475,2,0.02109,507.05,90.19,512.0,112.07
15393,4475,7,0.00752,507.41,95.2,512.0,112.35
15394,4475,2,0.00363,507.04,76.64,512.0,110.82
15395,4479,2,0.87842,313.91,122.74,342.62,160.54
15396,4479,7,0.82666,356.97,173.46,390.47,203.61
15397,4479,7,0.00128,378.03,185.66,391.9,203.85
15398,4480,17,0.82422,157.48,83.14,177.91,103.34
15399,4480,17,0.80566,65.88,6.69,85.84,25.48
15400,4482,17,0.52148,193.57,140.31,213.29,159.54
15401,4482,17,0.04053,173.47,130.2,192.21,149.92
15402,4482,3,0.01037,490.21,154.36,505.0,183.95
15403,4482,16,0.00259,178.9,132.17,212.43,158.31
15404,4482,0,0.00241,225.38,160.03,257.92,193.57
15405,4482,3,0.00112,225.38,159.79,257.92,194.31
15406,4482,3,0.00101,491.19,155.84,505.0,202.2
15407,4486,7,0.88086,300.76,25.34,329.17,52.81
15408,4486,2,0.86426,231.13,34.1,264.76,72.94
15409,4494,15,0.83341,387.35,128.24,406.87,142.77
15410,4494,15,0.83116,389.46,163.31,417.66,189.08
15411,4494,7,0.73438,320.15,149.54,341.57,165.43
15412,4494,15,0.68603,426.09,105.12,438.42,123.47
15413,4494,17,0.00431,474.4,223.45,485.63,234.48
15414,4494,7,0.00242,475.95,218.3,486.64,234.24
15415,4494,7,0.00209,479.75,210.47,487.0,233.45
15416,4494,7,0.0015,482.72,211.34,487.0,234.44
15417,4494,15,0.0013,390.89,162.65,417.4,178.35
15418,4494,17,0.00117,476.01,218.28,487.0,235.04
15419,4494,7,0.00117,458.4,141.46,472.65,154.32
15420,4494,17,0.0011,381.83,72.3,394.73,83.62
15421,4495,6,0.89648,386.17,47.75,437.41,74.76
15422,4495,15,0.83984,310.94,54.73,329.57,72.9
15423,4499,14,0.9043,109.57,25.78,155.27,144.84
15424,4499,14,0.00137,414.14,37.27,434.77,70.55
15425,4500,2,0.85986,168.95,128.41,200.34,166.46
15426,4500,2,0.7959,191.19,68.48,221.15,92.98
15427,4500,17,0.77734,280.12,115.57,296.29,132.45
15428,4504,2,0.81641,75.17,41.33,105.86,70.82
15429,4504,2,0.08508,0.02,129.07,7.53,149.85
15430,4504,2,0.01363,153.24,96.8,180.31,120.25
15431,4504,2,0.00919,0.05,123.27,6.56,145.5
15432,4504,2,0.00231,180.43,62.96,209.19,85.92
15433,4512,14,0.85274,468.99,103.34,495.0,181.5
15434,4512,14,0.80762,68.23,111.17,99.84,211.12
15435,4512,14,0.76967,325.36,108.95,350.91,189.27
15436,4512,14,0.74709,280.44,104.98,320.4,196.27
15437,4512,6,0.00875,474.11,41.36,495.0,81.89
15438,4512,14,0.00511,490.11,119.98,495.0,170.97
15439,4512,14,0.00402,487.26,150.01,495.0,236.78
15440,4512,14,0.00254,0.0,163.61,4.24,215.22
15441,4512,14,0.00179,487.71,117.46,495.0,162.48
15442,4512,14,0.00167,0.0,73.1,12.49,217.6
15443,4512,14,0.00141,0.0,117.95,6.09,242.97
15444,4512,8,0.00126,308.9,107.96,378.44,191.02
15445,4512,14,0.00117,484.74,113.77,495.0,172.55
15446,4513,15,0.87303,265.26,54.94,285.7,76.89
15447,4513,15,0.8648,384.69,48.29,405.24,68.5
15448,4514,15,0.89779,184.41,158.72,204.14,176.81
15449,4514,15,0.88377,278.52,173.02,297.33,190.58
15450,4515,5,0.89913,374.54,49.87,482.7,114.07
15451,4515,5,0.89296,318.92,118.6,443.14,198.23
15452,4515,5,0.86938,231.1,37.72,295.52,79.8
15453,4515,5,0.86647,66.86,0.89,98.75,18.35
15454,4515,5,0.85593,206.13,59.03,286.14,113.73
15455,4515,5,0.84429,136.38,22.96,191.52,63.86
15456,4515,5,0.82985,167.4,0.64,203.42,17.18
15457,4515,5,0.82726,215.07,9.58,264.57,38.94
15458,4515,5,0.79917,162.33,16.06,225.47,51.12
15459,4515,5,0.57167,129.19,1.31,164.12,25.73
15460,4515,5,0.08579,104.4,0.73,163.93,25.57
15461,4515,5,0.03194,102.72,0.61,131.7,24.32
15462,4515,5,0.01654,99.52,0.11,114.5,8.3
15463,4515,15,0.00716,105.33,138.51,124.58,167.63
15464,4515,5,0.00346,102.9,0.45,127.48,11.76
15465,4515,5,0.0029,92.89,0.0,113.29,7.58
15466,4515,5,0.00129,102.74,9.94,125.9,24.19
15467,4518,7,0.88187,251.35,37.37,289.59,73.04
15468,4518,7,0.86701,169.12,53.36,205.31,83.04
15469,4518,17,0.85405,233.04,72.19,254.93,93.79
15470,4518,17,0.82975,216.53,119.29,239.38,142.27
15471,4518,10,0.00398,216.43,119.38,239.41,142.51
15472,4518,14,0.00287,344.45,117.24,357.78,143.6
15473,4518,17,0.00148,75.28,59.22,106.1,83.64
15474,4518,15,0.00112,0.0,113.46,3.93,154.91
15475,4518,11,0.00108,233.0,72.56,255.17,94.1
15476,4519,7,0.8501,85.11,17.02,122.19,52.04
15477,4519,7,0.6167,121.34,92.4,160.25,122.07
15478,4519,2,0.00417,0.0,40.61,6.82,83.16
15479,4522,15,0.86104,260.78,66.53,277.03,81.3
15480,4522,15,0.85461,237.97,71.94,256.63,88.35
15481,4522,5,0.00262,0.0,63.57,351.07,239.31
15482,4522,14,0.00176,468.69,104.65,474.0,189.21
15483,4524,15,0.85729,194.43,99.09,219.53,124.49
15484,4524,15,0.8191,225.0,68.57,244.82,84.42
15485,4524,7,0.77621,149.38,75.78,169.16,90.18
15486,4524,15,0.08067,275.37,54.65,289.54,73.62
15487,4525,2,0.87744,371.4,83.36,392.54,110.27
15488,4525,2,0.86328,277.95,77.12,297.17,103.54
15489,4525,2,0.85107,278.19,24.98,296.45,49.49
15490,4525,2,0.84814,393.5,37.96,412.72,62.94
15491,4526,5,0.79034,276.22,134.33,303.72,146.67
15492,4526,5,0.01103,146.13,143.33,164.89,155.61
15493,4526,5,0.00179,31.75,149.57,48.09,158.41
15494,4526,5,0.00162,31.67,149.37,57.08,159.3
15495,4526,5,0.0011,0.0,147.33,10.02,156.32
15496,4526,5,0.00108,492.75,124.34,500.0,135.99
15497,4532,5,0.81982,345.1,60.9,405.5,99.02
15498,4532,5,0.80322,438.18,62.38,507.0,107.44
15499,4532,5,0.67383,106.2,73.52,123.78,87.88
15500,4532,5,0.66016,130.71,74.76,145.81,88.38
15501,4532,5,0.51953,126.13,72.78,136.03,86.15
15502,4532,8,0.5,0.02,81.45,9.92,120.07
15503,4532,5,0.38501,178.24,71.05,196.56,90.85
15504,4532,8,0.24939,0.0,82.19,5.75,119.82
15505,4532,5,0.22266,203.74,69.07,217.6,86.89
15506,4532,5,0.0575,218.35,68.82,242.11,93.58
15507,4532,8,0.04654,0.0,92.22,4.03,119.94
15508,4532,5,0.01772,150.76,74.64,162.15,88.75
15509,4532,5,0.01328,193.34,70.68,204.24,88.01
15510,4532,5,0.00829,405.01,65.97,428.77,97.91
15511,4532,5,0.00591,100.57,69.32,119.39,85.16
15512,4532,8,0.00483,16.9,84.17,28.84,103.48
15513,4532,5,0.00407,203.86,67.58,232.83,88.87
15514,4532,5,0.00387,17.08,81.45,29.52,95.81
15515,4532,8,0.00359,0.17,80.83,8.46,97.66
15516,4532,5,0.00344,121.8,72.78,133.19,86.15
15517,4532,5,0.00319,102.43,71.79,115.55,88.13
15518,4532,8,0.00234,0.66,86.15,11.34,112.39
15519,4532,5,0.00207,123.78,72.41,144.82,95.19
15520,4532,5,0.00202,116.97,73.77,128.24,87.39
15521,4532,5,0.00192,16.66,82.93,28.83,102.24
15522,4532,8,0.00187,0.0,100.01,3.71,132.2
15523,4532,5,0.00178,257.21,49.76,313.66,96.8
15524,4532,8,0.00142,0.02,98.78,6.08,123.04
15525,4532,14,0.00134,492.15,76.74,507.0,149.53
15526,4532,5,0.00122,481.25,62.63,507.0,107.19
15527,4532,5,0.00121,1.18,81.57,16.25,95.93
15528,4532,5,0.00114,7.19,82.19,22.09,94.07
15529,4532,14,0.0011,0.18,78.23,7.58,92.59
15530,4532,5,0.00101,103.05,74.27,113.44,85.16
15531,4533,8,0.83643,161.37,64.64,302.72,147.62
15532,4533,14,0.60938,28.73,21.59,39.71,43.78
15533,4533,8,0.35571,0.05,31.24,20.14,75.14
15534,4533,8,0.16504,0.07,45.95,9.94,74.9
15535,4533,8,0.02876,0.02,54.27,7.72,75.02
15536,4533,14,0.02112,0.15,32.08,19.24,73.81
15537,4533,14,0.00426,28.66,20.02,45.89,44.14
15538,4533,14,0.00422,21.86,21.47,39.77,44.62
15539,4533,14,0.00397,31.33,21.23,39.89,38.59
15540,4533,14,0.00127,0.21,0.0,25.42,81.05
15541,4534,2,0.86685,257.92,186.3,281.83,222.4
15542,4534,2,0.7983,265.87,105.66,292.68,129.65
15543,4534,2,0.01576,453.91,80.34,477.54,99.64
15544,4538,2,0.84019,287.41,144.73,315.18,172.99
15545,4538,2,0.76843,408.29,135.28,432.68,155.59
15546,4538,2,0.01024,400.17,124.01,416.35,143.19
15547,4538,2,0.00367,491.31,159.92,496.0,196.66
15548,4538,2,0.00152,492.0,147.29,496.0,176.79
15549,4540,2,0.84673,107.93,106.8,136.23,142.75
15550,4540,17,0.79255,53.86,150.87,71.99,168.15
15551,4540,17,0.78389,134.71,175.16,152.47,192.89
15552,4544,2,0.85884,234.85,125.14,262.93,160.44
15553,4544,17,0.80467,182.71,167.66,199.88,184.62
15554,4544,17,0.73614,261.14,192.41,279.09,210.47
15555,4545,17,0.90321,153.67,62.62,169.23,78.68
15556,4545,10,0.88023,258.52,42.57,278.32,59.49
15557,4545,10,0.87944,213.42,25.93,233.68,43.26
15558,4545,17,0.86418,158.39,86.5,174.41,102.44
15559,4545,10,0.85679,269.09,68.08,286.17,86.36
15560,4545,11,0.85353,199.95,60.43,220.0,78.82
15561,4545,10,0.84698,178.67,33.67,197.7,49.97
15562,4545,11,0.76992,240.71,99.93,262.93,118.38
15563,4547,15,0.90479,346.99,115.43,374.53,145.73
15564,4549,15,0.85498,233.64,10.13,299.56,81.42
15565,4549,15,0.00399,427.0,58.11,468.51,113.77
15566,4549,15,0.00204,405.76,78.12,456.54,129.88
15567,4550,17,0.87621,180.52,86.24,210.35,116.35
15568,4550,10,0.34557,237.83,126.31,276.55,165.02
15569,4550,12,0.33412,237.93,126.35,276.69,165.29
15570,4550,7,0.01272,1.44,57.74,80.03,88.27
15571,4550,7,0.00339,0.35,57.03,49.08,88.14
15572,4550,11,0.00338,180.61,86.29,210.87,116.54
15573,4550,7,0.00297,0.08,53.39,35.55,103.82
15574,4550,7,0.00297,0.06,63.79,14.54,89.26
15575,4550,2,0.00265,238.07,126.76,275.85,165.02
15576,4550,7,0.00235,2.0,56.41,142.33,90.12
15577,4550,7,0.0019,0.0,56.58,33.44,134.18
15578,4550,17,0.00126,0.11,62.67,14.38,88.73
15579,4550,17,0.00114,238.15,126.35,276.7,165.14
15580,4550,14,0.00111,373.96,191.65,385.76,226.13
15581,4550,7,0.00106,0.17,55.0,44.27,205.08
15582,4551,7,0.89404,390.62,67.75,419.93,95.37
15583,4551,2,0.84912,319.99,77.84,353.62,117.23
15584,4557,3,0.34927,181.89,134.26,275.96,179.49
15585,4557,2,0.01225,425.29,122.04,473.78,171.31
15586,4557,12,0.00894,249.39,202.01,298.32,246.81
15587,4557,13,0.00675,424.85,121.96,474.64,171.39
15588,4557,14,0.00195,0.0,113.84,96.63,247.24
15589,4557,12,0.0016,424.8,121.95,474.77,171.7
15590,4561,2,0.87158,66.46,93.45,103.08,136.26
15591,4561,17,0.80908,178.11,174.54,199.51,196.42
15592,4561,2,0.76221,198.32,75.14,236.37,106.06
15593,4561,17,0.01037,404.25,89.05,429.45,111.17
15594,4562,2,0.87305,347.51,102.89,365.47,128.86
15595,4562,2,0.85596,285.39,60.06,302.86,83.6
15596,4562,2,0.84375,418.86,72.32,434.88,95.37
15597,4562,2,0.83447,364.98,48.05,380.52,70.86
15598,4564,14,0.78284,224.45,100.24,258.08,135.82
15599,4564,8,0.62294,214.29,125.32,267.73,194.47
15600,4564,16,0.5597,5.5,135.4,22.97,158.32
15601,4564,16,0.5064,0.0,135.7,7.05,160.08
15602,4564,16,0.47966,21.64,134.67,36.26,157.19
15603,4564,16,0.40493,61.48,133.84,75.89,153.32
15604,4564,16,0.39672,35.64,134.92,50.38,155.59
15605,4564,16,0.28346,131.65,132.52,141.71,147.7
15606,4564,16,0.25503,49.18,133.92,62.14,154.52
15607,4564,16,0.24021,137.91,125.4,147.81,136.33
15608,4564,16,0.23061,175.76,127.58,185.0,137.7
15609,4564,16,0.21119,106.31,132.19,116.7,149.61
15610,4564,14,0.18423,282.1,114.48,296.56,129.83
15611,4564,16,0.18389,74.97,133.64,86.47,152.13
15612,4564,16,0.17933,85.98,133.35,97.32,151.32
15613,4564,16,0.14015,124.16,132.26,133.0,147.6
15614,4564,16,0.13216,96.18,131.98,106.96,149.97
15615,4564,16,0.12483,115.63,131.59,124.77,148.42
15616,4564,8,0.11884,282.19,120.34,297.9,145.71
15617,4564,8,0.06196,282.34,114.52,296.7,129.96
15618,4564,8,0.02788,282.17,115.04,297.83,137.79
15619,4564,8,0.0175,320.67,128.2,330.46,143.11
15620,4564,16,0.01658,121.72,131.83,129.89,147.95
15621,4564,16,0.0127,0.11,142.09,5.96,161.06
15622,4564,14,0.00955,281.94,114.07,298.41,137.96
15623,4564,16,0.009,175.14,128.59,184.72,142.62
15624,4564,8,0.008,276.62,121.94,284.56,139.22
15625,4564,16,0.00479,139.03,126.05,151.91,136.72
15626,4564,16,0.00274,0.04,130.26,1.78,139.88
15627,4564,16,0.00269,134.0,135.91,143.96,147.98
15628,4564,8,0.00261,250.84,101.59,275.78,144.61
15629,4564,14,0.00257,480.23,168.08,488.0,239.63
15630,4564,16,0.00238,0.0,147.88,2.28,172.68
15631,4564,16,0.00236,207.74,127.53,218.5,143.07
15632,4564,16,0.00215,142.24,128.6,151.22,136.73
15633,4564,8,0.00156,224.95,136.78,259.28,195.3
15634,4564,8,0.00144,298.19,118.11,307.75,140.41
15635,4564,16,0.00137,0.0,118.82,2.19,136.65
15636,4564,16,0.0013,4.79,145.06,12.67,158.33
15637,4564,16,0.00119,0.0,166.43,6.04,184.09
15638,4564,16,0.00113,107.33,135.99,126.18,147.38
15639,4564,16,0.00113,134.6,132.43,149.13,147.39
15640,4564,16,0.00106,0.0,160.07,2.01,183.77
15641,4564,14,0.00102,320.0,118.98,329.4,132.21
15642,4575,15,0.85791,407.63,145.11,443.42,180.41
15643,4575,14,0.05072,495.14,0.0,502.0,73.9
15644,4576,11,0.9458,164.21,25.41,209.48,60.97
15645,4576,9,0.91797,66.28,52.77,102.08,94.58
15646,4576,9,0.85205,34.82,104.16,80.08,142.04
15647,4576,9,0.83008,143.19,124.72,191.0,166.29
15648,4576,9,0.8042,152.89,66.75,199.55,110.17
15649,4576,11,0.52734,235.35,83.14,278.77,126.1
15650,4576,11,0.35767,34.12,104.16,80.2,141.58
15651,4576,9,0.23096,235.58,83.61,278.53,126.1
15652,4576,11,0.00112,143.31,124.72,190.89,166.29
15653,4589,2,0.87368,51.06,68.22,87.81,110.45
15654,4589,17,0.75102,135.64,33.92,155.22,54.53
15655,4589,17,0.7382,152.92,101.98,173.49,119.85
15656,4596,14,0.86496,283.56,128.34,345.23,249.97
15657,4596,14,0.43283,230.75,143.25,277.38,253.13
15658,4596,14,0.02721,0.0,161.34,10.58,234.75
15659,4596,14,0.0121,490.63,172.1,500.0,222.95
15660,4596,14,0.00571,0.04,174.74,8.69,223.93
15661,4596,14,0.00464,245.15,142.74,274.69,239.81
15662,4596,14,0.0043,490.73,142.4,500.0,220.07
15663,4596,14,0.00267,493.08,178.12,500.0,242.06
15664,4596,2,0.00226,415.54,232.15,434.44,254.43
15665,4596,17,0.00156,246.71,143.17,263.45,158.94
15666,4596,5,0.00141,0.0,181.21,106.12,234.42
15667,4596,14,0.00136,0.03,188.19,10.73,232.55
15668,4596,14,0.00135,493.98,182.26,500.0,224.29
15669,4597,3,0.70881,124.77,63.54,212.8,127.89
15670,4597,13,0.21054,115.97,188.03,172.11,245.53
15671,4597,0,0.16679,115.95,187.44,172.03,245.52
15672,4597,12,0.03839,214.36,199.43,268.44,252.32
15673,4597,13,0.02321,213.88,199.15,268.55,253.31
15674,4597,1,0.00538,115.72,187.49,171.49,246.49
15675,4597,14,0.00197,416.97,243.07,428.19,254.49
15676,4600,10,0.91264,248.95,152.73,266.28,171.73
15677,4600,10,0.87691,241.44,176.29,260.67,195.83
15678,4600,11,0.83272,310.17,168.76,329.01,187.79
15679,4600,11,0.80614,286.08,133.39,307.42,150.42
15680,4600,17,0.78417,362.09,156.64,377.95,172.92
15681,4600,17,0.75615,360.75,178.7,377.8,195.52
15682,4600,10,0.60502,277.91,199.76,299.22,221.11
15683,4600,10,0.58934,319.85,200.69,342.43,219.75
15684,4600,9,0.523,277.97,199.72,299.18,220.97
15685,4600,9,0.39917,319.93,200.75,342.28,219.77
15686,4600,9,0.00655,360.69,178.8,377.93,195.64
15687,4600,10,0.0016,361.95,156.96,378.02,172.97
15688,4600,13,0.0015,361.99,156.92,378.34,172.75
15689,4601,0,0.87061,355.55,0.18,403.69,38.76
15690,4601,1,0.86768,271.54,114.34,321.61,165.38
15691,4601,0,0.06708,271.29,114.58,321.85,165.14
15692,4602,16,0.83643,376.73,27.07,448.01,105.12
15693,4602,16,0.01112,255.36,10.15,308.6,72.41
15694,4609,15,0.65381,276.28,157.94,339.65,201.51
15695,4609,14,0.57373,403.52,8.17,507.0,247.81
15696,4609,7,0.36108,235.43,92.09,257.21,118.83
15697,4609,14,0.00154,433.23,80.83,506.5,252.01
15698,4613,5,0.19025,177.66,106.88,223.03,133.86
15699,4613,5,0.13088,275.3,70.56,346.48,108.42
15700,4613,5,0.10983,149.99,107.2,223.14,134.59
15701,4613,5,0.0777,297.04,69.18,347.96,98.51
15702,4613,14,0.0737,0.03,109.91,7.37,158.83
15703,4613,5,0.01825,475.72,39.33,499.0,78.09
15704,4613,5,0.01698,340.62,58.82,420.53,93.6
15705,4613,14,0.01211,493.74,55.02,499.0,127.87
15706,4613,5,0.00986,341.76,58.67,396.89,86.41
15707,4613,5,0.00889,223.38,90.81,276.05,123.75
15708,4613,5,0.00739,297.01,67.52,361.93,106.62
15709,4613,8,0.0054,495.16,61.88,499.0,77.08
15710,4613,14,0.00487,495.2,65.69,499.0,90.36
15711,4613,5,0.00469,140.76,107.65,196.28,145.06
15712,4613,8,0.00412,14.67,139.97,45.85,167.44
15713,4613,5,0.00322,301.61,60.13,389.24,107.14
15714,4613,5,0.00303,275.14,73.92,320.52,106.1
15715,4613,8,0.00226,493.13,64.76,499.0,90.55
15716,4613,5,0.00207,451.99,38.11,498.71,77.23
15717,4613,8,0.00155,473.25,40.99,499.0,77.49
15718,4613,8,0.00146,0.0,134.08,4.09,162.6
15719,4613,14,0.0012,0.0,117.95,4.1,155.91
15720,4613,8,0.00115,491.66,53.84,499.0,77.01
15721,4613,14,0.00112,493.67,44.23,499.0,77.0
15722,4613,8,0.00111,495.07,47.63,499.0,76.95
15723,4613,8,0.00102,0.02,133.58,7.0,164.68
15724,4614,8,0.85727,388.23,144.98,449.52,189.56
15725,4614,8,0.85484,360.5,145.74,395.86,184.41
15726,4614,8,0.84825,339.22,141.91,373.03,180.87
15727,4614,8,0.84026,286.68,140.28,318.35,174.23
15728,4614,8,0.83715,309.02,140.38,350.88,177.73
15729,4614,14,0.72772,58.5,109.38,81.4,141.15
15730,4614,14,0.66283,126.21,108.36,155.38,159.16
15731,4614,8,0.3334,473.02,131.57,488.0,173.4
15732,4614,8,0.08709,323.49,139.28,353.31,176.3
15733,4614,8,0.01612,474.92,132.6,488.0,194.32
15734,4614,14,0.00796,475.52,136.59,488.0,201.73
15735,4614,5,0.0076,0.08,122.73,6.51,142.88
15736,4614,14,0.00612,389.98,140.3,428.64,179.67
15737,4614,5,0.00592,0.01,126.47,4.07,141.06
15738,4614,8,0.00411,466.0,132.36,488.0,190.06
15739,4614,14,0.00351,371.73,120.28,432.51,180.21
15740,4614,8,0.00319,476.48,144.15,488.0,182.3
15741,4614,8,0.00248,470.46,90.47,487.76,172.02
15742,4614,14,0.00226,0.0,111.2,3.58,141.07
15743,4614,14,0.00222,0.03,121.68,8.16,175.95
15744,4614,8,0.00219,370.1,123.69,430.77,177.36
15745,4614,14,0.0019,0.0,125.1,4.6,146.21
15746,4614,14,0.00151,32.5,100.98,57.6,140.46
15747,4614,8,0.00123,356.01,143.81,379.49,177.32
15748,4614,8,0.00108,363.81,142.83,392.92,172.27
15749,4615,11,0.875,413.82,86.91,426.51,100.1
15750,4615,10,0.84814,427.73,40.04,441.41,52.25
15751,4615,17,0.8457,371.09,52.0,382.81,63.48
15752,4615,10,0.84082,341.31,51.51,355.96,64.21
15753,4615,9,0.79932,359.86,72.27,376.46,85.94
15754,4615,17,0.76367,403.56,69.82,416.26,82.52
15755,4615,17,0.47461,397.46,53.47,409.18,64.7
15756,4615,9,0.4436,397.46,53.47,409.18,64.7
15757,4615,9,0.09772,403.32,69.95,416.02,82.4
15758,4615,11,0.00104,445.8,57.37,452.64,65.43
15759,4616,15,0.88396,269.0,96.27,290.91,122.89
15760,4616,15,0.87981,202.27,98.69,224.09,123.27
15761,4620,7,0.84988,44.33,105.89,73.38,126.51
15762,4620,7,0.8272,100.31,26.6,125.21,47.05
15763,4622,15,0.90304,98.6,142.58,118.92,162.32
15764,4622,15,0.87862,60.5,148.23,81.35,167.02
15765,4622,14,0.00114,370.35,33.86,493.0,236.61
15766,4622,14,0.00103,421.3,37.1,492.7,236.34
15767,4622,15,0.00102,249.23,163.08,281.97,192.13
15768,4625,8,0.10742,141.71,30.46,350.48,205.33
15769,4625,14,0.0164,168.73,33.89,350.48,190.1
15770,4625,6,0.00701,128.08,132.14,175.24,190.1
15771,4625,14,0.00626,195.01,2.95,405.25,207.29
15772,4625,8,0.00587,30.69,177.82,45.07,189.61
15773,4625,6,0.00445,427.84,169.96,472.05,192.55
15774,4625,14,0.00396,304.31,2.95,371.11,91.86
15775,4625,8,0.00223,223.5,32.67,349.25,192.55
15776,4625,14,0.00193,135.82,40.28,228.66,189.61
15777,4625,14,0.00164,153.26,3.19,225.96,130.42
15778,4625,14,0.00118,285.15,4.18,371.6,147.61
15779,4626,10,0.86028,142.52,112.99,162.45,129.63
15780,4626,17,0.85493,41.72,160.58,58.64,177.12
15781,4626,10,0.83929,153.91,137.4,171.08,155.58
15782,4626,17,0.81297,35.99,136.65,52.49,152.93
15783,4626,11,0.55292,126.21,170.43,148.64,189.01
15784,4626,12,0.33221,83.96,133.22,103.84,151.06
15785,4626,10,0.27577,96.83,97.8,117.29,114.89
15786,4626,10,0.14178,61.49,106.65,81.19,123.06
15787,4626,11,0.0624,61.53,106.65,81.15,123.18
15788,4626,11,0.03652,84.0,133.19,103.91,151.0
15789,4626,13,0.00323,35.89,136.8,52.48,153.14
15790,4626,13,0.00181,80.75,133.46,102.97,150.56
15791,4626,17,0.001,60.75,106.9,81.41,122.99
15792,4627,9,0.79199,399.29,53.9,417.66,67.92
15793,4627,17,0.22131,321.94,45.68,339.35,60.18
15794,4627,17,0.05582,248.47,76.86,261.04,89.91
15795,4627,14,0.00167,456.81,5.32,494.52,136.32
15796,4629,11,0.78768,305.72,110.45,342.12,143.8
15797,4629,11,0.52769,201.42,139.38,242.28,175.42
15798,4629,13,0.506,150.96,51.54,190.51,89.57
15799,4629,17,0.28904,150.77,51.09,190.19,89.08
15800,4629,1,0.15271,150.95,51.42,190.61,89.18
15801,4629,10,0.07637,200.84,139.44,241.2,174.2
15802,4629,12,0.06282,201.4,139.72,241.36,175.05
15803,4629,12,0.00603,305.75,110.34,341.67,143.9
15804,4629,6,0.00155,0.0,149.59,11.62,225.84
15805,4629,17,0.0013,200.77,139.12,240.22,174.8
15806,4629,6,0.00104,0.0,179.1,10.71,228.11
15807,4631,16,0.84082,132.64,74.14,212.8,166.58
15808,4631,2,0.17896,171.76,9.15,189.57,35.63
15809,4631,15,0.12421,252.76,20.94,270.09,50.55
15810,4631,8,0.02821,1.2,0.48,82.21,37.07
15811,4631,15,0.02576,171.39,9.39,189.69,36.59
15812,4631,8,0.00409,0.0,0.48,55.79,77.99
15813,4631,14,0.00251,482.41,0.24,493.0,34.66
15814,4631,14,0.00197,486.26,0.96,493.0,42.37
15815,4631,2,0.00147,489.15,20.22,493.0,41.65
15816,4631,14,0.00111,481.45,0.0,493.0,16.85
15817,4631,8,0.00107,0.72,0.72,60.42,30.09
15818,4632,15,0.91388,283.01,149.08,310.3,178.14
15819,4632,15,0.89726,111.32,168.77,142.3,202.57
15820,4638,15,0.88861,374.96,28.8,395.05,47.27
15821,4638,15,0.8867,330.36,36.09,348.62,52.58
15822,4638,1,0.00988,485.82,17.83,493.0,33.08
15823,4642,15,0.8374,379.7,98.81,400.28,122.26
15824,4642,2,0.81738,298.12,64.12,314.38,82.3
15825,4643,2,0.84393,206.61,65.11,243.4,108.35
15826,4643,17,0.76108,340.93,90.58,359.29,109.93
15827,4643,17,0.74684,234.95,17.65,253.36,37.45
15828,4643,17,0.00462,478.65,17.47,485.0,49.76
15829,4643,2,0.00173,479.47,10.92,485.0,45.59
15830,4643,2,0.00147,476.52,21.81,485.0,57.25
15831,4647,15,0.89805,390.3,14.53,429.72,52.72
15832,4647,15,0.89578,306.61,8.48,340.97,40.58
15833,4650,15,0.83203,256.84,59.33,321.29,134.03
15834,4650,14,0.00826,74.71,94.97,95.46,130.13
15835,4650,16,0.00107,58.32,26.0,73.0,44.56
15836,4654,15,0.85693,284.75,68.15,312.86,94.84
15837,4654,15,0.84375,203.49,44.08,233.04,72.68
15838,4654,15,0.84082,279.03,26.69,301.9,48.85
15839,4657,2,0.8591,378.68,51.61,396.53,73.97
15840,4657,2,0.84527,397.45,25.93,415.08,47.31
15841,4657,5,0.00159,172.22,12.19,183.02,29.27
15842,4658,7,0.92792,206.88,169.58,280.59,227.02
15843,4658,7,0.9235,236.46,85.34,293.12,136.28
15844,4659,10,0.86963,252.91,196.14,268.5,210.27
15845,4659,11,0.86621,146.44,218.07,162.52,231.71
15846,4659,17,0.85498,193.58,177.62,206.01,189.81
15847,4659,17,0.83447,215.51,192.97,228.18,204.67
15848,4659,10,0.81152,174.58,164.22,188.47,178.84
15849,4659,9,0.80176,179.21,204.67,195.04,217.34
15850,4659,9,0.77588,145.22,185.91,161.3,199.06
15851,4659,17,0.00819,174.7,165.68,188.83,178.35
15852,4662,15,0.90351,33.07,85.15,51.84,102.11
15853,4662,15,0.89194,79.77,82.12,100.58,100.47
15854,4663,7,0.91665,389.68,28.87,450.65,63.64
15855,4663,7,0.91147,213.96,198.96,264.54,229.73
15856,4663,9,0.00694,0.01,117.14,5.63,152.91
15857,4663,5,0.00111,0.0,3.31,75.12,239.16
15858,4663,2,0.0011,0.01,108.14,6.61,153.93
15859,4664,15,0.9171,423.56,174.24,464.37,211.92
15860,4664,15,0.90152,338.36,164.62,373.34,197.42
15861,4664,5,0.00255,0.17,94.33,7.55,102.99
15862,4664,15,0.00203,29.23,86.86,56.85,102.42
15863,4665,15,0.91378,58.96,174.93,77.69,191.84
15864,4665,15,0.90567,104.96,172.82,125.32,190.42
15865,4666,7,0.88721,356.79,168.51,385.04,199.11
15866,4666,2,0.85791,322.67,116.73,361.74,141.68
15867,4666,2,0.00128,467.88,212.76,482.0,247.59
15868,4667,15,0.91153,126.63,138.65,166.16,178.55
15869,4667,15,0.90456,44.47,122.29,80.02,155.59
15870,4669,10,0.88825,60.58,57.21,77.25,71.89
15871,4669,17,0.844,126.15,87.54,139.62,101.01
15872,4669,17,0.79201,104.07,99.26,117.65,113.03
15873,4669,10,0.75633,36.22,67.73,50.54,83.37
15874,4669,11,0.62536,81.41,80.75,96.3,96.16
15875,4669,10,0.49927,34.14,88.48,49.85,105.5
15876,4669,11,0.44087,101.43,56.09,119.69,70.04
15877,4669,10,0.03135,57.55,100.44,74.84,115.43
15878,4669,9,0.02497,57.55,100.52,74.64,115.27
15879,4669,1,0.02449,57.5,100.49,74.86,115.44
15880,4669,11,0.01775,57.38,100.34,74.97,115.47
15881,4669,9,0.0154,103.98,99.43,117.44,113.14
15882,4669,13,0.00425,81.78,81.03,97.01,96.14
15883,4669,13,0.00395,57.62,100.53,74.81,115.52
15884,4669,9,0.0026,344.89,108.15,357.37,121.17
15885,4672,3,0.91703,334.5,11.79,371.15,88.01
15886,4672,3,0.91409,350.34,164.73,399.12,230.06
15887,4672,3,0.90721,357.36,106.77,417.78,159.41
15888,4672,1,0.89753,286.69,54.53,319.39,88.39
15889,4672,13,0.89365,265.1,115.57,298.25,149.24
15890,4672,7,0.00448,42.93,157.29,66.58,174.27
15891,4674,7,0.86084,42.12,157.25,84.31,193.24
15892,4674,7,0.8208,76.37,75.31,116.99,104.2
15893,4674,8,0.00468,0.09,22.5,49.44,212.42
15894,4674,8,0.00451,0.06,78.86,39.49,221.9
15895,4674,8,0.00227,4.85,107.51,50.32,149.19
15896,4674,8,0.00112,0.0,106.92,69.8,222.61
15897,4675,12,0.68945,248.26,104.27,287.25,143.15
15898,4675,11,0.51953,329.58,136.02,374.29,178.82
15899,4675,12,0.14807,329.58,136.02,374.29,178.82
15900,4675,13,0.04419,329.11,136.02,374.76,178.82
15901,4675,1,0.00438,329.11,136.02,374.29,178.82
15902,4675,11,0.00271,248.97,103.56,287.97,143.63
15903,4675,6,0.0022,0.03,94.17,23.13,181.2
15904,4675,6,0.00151,345.75,60.64,386.65,109.62
15905,4675,6,0.00142,480.34,54.69,487.0,170.97
15906,4677,7,0.85693,152.17,105.99,184.47,133.27
15907,4677,7,0.84082,329.7,96.18,366.06,122.5
15908,4677,7,0.0538,482.82,49.29,490.0,79.43
15909,4677,2,0.01942,483.78,34.93,490.0,71.06
15910,4677,7,0.01752,483.78,42.59,490.0,73.69
15911,4677,7,0.003,481.39,52.16,490.0,92.11
15912,4677,17,0.00281,486.17,162.22,490.0,179.44
15913,4677,7,0.00195,476.6,107.19,490.0,130.16
15914,4677,2,0.00109,274.67,89.24,296.68,110.78
15915,4677,2,0.00104,476.6,107.67,490.0,130.63
15916,4678,8,0.79443,301.19,104.72,325.49,144.88
15917,4678,5,0.78906,274.5,110.8,294.52,128.43
15918,4678,16,0.75928,2.01,128.2,18.41,151.07
15919,4678,8,0.74756,241.26,111.52,267.83,146.78
15920,4678,16,0.73389,17.75,127.72,32.05,149.64
15921,4678,16,0.7041,171.32,119.38,180.38,128.91
15922,4678,16,0.6958,31.99,127.24,46.41,148.21
15923,4678,16,0.68945,57.63,126.77,71.48,145.83
15924,4678,16,0.66895,127.48,124.86,137.49,139.16
15925,4678,16,0.65674,71.25,126.29,82.45,144.4
15926,4678,16,0.646,81.97,126.29,92.81,143.45
15927,4678,16,0.646,45.63,127.24,57.66,146.78
15928,4678,16,0.61865,134.39,118.19,142.73,127.72
15929,4678,16,0.6167,101.98,124.38,112.47,141.54
15930,4678,16,0.57959,119.32,124.86,127.96,140.11
15931,4678,16,0.56006,92.69,124.86,102.22,142.49
15932,4678,14,0.5332,244.95,99.96,264.02,119.74
15933,4678,16,0.52148,111.99,124.38,120.09,140.59
15934,4678,16,0.35767,0.0,128.91,3.37,150.83
15935,4678,16,0.0683,171.09,119.5,181.09,133.91
15936,4678,14,0.05499,157.38,95.55,165.96,121.52
15937,4678,16,0.02626,0.0,131.05,2.49,154.88
15938,4678,16,0.01395,172.04,116.76,180.62,126.29
15939,4678,16,0.01082,110.09,125.57,122.95,139.87
15940,4678,16,0.0099,136.06,120.21,143.68,129.62
15941,4678,16,0.00764,0.0,124.86,5.09,148.21
15942,4678,16,0.0069,0.04,123.67,1.44,131.77
15943,4678,16,0.00685,117.59,124.38,124.5,138.68
15944,4678,16,0.0068,151.55,115.33,160.12,130.58
15945,4678,8,0.00584,243.52,99.84,265.45,124.86
15946,4678,16,0.00575,79.17,127.72,95.13,142.02
15947,4678,16,0.00516,181.33,115.57,188.48,123.67
15948,4678,16,0.00508,93.29,125.81,109.25,141.06
15949,4678,14,0.00382,480.38,27.76,488.0,80.18
15950,4678,16,0.00348,130.22,118.43,137.37,127.96
15951,4678,16,0.00346,140.35,122.36,147.02,128.2
15952,4678,14,0.00307,476.56,20.49,488.0,133.91
15953,4678,16,0.00304,136.77,118.66,147.73,127.72
15954,4678,16,0.00299,0.13,134.15,6.01,154.17
15955,4678,16,0.00283,0.78,127.72,6.74,139.16
15956,4678,8,0.00244,485.14,153.93,488.0,187.29
15957,4678,14,0.002,152.26,114.61,160.84,130.34
15958,4678,16,0.00197,177.88,115.57,184.55,122.71
15959,4678,14,0.00194,484.19,31.21,488.0,80.54
15960,4678,14,0.00184,484.19,145.83,488.0,192.53
15961,4678,16,0.00177,173.35,111.28,180.02,117.0
15962,4678,16,0.00177,178.95,117.47,187.29,127.96
15963,4678,16,0.00171,168.46,121.64,177.52,132.01
15964,4678,16,0.00157,57.66,128.2,82.09,143.45
15965,4678,16,0.00155,172.75,122.0,183.0,134.87
15966,4678,14,0.00126,481.33,149.4,488.0,208.02
15967,4678,16,0.00124,45.75,128.67,68.39,144.88
15968,4678,16,0.00121,166.08,120.57,189.43,139.16
15969,4678,14,0.001,243.05,106.04,257.82,118.66
15970,4679,2,0.86719,363.25,163.21,385.4,191.13
15971,4679,2,0.85596,253.0,161.77,273.22,189.21
15972,4679,2,0.84717,235.43,121.69,253.48,145.88
15973,4679,2,0.84277,341.34,107.6,359.64,131.68
15974,4680,11,0.86719,163.42,67.06,176.45,80.56
15975,4680,17,0.854,121.57,32.44,133.39,43.78
15976,4680,10,0.84277,177.77,21.47,191.28,33.05
15977,4680,10,0.83984,91.3,31.96,106.01,44.74
15978,4680,9,0.83203,109.51,52.83,126.88,66.33
15979,4680,9,0.68945,147.86,34.01,159.68,45.35
15980,4680,9,0.5293,153.65,50.17,166.68,62.71
15981,4680,17,0.35938,153.77,50.17,166.56,62.71
15982,4682,14,0.87104,328.97,96.97,398.35,238.22
15983,4682,5,0.85236,205.0,136.04,330.31,189.03
15984,4682,14,0.82717,40.37,126.18,67.46,208.3
15985,4682,5,0.82267,378.6,135.49,498.11,193.74
15986,4682,8,0.01002,145.17,147.69,176.49,178.09
15987,4682,14,0.00934,493.75,148.44,500.0,234.26
15988,4682,5,0.00453,367.37,124.21,423.59,158.67
15989,4682,5,0.00362,334.57,120.9,423.88,172.18
15990,4682,14,0.00184,487.29,148.52,500.0,217.46
15991,4682,5,0.00108,374.43,127.76,427.41,168.9
15992,4687,9,0.81299,362.3,126.95,384.77,143.55
15993,4687,17,0.78125,433.11,81.54,448.73,98.14
15994,4687,9,0.53125,262.45,114.75,282.47,132.81
15995,4687,9,0.13574,339.11,88.38,358.15,101.07
15996,4687,17,0.12854,339.36,88.38,357.91,101.07
15997,4687,11,0.00661,262.21,114.99,282.71,133.3
15998,4687,11,0.00251,496.09,74.95,500.0,100.1
15999,4687,11,0.00114,494.14,71.29,500.0,139.65
16000,4692,4,0.68408,276.17,124.77,328.45,166.2
16001,4692,1,0.01379,162.0,93.7,190.61,118.11
16002,4692,0,0.00182,276.67,54.0,305.76,75.21
16003,4692,2,0.0018,276.67,125.26,327.95,166.69
16004,4692,3,0.00134,95.06,172.61,120.09,196.28
16005,4697,5,0.78418,249.99,144.73,293.84,175.92
16006,4697,5,0.76611,300.18,148.63,319.67,163.73
16007,4697,5,0.74023,125.24,143.27,161.54,171.53
16008,4697,5,0.69434,29.85,138.64,96.97,167.88
16009,4697,5,0.57568,230.01,145.95,253.4,166.41
16010,4697,5,0.55273,452.71,145.22,465.86,156.91
16011,4697,5,0.33813,404.95,145.7,422.49,160.32
16012,4697,5,0.22131,484.87,149.36,499.0,170.8
16013,4697,8,0.17554,484.38,149.12,499.0,171.04
16014,4697,5,0.13611,64.45,138.88,99.04,160.32
16015,4697,8,0.10895,380.58,147.17,387.41,159.35
16016,4697,5,0.04352,80.89,139.37,99.9,157.89
16017,4697,14,0.02931,380.1,147.41,387.41,159.59
16018,4697,5,0.02461,494.61,149.36,499.0,170.8
16019,4697,5,0.02298,479.02,146.19,493.64,160.81
16020,4697,5,0.02272,316.75,145.22,328.93,158.86
16021,4697,8,0.01379,380.83,149.12,389.6,160.32
16022,4697,8,0.01029,322.6,147.65,335.27,173.97
16023,4697,5,0.00927,0.03,137.91,11.04,171.04
16024,4697,14,0.00816,323.57,147.65,335.27,173.97
16025,4697,5,0.00781,216.36,146.19,242.19,165.68
16026,4697,8,0.00764,489.74,151.06,499.0,174.46
16027,4697,5,0.00636,109.89,140.83,126.94,158.37
16028,4697,5,0.0056,222.94,145.22,237.32,166.66
16029,4697,5,0.00532,26.15,142.78,72.55,167.15
16030,4697,5,0.005,215.63,148.38,226.84,164.47
16031,4697,14,0.00459,326.49,148.63,334.29,165.2
16032,4697,5,0.00452,215.15,152.77,226.35,163.0
16033,4697,8,0.00404,322.11,152.53,331.85,174.46
16034,4697,5,0.00402,481.46,144.0,499.0,174.7
16035,4697,8,0.00319,110.86,141.56,127.55,158.13
16036,4697,5,0.00317,478.53,144.0,499.0,161.54
16037,4697,5,0.003,388.38,145.7,422.49,166.17
16038,4697,5,0.00289,496.08,149.12,499.0,164.71
16039,4697,5,0.00231,388.38,146.68,398.13,157.4
16040,4697,5,0.00227,478.78,144.24,489.01,160.32
16041,4697,5,0.00224,448.81,139.37,456.6,147.17
16042,4697,5,0.00201,353.54,183.23,447.1,240.73
16043,4697,14,0.00196,320.16,144.24,333.32,174.46
16044,4697,5,0.00193,216.0,145.7,232.81,161.3
16045,4697,14,0.00193,491.2,17.54,499.0,144.24
16046,4697,5,0.00192,490.72,148.14,498.51,161.3
16047,4697,8,0.0018,371.33,150.09,378.15,160.81
16048,4697,8,0.00174,323.08,161.79,334.78,174.46
16049,4697,5,0.00162,387.89,146.44,410.31,165.44
16050,4697,8,0.00161,327.96,163.49,335.27,174.21
16051,4697,14,0.00143,381.07,145.46,387.41,155.21
16052,4697,14,0.00143,204.55,144.24,214.29,157.89
16053,4697,5,0.00135,207.59,149.12,220.26,165.68
16054,4697,14,0.00132,204.42,146.19,216.12,162.76
16055,4697,8,0.0013,490.72,19.74,499.0,132.3
16056,4697,14,0.00128,479.26,143.51,491.93,158.13
16057,4697,5,0.0012,234.27,211.98,297.74,241.0
16058,4697,5,0.00118,464.4,147.41,471.71,154.23
16059,4697,8,0.00114,326.74,156.42,335.51,173.97
16060,4697,5,0.00113,210.76,152.04,225.38,163.73
16061,4697,5,0.00108,214.9,153.01,230.01,165.68
16062,4697,8,0.00105,385.46,154.96,394.23,165.68
16063,4697,5,0.00105,461.96,147.17,471.71,155.94
16064,4697,5,0.00104,109.52,141.81,135.11,165.2
16065,4698,17,0.02561,144.86,107.33,173.05,140.47
16066,4698,14,0.01056,125.41,0.91,251.31,108.69
16067,4698,17,0.00422,185.78,32.24,215.51,60.45
16068,4698,13,0.00297,144.96,106.76,173.13,140.79
16069,4698,12,0.00294,145.17,106.74,172.49,140.15
16070,4698,12,0.00251,185.78,32.23,215.37,60.27
16071,4698,14,0.00177,0.0,0.0,40.63,183.44
16072,4698,14,0.0013,0.0,0.39,137.98,76.23
16073,4698,14,0.00118,0.0,3.5,63.14,198.0
16074,4701,13,0.87856,274.34,65.26,310.89,102.95
16075,4701,3,0.87143,166.54,39.5,215.27,75.29
16076,4701,3,0.87057,140.09,74.66,213.23,113.22
16077,4701,1,0.86729,256.12,103.74,297.15,144.79
16078,4701,3,0.80163,191.56,118.91,238.33,184.16
16079,4701,4,0.19916,191.14,118.43,238.26,183.97
16080,4704,8,0.84567,358.91,8.76,494.68,119.14
16081,4704,14,0.42522,284.86,0.46,301.21,31.35
16082,4704,8,0.24865,423.32,6.43,495.02,100.65
16083,4704,14,0.16722,297.74,0.52,310.36,29.69
16084,4704,8,0.08908,476.19,19.79,496.0,101.0
16085,4704,8,0.04074,484.36,31.65,496.0,101.34
16086,4704,8,0.03285,464.66,15.22,496.0,98.98
16087,4704,8,0.02112,485.76,51.71,496.0,105.95
16088,4704,8,0.00711,486.17,64.69,496.0,125.68
16089,4704,8,0.00383,358.8,26.37,413.16,109.44
16090,4704,8,0.00196,472.31,2.47,496.0,80.03
16091,4704,14,0.00153,299.27,1.42,321.68,29.94
16092,4704,8,0.00119,447.74,11.95,494.98,97.21
16093,4704,8,0.00116,451.45,2.72,496.0,73.09
16094,4704,8,0.00108,470.35,44.84,495.88,100.27
16095,4704,8,0.00104,480.6,27.03,496.0,80.75
16096,4705,8,0.72327,394.06,162.19,415.16,177.58
16097,4705,14,0.7177,398.98,153.8,410.33,169.05
16098,4705,8,0.64222,433.03,161.77,454.48,175.63
16099,4705,5,0.54721,288.45,157.39,346.07,178.62
16100,4705,14,0.45,440.11,154.52,450.0,168.75
16101,4705,8,0.13182,373.21,161.12,390.07,175.49
16102,4705,14,0.10953,1.43,139.45,14.86,151.1
16103,4705,14,0.07393,379.91,152.95,388.23,171.71
16104,4705,8,0.07062,5.07,151.46,15.31,160.77
16105,4705,8,0.06506,2.47,148.56,15.68,161.13
16106,4705,5,0.04601,0.02,124.8,29.92,140.86
16107,4705,8,0.04412,0.05,146.76,6.9,159.57
16108,4705,8,0.02926,0.01,119.26,3.17,133.08
16109,4705,8,0.02466,0.0,119.19,7.01,136.41
16110,4705,14,0.02057,435.53,156.15,449.01,169.38
16111,4705,5,0.01335,474.33,107.87,489.0,120.94
16112,4705,5,0.01002,461.4,89.37,488.69,103.17
16113,4705,14,0.00956,374.73,158.64,386.35,172.95
16114,4705,14,0.00878,8.15,144.47,17.9,153.62
16115,4705,8,0.00854,0.05,147.9,4.62,161.54
16116,4705,8,0.00834,0.0,119.41,14.78,140.37
16117,4705,14,0.00757,379.75,157.08,390.15,174.73
16118,4705,5,0.00694,467.45,142.57,488.85,169.05
16119,4705,5,0.00579,474.03,95.28,489.0,119.55
16120,4705,5,0.00571,465.88,95.01,488.1,111.14
16121,4705,14,0.00551,437.05,150.8,453.45,167.59
16122,4705,8,0.00549,0.45,139.13,14.07,151.88
16123,4705,8,0.00542,0.0,120.95,28.58,140.24
16124,4705,8,0.00529,380.57,163.75,393.35,176.99
16125,4705,5,0.0052,34.24,114.8,83.55,129.27
16126,4705,5,0.00517,319.21,67.55,342.14,77.65
16127,4705,5,0.00512,305.37,62.16,340.07,77.58
16128,4705,5,0.00505,463.49,97.77,488.43,116.59
16129,4705,5,0.00495,230.63,63.75,276.81,79.29
16130,4705,14,0.00484,434.74,159.71,445.37,170.09
16131,4705,5,0.00459,162.42,101.99,236.09,158.86
16132,4705,5,0.00458,315.61,63.51,340.21,74.67
16133,4705,5,0.0045,308.01,94.48,348.44,110.27
16134,4705,5,0.00439,458.79,82.1,489.0,96.61
16135,4705,5,0.00434,458.13,87.17,489.0,98.77
16136,4705,5,0.00425,322.24,65.24,354.08,79.07
16137,4705,14,0.0042,374.69,158.47,383.67,169.15
16138,4705,5,0.00418,472.23,92.66,489.0,110.47
16139,4705,5,0.00416,316.35,59.28,339.76,70.01
16140,4705,14,0.00395,8.95,148.37,16.75,158.16
16141,4705,14,0.00376,0.01,122.14,7.76,140.55
16142,4705,5,0.00359,454.39,89.12,483.03,104.24
16143,4705,5,0.00355,32.4,119.16,69.23,132.31
16144,4705,5,0.00312,400.95,81.91,432.96,98.46
16145,4705,14,0.00311,0.01,102.23,5.07,130.61
16146,4705,14,0.00294,10.65,146.45,19.35,154.98
16147,4705,5,0.00292,282.76,84.39,315.83,100.87
16148,4705,5,0.00279,140.99,88.94,166.2,99.01
16149,4705,5,0.00274,53.98,42.39,81.88,53.21
16150,4705,5,0.00272,317.31,69.27,340.26,80.95
16151,4705,5,0.00244,85.11,103.97,105.34,121.85
16152,4705,5,0.00242,306.31,95.02,344.14,117.56
16153,4705,14,0.00226,3.3,140.76,19.15,152.47
16154,4705,5,0.00224,98.54,115.07,105.95,123.92
16155,4705,5,0.0022,45.87,103.48,98.89,119.56
16156,4705,5,0.00219,412.21,59.19,455.64,78.46
16157,4705,5,0.00215,53.58,93.96,98.86,111.08
16158,4705,5,0.00214,233.9,68.13,270.99,82.17
16159,4705,5,0.00213,32.95,116.28,71.09,126.95
16160,4705,5,0.0021,458.51,79.28,489.0,92.32
16161,4705,5,0.00208,0.0,123.85,30.29,135.16
16162,4705,5,0.00206,34.63,123.87,66.63,132.46
16163,4705,5,0.00204,472.34,87.5,488.81,99.59
16164,4705,5,0.00202,14.5,38.04,52.45,51.44
16165,4705,5,0.00194,458.48,68.22,476.07,80.09
16166,4705,5,0.00192,230.74,57.24,278.61,76.55
16167,4705,5,0.00189,458.35,105.1,488.95,118.74
16168,4705,5,0.00185,479.08,62.21,489.0,74.68
16169,4705,5,0.00184,471.9,109.61,489.0,124.73
16170,4705,5,0.00178,321.51,63.87,351.55,73.97
16171,4705,5,0.00177,453.54,108.43,477.48,120.33
16172,4705,14,0.00173,0.0,103.89,8.01,131.43
16173,4705,5,0.00172,462.84,59.47,488.56,74.96
16174,4705,5,0.00169,459.06,72.56,488.4,83.99
16175,4705,5,0.00167,54.55,46.53,83.03,59.86
16176,4705,5,0.00166,461.69,47.75,488.94,59.55
16177,4705,5,0.00164,282.22,89.58,313.19,110.29
16178,4705,14,0.00164,433.29,160.38,444.01,173.81
16179,4705,5,0.00161,58.82,89.84,98.01,108.06
16180,4705,5,0.0016,319.47,57.33,340.96,67.82
16181,4705,5,0.0016,17.61,41.85,48.94,51.84
16182,4705,14,0.00159,309.39,133.72,318.51,145.38
16183,4705,5,0.00157,245.86,62.79,292.79,75.22
16184,4705,5,0.00155,316.76,92.09,350.72,108.31
16185,4705,8,0.00152,383.99,165.09,395.18,177.25
16186,4705,5,0.0015,142.33,88.66,176.98,100.58
16187,4705,5,0.00146,311.85,88.79,346.38,106.96
16188,4705,5,0.00146,113.03,75.6,162.6,95.74
16189,4705,5,0.00141,88.45,113.91,106.03,124.5
16190,4705,5,0.0014,462.27,53.97,488.3,69.13
16191,4705,5,0.00138,15.03,45.11,37.1,56.49
16192,4705,5,0.00138,452.62,54.57,476.39,69.16
16193,4705,5,0.00133,474.2,135.19,489.0,170.95
16194,4705,5,0.00132,34.31,115.98,60.19,124.81
16195,4705,5,0.0013,50.01,98.27,99.82,117.23
16196,4705,5,0.00129,290.29,91.87,315.55,105.01
16197,4705,5,0.00126,16.28,43.75,38.01,52.27
16198,4705,14,0.00126,400.23,155.17,416.13,170.93
16199,4705,5,0.00124,429.96,91.14,452.91,102.15
16200,4705,14,0.00123,395.22,156.95,405.16,169.36
16201,4705,5,0.00123,332.65,75.75,354.64,86.03
16202,4705,8,0.00121,8.53,148.97,18.32,158.88
16203,4705,5,0.00121,32.01,114.86,53.38,124.16
16204,4705,14,0.0012,402.33,160.51,415.4,172.6
16205,4705,5,0.0012,27.07,115.83,55.88,127.23
16206,4705,5,0.00119,304.73,59.85,337.17,71.93
16207,4705,8,0.00118,0.15,140.74,8.38,158.11
16208,4705,5,0.00118,129.17,116.13,147.89,127.11
16209,4705,5,0.00117,450.87,49.36,479.5,68.37
16210,4705,5,0.00116,113.13,71.72,162.9,89.11
16211,4705,5,0.00115,320.54,59.98,353.27,70.32
16212,4705,8,0.00112,433.06,163.05,443.62,174.9
16213,4705,5,0.00111,406.01,76.24,432.24,92.87
16214,4705,5,0.0011,456.6,100.34,485.7,114.81
16215,4705,5,0.0011,38.23,105.85,86.29,121.89
16216,4705,5,0.00109,58.71,104.75,104.27,122.18
16217,4705,5,0.00109,476.29,89.14,489.0,106.78
16218,4705,14,0.00108,441.12,153.39,454.83,168.61
16219,4705,5,0.00106,334.85,76.68,354.73,90.6
16220,4705,5,0.00106,413.61,104.08,445.09,120.79
16221,4705,5,0.00103,461.36,68.15,475.06,77.27
16222,4705,5,0.00101,283.66,96.22,309.83,112.85
16223,4706,2,0.86426,354.76,150.82,376.2,179.57
16224,4706,2,0.00107,491.2,156.42,499.0,183.71
16225,4711,5,0.9043,0.0,11.46,101.55,86.44
16226,4711,5,0.88916,101.14,11.57,291.16,107.39
16227,4711,5,0.84863,223.81,4.63,389.52,89.57
16228,4711,5,0.01164,0.03,37.03,5.06,85.63
16229,4711,5,0.00524,0.1,36.57,10.31,86.1
16230,4711,5,0.0035,404.57,0.93,458.26,18.05
16231,4711,5,0.00317,453.63,0.0,474.0,12.5
16232,4711,8,0.00316,0.0,25.69,11.79,116.42
16233,4711,5,0.00282,0.0,9.37,9.6,91.54
16234,4711,5,0.0014,426.79,0.0,459.19,15.28
16235,4714,17,0.90519,40.51,39.82,56.85,56.21
16236,4714,10,0.90181,100.85,1.03,121.38,18.33
16237,4714,17,0.88476,47.04,63.99,63.35,80.22
16238,4714,10,0.88011,146.99,16.11,167.12,33.0
16239,4714,11,0.87637,131.25,73.39,153.72,92.23
16240,4714,10,0.87312,158.45,40.88,176.21,59.29
16241,4714,11,0.84249,88.3,35.98,108.97,54.7
16242,4714,10,0.73129,65.11,9.71,85.18,26.14
16243,4714,11,0.32597,65.23,9.65,85.26,26.32
16244,4716,15,0.91443,426.68,122.34,451.09,153.41
16245,4716,15,0.89639,340.22,132.0,362.04,159.53
16246,4717,2,0.854,211.99,33.35,232.25,62.76
16247,4718,15,0.90444,64.63,9.51,83.88,26.11
16248,4718,15,0.88006,92.22,7.07,108.87,21.53
16249,4719,17,0.88623,51.25,39.39,70.4,58.36
16250,4719,9,0.88184,237.08,106.99,264.32,129.85
16251,4719,17,0.34326,115.26,108.21,137.63,127.66
16252,4719,17,0.02342,167.78,39.39,192.83,58.85
16253,4719,9,0.0161,167.3,39.39,193.07,58.85
16254,4723,15,0.90691,193.09,12.44,214.46,31.8
16255,4723,15,0.90605,240.91,15.21,263.67,37.71
16256,4724,7,0.81738,370.57,37.25,389.67,55.39
16257,4724,7,0.03748,266.94,46.2,289.87,63.39
16258,4724,17,0.00347,169.53,79.27,182.9,93.6
16259,4724,2,0.00118,475.15,212.5,489.0,244.02
16260,4727,14,0.90283,139.28,118.9,179.81,243.9
16261,4727,5,0.87207,324.22,159.18,462.4,216.8
16262,4727,5,0.82617,174.56,164.31,299.8,213.62
16263,4727,5,0.0556,485.35,169.92,500.0,216.8
16264,4727,5,0.0038,462.4,136.23,500.0,217.29
16265,4727,5,0.00274,463.87,166.99,500.0,216.8
16266,4727,14,0.00124,488.77,170.17,500.0,239.5
16267,4735,15,0.88851,322.36,115.91,343.99,141.03
16268,4735,15,0.88518,389.3,113.68,411.42,140.9
16269,4735,17,0.00124,46.47,237.53,63.11,245.0
16270,4736,15,0.92441,126.09,165.72,175.3,221.78
16271,4736,15,0.8983,315.64,155.2,355.73,196.77
16272,4736,15,0.00144,0.0,174.95,2.04,204.05
16273,4738,9,0.43213,172.75,171.46,191.38,190.79
16274,4738,17,0.39038,127.59,149.29,145.98,169.1
16275,4738,9,0.23511,228.29,198.11,249.05,217.92
16276,4738,17,0.21082,172.63,171.69,191.5,191.03
16277,4738,17,0.17896,228.29,198.11,248.58,217.92
16278,4743,15,0.88373,194.92,77.65,228.6,110.76
16279,4743,15,0.88045,276.71,93.07,314.48,131.73
16280,4748,15,0.92185,234.68,181.51,275.78,227.53
16281,4748,15,0.91624,383.37,140.68,421.97,182.96
16282,4749,7,0.93347,276.27,83.78,341.39,136.08
16283,4749,7,0.92411,329.36,26.33,398.41,76.55
16284,4749,3,0.00113,177.68,183.67,277.14,227.96
16285,4750,14,0.79395,40.58,24.12,92.2,123.02
16286,4750,14,0.78662,242.66,41.97,275.95,104.69
16287,4750,14,0.76465,313.57,71.16,340.11,103.96
16288,4750,14,0.29028,210.09,53.07,230.84,95.04
16289,4750,14,0.24512,483.87,61.99,494.0,100.58
16290,4750,14,0.15613,72.24,52.58,92.99,86.84
16291,4750,14,0.13025,196.83,60.06,212.27,94.8
16292,4750,14,0.02377,484.35,60.3,494.0,132.67
16293,4750,14,0.02097,167.4,57.41,188.63,90.7
16294,4750,14,0.00986,147.62,56.2,187.18,91.66
16295,4750,8,0.00723,148.1,60.79,188.63,103.24
16296,4750,14,0.00644,0.0,46.67,6.53,121.21
16297,4750,14,0.00582,21.75,22.67,44.68,54.51
16298,4750,14,0.005,491.11,72.36,494.0,103.72
16299,4750,14,0.00498,201.41,59.82,216.37,94.07
16300,4750,14,0.00476,216.61,39.08,238.32,93.83
16301,4750,14,0.00338,50.17,24.6,92.87,88.52
16302,4750,14,0.00327,219.26,39.32,240.97,73.09
16303,4750,14,0.0032,477.6,69.47,494.0,99.86
16304,4750,8,0.00295,295.48,105.65,486.04,161.61
16305,4750,14,0.00285,479.53,66.33,494.0,141.83
16306,4750,14,0.00253,144.97,61.63,165.23,90.09
16307,4750,8,0.00246,223.24,47.04,331.42,109.75
16308,4750,14,0.00232,0.06,62.59,5.16,125.31
16309,4750,14,0.00219,133.51,62.11,158.84,83.82
16310,4750,14,0.00181,0.01,35.94,9.82,117.95
16311,4750,14,0.0016,468.91,64.4,494.0,135.08
16312,4750,14,0.00156,491.11,79.36,494.0,111.2
16313,4750,14,0.00136,68.14,26.53,95.16,85.63
16314,4750,14,0.00119,197.55,60.54,211.54,82.25
16315,4750,16,0.00117,265.33,98.41,352.65,159.2
16316,4750,14,0.00107,466.74,61.03,493.76,109.51
16317,4750,14,0.00107,73.93,52.58,101.79,90.21
16318,4750,14,0.00104,209.25,57.05,223.72,95.88
16319,4753,13,0.88651,174.93,35.83,208.5,69.84
16320,4753,3,0.88386,220.51,116.26,289.25,156.82
16321,4753,3,0.87846,274.15,34.71,336.06,95.4
16322,4753,3,0.86503,167.32,130.36,215.54,194.31
16323,4753,1,0.83496,238.02,18.86,272.64,53.31
16324,4754,1,0.91388,328.21,48.91,353.08,74.28
16325,4754,4,0.90692,358.42,9.54,408.05,26.87
16326,4754,0,0.86326,243.3,22.29,267.66,46.94
16327,4754,3,0.82937,284.38,0.0,318.78,11.5
16328,4754,4,0.00154,284.47,0.0,319.28,12.07
16329,4756,17,0.86719,154.23,143.02,166.9,155.21
16330,4756,10,0.86328,178.84,113.79,192.0,125.48
16331,4756,17,0.85303,122.56,124.99,134.25,136.69
16332,4756,10,0.85107,92.28,124.99,106.9,137.18
16333,4756,11,0.8374,164.22,159.84,176.4,172.99
16334,4756,9,0.78418,110.62,145.7,127.06,158.86
16335,4756,9,0.56982,148.99,126.46,160.45,137.66
16336,4756,9,0.00543,154.23,142.78,166.9,155.45
16337,4756,9,0.00494,122.68,125.36,134.37,136.93
16338,4757,14,0.84782,202.22,121.18,252.11,219.49
16339,4757,14,0.78165,325.29,133.09,357.02,223.91
16340,4757,14,0.77986,172.92,130.0,211.01,212.79
16341,4757,14,0.7096,399.61,136.96,432.92,235.26
16342,4757,5,0.04641,410.28,183.44,468.41,223.0
16343,4757,5,0.00634,392.07,171.47,465.93,227.96
16344,4757,14,0.00317,0.0,124.7,6.02,210.37
16345,4757,14,0.00259,0.01,132.25,4.33,176.91
16346,4757,5,0.00128,495.62,164.45,500.0,183.47
16347,4757,14,0.00111,0.0,110.04,8.65,214.27
16348,4757,14,0.00106,0.0,140.56,6.47,186.99
16349,4757,8,0.00102,169.25,131.13,241.18,213.06
16350,4762,10,0.85693,290.31,111.75,304.06,126.24
16351,4762,9,0.77979,224.48,78.84,238.24,94.31
16352,4762,17,0.77881,138.28,54.28,150.06,65.58
16353,4762,10,0.70752,163.57,78.35,179.29,92.1
16354,4762,9,0.45142,163.82,78.59,179.29,92.1
16355,4762,11,0.25903,452.41,112.73,466.16,127.96
16356,4762,10,0.02443,138.52,54.4,150.31,65.7
16357,4762,11,0.01112,493.67,78.1,503.0,94.8
16358,4762,17,0.00241,84.67,100.21,94.62,111.01
16359,4762,17,0.00205,224.48,78.96,238.24,94.44
16360,4767,7,0.83545,98.97,16.71,124.04,38.44
16361,4767,7,0.81396,61.84,104.58,89.54,124.16
16362,4768,2,0.88086,438.12,92.68,461.22,118.92
16363,4768,2,0.875,264.79,43.09,287.42,67.64
16364,4768,2,0.86328,377.69,47.18,396.47,71.49
16365,4768,2,0.85693,293.2,99.06,313.42,120.48
16366,4768,2,0.00107,0.0,0.0,3.03,22.15
16367,4771,7,0.90748,377.62,162.41,416.55,200.41
16368,4771,7,0.89782,279.57,171.82,323.2,210.66
16369,4771,14,0.00118,0.0,0.0,80.96,240.51
16370,4772,14,0.85676,246.19,105.86,291.88,218.61
16371,4772,14,0.85077,206.88,125.5,234.58,208.3
16372,4772,14,0.84982,169.26,128.87,200.7,203.48
16373,4772,14,0.83735,125.33,123.4,156.76,202.95
16374,4772,5,0.72672,390.14,179.2,466.39,221.74
16375,4772,14,0.26793,233.15,128.09,253.29,213.48
16376,4772,5,0.00518,493.54,156.84,499.87,183.6
16377,4772,8,0.00514,119.53,119.94,170.03,202.78
16378,4772,5,0.00231,410.53,156.33,487.01,201.96
16379,4772,5,0.00192,495.37,149.45,500.0,180.13
16380,4772,14,0.00191,0.01,135.89,6.33,186.79
16381,4772,8,0.00106,191.39,124.36,236.83,210.1
16382,4774,5,0.05521,183.2,0.0,378.74,39.87
16383,4774,8,0.0372,125.3,0.36,196.49,20.53
16384,4774,5,0.00803,208.0,0.71,485.05,64.78
16385,4774,5,0.00454,124.11,0.0,199.34,19.93
16386,4774,5,0.0043,182.61,0.0,423.83,54.82
16387,4774,5,0.00356,27.76,31.21,397.01,226.86
16388,4774,5,0.00111,146.89,0.24,192.45,19.22
16389,4775,9,0.83792,139.71,78.04,167.0,104.38
16390,4775,12,0.54062,122.66,43.46,146.66,66.52
16391,4775,9,0.53992,79.3,66.49,107.17,92.7
16392,4775,9,0.27809,179.62,50.51,203.53,75.72
16393,4775,11,0.12988,122.33,43.46,146.39,66.39
16394,4775,13,0.02647,79.23,66.64,106.73,92.31
16395,4775,11,0.01162,179.13,50.46,203.95,75.49
16396,4775,10,0.0062,78.89,66.45,107.5,92.57
16397,4775,17,0.00172,284.5,16.12,293.24,22.55
16398,4775,11,0.00105,480.87,66.86,496.0,114.28
16399,4784,7,0.854,405.92,179.08,446.86,216.61
16400,4784,7,0.02748,265.82,115.98,303.83,143.75
16401,4790,1,0.89453,377.2,81.49,424.86,129.62
16402,4790,0,0.88184,184.19,57.43,228.75,98.89
16403,4790,0,0.86133,144.64,159.17,193.01,214.45
16404,4791,0,0.82227,293.36,73.83,341.11,124.02
16405,4791,1,0.74219,142.54,111.35,198.58,166.9
16406,4791,0,0.02954,142.78,111.84,198.33,166.9
16407,4792,2,0.86621,432.55,82.1,450.95,96.15
16408,4792,2,0.85498,317.02,67.81,334.46,81.38
16409,4792,2,0.8374,355.53,88.76,373.94,100.63
16410,4792,2,0.82422,392.1,65.63,409.54,79.2
16411,4792,2,0.0025,494.06,42.62,496.0,65.88
16412,4800,10,0.87263,76.9,75.67,94.5,94.46
16413,4800,10,0.8624,68.74,98.23,87.89,116.81
16414,4800,10,0.836,143.93,119.73,165.32,137.75
16415,4800,11,0.81545,114.36,57.36,135.55,73.96
16416,4800,17,0.7408,184.01,99.23,200.1,115.19
16417,4800,11,0.71564,136.09,90.45,153.81,108.7
16418,4800,17,0.46445,186.22,78.92,201.07,94.02
16419,4800,10,0.29214,186.23,78.93,201.33,94.22
16420,4800,9,0.26106,103.73,119.59,124.1,139.63
16421,4800,10,0.17987,103.68,119.66,124.14,139.81
16422,4800,17,0.01131,103.68,119.69,124.26,139.85
16423,4800,2,0.00103,379.94,177.57,391.71,188.33
16424,4810,15,0.84082,34.11,165.02,69.31,200.05
16425,4810,15,0.8208,66.09,133.44,87.17,156.95
16426,4810,15,0.81982,139.89,159.25,166.17,187.37
16427,4810,7,0.0019,0.06,126.3,8.87,146.58
16428,4810,7,0.00105,0.14,125.61,7.76,140.36
16429,4812,10,0.87158,292.83,73.57,306.34,88.04
16430,4812,9,0.86084,222.03,48.72,236.75,63.68
16431,4812,17,0.83203,133.51,33.77,145.09,45.11
16432,4812,9,0.59082,161.85,54.75,177.77,68.02
16433,4812,10,0.39233,162.09,54.75,177.53,68.02
16434,4812,11,0.1217,454.68,56.68,468.67,72.6
16435,4812,10,0.01537,133.51,33.77,144.61,45.35
16436,4812,11,0.00146,156.3,6.87,176.08,23.52
16437,4820,15,0.93311,162.29,102.65,209.27,151.85
16438,4822,7,0.90479,230.89,162.26,263.43,189.62
16439,4822,7,0.8208,409.42,157.54,446.21,184.9
16440,4822,7,0.00422,479.23,134.43,483.0,156.13
16441,4822,7,0.00229,476.4,135.14,483.0,155.89
16442,4822,7,0.00173,479.23,127.83,483.0,151.41
16443,4822,2,0.00142,479.23,120.75,483.0,151.41
16444,4824,7,0.79834,124.31,143.69,153.14,168.27
16445,4824,7,0.78906,135.89,95.0,161.41,119.82
16446,4824,6,0.00108,188.59,46.79,250.98,70.66
16447,4835,10,0.87988,399.28,188.45,421.16,207.91
16448,4835,10,0.87891,262.13,151.49,284.02,169.49
16449,4835,11,0.87598,374.47,106.99,390.04,121.1
16450,4835,17,0.87305,361.1,172.16,378.61,189.67
16451,4835,9,0.86963,407.54,147.36,430.89,165.84
16452,4835,17,0.85889,321.22,166.32,337.75,182.86
16453,4835,9,0.84375,351.13,134.23,369.61,151.73
16454,4837,2,0.86133,393.51,30.83,425.52,68.96
16455,4837,2,0.82422,283.83,67.43,323.37,96.38
16456,4837,17,0.79199,307.84,16.24,323.84,31.54
16457,4837,2,0.00164,307.84,16.24,324.79,31.77
16458,4839,2,0.89111,329.98,133.15,358.92,154.38
16459,4839,7,0.86328,392.21,153.89,418.26,174.15
16460,4839,14,0.00121,0.0,49.81,78.27,233.97
16461,4842,10,0.60742,200.57,33.65,216.97,48.85
16462,4842,12,0.51172,143.76,42.94,159.2,59.82
16463,4842,12,0.46289,165.71,32.2,179.7,47.16
16464,4842,12,0.396,68.62,38.59,85.27,55.48
16465,4842,11,0.30078,165.71,31.96,179.7,46.92
16466,4842,9,0.20435,51.26,51.38,66.82,68.02
16467,4842,10,0.20312,108.67,46.07,124.1,62.47
16468,4842,11,0.18481,143.76,42.81,159.2,59.7
16469,4842,11,0.18005,51.26,51.14,67.0,68.02
16470,4842,12,0.14124,108.67,46.31,124.1,62.71
16471,4842,11,0.08362,68.5,38.59,85.39,55.48
16472,4842,16,0.00187,68.75,38.59,85.63,55.48
16473,4842,17,0.00124,165.95,33.17,179.94,46.67
16474,4847,14,0.78125,12.28,161.27,39.28,215.74
16475,4847,8,0.77588,175.95,158.9,213.37,202.95
16476,4847,8,0.72021,101.36,156.3,149.9,211.24
16477,4847,5,0.64941,32.68,138.06,89.04,164.59
16478,4847,8,0.48633,66.55,159.61,116.87,215.5
16479,4847,8,0.45337,141.14,156.77,177.85,207.45
16480,4847,14,0.00899,476.47,125.99,485.0,156.77
16481,4847,8,0.00878,88.92,158.19,130.01,213.13
16482,4847,8,0.00779,109.11,156.77,176.43,209.35
16483,4847,14,0.00661,479.32,112.96,485.0,155.11
16484,4847,5,0.00474,146.83,135.93,202.24,158.67
16485,4847,5,0.00267,147.18,135.46,204.25,179.03
16486,4847,14,0.00238,0.0,124.45,8.93,205.08
16487,4847,14,0.00219,476.95,106.09,485.0,156.3
16488,4847,14,0.00213,0.01,123.38,7.38,178.8
16489,4847,14,0.002,0.02,125.28,5.14,163.64
16490,4847,5,0.00186,0.01,165.77,6.99,204.61
16491,4847,8,0.00167,66.31,158.19,145.88,212.19
16492,4847,14,0.00165,176.55,157.96,213.96,202.0
16493,4847,14,0.00121,474.11,128.35,485.0,177.61
16494,4847,14,0.00119,0.0,124.33,3.1,157.48
16495,4848,9,0.77588,150.87,108.1,170.72,128.2
16496,4848,17,0.75488,71.21,77.33,89.84,92.29
16497,4848,17,0.72949,162.02,48.66,177.46,63.12
16498,4848,10,0.7251,35.3,127.71,56.19,150.75
16499,4848,9,0.28296,35.36,127.71,56.07,150.75
16500,4848,17,0.00449,270.85,153.93,294.39,166.68
16501,4854,14,0.67041,128.91,141.11,146.97,172.36
16502,4854,14,0.66895,245.48,143.8,259.28,166.75
16503,4854,14,0.64795,263.67,141.6,274.41,164.06
16504,4854,14,0.604,285.16,140.14,297.85,166.5
16505,4854,14,0.51758,205.69,146.97,216.43,166.5
16506,4854,14,0.47461,455.08,147.71,472.66,176.51
16507,4854,14,0.46289,435.06,141.6,448.73,162.11
16508,4854,14,0.28931,410.64,144.29,424.32,171.14
16509,4854,14,0.2583,439.94,152.83,458.5,177.25
16510,4854,14,0.22266,434.08,141.11,448.73,176.27
16511,4854,14,0.18958,174.56,160.64,190.19,179.69
16512,4854,14,0.16565,308.59,139.16,327.64,164.55
16513,4854,14,0.16394,215.09,146.97,225.34,162.6
16514,4854,14,0.14417,186.89,145.75,197.63,164.79
16515,4854,14,0.11359,493.65,142.82,500.0,173.1
16516,4854,14,0.08508,64.21,126.1,80.32,157.23
16517,4854,14,0.0827,428.71,141.6,446.29,176.76
16518,4854,14,0.07642,492.19,140.62,500.0,182.62
16519,4854,14,0.05582,172.85,160.16,192.38,185.55
16520,4854,14,0.05203,442.38,148.93,463.87,176.76
16521,4854,14,0.04385,186.52,145.02,211.67,176.27
16522,4854,14,0.04068,200.68,144.78,217.29,173.58
16523,4854,14,0.02954,432.37,141.85,458.74,176.51
16524,4854,14,0.02423,216.31,142.09,227.05,161.62
16525,4854,14,0.02237,490.72,138.92,500.0,214.11
16526,4854,14,0.01994,187.26,145.02,201.9,167.48
16527,4854,14,0.01596,392.09,144.04,406.74,169.43
16528,4854,14,0.01395,454.83,147.22,468.99,166.26
16529,4854,14,0.0121,188.84,144.78,215.94,168.21
16530,4854,14,0.01125,423.58,143.07,435.79,166.02
16531,4854,14,0.01086,181.03,145.51,216.67,187.5
16532,4854,14,0.00923,459.96,144.53,474.61,174.8
16533,4854,14,0.00899,183.59,144.04,199.22,173.34
16534,4854,14,0.00867,176.27,155.76,195.56,176.27
16535,4854,14,0.00842,412.11,145.02,421.88,166.5
16536,4854,14,0.00761,495.61,129.15,500.0,154.05
16537,4854,14,0.00555,203.61,148.19,221.68,178.96
16538,4854,5,0.00536,133.06,123.05,196.29,155.76
16539,4854,14,0.00524,208.13,145.02,226.2,168.46
16540,4854,14,0.00508,376.46,145.51,388.18,166.02
16541,4854,14,0.00491,485.84,141.11,500.0,228.03
16542,4854,14,0.00454,229.13,129.15,241.82,141.85
16543,4854,14,0.00447,302.98,138.67,323.97,163.09
16544,4854,14,0.00422,315.43,139.16,331.05,163.57
16545,4854,14,0.00397,379.15,143.07,395.26,172.36
16546,4854,14,0.0039,287.11,139.65,302.73,164.06
16547,4854,14,0.00302,454.1,140.62,471.68,161.13
16548,4854,14,0.00287,285.64,136.72,306.15,167.97
16549,4854,14,0.00282,413.33,143.31,430.91,172.61
16550,4854,14,0.00277,374.02,145.51,386.23,162.11
16551,4854,14,0.00262,454.1,148.93,466.31,176.27
16552,4854,14,0.00256,230.35,131.84,244.51,160.64
16553,4854,14,0.00244,439.45,141.11,472.66,177.25
16554,4854,14,0.00241,407.71,143.07,428.22,177.25
16555,4854,14,0.00239,264.89,141.11,273.68,155.76
16556,4854,14,0.00234,172.73,155.27,218.63,191.89
16557,4854,14,0.00224,301.51,137.94,314.21,154.54
16558,4854,14,0.00218,286.62,140.62,296.39,154.3
16559,4854,14,0.00216,305.18,138.67,332.52,168.46
16560,4854,14,0.00207,205.81,156.01,219.97,171.14
16561,4854,14,0.002,413.33,142.82,423.58,160.4
16562,4854,14,0.002,460.94,142.58,471.19,160.16
16563,4854,14,0.00196,417.24,145.02,427.0,168.95
16564,4854,14,0.00194,454.1,135.25,470.7,155.27
16565,4854,14,0.00194,496.58,141.11,500.0,168.46
16566,4854,14,0.0019,483.4,140.14,500.0,180.18
16567,4854,14,0.00184,63.72,123.05,104.98,162.11
16568,4854,14,0.0018,393.07,142.58,405.76,162.11
16569,4854,14,0.00156,229.98,131.84,241.7,146.48
16570,4854,14,0.00144,474.61,138.67,500.0,227.54
16571,4854,14,0.00142,201.66,145.02,215.33,165.53
16572,4854,14,0.00137,494.14,121.09,500.0,173.83
16573,4854,14,0.00135,385.25,143.07,403.81,172.85
16574,4854,5,0.00134,496.09,128.91,500.0,150.39
16575,4854,14,0.00123,320.56,146.97,331.79,164.55
16576,4854,14,0.00111,172.85,161.62,197.27,200.68
16577,4854,14,0.001,58.81,124.76,91.8,164.79
16578,4861,14,0.86084,129.55,149.85,183.21,235.9
16579,4861,8,0.84912,437.48,152.27,494.52,243.63
16580,4861,14,0.83447,212.94,169.67,245.32,229.61
16581,4861,14,0.79932,258.38,159.52,284.0,229.13
16582,4861,14,0.76904,351.91,134.38,391.55,233.0
16583,4861,14,0.00779,0.02,189.73,4.61,235.17
16584,4861,14,0.0018,0.1,188.04,8.85,236.38
16585,4861,8,0.00151,482.43,212.94,495.0,254.99
16586,4861,14,0.00124,0.0,137.77,11.2,236.38
16587,4862,8,0.88965,389.16,95.21,499.51,226.07
16588,4862,8,0.75342,52.8,121.34,82.09,145.26
16589,4862,14,0.6875,223.63,95.7,245.36,138.67
16590,4862,14,0.64404,95.21,99.85,137.57,177.49
16591,4862,14,0.64258,256.84,107.18,276.37,140.38
16592,4862,8,0.16345,67.14,133.79,196.78,207.03
16593,4862,8,0.07031,76.05,123.05,192.75,187.01
16594,4862,14,0.03102,89.11,97.66,135.86,137.21
16595,4862,8,0.03091,490.23,148.68,500.0,226.81
16596,4862,14,0.01406,115.11,99.12,135.62,123.54
16597,4862,14,0.00912,125.49,102.05,142.58,138.18
16598,4862,14,0.00813,145.26,104.98,170.9,140.87
16599,4862,14,0.00761,55.3,119.14,68.66,134.77
16600,4862,14,0.00654,111.33,99.12,145.26,140.14
16601,4862,8,0.00522,475.1,118.41,499.51,224.37
16602,4862,14,0.00454,153.69,121.09,170.29,138.67
16603,4862,8,0.00449,491.21,156.98,500.0,207.76
16604,4862,14,0.00428,142.82,116.94,167.97,139.89
16605,4862,14,0.00428,152.83,124.02,175.78,140.14
16606,4862,14,0.00391,106.08,99.12,134.28,128.66
16607,4862,14,0.0032,150.15,108.4,177.98,141.85
16608,4862,5,0.00286,0.24,2.69,40.22,249.51
16609,4862,14,0.00267,124.39,99.85,137.08,125.49
16610,4862,14,0.00249,53.47,119.87,67.93,141.36
16611,4862,8,0.00231,482.91,123.54,500.0,214.36
16612,4862,14,0.00196,162.84,125.98,178.96,140.62
16613,4862,14,0.00196,488.28,88.38,500.0,131.1
16614,4862,14,0.0017,150.76,114.75,167.11,137.94
16615,4862,8,0.00161,495.12,156.25,500.0,204.1
16616,4862,14,0.00151,150.15,125.85,171.14,141.6
16617,4862,14,0.00124,167.48,109.38,185.79,142.82
16618,4862,8,0.00115,485.84,166.5,500.0,249.02
16619,4862,14,0.0011,119.51,100.83,139.04,138.92
16620,4862,14,0.00105,138.43,109.13,166.75,139.4
16621,4865,15,0.88721,36.84,161.13,66.09,189.61
16622,4865,15,0.86865,118.65,184.62,148.55,211.2
16623,4865,15,0.84277,113.31,142.86,137.52,165.64
16624,4867,17,0.60596,370.58,7.29,386.14,23.34
16625,4867,2,0.59814,144.68,132.28,168.51,151.25
16626,4867,9,0.42261,431.62,48.63,450.58,68.09
16627,4867,17,0.19678,385.42,100.91,406.81,123.28
16628,4867,9,0.18127,171.19,91.92,191.61,105.05
16629,4867,9,0.10052,385.66,100.67,407.06,123.04
16630,4867,17,0.02237,337.51,59.58,353.07,79.03
16631,4867,12,0.00146,385.66,100.91,407.06,123.53
16632,4871,14,0.73389,0.04,0.24,14.19,23.63
16633,4871,14,0.5293,231.6,0.0,248.62,21.98
16634,4871,14,0.00677,0.94,0.06,29.6,24.11
16635,4871,14,0.00315,231.13,0.35,258.54,22.81
16636,4871,8,0.00196,169.8,1.83,211.16,22.69
16637,4883,2,0.71387,355.29,174.86,371.76,193.27
16638,4883,2,0.62988,312.91,154.52,331.31,170.5
16639,4883,2,0.30566,408.09,202.23,424.55,221.6
16640,4883,2,0.00218,493.09,72.54,496.0,90.7
16641,4888,2,0.87158,63.65,102.13,84.51,130.9
16642,4888,2,0.86719,46.75,61.73,65.99,86.91
16643,4888,2,0.85791,176.21,103.33,198.27,131.14
16644,4888,2,0.84912,156.55,47.95,175.73,72.88
16645,4899,2,0.85693,272.98,175.73,294.16,202.69
16646,4899,2,0.85205,162.01,173.8,182.71,202.21
16647,4899,2,0.84082,144.55,133.36,163.33,158.4
16648,4899,2,0.83984,251.31,120.36,269.61,143.95
16649,4899,2,0.00562,0.0,23.83,2.87,45.02
16650,4899,2,0.00275,0.0,28.77,2.44,47.54
16651,4904,15,0.82764,248.01,91.37,275.49,114.27
16652,4904,15,0.81738,251.22,56.56,272.29,75.34
16653,4904,15,0.77197,196.49,69.16,217.1,87.02
16654,4904,17,0.00163,88.62,55.88,97.78,63.66
16655,4908,13,0.86865,171.28,88.02,214.3,128.46
16656,4908,12,0.78271,73.94,126.88,119.34,166.52
16657,4908,1,0.04401,171.68,88.02,213.71,128.46
16658,4908,11,0.02666,73.75,126.88,119.54,166.13
16659,4911,16,0.57568,341.07,0.0,436.59,107.94
16660,4911,1,0.02121,9.29,96.48,142.31,205.99
16661,4911,6,0.01224,341.55,0.0,436.11,108.3
16662,4911,3,0.0121,341.55,0.0,436.11,108.91
16663,4911,5,0.01001,7.0,94.55,147.02,238.32
16664,4911,5,0.00391,12.06,29.19,321.29,244.0
16665,4911,16,0.0019,15.65,96.48,133.15,189.59
16666,4911,16,0.00151,348.79,45.83,433.7,107.58
16667,4918,2,0.87646,293.86,86.67,324.04,112.85
16668,4918,2,0.86426,278.29,147.4,308.95,186.55
16669,4918,17,0.80176,387.25,128.3,404.7,145.28
16670,4918,2,0.00258,387.48,128.3,404.94,145.75
16671,4936,0,0.83984,274.98,125.67,312.61,164.75
16672,4936,0,0.8208,356.51,131.46,393.17,167.16
16673,4936,1,0.51367,297.65,75.26,332.39,110.47
16674,4936,17,0.42432,298.14,75.5,332.87,110.23
16675,4936,2,0.00325,356.75,131.46,393.42,166.68
16676,4936,2,0.002,274.74,125.43,312.85,164.99
16677,4936,15,0.00144,274.98,125.67,312.61,164.75
16678,4939,0,0.89502,296.81,115.2,345.23,163.99
16679,4939,1,0.79639,117.84,112.8,166.02,161.59
16680,4939,0,0.09271,117.96,113.28,165.9,161.11
16681,4950,17,0.50781,389.65,42.48,408.2,62.01
16682,4950,17,0.4436,343.75,22.22,361.33,41.26
16683,4950,2,0.26733,447.51,67.63,468.51,86.67
16684,4950,2,0.18481,344.24,21.97,361.82,41.5
16685,4950,17,0.07208,447.51,67.38,468.51,86.67
16686,4950,2,0.00718,389.65,42.72,409.18,62.74
16687,4950,2,0.00137,0.01,132.32,2.46,158.69
16688,4953,5,0.84082,0.03,134.01,45.78,163.25
16689,4953,5,0.74463,229.76,134.5,267.29,160.81
16690,4953,5,0.73242,73.46,136.45,111.23,163.73
16691,4953,8,0.63184,398.13,135.47,420.06,159.84
16692,4953,14,0.62793,399.83,123.78,413.97,143.27
16693,4953,5,0.33105,201.26,138.39,216.36,154.96
16694,4953,5,0.10016,48.49,135.47,73.7,153.01
16695,4953,14,0.09076,388.63,128.65,397.88,151.06
16696,4953,5,0.07751,434.19,129.87,469.27,151.31
16697,4953,8,0.06879,399.59,133.03,418.11,150.58
16698,4953,14,0.05966,154.48,134.98,164.71,148.63
16699,4953,5,0.04886,167.02,135.96,192.61,156.42
16700,4953,5,0.03949,429.07,129.62,439.31,142.29
16701,4953,5,0.03174,226.35,133.03,239.51,145.7
16702,4953,5,0.01854,184.32,135.96,202.11,155.94
16703,4953,5,0.01653,451.73,130.6,469.27,150.09
16704,4953,5,0.01363,164.83,136.93,182.86,158.37
16705,4953,14,0.01322,495.59,122.8,499.0,183.71
16706,4953,5,0.0107,112.32,139.37,148.14,163.25
16707,4953,5,0.00997,186.88,135.47,214.66,155.94
16708,4953,5,0.00919,364.26,132.79,377.9,144.97
16709,4953,5,0.00845,434.92,131.08,450.03,150.58
16710,4953,8,0.00832,45.38,134.74,76.2,152.77
16711,4953,8,0.00732,363.53,133.03,377.17,145.7
16712,4953,5,0.00425,434.68,137.42,447.35,150.58
16713,4953,14,0.00346,273.38,133.03,284.59,161.3
16714,4953,5,0.00342,167.75,135.96,185.05,151.06
16715,4953,14,0.00335,152.77,134.98,166.9,156.42
16716,4953,14,0.00331,496.56,125.97,499.0,154.72
16717,4953,5,0.00251,188.1,135.47,206.86,151.06
16718,4953,5,0.00234,46.05,134.98,66.03,151.06
16719,4953,5,0.00231,467.81,127.19,476.58,139.86
16720,4953,5,0.00219,224.4,131.57,235.61,142.29
16721,4953,8,0.00218,434.19,137.91,447.35,152.04
16722,4953,8,0.00185,184.08,136.93,200.65,156.42
16723,4953,14,0.00154,158.37,137.18,168.12,150.33
16724,4953,5,0.00153,0.0,131.08,9.86,157.4
16725,4953,5,0.00143,364.02,133.28,374.25,142.54
16726,4953,14,0.00139,496.08,123.29,499.0,150.58
16727,4953,5,0.00132,429.32,130.84,446.37,143.02
16728,4953,5,0.00121,156.06,137.42,179.69,159.84
16729,4953,5,0.00117,413.72,129.38,425.42,135.71
16730,4953,8,0.00115,165.07,139.86,183.59,157.4
16731,4953,5,0.0011,434.68,134.98,460.99,152.53
16732,4953,8,0.00105,273.38,136.93,285.07,161.3
16733,4956,14,0.81299,58.08,32.58,95.77,69.2
16734,4956,8,0.7124,50.65,63.73,101.18,140.54
16735,4956,14,0.71045,196.89,50.06,215.44,100.23
16736,4956,5,0.59814,117.89,60.4,137.92,79.9
16737,4956,16,0.00871,484.15,92.03,487.0,109.15
16738,4956,8,0.00368,134.71,55.88,148.26,85.84
16739,4956,16,0.00342,481.29,93.33,487.0,109.74
16740,4956,14,0.00187,194.51,52.79,204.74,99.4
16741,4956,8,0.00126,62.6,92.74,94.34,140.77
16742,4963,7,0.90137,342.66,151.92,371.78,178.12
16743,4963,2,0.8623,302.37,181.52,334.41,219.38
16744,4964,15,0.94092,274.89,45.18,324.35,94.88
16745,4966,14,0.85107,187.37,128.04,213.68,163.25
16746,4966,8,0.84912,203.57,117.2,228.18,136.2
16747,4966,14,0.83984,334.78,89.91,358.66,151.8
16748,4966,14,0.82227,174.46,108.3,192.0,123.65
16749,4966,16,0.78906,11.19,116.95,37.61,154.96
16750,4966,14,0.74609,41.48,124.38,68.71,136.93
16751,4966,14,0.74023,69.01,117.68,85.34,149.85
16752,4966,14,0.7373,402.27,98.44,420.79,127.67
16753,4966,5,0.68262,84.06,125.72,96.49,134.98
16754,4966,14,0.63184,41.18,130.6,60.85,153.99
16755,4966,14,0.18481,89.79,138.88,98.8,149.6
16756,4966,14,0.17102,489.25,70.66,499.0,124.26
16757,4966,14,0.08038,39.78,125.24,63.47,141.32
16758,4966,14,0.03802,38.68,122.07,69.08,133.03
16759,4966,14,0.01602,187.37,126.7,201.01,139.86
16760,4966,14,0.01348,90.03,139.13,102.82,151.8
16761,4966,14,0.01219,89.66,139.13,109.64,155.21
16762,4966,5,0.01183,101.85,126.21,106.84,131.08
16763,4966,14,0.01041,36.06,121.34,63.11,131.08
16764,4966,14,0.00952,45.53,118.17,82.11,132.3
16765,4966,14,0.00885,158.13,102.94,170.31,124.38
16766,4966,14,0.00881,156.91,121.1,164.71,129.87
16767,4966,14,0.00871,156.91,111.71,161.3,122.68
16768,4966,8,0.00704,156.67,121.58,164.95,129.87
16769,4966,14,0.0069,157.64,113.3,162.52,124.02
16770,4966,14,0.00387,167.15,110.86,172.51,124.02
16771,4966,14,0.00343,490.23,68.95,499.0,162.03
16772,4966,14,0.00277,88.81,139.37,100.75,156.91
16773,4966,14,0.00273,37.04,116.95,60.18,129.14
16774,4966,14,0.00271,90.52,138.39,97.34,144.24
16775,4966,14,0.00268,187.12,126.7,204.18,145.7
16776,4966,14,0.00267,40.14,116.95,71.82,129.62
16777,4966,14,0.00259,157.4,120.36,166.17,127.43
16778,4966,16,0.00258,19.07,117.44,40.08,134.25
16779,4966,5,0.00256,99.17,126.82,106.23,131.57
16780,4966,14,0.00255,29.94,120.61,56.07,131.33
16781,4966,14,0.00193,38.56,124.14,59.45,135.96
16782,4966,14,0.00191,158.86,111.11,169.34,124.02
16783,4966,14,0.00183,31.25,123.04,55.13,134.25
16784,4966,14,0.00183,482.68,68.47,498.76,124.26
16785,4966,14,0.00178,33.93,124.51,56.83,138.64
16786,4966,14,0.00177,67.92,117.44,84.12,133.52
16787,4966,8,0.00173,329.91,85.77,365.97,151.55
16788,4966,14,0.00162,0.0,137.42,6.44,197.85
16789,4966,14,0.00152,157.16,102.82,164.95,122.8
16790,4966,14,0.0014,47.21,125.72,71.82,140.34
16791,4966,8,0.0014,10.01,116.95,37.92,153.5
16792,4966,14,0.00128,165.81,106.96,171.9,124.02
16793,4966,14,0.00122,156.18,107.82,160.57,121.95
16794,4966,14,0.00111,32.65,124.75,58.84,153.99
16795,4966,14,0.00109,0.01,143.75,7.11,157.4
16796,4967,15,0.95654,322.52,115.56,403.87,190.69
16797,4967,16,0.00334,323.24,114.84,404.11,190.45
16798,4972,17,0.86426,246.29,45.47,265.23,64.89
16799,4972,17,0.81055,77.32,60.74,98.4,80.64
16800,4972,2,0.01219,77.56,60.86,98.4,80.52
16801,4972,2,0.00325,0.04,13.85,5.75,34.46
16802,4974,7,0.90039,381.55,61.84,414.98,86.67
16803,4974,2,0.87305,392.06,103.63,427.4,145.17
16804,4987,10,0.89697,274.41,128.91,291.02,142.58
16805,4987,17,0.85889,302.73,120.36,316.41,133.06
16806,4987,10,0.85596,341.8,91.55,355.47,104.98
16807,4987,17,0.83203,324.71,114.26,337.4,126.95
16808,4987,11,0.79688,387.21,142.33,404.79,156.01
16809,4987,9,0.78906,354.0,128.66,369.63,142.33
16810,4987,9,0.76221,320.56,143.8,337.65,159.42
16811,4992,8,0.7959,341.8,95.21,498.05,224.61
16812,4992,14,0.78906,200.93,94.24,219.48,141.11
16813,4992,8,0.78125,52.7,121.46,83.98,145.02
16814,4992,14,0.77051,128.66,98.14,151.12,167.97
16815,4992,14,0.69434,246.34,108.89,264.89,138.18
16816,4992,14,0.66553,150.39,113.28,167.24,140.38
16817,4992,14,0.4397,356.45,85.94,403.32,139.89
16818,4992,8,0.04114,112.73,92.29,183.59,168.46
16819,4992,14,0.02596,369.87,86.18,406.98,131.84
16820,4992,8,0.02556,490.23,149.17,500.0,226.81
16821,4992,8,0.02002,355.47,89.36,403.32,151.86
16822,4992,5,0.00674,0.27,2.44,41.26,251.22
16823,4992,14,0.0042,55.42,119.14,68.54,134.77
16824,4992,8,0.00382,471.19,118.16,499.51,224.12
16825,4992,14,0.00305,488.28,87.65,500.0,121.09
16826,4992,8,0.00235,491.21,156.74,500.0,207.52
16827,4992,14,0.00196,130.37,99.61,168.46,143.55
16828,4992,8,0.00185,404.54,97.66,499.27,227.54
16829,4992,8,0.00182,484.38,123.78,500.0,214.6
16830,4992,14,0.00173,53.65,119.63,67.81,141.11
16831,4992,14,0.00149,367.92,84.96,425.54,128.66
16832,4992,14,0.00134,371.58,85.21,422.85,114.5
16833,4992,14,0.00115,496.09,87.89,500.0,113.77
16834,4992,14,0.00108,257.32,105.22,272.95,131.84
16835,4992,8,0.00104,495.12,156.74,500.0,203.61
