id,image_id,class_id,confidence,x1,y1,x2,y2
0,14,9,0.900390625,249.7744140625,84.19775390625,272.8154296875,107.72900390625
1,14,17,0.880859375,124.029296875,73.7802734375,141.4326171875,89.9580078125
2,14,10,0.87060546875,349.537109375,133.34375,373.55859375,159.326171875
3,14,9,0.7705078125,158.345703125,112.263671875,183.34765625,131.873046875
4,18,2,0.89013671875,215.5576171875,16.037109375,245.03759765625,55.1865234375
5,18,7,0.8671875,258.71630859375,68.039794921875,291.26220703125,98.463134765625
6,21,2,0.85791015625,260.1484375,186.375,274.708984375,207.73046875
7,21,2,0.85595703125,176.42529296875,165.5048828125,191.47119140625,185.8896484375
8,21,2,0.85107421875,305.52880859375,166.4755859375,320.08935546875,187.8310546875
9,21,2,0.83642578125,252.8681640625,144.1494140625,266.4580078125,164.048828125
10,33,11,0.8798828125,322.875,198.84375,338.625,211.640625
11,33,9,0.8623046875,320.90625,166.359375,337.640625,179.15625
12,33,10,0.85888671875,430.171875,175.95703125,446.90625,190.23046875
13,33,10,0.8447265625,349.69921875,144.2109375,363.97265625,158.9765625
14,33,17,0.8447265625,369.140625,157.5,381.9375,170.296875
15,33,17,0.81884765625,392.2734375,172.51171875,405.0703125,184.81640625
16,33,9,0.81640625,355.359375,185.0625,371.109375,197.859375
17,33,17,0.004329681396484375,169.927734375,203.02734375,181.494140625,217.79296875
18,34,17,0.91259765625,202.63671875,80.56640625,220.21484375,98.14453125
19,34,11,0.9091796875,112.060546875,178.466796875,135.986328125,200.927734375
20,34,9,0.8984375,127.685546875,93.994140625,149.658203125,114.990234375
21,34,10,0.88330078125,280.029296875,144.287109375,301.513671875,165.283203125
22,34,9,0.880859375,167.236328125,145.01953125,190.673828125,165.52734375
23,34,10,0.875,181.396484375,42.48046875,200.439453125,64.453125
24,34,17,0.7705078125,230.3466796875,116.455078125,247.6806640625,133.544921875
25,34,9,0.2017822265625,230.1025390625,116.2109375,247.6806640625,133.7890625
26,34,2,0.0030994415283203125,492.1875,168.9453125,500.0,202.1484375
27,37,17,0.8447265625,240.4541015625,190.9892578125,259.6904296875,210.2255859375
28,37,17,0.002132415771484375,72.365234375,211.1416015625,92.632080078125,231.751953125
29,37,2,0.0015735626220703125,61.60205078125,7.7861328125,76.9453125,22.900390625
30,40,2,0.85791015625,181.2890625,48.0615234375,196.23046875,69.228515625
31,40,2,0.85009765625,49.617919921875,43.828125,65.555419921875,64.74609375
32,40,2,0.84814453125,134.84619140625,65.9912109375,150.53466796875,89.150390625
33,40,2,0.84716796875,128.994140625,24.404296875,143.4375,44.0771484375
34,46,7,0.796875,188.34375,116.994140625,217.65234375,141.017578125
35,46,7,0.77734375,196.51171875,68.3466796875,221.49609375,91.6494140625
36,46,17,0.00453948974609375,196.8720703125,67.986328125,221.3759765625,89.607421875
37,47,0,0.8974609375,67.4638671875,109.082763671875,112.35888671875,152.8857421875
38,47,1,0.7607421875,158.588623046875,117.576416015625,203.240966796875,163.078125
39,47,13,0.020172119140625,158.103271484375,118.42578125,203.726318359375,163.5634765625
40,47,2,0.00787353515625,157.98193359375,118.18310546875,203.60498046875,163.80615234375
41,55,10,0.8857421875,198.418212890625,162.3984375,221.688720703125,185.173828125
42,55,9,0.01242828369140625,260.9267578125,171.8056640625,270.8291015625,181.7080078125
43,57,14,0.8310546875,112.04248046875,50.8955078125,145.57080078125,92.8662109375
44,57,14,0.7578125,319.6044921875,57.408203125,338.4189453125,104.203125
45,57,14,0.72509765625,89.60986328125,43.1767578125,109.38916015625,85.1474609375
46,57,14,0.70263671875,291.1416015625,58.1318359375,312.3681640625,95.7607421875
47,57,14,0.6259765625,206.2353515625,31.357421875,262.6787109375,111.921875
48,57,14,0.4921875,141.22900390625,43.41796875,155.70166015625,78.15234375
49,57,14,0.361083984375,364.7109375,78.15234375,393.65625,108.0625
50,57,14,0.012054443359375,465.0546875,61.5087890625,487.24609375,112.6455078125
51,57,14,0.00844573974609375,0.0,42.453125,17.668701171875,100.34375
52,57,14,0.0082550048828125,198.5166015625,67.2978515625,214.9189453125,97.931640625
53,57,14,0.0034027099609375,259.060546875,60.90576171875,281.251953125,94.19287109375
54,57,14,0.0022525787353515625,274.498046875,68.986328125,287.041015625,96.001953125
55,57,14,0.0017747879028320312,488.693359375,67.056640625,494.0,116.263671875
56,57,14,0.0015916824340820312,480.4921875,67.056640625,494.0,115.78125
57,57,14,0.0013513565063476562,0.0,43.1767578125,5.7852935791015625,128.5654296875
58,57,14,0.001239776611328125,192.2451171875,31.5986328125,262.1962890625,150.7568359375
59,62,14,0.85498046875,181.46484375,16.236328125,244.9775390625,174.3017578125
60,62,15,0.005218505859375,72.944091796875,39.158203125,103.029052734375,62.080078125
61,64,16,0.91162109375,28.459716796875,146.06640625,50.873046875,174.66015625
62,64,16,0.9072265625,4.67626953125,145.3515625,27.55126953125,175.8515625
63,64,16,0.85888671875,51.349609375,144.875,72.794921875,171.5625
64,64,16,0.8447265625,72.19921875,142.4921875,92.69140625,168.2265625
65,64,16,0.830078125,92.810546875,140.109375,111.873046875,165.3671875
66,64,16,0.7548828125,110.681640625,139.15625,127.361328125,162.03125
67,64,5,0.73388671875,378.8671875,106.03515625,401.7421875,125.3359375
68,64,8,0.708984375,411.75,111.9921875,433.671875,136.296875
69,64,14,0.6533203125,313.1015625,95.55078125,333.1171875,142.25390625
70,64,16,0.509765625,139.87109375,136.7734375,154.16796875,158.6953125
71,64,16,0.5078125,126.05078125,137.96484375,140.34765625,160.36328125
72,64,16,0.43017578125,166.08203125,134.8671875,179.42578125,153.9296875
73,64,16,0.37939453125,153.69140625,135.8203125,166.55859375,156.3125
74,64,14,0.350341796875,269.734375,101.03125,281.171875,126.2890625
75,64,16,0.248046875,234.70703125,128.91015625,244.71484375,144.16015625
76,64,16,0.2281494140625,278.7890625,120.689453125,287.3671875,131.0546875
77,64,16,0.1937255859375,219.45703125,129.38671875,228.03515625,146.54296875
78,64,16,0.18359375,178.47265625,132.9609375,190.38671875,152.0234375
79,64,16,0.1597900390625,209.44921875,129.86328125,220.41015625,147.49609375
80,64,16,0.1431884765625,227.3203125,129.1484375,235.18359375,144.875
81,64,16,0.139404296875,189.671875,131.53125,200.39453125,150.59375
82,64,16,0.1268310546875,199.798828125,130.33984375,210.044921875,148.92578125
83,64,14,0.11083984375,414.1328125,104.12890625,432.2421875,118.90234375
84,64,16,0.07781982421875,144.63671875,135.8203125,166.55859375,157.7421875
85,64,16,0.073974609375,0.0,147.734375,3.73431396484375,181.09375
86,64,14,0.05126953125,322.6328125,98.171875,334.0703125,140.82421875
87,64,14,0.044525146484375,308.8125,98.6484375,319.7734375,139.6328125
88,64,16,0.039794921875,240.1875,121.404296875,250.671875,132.0078125
89,64,16,0.0232391357421875,213.5,129.625,222.078125,146.3046875
90,64,14,0.02288818359375,309.2890625,112.23046875,317.8671875,139.87109375
91,64,16,0.0222015380859375,0.014892578125,157.98046875,3.36944580078125,184.19140625
92,64,16,0.01049041748046875,0.645965576171875,147.2578125,8.2281494140625,178.7109375
93,64,14,0.006511688232421875,326.20703125,102.22265625,343.83984375,138.203125
94,64,16,0.00572967529296875,0.0,154.8828125,4.64276123046875,192.53125
95,64,16,0.004451751708984375,2.94873046875,146.78125,10.484375,174.421875
96,64,16,0.0028228759765625,131.650390625,137.25,153.810546875,159.171875
97,64,16,0.00279998779296875,0.001861572265625,139.6328125,3.3284912109375,170.1328125
98,64,8,0.002521514892578125,304.76171875,91.5,342.88671875,143.921875
99,64,16,0.0024814605712890625,0.0,156.55078125,6.895263671875,186.09765625
100,64,16,0.0024051666259765625,285.9375,117.7109375,292.609375,128.1953125
101,64,16,0.0024051666259765625,169.1796875,133.67578125,189.671875,152.73828125
102,64,16,0.00234222412109375,484.1875,125.57421875,488.0,140.34765625
103,64,8,0.0021648406982421875,329.54296875,102.4609375,344.79296875,135.8203125
104,64,14,0.0019121170043945312,143.4453125,113.18359375,153.9296875,135.58203125
105,64,16,0.0016813278198242188,193.484375,130.578125,210.640625,151.546875
106,64,16,0.0012693405151367188,485.140625,127.00390625,488.0,148.44921875
107,64,16,0.0012645721435546875,241.6171875,122.0,253.0546875,133.9140625
108,64,16,0.001201629638671875,0.521240234375,143.921875,11.839599609375,177.28125
109,66,2,0.90673828125,73.025390625,184.3359375,106.8203125,221.203125
110,66,2,0.8916015625,196.625,171.1015625,225.9296875,207.49609375
111,66,17,0.78125,112.3740234375,153.376953125,127.9716796875,167.556640625
112,73,8,0.161865234375,0.05224609375,3.76171875,93.833984375,157.365234375
113,73,5,0.08538818359375,0.0,1.044921875,93.1025390625,154.23046875
114,80,15,0.8388671875,154.77685546875,155.9267578125,194.79345703125,184.904296875
115,80,15,0.8173828125,59.449951171875,107.1708984375,89.577392578125,134.07861328125
116,80,15,0.810546875,38.6942138671875,182.37451171875,73.1912841796875,209.05224609375
117,87,5,0.87744140625,197.81396484375,160.974609375,469.306640625,239.759765625
118,87,5,0.007122039794921875,192.3427734375,186.263671875,318.7880859375,243.1640625
119,87,2,0.0015249252319335938,490.21875,18.7236328125,498.0,35.7451171875
120,87,7,0.0013561248779296875,490.21875,20.42578125,498.0,35.98828125
121,88,2,0.8916015625,323.203125,82.96875,354.609375,122.109375
122,88,17,0.77734375,405.9375,42.65625,423.75,59.765625
123,88,2,0.00815582275390625,294.609375,23.0859375,318.515625,49.8046875
124,88,2,0.00183868408203125,326.484375,124.21875,343.359375,145.3125
125,103,7,0.8681640625,265.09765625,176.3330078125,298.59375,202.1728515625
126,103,7,0.8232421875,400.0390625,130.15625,426.8359375,155.517578125
127,103,17,0.004772186279296875,349.794921875,206.71875,369.892578125,229.6875
128,105,10,0.544921875,114.65185546875,158.54296875,127.78271484375,171.1875
129,105,10,0.33642578125,192.3427734375,156.8408203125,207.9052734375,169.4853515625
130,105,11,0.1666259765625,192.46435546875,156.59765625,207.54052734375,169.2421875
131,105,11,0.1602783203125,105.65478515625,148.81640625,119.51513671875,161.4609375
132,105,11,0.0863037109375,175.564453125,151.734375,187.72265625,164.37890625
133,105,9,0.055816650390625,140.3056640625,159.029296875,152.9501953125,172.646484375
134,105,17,0.044677734375,75.98876953125,156.59765625,89.11962890625,169.2421875
135,105,0,0.03594970703125,140.3056640625,159.029296875,152.70703125,172.646484375
136,105,9,0.027587890625,76.1103515625,156.59765625,89.2412109375,169.2421875
137,105,11,0.0222930908203125,140.3056640625,159.029296875,152.70703125,172.646484375
138,105,17,0.004791259765625,192.3427734375,156.59765625,207.9052734375,169.2421875
139,109,15,0.8984375,179.5390625,50.8388671875,211.82861328125,85.189453125
140,109,15,0.845703125,280.52978515625,38.0146484375,306.17822265625,65.953125
141,109,15,0.81884765625,205.6455078125,18.7783203125,225.7978515625,42.13671875
142,109,5,0.0021820068359375,125.494140625,137.63134765625,143.3564453125,149.99755859375
143,114,15,0.75341796875,271.97265625,33.935546875,331.54296875,103.271484375
144,120,17,0.8671875,429.609375,180.380859375,449.8046875,199.658203125
145,120,17,0.642578125,260.4736328125,194.3798828125,280.2099609375,214.1162109375
146,120,17,0.0087432861328125,254.9658203125,7.91748046875,267.3583984375,21.68701171875
147,120,2,0.0017414093017578125,376.3671875,18.24462890625,396.5625,36.60400390625
148,124,9,0.86328125,187.24169921875,49.8671875,206.6611328125,69.5263671875
149,124,17,0.79052734375,106.68701171875,20.6181640625,124.90771484375,33.80419921875
150,124,10,0.70263671875,72.762939453125,70.605224609375,93.141357421875,93.141357421875
151,124,9,0.332763671875,106.806884765625,20.6181640625,124.787841796875,34.0439453125
152,124,6,0.00518035888671875,0.0,173.33642578125,11.912384033203125,196.35205078125
153,129,10,0.8984375,60.988525390625,194.46875,81.607421875,212.328125
154,129,9,0.89111328125,156.517578125,172.392578125,176.857421875,188.763671875
155,129,10,0.873046875,113.60546875,121.6669921875,129.728515625,138.41015625
156,129,9,0.87158203125,133.8212890625,203.3984375,153.4169921875,224.234375
157,129,17,0.86083984375,89.4208984375,173.13671875,105.7919921875,190.00390625
158,129,17,0.84814453125,107.2802734375,158.005859375,122.53515625,173.384765625
159,129,11,0.8427734375,208.607421875,184.05078125,230.68359375,199.92578125
160,129,5,0.002414703369140625,321.96484375,126.50390625,399.35546875,154.28515625
161,129,5,0.0023059844970703125,400.34765625,119.806640625,433.08984375,140.146484375
162,129,5,0.0010986328125,345.28125,116.333984375,399.35546875,153.541015625
163,136,8,0.85693359375,2.1319580078125,135.470703125,70.537353515625,187.125
164,136,14,0.84716796875,330.392578125,78.21240234375,358.65625,154.23193359375
165,136,14,0.82421875,398.615234375,59.20751953125,419.5693359375,116.22216796875
166,136,8,0.81640625,129.623046875,146.19140625,232.931640625,201.744140625
167,136,14,0.79443359375,279.712890625,81.8671875,305.052734375,156.912109375
168,136,14,0.763671875,223.185546875,79.67431640625,249.9873046875,140.58740234375
169,136,14,0.7607421875,427.853515625,62.13134765625,459.041015625,123.04443359375
170,136,14,0.60009765625,131.206787109375,104.03955078125,152.404541015625,130.35400390625
171,136,14,0.59814453125,83.207275390625,102.8212890625,107.572509765625,164.708984375
172,136,14,0.4091796875,121.460693359375,104.03955078125,152.648193359375,135.470703125
173,136,8,0.09466552734375,486.330078125,85.52197265625,499.0,137.9072265625
174,136,8,0.07183837890625,0.0380706787109375,125.602783203125,10.9034423828125,201.744140625
175,136,14,0.06561279296875,433.2138671875,79.4306640625,458.5537109375,122.80078125
176,136,14,0.0560302734375,491.203125,73.5830078125,499.0,122.3134765625
177,136,14,0.042388916015625,488.279296875,52.38525390625,499.0,140.10009765625
178,136,14,0.0252685546875,124.384521484375,104.283203125,151.917236328125,153.013671875
179,136,8,0.0236053466796875,479.0205078125,74.5576171875,499.0,138.8818359375
180,136,14,0.0216217041015625,0.0,122.3134765625,13.294281005859375,198.3330078125
181,136,14,0.0162200927734375,132.30322265625,103.917724609375,148.38427734375,124.871826171875
182,136,14,0.0147857666015625,0.0,156.4248046875,10.073501586914062,204.66796875
183,136,8,0.013275146484375,0.0076141357421875,141.8056640625,7.7435760498046875,202.71875
184,136,8,0.0121917724609375,0.0076141357421875,126.45556640625,4.694114685058594,203.93701171875
185,136,8,0.0119171142578125,0.076141357421875,126.2119140625,25.872833251953125,194.4345703125
186,136,8,0.00989532470703125,126.2119140625,154.962890625,190.048828125,204.66796875
187,136,14,0.0097808837890625,0.076141357421875,106.47607421875,16.84246826171875,151.30810546875
188,136,14,0.009521484375,428.3408203125,61.64404296875,449.7822265625,103.7958984375
189,136,14,0.00894927978515625,480.482421875,61.8876953125,499.0,141.318359375
190,136,14,0.00878143310546875,0.015228271484375,108.6689453125,12.593780517578125,170.556640625
191,136,14,0.0055999755859375,490.228515625,87.71484375,499.0,137.9072265625
192,136,8,0.005218505859375,0.0,126.2119140625,6.989776611328125,167.6328125
193,136,8,0.004608154296875,94.902587890625,116.22216796875,124.871826171875,154.23193359375
194,136,8,0.0043487548828125,0.0076141357421875,130.35400390625,8.74102783203125,176.64794921875
195,136,14,0.004314422607421875,489.25390625,67.248046875,499.0,110.6181640625
196,136,14,0.004230499267578125,0.0228424072265625,107.93798828125,5.923797607421875,154.71923828125
197,136,8,0.0036220550537109375,491.203125,92.34423828125,499.0,136.20166015625
198,136,8,0.00345611572265625,493.15234375,110.37451171875,499.0,141.07470703125
199,136,8,0.003063201904296875,0.0,110.86181640625,10.598876953125,166.90185546875
200,136,14,0.0029125213623046875,0.51776123046875,106.7197265625,22.93377685546875,183.2265625
201,136,14,0.0026531219482421875,0.0,110.496337890625,7.191551208496094,172.0185546875
202,136,8,0.0023784637451171875,0.0228424072265625,131.0849609375,8.352706909179688,242.1904296875
203,136,14,0.0021152496337890625,132.79052734375,100.14111328125,159.10498046875,124.50634765625
204,136,14,0.00157928466796875,494.126953125,66.51708984375,499.0,106.7197265625
205,136,8,0.0014553070068359375,4.9339599609375,120.3642578125,36.426025390625,186.6376953125
206,136,8,0.0014438629150390625,475.609375,91.85693359375,499.0,151.79541015625
207,136,14,0.0012350082397460938,71.024658203125,101.8466796875,103.06494140625,140.58740234375
208,136,8,0.0011882781982421875,127.1865234375,176.404296875,184.93212890625,205.642578125
209,136,8,0.0011119842529296875,488.279296875,109.39990234375,499.0,151.79541015625
210,136,14,0.001094818115234375,0.121826171875,109.39990234375,19.385589599609375,138.63818359375
211,137,15,0.1480712890625,276.02783203125,157.19970703125,339.40283203125,203.24560546875
212,137,2,0.0083465576171875,385.201171875,110.90625,405.005859375,131.701171875
213,137,14,0.00473785400390625,241.740966796875,1.73291015625,378.26953125,84.91259765625
214,137,14,0.003551483154296875,220.822265625,0.0,350.0478515625,97.78564453125
215,137,14,0.003429412841796875,296.080078125,0.9283447265625,339.650390625,49.51171875
216,137,14,0.0014495849609375,231.591064453125,2.104248046875,343.611328125,71.420654296875
217,153,9,0.92431640625,224.859375,110.02734375,262.3359375,148.46484375
218,153,9,0.90478515625,141.978515625,144.62109375,190.505859375,182.09765625
219,153,11,0.88232421875,308.4609375,116.75390625,348.8203125,147.50390625
220,153,10,0.8310546875,142.5791015625,64.142578125,174.7705078125,94.892578125
221,153,11,0.8232421875,245.279296875,88.646484375,277.951171875,123.720703125
222,153,10,0.80419921875,255.609375,144.380859375,293.0859375,180.416015625
223,153,9,0.42431640625,254.888671875,143.66015625,292.845703125,179.21484375
224,169,10,0.91796875,220.9921875,161.4375,243.6328125,181.125
225,169,17,0.91552734375,291.62109375,111.234375,308.84765625,128.4609375
226,169,9,0.8896484375,285.9609375,189.4921875,308.6015625,214.1015625
227,169,9,0.88720703125,333.2109375,145.44140625,354.8671875,166.11328125
228,169,11,0.88720703125,380.4609375,178.171875,406.0546875,199.828125
229,169,10,0.88232421875,314.75390625,60.78515625,333.45703125,80.47265625
230,169,17,0.880859375,260.859375,136.08984375,278.578125,153.80859375
231,169,17,0.00473785400390625,0.0,127.4765625,7.35205078125,148.1484375
232,169,9,0.0038700103759765625,0.0,127.96875,8.1595458984375,145.6875
233,169,2,0.0038394927978515625,0.0,126.984375,7.8057861328125,146.1796875
234,169,2,0.0016231536865234375,0.0,125.630859375,6.64453125,160.9453125
235,174,15,0.89990234375,412.3330078125,98.921875,451.3310546875,141.2490234375
236,174,15,0.8974609375,290.107421875,48.509765625,330.5322265625,89.41015625
237,174,15,0.86962890625,398.541015625,24.96826171875,432.783203125,57.30810546875
238,174,15,0.0011205673217773438,482.7197265625,69.554443359375,487.0,96.187255859375
239,175,5,0.7880859375,95.8076171875,86.66015625,117.9541015625,105.91796875
240,175,5,0.7734375,0.0,56.56982421875,34.27288818359375,73.42041015625
241,175,14,0.63330078125,260.4619140625,107.84375,270.0908203125,125.6572265625
242,175,8,0.06256103515625,259.73974609375,108.3251953125,272.25732421875,129.02734375
243,175,8,0.038177490234375,472.2978515625,124.6943359375,485.7783203125,139.619140625
244,175,14,0.01374053955078125,472.779296875,122.287109375,485.296875,138.1748046875
245,175,5,0.004756927490234375,0.1805419921875,57.171630859375,23.109375,72.096435546875
246,175,5,0.003482818603515625,0.07146453857421875,56.930908203125,7.172782897949219,70.170654296875
247,175,5,0.0032978057861328125,0.0,53.68115234375,4.0697174072265625,66.19873046875
248,175,14,0.0027370452880859375,423.671875,121.56494140625,431.8564453125,136.48974609375
249,175,5,0.0026836395263671875,65.837646484375,59.097412109375,72.337158203125,67.281982421875
250,175,14,0.0023136138916015625,259.98046875,105.19580078125,268.646484375,117.23193359375
251,175,14,0.0017547607421875,473.2607421875,118.9169921875,484.8154296875,128.064453125
252,175,5,0.0017271041870117188,13.39019775390625,48.38525390625,33.37017822265625,59.45849609375
253,175,5,0.0016870498657226562,464.11328125,119.8798828125,487.22265625,139.1376953125
254,175,14,0.0015974044799804688,435.2265625,122.7685546875,448.70703125,136.73046875
255,175,5,0.0015192031860351562,54.16259765625,68.60595703125,64.513671875,77.27197265625
256,175,5,0.0015010833740234375,11.64495849609375,47.90380859375,44.5938720703125,61.38427734375
257,175,5,0.0014209747314453125,489.6298828125,112.41748046875,493.0,131.19384765625
258,175,5,0.001255035400390625,132.758544921875,79.67919921875,145.035400390625,89.30810546875
259,175,5,0.0012254714965820312,281.1640625,24.79443359375,319.6796875,40.9228515625
260,175,5,0.0012063980102539062,467.001953125,99.89990234375,493.0,110.49169921875
261,175,14,0.0010900497436523438,424.39404296875,120.8427734375,432.57861328125,130.71240234375
262,175,5,0.0010814666748046875,101.5849609375,49.34814453125,112.89892578125,60.90283203125
263,175,5,0.0010404586791992188,57.80352783203125,56.208740234375,71.7353515625,67.763427734375
264,175,8,0.0010080337524414062,259.017578125,118.435546875,271.53515625,131.19384765625
265,180,14,0.7548828125,290.0390625,141.6015625,300.78125,166.50390625
266,180,14,0.740234375,181.0302734375,143.310546875,192.5048828125,163.818359375
267,180,14,0.71533203125,443.84765625,148.92578125,458.49609375,174.8046875
268,180,14,0.69775390625,129.150390625,140.13671875,147.216796875,172.8515625
269,180,14,0.662109375,217.7734375,147.94921875,227.5390625,161.62109375
270,180,14,0.56982421875,429.931640625,149.658203125,442.626953125,172.119140625
271,180,14,0.501953125,382.32421875,138.671875,395.99609375,167.96875
272,180,14,0.45703125,408.447265625,136.71875,423.095703125,169.43359375
273,180,14,0.39599609375,403.3203125,137.20703125,415.0390625,168.45703125
274,180,14,0.36474609375,398.92578125,137.20703125,410.64453125,167.48046875
275,180,14,0.34521484375,395.01953125,137.20703125,406.73828125,167.48046875
276,180,14,0.319091796875,406.25,136.962890625,418.45703125,168.212890625
277,180,14,0.259765625,391.845703125,137.6953125,402.099609375,167.96875
278,180,14,0.24365234375,456.0546875,143.798828125,467.7734375,161.865234375
279,180,14,0.21728515625,328.857421875,140.869140625,341.064453125,163.818359375
280,180,14,0.190673828125,461.9140625,149.658203125,476.5625,174.560546875
281,180,14,0.1561279296875,379.8828125,139.6484375,392.578125,166.50390625
282,180,14,0.139404296875,184.814453125,162.109375,195.068359375,175.29296875
283,180,14,0.123779296875,457.03125,142.822265625,471.19140625,172.119140625
284,180,14,0.11798095703125,386.71875,138.18359375,397.94921875,167.96875
285,180,14,0.09912109375,413.0859375,136.474609375,421.875,164.794921875
286,180,14,0.08819580078125,492.67578125,131.34765625,500.0,168.45703125
287,180,14,0.085693359375,232.666015625,130.37109375,252.685546875,163.57421875
288,180,14,0.056243896484375,181.15234375,161.865234375,192.87109375,174.560546875
289,180,14,0.035675048828125,316.89453125,138.18359375,331.54296875,162.59765625
290,180,14,0.0296478271484375,385.7421875,138.18359375,395.5078125,158.69140625
291,180,14,0.0262603759765625,432.6171875,146.484375,444.3359375,156.25
292,180,14,0.0246124267578125,187.01171875,160.64453125,197.265625,175.29296875
293,180,14,0.0246124267578125,354.4921875,135.7421875,368.1640625,167.96875
294,180,14,0.0232391357421875,436.767578125,149.4140625,445.068359375,171.38671875
295,180,14,0.0194244384765625,408.447265625,137.20703125,415.771484375,166.50390625
296,180,14,0.019195556640625,495.1171875,137.939453125,500.0,169.189453125
297,180,14,0.018768310546875,462.40234375,141.357421875,472.16796875,161.865234375
298,180,14,0.01861572265625,465.8203125,139.6484375,474.609375,160.15625
299,180,14,0.0171051025390625,446.533203125,147.94921875,464.111328125,174.31640625
300,180,14,0.0167236328125,430.6640625,142.822265625,444.3359375,155.517578125
301,180,14,0.0164031982421875,432.12890625,145.5078125,450.68359375,157.2265625
302,180,14,0.01525115966796875,394.04296875,137.6953125,402.83203125,159.1796875
303,180,14,0.013275146484375,434.5703125,153.3203125,441.89453125,173.828125
304,180,14,0.0117340087890625,378.662109375,142.08984375,386.474609375,161.62109375
305,180,14,0.0095977783203125,431.15234375,153.80859375,439.94140625,174.31640625
306,180,14,0.00885009765625,458.0078125,141.11328125,477.5390625,174.31640625
307,180,14,0.007373809814453125,176.7578125,161.865234375,186.03515625,173.583984375
308,180,14,0.00690460205078125,0.019073486328125,126.5869140625,5.123138427734375,169.43359375
309,180,14,0.006824493408203125,455.078125,145.263671875,466.796875,173.583984375
310,180,14,0.00634002685546875,0.0,115.6005859375,8.43048095703125,185.05859375
311,180,14,0.00595855712890625,322.998046875,141.11328125,339.599609375,165.52734375
312,180,16,0.00557708740234375,235.595703125,172.36328125,389.404296875,208.49609375
313,180,14,0.005321502685546875,492.67578125,118.7744140625,500.0,160.64453125
314,180,14,0.005199432373046875,376.46484375,141.11328125,388.18359375,163.57421875
315,180,14,0.005100250244140625,433.10546875,141.845703125,451.171875,155.029296875
316,180,14,0.004791259765625,441.89453125,159.66796875,448.2421875,175.29296875
317,180,14,0.004772186279296875,436.03515625,146.97265625,455.56640625,157.71484375
318,180,14,0.004627227783203125,238.525390625,132.8125,251.46484375,163.57421875
319,180,14,0.004299163818359375,441.40625,149.90234375,447.265625,173.33984375
320,180,14,0.004116058349609375,315.4296875,140.13671875,326.171875,163.57421875
321,180,14,0.003795623779296875,352.05078125,126.8310546875,366.69921875,161.1328125
322,180,14,0.003551483154296875,495.1171875,121.09375,500.0,156.73828125
323,180,14,0.0034961700439453125,413.330078125,135.986328125,430.419921875,169.189453125
324,180,14,0.0034427642822265625,446.77734375,145.01953125,468.26171875,158.69140625
325,180,14,0.0033245086669921875,455.56640625,138.671875,474.12109375,159.1796875
326,180,14,0.0031108856201171875,188.4765625,153.3203125,199.21875,175.78125
327,180,14,0.0029926300048828125,232.666015625,126.46484375,243.896484375,141.11328125
328,180,16,0.0029811859130859375,310.05859375,173.33984375,449.70703125,206.54296875
329,180,14,0.0029468536376953125,253.173828125,143.06640625,259.521484375,160.64453125
330,180,14,0.0029239654541015625,176.513671875,161.62109375,189.208984375,176.26953125
331,180,14,0.0028228759765625,325.1953125,141.845703125,334.47265625,163.818359375
332,180,14,0.002590179443359375,218.75,141.11328125,229.00390625,161.62109375
333,180,14,0.002452850341796875,0.0152587890625,132.080078125,7.083892822265625,178.955078125
334,180,14,0.002368927001953125,491.2109375,92.041015625,500.0,169.677734375
335,180,14,0.0021495819091796875,424.560546875,146.97265625,431.884765625,171.38671875
336,180,14,0.0020904541015625,457.03125,159.66796875,466.796875,175.29296875
337,180,14,0.001956939697265625,233.0322265625,126.708984375,247.4365234375,155.517578125
338,180,14,0.0018243789672851562,313.4765625,142.578125,323.2421875,163.57421875
339,180,14,0.0017414093017578125,445.80078125,154.78515625,453.61328125,175.29296875
340,180,14,0.0017070770263671875,216.064453125,146.97265625,224.853515625,160.64453125
341,180,14,0.0017070770263671875,413.0859375,141.11328125,419.921875,169.921875
342,180,14,0.0016613006591796875,397.4609375,145.01953125,405.2734375,168.9453125
343,180,16,0.0015735626220703125,263.18359375,167.48046875,416.50390625,204.58984375
344,180,14,0.0015611648559570312,416.259765625,140.380859375,428.466796875,171.630859375
345,180,14,0.0014667510986328125,466.30859375,137.939453125,478.02734375,157.958984375
346,180,14,0.00142669677734375,255.37109375,140.13671875,264.16015625,160.64453125
347,180,14,0.0012845993041992188,321.77734375,140.13671875,331.54296875,164.0625
348,180,14,0.0012845993041992188,332.51953125,142.08984375,342.28515625,165.52734375
349,180,14,0.001255035400390625,179.0771484375,152.34375,192.5048828125,165.0390625
350,180,14,0.0012302398681640625,445.3125,142.578125,467.7734375,154.296875
351,180,14,0.001178741455078125,217.041015625,148.4375,229.248046875,167.48046875
352,180,5,0.001155853271484375,153.3203125,124.0234375,198.2421875,149.90234375
353,180,14,0.0011425018310546875,0.00762939453125,127.685546875,4.21142578125,156.494140625
354,180,14,0.0010986328125,180.0537109375,162.109375,197.6318359375,178.7109375
355,180,16,0.0010986328125,354.00390625,176.26953125,485.83984375,210.44921875
356,180,14,0.0010318756103515625,0.0,123.4130859375,8.636474609375,164.55078125
357,188,2,0.89501953125,340.224609375,89.00390625,373.720703125,127.763671875
358,188,7,0.8642578125,381.6162109375,61.25,412.2412109375,87.08984375
359,190,15,0.9248046875,56.690185546875,77.75341796875,93.520751953125,112.89892578125
360,194,2,0.888671875,36.205078125,62.86962890625,56.876220703125,90.75732421875
361,194,2,0.87841796875,96.13916015625,36.205078125,114.73095703125,60.66796875
362,194,2,0.87841796875,116.443359375,104.45654296875,138.4599609375,134.30126953125
363,194,2,0.8759765625,208.9130859375,64.33740234375,227.994140625,90.26806640625
364,208,10,0.939453125,284.4111328125,42.7353515625,311.9189453125,69.751953125
365,208,9,0.77734375,9.42510986328125,73.43603515625,33.40234375,94.06689453125
366,208,17,0.7744140625,9.202529907226562,73.681640625,33.2181396484375,93.8212890625
367,208,10,0.6494140625,147.11767578125,100.45263671875,173.3974609375,131.89013671875
368,208,9,0.59619140625,161.6083984375,35.61279296875,188.1337890625,65.08544921875
369,208,10,0.525390625,162.099609375,35.3671875,188.1337890625,64.83984375
370,208,9,0.06439208984375,147.36328125,101.6806640625,173.3974609375,132.1357421875
371,208,17,0.01078033447265625,147.36328125,101.43505859375,173.3974609375,132.1357421875
372,215,14,0.8759765625,399.7705078125,52.6904296875,432.158203125,151.787109375
373,215,14,0.861328125,365.44921875,52.44873046875,402.1875,151.06201171875
374,215,14,0.85107421875,319.5263671875,53.41552734375,353.3642578125,148.64501953125
375,215,17,0.0017747879028320312,488.232421875,124.47509765625,495.0,141.87744140625
376,215,14,0.0016107559204101562,369.31640625,111.181640625,383.818359375,148.88671875
377,215,14,0.0010404586791992188,382.3681640625,107.07275390625,393.9697265625,150.09521484375
378,218,14,0.85693359375,186.6455078125,38.818359375,204.2236328125,73.974609375
379,218,14,0.273681640625,0.0152587890625,1.220703125,9.979248046875,45.166015625
380,218,14,0.248046875,369.140625,54.5654296875,385.7421875,87.5244140625
381,218,14,0.09466552734375,0.03814697265625,0.67138671875,8.4228515625,80.322265625
382,218,14,0.0181884765625,0.0,6.8359375,5.43212890625,68.84765625
383,218,14,0.017578125,227.5390625,39.0625,240.72265625,61.03515625
384,218,14,0.0169830322265625,231.93359375,38.0859375,243.408203125,61.03515625
385,218,14,0.0025615692138671875,228.02734375,39.55078125,236.083984375,60.546875
386,218,14,0.0023059844970703125,0.0,0.732421875,14.4195556640625,52.490234375
387,218,14,0.001941680908203125,267.08984375,46.142578125,275.87890625,67.138671875
388,219,7,0.83984375,90.212890625,48.9658203125,132.54541015625,80.8056640625
389,219,7,0.74755859375,63.07666015625,131.21875,108.18310546875,154.375
390,226,7,0.85888671875,356.015625,105.9912109375,393.33984375,140.4443359375
391,226,7,0.8017578125,399.08203125,179.443359375,439.27734375,208.154296875
392,226,6,0.00605010986328125,358.6474609375,12.44140625,473.9697265625,53.3544921875
393,228,6,0.85791015625,334.9609375,78.7158203125,407.6953125,116.5185546875
394,228,15,0.84912109375,259.1162109375,60.5322265625,277.7783203125,83.5009765625
395,234,10,0.91162109375,381.67578125,204.7431640625,402.7734375,224.8818359375
396,234,9,0.88232421875,412.12353515625,164.70556640625,435.61865234375,181.96728515625
397,234,11,0.880859375,373.044921875,116.99609375,388.8681640625,132.10009765625
398,234,10,0.87890625,258.4462890625,163.02734375,278.5849609375,181.248046875
399,234,9,0.85595703125,354.10498046875,148.40283203125,370.88720703125,165.18505859375
400,234,17,0.486328125,335.64453125,191.796875,352.4267578125,208.099609375
401,234,17,0.414794921875,303.0390625,184.84423828125,319.341796875,200.66748046875
402,234,9,0.32763671875,303.0390625,184.84423828125,319.341796875,200.66748046875
403,234,14,0.0016937255859375,101.1728515625,210.4970703125,127.544921875,248.8564453125
404,237,15,0.85107421875,274.001953125,152.826171875,304.748046875,179.5029296875
405,237,15,0.84814453125,356.7451171875,178.5986328125,399.69921875,213.8662109375
406,237,15,0.82080078125,349.05859375,124.3408203125,379.8046875,148.3046875
407,237,2,0.0010242462158203125,19.9510498046875,173.625,35.832763671875,189.90234375
408,238,2,0.8681640625,255.2490234375,52.0458984375,272.1826171875,65.4931640625
409,238,2,0.841796875,170.70556640625,43.330078125,190.87646484375,57.5244140625
410,238,2,0.81396484375,233.70849609375,68.4814453125,248.40087890625,83.4228515625
411,238,2,0.76220703125,206.06689453125,28.1396484375,218.51806640625,42.0849609375
412,239,7,0.7744140625,110.04345703125,93.74072265625,135.6962890625,114.5986328125
413,239,7,0.75927734375,75.160400390625,182.44677734375,103.450439453125,202.58544921875
414,242,8,0.6806640625,58.0,4.3046875,147.265625,74.0859375
415,242,8,0.137939453125,37.94921875,8.3828125,57.263671875,49.6171875
416,242,8,0.039794921875,430.46875,0.0,457.65625,24.6953125
417,242,8,0.033599853515625,89.265625,8.94921875,147.265625,72.38671875
418,242,8,0.010406494140625,0.04248046875,26.9609375,12.850341796875,55.734375
419,242,8,0.01024627685546875,117.359375,10.6484375,148.625,71.8203125
420,242,8,0.005279541015625,440.890625,0.056640625,461.734375,23.5625
421,242,8,0.00428009033203125,398.296875,0.11328125,429.109375,24.80859375
422,242,8,0.0032596588134765625,391.953125,0.0,413.703125,26.84765625
423,242,8,0.00307464599609375,379.265625,0.90625,463.09375,37.609375
424,242,8,0.0026531219482421875,447.6875,0.0,464.0,25.828125
425,242,8,0.0016107559204101562,0.01416015625,3.455078125,23.77490234375,103.0859375
426,242,8,0.0012063980102539062,96.515625,0.0,119.3984375,15.1796875
427,242,8,0.0011968612670898438,288.4140625,22.203125,311.5234375,41.9140625
428,242,8,0.001129150390625,388.328125,1.302734375,422.765625,32.171875
429,242,8,0.0010862350463867188,0.0,17.671875,9.27490234375,80.203125
430,244,8,0.84912109375,18.6785888671875,147.20947265625,61.768798828125,181.73095703125
431,244,14,0.78125,190.8544921875,144.4970703125,218.96484375,213.5400390625
432,244,14,0.7041015625,242.1435546875,158.3056640625,267.7880859375,197.7587890625
433,244,14,0.6494140625,131.92138671875,161.2646484375,148.19580078125,182.9638671875
434,244,14,0.443603515625,102.33154296875,150.4150390625,115.277099609375,181.9775390625
435,244,14,0.0170440673828125,43.9532470703125,143.5107421875,55.9124755859375,159.2919921875
436,244,14,0.0169830322265625,40.0079345703125,143.5107421875,50.8575439453125,156.3330078125
437,244,14,0.01302337646484375,62.2003173828125,145.4833984375,76.8719482421875,173.1005859375
438,244,14,0.00908660888671875,135.6201171875,157.3193359375,148.935546875,173.1005859375
439,244,14,0.008514404296875,40.1312255859375,144.990234375,53.2000732421875,161.7578125
440,244,14,0.006824493408203125,36.8023681640625,141.5380859375,50.3643798828125,158.3056640625
441,244,14,0.0054473876953125,42.9669189453125,145.72998046875,58.193359375,167.42919921875
442,244,14,0.00455474853515625,132.291259765625,158.55224609375,146.839599609375,174.82666015625
443,244,14,0.0034427642822265625,139.195556640625,155.83984375,150.538330078125,170.634765625
444,244,14,0.003337860107421875,31.685791015625,141.5380859375,53.26171875,161.2646484375
445,244,14,0.0029582977294921875,190.731201171875,158.3056640625,201.827392578125,180.0048828125
446,244,14,0.002368927001953125,103.194580078125,147.4560546875,115.770263671875,165.2099609375
447,244,5,0.001941680908203125,0.0,142.27783203125,14.848861694335938,166.93603515625
448,244,14,0.0018968582153320312,35.4461669921875,144.990234375,51.5972900390625,163.73046875
449,244,14,0.0017547607421875,190.361328125,157.56591796875,203.43017578125,189.62158203125
450,244,5,0.00154876708984375,0.0616455078125,145.23681640625,20.096435546875,170.38818359375
451,244,14,0.00133514404296875,131.42822265625,152.63427734375,149.67529296875,164.47021484375
452,244,14,0.0011606216430664062,188.63525390625,154.3603515625,210.33447265625,208.6083984375
453,244,14,0.0010652542114257812,116.8798828125,156.08642578125,128.22265625,176.30615234375
454,252,7,0.79296875,376.93017578125,167.87646484375,401.29541015625,185.41943359375
455,252,2,0.0036067962646484375,492.177734375,161.05419921875,499.0,182.98291015625
456,252,7,0.00130462646484375,495.1015625,205.1552734375,499.0,230.4951171875
457,258,9,0.90576171875,267.330078125,51.884765625,288.578125,73.626953125
458,258,11,0.90185546875,240.8935546875,134.40625,265.1064453125,155.16015625
459,258,10,0.892578125,325.8857421875,7.1650390625,345.1572265625,30.142578125
460,258,9,0.88623046875,299.2021484375,109.205078125,322.9208984375,128.970703125
461,258,10,0.87841796875,412.3603515625,123.65869140625,434.1025390625,146.265625
462,258,17,0.85986328125,342.93359375,48.79638671875,360.72265625,66.58544921875
463,258,17,0.85205078125,365.6640625,88.6982421875,383.453125,105.9931640625
464,267,15,0.93212890625,393.86279296875,157.01123046875,444.33935546875,206.51708984375
465,268,16,0.86328125,368.37158203125,13.33154296875,447.89306640625,98.46630859375
466,268,16,0.0082855224609375,439.70703125,0.350830078125,479.0,30.288330078125
467,268,8,0.0026531219482421875,369.0732421875,14.73486328125,448.5947265625,100.103515625
468,268,5,0.0011606216430664062,440.642578125,0.6431884765625,479.0,30.17138671875
469,269,6,0.87158203125,376.990234375,180.6513671875,449.544921875,219.3798828125
470,269,15,0.86865234375,299.04296875,165.69921875,317.671875,188.25
471,273,17,0.87744140625,345.0966796875,157.447265625,360.9404296875,173.291015625
472,273,9,0.83984375,274.7900390625,201.017578125,297.5654296875,217.8515625
473,273,11,0.27197265625,175.271484375,185.6689453125,195.5712890625,204.4833984375
474,273,9,0.26123046875,175.271484375,185.6689453125,195.5712890625,203.98828125
475,273,9,0.248046875,252.0146484375,160.9130859375,271.8193359375,173.291015625
476,273,9,0.004772186279296875,292.119140625,88.37841796875,312.9140625,99.76611328125
477,273,11,0.0031719207763671875,292.119140625,88.130859375,313.904296875,100.5087890625
478,276,16,0.845703125,106.630859375,177.28125,125.693359375,207.78125
479,276,16,0.81396484375,68.5654296875,180.6171875,89.8916015625,213.9765625
480,276,16,0.80908203125,15.75634765625,184.4296875,35.71240234375,217.7890625
481,276,16,0.7578125,144.875,174.8984375,161.5546875,202.5390625
482,276,14,0.75634765625,326.4453125,121.76171875,350.2734375,187.05078125
483,276,16,0.437744140625,173.826171875,172.515625,190.505859375,199.203125
484,276,16,0.435791015625,401.02734375,164.890625,431.05078125,176.328125
485,276,16,0.33984375,302.6171875,169.65625,326.4453125,185.859375
486,276,16,0.3310546875,358.375,166.3203125,387.4453125,181.09375
487,276,16,0.304931640625,173.9453125,172.515625,215.40625,197.296875
488,276,16,0.299072265625,246.859375,171.5625,276.8828125,191.578125
489,276,16,0.282958984375,381.48828125,165.3671875,409.12890625,178.7109375
490,276,16,0.2379150390625,368.859375,166.08203125,387.921875,180.37890625
491,276,16,0.2294921875,288.3203125,169.1796875,312.625,186.3359375
492,276,16,0.2281494140625,181.212890625,172.0390625,234.587890625,195.8671875
493,276,16,0.2213134765625,200.87109375,171.32421875,215.64453125,195.62890625
494,276,16,0.2005615234375,201.109375,172.27734375,236.375,195.62890625
495,276,16,0.19189453125,267.828125,170.1328125,296.8984375,190.1484375
496,276,8,0.1705322265625,458.453125,147.01953125,487.046875,164.65234375
497,276,16,0.1666259765625,380.05859375,165.3671875,399.59765625,179.6640625
498,276,16,0.1461181640625,357.421875,166.796875,377.4375,182.046875
499,276,16,0.13525390625,291.41796875,169.65625,324.30078125,186.8125
500,276,16,0.13427734375,381.48828125,165.3671875,429.14453125,178.7109375
501,276,16,0.1285400390625,145.11328125,173.9453125,189.91015625,201.5859375
502,276,16,0.1280517578125,362.6640625,165.84375,401.265625,180.140625
503,276,16,0.118408203125,224.4609375,172.515625,258.296875,192.53125
504,276,16,0.1175537109375,348.3671875,167.2734375,366.4765625,182.5234375
505,276,16,0.0994873046875,355.75390625,167.2734375,367.66796875,182.5234375
506,276,16,0.08819580078125,286.4140625,169.65625,304.5234375,187.765625
507,276,16,0.08660888671875,265.20703125,171.5625,278.55078125,190.625
508,276,16,0.0792236328125,224.341796875,171.5625,274.0234375,194.4375
509,276,16,0.07501220703125,390.78125,164.890625,411.75,177.28125
510,276,16,0.06512451171875,244.23828125,172.0390625,259.01171875,191.1015625
511,276,16,0.06512451171875,199.6796875,172.0390625,258.53515625,196.8203125
512,276,16,0.055816650390625,266.3984375,170.609375,285.4609375,190.1484375
513,276,16,0.05499267578125,189.91015625,172.515625,214.21484375,195.390625
514,276,16,0.053009033203125,411.75,164.4140625,432.71875,175.8515625
515,276,16,0.0472412109375,6.64208984375,151.0703125,43.45654296875,168.2265625
516,276,16,0.0411376953125,224.69921875,172.9921875,241.37890625,191.1015625
517,276,16,0.040374755859375,276.40625,169.65625,313.578125,187.765625
518,276,16,0.04010009765625,284.984375,169.65625,298.328125,188.71875
519,276,16,0.0374755859375,220.88671875,173.46875,236.61328125,193.9609375
520,276,16,0.0333251953125,342.6484375,167.75,370.2890625,184.4296875
521,276,16,0.0244293212890625,395.0703125,165.12890625,423.6640625,177.04296875
522,276,16,0.0207977294921875,342.88671875,167.03515625,357.18359375,184.19140625
523,276,16,0.019500732421875,421.28125,164.890625,432.2421875,175.8515625
524,276,16,0.01512908935546875,374.578125,165.84375,430.8125,186.8125
525,276,16,0.0143890380859375,0.23828125,184.19140625,35.35498046875,222.79296875
526,276,16,0.01214599609375,315.484375,166.796875,366.953125,186.8125
527,276,16,0.00919342041015625,160.720703125,172.515625,192.412109375,199.203125
528,276,8,0.008514404296875,470.3671875,145.3515625,488.0,167.2734375
529,276,15,0.00844573974609375,97.21875,0.357421875,124.740234375,25.376953125
530,276,14,0.00812530517578125,472.75,106.154296875,488.0,150.1171875
531,276,16,0.00763702392578125,0.0,185.859375,17.36474609375,214.453125
532,276,16,0.007205963134765625,267.3515625,170.1328125,323.5859375,193.0078125
533,276,16,0.006877899169921875,310.00390625,169.1796875,343.36328125,187.2890625
534,276,16,0.006565093994140625,457.9765625,150.59375,482.7578125,164.890625
535,276,8,0.00426483154296875,477.0390625,145.3515625,488.0,171.0859375
536,276,16,0.0041656494140625,299.7578125,169.89453125,317.8671875,188.00390625
537,276,16,0.00391387939453125,325.015625,134.8671875,361.234375,186.3359375
538,276,16,0.0038547515869140625,425.09375,165.3671875,435.578125,175.8515625
539,276,16,0.0035648345947265625,0.0595703125,147.734375,43.81396484375,178.234375
540,276,16,0.0034427642822265625,209.6875,172.0390625,272.83203125,204.4453125
541,276,14,0.003040313720703125,484.1875,138.203125,488.0,160.125
542,276,16,0.0029582977294921875,395.0703125,165.84375,432.2421875,185.859375
543,276,8,0.0029468536376953125,482.28125,144.3984375,488.0,171.0859375
544,276,14,0.0029239654541015625,458.21484375,150.1171875,480.61328125,164.4140625
545,276,16,0.002811431884765625,144.63671875,173.46875,171.32421875,202.0625
546,276,14,0.002758026123046875,480.375,137.7265625,488.0,156.7890625
547,276,16,0.0023784637451171875,0.044677734375,183.953125,17.60302734375,232.5625
548,276,14,0.002216339111328125,483.234375,144.3984375,488.0,172.0390625
549,276,16,0.0020751953125,0.14892578125,164.890625,34.431640625,216.359375
550,276,8,0.0020503997802734375,0.02978515625,106.98828125,25.004638671875,140.34765625
551,276,16,0.001987457275390625,0.014892578125,176.8046875,22.9345703125,215.8828125
552,276,16,0.001979827880859375,130.1015625,176.08984375,161.078125,204.20703125
553,276,16,0.0018463134765625,373.1484375,163.9375,417.9453125,179.1875
554,276,16,0.0017271041870117188,410.796875,158.6953125,434.625,173.9453125
555,276,8,0.0015611648559570312,458.9296875,117.94921875,488.0,160.83984375
556,276,16,0.0013456344604492188,356.46875,168.46484375,419.375,197.05859375
557,276,16,0.00131988525390625,106.630859375,174.8984375,158.576171875,205.875
558,276,8,0.0012998580932617188,0.0,106.98828125,16.53076171875,145.58984375
559,276,16,0.00127410888671875,20.119873046875,188.00390625,41.4609375,217.07421875
560,276,14,0.0012350082397460938,480.375,123.19140625,488.0,151.78515625
561,276,16,0.0012350082397460938,0.014892578125,186.3359375,10.201416015625,213.9765625
562,276,16,0.0012063980102539062,301.6640625,170.1328125,355.9921875,193.0078125
563,276,14,0.001056671142578125,11.05029296875,105.3203125,29.33837890625,139.15625
564,293,2,0.8642578125,65.44384765625,185.158203125,84.59814453125,197.015625
565,293,2,0.85595703125,142.97314453125,176.94921875,160.30322265625,190.630859375
566,293,2,0.85302734375,103.5244140625,161.443359375,120.8544921875,174.212890625
567,293,2,0.8310546875,25.724334716796875,164.6357421875,43.7242431640625,177.4052734375
568,296,17,0.62451171875,142.21875,141.73828125,161.4375,161.91796875
569,296,2,0.60205078125,73.1513671875,178.25390625,95.9736328125,202.27734375
570,296,2,0.56787109375,192.427734375,116.033203125,217.892578125,136.212890625
571,296,17,0.52734375,73.271484375,177.7734375,95.1328125,201.796875
572,296,2,0.39794921875,142.21875,141.978515625,161.91796875,162.158203125
573,296,9,0.038604736328125,193.7490234375,116.2734375,217.5322265625,135.97265625
574,296,10,0.0018749237060546875,73.8720703125,177.7734375,94.892578125,198.9140625
575,305,15,0.91650390625,225.5478515625,195.2138671875,260.7744140625,229.4619140625
576,336,0,0.880859375,304.7666015625,37.6728515625,346.2744140625,77.8271484375
577,336,1,0.85009765625,89.783203125,77.6015625,131.7421875,117.755859375
578,336,0,0.7490234375,232.8046875,136.705078125,284.23828125,184.98046875
579,336,12,0.67236328125,233.255859375,137.15625,284.23828125,185.431640625
580,336,1,0.0029811859130859375,232.1279296875,136.705078125,284.4638671875,186.333984375
581,342,15,0.83984375,403.798828125,60.2314453125,444.404296875,91.3623046875
582,342,15,0.8310546875,303.638671875,21.205078125,332.0625,48.7265625
583,342,15,0.8056640625,292.359375,95.4228515625,324.84375,123.8466796875
584,344,2,0.88818359375,403.4091796875,106.2626953125,429.6708984375,140.0625
585,344,2,0.0025119781494140625,487.30078125,87.052734375,498.0,119.3935546875
586,344,14,0.001926422119140625,365.4755859375,0.486328125,382.0107421875,20.6689453125
587,347,15,0.80322265625,322.98828125,166.66015625,349.04296875,193.61328125
588,350,2,0.85595703125,45.99609375,61.875,65.9765625,80.625
589,350,17,0.75634765625,145.3125,40.78125,161.25,58.59375
590,350,17,0.70751953125,100.6640625,50.2734375,117.0703125,67.6171875
591,350,2,0.0103302001953125,100.3125,50.2734375,117.3046875,67.8515625
592,350,2,0.004756927490234375,145.078125,40.78125,161.015625,58.59375
593,352,2,0.8447265625,65.560546875,159.498046875,86.476318359375,190.3212890625
594,352,6,0.0037078857421875,19.7537841796875,93.69287109375,46.2960205078125,117.17724609375
595,353,9,0.89111328125,374.04541015625,197.3369140625,395.91650390625,213.2431640625
596,353,17,0.83203125,444.8779296875,152.6005859375,460.7841796875,168.5068359375
597,353,10,0.515625,273.388671875,181.4306640625,293.271484375,200.3193359375
598,353,9,0.474609375,349.4404296875,156.82568359375,369.3232421875,170.24658203125
599,353,6,0.001789093017578125,500.052734375,80.0283203125,509.0,103.8876953125
600,356,10,0.8232421875,201.673828125,127.96875,224.314453125,149.625
601,356,10,0.8115234375,130.4296875,180.87890625,153.80859375,203.51953125
602,368,2,0.900390625,49.4498291015625,59.9091796875,74.8245849609375,91.1015625
603,368,2,0.89111328125,184.43115234375,103.974609375,209.68212890625,137.642578125
604,368,2,0.880859375,251.0244140625,59.042724609375,273.3046875,90.235107421875
605,368,2,0.8759765625,167.10205078125,12.006591796875,188.39208984375,40.723388671875
606,371,2,0.88427734375,428.6669921875,139.34765625,448.4326171875,165.04296875
607,371,2,0.880859375,337.9921875,178.87890625,359.734375,208.52734375
608,371,2,0.86083984375,260.412109375,136.6298828125,279.189453125,163.8076171875
609,371,2,0.85595703125,317.732421875,110.4404296875,334.533203125,134.6533203125
610,379,15,0.85400390625,166.42236328125,80.46533203125,195.07470703125,107.68505859375
611,379,15,0.83740234375,245.9326171875,107.68505859375,271.2421875,133.94970703125
612,379,15,0.796875,240.321533203125,67.810546875,262.1689453125,88.822265625
613,379,5,0.0167236328125,459.8701171875,56.946533203125,489.0,69.840087890625
614,379,5,0.01519012451171875,461.7802734375,59.334228515625,489.0,73.182861328125
615,379,5,0.0101318359375,469.8984375,60.40869140625,489.0,73.77978515625
616,379,5,0.00916290283203125,467.033203125,71.1533203125,489.0,85.001953125
617,379,5,0.0062408447265625,464.6455078125,63.27392578125,489.0,76.64501953125
618,379,5,0.00313568115234375,465.6005859375,75.451171875,489.0,88.58349609375
619,379,5,0.0023136138916015625,455.0947265625,69.2431640625,489.0,80.7041015625
620,379,5,0.0019121170043945312,471.3310546875,148.037109375,489.0,162.36328125
621,379,5,0.0016231536865234375,466.078125,80.2265625,489.0,95.5078125
622,379,5,0.0015916824340820312,467.5107421875,50.38037109375,489.0,65.18408203125
623,379,5,0.0015363693237304688,449.12548828125,61.84130859375,485.89599609375,76.8837890625
624,379,5,0.0011072158813476562,477.5390625,145.88818359375,489.0,160.69189453125
625,405,7,0.83642578125,184.5,169.0,216.0,195.0
626,405,7,0.79443359375,38.6875,190.0,70.0625,210.0
627,405,17,0.0352783203125,170.625,176.0,189.625,196.5
628,405,2,0.00284576416015625,0.0,71.25,4.640625,105.75
629,405,17,0.0017824172973632812,39.5,190.0,69.9375,209.0
630,406,3,0.87646484375,310.80859375,57.84765625,367.67578125,102.94921875
631,406,3,0.85986328125,136.775390625,71.083984375,209.330078125,120.59765625
632,406,12,0.85693359375,247.8134765625,72.5546875,282.1298828125,103.1943359375
633,406,0,0.85498046875,229.919921875,4.1669921875,263.0107421875,38.4833984375
634,406,0,0.83544921875,87.5068359375,134.814453125,127.33837890625,172.072265625
635,406,3,0.76904296875,195.8486328125,156.384765625,289.728515625,198.544921875
636,406,13,0.763671875,117.28857421875,39.708984375,151.85009765625,71.083984375
637,406,3,0.0029125213623046875,489.25390625,135.794921875,502.0,197.07421875
638,406,3,0.0024623870849609375,486.5576171875,156.384765625,501.7548828125,194.623046875
639,406,0,0.00154876708984375,0.0,135.0595703125,9.8966064453125,171.8271484375
640,406,3,0.0011157989501953125,0.0,40.81201171875,8.617401123046875,105.76806640625
641,409,11,0.90576171875,409.001953125,127.904296875,430.88671875,143.466796875
642,409,10,0.900390625,321.462890625,202.3125,341.888671875,223.7109375
643,409,9,0.8916015625,385.171875,176.05078125,406.5703125,198.421875
644,409,9,0.880859375,355.01953125,139.8193359375,377.390625,155.8681640625
645,409,10,0.8798828125,260.671875,112.0986328125,280.125,130.3359375
646,409,17,0.85107421875,295.6875,149.7890625,313.1953125,166.32421875
647,409,17,0.85107421875,312.22265625,171.673828125,329.73046875,189.181640625
648,411,2,0.884765625,220.1171875,176.09375,256.005859375,218.203125
649,411,7,0.82080078125,211.7431640625,137.8125,241.4111328125,159.82421875
650,411,14,0.00844573974609375,311.9921875,62.08740234375,325.390625,89.60205078125
651,411,17,0.00359344482421875,278.974609375,145.2294921875,292.373046875,163.4130859375
652,412,15,0.93115234375,67.38427734375,199.623046875,103.03125,234.580078125
653,413,15,0.03594970703125,276.275390625,157.447265625,339.1552734375,202.998046875
654,413,14,0.006488800048828125,219.08935546875,1.2996826171875,324.54931640625,84.41748046875
655,413,2,0.004791259765625,0.0618896484375,55.453125,15.480148315429688,94.5673828125
656,413,2,0.0021648406982421875,0.015472412109375,55.20556640625,8.308685302734375,93.08203125
657,413,14,0.0017957687377929688,273.3046875,0.371337890625,310.93359375,41.218505859375
658,413,14,0.0015010833740234375,227.2587890625,1.4853515625,359.455078125,131.45361328125
659,413,2,0.0011968612670898438,0.01160430908203125,55.70068359375,4.498603820800781,96.79541015625
660,422,2,0.85693359375,39.9609375,133.4453125,53.16015625,151.3671875
661,422,2,0.8388671875,98.93359375,128.84375,111.04296875,145.3125
662,422,2,0.83642578125,84.5234375,157.1796875,97.6015625,175.5859375
663,422,2,0.8232421875,136.8359375,141.921875,148.4609375,159.359375
664,424,15,0.85595703125,140.56396484375,102.6416015625,167.60009765625,128.9599609375
665,424,6,0.83349609375,104.974365234375,56.46484375,161.0205078125,79.43359375
666,424,15,0.82421875,106.708984375,20.09765625,126.68701171875,38.759765625
667,424,2,0.115966796875,191.884765625,67.7099609375,209.58984375,85.4150390625
668,424,15,0.053009033203125,192.1240234375,67.7099609375,209.8291015625,85.4150390625
669,424,17,0.003147125244140625,191.884765625,67.7099609375,209.111328125,85.17578125
670,429,2,0.85498046875,185.291015625,31.75,219.521484375,62.01171875
671,429,2,0.0038242340087890625,502.046875,58.787109375,508.0,87.3125
672,429,2,0.0010404586791992188,219.025390625,6.9453125,238.869140625,34.7265625
673,432,10,0.89501953125,411.98828125,84.423828125,441.8984375,109.02734375
674,432,9,0.85986328125,283.181640625,21.708984375,314.056640625,43.41796875
675,432,17,0.84375,158.4755859375,63.4384765625,180.1845703125,84.6650390625
676,432,9,0.56591796875,276.6689453125,125.4296875,305.6142578125,149.068359375
677,432,10,0.53515625,276.427734375,125.912109375,306.337890625,149.068359375
678,432,11,0.0017824172973632812,275.9453125,125.4296875,305.373046875,149.55078125
679,441,5,0.85107421875,109.14794921875,22.4326171875,136.16357421875,46.3125
680,441,14,0.79296875,417.294921875,46.794921875,427.908203125,72.6044921875
681,441,14,0.7734375,430.802734375,49.20703125,443.345703125,75.2578125
682,441,5,0.71875,175.3603515625,2.29150390625,193.6923828125,16.04052734375
683,441,8,0.57373046875,375.806640625,46.794921875,390.279296875,64.8857421875
684,441,14,0.56201171875,469.87890625,56.80517578125,483.38671875,88.40380859375
685,441,14,0.5078125,391.4853515625,43.900390625,400.1689453125,64.162109375
686,441,14,0.447509765625,384.97265625,42.935546875,392.69140625,64.162109375
687,441,14,0.1422119140625,380.630859375,44.865234375,391.244140625,64.64453125
688,441,14,0.1268310546875,386.419921875,42.81494140625,398.962890625,63.31787109375
689,441,5,0.110107421875,0.04522705078125,0.482421875,13.123382568359375,12.060546875
690,441,14,0.10015869140625,379.666015625,45.46826171875,387.384765625,60.90576171875
691,441,14,0.09637451171875,377.9775390625,46.19189453125,389.0732421875,64.04150390625
692,441,14,0.0245208740234375,486.763671875,51.619140625,494.0,73.328125
693,441,14,0.0218658447265625,445.9990234375,42.2119140625,453.7177734375,56.92578125
694,441,5,0.0185394287109375,0.0,13.990234375,4.82421875,28.9453125
695,441,14,0.0094146728515625,382.3193359375,43.1767578125,391.4853515625,53.3076171875
696,441,5,0.007205963134765625,486.763671875,50.654296875,494.0,71.3984375
697,441,5,0.005260467529296875,168.365234375,4.1005859375,185.9736328125,16.6435546875
698,441,14,0.004520416259765625,480.009765625,48.9658203125,487.728515625,61.75
699,441,8,0.00395965576171875,385.9375,47.759765625,396.55078125,64.8857421875
700,441,8,0.0032100677490234375,0.0,15.4375,4.319183349609375,30.6337890625
701,441,5,0.0026531219482421875,18.5430908203125,0.7236328125,31.8096923828125,6.0302734375
702,441,5,0.00208282470703125,333.5947265625,35.69921875,341.3134765625,41.970703125
703,441,5,0.0017480850219726562,332.388671875,26.05078125,344.931640625,37.146484375
704,441,1,0.0015125274658203125,175.6015625,2.1708984375,193.451171875,16.1611328125
705,441,14,0.001155853271484375,469.396484375,47.27734375,488.2109375,71.880859375
706,441,14,0.0011205673217773438,490.140625,53.7900390625,494.0,74.5341796875
707,441,5,0.0010986328125,0.01507568359375,10.8544921875,3.972442626953125,25.3271484375
708,441,5,0.0010900497436523438,0.0,14.59326171875,5.5177001953125,44.02099609375
709,441,14,0.0010480880737304688,470.84375,51.13671875,487.24609375,84.90625
710,454,5,0.8173828125,0.27081298828125,53.19970703125,34.0020751953125,69.8095703125
711,454,5,0.80078125,96.650146484375,82.688232421875,118.796630859375,102.186767578125
712,454,14,0.61669921875,248.9072265625,112.1767578125,262.3876953125,133.3603515625
713,454,5,0.057708740234375,160.56201171875,58.615966796875,172.11669921875,69.207763671875
714,454,14,0.046905517578125,215.44677734375,78.4755859375,222.66845703125,92.4375
715,454,14,0.0230712890625,473.7421875,124.212890625,487.22265625,136.73046875
716,454,5,0.0177764892578125,103.149658203125,45.376220703125,113.741455078125,57.653076171875
717,454,5,0.009674072265625,0.0,49.5888671875,4.946098327636719,60.1806640625
718,454,14,0.00955963134765625,216.289306640625,77.75341796875,223.270263671875,88.82666015625
719,454,5,0.009521484375,0.1429290771484375,52.597900390625,5.9353179931640625,63.671142578125
720,454,14,0.00930023193359375,214.844970703125,77.5126953125,227.603271484375,92.4375
721,454,8,0.0092315673828125,248.18505859375,118.19482421875,262.14697265625,137.93408203125
722,454,5,0.006511688232421875,51.99609375,65.23583984375,64.75439453125,73.90185546875
723,454,5,0.0029697418212890625,54.64404296875,54.64404296875,72.096435546875,63.55078125
724,454,5,0.0029582977294921875,0.4212646484375,53.19970703125,13.322494506835938,67.16162109375
725,454,5,0.0027790069580078125,438.115234375,68.12451171875,466.0390625,84.97509765625
726,454,5,0.002620697021484375,65.1756591796875,55.3662109375,72.6380615234375,63.55078125
727,454,5,0.002269744873046875,54.5838623046875,56.810546875,63.2498779296875,63.55078125
728,454,5,0.0021820068359375,102.1265869140625,49.107421875,113.0794677734375,59.2177734375
729,454,14,0.0016870498657226562,459.298828125,125.6572265625,466.0390625,137.693359375
730,454,5,0.0016870498657226562,451.35498046875,111.93603515625,487.94482421875,134.56396484375
731,454,14,0.001628875732421875,210.3916015625,71.614990234375,220.0205078125,83.651123046875
732,454,5,0.0013828277587890625,0.020687103271484375,79.919921875,3.176410675048828,98.21484375
733,454,5,0.0013780593872070312,460.7431640625,117.71337890625,486.7412109375,136.73046875
734,454,5,0.0012941360473632812,285.015625,21.18359375,318.2353515625,36.1083984375
735,454,5,0.00127410888671875,98.094482421875,66.68017578125,163.811767578125,103.75146484375
736,454,5,0.0012445449829101562,0.0,78.95703125,5.028846740722656,106.15869140625
737,456,5,0.167724609375,188.9384765625,2.1884765625,203.5283203125,14.8330078125
738,456,5,0.1436767578125,234.1669921875,14.58984375,249.486328125,28.20703125
739,456,8,0.1412353515625,97.5087890625,0.85107421875,111.6123046875,22.49267578125
740,456,14,0.0472412109375,178.2392578125,0.97265625,186.5068359375,18.966796875
741,456,8,0.0285491943359375,204.62255859375,4.1337890625,214.10595703125,18.48046875
742,456,5,0.0243377685546875,164.865234375,0.97265625,185.291015625,15.076171875
743,456,5,0.0235137939453125,203.771484375,4.1337890625,212.2822265625,17.2646484375
744,456,8,0.0226287841796875,235.6259765625,15.3193359375,249.7294921875,28.4501953125
745,456,5,0.019561767578125,205.23046875,4.6201171875,218.84765625,17.2646484375
746,456,8,0.0189056396484375,259.69921875,15.076171875,267.48046875,26.748046875
747,456,5,0.018402099609375,214.7138671875,13.3740234375,226.3857421875,24.0732421875
748,456,8,0.017181396484375,189.181640625,6.80859375,201.33984375,22.37109375
749,456,14,0.0160980224609375,314.16796875,45.71484375,329.73046875,62.0068359375
750,456,8,0.0147857666015625,151.9775390625,0.7294921875,160.7314453125,12.8876953125
751,456,8,0.0121917724609375,191.61328125,5.5927734375,202.5556640625,20.1826171875
752,456,8,0.00908660888671875,314.16796875,45.9580078125,329.244140625,61.27734375
753,456,8,0.00803375244140625,163.892578125,0.97265625,180.6708984375,11.185546875
754,456,17,0.007724761962890625,141.7646484375,9.9697265625,156.59765625,26.9912109375
755,456,8,0.00763702392578125,300.064453125,14.3466796875,311.736328125,27.4775390625
756,456,5,0.007488250732421875,187.72265625,4.376953125,202.798828125,17.994140625
757,456,8,0.00701141357421875,294.228515625,14.103515625,303.955078125,27.234375
758,456,8,0.006984710693359375,291.310546875,14.103515625,300.064453125,26.5048828125
759,456,14,0.0059356689453125,260.185546875,14.8330078125,266.994140625,26.0185546875
760,456,8,0.00591278076171875,260.4287109375,13.8603515625,272.5869140625,26.9912109375
761,456,5,0.005619049072265625,201.826171875,0.97265625,212.0390625,13.8603515625
762,456,14,0.00555419921875,163.40625,1.7021484375,178.482421875,16.2919921875
763,456,14,0.005321502685546875,235.869140625,15.19775390625,249.2431640625,28.32861328125
764,456,8,0.00473785400390625,162.06884765625,0.85107421875,173.01123046875,14.46826171875
765,456,8,0.00455474853515625,163.6494140625,0.97265625,184.318359375,15.076171875
766,456,8,0.004505157470703125,348.2109375,25.0458984375,371.5546875,46.201171875
767,456,14,0.00345611572265625,262.130859375,14.103515625,272.830078125,26.748046875
768,456,14,0.0034160614013671875,366.205078125,0.0,385.658203125,33.43505859375
769,456,8,0.0032978057861328125,214.7138671875,13.8603515625,226.142578125,24.0732421875
770,456,5,0.0032978057861328125,221.765625,13.6171875,234.41015625,24.802734375
771,456,14,0.0029582977294921875,226.142578125,4.74169921875,234.896484375,20.30419921875
772,456,8,0.00279998779296875,134.2265625,9.84814453125,156.59765625,30.51708984375
773,456,8,0.0027675628662109375,161.82568359375,12.64453125,178.11767578125,30.3955078125
774,456,5,0.0023326873779296875,213.984375,8.63232421875,224.68359375,22.97900390625
775,456,8,0.0022335052490234375,154.8955078125,0.486328125,168.9990234375,13.130859375
776,456,8,0.0022258758544921875,168.39111328125,0.7294921875,186.87158203125,19.2099609375
777,456,14,0.0021991729736328125,218.1181640625,1.7021484375,234.6533203125,22.6142578125
778,456,14,0.00208282470703125,167.41845703125,4.376953125,179.09033203125,20.912109375
779,456,16,0.0020351409912109375,348.2109375,26.5048828125,371.068359375,45.4716796875
780,456,8,0.0018749237060546875,202.5556640625,4.6201171875,210.8232421875,18.2373046875
781,456,5,0.0017547607421875,185.5341796875,1.09423828125,201.0966796875,13.49560546875
782,456,8,0.0016489028930664062,288.87890625,45.4716796875,331.67578125,70.7607421875
783,456,14,0.0015125274658203125,0.01519775390625,0.0,15.7752685546875,127.41796875
784,456,5,0.0011692047119140625,166.0810546875,0.60791015625,183.1025390625,6.20068359375
785,456,8,0.0010318756103515625,201.94775390625,2.1884765625,213.86279296875,13.3740234375
786,456,8,0.0010280609130859375,0.12158203125,4.86328125,30.19793701171875,160.48828125
787,458,15,0.88623046875,88.06640625,47.335693359375,115.46484375,76.691162109375
788,468,9,0.90185546875,397.0869140625,128.390625,418.9716796875,150.76171875
789,468,9,0.9013671875,365.71875,93.1318359375,388.576171875,109.1806640625
790,468,10,0.89404296875,333.62109375,156.111328125,354.046875,177.509765625
791,468,17,0.87646484375,306.873046875,104.560546875,323.89453125,120.609375
792,468,10,0.87158203125,270.6416015625,67.11328125,290.0947265625,85.59375
793,468,11,0.861328125,420.673828125,79.63623046875,443.044921875,95.44189453125
794,468,17,0.83447265625,323.89453125,125.7158203125,341.40234375,143.2236328125
795,477,15,0.90966796875,47.34619140625,0.0,125.294189453125,49.4248046875
796,477,15,0.0015010833740234375,189.61572265625,0.0,287.07958984375,84.29931640625
797,479,15,0.88720703125,123.145751953125,193.359375,150.941162109375,220.4296875
798,479,6,0.845703125,85.5615234375,149.3701171875,145.01953125,171.6064453125
799,479,15,0.8310546875,87.615966796875,112.6318359375,107.193603515625,131.9677734375
800,479,2,0.8310546875,174.0234375,156.62109375,191.18408203125,174.0234375
801,479,17,0.0162200927734375,173.78173828125,156.1376953125,191.18408203125,174.0234375
802,481,2,0.8857421875,53.80322265625,132.36328125,74.39306640625,159.81640625
803,481,2,0.87158203125,131.1376953125,175.7490234375,153.1982421875,206.1435546875
804,481,2,0.8671875,223.7919921875,138.736328125,242.4208984375,164.228515625
805,481,2,0.85400390625,113.36669921875,107.8515625,132.24072265625,132.1181640625
806,497,2,0.8916015625,248.42578125,69.328125,281.6455078125,108.3251953125
807,497,7,0.87841796875,290.3115234375,43.08935546875,320.1611328125,69.08740234375
808,497,17,0.01467132568359375,332.197265625,73.6611328125,347.603515625,91.9560546875
809,505,7,0.79296875,262.646484375,54.439453125,287.9560546875,74.73486328125
810,505,7,0.78271484375,227.30859375,140.396484375,255.005859375,161.408203125
811,509,2,0.88720703125,81.134765625,81.25390625,114.732421875,120.33203125
812,509,7,0.87158203125,125.8125,57.90234375,155.59765625,83.63671875
813,511,10,0.8857421875,418.8046875,149.46826171875,449.138671875,173.93115234375
814,511,17,0.884765625,164.757568359375,127.20703125,186.529541015625,148.734375
815,511,9,0.83447265625,289.88525390625,86.35400390625,320.21923828125,105.92431640625
816,511,9,0.484375,282.791015625,191.2998046875,312.146484375,213.8056640625
817,511,11,0.303955078125,282.791015625,191.2998046875,311.6572265625,213.8056640625
818,511,11,0.0070953369140625,495.6181640625,65.0712890625,501.0,83.173828125
819,511,10,0.00653839111328125,282.791015625,191.05517578125,311.6572265625,213.56103515625
820,512,17,0.91943359375,378.259765625,107.7890625,397.22265625,126.50244140625
821,512,9,0.8974609375,312.8876953125,54.64306640625,333.8466796875,75.60205078125
822,512,10,0.888671875,289.9326171875,135.98388671875,313.8857421875,157.94091796875
823,512,10,0.87841796875,424.91845703125,87.703369140625,448.87158203125,108.412841796875
824,512,17,0.87158203125,341.8310546875,124.50634765625,360.7939453125,144.96630859375
825,512,11,0.85791015625,273.9638671875,11.9765625,294.9228515625,30.939453125
826,512,10,0.845703125,374.01806640625,31.9375,397.47216796875,52.896484375
827,513,5,0.9072265625,154.22900390625,30.94482421875,292.36669921875,122.7890625
828,513,5,0.86083984375,74.7626953125,32.92529296875,105.70751953125,56.9384765625
829,513,5,0.85986328125,118.08544921875,35.029541015625,161.408203125,68.202392578125
830,513,5,0.7890625,409.95703125,53.22509765625,463.4296875,87.88330078125
831,513,5,0.09075927734375,467.14306640625,50.0068359375,490.41357421875,67.3359375
832,513,5,0.0282135009765625,422.3349609375,54.9580078125,461.9443359375,81.6943359375
833,513,5,0.0137939453125,70.8636474609375,33.66796875,85.2220458984375,47.53125
834,513,5,0.0121002197265625,475.3125,51.4921875,507.0,95.0625
835,513,5,0.0115966796875,69.0069580078125,30.94482421875,86.3360595703125,45.30322265625
836,513,5,0.005512237548828125,465.41015625,52.72998046875,500.068359375,83.42724609375
837,513,5,0.004810333251953125,74.143798828125,32.92529296875,88.749755859375,45.30322265625
838,513,5,0.0025119781494140625,156.45703125,29.830810546875,180.22265625,49.140380859375
839,513,5,0.0020503997802734375,162.274658203125,34.1630859375,178.365966796875,51.9873046875
840,513,5,0.001987457275390625,485.7099609375,60.65185546875,507.0,94.31982421875
841,513,5,0.0011968612670898438,379.50732421875,45.30322265625,413.17529296875,71.04931640625
842,513,5,0.0010728836059570312,497.09765625,67.58349609375,507.0,97.29052734375
843,513,14,0.0010652542114257812,0.0,70.8017578125,6.920036315917969,140.86083984375
844,517,8,0.841796875,2.1319580078125,132.546875,70.2327880859375,187.125
845,517,14,0.83740234375,261.92626953125,82.841796875,292.13916015625,162.759765625
846,517,8,0.830078125,130.1103515625,146.6787109375,232.931640625,201.744140625
847,517,14,0.77978515625,401.0517578125,65.177001953125,421.5185546875,116.100341796875
848,517,14,0.76904296875,429.802734375,59.9384765625,452.21875,120.3642578125
849,517,14,0.72802734375,62.740478515625,111.10546875,87.836669921875,168.1201171875
850,517,14,0.6875,222.332763671875,74.923095703125,249.134521484375,126.090087890625
851,517,14,0.60009765625,329.41796875,79.67431640625,354.7578125,155.4501953125
852,517,14,0.556640625,127.91748046875,104.03955078125,152.28271484375,135.470703125
853,517,14,0.2322998046875,130.59765625,103.674072265625,151.5517578125,125.115478515625
854,517,14,0.21337890625,7.58367919921875,110.6181640625,38.8016357421875,145.216796875
855,517,8,0.093017578125,0.0380706787109375,124.01904296875,11.345062255859375,202.47509765625
856,517,14,0.07977294921875,8.19281005859375,109.6435546875,37.91839599609375,181.27734375
857,517,8,0.042572021484375,486.330078125,87.95849609375,499.0,138.15087890625
858,517,14,0.0221099853515625,0.0,122.06982421875,12.266372680664062,199.55126953125
859,517,14,0.0162811279296875,491.6904296875,76.01953125,499.0,120.3642578125
860,517,14,0.0153656005859375,487.3046875,47.2685546875,499.0,146.19140625
861,517,8,0.01358795166015625,485.35546875,57.9892578125,499.0,137.9072265625
862,517,8,0.012969970703125,0.015228271484375,141.8056640625,8.261337280273438,203.2060546875
863,517,14,0.0121002197265625,0.00380706787109375,122.06982421875,4.983451843261719,204.91162109375
864,517,8,0.01129150390625,0.015228271484375,125.2373046875,25.91851806640625,197.3583984375
865,517,8,0.01094818115234375,479.0205078125,68.95361328125,499.0,140.34375
866,517,8,0.0100555419921875,0.0076141357421875,126.45556640625,4.800712585449219,202.96240234375
867,517,8,0.00847625732421875,0.0,140.34375,16.90338134765625,201.744140625
868,517,8,0.00806427001953125,126.2119140625,156.18115234375,190.048828125,204.42431640625
869,517,14,0.007259368896484375,0.0,155.69384765625,10.705474853515625,205.88623046875
870,517,14,0.00653839111328125,0.0,103.30859375,13.4617919921875,151.5517578125
871,517,14,0.006191253662109375,323.0830078125,74.31396484375,340.138671875,104.52685546875
872,517,14,0.006145477294921875,430.77734375,57.25830078125,466.837890625,119.63330078125
873,517,8,0.006122589111328125,0.015228271484375,130.59765625,10.6597900390625,177.37890625
874,517,8,0.004756927490234375,485.35546875,85.765625,499.0,169.0947265625
875,517,14,0.004573822021484375,64.32421875,112.080078125,87.2275390625,141.318359375
876,517,14,0.0043487548828125,324.30126953125,76.5068359375,344.76806640625,148.6279296875
877,517,14,0.004085540771484375,122.55712890625,108.059814453125,151.5517578125,156.912109375
878,517,8,0.003650665283203125,1.73602294921875,108.91259765625,36.51739501953125,187.36865234375
879,517,14,0.0036220550537109375,21.1368408203125,112.81103515625,39.349853515625,145.46044921875
880,517,14,0.0033245086669921875,0.0,106.597900390625,7.115409851074219,155.4501953125
881,517,8,0.0032482147216796875,322.1083984375,73.095703125,358.65625,155.9375
882,517,14,0.0030269622802734375,0.0076141357421875,108.303466796875,11.124252319335938,177.37890625
883,517,8,0.002758026123046875,490.228515625,93.5625,499.0,136.9326171875
884,517,14,0.00269317626953125,491.203125,87.95849609375,499.0,137.66357421875
885,517,8,0.0023593902587890625,492.177734375,110.130859375,499.0,145.216796875
886,517,14,0.00229644775390625,324.30126953125,82.11083984375,342.81884765625,127.673828125
887,517,14,0.0022792816162109375,489.7412109375,64.08056640625,499.0,111.5927734375
888,517,8,0.0020999908447265625,0.0,117.68408203125,11.131866455078125,165.43994140625
889,517,8,0.0018529891967773438,52.38525390625,111.83642578125,86.131103515625,169.33837890625
890,517,14,0.0018310546875,493.15234375,62.253173828125,499.0,114.394775390625
891,517,14,0.0018100738525390625,479.9951171875,49.705078125,499.0,142.7802734375
892,517,14,0.001628875732421875,480.482421875,91.36962890625,499.0,136.68896484375
893,517,14,0.0015249252319335938,0.0380706787109375,130.84130859375,9.053207397460938,246.33251953125
894,517,14,0.00147247314453125,133.521484375,103.7958984375,158.861328125,128.6484375
895,517,8,0.0014162063598632812,474.634765625,93.0751953125,499.0,155.9375
896,517,14,0.0013990402221679688,0.685272216796875,107.20703125,27.091094970703125,140.8310546875
897,517,14,0.0013561248779296875,323.0830078125,77.4814453125,351.3466796875,129.1357421875
898,517,8,0.00131988525390625,489.7412109375,111.10546875,499.0,136.68896484375
899,517,8,0.0012445449829101562,95.0244140625,118.65869140625,121.58251953125,154.71923828125
900,517,14,0.001155853271484375,319.1845703125,71.39013671875,344.5244140625,126.45556640625
901,517,8,0.0011510848999023438,126.94287109375,176.64794921875,185.41943359375,205.39892578125
902,517,14,0.001094818115234375,323.5703125,91.491455078125,338.189453125,127.064697265625
903,525,5,0.17724609375,276.5,92.75,289.5,102.25
904,525,14,0.0809326171875,477.5,83.0,490.5,98.0
905,525,5,0.06683349609375,265.5,75.125,277.0,83.875
906,525,5,0.0634765625,399.0,85.0,458.0,132.25
907,525,8,0.03704833984375,197.0,225.0,226.0,255.0
908,525,5,0.0323486328125,276.5,246.0,287.5,256.0
909,525,5,0.025177001953125,508.0,98.625,512.0,112.625
910,525,8,0.017852783203125,508.0,97.75,512.0,112.75
911,525,14,0.0121002197265625,196.25,215.0,226.75,251.0
912,525,5,0.0119171142578125,453.25,104.25,475.75,123.75
913,525,5,0.01177978515625,264.25,129.75,275.25,140.25
914,525,8,0.010650634765625,505.0,98.25,512.0,112.25
915,525,5,0.0087127685546875,400.0,88.0,492.0,129.0
916,525,14,0.00864410400390625,507.0,89.75,512.0,112.25
917,525,5,0.00763702392578125,269.0,92.5,289.0,103.25
918,525,5,0.007232666015625,81.125,89.5,101.25,102.0
919,525,5,0.0068511962890625,207.75,83.5,219.0,93.5
920,525,14,0.004520416259765625,508.0,82.125,512.0,110.875
921,525,5,0.004520416259765625,0.01171875,134.5,6.59765625,144.5
922,525,5,0.004486083984375,257.5,109.375,273.0,121.125
923,525,8,0.004398345947265625,506.5,94.5,512.0,113.0
924,525,5,0.00359344482421875,0.1875,107.75,20.9375,116.25
925,525,5,0.0031719207763671875,265.0,76.75,278.0,86.75
926,525,5,0.00279998779296875,267.5,245.5,287.5,255.5
927,525,14,0.0025119781494140625,500.0,91.625,512.0,109.625
928,525,5,0.0022335052490234375,246.0,78.0,253.75,84.5
929,525,5,0.0021648406982421875,0.0390625,114.0,6.8671875,126.0
930,525,5,0.0020503997802734375,0.0,126.0,6.39453125,144.5
931,525,8,0.0018672943115234375,399.5,87.5,466.5,131.75
932,525,8,0.0018033981323242188,199.375,234.0,221.125,256.0
933,525,5,0.0017137527465820312,360.75,84.5,375.75,92.0
934,525,5,0.0016613006591796875,234.625,237.0,286.5,255.5
935,525,5,0.0016355514526367188,202.0,86.75,210.25,94.5
936,525,5,0.0015611648559570312,370.75,97.0,378.25,105.0
937,525,8,0.0013885498046875,498.5,96.75,510.5,107.75
938,525,5,0.0012941360473632812,0.0234375,117.75,6.703125,128.75
939,525,5,0.001220703125,426.25,89.125,487.75,119.875
940,525,5,0.0012111663818359375,154.0,83.75,176.0,95.25
941,525,5,0.0011968612670898438,100.25,86.75,124.0,99.25
942,525,5,0.0011510848999023438,249.625,198.0,264.5,210.0
943,525,5,0.001129150390625,209.125,82.0,223.125,93.0
944,537,9,0.82666015625,144.08642578125,93.570556640625,167.08154296875,111.673095703125
945,537,10,0.74755859375,264.19921875,93.20361328125,284.748046875,113.75244140625
946,537,17,0.72509765625,37.18359375,128.185546875,57.732421875,146.77734375
947,537,9,0.361083984375,120.8466796875,142.61865234375,145.06494140625,161.69970703125
948,537,10,0.310791015625,121.09130859375,142.61865234375,145.06494140625,161.69970703125
949,537,14,0.0162200927734375,397.27734375,5.87109375,408.041015625,23.23974609375
950,537,15,0.0018529891967773438,0.0382232666015625,59.44482421875,11.49755859375,101.52099609375
951,538,9,0.92236328125,384.78515625,64.775390625,421.5234375,103.9306640625
952,538,9,0.8955078125,326.05224609375,76.8603515625,363.27392578125,117.4658203125
953,538,10,0.82568359375,292.939453125,122.2998046875,333.544921875,156.1376953125
954,538,11,0.82568359375,390.1025390625,126.650390625,431.19140625,163.388671875
955,538,11,0.8154296875,233.23974609375,75.8935546875,268.52783203125,108.7646484375
956,538,11,0.552734375,353.84765625,0.24169921875,385.2685546875,30.69580078125
957,538,10,0.445556640625,354.08935546875,0.0,385.02685546875,30.816650390625
958,540,2,0.88720703125,28.67816162109375,140.548828125,53.7392578125,172.646484375
959,540,2,0.8857421875,163.1630859375,189.181640625,187.72265625,222.251953125
960,540,2,0.87646484375,230.51953125,144.6826171875,252.1611328125,175.3212890625
961,540,2,0.85986328125,148.330078125,96.0498046875,168.755859375,124.2568359375
962,547,8,0.8671875,274.98046875,117.83154296875,326.599609375,164.98828125
963,547,14,0.865234375,439.7275390625,107.580078125,469.6376953125,147.62109375
964,547,8,0.861328125,337.212890625,113.8515625,364.7109375,143.279296875
965,547,8,0.85888671875,171.86279296875,135.078125,192.12451171875,159.19921875
966,547,14,0.85009765625,403.787109375,88.0419921875,430.802734375,161.12890625
967,547,14,0.84375,380.630859375,91.66015625,401.857421875,151.48046875
968,547,8,0.83740234375,135.8017578125,137.490234375,160.4052734375,161.611328125
969,547,14,0.79833984375,230.8388671875,111.439453125,253.9951171875,166.91796875
970,547,14,0.79052734375,280.287109375,110.7158203125,320.328125,153.6513671875
971,547,14,0.72021484375,301.513671875,104.203125,321.775390625,161.12890625
972,547,14,0.69921875,125.79150390625,129.0478515625,136.64599609375,162.3349609375
973,547,14,0.615234375,213.23046875,132.666015625,230.59765625,164.505859375
974,547,14,0.29736328125,211.0595703125,129.771484375,220.2255859375,143.76171875
975,547,5,0.25537109375,0.01507568359375,144.7265625,21.10595703125,168.84765625
976,547,14,0.2393798828125,256.166015625,125.912109375,265.33203125,150.515625
977,547,8,0.0885009765625,255.68359375,125.55029296875,265.33203125,150.515625
978,547,8,0.06903076171875,227.703125,131.701171875,239.763671875,155.822265625
979,547,14,0.048309326171875,212.0244140625,129.5302734375,225.0498046875,143.5205078125
980,547,14,0.038330078125,227.10009765625,131.701171875,238.67822265625,156.787109375
981,547,8,0.035552978515625,490.140625,142.314453125,494.0,163.541015625
982,547,14,0.0232391357421875,211.30078125,130.25390625,223.361328125,164.0234375
983,547,14,0.0202484130859375,212.265625,129.2890625,221.6728515625,140.8671875
984,547,8,0.012481689453125,275.2216796875,118.67578125,293.5537109375,148.103515625
985,547,15,0.01146697998046875,465.7783203125,148.8271484375,485.5576171875,165.2294921875
986,547,8,0.01107025146484375,487.728515625,141.349609375,494.0,161.611328125
987,547,14,0.01036834716796875,274.498046875,121.3291015625,288.005859375,148.8271484375
988,547,8,0.00989532470703125,275.9453125,116.0224609375,319.36328125,152.2041015625
989,547,14,0.0074310302734375,274.98046875,117.7109375,299.1015625,147.138671875
990,547,14,0.006877899169921875,219.2607421875,133.1484375,238.0751953125,155.33984375
991,547,14,0.006439208984375,71.51904296875,139.1787109375,83.57958984375,163.2998046875
992,547,14,0.0039005279541015625,214.1953125,128.806640625,224.326171875,138.455078125
993,547,14,0.0036640167236328125,278.357421875,114.5751953125,308.267578125,148.3447265625
994,547,14,0.00345611572265625,349.2734375,111.921875,366.158203125,136.2841796875
995,547,8,0.0025119781494140625,209.6123046875,138.6962890625,232.2861328125,171.9833984375
996,547,14,0.002471923828125,142.314453125,137.0078125,156.5458984375,155.33984375
997,547,14,0.0021495819091796875,269.19140625,123.017578125,277.875,146.173828125
998,547,14,0.0017547607421875,490.140625,127.359375,494.0,161.611328125
999,547,14,0.001056671142578125,210.0947265625,124.10302734375,223.6025390625,136.525390625
1000,551,11,0.865234375,99.531982421875,143.7548828125,113.420166015625,158.3740234375
1001,551,10,0.861328125,60.8521728515625,92.709716796875,76.3240966796875,106.597900390625
1002,551,10,0.84716796875,160.201416015625,94.537109375,176.526123046875,107.20703125
1003,551,17,0.83984375,91.9178466796875,97.70458984375,104.5877685546875,110.37451171875
1004,551,9,0.83642578125,58.598388671875,119.14599609375,77.603271484375,132.79052734375
1005,551,9,0.77978515625,108.7298583984375,123.2880859375,122.6180419921875,136.9326171875
1006,551,9,0.30078125,121.704345703125,104.03955078125,134.861572265625,116.22216796875
1007,551,17,0.25537109375,121.826171875,104.283203125,134.73974609375,116.22216796875
1008,551,2,0.0018310546875,492.177734375,83.81640625,499.0,129.86669921875
1009,551,2,0.0013456344604492188,494.126953125,95.9990234375,499.0,127.91748046875
1010,555,10,0.86865234375,159.10498046875,145.216796875,175.18603515625,159.3486328125
1011,555,11,0.865234375,50.1314697265625,168.607421875,66.882568359375,181.7646484375
1012,555,9,0.85888671875,84.54736328125,153.98828125,100.384765625,167.6328125
1013,555,9,0.85693359375,49.0350341796875,135.9580078125,65.8470458984375,148.6279296875
1014,555,10,0.8388671875,79.4306640625,114.029296875,93.5625,128.1611328125
1015,555,17,0.83740234375,99.044677734375,126.94287109375,111.958251953125,139.61279296875
1016,555,17,0.83544921875,121.7652587890625,142.29296875,134.49609375,153.98828125
1017,557,2,0.86328125,309.21728515625,63.857421875,330.33935546875,90.62841796875
1018,562,13,0.92138671875,208.58642578125,53.89892578125,248.70849609375,93.779296875
1019,562,1,0.880859375,316.142578125,33.59619140625,356.748046875,76.13525390625
1020,562,4,0.64404296875,221.033935546875,172.08984375,326.2939453125,208.828125
1021,562,13,0.00844573974609375,316.38427734375,34.07958984375,356.98974609375,75.16845703125
1022,562,4,0.005199432373046875,221.517333984375,173.056640625,326.77734375,193.359375
1023,562,1,0.0032596588134765625,208.3447265625,54.38232421875,248.466796875,94.02099609375
1024,562,2,0.0020351409912109375,487.265625,175.95703125,495.0,223.330078125
1025,563,15,0.9228515625,330.736328125,95.060546875,366.064453125,129.458984375
1026,563,5,0.0015249252319335938,0.0,125.04296875,37.158447265625,230.09765625
1027,566,2,0.875,388.265625,30.6396484375,421.6015625,62.9951171875
1028,566,2,0.226806640625,420.62109375,1.34814453125,440.23046875,28.80126953125
1029,566,2,0.0011882781982421875,238.62158203125,17.158203125,264.236328125,43.8759765625
1030,576,14,0.525390625,39.87451171875,85.24072265625,52.409912109375,120.10107421875
1031,576,14,0.0255584716796875,378.2109375,114.37060546875,387.76171875,140.15771484375
1032,576,5,0.00930023193359375,482.314453125,133.2333984375,489.0,148.037109375
1033,576,5,0.0029354095458984375,0.0,84.882568359375,7.49139404296875,102.551513671875
1034,576,14,0.0026531219482421875,380.5986328125,113.654296875,387.2841796875,130.845703125
1035,576,14,0.0015010833740234375,382.5087890625,113.057373046875,390.1494140625,137.0537109375
1036,577,2,0.83984375,58.97265625,34.6328125,76.41015625,53.28125
1037,577,15,0.80810546875,140.46875,73.74609375,160.328125,94.57421875
1038,581,14,0.8662109375,313.80615234375,68.88427734375,401.01318359375,220.56884765625
1039,581,5,0.006717681884765625,0.014495849609375,126.6357421875,21.613311767578125,147.0458984375
1040,581,14,0.0025501251220703125,283.4228515625,68.304443359375,361.81640625,215.6982421875
1041,584,2,0.8916015625,357.08203125,105.57421875,382.18359375,139.04296875
1042,584,2,0.888671875,226.65234375,56.6015625,250.76953125,87.609375
1043,584,2,0.88818359375,425.00390625,62.75390625,448.13671875,94.5
1044,584,2,0.88330078125,341.0859375,13.53515625,362.25,42.08203125
1045,594,14,0.689453125,155.76171875,59.814453125,177.24609375,101.318359375
1046,594,14,0.529296875,151.0009765625,54.443359375,171.9970703125,101.5625
1047,594,14,0.10894775390625,6.793975830078125,35.64453125,18.9361572265625,67.3828125
1048,594,14,0.0026836395263671875,0.0,36.7431640625,5.428314208984375,87.2802734375
1049,594,8,0.00266265869140625,139.892578125,50.29296875,183.349609375,101.5625
1050,594,14,0.0018529891967773438,252.9296875,69.091796875,263.671875,88.134765625
1051,594,8,0.0017271041870117188,0.0152587890625,45.8984375,5.275726318359375,70.3125
1052,594,14,0.001129150390625,148.4375,54.6875,166.015625,89.35546875
1053,602,13,0.884765625,299.25,139.78125,347.484375,186.046875
1054,602,4,0.85986328125,219.26953125,116.033203125,267.99609375,197.859375
1055,602,0,0.845703125,327.796875,38.8828125,372.5859375,85.640625
1056,602,1,0.11279296875,298.7578125,140.2734375,346.9921875,186.5390625
1057,602,3,0.0015125274658203125,220.0078125,115.91015625,268.2421875,197.61328125
1058,602,1,0.0010166168212890625,327.3046875,40.11328125,372.5859375,84.90234375
1059,608,15,0.88623046875,395.916015625,194.76513671875,416.546875,212.44873046875
1060,608,15,0.048675537109375,495.140625,135.0830078125,503.0,170.4501953125
1061,608,8,0.0079345703125,0.0,63.12060546875,10.77593994140625,90.62841796875
1062,608,8,0.00250244140625,0.0076751708984375,71.47119140625,8.964599609375,91.61083984375
1063,608,5,0.0023784637451171875,0.0,60.17333984375,10.96014404296875,91.61083984375
1064,608,14,0.0015363693237304688,204.09814453125,72.45361328125,213.43115234375,95.54052734375
1065,611,15,0.92724609375,224.40380859375,158.861328125,272.64697265625,206.6171875
1066,615,2,0.88330078125,63.744140625,82.15087890625,84.2509765625,103.39892578125
1067,615,2,0.85107421875,99.322265625,25.9423828125,115.01123046875,49.6611328125
1068,615,2,0.84814453125,139.96533203125,96.48095703125,160.71923828125,116.98779296875
1069,615,2,0.84716796875,190.4912109375,45.58447265625,207.2919921875,63.86767578125
1070,621,5,0.7919921875,204.267333984375,180.9873046875,295.119140625,229.21875
1071,621,5,0.7216796875,145.171875,135.1435546875,180.0322265625,150.4248046875
1072,621,5,0.401611328125,233.5166015625,108.87890625,269.8095703125,128.935546875
1073,621,5,0.34326171875,4.08892822265625,60.289306640625,46.56005859375,79.390869140625
1074,621,5,0.294189453125,0.0,82.494873046875,19.07171630859375,97.537353515625
1075,621,5,0.216064453125,295.5966796875,154.2451171875,309.9228515625,166.6611328125
1076,621,5,0.21337890625,71.033935546875,65.66162109375,110.07275390625,79.51025390625
1077,621,5,0.1749267578125,242.82861328125,157.587890625,262.40771484375,168.09375
1078,621,5,0.1329345703125,0.0,72.227783203125,16.236328125,88.225341796875
1079,621,5,0.1268310546875,370.80908203125,95.865966796875,401.84912109375,113.534912109375
1080,621,5,0.1015625,132.99462890625,61.84130859375,164.98974609375,76.16748046875
1081,621,5,0.092041015625,36.173583984375,90.97119140625,70.3773193359375,107.68505859375
1082,621,5,0.089111328125,0.134307861328125,76.16748046875,18.728485107421875,94.79150390625
1083,621,5,0.07806396484375,15.8184814453125,74.25732421875,55.036376953125,93.35888671875
1084,621,5,0.07806396484375,96.22412109375,141.8291015625,139.68017578125,156.1552734375
1085,621,5,0.07501220703125,65.781005859375,138.9638671875,99.56689453125,152.8125
1086,621,14,0.06756591796875,157.1103515625,171.67529296875,166.18359375,188.86669921875
1087,621,5,0.062103271484375,0.014923095703125,101.118896484375,22.996490478515625,120.220458984375
1088,621,5,0.060516357421875,432.88916015625,109.3564453125,466.79443359375,123.205078125
1089,621,5,0.059417724609375,76.525634765625,139.20263671875,105.894287109375,152.57373046875
1090,621,5,0.058563232421875,26.5631103515625,92.40380859375,61.125,107.68505859375
1091,621,5,0.05792236328125,68.407470703125,53.0068359375,94.672119140625,67.810546875
1092,621,5,0.050140380859375,12.38616943359375,65.900390625,49.99237060546875,85.95703125
1093,621,5,0.049224853515625,65.9600830078125,56.8271484375,98.0745849609375,69.720703125
1094,621,5,0.049224853515625,54.88714599609375,139.20263671875,91.44873046875,154.48388671875
1095,621,5,0.047943115234375,171.19775390625,66.13916015625,195.55224609375,78.07763671875
1096,621,5,0.04638671875,18.788177490234375,99.8056640625,54.8572998046875,121.294921875
1097,621,5,0.045013427734375,10.513320922851562,75.809326171875,39.39697265625,88.225341796875
1098,621,5,0.042388916015625,61.483154296875,129.890625,103.745361328125,146.6044921875
1099,621,5,0.041778564453125,85.121337890625,139.9189453125,125.5927734375,154.2451171875
1100,621,5,0.040679931640625,431.2177734375,108.043212890625,463.6904296875,119.026611328125
1101,621,5,0.036895751953125,30.920654296875,75.9287109375,65.542236328125,93.59765625
1102,621,14,0.0305633544921875,114.012451171875,153.767578125,123.085693359375,167.138671875
1103,621,5,0.027069091796875,22.921875,79.271484375,59.8714599609375,97.8955078125
1104,621,5,0.026458740234375,426.68115234375,109.59521484375,461.06396484375,121.05615234375
1105,621,5,0.0258636474609375,0.0,33.9052734375,21.295257568359375,59.21484375
1106,621,5,0.0225372314453125,69.00439453125,47.75390625,93.59765625,62.5576171875
1107,621,5,0.020416259765625,0.0,68.04931640625,20.80279541015625,85.24072265625
1108,621,5,0.020416259765625,165.7060546875,124.16015625,206.7744140625,141.8291015625
1109,621,5,0.0200958251953125,132.2783203125,59.93115234375,159.0205078125,73.77978515625
1110,621,5,0.01934814453125,160.69189453125,53.72314453125,192.92578125,71.39208984375
1111,621,5,0.0192718505859375,423.81591796875,102.43212890625,461.54150390625,114.609375
1112,621,5,0.0190582275390625,185.28515625,129.4130859375,212.74365234375,144.216796875
1113,621,5,0.0189056396484375,0.0,131.80078125,21.235565185546875,147.08203125
1114,621,5,0.018341064453125,424.5322265625,98.8505859375,459.8701171875,110.3115234375
1115,621,5,0.018341064453125,375.10693359375,94.79150390625,401.37158203125,108.64013671875
1116,621,5,0.0181884765625,68.885009765625,84.166259765625,102.551513671875,105.177978515625
1117,621,5,0.01751708984375,173.10791015625,130.845703125,204.62548828125,146.126953125
1118,621,5,0.0164031982421875,363.884765625,99.328125,389.1943359375,112.69921875
1119,621,5,0.01507568359375,123.085693359375,123.6826171875,150.305419921875,139.44140625
1120,621,5,0.0147857666015625,15.3409423828125,80.46533203125,52.76806640625,100.99951171875
1121,621,5,0.0147857666015625,26.02587890625,94.910888671875,67.5120849609375,114.489990234375
1122,621,5,0.01467132568359375,20.817718505859375,107.68505859375,57.7225341796875,122.96630859375
1123,621,5,0.0144500732421875,0.0,75.331787109375,28.3538818359375,90.613037109375
1124,621,5,0.01395416259765625,255.9609375,98.373046875,291.7763671875,117.9521484375
1125,621,5,0.013427734375,218.95166015625,146.126953125,251.42431640625,162.36328125
1126,621,5,0.01322174072265625,0.0,79.7490234375,25.205108642578125,95.0302734375
1127,621,5,0.0127716064453125,126.78662109375,129.4130859375,148.27587890625,141.8291015625
1128,621,5,0.01262664794921875,222.29443359375,151.857421875,241.87353515625,164.2734375
1129,621,5,0.012481689453125,25.07080078125,104.5810546875,70.317626953125,124.6376953125
1130,621,5,0.01146697998046875,308.490234375,104.81982421875,338.09765625,119.62353515625
1131,621,5,0.0106964111328125,12.68463134765625,114.84814453125,53.33514404296875,130.60693359375
1132,621,5,0.01049041748046875,259.78125,104.81982421875,289.388671875,123.92138671875
1133,621,5,0.0102081298828125,166.42236328125,55.991455078125,196.50732421875,74.137939453125
1134,621,5,0.01016998291015625,435.515625,91.6875,461.302734375,101.23828125
1135,621,5,0.01009368896484375,423.33837890625,111.50537109375,460.10888671875,124.87646484375
1136,621,5,0.010009765625,27.45849609375,69.48193359375,66.497314453125,91.92626953125
1137,621,5,0.00963592529296875,194.11962890625,66.3779296875,217.51904296875,78.7939453125
1138,621,5,0.00963592529296875,22.459259033203125,73.30224609375,54.081298828125,88.58349609375
1139,621,5,0.00955963134765625,22.727874755859375,110.3115234375,64.0499267578125,127.26416015625
1140,621,5,0.009124755859375,0.0,112.2216796875,23.54864501953125,129.890625
1141,621,5,0.00885009765625,24.548492431640625,98.61181640625,55.4542236328125,115.564453125
1142,621,5,0.00864410400390625,47.00775146484375,130.845703125,93.35888671875,149.947265625
1143,621,5,0.0083770751953125,6.088623046875,87.8671875,45.1871337890625,107.68505859375
1144,621,5,0.0083160400390625,41.1280517578125,88.3447265625,71.033935546875,103.6259765625
1145,621,5,0.0083160400390625,69.95947265625,66.019775390625,118.071533203125,85.837646484375
1146,621,5,0.0082855224609375,428.3525390625,95.26904296875,458.4375,104.5810546875
1147,621,5,0.007843017578125,41.904052734375,138.0087890625,80.7041015625,154.2451171875
1148,621,5,0.0078125,37.3077392578125,71.86962890625,65.542236328125,90.01611328125
1149,621,5,0.007785797119140625,289.8662109375,105.29736328125,323.2939453125,118.66845703125
1150,621,5,0.007724761962890625,442.6787109375,127.98046875,489.0,144.216796875
1151,621,5,0.007694244384765625,129.17431640625,64.70654296875,168.33251953125,80.94287109375
1152,621,5,0.00766754150390625,0.0,124.16015625,17.40032958984375,148.5146484375
1153,621,5,0.00757598876953125,76.764404296875,128.935546875,136.695556640625,147.08203125
1154,621,5,0.0074615478515625,0.0,59.93115234375,39.5760498046875,73.30224609375
1155,621,5,0.0074310302734375,146.84326171875,131.80078125,194.8359375,148.037109375
1156,621,5,0.00731658935546875,68.885009765625,91.44873046875,103.506591796875,108.64013671875
1157,621,5,0.007232666015625,34.6812744140625,81.42041015625,66.974853515625,95.26904296875
1158,621,5,0.007232666015625,0.0,97.65673828125,32.0548095703125,116.75830078125
1159,621,5,0.00701141357421875,0.0,41.426513671875,19.683563232421875,61.960693359375
1160,621,5,0.0066680908203125,196.98486328125,135.1435546875,213.22119140625,146.6044921875
1161,621,5,0.006565093994140625,246.8876953125,106.96875,287.0009765625,126.78662109375
1162,621,5,0.006412506103515625,20.20587158203125,116.51953125,57.99114990234375,128.4580078125
1163,621,5,0.0063629150390625,0.1790771484375,34.62158203125,20.5341796875,47.51513671875
1164,621,5,0.006145477294921875,82.494873046875,77.8388671875,123.205078125,92.642578125
1165,621,5,0.006145477294921875,0.23876953125,132.2783203125,32.38311767578125,156.6328125
1166,621,5,0.005706787109375,417.8466796875,105.655517578125,456.0498046875,119.742919921875
1167,621,5,0.005687713623046875,190.060546875,59.334228515625,216.3251953125,78.674560546875
1168,621,5,0.00555419921875,160.21435546875,52.409912109375,188.150390625,66.736083984375
1169,621,5,0.00547027587890625,5.133544921875,76.8837890625,37.0689697265625,93.59765625
1170,621,5,0.005428314208984375,169.76513671875,63.03515625,196.2685546875,74.9736328125
1171,621,5,0.005428314208984375,25.33941650390625,97.17919921875,52.32037353515625,110.55029296875
1172,621,5,0.005405426025390625,283.658203125,95.26904296875,320.90625,114.37060546875
1173,621,14,0.0053863525390625,153.05126953125,171.67529296875,165.94482421875,193.16455078125
1174,621,5,0.005199432373046875,15.3409423828125,104.34228515625,52.7083740234375,125.35400390625
1175,621,5,0.005100250244140625,191.373779296875,136.33740234375,215.011962890625,149.23095703125
1176,621,5,0.00494384765625,432.1728515625,104.222900390625,467.033203125,117.593994140625
1177,621,5,0.00494384765625,41.7249755859375,114.609375,69.8997802734375,127.025390625
1178,621,5,0.004810333251953125,301.3271484375,138.9638671875,322.3388671875,155.2001953125
1179,621,5,0.004810333251953125,143.858642578125,124.16015625,181.106689453125,145.171875
1180,621,5,0.004791259765625,0.0,133.2333984375,13.505401611328125,158.0654296875
1181,621,5,0.004772186279296875,31.0400390625,113.89306640625,71.1533203125,129.17431640625
1182,621,5,0.004772186279296875,0.074615478515625,136.0986328125,26.279571533203125,153.2900390625
1183,621,5,0.004756927490234375,61.244384765625,116.9970703125,108.4013671875,138.9638671875
1184,621,5,0.004627227783203125,0.0,49.1865234375,19.19110107421875,64.4677734375
1185,621,5,0.004608154296875,0.0,82.017333984375,33.308349609375,99.208740234375
1186,621,5,0.004608154296875,241.037841796875,171.9140625,323.2939453125,221.1005859375
1187,621,5,0.00453948974609375,0.0,118.071533203125,18.967254638671875,138.0087890625
1188,621,5,0.004505157470703125,17.788330078125,90.49365234375,52.5889892578125,107.68505859375
1189,621,5,0.004486083984375,18.430023193359375,67.57177734375,50.3206787109375,81.89794921875
1190,621,5,0.004467010498046875,68.765625,50.1416015625,105.05859375,66.61669921875
1191,621,5,0.0043487548828125,178.1220703125,131.80078125,207.7294921875,149.947265625
1192,621,5,0.004314422607421875,27.42864990234375,70.67578125,59.66253662109375,86.912109375
1193,621,5,0.004299163818359375,428.3525390625,91.44873046875,457.0048828125,101.95458984375
1194,621,5,0.00426483154296875,0.08953857421875,125.83154296875,45.99298095703125,151.61865234375
1195,621,5,0.004199981689453125,131.08447265625,131.80078125,149.23095703125,141.3515625
1196,621,5,0.004199981689453125,300.3720703125,96.9404296875,341.4404296875,117.474609375
1197,621,5,0.004199981689453125,435.0380859375,107.923828125,488.5224609375,129.4130859375
1198,621,5,0.0041656494140625,298.939453125,91.090576171875,344.783203125,111.385986328125
1199,621,5,0.0041351318359375,0.0,57.7822265625,25.787109375,77.361328125
1200,621,5,0.004039764404296875,194.11962890625,59.095458984375,238.76953125,78.674560546875
1201,621,5,0.004039764404296875,264.0791015625,96.70166015625,316.6083984375,116.75830078125
1202,621,5,0.004039764404296875,18.265869140625,127.26416015625,64.1693115234375,146.36572265625
1203,621,5,0.004024505615234375,469.8984375,136.576171875,489.0,153.767578125
1204,621,5,0.0037364959716796875,30.3834228515625,128.935546875,84.28564453125,148.037109375
1205,621,5,0.0037078857421875,375.8232421875,95.9853515625,412.1162109375,115.0869140625
1206,621,5,0.0036792755126953125,71.630859375,82.6142578125,103.38720703125,96.462890625
1207,621,5,0.003650665283203125,78.55517578125,91.6875,115.80322265625,108.4013671875
1208,621,5,0.00359344482421875,433.84423828125,100.04443359375,488.76123046875,116.28076171875
1209,621,5,0.0034961700439453125,67.452392578125,63.990234375,101.357666015625,75.451171875
1210,621,5,0.003482818603515625,366.2724609375,94.31396484375,394.9248046875,109.59521484375
1211,621,5,0.003429412841796875,0.0596923828125,125.115234375,21.75787353515625,139.44140625
1212,621,5,0.003429412841796875,164.2734375,167.138671875,225.8759765625,211.072265625
1213,621,5,0.0033893585205078125,221.1005859375,143.7392578125,266.22802734375,164.7509765625
1214,621,5,0.0033626556396484375,0.0,99.56689453125,27.48834228515625,126.78662109375
1215,621,5,0.0033512115478515625,0.0,85.4794921875,18.027099609375,106.013671875
1216,621,5,0.003337860107421875,165.7060546875,184.330078125,220.1455078125,211.072265625
1217,621,5,0.0033245086669921875,239.48583984375,88.10595703125,293.92529296875,107.20751953125
1218,621,5,0.0032482147216796875,360.5419921875,84.046875,392.0595703125,94.552734375
1219,621,5,0.0032482147216796875,0.0,59.45361328125,15.258865356445312,78.07763671875
1220,621,5,0.003223419189453125,175.97314453125,128.69677734375,209.87841796875,142.06787109375
1221,621,5,0.0032100677490234375,172.869140625,71.989013671875,198.1787109375,81.062255859375
1222,621,5,0.0031719207763671875,25.190185546875,94.0751953125,51.33544921875,106.4912109375
1223,621,5,0.0031719207763671875,9.28216552734375,81.6591796875,42.9188232421875,101.7158203125
1224,621,5,0.0031719207763671875,385.3740234375,104.5810546875,416.8916015625,122.25
1225,621,5,0.00313568115234375,232.80029296875,102.90966796875,269.09326171875,119.14599609375
1226,621,5,0.00307464599609375,44.2320556640625,116.51953125,97.9552001953125,139.9189453125
1227,621,5,0.003040313720703125,363.884765625,78.7939453125,391.58203125,88.3447265625
1228,621,5,0.0030040740966796875,144.813720703125,113.41552734375,202.118408203125,129.17431640625
1229,621,5,0.0029926300048828125,431.2177734375,89.53857421875,456.0498046875,98.13427734375
1230,621,5,0.0029811859130859375,270.04833984375,181.46484375,322.57763671875,221.578125
1231,621,5,0.0029468536376953125,183.13623046875,74.0185546875,198.89501953125,85.001953125
1232,621,5,0.0029468536376953125,364.60107421875,115.32568359375,398.50634765625,134.90478515625
1233,621,5,0.0028896331787109375,0.0,93.35888671875,28.89111328125,108.87890625
1234,621,5,0.0028781890869140625,180.509765625,126.0703125,208.92333984375,137.53125
1235,621,5,0.0028667449951171875,39.2178955078125,82.972412109375,71.5711669921875,97.776123046875
1236,621,5,0.00279998779296875,69.1834716796875,60.6474609375,109.1773681640625,72.1083984375
1237,621,5,0.00279998779296875,99.447509765625,117.474609375,139.20263671875,138.486328125
1238,621,5,0.002758026123046875,119.504150390625,110.55029296875,158.423583984375,131.56201171875
1239,621,5,0.00263214111328125,458.4375,112.2216796875,489.0,133.7109375
1240,621,5,0.00263214111328125,22.1458740234375,118.4296875,62.0203857421875,132.2783203125
1241,621,5,0.002620697021484375,93.83642578125,101.23828125,124.39892578125,114.609375
1242,621,5,0.002620697021484375,412.1162109375,99.686279296875,443.6337890625,115.206298828125
1243,621,5,0.002590179443359375,0.0,104.103515625,20.26556396484375,131.80078125
1244,621,5,0.00257110595703125,43.336669921875,69.95947265625,69.720703125,87.62841796875
1245,621,5,0.00257110595703125,316.130859375,104.103515625,356.244140625,121.7724609375
1246,621,5,0.0025615692138671875,0.0,131.80078125,34.29327392578125,146.126953125
1247,621,5,0.0025501251220703125,279.3603515625,90.732421875,321.861328125,108.4013671875
1248,621,5,0.00250244140625,0.0,56.58837890625,25.07080078125,68.04931640625
1249,621,5,0.002452850341796875,20.056640625,134.1884765625,62.5576171875,153.2900390625
1250,621,5,0.0024433135986328125,0.0,95.388427734375,22.578643798828125,115.683837890625
1251,621,5,0.0023784637451171875,374.390625,101.7158203125,414.50390625,122.48876953125
1252,621,5,0.0023593902587890625,99.686279296875,112.93798828125,139.083251953125,131.56201171875
1253,621,5,0.00234222412109375,136.695556640625,52.529296875,161.527587890625,68.765625
1254,621,5,0.0023326873779296875,132.2783203125,58.97607421875,150.4248046875,72.34716796875
1255,621,5,0.002323150634765625,49.42529296875,140.15771484375,85.4794921875,158.30419921875
1256,621,5,0.0023059844970703125,371.525390625,97.17919921875,388.716796875,107.68505859375
1257,621,5,0.0022869110107421875,76.048095703125,116.0419921875,134.42724609375,138.9638671875
1258,621,5,0.002269744873046875,0.0,71.39208984375,28.20465087890625,85.71826171875
1259,621,5,0.002216339111328125,0.0,116.75830078125,27.30926513671875,136.33740234375
1260,621,8,0.002216339111328125,156.39404296875,172.869140625,166.42236328125,192.92578125
1261,621,5,0.0021915435791015625,460.34765625,97.537353515625,489.0,113.057373046875
1262,621,5,0.0021495819091796875,72.82470703125,61.125,113.89306640625,76.8837890625
1263,621,5,0.0020999908447265625,52.7083740234375,68.168701171875,69.3028564453125,79.152099609375
1264,621,5,0.00208282470703125,173.82421875,85.24072265625,213.4599609375,97.65673828125
1265,621,5,0.00208282470703125,135.62109375,134.1884765625,157.82666015625,141.8291015625
1266,621,5,0.0020198822021484375,71.39208984375,142.7841796875,93.1201171875,154.2451171875
1267,621,5,0.0020198822021484375,221.578125,155.2001953125,264.0791015625,170.00390625
1268,621,5,0.002010345458984375,0.0,34.3828125,33.3680419921875,47.75390625
1269,621,5,0.002002716064453125,0.2984619140625,135.38232421875,32.353271484375,148.75341796875
1270,621,5,0.001956939697265625,423.81591796875,96.462890625,454.37841796875,105.77490234375
1271,621,5,0.001941680908203125,0.0,114.251220703125,54.05145263671875,139.9189453125
1272,621,5,0.0018968582153320312,325.92041015625,91.44873046875,346.45458984375,104.81982421875
1273,621,5,0.0018243789672851562,63.632080078125,47.03759765625,96.22412109375,66.61669921875
1274,621,5,0.0017824172973632812,290.58251953125,148.9921875,359.34814453125,191.015625
1275,621,5,0.0017747879028320312,18.430023193359375,123.44384765625,57.1256103515625,139.20263671875
1276,621,5,0.0017681121826171875,0.0,52.76806640625,19.1015625,70.43701171875
1277,621,5,0.0017681121826171875,75.451171875,91.090576171875,105.77490234375,104.222900390625
1278,621,5,0.0017547607421875,32.592041015625,116.638916015625,75.9287109375,133.7109375
1279,621,5,0.0017004013061523438,172.033447265625,79.271484375,198.536865234375,90.732421875
1280,621,5,0.0016870498657226562,383.4638671875,97.8955078125,420.234375,116.0419921875
1281,621,5,0.0016613006591796875,137.650634765625,43.4560546875,168.690673828125,58.259765625
1282,621,5,0.0016613006591796875,140.63525390625,112.46044921875,182.65869140625,129.65185546875
1283,621,5,0.0015850067138671875,145.6494140625,135.62109375,159.498046875,144.6943359375
1284,621,5,0.0015850067138671875,122.608154296875,122.7275390625,178.480224609375,138.486328125
1285,621,5,0.0015735626220703125,371.0478515625,94.194580078125,390.1494140625,102.312744140625
1286,621,5,0.0015735626220703125,396.357421875,102.43212890625,447.931640625,123.44384765625
1287,621,5,0.0015735626220703125,439.3359375,112.2216796875,488.044921875,138.0087890625
1288,621,5,0.0015668869018554688,100.04443359375,129.890625,140.8740234375,148.9921875
1289,621,5,0.00154876708984375,139.9189453125,64.4677734375,167.37744140625,75.9287109375
1290,621,5,0.0015363693237304688,32.114501953125,68.765625,68.765625,83.80810546875
1291,621,5,0.0015363693237304688,44.5902099609375,75.331787109375,74.0782470703125,92.761962890625
1292,621,5,0.0015363693237304688,394.447265625,98.13427734375,447.931640625,116.0419921875
1293,621,5,0.0015249252319335938,177.047607421875,122.48876953125,204.983642578125,135.85986328125
1294,621,5,0.0015125274658203125,172.15283203125,77.60009765625,191.25439453125,84.76318359375
1295,621,5,0.0015125274658203125,22.17572021484375,130.12939453125,55.78253173828125,143.97802734375
1296,621,5,0.0015125274658203125,422.14453125,93.35888671875,463.212890625,108.4013671875
1297,621,5,0.001506805419921875,184.330078125,139.9189453125,214.4150390625,156.1552734375
1298,621,5,0.0015010833740234375,177.64453125,86.792724609375,206.53564453125,99.447509765625
1299,621,5,0.0015010833740234375,268.376953125,104.103515625,319.951171875,125.115234375
1300,621,5,0.0014896392822265625,137.889404296875,33.427734375,176.570068359375,47.99267578125
1301,621,5,0.001483917236328125,0.0,35.8154296875,38.0240478515625,55.8720703125
1302,621,5,0.0014781951904296875,180.27099609375,92.88134765625,198.41748046875,104.81982421875
1303,621,5,0.0014781951904296875,468.4658203125,94.552734375,489.0,112.2216796875
1304,621,5,0.0014553070068359375,63.03515625,142.306640625,90.49365234375,153.767578125
1305,621,5,0.0014209747314453125,220.86181640625,85.24072265625,277.68896484375,108.16259765625
1306,621,5,0.0014209747314453125,9.625396728515625,129.17431640625,57.7225341796875,154.48388671875
1307,621,5,0.0013942718505859375,428.11376953125,114.37060546875,459.15380859375,128.21923828125
1308,621,5,0.0013885498046875,394.68603515625,88.822265625,423.81591796875,97.8955078125
1309,621,5,0.001361846923828125,159.25927734375,114.37060546875,207.01318359375,131.56201171875
1310,621,5,0.0013246536254882812,431.6953125,112.2216796875,469.8984375,128.935546875
1311,621,5,0.0013151168823242188,438.8583984375,84.046875,454.1396484375,91.92626953125
1312,621,5,0.00130462646484375,395.8798828125,96.22412109375,419.7568359375,105.05859375
1313,621,5,0.00130462646484375,75.570556640625,95.149658203125,122.7275390625,114.728759765625
1314,621,5,0.0012998580932617188,125.115234375,103.1484375,158.54296875,121.05615234375
1315,621,5,0.0012941360473632812,197.701171875,123.205078125,250.94677734375,153.2900390625
1316,621,8,0.0012941360473632812,151.61865234375,174.779296875,165.94482421875,193.880859375
1317,621,5,0.00128936767578125,0.0,104.103515625,38.0240478515625,133.47216796875
1318,621,5,0.0012845993041992188,50.977294921875,138.0087890625,83.5693359375,150.4248046875
1319,621,5,0.00127410888671875,95.0302734375,53.24560546875,124.757080078125,62.79638671875
1320,621,5,0.0012693405151367188,397.7900390625,114.1318359375,423.099609375,126.0703125
1321,621,5,0.001255035400390625,75.331787109375,102.43212890625,127.025390625,124.16015625
1322,621,14,0.0012350082397460938,114.489990234375,155.677734375,128.338623046875,166.6611328125
1323,621,5,0.0012254714965820312,177.88330078125,84.046875,206.53564453125,95.0302734375
1324,621,5,0.001220703125,470.3759765625,111.50537109375,489.0,133.7109375
1325,621,5,0.0012159347534179688,364.3623046875,88.58349609375,390.626953125,96.462890625
1326,621,5,0.0011968612670898438,396.357421875,91.44873046875,419.7568359375,99.56689453125
1327,621,5,0.0011882781982421875,208.6845703125,130.845703125,251.185546875,151.857421875
1328,621,5,0.001178741455078125,411.1611328125,103.1484375,456.52734375,124.6376953125
1329,621,5,0.0011739730834960938,248.3203125,65.542236328125,293.208984375,85.360107421875
1330,621,5,0.0011692047119140625,157.1103515625,128.21923828125,194.8359375,142.54541015625
1331,621,5,0.0011339187622070312,137.29248046875,47.03759765625,160.69189453125,62.79638671875
1332,621,5,0.0011339187622070312,450.796875,81.062255859375,465.123046875,90.135498046875
1333,621,5,0.0011243820190429688,168.09375,132.2783203125,198.41748046875,144.6943359375
1334,621,5,0.0010986328125,0.0074615478515625,141.3515625,9.752243041992188,161.408203125
1335,621,5,0.0010776519775390625,383.70263671875,149.70849609375,407.57958984375,165.46728515625
1336,621,5,0.0010480880737304688,180.629150390625,74.25732421875,201.163330078125,90.49365234375
1337,621,5,0.0010480880737304688,213.22119140625,147.79833984375,242.35107421875,163.07958984375
1338,621,5,0.0010442733764648438,180.0322265625,55.15576171875,216.3251953125,75.21240234375
1339,621,5,0.0010280609130859375,236.859375,142.7841796875,273.6298828125,166.6611328125
1340,621,5,0.0010204315185546875,82.85302734375,115.683837890625,125.115234375,133.7109375
1341,621,5,0.0010166168212890625,137.77001953125,35.337890625,172.15283203125,53.484375
1342,621,5,0.0010166168212890625,296.07421875,89.896728515625,324.7265625,106.133056640625
1343,621,5,0.0010166168212890625,69.840087890625,116.877685546875,115.683837890625,134.1884765625
1344,621,14,0.0010080337524414062,154.842041015625,169.76513671875,166.302978515625,184.56884765625
1345,621,5,0.0010042190551757812,174.779296875,66.13916015625,212.26611328125,78.7939453125
1346,622,7,0.8154296875,313.14697265625,13.876708984375,340.65478515625,37.946044921875
1347,622,2,0.0036067962646484375,0.015350341796875,72.69921875,8.151031494140625,101.6806640625
1348,622,2,0.002208709716796875,71.4097900390625,15.2275390625,93.7598876953125,35.61279296875
1349,626,10,0.873046875,412.69921875,78.50390625,428.94140625,92.77734375
1350,626,11,0.85791015625,305.15625,99.17578125,321.3984375,112.46484375
1351,626,9,0.85595703125,303.6796875,67.060546875,321.3984375,79.857421875
1352,626,10,0.8408203125,333.2109375,45.7734375,347.9765625,60.5390625
1353,626,17,0.8388671875,374.5546875,74.56640625,387.3515625,86.87109375
1354,626,17,0.83447265625,352.40625,59.0625,365.203125,71.859375
1355,626,9,0.8291015625,338.1328125,86.255859375,353.8828125,99.298828125
1356,630,2,0.87646484375,345.0498046875,110.396484375,364.9892578125,130.822265625
1357,630,2,0.8681640625,284.015625,99.2109375,304.927734375,119.63671875
1358,630,2,0.85205078125,410.947265625,55.6845703125,435.263671875,73.1923828125
1359,630,2,0.84716796875,293.0126953125,42.310546875,308.5751953125,65.16796875
1360,636,15,0.11474609375,276.275390625,157.19970703125,339.650390625,202.25537109375
1361,636,14,0.017913818359375,187.89697265625,1.4853515625,304.74462890625,140.61328125
1362,636,14,0.007785797119140625,236.1708984375,1.23779296875,338.66015625,132.1962890625
1363,636,14,0.0031108856201171875,236.666015625,1.4853515625,316.875,89.86376953125
1364,636,14,0.0010652542114257812,192.229248046875,0.4951171875,398.07421875,149.77294921875
1365,637,2,0.88330078125,347.23828125,106.01953125,374.47265625,140.548828125
1366,637,2,0.88330078125,370.095703125,183.345703125,408.515625,213.498046875
1367,637,17,0.80419921875,299.091796875,173.1328125,315.626953125,189.66796875
1368,639,10,0.88623046875,259.875,161.9296875,280.0546875,181.6171875
1369,639,9,0.85302734375,138.3046875,164.390625,161.9296875,182.109375
1370,639,17,0.85009765625,31.4384765625,202.2890625,51.8642578125,220.0078125
1371,639,10,0.498046875,115.048828125,214.83984375,139.904296875,233.54296875
1372,639,9,0.055816650390625,115.171875,214.83984375,140.02734375,234.03515625
1373,639,14,0.004467010498046875,388.08984375,68.044921875,396.45703125,96.345703125
1374,639,14,0.003551483154296875,392.2734375,68.4140625,402.1171875,95.9765625
1375,639,14,0.003147125244140625,388.58203125,70.3828125,395.47265625,90.5625
1376,639,15,0.001926422119140625,0.015380859375,130.921875,8.4979248046875,172.265625
1377,639,14,0.0015363693237304688,389.8125,70.3828125,398.1796875,95.23828125
1378,652,5,0.86083984375,0.3021240234375,11.1181640625,79.156494140625,95.712890625
1379,652,5,0.75341796875,169.6728515625,20.302734375,452.4609375,180.791015625
1380,652,5,0.6494140625,367.62451171875,4.833984375,473.00537109375,57.5244140625
1381,652,5,0.521484375,60.908203125,3.62548828125,480.9814453125,176.4404296875
1382,652,5,0.38671875,228.526611328125,2.4169921875,330.1611328125,26.103515625
1383,652,5,0.0164031982421875,79.7607421875,10.1513671875,341.279296875,175.4736328125
1384,652,5,0.0070648193359375,245.56640625,3.62548828125,363.0322265625,34.07958984375
1385,652,5,0.0025310516357421875,80.244140625,72.0263671875,372.216796875,176.923828125
1386,652,5,0.0022335052490234375,271.1865234375,2.4169921875,355.2978515625,27.0703125
1387,652,5,0.0018825531005859375,221.517333984375,2.4169921875,326.77734375,49.06494140625
1388,652,5,0.0016107559204101562,147.919921875,9.1845703125,254.99267578125,58.974609375
1389,652,5,0.0014209747314453125,224.05517578125,2.65869140625,283.51318359375,26.82861328125
1390,652,5,0.0013561248779296875,440.3759765625,0.72509765625,495.0,60.908203125
1391,652,5,0.0013093948364257812,185.86669921875,4.833984375,285.205078125,53.173828125
1392,656,14,0.86083984375,127.6474609375,8.97900390625,157.49658203125,75.47216796875
1393,656,8,0.83349609375,168.17431640625,3.8828125,247.529296875,76.2001953125
1394,656,8,0.56201171875,166.4755859375,23.53955078125,203.11962890625,67.70654296875
1395,656,8,0.06903076171875,146.212158203125,0.72802734375,162.471435546875,14.80322265625
1396,656,8,0.04400634765625,119.275146484375,0.24267578125,135.291748046875,16.74462890625
1397,656,8,0.01233673095703125,118.304443359375,0.0,153.735107421875,16.0166015625
1398,656,5,0.01094818115234375,0.0,0.0,27.45269775390625,25.48095703125
1399,656,8,0.00679779052734375,0.01137542724609375,133.95703125,4.990020751953125,156.7685546875
1400,656,8,0.004467010498046875,127.40478515625,0.4853515625,161.86474609375,12.86181640625
1401,656,8,0.004039764404296875,166.9609375,0.0,202.3916015625,11.1630859375
1402,656,5,0.00323486328125,165.26220703125,0.0,200.20751953125,12.1337890625
1403,656,8,0.001972198486328125,0.00379180908203125,124.7353515625,6.46124267578125,156.283203125
1404,656,8,0.0012350082397460938,202.14892578125,0.72802734375,249.22802734375,63.33837890625
1405,656,8,0.0011425018310546875,122.9759521484375,0.24267578125,226.41650390625,73.7734375
1406,661,15,0.85009765625,268.5546875,20.263671875,323.2421875,88.623046875
1407,661,8,0.0018968582153320312,380.859375,4.39453125,500.0,256.0
1408,661,8,0.0018243789672851562,265.625,0.30517578125,481.4453125,66.650390625
1409,661,15,0.0010528564453125,422.36328125,46.142578125,449.70703125,78.857421875
1410,668,2,0.85205078125,192.755859375,186.04296875,210.25732421875,198.509765625
1411,668,2,0.84716796875,228.7177734375,162.5478515625,245.26025390625,175.0146484375
1412,668,2,0.8388671875,154.15673828125,165.66455078125,171.41845703125,178.61083984375
1413,668,2,0.83740234375,267.556640625,176.69287109375,285.77734375,190.59814453125
1414,673,2,0.87841796875,151.9775390625,176.2939453125,172.4033203125,203.5283203125
1415,673,2,0.873046875,55.2894287109375,172.16015625,75.98876953125,200.3671875
1416,673,2,0.85986328125,174.95654296875,130.3359375,192.46435546875,154.65234375
1417,673,2,0.85693359375,57.690673828125,118.05615234375,75.806396484375,142.494140625
1418,676,2,0.865234375,137.63671875,34.29052734375,153.298828125,56.59716796875
1419,676,2,0.85205078125,119.660888671875,89.701171875,138.111328125,115.330078125
1420,676,2,0.83984375,191.7421875,57.90234375,206.9296875,80.68359375
1421,676,2,0.8388671875,56.2412109375,47.4609375,73.92041015625,70.716796875
1422,679,0,0.82568359375,341.8779296875,101.41259765625,426.2685546875,177.65185546875
1423,679,13,0.64794921875,194.91357421875,109.923583984375,274.26953125,189.3994140625
1424,679,0,0.1766357421875,194.673828125,109.32421875,275.94775390625,192.2763671875
1425,679,1,0.001056671142578125,196.1123046875,110.52294921875,271.15283203125,182.92626953125
1426,680,1,0.8916015625,41.384521484375,186.1689453125,82.400634765625,227.4306640625
1427,680,4,0.88720703125,71.5325927734375,26.77099609375,112.5487060546875,92.34765625
1428,680,13,0.74169921875,167.994140625,147.8544921875,205.8173828125,186.1689453125
1429,680,1,0.1812744140625,167.74853515625,147.8544921875,205.8173828125,186.1689453125
1430,680,0,0.1480712890625,168.23974609375,147.8544921875,205.57177734375,186.1689453125
1431,680,0,0.01009368896484375,41.4459228515625,186.1689453125,82.5234375,226.4482421875
1432,690,2,0.8818359375,206.019287109375,19.2333984375,224.512939453125,39.20654296875
1433,690,2,0.8798828125,84.82421875,75.20751953125,108.126220703125,97.39990234375
1434,690,2,0.87890625,110.098876953125,14.54833984375,128.96240234375,37.72705078125
1435,690,2,0.87744140625,189.62158203125,74.837646484375,210.33447265625,95.057373046875
1436,700,15,0.9306640625,182.58544921875,50.6787109375,231.36962890625,96.1474609375
1437,706,4,0.87060546875,118.330322265625,105.400390625,170.3564453125,173.052734375
1438,706,13,0.85791015625,411.306640625,97.8017578125,453.466796875,139.9619140625
1439,706,0,0.73388671875,250.2646484375,106.380859375,292.4248046875,148.05078125
1440,706,1,0.64404296875,410.81640625,97.06640625,452.9765625,139.716796875
1441,706,13,0.544921875,250.14208984375,105.890625,292.1796875,148.05078125
1442,706,1,0.06878662109375,249.2841796875,106.01318359375,291.9345703125,148.05078125
1443,716,5,0.8232421875,28.458343505859375,117.474609375,49.2462158203125,136.576171875
1444,716,5,0.42822265625,59.93115234375,118.66845703125,77.719482421875,135.85986328125
1445,716,14,0.29248046875,255.4833984375,137.29248046875,263.1240234375,159.73681640625
1446,716,8,0.0083770751953125,0.074615478515625,113.41552734375,18.265869140625,132.03955078125
1447,716,5,0.004299163818359375,0.02984619140625,113.1767578125,17.19140625,132.2783203125
1448,716,5,0.0038242340087890625,393.0146484375,153.52880859375,410.2060546875,164.98974609375
1449,716,5,0.0025119781494140625,349.0810546875,149.4697265625,365.3173828125,160.9306640625
1450,716,16,0.001483917236328125,0.03357696533203125,125.5927734375,3.1860809326171875,146.6044921875
1451,716,14,0.0010318756103515625,252.140625,133.7109375,257.87109375,159.498046875
1452,717,6,0.884765625,146.60009765625,184.875,218.81689453125,221.9462890625
1453,717,15,0.8798828125,71.855712890625,163.69140625,90.872802734375,186.80078125
1454,717,5,0.0016870498657226562,335.5673828125,97.372314453125,373.1201171875,110.371337890625
1455,718,2,0.85302734375,333.45703125,74.56640625,348.71484375,95.484375
1456,718,2,0.84912109375,401.625,52.541015625,416.8828125,71.982421875
1457,718,2,0.84814453125,323.859375,35.19140625,337.640625,52.91015625
1458,718,2,0.83447265625,282.515625,50.44921875,296.296875,69.15234375
1459,719,10,0.86865234375,393.36328125,73.388671875,416.84765625,95.4052734375
1460,719,10,0.841796875,319.974609375,115.46484375,342.48046875,137.970703125
1461,719,15,0.0014047622680664062,0.0382232666015625,117.66650390625,4.6555938720703125,171.97412109375
1462,719,17,0.0010814666748046875,496.5966796875,88.5556640625,501.0,116.68798828125
1463,720,11,0.8857421875,76.8603515625,70.81787109375,93.53759765625,83.38623046875
1464,720,9,0.85986328125,76.8603515625,38.1884765625,93.900146484375,51.240234375
1465,720,10,0.85498046875,107.918701171875,17.64404296875,122.178955078125,32.14599609375
1466,720,10,0.85400390625,185.38330078125,53.173828125,201.33544921875,67.1923828125
1467,720,9,0.85400390625,111.060791015625,58.24951171875,127.37548828125,72.26806640625
1468,720,17,0.81298828125,126.89208984375,31.904296875,139.46044921875,43.9892578125
1469,720,17,0.21337890625,148.4033203125,47.977294921875,161.455078125,60.062255859375
1470,720,9,0.1048583984375,148.4033203125,48.09814453125,161.455078125,59.94140625
1471,731,7,0.875,216.5625,98.85498046875,258.85986328125,136.07666015625
1472,731,7,0.546875,79.156494140625,40.36376953125,115.411376953125,63.08349609375
1473,731,7,0.001178741455078125,0.0,28.76220703125,5.275840759277344,71.54296875
1474,744,1,0.896484375,264.05029296875,45.70556640625,294.83642578125,76.96533203125
1475,744,13,0.8955078125,250.5517578125,89.161376953125,281.8115234375,120.184326171875
1476,744,0,0.8916015625,314.4921875,104.43603515625,349.541015625,141.85302734375
1477,744,12,0.884765625,94.48974609375,141.142578125,125.74951171875,171.455078125
1478,744,0,0.88427734375,172.63916015625,87.38525390625,203.42529296875,118.8818359375
1479,744,3,0.88232421875,124.80224609375,68.43994140625,173.58642578125,116.27685546875
1480,744,4,0.87890625,173.8232421875,134.51171875,236.81640625,174.296875
1481,744,3,0.81982421875,330.595703125,36.4697265625,388.37890625,75.78125
1482,744,12,0.70263671875,139.7216796875,193.7158203125,177.138671875,228.291015625
1483,744,13,0.55810546875,139.7216796875,193.47900390625,177.138671875,228.52783203125
1484,744,3,0.004505157470703125,0.0,19.18212890625,10.641937255859375,76.96533203125
1485,744,3,0.00260162353515625,331.0693359375,36.943359375,361.3818359375,75.3076171875
1486,744,3,0.0025119781494140625,0.0,18.23486328125,6.42364501953125,59.677734375
1487,744,11,0.002368927001953125,139.48486328125,193.95263671875,176.90185546875,228.52783203125
1488,745,12,0.80810546875,195.20703125,119.9365234375,240.109375,165.4296875
1489,745,1,0.689453125,261.8515625,91.6953125,303.4453125,138.9609375
1490,745,0,0.11395263671875,261.37890625,91.931640625,304.86328125,139.43359375
1491,746,2,0.87060546875,355.01953125,39.392578125,372.52734375,61.0341796875
1492,748,2,0.8740234375,220.875,147.734375,234.921875,167.109375
1493,748,2,0.84912109375,151.125,167.3515625,166.625,188.6640625
1494,748,2,0.84814453125,100.87109375,141.6796875,115.28125,161.0546875
1495,748,2,0.83447265625,143.6171875,127.875,157.6640625,145.3125
1496,748,2,0.154541015625,143.859375,135.8671875,159.359375,163.9609375
1497,748,14,0.001461029052734375,341.0,0.60546875,351.171875,10.29296875
1498,761,15,0.86328125,245.9326171875,158.78173828125,272.6748046875,184.56884765625
1499,761,15,0.84375,209.6396484375,79.03271484375,228.7412109375,99.08935546875
1500,761,6,0.841796875,208.6845703125,113.654296875,265.27294921875,138.9638671875
1501,761,2,0.57373046875,295.119140625,121.7724609375,312.310546875,139.44140625
1502,761,17,0.0034160614013671875,295.119140625,121.7724609375,311.35546875,138.0087890625
1503,770,12,0.923828125,78.86962890625,70.254638671875,115.75634765625,103.986572265625
1504,770,3,0.9189453125,383.427734375,102.65185546875,436.81640625,196.81005859375
1505,770,13,0.9150390625,210.39990234375,63.945068359375,246.0732421875,99.861083984375
1506,770,0,0.9130859375,130.80224609375,17.9580078125,168.17431640625,54.8447265625
1507,770,13,0.90283203125,316.20654296875,78.1416015625,354.54931640625,118.42578125
1508,770,4,0.88818359375,247.28662109375,0.606689453125,324.94287109375,40.648193359375
1509,770,1,0.8740234375,201.17822265625,134.927734375,241.46240234375,173.755859375
1510,770,3,0.8447265625,96.5849609375,128.86083984375,158.7099609375,204.09033203125
1511,770,13,0.82080078125,384.8837890625,0.0,423.7119140625,34.4599609375
1512,770,12,0.0994873046875,385.12646484375,0.72802734375,423.46923828125,34.70263671875
1513,770,12,0.00453948974609375,81.3570556640625,62.6103515625,104.2899169921875,75.71484375
1514,770,1,0.0031604766845703125,384.8837890625,0.24267578125,423.2265625,35.18798828125
1515,770,11,0.00266265869140625,385.61181640625,0.24267578125,422.98388671875,34.9453125
1516,770,3,0.0010480880737304688,91.7314453125,128.86083984375,138.203857421875,148.76025390625
1517,773,0,0.86083984375,221.8798828125,62.841796875,259.1015625,98.61328125
1518,773,0,0.1871337890625,151.54541015625,81.815185546875,187.80029296875,118.070068359375
1519,773,17,0.1302490234375,151.3037109375,82.056884765625,187.55859375,117.828369140625
1520,773,1,0.053985595703125,149.490966796875,81.93603515625,187.679443359375,117.70751953125
1521,773,6,0.001201629638671875,487.265625,153.47900390625,495.0,185.38330078125
1522,782,8,0.88720703125,437.4755859375,154.92919921875,495.0,243.87451171875
1523,782,14,0.8291015625,227.197265625,161.9384765625,256.6845703125,232.5146484375
1524,782,14,0.82666015625,261.5185546875,160.9716796875,287.6220703125,232.5146484375
1525,782,14,0.81982421875,146.71142578125,148.88671875,179.09912109375,233.96484375
1526,782,14,0.80322265625,357.2314453125,135.3515625,387.2021484375,232.998046875
1527,782,15,0.006565093994140625,0.0075531005859375,43.26416015625,8.633193969726562,94.50439453125
1528,782,15,0.00263214111328125,0.015106201171875,31.66259765625,9.0032958984375,133.17626953125
1529,782,8,0.00263214111328125,486.298828125,211.2451171875,495.0,255.7177734375
1530,782,8,0.002216339111328125,489.19921875,246.533203125,495.0,256.0
1531,782,8,0.0021820068359375,486.298828125,236.865234375,495.0,256.0
1532,782,8,0.0018033981323242188,482.431640625,189.0087890625,495.0,255.234375
1533,782,14,0.0016355514526367188,466.4794921875,147.919921875,495.0,233.96484375
1534,782,7,0.0015363693237304688,0.0,36.97998046875,7.2887420654296875,85.80322265625
1535,782,8,0.0012445449829101562,437.958984375,153.2373046875,473.73046875,231.5478515625
1536,783,9,0.90283203125,286.15234375,175.13671875,305.29296875,195.712890625
1537,783,10,0.89892578125,216.2890625,162.6953125,236.1474609375,179.921875
1538,783,9,0.8857421875,308.642578125,145.947265625,328.740234375,162.216796875
1539,783,10,0.8798828125,268.2080078125,94.0283203125,284.4775390625,110.2978515625
1540,783,17,0.87890625,260.5517578125,129.19921875,275.8642578125,144.51171875
1541,783,17,0.86962890625,243.564453125,143.076171875,259.833984375,159.345703125
1542,783,11,0.86865234375,360.80078125,160.302734375,382.8125,176.572265625
1543,792,5,0.8740234375,187.6220703125,158.447265625,319.3359375,212.646484375
1544,792,14,0.83349609375,13.7939453125,149.90234375,45.47119140625,234.86328125
1545,792,14,0.78271484375,439.697265625,113.28125,481.689453125,254.8828125
1546,792,14,0.751953125,322.265625,113.28125,371.09375,254.8828125
1547,792,5,0.26904296875,357.91015625,155.76171875,459.47265625,216.796875
1548,792,5,0.03948974609375,360.3515625,144.287109375,411.62109375,192.626953125
1549,792,5,0.00605010986328125,472.65625,104.8583984375,500.0,241.69921875
1550,792,8,0.00391387939453125,129.150390625,167.48046875,163.330078125,202.63671875
1551,792,8,0.0014667510986328125,486.328125,130.615234375,500.0,193.115234375
1552,792,8,0.0011882781982421875,493.1640625,120.1171875,500.0,178.7109375
1553,792,8,0.0010204315185546875,488.28125,121.2158203125,500.0,176.7578125
1554,803,0,0.84716796875,326.6552734375,14.49072265625,364.9697265625,50.5947265625
1555,803,3,0.84716796875,296.93701171875,73.43603515625,362.26806640625,133.85498046875
1556,803,0,0.82666015625,273.6044921875,185.43212890625,323.7080078125,236.02685546875
1557,803,3,0.81884765625,179.53759765625,51.33154296875,254.9384765625,92.34765625
1558,803,3,0.79833984375,116.6011962890625,178.3095703125,190.83544921875,229.3955078125
1559,803,12,0.78271484375,387.07421875,86.20751953125,429.318359375,128.697265625
1560,803,13,0.740234375,210.23828125,123.04833984375,249.0439453125,162.83642578125
1561,803,12,0.64404296875,210.115478515625,123.04833984375,248.921142578125,162.34521484375
1562,803,13,0.48046875,387.07421875,86.453125,429.318359375,128.697265625
1563,803,3,0.018829345703125,114.20654296875,167.994140625,149.57373046875,205.326171875
1564,803,3,0.002323150634765625,110.5224609375,158.169921875,151.53857421875,227.4306640625
1565,803,3,0.0012350082397460938,115.4345703125,172.4150390625,160.38037109375,218.5888671875
1566,806,3,0.84716796875,88.88671875,104.982421875,147.744140625,156.873046875
1567,806,4,0.82666015625,138.375,41.6806640625,213.328125,79.8779296875
1568,806,4,0.74609375,199.634765625,76.875,252.005859375,137.173828125
1569,808,15,0.9345703125,125.37109375,43.7841796875,174.658203125,89.2431640625
1570,817,5,0.83203125,194.140625,0.0,482.439453125,103.865234375
1571,817,5,0.005100250244140625,161.015380859375,0.0,399.9296875,85.421875
1572,822,7,0.796875,112.404296875,159.19921875,132.4248046875,176.56640625
1573,822,7,0.76611328125,52.644287109375,164.98828125,70.011474609375,181.390625
1574,829,17,0.8623046875,163.450439453125,112.4873046875,181.625244140625,130.1708984375
1575,829,9,0.81396484375,224.23779296875,180.765625,246.83349609375,199.431640625
1576,829,9,0.79931640625,345.3212890625,182.48486328125,372.337890625,204.58935546875
1577,829,9,0.478515625,275.5693359375,114.4521484375,299.1474609375,132.1357421875
1578,829,6,0.01348114013671875,490.228515625,153.7490234375,503.0,186.1689453125
1579,829,5,0.0014553070068359375,0.0383758544921875,218.5888671875,13.500625610351562,240.2021484375
1580,830,2,0.89892578125,150.52294921875,160.2724609375,179.53369140625,196.892578125
1581,830,2,0.88330078125,56.7730712890625,126.505859375,87.3294677734375,153.138671875
1582,830,17,0.77978515625,154.32763671875,112.47607421875,168.59521484375,126.26806640625
1583,830,2,0.0024051666259765625,56.44610595703125,126.9814453125,82.633056640625,144.1025390625
1584,839,14,0.85009765625,452.51171875,55.2373046875,463.125,79.8408203125
1585,839,5,0.84814453125,112.947021484375,18.33203125,137.97265625,40.041015625
1586,839,14,0.81884765625,403.3046875,42.6943359375,412.953125,66.3330078125
1587,839,14,0.79443359375,416.8125,43.6591796875,427.42578125,69.7099609375
1588,839,5,0.78271484375,183.3203125,12.3017578125,204.546875,31.1162109375
1589,839,8,0.61669921875,376.2890625,46.3125,390.76171875,64.64453125
1590,839,14,0.529296875,390.5205078125,43.1767578125,399.2041015625,64.4033203125
1591,839,14,0.3056640625,385.455078125,43.41796875,392.208984375,62.71484375
1592,839,14,0.2783203125,388.83203125,43.41796875,396.55078125,64.162109375
1593,839,14,0.182373046875,386.1787109375,42.935546875,392.9326171875,56.443359375
1594,839,5,0.15771484375,0.13568115234375,1.2060546875,13.032928466796875,13.7490234375
1595,839,14,0.047943115234375,379.4248046875,45.34765625,388.1083984375,60.78515625
1596,839,5,0.036773681640625,483.38671875,35.69921875,494.0,71.880859375
1597,839,14,0.0211181640625,484.3515625,35.81982421875,494.0,72.96630859375
1598,839,8,0.02001953125,382.3193359375,44.865234375,391.9677734375,64.64453125
1599,839,5,0.0174407958984375,18.512939453125,0.482421875,32.020751953125,5.7890625
1600,839,14,0.0162811279296875,392.4501953125,46.5537109375,400.6513671875,64.8857421875
1601,839,14,0.014007568359375,445.7578125,42.935546875,454.923828125,57.1669921875
1602,839,5,0.0125274658203125,0.0,15.6787109375,5.7890625,31.357421875
1603,839,8,0.007404327392578125,385.9375,47.0361328125,395.5859375,64.8857421875
1604,839,8,0.0058441162109375,483.38671875,39.3173828125,494.0,72.6044921875
1605,839,14,0.005001068115234375,446.240234375,42.453125,460.712890625,57.890625
1606,839,14,0.004055023193359375,489.17578125,47.759765625,494.0,73.0869140625
1607,839,14,0.0038242340087890625,381.595703125,43.41796875,391.244140625,52.583984375
1608,839,5,0.00279998779296875,0.0263824462890625,10.61328125,6.6069183349609375,18.814453125
1609,839,5,0.002140045166015625,0.007537841796875,12.060546875,5.917205810546875,27.498046875
1610,839,5,0.0020351409912109375,0.082916259765625,3.859375,8.9248046875,16.884765625
1611,839,5,0.001956939697265625,58.8253173828125,19.0556640625,75.9814453125,29.6689453125
1612,839,14,0.001918792724609375,482.904296875,47.0361328125,493.517578125,65.126953125
1613,839,5,0.0018672943115234375,480.974609375,39.3173828125,494.0,59.0966796875
1614,839,5,0.0017414093017578125,0.0,15.31689453125,5.5666961669921875,44.74462890625
1615,839,8,0.0015850067138671875,490.140625,50.8955078125,494.0,73.5693359375
1616,839,8,0.0012998580932617188,194.8984375,35.09619140625,205.2705078125,46.19189453125
1617,839,5,0.0012350082397460938,455.40625,42.6943359375,473.73828125,57.1669921875
1618,839,5,0.0010528564453125,251.5830078125,0.7236328125,262.1962890625,11.3369140625
1619,847,0,0.5234375,439.755859375,2.1533203125,490.0,92.5927734375
1620,847,8,0.004085540771484375,438.798828125,1.9140625,490.0,93.310546875
1621,852,9,0.85595703125,131.572265625,133.0341796875,151.5517578125,152.5263671875
1622,852,17,0.85107421875,76.994140625,86.49658203125,92.1005859375,101.11572265625
1623,852,9,0.394287109375,80.3443603515625,183.2265625,100.8111572265625,205.642578125
1624,852,17,0.33642578125,36.5478515625,136.68896484375,51.776123046875,148.87158203125
1625,852,17,0.322509765625,80.4661865234375,183.2265625,100.8111572265625,205.642578125
1626,852,10,0.27978515625,80.283447265625,183.2265625,100.993896484375,205.642578125
1627,852,9,0.105224609375,36.33465576171875,136.9326171875,51.74566650390625,149.6025390625
1628,852,9,0.0013151168823242188,0.0,138.8818359375,4.6979217529296875,160.3232421875
1629,854,9,0.88330078125,349.25,36.958984375,364.1328125,51.841796875
1630,854,10,0.87890625,302.6171875,72.181640625,321.46875,88.056640625
1631,854,10,0.87158203125,414.23828125,69.453125,433.08984375,84.83203125
1632,854,17,0.85986328125,344.2890625,77.142578125,359.171875,91.529296875
1633,854,11,0.84375,337.83984375,8.681640625,350.73828125,22.076171875
1634,854,17,0.83203125,375.046875,72.677734375,388.9375,86.568359375
1635,854,9,0.8056640625,399.603515625,33.734375,418.455078125,48.6171875
1636,855,14,0.81884765625,181.15234375,82.03125,209.9609375,165.771484375
1637,855,5,0.81884765625,395.5078125,126.8310546875,483.3984375,169.921875
1638,855,14,0.77880859375,301.7578125,83.984375,333.984375,175.78125
1639,855,14,0.7548828125,0.0,60.791015625,29.1748046875,164.794921875
1640,855,14,0.740234375,124.32861328125,68.359375,157.958984375,158.203125
1641,855,14,0.70263671875,289.55078125,85.205078125,311.03515625,165.283203125
1642,855,14,0.61669921875,53.52783203125,81.787109375,109.92431640625,162.841796875
1643,855,14,0.1055908203125,0.06103515625,76.904296875,20.5230712890625,165.283203125
1644,855,14,0.00763702392578125,123.779296875,108.88671875,146.484375,166.015625
1645,855,8,0.005260467529296875,22.247314453125,95.703125,39.886474609375,114.501953125
1646,855,8,0.004467010498046875,19.7296142578125,94.6044921875,46.56982421875,115.8447265625
1647,855,8,0.0035648345947265625,13.946533203125,93.26171875,42.05322265625,124.267578125
1648,855,5,0.0025615692138671875,0.00762939453125,53.955078125,15.61737060546875,82.763671875
1649,855,14,0.002010345458984375,0.06866455078125,97.7783203125,14.99176025390625,165.0390625
1650,858,14,0.80078125,292.009765625,5.70703125,483.1953125,239.6953125
1651,858,14,0.0271759033203125,373.09716796875,8.32275390625,480.57958984375,236.60400390625
1652,858,14,0.004505157470703125,281.546875,5.46923828125,364.7744140625,240.646484375
1653,863,17,0.8408203125,306.1201171875,101.298828125,321.4384765625,116.123046875
1654,863,9,0.83984375,233.9755859375,141.32421875,256.7060546875,157.13671875
1655,863,9,0.75341796875,214.45703125,100.0634765625,233.4814453125,113.4052734375
1656,863,10,0.501953125,136.1357421875,121.064453125,155.9013671875,139.34765625
1657,863,11,0.1883544921875,135.888671875,121.064453125,156.1484375,139.34765625
1658,863,6,0.007373809814453125,0.01544189453125,119.8291015625,17.2640380859375,152.9365234375
1659,863,6,0.0029582977294921875,491.17578125,140.3359375,506.0,173.9375
1660,863,6,0.001964569091796875,0.0,120.44677734375,11.859375,165.04296875
1661,863,6,0.0011339187622070312,0.04632568359375,120.8173828125,17.71185302734375,140.5830078125
1662,864,15,0.8623046875,183.576171875,150.28515625,211.6357421875,177.869140625
1663,864,15,0.84716796875,263.474609375,178.8203125,289.15625,205.453125
1664,864,15,0.82666015625,257.767578125,138.63330078125,280.595703125,159.08349609375
1665,864,7,0.0027675628662109375,245.8779296875,234.939453125,261.0966796875,247.0
1666,871,2,0.90283203125,184.52734375,81.80078125,215.67822265625,121.2744140625
1667,871,17,0.77734375,266.8037109375,43.99169921875,284.400390625,61.3505859375
1668,871,2,0.014007568359375,165.9794921875,19.974609375,184.52734375,47.0830078125
1669,871,17,0.00400543212890625,167.40625,19.974609375,182.625,37.095703125
1670,875,8,0.841796875,257.32421875,95.703125,301.26953125,159.66796875
1671,875,8,0.77587890625,171.142578125,116.943359375,222.412109375,168.701171875
1672,875,14,0.7431640625,293.45703125,114.501953125,333.984375,162.841796875
1673,875,14,0.689453125,386.474609375,80.56640625,428.466796875,138.18359375
1674,875,8,0.548828125,0.54931640625,133.7890625,64.27001953125,188.4765625
1675,875,8,0.375732421875,132.4462890625,131.8359375,162.2314453125,166.9921875
1676,875,14,0.06982421875,171.38671875,84.9609375,201.171875,163.57421875
1677,875,8,0.0390625,148.193359375,127.9296875,172.119140625,166.9921875
1678,875,8,0.029083251953125,0.0,133.30078125,29.6630859375,187.01171875
1679,875,8,0.0230712890625,381.8359375,71.2890625,431.640625,145.01953125
1680,875,8,0.0222930908203125,169.7998046875,119.384765625,199.0966796875,164.794921875
1681,875,14,0.0218658447265625,178.8330078125,87.40234375,199.8291015625,135.25390625
1682,875,8,0.0218658447265625,134.27734375,129.39453125,167.48046875,156.73828125
1683,875,8,0.0194244384765625,143.06640625,133.7890625,167.96875,168.45703125
1684,875,14,0.0160980224609375,490.234375,27.587890625,500.0,133.30078125
1685,875,8,0.0141143798828125,148.3154296875,128.90625,168.0908203125,155.2734375
1686,875,8,0.0083770751953125,0.0,125.9765625,17.791748046875,192.87109375
1687,875,14,0.0082550048828125,142.578125,129.39453125,164.0625,157.71484375
1688,875,14,0.0078125,440.91796875,72.021484375,461.42578125,102.294921875
1689,875,14,0.007755279541015625,148.4375,127.9296875,164.794921875,149.90234375
1690,875,14,0.006145477294921875,494.140625,39.0625,500.0,103.515625
1691,875,14,0.00595855712890625,127.44140625,129.638671875,162.109375,161.376953125
1692,875,8,0.005428314208984375,258.056640625,107.666015625,286.865234375,151.123046875
1693,875,14,0.00498199462890625,445.80078125,80.56640625,477.05078125,133.7890625
1694,875,14,0.004772186279296875,485.3515625,67.3828125,500.0,128.90625
1695,875,8,0.004573822021484375,253.41796875,89.84375,335.9375,160.64453125
1696,875,14,0.004467010498046875,484.375,32.2265625,500.0,132.8125
1697,875,14,0.004180908203125,447.265625,73.2421875,463.8671875,102.783203125
1698,875,14,0.00395965576171875,297.8515625,115.966796875,318.359375,136.962890625
1699,875,14,0.0038700103759765625,495.1171875,46.142578125,500.0,90.33203125
1700,875,14,0.0038394927978515625,492.1875,67.138671875,500.0,129.638671875
1701,875,8,0.0034427642822265625,259.521484375,123.046875,286.865234375,158.69140625
1702,875,14,0.0033512115478515625,151.123046875,85.205078125,202.1484375,154.78515625
1703,875,14,0.003337860107421875,353.759765625,75.1953125,374.755859375,104.4921875
1704,875,14,0.003147125244140625,445.556640625,62.744140625,467.529296875,101.318359375
1705,875,14,0.003124237060546875,165.52734375,82.763671875,201.66015625,140.869140625
1706,875,14,0.0031108856201171875,153.4423828125,95.458984375,172.2412109375,131.8359375
1707,875,8,0.0025501251220703125,150.87890625,126.46484375,183.59375,166.9921875
1708,875,8,0.0024929046630859375,74.03564453125,131.103515625,122.61962890625,198.974609375
1709,875,8,0.0024433135986328125,382.32421875,60.05859375,462.40234375,147.4609375
1710,875,8,0.0024242401123046875,178.7109375,117.3095703125,218.505859375,152.34375
1711,875,8,0.0024242401123046875,0.0,126.46484375,10.15472412109375,196.2890625
1712,875,8,0.0022430419921875,295.8984375,141.11328125,335.9375,162.109375
1713,875,14,0.0021076202392578125,496.09375,43.0908203125,500.0,80.6884765625
1714,875,8,0.00206756591796875,133.30078125,130.37109375,192.87109375,167.48046875
1715,875,8,0.00183868408203125,0.0,104.3701171875,69.7021484375,190.4296875
1716,875,14,0.0018243789672851562,433.10546875,65.91796875,461.42578125,102.05078125
1717,875,8,0.0018100738525390625,179.6875,142.333984375,218.994140625,171.142578125
1718,875,14,0.0017271041870117188,409.1796875,85.693359375,433.59375,136.71875
1719,875,14,0.0016489028930664062,152.9541015625,86.181640625,179.8095703125,128.173828125
1720,875,8,0.0015125274658203125,287.841796875,105.712890625,307.373046875,132.8125
1721,875,8,0.0013723373413085938,93.6279296875,107.91015625,172.7294921875,184.08203125
1722,875,14,0.00133514404296875,148.0712890625,125.9765625,161.2548828125,143.06640625
1723,875,14,0.00133514404296875,123.779296875,120.1171875,157.470703125,154.78515625
1724,875,14,0.00130462646484375,174.072265625,116.8212890625,201.904296875,154.78515625
1725,875,5,0.0012645721435546875,495.60546875,40.771484375,500.0,79.833984375
1726,875,14,0.0012493133544921875,293.45703125,116.2109375,313.96484375,139.6484375
1727,875,14,0.0012159347534179688,493.1640625,89.599609375,500.0,126.220703125
1728,875,14,0.0011835098266601562,492.67578125,38.330078125,500.0,81.298828125
1729,875,14,0.001178741455078125,434.08203125,75.927734375,449.70703125,115.966796875
1730,875,14,0.0010900497436523438,299.31640625,115.234375,331.54296875,139.892578125
1731,875,14,0.00106048583984375,151.123046875,81.298828125,196.533203125,133.30078125
1732,875,14,0.0010480880737304688,177.978515625,118.65234375,198.974609375,145.99609375
1733,875,14,0.0010366439819335938,391.6015625,77.1484375,414.0625,100.5859375
1734,890,7,0.88720703125,96.84619140625,159.19921875,132.54541015625,190.07421875
1735,890,2,0.875,169.330078125,164.98828125,208.1650390625,210.3359375
1736,893,10,0.90673828125,280.76171875,144.287109375,300.78125,162.353515625
1737,893,9,0.892578125,353.02734375,152.34375,372.55859375,173.828125
1738,893,9,0.88720703125,373.779296875,120.849609375,395.263671875,136.962890625
1739,893,10,0.87841796875,328.369140625,71.2890625,344.970703125,87.890625
1740,893,17,0.87255859375,307.12890625,123.046875,323.73046875,139.6484375
1741,893,11,0.865234375,428.466796875,131.591796875,451.904296875,147.705078125
1742,893,17,0.84814453125,323.2421875,107.421875,338.8671875,123.046875
1743,896,14,0.732421875,457.65625,191.8408203125,475.41015625,239.1845703125
1744,896,14,0.7138671875,113.551025390625,141.29150390625,138.702392578125,217.73193359375
1745,896,16,0.513671875,425.84716796875,226.60888671875,450.50537109375,242.88330078125
1746,896,14,0.482421875,145.23681640625,163.2373046875,167.42919921875,215.5126953125
1747,896,14,0.455078125,359.5166015625,179.51171875,373.3251953125,202.197265625
1748,896,14,0.019866943359375,318.83056640625,168.41552734375,329.68017578125,199.48486328125
1749,896,14,0.007373809814453125,81.002197265625,179.0185546875,116.756591796875,256.0
1750,896,14,0.0069580078125,197.7587890625,158.3056640625,233.759765625,253.9794921875
1751,896,14,0.005199432373046875,243.86962890625,177.0458984375,259.15771484375,198.7451171875
1752,896,14,0.0034427642822265625,84.08447265625,187.8955078125,98.38623046875,207.6220703125
1753,896,14,0.0027675628662109375,255.458984375,177.29248046875,269.267578125,197.51220703125
1754,896,16,0.0023326873779296875,0.15411376953125,240.6640625,39.6380615234375,254.47265625
1755,896,14,0.0022335052490234375,83.3447265625,181.9775390625,101.591796875,238.1982421875
1756,896,16,0.0015735626220703125,411.05224609375,238.69140625,458.39599609375,255.458984375
1757,896,14,0.0013151168823242188,197.7587890625,159.53857421875,229.3212890625,212.30712890625
1758,903,2,0.8916015625,347.78125,26.640625,372.96875,60.0625
1759,903,17,0.006191253662109375,319.6875,134.8984375,337.125,153.3046875
1760,914,14,0.85302734375,248.828125,140.205078125,268.92578125,200.9765625
1761,914,14,0.79443359375,26.72210693359375,160.302734375,44.681396484375,201.455078125
1762,914,14,0.78515625,48.270263671875,155.0390625,66.513671875,203.84765625
1763,914,14,0.02288818359375,0.0186920166015625,157.431640625,6.8898773193359375,211.982421875
1764,914,14,0.005405426025390625,485.21484375,132.0703125,490.0,175.615234375
1765,914,14,0.0030269622802734375,485.693359375,135.8984375,490.0,162.6953125
1766,914,8,0.002368927001953125,0.0299072265625,158.388671875,5.480499267578125,212.939453125
1767,914,14,0.002216339111328125,0.022430419921875,168.1982421875,4.867401123046875,209.3505859375
1768,914,14,0.0017681121826171875,0.0,161.73828125,6.4337921142578125,196.19140625
1769,914,14,0.0013990402221679688,483.30078125,123.45703125,490.0,182.314453125
1770,919,2,0.8408203125,319.296875,148.2109375,335.9765625,166.3203125
1771,919,15,0.81884765625,401.7421875,183.4765625,423.1875,206.3515625
1772,919,15,0.05224609375,122.23828125,64.455078125,137.96484375,85.662109375
1773,919,14,0.001220703125,191.935546875,10.0078125,210.521484375,45.75
1774,922,6,0.87158203125,265.3828125,148.53515625,315.884765625,185.173828125
1775,922,15,0.8623046875,419.11669921875,152.9912109375,441.89208984375,173.7861328125
1776,926,14,0.80810546875,277.34375,84.716796875,307.6171875,164.55078125
1777,926,5,0.80419921875,390.625,127.9296875,476.5625,173.828125
1778,926,14,0.79443359375,186.5234375,92.7734375,218.75,165.0390625
1779,926,14,0.689453125,83.984375,59.814453125,129.7607421875,169.43359375
1780,926,14,0.46875,124.45068359375,107.421875,154.78515625,159.66796875
1781,926,14,0.46484375,155.029296875,80.322265625,183.837890625,164.794921875
1782,926,14,0.09136962890625,119.384765625,107.5439453125,141.357421875,160.15625
1783,926,5,0.030670166015625,0.244140625,85.205078125,101.07421875,156.73828125
1784,926,5,0.0208892822265625,480.95703125,134.765625,500.0,169.921875
1785,926,14,0.013427734375,206.54296875,114.3798828125,219.7265625,165.0390625
1786,926,5,0.0131683349609375,0.02288818359375,113.037109375,7.354736328125,156.982421875
1787,926,14,0.01262664794921875,0.02288818359375,80.322265625,9.80377197265625,154.541015625
1788,926,14,0.0087127685546875,206.298828125,138.18359375,217.041015625,163.57421875
1789,926,5,0.008575439453125,0.030517578125,73.1201171875,25.360107421875,96.8017578125
1790,926,14,0.0074615478515625,200.439453125,127.9296875,218.505859375,162.59765625
1791,926,14,0.005428314208984375,102.4169921875,118.2861328125,118.65234375,169.921875
1792,926,14,0.0032482147216796875,193.115234375,139.404296875,204.345703125,162.841796875
1793,926,14,0.003185272216796875,208.49609375,129.39453125,219.23828125,163.57421875
1794,926,14,0.0026721954345703125,80.56640625,120.60546875,101.07421875,168.45703125
1795,926,5,0.0026111602783203125,0.057220458984375,75.68359375,15.655517578125,120.849609375
1796,926,14,0.0024623870849609375,99.12109375,106.4453125,121.9482421875,169.43359375
1797,926,8,0.0018892288208007812,0.0,100.5859375,10.162353515625,155.76171875
1798,926,14,0.0017747879028320312,101.1962890625,94.6044921875,130.2490234375,166.015625
1799,926,5,0.0017414093017578125,460.44921875,110.83984375,497.55859375,147.94921875
1800,926,14,0.0015916824340820312,188.96484375,124.51171875,204.1015625,164.55078125
1801,926,14,0.0013246536254882812,114.44091796875,107.666015625,135.986328125,156.982421875
1802,926,14,0.0013151168823242188,156.6162109375,136.23046875,169.7998046875,164.55078125
1803,926,5,0.0012302398681640625,0.0,85.205078125,55.572509765625,155.76171875
1804,926,5,0.0010776519775390625,50.6591796875,80.078125,90.8203125,95.21484375
1805,926,5,0.001056671142578125,447.509765625,104.248046875,499.755859375,130.615234375
1806,926,14,0.0010404586791992188,80.078125,108.154296875,110.7177734375,168.212890625
1807,926,14,0.0010080337524414062,177.978515625,122.55859375,192.626953125,163.0859375
1808,931,15,0.89306640625,391.0078125,155.138671875,409.974609375,174.591796875
1809,938,2,0.89501953125,416.50390625,134.27734375,446.77734375,171.38671875
1810,938,2,0.89306640625,305.17578125,169.921875,345.703125,199.21875
1811,938,17,0.80810546875,329.1015625,118.408203125,344.7265625,133.056640625
1812,940,9,0.822265625,206.512451171875,56.220703125,226.485595703125,74.71435546875
1813,940,9,0.59814453125,159.04541015625,106.5234375,179.75830078125,128.7158203125
1814,940,17,0.490234375,159.2919921875,107.0166015625,179.51171875,128.7158203125
1815,940,17,0.373779296875,149.921875,12.57568359375,165.2099609375,27.86376953125
1816,940,17,0.05419921875,113.057861328125,63.6181640625,130.072021484375,83.3447265625
1817,940,11,0.00894927978515625,122.921142578125,103.564453125,140.428466796875,128.22265625
1818,940,17,0.0033512115478515625,325.48828125,45.61767578125,342.255859375,61.39892578125
1819,951,9,0.88330078125,211.81396484375,77.919921875,234.2529296875,101.591796875
1820,951,9,0.87255859375,119.1607666015625,103.0712890625,143.75732421875,122.3046875
1821,951,17,0.861328125,85.810546875,62.6318359375,103.564453125,78.90625
1822,951,10,0.861328125,307.98095703125,130.93505859375,331.65283203125,156.57958984375
1823,960,5,0.87255859375,228.02734375,150.87890625,360.3515625,204.58984375
1824,960,5,0.85400390625,383.30078125,138.671875,498.53515625,199.21875
1825,960,14,0.8173828125,119.7509765625,149.169921875,175.1708984375,256.0
1826,960,14,0.72314453125,475.5859375,104.00390625,500.0,210.9375
1827,960,8,0.1571044921875,173.583984375,170.166015625,205.810546875,202.880859375
1828,965,15,0.88427734375,415.5673828125,36.2314453125,436.9658203125,54.2255859375
1829,965,2,0.0208892822265625,229.7900390625,126.931640625,245.8388671875,156.111328125
1830,965,5,0.020172119140625,0.0,51.18603515625,8.693115234375,66.26220703125
1831,965,6,0.0199432373046875,187.9658203125,119.63671875,225.4130859375,136.171875
1832,965,15,0.01146697998046875,474.65625,0.486328125,498.0,28.693359375
1833,965,5,0.005161285400390625,0.0303955078125,49.3623046875,12.14300537109375,67.8427734375
1834,965,5,0.0013561248779296875,0.0,36.474609375,13.776763916015625,65.16796875
1835,967,6,0.8662109375,304.890625,205.029296875,356.9921875,231.5625
1836,967,15,0.85693359375,232.044921875,207.923828125,250.859375,226.255859375
1837,976,5,0.85791015625,392.08984375,127.197265625,485.83984375,171.142578125
1838,976,14,0.81396484375,459.9609375,103.02734375,483.88671875,174.31640625
1839,976,14,0.7548828125,108.0322265625,76.416015625,153.4423828125,163.330078125
1840,976,14,0.70068359375,155.517578125,73.486328125,207.275390625,166.259765625
1841,976,14,0.69287109375,221.19140625,90.33203125,257.080078125,167.96875
1842,976,5,0.1761474609375,0.244140625,99.609375,140.13671875,155.2734375
1843,976,5,0.1456298828125,480.95703125,130.859375,500.0,168.9453125
1844,976,14,0.052032470703125,132.4462890625,111.083984375,152.2216796875,161.376953125
1845,976,14,0.050506591796875,156.494140625,112.3046875,182.861328125,166.9921875
1846,976,5,0.038604736328125,59.9365234375,77.1484375,137.6953125,99.609375
1847,976,5,0.026458740234375,0.02288818359375,118.7744140625,10.52093505859375,155.76171875
1848,976,14,0.0173797607421875,108.0322265625,105.224609375,132.4462890625,162.353515625
1849,976,14,0.0136871337890625,129.150390625,90.33203125,153.076171875,163.57421875
1850,976,8,0.01358795166015625,144.6533203125,115.72265625,164.4287109375,159.66796875
1851,976,5,0.0094146728515625,56.396484375,77.392578125,109.2529296875,94.970703125
1852,976,8,0.007785797119140625,156.25,114.74609375,176.26953125,165.52734375
1853,976,5,0.00763702392578125,0.0,83.251953125,176.26953125,157.958984375
1854,976,8,0.0059356689453125,95.8251953125,78.369140625,155.6396484375,134.033203125
1855,976,8,0.005706787109375,0.0,104.248046875,9.7503662109375,151.611328125
1856,976,5,0.004756927490234375,91.552734375,78.0029296875,136.8408203125,100.2197265625
1857,976,5,0.00426483154296875,137.451171875,83.251953125,170.654296875,98.14453125
1858,976,5,0.0038089752197265625,99.4873046875,77.63671875,135.3759765625,92.529296875
1859,976,14,0.003482818603515625,156.005859375,99.853515625,187.744140625,159.912109375
1860,976,5,0.0033893585205078125,0.0,94.7265625,9.185791015625,135.7421875
1861,976,5,0.0033893585205078125,273.4375,133.7890625,302.734375,151.3671875
1862,976,5,0.003337860107421875,0.0457763671875,95.947265625,10.7574462890625,153.564453125
1863,976,8,0.0031604766845703125,146.97265625,118.1640625,175.29296875,161.1328125
1864,976,8,0.0024929046630859375,192.87109375,114.013671875,225.5859375,157.470703125
1865,976,5,0.002132415771484375,1.89208984375,104.248046875,76.72119140625,154.541015625
1866,976,5,0.001979827880859375,0.0152587890625,114.1357421875,15.777587890625,154.296875
1867,976,5,0.0016813278198242188,211.42578125,81.298828125,245.849609375,96.923828125
1868,976,5,0.0014324188232421875,86.181640625,64.94140625,163.818359375,91.30859375
1869,976,5,0.0013780593872070312,63.96484375,72.1435546875,89.2333984375,80.4443359375
1870,976,5,0.0013561248779296875,107.60498046875,77.1484375,177.978515625,160.64453125
1871,976,5,0.001255035400390625,481.93359375,124.51171875,500.0,154.78515625
1872,976,14,0.001255035400390625,0.0,117.1875,5.22613525390625,160.64453125
1873,976,5,0.0012159347534179688,482.421875,124.755859375,500.0,141.845703125
1874,977,8,0.89501953125,65.61279296875,0.0,103.82080078125,41.3818359375
1875,977,8,0.89404296875,384.521484375,0.244140625,411.376953125,41.50390625
1876,977,8,0.89306640625,283.203125,0.0,312.5,38.0859375
1877,977,8,0.89111328125,410.64453125,0.0,442.87109375,41.50390625
1878,977,8,0.8896484375,204.9560546875,0.0,236.2060546875,42.96875
1879,977,8,0.87744140625,311.767578125,0.0,339.111328125,41.748046875
1880,977,8,0.8759765625,22.94921875,2.5634765625,60.97412109375,43.3349609375
1881,977,8,0.875,446.533203125,0.0,490.478515625,43.3349609375
1882,977,8,0.86328125,105.95703125,0.0,128.662109375,40.283203125
1883,977,8,0.85693359375,250.244140625,0.3662109375,283.447265625,41.1376953125
1884,977,8,0.62060546875,0.0,1.708984375,29.205322265625,44.921875
1885,977,8,0.56591796875,230.95703125,0.244140625,249.51171875,17.333984375
1886,977,8,0.453369140625,129.8828125,0.0,145.99609375,15.380859375
1887,977,8,0.281494140625,260.7421875,11.474609375,282.71484375,40.771484375
1888,977,8,0.2069091796875,312.98828125,0.0,335.44921875,29.052734375
1889,977,8,0.1981201171875,25.360107421875,0.0,42.388916015625,17.578125
1890,977,8,0.1490478515625,24.5513916015625,0.0,43.212890625,31.25
1891,977,8,0.1268310546875,0.1068115234375,0.3662109375,16.265869140625,23.8037109375
1892,977,8,0.08819580078125,42.48046875,0.244140625,52.3681640625,8.544921875
1893,977,8,0.0726318359375,273.4375,0.0,285.15625,13.671875
1894,977,8,0.044677734375,189.208984375,0.0,205.322265625,15.13671875
1895,977,8,0.0416259765625,317.87109375,12.3291015625,338.8671875,41.6259765625
1896,977,8,0.0352783203125,19.134521484375,4.150390625,39.36767578125,35.15625
1897,977,8,0.0328369140625,112.6708984375,0.0,126.8310546875,17.822265625
1898,977,8,0.030670166015625,40.71044921875,0.48828125,54.87060546875,11.71875
1899,977,8,0.029754638671875,0.03814697265625,0.0,11.5509033203125,35.5224609375
1900,977,8,0.02801513671875,40.22216796875,0.732421875,57.9833984375,17.08984375
1901,977,8,0.0170440673828125,31.79931640625,0.244140625,45.71533203125,10.498046875
1902,977,8,0.0135345458984375,20.660400390625,0.48828125,40.740966796875,20.5078125
1903,977,8,0.01262664794921875,272.705078125,0.244140625,284.912109375,30.029296875
1904,977,8,0.0115509033203125,23.01025390625,4.8828125,44.73876953125,39.55078125
1905,977,8,0.010986328125,270.99609375,11.1083984375,283.203125,31.1279296875
1906,977,8,0.01016998291015625,492.1875,0.0,500.0,42.1142578125
1907,977,8,0.00933837890625,144.04296875,0.0,154.296875,8.7890625
1908,977,8,0.007373809814453125,36.7431640625,0.3662109375,50.29296875,12.3291015625
1909,977,8,0.007038116455078125,110.9619140625,0.0,127.44140625,27.4658203125
1910,977,8,0.00701141357421875,112.548828125,0.0,125.732421875,9.521484375
1911,977,8,0.004756927490234375,1.46484375,0.8544921875,22.27783203125,28.1982421875
1912,977,8,0.004608154296875,292.96875,13.5498046875,311.5234375,38.4521484375
1913,977,8,0.00428009033203125,13.580322265625,2.44140625,31.8603515625,34.1796875
1914,977,8,0.004215240478515625,34.11865234375,0.3662109375,46.32568359375,17.9443359375
1915,977,8,0.004024505615234375,0.0,11.71875,15.960693359375,44.921875
1916,977,8,0.0031719207763671875,264.16015625,0.244140625,274.90234375,10.009765625
1917,977,8,0.0030040740966796875,181.884765625,0.0,205.322265625,17.333984375
1918,977,8,0.0026721954345703125,227.9052734375,0.0,239.6240234375,9.27734375
1919,977,8,0.002590179443359375,474.609375,0.0,490.234375,17.08984375
1920,977,8,0.0025615692138671875,496.09375,0.0,500.0,12.20703125
1921,977,8,0.0023784637451171875,494.140625,4.150390625,500.0,51.513671875
1922,977,8,0.00229644775390625,116.8212890625,0.0,129.0283203125,10.498046875
1923,977,8,0.002216339111328125,446.77734375,0.0,468.26171875,30.3955078125
1924,977,8,0.0021820068359375,250.9765625,0.0,271.484375,35.64453125
1925,977,8,0.0020503997802734375,0.0,21.484375,3.92913818359375,62.98828125
1926,977,8,0.0019121170043945312,0.0,17.822265625,8.8958740234375,53.955078125
1927,977,8,0.0018033981323242188,40.6494140625,0.732421875,60.9130859375,30.517578125
1928,977,8,0.0015611648559570312,355.95703125,2.44140625,381.34765625,43.212890625
1929,977,8,0.0015363693237304688,0.030517578125,0.0,9.552001953125,10.6201171875
1930,977,8,0.0013990402221679688,0.030517578125,0.1220703125,20.050048828125,11.3525390625
1931,977,8,0.0013666152954101562,86.42578125,0.0,104.3701171875,23.5595703125
1932,977,8,0.00130462646484375,0.0743865966796875,0.0,3.5724639892578125,6.591796875
1933,977,8,0.001255035400390625,0.0,20.263671875,4.21142578125,48.095703125
1934,977,8,0.001255035400390625,471.6796875,0.0,491.2109375,24.90234375
1935,977,8,0.0012063980102539062,49.31640625,0.244140625,61.70654296875,7.8125
1936,977,8,0.0011968612670898438,70.1904296875,0.0,104.3701171875,26.9775390625
1937,977,8,0.0011425018310546875,115.6005859375,0.0,128.5400390625,23.5595703125
1938,977,5,0.0011339187622070312,0.02288818359375,0.0,12.48931884765625,18.798828125
1939,977,8,0.0010986328125,68.4814453125,18.1884765625,88.7451171875,41.1376953125
1940,977,8,0.0010862350463867188,21.392822265625,0.0,39.0625,13.671875
1941,977,8,0.0010318756103515625,105.712890625,0.0,120.1171875,4.638671875
1942,978,14,0.84814453125,256.322265625,70.90283203125,307.9765625,175.4296875
1943,978,8,0.8447265625,132.546875,147.166015625,231.4697265625,201.744140625
1944,978,8,0.84375,1.827392578125,133.521484375,67.613525390625,187.6123046875
1945,978,14,0.7958984375,327.46875,91.004150390625,346.9609375,123.897216796875
1946,978,14,0.6533203125,139.8564453125,104.52685546875,163.2470703125,135.470703125
1947,978,14,0.61328125,87.71484375,110.37451171875,114.27294921875,191.75439453125
1948,978,14,0.5888671875,445.8837890625,62.13134765625,467.3251953125,119.3896484375
1949,978,14,0.57177734375,62.4359130859375,111.227294921875,94.1107177734375,194.921875
1950,978,14,0.53515625,213.68310546875,88.44580078125,248.0380859375,140.58740234375
1951,978,14,0.301513671875,437.35595703125,61.64404296875,461.23388671875,118.90234375
1952,978,14,0.137939453125,430.77734375,54.0908203125,455.142578125,118.90234375
1953,978,14,0.07318115234375,230.129638671875,94.29345703125,248.890869140625,127.91748046875
1954,978,14,0.063720703125,425.904296875,52.62890625,443.447265625,118.17138671875
1955,978,14,0.0285491943359375,0.0228424072265625,126.821044921875,10.842529296875,203.693359375
1956,978,14,0.0259552001953125,437.1123046875,68.95361328125,454.6552734375,115.73486328125
1957,978,8,0.0253753662109375,0.045684814453125,127.673828125,10.949127197265625,204.1806640625
1958,978,14,0.0190582275390625,65.6033935546875,112.5673828125,90.5777587890625,137.66357421875
1959,978,14,0.0181884765625,487.3046875,40.20263671875,499.0,143.02392578125
1960,978,8,0.0162200927734375,486.8173828125,58.72021484375,499.0,136.9326171875
1961,978,8,0.01554107666015625,487.7919921875,86.98388671875,499.0,138.15087890625
1962,978,14,0.0144500732421875,0.0,154.962890625,10.400909423828125,208.56640625
1963,978,14,0.01090240478515625,491.6904296875,72.486572265625,499.0,118.780517578125
1964,978,14,0.006984710693359375,0.0228424072265625,128.89208984375,4.5684814453125,203.93701171875
1965,978,14,0.006824493408203125,489.25390625,57.25830078125,499.0,123.04443359375
1966,978,14,0.00586700439453125,256.8095703125,78.69970703125,289.9462890625,173.48046875
1967,978,8,0.0050201416015625,0.015228271484375,125.2373046875,4.6674652099609375,203.2060546875
1968,978,8,0.0050201416015625,0.045684814453125,127.308349609375,26.64947509765625,197.3583984375
1969,978,14,0.00469970703125,0.015228271484375,141.8056640625,7.6674346923828125,206.1298828125
1970,978,14,0.0041351318359375,0.03045654296875,136.4453125,9.525283813476562,237.8046875
1971,978,14,0.00395965576171875,0.0,146.6787109375,15.037918090820312,204.1806640625
1972,978,14,0.003482818603515625,493.15234375,57.25830078125,499.0,123.04443359375
1973,978,14,0.0032482147216796875,61.765869140625,112.689208984375,90.516845703125,155.4501953125
1974,978,14,0.00284576416015625,136.20166015625,110.130859375,164.46533203125,155.4501953125
1975,978,8,0.0025310516357421875,479.0205078125,63.349609375,499.0,140.58740234375
1976,978,8,0.0022258758544921875,493.15234375,110.86181640625,499.0,144.97314453125
1977,978,8,0.002002716064453125,128.89208984375,160.3232421875,191.26708984375,204.66796875
1978,978,8,0.001956939697265625,51.654296875,107.085205078125,120.3642578125,196.87109375
1979,978,14,0.001926422119140625,216.11962890625,95.75537109375,238.53564453125,135.22705078125
1980,978,14,0.0018892288208007812,223.185546875,91.85693359375,249.0126953125,132.79052734375
1981,978,8,0.0017271041870117188,106.110595703125,118.90234375,136.9326171875,153.98828125
1982,978,14,0.001720428466796875,491.6904296875,89.90771484375,499.0,137.17626953125
1983,978,8,0.001674652099609375,491.203125,94.537109375,499.0,136.9326171875
1984,978,14,0.0012302398681640625,424.19873046875,54.456298828125,442.22900390625,92.222412109375
1985,978,14,0.0010480880737304688,0.0076141357421875,110.496337890625,9.944061279296875,178.8408203125
1986,980,17,0.11517333984375,229.5205078125,63.474609375,250.21875,84.1728515625
1987,980,14,0.0182647705078125,0.02874755859375,0.0,11.4415283203125,74.513671875
1988,980,14,0.01384735107421875,193.298583984375,2.874755859375,319.212890625,83.597900390625
1989,980,7,0.0100555419921875,0.01078033447265625,44.84619140625,5.850128173828125,74.74365234375
1990,980,6,0.0074615478515625,0.03234100341796875,28.28759765625,6.7772369384765625,76.58349609375
1991,980,14,0.006717681884765625,0.02874755859375,0.0,4.9661407470703125,75.8935546875
1992,980,2,0.00498199462890625,0.01796722412109375,40.0166015625,5.131439208984375,75.8935546875
1993,980,7,0.004962921142578125,0.014373779296875,38.40673828125,4.8080291748046875,94.06201171875
1994,980,2,0.0041656494140625,80.4931640625,15.523681640625,106.2509765625,48.640869140625
1995,980,2,0.00327301025390625,281.9560546875,31.96728515625,309.5537109375,67.84423828125
1996,980,14,0.00257110595703125,198.93310546875,24.722900390625,214.57177734375,44.961181640625
1997,980,7,0.0021991729736328125,0.01078033447265625,40.70654296875,7.053932189941406,85.0927734375
1998,980,14,0.0017271041870117188,99.8690185546875,3.2197265625,248.37890625,57.26513671875
1999,980,2,0.0016937255859375,0.0,52.8955078125,4.700225830078125,101.88134765625
2000,980,14,0.0015850067138671875,70.14404296875,2.184814453125,150.17724609375,56.920166015625
2001,980,14,0.0011472702026367188,0.014373779296875,43.46630859375,4.3336944580078125,107.86083984375
2002,980,14,0.001129150390625,191.228759765625,5.51953125,318.29296875,139.3681640625
2003,980,14,0.0011157989501953125,70.60400390625,2.06982421875,251.36865234375,77.7333984375
2004,980,14,0.0011072158813476562,198.01318359375,13.56884765625,217.79150390625,45.76611328125
2005,980,2,0.0010166168212890625,0.014373779296875,20.92822265625,4.2905731201171875,71.98388671875
2006,983,5,0.8427734375,0.0596923828125,166.18359375,42.82928466796875,194.3583984375
2007,983,5,0.8388671875,429.78515625,176.45068359375,489.0,207.49072265625
2008,983,5,0.7880859375,318.99609375,174.779296875,376.30078125,201.521484375
2009,983,14,0.607421875,55.4542236328125,142.306640625,64.0499267578125,152.8125
2010,983,5,0.36669921875,88.702880859375,150.66357421875,113.534912109375,169.76513671875
2011,983,8,0.350341796875,8.02862548828125,152.8125,19.96710205078125,167.138671875
2012,983,5,0.30908203125,0.14923095703125,131.3232421875,31.60711669921875,147.5595703125
2013,983,5,0.23095703125,281.748046875,168.5712890625,341.91796875,198.65625
2014,983,8,0.184814453125,53.7828369140625,144.6943359375,67.0345458984375,160.453125
2015,983,5,0.1339111328125,137.29248046875,108.16259765625,152.09619140625,120.8173828125
2016,983,5,0.09332275390625,21.175872802734375,47.75390625,43.6351318359375,60.6474609375
2017,983,14,0.06781005859375,14.020248413085938,146.36572265625,22.68310546875,161.64697265625
2018,983,5,0.047088623046875,102.073974609375,140.63525390625,117.116455078125,152.09619140625
2019,983,8,0.04486083984375,10.0880126953125,148.5146484375,23.96649169921875,165.7060546875
2020,983,5,0.0311431884765625,45.963134765625,110.3115234375,75.331787109375,127.025390625
2021,983,8,0.03021240234375,0.0,152.8125,9.535858154296875,166.18359375
2022,983,5,0.027587890625,130.3681640625,83.927490234375,169.28759765625,104.939208984375
2023,983,5,0.0200958251953125,374.8681640625,119.14599609375,412.1162109375,134.90478515625
2024,983,5,0.0184783935546875,77.361328125,150.90234375,99.8056640625,168.09375
2025,983,14,0.018341064453125,10.737167358398438,146.126953125,20.176025390625,158.54296875
2026,983,5,0.0177154541015625,19.78802490234375,45.84375,42.23236083984375,57.3046875
2027,983,5,0.0165863037109375,260.736328125,65.66162109375,291.7763671875,78.7939453125
2028,983,5,0.01433563232421875,44.8289794921875,113.1767578125,75.451171875,133.7109375
2029,983,5,0.010406494140625,134.42724609375,71.033935546875,185.52392578125,93.239501953125
2030,983,14,0.0095977783203125,56.67791748046875,141.11279296875,69.840087890625,151.14111328125
2031,983,5,0.00806427001953125,76.764404296875,150.18603515625,93.239501953125,165.46728515625
2032,983,5,0.00803375244140625,16.2960205078125,49.42529296875,50.3206787109375,63.5126953125
2033,983,14,0.0074310302734375,55.72283935546875,142.7841796875,68.407470703125,153.2900390625
2034,983,5,0.00653839111328125,125.5927734375,72.1083984375,175.734375,96.9404296875
2035,983,5,0.00653839111328125,49.21636962890625,109.59521484375,98.8505859375,128.69677734375
2036,983,14,0.00621795654296875,47.3360595703125,138.486328125,54.4991455078125,147.08203125
2037,983,5,0.006145477294921875,410.92236328125,55.752685546875,452.94580078125,69.123779296875
2038,983,5,0.0055999755859375,0.0,153.2900390625,6.790008544921875,165.7060546875
2039,983,5,0.005535125732421875,0.0,122.7275390625,33.18896484375,146.126953125
2040,983,5,0.00547027587890625,146.84326171875,70.91455078125,200.32763671875,91.92626953125
2041,983,5,0.004573822021484375,73.30224609375,108.64013671875,105.05859375,123.6826171875
2042,983,5,0.004299163818359375,475.62890625,116.400146484375,489.0,137.53125
2043,983,5,0.004299163818359375,151.14111328125,82.6142578125,188.150390625,99.08935546875
2044,983,5,0.003795623779296875,16.8929443359375,115.0869140625,49.1268310546875,129.4130859375
2045,983,5,0.0036792755126953125,184.330078125,78.07763671875,221.33935546875,95.74658203125
2046,983,5,0.0036640167236328125,314.93701171875,69.601318359375,349.79736328125,80.823486328125
2047,983,5,0.003650665283203125,179.31591796875,68.04931640625,226.59228515625,85.24072265625
2048,983,5,0.0035114288330078125,23.280029296875,107.923828125,73.421630859375,124.87646484375
2049,983,5,0.0034694671630859375,185.7626953125,72.1083984375,223.9658203125,91.2099609375
2050,983,5,0.003376007080078125,176.808837890625,74.49609375,213.101806640625,90.732421875
2051,983,5,0.0033245086669921875,0.0,110.55029296875,22.4443359375,138.24755859375
2052,983,5,0.0032596588134765625,0.08953857421875,110.07275390625,34.8006591796875,132.03955078125
2053,983,5,0.0029811859130859375,290.34375,172.869140625,374.390625,201.9990234375
2054,983,5,0.0029468536376953125,457.9599609375,97.8955078125,489.0,120.8173828125
2055,983,5,0.00284576416015625,467.033203125,52.648681640625,489.0,66.019775390625
2056,983,5,0.002834320068359375,73.182861328125,114.37060546875,101.357666015625,129.17431640625
2057,983,14,0.0028228759765625,46.56005859375,137.0537109375,54.081298828125,145.171875
2058,983,5,0.0027370452880859375,58.46868896484375,114.1318359375,100.7607421875,131.80078125
2059,983,5,0.0027141571044921875,20.7132568359375,96.9404296875,74.1976318359375,115.32568359375
2060,983,5,0.0026531219482421875,350.9912109375,128.935546875,381.5537109375,146.126953125
2061,983,5,0.0024433135986328125,451.751953125,139.44140625,488.044921875,168.09375
2062,983,5,0.00243377685546875,97.537353515625,141.3515625,116.400146484375,155.2001953125
2063,983,5,0.002323150634765625,0.0,145.41064453125,9.9686279296875,161.16943359375
2064,983,5,0.0022792816162109375,177.40576171875,69.720703125,211.31103515625,84.5244140625
2065,983,5,0.0022335052490234375,463.212890625,152.3349609375,487.5673828125,170.4814453125
2066,983,14,0.002216339111328125,6.2154693603515625,148.5146484375,13.781478881835938,157.587890625
2067,983,5,0.0021915435791015625,10.74462890625,103.1484375,54.2603759765625,124.16015625
2068,983,5,0.002140045166015625,134.90478515625,58.02099609375,195.55224609375,85.001953125
2069,983,5,0.002132415771484375,467.5107421875,90.2548828125,489.0,108.4013671875
2070,983,5,0.0020999908447265625,0.0,104.103515625,12.251861572265625,134.1884765625
2071,983,5,0.00208282470703125,83.80810546875,107.4462890625,108.87890625,123.205078125
2072,983,5,0.0020275115966796875,267.421875,122.01123046875,277.927734375,133.47216796875
2073,983,5,0.002002716064453125,464.16796875,87.509033203125,489.0,97.537353515625
2074,983,14,0.002002716064453125,6.92431640625,152.09619140625,17.086944580078125,167.37744140625
2075,983,5,0.001995086669921875,50.738525390625,111.744140625,73.182861328125,123.6826171875
2076,983,5,0.001972198486328125,20.176025390625,115.0869140625,73.0634765625,131.56201171875
2077,983,5,0.001964569091796875,316.6083984375,64.9453125,350.0361328125,75.9287109375
2078,983,5,0.0018968582153320312,37.128662109375,116.877685546875,73.899169921875,137.0537109375
2079,983,5,0.00183868408203125,319.951171875,73.30224609375,348.1259765625,83.5693359375
2080,983,5,0.0017957687377929688,403.998046875,42.73974609375,442.201171875,57.54345703125
2081,983,5,0.0017824172973632812,438.380859375,178.1220703125,489.0,200.0888671875
2082,983,5,0.0017414093017578125,22.548797607421875,47.2763671875,50.619140625,56.8271484375
2083,983,5,0.0017070770263671875,466.078125,140.8740234375,489.0,170.4814453125
2084,983,5,0.0017004013061523438,467.5107421875,91.92626953125,489.0,117.23583984375
2085,983,5,0.0017004013061523438,1.552001953125,102.90966796875,41.8443603515625,124.39892578125
2086,983,5,0.0016489028930664062,5.73046875,115.32568359375,36.86004638671875,130.12939453125
2087,983,5,0.0016355514526367188,360.5419921875,120.8173828125,413.0712890625,137.53125
2088,983,5,0.0016231536865234375,448.17041015625,125.83154296875,487.80615234375,161.64697265625
2089,983,5,0.0015363693237304688,91.329345703125,145.171875,115.206298828125,165.228515625
2090,983,5,0.0014781951904296875,0.0,108.4013671875,23.891876220703125,129.4130859375
2091,983,14,0.001438140869140625,11.341552734375,147.5595703125,26.3243408203125,165.228515625
2092,983,5,0.0013942718505859375,359.5869140625,70.078857421875,402.5654296875,85.837646484375
2093,983,5,0.0013885498046875,350.513671875,122.7275390625,384.896484375,138.0087890625
2094,983,5,0.0013561248779296875,174.898681640625,77.8388671875,215.250732421875,97.8955078125
2095,983,5,0.0013246536254882812,400.41650390625,118.19091796875,434.32177734375,135.85986328125
2096,983,5,0.00128936767578125,474.1962890625,115.0869140625,489.0,128.4580078125
2097,983,5,0.001255035400390625,104.34228515625,71.630859375,168.5712890625,92.642578125
2098,983,5,0.0012350082397460938,327.591796875,85.95703125,364.83984375,102.6708984375
2099,983,5,0.0012063980102539062,406.86328125,50.85791015625,452.70703125,66.85546875
2100,983,5,0.0011968612670898438,88.1656494140625,115.564453125,108.6998291015625,129.4130859375
2101,983,5,0.0011692047119140625,239.843994140625,66.61669921875,288.43359375,82.37548828125
2102,983,5,0.0011472702026367188,122.01123046875,55.39453125,181.22607421875,86.4345703125
2103,983,5,0.0011425018310546875,464.6455078125,65.18408203125,489.0,94.31396484375
2104,983,5,0.0011339187622070312,478.0166015625,153.767578125,489.0,170.00390625
2105,983,5,0.0010814666748046875,387.76171875,122.25,413.548828125,142.7841796875
2106,983,5,0.0010776519775390625,77.12255859375,150.4248046875,91.44873046875,159.9755859375
2107,983,14,0.0010528564453125,92.8216552734375,117.9521484375,99.2684326171875,127.26416015625
2108,991,3,0.921875,218.41015625,94.75146484375,292.53125,196.66796875
2109,991,4,0.84326171875,385.4296875,131.44140625,470.421875,228.29296875
2110,991,4,0.78125,323.16796875,33.8486328125,435.83203125,86.96875
2111,991,3,0.031494140625,385.923828125,134.900390625,467.45703125,228.787109375
2112,991,3,0.004364013671875,0.0193023681640625,47.4375,6.68634033203125,112.6640625
2113,991,3,0.0018177032470703125,0.01544189453125,83.2626953125,9.2960205078125,126.7470703125
2114,991,6,0.0017414093017578125,0.0115814208984375,50.6494140625,7.5009002685546875,100.0634765625
2115,994,14,0.0022869110107421875,0.0229339599609375,12.720703125,7.170684814453125,167.8154296875
2116,994,14,0.0015249252319335938,0.0,19.81494140625,12.239089965820312,182.00390625
2117,1009,2,0.87646484375,72.777099609375,176.1328125,92.592041015625,201.57421875
2118,1019,0,0.8681640625,111.9140625,1.640625,156.4453125,41.484375
2119,1019,0,0.86328125,183.984375,26.953125,232.734375,73.828125
2120,1019,1,0.67724609375,76.5234375,93.046875,129.7265625,145.078125
2121,1019,2,0.007518768310546875,77.109375,93.28125,128.203125,144.375
2122,1026,7,0.85888671875,103.01513671875,181.4013671875,130.48583984375,202.71484375
2123,1026,14,0.00806427001953125,53.638916015625,95.673828125,70.689697265625,116.0400390625
2124,1026,6,0.0024433135986328125,480.263671875,83.477783203125,485.0,108.106689453125
2125,1027,9,0.87646484375,396.689453125,145.947265625,415.830078125,165.087890625
2126,1027,17,0.8642578125,339.267578125,102.1630859375,353.623046875,116.5185546875
2127,1027,9,0.85205078125,349.31640625,197.3876953125,370.37109375,219.8779296875
2128,1027,9,0.039337158203125,302.900390625,152.646484375,319.169921875,165.56640625
2129,1027,17,0.029205322265625,473.73046875,111.7333984375,487.607421875,124.6533203125
2130,1027,2,0.0246124267578125,105.751953125,219.3994140625,128.84033203125,237.5830078125
2131,1027,17,0.021942138671875,302.900390625,152.646484375,319.169921875,165.56640625
2132,1027,17,0.002590179443359375,478.037109375,109.8193359375,489.521484375,125.1318359375
2133,1033,15,0.8818359375,382.6298828125,0.0,420.0263671875,17.7861328125
2134,1040,11,0.89013671875,158.46728515625,82.509765625,188.55908203125,107.2626953125
2135,1040,1,0.19677734375,232.24072265625,151.4296875,269.12744140625,184.9189453125
2136,1040,4,0.0863037109375,284.416015625,67.4638671875,352.365234375,91.24609375
2137,1040,0,0.06610107421875,233.4541015625,150.9443359375,270.3408203125,184.9189453125
2138,1040,17,0.017852783203125,232.96875,151.18701171875,268.884765625,185.16162109375
2139,1040,15,0.0010528564453125,158.224609375,82.0244140625,188.8017578125,107.02001953125
2140,1046,15,0.90283203125,281.5546875,192.908203125,300.29296875,212.126953125
2141,1048,17,0.810546875,392.576171875,96.16015625,413.115234375,117.166015625
2142,1048,17,0.37939453125,386.2744140625,132.5703125,406.8134765625,154.9765625
2143,1048,2,0.102294921875,327.9248046875,106.6630859375,355.9326171875,127.2021484375
2144,1048,17,0.07696533203125,395.84375,58.5830078125,415.44921875,79.5888671875
2145,1048,2,0.0199432373046875,395.84375,58.81640625,415.44921875,79.822265625
2146,1048,9,0.00579833984375,395.376953125,58.81640625,415.916015625,79.35546875
2147,1048,3,0.0011510848999023438,327.224609375,106.896484375,357.099609375,126.501953125
2148,1050,10,0.84912109375,260.89453125,79.998046875,277.23046875,96.814453125
2149,1050,10,0.830078125,352.904296875,67.025390625,369.720703125,82.400390625
2150,1050,11,0.69287109375,221.49609375,73.3916015625,238.3125,89.4873046875
2151,1050,11,0.64599609375,317.109375,65.82421875,332.00390625,80.71875
2152,1050,11,0.64599609375,205.880859375,85.6435546875,221.736328125,102.2197265625
2153,1050,11,0.394287109375,296.44921875,76.875,312.3046875,93.69140625
2154,1050,9,0.0252685546875,296.44921875,76.9951171875,312.3046875,93.5712890625
2155,1050,17,0.022796630859375,316.62890625,65.7041015625,332.00390625,80.8388671875
2156,1050,12,0.007232666015625,260.4140625,79.998046875,277.7109375,96.814453125
2157,1050,9,0.0021991729736328125,7.38720703125,122.279296875,74.05224609375,147.744140625
2158,1056,14,0.7734375,14.54833984375,153.12744140625,47.1588134765625,232.52685546875
2159,1056,16,0.609375,427.080078125,222.66357421875,456.669921875,238.93798828125
2160,1056,14,0.437744140625,438.17626953125,186.66259765625,453.95751953125,218.22509765625
2161,1056,14,0.1795654296875,141.29150390625,167.67578125,169.40185546875,211.07421875
2162,1056,14,0.1778564453125,364.94140625,177.0458984375,377.763671875,198.7451171875
2163,1056,16,0.00701141357421875,378.99658203125,246.58203125,414.99755859375,255.458984375
2164,1056,14,0.005279541015625,355.5712890625,167.42919921875,366.4208984375,191.59423828125
2165,1056,14,0.004680633544921875,247.0751953125,167.42919921875,259.404296875,193.56689453125
2166,1056,14,0.0034427642822265625,141.29150390625,168.662109375,160.03173828125,205.6494140625
2167,1056,5,0.0026111602783203125,416.97021484375,168.90869140625,450.01220703125,192.08740234375
2168,1056,14,0.002452850341796875,437.4365234375,182.9638671875,460.1220703125,220.4443359375
2169,1056,14,0.0022869110107421875,202.813720703125,153.62060546875,232.403564453125,210.82763671875
2170,1056,14,0.0021076202392578125,202.93701171875,149.921875,238.69140625,254.47265625
2171,1056,14,0.0020999908447265625,137.34619140625,169.1552734375,157.56591796875,196.7724609375
2172,1056,14,0.001987457275390625,34.18243408203125,191.34765625,48.54583740234375,232.2802734375
2173,1056,14,0.0014324188232421875,0.107879638671875,158.3056640625,29.574432373046875,223.4033203125
2174,1056,16,0.0010900497436523438,379.48974609375,246.58203125,400.20263671875,254.9658203125
2175,1056,14,0.0010814666748046875,407.8466796875,173.1005859375,418.6962890625,192.8271484375
2176,1056,8,0.0010042190551757812,246.458740234375,166.1962890625,260.390625,192.8271484375
2177,1059,15,0.8896484375,361.25830078125,104.103515625,390.38818359375,136.576171875
2178,1059,15,0.88330078125,246.8876953125,125.115234375,282.2255859375,162.36328125
2179,1059,15,0.8310546875,282.703125,82.13671875,304.669921875,107.4462890625
2180,1078,16,0.8798828125,25.40673828125,114.8515625,48.10302734375,141.5390625
2181,1078,16,0.85986328125,1.206298828125,113.421875,24.825927734375,142.015625
2182,1078,16,0.85888671875,48.1923828125,113.421875,69.5185546875,140.109375
2183,1078,16,0.84716796875,68.6845703125,111.9921875,89.0576171875,137.7265625
2184,1078,16,0.82568359375,88.759765625,110.80078125,108.41796875,135.34375
2185,1078,8,0.82568359375,359.56640625,90.30859375,407.69921875,128.43359375
2186,1078,14,0.79931640625,384.109375,75.416015625,405.078125,94.955078125
2187,1078,14,0.7958984375,365.76171875,70.173828125,389.58984375,93.287109375
2188,1078,16,0.611328125,106.98828125,109.37109375,123.310546875,132.72265625
2189,1078,8,0.505859375,359.328125,92.453125,386.96875,132.0078125
2190,1078,16,0.282958984375,122.119140625,109.37109375,136.177734375,131.29296875
2191,1078,16,0.273681640625,272.1171875,98.88671875,281.171875,108.89453125
2192,1078,16,0.264404296875,135.939453125,109.1328125,149.998046875,130.33984375
2193,1078,16,0.2166748046875,229.46484375,104.60546875,238.04296875,119.85546875
2194,1078,16,0.1993408203125,161.435546875,107.703125,174.779296875,127.2421875
2195,1078,16,0.1661376953125,148.806640625,107.94140625,161.435546875,128.43359375
2196,1078,16,0.1339111328125,204.4453125,105.08203125,214.9296875,121.28515625
2197,1078,16,0.1217041015625,214.095703125,104.3671875,222.435546875,120.5703125
2198,1078,16,0.1077880859375,221.83984375,104.84375,230.1796875,119.6171875
2199,1078,16,0.103759765625,173.9453125,106.75,185.859375,125.57421875
2200,1078,16,0.0970458984375,195.15234375,105.55859375,205.16015625,122.71484375
2201,1078,16,0.070556640625,185.3828125,106.03515625,195.8671875,124.14453125
2202,1078,16,0.0460205078125,0.014892578125,114.61328125,3.1572265625,146.06640625
2203,1078,14,0.04486083984375,234.70703125,77.203125,244.23828125,101.03125
2204,1078,8,0.038909912109375,382.44140625,91.9765625,405.31640625,127.71875
2205,1078,16,0.0170440673828125,235.66015625,97.93359375,244.4765625,107.703125
2206,1078,16,0.005199432373046875,232.32421875,104.12890625,242.80859375,119.37890625
2207,1078,16,0.00345611572265625,235.18359375,94.12109375,244.23828125,106.51171875
2208,1078,16,0.0033893585205078125,0.005584716796875,123.90625,2.887298583984375,148.6875
2209,1078,16,0.0025806427001953125,0.217803955078125,113.8984375,3.468109130859375,131.53125
2210,1078,16,0.0022258758544921875,0.104248046875,115.923828125,5.2794189453125,150.1171875
2211,1078,16,0.00183868408203125,0.042816162109375,107.94140625,3.29498291015625,117.47265625
2212,1078,16,0.0018100738525390625,41.0439453125,122.4765625,48.9072265625,141.5390625
2213,1078,16,0.0015850067138671875,0.4244384765625,113.66015625,7.669677734375,145.11328125
2214,1078,14,0.0012302398681640625,44.916015625,82.564453125,56.94921875,114.017578125
2215,1078,16,0.0011835098266601562,276.8828125,92.453125,287.3671875,104.3671875
2216,1078,16,0.0011692047119140625,230.65625,106.03515625,244.71484375,121.28515625
2217,1078,16,0.0010776519775390625,0.0223388671875,100.5546875,3.082763671875,115.8046875
2218,1081,13,0.8173828125,199.3076171875,173.72412109375,225.86572265625,199.06396484375
2219,1081,12,0.80419921875,311.875,184.201171875,341.11328125,205.0
2220,1081,1,0.7919921875,239.02294921875,142.29296875,269.72314453125,171.53125
2221,1081,3,0.7373046875,258.271484375,163.734375,321.1337890625,193.947265625
2222,1081,0,0.3486328125,229.76416015625,191.998046875,261.1953125,205.0
2223,1081,1,0.0316162109375,230.982421875,194.19091796875,258.7587890625,205.0
2224,1081,3,0.0125732421875,230.0078125,193.947265625,260.46435546875,205.0
2225,1081,12,0.002620697021484375,288.9716796875,182.49560546875,341.6005859375,204.91162109375
2226,1081,0,0.0018749237060546875,181.52099609375,184.201171875,194.67822265625,197.845703125
2227,1081,17,0.0012941360473632812,312.3623046875,183.7138671875,340.6259765625,205.0
2228,1081,3,0.0011072158813476562,138.15087890625,145.94775390625,147.89697265625,157.15576171875
2229,1083,2,0.88330078125,194.623046875,78.927734375,214.9677734375,107.361328125
2230,1083,2,0.87060546875,306.1513671875,82.359375,327.7216796875,109.5673828125
2231,1083,2,0.8681640625,285.806640625,25.7373046875,304.435546875,50.00390625
2232,1083,2,0.861328125,177.46484375,38.4833984375,196.8291015625,62.9951171875
2233,1085,11,0.64599609375,330.8798828125,34.111328125,344.5244140625,46.78125
2234,1085,10,0.5927734375,271.916015625,37.644287109375,285.560546875,51.532470703125
2235,1085,10,0.390380859375,348.4228515625,39.349853515625,364.0166015625,52.994384765625
2236,1085,11,0.30078125,296.28125,38.984375,310.900390625,53.84716796875
2237,1085,10,0.204345703125,261.92626953125,28.7509765625,276.54541015625,41.4208984375
2238,1085,10,0.1993408203125,266.068359375,29.847412109375,278.2509765625,43.491943359375
2239,1085,0,0.19189453125,296.7685546875,38.74072265625,310.4130859375,54.0908203125
2240,1085,11,0.1312255859375,262.169921875,28.7509765625,276.7890625,41.66455078125
2241,1085,12,0.1302490234375,261.6826171875,28.7509765625,276.3017578125,41.908203125
2242,1085,11,0.1175537109375,233.90625,35.207763671875,248.525390625,48.608642578125
2243,1085,12,0.10968017578125,271.18505859375,37.76611328125,285.31689453125,51.41064453125
2244,1085,17,0.0160980224609375,330.392578125,33.86767578125,344.037109375,47.02490234375
2245,1085,0,0.00894927978515625,233.90625,35.32958984375,248.525390625,49.46142578125
2246,1085,17,0.004924774169921875,296.28125,38.74072265625,309.92578125,53.603515625
2247,1085,11,0.002704620361328125,348.17919921875,39.4716796875,363.77294921875,52.62890625
2248,1085,17,0.0017271041870117188,348.4228515625,39.349853515625,364.50390625,52.994384765625
2249,1086,2,0.85986328125,29.5389404296875,102.3544921875,59.3726806640625,124.9951171875
2250,1086,7,0.82763671875,90.3856201171875,128.7685546875,116.9176025390625,148.5791015625
2251,1087,2,0.89404296875,385.87841796875,194.9853515625,422.46826171875,237.3525390625
2252,1087,7,0.81982421875,374.0830078125,155.5068359375,405.8583984375,177.6533203125
2253,1095,17,0.0118255615234375,390.54638671875,166.3837890625,409.72607421875,187.001953125
2254,1095,8,0.0013408660888671875,0.023412704467773438,0.0,3.8434295654296875,22.29638671875
2255,1095,14,0.0010480880737304688,0.0074920654296875,100.813232421875,4.630096435546875,176.453125
2256,1098,17,0.79931640625,352.5390625,119.140625,374.51171875,138.18359375
2257,1098,17,0.77587890625,288.818359375,105.95703125,309.326171875,127.197265625
2258,1098,2,0.346923828125,375.0,54.3212890625,398.4375,77.2705078125
2259,1098,2,0.1451416015625,429.443359375,137.6953125,454.345703125,159.1796875
2260,1098,17,0.04486083984375,429.6875,137.6953125,454.58984375,159.1796875
2261,1098,9,0.029083251953125,353.02734375,119.384765625,374.51171875,138.427734375
2262,1098,2,0.0119171142578125,289.306640625,105.95703125,309.326171875,126.953125
2263,1098,10,0.010406494140625,346.19140625,202.63671875,365.72265625,223.14453125
2264,1098,9,0.00847625732421875,375.48828125,54.19921875,398.4375,76.66015625
2265,1098,2,0.007518768310546875,345.21484375,201.66015625,365.72265625,223.14453125
2266,1098,2,0.002216339111328125,352.5390625,119.2626953125,375.0,138.671875
2267,1098,10,0.0016231536865234375,375.48828125,54.19921875,398.4375,77.1484375
2268,1100,13,0.884765625,250.88671875,92.92529296875,286.06640625,127.17919921875
2269,1100,3,0.8818359375,411.97265625,42.8173828125,474.0,86.3291015625
2270,1100,0,0.87158203125,339.5302734375,53.4638671875,377.0244140625,92.115234375
2271,1100,1,0.85400390625,288.84375,116.4169921875,332.35546875,159.0029296875
2272,1100,0,0.8388671875,157.6142578125,103.4560546875,197.8857421875,143.2646484375
2273,1100,12,0.83544921875,230.7509765625,13.88671875,266.8564453125,46.2890625
2274,1100,12,0.83349609375,337.447265625,6.306884765625,375.404296875,37.7255859375
2275,1100,3,0.806640625,183.3046875,167.7978515625,275.6513671875,218.2529296875
2276,1100,4,0.8056640625,230.51953125,53.4638671875,306.896484375,83.0888671875
2277,1100,3,0.012725830078125,461.0390625,111.3251953125,474.0,144.6533203125
2278,1100,17,0.00818634033203125,470.296875,118.38427734375,474.0,142.5703125
2279,1100,3,0.00591278076171875,457.3359375,120.3515625,474.0,158.771484375
2280,1100,3,0.00524139404296875,441.59765625,87.7177734375,474.0,148.3564453125
2281,1100,3,0.005062103271484375,460.11328125,95.5869140625,474.0,142.3388671875
2282,1100,3,0.003795623779296875,465.66796875,115.60693359375,474.0,167.56640625
2283,1100,11,0.0035381317138671875,337.447265625,6.48046875,374.94140625,37.2626953125
2284,1100,3,0.0033893585205078125,467.51953125,113.29248046875,474.0,142.107421875
2285,1100,3,0.0023784637451171875,468.908203125,115.72265625,474.0,159.697265625
2286,1100,3,0.0016489028930664062,457.798828125,77.5341796875,474.0,150.90234375
2287,1100,3,0.0015611648559570312,446.2265625,120.5830078125,474.0,161.3173828125
2288,1100,3,0.0010204315185546875,454.55859375,24.99609375,474.0,84.24609375
2289,1103,7,0.85791015625,291.97265625,43.26416015625,326.77734375,75.16845703125
2290,1103,7,0.7958984375,403.154296875,45.560302734375,442.3095703125,76.256103515625
2291,1103,2,0.0021915435791015625,199.16015625,22.598876953125,218.49609375,43.143310546875
2292,1113,7,0.796875,201.455078125,153.603515625,228.4912109375,175.615234375
2293,1117,7,0.91162109375,380.341796875,179.5791015625,421.2646484375,210.3916015625
2294,1117,7,0.85986328125,261.66552734375,175.48681640625,288.62646484375,202.92919921875
2295,1117,15,0.0015544891357421875,0.0,139.1376953125,5.224433898925781,227.2421875
2296,1127,1,0.86865234375,359.9814453125,32.98388671875,398.5244140625,71.52685546875
2297,1127,4,0.79052734375,218.6572265625,104.88134765625,317.9794921875,159.11328125
2298,1127,0,0.307373046875,358.251953125,139.34765625,397.783203125,178.87890625
2299,1127,13,0.25537109375,358.251953125,139.34765625,398.27734375,179.373046875
2300,1127,1,0.1561279296875,357.7578125,139.34765625,397.783203125,179.373046875
2301,1127,13,0.140869140625,359.9814453125,32.61328125,398.5244140625,71.650390625
2302,1133,10,0.90283203125,439.87939453125,119.978271484375,463.45751953125,140.486328125
2303,1133,10,0.88720703125,302.0947265625,164.5556640625,326.6552734375,186.1689453125
2304,1133,9,0.88623046875,327.6376953125,83.0146484375,348.759765625,104.13671875
2305,1133,11,0.8447265625,290.06005859375,39.174072265625,310.69091796875,58.331298828125
2306,1133,10,0.8427734375,389.0390625,62.13818359375,412.6171875,82.5234375
2307,1133,17,0.82421875,391.4951171875,139.0126953125,411.1435546875,157.6787109375
2308,1133,9,0.77978515625,354.89990234375,154.7314453125,374.05712890625,174.3798828125
2309,1133,9,0.236572265625,391.4951171875,138.521484375,411.1435546875,158.169921875
2310,1133,17,0.05560302734375,354.89990234375,154.97705078125,374.05712890625,174.62548828125
2311,1133,6,0.0029582977294921875,102.6630859375,163.08203125,153.99462890625,183.712890625
2312,1139,2,0.85498046875,61.670654296875,54.322265625,82.7236328125,84.583984375
2313,1139,2,0.0034027099609375,0.0,97.73046875,3.274993896484375,123.03125
2314,1139,2,0.0015850067138671875,177.6015625,108.396484375,195.95703125,119.310546875
2315,1144,8,0.875,444.7265625,157.34619140625,495.0,247.74169921875
2316,1144,14,0.8408203125,145.01953125,143.5693359375,182.96630859375,237.83203125
2317,1144,14,0.8388671875,229.37255859375,165.8056640625,260.068359375,234.931640625
2318,1144,14,0.830078125,346.5966796875,140.6689453125,394.9365234375,236.3818359375
2319,1144,14,0.77880859375,291.24755859375,151.787109375,325.08544921875,235.8984375
2320,1144,14,0.69775390625,82.177734375,174.26513671875,110.21484375,236.14013671875
2321,1144,2,0.00206756591796875,0.015106201171875,18.369140625,4.9623870849609375,47.373046875
2322,1144,8,0.0014781951904296875,444.00146484375,158.5546875,477.83935546875,226.7138671875
2323,1148,8,0.65478515625,422.255859375,0.0,497.0,93.91552734375
2324,1148,16,0.332763671875,258.44970703125,60.42626953125,326.88427734375,139.78125
2325,1148,16,0.19677734375,356.00537109375,101.4384765625,465.20947265625,227.6298828125
2326,1148,8,0.190673828125,421.28515625,0.0,497.0,216.70947265625
2327,1148,8,0.036895751953125,0.09100341796875,6.3095703125,34.79364013671875,164.29150390625
2328,1148,8,0.007694244384765625,479.52734375,12.619140625,497.0,77.1708984375
2329,1148,16,0.007175445556640625,222.291015625,40.52685546875,271.3115234375,98.28369140625
2330,1148,16,0.004230499267578125,356.248046875,103.865234375,459.6279296875,164.048828125
2331,1148,8,0.0021152496337890625,485.8369140625,7.03759765625,497.0,83.23779296875
2332,1148,14,0.001987457275390625,378.57421875,0.4853515625,397.98828125,24.99560546875
2333,1148,14,0.001972198486328125,0.0,3.3974609375,33.610595703125,122.7939453125
2334,1148,8,0.0019121170043945312,0.03033447265625,0.0,39.04046630859375,113.208251953125
2335,1148,8,0.0017824172973632812,0.0,8.49365234375,48.74749755859375,245.83056640625
2336,1148,8,0.0014324188232421875,369.3525390625,0.0,497.0,246.0
2337,1148,8,0.0013246536254882812,0.27301025390625,30.33447265625,33.00390625,112.1162109375
2338,1148,8,0.0012445449829101562,437.05908203125,0.24267578125,458.89990234375,10.43505859375
2339,1148,8,0.0011243820190429688,0.24267578125,2.18408203125,72.196044921875,116.72705078125
2340,1150,14,0.841796875,226.8310546875,87.322998046875,256.982421875,176.26953125
2341,1150,14,0.7880859375,272.52197265625,91.497802734375,300.35400390625,175.8056640625
2342,1150,14,0.77587890625,404.72412109375,95.556640625,450.18310546875,192.041015625
2343,1150,14,0.71533203125,322.8515625,95.0927734375,359.9609375,194.3603515625
2344,1150,14,0.66552734375,296.64306640625,95.78857421875,324.01123046875,182.06787109375
2345,1150,14,0.051666259765625,0.0507354736328125,113.067626953125,6.3854217529296875,203.173828125
2346,1150,14,0.01049041748046875,0.0,110.284423828125,15.583038330078125,205.029296875
2347,1150,14,0.00307464599609375,0.03986358642578125,72.13134765625,6.378173828125,176.7333984375
2348,1150,14,0.0026111602783203125,0.00362396240234375,138.92822265625,5.2764892578125,204.33349609375
2349,1150,14,0.0015249252319335938,0.0,84.423828125,5.4721832275390625,144.2626953125
2350,1151,2,0.87646484375,399.4921875,85.60546875,429.9296875,123.1767578125
2351,1151,2,0.8623046875,303.423828125,57.5458984375,334.8125,80.849609375
2352,1151,17,0.76611328125,398.541015625,37.33349609375,414.7109375,52.55224609375
2353,1151,2,0.0078125,399.4921875,41.8515625,419.466796875,76.09375
2354,1153,5,0.880859375,364.74609375,160.400390625,500.0,217.041015625
2355,1153,5,0.87890625,203.61328125,159.1796875,331.54296875,213.37890625
2356,1153,14,0.83349609375,45.10498046875,147.94921875,75.8056640625,232.91015625
2357,1153,14,0.7919921875,87.5244140625,142.578125,146.1181640625,255.37109375
2358,1153,14,0.74462890625,312.98828125,126.953125,376.46484375,254.39453125
2359,1153,8,0.352294921875,146.3623046875,169.677734375,179.3212890625,203.369140625
2360,1153,5,0.273681640625,340.8203125,146.728515625,427.734375,189.208984375
2361,1153,14,0.0121002197265625,0.011444091796875,157.2265625,5.062103271484375,240.234375
2362,1153,5,0.0018529891967773438,317.87109375,145.99609375,429.19921875,207.51953125
2363,1153,14,0.0016107559204101562,0.0,168.45703125,4.119873046875,228.02734375
2364,1153,5,0.0014324188232421875,485.83984375,153.3203125,500.0,218.75
2365,1153,14,0.0010652542114257812,0.0,151.85546875,6.076812744140625,208.984375
2366,1156,9,0.8798828125,360.4755859375,111.30517578125,381.2294921875,126.37646484375
2367,1156,17,0.86962890625,401.4892578125,168.501953125,421.2548828125,187.7734375
2368,1156,9,0.82421875,279.68359375,155.9013671875,305.37890625,174.6787109375
2369,1156,9,0.74609375,267.82421875,85.486328125,289.56640625,103.5224609375
2370,1156,11,0.1175537109375,454.609375,83.7568359375,467.45703125,101.0517578125
2371,1156,5,0.00229644775390625,424.9609375,77.20947265625,440.7734375,90.55126953125
2372,1156,14,0.0016231536865234375,320.4501953125,108.7109375,334.7802734375,128.7236328125
2373,1178,5,0.7841796875,0.045135498046875,12.27685546875,22.17657470703125,52.71826171875
2374,1178,6,0.332763671875,94.483642578125,108.3251953125,131.073486328125,129.5087890625
2375,1178,15,0.3310546875,29.924835205078125,140.1005859375,56.9910888671875,164.1728515625
2376,1178,8,0.25390625,409.7099609375,0.72216796875,456.41015625,39.23779296875
2377,1178,15,0.187744140625,29.232757568359375,154.5439453125,68.485595703125,214.2431640625
2378,1178,8,0.167724609375,324.0126953125,0.601806640625,342.3076171875,19.137451171875
2379,1178,5,0.1365966796875,0.0,9.027099609375,19.9197998046875,30.210693359375
2380,1178,8,0.10052490234375,379.61962890625,0.4814453125,390.69287109375,14.443359375
2381,1178,8,0.08331298828125,368.787109375,0.601806640625,389.970703125,13.841552734375
2382,1178,8,0.070068359375,409.46923828125,0.4814453125,489.38916015625,38.515625
2383,1178,8,0.046722412109375,435.7080078125,0.24072265625,479.0380859375,29.849609375
2384,1178,8,0.02655029296875,368.3056640625,0.24072265625,387.08203125,8.90673828125
2385,1178,8,0.0227203369140625,447.744140625,0.0,493.0,31.2939453125
2386,1178,8,0.0127716064453125,309.087890625,0.0,327.3828125,21.18359375
2387,1178,8,0.012481689453125,381.06396484375,0.120361328125,396.47021484375,14.563720703125
2388,1178,8,0.00926971435546875,329.30859375,0.72216796875,353.8623046875,18.05419921875
2389,1178,8,0.00905609130859375,472.779296875,0.0,493.0,32.2568359375
2390,1178,5,0.00806427001953125,193.0595703125,0.361083984375,222.9091796875,11.193603515625
2391,1178,15,0.00734710693359375,30.0301513671875,159.59912109375,62.7684326171875,186.56005859375
2392,1178,8,0.006824493408203125,382.7490234375,0.0,407.7841796875,13.48046875
2393,1178,8,0.00653839111328125,393.3408203125,0.24072265625,411.6357421875,11.79541015625
2394,1178,15,0.005260467529296875,29.12744140625,140.1005859375,63.3702392578125,186.3193359375
2395,1178,15,0.00469970703125,30.692138671875,181.986328125,68.967041015625,210.873046875
2396,1178,14,0.0028781890869140625,409.7099609375,0.120361328125,427.0419921875,30.210693359375
2397,1178,8,0.0021820068359375,352.65869140625,0.4814453125,370.47216796875,16.8505859375
2398,1178,8,0.0018177032470703125,410.6728515625,0.0,493.0,82.688232421875
2399,1178,8,0.0017004013061523438,365.65771484375,0.24072265625,383.95263671875,13.48046875
2400,1178,14,0.0013942718505859375,352.41796875,0.4814453125,369.75,17.33203125
2401,1178,8,0.0011692047119140625,376.490234375,0.24072265625,389.970703125,11.31396484375
2402,1178,5,0.0011205673217773438,174.283203125,1.92578125,454.484375,237.0
2403,1179,15,0.9033203125,296.7890625,20.671875,316.4765625,40.11328125
2404,1180,2,0.85302734375,332.31640625,116.61669921875,345.025390625,133.6796875
2405,1180,2,0.82421875,378.4453125,136.974609375,391.154296875,154.861328125
2406,1180,2,0.8232421875,388.80078125,108.26171875,400.09765625,124.736328125
2407,1180,2,0.8232421875,427.869140625,119.91162109375,440.107421875,136.974609375
2408,1186,17,0.441650390625,377.21240234375,42.3671875,414.76513671875,77.994140625
2409,1186,10,0.1688232421875,283.08984375,54.884765625,325.45703125,91.474609375
2410,1186,0,0.1461181640625,283.5712890625,54.4033203125,325.9384765625,92.4375
2411,1186,9,0.1026611328125,377.453125,42.3671875,414.04296875,77.994140625
2412,1186,12,0.0364990234375,283.08984375,54.16259765625,326.419921875,92.19677734375
2413,1186,10,0.0210418701171875,378.17529296875,42.60791015625,414.76513671875,77.75341796875
2414,1186,11,0.006824493408203125,283.08984375,54.64404296875,325.45703125,92.19677734375
2415,1186,2,0.003482818603515625,377.9345703125,42.12646484375,414.5244140625,77.994140625
2416,1189,10,0.89697265625,305.416015625,107.1162109375,334.830078125,131.1376953125
2417,1189,17,0.8681640625,51.35205078125,89.22265625,73.65771484375,110.79296875
2418,1189,9,0.83349609375,178.4453125,46.8173828125,209.330078125,67.8974609375
2419,1189,9,0.6826171875,171.8271484375,150.501953125,201.7314453125,173.052734375
2420,1189,11,0.2254638671875,171.8271484375,150.501953125,200.7509765625,174.033203125
2421,1189,11,0.0031604766845703125,422.091796875,36.0322265625,448.564453125,55.1513671875
2422,1191,15,0.34326171875,109.375,2.44140625,182.861328125,63.96484375
2423,1191,6,0.0050201416015625,321.2890625,67.3828125,360.3515625,83.49609375
2424,1201,7,0.810546875,171.2265625,55.82421875,190.1171875,74.47265625
2425,1201,7,0.127685546875,63.2109375,61.39453125,90.578125,85.61328125
2426,1207,11,0.865234375,408.361328125,137.9072265625,421.03125,150.5771484375
2427,1207,10,0.85302734375,336.7275390625,101.968505859375,351.3466796875,114.394775390625
2428,1207,9,0.84814453125,354.7578125,123.2880859375,371.326171875,135.9580078125
2429,1207,17,0.8447265625,398.1279296875,120.8515625,410.7978515625,133.0341796875
2430,1207,10,0.83447265625,421.5185546875,91.36962890625,436.1376953125,103.30859375
2431,1207,17,0.83349609375,365.9658203125,102.57763671875,377.6611328125,113.78564453125
2432,1207,17,0.72802734375,392.2802734375,104.283203125,403.48828125,115.4912109375
2433,1207,14,0.014007568359375,245.1142578125,25.09619140625,276.3017578125,62.13134765625
2434,1207,11,0.00206756591796875,345.25537109375,205.642578125,358.41259765625,217.337890625
2435,1207,11,0.0018892288208007812,322.595703125,170.556640625,353.783203125,196.87109375
2436,1211,15,0.57568359375,275.7802734375,157.9423828125,339.1552734375,202.5029296875
2437,1211,2,0.005428314208984375,0.046417236328125,51.73974609375,18.04083251953125,96.052734375
2438,1211,14,0.0014324188232421875,206.21630859375,0.0,309.69580078125,92.091796875
2439,1214,17,0.8759765625,316.4970703125,184.4267578125,341.0244140625,208.0107421875
2440,1214,17,0.822265625,321.2138671875,126.41015625,345.7412109375,150.9375
2441,1214,17,0.1431884765625,243.8583984375,130.41943359375,267.4423828125,148.81494140625
2442,1214,17,0.0121917724609375,416.72900390625,108.25048828125,439.36962890625,127.11767578125
2443,1214,3,0.004398345947265625,320.7421875,65.5634765625,364.13671875,151.4091796875
2444,1214,14,0.0029125213623046875,283.4794921875,76.765869140625,296.6865234375,87.614501953125
2445,1214,2,0.0014667510986328125,416.72900390625,108.0146484375,439.84130859375,128.7685546875
2446,1214,17,0.0012302398681640625,328.7607421875,66.5068359375,351.4013671875,93.392578125
2447,1216,2,0.88330078125,241.44873046875,86.35400390625,260.52978515625,107.88134765625
2448,1216,2,0.8740234375,91.98046875,72.8994140625,113.0185546875,94.4267578125
2449,1216,2,0.8681640625,179.5576171875,19.203369140625,198.1494140625,43.421630859375
2450,1216,2,0.86328125,59.1390380859375,34.00341796875,85.5589599609375,56.02001953125
2451,1218,8,0.8818359375,30.451416015625,0.24072265625,118.555908203125,62.34716796875
2452,1218,14,0.1812744140625,12.953887939453125,0.601806640625,28.751312255859375,33.580810546875
2453,1218,8,0.12335205078125,12.75830078125,0.72216796875,29.4283447265625,33.94189453125
2454,1218,8,0.056854248046875,0.0,0.0,9.05718994140625,31.775390625
2455,1218,8,0.01525115966796875,0.00376129150390625,1.68505859375,6.815460205078125,55.3662109375
2456,1218,8,0.007122039794921875,30.5115966796875,1.083251953125,43.08935546875,30.210693359375
2457,1218,8,0.0054473876953125,31.5948486328125,0.24072265625,80.521728515625,56.08837890625
2458,1218,8,0.0032596588134765625,0.0601806640625,4.814453125,18.294921875,32.49755859375
2459,1218,8,0.00284576416015625,92.798583984375,3.12939453125,109.76953125,40.20068359375
2460,1218,8,0.0026721954345703125,29.0672607421875,0.0,50.0703125,31.2939453125
2461,1218,5,0.0026111602783203125,0.0075225830078125,0.0,8.981964111328125,26.72021484375
2462,1218,8,0.0025806427001953125,0.0,0.24072265625,17.33203125,12.75830078125
2463,1218,14,0.0024433135986328125,37.673095703125,0.0,79.67919921875,60.90283203125
2464,1218,8,0.0014104843139648438,126.6201171875,13.23974609375,150.2109375,46.45947265625
2465,1218,8,0.001255035400390625,31.173583984375,0.361083984375,79.4384765625,30.692138671875
2466,1218,8,0.0011739730834960938,0.0,0.0,36.1685791015625,72.216796875
2467,1218,8,0.0011339187622070312,30.707183837890625,0.361083984375,59.69921875,29.247802734375
2468,1218,8,0.0011243820190429688,67.763427734375,0.0,85.336181640625,47.6630859375
2469,1225,2,0.85009765625,419.1796875,126.806640625,432.578125,143.076171875
2470,1225,2,0.82568359375,338.7890625,121.064453125,351.708984375,138.291015625
2471,1225,2,0.822265625,404.345703125,104.5556640625,416.787109375,119.8681640625
2472,1225,2,0.810546875,351.708984375,103.23974609375,364.150390625,118.79150390625
2473,1226,15,0.83203125,184.412109375,102.375,217.775390625,131.625
2474,1226,15,0.82763671875,201.6650390625,30.392578125,230.0009765625,58.271484375
2475,1226,15,0.8154296875,296.384765625,74.49609375,336.146484375,106.03125
2476,1226,17,0.0017747879028320312,291.814453125,182.35546875,308.724609375,197.89453125
2477,1233,2,0.8642578125,268.5546875,42.96875,287.109375,67.3828125
2478,1233,2,0.86328125,244.7509765625,87.40234375,265.13671875,114.2578125
2479,1233,2,0.86083984375,153.80859375,27.4658203125,171.38671875,51.3916015625
2480,1233,2,0.85791015625,151.4892578125,79.4677734375,172.2412109375,106.5673828125
2481,1241,10,0.86328125,391.6015625,131.8359375,413.0859375,153.3203125
2482,1241,9,0.8623046875,260.498046875,136.71875,285.888671875,155.76171875
2483,1241,9,0.85498046875,236.328125,190.91796875,261.474609375,211.42578125
2484,1241,9,0.607421875,148.4375,178.22265625,169.43359375,197.75390625
2485,1241,17,0.56591796875,148.681640625,178.7109375,169.677734375,197.265625
2486,1248,5,0.68603515625,463.0,96.0,512.0,147.0
2487,1248,5,0.042236328125,39.875,95.75,77.875,114.5
2488,1248,5,0.0316162109375,40.625,96.25,61.0625,108.75
2489,1248,5,0.018829345703125,328.0,87.25,337.0,92.75
2490,1248,5,0.01483917236328125,62.53125,95.75,108.5,112.25
2491,1248,5,0.01433563232421875,58.8125,97.0,102.1875,119.5
2492,1248,5,0.0127716064453125,475.25,98.25,511.75,115.75
2493,1248,5,0.00997161865234375,434.5,106.0,443.5,115.0
2494,1248,5,0.00919342041015625,50.84375,108.25,91.875,124.25
2495,1248,5,0.007724761962890625,41.75,106.25,80.125,121.5
2496,1248,5,0.0074310302734375,52.90625,113.25,84.375,124.5
2497,1248,5,0.00734710693359375,0.46875,100.25,50.625,117.5
2498,1248,5,0.00690460205078125,42.5625,95.875,99.9375,115.125
2499,1248,5,0.006145477294921875,57.875,106.0,103.5,122.5
2500,1248,5,0.00595855712890625,51.40625,117.25,84.625,129.5
2501,1248,5,0.00473785400390625,327.25,86.5,338.25,94.5
2502,1248,5,0.003692626953125,70.5,105.0,104.375,119.0
2503,1248,5,0.0035648345947265625,0.0,100.25,16.5,124.25
2504,1248,5,0.0028228759765625,71.75,93.5,134.25,112.5
2505,1248,5,0.0027370452880859375,428.5,111.75,440.5,123.75
2506,1248,5,0.002590179443359375,71.5625,97.75,104.9375,109.75
2507,1248,5,0.00243377685546875,328.25,88.25,337.25,95.25
2508,1248,5,0.0023975372314453125,341.25,134.0,352.75,145.5
2509,1248,5,0.002323150634765625,50.5,109.75,83.5,120.75
2510,1248,5,0.0023059844970703125,77.75,95.75,104.0,106.75
2511,1248,5,0.0022525787353515625,17.109375,73.625,58.75,87.125
2512,1248,5,0.0021648406982421875,73.5,97.625,132.125,120.875
2513,1248,5,0.0021152496337890625,434.5,101.25,447.0,114.5
2514,1248,5,0.0017824172973632812,76.75,99.75,104.5,112.75
2515,1248,5,0.0017337799072265625,326.5,73.5,337.5,82.5
2516,1248,5,0.0016231536865234375,469.5,100.0,512.0,123.25
2517,1248,5,0.0015974044799804688,430.0,94.75,443.0,105.5
2518,1248,5,0.0015916824340820312,48.25,96.25,85.25,112.25
2519,1248,5,0.0015611648559570312,95.0,109.25,132.5,124.25
2520,1248,5,0.0015430450439453125,473.0,87.5,512.0,127.5
2521,1248,5,0.0014324188232421875,492.5,88.75,512.0,106.5
2522,1248,5,0.0013246536254882812,6.6875,73.0,46.5,86.25
2523,1248,5,0.0012254714965820312,480.25,91.375,511.75,108.375
2524,1248,5,0.0011692047119140625,40.3125,97.0,56.5625,105.5
2525,1248,5,0.0011205673217773438,94.625,116.875,110.0,124.875
2526,1248,5,0.0010862350463867188,2.546875,90.75,26.796875,102.25
2527,1248,8,0.0010814666748046875,413.0,137.75,421.0,150.75
2528,1248,5,0.001056671142578125,0.015625,97.625,8.0234375,109.125
2529,1248,5,0.0010318756103515625,341.5,138.5,348.5,147.5
2530,1250,17,0.88720703125,211.0595703125,110.83984375,228.3935546875,127.197265625
2531,1250,11,0.8798828125,223.5107421875,45.166015625,239.3798828125,59.326171875
2532,1250,9,0.87646484375,256.8359375,83.6181640625,279.78515625,101.4404296875
2533,1250,9,0.873046875,200.927734375,73.2421875,219.482421875,89.84375
2534,1250,10,0.87255859375,248.9013671875,124.51171875,270.5078125,143.06640625
2535,1250,10,0.8623046875,110.107421875,93.75,132.9345703125,111.572265625
2536,1250,17,0.85205078125,171.38671875,106.4453125,188.4765625,122.55859375
2537,1254,17,0.9013671875,328.3564453125,96.8515625,346.1455078125,114.640625
2538,1254,11,0.89990234375,228.91064453125,185.796875,252.87646484375,206.55078125
2539,1254,10,0.89501953125,400.0068359375,169.490234375,422.2431640625,192.220703125
2540,1254,9,0.89306640625,286.6015625,158.619140625,310.3203125,178.384765625
2541,1254,9,0.88818359375,252.62939453125,102.78125,274.248046875,124.2763671875
2542,1254,10,0.88720703125,310.3203125,56.33203125,330.0859375,79.0625
2543,1254,17,0.85205078125,352.322265625,135.888671875,370.111328125,153.677734375
2544,1255,2,0.845703125,62.04608154296875,167.994140625,75.523681640625,185.677734375
2545,1255,2,0.8447265625,77.9183349609375,151.7841796875,90.9354248046875,167.5029296875
2546,1255,2,0.82568359375,143.18798828125,179.783203125,156.45068359375,196.484375
2547,1255,2,0.8154296875,130.90771484375,156.205078125,143.43359375,171.923828125
2548,1256,5,0.888671875,226.14111328125,196.4169921875,312.69775390625,244.9267578125
2549,1256,5,0.2568359375,122.93896484375,165.50390625,134.82861328125,176.91796875
2550,1256,5,0.1744384765625,123.533447265625,164.31494140625,139.941162109375,176.68017578125
2551,1256,5,0.08209228515625,131.49951171875,165.0283203125,146.24267578125,176.4423828125
2552,1256,5,0.0246124267578125,122.344482421875,162.650390625,134.471923828125,174.064453125
2553,1256,5,0.017242431640625,23.898193359375,171.44873046875,35.7283935546875,178.58251953125
2554,1256,5,0.0142822265625,411.857421875,80.3740234375,457.513671875,95.35498046875
2555,1256,5,0.01395416259765625,137.4443359375,164.0771484375,146.0048828125,175.966796875
2556,1256,5,0.013275146484375,27.940673828125,172.162109375,35.8472900390625,178.8203125
2557,1256,5,0.00812530517578125,357.1650390625,81.3251953125,405.19921875,94.6416015625
2558,1256,5,0.00577545166015625,410.4306640625,123.89013671875,449.904296875,135.30419921875
2559,1256,5,0.0053863525390625,121.75,159.796875,133.1640625,167.40625
2560,1256,5,0.00530242919921875,413.759765625,82.751953125,446.099609375,96.068359375
2561,1256,5,0.004451751708984375,409.955078125,83.822021484375,439.44140625,97.851806640625
2562,1256,5,0.0038242340087890625,133.40185546875,134.35302734375,149.09619140625,144.81591796875
2563,1256,5,0.0034694671630859375,86.0216064453125,138.87109375,95.4144287109375,145.529296875
2564,1256,5,0.0032596588134765625,132.6884765625,131.26171875,149.333984375,142.67578125
2565,1256,5,0.00319671630859375,411.857421875,87.27001953125,465.123046875,111.52490234375
2566,1256,12,0.002349853515625,339.568359375,121.75,357.1650390625,137.919921875
2567,1256,5,0.002323150634765625,359.0673828125,83.94091796875,403.7724609375,103.91552734375
2568,1256,5,0.002132415771484375,464.171875,153.37646484375,487.0,176.68017578125
2569,1256,5,0.002124786376953125,366.201171875,90.12353515625,403.296875,104.39111328125
2570,1256,14,0.0021152496337890625,461.318359375,195.4658203125,467.9765625,212.5869140625
2571,1256,5,0.0020427703857421875,448.4775390625,43.04052734375,485.5732421875,56.83251953125
2572,1256,5,0.001987457275390625,412.09521484375,122.93896484375,439.20361328125,132.92626953125
2573,1256,5,0.001941680908203125,27.806915283203125,174.5400390625,36.38232421875,182.1494140625
2574,1256,5,0.0017414093017578125,455.611328125,58.615966796875,487.0,75.737060546875
2575,1256,5,0.0016613006591796875,36.4417724609375,170.02197265625,47.9747314453125,179.05810546875
2576,1256,5,0.0015850067138671875,371.67041015625,91.7880859375,406.86376953125,107.9580078125
2577,1256,5,0.0015611648559570312,467.025390625,172.162109375,487.0,181.1982421875
2578,1256,8,0.0014667510986328125,144.578125,234.939453125,168.357421875,246.353515625
2579,1256,5,0.0014104843139648438,372.3837890625,80.849609375,400.9189453125,92.263671875
2580,1256,5,0.0013885498046875,421.8447265625,85.84326171875,463.6962890625,102.01318359375
2581,1256,8,0.0013666152954101562,131.856201171875,233.75048828125,170.140869140625,246.59130859375
2582,1256,5,0.0013456344604492188,123.65234375,161.93701171875,133.6396484375,168.59521484375
2583,1256,5,0.00133514404296875,341.70849609375,73.00244140625,379.27978515625,85.84326171875
2584,1256,5,0.0012941360473632812,477.48828125,118.18310546875,487.0,133.87744140625
2585,1256,5,0.0012159347534179688,463.220703125,43.2783203125,487.0,58.021484375
2586,1256,5,0.0012159347534179688,0.0074310302734375,121.868896484375,3.7823944091796875,133.1640625
2587,1256,5,0.0011157989501953125,467.025390625,72.52685546875,487.0,86.31884765625
2588,1256,5,0.0011072158813476562,423.7470703125,72.52685546875,454.66015625,89.64794921875
2589,1256,5,0.0010900497436523438,356.689453125,79.4228515625,394.736328125,90.361328125
2590,1269,2,0.884765625,82.928955078125,45.01513671875,118.19482421875,84.97509765625
2591,1269,7,0.8671875,152.85888671875,36.469482421875,181.26416015625,64.152587890625
2592,1278,4,0.865234375,319.708984375,65.2265625,351.333984375,106.240234375
2593,1278,1,0.77197265625,253.98828125,119.58203125,280.177734375,143.794921875
2594,1278,13,0.72802734375,211.4921875,75.8505859375,234.716796875,97.83984375
2595,1278,1,0.11517333984375,211.4921875,75.8505859375,234.716796875,97.83984375
2596,1278,13,0.0050201416015625,254.482421875,120.076171875,280.177734375,143.794921875
2597,1278,11,0.003124237060546875,211.986328125,75.8505859375,234.716796875,97.83984375
2598,1280,14,0.8232421875,285.484375,130.92578125,307.2265625,180.08203125
2599,1280,14,0.79931640625,189.6533203125,145.10546875,203.5966796875,182.91796875
2600,1280,14,0.7705078125,228.765625,137.54296875,244.8359375,176.30078125
2601,1280,14,0.76904296875,166.375,159.7578125,183.390625,185.28125
2602,1280,14,0.06927490234375,0.0,143.21484375,21.062744140625,202.76953125
2603,1280,14,0.034759521484375,214.822265625,139.43359375,232.310546875,176.7734375
2604,1280,14,0.021453857421875,478.328125,106.34765625,484.0,138.9609375
2605,1280,14,0.0099334716796875,480.21875,120.0546875,484.0,138.9609375
2606,1280,14,0.0094146728515625,361.58203125,136.59765625,377.65234375,164.01171875
2607,1280,14,0.007205963134765625,366.544921875,134.70703125,380.251953125,163.06640625
2608,1280,14,0.00530242919921875,316.6796875,142.26953125,335.5859375,167.79296875
2609,1280,14,0.004486083984375,202.060546875,142.7421875,214.11328125,174.8828125
2610,1280,14,0.0041656494140625,476.4375,99.494140625,484.0,141.087890625
2611,1280,14,0.0029468536376953125,473.6015625,106.34765625,484.0,138.015625
2612,1280,14,0.0029010772705078125,0.0,56.6005859375,25.10986328125,205.1328125
2613,1280,14,0.0021572113037109375,475.01953125,91.458984375,484.0,180.791015625
2614,1280,14,0.0014781951904296875,479.2734375,112.728515625,484.0,160.466796875
2615,1280,14,0.00147247314453125,183.9814453125,156.44921875,191.7802734375,181.02734375
2616,1280,16,0.0013456344604492188,204.1875,143.21484375,216.00390625,174.8828125
2617,1280,14,0.00133514404296875,362.52734375,137.0703125,371.98046875,167.3203125
2618,1280,14,0.00128936767578125,361.58203125,134.70703125,378.59765625,182.91796875
2619,1280,14,0.0010442733764648438,249.5625,139.43359375,257.125,159.28515625
2620,1281,9,0.896484375,366.158203125,185.732421875,383.525390625,201.169921875
2621,1281,11,0.88330078125,402.822265625,202.8583984375,422.119140625,218.2958984375
2622,1281,10,0.87255859375,354.09765625,141.83203125,368.5703125,156.3046875
2623,1281,9,0.87060546875,329.7353515625,204.3056640625,348.0673828125,221.6728515625
2624,1281,10,0.8623046875,280.287109375,186.697265625,297.654296875,201.169921875
2625,1281,17,0.85888671875,335.283203125,168.365234375,348.791015625,181.873046875
2626,1281,17,0.84912109375,311.64453125,176.083984375,325.15234375,189.591796875
2627,1281,5,0.0014553070068359375,34.191650390625,78.75537109375,66.513916015625,100.70556640625
2628,1284,2,0.85888671875,296.326171875,49.267822265625,311.669921875,70.844970703125
2629,1284,2,0.85107421875,243.82177734375,26.61181640625,259.16552734375,46.75048828125
2630,1284,2,0.85009765625,168.181884765625,47.349853515625,183.285888671875,68.207763671875
2631,1284,2,0.83984375,251.25390625,68.087890625,266.59765625,90.6240234375
2632,1285,13,0.368408203125,308.0625,70.9609375,342.9375,100.5078125
2633,1285,1,0.341552734375,174.6171875,47.953125,208.5234375,76.046875
2634,1285,12,0.294189453125,308.0625,71.203125,342.9375,100.265625
2635,1285,11,0.161376953125,308.546875,70.9609375,342.453125,100.9921875
2636,1285,4,0.093994140625,154.7578125,157.90625,245.8203125,195.6875
2637,1285,0,0.060516357421875,174.1328125,47.34765625,209.4921875,76.16796875
2638,1285,4,0.0026531219482421875,152.8203125,157.6640625,243.3984375,226.9296875
2639,1285,5,0.0018529891967773438,412.4453125,165.8984375,441.5078125,186.7265625
2640,1285,6,0.001056671142578125,437.875,41.171875,458.21875,58.609375
2641,1290,2,0.8642578125,71.00390625,32.8271484375,92.888671875,62.4931640625
2642,1293,7,0.77734375,385.095703125,131.16796875,412.482421875,148.46484375
2643,1293,7,0.76611328125,327.6796875,183.05859375,346.8984375,202.27734375
2644,1293,2,0.010009765625,487.67578125,195.55078125,492.0,214.76953125
2645,1293,2,0.005619049072265625,488.63671875,190.505859375,492.0,213.087890625
2646,1293,2,0.0021152496337890625,485.2734375,173.44921875,492.0,199.39453125
2647,1296,8,0.86328125,329.9765625,119.76123046875,350.23828125,143.76171875
2648,1296,8,0.8310546875,293.794921875,120.8466796875,318.880859375,145.9326171875
2649,1296,14,0.82421875,159.80224609375,117.4697265625,191.64208984375,184.5263671875
2650,1296,8,0.81640625,388.83203125,113.6103515625,410.05859375,138.6962890625
2651,1296,14,0.7958984375,436.591796875,73.5693359375,487.728515625,174.8779296875
2652,1296,14,0.71875,233.4921875,112.404296875,266.296875,178.013671875
2653,1296,14,0.529296875,297.654296875,115.298828125,309.232421875,138.9375
2654,1296,14,0.486328125,373.39453125,110.95703125,384.0078125,135.078125
2655,1296,8,0.2254638671875,475.185546875,114.81640625,491.587890625,144.7265625
2656,1296,14,0.040374755859375,295.0009765625,117.7109375,311.4033203125,144.7265625
2657,1296,14,0.010528564453125,143.279296875,131.21875,155.33984375,153.41015625
2658,1296,14,0.004039764404296875,307.78515625,118.193359375,315.50390625,137.0078125
2659,1296,14,0.00359344482421875,143.279296875,132.18359375,163.05859375,156.3046875
2660,1296,14,0.0017614364624023438,293.5537109375,116.74609375,304.1669921875,138.455078125
2661,1296,14,0.0014162063598632812,366.640625,112.404296875,384.97265625,136.7666015625
2662,1296,14,0.0010242462158203125,489.17578125,101.30859375,494.0,146.173828125
2663,1296,14,0.0010118484497070312,297.171875,114.81640625,315.986328125,134.11328125
2664,1301,9,0.89990234375,165.4013671875,122.6865234375,187.2333984375,144.5185546875
2665,1301,17,0.8916015625,71.78466796875,105.837890625,89.9384765625,122.923828125
2666,1301,10,0.8857421875,102.7529296875,155.4345703125,123.6357421875,176.7919921875
2667,1301,9,0.87744140625,132.29736328125,89.701171875,154.84130859375,106.0751953125
2668,1301,10,0.87158203125,32.0361328125,70.4794921875,51.9697265625,88.9892578125
2669,1301,11,0.85009765625,185.8095703125,72.615234375,207.6416015625,88.5146484375
2670,1301,17,0.841796875,90.76904296875,126.24609375,109.04150390625,143.33203125
2671,1302,8,0.86328125,106.6904296875,95.55078125,171.5625,141.77734375
2672,1302,8,0.8408203125,60.91064453125,96.7421875,93.287109375,135.34375
2673,1302,8,0.83984375,190.1484375,86.2578125,276.40625,129.625
2674,1302,8,0.83349609375,1.93603515625,96.265625,37.88671875,131.29296875
2675,1302,8,0.83349609375,26.568359375,94.359375,73.0927734375,134.390625
2676,1302,14,0.8115234375,358.8515625,36.93359375,451.3046875,240.42578125
2677,1302,8,0.80908203125,81.73046875,98.6484375,115.8046875,139.6328125
2678,1302,8,0.1048583984375,336.69140625,99.6015625,382.44140625,156.7890625
2679,1302,14,0.0274810791015625,0.0,81.4921875,6.835693359375,187.765625
2680,1302,8,0.0194244384765625,390.06640625,83.16015625,447.73046875,133.9140625
2681,1302,8,0.0184783935546875,336.453125,79.943359375,454.640625,231.609375
2682,1302,8,0.0143890380859375,0.0,79.34765625,9.784423828125,121.28515625
2683,1302,8,0.011871337890625,0.0,81.4921875,18.2880859375,125.3359375
2684,1302,14,0.01078033447265625,151.427734375,74.462890625,212.427734375,218.265625
2685,1302,8,0.00948333740234375,369.8125,101.984375,446.0625,178.234375
2686,1302,8,0.007488250732421875,274.0234375,98.171875,318.34375,130.1015625
2687,1302,8,0.006641387939453125,239.94921875,93.8828125,318.58203125,129.625
2688,1302,8,0.00586700439453125,0.0,80.0625,14.3341064453125,142.015625
2689,1302,5,0.004848480224609375,258.7734375,90.904296875,299.7578125,115.685546875
2690,1302,8,0.0037078857421875,131.0546875,89.59375,172.0390625,142.4921875
2691,1302,8,0.0030994415283203125,476.5625,111.75390625,488.0,179.42578125
2692,1302,8,0.00266265869140625,335.73828125,102.9375,387.68359375,139.15625
2693,1302,14,0.0025310516357421875,0.0,84.58984375,15.22021484375,185.14453125
2694,1302,8,0.0023593902587890625,482.7578125,112.349609375,488.0,178.234375
2695,1302,8,0.002010345458984375,218.7421875,87.92578125,271.640625,124.3828125
2696,1302,8,0.0018825531005859375,190.1484375,88.640625,242.09375,129.625
2697,1302,8,0.0015306472778320312,284.03125,100.79296875,316.4375,126.05078125
2698,1302,8,0.0014896392822265625,109.0732421875,96.98046875,146.3046875,139.87109375
2699,1302,14,0.0014324188232421875,478.46875,106.630859375,488.0,184.90625
2700,1302,8,0.00133514404296875,2.308349609375,97.6953125,27.089599609375,123.66796875
2701,1302,8,0.0013093948364257812,479.421875,120.09375,488.0,172.0390625
2702,1302,14,0.0012788772583007812,0.0,64.09765625,10.112060546875,125.8125
2703,1302,8,0.0010862350463867188,0.119140625,91.5,25.2578125,133.9140625
2704,1302,8,0.0010204315185546875,382.44140625,95.07421875,458.69140625,137.96484375
2705,1303,7,0.87158203125,403.7265625,38.0234375,431.3359375,61.2734375
2706,1307,9,0.92431640625,129.49658203125,160.685546875,151.95263671875,186.634765625
2707,1307,9,0.89892578125,174.1591796875,112.779296875,195.6171875,132.740234375
2708,1307,11,0.89501953125,223.936767578125,140.724609375,249.386962890625,162.681640625
2709,1307,17,0.89306640625,129.74609375,82.214111328125,146.712890625,99.430419921875
2710,1307,10,0.86865234375,58.66644287109375,138.2294921875,82.58837890625,159.1884765625
2711,1307,10,0.8642578125,149.95654296875,28.943359375,168.91943359375,48.904296875
2712,1307,17,0.86328125,98.806640625,109.03662109375,117.02099609375,127.00146484375
2713,1312,10,0.91796875,48.4306640625,202.30078125,73.6884765625,224.22265625
2714,1312,9,0.8857421875,75.296875,118.42578125,96.384765625,139.39453125
2715,1312,10,0.8642578125,185.62109375,152.0234375,208.49609375,171.0859375
2716,1312,11,0.8447265625,36.576171875,74.8203125,57.306640625,93.8828125
2717,1312,17,0.82080078125,103.056640625,189.43359375,122.357421875,208.97265625
2718,1312,17,0.80908203125,139.39453125,171.5625,158.45703125,190.625
2719,1312,10,0.68603515625,137.130859375,96.146484375,160.005859375,116.162109375
2720,1315,14,0.0384521484375,272.8095703125,0.0618896484375,310.93359375,43.0751953125
2721,1315,15,0.0192718505859375,275.7802734375,156.9521484375,339.1552734375,203.98828125
2722,1315,2,0.0118255615234375,0.139251708984375,55.9482421875,15.673553466796875,91.1015625
2723,1315,14,0.0078125,252.138427734375,1.23779296875,314.3994140625,84.169921875
2724,1315,14,0.0023784637451171875,262.65966796875,1.4853515625,318.11279296875,122.54150390625
2725,1315,14,0.0010080337524414062,220.450927734375,1.98046875,314.3994140625,125.51220703125
2726,1317,2,0.86083984375,174.421142578125,127.45703125,202.005126953125,148.8583984375
2727,1317,7,0.80810546875,234.22607421875,149.333984375,259.90771484375,168.8330078125
2728,1317,17,0.01512908935546875,235.17724609375,149.333984375,259.90771484375,168.357421875
2729,1318,14,0.85498046875,124.47509765625,137.28515625,148.64501953125,220.4296875
2730,1318,14,0.82763671875,313.7255859375,150.8203125,345.146484375,228.1640625
2731,1318,14,0.82666015625,155.775146484375,121.57470703125,189.129638671875,201.81884765625
2732,1318,14,0.78271484375,67.796630859375,110.819091796875,111.181640625,224.7802734375
2733,1318,14,0.74755859375,214.024658203125,151.3037109375,244.237060546875,223.330078125
2734,1318,8,0.4755859375,408.4716796875,154.6875,495.0,251.3671875
2735,1318,8,0.0027790069580078125,407.021484375,47.493896484375,495.0,256.0
2736,1318,14,0.00269317626953125,215.595703125,157.1044921875,259.5849609375,222.8466796875
2737,1318,14,0.0024929046630859375,0.01888275146484375,118.916015625,5.5213165283203125,178.3740234375
2738,1318,9,0.0020427703857421875,473.97216796875,111.90673828125,488.95751953125,121.57470703125
2739,1318,8,0.0011692047119140625,408.955078125,154.6875,445.693359375,231.064453125
2740,1318,2,0.0010652542114257812,0.0,116.136474609375,5.426902770996094,143.0859375
2741,1319,2,0.83984375,158.63818359375,51.13916015625,171.68994140625,68.22509765625
2742,1319,2,0.830078125,214.7607421875,44.73193359375,226.6259765625,61.10595703125
2743,1319,2,0.82568359375,252.966796875,57.07177734375,265.306640625,74.39501953125
2744,1319,2,0.81298828125,203.01416015625,72.97119140625,216.30322265625,91.24365234375
2745,1319,14,0.0023136138916015625,138.111328125,208.828125,170.6220703125,252.4921875
2746,1322,12,0.87158203125,127.1337890625,74.68505859375,166.04736328125,113.35693359375
2747,1322,13,0.77587890625,196.50146484375,125.2001953125,241.94091796875,166.7724609375
2748,1322,10,0.453369140625,196.7431640625,124.716796875,241.2158203125,167.255859375
2749,1322,11,0.2213134765625,196.7431640625,124.2333984375,241.2158203125,166.7724609375
2750,1322,1,0.0384521484375,196.98486328125,125.2001953125,241.45751953125,166.2890625
2751,1323,5,0.039947509765625,412.5986328125,15.40625,487.7041015625,59.69921875
2752,1323,15,0.002811431884765625,207.74365234375,110.130615234375,256.36962890625,244.0
2753,1323,6,0.0026836395263671875,373.6015625,129.02734375,430.412109375,153.5810546875
2754,1323,5,0.0015850067138671875,479.51953125,0.0,493.0,14.9248046875
2755,1323,5,0.0013780593872070312,0.0,2.888671875,8.891693115234375,50.0703125
2756,1323,5,0.00130462646484375,484.8154296875,21.90576171875,493.0,62.34716796875
2757,1326,10,0.90576171875,256.392578125,106.380859375,279.923828125,125.990234375
2758,1326,9,0.89111328125,195.8486328125,126.48046875,216.4384765625,147.560546875
2759,1326,10,0.89111328125,169.62109375,208.349609375,193.642578125,229.919921875
2760,1326,10,0.88818359375,303.9453125,162.7578125,326.49609375,182.3671875
2761,1326,11,0.85205078125,159.0810546875,82.72705078125,179.1806640625,101.84619140625
2762,1326,17,0.8427734375,257.86328125,180.896484375,276.4921875,200.505859375
2763,1326,17,0.806640625,222.19873046875,197.564453125,241.07275390625,217.173828125
2764,1327,12,0.9111328125,171.43896484375,45.3740234375,208.86083984375,82.328125
2765,1327,3,0.8671875,195.9970703125,2.5142822265625,265.92919921875,44.20458984375
2766,1327,3,0.85009765625,234.58837890625,117.294189453125,319.25537109375,180.0927734375
2767,1327,3,0.841796875,83.02978515625,79.9892578125,142.553955078125,159.5107421875
2768,1327,12,0.83984375,0.0,78.1181640625,37.7142333984375,121.38720703125
2769,1327,0,0.8154296875,70.049072265625,0.0,108.874267578125,27.83251953125
2770,1327,0,0.7490234375,97.5892333984375,191.55322265625,151.32470703125,243.47607421875
2771,1327,1,0.0026416778564453125,99.6357421875,193.1904296875,150.1552734375,243.7099609375
2772,1327,3,0.0023059844970703125,226.8701171875,163.01904296875,311.0693359375,203.24755859375
2773,1327,14,0.0014553070068359375,70.39990234375,198.3359375,92.85302734375,230.14453125
2774,1328,4,0.806640625,214.599609375,109.86328125,320.068359375,153.80859375
2775,1328,3,0.78662109375,215.087890625,187.744140625,320.068359375,226.318359375
2776,1328,4,0.7578125,222.65625,54.19921875,308.59375,83.0078125
2777,1328,3,0.60009765625,219.7265625,52.3681640625,312.5,83.1298828125
2778,1333,5,0.9140625,345.01171875,0.4873046875,499.0,102.8212890625
2779,1333,5,0.880859375,172.0185546875,0.974609375,308.4638671875,88.689453125
2780,1333,5,0.8388671875,2.802001953125,0.73095703125,153.74462890625,94.537109375
2781,1333,5,0.00981903076171875,171.77490234375,0.4873046875,294.08837890625,57.0146484375
2782,1333,5,0.0078125,354.7578125,0.73095703125,488.279296875,42.15185546875
2783,1333,5,0.007404327392578125,183.7138671875,0.4873046875,306.02734375,38.74072265625
2784,1342,17,0.85302734375,193.30029296875,180.060546875,206.78076171875,193.541015625
2785,1342,9,0.83984375,344.71484375,169.46875,363.009765625,182.94921875
2786,1342,9,0.4921875,269.1279296875,154.0625,287.4228515625,167.54296875
2787,1342,17,0.17333984375,264.3134765625,199.7998046875,279.7197265625,211.3544921875
2788,1342,11,0.0236053466796875,351.21435546875,181.0234375,372.87939453125,198.35546875
2789,1342,2,0.01056671142578125,102.668212890625,61.1435546875,112.537841796875,75.5869140625
2790,1342,6,0.001220703125,102.6080322265625,60.90283203125,112.4776611328125,75.34619140625
2791,1346,14,0.82666015625,203.8232421875,58.49365234375,235.6630859375,102.39404296875
2792,1346,14,0.751953125,126.1533203125,19.779296875,190.7978515625,136.525390625
2793,1346,14,0.72021484375,399.4453125,63.07666015625,422.119140625,101.42919921875
2794,1346,14,0.68408203125,296.20703125,58.373046875,319.36328125,102.755859375
2795,1346,14,0.5078125,344.2080078125,67.056640625,362.0576171875,105.16796875
2796,1346,14,0.361083984375,47.1265869140625,35.4580078125,60.6947021484375,58.6142578125
2797,1346,8,0.1607666015625,274.2568359375,72.845703125,297.4130859375,98.4140625
2798,1346,14,0.0794677734375,59.0062255859375,34.13134765625,73.44873046875,58.97607421875
2799,1346,14,0.032470703125,356.9921875,74.775390625,372.4296875,104.9267578125
2800,1346,15,0.0321044921875,216.8486328125,154.1337890625,229.150390625,171.0185546875
2801,1346,14,0.01898193359375,320.0869140625,58.73486328125,333.1123046875,80.92626953125
2802,1346,14,0.0141143798828125,347.826171875,72.36328125,373.876953125,104.9267578125
2803,1346,14,0.011871337890625,315.50390625,58.01123046875,336.248046875,94.19287109375
2804,1346,14,0.01056671142578125,415.84765625,68.62451171875,439.96875,93.22802734375
2805,1346,14,0.00963592529296875,344.44921875,74.29296875,357.95703125,107.09765625
2806,1346,14,0.00399017333984375,358.439453125,78.15234375,377.736328125,101.30859375
2807,1346,14,0.003795623779296875,333.8359375,79.1171875,346.37890625,104.685546875
2808,1346,14,0.003482818603515625,360.8515625,63.9208984375,390.76171875,87.0771484375
2809,1346,14,0.0030269622802734375,342.7607421875,65.97119140625,363.0224609375,86.71533203125
2810,1346,14,0.0026721954345703125,400.892578125,78.634765625,441.416015625,115.298828125
2811,1346,8,0.0014896392822265625,288.005859375,75.86083984375,305.373046875,103.60009765625
2812,1346,8,0.001201629638671875,310.197265625,59.337890625,337.212890625,97.931640625
2813,1346,14,0.0011692047119140625,373.39453125,72.24267578125,391.7265625,92.02197265625
2814,1346,14,0.0011425018310546875,306.8203125,77.9111328125,324.1875,112.1630859375
2815,1346,14,0.0011034011840820312,366.640625,63.197265625,385.9375,81.046875
2816,1350,7,0.83203125,409.1005859375,35.0517578125,438.0244140625,61.5244140625
2817,1350,7,0.65673828125,262.765625,51.7197265625,293.16015625,73.2900390625
2818,1350,17,0.1063232421875,262.765625,51.7197265625,292.1796875,72.3095703125
2819,1359,15,0.1329345703125,135.87060546875,27.5810546875,229.2392578125,122.080078125
2820,1359,15,0.078369140625,131.34912109375,25.09423828125,238.2822265625,86.58642578125
2821,1359,15,0.002132415771484375,141.5224609375,82.630126953125,255.01171875,166.8427734375
2822,1359,15,0.0020999908447265625,137.453125,57.64892578125,244.16015625,152.60009765625
2823,1359,15,0.0011157989501953125,163.677734375,23.28564453125,248.00341796875,134.740234375
2824,1364,10,0.88720703125,390.13671875,95.458984375,413.57421875,117.919921875
2825,1364,10,0.88720703125,271.97265625,133.30078125,293.45703125,157.71484375
2826,1364,9,0.884765625,291.9921875,86.9140625,313.4765625,110.83984375
2827,1364,17,0.85888671875,170.166015625,108.3984375,188.720703125,125.9765625
2828,1364,9,0.267333984375,383.7890625,176.26953125,418.9453125,209.47265625
2829,1364,10,0.0137939453125,383.7890625,176.513671875,417.96875,209.228515625
2830,1364,2,0.0014495849609375,383.7890625,176.26953125,418.9453125,209.47265625
2831,1365,4,0.90185546875,156.94189453125,117.890625,221.78173828125,179.2919921875
2832,1365,13,0.85595703125,59.8663330078125,148.345703125,100.6368408203125,187.1513671875
2833,1365,0,0.69921875,20.462005615234375,93.57568359375,60.9715576171875,132.38134765625
2834,1365,12,0.57177734375,59.95843505859375,147.8544921875,100.6982421875,187.1513671875
2835,1365,13,0.420654296875,20.4466552734375,93.8212890625,60.8487548828125,132.38134765625
2836,1365,0,0.002132415771484375,0.03070068359375,93.330078125,11.313201904296875,124.03076171875
2837,1365,3,0.0016231536865234375,0.0,91.61083984375,10.975494384765625,136.556640625
2838,1365,3,0.0012445449829101562,0.03070068359375,6.63134765625,16.48626708984375,45.92822265625
2839,1365,3,0.0011968612670898438,0.0,166.76611328125,8.1663818359375,208.51904296875
2840,1365,3,0.0010080337524414062,0.0,22.595703125,6.876953125,75.646484375
2841,1375,2,0.74462890625,36.39886474609375,44.46533203125,50.36553955078125,60.42724609375
2842,1375,17,0.312255859375,36.25634765625,44.579345703125,50.508056640625,60.541259765625
2843,1375,2,0.2120361328125,81.6337890625,41.95703125,96.68359375,55.1826171875
2844,1375,2,0.2088623046875,84.3701171875,18.2421875,100.7880859375,31.923828125
2845,1375,2,0.1812744140625,94.745361328125,74.10888671875,108.198974609375,88.474609375
2846,1375,17,0.1744384765625,81.519775390625,41.95703125,96.569580078125,55.1826171875
2847,1375,9,0.042877197265625,81.6337890625,41.95703125,96.45556640625,55.1826171875
2848,1375,2,0.01242828369140625,133.6240234375,40.5888671875,151.8662109375,56.0947265625
2849,1375,17,0.0102081298828125,84.5411376953125,18.128173828125,100.5030517578125,31.353759765625
2850,1375,17,0.002349853515625,133.85205078125,40.81689453125,151.63818359375,55.41064453125
2851,1380,15,0.89111328125,376.01806640625,146.7275390625,422.47412109375,188.1240234375
2852,1380,15,0.87158203125,288.85546875,33.1171875,321.97265625,68.994140625
2853,1380,15,0.85595703125,245.619140625,155.9267578125,281.0361328125,189.9638671875
2854,1382,5,0.84716796875,393.798828125,129.39453125,482.177734375,174.31640625
2855,1382,14,0.8232421875,255.37109375,103.271484375,279.78515625,170.654296875
2856,1382,14,0.8017578125,324.21875,96.6796875,372.0703125,175.29296875
2857,1382,14,0.740234375,168.701171875,90.087890625,197.509765625,170.166015625
2858,1382,5,0.48046875,11.71875,98.6328125,160.400390625,161.62109375
2859,1382,14,0.131591796875,314.453125,99.9755859375,342.7734375,175.29296875
2860,1382,5,0.01233673095703125,0.244140625,81.787109375,72.8759765625,158.935546875
2861,1382,14,0.0083770751953125,326.66015625,99.609375,343.26171875,167.48046875
2862,1382,5,0.007694244384765625,0.0,113.28125,79.4677734375,159.66796875
2863,1382,5,0.0030517578125,488.28125,135.25390625,500.0,165.52734375
2864,1382,5,0.00257110595703125,487.3046875,127.9296875,500.0,174.8046875
2865,1382,5,0.0025501251220703125,59.9365234375,81.0546875,103.02734375,98.876953125
2866,1382,5,0.0020351409912109375,97.7783203125,80.9326171875,141.2353515625,96.3134765625
2867,1382,5,0.0014162063598632812,61.4013671875,79.1015625,99.4873046875,92.7734375
2868,1382,5,0.0013828277587890625,0.0,87.40234375,61.065673828125,134.033203125
2869,1382,14,0.0012302398681640625,0.011444091796875,102.1728515625,6.160736083984375,169.43359375
2870,1382,5,0.001155853271484375,43.792724609375,101.5625,109.4970703125,128.662109375
2871,1382,14,0.0010480880737304688,0.030517578125,99.12109375,9.8419189453125,168.9453125
2872,1382,14,0.0010118484497070312,0.00762939453125,105.95703125,6.65283203125,144.04296875
2873,1382,5,0.0010118484497070312,54.473876953125,98.876953125,159.423828125,136.474609375
2874,1387,2,0.8759765625,93.94775390625,67.81005859375,124.27734375,100.85205078125
2875,1387,2,0.0017271041870117188,0.01926422119140625,103.0712890625,7.093086242675781,131.181640625
2876,1387,2,0.0011205673217773438,0.0077056884765625,150.4150390625,9.393234252929688,179.51171875
2877,1393,1,0.8173828125,279.6328125,209.00390625,328.640625,250.32421875
2878,1393,0,0.63720703125,386.296875,99.9375,432.90234375,145.58203125
2879,1393,2,0.00279998779296875,278.431640625,207.802734375,329.361328125,249.603515625
2880,1393,1,0.0020427703857421875,386.77734375,101.859375,431.94140625,146.0625
2881,1397,2,0.81884765625,185.572265625,107.4990234375,200.28515625,124.1103515625
2882,1397,2,0.7607421875,267.205078125,87.5654296875,281.443359375,100.8544921875
2883,1397,2,0.71875,231.8466796875,95.396484375,244.6611328125,109.634765625
2884,1399,2,0.8759765625,296.978515625,168.0078125,316.744140625,193.703125
2885,1399,2,0.8759765625,419.7724609375,174.92578125,439.0439453125,199.6328125
2886,1399,2,0.8740234375,298.4609375,129.46484375,315.26171875,151.20703125
2887,1399,2,0.85693359375,373.076171875,129.46484375,388.39453125,150.21875
2888,1404,8,0.82568359375,295.126953125,0.2294921875,440.166015625,67.2412109375
2889,1404,8,0.3251953125,206.42822265625,1.204833984375,350.6640625,86.0595703125
2890,1404,8,0.08123779296875,428.232421875,0.2294921875,469.541015625,12.392578125
2891,1404,8,0.01450347900390625,298.798828125,0.0,350.205078125,69.0771484375
2892,1404,8,0.00885009765625,43.02978515625,0.2294921875,134.2529296875,83.3056640625
2893,1404,8,0.0034694671630859375,422.265625,0.11474609375,446.1328125,15.146484375
2894,1404,8,0.0030879974365234375,436.953125,0.0,470.0,17.2119140625
2895,1404,8,0.0030879974365234375,74.69970703125,0.458984375,159.84130859375,42.685546875
2896,1404,8,0.0024814605712890625,56.7706298828125,0.34423828125,117.84423828125,11.81884765625
2897,1404,8,0.0023784637451171875,387.841796875,0.0,467.24609375,41.9970703125
2898,1404,8,0.002269744873046875,379.580078125,0.0,448.427734375,51.40625
2899,1404,8,0.00217437744140625,94.091796875,0.0,133.3349609375,81.0107421875
2900,1404,8,0.001628875732421875,0.0,0.0,6.7234039306640625,78.486328125
2901,1404,8,0.0015010833740234375,450.72265625,0.11474609375,470.0,17.09716796875
2902,1404,8,0.0014209747314453125,235.458984375,0.2294921875,302.470703125,10.67138671875
2903,1404,8,0.0012254714965820312,61.84814453125,0.458984375,97.18994140625,11.93359375
2904,1407,15,0.92822265625,350.4794921875,41.48828125,401.6162109375,90.4541015625
2905,1407,2,0.017181396484375,488.2109375,98.896484375,494.0,119.640625
2906,1407,7,0.0020198822021484375,488.2109375,88.5244140625,494.0,121.8115234375
2907,1407,17,0.0017681121826171875,488.2109375,101.5498046875,494.0,118.9169921875
2908,1407,2,0.0014553070068359375,486.763671875,79.1171875,494.0,119.8818359375
2909,1409,7,0.8671875,105.3203125,195.390625,129.625,223.5078125
2910,1409,7,0.861328125,60.046875,145.11328125,87.2109375,169.41796875
2911,1409,17,0.073974609375,213.0234375,175.375,226.3671875,187.765625
2912,1409,17,0.0025119781494140625,98.529296875,138.203125,112.70703125,156.3125
2913,1409,6,0.0021991729736328125,56.47265625,24.78125,93.525390625,44.3203125
2914,1418,17,0.85986328125,58.300048828125,64.365234375,72.658447265625,78.228515625
2915,1418,9,0.85302734375,211.91015625,56.443359375,230.724609375,70.306640625
2916,1418,9,0.45703125,137.39501953125,39.85693359375,155.9619140625,52.482421875
2917,1418,17,0.09600830078125,131.2060546875,85.40771484375,147.0498046875,97.5380859375
2918,1418,11,0.0015249252319335938,447.5859375,129.2255859375,467.390625,142.0986328125
2919,1426,2,0.83349609375,375.78515625,20.302734375,388.08984375,37.037109375
2920,1426,2,0.8291015625,319.4296875,26.947265625,332.71875,44.173828125
2921,1426,2,0.82666015625,364.21875,48.48046875,378.0,67.18359375
2922,1426,2,0.81396484375,415.40625,32.73046875,427.7109375,50.203125
2923,1428,2,0.86083984375,418.623046875,194.326171875,431.6748046875,211.2451171875
2924,1428,2,0.8408203125,336.9287109375,189.9755859375,350.4638671875,207.3779296875
2925,1428,2,0.81982421875,403.154296875,172.5732421875,414.755859375,188.0419921875
2926,1428,2,0.79931640625,349.98046875,171.6064453125,362.548828125,188.0419921875
2927,1428,8,0.005279541015625,84.957275390625,102.843017578125,101.0302734375,119.036865234375
2928,1429,15,0.12042236328125,276.275390625,156.9521484375,339.1552734375,203.4931640625
2929,1429,14,0.004398345947265625,373.8134765625,8.4169921875,507.0,234.1904296875
2930,1429,2,0.0018672943115234375,0.0541534423828125,50.74951171875,14.907669067382812,99.5185546875
2931,1453,9,0.88720703125,283.4287109375,98.119384765625,300.62109375,111.873291015625
2932,1453,10,0.8662109375,296.69140625,131.39892578125,314.375,146.13525390625
2933,1453,10,0.86328125,191.81787109375,135.0830078125,209.01025390625,150.310546875
2934,1453,17,0.85205078125,260.09619140625,135.0830078125,273.35888671875,147.8544921875
2935,1453,11,0.8447265625,224.606201171875,74.6640625,237.377685546875,87.18994140625
2936,1453,17,0.84375,231.728759765625,139.50390625,245.237060546875,153.2578125
2937,1453,9,0.8232421875,236.02685546875,101.43505859375,250.0263671875,115.18896484375
2938,1453,2,0.01090240478515625,0.0076751708984375,120.469482421875,10.2540283203125,159.6435546875
2939,1454,2,0.85791015625,350.3720703125,42.15185546875,370.3515625,70.90283203125
2940,1456,15,0.845703125,129.498046875,104.8095703125,172.353515625,139.74609375
2941,1456,15,0.830078125,54.41363525390625,68.94140625,85.594482421875,95.958984375
2942,1456,15,0.81640625,132.409423828125,50.30859375,162.687744140625,74.9970703125
2943,1456,8,0.0060272216796875,148.82958984375,0.23291015625,173.98388671875,8.61767578125
2944,1457,7,0.810546875,68.202392578125,170.77734375,90.996826171875,192.00390625
2945,1458,11,0.9052734375,272.59375,193.9609375,298.328125,215.8828125
2946,1458,9,0.9052734375,176.8046875,208.2578125,199.6796875,233.515625
2947,1458,10,0.892578125,108.41796875,181.09375,131.76953125,201.109375
2948,1458,9,0.87890625,223.984375,162.5078125,245.4296875,183.4765625
2949,1458,10,0.87744140625,203.015625,78.15625,222.31640625,97.6953125
2950,1458,17,0.8759765625,181.09375,129.1484375,197.7734375,146.78125
2951,1458,17,0.86328125,149.40234375,154.16796875,167.2734375,172.27734375
2952,1463,9,0.85888671875,205.630859375,174.625,223.986328125,188.515625
2953,1463,17,0.85302734375,51.65576171875,174.873046875,66.41455078125,188.763671875
2954,1463,9,0.435791015625,131.9609375,154.28515625,150.31640625,168.17578125
2955,1463,17,0.2783203125,132.208984375,154.28515625,150.068359375,168.17578125
2956,1463,11,0.1422119140625,212.080078125,186.283203125,232.916015625,204.142578125
2957,1463,14,0.0028667449951171875,0.0,138.41015625,5.76708984375,183.05859375
2958,1463,14,0.0012445449829101562,0.0,152.796875,5.042327880859375,192.484375
2959,1466,2,0.392333984375,40.9921875,98.2880859375,59.1591796875,116.68798828125
2960,1466,17,0.1943359375,40.875732421875,98.2880859375,58.92626953125,116.68798828125
2961,1466,17,0.042877197265625,155.1181640625,87.923583984375,171.8876953125,104.693115234375
2962,1466,2,0.0013303756713867188,321.8818359375,59.39208984375,334.9248046875,73.83251953125
2963,1473,7,0.85107421875,54.1292724609375,146.736328125,84.708984375,167.56640625
2964,1474,15,0.7578125,258.7890625,107.666015625,317.3828125,175.048828125
2965,1474,14,0.007373809814453125,281.73828125,2.44140625,500.0,166.015625
2966,1474,15,0.005706787109375,287.59765625,110.83984375,315.91796875,139.16015625
2967,1474,8,0.0010814666748046875,383.7890625,9.6435546875,500.0,256.0
2968,1480,15,0.90478515625,296.044921875,97.9931640625,342.861328125,141.5966796875
2969,1480,15,0.8896484375,172.8076171875,22.2607421875,207.919921875,58.0615234375
2970,1480,15,0.87255859375,176.4794921875,152.841796875,214.1162109375,191.396484375
2971,1481,17,0.767578125,231.02294921875,28.43359375,248.67138671875,47.7978515625
2972,1481,17,0.513671875,276.2470703125,49.2685546875,294.3857421875,67.162109375
2973,1481,2,0.392333984375,231.1455078125,28.923828125,248.7939453125,47.552734375
2974,1481,2,0.20751953125,276.2470703125,49.14599609375,294.3857421875,67.52978515625
2975,1481,9,0.102294921875,276.4921875,49.14599609375,294.140625,67.28466796875
2976,1481,2,0.025177001953125,332.6240234375,74.7607421875,353.2138671875,103.6845703125
2977,1481,9,0.005199432373046875,332.869140625,74.7607421875,353.458984375,98.7822265625
2978,1498,2,0.86962890625,304.318359375,88.31103515625,330.73828125,106.90283203125
2979,1498,2,0.8662109375,417.3369140625,78.648193359375,444.7353515625,98.952392578125
2980,1498,2,0.85400390625,254.9033203125,47.824951171875,279.85546875,65.438232421875
2981,1498,2,0.85107421875,363.029296875,45.990234375,387.4921875,64.58203125
2982,1499,1,0.8984375,207.7861328125,15.0712890625,229.5283203125,36.8134765625
2983,1499,12,0.8818359375,72.3916015625,8.89453125,94.1337890625,30.63671875
2984,1499,13,0.458984375,82.89208984375,0.494140625,102.16357421875,8.1533203125
2985,1499,1,0.04400634765625,83.2626953125,0.7412109375,102.0400390625,8.1533203125
2986,1510,7,0.81298828125,389.033203125,185.185546875,413.916015625,204.326171875
2987,1510,7,0.79833984375,408.65234375,149.296875,435.44921875,167.48046875
2988,1516,2,0.88232421875,43.7791748046875,125.2587890625,75.646484375,150.8017578125
2989,1516,2,0.004756927490234375,0.0,81.78662109375,6.124786376953125,113.71533203125
2990,1516,2,0.00183868408203125,0.00383758544921875,107.32958984375,5.453208923339844,148.10009765625
2991,1516,2,0.0011119842529296875,0.0076751708984375,78.716552734375,9.532562255859375,116.539794921875
2992,1520,8,0.85498046875,2.071044921875,134.73974609375,70.90283203125,187.36865234375
2993,1520,8,0.81396484375,131.0849609375,146.6787109375,232.931640625,201.744140625
2994,1520,14,0.81298828125,309.68212890625,96.9736328125,334.04736328125,152.28271484375
2995,1520,14,0.80908203125,332.341796875,79.18701171875,356.70703125,152.77001953125
2996,1520,14,0.7744140625,288.24072265625,80.892578125,313.58056640625,157.3994140625
2997,1520,14,0.732421875,429.3154296875,55.0654296875,453.6806640625,120.8515625
2998,1520,14,0.63330078125,100.8720703125,113.5419921875,119.876953125,161.78515625
2999,1520,14,0.62451171875,219.7744140625,63.59326171875,248.0380859375,128.6484375
3000,1520,14,0.59619140625,124.628173828125,104.7705078125,154.353759765625,137.419921875
3001,1520,14,0.05645751953125,0.0,104.7705078125,13.751129150390625,153.98828125
3002,1520,8,0.052825927734375,0.015228271484375,127.91748046875,10.362838745117188,202.47509765625
3003,1520,8,0.041778564453125,485.35546875,82.59814453125,499.0,138.39453125
3004,1520,14,0.033966064453125,491.6904296875,72.6083984375,499.0,120.3642578125
3005,1520,14,0.03125,123.1053466796875,103.55224609375,155.20654296875,161.54150390625
3006,1520,14,0.0234222412109375,132.546875,102.57763671875,157.88671875,125.724609375
3007,1520,14,0.020416259765625,487.3046875,48.97412109375,499.0,145.7041015625
3008,1520,14,0.01507568359375,0.0,155.9375,10.164871215820312,204.66796875
3009,1520,14,0.01238250732421875,0.0228424072265625,107.572509765625,8.367935180664062,158.3740234375
3010,1520,8,0.0121917724609375,478.533203125,63.349609375,499.0,140.34375
3011,1520,8,0.01085662841796875,0.15228271484375,127.43017578125,26.314453125,193.21630859375
3012,1520,14,0.00955963134765625,0.0,111.470947265625,12.114089965820312,176.8916015625
3013,1520,8,0.0087127685546875,0.015228271484375,138.8818359375,4.671272277832031,200.2822265625
3014,1520,8,0.0082550048828125,127.552001953125,151.064453125,201.135009765625,203.693359375
3015,1520,8,0.00701141357421875,0.00380706787109375,110.739990234375,6.898406982421875,174.9423828125
3016,1520,14,0.00586700439453125,489.25390625,65.664306640625,499.0,110.739990234375
3017,1520,14,0.005279541015625,325.51953125,97.9482421875,338.189453125,128.89208984375
3018,1520,14,0.005218505859375,493.15234375,63.59326171875,499.0,113.29833984375
3019,1520,14,0.005062103271484375,121.704345703125,105.98876953125,143.145751953125,149.6025390625
3020,1520,8,0.00494384765625,0.03045654296875,114.638427734375,13.103927612304688,192.4853515625
3021,1520,14,0.0037078857421875,400.80810546875,67.857177734375,412.99072265625,94.415283203125
3022,1520,8,0.0028553009033203125,493.15234375,110.6181640625,499.0,142.29296875
3023,1520,14,0.0026531219482421875,125.724609375,104.283203125,170.556640625,159.3486328125
3024,1520,8,0.0026531219482421875,283.36767578125,76.01953125,355.00146484375,152.0390625
3025,1520,14,0.00257110595703125,489.25390625,10.2333984375,499.0,133.27783203125
3026,1520,14,0.0024051666259765625,0.045684814453125,132.30322265625,8.147125244140625,241.94677734375
3027,1520,14,0.0023059844970703125,0.09136962890625,111.83642578125,18.0911865234375,148.38427734375
3028,1520,14,0.0022430419921875,222.6982421875,89.1767578125,246.0888671875,126.2119140625
3029,1520,14,0.002208709716796875,479.9951171875,52.87255859375,499.0,142.29296875
3030,1520,8,0.002002716064453125,127.673828125,177.37890625,186.150390625,205.642578125
3031,1520,8,0.001964569091796875,491.6904296875,97.4609375,499.0,135.9580078125
3032,1520,14,0.0018968582153320312,131.694091796875,95.9990234375,164.830810546875,120.60791015625
3033,1520,14,0.0017957687377929688,491.6904296875,88.2021484375,499.0,137.9072265625
3034,1520,8,0.0013990402221679688,4.263916015625,121.704345703125,38.131591796875,186.150390625
3035,1520,8,0.0012645721435546875,490.228515625,110.86181640625,499.0,136.9326171875
3036,1520,14,0.001255035400390625,479.5078125,91.85693359375,499.0,136.68896484375
3037,1524,14,0.8310546875,275.982421875,0.43359375,301.564453125,48.5625
3038,1524,14,0.7265625,395.4375,2.384765625,411.046875,35.5546875
3039,1524,14,0.72021484375,32.51953125,0.0,50.947265625,27.099609375
3040,1524,14,0.56884765625,171.052734375,1.083984375,255.38671875,63.521484375
3041,1524,14,0.219970703125,10.67724609375,1.30078125,24.633544921875,26.232421875
3042,1524,14,0.2120361328125,3.170654296875,0.0,26.259521484375,26.44921875
3043,1524,14,0.1993408203125,0.05419921875,0.0,13.24493408203125,22.763671875
3044,1524,14,0.031494140625,0.0,0.0,6.229522705078125,25.2568359375
3045,1524,14,0.0243377685546875,358.58203125,11.490234375,368.98828125,33.38671875
3046,1524,14,0.0137939453125,31.81494140625,0.0,42.97998046875,22.8720703125
3047,1524,14,0.0137939453125,387.19921875,17.560546875,398.47265625,34.904296875
3048,1524,14,0.011871337890625,173.4375,1.517578125,306.1171875,58.318359375
3049,1524,2,0.01016998291015625,41.2998046875,98.9677734375,78.48046875,125.7421875
3050,1524,14,0.00690460205078125,388.06640625,4.76953125,402.80859375,35.337890625
3051,1524,14,0.0029468536376953125,84.49658203125,0.650390625,255.38671875,63.521484375
3052,1524,14,0.0011692047119140625,0.027099609375,0.0,6.38873291015625,44.66015625
3053,1540,0,0.484375,182.24853515625,71.9208984375,247.31982421875,132.099609375
3054,1540,0,0.341552734375,290.619140625,12.720703125,346.39453125,65.0712890625
3055,1540,12,0.216064453125,290.37451171875,11.7421875,346.14990234375,65.0712890625
3056,1540,1,0.195556640625,291.84228515625,15.1669921875,343.70361328125,64.58203125
3057,1540,3,0.08758544921875,181.75927734375,72.65478515625,247.31982421875,131.12109375
3058,1540,3,0.0548095703125,163.16748046875,108.492919921875,248.0537109375,163.412109375
3059,1540,17,0.011688232421875,293.0654296875,13.2099609375,344.4375,64.82666015625
3060,1540,6,0.00498199462890625,0.0076446533203125,150.2021484375,12.529586791992188,190.3212890625
3061,1540,3,0.0029354095458984375,160.9658203125,118.767333984375,214.05029296875,194.2353515625
3062,1549,8,0.6435546875,7.8076171875,87.4453125,192.0673828125,178.734375
3063,1549,8,0.1661376953125,10.14990234375,86.244140625,104.80224609375,174.650390625
3064,1549,8,0.1656494140625,171.52734375,79.998046875,214.76953125,109.787109375
3065,1549,14,0.11517333984375,144.140625,66.78515625,164.80078125,95.1328125
3066,1549,14,0.04193115234375,115.6728515625,73.1513671875,124.3212890625,91.8896484375
3067,1549,5,0.0213623046875,171.52734375,79.7578125,214.76953125,109.787109375
3068,1549,8,0.0066680908203125,7.447265625,21.140625,189.544921875,182.578125
3069,1549,14,0.00600433349609375,138.85546875,66.78515625,175.37109375,157.11328125
3070,1549,14,0.004467010498046875,82.640625,56.935546875,93.69140625,79.998046875
3071,1549,7,0.003376007080078125,11.59130859375,88.40625,106.18359375,163.83984375
3072,1549,14,0.002132415771484375,89.607421875,59.818359375,98.255859375,79.517578125
3073,1549,14,0.0020999908447265625,133.5703125,67.025390625,162.3984375,102.099609375
3074,1549,5,0.0015611648559570312,471.8203125,123.9609375,492.0,235.4296875
3075,1549,14,0.00133514404296875,145.1015625,66.064453125,170.56640625,103.30078125
3076,1552,2,0.8916015625,228.882568359375,81.36474609375,264.6123046875,122.40087890625
3077,1552,7,0.84375,221.92529296875,41.9794921875,252.58447265625,65.32763671875
3078,1561,9,0.8857421875,287.3203125,115.552734375,305.578125,128.765625
3079,1561,11,0.86328125,323.595703125,145.1015625,337.048828125,159.515625
3080,1561,10,0.85498046875,388.21875,104.7421875,404.5546875,117.71484375
3081,1561,10,0.84912109375,292.125,89.607421875,307.5,103.541015625
3082,1561,17,0.83984375,321.43359375,98.6162109375,333.4453125,110.8681640625
3083,1561,9,0.65673828125,334.40625,126.36328125,348.33984375,139.81640625
3084,1561,9,0.373779296875,349.30078125,108.4658203125,361.79296875,120.4775390625
3085,1561,17,0.1895751953125,349.30078125,108.7060546875,361.79296875,120.4775390625
3086,1561,17,0.11358642578125,334.40625,126.36328125,347.859375,139.81640625
3087,1571,7,0.7890625,410.3203125,82.400390625,445.875,109.546875
3088,1571,7,0.77587890625,232.06640625,80.71875,264.73828125,107.865234375
3089,1571,15,0.004467010498046875,485.2734375,97.775390625,492.0,128.044921875
3090,1571,14,0.0022792816162109375,11.52374267578125,20.5400390625,23.4228515625,39.9990234375
3091,1574,12,0.90478515625,127.6328125,167.109375,169.2890625,210.21875
3092,1574,13,0.8681640625,114.5546875,97.6015625,154.7578125,135.3828125
3093,1574,0,0.45703125,114.67578125,97.84375,154.87890625,135.625
3094,1574,1,0.004398345947265625,114.3125,97.84375,154.7578125,135.625
3095,1574,6,0.0034694671630859375,474.6875,113.5859375,496.0,144.1015625
3096,1574,6,0.0015974044799804688,473.71875,87.4296875,496.0,150.3984375
3097,1576,2,0.88818359375,321.302734375,165.990234375,357.21875,205.7890625
3098,1576,7,0.86083984375,390.7080078125,153.8564453125,421.7705078125,182.4921875
3099,1584,8,0.830078125,463.8671875,67.87109375,500.0,133.056640625
3100,1584,8,0.76904296875,224.4873046875,122.4365234375,280.2734375,169.43359375
3101,1584,8,0.70068359375,375.48828125,93.75,429.19921875,145.01953125
3102,1584,8,0.57958984375,0.0,164.55078125,24.139404296875,255.37109375
3103,1584,14,0.352294921875,37.353515625,162.109375,48.828125,185.546875
3104,1584,14,0.3173828125,9.2315673828125,165.0390625,26.4129638671875,199.21875
3105,1584,8,0.315673828125,43.39599609375,178.7109375,59.87548828125,195.3125
3106,1584,8,0.187744140625,8.392333984375,165.771484375,26.824951171875,199.462890625
3107,1584,8,0.1783447265625,303.466796875,100.5859375,349.853515625,157.2265625
3108,1584,8,0.1302490234375,352.5390625,107.421875,369.140625,125.48828125
3109,1584,8,0.1015625,338.8671875,113.28125,370.1171875,149.4140625
3110,1584,8,0.0836181640625,380.37109375,92.7734375,423.33984375,132.32421875
3111,1584,14,0.0548095703125,0.030517578125,166.9921875,11.0931396484375,191.40625
3112,1584,14,0.0526123046875,46.44775390625,173.828125,57.31201171875,189.94140625
3113,1584,8,0.0305633544921875,0.05340576171875,165.52734375,12.91656494140625,228.02734375
3114,1584,14,0.0284423828125,0.00762939453125,166.748046875,8.758544921875,216.552734375
3115,1584,8,0.02423095703125,386.23046875,115.478515625,423.33984375,146.728515625
3116,1584,8,0.023956298828125,351.07421875,107.666015625,370.60546875,135.986328125
3117,1584,8,0.0230712890625,373.53515625,96.435546875,405.2734375,144.287109375
3118,1584,14,0.022979736328125,52.978515625,160.15625,65.49072265625,181.640625
3119,1584,8,0.01678466796875,0.030517578125,165.0390625,11.016845703125,204.1015625
3120,1584,14,0.0165252685546875,42.1142578125,165.0390625,56.15234375,187.5
3121,1584,8,0.01467132568359375,375.9765625,90.576171875,413.0859375,137.939453125
3122,1584,14,0.01395416259765625,353.02734375,107.421875,368.65234375,125.9765625
3123,1584,14,0.01395416259765625,48.76708984375,132.8125,69.64111328125,151.85546875
3124,1584,14,0.01374053955078125,48.33984375,164.794921875,57.12890625,185.791015625
3125,1584,14,0.0103302001953125,48.52294921875,161.62109375,62.07275390625,184.08203125
3126,1584,8,0.0087127685546875,299.8046875,102.1728515625,328.61328125,154.78515625
3127,1584,8,0.008575439453125,42.3583984375,167.96875,64.0869140625,195.3125
3128,1584,8,0.0079345703125,468.505859375,99.12109375,495.361328125,134.27734375
3129,1584,8,0.00763702392578125,471.6796875,67.138671875,500.0,114.501953125
3130,1584,14,0.007175445556640625,46.7529296875,131.8359375,72.3876953125,174.8046875
3131,1584,14,0.0070953369140625,80.2001953125,118.408203125,104.1259765625,144.287109375
3132,1584,8,0.00653839111328125,350.5859375,105.712890625,375.48828125,143.310546875
3133,1584,8,0.005512237548828125,298.828125,95.703125,370.1171875,158.69140625
3134,1584,5,0.005405426025390625,0.0457763671875,167.48046875,10.49041748046875,188.96484375
3135,1584,14,0.005218505859375,34.60693359375,161.1328125,46.630859375,182.6171875
3136,1584,14,0.00400543212890625,33.75244140625,157.958984375,50.4150390625,184.814453125
3137,1584,8,0.0034160614013671875,11.32965087890625,175.29296875,27.191162109375,199.70703125
3138,1584,8,0.0030269622802734375,304.6875,107.91015625,328.125,145.01953125
3139,1584,8,0.0029010772705078125,37.109375,160.64453125,50.59814453125,187.01171875
3140,1584,14,0.002834320068359375,10.19287109375,164.794921875,23.98681640625,190.185546875
3141,1584,8,0.0023784637451171875,1.220703125,139.404296875,33.843994140625,255.126953125
3142,1584,8,0.00234222412109375,357.666015625,69.580078125,402.587890625,101.806640625
3143,1584,14,0.0020580291748046875,46.44775390625,158.203125,68.66455078125,181.640625
3144,1584,14,0.0017271041870117188,306.15234375,110.107421875,330.56640625,147.216796875
3145,1584,14,0.001506805419921875,319.091796875,84.47265625,342.041015625,109.86328125
3146,1584,14,0.0014896392822265625,15.350341796875,168.212890625,28.564453125,193.115234375
3147,1584,8,0.0013990402221679688,385.7421875,99.365234375,424.31640625,141.845703125
3148,1584,14,0.0013990402221679688,52.947998046875,128.173828125,74.70703125,148.193359375
3149,1584,14,0.0013456344604492188,58.04443359375,161.1328125,66.83349609375,182.6171875
3150,1584,8,0.0013246536254882812,338.37890625,107.421875,399.4140625,148.4375
3151,1584,14,0.0013151168823242188,0.0,149.90234375,5.79071044921875,188.96484375
3152,1584,14,0.0012063980102539062,64.0869140625,161.1328125,74.5849609375,182.6171875
3153,1584,8,0.001178741455078125,36.1328125,181.640625,60.60791015625,196.2890625
3154,1584,14,0.0011072158813476562,359.86328125,67.2607421875,395.99609375,102.1728515625
3155,1584,14,0.0010900497436523438,61.248779296875,125.9765625,77.392578125,147.4609375
3156,1584,8,0.0010814666748046875,338.37890625,120.60546875,357.91015625,148.92578125
3157,1584,5,0.0010728836059570312,220.21484375,106.93359375,268.06640625,131.103515625
3158,1587,10,0.8173828125,215.617431640625,194.140625,231.876708984375,208.2158203125
3159,1587,10,0.62060546875,120.003173828125,206.759765625,135.291748046875,223.26171875
3160,1587,9,0.57373046875,79.718994140625,197.78076171875,96.220947265625,213.79736328125
3161,1587,11,0.36474609375,179.944091796875,190.7431640625,193.776611328125,205.3037109375
3162,1587,9,0.248046875,60.51727294921875,212.34130859375,76.321533203125,228.84326171875
3163,1587,10,0.1375732421875,156.7685546875,204.09033203125,171.814453125,220.59228515625
3164,1587,9,0.1044921875,156.7685546875,204.09033203125,171.814453125,220.59228515625
3165,1587,11,0.09136962890625,156.52587890625,203.84765625,171.57177734375,220.349609375
3166,1587,11,0.0330810546875,79.718994140625,197.5380859375,96.099609375,214.0400390625
3167,1587,17,0.0011606216430664062,180.0654296875,190.98583984375,194.140625,205.54638671875
3168,1593,15,0.88232421875,248.779296875,34.0576171875,312.744140625,104.8583984375
3169,1593,6,0.006168365478515625,430.17578125,150.390625,477.5390625,187.98828125
3170,1593,3,0.0014438629150390625,376.953125,113.28125,409.1796875,137.6953125
3171,1593,15,0.001255035400390625,299.8046875,85.693359375,343.75,127.685546875
3172,1594,9,0.9072265625,364.4482421875,102.82470703125,386.640625,124.52392578125
3173,1594,10,0.90673828125,245.965576171875,111.70166015625,269.7607421875,131.42822265625
3174,1594,10,0.90283203125,349.16015625,16.2744140625,368.88671875,35.5078125
3175,1594,11,0.888671875,412.7783203125,139.5654296875,439.4091796875,162.2509765625
3176,1594,9,0.875,313.1591796875,144.990234375,336.8310546875,169.6484375
3177,1594,17,0.865234375,288.994140625,88.02978515625,307.734375,106.27685546875
3178,1594,17,0.84716796875,322.529296875,66.083984375,340.283203125,83.837890625
3179,1600,5,0.7373046875,92.1600341796875,146.962890625,121.3800048828125,158.798828125
3180,1600,5,0.62451171875,423.6279296875,140.5517578125,437.4365234375,150.4150390625
3181,1600,5,0.0221099853515625,416.97021484375,141.044921875,436.20361328125,150.908203125
3182,1600,5,0.01934814453125,112.44140625,140.05859375,129.94873046875,146.962890625
3183,1600,5,0.01302337646484375,41.6107177734375,182.9638671875,60.8441162109375,189.375
3184,1600,5,0.01107025146484375,446.806640625,140.5517578125,457.65625,150.4150390625
3185,1600,5,0.008575439453125,205.89599609375,154.853515625,232.52685546875,169.6484375
3186,1600,5,0.006824493408203125,353.5986328125,144.4970703125,368.3935546875,154.3603515625
3187,1600,5,0.0055999755859375,104.79736328125,146.4697265625,121.56494140625,157.3193359375
3188,1600,5,0.00392913818359375,408.8330078125,187.15576171875,417.216796875,195.53955078125
3189,1600,5,0.0027904510498046875,91.358642578125,151.15478515625,107.139892578125,159.04541015625
3190,1600,5,0.0025501251220703125,112.318115234375,139.072265625,137.83935546875,148.935546875
3191,1600,5,0.002002716064453125,372.09228515625,223.4033203125,423.38134765625,255.9521484375
3192,1600,5,0.001934051513671875,0.0,163.73046875,29.050445556640625,181.484375
3193,1600,5,0.0015974044799804688,406.3671875,188.388671875,417.216796875,196.7724609375
3194,1600,5,0.0010480880737304688,407.353515625,167.92236328125,420.17578125,176.30615234375
3195,1600,5,0.0010404586791992188,90.98876953125,152.3876953125,101.961669921875,159.2919921875
3196,1603,14,0.8310546875,437.01171875,80.6884765625,477.05078125,190.91796875
3197,1603,14,0.82763671875,357.91015625,83.49609375,380.37109375,182.12890625
3198,1603,14,0.796875,190.91796875,93.3837890625,224.12109375,170.41015625
3199,1603,14,0.73388671875,145.01953125,87.890625,173.583984375,168.45703125
3200,1603,14,0.7138671875,177.490234375,91.30859375,201.416015625,171.38671875
3201,1603,5,0.1639404296875,47.119140625,112.060546875,160.0341796875,163.818359375
3202,1603,14,0.00661468505859375,36.163330078125,139.16015625,51.971435546875,170.41015625
3203,1603,15,0.0014896392822265625,164.794921875,0.244140625,210.205078125,47.36328125
3204,1615,0,0.88232421875,66.73583984375,133.4716796875,108.112060546875,173.2705078125
3205,1615,13,0.8818359375,150.70166015625,128.011474609375,190.01513671875,165.990234375
3206,1615,4,0.8642578125,160.89404296875,33.73193359375,217.68017578125,94.88623046875
3207,1615,3,0.0838623046875,0.0227508544921875,50.23388671875,14.606048583984375,116.24169921875
3208,1615,1,0.06756591796875,68.4345703125,135.4130859375,108.354736328125,172.2998046875
3209,1615,3,0.004924774169921875,0.03033447265625,20.384765625,14.029693603515625,74.2587890625
3210,1615,3,0.0048675537109375,0.0075836181640625,35.4306640625,13.536758422851562,88.333984375
3211,1615,3,0.0011072158813476562,0.015167236328125,83.48046875,13.31683349609375,130.5595703125
3212,1615,3,0.0010986328125,484.380859375,31.183837890625,497.0,83.359130859375
3213,1615,3,0.0010728836059570312,479.52734375,13.34716796875,497.0,73.53076171875
3214,1616,2,0.89501953125,107.2265625,150.0,138.8671875,188.4375
3215,1616,17,0.7646484375,194.1796875,119.53125,209.6484375,135.9375
3216,1616,2,0.006641387939453125,87.0703125,87.3046875,113.4375,114.2578125
3217,1616,2,0.0018968582153320312,239.0625,50.15625,307.5,113.4375
3218,1616,2,0.0010814666748046875,79.1015625,84.7265625,127.265625,199.21875
3219,1616,2,0.0010404586791992188,82.03125,87.890625,113.3203125,138.515625
3220,1620,5,0.67578125,26.36529541015625,100.11083984375,46.69659423828125,119.60986328125
3221,1620,14,0.0311431884765625,398.77880859375,87.626708984375,411.61962890625,108.076904296875
3222,1620,14,0.01519012451171875,482.7197265625,67.29541015625,487.0,102.96435546875
3223,1620,14,0.0121917724609375,481.29296875,59.21044921875,487.0,104.1533203125
3224,1620,8,0.008575439453125,480.341796875,63.96630859375,487.0,103.43994140625
3225,1624,9,0.861328125,144.0419921875,5.435546875,167.513671875,24.70703125
3226,1624,9,0.85595703125,120.632080078125,54.6025390625,144.2890625,74.3681640625
3227,1624,10,0.7548828125,265.1064453125,11.365234375,285.3662109375,31.130859375
3228,1624,17,0.64404296875,37.122314453125,37.8017578125,57.505615234375,56.5791015625
3229,1624,10,0.0153656005859375,36.998779296875,37.5546875,57.505615234375,56.826171875
3230,1632,9,0.91259765625,251.490234375,88.4873046875,272.080078125,105.1552734375
3231,1632,9,0.89697265625,229.4296875,118.63671875,248.548828125,139.2265625
3232,1632,10,0.88330078125,158.5908203125,107.6064453125,178.6904296875,125.2548828125
3233,1632,17,0.8798828125,186.2890625,87.751953125,202.466796875,103.9296875
3234,1632,17,0.87890625,202.95703125,73.044921875,218.64453125,88.732421875
3235,1632,10,0.87841796875,210.310546875,37.5029296875,226.48828125,53.92578125
3236,1632,11,0.8740234375,302.96484375,101.7236328125,325.515625,117.9013671875
3237,1638,13,0.875,174.0869140625,133.40087890625,207.12890625,166.44287109375
3238,1638,1,0.8427734375,242.63671875,121.8115234375,278.6376953125,157.3193359375
3239,1638,4,0.8427734375,108.24951171875,113.304443359375,166.93603515625,157.8125
3240,1638,3,0.810546875,217.115478515625,174.580078125,300.830078125,229.814453125
3241,1638,12,0.80810546875,150.16845703125,65.5908203125,181.73095703125,94.1943359375
3242,1638,0,0.79931640625,206.019287109375,82.481689453125,239.554443359375,114.290771484375
3243,1638,3,0.78271484375,233.759765625,61.39892578125,308.720703125,82.11181640625
3244,1638,12,0.67041015625,61.18316650390625,111.578369140625,91.48193359375,140.05859375
3245,1638,13,0.36474609375,61.55303955078125,111.331787109375,91.358642578125,140.05859375
3246,1638,0,0.36474609375,105.8453369140625,177.5390625,150.16845703125,216.9921875
3247,1638,1,0.09075927734375,104.9822998046875,178.0322265625,148.4423828125,218.4716796875
3248,1638,11,0.019561767578125,150.16845703125,65.5908203125,180.9912109375,93.701171875
3249,1638,3,0.006717681884765625,380.2294921875,81.3720703125,413.7646484375,103.0712890625
3250,1638,3,0.001255035400390625,236.2255859375,23.91845703125,308.2275390625,82.3583984375
3251,1643,5,0.420654296875,238.901123046875,121.09521484375,437.599609375,200.52587890625
3252,1643,14,0.058563232421875,477.55859375,169.0947265625,499.0,228.5458984375
3253,1643,5,0.054595947265625,159.3486328125,118.90234375,237.8046875,155.9375
3254,1643,14,0.034881591796875,470.2490234375,133.521484375,491.203125,156.4248046875
3255,1643,5,0.0206451416015625,155.69384765625,119.63330078125,264.85009765625,171.77490234375
3256,1643,5,0.0203399658203125,304.80908203125,121.826171875,424.19873046875,169.58203125
3257,1643,14,0.0200958251953125,484.380859375,171.0439453125,499.0,220.26171875
3258,1643,8,0.0160980224609375,478.533203125,173.48046875,499.0,229.033203125
3259,1643,14,0.0095977783203125,490.228515625,168.85107421875,499.0,226.35302734375
3260,1643,5,0.00933837890625,159.3486328125,120.3642578125,262.169921875,236.3427734375
3261,1643,5,0.007785797119140625,261.92626953125,123.2880859375,389.11279296875,163.734375
3262,1643,5,0.005218505859375,266.5556640625,122.3134765625,353.2958984375,154.4755859375
3263,1643,5,0.004718780517578125,0.15228271484375,122.06982421875,43.857421875,168.85107421875
3264,1643,5,0.00327301025390625,0.0,123.2880859375,79.91796875,236.830078125
3265,1643,14,0.0032596588134765625,469.2744140625,135.71435546875,484.8681640625,157.64306640625
3266,1643,5,0.0030040740966796875,50.2532958984375,121.826171875,261.6826171875,237.8046875
3267,1643,5,0.00274658203125,428.3408203125,134.73974609375,452.7060546875,154.71923828125
3268,1643,5,0.0019044876098632812,130.1103515625,122.3134765625,239.51025390625,168.1201171875
3269,1643,14,0.0017547607421875,335.7529296875,186.150390625,358.65625,217.8251953125
3270,1643,5,0.001674652099609375,282.63671875,126.69921875,325.51953125,146.6787109375
3271,1643,14,0.0012998580932617188,115.978515625,94.0498046875,158.13037109375,144.48583984375
3272,1643,8,0.0012302398681640625,115.4912109375,97.095458984375,158.13037109375,146.6787109375
3273,1643,5,0.0011968612670898438,429.802734375,132.0595703125,451.244140625,148.6279296875
3274,1645,7,0.78271484375,71.04931640625,171.287109375,89.90771484375,190.986328125
3275,1645,7,0.75341796875,131.6484375,120.2373046875,158.07421875,137.4140625
3276,1645,2,0.001956939697265625,0.0,18.73828125,11.4261474609375,38.91796875
3277,1645,2,0.0018529891967773438,0.0,138.85546875,4.448089599609375,170.0859375
3278,1651,15,0.9267578125,397.671875,95.1796875,433.515625,129.5703125
3279,1656,5,0.83984375,284.4521484375,1.10595703125,453.0,67.2421875
3280,1656,6,0.1900634765625,286.2216796875,11.0595703125,390.6240234375,57.509765625
3281,1656,7,0.00391387939453125,179.1650390625,157.70947265625,201.7265625,188.23388671875
3282,1656,5,0.0024929046630859375,361.869140625,51.53759765625,440.61328125,65.69384765625
3283,1656,5,0.0017547607421875,377.794921875,52.6435546875,418.9365234375,65.47265625
3284,1656,5,0.0015850067138671875,367.177734375,0.66357421875,444.15234375,26.76416015625
3285,1656,5,0.0014438629150390625,360.5419921875,0.22119140625,453.0,59.05810546875
3286,1658,15,0.8310546875,158.3671875,81.9140625,199.0966796875,115.134765625
3287,1658,15,0.81884765625,41.7249755859375,102.392578125,76.56689453125,130.607421875
3288,1658,15,0.80419921875,65.53125,28.8974609375,95.7939453125,57.33984375
3289,1659,10,0.83447265625,304.6171875,201.31640625,319.9921875,217.65234375
3290,1659,10,0.822265625,398.7890625,189.544921875,415.125,204.439453125
3291,1659,11,0.4765625,361.552734375,186.421875,375.486328125,200.8359375
3292,1659,9,0.33447265625,340.65234375,199.154296875,356.02734375,215.490234375
3293,1659,9,0.264404296875,263.77734375,192.427734375,280.11328125,207.802734375
3294,1659,11,0.262939453125,263.77734375,192.66796875,280.11328125,208.04296875
3295,1659,9,0.25390625,247.921875,206.12109375,263.296875,221.49609375
3296,1659,11,0.169921875,247.921875,205.880859375,263.296875,221.736328125
3297,1659,11,0.0050811767578125,488.63671875,3.18310546875,492.0,20.900390625
3298,1662,15,0.90673828125,264.5166015625,23.660888671875,300.4326171875,57.878173828125
3299,1662,15,0.0012645721435546875,493.1171875,1.69873046875,497.0,20.14208984375
3300,1666,7,0.888671875,147.19921875,28.4150390625,183.30029296875,58.693359375
3301,1666,2,0.8798828125,219.16845703125,38.197265625,257.5986328125,84.779296875
3302,1666,17,0.0025119781494140625,78.607177734375,78.2578125,88.27294921875,86.1767578125
3303,1673,2,0.87158203125,295.0927734375,45.19775390625,328.4619140625,77.32177734375
3304,1673,2,0.03436279296875,505.01953125,64.62158203125,510.0,86.53564453125
3305,1673,17,0.0029811859130859375,369.052734375,204.697265625,380.009765625,220.634765625
3306,1673,2,0.00260162353515625,326.71875,20.419921875,346.640625,43.828125
3307,1673,2,0.001461029052734375,503.525390625,58.0224609375,510.0,85.9130859375
3308,1673,2,0.0010776519775390625,502.03125,78.31787109375,510.0,109.94384765625
3309,1678,5,0.72021484375,55.113037109375,0.05810546875,118.53515625,29.75
3310,1678,8,0.4921875,55.95556640625,11.15625,87.79736328125,52.0625
3311,1678,8,0.00926971435546875,82.45166015625,0.3486328125,242.880859375,67.9833984375
3312,1678,8,0.008575439453125,54.619140625,0.697265625,196.62890625,60.4296875
3313,1678,8,0.00609588623046875,44.857421875,0.0,70.888671875,17.7802734375
3314,1678,8,0.00586700439453125,43.462890625,0.232421875,226.84375,83.20703125
3315,1678,8,0.004924774169921875,54.7353515625,2.556640625,120.2783203125,52.759765625
3316,1678,8,0.004024505615234375,62.986328125,0.0,244.740234375,117.837890625
3317,1678,8,0.0012845993041992188,103.0791015625,27.658203125,118.8837890625,51.1328125
3318,1684,4,0.861328125,205.94189453125,111.96142578125,269.71435546875,186.28271484375
3319,1684,3,0.83984375,327.013671875,108.60498046875,372.0859375,182.92626953125
3320,1684,3,0.544921875,110.642822265625,115.078125,148.522705078125,190.3583984375
3321,1684,3,0.5390625,110.283203125,113.6396484375,174.0556640625,190.3583984375
3322,1684,3,0.0022258758544921875,343.7958984375,108.60498046875,395.5810546875,184.84423828125
3323,1686,7,0.2568359375,220.69091796875,166.689453125,264.58251953125,187.40234375
3324,1686,9,0.006290435791015625,339.7900390625,154.3603515625,381.2158203125,176.0595703125
3325,1686,3,0.0025501251220703125,338.8037109375,154.853515625,381.2158203125,175.56640625
3326,1686,6,0.0022869110107421875,221.923828125,166.689453125,264.8291015625,187.40234375
3327,1686,17,0.0017271041870117188,41.1175537109375,51.7822265625,64.1729736328125,82.3583984375
3328,1686,2,0.0011339187622070312,40.19287109375,34.76806640625,83.468017578125,84.57763671875
3329,1690,10,0.892578125,266.30859375,125.633544921875,288.0078125,145.4833984375
3330,1690,11,0.88427734375,257.9248046875,39.453125,273.7060546875,54.98779296875
3331,1690,9,0.8759765625,296.63818359375,85.687255859375,319.81689453125,102.947998046875
3332,1690,9,0.8681640625,239.1845703125,70.892333984375,256.4453125,87.659912109375
3333,1690,10,0.85498046875,142.77099609375,88.2763671875,163.48388671875,107.0166015625
3334,1690,17,0.8291015625,221.060791015625,114.66064453125,238.074951171875,130.44189453125
3335,1690,9,0.6279296875,188.14208984375,108.865966796875,204.90966796875,124.400634765625
3336,1690,17,0.50390625,188.14208984375,108.74267578125,204.90966796875,124.52392578125
3337,1692,9,0.8984375,238.2373046875,201.396484375,254.447265625,216.1328125
3338,1692,9,0.88720703125,201.028076171875,219.080078125,218.957275390625,236.763671875
3339,1692,11,0.8798828125,272.86767578125,218.5888671875,291.04248046875,233.3251953125
3340,1692,10,0.8740234375,226.939453125,157.6787109375,242.1669921875,171.4326171875
3341,1692,10,0.85400390625,152.275390625,200.16845703125,169.958984375,215.39599609375
3342,1692,17,0.85009765625,183.95849609375,190.58984375,197.71240234375,204.34375
3343,1692,17,0.84814453125,207.7822265625,183.2216796875,221.044921875,196.9755859375
3344,1692,5,0.0010118484497070312,152.275390625,200.4140625,169.958984375,215.150390625
3345,1693,2,0.8984375,210.404296875,86.138671875,239.3525390625,123.32421875
3346,1693,2,0.81982421875,115.91064453125,56.013671875,145.80029296875,76.25390625
3347,1693,17,0.8017578125,210.404296875,38.126953125,226.408203125,52.9541015625
3348,1693,2,0.0246124267578125,211.1103515625,48.953125,231.3505859375,77.1953125
3349,1693,17,0.0022335052490234375,114.380859375,56.2490234375,145.91796875,80.7255859375
3350,1693,17,0.002132415771484375,0.007354736328125,117.4404296875,4.69232177734375,143.7998046875
3351,1693,2,0.0019121170043945312,0.01470947265625,120.970703125,2.949249267578125,138.857421875
3352,1693,17,0.0012941360473632812,0.02022552490234375,123.44189453125,2.7010269165039062,140.26953125
3353,1693,2,0.0012645721435546875,210.404296875,38.126953125,226.408203125,52.9541015625
3354,1693,2,0.0011425018310546875,470.703125,102.142578125,482.0,160.0390625
3355,1702,7,0.89306640625,216.49072265625,44.5927734375,249.09619140625,73.841796875
3356,1706,10,0.88232421875,346.4736328125,133.0341796875,372.7880859375,156.4248046875
3357,1706,11,0.87744140625,220.01806640625,19.73583984375,236.09912109375,35.32958984375
3358,1706,10,0.85791015625,181.155517578125,74.5576171875,202.596923828125,93.80615234375
3359,1706,10,0.73095703125,214.17041015625,192.24169921875,237.56103515625,212.70849609375
3360,1706,11,0.505859375,214.17041015625,191.998046875,237.56103515625,212.9521484375
3361,1706,12,0.0030155181884765625,181.03369140625,74.435791015625,202.96240234375,94.171630859375
3362,1718,9,0.884765625,139.50390625,189.1162109375,162.099609375,204.8349609375
3363,1718,17,0.8623046875,211.95751953125,147.60888671875,226.69384765625,163.32763671875
3364,1718,9,0.732421875,119.978271484375,147.60888671875,138.398681640625,160.38037109375
3365,1718,9,0.59619140625,38.71356201171875,170.4501953125,59.34442138671875,188.625
3366,1718,17,0.0015974044799804688,267.46435546875,86.9443359375,276.30615234375,101.189453125
3367,1719,2,0.87841796875,45.987060546875,76.92822265625,66.4324951171875,105.07861328125
3368,1719,2,0.875,142.93603515625,84.451171875,163.32080078125,111.1455078125
3369,1719,2,0.865234375,49.384521484375,23.05419921875,67.22119140625,47.564453125
3370,1719,2,0.86328125,167.082275390625,39.07080078125,185.525634765625,63.5810546875
3371,1726,17,0.75634765625,66.88916015625,159.6708984375,82.71240234375,175.9736328125
3372,1726,17,0.72314453125,145.2861328125,127.544921875,160.150390625,141.9296875
3373,1726,2,0.55078125,145.2861328125,127.30517578125,160.6298828125,142.16943359375
3374,1726,2,0.13525390625,66.769287109375,159.6708984375,82.832275390625,175.494140625
3375,1730,2,0.845703125,75.01220703125,168.45703125,94.90966796875,198.73046875
3376,1730,2,0.0018825531005859375,0.0,183.10546875,6.595611572265625,216.30859375
3377,1730,14,0.0015363693237304688,226.5625,140.625,235.83984375,152.34375
3378,1732,7,0.87744140625,112.548828125,108.642578125,147.705078125,133.056640625
3379,1732,7,0.83740234375,31.219482421875,196.533203125,60.211181640625,224.853515625
3380,1737,17,0.86328125,50.818359375,52.171875,69.767578125,70.62890625
3381,1737,9,0.85205078125,235.265625,121.5703125,261.84375,143.2265625
3382,1737,9,0.84912109375,114.43359375,121.32421875,135.59765625,140.51953125
3383,1737,9,0.5234375,166.11328125,53.40234375,190.72265625,72.3515625
3384,1737,10,0.355712890625,235.265625,121.693359375,261.84375,143.2265625
3385,1737,17,0.0189056396484375,166.8515625,53.40234375,189.984375,70.875
3386,1737,11,0.007404327392578125,230.58984375,141.99609375,254.4609375,176.44921875
3387,1737,2,0.0018310546875,51.064453125,52.171875,70.013671875,70.875
3388,1740,9,0.90673828125,403.9599609375,64.4853515625,421.2548828125,79.556640625
3389,1740,9,0.89013671875,367.146484375,82.521484375,384.935546875,99.81640625
3390,1740,11,0.87646484375,440.5263671875,81.533203125,459.7978515625,96.8515625
3391,1740,10,0.865234375,317.732421875,64.4853515625,335.521484375,79.556640625
3392,1740,17,0.83642578125,373.076171875,47.1904296875,386.912109375,60.5322265625
3393,1740,10,0.83447265625,392.5947265625,20.38330078125,407.9130859375,34.96044921875
3394,1740,17,0.8310546875,349.357421875,54.35546875,363.193359375,68.19140625
3395,1743,2,0.8798828125,158.13037109375,188.5869140625,184.93212890625,210.0283203125
3396,1743,2,0.87841796875,88.0194091796875,180.302734375,110.1917724609375,201.2568359375
3397,1743,2,0.8740234375,100.8111572265625,122.678955078125,116.6485595703125,145.216796875
3398,1743,2,0.85009765625,218.190673828125,141.56201171875,241.093994140625,157.64306640625
3399,1751,15,0.94287109375,48.3353271484375,118.6171875,127.67822265625,191.10546875
3400,1751,15,0.0018529891967773438,322.1962890625,2.1181640625,339.1416015625,24.4765625
3401,1752,11,0.892578125,410.326171875,14.216796875,426.013671875,29.904296875
3402,1752,9,0.8916015625,451.015625,61.40185546875,475.037109375,78.56005859375
3403,1752,9,0.8798828125,391.4521484375,46.3271484375,408.6103515625,63.4853515625
3404,1752,10,0.8662109375,419.640625,101.7236328125,442.19140625,122.3134765625
3405,1752,10,0.8623046875,293.650390625,64.220703125,315.220703125,83.0947265625
3406,1752,17,0.75634765625,373.3134765625,90.9384765625,390.4716796875,106.87109375
3407,1752,9,0.61669921875,339.9775390625,85.30078125,356.6455078125,100.98828125
3408,1752,17,0.38671875,339.732421875,85.0556640625,356.400390625,100.98828125
3409,1752,9,0.01233673095703125,373.3134765625,90.693359375,390.4716796875,106.87109375
3410,1764,2,0.89501953125,288.6806640625,94.166015625,319.1181640625,133.40185546875
3411,1764,2,0.8681640625,303.8994140625,32.8154296875,334.8125,59.923828125
3412,1764,17,0.76904296875,399.0166015625,74.90478515625,415.662109375,93.6904296875
3413,1769,15,0.87744140625,322.4306640625,62.70751953125,355.2666015625,95.99951171875
3414,1769,15,0.85693359375,425.4990234375,43.09716796875,451.9501953125,71.37255859375
3415,1769,15,0.80908203125,346.82958984375,28.7314453125,366.89599609375,51.990234375
3416,1775,3,0.85009765625,152.220703125,44.0126953125,237.814453125,91.6728515625
3417,1775,3,0.85009765625,88.51171875,145.412109375,161.947265625,228.087890625
3418,1775,0,0.83349609375,322.1923828125,59.818359375,359.1533203125,96.29296875
3419,1775,12,0.810546875,227.8447265625,129.6064453125,269.6689453125,167.5400390625
3420,1775,0,0.8056640625,59.2408447265625,30.3955078125,100.54833984375,69.7880859375
3421,1775,3,0.7958984375,295.4443359375,177.99609375,343.1044921875,239.2734375
3422,1775,13,0.30322265625,206.689453125,0.0,243.4072265625,16.048828125
3423,1775,12,0.1285400390625,206.203125,0.0,244.623046875,16.53515625
3424,1775,1,0.115966796875,205.9599609375,0.0,242.9208984375,14.8330078125
3425,1775,3,0.0029010772705078125,0.0,130.822265625,13.1612548828125,189.66796875
3426,1775,3,0.0018463134765625,479.033203125,46.6875,498.0,101.15625
3427,1775,3,0.0015010833740234375,0.0,43.283203125,11.694671630859375,90.7001953125
3428,1775,11,0.0011243820190429688,206.203125,0.0,243.650390625,15.076171875
3429,1779,14,0.80810546875,180.908203125,23.15625,246.517578125,153.41015625
3430,1779,8,0.7841796875,26.5633544921875,98.1728515625,126.1533203125,156.787109375
3431,1779,14,0.56005859375,418.5009765625,67.056640625,462.8837890625,166.435546875
3432,1779,8,0.537109375,0.0,58.1318359375,13.10076904296875,98.896484375
3433,1779,14,0.537109375,41.7294921875,34.4931640625,79.599609375,97.2080078125
3434,1779,8,0.42822265625,457.3359375,65.3681640625,486.28125,106.3740234375
3435,1779,14,0.12420654296875,5.125732421875,54.7548828125,47.9708251953125,110.7158203125
3436,1779,14,0.08416748046875,118.79638671875,44.98583984375,148.22412109375,94.19287109375
3437,1779,8,0.06707763671875,6.572998046875,59.337890625,58.25244140625,159.19921875
3438,1779,14,0.038604736328125,4.884521484375,61.267578125,53.006103515625,135.078125
3439,1779,8,0.0318603515625,0.0301513671875,49.9306640625,10.47760009765625,120.3642578125
3440,1779,8,0.03155517578125,388.83203125,68.50390625,493.03515625,131.9423828125
3441,1779,14,0.0274810791015625,337.212890625,54.2724609375,353.615234375,79.599609375
3442,1779,8,0.0233306884765625,485.798828125,73.328125,494.0,127.359375
3443,1779,14,0.0180511474609375,487.24609375,62.9560546875,494.0,123.2587890625
3444,1779,14,0.0169219970703125,480.4921875,68.2626953125,494.0,121.5703125
3445,1779,14,0.01666259765625,489.17578125,70.43359375,494.0,121.087890625
3446,1779,8,0.0164031982421875,4.763916015625,58.01123046875,46.3125,105.52978515625
3447,1779,8,0.01495361328125,0.060302734375,59.337890625,20.7742919921875,96.966796875
3448,1779,5,0.01395416259765625,384.0078125,79.1171875,493.03515625,122.53515625
3449,1779,8,0.01229095458984375,489.17578125,77.4287109375,494.0,119.8818359375
3450,1779,14,0.00933837890625,422.119140625,70.55419921875,461.677734375,127.96240234375
3451,1779,8,0.0087127685546875,66.634521484375,102.87646484375,186.697265625,163.541015625
3452,1779,8,0.0087127685546875,1.32666015625,50.4130859375,76.9462890625,149.7919921875
3453,1779,8,0.005535125732421875,0.0,62.4736328125,6.6822967529296875,125.1884765625
3454,1779,8,0.004383087158203125,0.0,63.197265625,7.91473388671875,104.685546875
3455,1779,8,0.003765106201171875,14.171142578125,105.650390625,84.242919921875,155.33984375
3456,1779,8,0.003692626953125,421.154296875,67.65966796875,486.763671875,110.59521484375
3457,1779,8,0.0034027099609375,464.08984375,69.58935546875,494.0,115.90185546875
3458,1779,14,0.00274658203125,3.799072265625,34.0107421875,80.3232421875,105.16796875
3459,1779,8,0.00257110595703125,0.1507568359375,52.8251953125,22.251708984375,115.0576171875
3460,1779,14,0.001995086669921875,422.3603515625,73.810546875,485.0751953125,163.05859375
3461,1779,14,0.0017414093017578125,466.501953125,69.7099609375,494.0,113.6103515625
3462,1779,8,0.0010728836059570312,489.658203125,56.92578125,494.0,91.4189453125
3463,1780,8,0.309814453125,28.5067138671875,103.796875,120.7012939453125,193.62109375
3464,1780,8,0.280517578125,25.69970703125,104.171142578125,207.34423828125,195.1181640625
3465,1780,14,0.106689453125,96.810546875,70.3623046875,108.03857421875,96.3115234375
3466,1780,7,0.01934814453125,31.0018310546875,104.794921875,121.6993408203125,188.1318359375
3467,1780,8,0.013275146484375,187.38330078125,96.56103515625,229.80029296875,127.00146484375
3468,1780,14,0.01177978515625,153.2001953125,81.3408203125,182.89208984375,127.00146484375
3469,1780,14,0.00948333740234375,149.2080078125,80.3427734375,199.609375,206.595703125
3470,1780,14,0.007965087890625,110.159423828125,77.223876953125,119.391357421875,100.927490234375
3471,1780,14,0.00787353515625,150.2060546875,82.08935546875,166.92333984375,113.2783203125
3472,1780,14,0.007373809814453125,120.638916015625,84.08544921875,204.474853515625,201.35595703125
3473,1780,14,0.004329681396484375,103.173095703125,72.60791015625,111.656494140625,96.56103515625
3474,1780,14,0.004070281982421875,149.95654296875,81.83984375,172.41259765625,121.76171875
3475,1780,14,0.002269744873046875,104.4830322265625,74.3544921875,114.0892333984375,97.80859375
3476,1780,14,0.001956939697265625,0.0,32.935546875,5.9259033203125,117.2705078125
3477,1780,8,0.0017271041870117188,127.375732421875,78.59619140625,202.728271484375,200.85693359375
3478,1780,5,0.0014781951904296875,504.5126953125,87.07958984375,511.0,104.54541015625
3479,1780,5,0.0013151168823242188,139.97607421875,84.58447265625,156.94287109375,99.55517578125
3480,1780,14,0.0012302398681640625,151.95263671875,81.715087890625,192.623046875,165.67578125
3481,1783,12,0.921875,222.81201171875,147.431640625,265.61474609375,187.8564453125
3482,1783,12,0.9130859375,287.7294921875,131.7373046875,323.3984375,164.0771484375
3483,1783,12,0.8955078125,273.22412109375,169.07080078125,313.17333984375,200.93505859375
3484,1783,12,0.8798828125,328.6298828125,144.578125,367.6279296875,177.869140625
3485,1783,12,0.77587890625,321.9716796875,135.30419921875,350.5068359375,160.51025390625
3486,1783,14,0.2294921875,249.6826171875,1.4267578125,438.9658203125,107.9580078125
3487,1783,12,0.046905517578125,174.5400390625,123.771240234375,218.76953125,158.845703125
3488,1783,12,0.002124786376953125,225.427734375,147.431640625,255.865234375,168.357421875
3489,1783,12,0.0012788772583007812,354.787109375,126.9814453125,379.517578125,153.138671875
3490,1791,2,0.90869140625,170.37109375,148.6875,203.25390625,187.2890625
3491,1791,7,0.86962890625,209.6875,120.5703125,240.1875,146.78125
3492,1796,2,0.8798828125,62.125,166.9609375,82.26708984375,192.19921875
3493,1796,2,0.8662109375,186.010986328125,171.3291015625,203.968994140625,195.5966796875
3494,1796,2,0.85888671875,140.99462890625,126.6767578125,157.01123046875,148.0322265625
3495,1796,2,0.84814453125,64.673095703125,127.162109375,81.903076171875,149.9736328125
3496,1802,15,0.85498046875,247.55859375,35.400390625,311.03515625,114.501953125
3497,1802,15,0.003765106201171875,286.865234375,91.796875,340.576171875,134.27734375
3498,1802,15,0.0020503997802734375,265.625,90.8203125,343.75,127.44140625
3499,1802,6,0.0018529891967773438,411.62109375,180.419921875,475.09765625,223.876953125
3500,1809,13,0.884765625,311.6572265625,160.4765625,347.8623046875,196.681640625
3501,1809,4,0.88330078125,247.31982421875,81.95068359375,312.88037109375,116.443359375
3502,1809,1,0.662109375,386.513671875,109.83837890625,420.76171875,142.61865234375
3503,1809,13,0.6494140625,386.513671875,109.34912109375,420.76171875,142.61865234375
3504,1809,0,0.368408203125,311.16796875,160.72119140625,348.3515625,196.43701171875
3505,1809,0,0.0836181640625,386.513671875,109.59375,420.76171875,142.86328125
3506,1810,9,0.9052734375,216.25244140625,204.169921875,242.1435546875,225.869140625
3507,1810,17,0.8681640625,36.0626220703125,124.03076171875,55.5426025390625,142.77099609375
3508,1810,9,0.325927734375,94.3792724609375,197.01904296875,117.1881103515625,216.74560546875
3509,1810,9,0.26123046875,150.908203125,132.16796875,174.580078125,151.4013671875
3510,1810,17,0.175537109375,150.045166015625,132.16796875,175.196533203125,150.908203125
3511,1811,2,0.88232421875,382.02685546875,151.173828125,421.50537109375,197.392578125
3512,1811,7,0.87646484375,305.236328125,146.359375,342.7890625,178.134765625
3513,1811,2,0.040252685546875,68.004150390625,120.60205078125,81.003173828125,131.19384765625
3514,1812,5,0.8388671875,0.364013671875,1.21337890625,85.9072265625,85.66455078125
3515,1812,5,0.513671875,62.6103515625,2.18408203125,480.0126953125,168.90234375
3516,1812,5,0.43212890625,388.52392578125,1.94140625,477.34326171875,49.9912109375
3517,1812,5,0.299072265625,183.70556640625,12.37646484375,456.95849609375,179.0947265625
3518,1812,5,0.070556640625,231.27001953125,0.0,339.50341796875,26.6943359375
3519,1812,5,0.0253753662109375,224.232421875,0.72802734375,287.328125,15.53125
3520,1812,5,0.004116058349609375,224.7177734375,0.0,344.1142578125,41.618896484375
3521,1812,5,0.004039764404296875,455.259765625,0.606689453125,497.0,54.480712890625
3522,1812,5,0.0036792755126953125,0.0,1.69873046875,81.417724609375,49.74853515625
3523,1812,5,0.0022869110107421875,189.04443359375,0.72802734375,295.82177734375,33.73193359375
3524,1812,5,0.001987457275390625,84.69384765625,1.69873046875,327.126953125,169.63037109375
3525,1812,5,0.0016355514526367188,81.4783935546875,53.14599609375,208.2158203125,153.61376953125
3526,1812,5,0.0015125274658203125,159.43798828125,0.4853515625,221.56298828125,22.8115234375
3527,1812,5,0.0012693405151367188,287.8134765625,1.94140625,410.1220703125,62.6103515625
3528,1816,11,0.8623046875,275.3271484375,56.77099609375,288.9716796875,70.90283203125
3529,1816,10,0.85888671875,238.2919921875,5.60400390625,253.8857421875,19.4921875
3530,1816,9,0.85888671875,236.09912109375,31.43115234375,254.12939453125,44.83203125
3531,1816,10,0.84814453125,335.7529296875,9.2587890625,352.3212890625,22.416015625
3532,1816,17,0.845703125,268.26123046875,10.96435546875,280.44384765625,23.390625
3533,1816,9,0.830078125,284.5859375,36.5478515625,298.23046875,50.1923828125
3534,1816,9,0.65673828125,297.255859375,17.908447265625,310.4130859375,30.334716796875
3535,1816,6,0.002414703369140625,0.0,106.96337890625,17.923675537109375,191.26708984375
3536,1817,12,0.85400390625,196.52587890625,171.86767578125,242.1435546875,212.30712890625
3537,1817,1,0.82763671875,243.992919921875,85.810546875,284.5556640625,125.263671875
3538,1817,13,0.75927734375,244.609375,86.05712890625,284.5556640625,123.7841796875
3539,1817,1,0.002758026123046875,196.279296875,172.607421875,241.650390625,212.060546875
3540,1817,11,0.00238800048828125,196.52587890625,172.36083984375,241.40380859375,211.81396484375
3541,1817,10,0.0011472702026367188,196.402587890625,171.86767578125,241.280517578125,213.78662109375
3542,1826,7,0.86962890625,201.7421875,98.328125,238.5546875,132.234375
3543,1826,7,0.84716796875,241.33984375,171.7109375,279.96875,200.2890625
3544,1826,7,0.01374053955078125,241.703125,171.953125,269.3125,195.203125
3545,1826,6,0.0010442733764648438,224.5078125,11.140625,322.8359375,46.984375
3546,1827,5,0.70751953125,130.81982421875,0.93359375,457.4609375,156.1435546875
3547,1827,14,0.0018100738525390625,468.6640625,3.676025390625,478.0,52.748046875
3548,1828,10,0.89501953125,300.48046875,173.7421875,330.01171875,198.3515625
3549,1828,9,0.85595703125,174.7265625,108.52734375,205.734375,130.921875
3550,1828,9,0.83642578125,163.8984375,214.1015625,193.921875,236.7421875
3551,1828,17,0.8173828125,44.9736328125,148.1484375,67.8603515625,169.8046875
3552,1828,2,0.001239776611328125,45.2197265625,148.1484375,67.8603515625,169.8046875
3553,1838,17,0.84912109375,213.61962890625,18.7236328125,228.93896484375,34.2861328125
3554,1838,9,0.8408203125,141.64306640625,60.18310546875,164.50048828125,76.47509765625
3555,1838,9,0.515625,40.8515625,43.283203125,60.91259765625,61.27734375
3556,1838,9,0.1666259765625,120.48779296875,19.6962890625,140.18408203125,32.8271484375
3557,1838,11,0.0017681121826171875,40.6387939453125,43.5263671875,60.9429931640625,61.5205078125
3558,1849,13,0.9150390625,334.9609375,141.6015625,378.90625,185.546875
3559,1849,4,0.880859375,140.869140625,98.6328125,190.673828125,164.0625
3560,1849,0,0.357666015625,298.33984375,44.43359375,337.40234375,80.078125
3561,1849,13,0.332763671875,298.33984375,44.43359375,337.40234375,80.322265625
3562,1849,10,0.03436279296875,334.9609375,142.08984375,378.90625,185.05859375
3563,1849,1,0.015838623046875,297.8515625,44.921875,336.9140625,80.56640625
3564,1849,11,0.00669097900390625,298.33984375,44.921875,336.9140625,80.56640625
3565,1849,11,0.0016613006591796875,334.47265625,143.06640625,378.41796875,185.546875
3566,1850,7,0.80908203125,226.9296875,182.609375,245.3359375,201.5
3567,1850,7,0.7744140625,285.78125,131.9921875,311.9375,149.4296875
3568,1850,2,0.0011882781982421875,492.609375,184.546875,496.0,210.703125
3569,1850,2,0.0010404586791992188,492.125,176.796875,496.0,206.34375
3570,1851,14,0.78125,193.115234375,70.556640625,207.763671875,108.642578125
3571,1851,14,0.6259765625,183.837890625,65.0634765625,200.927734375,102.9052734375
3572,1851,14,0.2337646484375,24.2919921875,45.8984375,44.43359375,72.75390625
3573,1851,14,0.0233306884765625,0.0,47.607421875,4.53948974609375,68.115234375
3574,1851,14,0.0070648193359375,218.8720703125,73.2421875,238.6474609375,94.970703125
3575,1851,14,0.0062408447265625,307.6171875,76.904296875,318.359375,101.318359375
3576,1851,14,0.005428314208984375,0.026702880859375,46.7529296875,5.37872314453125,83.8623046875
3577,1851,14,0.003795623779296875,0.0,42.96875,6.21795654296875,65.4296875
3578,1851,14,0.001674652099609375,200.5615234375,70.80078125,210.5712890625,99.12109375
3579,1851,14,0.0012845993041992188,0.0,53.22265625,5.218505859375,99.609375
3580,1851,14,0.0011510848999023438,0.0,36.0107421875,5.40924072265625,70.1904296875
3581,1851,14,0.0011425018310546875,7.8582763671875,63.4765625,16.8914794921875,74.462890625
3582,1854,3,0.85595703125,283.7724609375,67.11328125,349.4267578125,126.931640625
3583,1854,0,0.8427734375,313.681640625,7.78125,352.587890625,44.255859375
3584,1854,12,0.8310546875,373.013671875,79.39306640625,416.296875,121.70361328125
3585,1854,0,0.82080078125,259.69921875,179.455078125,308.33203125,230.033203125
3586,1854,3,0.806640625,166.810546875,44.7421875,242.677734375,85.8369140625
3587,1854,3,0.796875,102.73681640625,167.0537109375,178.36083984375,222.9814453125
3588,1854,12,0.662109375,197.935546875,115.5029296875,235.869140625,157.3271484375
3589,1854,13,0.61328125,198.05712890625,116.232421875,235.99072265625,157.083984375
3590,1854,13,0.302490234375,372.52734375,79.5146484375,416.296875,121.8251953125
3591,1854,3,0.044189453125,102.49365234375,165.837890625,135.56396484375,200.853515625
3592,1854,3,0.00800323486328125,284.015625,67.599609375,323.408203125,125.958984375
3593,1854,3,0.0022335052490234375,102.73681640625,166.810546875,156.96240234375,202.798828125
3594,1864,14,0.8427734375,426.26953125,109.375,451.66015625,171.38671875
3595,1864,14,0.80810546875,116.2109375,80.078125,151.3671875,164.55078125
3596,1864,14,0.77587890625,318.115234375,102.1728515625,344.482421875,171.38671875
3597,1864,14,0.285400390625,191.40625,90.33203125,225.5859375,165.52734375
3598,1864,5,0.1063232421875,1.40380859375,108.3984375,119.68994140625,156.25
3599,1864,14,0.0055999755859375,0.0152587890625,95.458984375,10.3302001953125,147.216796875
3600,1864,14,0.005062103271484375,176.26953125,154.052734375,187.98828125,166.748046875
3601,1864,14,0.0033512115478515625,189.453125,113.28125,204.1015625,161.62109375
3602,1864,14,0.0030269622802734375,172.119140625,86.9140625,203.61328125,163.57421875
3603,1864,8,0.0029697418212890625,0.030517578125,94.970703125,12.13836669921875,145.263671875
3604,1864,5,0.0027370452880859375,0.0,76.416015625,60.11962890625,141.6015625
3605,1864,5,0.002471923828125,59.50927734375,78.61328125,112.12158203125,96.6796875
3606,1864,5,0.00208282470703125,0.18310546875,95.703125,73.54736328125,151.85546875
3607,1864,14,0.00183868408203125,0.00762939453125,113.76953125,6.08062744140625,181.640625
3608,1864,5,0.0017957687377929688,58.074951171875,78.4912109375,140.380859375,100.9521484375
3609,1864,14,0.0015611648559570312,175.537109375,130.37109375,193.115234375,166.50390625
3610,1864,5,0.0014896392822265625,0.0,75.927734375,36.43798828125,138.916015625
3611,1864,5,0.001255035400390625,17.15087890625,110.83984375,75.1953125,153.80859375
3612,1864,14,0.0012350082397460938,158.69140625,65.91796875,217.7734375,166.50390625
3613,1864,14,0.0010986328125,190.673828125,103.515625,211.669921875,161.1328125
3614,1867,13,0.85888671875,343.828125,95.5078125,396.8349609375,146.6044921875
3615,1867,1,0.796875,341.91796875,94.433349609375,397.3125,146.126953125
3616,1867,13,0.673828125,251.185546875,48.47021484375,296.07421875,90.97119140625
3617,1867,6,0.18896484375,0.0223846435546875,50.1416015625,11.080398559570312,117.474609375
3618,1867,1,0.06951904296875,251.185546875,48.708984375,296.07421875,91.2099609375
3619,1867,6,0.00394439697265625,0.07088470458984375,53.24560546875,7.621971130371094,136.81494140625
3620,1867,6,0.001674652099609375,0.0,47.75390625,15.117095947265625,130.3681640625
3621,1881,15,0.8740234375,73.6884765625,185.3828125,92.7509765625,203.4921875
3622,1881,6,0.85791015625,147.01953125,185.859375,200.39453125,211.59375
3623,1887,5,0.82080078125,300.3720703125,163.07958984375,348.1259765625,186.00146484375
3624,1887,5,0.73388671875,194.59716796875,123.6826171875,207.96826171875,135.62109375
3625,1887,5,0.6689453125,153.52880859375,123.6826171875,168.33251953125,136.0986328125
3626,1887,5,0.25390625,0.6566162109375,133.2333984375,35.42742919921875,147.5595703125
3627,1887,14,0.1688232421875,58.7373046875,150.18603515625,67.929931640625,164.03466796875
3628,1887,14,0.0703125,56.946533203125,150.4248046875,68.168701171875,169.5263671875
3629,1887,8,0.0548095703125,55.8123779296875,154.2451171875,67.2733154296875,171.4365234375
3630,1887,5,0.054595947265625,264.556640625,72.1083984375,295.119140625,83.091796875
3631,1887,5,0.038604736328125,42.0234375,125.115234375,74.0185546875,140.396484375
3632,1887,5,0.0135345458984375,59.93115234375,49.90283203125,88.702880859375,62.31884765625
3633,1887,5,0.01332855224609375,42.381591796875,115.0869140625,75.093017578125,134.666015625
3634,1887,5,0.00885009765625,131.3232421875,86.4345703125,168.33251953125,104.103515625
3635,1887,14,0.00818634033203125,55.991455078125,154.72265625,66.974853515625,171.4365234375
3636,1887,5,0.007289886474609375,0.0596923828125,154.72265625,18.4449462890625,168.09375
3637,1887,5,0.007205963134765625,55.8123779296875,115.0869140625,101.5367431640625,131.3232421875
3638,1887,5,0.006931304931640625,0.1790771484375,105.77490234375,31.5772705078125,132.03955078125
3639,1887,5,0.005641937255859375,419.99560546875,60.6474609375,454.85595703125,74.0185546875
3640,1887,5,0.004756927490234375,135.1435546875,85.4794921875,184.330078125,104.5810546875
3641,1887,5,0.004299163818359375,24.966339111328125,51.57421875,43.575439453125,64.4677734375
3642,1887,5,0.004024505615234375,1.28338623046875,122.48876953125,36.29296875,140.63525390625
3643,1887,5,0.00397491455078125,476.583984375,154.2451171875,489.0,178.1220703125
3644,1887,5,0.00394439697265625,115.206298828125,72.705322265625,164.870361328125,91.568115234375
3645,1887,5,0.00391387939453125,481.359375,159.498046875,489.0,177.64453125
3646,1887,5,0.0035800933837890625,469.8984375,147.32080078125,489.0,177.40576171875
3647,1887,5,0.0035648345947265625,70.078857421875,114.84814453125,103.6259765625,129.890625
3648,1887,5,0.0035381317138671875,416.8916015625,61.960693359375,460.8251953125,77.241943359375
3649,1887,8,0.0033245086669921875,0.119384765625,154.72265625,18.2061767578125,168.09375
3650,1887,5,0.00323486328125,0.641693115234375,43.4560546875,24.250030517578125,56.8271484375
3651,1887,5,0.003223419189453125,467.98828125,161.16943359375,489.0,177.88330078125
3652,1887,5,0.00319671630859375,351.46875,134.1884765625,388.716796875,151.857421875
3653,1887,5,0.003124237060546875,53.75299072265625,108.998291015625,104.5810546875,123.324462890625
3654,1887,5,0.0030994415283203125,121.3546142578125,85.71826171875,165.228515625,100.04443359375
3655,1887,14,0.003040313720703125,8.961318969726562,148.5146484375,24.5335693359375,159.0205078125
3656,1887,5,0.002811431884765625,0.014923095703125,134.1884765625,8.409164428710938,147.5595703125
3657,1887,5,0.0027675628662109375,399.7001953125,105.77490234375,438.8583984375,122.01123046875
3658,1887,5,0.0026721954345703125,0.0074615478515625,153.767578125,5.9766998291015625,167.138671875
3659,1887,5,0.0026531219482421875,0.0,111.744140625,26.727264404296875,140.8740234375
3660,1887,5,0.002471923828125,128.935546875,74.25732421875,183.375,92.40380859375
3661,1887,5,0.002323150634765625,467.98828125,93.83642578125,489.0,106.96875
3662,1887,5,0.002323150634765625,40.2923583984375,147.5595703125,47.4554443359375,154.2451171875
3663,1887,5,0.0022525787353515625,415.9365234375,48.94775390625,451.2744140625,63.27392578125
3664,1887,5,0.0021820068359375,427.3974609375,90.49365234375,461.7802734375,110.55029296875
3665,1887,5,0.0021572113037109375,350.0361328125,127.025390625,399.7001953125,147.08203125
3666,1887,5,0.0020999908447265625,317.80224609375,68.646240234375,352.18505859375,80.345947265625
3667,1887,5,0.0020904541015625,137.0537109375,111.98291015625,153.2900390625,126.30908203125
3668,1887,5,0.0020503997802734375,10.513320922851562,133.7109375,35.8751220703125,145.6494140625
3669,1887,5,0.0020351409912109375,41.904052734375,108.4013671875,80.94287109375,122.25
3670,1887,5,0.001995086669921875,80.2265625,114.1318359375,107.20751953125,127.98046875
3671,1887,5,0.0018672943115234375,318.041015625,71.989013671875,352.423828125,85.598876953125
3672,1887,5,0.0018243789672851562,401.1328125,45.12744140625,449.841796875,59.45361328125
3673,1887,5,0.001789093017578125,72.34716796875,72.34716796875,91.2099609375,80.7041015625
3674,1887,5,0.0017414093017578125,421.189453125,73.541015625,466.078125,92.642578125
3675,1887,5,0.0017414093017578125,144.097412109375,82.37548828125,193.283935546875,101.95458984375
3676,1887,5,0.0016870498657226562,0.26861572265625,70.91455078125,22.29510498046875,83.33056640625
3677,1887,5,0.0016489028930664062,70.078857421875,121.7724609375,98.8505859375,136.0986328125
3678,1887,5,0.0016422271728515625,472.2861328125,98.61181640625,489.0,112.93798828125
3679,1887,5,0.0016231536865234375,138.9638671875,114.84814453125,151.3798828125,123.44384765625
3680,1887,5,0.0016107559204101562,190.77685546875,137.53125,200.80517578125,147.08203125
3681,1887,8,0.001506805419921875,342.3955078125,172.869140625,351.9462890625,184.330078125
3682,1887,5,0.0014781951904296875,90.01611328125,121.7724609375,108.87890625,132.755859375
3683,1887,5,0.0014667510986328125,170.4814453125,135.62109375,183.375,146.126953125
3684,1887,14,0.0014438629150390625,58.4388427734375,147.08203125,67.5120849609375,157.587890625
3685,1887,5,0.0014324188232421875,23.3397216796875,52.29052734375,50.5594482421875,67.57177734375
3686,1887,5,0.0013780593872070312,467.033203125,87.15087890625,489.0,104.103515625
3687,1887,5,0.0013666152954101562,413.0712890625,50.022216796875,455.0947265625,71.033935546875
3688,1887,5,0.0013408660888671875,8.14801025390625,113.1767578125,55.12591552734375,131.3232421875
3689,1887,5,0.0012350082397460938,83.80810546875,122.130615234375,105.655517578125,134.666015625
3690,1887,14,0.001178741455078125,186.7177734375,151.14111328125,196.2685546875,173.58544921875
3691,1887,5,0.0011692047119140625,456.28857421875,143.50048828125,488.28369140625,172.15283203125
3692,1887,8,0.0011472702026367188,54.67822265625,152.3349609375,66.13916015625,167.6162109375
3693,1887,5,0.0011205673217773438,0.0,95.9853515625,15.206634521484375,118.9072265625
3694,1887,5,0.0011157989501953125,0.74615478515625,137.53125,35.3975830078125,156.1552734375
3695,1887,5,0.0011072158813476562,421.6669921875,52.0517578125,450.796875,66.85546875
3696,1887,5,0.0010986328125,38.1434326171875,91.6875,88.8819580078125,112.69921875
3697,1887,5,0.0010480880737304688,465.123046875,104.34228515625,489.0,120.10107421875
3698,1887,5,0.0010242462158203125,351.46875,165.228515625,364.83984375,175.734375
3699,1887,5,0.0010166168212890625,469.8984375,100.7607421875,489.0,124.87646484375
3700,1887,5,0.0010080337524414062,145.88818359375,88.822265625,181.70361328125,107.923828125
3701,1906,5,0.8857421875,293.3125,184.767578125,339.625,213.712890625
3702,1906,5,0.81982421875,12.2113037109375,158.4755859375,25.9000244140625,168.1240234375
3703,1906,5,0.7958984375,78.15234375,162.576171875,105.16796875,178.978515625
3704,1906,5,0.73095703125,23.638671875,153.892578125,34.251953125,161.611328125
3705,1906,5,0.6259765625,36.54345703125,159.9228515625,49.20703125,169.0888671875
3706,1906,5,0.190673828125,78.03173828125,162.09375,97.08740234375,175.119140625
3707,1906,5,0.07891845703125,30.452880859375,174.154296875,38.8349609375,182.837890625
3708,1906,5,0.0723876953125,9.829345703125,159.4404296875,22.8848876953125,168.6064453125
3709,1906,5,0.0321044921875,9.48260498046875,156.787109375,18.79937744140625,164.505859375
3710,1906,5,0.0258636474609375,8.45745849609375,156.3046875,15.09075927734375,162.09375
3711,1906,5,0.02203369140625,79.599609375,140.384765625,96.36376953125,149.55078125
3712,1906,5,0.01111602783203125,462.642578125,48.4833984375,494.0,61.0263671875
3713,1906,5,0.0100555419921875,348.0673828125,235.421875,403.0634765625,247.0
3714,1906,5,0.0082855224609375,8.103179931640625,154.375,14.947540283203125,161.12890625
3715,1906,5,0.0074615478515625,3.919677734375,163.541015625,13.7791748046875,171.259765625
3716,1906,5,0.006641387939453125,475.66796875,75.9814453125,494.0,94.3134765625
3717,1906,5,0.005664825439453125,486.28125,74.775390625,494.0,91.177734375
3718,1906,5,0.004810333251953125,346.861328125,228.185546875,403.787109375,247.0
3719,1906,5,0.00473785400390625,6.655914306640625,178.978515625,14.419891357421875,185.732421875
3720,1906,5,0.00426483154296875,5.2877960205078125,158.9580078125,14.54803466796875,167.1591796875
3721,1906,5,0.003765106201171875,17.548095703125,158.234375,33.106201171875,168.84765625
3722,1906,5,0.003749847412109375,363.5048828125,237.5927734375,396.7919921875,247.0
3723,1906,5,0.003429412841796875,3.97998046875,167.400390625,14.2012939453125,174.154296875
3724,1906,5,0.003337860107421875,5.29156494140625,176.56640625,14.45758056640625,182.837890625
3725,1906,5,0.0032863616943359375,170.5361328125,153.6513671875,183.0791015625,162.8173828125
3726,1906,5,0.003223419189453125,422.3603515625,85.6298828125,465.7783203125,111.6806640625
3727,1906,14,0.0029125213623046875,463.607421875,202.134765625,469.396484375,218.537109375
3728,1906,5,0.002811431884765625,129.2890625,162.8173828125,137.490234375,172.4658203125
3729,1906,5,0.002620697021484375,6.63330078125,175.8427734375,16.1912841796875,185.9736328125
3730,1906,5,0.0021648406982421875,28.71917724609375,156.787109375,35.09619140625,165.470703125
3731,1906,5,0.0020351409912109375,366.158203125,84.30322265625,410.541015625,99.98193359375
3732,1906,5,0.0020351409912109375,128.32421875,129.2890625,151.48046875,149.068359375
3733,1906,5,0.0020198822021484375,485.31640625,56.443359375,494.0,68.021484375
3734,1906,8,0.0018968582153320312,134.3544921875,237.5927734375,142.5556640625,246.7587890625
3735,1906,5,0.0018310546875,127.96240234375,163.05859375,135.19873046875,170.77734375
3736,1906,5,0.0016870498657226562,23.75927734375,149.55078125,35.09619140625,162.09375
3737,1906,5,0.001674652099609375,77.9111328125,163.05859375,89.73046875,173.671875
3738,1906,8,0.001674652099609375,136.7666015625,235.6630859375,169.0888671875,247.0
3739,1906,5,0.0015974044799804688,137.2490234375,150.515625,145.9326171875,160.1640625
3740,1906,5,0.0015363693237304688,29.3372802734375,154.857421875,38.6842041015625,161.611328125
3741,1906,5,0.0014324188232421875,131.4599609375,236.869140625,168.1240234375,246.517578125
3742,1906,5,0.0013456344604492188,2.1407470703125,163.7822265625,11.095703125,170.5361328125
3743,1906,5,0.00130462646484375,123.13818359375,158.9580078125,133.99267578125,166.6767578125
3744,1906,5,0.0012941360473632812,38.111328125,175.3603515625,50.654296875,184.5263671875
3745,1906,5,0.00127410888671875,11.0052490234375,161.611328125,23.27685546875,173.189453125
3746,1906,5,0.0012254714965820312,125.30908203125,160.646484375,134.71630859375,168.365234375
3747,1906,5,0.0011606216430664062,22.55322265625,155.33984375,32.864990234375,164.98828125
3748,1906,5,0.0011339187622070312,480.4921875,55.2373046875,494.0,66.3330078125
3749,1906,5,0.0011072158813476562,16.945068359375,154.857421875,28.2518310546875,161.611328125
3750,1906,8,0.00106048583984375,133.3896484375,235.421875,149.55078125,247.0
3751,1906,5,0.0010318756103515625,474.703125,67.056640625,494.0,84.423828125
3752,1912,10,0.90185546875,237.828125,55.703125,256.71875,74.59375
3753,1912,9,0.8984375,213.3671875,185.7578125,236.1328125,210.4609375
3754,1912,17,0.892578125,186.0,133.203125,203.4375,150.640625
3755,1912,11,0.888671875,307.8203125,169.2890625,333.0078125,191.5703125
3756,1912,9,0.88427734375,259.140625,139.015625,280.453125,159.84375
3757,1912,10,0.87158203125,146.5234375,160.328125,169.7734375,179.703125
3758,1912,17,0.85888671875,216.7578125,106.92578125,233.7109375,124.36328125
3759,1917,2,0.88330078125,414.50390625,58.140380859375,432.650390625,72.227783203125
3760,1917,2,0.84375,328.78564453125,50.85791015625,347.40966796875,64.70654296875
3761,1917,2,0.82763671875,362.4521484375,35.218505859375,376.7783203125,49.067138671875
3762,1917,2,0.8232421875,391.1044921875,75.21240234375,408.2958984375,90.49365234375
3763,1917,14,0.0135345458984375,66.974853515625,187.6728515625,91.806884765625,231.12890625
3764,1919,1,0.90185546875,308.75,159.681640625,342.51953125,191.521484375
3765,1919,4,0.88720703125,356.9921875,114.81640625,402.33984375,151.48046875
3766,1919,12,0.2281494140625,237.5927734375,136.525390625,266.5380859375,160.646484375
3767,1919,13,0.1500244140625,237.3515625,137.0078125,266.296875,160.646484375
3768,1919,0,0.1339111328125,237.833984375,136.525390625,266.296875,160.646484375
3769,1919,11,0.1268310546875,237.833984375,136.525390625,266.296875,160.646484375
3770,1919,6,0.06781005859375,330.2177734375,0.7236328125,392.4501953125,65.8505859375
3771,1919,0,0.0299835205078125,308.5087890625,159.4404296875,342.7607421875,190.7978515625
3772,1921,14,0.68603515625,61.960693359375,29.607421875,136.695556640625,214.4150390625
3773,1921,14,0.076416015625,70.795166015625,33.18896484375,129.890625,171.9140625
3774,1921,14,0.0263519287109375,57.54345703125,83.449951171875,77.719482421875,111.624755859375
3775,1921,14,0.0153045654296875,91.329345703125,84.5244140625,135.62109375,214.892578125
3776,1921,5,0.0068511962890625,0.0,87.62841796875,7.293663024902344,114.84814453125
3777,1921,5,0.006488800048828125,0.0,89.06103515625,7.8420867919921875,100.04443359375
3778,1921,14,0.0048675537109375,130.3681640625,88.58349609375,144.216796875,120.57861328125
3779,1921,5,0.004329681396484375,461.302734375,142.7841796875,479.44921875,157.1103515625
3780,1921,8,0.0036792755126953125,57.3643798828125,76.40625,79.6893310546875,112.69921875
3781,1921,5,0.001972198486328125,482.314453125,138.0087890625,489.0,159.9755859375
3782,1921,14,0.0016813278198242188,100.880126953125,89.77734375,137.173095703125,171.4365234375
3783,1921,14,0.0016355514526367188,105.894287109375,89.53857421875,139.083251953125,137.53125
3784,1921,14,0.001361846923828125,484.224609375,132.755859375,489.0,155.677734375
3785,1921,14,0.001255035400390625,111.6844482421875,89.06103515625,142.7841796875,121.53369140625
3786,1921,5,0.0010728836059570312,0.0,80.345947265625,6.23785400390625,102.073974609375
3787,1922,7,0.900390625,370.3681640625,127.45166015625,406.083984375,167.57080078125
3788,1922,7,0.88818359375,345.416015625,39.6298828125,379.6640625,66.78369140625
3789,1924,16,0.8662109375,34.0146484375,190.625,52.1240234375,221.125
3790,1924,16,0.8447265625,91.26171875,188.71875,106.03515625,212.546875
3791,1924,16,0.83740234375,64.455078125,189.1953125,81.134765625,216.8359375
3792,1924,8,0.75048828125,383.6328125,175.61328125,419.8515625,242.80859375
3793,1924,16,0.73583984375,0.014892578125,193.9609375,15.503173828125,224.4609375
3794,1924,14,0.6806640625,283.5546875,140.82421875,305.4765625,202.77734375
3795,1924,16,0.57568359375,114.017578125,190.625,129.1484375,212.546875
3796,1924,16,0.515625,299.7578125,180.37890625,324.0625,192.76953125
3797,1924,16,0.505859375,251.1484375,182.046875,281.6484375,196.8203125
3798,1924,16,0.42822265625,137.01171875,188.95703125,151.0703125,209.92578125
3799,1924,14,0.414794921875,389.3515625,147.49609375,426.5234375,182.28515625
3800,1924,16,0.352294921875,196.10546875,184.90625,219.93359375,202.0625
3801,1924,16,0.338134765625,158.337890625,186.8125,189.791015625,206.828125
3802,1924,16,0.281494140625,137.7265625,188.95703125,166.796875,209.44921875
3803,1924,16,0.2213134765625,208.97265625,184.4296875,236.8515625,200.6328125
3804,1924,16,0.195556640625,156.7890625,188.00390625,170.1328125,207.06640625
3805,1924,16,0.1766357421875,178.7109375,185.62109375,205.3984375,203.25390625
3806,1924,16,0.1571044921875,224.22265625,183.953125,245.19140625,197.7734375
3807,1924,16,0.1441650390625,148.92578125,188.2421875,173.23046875,208.2578125
3808,1924,16,0.1302490234375,235.8984375,183.0,258.296875,197.296875
3809,1924,16,0.110107421875,227.677734375,182.5234375,277.359375,197.7734375
3810,1924,16,0.1048583984375,177.28125,185.859375,190.1484375,205.875
3811,1924,16,0.09808349609375,114.732421875,189.671875,149.521484375,211.59375
3812,1924,8,0.09271240234375,479.421875,157.98046875,488.0,184.66796875
3813,1924,16,0.07159423828125,202.0625,184.90625,226.12890625,201.109375
3814,1924,16,0.05987548828125,184.310546875,185.3828125,217.669921875,202.5390625
3815,1924,16,0.05706787109375,90.78515625,188.48046875,126.169921875,212.30859375
3816,1924,16,0.04779052734375,217.431640625,184.4296875,241.736328125,199.203125
3817,1924,14,0.04132080078125,433.1953125,156.07421875,449.3984375,177.99609375
3818,1924,16,0.03875732421875,263.0625,181.5703125,281.171875,195.8671875
3819,1924,16,0.038177490234375,161.5546875,186.3359375,210.1640625,206.3515625
3820,1924,16,0.0218658447265625,464.41015625,223.03125,487.76171875,235.421875
3821,1924,16,0.0208892822265625,249.48046875,183.23828125,259.48828125,196.58203125
3822,1924,16,0.01861572265625,0.0,192.53125,12.0853271484375,217.3125
3823,1924,8,0.0153656005859375,349.55859375,160.6015625,384.34765625,179.6640625
3824,1924,8,0.01507568359375,422.7109375,171.0859375,448.4453125,190.625
3825,1924,16,0.011688232421875,177.51953125,185.62109375,229.46484375,206.58984375
3826,1924,16,0.01073455810546875,193.24609375,185.3828125,211.83203125,201.5859375
3827,1924,16,0.01049041748046875,310.71875,179.1875,325.015625,191.578125
3828,1924,16,0.0102081298828125,464.171875,227.3203125,488.0,246.3828125
3829,1924,16,0.00919342041015625,16.5009765625,191.578125,51.6474609375,223.03125
3830,1924,16,0.00916290283203125,347.890625,167.2734375,366.0,179.6640625
3831,1924,16,0.00626373291015625,229.703125,183.71484375,245.90625,195.15234375
3832,1924,8,0.00626373291015625,466.078125,158.21875,488.0,183.953125
3833,1924,16,0.004810333251953125,301.1875,172.9921875,325.96875,192.0546875
3834,1924,14,0.004756927490234375,146.54296875,107.583984375,172.27734375,178.234375
3835,1924,16,0.004398345947265625,36.21875,190.625,78.513671875,219.21875
3836,1924,16,0.0035114288330078125,314.0546875,181.5703125,324.5390625,192.0546875
3837,1924,16,0.00345611572265625,347.65234375,162.03125,381.96484375,180.140625
3838,1924,16,0.0034027099609375,259.01171875,180.37890625,301.42578125,206.11328125
3839,1924,16,0.0034027099609375,192.29296875,185.14453125,243.28515625,206.58984375
3840,1924,16,0.003376007080078125,464.171875,211.59375,488.0,235.421875
3841,1924,16,0.00327301025390625,267.3515625,181.09375,290.2265625,196.34375
3842,1924,16,0.0032100677490234375,411.03515625,224.4609375,477.27734375,246.3828125
3843,1924,16,0.0030269622802734375,65.52734375,189.1953125,98.88671875,213.0234375
3844,1924,8,0.0029811859130859375,414.609375,170.1328125,450.828125,220.6484375
3845,1924,8,0.0029125213623046875,392.44921875,208.2578125,413.89453125,244.4765625
3846,1924,16,0.0028667449951171875,0.0521240234375,195.390625,14.401123046875,240.1875
3847,1924,16,0.002834320068359375,230.41796875,183.4765625,251.38671875,199.6796875
3848,1924,16,0.0024623870849609375,190.38671875,186.09765625,207.3046875,203.73046875
3849,1924,16,0.002414703369140625,221.244140625,186.3359375,277.359375,213.0234375
3850,1924,16,0.0022869110107421875,7.1484375,193.484375,51.111328125,230.65625
3851,1924,8,0.002216339111328125,473.703125,151.78515625,488.0,183.23828125
3852,1924,16,0.0020351409912109375,299.04296875,165.84375,326.68359375,186.8125
3853,1924,15,0.002002716064453125,0.0,115.08984375,4.50872802734375,158.93359375
3854,1924,8,0.001987457275390625,386.96875,151.78515625,427.0,184.19140625
3855,1924,16,0.001941680908203125,204.20703125,187.2890625,258.53515625,209.2109375
3856,1924,8,0.001926422119140625,381.7265625,169.1796875,443.6796875,236.8515625
3857,1924,16,0.0017271041870117188,468.9375,220.171875,488.0,244.0
3858,1924,16,0.0016546249389648438,243.5234375,184.66796875,255.9140625,198.96484375
3859,1924,16,0.0016107559204101562,467.984375,198.7265625,488.0,234.9453125
3860,1924,14,0.0015735626220703125,388.3984375,147.2578125,416.9921875,172.9921875
3861,1924,16,0.0015611648559570312,0.0,196.34375,27.31298828125,224.4609375
3862,1924,16,0.00154876708984375,308.8125,171.0859375,355.0390625,190.625
3863,1924,16,0.0015125274658203125,427.4765625,172.515625,449.3984375,192.53125
3864,1924,16,0.001438140869140625,34.2529296875,192.53125,65.169921875,218.265625
3865,1924,16,0.0012350082397460938,269.2578125,166.3203125,312.1484375,206.3515625
3866,1924,14,0.0011692047119140625,0.01861572265625,115.447265625,4.40447998046875,159.171875
3867,1924,16,0.0011339187622070312,312.38671875,172.515625,326.20703125,183.953125
3868,1924,8,0.0010728836059570312,482.28125,154.8828125,488.0,183.4765625
3869,1924,16,0.0010690689086914062,307.14453125,176.8046875,356.23046875,198.7265625
3870,1924,14,0.0010318756103515625,416.75390625,155.359375,446.77734375,176.328125
3871,1925,15,0.019195556640625,276.275390625,156.45703125,339.650390625,202.998046875
3872,1925,2,0.00653839111328125,0.0541534423828125,54.71044921875,15.263534545898438,93.82470703125
3873,1925,2,0.0016870498657226562,0.015472412109375,56.19580078125,8.81927490234375,92.33935546875
3874,1926,10,0.8818359375,273.1640625,181.6171875,291.375,197.3671875
3875,1926,9,0.880859375,260.3671875,146.671875,278.0859375,160.453125
3876,1926,9,0.875,211.517578125,148.39453125,225.544921875,163.16015625
3877,1926,10,0.8642578125,164.63671875,182.84765625,182.35546875,198.59765625
3878,1926,17,0.85205078125,235.265625,184.5703125,248.80078125,198.3515625
3879,1926,11,0.82666015625,200.8125,120.09375,213.609375,133.3828125
3880,1926,17,0.8154296875,205.734375,188.015625,219.515625,202.78125
3881,1928,14,0.88818359375,65.4993896484375,114.853271484375,96.9342041015625,187.3857421875
3882,1928,5,0.8740234375,292.0869140625,108.248291015625,409.5087890625,184.4501953125
3883,1928,14,0.85693359375,25.426116943359375,122.8037109375,55.2861328125,191.2998046875
3884,1928,14,0.85009765625,104.45654296875,107.1474609375,132.099609375,191.7890625
3885,1928,14,0.81884765625,3.1190185546875,121.3359375,29.1719970703125,191.7890625
3886,1928,5,0.78515625,199.1279296875,122.55908203125,238.7578125,152.89306640625
3887,1928,5,0.56982421875,156.0732421875,122.55908203125,188.60888671875,147.02197265625
3888,1928,5,0.10858154296875,296.0009765625,135.5244140625,418.3154296875,184.4501953125
3889,1928,5,0.04779052734375,239.736328125,117.66650390625,258.8173828125,135.76904296875
3890,1928,14,0.004627227783203125,0.0,139.4384765625,5.737312316894531,197.66015625
3891,1928,14,0.0021820068359375,0.122314453125,118.522705078125,14.09674072265625,194.724609375
3892,1928,5,0.0018243789672851562,476.537109375,41.5869140625,501.0,73.388671875
3893,1928,1,0.0011882781982421875,157.29638671875,122.314453125,187.14111328125,145.798828125
3894,1928,5,0.001056671142578125,198.88330078125,122.8037109375,221.87841796875,137.970703125
3895,1928,5,0.001056671142578125,220.166015625,118.767333984375,258.8173828125,139.4384765625
3896,1931,9,0.91552734375,263.7099609375,170.99560546875,306.7646484375,203.77587890625
3897,1931,9,0.8857421875,332.2060546875,125.25,368.4111328125,161.455078125
3898,1931,11,0.865234375,411.22119140625,117.544189453125,449.87255859375,145.798828125
3899,1931,10,0.82763671875,250.133056640625,95.4052734375,279.3662109375,123.29296875
3900,1931,11,0.763671875,347.12841796875,101.765625,378.44091796875,132.5888671875
3901,1931,9,0.75927734375,366.69873046875,153.1376953125,400.45751953125,186.4072265625
3902,1931,9,0.484375,347.373046875,101.765625,378.1962890625,133.078125
3903,1931,7,0.002002716064453125,331.2275390625,209.40234375,339.0556640625,223.5908203125
3904,1933,15,0.87646484375,391.6171875,48.4375,413.4140625,68.5390625
3905,1933,6,0.8681640625,237.5859375,43.47265625,288.4453125,79.80078125
3906,1936,9,0.87255859375,158.7861328125,173.619140625,174.10546875,187.236328125
3907,1936,9,0.86328125,219.5771484375,175.078125,233.6806640625,190.640625
3908,1936,10,0.85009765625,285.2314453125,210.580078125,299.8212890625,225.169921875
3909,1936,17,0.8408203125,133.740234375,147.84375,145.8984375,159.515625
3910,1952,5,0.8740234375,439.21484375,73.002685546875,491.0,102.491455078125
3911,1952,5,0.80078125,104.169677734375,63.05322265625,137.134765625,83.67138671875
3912,1952,5,0.57763671875,0.0,72.762939453125,10.451431274414062,94.340087890625
3913,1952,5,0.39990234375,18.340576171875,51.54541015625,39.2584228515625,74.80078125
3914,1952,14,0.1175537109375,321.259765625,72.4033203125,334.685546875,93.98046875
3915,1952,8,0.029541015625,339.72021484375,70.605224609375,356.02294921875,86.188720703125
3916,1952,5,0.01146697998046875,67.968017578125,74.680908203125,84.270751953125,90.743896484375
3917,1952,5,0.0104522705078125,487.6435546875,105.0087890625,491.0,127.30517578125
3918,1952,5,0.0074310302734375,419.076171875,75.759765625,441.1328125,93.98046875
3919,1952,5,0.0068511962890625,26.012451171875,52.744140625,103.0908203125,79.35595703125
3920,1952,14,0.006439208984375,461.03173828125,72.16357421875,469.18310546875,84.8701171875
3921,1952,5,0.00626373291015625,0.0,53.46337890625,11.073272705078125,95.4189453125
3922,1952,14,0.006122589111328125,434.419921875,123.708984375,441.1328125,138.09375
3923,1952,5,0.004608154296875,0.0,73.841796875,11.0882568359375,107.8857421875
3924,1952,14,0.004451751708984375,486.205078125,106.9267578125,491.0,128.50390625
3925,1952,5,0.004383087158203125,18.07086181640625,35.0029296875,115.677490234375,76.95849609375
3926,1952,5,0.004199981689453125,484.7666015625,104.76904296875,491.0,127.78466796875
3927,1952,5,0.00400543212890625,442.091796875,78.39697265625,467.025390625,99.734375
3928,1952,14,0.00395965576171875,471.8203125,122.2705078125,481.41015625,142.888671875
3929,1952,14,0.0035800933837890625,487.6435546875,100.693359375,491.0,127.544921875
3930,1952,5,0.003429412841796875,0.0,0.359619140625,25.398101806640625,17.621337890625
3931,1952,16,0.00323486328125,68.687255859375,75.99951171875,83.791259765625,90.86376953125
3932,1952,8,0.0029354095458984375,418.83642578125,75.759765625,438.97509765625,93.5009765625
3933,1952,5,0.00263214111328125,467.025390625,52.50439453125,491.0,72.4033203125
3934,1952,14,0.00254058837890625,351.4677734375,62.57373046875,359.1396484375,75.99951171875
3935,1952,5,0.002471923828125,409.0068359375,75.879638671875,437.7763671875,94.100341796875
3936,1952,5,0.001949310302734375,320.54052734375,59.69677734375,340.67919921875,75.52001953125
3937,1952,14,0.0018892288208007812,423.87109375,123.2294921875,433.4609375,138.5732421875
3938,1952,5,0.0018672943115234375,0.0,80.31494140625,9.904510498046875,96.61767578125
3939,1952,5,0.0018672943115234375,425.3095703125,74.3212890625,452.1611328125,93.021484375
3940,1952,14,0.0017957687377929688,462.47021484375,112.44091796875,470.62158203125,131.62060546875
3941,1952,14,0.0015974044799804688,460.3125,73.12255859375,467.025390625,83.67138671875
3942,1952,5,0.0015916824340820312,53.01385498046875,49.62744140625,114.119140625,81.75341796875
3943,1952,14,0.0014667510986328125,485.24609375,106.20751953125,491.0,140.01171875
3944,1952,14,0.00133514404296875,487.6435546875,113.16015625,491.0,147.2041015625
3945,1952,5,0.0012645721435546875,435.8583984375,73.961669921875,452.640625,86.188720703125
3946,1952,5,0.0011072158813476562,0.50946044921875,50.826171875,39.0186767578125,89.6650390625
3947,1952,14,0.0010080337524414062,320.7802734375,69.046875,333.7265625,88.7060546875
3948,1957,5,0.92578125,84.9365234375,0.0,344.1142578125,112.35888671875
3949,1957,16,0.90673828125,81.78173828125,119.15380859375,149.609619140625,192.92724609375
3950,1957,16,0.896484375,260.87646484375,85.17919921875,308.92626953125,137.59716796875
3951,1957,5,0.5,0.3033447265625,5.3388671875,93.8548583984375,89.3046875
3952,1957,5,0.07720947265625,0.0,1.69873046875,181.0361328125,91.97412109375
3953,1957,14,0.00183868408203125,0.0,0.0,12.027618408203125,76.92822265625
3954,1961,2,0.87890625,407.4814453125,101.994140625,440.1591796875,134.671875
3955,1961,2,0.061431884765625,437.68359375,71.7919921875,456.498046875,99.27099609375
3956,1961,2,0.0017547607421875,501.05859375,87.264404296875,507.0,121.922607421875
3957,1961,2,0.0014781951904296875,500.068359375,96.30029296875,507.0,137.89013671875
3958,1964,11,0.87890625,108.084716796875,62.20703125,121.961669921875,77.041015625
3959,1964,9,0.865234375,67.11181640625,37.0849609375,85.77392578125,50.4833984375
3960,1964,10,0.85302734375,68.6669921875,10.2880859375,84.57763671875,24.6435546875
3961,1964,17,0.85107421875,100.009765625,16.14990234375,112.81005859375,28.59130859375
3962,1964,10,0.85009765625,168.6767578125,13.1591796875,185.185546875,26.5576171875
3963,1964,9,0.83740234375,117.296142578125,41.630859375,131.591796875,55.986328125
3964,1964,17,0.226806640625,129.677734375,22.2509765625,143.076171875,34.6923828125
3965,1964,9,0.2017822265625,129.677734375,22.2509765625,143.076171875,34.6923828125
3966,1964,6,0.0020503997802734375,0.0,81.34765625,6.5534210205078125,130.15625
3967,1967,2,0.89501953125,316.11328125,107.7216796875,352.1015625,153.9228515625
3968,1973,12,0.9140625,207.35546875,146.48046875,242.0732421875,180.72265625
3969,1973,12,0.90869140625,304.8505859375,124.603515625,347.177734375,151.7119140625
3970,1973,12,0.89697265625,285.8271484375,141.96240234375,318.1669921875,174.77783203125
3971,1973,12,0.89501953125,254.9140625,150.04736328125,289.15625,182.38720703125
3972,1973,12,0.89404296875,317.2158203125,148.8583984375,358.1162109375,180.72265625
3973,1973,14,0.0171051025390625,261.572265625,1.66455078125,465.123046875,115.091796875
3974,1973,12,0.01233673095703125,287.7294921875,141.2490234375,312.935546875,153.6142578125
3975,1973,12,0.0115966796875,256.57861328125,139.3466796875,281.78466796875,158.3701171875
3976,1973,12,0.007785797119140625,173.82666015625,116.75634765625,219.00732421875,152.90087890625
3977,1973,12,0.0032596588134765625,277.2666015625,129.12158203125,297.2412109375,150.52294921875
3978,1973,12,0.00260162353515625,284.63818359375,141.96240234375,305.08837890625,159.55908203125
3979,1973,12,0.0021572113037109375,209.02001953125,145.0537109375,226.61669921875,157.89453125
3980,1973,12,0.0020427703857421875,274.65087890625,142.2001953125,296.05224609375,156.4677734375
3981,1973,12,0.001987457275390625,257.2919921875,145.0537109375,283.9248046875,159.796875
3982,1973,12,0.0010900497436523438,283.9248046875,143.1513671875,297.716796875,159.3212890625
3983,1982,2,0.8916015625,199.16015625,136.8017578125,224.296875,167.7392578125
3984,1982,2,0.8916015625,331.611328125,185.38330078125,355.78125,218.73779296875
3985,1982,2,0.880859375,398.07861328125,140.6689453125,420.79833984375,172.5732421875
3986,1982,2,0.8740234375,314.45068359375,92.8125,334.75341796875,120.3662109375
3987,1985,3,0.92578125,41.356201171875,17.50146484375,126.226318359375,118.9140625
3988,1985,0,0.85107421875,181.00830078125,22.056640625,234.23193359375,77.677734375
3989,1985,4,0.810546875,271.8720703125,0.8990478515625,360.0986328125,44.5927734375
3990,1985,13,0.77978515625,187.001953125,95.65869140625,242.1435546875,149.84130859375
3991,1985,12,0.294189453125,187.24169921875,95.65869140625,242.38330078125,149.6015625
3992,1985,3,0.0013942718505859375,0.0,150.560546875,33.95404052734375,223.443359375
3993,1985,3,0.0010728836059570312,92.0625,15.10400390625,169.2607421875,78.39697265625
3994,1985,3,0.0010318756103515625,0.014984130859375,151.0400390625,17.23175048828125,182.6865234375
3995,1987,10,0.92822265625,131.89013671875,195.0107421875,152.52099609375,216.6240234375
3996,1987,9,0.9013671875,193.0458984375,161.1171875,214.90478515625,182.73046875
3997,1987,9,0.900390625,159.6435546875,128.697265625,181.748046875,145.3984375
3998,1987,11,0.8916015625,211.95751953125,110.76806640625,233.07958984375,125.99560546875
3999,1987,10,0.8681640625,59.83563232421875,112.73291015625,79.944580078125,130.90771484375
4000,1987,17,0.86083984375,100.084228515625,146.62646484375,118.013427734375,163.32763671875
4001,1987,17,0.85693359375,119.241455078125,166.029296875,137.416259765625,183.712890625
4002,1993,7,0.84912109375,386.4326171875,49.2177734375,414.6962890625,77.4814453125
4003,1996,16,0.8388671875,211.81396484375,196.279296875,239.1845703125,215.01953125
4004,1996,14,0.830078125,163.73046875,156.826171875,191.34765625,189.8681640625
4005,1996,14,0.81640625,251.76025390625,151.4013671875,267.04833984375,183.9501953125
4006,1996,16,0.81396484375,136.6064453125,218.4716796875,214.033203125,255.9521484375
4007,1996,14,0.7841796875,145.113525390625,133.40087890625,162.374267578125,183.21044921875
4008,1996,14,0.7734375,0.0385284423828125,122.674560546875,14.910507202148438,167.1826171875
4009,1996,14,0.75341796875,120.208740234375,136.11328125,133.277587890625,166.689453125
4010,1996,14,0.7373046875,33.658447265625,130.6884765625,46.9122314453125,159.2919921875
4011,1996,14,0.71875,19.7882080078125,127.359619140625,32.425537109375,157.8125
4012,1996,14,0.65478515625,56.1590576171875,137.5927734375,68.426513671875,160.2783203125
4013,1996,14,0.63525390625,180.0048828125,144.00390625,187.8955078125,160.771484375
4014,1996,14,0.607421875,212.30712890625,143.017578125,229.56787109375,168.662109375
4015,1996,14,0.494140625,66.453857421875,144.4970703125,82.481689453125,170.1416015625
4016,1996,16,0.474609375,130.44189453125,178.0322265625,192.08740234375,205.6494140625
4017,1996,16,0.470703125,0.0,163.73046875,19.7265625,186.416015625
4018,1996,16,0.447509765625,23.57940673828125,168.1689453125,120.948486328125,197.7587890625
4019,1996,16,0.4130859375,88.8311767578125,177.78564453125,190.8544921875,204.41650390625
4020,1996,14,0.346923828125,160.52490234375,151.4013671875,168.90869140625,170.1416015625
4021,1996,16,0.1895751953125,0.0,167.1826171875,98.2012939453125,203.18359375
4022,1996,16,0.1485595703125,0.0,163.73046875,57.1453857421875,196.279296875
4023,1996,14,0.11126708984375,104.674072265625,142.03125,114.044189453125,165.703125
4024,1996,16,0.1070556640625,70.892333984375,174.82666015625,160.771484375,204.90966796875
4025,1996,16,0.09173583984375,86.427001953125,169.1552734375,122.427978515625,194.7998046875
4026,1996,16,0.0863037109375,56.7138671875,167.67578125,121.934814453125,195.29296875
4027,1996,14,0.06488037109375,42.4737548828125,145.4833984375,53.6932373046875,159.2919921875
4028,1996,16,0.030670166015625,140.79833984375,185.9228515625,192.8271484375,205.6494140625
4029,1996,14,0.0221099853515625,15.1031494140625,125.51025390625,23.055419921875,147.20947265625
4030,1996,14,0.0203399658203125,92.5299072265625,138.0859375,106.4617919921875,157.8125
4031,1996,14,0.016845703125,228.58154296875,146.4697265625,239.43115234375,170.1416015625
4032,1996,14,0.01554107666015625,55.7275390625,142.03125,65.6524658203125,160.771484375
4033,1996,16,0.0154266357421875,0.0,163.73046875,32.178955078125,185.4296875
4034,1996,14,0.014617919921875,148.072509765625,133.40087890625,161.881103515625,167.92236328125
4035,1996,16,0.0144500732421875,72.125244140625,171.62109375,139.31884765625,198.251953125
4036,1996,16,0.00844573974609375,202.44384765625,230.3076171875,235.48583984375,255.9521484375
4037,1996,14,0.00841522216796875,11.735763549804688,124.7705078125,20.18890380859375,152.3876953125
4038,1996,16,0.00821685791015625,24.427032470703125,163.73046875,55.7275390625,187.8955078125
4039,1996,14,0.00806427001953125,161.51123046875,146.962890625,169.6484375,162.744140625
4040,1996,14,0.00714874267578125,47.0355224609375,144.4970703125,55.4193115234375,158.3056640625
4041,1996,14,0.00690460205078125,230.3076171875,146.22314453125,245.1025390625,168.90869140625
4042,1996,16,0.006877899169921875,0.369873046875,174.82666015625,128.592529296875,208.85498046875
4043,1996,16,0.006389617919921875,200.96435546875,230.80078125,220.19775390625,255.458984375
4044,1996,16,0.006191253662109375,0.0,161.7578125,22.916717529296875,195.29296875
4045,1996,14,0.006145477294921875,101.0369873046875,140.05859375,110.1605224609375,161.7578125
4046,1996,16,0.0053863525390625,0.1849365234375,165.703125,63.988037109375,214.5263671875
4047,1996,14,0.005199432373046875,241.40380859375,152.3876953125,250.0341796875,168.1689453125
4048,1996,16,0.005161285400390625,0.0,145.9765625,16.2744140625,172.607421875
4049,1996,14,0.004791259765625,54.49462890625,136.11328125,66.0223388671875,156.3330078125
4050,1996,14,0.004756927490234375,239.677734375,147.94921875,245.595703125,168.662109375
4051,1996,14,0.004505157470703125,220.4443359375,144.4970703125,229.814453125,168.1689453125
4052,1996,16,0.004364013671875,112.7496337890625,217.978515625,182.22412109375,255.9521484375
4053,1996,14,0.00424957275390625,188.388671875,143.017578125,195.29296875,159.78515625
4054,1996,14,0.00397491455078125,52.8302001953125,135.37353515625,63.1866455078125,151.64794921875
4055,1996,14,0.00391387939453125,161.51123046875,140.30517578125,167.67578125,158.55224609375
4056,1996,14,0.0037364959716796875,148.4423828125,154.60693359375,158.798828125,182.22412109375
4057,1996,16,0.0037212371826171875,0.0,175.31982421875,18.139190673828125,211.32080078125
4058,1996,16,0.0037078857421875,0.0231170654296875,179.0185546875,13.276901245117188,220.4443359375
4059,1996,16,0.0035381317138671875,91.605224609375,192.8271484375,148.4423828125,205.6494140625
4060,1996,14,0.0033626556396484375,241.650390625,144.4970703125,253.9794921875,168.1689453125
4061,1996,14,0.0030040740966796875,95.92041015625,140.05859375,107.26318359375,160.2783203125
4062,1996,16,0.0029125213623046875,0.03082275390625,163.73046875,31.83990478515625,201.2109375
4063,1996,16,0.0028228759765625,50.82672119140625,166.689453125,97.89306640625,185.4296875
4064,1996,16,0.0027904510498046875,5.054931640625,183.21044921875,62.755126953125,199.97802734375
4065,1996,14,0.002758026123046875,161.141357421875,154.3603515625,168.538818359375,185.9228515625
4066,1996,14,0.00257110595703125,147.94921875,132.6611328125,159.78515625,145.4833984375
4067,1996,16,0.002471923828125,0.0,164.2236328125,91.605224609375,190.8544921875
4068,1996,5,0.002323150634765625,476.8896484375,94.317626953125,505.0,114.044189453125
4069,1996,14,0.002208709716796875,58.316650390625,136.6064453125,67.0703125,156.3330078125
4070,1996,14,0.0021820068359375,154.60693359375,154.3603515625,162.99072265625,178.0322265625
4071,1996,14,0.001956939697265625,0.015411376953125,121.318359375,10.425796508789062,155.83984375
4072,1996,16,0.0018529891967773438,88.646240234375,182.470703125,127.606201171875,196.279296875
4073,1996,14,0.0017337799072265625,243.623046875,155.3466796875,254.47265625,169.1552734375
4074,1996,14,0.0016231536865234375,0.0,146.71630859375,16.86004638671875,172.36083984375
4075,1996,16,0.0016164779663085938,0.0,179.51171875,50.05615234375,195.29296875
4076,1996,14,0.0016107559204101562,235.732421875,147.94921875,246.0888671875,169.6484375
4077,1996,16,0.00154876708984375,161.387939453125,186.66259765625,191.964111328125,205.89599609375
4078,1996,14,0.0015249252319335938,158.922119140625,152.3876953125,166.812744140625,171.1279296875
4079,1996,16,0.0015125274658203125,131.42822265625,179.51171875,161.51123046875,200.224609375
4080,1996,16,0.0012941360473632812,200.224609375,229.814453125,259.15771484375,255.458984375
4081,1996,16,0.0012254714965820312,0.0,171.62109375,48.1451416015625,191.34765625
4082,1996,16,0.001155853271484375,90.372314453125,190.60791015625,134.757080078125,201.45751953125
4083,1996,14,0.0011472702026367188,27.493896484375,127.7294921875,35.877685546875,153.3740234375
4084,1996,14,0.0011425018310546875,175.31982421875,144.00390625,187.64892578125,162.744140625
4085,1996,16,0.0011339187622070312,0.0,182.71728515625,27.910003662109375,204.41650390625
4086,1996,16,0.0011339187622070312,0.0,181.9775390625,45.6793212890625,200.7177734375
4087,1996,14,0.0011072158813476562,219.70458984375,144.4970703125,241.1572265625,169.1552734375
4088,1996,14,0.0010652542114257812,63.125,127.48291015625,71.26220703125,140.79833984375
4089,1996,14,0.0010242462158203125,36.27838134765625,128.7158203125,46.81976318359375,138.0859375
4090,1996,14,0.0010166168212890625,153.12744140625,155.3466796875,161.01806640625,183.45703125
4091,2001,6,0.865234375,290.7255859375,177.638671875,361.5869140625,212.583984375
4092,2001,15,0.85888671875,418.373046875,173.2705078125,439.728515625,195.5966796875
4093,2011,15,0.357666015625,276.275390625,156.9521484375,339.1552734375,203.4931640625
4094,2011,2,0.006389617919921875,0.0850982666015625,55.70068359375,15.07012939453125,92.091796875
4095,2011,14,0.002811431884765625,239.38916015625,0.0,322.07373046875,101.622802734375
4096,2011,14,0.0011692047119140625,267.8583984375,1.23779296875,342.1259765625,93.82470703125
4097,2014,7,0.81884765625,242.15625,182.6015625,259.13671875,199.3359375
4098,2014,7,0.810546875,300.234375,175.7109375,319.4296875,192.9375
4099,2014,17,0.046722412109375,224.314453125,110.25,235.142578125,120.09375
4100,2014,7,0.00809478759765625,315.4921875,186.5390625,329.2734375,197.3671875
4101,2014,17,0.0011425018310546875,300.7265625,174.7265625,318.9375,190.4765625
4102,2024,14,0.7705078125,292.009765625,0.4161376953125,481.29296875,242.548828125
4103,2024,14,0.00974273681640625,368.5791015625,8.32275390625,477.9638671875,236.841796875
4104,2024,14,0.004085540771484375,279.1689453125,40.900390625,391.4072265625,170.97314453125
4105,2025,15,0.892578125,417.216796875,90.00244140625,436.943359375,109.72900390625
4106,2029,10,0.8759765625,445.875,139.3359375,460.76953125,154.23046875
4107,2029,9,0.85205078125,374.28515625,111.228515625,388.69921875,126.603515625
4108,2029,17,0.796875,285.87890625,93.0908203125,298.37109375,104.8623046875
4109,2029,10,0.79443359375,313.74609375,116.033203125,329.12109375,129.005859375
4110,2030,17,0.7431640625,223.9541015625,125.958984375,244.8662109375,145.412109375
4111,2030,9,0.7138671875,176.05078125,176.537109375,196.4765625,198.908203125
4112,2030,17,0.020721435546875,169.4853515625,81.216796875,184.318359375,96.0498046875
4113,2030,9,0.0154876708984375,131.794921875,130.822265625,147.84375,144.439453125
4114,2030,17,0.01132965087890625,131.794921875,130.822265625,147.357421875,143.466796875
4115,2030,15,0.0012693405151367188,0.007598876953125,19.6962890625,4.490936279296875,43.5263671875
4116,2030,2,0.001094818115234375,223.58935546875,126.4453125,244.74462890625,145.412109375
4117,2030,2,0.0010728836059570312,307.845703125,90.82177734375,334.107421875,112.70654296875
4118,2036,8,0.85498046875,354.80859375,144.16796875,442.0,213.23046875
4119,2036,14,0.72021484375,360.8515625,113.08984375,374.6640625,142.009765625
4120,2036,8,0.277587890625,421.28125,159.4912109375,442.0,208.2666015625
4121,2036,8,0.11126708984375,0.0,143.5205078125,6.8792724609375,160.3544921875
4122,2036,5,0.029083251953125,0.0,125.607421875,20.9075927734375,138.556640625
4123,2036,8,0.0212860107421875,0.0,146.7578125,5.0751495361328125,160.5703125
4124,2036,14,0.02001953125,29.67529296875,133.5927734375,39.38720703125,149.5634765625
4125,2036,5,0.01861572265625,0.0,143.736328125,4.6671142578125,161.001953125
4126,2036,5,0.0184783935546875,422.14453125,161.43359375,442.0,207.1875
4127,2036,14,0.0110321044921875,0.0,137.26171875,3.716156005859375,155.390625
4128,2036,5,0.00582122802734375,0.0,125.3916015625,11.82965087890625,141.3623046875
4129,2036,5,0.00524139404296875,0.0,135.966796875,5.449462890625,155.822265625
4130,2036,5,0.005138397216796875,0.33721923828125,124.3125,23.0657958984375,144.16796875
4131,2036,5,0.00498199462890625,0.4586181640625,135.103515625,29.2166748046875,159.275390625
4132,2036,8,0.0033893585205078125,432.50390625,162.296875,442.0,206.755859375
4133,2036,14,0.0027256011962890625,0.0269775390625,133.376953125,8.07977294921875,161.001953125
4134,2036,5,0.002521514892578125,190.89306640625,120.10400390625,215.92822265625,138.98828125
4135,2036,5,0.0024929046630859375,0.0,129.060546875,6.9871826171875,145.03125
4136,2036,14,0.0024623870849609375,0.0,132.08203125,4.458038330078125,148.916015625
4137,2036,14,0.0017747879028320312,59.998046875,144.16796875,69.0625,151.505859375
4138,2036,14,0.0017271041870117188,82.2275390625,135.966796875,88.486328125,148.052734375
4139,2036,14,0.0016489028930664062,0.0,137.693359375,29.783203125,158.412109375
4140,2036,14,0.0015668869018554688,69.17041015625,132.513671875,77.15576171875,150.642578125
4141,2036,14,0.0012998580932617188,26.923583984375,130.35546875,40.3583984375,149.34765625
4142,2036,8,0.0011968612670898438,0.0809326171875,140.9306640625,10.359375,159.9228515625
4143,2036,14,0.0010900497436523438,83.900146484375,135.7509765625,91.561767578125,147.8369140625
4144,2036,5,0.0010080337524414062,0.4586181640625,126.470703125,25.520751953125,153.232421875
4145,2037,2,0.642578125,338.89453125,165.4296875,360.63671875,194.734375
4146,2037,6,0.08447265625,109.0654296875,32.9677734375,126.3173828125,53.5283203125
4147,2037,2,0.0753173828125,109.0654296875,32.849609375,126.3173828125,53.41015625
4148,2037,17,0.06805419921875,109.0654296875,33.322265625,126.435546875,53.646484375
4149,2037,5,0.014617919921875,77.04296875,6.7353515625,484.0,240.109375
4150,2037,17,0.008544921875,209.150390625,2.36328125,224.275390625,25.759765625
4151,2037,17,0.002758026123046875,273.904296875,161.412109375,316.916015625,202.060546875
4152,2037,17,0.0016355514526367188,339.130859375,166.375,359.927734375,194.734375
4153,2042,15,0.86962890625,289.69921875,106.24609375,315.97265625,135.9765625
4154,2042,6,0.79052734375,174.00390625,41.9453125,240.37890625,86.1953125
4155,2042,2,0.0027370452880859375,144.158203125,63.83984375,165.591796875,87.34765625
4156,2043,13,0.91357421875,117.4124755859375,118.315185546875,158.876953125,157.9140625
4157,2043,13,0.79833984375,211.11376953125,149.97021484375,252.7587890625,193.30029296875
4158,2043,0,0.275146484375,211.3544921875,150.45166015625,252.7587890625,193.30029296875
4159,2043,11,0.00284576416015625,210.873046875,149.97021484375,253.240234375,193.30029296875
4160,2043,6,0.0021495819091796875,0.03009033203125,114.34326171875,20.837554931640625,168.26513671875
4161,2043,1,0.001941680908203125,117.352294921875,117.9541015625,159.478759765625,158.3955078125
4162,2043,10,0.0011339187622070312,210.873046875,151.6552734375,249.388671875,191.615234375
4163,2049,15,0.9560546875,176.26953125,84.8876953125,256.982421875,156.787109375
4164,2050,15,0.88623046875,260.8837890625,180.0048828125,281.5966796875,197.7587890625
4165,2056,2,0.8662109375,103.82080078125,52.681640625,121.974609375,64.072265625
4166,2056,2,0.85498046875,63.95361328125,31.798828125,81.51416015625,44.61328125
4167,2056,2,0.8408203125,179.876953125,44.8505859375,197.4375,58.6142578125
4168,2056,2,0.830078125,140.7216796875,28.951171875,157.8076171875,41.765625
4169,2062,10,0.86865234375,467.45703125,200.126953125,482.28125,214.951171875
4170,2062,17,0.841796875,305.37890625,152.4423828125,316.744140625,163.8076171875
4171,2062,9,0.79296875,393.830078125,170.97265625,408.654296875,186.291015625
4172,2062,10,0.4130859375,333.05078125,174.92578125,348.86328125,187.7734375
4173,2062,9,0.4111328125,333.05078125,174.92578125,348.86328125,188.267578125
4174,2066,13,0.513671875,119.15234375,152.109375,169.39453125,201.890625
4175,2066,1,0.39794921875,119.3828125,153.03125,170.77734375,200.96875
4176,2066,13,0.357666015625,191.51953125,69.37109375,234.6171875,111.77734375
4177,2066,1,0.1251220703125,191.404296875,69.716796875,234.732421875,112.353515625
4178,2066,10,0.0053863525390625,192.671875,71.67578125,235.078125,112.0078125
4179,2069,2,0.8916015625,363.474609375,36.6357421875,393.744140625,75.5537109375
4180,2069,7,0.8642578125,406.4765625,88.7666015625,442.03125,119.7568359375
4181,2073,5,0.796875,94.60400390625,83.2900390625,116.26904296875,102.5478515625
4182,2073,5,0.7734375,0.0,53.68115234375,33.73126220703125,71.01318359375
4183,2073,14,0.70263671875,226.279296875,119.3984375,240.72265625,141.0634765625
4184,2073,5,0.6689453125,163.2099609375,66.9208984375,178.134765625,78.95703125
4185,2073,8,0.352294921875,224.8349609375,131.4345703125,241.685546875,151.6552734375
4186,2073,5,0.0794677734375,489.1484375,108.3251953125,493.0,125.17578125
4187,2073,8,0.06805419921875,225.07568359375,119.8798828125,241.44482421875,142.5078125
4188,2073,5,0.047088623046875,486.7412109375,109.52880859375,493.0,124.45361328125
4189,2073,5,0.01467132568359375,143.470703125,51.875732421875,156.22900390625,62.708251953125
4190,2073,5,0.01061248779296875,100.260986328125,44.29296875,111.45458984375,57.7734375
4191,2073,5,0.007965087890625,2.61785888671875,43.931884765625,35.626953125,66.559814453125
4192,2073,5,0.00701141357421875,459.298828125,87.743408203125,493.0,104.834716796875
4193,2073,5,0.004886627197265625,0.0075225830078125,53.921875,9.53863525390625,67.40234375
4194,2073,5,0.004810333251953125,485.296875,103.9921875,493.0,124.6943359375
4195,2073,14,0.0038547515869140625,472.2978515625,122.52783203125,485.7783203125,135.52685546875
4196,2073,8,0.0034694671630859375,489.1484375,109.2880859375,493.0,134.3232421875
4197,2073,5,0.00260162353515625,453.521484375,90.51171875,485.7783203125,103.5107421875
4198,2073,14,0.0018529891967773438,242.6484375,92.076416015625,250.8330078125,104.112548828125
4199,2073,5,0.0016040802001953125,461.46533203125,93.039306640625,492.75927734375,106.279052734375
4200,2073,5,0.0016040802001953125,461.224609375,117.23193359375,483.8525390625,134.8046875
4201,2073,5,0.0015544891357421875,0.016925811767578125,72.45751953125,3.1632461547851562,86.41943359375
4202,2073,5,0.0015249252319335938,12.419784545898438,44.29296875,42.03619384765625,57.53271484375
4203,2073,5,0.0015249252319335938,2.97894287109375,49.5888671875,43.84161376953125,68.365234375
4204,2073,5,0.0015192031860351562,0.0,51.5146484375,4.3931884765625,66.9208984375
4205,2073,17,0.0013246536254882812,94.4234619140625,83.04931640625,116.5699462890625,102.78857421875
4206,2073,14,0.0013151168823242188,470.853515625,117.23193359375,484.8154296875,132.15673828125
4207,2073,5,0.00130462646484375,451.595703125,111.45458984375,483.37109375,132.63818359375
4208,2073,14,0.0012941360473632812,63.9720458984375,57.2919921875,70.2308349609375,67.40234375
4209,2073,5,0.0010480880737304688,472.2978515625,99.177734375,493.0,122.7685546875
4210,2085,15,0.9482421875,188.5166015625,75.783203125,266.1826171875,144.7412109375
4211,2088,9,0.90283203125,158.8359375,134.32421875,181.38671875,158.345703125
4212,2088,17,0.8740234375,30.65496826171875,118.146484375,48.90087890625,134.814453125
4213,2088,10,0.8408203125,255.412109375,188.9853515625,278.943359375,214.4775390625
4214,2088,9,0.552734375,63.9755859375,159.326171875,89.4677734375,179.916015625
4215,2088,10,0.048675537109375,64.036865234375,159.0810546875,89.529052734375,179.6708984375
4216,2088,11,0.0010480880737304688,212.0263671875,153.443359375,239.724609375,170.6015625
4217,2090,1,0.87060546875,211.0029296875,48.73046875,250.23095703125,87.47119140625
4218,2090,4,0.6533203125,163.49072265625,178.353515625,257.54052734375,240.2412109375
4219,2090,13,0.462890625,285.560546875,129.1357421875,325.0322265625,170.0693359375
4220,2090,1,0.32080078125,285.560546875,128.6484375,325.0322265625,170.556640625
4221,2090,0,0.1688232421875,285.560546875,129.1357421875,325.0322265625,170.0693359375
4222,2090,13,0.027801513671875,211.24658203125,47.877685546875,250.23095703125,87.349365234375
4223,2093,2,0.83984375,198.8203125,175.9169921875,219.53076171875,206.1298828125
4224,2093,14,0.0018033981323242188,350.3720703125,152.77001953125,362.5546875,172.26220703125
4225,2095,2,0.8681640625,224.9267578125,67.3564453125,242.677734375,79.5146484375
4226,2095,2,0.84912109375,185.77734375,47.29541015625,202.798828125,60.18310546875
4227,2095,2,0.82421875,298.60546875,59.33203125,317.0859375,73.921875
4228,2095,2,0.8115234375,260.4287109375,44.0126953125,277.4501953125,56.900390625
4229,2102,17,0.085693359375,132.5009765625,151.4296875,162.107421875,181.521484375
4230,2102,17,0.007175445556640625,182.9775390625,6.06689453125,198.994140625,26.93701171875
4231,2102,2,0.005100250244140625,0.0379180908203125,186.375,12.71014404296875,239.763671875
4232,2102,0,0.0036067962646484375,132.015625,151.4296875,163.5634765625,181.521484375
4233,2102,17,0.0026721954345703125,248.5,105.07861328125,274.708984375,132.74365234375
4234,2102,2,0.001995086669921875,181.76416015625,2.305419921875,200.20751953125,27.058349609375
4235,2106,2,0.8984375,71.218994140625,88.69677734375,101.06201171875,127.21923828125
4236,2106,7,0.8681640625,115.0323486328125,139.58447265625,148.8583984375,170.49755859375
4237,2108,7,0.81982421875,392.89208984375,106.04931640625,434.14697265625,135.8984375
4238,2108,7,0.75341796875,374.69140625,190.2578125,409.63671875,211.61328125
4239,2119,7,0.8818359375,40.2392578125,31.470703125,68.04638671875,54.533203125
4240,2119,7,0.8798828125,86.6044921875,83.6015625,110.6279296875,111.46875
4241,2122,15,0.07135009765625,276.275390625,156.9521484375,339.1552734375,202.998046875
4242,2122,14,0.0310211181640625,261.9169921875,1.73291015625,378.7646484375,136.65234375
4243,2122,2,0.001956939697265625,0.077362060546875,57.9287109375,17.3909912109375,94.072265625
4244,2122,14,0.001956939697265625,287.16796875,1.23779296875,407.9765625,109.17333984375
4245,2136,7,0.8759765625,108.204833984375,143.71142578125,142.387451171875,170.19091796875
4246,2137,13,0.89501953125,127.673828125,104.03955078125,161.78515625,137.66357421875
4247,2137,1,0.85595703125,197.11474609375,95.9990234375,233.66259765625,132.546875
4248,2137,0,0.8291015625,165.92724609375,52.1416015625,201.01318359375,86.740234375
4249,2137,0,0.81884765625,52.5679931640625,145.7041015625,96.0599365234375,188.099609375
4250,2137,12,0.8017578125,110.8009033203125,30.212890625,145.46044921875,60.9130859375
4251,2137,3,0.7880859375,163.97802734375,151.5517578125,248.28173828125,211.0029296875
4252,2137,3,0.78125,195.896484375,33.502197265625,275.814453125,55.430908203125
4253,2137,4,0.7578125,61.36993408203125,80.64892578125,124.50634765625,125.48095703125
4254,2137,3,0.67919921875,60.7303466796875,80.4052734375,124.5672607421875,125.724609375
4255,2137,12,0.552734375,14.6800537109375,74.0703125,50.3751220703125,105.50146484375
4256,2137,13,0.513671875,15.030303955078125,73.948486328125,50.2532958984375,105.866943359375
4257,2137,12,0.265869140625,165.68359375,51.89794921875,200.76953125,86.49658203125
4258,2137,3,0.01678466796875,482.431640625,25.58349609375,499.0,81.8671875
4259,2137,3,0.0108184814453125,484.380859375,24.12158203125,499.0,64.08056640625
4260,2137,3,0.0066680908203125,483.8935546875,39.837158203125,499.0,89.542236328125
4261,2137,3,0.0059814453125,482.431640625,36.79150390625,499.0,69.44091796875
4262,2137,11,0.002471923828125,111.0445556640625,30.7001953125,145.216796875,59.9384765625
4263,2137,11,0.001438140869140625,15.83740234375,74.0703125,49.8878173828125,105.2578125
4264,2137,3,0.00130462646484375,196.62744140625,20.101318359375,273.865234375,55.918212890625
4265,2141,2,0.861328125,311.71875,44.296875,340.3125,65.390625
4266,2141,17,0.34326171875,374.53125,62.578125,399.84375,81.796875
4267,2141,7,0.1871337890625,374.0625,62.8125,399.84375,82.03125
4268,2151,17,0.62255859375,208.2724609375,142.162109375,227.1611328125,159.0625
4269,2151,17,0.509765625,239.0908203125,162.044921875,270.9033203125,195.845703125
4270,2151,17,0.37744140625,186.8984375,130.7294921875,206.78125,149.6181640625
4271,2151,2,0.07208251953125,365.84375,113.58056640625,389.703125,141.41650390625
4272,2151,2,0.0125732421875,239.33935546875,162.044921875,271.64892578125,196.83984375
4273,2169,2,0.89501953125,75.7734375,55.04296875,110.681640625,95.55078125
4274,2169,2,0.85986328125,199.44140625,54.56640625,240.6640625,85.78125
4275,2169,17,0.82080078125,173.70703125,145.828125,196.10546875,164.890625
4276,2171,9,0.91259765625,349.4267578125,64.1953125,367.9072265625,81.216796875
4277,2171,11,0.884765625,371.5546875,35.7451171875,388.08984375,50.3349609375
4278,2171,9,0.87841796875,406.5703125,74.89453125,430.88671875,93.375
4279,2171,10,0.87646484375,259.69921875,84.8642578125,282.0703125,102.3720703125
4280,2171,17,0.87646484375,320.00390625,97.5087890625,336.5390625,114.0439453125
4281,2171,10,0.87646484375,399.275390625,116.71875,421.646484375,135.19921875
4282,2171,17,0.85888671875,360.85546875,101.8857421875,378.36328125,118.4208984375
4283,2172,5,0.8798828125,385.25390625,154.052734375,500.0,212.646484375
4284,2172,5,0.87255859375,229.6142578125,146.240234375,356.4453125,201.416015625
4285,2172,5,0.85302734375,0.0,154.296875,93.3837890625,198.73046875
4286,2172,5,0.79443359375,364.74609375,137.939453125,453.61328125,185.791015625
4287,2172,14,0.7841796875,139.404296875,122.802734375,214.111328125,255.126953125
4288,2172,8,0.08660888671875,186.5234375,152.34375,212.40234375,176.7578125
4289,2172,14,0.037322998046875,174.560546875,128.41796875,205.810546875,157.71484375
4290,2172,14,0.01337432861328125,140.869140625,136.71875,170.8984375,212.890625
4291,2172,8,0.00861358642578125,117.919921875,155.76171875,150.390625,188.96484375
4292,2172,5,0.007965087890625,222.16796875,138.671875,272.4609375,175.78125
4293,2172,14,0.006488800048828125,161.62109375,135.7421875,184.08203125,158.69140625
4294,2172,14,0.005161285400390625,181.884765625,131.8359375,211.42578125,161.1328125
4295,2172,14,0.004810333251953125,161.1328125,128.41796875,211.42578125,194.82421875
4296,2172,5,0.004199981689453125,479.98046875,132.32421875,500.0,158.69140625
4297,2172,14,0.003650665283203125,154.78515625,133.30078125,185.05859375,162.59765625
4298,2172,5,0.0032596588134765625,117.7978515625,157.2265625,150.5126953125,190.91796875
4299,2172,5,0.0025501251220703125,213.37890625,145.5078125,257.080078125,177.734375
4300,2172,14,0.0020198822021484375,155.029296875,131.591796875,199.21875,173.095703125
4301,2172,5,0.00154876708984375,198.2421875,139.16015625,253.90625,174.31640625
4302,2172,5,0.0013513565063476562,478.515625,140.625,500.0,172.8515625
4303,2172,14,0.0012998580932617188,494.62890625,147.94921875,500.0,191.89453125
4304,2172,5,0.0012845993041992188,494.62890625,156.73828125,500.0,187.5
4305,2172,14,0.0011425018310546875,493.65234375,163.57421875,500.0,215.33203125
4306,2172,5,0.0010242462158203125,486.328125,142.578125,500.0,178.7109375
4307,2176,17,0.85595703125,414.609375,77.083984375,435.578125,97.814453125
4308,2176,17,0.658203125,325.25390625,1.19140625,346.69921875,19.30078125
4309,2176,2,0.004608154296875,325.015625,1.19140625,346.9375,19.30078125
4310,2183,8,0.8427734375,0.9136962890625,134.0087890625,70.90283203125,187.125
4311,2183,8,0.8232421875,129.623046875,146.6787109375,232.931640625,201.744140625
4312,2183,14,0.7548828125,220.99267578125,71.39013671875,245.6015625,127.91748046875
4313,2183,14,0.740234375,329.66162109375,86.2529296875,349.64111328125,120.60791015625
4314,2183,14,0.716796875,281.662109375,82.841796875,309.92578125,164.46533203125
4315,2183,14,0.6943359375,440.27978515625,76.872314453125,471.46728515625,122.435302734375
4316,2183,14,0.69287109375,400.80810546875,64.8115234375,419.81298828125,115.4912109375
4317,2183,14,0.658203125,257.7841796875,81.3798828125,288.9716796875,164.708984375
4318,2183,14,0.458984375,119.6942138671875,106.47607421875,152.28271484375,137.17626953125
4319,2183,14,0.139892578125,119.3287353515625,105.98876953125,151.5517578125,157.64306640625
4320,2183,8,0.1365966796875,486.330078125,91.1259765625,499.0,137.419921875
4321,2183,14,0.0753173828125,490.228515625,77.4814453125,499.0,119.876953125
4322,2183,8,0.052825927734375,0.0380706787109375,126.2119140625,10.667404174804688,202.71875
4323,2183,14,0.043701171875,6.30450439453125,112.81103515625,41.4208984375,143.51123046875
4324,2183,14,0.042572021484375,6.60906982421875,113.663818359375,40.65948486328125,187.6123046875
4325,2183,14,0.0391845703125,487.7919921875,69.6845703125,499.0,141.8056640625
4326,2183,8,0.035400390625,480.482421875,76.5068359375,499.0,137.9072265625
4327,2183,14,0.0208892822265625,114.882080078125,108.181640625,134.861572265625,132.546875
4328,2183,8,0.019989013671875,258.271484375,82.11083984375,313.82421875,165.92724609375
4329,2183,8,0.0165252685546875,0.0,127.552001953125,5.1395416259765625,203.693359375
4330,2183,14,0.0154876708984375,0.0,122.3134765625,11.5125732421875,199.3076171875
4331,2183,14,0.01358795166015625,0.0076141357421875,123.897216796875,5.741058349609375,204.66796875
4332,2183,14,0.0125274658203125,0.0,105.50146484375,16.81201171875,156.66845703125
4333,2183,8,0.012237548828125,476.583984375,92.83154296875,499.0,151.79541015625
4334,2183,14,0.01146697998046875,0.39593505859375,110.496337890625,27.19769287109375,182.7392578125
4335,2183,8,0.01137542724609375,0.03045654296875,126.45556640625,26.04034423828125,193.70361328125
4336,2183,8,0.01132965087890625,126.333740234375,154.962890625,190.657958984375,204.66796875
4337,2183,8,0.01009368896484375,0.0,110.86181640625,7.557029724121094,177.62255859375
4338,2183,14,0.00937652587890625,0.0380706787109375,108.91259765625,13.545547485351562,177.62255859375
4339,2183,14,0.0079345703125,480.482421875,71.39013671875,499.0,139.61279296875
4340,2183,14,0.00787353515625,0.0,156.18115234375,10.2333984375,204.42431640625
4341,2183,14,0.006412506103515625,9.01513671875,112.689208984375,43.33966064453125,164.2216796875
4342,2183,8,0.0059356689453125,485.35546875,86.374755859375,499.0,171.0439453125
4343,2183,14,0.00536346435546875,127.673828125,106.47607421875,157.88671875,132.79052734375
4344,2183,8,0.005260467529296875,490.228515625,106.7197265625,499.0,136.4453125
4345,2183,14,0.004230499267578125,326.9814453125,107.20703125,349.884765625,132.0595703125
4346,2183,14,0.004070281982421875,16.202880859375,115.00390625,46.9639892578125,173.48046875
4347,2183,14,0.003692626953125,488.7666015625,37.5224609375,499.0,136.20166015625
4348,2183,14,0.0032100677490234375,18.5784912109375,115.00390625,43.857421875,143.267578125
4349,2183,14,0.003063201904296875,277.2763671875,85.52197265625,306.5146484375,116.70947265625
4350,2183,14,0.0029811859130859375,268.9921875,115.856689453125,287.9970703125,164.708984375
4351,2183,8,0.0023326873779296875,486.330078125,108.91259765625,499.0,156.66845703125
4352,2183,8,0.002140045166015625,329.9052734375,104.283203125,350.3720703125,130.1103515625
4353,2183,8,0.001995086669921875,0.03045654296875,130.1103515625,8.543060302734375,245.1142578125
4354,2183,14,0.0018968582153320312,129.86669921875,103.674072265625,157.15576171875,125.602783203125
4355,2183,14,0.0017070770263671875,0.02664947509765625,108.91259765625,7.404747009277344,157.64306640625
4356,2183,14,0.0014781951904296875,493.15234375,69.92822265625,499.0,110.37451171875
4357,2183,14,0.001461029052734375,55.58319091796875,104.283203125,92.34423828125,139.12548828125
4358,2183,14,0.0014104843139648438,492.177734375,80.16162109375,499.0,140.10009765625
4359,2183,8,0.001220703125,0.94415283203125,114.5166015625,39.74578857421875,186.150390625
4360,2183,8,0.0011968612670898438,439.0615234375,67.7353515625,494.6142578125,140.34375
4361,2183,14,0.0011739730834960938,120.12060546875,106.232421875,164.2216796875,146.19140625
4362,2183,8,0.0011510848999023438,127.1865234375,176.404296875,185.6630859375,205.642578125
4363,2183,8,0.0011472702026367188,101.8466796875,118.90234375,124.871826171875,153.98828125
4364,2183,8,0.0010690689086914062,17.1165771484375,117.4404296875,53.481689453125,161.78515625
4365,2183,14,0.0010366439819335938,0.0609130859375,111.83642578125,23.96929931640625,150.82080078125
4366,2186,7,0.8408203125,93.478271484375,186.47900390625,132.51708984375,216.08642578125
4367,2186,7,0.83984375,55.15576171875,110.7890625,94.552734375,144.6943359375
4368,2186,2,0.0010204315185546875,0.0,40.710205078125,24.59326171875,72.466552734375
4369,2188,0,0.86083984375,159.781494140625,34.19677734375,206.949462890625,79.47802734375
4370,2188,0,0.84716796875,87.2607421875,8.843994140625,130.41943359375,49.172607421875
4371,2188,1,0.4072265625,53.85992431640625,100.70361328125,105.538330078125,152.58837890625
4372,2188,0,0.02386474609375,54.2431640625,100.70361328125,104.359130859375,151.17333984375
4373,2188,1,0.0127716064453125,159.427734375,37.02685546875,206.1240234375,79.00634765625
4374,2188,13,0.00809478759765625,54.125244140625,100.939453125,104.2412109375,151.4091796875
4375,2188,2,0.00582122802734375,54.0662841796875,101.4111328125,104.3001708984375,151.4091796875
4376,2188,6,0.00319671630859375,462.7177734375,27.357421875,483.0,67.4501953125
4377,2189,2,0.8798828125,361.341796875,203.28515625,388.576171875,222.73828125
4378,2189,2,0.87158203125,290.82421875,200.3671875,312.22265625,221.765625
4379,2189,2,0.86083984375,297.8759765625,144.1962890625,313.9248046875,166.5673828125
4380,2189,2,0.85205078125,416.296875,156.59765625,440.61328125,174.10546875
4381,2191,5,0.517578125,365.5517578125,16.27294921875,391.0224609375,34.19677734375
4382,2191,5,0.050140380859375,392.20166015625,12.49951171875,417.20068359375,30.42333984375
4383,2191,5,0.003124237060546875,377.8154296875,12.381591796875,417.4365234375,32.663818359375
4384,2191,8,0.003063201904296875,212.02001953125,29.47998046875,234.18896484375,46.46044921875
4385,2191,5,0.001987457275390625,110.3140869140625,34.4326171875,136.787109375,49.5263671875
4386,2191,5,0.0014047622680664062,476.396484375,50.823486328125,483.0,61.907958984375
4387,2191,5,0.0013246536254882812,15.8602294921875,91.27001953125,38.58929443359375,104.94873046875
4388,2191,5,0.0011425018310546875,342.20361328125,14.150390625,390.78662109375,35.3759765625
4389,2193,7,0.822265625,403.451171875,155.025390625,435.2265625,179.09765625
4390,2193,7,0.7578125,411.6357421875,104.4736328125,438.5966796875,129.02734375
4391,2193,17,0.004665374755859375,412.35791015625,103.75146484375,438.35595703125,128.064453125
4392,2195,2,0.8818359375,236.693359375,59.296875,256.458984375,86.474609375
4393,2195,2,0.87744140625,313.779296875,100.5576171875,336.509765625,130.2060546875
4394,2195,2,0.873046875,405.9365234375,60.5322265625,424.7138671875,87.2158203125
4395,2195,2,0.84912109375,292.53125,33.107421875,311.30859375,57.3203125
4396,2197,10,0.8916015625,310.5322265625,107.84375,337.4931640625,134.56396484375
4397,2197,9,0.845703125,190.291259765625,102.5478515625,215.807861328125,131.4345703125
4398,2197,10,0.83544921875,176.93115234375,167.0615234375,202.44775390625,197.8740234375
4399,2197,9,0.82080078125,41.8857421875,142.5078125,65.356201171875,163.2099609375
4400,2202,2,0.8759765625,283.76953125,116.565673828125,323.888671875,143.841796875
4401,2202,7,0.80322265625,379.90869140625,146.77734375,417.09228515625,175.154296875
4402,2202,7,0.006587982177734375,400.212890625,153.87158203125,416.84765625,174.90966796875
4403,2202,17,0.00394439697265625,0.0229339599609375,110.205322265625,6.192169189453125,164.8798828125
4404,2202,2,0.0035800933837890625,0.00382232666015625,116.810302734375,6.746406555175781,154.1162109375
4405,2202,17,0.00323486328125,495.12890625,192.767578125,501.0,214.294921875
4406,2202,17,0.00243377685546875,403.39306640625,153.626953125,416.60302734375,173.6865234375
4407,2202,2,0.002002716064453125,0.015289306640625,85.37548828125,8.07275390625,157.29638671875
4408,2202,17,0.0013666152954101562,491.21484375,186.896484375,501.0,206.466796875
4409,2202,17,0.0011339187622070312,0.0,130.38720703125,6.57440185546875,153.38232421875
4410,2203,7,0.8818359375,127.1748046875,33.3134765625,163.1630859375,59.33203125
4411,2203,7,0.79931640625,46.6875,120.3662109375,75.806396484375,150.0322265625
4412,2203,17,0.004398345947265625,176.05078125,155.625,199.6376953125,174.10546875
4413,2203,17,0.0017414093017578125,492.1640625,136.9013671875,498.0,156.3544921875
4414,2204,6,0.87890625,274.890625,41.1865234375,325.7265625,67.5458984375
4415,2204,15,0.8759765625,201.931640625,44.83447265625,220.759765625,62.72119140625
4416,2206,14,0.8154296875,81.778564453125,51.33544921875,116.877685546875,143.26171875
4417,2206,8,0.02685546875,72.34716796875,79.271484375,87.3896484375,99.8056640625
4418,2206,5,0.0200958251953125,27.7569580078125,73.182861328125,46.7391357421875,92.523193359375
4419,2206,14,0.0022335052490234375,60.73699951171875,71.86962890625,72.705322265625,99.08935546875
4420,2206,5,0.0016613006591796875,29.831268310546875,69.720703125,66.736083984375,90.732421875
4421,2206,5,0.0013456344604492188,73.182861328125,77.12255859375,87.15087890625,100.04443359375
4422,2216,2,0.87841796875,285.5419921875,193.3203125,305.76171875,220.9375
4423,2216,2,0.8642578125,192.58056640625,135.126953125,210.087890625,158.798828125
4424,2216,2,0.8623046875,307.734375,147.4560546875,325.9814453125,171.62109375
4425,2216,2,0.85986328125,191.717529296875,187.8955078125,211.444091796875,214.5263671875
4426,2241,3,0.87060546875,175.271484375,23.51806640625,237.1611328125,66.59326171875
4427,2241,3,0.8671875,186.90673828125,102.73681640625,247.80615234375,167.10205078125
4428,2241,4,0.84716796875,120.80859375,98.5283203125,159.427734375,165.8642578125
4429,2242,2,0.87890625,396.666015625,99.41015625,417.1328125,127.1865234375
4430,2242,2,0.86328125,267.04296875,56.161865234375,286.53515625,80.283447265625
4431,2242,2,0.8623046875,374.7373046875,43.3701171875,394.2294921875,67.248046875
4432,2242,2,0.85595703125,285.0732421875,96.486328125,304.5654296875,123.775390625
4433,2243,15,0.79931640625,377.9423828125,129.2421875,405.7021484375,151.99609375
4434,2243,15,0.7705078125,378.625,94.201171875,399.55859375,111.94921875
4435,2243,15,0.75048828125,323.560546875,110.583984375,344.494140625,128.5595703125
4436,2243,15,0.003223419189453125,460.994140625,83.0517578125,466.0,108.5361328125
4437,2245,10,0.888671875,430.6640625,120.60546875,449.21875,136.23046875
4438,2245,9,0.875,365.966796875,86.42578125,380.615234375,101.07421875
4439,2245,10,0.8623046875,319.3359375,121.09375,337.40234375,136.71875
4440,2245,17,0.85400390625,391.11328125,123.291015625,404.78515625,136.962890625
4441,2245,11,0.84375,354.4921875,57.861328125,367.67578125,71.533203125
4442,2245,17,0.84375,360.83984375,126.46484375,375.48828125,141.11328125
4443,2245,9,0.80322265625,416.50390625,84.228515625,435.05859375,98.876953125
4444,2249,11,0.054412841796875,334.703125,85.61328125,361.828125,108.62109375
4445,2249,4,0.0082855224609375,203.4375,140.953125,229.3515625,157.90625
4446,2249,4,0.0025310516357421875,203.55859375,138.53125,241.33984375,157.90625
4447,2249,1,0.001674652099609375,228.625,75.8046875,253.328125,96.6328125
4448,2249,0,0.0015974044799804688,228.3828125,75.5625,253.5703125,96.390625
4449,2254,15,0.85888671875,324.2421875,84.60546875,353.546875,113.4375
4450,2254,15,0.85595703125,406.95703125,110.837890625,434.37109375,138.251953125
4451,2254,15,0.796875,400.103515625,69.716796875,422.791015625,90.041015625
4452,2261,10,0.88818359375,162.265625,193.0234375,180.1875,208.5234375
4453,2261,10,0.87255859375,51.888671875,197.140625,70.11328125,212.640625
4454,2261,9,0.8671875,100.38671875,161.5390625,114.67578125,176.0703125
4455,2261,9,0.861328125,149.671875,158.390625,167.3515625,172.921875
4456,2261,17,0.85498046875,94.453125,201.5,108.2578125,216.03125
4457,2261,17,0.85009765625,123.818359375,197.140625,137.8046875,210.703125
4458,2261,11,0.83349609375,89.3671875,134.171875,102.4453125,146.765625
4459,2261,11,0.04400634765625,150.15625,100.75,173.890625,112.375
4460,2270,5,0.8798828125,0.349365234375,8.61767578125,84.197021484375,90.60205078125
4461,2270,5,0.63720703125,381.041015625,1.16455078125,474.205078125,51.47314453125
4462,2270,5,0.42822265625,61.25537109375,1.3974609375,438.56982421875,171.65478515625
4463,2270,5,0.36669921875,187.259765625,11.87841796875,457.435546875,174.44970703125
4464,2270,5,0.2493896484375,230.5810546875,0.69873046875,327.005859375,20.0302734375
4465,2270,5,0.05419921875,225.9228515625,1.048095703125,286.013671875,18.283447265625
4466,2270,5,0.0247039794921875,160.47509765625,3.7265625,243.85693359375,26.5517578125
4467,2270,5,0.0232391357421875,76.39453125,0.69873046875,329.3349609375,213.8115234375
4468,2270,5,0.0210418701171875,83.84765625,66.030029296875,375.451171875,171.421875
4469,2270,5,0.01029205322265625,248.98095703125,0.4658203125,360.31201171875,20.9619140625
4470,2270,5,0.004756927490234375,227.7861328125,0.69873046875,336.322265625,38.89599609375
4471,2270,5,0.004573822021484375,469.546875,18.6328125,477.0,52.171875
4472,2270,5,0.0027790069580078125,147.6650390625,4.1923828125,260.16064453125,36.7998046875
4473,2270,5,0.0025501251220703125,162.10546875,1.86328125,200.302734375,27.4833984375
4474,2270,5,0.00206756591796875,282.52001953125,2.3291015625,400.83837890625,60.556640625
4475,2270,5,0.001941680908203125,463.025390625,8.268310546875,477.0,55.549072265625
4476,2270,5,0.0015611648559570312,465.3544921875,20.72900390625,477.0,53.5693359375
4477,2270,5,0.0013942718505859375,101.548828125,2.09619140625,182.36865234375,35.16943359375
4478,2270,5,0.0013885498046875,117.38671875,1.281005859375,170.9560546875,26.901123046875
4479,2270,5,0.001220703125,222.42919921875,0.69873046875,264.81884765625,15.60498046875
4480,2270,5,0.0012159347534179688,184.69775390625,2.09619140625,279.25927734375,30.51123046875
4481,2270,5,0.0010080337524414062,1.2227783203125,2.3291015625,82.0426025390625,54.966796875
4482,2278,15,0.9091796875,264.3671875,171.9833984375,291.3828125,200.9287109375
4483,2282,17,0.892578125,291.50390625,177.24609375,307.12890625,192.87109375
4484,2282,10,0.89013671875,295.8984375,140.869140625,312.5,157.470703125
4485,2282,9,0.89013671875,342.041015625,189.453125,363.037109375,206.0546875
4486,2282,10,0.88818359375,249.51171875,214.84375,269.53125,232.91015625
4487,2282,11,0.87744140625,395.99609375,200.1953125,419.43359375,216.30859375
4488,2282,17,0.87060546875,275.634765625,193.115234375,291.748046875,209.716796875
4489,2282,9,0.8310546875,321.533203125,221.6796875,341.064453125,243.1640625
4490,2283,7,0.85986328125,285.673828125,160.0634765625,321.083984375,191.6455078125
4491,2283,7,0.81298828125,397.8857421875,161.259765625,435.2099609375,190.927734375
4492,2290,10,0.8759765625,463.640625,107.296875,480.375,120.5859375
4493,2290,17,0.86083984375,393.99609375,103.60546875,406.79296875,116.40234375
4494,2290,10,0.85986328125,364.21875,95.73046875,379.96875,109.51171875
4495,2290,11,0.85888671875,398.1796875,150.1171875,411.9609375,164.8828125
4496,2290,9,0.84912109375,360.28125,121.5703125,378.984375,134.859375
4497,2290,9,0.73583984375,409.0078125,130.4296875,422.7890625,144.2109375
4498,2290,17,0.505859375,423.28125,112.95703125,436.078125,124.76953125
4499,2291,5,0.73095703125,473.19091796875,151.89453125,488.47900390625,163.2373046875
4500,2291,5,0.006290435791015625,455.43701171875,190.8544921875,477.62939453125,201.7041015625
4501,2291,5,0.00208282470703125,463.0810546875,189.8681640625,478.8623046875,199.7314453125
4502,2291,5,0.00206756591796875,0.0,65.5908203125,32.94952392578125,82.60498046875
4503,2291,5,0.001674652099609375,40.809326171875,92.098388671875,74.837646484375,114.290771484375
4504,2291,5,0.00127410888671875,455.43701171875,193.8134765625,468.75244140625,202.6904296875
4505,2291,5,0.0011968612670898438,0.0,93.45458984375,28.125762939453125,109.72900390625
4506,2291,5,0.0011882781982421875,0.0,114.4140625,25.9527587890625,130.1953125
4507,2291,5,0.0010862350463867188,180.867919921875,174.580078125,199.854736328125,184.9365234375
4508,2291,5,0.0010814666748046875,0.33905029296875,63.86474609375,31.22344970703125,75.70068359375
4509,2295,7,0.83642578125,34.0638427734375,150.28515625,69.8516845703125,182.625
4510,2295,7,0.830078125,146.48046875,165.50390625,184.28955078125,194.0390625
4511,2299,13,0.900390625,260.1484375,82.26708984375,295.5791015625,116.9697265625
4512,2299,0,0.89990234375,344.599609375,130.80224609375,384.3984375,169.63037109375
4513,2299,12,0.89892578125,393.134765625,74.622802734375,431.962890625,110.296142578125
4514,2299,3,0.8984375,340.2314453125,0.970703125,411.0927734375,55.330078125
4515,2299,1,0.89111328125,262.08984375,4.246826171875,298.4912109375,41.376220703125
4516,2299,4,0.88232421875,179.0947265625,146.576171875,261.119140625,206.759765625
4517,2299,3,0.87841796875,87.969970703125,1.4560546875,135.291748046875,82.9951171875
4518,2299,12,0.8671875,76.92822265625,148.27490234375,116.9697265625,186.13232421875
4519,2299,0,0.85986328125,155.06982421875,62.125,191.95654296875,99.4970703125
4520,2300,2,0.888671875,370.50439453125,39.503173828125,414.37060546875,71.813232421875
4521,2300,2,0.88623046875,244.8017578125,58.25244140625,280.6494140625,99.76025390625
4522,2300,17,0.8017578125,352.58056640625,137.73046875,376.16455078125,159.427734375
4523,2301,15,0.87890625,50.9381103515625,161.455078125,71.9659423828125,179.82421875
4524,2303,14,0.82080078125,46.43310546875,102.755859375,76.041748046875,180.42578125
4525,2303,8,0.76611328125,238.19580078125,136.525390625,333.8359375,193.451171875
4526,2303,14,0.7138671875,414.8828125,59.0966796875,440.93359375,107.09765625
4527,2303,14,0.7041015625,174.63671875,67.056640625,233.4921875,192.486328125
4528,2303,14,0.64599609375,153.04833984375,91.66015625,174.03369140625,151.962890625
4529,2303,14,0.42431640625,94.91650390625,86.8359375,136.88720703125,195.380859375
4530,2303,14,0.418701171875,0.060302734375,91.9013671875,8.261474609375,188.3857421875
4531,2303,14,0.294921875,258.3369140625,98.1728515625,286.7998046875,131.4599609375
4532,2303,14,0.050140380859375,0.01507568359375,111.1982421875,5.314178466796875,186.9384765625
4533,2303,15,0.035003662109375,46.0712890625,171.259765625,60.66455078125,186.697265625
4534,2303,14,0.0323486328125,315.986328125,59.5791015625,339.142578125,99.6201171875
4535,2303,14,0.0282135009765625,0.0,97.44921875,15.81439208984375,188.626953125
4536,2303,14,0.0222015380859375,70.43359375,99.37890625,89.73046875,143.76171875
4537,2303,14,0.017913818359375,0.0037689208984375,97.2080078125,6.5843048095703125,170.0537109375
4538,2303,14,0.01467132568359375,446.72265625,54.513671875,464.08984375,89.73046875
4539,2303,14,0.005001068115234375,0.0,127.23876953125,8.84942626953125,187.1796875
4540,2303,14,0.004924774169921875,257.130859375,97.931640625,290.900390625,145.69140625
4541,2303,8,0.001995086669921875,138.2138671875,110.83642578125,176.3251953125,155.33984375
4542,2303,14,0.0015735626220703125,0.0,148.103515625,4.68853759765625,187.1796875
4543,2303,14,0.0012645721435546875,0.0339202880859375,103.4794921875,5.1973419189453125,152.927734375
4544,2303,15,0.001094818115234375,416.330078125,135.078125,429.837890625,148.103515625
4545,2303,14,0.0010814666748046875,0.01507568359375,96.36376953125,10.7640380859375,165.953125
4546,2303,14,0.0010728836059570312,61.5992431640625,98.29345703125,96.12255859375,179.4609375
4547,2313,2,0.83203125,51.884765625,194.69140625,83.015625,226.31640625
4548,2313,2,0.09808349609375,80.05078125,166.525390625,99.0751953125,191.232421875
4549,2313,2,0.0069580078125,500.564453125,208.033203125,506.0,231.2578125
4550,2313,2,0.004680633544921875,43.916748046875,234.716796875,70.53857421875,250.529296875
4551,2313,2,0.00428009033203125,424.9609375,238.669921875,440.7734375,251.0
4552,2313,2,0.0022335052490234375,0.007720947265625,166.03125,4.825592041015625,210.50390625
4553,2313,2,0.0017681121826171875,0.01544189453125,149.23046875,4.6943359375,174.431640625
4554,2313,2,0.001674652099609375,0.0,202.59765625,7.960296630859375,237.1875
4555,2313,2,0.0015125274658203125,0.0,195.185546875,6.8253173828125,227.798828125
4556,2313,2,0.0014553070068359375,494.140625,242.12890625,506.0,251.0
4557,2313,2,0.00128936767578125,0.0,187.279296875,5.5783843994140625,215.939453125
4558,2314,2,0.88818359375,365.396484375,77.48583984375,389.162109375,102.24169921875
4559,2314,2,0.85791015625,378.51708984375,32.553955078125,396.83642578125,56.319580078125
4560,2314,2,0.85595703125,286.177734375,10.3974609375,304.001953125,30.94482421875
4561,2314,2,0.8427734375,248.425048828125,49.0166015625,272.314453125,68.326171875
4562,2314,17,0.0011968612670898438,286.177734375,10.3974609375,304.001953125,30.44970703125
4563,2318,3,0.8740234375,290.625,73.625,331.3125,102.6875
4564,2318,3,0.8623046875,348.75,61.7578125,401.0625,85.0078125
4565,2318,4,0.85693359375,216.03125,57.76171875,272.703125,84.88671875
4566,2318,0,0.85595703125,324.2890625,20.34375,352.8671875,51.34375
4567,2318,1,0.84814453125,379.9921875,33.6640625,406.1484375,58.8515625
4568,2318,13,0.8291015625,275.609375,20.70703125,302.25,48.80078125
4569,2319,2,0.830078125,160.41259765625,56.65283203125,176.3916015625,74.49951171875
4570,2319,2,0.8154296875,209.490966796875,85.186767578125,226.1962890625,104.278564453125
4571,2319,2,0.21728515625,119.53125,35.797119140625,137.58544921875,51.776123046875
4572,2319,9,0.093994140625,119.1162109375,35.90087890625,137.3779296875,51.67236328125
4573,2321,9,0.87646484375,367.123046875,134.11328125,383.525390625,149.068359375
4574,2321,10,0.865234375,281.251953125,134.595703125,298.619140625,149.068359375
4575,2321,11,0.86328125,403.0634765625,150.998046875,421.8779296875,166.435546875
4576,2321,9,0.85693359375,330.7001953125,152.4453125,348.5498046875,169.330078125
4577,2321,10,0.85205078125,355.0625,90.4541015625,370.5,104.685546875
4578,2321,17,0.84912109375,336.248046875,116.5048828125,349.755859375,130.0126953125
4579,2321,17,0.84375,312.609375,124.2236328125,326.1171875,137.7314453125
4580,2328,2,0.6318359375,170.72021484375,37.128662109375,187.91162109375,55.752685546875
4581,2328,17,0.375732421875,281.748046875,21.847412109375,297.5068359375,38.561279296875
4582,2328,17,0.0018177032470703125,169.76513671875,36.53173828125,187.1953125,55.39453125
4583,2333,14,0.80078125,68.1617431640625,80.16162109375,124.4454345703125,196.14013671875
4584,2333,8,0.796875,0.0,124.75,37.67474365234375,179.8154296875
4585,2333,14,0.7138671875,387.89453125,62.61865234375,417.1328125,132.30322265625
4586,2333,14,0.69287109375,418.107421875,61.15673828125,450.26953125,139.61279296875
4587,2333,14,0.69091796875,123.166259765625,89.90771484375,156.059326171875,172.26220703125
4588,2333,14,0.054595947265625,356.46337890625,75.28857421875,385.70166015625,113.29833984375
4589,2333,8,0.02288818359375,125.2373046875,101.359375,151.064453125,153.98828125
4590,2333,8,0.0227203369140625,356.70703125,75.5322265625,384.970703125,112.5673828125
4591,2333,8,0.0174407958984375,477.55859375,88.44580078125,499.0,136.4453125
4592,2333,8,0.01554107666015625,69.075439453125,110.86181640625,118.536865234375,154.23193359375
4593,2333,14,0.013275146484375,128.1611328125,122.55712890625,154.71923828125,171.28759765625
4594,2333,8,0.010650634765625,393.7421875,52.38525390625,453.193359375,137.66357421875
4595,2333,8,0.010009765625,83.938232421875,113.663818359375,119.755126953125,151.5517578125
4596,2333,8,0.00955963134765625,123.53173828125,85.03466796875,171.53125,171.28759765625
4597,2333,8,0.006641387939453125,81.3189697265625,84.06005859375,171.0439453125,174.21142578125
4598,2333,14,0.0057525634765625,427.853515625,94.78076171875,448.3203125,136.20166015625
4599,2333,14,0.004451751708984375,478.0458984375,81.62353515625,498.5126953125,127.43017578125
4600,2333,14,0.00443267822265625,240.48486328125,97.4609375,259.48974609375,123.775390625
4601,2333,8,0.0029010772705078125,471.7109375,82.59814453125,498.025390625,119.63330078125
4602,2333,8,0.0027675628662109375,0.0,146.92236328125,27.25860595703125,180.54638671875
4603,2333,14,0.002620697021484375,0.0,125.359130859375,17.893218994140625,187.6123046875
4604,2333,14,0.0023059844970703125,416.158203125,68.95361328125,444.9091796875,118.65869140625
4605,2333,8,0.0022869110107421875,413.7216796875,39.958984375,499.0,177.37890625
4606,2333,14,0.0021152496337890625,494.126953125,83.57275390625,499.0,141.318359375
4607,2333,14,0.0016107559204101562,418.5947265625,59.451171875,441.0107421875,96.24267578125
4608,2333,8,0.0015668869018554688,0.0,121.58251953125,23.2078857421875,184.93212890625
4609,2333,8,0.0015249252319335938,399.1025390625,20.22314453125,460.5029296875,140.10009765625
4610,2333,8,0.0015010833740234375,405.4375,67.00439453125,423.4677734375,103.30859375
4611,2333,8,0.00147247314453125,475.609375,64.08056640625,499.0,222.45458984375
4612,2333,8,0.0013990402221679688,478.533203125,100.8720703125,499.0,155.4501953125
4613,2333,8,0.0013990402221679688,473.66015625,124.50634765625,499.0,222.94189453125
4614,2333,14,0.0012645721435546875,490.228515625,85.03466796875,499.0,138.63818359375
4615,2333,14,0.0012063980102539062,121.6434326171875,88.2021484375,181.52099609375,170.556640625
4616,2333,14,0.001178741455078125,0.0,97.21728515625,20.9541015625,158.61767578125
4617,2333,14,0.0011739730834960938,0.0,99.41015625,9.936447143554688,163.734375
4618,2333,8,0.0011339187622070312,350.859375,54.82177734375,429.802734375,134.73974609375
4619,2333,14,0.001129150390625,0.0,124.75,10.256240844726562,186.150390625
4620,2336,8,0.8447265625,255.9140625,88.283203125,362.6640625,200.6328125
4621,2336,16,0.81298828125,2.65087890625,110.32421875,25.64501953125,139.87109375
4622,2336,16,0.79931640625,26.091796875,111.0390625,48.9072265625,138.6796875
4623,2336,14,0.7880859375,326.921875,58.6171875,363.140625,97.6953125
4624,2336,14,0.75048828125,263.5390625,45.2734375,329.3046875,107.2265625
4625,2336,16,0.68408203125,48.609375,108.89453125,70.53125,137.25
4626,2336,16,0.56982421875,69.33984375,107.703125,89.59375,132.9609375
4627,2336,16,0.455078125,89.474609375,105.796875,109.013671875,131.0546875
4628,2336,8,0.2330322265625,320.25,75.7734375,362.1875,149.1640625
4629,2336,16,0.219970703125,107.94140625,105.08203125,124.263671875,128.91015625
4630,2336,16,0.07806396484375,136.7734375,104.60546875,151.0703125,124.62109375
4631,2336,16,0.07781982421875,121.880859375,105.08203125,137.607421875,127.2421875
4632,2336,16,0.060760498046875,162.03125,102.69921875,175.13671875,121.76171875
4633,2336,16,0.050506591796875,175.017578125,101.984375,186.455078125,120.09375
4634,2336,5,0.04010009765625,374.1015625,81.96875,387.4453125,100.078125
4635,2336,16,0.037750244140625,149.640625,102.69921875,162.03125,122.953125
4636,2336,16,0.03125,185.859375,101.03125,196.34375,119.140625
4637,2336,16,0.0253753662109375,205.16015625,99.83984375,215.64453125,116.04296875
4638,2336,16,0.0235137939453125,0.005584716796875,111.75390625,3.4029541015625,146.06640625
4639,2336,16,0.0216217041015625,195.390625,100.078125,206.11328125,117.47265625
4640,2336,16,0.00963592529296875,109.4306640625,104.84375,137.01171875,128.1953125
4641,2336,16,0.005512237548828125,0.729736328125,110.0859375,18.109375,142.96875
4642,2336,16,0.005260467529296875,89.951171875,105.3203125,122.833984375,129.86328125
4643,2336,16,0.00482940673828125,187.05078125,100.79296875,206.11328125,118.42578125
4644,2336,16,0.0043487548828125,214.69140625,98.6484375,223.26953125,114.8515625
4645,2336,16,0.00391387939453125,0.04095458984375,128.91015625,5.42462158203125,157.02734375
4646,2336,8,0.0036792755126953125,320.25,93.64453125,354.5625,139.87109375
4647,2336,8,0.00345611572265625,327.16015625,116.51953125,351.46484375,147.49609375
4648,2336,16,0.0033893585205078125,212.0703125,99.244140625,221.125,115.208984375
4649,2336,16,0.0028781890869140625,179.42578125,100.673828125,196.58203125,119.498046875
4650,2336,16,0.00266265869140625,221.6015625,98.291015625,230.65625,114.255859375
4651,2336,8,0.00254058837890625,326.921875,76.7265625,363.140625,102.9375
4652,2336,16,0.0024623870849609375,228.98828125,98.6484375,238.99609375,113.8984375
4653,2336,16,0.0020351409912109375,150.35546875,102.9375,171.80078125,122.4765625
4654,2336,16,0.001987457275390625,6.76123046875,110.205078125,47.1201171875,139.6328125
4655,2336,10,0.0017414093017578125,48.4306640625,109.1328125,70.53125,136.296875
4656,2336,10,0.0017414093017578125,25.749267578125,110.5625,48.37109375,138.203125
4657,2336,16,0.0011968612670898438,28.697998046875,110.0859375,68.1484375,137.7265625
4658,2341,13,0.888671875,273.4609375,153.099609375,311.9765625,190.65234375
4659,2341,12,0.88720703125,128.30517578125,114.1025390625,162.48779296875,147.322265625
4660,2341,3,0.88427734375,393.3408203125,148.7666015625,458.8173828125,214.2431640625
4661,2341,4,0.8818359375,179.5791015625,159.3583984375,218.81689453125,220.9833984375
4662,2341,0,0.87158203125,277.3125,214.724609375,323.53125,250.3515625
4663,2341,1,0.87060546875,338.9375,112.537841796875,377.453125,151.173828125
4664,2341,3,0.84716796875,210.993408203125,65.356201171875,285.978515625,102.186767578125
4665,2341,0,0.81396484375,230.6123046875,103.029296875,267.2021484375,137.693359375
4666,2341,12,0.74609375,79.077392578125,193.30029296875,120.12060546875,232.29736328125
4667,2341,12,0.005889892578125,230.6123046875,103.27001953125,267.2021484375,138.65625
4668,2341,11,0.00518035888671875,79.3782958984375,193.541015625,119.0975341796875,233.01953125
4669,2341,3,0.0026531219482421875,403.451171875,105.316162109375,460.7431640625,174.7646484375
4670,2341,17,0.0014896392822265625,79.4384765625,194.0224609375,119.15771484375,232.5380859375
4671,2347,14,0.85791015625,308.8125,47.65625,390.78125,244.953125
4672,2347,8,0.8388671875,203.73046875,93.40625,283.31640625,136.05859375
4673,2347,8,0.83203125,116.8173828125,101.5078125,184.4296875,148.6875
4674,2347,8,0.82763671875,74.701171875,102.4609375,106.630859375,142.4921875
4675,2347,8,0.82568359375,40.0908203125,100.79296875,85.4833984375,140.82421875
4676,2347,8,0.80419921875,95.908203125,105.3203125,128.91015625,145.828125
4677,2347,8,0.80322265625,16.6796875,101.74609375,50.873046875,137.96484375
4678,2347,8,0.71044921875,373.86328125,101.5078125,447.73046875,172.515625
4679,2347,14,0.3173828125,153.810546875,80.77734375,189.791015625,151.0703125
4680,2347,8,0.1339111328125,319.7734375,107.345703125,398.8828125,172.0390625
4681,2347,8,0.0184783935546875,149.521484375,96.50390625,187.646484375,146.06640625
4682,2347,8,0.0118255615234375,472.75,106.03515625,488.0,160.36328125
4683,2347,8,0.01090240478515625,315.9609375,91.0234375,392.2109375,136.7734375
4684,2347,8,0.00511932373046875,205.875,98.171875,244.953125,131.53125
4685,2347,14,0.004810333251953125,376.0078125,100.79296875,441.7734375,165.60546875
4686,2347,8,0.004451751708984375,466.078125,101.984375,488.0,173.9453125
4687,2347,8,0.004383087158203125,117.7109375,107.703125,142.96875,147.734375
4688,2347,8,0.00399017333984375,414.1328125,98.767578125,488.0,175.8515625
4689,2347,8,0.0028781890869140625,481.328125,111.0390625,488.0,153.453125
4690,2347,8,0.0027256011962890625,334.0703125,96.265625,386.4921875,138.44140625
4691,2347,8,0.00260162353515625,254.484375,96.265625,279.265625,130.33984375
4692,2347,14,0.0025310516357421875,159.171875,84.3515625,190.1484375,123.90625
4693,2347,8,0.0025119781494140625,235.064453125,94.8359375,278.7890625,131.0546875
4694,2347,8,0.001972198486328125,477.515625,112.587890625,488.0,149.640625
4695,2347,14,0.001941680908203125,154.8828125,85.3046875,187.2890625,113.421875
4696,2347,14,0.0017137527465820312,125.8125,101.5078125,156.7890625,143.921875
4697,2347,7,0.0012998580932617188,471.796875,225.65234375,488.0,243.76171875
4698,2347,8,0.001255035400390625,383.6328125,103.65234375,435.1015625,158.45703125
4699,2347,14,0.0011339187622070312,162.74609375,77.083984375,227.55859375,222.078125
4700,2347,8,0.001129150390625,449.16015625,96.265625,487.76171875,176.8046875
4701,2347,5,0.0010118484497070312,432.95703125,114.61328125,460.12109375,131.76953125
4702,2354,3,0.89892578125,277.068359375,125.263671875,335.111328125,182.810546875
4703,2354,3,0.88720703125,170.7802734375,118.0703125,216.1728515625,175.6171875
4704,2354,4,0.87841796875,391.9140625,130.224609375,444.5,192.732421875
4705,2358,2,0.8974609375,239.157958984375,187.52294921875,263.3505859375,221.70556640625
4706,2371,14,0.83740234375,91.44873046875,90.01611328125,117.9521484375,144.93310546875
4707,2371,5,0.640625,16.44525146484375,100.7607421875,40.1729736328125,118.9072265625
4708,2371,5,0.00307464599609375,49.2462158203125,100.641357421875,69.3028564453125,119.504150390625
4709,2371,5,0.002140045166015625,33.66650390625,98.8505859375,68.646240234375,119.8623046875
4710,2371,8,0.0017480850219726562,90.49365234375,94.552734375,117.474609375,142.306640625
4711,2371,5,0.0010080337524414062,409.2509765625,133.47216796875,428.3525390625,149.70849609375
4712,2388,8,0.7734375,258.296875,127.2421875,278.3125,154.8828125
4713,2388,8,0.74755859375,47.537109375,118.1875,143.087890625,242.5703125
4714,2388,14,0.69580078125,259.96484375,116.28125,276.64453125,133.9140625
4715,2388,14,0.615234375,69.935546875,86.734375,132.365234375,143.68359375
4716,2388,8,0.449462890625,287.12890625,105.796875,355.75390625,163.4609375
4717,2388,16,0.338134765625,0.0074462890625,137.96484375,7.9302978515625,160.36328125
4718,2388,16,0.299072265625,48.1328125,137.25,59.33203125,155.359375
4719,2388,16,0.2421875,34.8486328125,136.7734375,47.775390625,157.7421875
4720,2388,16,0.2254638671875,21.83251953125,137.7265625,35.6826171875,159.6484375
4721,2388,16,0.22265625,6.04638671875,137.7265625,20.745361328125,160.6015625
4722,2388,5,0.20947265625,284.03125,104.12890625,355.515625,163.22265625
4723,2388,14,0.169921875,281.171875,116.28125,294.9921875,141.5390625
4724,2388,8,0.034088134765625,74.939453125,143.4453125,139.990234375,247.0
4725,2388,16,0.026763916015625,162.03125,129.1484375,170.37109375,139.6328125
4726,2388,16,0.0089874267578125,0.0,140.5859375,6.2474365234375,181.09375
4727,2388,16,0.00809478759765625,0.00372314453125,137.7265625,3.96514892578125,162.03125
4728,2388,8,0.00634002685546875,281.171875,115.8046875,294.9921875,143.921875
4729,2388,16,0.005489349365234375,38.125,136.7734375,53.255859375,156.3125
4730,2388,8,0.00345611572265625,75.53515625,140.5859375,106.154296875,246.3828125
4731,2388,8,0.0030269622802734375,286.4140625,128.671875,355.9921875,163.9375
4732,2388,14,0.0027790069580078125,67.1953125,85.78125,135.8203125,209.2109375
4733,2388,8,0.00243377685546875,57.3662109375,141.5390625,105.3798828125,239.234375
4734,2388,8,0.0021648406982421875,74.10546875,121.046875,132.72265625,220.6484375
4735,2388,8,0.0015249252319335938,75.892578125,146.78125,105.916015625,210.640625
4736,2388,16,0.0012445449829101562,49.32421875,135.34375,61.8935546875,145.828125
4737,2388,16,0.0011339187622070312,66.71875,125.09765625,79.943359375,140.34765625
4738,2389,8,0.85986328125,230.89453125,105.439453125,268.06640625,167.2734375
4739,2389,16,0.77587890625,1.787109375,123.66796875,18.82421875,147.49609375
4740,2389,5,0.7490234375,274.9765625,109.37109375,292.1328125,126.52734375
4741,2389,14,0.71044921875,237.328125,90.30859375,266.3984375,118.90234375
4742,2389,16,0.509765625,17.84130859375,123.4296875,32.8232421875,145.828125
4743,2389,16,0.4091796875,32.16796875,123.4296875,46.8818359375,144.3984375
4744,2389,16,0.319091796875,58.498046875,122.0,71.9609375,142.015625
4745,2389,16,0.29345703125,45.9287109375,122.23828125,58.259765625,143.20703125
4746,2389,16,0.2493896484375,172.515625,116.28125,181.33203125,126.2890625
4747,2389,16,0.2337646484375,127.48046875,120.451171875,137.96484375,135.8203125
4748,2389,16,0.18359375,0.02978515625,124.14453125,3.0604248046875,147.01953125
4749,2389,16,0.158203125,112.111328125,120.689453125,120.689453125,137.7265625
4750,2389,16,0.1485595703125,119.85546875,120.33203125,128.43359375,136.53515625
4751,2389,16,0.1480712890625,102.341796875,120.80859375,112.9453125,137.96484375
4752,2389,16,0.1431884765625,71.126953125,121.28515625,83.279296875,140.82421875
4753,2389,16,0.1251220703125,92.810546875,119.85546875,103.056640625,138.91796875
4754,2389,16,0.0966796875,82.68359375,120.5703125,93.40625,139.6328125
4755,2389,16,0.07806396484375,134.509765625,114.375,144.994140625,124.3828125
4756,2389,16,0.046722412109375,114.375,119.974609375,122.71484375,136.296875
4757,2389,16,0.03802490234375,131.0546875,118.1875,141.5390625,130.578125
4758,2389,16,0.0285491943359375,104.60546875,120.451171875,116.51953125,137.7265625
4759,2389,5,0.023956298828125,289.98828125,107.94140625,299.99609375,131.29296875
4760,2389,16,0.0236053466796875,84.232421875,120.09375,102.69921875,139.15625
4761,2389,16,0.01358795166015625,132.24609375,117.7109375,143.68359375,126.765625
4762,2389,8,0.01061248779296875,289.98828125,105.55859375,300.94921875,132.24609375
4763,2389,16,0.0104522705078125,95.4912109375,120.5703125,112.0517578125,138.6796875
4764,2389,8,0.010406494140625,238.162109375,127.95703125,259.25,166.55859375
4765,2389,14,0.007488250732421875,233.515625,90.0703125,267.3515625,131.53125
4766,2389,16,0.001987457275390625,0.0,113.66015625,3.293121337890625,131.29296875
4767,2389,16,0.001956939697265625,172.0390625,117.353515625,181.80859375,130.578125
4768,2389,16,0.0014781951904296875,0.02606201171875,147.734375,5.28314208984375,171.5625
4769,2389,16,0.0013151168823242188,2.3828125,123.19140625,31.5126953125,147.01953125
4770,2389,16,0.0012845993041992188,0.027923583984375,154.40625,2.695556640625,171.5625
4771,2389,16,0.0012445449829101562,131.0546875,119.736328125,145.3515625,136.7734375
4772,2389,16,0.0011739730834960938,176.08984375,112.46875,190.625,125.3359375
4773,2389,14,0.0011119842529296875,483.234375,144.875,488.0,190.1484375
4774,2389,16,0.0010652542114257812,182.28515625,112.46875,188.48046875,120.33203125
4775,2389,16,0.001056671142578125,0.0,110.681640625,5.72247314453125,139.15625
4776,2395,15,0.91357421875,265.576171875,27.87353515625,301.943359375,63.04443359375
4777,2395,17,0.0066680908203125,456.025390625,112.451171875,475.166015625,131.11328125
4778,2395,7,0.001926422119140625,24.6435546875,0.2392578125,48.44970703125,16.5087890625
4779,2395,17,0.0016813278198242188,349.5556640625,149.296875,370.1318359375,166.5234375
4780,2399,7,0.82421875,79.0517578125,143.451171875,111.9013671875,169.447265625
4781,2399,7,0.81640625,217.658203125,108.23828125,243.181640625,134.234375
4782,2399,17,0.0255584716796875,59.820556640625,182.4453125,82.478515625,203.2421875
4783,2399,17,0.002368927001953125,162.12109375,179.609375,181.02734375,202.296875
4784,2400,15,0.88427734375,326.5732421875,198.1611328125,359.8310546875,230.4951171875
4785,2400,15,0.87060546875,429.1181640625,180.146484375,455.9091796875,208.78515625
4786,2400,15,0.83203125,350.5927734375,163.9794921875,370.9169921875,187.9990234375
4787,2401,7,0.880859375,274.009765625,68.619140625,302.017578125,99.89453125
4788,2401,2,0.8740234375,240.400390625,14.470703125,280.544921875,42.01171875
4789,2403,5,0.8623046875,177.490234375,155.76171875,308.837890625,207.03125
4790,2403,5,0.85986328125,327.1484375,152.34375,468.26171875,211.9140625
4791,2403,14,0.80419921875,72.57080078125,121.9482421875,115.17333984375,231.4453125
4792,2403,5,0.00399017333984375,490.234375,164.0625,500.0,208.0078125
4793,2403,5,0.00399017333984375,471.6796875,127.9296875,500.0,214.84375
4794,2403,14,0.0032482147216796875,486.81640625,157.2265625,500.0,255.37109375
4795,2403,5,0.003124237060546875,457.03125,143.5546875,500.0,211.9140625
4796,2403,5,0.00206756591796875,483.3984375,132.32421875,500.0,213.37890625
4797,2410,10,0.90869140625,238.69140625,89.01611328125,258.41796875,106.77001953125
4798,2410,9,0.90185546875,331.65283203125,67.81005859375,352.85888671875,84.08447265625
4799,2410,9,0.896484375,309.95361328125,98.38623046875,329.18701171875,119.59228515625
4800,2410,10,0.89404296875,288.74755859375,17.01416015625,305.02197265625,33.78173828125
4801,2410,17,0.865234375,282.33642578125,53.26171875,298.11767578125,68.5498046875
4802,2410,11,0.8642578125,385.1611328125,80.3857421875,408.33984375,96.1669921875
4803,2410,17,0.86083984375,265.8154296875,68.5498046875,282.08984375,84.82421875
4804,2423,12,0.90576171875,257.767578125,172.6376953125,297.716796875,204.0263671875
4805,2423,12,0.90380859375,193.80126953125,155.5166015625,229.47021484375,187.8564453125
4806,2423,12,0.89990234375,253.962890625,146.48046875,298.66796875,178.8203125
4807,2423,12,0.880859375,336.47705078125,143.86474609375,372.14599609375,176.68017578125
4808,2423,12,0.8740234375,318.1669921875,134.35302734375,354.3115234375,163.36376953125
4809,2423,14,0.280517578125,252.29833984375,1.4862060546875,446.33740234375,114.6162109375
4810,2423,12,0.1859130859375,178.3447265625,123.65234375,223.0498046875,159.3212890625
4811,2423,12,0.017913818359375,198.913818359375,150.28515625,223.406494140625,161.69921875
4812,2423,12,0.01406097412109375,265.13916015625,91.55029296875,290.82080078125,116.75634765625
4813,2423,12,0.0082855224609375,198.3193359375,153.6142578125,222.0986328125,163.1259765625
4814,2423,12,0.005199432373046875,173.82666015625,144.1025390625,192.85009765625,164.0771484375
4815,2423,12,0.00154876708984375,196.298095703125,154.08984375,216.748291015625,165.50390625
4816,2423,12,0.0010728836059570312,231.491455078125,138.15771484375,271.5595703125,160.51025390625
4817,2426,9,0.84814453125,193.83837890625,128.97802734375,218.59423828125,149.27783203125
4818,2426,17,0.830078125,109.17333984375,110.65869140625,129.96826171875,129.96826171875
4819,2426,9,0.435791015625,220.07958984375,77.7333984375,244.34033203125,97.5380859375
4820,2426,10,0.315673828125,346.58203125,81.6943359375,367.376953125,103.974609375
4821,2426,9,0.085693359375,346.82958984375,82.313232421875,367.12939453125,104.098388671875
4822,2426,8,0.0012063980102539062,372.328125,0.4951171875,393.123046875,11.8828125
4823,2427,2,0.884765625,189.283203125,156.943359375,224.23876953125,196.892578125
4824,2427,7,0.86962890625,257.2919921875,143.626953125,285.8271484375,171.2109375
4825,2433,5,0.7744140625,74.192138671875,123.04443359375,91.004150390625,137.66357421875
4826,2433,14,0.75341796875,347.4482421875,106.232421875,358.65625,138.8818359375
4827,2433,5,0.3173828125,19.03533935546875,126.45556640625,48.09088134765625,144.97314453125
4828,2433,5,0.1710205078125,9.65472412109375,125.724609375,41.45135498046875,143.267578125
4829,2433,5,0.1602783203125,59.9993896484375,123.53173828125,72.6693115234375,139.12548828125
4830,2433,5,0.1470947265625,8.893310546875,127.1865234375,29.7864990234375,142.7802734375
4831,2433,5,0.12249755859375,100.8720703125,121.3388671875,117.4404296875,135.9580078125
4832,2433,5,0.09844970703125,45.6239013671875,122.3134765625,72.9129638671875,138.8818359375
4833,2433,5,0.092041015625,4.2030029296875,130.59765625,26.95404052734375,144.2421875
4834,2433,14,0.055419921875,373.7626953125,103.06494140625,387.4072265625,135.22705078125
4835,2433,5,0.042388916015625,42.2127685546875,123.775390625,60.3648681640625,142.29296875
4836,2433,8,0.0330810546875,324.30126953125,115.00390625,336.48388671875,132.0595703125
4837,2433,5,0.0247039794921875,1.06597900390625,134.49609375,21.71551513671875,144.2421875
4838,2433,14,0.0165863037109375,124.50634765625,127.673828125,134.9833984375,148.140625
4839,2433,5,0.01233673095703125,12.03033447265625,125.2373046875,31.7357177734375,136.9326171875
4840,2433,5,0.00937652587890625,0.015228271484375,134.25244140625,19.73583984375,155.20654296875
4841,2433,14,0.00881195068359375,121.3388671875,120.3642578125,130.35400390625,136.9326171875
4842,2433,5,0.006145477294921875,0.0989837646484375,120.486083984375,11.931350708007812,135.9580078125
4843,2433,14,0.0059814453125,311.3876953125,111.714599609375,321.1337890625,130.1103515625
4844,2433,5,0.00572967529296875,46.9639892578125,123.04443359375,64.1414794921875,141.07470703125
4845,2433,5,0.005641937255859375,29.466705322265625,125.2373046875,51.1669921875,142.7802734375
4846,2433,14,0.005062103271484375,429.802734375,18.517578125,440.5234375,45.3193359375
4847,2433,5,0.004772186279296875,13.035400390625,124.75,44.8929443359375,137.419921875
4848,2433,5,0.004451751708984375,0.076141357421875,124.01904296875,26.299224853515625,140.58740234375
4849,2433,5,0.004299163818359375,240.363037109375,96.9736328125,267.5302734375,134.25244140625
4850,2433,14,0.0038852691650390625,124.99365234375,123.775390625,134.25244140625,140.34375
4851,2433,5,0.003376007080078125,0.88323974609375,123.2880859375,29.26873779296875,134.0087890625
4852,2433,5,0.002758026123046875,0.0228424072265625,123.04443359375,15.479537963867188,143.99853515625
4853,2433,5,0.00269317626953125,29.6646728515625,124.99365234375,61.5831298828125,145.94775390625
4854,2433,8,0.0024051666259765625,311.3876953125,112.445556640625,323.0830078125,130.1103515625
4855,2433,5,0.0022869110107421875,274.83984375,113.78564453125,284.0986328125,121.09521484375
4856,2433,5,0.0012159347534179688,0.0,135.9580078125,16.126739501953125,167.1455078125
4857,2433,14,0.0012063980102539062,119.876953125,118.65869140625,128.1611328125,135.22705078125
4858,2433,5,0.0011882781982421875,0.121826171875,120.8515625,17.040435791015625,132.546875
4859,2433,5,0.001129150390625,0.3045654296875,137.9072265625,23.497222900390625,150.5771484375
4860,2443,15,0.8408203125,397.482421875,101.0625,437.185546875,130.6142578125
4861,2443,15,0.8232421875,287.84765625,128.1328125,319.4296875,154.30078125
4862,2443,15,0.81982421875,305.89453125,57.5244140625,334.318359375,84.369140625
4863,2443,5,0.0012159347534179688,0.035247802734375,134.6748046875,9.17852783203125,149.5634765625
4864,2443,5,0.0011339187622070312,0.0105743408203125,142.3447265625,6.4679718017578125,159.9404296875
4865,2447,2,0.8017578125,159.03515625,92.3701171875,181.13671875,112.3095703125
4866,2447,2,0.69775390625,234.228515625,89.607421875,253.927734375,111.228515625
4867,2447,17,0.422607421875,314.2265625,89.126953125,333.4453125,110.267578125
4868,2447,17,0.1688232421875,234.228515625,89.607421875,253.927734375,111.228515625
4869,2447,2,0.12335205078125,314.466796875,89.126953125,333.685546875,110.267578125
4870,2447,17,0.006290435791015625,159.515625,92.25,180.896484375,111.94921875
4871,2460,15,0.86865234375,329.345703125,167.68798828125,352.5390625,191.34521484375
4872,2460,6,0.83984375,203.173828125,170.703125,275.537109375,205.95703125
4873,2477,2,0.89501953125,90.0107421875,25.615234375,120.0341796875,64.931640625
4874,2477,7,0.86865234375,133.4375,78.15625,167.2734375,108.65625
4875,2478,8,0.91064453125,396.322265625,97.23291015625,461.9140625,176.68212890625
4876,2478,8,0.8955078125,314.79443359375,105.662841796875,391.01025390625,185.2275390625
4877,2478,8,0.884765625,250.58837890625,125.40966796875,320.33740234375,190.53955078125
4878,2478,8,0.82080078125,161.669921875,169.060546875,275.30078125,234.65234375
4879,2478,14,0.716796875,152.66259765625,141.57666015625,164.44140625,169.29150390625
4880,2478,8,0.71240234375,350.5927734375,95.38525390625,430.0419921875,180.83935546875
4881,2478,14,0.66015625,164.9033203125,141.345703125,175.29638671875,169.5224609375
4882,2478,5,0.0169219970703125,465.609375,104.62353515625,473.0,138.34326171875
4883,2478,14,0.011962890625,156.81982421875,140.8837890625,173.91064453125,169.060546875
4884,2478,8,0.01056671142578125,349.89990234375,101.62109375,391.01025390625,181.5322265625
4885,2478,8,0.01024627685546875,463.2998046875,101.505615234375,473.0,147.8125
4886,2478,8,0.00864410400390625,388.931640625,96.77099609375,428.1943359375,179.91552734375
4887,2478,8,0.005664825439453125,466.533203125,113.39990234375,473.0,148.04345703125
4888,2478,8,0.003795623779296875,460.06640625,114.5546875,473.0,148.736328125
4889,2478,8,0.0036640167236328125,455.9091796875,100.2353515625,473.0,145.96484375
4890,2478,8,0.00327301025390625,442.9755859375,103.46875,471.6142578125,155.6650390625
4891,2478,5,0.0030517578125,0.0,146.888671875,14.69464111328125,168.5986328125
4892,2478,8,0.0021820068359375,401.4033203125,119.289306640625,442.0517578125,162.59375
4893,2478,8,0.0011243820190429688,400.017578125,145.96484375,428.1943359375,180.146484375
4894,2478,8,0.0010652542114257812,396.322265625,113.053466796875,430.50390625,162.1318359375
4895,2484,9,0.9189453125,116.6982421875,179.90234375,158.6953125,211.35546875
4896,2484,11,0.884765625,249.2421875,122.953125,283.5546875,149.1640625
4897,2484,11,0.88330078125,93.763671875,113.18359375,122.357421875,139.6328125
4898,2484,11,0.8388671875,187.2890625,112.70703125,217.55078125,141.77734375
4899,2484,11,0.5830078125,177.28125,136.05859375,210.87890625,166.55859375
4900,2484,10,0.55078125,212.30859375,157.50390625,244.0,188.48046875
4901,2484,9,0.48046875,177.28125,135.34375,211.1171875,166.796875
4902,2484,9,0.447509765625,211.1171875,157.7421875,243.5234375,188.2421875
4903,2484,9,0.0015974044799804688,430.3359375,142.015625,488.0,179.1875
4904,2491,2,0.8388671875,234.951171875,118.193359375,246.435546875,134.462890625
4905,2491,2,0.83203125,223.34716796875,146.42578125,236.02783203125,164.130859375
4906,2491,2,0.82421875,273.232421875,130.15625,284.23828125,147.3828125
4907,2491,2,0.8115234375,178.96484375,125.37109375,191.884765625,141.640625
4908,2493,15,0.82421875,276.3671875,160.64453125,333.984375,221.19140625
4909,2493,14,0.033203125,307.6171875,1.03759765625,500.0,161.1328125
4910,2493,14,0.0108184814453125,302.734375,1.708984375,500.0,253.173828125
4911,2493,15,0.0025119781494140625,291.9921875,145.99609375,321.2890625,173.33984375
4912,2493,15,0.0019044876098632812,281.25,150.87890625,321.77734375,181.15234375
4913,2493,15,0.0014667510986328125,186.5234375,121.826171875,205.078125,147.705078125
4914,2498,17,0.861328125,341.501953125,135.03515625,359.6044921875,152.6484375
4915,2498,17,0.85791015625,354.22265625,110.81689453125,371.8359375,128.43017578125
4916,2498,7,0.85498046875,368.4111328125,95.89453125,398.7451171875,119.37890625
4917,2498,7,0.85302734375,302.361328125,93.9375,332.6953125,117.9111328125
4918,2498,17,0.0066680908203125,340.5234375,187.875,361.072265625,208.423828125
4919,2498,17,0.0018100738525390625,5.87109375,58.588623046875,22.04718017578125,77.669677734375
4920,2498,10,0.0016107559204101562,340.5234375,187.875,361.072265625,208.423828125
4921,2505,0,0.89404296875,103.1258544921875,131.0849609375,147.89697265625,176.8916015625
4922,2505,1,0.78515625,166.41455078125,75.77587890625,209.78466796875,119.63330078125
4923,2505,13,0.064208984375,166.41455078125,76.385009765625,209.78466796875,118.536865234375
4924,2505,0,0.005687713623046875,166.658203125,76.01953125,209.541015625,118.4150390625
4925,2505,6,0.003124237060546875,473.66015625,164.708984375,499.0,196.87109375
4926,2507,5,0.830078125,224.40380859375,145.216796875,272.15966796875,178.353515625
4927,2507,5,0.7578125,133.0341796875,145.216796875,167.1455078125,174.455078125
4928,2507,5,0.66357421875,305.78369140625,149.6025390625,324.30126953125,165.1962890625
4929,2507,5,0.63330078125,462.69580078125,146.43505859375,476.34033203125,159.10498046875
4930,2507,5,0.56201171875,37.5833740234375,145.7041015625,100.6893310546875,169.0947265625
4931,2507,5,0.517578125,77.96875,142.53662109375,105.379638671875,159.10498046875
4932,2507,14,0.4921875,329.41796875,150.33349609375,342.087890625,173.23681640625
4933,2507,5,0.447509765625,486.330078125,149.115234375,499.0,165.68359375
4934,2507,5,0.420654296875,483.40625,146.43505859375,499.0,162.51611328125
4935,2507,8,0.390380859375,0.5482177734375,158.13037109375,25.85760498046875,184.44482421875
4936,2507,5,0.381103515625,62.496826171875,144.7294921875,101.359375,169.0947265625
4937,2507,5,0.315673828125,484.380859375,147.40966796875,499.0,172.26220703125
4938,2507,5,0.282958984375,489.25390625,150.5771484375,499.0,175.9169921875
4939,2507,5,0.25537109375,442.9599609375,140.10009765625,455.6298828125,152.28271484375
4940,2507,8,0.1431884765625,0.03045654296875,154.962890625,12.2435302734375,176.404296875
4941,2507,5,0.10894775390625,459.041015625,146.92236328125,466.837890625,157.15576171875
4942,2507,5,0.09637451171875,280.2001953125,146.43505859375,295.7939453125,164.95263671875
4943,2507,8,0.04486083984375,489.25390625,151.5517578125,499.0,176.8916015625
4944,2507,14,0.04052734375,0.0532989501953125,154.4755859375,10.043045043945312,175.9169921875
4945,2507,5,0.03875732421875,0.0,139.8564453125,10.012588500976562,160.3232421875
4946,2507,5,0.035675048828125,475.36572265625,147.6533203125,484.62451171875,157.3994140625
4947,2507,8,0.030792236328125,381.31591796875,151.30810546875,392.03662109375,161.54150390625
4948,2507,5,0.0247039794921875,36.7305908203125,146.6787109375,75.654052734375,169.0947265625
4949,2507,5,0.021209716796875,103.7958984375,142.29296875,124.871826171875,159.8359375
4950,2507,8,0.0203399658203125,13.00494384765625,153.98828125,33.41082763671875,174.455078125
4951,2507,5,0.0196380615234375,162.637939453125,152.0390625,183.592041015625,172.0185546875
4952,2507,5,0.015838623046875,117.805908203125,144.2421875,135.836181640625,159.8359375
4953,2507,5,0.0139007568359375,0.0,148.6279296875,12.27398681640625,169.58203125
4954,2507,5,0.0119171142578125,449.7822265625,143.51123046875,461.4775390625,155.20654296875
4955,2507,5,0.0112457275390625,0.0,134.0087890625,13.043014526367188,156.4248046875
4956,2507,5,0.01036834716796875,0.0,137.9072265625,18.0911865234375,159.3486328125
4957,2507,5,0.01009368896484375,321.86474609375,146.19140625,334.04736328125,158.861328125
4958,2507,5,0.00905609130859375,434.1884765625,145.216796875,444.9091796875,153.98828125
4959,2507,5,0.0087432861328125,13.67498779296875,153.5009765625,34.62908935546875,173.9677734375
4960,2507,8,0.007549285888671875,7.964385986328125,165.1962890625,25.172332763671875,184.6884765625
4961,2507,8,0.0074615478515625,0.0076141357421875,155.9375,6.1293792724609375,179.328125
4962,2507,5,0.0066680908203125,432.2392578125,142.7802734375,445.8837890625,155.4501953125
4963,2507,14,0.006511688232421875,327.9560546875,148.6279296875,340.6259765625,167.1455078125
4964,2507,5,0.006439208984375,176.404296875,147.166015625,229.5205078125,179.328125
4965,2507,8,0.006412506103515625,395.93505859375,151.064453125,402.75732421875,159.8359375
4966,2507,8,0.0055999755859375,373.51904296875,150.82080078125,386.67626953125,163.97802734375
4967,2507,5,0.005512237548828125,0.0,134.73974609375,20.7713623046875,153.74462890625
4968,2507,5,0.00455474853515625,0.0,128.1611328125,10.004974365234375,150.5771484375
4969,2507,5,0.00455474853515625,324.78857421875,145.7041015625,336.48388671875,158.3740234375
4970,2507,14,0.004299163818359375,3.07611083984375,154.962890625,19.781524658203125,175.4296875
4971,2507,8,0.004024505615234375,2.071044921875,156.66845703125,17.87799072265625,177.13525390625
4972,2507,8,0.003795623779296875,118.049560546875,144.2421875,135.592529296875,160.3232421875
4973,2507,14,0.003780364990234375,13.0963134765625,154.23193359375,32.162109375,173.72412109375
4974,2507,5,0.0037078857421875,0.0,150.33349609375,19.720611572265625,173.23681640625
4975,2507,5,0.003635406494140625,454.6552734375,147.166015625,463.4267578125,157.3994140625
4976,2507,5,0.0035114288330078125,70.050048828125,143.7548828125,101.237548828125,161.2978515625
4977,2507,8,0.003429412841796875,391.79296875,150.82080078125,401.5390625,162.02880859375
4978,2507,8,0.0033893585205078125,0.0,158.3740234375,3.4073257446289062,184.6884765625
4979,2507,14,0.00323486328125,281.662109375,146.6787109375,296.28125,165.1962890625
4980,2507,14,0.0030155181884765625,259.24609375,155.4501953125,271.916015625,179.8154296875
4981,2507,5,0.002704620361328125,475.1220703125,147.6533203125,486.8173828125,161.78515625
4982,2507,5,0.00257110595703125,156.18115234375,145.216796875,182.49560546875,173.48046875
4983,2507,17,0.0025119781494140625,414.6962890625,47.634033203125,423.4677734375,58.111083984375
4984,2507,8,0.0024814605712890625,496.076171875,176.404296875,499.0,196.3837890625
4985,2507,14,0.0024051666259765625,1.06597900390625,153.5009765625,25.30938720703125,169.58203125
4986,2507,5,0.0023784637451171875,342.087890625,153.013671875,355.732421875,165.1962890625
4987,2507,14,0.0022869110107421875,323.32666015625,147.166015625,336.97119140625,162.759765625
4988,2507,5,0.0021648406982421875,35.81689453125,149.6025390625,60.060302734375,169.0947265625
4989,2507,5,0.002132415771484375,125.96826171875,148.6279296875,144.48583984375,172.9931640625
4990,2507,5,0.002132415771484375,425.4169921875,143.7548828125,442.9599609375,160.3232421875
4991,2507,5,0.0021152496337890625,171.77490234375,146.6787109375,212.70849609375,176.8916015625
4992,2507,5,0.0020503997802734375,469.76171875,146.43505859375,489.25390625,160.07958984375
4993,2507,14,0.0020198822021484375,327.46875,156.4248046875,342.087890625,176.8916015625
4994,2507,14,0.002010345458984375,105.866943359375,142.29296875,127.1865234375,156.912109375
4995,2507,5,0.001956939697265625,496.076171875,179.08447265625,499.0,196.62744140625
4996,2507,14,0.0018968582153320312,387.65087890625,147.166015625,393.98583984375,158.3740234375
4997,2507,5,0.0018529891967773438,435.650390625,143.51123046875,447.345703125,154.23193359375
4998,2507,5,0.0015974044799804688,88.2021484375,142.7802734375,105.98876953125,161.2978515625
4999,2507,8,0.0015735626220703125,494.6142578125,151.5517578125,499.0,182.7392578125
5000,2507,8,0.001461029052734375,0.015228271484375,158.13037109375,19.0657958984375,201.98779296875
5001,2507,8,0.001438140869140625,495.5888671875,166.1708984375,499.0,195.4091796875
5002,2507,5,0.0013990402221679688,407.8740234375,145.7041015625,423.4677734375,162.2724609375
5003,2507,5,0.0013780593872070312,111.470947265625,144.7294921875,131.694091796875,161.2978515625
5004,2507,8,0.00133514404296875,377.173828125,148.38427734375,391.79296875,161.54150390625
5005,2507,5,0.00133514404296875,452.21875,145.216796875,468.787109375,159.8359375
5006,2507,14,0.0012645721435546875,383.99609375,148.140625,392.767578125,160.3232421875
5007,2507,2,0.0011920928955078125,408.8486328125,47.390380859375,423.4677734375,58.354736328125
5008,2507,5,0.001178741455078125,175.18603515625,143.99853515625,226.35302734375,169.82568359375
5009,2507,5,0.0010652542114257812,131.32861328125,147.166015625,143.51123046875,160.810546875
5010,2507,8,0.0010366439819335938,384.4833984375,152.28271484375,395.2041015625,163.97802734375
5011,2507,5,0.0010318756103515625,184.93212890625,149.115234375,202.96240234375,166.658203125
5012,2508,7,0.72509765625,379.41943359375,102.744140625,406.32861328125,123.04833984375
5013,2508,7,0.019195556640625,291.1083984375,66.78369140625,316.5498046875,89.044921875
5014,2516,15,0.89306640625,395.17822265625,162.421875,415.96435546875,180.3076171875
5015,2546,15,0.7705078125,223.474365234375,170.0078125,244.16015625,187.189453125
5016,2546,15,0.76904296875,167.97314453125,182.89404296875,189.22412109375,200.52783203125
5017,2546,15,0.7548828125,220.1962890625,204.37109375,248.2294921875,226.978515625
5018,2547,2,0.822265625,94.166015625,140.53564453125,111.04931640625,158.60791015625
5019,2547,15,0.8115234375,171.6865234375,182.625,192.13671875,204.501953125
5020,2549,2,0.87158203125,199.21875,127.37548828125,234.08203125,160.37109375
5021,2549,2,0.033203125,231.3427734375,100.107421875,252.2607421875,130.2392578125
5022,2549,2,0.0019044876098632812,0.007781982421875,89.6484375,5.719757080078125,129.4921875
5023,2549,9,0.0015363693237304688,301.318359375,47.5634765625,319.74609375,68.232421875
5024,2552,15,0.85107421875,111.27734375,93.03515625,139.0966796875,117.662109375
5025,2552,15,0.7548828125,118.1181640625,58.8310546875,139.0966796875,76.1611328125
5026,2552,15,0.74755859375,61.111328125,66.583984375,82.31787109375,84.826171875
5027,2552,8,0.0022869110107421875,327.9033203125,69.54833984375,339.7607421875,86.42236328125
5028,2552,11,0.001495361328125,221.87060546875,0.22802734375,255.61865234375,8.6650390625
5029,2557,7,0.77197265625,264.90234375,182.2412109375,288.10546875,202.5439453125
5030,2557,7,0.76904296875,191.9091796875,179.3408203125,214.62890625,194.8095703125
5031,2558,7,0.8115234375,66.974853515625,41.426513671875,93.239501953125,60.528076171875
5032,2558,7,0.7607421875,44.9483642578125,75.451171875,70.3773193359375,95.0302734375
5033,2558,2,0.0011882781982421875,127.025390625,25.54833984375,142.06787109375,42.73974609375
5034,2559,11,0.8642578125,273.1640625,89.82421875,285.46875,102.62109375
5035,2559,17,0.85400390625,263.8125,73.3359375,275.625,85.1484375
5036,2559,10,0.83984375,202.53515625,54.87890625,217.30078125,67.18359375
5037,2559,10,0.8388671875,286.9453125,44.296875,300.7265625,56.109375
5038,2559,9,0.83349609375,220.5,75.55078125,237.234375,88.34765625
5039,2559,17,0.830078125,231.697265625,55.37109375,243.509765625,66.69140625
5040,2559,17,0.4072265625,257.90625,57.33984375,268.734375,68.16796875
5041,2559,9,0.259033203125,258.15234375,57.09375,268.98046875,68.4140625
5042,2559,9,0.0012693405151367188,273.1640625,89.947265625,285.46875,102.744140625
5043,2571,8,0.87255859375,444.2431640625,157.587890625,495.0,248.466796875
5044,2571,14,0.8662109375,230.09765625,167.01416015625,261.03515625,235.65673828125
5045,2571,14,0.830078125,353.84765625,150.8203125,399.7705078125,236.865234375
5046,2571,14,0.822265625,195.05126953125,155.1708984375,221.15478515625,237.3486328125
5047,2571,14,0.8056640625,135.10986328125,141.15234375,176.4404296875,239.765625
5048,2571,14,0.6318359375,59.24652099609375,186.1083984375,90.15380859375,236.3818359375
5049,2571,6,0.0034160614013671875,0.0075531005859375,51.7236328125,14.47174072265625,100.30517578125
5050,2571,14,0.0014781951904296875,300.91552734375,145.5029296875,325.08544921875,219.462890625
5051,2574,5,0.88232421875,280.3125,108.3984375,371.71875,152.34375
5052,2574,5,0.85107421875,228.046875,83.4375,285.703125,115.3125
5053,2574,5,0.82666015625,147.421875,66.09375,176.484375,89.0625
5054,2574,5,0.76220703125,182.34375,42.890625,202.5,59.296875
5055,2574,5,0.022369384765625,156.796875,0.46875,180.703125,12.65625
5056,2574,5,0.0169219970703125,0.02197265625,45.234375,8.66455078125,56.484375
5057,2574,5,0.008544921875,57.48046875,18.75,90.87890625,36.09375
5058,2574,5,0.007694244384765625,68.7890625,7.96875,126.09375,30.234375
5059,2574,5,0.0033893585205078125,34.74609375,20.625,51.796875,28.59375
5060,2574,5,0.00234222412109375,0.029296875,45.234375,18.8671875,56.25
5061,2574,5,0.00229644775390625,1.2890625,23.5546875,45.46875,43.4765625
5062,2574,5,0.00183868408203125,108.984375,17.6953125,126.4453125,27.5390625
5063,2574,5,0.0015611648559570312,0.0,33.28125,10.5029296875,55.3125
5064,2574,14,0.0015010833740234375,110.5078125,24.140625,117.7734375,34.6875
5065,2574,5,0.0014896392822265625,0.00732421875,18.984375,4.75341796875,32.578125
5066,2574,5,0.0014781951904296875,170.9765625,22.96875,215.0390625,50.625
5067,2574,5,0.001461029052734375,91.171875,10.3125,123.1640625,33.28125
5068,2574,14,0.0014553070068359375,110.5078125,26.015625,118.0078125,39.609375
5069,2574,5,0.0014104843139648438,96.5625,8.203125,126.328125,26.25
5070,2574,5,0.0013780593872070312,8.02734375,28.828125,52.96875,43.359375
5071,2574,14,0.0010814666748046875,174.84375,146.71875,201.09375,190.78125
5072,2574,5,0.0010318756103515625,8.96484375,28.359375,43.0078125,48.75
5073,2577,9,0.861328125,257.61328125,134.11328125,274.015625,146.65625
5074,2577,10,0.85595703125,240.9697265625,111.921875,255.4423828125,124.2236328125
5075,2577,17,0.85595703125,300.06640625,133.8720703125,312.126953125,145.9326171875
5076,2577,11,0.85400390625,308.75,151.2392578125,321.29296875,164.2646484375
5077,2577,10,0.8427734375,324.9111328125,105.8916015625,338.4189453125,117.4697265625
5078,2577,17,0.82763671875,270.15625,113.8515625,281.251953125,124.947265625
5079,2577,17,0.8017578125,295.724609375,117.228515625,306.337890625,127.841796875
5080,2584,2,0.88818359375,136.8408203125,55.6640625,164.1845703125,73.73046875
5081,2584,2,0.8671875,85.5712890625,15.869140625,110.9619140625,33.447265625
5082,2584,2,0.8662109375,250.0,43.9453125,276.3671875,63.4765625
5083,2584,2,0.85498046875,196.044921875,12.6953125,219.970703125,31.25
5084,2584,2,0.00133514404296875,496.58203125,181.884765625,500.0,203.369140625
5085,2588,10,0.92919921875,280.97265625,211.220703125,305.533203125,233.3251953125
5086,2588,9,0.89501953125,306.515625,129.6796875,327.146484375,150.8017578125
5087,2588,10,0.8759765625,367.9169921875,109.29443359375,391.00390625,129.6796875
5088,2588,10,0.87158203125,416.79248046875,167.25732421875,440.86181640625,187.88818359375
5089,2588,11,0.85498046875,269.42919921875,85.9619140625,290.06005859375,105.119140625
5090,2588,17,0.76220703125,333.041015625,201.64208984375,352.689453125,221.29052734375
5091,2588,17,0.72802734375,369.390625,185.677734375,389.0390625,204.8349609375
5092,2588,9,0.282958984375,369.390625,185.677734375,389.0390625,204.8349609375
5093,2588,5,0.0020275115966796875,100.821044921875,169.958984375,125.99560546875,194.0283203125
5094,2590,2,0.85888671875,114.4251708984375,177.84521484375,141.884765625,196.43701171875
5095,2590,2,0.84716796875,227.74951171875,167.326171875,254.16943359375,186.896484375
5096,2590,2,0.8408203125,65.438232421875,137.23681640625,90.390380859375,154.85009765625
5097,2590,2,0.82763671875,175.154296875,135.5244140625,199.1279296875,153.1376953125
5098,2593,5,0.861328125,379.39453125,156.73828125,500.0,213.8671875
5099,2593,14,0.84375,259.765625,120.4833984375,337.890625,254.39453125
5100,2593,14,0.8173828125,38.75732421875,142.08984375,70.86181640625,232.91015625
5101,2593,5,0.7958984375,209.228515625,149.4140625,285.64453125,208.0078125
5102,2593,14,0.79443359375,348.14453125,113.4033203125,394.04296875,253.90625
5103,2593,14,0.1365966796875,238.037109375,133.056640625,339.599609375,207.763671875
5104,2593,8,0.0156707763671875,149.2919921875,165.771484375,183.4716796875,198.974609375
5105,2593,5,0.01132965087890625,373.53515625,142.578125,430.6640625,175.29296875
5106,2593,5,0.00443267822265625,351.07421875,140.625,431.15234375,201.171875
5107,2593,5,0.002521514892578125,493.1640625,194.82421875,500.0,219.23828125
5108,2593,5,0.0017137527465820312,491.2109375,170.166015625,500.0,208.740234375
5109,2593,5,0.0016613006591796875,306.884765625,167.96875,338.134765625,204.1015625
5110,2593,5,0.001129150390625,495.1171875,160.15625,500.0,187.5
5111,2593,14,0.0011119842529296875,487.3046875,158.203125,500.0,251.953125
5112,2594,2,0.85498046875,256.78125,64.1953125,269.42578125,81.216796875
5113,2594,2,0.83447265625,243.650390625,42.0673828125,255.80859375,57.6298828125
5114,2594,2,0.83447265625,177.509765625,56.1708984375,190.640625,72.462890625
5115,2594,2,0.822265625,191.8564453125,38.90625,204.2578125,54.46875
5116,2608,12,0.900390625,269.578125,138.5859375,318.9375,182.724609375
5117,2608,13,0.822265625,345.990234375,61.4619140625,393.451171875,105.6005859375
5118,2608,1,0.0236968994140625,345.515625,60.9873046875,392.9765625,105.1259765625
5119,2608,11,0.012054443359375,270.052734375,139.060546875,318.9375,182.724609375
5120,2608,11,0.00127410888671875,345.990234375,60.9873046875,393.451171875,105.1259765625
5121,2609,12,0.92919921875,87.646484375,82.03125,124.267578125,115.72265625
5122,2609,13,0.908203125,218.75,75.1953125,254.150390625,110.3515625
5123,2609,1,0.8916015625,210.205078125,145.99609375,250.244140625,184.08203125
5124,2609,0,0.88623046875,139.2822265625,29.052734375,176.6357421875,66.162109375
5125,2609,13,0.87255859375,324.70703125,88.623046875,362.79296875,128.662109375
5126,2609,4,0.861328125,255.859375,5.37109375,332.51953125,51.7578125
5127,2609,3,0.85009765625,392.08984375,111.4501953125,444.82421875,208.0078125
5128,2609,3,0.83203125,125.732421875,140.13671875,167.236328125,213.37890625
5129,2609,13,0.80908203125,392.333984375,9.521484375,430.908203125,45.654296875
5130,2609,0,0.541015625,324.21875,89.35546875,362.3046875,128.90625
5131,2609,12,0.443603515625,392.578125,9.765625,430.6640625,45.41015625
5132,2609,12,0.1285400390625,90.576171875,74.21875,112.3046875,86.9140625
5133,2609,3,0.0010986328125,100.9521484375,139.6484375,146.6064453125,159.1796875
5134,2614,9,0.89501953125,309.33203125,124.2763671875,323.16796875,139.1005859375
5135,2614,17,0.86083984375,222.1162109375,104.7578125,233.9755859375,116.3701171875
5136,2614,10,0.83740234375,379.5,153.18359375,393.3359375,168.0078125
5137,2614,9,0.78125,249.541015625,127.2412109375,265.353515625,140.5830078125
5138,2615,10,0.88720703125,381.1318359375,55.163818359375,404.6162109375,76.691162109375
5139,2615,10,0.8798828125,260.7744140625,80.849853515625,282.3017578125,105.068115234375
5140,2615,9,0.84912109375,285.2373046875,36.44970703125,306.275390625,60.42333984375
5141,2615,17,0.83447265625,162.9228515625,46.4794921875,181.025390625,63.1142578125
5142,2615,9,0.662109375,364.986328125,134.79052734375,399.7236328125,167.57080078125
5143,2615,10,0.10894775390625,364.4970703125,134.79052734375,399.7236328125,167.57080078125
5144,2615,17,0.010406494140625,365.4755859375,135.5244140625,399.7236328125,166.8369140625
5145,2621,10,0.888671875,221.431640625,4.1005859375,251.341796875,36.4228515625
5146,2621,9,0.88818359375,294.27734375,33.76953125,327.08203125,74.775390625
5147,2621,9,0.87841796875,246.517578125,65.8505859375,282.69921875,107.580078125
5148,2621,11,0.8759765625,333.353515625,75.740234375,378.21875,110.95703125
5149,2621,10,0.85888671875,239.0400390625,113.48974609375,282.4580078125,150.033203125
5150,2621,9,0.83642578125,145.208984375,109.2685546875,186.697265625,143.0380859375
5151,2624,15,0.9013671875,88.7666015625,50.8095703125,107.0244140625,69.7880859375
5152,2624,5,0.017578125,485.033203125,127.32421875,491.759765625,147.50390625
5153,2625,2,0.87646484375,409.642578125,155.654296875,442.255859375,189.255859375
5154,2625,2,0.0171051025390625,439.0439453125,124.89404296875,457.8212890625,153.677734375
5155,2625,2,0.00536346435546875,497.10546875,190.244140625,506.0,216.927734375
5156,2625,2,0.005199432373046875,257.94140625,144.5361328125,283.63671875,171.2197265625
5157,2625,2,0.002323150634765625,500.0703125,190.73828125,506.0,222.36328125
5158,2628,10,0.85498046875,362.79833984375,65.54248046875,384.72705078125,86.49658203125
5159,2628,11,0.556640625,135.348876953125,84.425537109375,158.983154296875,103.186767578125
5160,2628,10,0.53125,135.71435546875,84.3037109375,158.861328125,102.8212890625
5161,2628,17,0.010406494140625,100.2020263671875,11.2080078125,112.1409912109375,25.33984375
5162,2628,17,0.005001068115234375,96.6690673828125,10.720703125,112.0191650390625,28.99462890625
5163,2630,15,0.8388671875,79.154296875,179.015625,108.322265625,203.953125
5164,2630,15,0.77197265625,87.05859375,144.28125,108.65625,162.5390625
5165,2630,15,0.74609375,28.5556640625,151.40625,50.0419921875,169.21875
5166,2636,2,0.89013671875,370.03271484375,155.89013671875,399.74853515625,192.20947265625
5167,2636,2,0.861328125,274.9892578125,125.9384765625,305.1767578125,150.9375
5168,2636,17,0.75634765625,369.3251953125,108.25048828125,385.3623046875,122.1650390625
5169,2636,17,0.07861328125,273.1025390625,125.9384765625,305.1767578125,151.4091796875
5170,2636,2,0.0012493133544921875,0.02947998046875,48.700927734375,12.05731201171875,82.190185546875
5171,2639,2,0.8759765625,330.8798828125,177.8662109375,348.4228515625,190.5361328125
5172,2639,2,0.83984375,406.412109375,170.0693359375,424.9296875,183.7138671875
5173,2639,2,0.83642578125,365.9658203125,153.98828125,383.5087890625,166.658203125
5174,2639,2,0.8310546875,291.8955078125,157.15576171875,308.4638671875,170.31298828125
5175,2648,7,0.85888671875,69.4599609375,52.91015625,100.2216796875,77.51953125
5176,2648,7,0.69921875,76.904296875,3.69140625,103.728515625,30.26953125
5177,2648,2,0.011871337890625,0.00384521484375,79.98046875,4.27972412109375,111.97265625
5178,2648,2,0.0038242340087890625,0.0,88.59375,5.291015625,133.3828125
5179,2648,17,0.0026416778564453125,0.0076904296875,86.87109375,3.81060791015625,111.234375
5180,2648,17,0.0023326873779296875,152.208984375,158.484375,172.142578125,179.15625
5181,2648,2,0.0017681121826171875,0.0,12.427734375,5.183349609375,47.373046875
5182,2648,17,0.0015850067138671875,0.0,84.1640625,4.5450439453125,121.078125
5183,2648,2,0.0011157989501953125,0.0,75.05859375,8.4364013671875,111.48046875
5184,2652,2,0.85791015625,280.125,147.84375,295.6875,168.26953125
5185,2652,2,0.84716796875,409.48828125,149.7890625,425.05078125,171.1875
5186,2652,2,0.8427734375,356.478515625,127.1748046875,371.068359375,147.1142578125
5187,2652,2,0.83984375,364.259765625,169.2421875,379.822265625,191.126953125
5188,2657,14,0.8115234375,387.6953125,81.54296875,412.109375,119.62890625
5189,2657,14,0.7294921875,112.1826171875,31.005859375,127.5634765625,67.138671875
5190,2657,14,0.6875,353.02734375,81.0546875,367.67578125,105.95703125
5191,2657,14,0.55810546875,14.251708984375,16.11328125,29.296875,46.38671875
5192,2657,14,0.54296875,264.6484375,59.08203125,276.3671875,87.890625
5193,2657,14,0.383056640625,273.681640625,67.87109375,285.888671875,90.33203125
5194,2657,14,0.304931640625,300.78125,72.021484375,311.5234375,93.017578125
5195,2657,14,0.092041015625,380.859375,87.646484375,391.6015625,109.130859375
5196,2657,14,0.035675048828125,99.4873046875,44.921875,108.5205078125,63.96484375
5197,2657,14,0.0245208740234375,268.06640625,59.2041015625,282.2265625,90.4541015625
5198,2657,14,0.0092315673828125,88.43994140625,45.8984375,108.58154296875,65.4296875
5199,2657,14,0.007694244384765625,0.0,28.80859375,7.14111328125,69.3359375
5200,2657,14,0.00760650634765625,275.87890625,72.75390625,285.64453125,91.796875
5201,2657,8,0.00455474853515625,87.5244140625,46.875,106.201171875,63.4765625
5202,2657,14,0.003124237060546875,262.6953125,62.3779296875,271.97265625,88.0126953125
5203,2657,14,0.002620697021484375,259.27734375,64.3310546875,269.04296875,85.8154296875
5204,2657,14,0.0023593902587890625,490.234375,90.33203125,500.0,131.103515625
5205,2657,14,0.002216339111328125,105.65185546875,42.724609375,112.60986328125,61.03515625
5206,2657,14,0.0019121170043945312,0.0,9.765625,7.33184814453125,53.22265625
5207,2657,14,0.00133514404296875,378.90625,93.1396484375,387.6953125,108.5205078125
5208,2657,14,0.0013151168823242188,87.21923828125,46.38671875,98.69384765625,62.01171875
5209,2657,14,0.0011339187622070312,494.140625,87.646484375,500.0,131.8359375
5210,2659,16,0.4765625,370.095703125,36.474609375,438.181640625,108.9375
5211,2659,7,0.064208984375,249.486328125,25.2890625,301.5234375,82.67578125
5212,2659,2,0.034759521484375,248.513671875,24.5595703125,301.5234375,82.9189453125
5213,2659,17,0.032958984375,249.0,26.26171875,300.55078125,76.5966796875
5214,2659,11,0.02288818359375,366.9345703125,35.501953125,441.8291015625,108.6943359375
5215,2659,8,0.018341064453125,360.369140625,0.0,402.6796875,14.103515625
5216,2659,9,0.0164642333984375,248.39208984375,26.5048828125,300.064453125,71.7333984375
5217,2659,9,0.0147857666015625,369.3662109375,35.2587890625,438.9111328125,100.4267578125
5218,2659,14,0.0142822265625,297.146484375,0.0,310.763671875,13.130859375
5219,2659,14,0.006191253662109375,320.2470703125,0.85107421875,329.4873046875,15.68408203125
5220,2659,8,0.004810333251953125,332.162109375,0.0,402.193359375,15.5625
5221,2659,8,0.0025615692138671875,323.1650390625,0.0,400.9775390625,44.4990234375
5222,2659,14,0.0017824172973632812,256.78125,0.36474609375,268.453125,10.57763671875
5223,2659,8,0.0017681121826171875,330.216796875,0.2431640625,347.23828125,16.048828125
5224,2659,8,0.0016813278198242188,293.0126953125,0.0,310.0341796875,12.8876953125
5225,2659,4,0.0015611648559570312,212.7685546875,46.6875,229.7900390625,53.009765625
5226,2659,14,0.0013456344604492188,270.1552734375,0.486328125,297.3896484375,30.15234375
5227,2659,14,0.0011882781982421875,240.732421875,0.0,252.6474609375,9.240234375
5228,2659,16,0.0011692047119140625,240.9755859375,0.0,252.6474609375,8.87548828125
5229,2659,8,0.0011339187622070312,330.703125,0.2431640625,360.85546875,15.8056640625
5230,2660,9,0.865234375,304.078125,41.4208984375,328.9306640625,58.72021484375
5231,2660,10,0.85693359375,426.87890625,23.390625,448.3203125,43.3701171875
5232,2660,9,0.8427734375,290.9208984375,92.1005859375,314.3115234375,111.5927734375
5233,2660,10,0.82763671875,208.81005859375,89.90771484375,228.30224609375,108.42529296875
5234,2662,13,0.8681640625,205.365234375,100.40625,238.341796875,133.13671875
5235,2662,0,0.8662109375,291.375,73.3359375,326.8125,109.01953125
5236,2662,3,0.85986328125,360.52734375,69.890625,426.97265625,110.7421875
5237,2662,1,0.85302734375,240.6796875,125.5078125,279.0703125,164.390625
5238,2662,12,0.822265625,295.55859375,30.638671875,329.51953125,59.923828125
5239,2662,0,0.8056640625,114.6796875,102.8671875,155.0390625,141.2578125
5240,2662,3,0.80078125,130.921875,163.8984375,221.484375,214.1015625
5241,2662,4,0.79931640625,189.24609375,69.64453125,262.828125,92.77734375
5242,2662,12,0.67578125,192.69140625,29.28515625,228.375,59.30859375
5243,2662,3,0.1981201171875,460.1953125,60.5390625,504.0,120.5859375
5244,2662,3,0.0032978057861328125,480.8671875,48.234375,504.0,119.109375
5245,2662,13,0.0016613006591796875,193.4296875,30.0234375,227.390625,59.30859375
5246,2668,2,0.8642578125,151.716796875,65.21484375,168.943359375,79.48828125
5247,2668,2,0.85302734375,127.72265625,81.703125,144.2109375,96.9609375
5248,2668,2,0.83984375,64.845703125,53.771484375,84.287109375,68.044921875
5249,2668,2,0.658203125,101.390625,40.60546875,115.41796875,53.40234375
5250,2682,14,0.841796875,421.38671875,108.88671875,447.75390625,170.8984375
5251,2682,14,0.7919921875,341.064453125,95.458984375,377.685546875,175.048828125
5252,2682,14,0.7890625,187.01171875,85.693359375,219.482421875,163.0859375
5253,2682,14,0.73095703125,135.498046875,82.51953125,172.119140625,162.109375
5254,2682,14,0.394287109375,216.796875,81.298828125,239.74609375,166.259765625
5255,2682,5,0.185302734375,0.0,102.6611328125,157.470703125,154.296875
5256,2682,14,0.052032470703125,217.8955078125,81.298828125,239.8681640625,131.591796875
5257,2682,5,0.0285491943359375,0.030517578125,90.8203125,9.40704345703125,144.53125
5258,2682,5,0.011688232421875,0.0,104.8583984375,89.2333984375,152.83203125
5259,2682,5,0.01078033447265625,40.679931640625,109.2529296875,150.7568359375,156.25
5260,2682,5,0.00714874267578125,486.81640625,134.27734375,500.0,171.38671875
5261,2682,8,0.0016813278198242188,0.0,103.02734375,6.46209716796875,157.71484375
5262,2682,14,0.0013885498046875,0.0,99.853515625,6.06536865234375,155.76171875
5263,2682,5,0.0012445449829101562,0.0,96.6796875,30.6396484375,125.48828125
5264,2682,14,0.0012063980102539062,216.552734375,109.0087890625,235.595703125,166.50390625
5265,2682,14,0.001178741455078125,0.0,115.478515625,5.168914794921875,170.654296875
5266,2685,17,0.6513671875,255.6474609375,97.01123046875,275.8681640625,117.47265625
5267,2685,2,0.59619140625,196.4296875,147.8037109375,218.576171875,172.8388671875
5268,2685,2,0.388671875,299.9404296875,58.736328125,326.419921875,80.8828125
5269,2685,9,0.172119140625,196.18896484375,147.322265625,217.85400390625,172.357421875
5270,2685,2,0.12890625,255.88818359375,97.49267578125,276.10888671875,117.23193359375
5271,2685,17,0.00591278076171875,300.18115234375,59.2177734375,325.21630859375,80.64208984375
5272,2688,14,0.79296875,263.30078125,147.01953125,282.83984375,201.82421875
5273,2688,8,0.74462890625,141.419921875,172.9921875,174.541015625,215.8828125
5274,2688,8,0.63330078125,92.69140625,167.75,116.638671875,207.78125
5275,2688,14,0.6259765625,145.828125,149.1640625,175.8515625,173.9453125
5276,2688,14,0.46875,95.431640625,152.5,119.021484375,176.328125
5277,2688,16,0.169921875,0.014892578125,188.2421875,9.5982666015625,207.3046875
5278,2688,16,0.13525390625,8.2802734375,185.3828125,39.912109375,203.4921875
5279,2688,16,0.11517333984375,49.83056640625,175.8515625,59.36181640625,186.3359375
5280,2688,14,0.08062744140625,141.77734375,148.6875,175.61328125,201.109375
5281,2688,16,0.07476806640625,20.060302734375,184.66796875,51.8857421875,201.82421875
5282,2688,16,0.07318115234375,42.65234375,184.66796875,52.8984375,199.91796875
5283,2688,16,0.0472412109375,34.193359375,184.4296875,52.66015625,200.6328125
5284,2688,16,0.040374755859375,8.48876953125,186.3359375,27.40234375,204.4453125
5285,2688,16,0.035003662109375,48.013671875,176.328125,57.42578125,192.53125
5286,2688,14,0.02685546875,92.1552734375,167.2734375,115.2685546875,209.2109375
5287,2688,14,0.0218658447265625,77.560546875,164.890625,91.142578125,185.859375
5288,2688,16,0.020721435546875,5.74853515625,186.8125,18.61572265625,205.875
5289,2688,16,0.01348114013671875,77.6796875,165.84375,90.546875,185.859375
5290,2688,16,0.013427734375,1.548828125,186.57421875,23.828125,207.06640625
5291,2688,14,0.0121002197265625,95.9677734375,152.0234375,111.9326171875,172.0390625
5292,2688,16,0.00905609130859375,47.44775390625,182.046875,59.36181640625,198.25
5293,2688,8,0.00867462158203125,67.791015625,143.20703125,122.119140625,211.83203125
5294,2688,8,0.008575439453125,104.5458984375,170.1328125,117.7705078125,203.4921875
5295,2688,8,0.0041351318359375,78.15625,165.84375,92.453125,185.859375
5296,2688,8,0.003780364990234375,147.734375,172.0390625,179.1875,204.4453125
5297,2688,16,0.0030040740966796875,44.76708984375,176.328125,57.99169921875,187.2890625
5298,2688,16,0.0028896331787109375,0.0,186.8125,8.6153564453125,223.984375
5299,2688,14,0.0025119781494140625,138.6796875,143.921875,155.8359375,168.703125
5300,2688,16,0.0024051666259765625,3.06787109375,185.14453125,50.0390625,208.01953125
5301,2688,14,0.002140045166015625,68.1484375,174.8984375,76.01171875,190.1484375
5302,2688,8,0.001934051513671875,106.392578125,171.32421875,125.455078125,202.77734375
5303,2688,8,0.0013885498046875,139.275390625,149.1640625,175.494140625,212.546875
5304,2688,14,0.0012845993041992188,152.73828125,148.2109375,178.7109375,167.2734375
5305,2688,14,0.001201629638671875,140.466796875,146.06640625,169.298828125,167.98828125
5306,2688,16,0.001155853271484375,190.86328125,219.45703125,216.12109375,232.32421875
5307,2688,8,0.0011205673217773438,276.40625,161.078125,293.5625,186.8125
5308,2688,8,0.0010652542114257812,148.44921875,160.36328125,179.42578125,189.91015625
5309,2698,15,0.86328125,240.796875,153.6904296875,280.9296875,186.982421875
5310,2698,15,0.841796875,166.4599609375,122.22265625,196.33154296875,148.2177734375
5311,2698,15,0.806640625,240.11279296875,99.19189453125,269.30029296875,123.5908203125
5312,2698,6,0.002269744873046875,0.01068878173828125,41.5009765625,4.4821624755859375,67.0400390625
5313,2698,5,0.0012845993041992188,24.740966796875,79.353515625,36.71240234375,90.52685546875
5314,2701,10,0.76220703125,200.6103515625,69.05859375,216.1728515625,82.189453125
5315,2701,10,0.69775390625,123.952880859375,64.681640625,138.1171875,77.8125
5316,2701,11,0.62255859375,184.5615234375,62.9794921875,198.1787109375,75.1376953125
5317,2701,11,0.466796875,148.93798828125,66.8701171875,163.04150390625,81.216796875
5318,2701,11,0.355712890625,116.232421875,54.46875,130.5791015625,67.599609375
5319,2701,11,0.332763671875,86.93115234375,60.42626953125,100.54833984375,73.80029296875
5320,2701,12,0.155029296875,116.35400390625,54.7119140625,130.5791015625,67.8427734375
5321,2701,17,0.0121917724609375,86.93115234375,60.18310546875,100.54833984375,74.04345703125
5322,2701,17,0.0016679763793945312,184.68310546875,63.22265625,198.30029296875,75.380859375
5323,2701,14,0.0014896392822265625,405.3544921875,159.515625,415.5673828125,177.99609375
5324,2702,14,0.85302734375,116.848388671875,122.7939453125,148.881591796875,197.052734375
5325,2702,14,0.82666015625,256.99365234375,93.066162109375,305.04345703125,200.935546875
5326,2702,14,0.81298828125,345.5703125,91.7314453125,372.2646484375,178.1240234375
5327,2702,14,0.8056640625,321.7880859375,96.5849609375,352.8505859375,177.1533203125
5328,2702,14,0.0276947021484375,0.0606689453125,128.011474609375,21.734649658203125,209.671875
5329,2702,14,0.01024627685546875,240.734375,121.459228515625,269.3701171875,192.19921875
5330,2702,14,0.002704620361328125,480.498046875,53.024658203125,497.0,206.2744140625
5331,2703,7,0.82568359375,179.443359375,179.443359375,222.2705078125,218.203125
5332,2703,7,0.248046875,39.716796875,123.2177734375,76.5625,146.1865234375
5333,2703,15,0.0059814453125,0.0037384033203125,65.7958984375,4.6617889404296875,93.5498046875
5334,2703,2,0.0024242401123046875,0.0,63.4033203125,4.62066650390625,90.6787109375
5335,2705,15,0.294921875,276.275390625,156.9521484375,339.650390625,203.4931640625
5336,2705,2,0.127685546875,209.063232421875,92.091796875,227.630126953125,113.3818359375
5337,2705,7,0.08416748046875,209.18701171875,92.33935546875,227.75390625,112.63916015625
5338,2705,17,0.0222015380859375,209.4345703125,92.091796875,227.50634765625,111.4013671875
5339,2705,2,0.0090179443359375,0.0618896484375,57.43359375,17.777801513671875,91.1015625
5340,2705,14,0.0038394927978515625,375.298828125,8.4169921875,507.0,234.1904296875
5341,2705,2,0.0033512115478515625,0.0077362060546875,55.20556640625,11.101455688476562,90.6064453125
5342,2711,8,0.87255859375,63.4384765625,127.47998046875,90.4541015625,159.19921875
5343,2711,14,0.79833984375,88.40380859375,98.6552734375,125.912109375,193.6923828125
5344,2711,14,0.72021484375,275.462890625,89.9716796875,304.408203125,148.3447265625
5345,2711,14,0.67724609375,378.21875,78.8759765625,407.1640625,154.1337890625
5346,2711,8,0.62060546875,456.37109375,126.27392578125,494.0,188.14453125
5347,2711,14,0.5927734375,177.65185546875,93.8310546875,201.77294921875,149.3095703125
5348,2711,14,0.486328125,445.5166015625,95.51953125,482.1806640625,141.5908203125
5349,2711,14,0.482421875,215.642578125,74.65478515625,266.296875,186.697265625
5350,2711,8,0.403564453125,0.0,156.5458984375,61.3580322265625,212.0244140625
5351,2711,8,0.286865234375,316.46875,107.70068359375,399.4453125,163.541015625
5352,2711,8,0.272705078125,0.0,121.93212890625,52.583984375,211.783203125
5353,2711,14,0.2322998046875,1.628173828125,120.00244140625,39.43798828125,167.400390625
5354,2711,8,0.1048583984375,0.0,122.53515625,48.2421875,175.6015625
5355,2711,8,0.051849365234375,445.275390625,92.50439453125,494.0,184.28515625
5356,2711,8,0.0283355712890625,445.275390625,94.7958984375,494.0,139.1787109375
5357,2711,14,0.01751708984375,444.79296875,93.8310546875,490.623046875,158.716796875
5358,2711,8,0.0154876708984375,464.08984375,95.64013671875,494.0,191.0390625
5359,2711,8,0.01262664794921875,112.88671875,116.9873046875,152.4453125,158.9580078125
5360,2711,14,0.0100555419921875,474.703125,103.23828125,494.0,136.525390625
5361,2711,8,0.00905609130859375,478.5625,91.66015625,494.0,135.560546875
5362,2711,8,0.007404327392578125,471.326171875,94.072265625,494.0,144.244140625
5363,2711,8,0.0059814453125,0.0,156.787109375,30.99560546875,208.888671875
5364,2711,14,0.00582122802734375,0.6331787109375,119.27880859375,32.382568359375,155.822265625
5365,2711,8,0.005260467529296875,0.0,124.947265625,33.106201171875,168.84765625
5366,2711,8,0.00464630126953125,0.0,137.2490234375,11.53289794921875,185.0087890625
5367,2711,14,0.0038394927978515625,473.255859375,122.2939453125,494.0,185.9736328125
5368,2711,8,0.0029582977294921875,106.1328125,113.73095703125,152.2041015625,175.6015625
5369,2711,14,0.0026721954345703125,486.28125,103.23828125,494.0,131.9423828125
5370,2711,14,0.0021820068359375,340.8310546875,88.0419921875,369.7763671875,134.3544921875
5371,2711,8,0.0021076202392578125,468.9140625,103.720703125,494.0,134.11328125
5372,2711,14,0.0020580291748046875,484.833984375,112.1630859375,494.0,144.4853515625
5373,2711,14,0.001941680908203125,477.115234375,93.3486328125,494.0,128.5654296875
5374,2711,14,0.0016813278198242188,167.400390625,78.15234375,269.19140625,185.732421875
5375,2711,8,0.0013246536254882812,195.380859375,120.123046875,215.4013671875,153.41015625
5376,2711,8,0.0013246536254882812,0.01507568359375,128.806640625,13.741485595703125,173.189453125
5377,2711,8,0.0011835098266601562,422.6015625,87.0771484375,494.0,158.234375
5378,2711,8,0.0011739730834960938,19.718994140625,120.3642578125,52.041259765625,176.8076171875
5379,2711,14,0.001056671142578125,478.5625,115.0576171875,494.0,146.4150390625
5380,2729,9,0.8740234375,344.7265625,189.697265625,362.3046875,202.880859375
5381,2729,11,0.8681640625,382.080078125,219.7265625,395.751953125,234.375
5382,2729,10,0.86083984375,349.609375,163.57421875,364.2578125,177.24609375
5383,2729,10,0.85400390625,448.2421875,177.734375,464.35546875,191.40625
5384,2729,17,0.85205078125,378.90625,172.36328125,391.11328125,185.05859375
5385,2729,9,0.81640625,393.06640625,200.1953125,406.73828125,213.8671875
5386,2729,9,0.43408203125,407.958984375,182.373046875,420.654296875,194.091796875
5387,2734,6,0.035400390625,331.54296875,49.8046875,364.2578125,70.80078125
5388,2734,14,0.00955963134765625,420.8984375,4.7607421875,500.0,244.140625
5389,2734,17,0.00208282470703125,429.19921875,104.4921875,444.82421875,121.58203125
5390,2751,15,0.82763671875,243.896484375,42.236328125,305.908203125,107.177734375
5391,2752,15,0.94384765625,305.3984375,175.5859375,353.8359375,224.5078125
5392,2752,7,0.0012350082397460938,0.0302734375,20.46484375,15.8935546875,70.83984375
5393,2756,15,0.90869140625,385.21435546875,74.31396484375,412.50341796875,103.55224609375
5394,2762,10,0.85107421875,249.0390625,84.0751953125,271.099609375,105.1552734375
5395,2763,17,0.841796875,367.619140625,65.427734375,388.330078125,85.66796875
5396,2763,17,0.48046875,300.30859375,181.69140625,323.373046875,204.28515625
5397,2763,2,0.0014667510986328125,89.31591796875,0.94140625,109.79150390625,20.240234375
5398,2788,10,0.84716796875,402.6796875,23.1005859375,423.591796875,43.5263671875
5399,2791,5,0.84912109375,225.7080078125,178.7109375,303.7109375,223.6328125
5400,2791,14,0.66259765625,329.58984375,127.685546875,397.94921875,241.943359375
5401,2791,14,0.607421875,284.912109375,128.41796875,387.939453125,245.60546875
5402,2791,5,0.235107421875,0.0,178.7109375,107.60498046875,229.98046875
5403,2791,5,0.1456298828125,69.7021484375,188.4765625,191.0400390625,225.09765625
5404,2791,5,0.050140380859375,0.1220703125,183.10546875,192.5048828125,226.07421875
5405,2791,5,0.00605010986328125,144.775390625,162.109375,264.6484375,221.6796875
5406,2791,14,0.0030269622802734375,281.73828125,168.701171875,362.3046875,244.873046875
5407,2791,14,0.0018968582153320312,494.62890625,181.884765625,500.0,217.041015625
5408,2791,5,0.0018100738525390625,0.0,155.2734375,186.5234375,228.515625
5409,2791,14,0.001255035400390625,286.1328125,158.447265625,316.89453125,247.802734375
5410,2791,5,0.0011510848999023438,351.318359375,167.96875,476.318359375,216.796875
5411,2800,10,0.92236328125,282.703125,123.92138671875,306.580078125,146.36572265625
5412,2800,9,0.873046875,186.7177734375,111.2666015625,207.7294921875,134.666015625
5413,2800,17,0.84375,62.31884765625,127.025390625,81.181640625,144.216796875
5414,2800,10,0.83203125,163.915283203125,156.39404296875,185.165771484375,181.22607421875
5415,2800,10,0.203125,271.7197265625,203.9091796875,306.1025390625,236.859375
5416,2800,17,0.06097412109375,271.7197265625,203.9091796875,306.1025390625,237.3369140625
5417,2824,7,0.8740234375,116.844482421875,80.55810546875,145.732666015625,112.2646484375
5418,2824,2,0.8681640625,80.910400390625,26.53955078125,121.306884765625,54.72314453125
5419,2825,7,0.875,271.2158203125,111.198486328125,306.591796875,135.84375
5420,2825,7,0.83984375,193.388671875,196.6904296875,221.45361328125,224.9912109375
5421,2830,2,0.84814453125,387.0029296875,151.669921875,407.5517578125,182.00390625
5422,2833,7,0.8681640625,410.9765625,112.896240234375,448.16015625,138.4599609375
5423,2833,7,0.78125,332.6953125,198.638671875,361.5615234375,226.037109375
5424,2844,12,0.90869140625,221.1474609375,178.58251953125,261.0966796875,209.49560546875
5425,2844,12,0.90478515625,319.35595703125,110.8115234375,356.45166015625,143.86474609375
5426,2844,12,0.90283203125,228.7568359375,135.06640625,272.5107421875,175.015625
5427,2844,12,0.888671875,163.6015625,144.1025390625,200.93505859375,175.4912109375
5428,2844,12,0.8740234375,364.298828125,148.8583984375,408.5283203125,188.33203125
5429,2844,12,0.49609375,173.35107421875,114.140625,220.43408203125,144.1025390625
5430,2844,14,0.004791259765625,241.003173828125,4.99365234375,423.7470703125,112.00048828125
5431,2848,7,0.8896484375,207.6416015625,31.32421875,248.4580078125,63.123046875
5432,2848,7,0.39794921875,275.748046875,171.333984375,319.88671875,213.099609375
5433,2850,15,0.92626953125,244.451171875,88.458984375,284.400390625,135.06640625
5434,2851,7,0.86962890625,287.61328125,181.5380859375,320.8359375,207.6416015625
5435,2852,15,0.89892578125,52.59521484375,181.025390625,71.9820556640625,200.595703125
5436,2856,2,0.87890625,68.46630859375,26.8017578125,98.557373046875,49.94873046875
5437,2856,7,0.82080078125,129.86669921875,53.481689453125,155.4501953125,73.704833984375
5438,2856,2,0.006641387939453125,68.588134765625,12.91357421875,100.262939453125,50.6796875
5439,2856,17,0.0012598037719726562,186.150390625,88.93310546875,195.896484375,102.57763671875
5440,2856,2,0.0010080337524414062,227.205810546875,209.0537109375,248.159912109375,223.6728515625
5441,2857,13,0.875,213.19580078125,101.60302734375,247.30712890625,135.71435546875
5442,2857,0,0.8681640625,300.1796875,75.28857421875,336.240234375,112.81103515625
5443,2857,3,0.861328125,368.15869140625,73.095703125,436.38134765625,115.00390625
5444,2857,1,0.85498046875,248.28173828125,127.673828125,288.24072265625,166.658203125
5445,2857,12,0.83740234375,302.6162109375,31.91845703125,338.6767578125,63.10595703125
5446,2857,0,0.8232421875,122.191650390625,103.55224609375,162.394287109375,142.7802734375
5447,2857,4,0.80908203125,196.62744140625,70.171875,271.4287109375,95.0244140625
5448,2857,3,0.8056640625,138.8818359375,164.708984375,229.5205078125,217.337890625
5449,2857,12,0.7041015625,201.01318359375,29.7255859375,237.07373046875,61.400390625
5450,2857,13,0.37744140625,201.135009765625,29.96923828125,237.195556640625,61.64404296875
5451,2857,3,0.04534912109375,0.0,57.623779296875,15.129287719726562,120.242431640625
5452,2857,3,0.01049041748046875,0.0,83.81640625,10.720703125,127.43017578125
5453,2857,3,0.004486083984375,0.03045654296875,42.15185546875,10.87298583984375,107.93798828125
5454,2857,3,0.0033512115478515625,0.015228271484375,97.21728515625,15.8983154296875,158.61767578125
5455,2857,3,0.0028896331787109375,0.015228271484375,118.90234375,15.959228515625,171.53125
5456,2857,3,0.0017137527465820312,0.0,40.080810546875,9.525283813476562,85.400146484375
5457,2857,3,0.0013666152954101562,0.0,88.323974609375,7.4085540771484375,125.846435546875
5458,2859,2,0.8388671875,51.079833984375,40.119140625,74.3525390625,61.259765625
5459,2859,2,0.8291015625,128.525390625,39.87890625,147.263671875,60.779296875
5460,2859,2,0.70751953125,209.00390625,41.3203125,227.7421875,62.4609375
5461,2859,17,0.0036640167236328125,209.00390625,41.3203125,227.7421875,61.98046875
5462,2860,2,0.85302734375,123.2294921875,67.728271484375,139.052734375,88.346435546875
5463,2860,2,0.84814453125,115.5576171875,27.57080078125,129.70263671875,45.31201171875
5464,2860,2,0.8447265625,71.803955078125,42.43505859375,86.428466796875,61.61474609375
5465,2860,2,0.82763671875,193.47509765625,47.349853515625,207.38037109375,66.289794921875
5466,2860,2,0.0018672943115234375,117.115966796875,39.318359375,131.980224609375,62.333984375
5467,2864,4,0.1375732421875,220.76171875,76.150390625,325.93359375,139.154296875
5468,2864,3,0.0328369140625,218.77734375,76.3984375,323.453125,138.658203125
5469,2865,15,0.87744140625,185.64697265625,123.279296875,211.85595703125,152.8857421875
5470,2865,6,0.7958984375,72.07470703125,54.11669921875,138.08251953125,99.73974609375
5471,2865,2,0.0010042190551757812,23.69122314453125,73.2880859375,61.42730712890625,97.5556640625
5472,2866,17,0.83740234375,43.097900390625,151.3798828125,62.5576171875,170.4814453125
5473,2866,17,0.0048675537109375,169.048828125,184.8076171875,197.2236328125,204.8642578125
5474,2866,7,0.0017480850219726562,168.81005859375,184.56884765625,196.98486328125,205.10302734375
5475,2866,17,0.0014896392822265625,484.224609375,25.07080078125,489.0,41.78466796875
5476,2866,2,0.0011606216430664062,484.224609375,22.921875,489.0,41.30712890625
5477,2871,9,0.87646484375,417.58154296875,201.57421875,437.15185546875,222.123046875
5478,2871,9,0.8642578125,335.630859375,171.240234375,354.22265625,185.91796875
5479,2871,17,0.845703125,424.92041015625,140.90625,441.55517578125,155.583984375
5480,2871,10,0.82080078125,303.33984375,220.41064453125,323.888671875,243.40576171875
5481,2871,17,0.62451171875,192.03369140625,138.21533203125,198.88330078125,147.51123046875
5482,2877,17,0.80810546875,204.4169921875,178.689453125,220.08740234375,195.529296875
5483,2877,17,0.79833984375,198.3359375,207.69140625,214.7080078125,224.0634765625
5484,2877,2,0.64794921875,153.780517578125,179.1572265625,173.427001953125,195.9970703125
5485,2877,2,0.445556640625,212.018310546875,148.751953125,226.987060546875,165.591796875
5486,2877,2,0.004505157470703125,198.56982421875,207.45751953125,214.47412109375,224.29736328125
5487,2877,17,0.00345611572265625,264.759765625,174.01171875,278.79296875,188.044921875
5488,2889,15,0.83349609375,252.44140625,34.423828125,315.4296875,105.712890625
5489,2889,6,0.001628875732421875,427.24609375,156.73828125,475.5859375,193.84765625
5490,2891,9,0.888671875,337.048828125,64.623046875,353.384765625,79.517578125
5491,2891,9,0.88720703125,300.29296875,81.19921875,317.58984375,98.49609375
5492,2891,10,0.88330078125,252.005859375,61.3798828125,269.302734375,76.0341796875
5493,2891,11,0.87890625,371.8828125,82.5205078125,390.140625,97.8955078125
5494,2891,10,0.8662109375,327.19921875,20.66015625,342.57421875,34.833984375
5495,2891,17,0.83642578125,307.01953125,45.884765625,320.47265625,59.337890625
5496,2891,17,0.83447265625,283.4765625,52.37109375,297.41015625,65.82421875
5497,2893,10,0.83642578125,388.076171875,96.66015625,400.517578125,107.666015625
5498,2893,9,0.83642578125,388.3154296875,113.1689453125,402.6708984375,123.2177734375
5499,2893,17,0.82080078125,411.5234375,101.923828125,421.09375,111.494140625
5500,2893,10,0.81298828125,463.203125,103.837890625,475.64453125,114.1259765625
5501,2893,11,0.7919921875,420.615234375,130.8740234375,430.185546875,140.9228515625
5502,2893,17,0.521484375,424.921875,119.3896484375,435.44921875,128.9599609375
5503,2893,17,0.2509765625,433.056640625,108.3837890625,443.10546875,117.4755859375
5504,2893,9,0.0592041015625,433.056640625,108.50341796875,442.626953125,117.35595703125
5505,2893,10,0.0226287841796875,420.13671875,130.8740234375,429.70703125,140.9228515625
5506,2894,7,0.85107421875,388.869140625,26.8017578125,429.802734375,57.0146484375
5507,2894,7,0.72021484375,366.9404296875,109.15625,405.9248046875,131.32861328125
5508,2904,10,0.908203125,52.161865234375,118.67578125,72.664794921875,136.525390625
5509,2904,9,0.900390625,146.65625,96.966796875,167.400390625,113.1279296875
5510,2904,9,0.88427734375,124.7060546875,127.359375,144.0029296875,148.5859375
5511,2904,11,0.8759765625,198.39599609375,108.544921875,220.82861328125,124.46484375
5512,2904,10,0.85888671875,103.60009765625,46.794921875,120.00244140625,63.4384765625
5513,2904,17,0.85888671875,80.021728515625,98.1728515625,96.665283203125,114.0927734375
5514,2904,17,0.83984375,97.32861328125,82.494140625,112.76611328125,98.4140625
5515,2904,15,0.005489349365234375,104.866455078125,0.542724609375,120.906982421875,13.990234375
5516,2905,3,0.85888671875,158.2998046875,91.06494140625,211.3095703125,150.275390625
5517,2905,0,0.8388671875,240.9755859375,20.912109375,276.9638671875,53.982421875
5518,2905,3,0.83740234375,277.4501953125,48.3896484375,328.0283203125,96.779296875
5519,2905,0,0.83349609375,378.36328125,99.2109375,422.619140625,142.98046875
5520,2905,4,0.74609375,230.64111328125,187.72265625,306.38671875,238.30078125
5521,2905,13,0.7216796875,257.9970703125,118.9072265625,296.9033203125,158.2998046875
5522,2905,12,0.65478515625,359.1533203125,11.671875,398.5458984375,50.091796875
5523,2905,3,0.4091796875,230.2763671875,186.75,306.6298828125,238.30078125
5524,2905,12,0.39599609375,257.75390625,118.78564453125,296.66015625,158.54296875
5525,2905,13,0.30322265625,358.91015625,11.671875,397.81640625,49.60546875
5526,2907,6,0.85791015625,52.55224609375,164.31494140625,124.722412109375,199.98388671875
5527,2907,15,0.83642578125,181.673828125,164.79052734375,203.0751953125,186.66748046875
5528,2908,15,0.87060546875,198.507568359375,201.39453125,232.458251953125,234.65234375
5529,2908,15,0.865234375,300.7060546875,191.6943359375,326.111328125,219.87109375
5530,2908,15,0.81884765625,225.8759765625,169.5224609375,246.662109375,193.080078125
5531,2911,12,0.87158203125,267.9140625,82.509765625,305.771484375,118.42578125
5532,2911,13,0.8291015625,378.81689453125,101.68115234375,426.38134765625,143.90673828125
5533,2911,6,0.004573822021484375,0.03033447265625,80.204345703125,30.06146240234375,118.547119140625
5534,2911,11,0.0034027099609375,267.4287109375,82.9951171875,305.2861328125,118.9111328125
5535,2911,11,0.002590179443359375,378.33154296875,100.953125,426.38134765625,144.39208984375
5536,2914,4,0.85986328125,303.455078125,106.6259765625,367.67578125,134.5693359375
5537,2914,13,0.66015625,274.041015625,162.7578125,305.416015625,191.681640625
5538,2914,1,0.5546875,381.40234375,154.1787109375,413.267578125,185.5537109375
5539,2914,0,0.2337646484375,381.40234375,154.423828125,413.267578125,185.798828125
5540,2914,11,0.0082550048828125,274.53125,162.7578125,305.90625,192.171875
5541,2914,10,0.00397491455078125,274.041015625,162.7578125,305.90625,192.171875
5542,2915,2,0.8798828125,275.9453125,81.2880859375,295.2421875,104.4443359375
5543,2915,2,0.8232421875,348.791015625,91.53955078125,371.46484375,114.93701171875
5544,2915,2,0.74609375,416.330078125,98.896484375,437.556640625,123.017578125
5545,2915,17,0.0247039794921875,276.427734375,81.16748046875,295.2421875,102.39404296875
5546,2915,9,0.001918792724609375,348.791015625,91.53955078125,370.017578125,112.76611328125
5547,2920,17,0.87841796875,277.9365234375,194.044921875,297.3896484375,212.525390625
5548,2920,9,0.84716796875,150.64013671875,106.14111328125,172.28173828125,123.64892578125
5549,2920,9,0.79931640625,241.9482421875,135.685546875,261.8876953125,150.275390625
5550,2920,9,0.7734375,158.7861328125,177.0234375,183.5888671875,195.50390625
5551,2920,11,0.341552734375,409.001953125,99.4541015625,429.427734375,115.5029296875
5552,2920,11,0.10858154296875,333.134765625,111.85546875,346.265625,129.849609375
5553,2922,2,0.89306640625,175.7275390625,59.45849609375,205.095703125,95.326171875
5554,2922,2,0.884765625,63.430419921875,90.9931640625,104.112548828125,118.9169921875
5555,2922,17,0.806640625,91.71533203125,38.515625,107.84375,53.921875
5556,2935,9,0.90185546875,160.23193359375,53.57373046875,178.82373046875,70.69775390625
5557,2935,11,0.89306640625,184.572509765625,25.68603515625,201.207275390625,40.36376953125
5558,2935,17,0.87255859375,168.7939453125,92.102783203125,186.4072265625,108.982177734375
5559,2935,10,0.87158203125,206.589111328125,107.63671875,228.605712890625,126.47314453125
5560,2935,10,0.86328125,65.438232421875,72.043212890625,88.433349609375,90.145751953125
5561,2935,17,0.85400390625,128.185546875,86.476318359375,145.3095703125,103.600341796875
5562,2935,9,0.77587890625,216.7412109375,66.0498046875,240.2255859375,84.15234375
5563,2946,10,0.8662109375,177.5234375,92.2734375,193.0234375,106.3203125
5564,2946,9,0.865234375,102.9296875,101.4765625,119.15625,115.0390625
5565,2946,11,0.8642578125,69.62890625,115.765625,86.09765625,129.0859375
5566,2946,10,0.845703125,97.6015625,61.2734375,112.01171875,75.8046875
5567,2946,9,0.8388671875,67.8125,83.3125,84.765625,96.390625
5568,2946,17,0.82666015625,139.62109375,89.3671875,152.69921875,101.4765625
5569,2946,17,0.8232421875,117.09765625,74.23046875,129.93359375,86.82421875
5570,2955,11,0.9208984375,74.5576171875,170.31298828125,98.435546875,192.72900390625
5571,2955,9,0.90283203125,88.9940185546875,84.791015625,111.0445556640625,106.232421875
5572,2955,9,0.8955078125,130.1103515625,135.9580078125,153.5009765625,156.4248046875
5573,2955,10,0.89404296875,142.04931640625,31.6748046875,161.05419921875,53.84716796875
5574,2955,10,0.89111328125,242.43408203125,132.0595703125,264.85009765625,153.5009765625
5575,2955,17,0.865234375,192.72900390625,105.379638671875,210.0283203125,122.678955078125
5576,2955,17,0.85986328125,164.46533203125,70.050048828125,181.7646484375,87.593017578125
5577,2956,0,0.88720703125,48.6492919921875,112.579833984375,93.1798095703125,156.6328125
5578,2956,1,0.59619140625,139.322021484375,120.936767578125,184.688232421875,166.6611328125
5579,2956,2,0.0194244384765625,138.486328125,121.294921875,184.8076171875,166.18359375
5580,2956,6,0.0011835098266601562,0.0,50.1416015625,10.550628662109375,185.28515625
5581,2969,2,0.8818359375,201.05712890625,114.974365234375,230.42236328125,152.9833984375
5582,2969,7,0.85986328125,243.9208984375,165.2978515625,278.0224609375,194.6630859375
5583,2969,14,0.0022258758544921875,0.0074005126953125,110.948486328125,7.382011413574219,177.138671875
5584,2983,2,0.006488800048828125,363.69482421875,95.4189453125,394.86181640625,133.298828125
5585,2983,6,0.0015611648559570312,219.487548828125,109.32421875,235.790283203125,127.544921875
5586,2985,9,0.9150390625,391.54931640625,102.09033203125,426.14794921875,135.71435546875
5587,2985,10,0.87841796875,398.1279296875,20.9541015625,421.5185546875,43.3701171875
5588,2985,10,0.85888671875,278.73828125,59.329345703125,300.1796875,84.912841796875
5589,2985,9,0.75341796875,298.47412109375,12.669921875,319.91552734375,36.30419921875
5590,2985,9,0.65478515625,174.9423828125,35.81689453125,193.947265625,53.603515625
5591,2985,10,0.515625,298.47412109375,12.669921875,319.91552734375,35.5732421875
5592,2985,17,0.235107421875,175.307861328125,35.695068359375,194.069091796875,53.238037109375
5593,2985,15,0.0013151168823242188,0.01903533935546875,155.9375,4.602745056152344,188.099609375
5594,2986,12,0.82666015625,155.89599609375,151.787109375,208.58642578125,203.994140625
5595,2986,0,0.78515625,251.12548828125,150.3369140625,307.68310546875,200.6103515625
5596,2986,1,0.005062103271484375,156.86279296875,152.2705078125,207.61962890625,203.5107421875
5597,2986,17,0.004314422607421875,156.62109375,153.2373046875,206.89453125,204.4775390625
5598,2986,11,0.0029125213623046875,158.0712890625,152.75390625,207.3779296875,203.994140625
5599,2990,2,0.83740234375,200.173828125,37.8271484375,221.505859375,67.5927734375
5600,2990,2,0.0013780593872070312,433.5859375,121.791015625,456.40625,141.138671875
5601,2997,15,0.87744140625,86.781982421875,47.912109375,107.80224609375,66.2314453125
5602,2999,12,0.90673828125,232.5615234375,147.19384765625,278.693359375,188.56982421875
5603,2999,12,0.90576171875,150.7607421875,154.08984375,189.52099609375,186.4296875
5604,2999,12,0.9033203125,299.619140625,121.03662109375,335.2880859375,152.90087890625
5605,2999,12,0.900390625,344.56201171875,157.65673828125,388.79150390625,197.60595703125
5606,2999,12,0.8955078125,201.1728515625,187.8564453125,243.9755859375,220.671875
5607,2999,12,0.2337646484375,152.42529296875,125.79248046875,201.88623046875,153.85205078125
5608,2999,14,0.004848480224609375,239.814208984375,1.18896484375,464.171875,127.69482421875
5609,3001,0,0.91650390625,124.4605712890625,52.80517578125,160.87158203125,89.64599609375
5610,3001,12,0.916015625,72.69921875,105.36474609375,109.048828125,138.76708984375
5611,3001,13,0.90966796875,202.62451171875,100.20703125,237.50048828125,135.0830078125
5612,3001,3,0.884765625,85.593505859375,164.064453125,151.415771484375,237.74609375
5613,3001,12,0.87890625,373.8115234375,37.8232421875,411.1435546875,71.716796875
5614,3001,3,0.8759765625,372.8291015625,138.76708984375,420.9677734375,233.57080078125
5615,3001,1,0.84375,194.0283203125,171.923828125,233.81640625,209.255859375
5616,3001,4,0.8408203125,238.360107421875,29.47265625,314.8662109375,78.1025390625
5617,3001,0,0.83203125,306.515625,115.4345703125,343.84765625,154.7314453125
5618,3001,13,0.57568359375,306.515625,115.557373046875,343.84765625,154.7314453125
5619,3001,12,0.012969970703125,75.278076171875,97.01416015625,97.628173828125,110.27685546875
5620,3001,3,0.003765106201171875,85.22509765625,164.064453125,129.43408203125,181.748046875
5621,3013,7,0.8291015625,226.30078125,93.3310546875,266.66015625,125.5224609375
5622,3013,7,0.71875,201.076171875,174.890625,245.279296875,197.953125
5623,3016,15,0.86328125,24.62451171875,108.9765625,59.302734375,141.6015625
5624,3016,15,0.85986328125,129.93359375,103.3125,156.66796875,132.5390625
5625,3016,15,0.79931640625,55.677734375,78.27734375,77.767578125,101.38671875
5626,3016,15,0.00424957275390625,0.007080078125,87.90625,7.172119140625,108.75
5627,3016,7,0.0012645721435546875,0.021240234375,87.6796875,4.99853515625,107.1640625
5628,3022,7,0.87646484375,380.5849609375,141.8056640625,413.234375,169.0947265625
5629,3025,1,0.6943359375,296.8984375,204.921875,349.3203125,253.53125
5630,3025,12,0.640625,433.671875,139.15625,480.375,184.90625
5631,3025,6,0.004215240478515625,467.984375,39.5546875,488.0,76.7265625
5632,3025,2,0.0039005279541015625,295.9453125,204.4453125,348.3671875,253.53125
5633,3025,6,0.00284576416015625,424.6171875,36.6953125,488.0,80.0625
5634,3025,1,0.001495361328125,433.671875,139.15625,479.421875,185.859375
5635,3028,2,0.892578125,185.1005859375,114.3515625,217.2919921875,149.90625
5636,3028,2,0.89013671875,306.5390625,102.580078125,335.3671875,138.615234375
5637,3028,17,0.77880859375,223.2978515625,83.841796875,238.6728515625,97.294921875
5638,3028,2,0.007122039794921875,0.0,151.107421875,4.9248046875,174.650390625
5639,3028,2,0.0017004013061523438,0.0,143.66015625,5.394012451171875,171.046875
5640,3031,11,0.8896484375,171.251220703125,52.52197265625,184.813232421875,67.31689453125
5641,3031,9,0.8818359375,130.44189453125,27.247314453125,149.4287109375,40.809326171875
5642,3031,10,0.87841796875,231.2939453125,3.9453125,247.568359375,16.767578125
5643,3031,10,0.8681640625,132.6611328125,1.356201171875,148.4423828125,14.918212890625
5644,3031,17,0.82568359375,163.360595703125,6.4111328125,176.429443359375,19.47998046875
5645,3031,9,0.7734375,180.25146484375,32.178955078125,194.306640625,45.740966796875
5646,3031,17,0.72021484375,192.8271484375,13.3154296875,205.6494140625,24.658203125
5647,3038,5,0.85888671875,287.3671875,184.4296875,332.1640625,211.59375
5648,3038,5,0.83203125,304.046875,228.75,354.5625,246.859375
5649,3038,5,0.80078125,76.5478515625,161.31640625,103.1162109375,178.47265625
5650,3038,5,0.7890625,12.8895263671875,157.98046875,26.00244140625,167.51171875
5651,3038,5,0.74609375,24.09619140625,153.69140625,34.40185546875,160.83984375
5652,3038,5,0.57568359375,37.291015625,159.171875,48.013671875,167.75
5653,3038,5,0.055206298828125,4.5869140625,169.1796875,16.35205078125,176.8046875
5654,3038,5,0.0154876708984375,4.169921875,168.2265625,15.1904296875,174.8984375
5655,3038,5,0.01395416259765625,7.1484375,165.3671875,20.745361328125,173.9453125
5656,3038,5,0.0129241943359375,4.97784423828125,159.6484375,20.10498046875,168.2265625
5657,3038,5,0.01233673095703125,35.4443359375,157.265625,45.3330078125,164.890625
5658,3038,5,0.0120086669921875,3.886962890625,164.4140625,14.490478515625,171.0859375
5659,3038,5,0.0112457275390625,76.7265625,160.125,94.001953125,171.5625
5660,3038,5,0.007965087890625,28.56396484375,173.9453125,39.40576171875,181.5703125
5661,3038,5,0.007038116455078125,8.920654296875,156.3125,17.945556640625,164.4140625
5662,3038,5,0.006744384765625,4.035888671875,172.9921875,17.3349609375,180.6171875
5663,3038,5,0.006488800048828125,26.30029296875,155.359375,34.52099609375,164.890625
5664,3038,5,0.005706787109375,6.656982421875,156.3125,14.98193359375,162.984375
5665,3038,5,0.005687713623046875,33.6572265625,173.9453125,39.6142578125,180.6171875
5666,3038,5,0.0055999755859375,4.52734375,159.6484375,13.73095703125,167.2734375
5667,3038,5,0.004608154296875,314.0546875,227.3203125,385.5390625,246.3828125
5668,3038,5,0.00345611572265625,44.2607421875,177.28125,52.7197265625,184.90625
5669,3038,5,0.00319671630859375,30.455322265625,171.0859375,39.3759765625,180.140625
5670,3038,5,0.003147125244140625,2.53173828125,160.83984375,10.529052734375,170.37109375
5671,3038,5,0.003124237060546875,291.65625,148.2109375,305.953125,157.7421875
5672,3038,5,0.0030517578125,368.859375,84.828125,404.125,98.6484375
5673,3038,5,0.0028228759765625,9.188720703125,154.8828125,15.51806640625,161.5546875
5674,3038,5,0.0021495819091796875,481.8046875,6.43359375,488.0,15.48828125
5675,3038,5,0.002140045166015625,4.24810791015625,176.8046875,17.796630859375,184.4296875
5676,3038,5,0.0020999908447265625,3.7156982421875,163.4609375,12.9788818359375,169.65625
5677,3038,5,0.0020351409912109375,171.80078125,152.9765625,184.66796875,162.5078125
5678,3038,5,0.001987457275390625,83.755859375,139.15625,95.193359375,146.78125
5679,3038,5,0.001964569091796875,133.9140625,235.421875,165.3671875,246.859375
5680,3038,14,0.0018825531005859375,7.07769775390625,216.59765625,19.256103515625,229.94140625
5681,3038,5,0.0017004013061523438,22.041015625,157.265625,31.333984375,164.890625
5682,3038,14,0.0016489028930664062,464.6484375,200.15625,470.3671875,218.265625
5683,3038,5,0.00154876708984375,3.8125,170.609375,19.524169921875,178.234375
5684,3038,17,0.0014209747314453125,423.6640625,27.40234375,433.1953125,40.74609375
5685,3038,5,0.00133514404296875,13.0458984375,161.078125,25.615234375,172.515625
5686,3038,5,0.0010404586791992188,79.705078125,159.171875,93.64453125,166.3203125
5687,3041,4,0.7744140625,201.15087890625,65.57666015625,304.30517578125,114.20654296875
5688,3041,3,0.76611328125,194.51953125,146.8720703125,314.375,198.9404296875
5689,3041,3,0.73876953125,193.29150390625,8.10498046875,297.1826171875,37.08642578125
5690,3041,3,0.1993408203125,191.81787109375,7.859375,299.39306640625,66.8046875
5691,3041,3,0.0068511962890625,214.536376953125,145.8896484375,314.8662109375,227.4306640625
5692,3041,3,0.004085540771484375,287.11279296875,161.6083984375,352.93505859375,220.5537109375
5693,3041,6,0.0014438629150390625,388.5478515625,8.841796875,412.6171875,32.9111328125
5694,3046,17,0.83740234375,390.3310546875,57.0146484375,400.0771484375,66.2734375
5695,3046,9,0.83544921875,366.69677734375,67.126220703125,380.82861328125,77.115966796875
5696,3046,10,0.83349609375,441.0107421875,62.8623046875,453.193359375,73.095703125
5697,3046,10,0.81298828125,367.9150390625,50.43603515625,379.6103515625,61.64404296875
5698,3046,10,0.56005859375,397.1533203125,86.49658203125,406.8994140625,96.24267578125
5699,3046,9,0.20556640625,402.513671875,75.28857421875,413.234375,84.54736328125
5700,3046,17,0.1778564453125,402.513671875,75.28857421875,413.234375,84.54736328125
5701,3046,17,0.1259765625,411.52880859375,65.05517578125,421.27490234375,74.31396484375
5702,3046,9,0.036773681640625,411.52880859375,65.298828125,421.27490234375,73.82666015625
5703,3049,2,0.8759765625,80.32763671875,88.5146484375,120.66943359375,115.0927734375
5704,3049,7,0.8681640625,114.6181640625,140.484375,143.806640625,171.80859375
5705,3049,7,0.0234222412109375,128.14453125,157.5703125,142.3828125,171.80859375
5706,3049,14,0.006191253662109375,168.7236328125,22.5439453125,178.6904296875,48.41015625
5707,3049,7,0.0057525634765625,117.228515625,157.095703125,142.6201171875,172.283203125
5708,3053,2,0.892578125,65.77587890625,173.619140625,90.09228515625,195.990234375
5709,3053,2,0.873046875,185.77734375,108.2080078125,203.28515625,127.1748046875
5710,3053,2,0.85400390625,171.673828125,165.837890625,193.072265625,186.263671875
5711,3053,2,0.84375,88.87646484375,109.423828125,107.35693359375,131.794921875
5712,3058,14,0.8623046875,100.7010498046875,47.2763671875,156.1552734375,171.4365234375
5713,3058,14,0.85302734375,216.56396484375,55.63330078125,263.36279296875,162.12451171875
5714,3058,14,0.82421875,54.3797607421875,54.439453125,101.5367431640625,161.8857421875
5715,3058,14,0.10968017578125,393.0146484375,81.181640625,411.1611328125,125.5927734375
5716,3058,14,0.009124755859375,0.044769287109375,85.95703125,7.506317138671875,192.4482421875
5717,3058,14,0.003147125244140625,0.05596160888671875,17.43017578125,5.52154541015625,120.57861328125
5718,3058,14,0.003040313720703125,0.0,69.95947265625,16.997406005859375,191.73193359375
5719,3058,14,0.00263214111328125,0.014923095703125,7.640625,5.965507507324219,87.8671875
5720,3063,15,0.880859375,312.046875,39.498046875,332.71875,57.462890625
5721,3068,9,0.87060546875,40.001220703125,121.3330078125,61.995849609375,139.21875
5722,3068,9,0.861328125,131.72607421875,156.1376953125,151.787109375,171.6064453125
5723,3068,17,0.83984375,163.8720703125,215.83740234375,183.69140625,235.17333984375
5724,3068,9,0.74169921875,44.23095703125,194.56787109375,69.1259765625,213.42041015625
5725,3068,11,0.609375,299.2236328125,127.1337890625,318.5595703125,144.5361328125
5726,3068,11,0.486328125,224.05517578125,136.07666015625,237.10693359375,153.47900390625
5727,3068,11,0.10125732421875,399.7705078125,102.359619140625,422.9736328125,113.961181640625
5728,3068,11,0.0029811859130859375,68.038330078125,104.4140625,80.123291015625,112.1484375
5729,3068,2,0.001987457275390625,43.9288330078125,194.326171875,69.1864013671875,213.662109375
5730,3068,5,0.0014324188232421875,209.55322265625,210.76171875,267.07763671875,250.400390625
5731,3068,11,0.0011425018310546875,398.8037109375,102.23876953125,422.9736328125,121.09130859375
5732,3070,9,0.8974609375,247.3173828125,142.3125,269.0595703125,158.125
5733,3070,10,0.89697265625,153.4306640625,114.146484375,172.7021484375,131.935546875
5734,3070,9,0.89697265625,276.224609375,177.890625,296.978515625,199.6328125
5735,3070,10,0.89697265625,212.974609375,204.57421875,232.9873046875,225.328125
5736,3070,11,0.88330078125,300.4375,130.453125,321.19140625,145.27734375
5737,3070,17,0.86083984375,204.3271484375,173.6904296875,221.869140625,190.9853515625
5738,3070,17,0.84912109375,188.267578125,152.1953125,205.5625,168.0078125
5739,3071,11,0.88720703125,188.76708984375,50.99853515625,204.9609375,63.56689453125
5740,3071,10,0.875,295.83984375,34.56298828125,312.275390625,48.8232421875
5741,3071,9,0.85498046875,189.0087890625,18.369140625,205.927734375,31.66259765625
5742,3071,9,0.83642578125,222.12158203125,39.034423828125,238.07373046875,52.327880859375
5743,3071,10,0.830078125,219.583740234375,0.0,233.843994140625,12.689208984375
5744,3071,17,0.81982421875,237.59033203125,12.32666015625,250.64208984375,24.89501953125
5745,3071,17,0.74462890625,258.85986328125,29.00390625,271.91162109375,41.0888671875
5746,3086,7,0.89501953125,297.61328125,32.40625,339.55078125,64.3359375
5747,3086,7,0.6943359375,373.625,171.5625,419.8515625,212.546875
5748,3086,17,0.002452850341796875,376.484375,172.515625,419.8515625,211.1171875
5749,3087,16,0.8056640625,174.580078125,213.046875,252.9931640625,254.47265625
5750,3087,14,0.79931640625,205.772705078125,150.66162109375,229.691162109375,184.68994140625
5751,3087,14,0.7705078125,122.7978515625,131.181640625,137.5927734375,162.744140625
5752,3087,14,0.76220703125,161.7578125,134.6337890625,174.0869140625,161.2646484375
5753,3087,14,0.75341796875,82.60498046875,122.55126953125,96.41357421875,153.12744140625
5754,3087,14,0.74609375,98.016357421875,130.6884765625,110.098876953125,153.3740234375
5755,3087,16,0.74462890625,251.0205078125,192.08740234375,279.130859375,210.33447265625
5756,3087,14,0.7041015625,60.166015625,119.09912109375,73.604736328125,146.22314453125
5757,3087,14,0.689453125,195.7861328125,145.4833984375,207.6220703125,168.1689453125
5758,3087,14,0.64404296875,58.65570068359375,142.03125,73.974609375,162.744140625
5759,3087,14,0.57958984375,21.652984619140625,104.0576171875,58.6248779296875,163.73046875
5760,3087,14,0.537109375,223.64990234375,137.34619140625,232.03369140625,158.05908203125
5761,3087,16,0.390380859375,141.044921875,170.1416015625,230.80078125,200.7177734375
5762,3087,16,0.19873046875,0.24658203125,151.89453125,93.2080078125,191.8408203125
5763,3087,16,0.161865234375,14.918212890625,162.00439453125,155.83984375,194.55322265625
5764,3087,16,0.1456298828125,0.0,146.4697265625,63.248291015625,190.361328125
5765,3087,14,0.1268310546875,0.0,139.072265625,4.8931121826171875,157.3193359375
5766,3087,14,0.11163330078125,199.97802734375,135.6201171875,209.34814453125,148.4423828125
5767,3087,14,0.09234619140625,224.8828125,136.6064453125,234.99267578125,157.3193359375
5768,3087,16,0.08477783203125,68.919677734375,160.03173828125,165.333251953125,191.10107421875
5769,3087,14,0.06256103515625,221.18408203125,137.34619140625,229.56787109375,157.56591796875
5770,3087,16,0.058990478515625,27.40142822265625,158.3056640625,116.8798828125,189.8681640625
5771,3087,16,0.049591064453125,0.0,158.55224609375,114.4140625,196.52587890625
5772,3087,16,0.048126220703125,0.0,147.4560546875,20.2197265625,180.9912109375
5773,3087,16,0.048126220703125,100.85205078125,169.6484375,211.5673828125,201.2109375
5774,3087,14,0.039337158203125,108.8043212890625,136.6064453125,121.2567138671875,163.2373046875
5775,3087,14,0.03582763671875,0.0231170654296875,139.5654296875,9.200592041015625,159.2919921875
5776,3087,14,0.03271484375,257.67822265625,140.05859375,269.51416015625,164.2236328125
5777,3087,16,0.02386474609375,0.0,154.11376953125,27.86376953125,178.77197265625
5778,3087,16,0.0233306884765625,184.19677734375,179.51171875,231.54052734375,200.7177734375
5779,3087,16,0.0222015380859375,79.3994140625,166.689453125,179.51171875,196.279296875
5780,3087,16,0.021453857421875,0.0,136.11328125,15.673370361328125,188.388671875
5781,3087,14,0.0189056396484375,98.262939453125,138.0859375,107.509765625,154.853515625
5782,3087,14,0.01490020751953125,0.138702392578125,140.05859375,18.4320068359375,158.798828125
5783,3087,14,0.01422882080078125,90.49560546875,124.400634765625,98.1396484375,148.935546875
5784,3087,14,0.01384735107421875,0.0616455078125,139.072265625,16.3360595703125,173.59375
5785,3087,16,0.01332855224609375,0.0,159.2919921875,49.2547607421875,180.0048828125
5786,3087,14,0.0103302001953125,122.921142578125,146.71630859375,131.798095703125,164.47021484375
5787,3087,16,0.0094146728515625,19.603271484375,124.52392578125,62.261962890625,178.27880859375
5788,3087,16,0.00894927978515625,27.77130126953125,152.14111328125,61.86126708984375,178.27880859375
5789,3087,16,0.00881195068359375,102.701416015625,165.2099609375,166.072998046875,188.8818359375
5790,3087,14,0.00878143310546875,219.70458984375,140.5517578125,225.869140625,159.2919921875
5791,3087,14,0.006313323974609375,88.76953125,135.126953125,95.92041015625,153.8671875
5792,3087,14,0.00605010986328125,222.540283203125,139.5654296875,230.430908203125,161.2646484375
5793,3087,14,0.00595855712890625,0.0,133.154296875,3.79119873046875,155.83984375
5794,3087,14,0.00579833984375,206.142578125,147.70263671875,213.29345703125,165.94970703125
5795,3087,14,0.005641937255859375,174.0869140625,134.88037109375,185.4296875,162.49755859375
5796,3087,14,0.005405426025390625,0.01926422119140625,138.0859375,6.060523986816406,168.1689453125
5797,3087,14,0.00536346435546875,91.48193359375,137.34619140625,97.646484375,153.62060546875
5798,3087,16,0.00518035888671875,243.37646484375,225.3759765625,285.78857421875,255.9521484375
5799,3087,14,0.005161285400390625,159.661865234375,132.41455078125,168.045654296875,144.25048828125
5800,3087,16,0.004772186279296875,0.03082275390625,152.880859375,22.454376220703125,194.306640625
5801,3087,14,0.004085540771484375,331.15966796875,167.67578125,338.55712890625,177.0458984375
5802,3087,16,0.004070281982421875,105.29052734375,174.580078125,162.49755859375,190.8544921875
5803,3087,14,0.004055023193359375,97.89306640625,128.7158203125,107.26318359375,144.4970703125
5804,3087,16,0.004055023193359375,0.0385284423828125,144.00390625,11.643295288085938,180.498046875
5805,3087,16,0.003765106201171875,33.99749755859375,157.07275390625,157.07275390625,184.68994140625
5806,3087,14,0.003749847412109375,145.4833984375,134.38720703125,152.880859375,155.59326171875
5807,3087,14,0.0032482147216796875,75.70068359375,122.674560546875,87.53662109375,147.4560546875
5808,3087,14,0.003185272216796875,108.865966796875,136.35986328125,134.017333984375,162.00439453125
5809,3087,16,0.003124237060546875,11.466064453125,171.1279296875,157.935791015625,205.6494140625
5810,3087,14,0.0030994415283203125,89.50927734375,123.04443359375,98.1396484375,140.30517578125
5811,3087,14,0.0029697418212890625,162.744140625,132.6611328125,173.59375,144.4970703125
5812,3087,16,0.0029468536376953125,66.700439453125,149.921875,153.250732421875,187.40234375
5813,3087,16,0.0026111602783203125,177.78564453125,162.744140625,230.06103515625,198.251953125
5814,3087,14,0.0025119781494140625,0.0,110.46875,6.4727783203125,151.4013671875
5815,3087,14,0.00250244140625,163.73046875,128.099365234375,177.29248046875,140.05859375
5816,3087,14,0.002414703369140625,199.361572265625,136.6064453125,212.923583984375,150.4150390625
5817,3087,14,0.0024051666259765625,129.94873046875,123.167724609375,141.78466796875,138.0859375
5818,3087,16,0.002216339111328125,237.705078125,223.896484375,261.8701171875,255.458984375
5819,3087,14,0.0020503997802734375,0.0,111.20849609375,3.652496337890625,141.78466796875
5820,3087,16,0.0020351409912109375,73.72802734375,173.34716796875,126.98974609375,190.11474609375
5821,3087,14,0.001964569091796875,130.811767578125,147.70263671875,138.455810546875,164.47021484375
5822,3087,14,0.0018968582153320312,200.101318359375,144.4970703125,209.471435546875,163.73046875
5823,3087,14,0.0018825531005859375,217.362060546875,144.00390625,224.019775390625,156.826171875
5824,3087,14,0.0018529891967773438,136.976318359375,132.90771484375,146.099853515625,152.14111328125
5825,3087,16,0.0017681121826171875,0.0231170654296875,148.19580078125,14.725570678710938,208.85498046875
5826,3087,16,0.0017337799072265625,31.80908203125,149.4287109375,91.605224609375,180.9912109375
5827,3087,14,0.0016546249389648438,79.769287109375,119.8388671875,92.344970703125,147.4560546875
5828,3087,16,0.0016231536865234375,235.115966796875,202.93701171875,281.5966796875,229.56787109375
5829,3087,16,0.0015668869018554688,49.77874755859375,170.38818359375,174.0869140625,201.95068359375
5830,3087,14,0.0015544891357421875,0.0,103.0712890625,6.045112609863281,141.044921875
5831,3087,14,0.0014438629150390625,125.7568359375,147.4560546875,137.34619140625,164.2236328125
5832,3087,14,0.0014324188232421875,253.23974609375,139.5654296875,266.55517578125,164.2236328125
5833,3087,14,0.0013723373413085938,164.47021484375,131.6748046875,175.31982421875,146.4697265625
5834,3087,14,0.00130462646484375,131.6748046875,130.44189453125,144.990234375,147.70263671875
5835,3087,14,0.0012788772583007812,28.6651611328125,151.4013671875,61.0906982421875,177.0458984375
5836,3087,14,0.0011882781982421875,146.71630859375,134.6337890625,155.10009765625,157.3193359375
5837,3087,14,0.0011882781982421875,204.046630859375,144.990234375,212.183837890625,160.771484375
5838,3087,14,0.0011425018310546875,52.02880859375,119.09912109375,60.289306640625,143.26416015625
5839,3087,14,0.0010900497436523438,0.03082275390625,99.37255859375,9.8016357421875,141.29150390625
5840,3087,14,0.001056671142578125,203.6767578125,154.853515625,211.07421875,183.45703125
5841,3087,16,0.0010080337524414062,130.6884765625,183.9501953125,173.59375,193.8134765625
5842,3089,2,0.8623046875,110.7421875,174.234375,129.19921875,200.3203125
5843,3089,2,0.861328125,47.49609375,130.921875,64.96875,154.546875
5844,3089,2,0.85498046875,182.35546875,141.75,198.10546875,164.8828125
5845,3089,2,0.85400390625,129.076171875,118.6171875,144.580078125,140.765625
5846,3092,8,0.88818359375,382.8125,94.8486328125,500.0,228.515625
5847,3092,8,0.8056640625,52.459716796875,122.314453125,85.44921875,145.751953125
5848,3092,14,0.7548828125,251.953125,95.458984375,270.5078125,140.869140625
5849,3092,14,0.708984375,150.87890625,114.2578125,167.48046875,140.869140625
5850,3092,14,0.6943359375,116.63818359375,97.65625,160.64453125,171.38671875
5851,3092,8,0.1475830078125,113.22021484375,91.552734375,174.31640625,170.654296875
5852,3092,14,0.03271484375,166.748046875,123.291015625,176.025390625,141.845703125
5853,3092,8,0.0224609375,482.421875,149.169921875,500.0,223.388671875
5854,3092,14,0.01363372802734375,473.876953125,89.84375,493.408203125,123.046875
5855,3092,14,0.009857177734375,167.1142578125,117.1875,181.7626953125,142.578125
5856,3092,14,0.0083465576171875,158.203125,119.9951171875,169.189453125,141.6015625
5857,3092,8,0.00572967529296875,475.09765625,132.8125,500.0,223.6328125
5858,3092,8,0.005279541015625,477.5390625,87.890625,500.0,117.919921875
5859,3092,8,0.00395965576171875,470.703125,91.064453125,492.1875,121.337890625
5860,3092,8,0.003650665283203125,51.1474609375,121.09375,67.32177734375,140.13671875
5861,3092,14,0.003429412841796875,162.7197265625,117.1875,178.3447265625,141.6015625
5862,3092,8,0.0033512115478515625,488.28125,83.740234375,500.0,119.384765625
5863,3092,14,0.002758026123046875,490.234375,84.716796875,500.0,112.548828125
5864,3092,8,0.0021991729736328125,225.4638671875,82.51953125,291.015625,161.62109375
5865,3092,14,0.0015363693237304688,264.6484375,108.88671875,276.3671875,138.18359375
5866,3092,14,0.00131988525390625,493.65234375,85.205078125,500.0,115.72265625
5867,3092,14,0.00130462646484375,52.91748046875,120.361328125,66.40625,131.591796875
5868,3092,8,0.0012693405151367188,435.05859375,86.669921875,500.0,226.806640625
5869,3099,14,0.86328125,207.275390625,118.1640625,245.849609375,216.30859375
5870,3099,14,0.810546875,372.314453125,120.1171875,424.560546875,234.86328125
5871,3099,14,0.72509765625,163.0859375,123.6572265625,195.3125,210.44921875
5872,3099,14,0.466796875,194.091796875,109.375,227.783203125,211.9140625
5873,3099,5,0.289306640625,396.484375,177.490234375,472.65625,223.876953125
5874,3099,14,0.1412353515625,179.3212890625,145.99609375,214.4775390625,221.6796875
5875,3099,14,0.0279083251953125,188.232421875,110.83984375,218.994140625,217.28515625
5876,3099,14,0.00787353515625,196.1669921875,152.83203125,217.8955078125,215.33203125
5877,3099,5,0.003337860107421875,487.79296875,136.23046875,500.0,231.4453125
5878,3099,5,0.0028667449951171875,492.1875,147.94921875,500.0,224.609375
5879,3099,5,0.0024051666259765625,492.1875,151.85546875,500.0,185.05859375
5880,3099,5,0.0022258758544921875,26.4892578125,152.099609375,153.1982421875,197.509765625
5881,3099,5,0.002002716064453125,466.30859375,144.775390625,500.0,229.736328125
5882,3099,14,0.0018463134765625,0.00762939453125,148.193359375,5.7830810546875,223.388671875
5883,3099,14,0.0015125274658203125,195.3125,109.375,226.806640625,171.38671875
5884,3104,15,0.00428009033203125,0.0299072265625,93.5498046875,4.478607177734375,170.1123046875
5885,3104,6,0.001495361328125,479.47265625,72.734375,490.0,108.623046875
5886,3104,6,0.0013885498046875,469.423828125,19.619140625,490.0,48.80859375
5887,3106,15,0.89111328125,37.884765625,22.080078125,77.861328125,62.521484375
5888,3106,15,0.89013671875,156.419921875,81.8125,192.212890625,123.416015625
5889,3106,15,0.88720703125,150.7255859375,8.599609375,182.7998046875,39.279296875
5890,3106,15,0.0206451416015625,0.003631591796875,63.21875,4.688385009765625,125.97265625
5891,3106,15,0.002471923828125,0.0435791015625,55.083984375,6.86370849609375,118.302734375
5892,3106,15,0.0015850067138671875,0.00726318359375,3.66064453125,4.7501220703125,67.40234375
5893,3107,10,0.90869140625,197.1708984375,101.2763671875,227.5048828125,126.228515625
5894,3107,10,0.88720703125,379.6640625,138.4599609375,409.01953125,164.8798828125
5895,3107,13,0.0012845993041992188,197.048583984375,101.52099609375,227.382568359375,125.98388671875
5896,3114,14,0.7958984375,378.173828125,79.833984375,403.076171875,119.384765625
5897,3114,14,0.77880859375,341.552734375,78.857421875,356.201171875,104.248046875
5898,3114,14,0.77734375,60.11962890625,25.146484375,77.94189453125,63.232421875
5899,3114,14,0.70556640625,17.15087890625,16.4794921875,32.623291015625,49.4384765625
5900,3114,14,0.050140380859375,330.810546875,82.3974609375,341.552734375,96.8017578125
5901,3114,14,0.049957275390625,263.671875,66.650390625,274.4140625,87.646484375
5902,3114,14,0.038604736328125,319.3359375,77.392578125,331.0546875,99.853515625
5903,3114,14,0.0222930908203125,329.1015625,79.58984375,338.8671875,99.609375
5904,3114,14,0.0150146484375,324.462890625,78.369140625,338.134765625,99.365234375
5905,3114,14,0.00963592529296875,488.28125,98.14453125,500.0,131.34765625
5906,3114,14,0.005039215087890625,0.003814697265625,29.052734375,5.748748779296875,65.673828125
5907,3114,14,0.004924774169921875,353.02734375,83.984375,361.81640625,103.515625
5908,3114,14,0.001949310302734375,490.72265625,85.693359375,500.0,129.638671875
5909,3114,14,0.0014781951904296875,0.0,9.765625,5.67626953125,45.8984375
5910,3114,14,0.0014209747314453125,294.43359375,72.3876953125,306.15234375,92.4072265625
5911,3114,14,0.0013885498046875,321.533203125,77.1484375,334.228515625,97.900390625
5912,3114,14,0.0012645721435546875,306.15234375,73.73046875,315.91796875,93.75
5913,3117,15,0.8642578125,46.236572265625,35.29052734375,75.545654296875,63.76220703125
5914,3117,15,0.845703125,129.677734375,59.69482421875,156.474609375,86.73095703125
5915,3117,15,0.83740234375,121.66259765625,19.02099609375,145.58837890625,40.31494140625
5916,3117,5,0.00391387939453125,459.375,111.015625,490.0,126.328125
5917,3125,14,0.7265625,339.1640625,117.318603515625,350.859375,155.4501953125
5918,3125,5,0.5888671875,6.36541748046875,134.9833984375,37.30926513671875,152.5263671875
5919,3125,5,0.474609375,53.1162109375,133.0341796875,67.49169921875,147.6533203125
5920,3125,5,0.338134765625,29.1773681640625,133.521484375,46.1112060546875,151.064453125
5921,3125,5,0.315673828125,0.0,137.17626953125,8.185195922851562,151.79541015625
5922,3125,5,0.2861328125,81.501708984375,130.1103515625,103.430419921875,144.2421875
5923,3125,5,0.11553955078125,16.9947509765625,133.27783203125,45.684814453125,151.79541015625
5924,3125,14,0.1033935546875,104.7705078125,136.4453125,116.70947265625,158.3740234375
5925,3125,5,0.07135009765625,230.25146484375,124.01904296875,242.43408203125,135.71435546875
5926,3125,5,0.0283355712890625,78.577880859375,136.20166015625,87.349365234375,148.87158203125
5927,3125,5,0.0263519287109375,112.080078125,134.9833984375,127.91748046875,146.6787109375
5928,3125,5,0.0244293212890625,241.703125,116.22216796875,256.56591796875,125.96826171875
5929,3125,14,0.0222930908203125,107.6943359375,134.0087890625,118.90234375,150.5771484375
5930,3125,5,0.0213623046875,0.0,142.29296875,8.596359252929688,159.3486328125
5931,3125,14,0.0204925537109375,293.8447265625,124.01904296875,302.6162109375,138.15087890625
5932,3125,5,0.017181396484375,78.943359375,129.623046875,93.31884765625,143.7548828125
5933,3125,5,0.01525115966796875,240.48486328125,117.318603515625,255.59130859375,129.1357421875
5934,3125,5,0.01519012451171875,80.64892578125,130.1103515625,98.19189453125,140.34375
5935,3125,14,0.01282501220703125,109.034423828125,134.0087890625,124.384521484375,147.166015625
5936,3125,5,0.01282501220703125,0.0,128.1611328125,12.220687866210938,149.115234375
5937,3125,5,0.0125274658203125,0.776641845703125,136.4453125,25.79669189453125,152.0390625
5938,3125,5,0.012481689453125,0.0,144.97314453125,11.223236083984375,177.62255859375
5939,3125,5,0.00701141357421875,0.0,131.32861328125,7.7435760498046875,143.51123046875
5940,3125,5,0.00464630126953125,0.0,131.0849609375,18.015045166015625,146.6787109375
5941,3125,14,0.004199981689453125,255.8349609375,121.826171875,272.4033203125,148.140625
5942,3125,5,0.0036220550537109375,92.587890625,128.6484375,107.6943359375,141.318359375
5943,3125,8,0.0036067962646484375,310.4130859375,125.96826171875,327.9560546875,146.92236328125
5944,3125,5,0.00359344482421875,226.35302734375,122.80078125,242.92138671875,137.419921875
5945,3125,5,0.0029125213623046875,53.1162109375,128.6484375,67.613525390625,142.29296875
5946,3125,8,0.0028896331787109375,104.3441162109375,142.04931640625,117.7449951171875,158.61767578125
5947,3125,5,0.0027370452880859375,0.106597900390625,130.84130859375,22.7205810546875,142.04931640625
5948,3125,5,0.0023784637451171875,80.892578125,129.1357421875,93.927978515625,137.9072265625
5949,3125,5,0.0019044876098632812,97.6436767578125,129.1357421875,110.5572509765625,141.318359375
5950,3125,5,0.0015611648559570312,102.333984375,133.76513671875,115.73486328125,158.13037109375
5951,3125,5,0.0014324188232421875,237.56103515625,118.90234375,254.61669921875,137.9072265625
5952,3125,14,0.0012845993041992188,290.9208984375,124.2626953125,301.6416015625,139.8564453125
5953,3125,5,0.00127410888671875,66.395263671875,129.37939453125,83.81640625,145.46044921875
5954,3125,5,0.0011692047119140625,0.82232666015625,139.8564453125,19.126708984375,174.9423828125
5955,3125,14,0.0010862350463867188,339.6513671875,117.562255859375,360.60546875,154.4755859375
5956,3125,5,0.0010480880737304688,0.005710601806640625,166.658203125,3.4530105590820312,177.8662109375
5957,3129,0,0.85205078125,306.2568359375,98.041015625,342.1728515625,130.07421875
5958,3129,4,0.46875,153.492431640625,25.96630859375,202.755615234375,72.56005859375
5959,3129,13,0.107421875,162.107421875,125.7060546875,201.4208984375,161.6220703125
5960,3129,6,0.03759765625,478.556640625,7.52294921875,497.0,25.7236328125
5961,3129,11,0.01861572265625,162.471435546875,125.7060546875,201.542236328125,156.7685546875
5962,3129,12,0.0016937255859375,161.986083984375,125.220703125,201.542236328125,164.048828125
5963,3134,17,0.8291015625,362.56591796875,64.17724609375,378.19580078125,80.75439453125
5964,3134,17,0.490234375,441.66259765625,32.44384765625,457.29248046875,48.07373046875
5965,3134,2,0.00757598876953125,362.3291015625,64.17724609375,378.4326171875,80.9912109375
5966,3143,15,0.038604736328125,137.162109375,22.63623046875,253.2568359375,88.07958984375
5967,3143,15,0.01861572265625,147.24755859375,26.89453125,253.92919921875,126.62841796875
5968,3143,15,0.00269317626953125,151.72998046875,53.56494140625,260.20458984375,161.59130859375
5969,3143,15,0.00217437744140625,135.369140625,54.46142578125,263.56640625,115.646484375
5970,3145,9,0.91357421875,214.3330078125,194.673828125,248.376953125,238.787109375
5971,3145,9,0.90283203125,282.900390625,125.626953125,313.587890625,162.068359375
5972,3145,9,0.8955078125,24.888641357421875,194.673828125,58.1983642578125,233.5126953125
5973,3145,9,0.88232421875,137.37451171875,196.591796875,171.89794921875,235.91015625
5974,3145,9,0.86865234375,84.750244140625,128.74365234375,117.595458984375,163.74658203125
5975,3145,11,0.8310546875,354.58447265625,159.6708984375,393.90283203125,196.1123046875
5976,3146,8,0.88427734375,383.7890625,95.458984375,500.0,228.271484375
5977,3146,8,0.80908203125,52.734375,122.0703125,85.3271484375,145.5078125
5978,3146,14,0.76611328125,123.779296875,100.830078125,147.705078125,169.189453125
5979,3146,14,0.732421875,150.0244140625,113.28125,166.3818359375,140.625
5980,3146,14,0.7216796875,252.44140625,94.970703125,270.99609375,141.845703125
5981,3146,8,0.11199951171875,113.46435546875,93.75,172.607421875,167.96875
5982,3146,8,0.0169219970703125,483.3984375,148.193359375,500.0,223.876953125
5983,3146,14,0.01384735107421875,159.5458984375,121.09375,168.0908203125,141.6015625
5984,3146,14,0.0083465576171875,156.005859375,117.431640625,167.724609375,140.869140625
5985,3146,14,0.00621795654296875,167.236328125,124.8779296875,174.560546875,141.6015625
5986,3146,8,0.00547027587890625,475.5859375,134.27734375,500.0,224.12109375
5987,3146,14,0.0043487548828125,114.74609375,96.923828125,132.8125,130.126953125
5988,3146,8,0.0030994415283203125,481.4453125,86.181640625,500.0,114.990234375
5989,3146,14,0.002834320068359375,488.76953125,85.0830078125,500.0,113.6474609375
5990,3146,8,0.0027141571044921875,51.513671875,121.09375,67.9931640625,140.625
5991,3146,8,0.0025310516357421875,225.4638671875,80.810546875,292.96875,162.353515625
5992,3146,14,0.0017004013061523438,493.1640625,85.0830078125,500.0,114.8681640625
5993,3146,14,0.0015125274658203125,168.0908203125,124.267578125,177.3681640625,142.333984375
5994,3146,14,0.001255035400390625,53.03955078125,120.361328125,66.58935546875,131.8359375
5995,3146,8,0.001220703125,432.6171875,82.03125,500.0,227.05078125
5996,3146,14,0.0012159347534179688,37.9638671875,114.501953125,47.2412109375,129.39453125
5997,3146,14,0.0010814666748046875,496.09375,84.9609375,500.0,115.72265625
5998,3147,7,0.85302734375,179.935546875,143.900390625,212.607421875,171.287109375
5999,3147,7,0.83349609375,315.66796875,105.703125,341.61328125,131.6484375
6000,3147,17,0.0230712890625,162.638671875,182.09765625,184.259765625,203.23828125
6001,3152,15,0.89013671875,377.9775390625,157.751953125,406.4404296875,184.767578125
6002,3152,6,0.85302734375,339.625,113.6103515625,398.962890625,137.2490234375
6003,3152,15,0.85009765625,338.177734375,78.634765625,357.95703125,98.896484375
6004,3152,2,0.673828125,427.908203125,119.8818359375,445.275390625,137.7314453125
6005,3152,15,0.0212860107421875,428.1494140625,119.8818359375,445.5166015625,137.7314453125
6006,3152,17,0.0164031982421875,427.908203125,120.00244140625,445.275390625,137.490234375
6007,3152,5,0.0013246536254882812,35.81982421875,164.505859375,58.553955078125,184.767578125
6008,3155,15,0.3701171875,276.52294921875,156.9521484375,339.40283203125,202.998046875
6009,3155,2,0.00844573974609375,0.108306884765625,56.319580078125,17.700439453125,91.225341796875
6010,3156,9,0.88623046875,148.959716796875,143.43359375,165.415283203125,158.169921875
6011,3156,9,0.87841796875,111.25927734375,160.134765625,129.43408203125,177.3271484375
6012,3156,10,0.8623046875,62.0767822265625,141.46875,80.1287841796875,156.205078125
6013,3156,10,0.861328125,139.25830078125,99.96142578125,154.48583984375,113.71533203125
6014,3156,11,0.85693359375,183.712890625,160.134765625,201.8876953125,174.87109375
6015,3156,17,0.84375,94.8037109375,132.1357421875,108.5576171875,145.3984375
6016,3156,17,0.83203125,119.241455078125,125.627197265625,132.504150390625,138.521484375
6017,3173,2,0.873046875,404.05517578125,106.53466796875,435.11767578125,138.56787109375
6018,3173,2,0.392333984375,196.931396484375,178.85205078125,213.190673828125,204.57568359375
6019,3173,2,0.0323486328125,224.47509765625,134.927734375,248.74267578125,150.9443359375
6020,3173,2,0.0012063980102539062,487.7783203125,191.7138671875,497.0,213.0693359375
6021,3177,3,0.8408203125,139.8193359375,88.998046875,192.099609375,150.275390625
6022,3177,0,0.830078125,358.423828125,92.6455078125,403.166015625,137.8740234375
6023,3177,3,0.82666015625,259.212890625,46.4443359375,308.818359375,92.6455078125
6024,3177,0,0.81982421875,222.251953125,17.62939453125,257.267578125,50.69970703125
6025,3177,3,0.8017578125,211.552734375,183.345703125,288.392578125,242.677734375
6026,3177,12,0.79443359375,338.970703125,6.5654296875,377.390625,44.7421875
6027,3177,13,0.72802734375,239.5166015625,116.9619140625,278.4228515625,154.8955078125
6028,3177,12,0.6669921875,239.5166015625,116.84033203125,277.9365234375,154.65234375
6029,3182,15,0.89990234375,408.7734375,10.9833984375,427.875,30.0849609375
6030,3182,2,0.005535125732421875,72.82470703125,205.8193359375,89.06103515625,230.6513671875
6031,3183,2,0.89697265625,387.603515625,176.05078125,404.138671875,191.61328125
6032,3183,2,0.85400390625,411.43359375,158.7861328125,427.96875,172.4033203125
6033,3183,2,0.81298828125,325.83984375,151.248046875,344.3203125,164.865234375
6034,3183,2,0.67919921875,363.287109375,136.171875,372.52734375,149.7890625
6035,3184,13,0.9091796875,291.84228515625,98.830078125,327.06884765625,133.32275390625
6036,3184,0,0.90869140625,376.2392578125,148.48974609375,415.3798828125,187.63037109375
6037,3184,1,0.89404296875,295.0224609375,20.79345703125,331.2275390625,57.48779296875
6038,3184,3,0.892578125,121.8251953125,11.98681640625,169.52783203125,96.873046875
6039,3184,3,0.8896484375,373.79296875,4.4033203125,444.24609375,72.8994140625
6040,3184,12,0.8857421875,110.8780517578125,161.9443359375,148.48974609375,198.1494140625
6041,3184,12,0.88330078125,424.67578125,93.20361328125,463.81640625,128.6748046875
6042,3184,0,0.880859375,188.3642578125,77.54736328125,224.5693359375,114.24169921875
6043,3184,4,0.85888671875,209.40234375,161.9443359375,292.576171875,223.1015625
6044,3185,5,0.8759765625,158.3056640625,218.4716796875,222.17041015625,254.9658203125
6045,3185,5,0.85400390625,298.11767578125,160.52490234375,327.70751953125,177.29248046875
6046,3185,5,0.8447265625,72.4951171875,212.060546875,128.46923828125,243.623046875
6047,3185,5,0.8310546875,358.28369140625,152.3876953125,383.92822265625,171.1279296875
6048,3185,5,0.5927734375,422.1484375,131.181640625,437.9296875,144.00390625
6049,3185,5,0.57763671875,318.33740234375,149.4287109375,335.59814453125,164.2236328125
6050,3185,5,0.236572265625,309.70703125,148.935546875,334.365234375,163.73046875
6051,3185,5,0.1461181640625,303.04931640625,153.3740234375,333.13232421875,166.1962890625
6052,3185,5,0.021209716796875,310.693359375,148.68896484375,330.419921875,158.05908203125
6053,3185,5,0.0153656005859375,323.0224609375,148.935546875,332.8857421875,158.3056640625
6054,3185,5,0.00577545166015625,370.3662109375,213.046875,425.6005859375,251.513671875
6055,3185,5,0.005321502685546875,383.1884765625,194.306640625,392.0654296875,199.23828125
6056,3185,5,0.00464630126953125,346.201171875,132.90771484375,364.94140625,144.25048828125
6057,3185,5,0.00345611572265625,324.9951171875,149.921875,335.8447265625,164.716796875
6058,3185,1,0.0027904510498046875,359.0234375,152.880859375,383.681640625,170.634765625
6059,3185,5,0.002704620361328125,400.44921875,157.8125,415.244140625,168.1689453125
6060,3185,5,0.0026111602783203125,130.93505859375,169.6484375,143.75732421875,178.0322265625
6061,3185,5,0.002590179443359375,413.7646484375,165.45654296875,431.5185546875,176.79931640625
6062,3185,5,0.00257110595703125,373.07861328125,200.7177734375,384.91455078125,211.5673828125
6063,3185,5,0.001956939697265625,0.0539398193359375,193.3203125,13.608245849609375,204.169921875
6064,3185,5,0.0018672943115234375,402.9150390625,174.82666015625,411.298828125,183.21044921875
6065,3185,5,0.0018100738525390625,402.9150390625,178.525390625,410.8056640625,184.443359375
6066,3185,5,0.00157928466796875,345.95458984375,130.1953125,365.18798828125,141.044921875
6067,3185,5,0.0015249252319335938,71.26220703125,235.2392578125,127.48291015625,254.9658203125
6068,3185,5,0.0011157989501953125,425.6005859375,124.52392578125,439.4091796875,131.42822265625
6069,3185,5,0.0010862350463867188,72.618408203125,147.70263671875,99.742431640625,158.05908203125
6070,3193,7,0.81396484375,86.31884765625,47.501953125,108.06103515625,68.298828125
6071,3195,1,0.87744140625,311.30859375,158.619140625,355.78125,203.091796875
6072,3195,0,0.87255859375,307.849609375,93.6396484375,346.88671875,128.7236328125
6073,3195,0,0.7138671875,226.5634765625,110.193359375,266.341796875,143.794921875
6074,3195,0,0.0022335052490234375,311.30859375,159.11328125,355.78125,202.59765625
6075,3196,9,0.8896484375,155.33935546875,46.846435546875,178.33447265625,70.820068359375
6076,3196,10,0.861328125,252.45703125,98.3408203125,276.4306640625,124.271484375
6077,3196,17,0.8291015625,26.419921875,33.26953125,44.889404296875,49.65966796875
6078,3196,9,0.76611328125,61.279541015625,73.388671875,86.476318359375,93.20361328125
6079,3205,12,0.90478515625,271.857421875,96.5361328125,304.927734375,128.6337890625
6080,3205,0,0.8759765625,192.099609375,17.2646484375,226.142578125,52.7666015625
6081,3205,3,0.86962890625,169.728515625,107.2353515625,231.005859375,174.8349609375
6082,3205,12,0.85498046875,98.11669921875,79.14990234375,139.45458984375,116.35400390625
6083,3205,3,0.81982421875,305.1708984375,66.140625,367.4208984375,116.232421875
6084,3205,3,0.81982421875,303.46875,185.291015625,389.0625,241.705078125
6085,3205,1,0.08062744140625,165.1083984375,212.0390625,210.3369140625,245.109375
6086,3205,0,0.055816650390625,163.40625,211.552734375,211.3095703125,245.109375
6087,3205,3,0.038177490234375,0.01519775390625,64.4384765625,16.45916748046875,114.5302734375
6088,3205,3,0.0236968994140625,0.0303955078125,55.44140625,14.60504150390625,96.29296875
6089,3205,3,0.004756927490234375,0.01519775390625,36.2314453125,15.744873046875,86.8095703125
6090,3205,3,0.0014324188232421875,0.0,10.212890625,18.73883056640625,85.107421875
6091,3205,3,0.0012941360473632812,44.195068359375,110.1533203125,70.03125,135.685546875
6092,3205,3,0.0012063980102539062,0.007598876953125,53.009765625,11.55029296875,87.052734375
6093,3205,3,0.0011739730834960938,487.30078125,1.458984375,498.0,39.392578125
6094,3206,15,0.87744140625,190.837890625,163.26708984375,213.13427734375,183.88525390625
6095,3206,6,0.87255859375,33.80419921875,149.6015625,89.065673828125,184.125
6096,3208,7,0.3173828125,146.54296875,150.146484375,190.265625,170.326171875
6097,3208,3,0.059661865234375,265.21875,141.73828125,305.578125,162.87890625
6098,3208,3,0.003429412841796875,147.263671875,149.90625,190.505859375,170.56640625
6099,3208,9,0.00313568115234375,265.69921875,141.73828125,305.09765625,161.91796875
6100,3208,6,0.0025310516357421875,252.24609375,182.578125,298.37109375,207.5625
6101,3208,9,0.0011425018310546875,182.337890625,183.05859375,212.126953125,210.92578125
6102,3213,11,0.87255859375,171.77490234375,138.8818359375,200.03857421875,162.2724609375
6103,3213,4,0.87158203125,290.67724609375,119.3896484375,334.53466796875,153.013671875
6104,3213,1,0.80322265625,241.703125,156.912109375,274.83984375,188.099609375
6105,3213,0,0.060089111328125,241.2158203125,156.66845703125,274.83984375,187.36865234375
6106,3213,13,0.01678466796875,171.53125,138.8818359375,200.03857421875,162.2724609375
6107,3213,13,0.0104522705078125,241.337646484375,156.912109375,275.3271484375,187.125
6108,3217,10,0.8798828125,416.20947265625,118.435546875,443.65185546875,145.396484375
6109,3217,10,0.8740234375,280.201171875,174.7646484375,305.236328125,205.5771484375
6110,3217,9,0.84814453125,293.92236328125,110.612060546875,319.43896484375,138.65625
6111,3217,17,0.75927734375,147.56298828125,146.359375,169.70947265625,167.0615234375
6112,3217,6,0.0097808837890625,77.873779296875,66.439453125,158.275146484375,236.87109375
6113,3217,6,0.0011243820190429688,73.6611328125,68.365234375,155.386474609375,112.658203125
6114,3225,2,0.87255859375,85.39453125,66.19921875,119.478515625,99.17578125
6115,3225,2,0.01146697998046875,0.0,82.6875,9.5130615234375,126.984375
6116,3225,2,0.01090240478515625,497.109375,114.43359375,504.0,141.50390625
6117,3225,2,0.002620697021484375,119.6015625,42.08203125,138.796875,69.15234375
6118,3225,2,0.0018463134765625,0.0,68.537109375,5.40252685546875,104.220703125
6119,3226,17,0.7880859375,323.109375,94.478515625,344.078125,115.208984375
6120,3226,17,0.06732177734375,170.251953125,129.1484375,195.509765625,152.9765625
6121,3232,7,0.841796875,120.8582763671875,186.66748046875,148.3828125,210.44677734375
6122,3248,17,0.84716796875,255.234375,159.76318359375,269.2529296875,173.29833984375
6123,3248,9,0.822265625,407.021484375,142.119140625,426.357421875,156.62109375
6124,3248,17,0.259765625,330.40283203125,130.517578125,348.77197265625,142.6025390625
6125,3248,17,0.0218658447265625,327.98583984375,176.4404296875,343.45458984375,186.591796875
6126,3248,9,0.0186920166015625,330.64453125,131.0009765625,349.013671875,144.5361328125
6127,3248,17,0.0141754150390625,160.72998046875,46.8896484375,169.189453125,60.908203125
6128,3248,2,0.0010900497436523438,160.72998046875,46.64794921875,168.94775390625,61.14990234375
6129,3249,2,0.892578125,191.62353515625,189.369140625,230.06689453125,219.26953125
6130,3249,2,0.89013671875,168.2490234375,110.46533203125,197.2001953125,144.755859375
6131,3249,17,0.79052734375,121.2626953125,179.876953125,138.111328125,196.013671875
6132,3256,17,0.5947265625,281.4619140625,185.5634765625,297.7646484375,201.8662109375
6133,3256,2,0.307373046875,281.4619140625,185.32373046875,297.7646484375,202.10595703125
6134,3256,2,0.00806427001953125,54.781982421875,208.5791015625,81.393798828125,231.5947265625
6135,3256,17,0.0066680908203125,391.265625,164.9453125,408.52734375,181.7275390625
6136,3256,2,0.0018100738525390625,486.6845703125,81.27392578125,491.0,109.32421875
6137,3258,2,0.841796875,140.0625,140.548828125,156.59765625,160.001953125
6138,3258,2,0.822265625,89.970703125,110.1533203125,106.87060546875,129.6064453125
6139,3258,2,0.69287109375,48.815185546875,88.025390625,67.903564453125,104.560546875
6140,3258,9,0.07183837890625,48.75439453125,88.025390625,67.781982421875,104.560546875
6141,3261,15,0.94482421875,167.3427734375,125.626953125,244.0615234375,197.55078125
6142,3261,8,0.0033512115478515625,0.044952392578125,2.3974609375,12.474288940429688,34.0439453125
6143,3268,15,0.90283203125,156.38671875,166.0458984375,183.5244140625,195.4833984375
6144,3270,14,0.85693359375,66.258544921875,46.798828125,113.41552734375,170.00390625
6145,3270,5,0.00600433349609375,364.12353515625,118.19091796875,387.04541015625,134.90478515625
6146,3270,14,0.00498199462890625,453.90087890625,125.115234375,463.45166015625,140.8740234375
6147,3270,8,0.0010204315185546875,61.483154296875,46.56005859375,116.28076171875,170.958984375
6148,3288,5,0.61865234375,13.7054443359375,5.3603515625,48.21270751953125,25.58349609375
6149,3288,5,0.383056640625,64.1414794921875,6.57861328125,79.9788818359375,21.19775390625
6150,3288,5,0.23095703125,194.4345703125,5.11669921875,225.134765625,18.27392578125
6151,3288,5,0.0966796875,108.42529296875,5.11669921875,121.58251953125,17.78662109375
6152,3288,5,0.06585693359375,0.03045654296875,6.3349609375,3.8261032104492188,28.263671875
6153,3288,5,0.04534912109375,72.12109375,3.776611328125,90.029541015625,14.740966796875
6154,3288,5,0.03424072265625,91.735107421875,6.3349609375,110.739990234375,19.0048828125
6155,3288,5,0.032958984375,176.282470703125,3.8984375,225.500244140625,18.0302734375
6156,3288,5,0.0321044921875,49.705078125,6.213134765625,65.7861328125,21.806884765625
6157,3288,5,0.030792236328125,0.0,4.751220703125,7.648399353027344,28.629150390625
6158,3288,8,0.0274810791015625,0.0,5.84765625,4.1497039794921875,29.23828125
6159,3288,5,0.0199432373046875,176.16064453125,4.873046875,194.19091796875,16.0810546875
6160,3288,5,0.01666259765625,153.74462890625,5.84765625,194.19091796875,17.0556640625
6161,3288,5,0.01177978515625,69.197265625,5.238525390625,89.1767578125,19.370361328125
6162,3288,5,0.009124755859375,91.85693359375,4.751220703125,120.3642578125,18.639404296875
6163,3288,5,0.00841522216796875,122.4962158203125,6.3349609375,140.10009765625,18.0302734375
6164,3288,8,0.0041351318359375,0.0,2.923828125,7.9720001220703125,30.7001953125
6165,3288,5,0.0038089752197265625,155.815673828125,6.822265625,183.104736328125,17.54296875
6166,3288,5,0.0036792755126953125,0.88323974609375,3.65478515625,19.88812255859375,26.07080078125
6167,3288,5,0.00279998779296875,74.31396484375,5.11669921875,103.7958984375,19.24853515625
6168,3288,5,0.0018968582153320312,0.00380706787109375,2.68017578125,4.777870178222656,44.10107421875
6169,3288,5,0.0018243789672851562,13.286666870117188,8.893310546875,38.0706787109375,26.192626953125
6170,3288,8,0.001255035400390625,0.00380706787109375,3.16748046875,3.9250869750976562,41.66455078125
6171,3288,5,0.0010166168212890625,0.0076141357421875,0.73095703125,5.5202484130859375,26.8017578125
6172,3289,14,0.81884765625,419.8857421875,117.28857421875,450.7705078125,170.111328125
6173,3289,14,0.74462890625,402.7275390625,124.64208984375,414.4931640625,152.953125
6174,3289,14,0.7138671875,330.908203125,132.853515625,349.537109375,159.326171875
6175,3289,14,0.642578125,478.46875,113.734375,502.0,178.935546875
6176,3289,14,0.451416015625,210.310546875,112.5087890625,226.48828125,135.3046875
6177,3289,14,0.303955078125,412.77734375,123.7841796875,420.62109375,147.3154296875
6178,3289,14,0.11676025390625,434.837890625,113.734375,448.564453125,129.6669921875
6179,3289,14,0.0953369140625,410.81640625,124.2744140625,419.640625,151.7275390625
6180,3289,14,0.07159423828125,479.44921875,111.5283203125,502.0,240.9501953125
6181,3289,5,0.006290435791015625,123.2939453125,125.2548828125,148.2958984375,144.3740234375
6182,3289,14,0.0033245086669921875,469.3994140625,131.3828125,484.5966796875,154.423828125
6183,3289,14,0.00260162353515625,450.2802734375,147.560546875,464.9873046875,164.228515625
6184,3289,14,0.002452850341796875,431.896484375,113.4892578125,450.525390625,155.1591796875
6185,3289,14,0.00238800048828125,492.685546875,111.283203125,502.0,179.916015625
6186,3289,14,0.0022869110107421875,469.154296875,125.7451171875,489.744140625,169.3759765625
6187,3289,14,0.0020427703857421875,332.1337890625,138.9814453125,345.8603515625,161.5322265625
6188,3289,14,0.0018968582153320312,332.1337890625,147.0703125,346.3505859375,167.169921875
6189,3289,14,0.0018892288208007812,470.625,133.34375,481.41015625,150.01171875
6190,3289,14,0.0016870498657226562,421.111328125,139.2265625,447.583984375,170.111328125
6191,3289,14,0.0015249252319335938,417.189453125,125.990234375,426.013671875,150.9921875
6192,3289,14,0.0010166168212890625,449.7900390625,147.8056640625,475.7724609375,176.2392578125
6193,3293,4,0.85888671875,160.503173828125,91.61083984375,216.746826171875,162.34521484375
6194,3293,13,0.85888671875,213.92236328125,157.1875,261.56982421875,204.34375
6195,3293,0,0.740234375,301.603515625,101.92626953125,347.77734375,145.64404296875
6196,3293,13,0.552734375,302.0947265625,101.43505859375,347.2861328125,145.64404296875
6197,3293,1,0.07586669921875,214.6591796875,157.6787109375,261.8154296875,204.8349609375
6198,3293,1,0.06927490234375,301.1123046875,101.43505859375,347.2861328125,146.8720703125
6199,3312,10,0.9365234375,273.095703125,166.15234375,300.17578125,194.609375
6200,3312,10,0.88427734375,256.3427734375,54.619140625,285.7177734375,78.2568359375
6201,3312,13,0.006122589111328125,272.63671875,166.15234375,300.17578125,194.609375
6202,3312,13,0.0011377334594726562,256.572265625,54.619140625,285.48828125,78.02734375
6203,3319,9,0.88623046875,325.828125,133.3828125,345.515625,152.578125
6204,3319,9,0.81396484375,278.82421875,183.83203125,299.00390625,205.98046875
6205,3319,17,0.75634765625,269.96484375,89.82421875,284.23828125,104.09765625
6206,3319,17,0.517578125,232.3125,139.78125,250.76953125,157.0078125
6207,3319,10,0.30078125,279.0703125,184.078125,299.25,205.734375
6208,3319,17,0.11920166015625,445.4296875,123.29296875,460.1953125,136.58203125
6209,3319,17,0.0022869110107421875,33.7763671875,207.2109375,56.1708984375,223.9453125
6210,3319,17,0.0012445449829101562,180.38671875,40.482421875,192.19921875,56.478515625
6211,3325,15,0.8681640625,173.7509765625,131.59423828125,207.755859375,164.20166015625
6212,3325,15,0.84814453125,275.53271484375,124.024658203125,301.15283203125,151.857421875
6213,3325,15,0.80419921875,202.39892578125,100.38427734375,222.89501953125,123.67529296875
6214,3338,9,0.875,135.785888671875,170.8154296875,161.036865234375,191.115234375
6215,3338,17,0.79833984375,49.51171875,153.486328125,70.4923095703125,172.30078125
6216,3338,9,0.363037109375,162.64599609375,119.3232421875,186.90673828125,139.1279296875
6217,3338,10,0.0455322265625,289.39599609375,123.160400390625,309.69580078125,144.0791015625
6218,3338,14,0.006511688232421875,433.72265625,33.1728515625,446.595703125,60.15673828125
6219,3339,2,0.82568359375,323.4765625,174.1796875,336.875,190.44921875
6220,3339,2,0.80078125,368.45703125,158.8671875,381.376953125,173.22265625
6221,3339,2,0.78271484375,404.5849609375,148.33984375,418.9404296875,161.73828125
6222,3340,5,0.85107421875,262.6572265625,150.33349609375,302.6162109375,178.10986328125
6223,3340,5,0.75927734375,115.24755859375,146.19140625,151.5517578125,172.9931640625
6224,3340,5,0.74169921875,438.57421875,145.94775390625,453.193359375,161.05419921875
6225,3340,5,0.6689453125,221.114501953125,148.38427734375,248.403564453125,169.82568359375
6226,3340,14,0.638671875,461.96484375,149.35888671875,472.685546875,172.74951171875
6227,3340,5,0.5947265625,59.48162841796875,142.04931640625,90.638671875,157.64306640625
6228,3340,5,0.57568359375,405.4375,149.115234375,419.08203125,160.810546875
6229,3340,5,0.373779296875,294.08837890625,152.28271484375,311.14404296875,165.43994140625
6230,3340,5,0.302490234375,51.8370361328125,145.7041015625,87.4102783203125,169.0947265625
6231,3340,5,0.236572265625,486.330078125,151.5517578125,499.0,169.0947265625
6232,3340,5,0.23095703125,24.745941162109375,146.6787109375,86.740234375,169.58203125
6233,3340,5,0.139404296875,201.01318359375,150.82080078125,222.94189453125,170.31298828125
6234,3340,14,0.11676025390625,470.97998046875,148.6279296875,478.28955078125,172.9931640625
6235,3340,5,0.10595703125,495.1015625,151.79541015625,499.0,169.33837890625
6236,3340,5,0.10089111328125,481.45703125,152.5263671875,499.0,165.1962890625
6237,3340,14,0.090087890625,310.4130859375,147.40966796875,321.1337890625,168.85107421875
6238,3340,5,0.0863037109375,241.703125,150.5771484375,257.296875,169.0947265625
6239,3340,5,0.058349609375,226.109375,149.6025390625,256.07861328125,169.0947265625
6240,3340,14,0.056854248046875,313.3369140625,148.6279296875,326.0068359375,177.37890625
6241,3340,14,0.0509033203125,310.4130859375,147.6533203125,319.1845703125,163.2470703125
6242,3340,5,0.0322265625,103.186767578125,144.2421875,120.973388671875,160.3232421875
6243,3340,5,0.0236968994140625,490.228515625,152.5263671875,499.0,177.8662109375
6244,3340,5,0.0218658447265625,165.43994140625,149.115234375,215.14501953125,178.353515625
6245,3340,5,0.018829345703125,25.7662353515625,146.43505859375,60.66943359375,169.33837890625
6246,3340,5,0.0170440673828125,266.068359375,150.5771484375,309.92578125,168.1201171875
6247,3340,5,0.0165863037109375,0.045684814453125,138.63818359375,16.065826416015625,174.21142578125
6248,3340,5,0.0164031982421875,0.1827392578125,153.5009765625,19.09625244140625,174.9423828125
6249,3340,5,0.01242828369140625,83.81640625,143.02392578125,110.130859375,160.07958984375
6250,3340,14,0.01146697998046875,315.7734375,150.08984375,326.494140625,169.58203125
6251,3340,5,0.00997161865234375,0.0,129.1357421875,10.62933349609375,175.9169921875
6252,3340,5,0.0060272216796875,393.7421875,148.6279296875,416.158203125,162.2724609375
6253,3340,14,0.005619049072265625,370.10791015625,148.6279296875,377.41748046875,158.3740234375
6254,3340,5,0.005062103271484375,97.21728515625,146.19140625,114.76025390625,161.78515625
6255,3340,5,0.00482940673828125,113.907470703125,154.4755859375,133.399658203125,172.0185546875
6256,3340,5,0.0045928955078125,453.6806640625,150.08984375,460.5029296875,156.912109375
6257,3340,5,0.0037212371826171875,204.546142578125,150.33349609375,222.089111328125,164.95263671875
6258,3340,5,0.0034027099609375,0.03045654296875,132.546875,17.893218994140625,165.68359375
6259,3340,14,0.0033626556396484375,474.1474609375,153.5009765625,484.380859375,174.9423828125
6260,3340,5,0.003337860107421875,480.482421875,152.0390625,494.126953125,162.759765625
6261,3340,14,0.003337860107421875,316.748046875,151.5517578125,328.9306640625,172.9931640625
6262,3340,14,0.0032100677490234375,313.82421875,148.6279296875,325.51953125,164.2216796875
6263,3340,5,0.00313568115234375,478.28955078125,155.9375,493.39599609375,170.556640625
6264,3340,5,0.0029468536376953125,477.55859375,155.4501953125,499.0,174.9423828125
6265,3340,14,0.00279998779296875,370.10791015625,147.89697265625,380.34130859375,161.54150390625
6266,3340,5,0.0027370452880859375,151.30810546875,154.4755859375,170.556640625,169.0947265625
6267,3340,5,0.0027141571044921875,193.70361328125,149.6025390625,220.26171875,172.0185546875
6268,3340,5,0.00263214111328125,115.613037109375,146.19140625,170.678466796875,176.8916015625
6269,3340,14,0.002216339111328125,475.1220703125,158.861328125,485.8427734375,176.404296875
6270,3340,5,0.0021648406982421875,169.58203125,126.69921875,191.5107421875,142.29296875
6271,3340,5,0.0021152496337890625,495.1015625,155.9375,499.0,177.37890625
6272,3340,5,0.0021076202392578125,100.262939453125,150.5771484375,136.68896484375,172.9931640625
6273,3340,14,0.00206756591796875,466.10693359375,150.5771484375,476.34033203125,173.9677734375
6274,3340,5,0.00206756591796875,13.903411865234375,150.33349609375,54.212646484375,169.33837890625
6275,3340,5,0.0020351409912109375,306.75830078125,147.6533203125,317.47900390625,164.2216796875
6276,3340,14,0.001934051513671875,472.1982421875,146.92236328125,480.9697265625,171.77490234375
6277,3340,14,0.0018606185913085938,314.798828125,155.4501953125,328.443359375,177.8662109375
6278,3340,5,0.0016546249389648438,0.0076141357421875,123.53173828125,14.52777099609375,148.87158203125
6279,3340,14,0.0015010833740234375,362.5546875,153.5009765625,369.376953125,165.1962890625
6280,3340,14,0.0014667510986328125,81.13623046875,144.7294921875,90.516845703125,164.2216796875
6281,3340,5,0.00127410888671875,0.03045654296875,126.2119140625,27.2890625,151.5517578125
6282,3340,5,0.0012693405151367188,0.09136962890625,122.3134765625,32.771240234375,146.19140625
6283,3340,5,0.0012159347534179688,222.576416015625,152.0390625,239.875732421875,169.58203125
6284,3340,5,0.0011606216430664062,170.434814453125,149.84619140625,195.774658203125,167.38916015625
6285,3340,5,0.0011472702026367188,381.80322265625,150.08984375,419.81298828125,169.0947265625
6286,3340,5,0.0011243820190429688,0.0,107.45068359375,9.47198486328125,136.20166015625
6287,3340,5,0.0010986328125,168.607421875,151.064453125,197.3583984375,175.4296875
6288,3340,5,0.001094818115234375,93.8670654296875,146.19140625,110.8009033203125,164.708984375
6289,3340,5,0.0010900497436523438,493.15234375,146.19140625,499.0,168.607421875
6290,3340,14,0.0010404586791992188,376.19921875,152.5263671875,384.970703125,166.658203125
6291,3340,8,0.0010204315185546875,0.258880615234375,153.5009765625,18.5784912109375,175.4296875
6292,3342,2,0.83740234375,411.919921875,53.7392578125,425.537109375,70.7607421875
6293,3342,2,0.8291015625,398.302734375,31.3681640625,410.947265625,46.9306640625
6294,3342,2,0.82080078125,331.189453125,46.07958984375,344.806640625,63.10107421875
6295,3342,2,0.7958984375,345.29296875,28.693359375,357.9375,44.9853515625
6296,3344,17,0.470703125,196.05078125,143.6171875,227.05078125,173.1640625
6297,3344,17,0.29736328125,313.875,101.9609375,338.09375,124.484375
6298,3344,2,0.0015430450439453125,488.25,91.7890625,496.0,154.2734375
6299,3350,15,0.88232421875,209.25,66.23828125,231.046875,85.37109375
6300,3350,6,0.87255859375,54.25,47.34765625,108.37890625,81.49609375
6301,3350,10,0.0010242462158203125,29.001953125,15.015625,40.32421875,31.484375
6302,3357,15,0.88427734375,146.71630859375,178.27880859375,167.42919921875,196.03271484375
6303,3364,2,0.8896484375,204.26513671875,97.973876953125,228.23876953125,122.681396484375
6304,3364,2,0.8740234375,218.820556640625,53.940673828125,236.433837890625,77.180419921875
6305,3364,2,0.85693359375,86.84326171875,67.150634765625,111.55078125,86.965576171875
6306,3364,2,0.8427734375,126.96240234375,29.477783203125,145.798828125,48.314208984375
6307,3367,7,0.74755859375,414.208984375,46.415771484375,438.57421875,65.177001953125
6308,3367,7,0.7216796875,340.6259765625,44.466552734375,363.0419921875,60.303955078125
6309,3367,17,0.0021820068359375,374.25,89.42041015625,389.84375,102.8212890625
6310,3369,17,0.87646484375,296.7890625,144.2109375,309.09375,156.0234375
6311,3369,9,0.85888671875,253.72265625,147.41015625,269.96484375,159.71484375
6312,3369,10,0.85693359375,235.51171875,126.4921875,250.27734375,139.2890625
6313,3369,17,0.84716796875,265.2890625,126.4921875,276.1171875,138.3046875
6314,3369,11,0.84716796875,306.6328125,160.69921875,319.4296875,173.98828125
6315,3369,10,0.84375,320.4140625,114.92578125,334.1953125,126.73828125
6316,3369,17,0.64794921875,291.375,128.4609375,302.203125,139.2890625
6317,3369,10,0.0023593902587890625,306.38671875,160.69921875,319.18359375,173.98828125
6318,3370,9,0.8671875,327.9541015625,67.193603515625,347.1875,85.194091796875
6319,3370,10,0.76611328125,281.84326171875,118.729248046875,302.55615234375,140.5517578125
6320,3370,17,0.363037109375,282.08984375,118.60595703125,302.3095703125,140.79833984375
6321,3370,11,0.294189453125,37.57293701171875,152.880859375,62.35443115234375,169.6484375
6322,3370,17,0.25390625,269.267578125,25.767822265625,284.0625,40.562744140625
6323,3370,17,0.022369384765625,234.376220703125,76.68701171875,251.143798828125,89.755859375
6324,3370,17,0.0070953369140625,447.2998046875,52.02880859375,462.0947265625,65.83740234375
6325,3373,9,0.90576171875,363.74169921875,48.38427734375,400.09130859375,91.61083984375
6326,3373,9,0.900390625,328.12890625,91.61083984375,368.408203125,136.31103515625
6327,3373,10,0.88818359375,260.8330078125,33.525146484375,293.2529296875,67.664306640625
6328,3373,11,0.8740234375,429.56396484375,80.80419921875,480.15869140625,118.3818359375
6329,3373,9,0.84716796875,345.8125,141.9599609375,390.021484375,183.2216796875
6330,3373,9,0.73095703125,227.4306640625,160.38037109375,276.060546875,197.71240234375
6331,3373,11,0.385009765625,227.18505859375,160.6259765625,275.81494140625,198.9404296875
6332,3387,10,0.89501953125,267.4228515625,210.310546875,290.9541015625,229.4296875
6333,3387,9,0.87890625,283.35546875,159.326171875,306.88671875,175.994140625
6334,3387,10,0.86328125,403.953125,144.12890625,425.5234375,164.228515625
6335,3387,17,0.82421875,185.30859375,205.1630859375,204.91796875,223.3017578125
6336,3394,14,0.83447265625,254.130859375,108.245361328125,280.0234375,160.150390625
6337,3394,14,0.82666015625,306.875,106.20751953125,327.97265625,155.59521484375
6338,3394,14,0.822265625,387.4296875,120.83203125,406.609375,141.9296875
6339,3394,14,0.8173828125,225.8408203125,113.6396484375,246.69873046875,161.109375
6340,3394,14,0.7919921875,342.357421875,101.052978515625,365.373046875,153.9169921875
6341,3394,14,0.338134765625,11.620193481445312,130.18212890625,36.321533203125,187.24169921875
6342,3394,14,0.00473785400390625,0.0,129.70263671875,4.139366149902344,160.86962890625
6343,3394,14,0.004314422607421875,451.2021484375,104.0498046875,461.7509765625,128.9833984375
6344,3394,8,0.0027370452880859375,85.7691650390625,2.15771484375,201.8662109375,75.52001953125
6345,3394,14,0.00266265869140625,130.062255859375,53.703125,178.970458984375,197.55078125
6346,3394,14,0.0021820068359375,358.1806640625,101.65234375,369.6884765625,150.560546875
6347,3394,14,0.0020427703857421875,131.500732421875,66.6494140625,225.001708984375,198.0302734375
6348,3394,14,0.001979827880859375,9.26019287109375,130.9013671875,28.26007080078125,175.9736328125
6349,3394,14,0.0017957687377929688,371.6064453125,106.20751953125,382.1552734375,137.85400390625
6350,3394,14,0.0011243820190429688,452.640625,108.12548828125,460.3125,128.26416015625
6351,3418,2,0.8916015625,296.142578125,173.33984375,315.673828125,199.70703125
6352,3418,2,0.8798828125,390.625,180.419921875,411.1328125,207.763671875
6353,3418,2,0.8623046875,296.875,121.09375,314.453125,144.53125
6354,3418,2,0.861328125,412.59765625,134.033203125,431.15234375,158.447265625
6355,3423,14,0.0616455078125,121.71875,2.412109375,251.6015625,145.654296875
6356,3423,14,0.01332855224609375,126.4501953125,3.154296875,297.98828125,193.7109375
6357,3423,14,0.0038547515869140625,0.0,0.185546875,23.935546875,112.255859375
6358,3423,14,0.00208282470703125,143.1494140625,0.23193359375,154.2822265625,13.77685546875
6359,3426,5,0.841796875,36.32281494140625,176.2119140625,130.12939453125,212.5048828125
6360,3426,8,0.822265625,44.17236328125,167.85498046875,71.750244140625,186.00146484375
6361,3426,5,0.72021484375,282.2255859375,177.40576171875,363.4072265625,207.49072265625
6362,3426,5,0.689453125,124.6376953125,172.3916015625,187.1953125,201.0439453125
6363,3426,5,0.640625,110.430908203125,141.3515625,129.054931640625,156.6328125
6364,3426,14,0.5869140625,116.0419921875,159.0205078125,125.712158203125,173.3466796875
6365,3426,14,0.51953125,198.1787109375,161.8857421875,208.6845703125,174.3017578125
6366,3426,5,0.51953125,276.017578125,165.228515625,341.4404296875,191.4931640625
6367,3426,14,0.449462890625,50.3206787109375,159.0205078125,62.3785400390625,174.3017578125
6368,3426,8,0.43017578125,108.87890625,165.7060546875,131.3232421875,182.8974609375
6369,3426,14,0.299072265625,114.609375,161.8857421875,124.87646484375,175.2568359375
6370,3426,8,0.2186279296875,190.5380859375,168.81005859375,214.892578125,184.09130859375
6371,3426,14,0.1993408203125,48.828369140625,159.9755859375,64.70654296875,178.599609375
6372,3426,14,0.11517333984375,46.798828125,163.7958984375,61.0653076171875,179.0771484375
6373,3426,5,0.1124267578125,0.0,131.80078125,30.80126953125,147.08203125
6374,3426,5,0.092041015625,0.0074615478515625,162.36328125,14.8037109375,183.375
6375,3426,14,0.08154296875,45.21697998046875,167.37744140625,52.08160400390625,179.31591796875
6376,3426,14,0.07318115234375,129.4130859375,156.6328125,140.15771484375,175.734375
6377,3426,5,0.06982421875,16.80340576171875,46.679443359375,42.978515625,60.050537109375
6378,3426,5,0.042236328125,130.965087890625,82.85302734375,167.258056640625,101.47705078125
6379,3426,14,0.04193115234375,143.26171875,156.87158203125,153.52880859375,173.10791015625
6380,3426,5,0.0313720703125,373.9130859375,116.75830078125,410.68359375,132.51708984375
6381,3426,14,0.02886962890625,197.104248046875,156.6328125,206.416259765625,170.958984375
6382,3426,5,0.0254669189453125,137.29248046875,74.49609375,187.91162109375,93.1201171875
6383,3426,14,0.025177001953125,122.48876953125,158.30419921875,129.4130859375,173.10791015625
6384,3426,5,0.0243377685546875,39.87451171875,115.206298828125,73.541015625,134.1884765625
6385,3426,5,0.0243377685546875,275.5400390625,170.00390625,315.6533203125,191.015625
6386,3426,5,0.023956298828125,297.984375,165.7060546875,338.5751953125,178.1220703125
6387,3426,14,0.0236053466796875,45.9034423828125,165.228515625,53.5440673828125,177.1669921875
6388,3426,5,0.0226287841796875,150.66357421875,84.643798828125,189.34423828125,99.925048828125
6389,3426,5,0.021209716796875,155.43896484375,75.451171875,206.53564453125,93.1201171875
6390,3426,8,0.018341064453125,124.39892578125,159.498046875,142.06787109375,178.599609375
6391,3426,14,0.015777587890625,113.654296875,164.7509765625,126.189697265625,180.509765625
6392,3426,14,0.01525115966796875,118.19091796875,157.1103515625,136.81494140625,172.3916015625
6393,3426,5,0.01519012451171875,48.44036865234375,115.80322265625,98.373046875,134.42724609375
6394,3426,5,0.014556884765625,0.0,150.90234375,15.66925048828125,176.2119140625
6395,3426,5,0.01433563232421875,129.65185546875,76.8837890625,172.63037109375,93.59765625
6396,3426,14,0.01406097412109375,109.59521484375,164.51220703125,123.44384765625,179.31591796875
6397,3426,5,0.013275146484375,17.34063720703125,121.294921875,35.24835205078125,131.3232421875
6398,3426,14,0.0121002197265625,118.071533203125,159.0205078125,130.010009765625,175.2568359375
6399,3426,5,0.011871337890625,189.34423828125,115.32568359375,199.37255859375,123.92138671875
6400,3426,5,0.0117340087890625,37.1883544921875,107.4462890625,74.7945556640625,123.205078125
6401,3426,14,0.0108184814453125,196.626708984375,161.8857421875,210.714111328125,178.1220703125
6402,3426,8,0.0108184814453125,113.773681640625,160.453125,128.099853515625,174.779296875
6403,3426,14,0.0106964111328125,12.74432373046875,148.27587890625,21.966796875,159.73681640625
6404,3426,5,0.01056671142578125,177.40576171875,74.49609375,213.9375,90.2548828125
6405,3426,5,0.01049041748046875,190.179931640625,72.5859375,222.413818359375,88.822265625
6406,3426,8,0.0103302001953125,106.72998046875,166.18359375,123.44384765625,183.375
6407,3426,5,0.0099334716796875,180.27099609375,67.57177734375,215.3701171875,83.80810546875
6408,3426,5,0.00948333740234375,158.30419921875,83.449951171875,203.67041015625,100.163818359375
6409,3426,5,0.00926971435546875,260.736328125,67.09423828125,291.298828125,79.98779296875
6410,3426,5,0.0092315673828125,16.47509765625,116.75830078125,44.530517578125,131.56201171875
6411,3426,5,0.00881195068359375,478.494140625,150.4248046875,489.0,170.4814453125
6412,3426,5,0.007724761962890625,15.31109619140625,43.93359375,39.06866455078125,57.7822265625
6413,3426,5,0.007404327392578125,26.428802490234375,102.193359375,72.6456298828125,124.16015625
6414,3426,5,0.007175445556640625,174.54052734375,112.46044921875,199.37255859375,124.39892578125
6415,3426,5,0.007038116455078125,183.61376953125,79.03271484375,217.51904296875,95.26904296875
6416,3426,5,0.0069580078125,366.2724609375,69.95947265625,415.9365234375,88.822265625
6417,3426,5,0.0069580078125,420.95068359375,82.6142578125,457.72119140625,103.1484375
6418,3426,5,0.00661468505859375,189.34423828125,66.3779296875,224.20458984375,85.4794921875
6419,3426,5,0.006587982177734375,19.6387939453125,46.56005859375,50.6788330078125,57.3046875
6420,3426,5,0.006145477294921875,0.2984619140625,139.44140625,28.294189453125,153.767578125
6421,3426,5,0.0059814453125,44.2320556640625,108.16259765625,101.4173583984375,126.30908203125
6422,3426,5,0.005489349365234375,9.670166015625,101.95458984375,56.7674560546875,125.115234375
6423,3426,8,0.00547027587890625,68.52685546875,141.3515625,77.60009765625,149.947265625
6424,3426,14,0.005344390869140625,43.72467041015625,169.5263671875,51.54437255859375,181.9423828125
6425,3426,5,0.005260467529296875,0.0,132.03955078125,18.41510009765625,152.09619140625
6426,3426,14,0.005100250244140625,71.511474609375,134.90478515625,78.31640625,143.02294921875
6427,3426,8,0.00498199462890625,14.684326171875,169.048828125,29.0701904296875,181.9423828125
6428,3426,5,0.004810333251953125,124.757080078125,85.837646484375,168.929443359375,105.655517578125
6429,3426,5,0.004680633544921875,36.3526611328125,95.0302734375,73.6007080078125,113.1767578125
6430,3426,5,0.004451751708984375,6.7377777099609375,142.306640625,26.5631103515625,149.947265625
6431,3426,14,0.004364013671875,110.430908203125,159.498046875,124.518310546875,170.958984375
6432,3426,5,0.004230499267578125,0.0,143.26171875,18.743408203125,156.6328125
6433,3426,14,0.0041351318359375,57.2449951171875,161.8857421875,68.2283935546875,178.1220703125
6434,3426,5,0.004055023193359375,171.9140625,79.98779296875,215.84765625,97.65673828125
6435,3426,5,0.004024505615234375,451.03564453125,137.0537109375,488.76123046875,167.6162109375
6436,3426,14,0.00400543212890625,71.033935546875,137.53125,78.435791015625,147.08203125
6437,3426,5,0.00391387939453125,316.6083984375,69.00439453125,350.0361328125,79.98779296875
6438,3426,5,0.003551483154296875,13.266632080078125,48.828369140625,49.90283203125,64.825927734375
6439,3426,5,0.0035114288330078125,2.9249267578125,102.6708984375,41.78466796875,126.30908203125
6440,3426,5,0.003376007080078125,68.168701171875,114.84814453125,101.357666015625,131.80078125
6441,3426,5,0.0033512115478515625,462.2578125,150.18603515625,488.044921875,169.76513671875
6442,3426,5,0.0033111572265625,0.08953857421875,123.6826171875,30.681884765625,144.6943359375
6443,3426,5,0.00327301025390625,0.0,153.2900390625,5.208160400390625,166.18359375
6444,3426,8,0.0032596588134765625,11.244552612304688,173.3466796875,20.20587158203125,183.8525390625
6445,3426,5,0.0032482147216796875,138.72509765625,87.62841796875,175.49560546875,104.34228515625
6446,3426,5,0.003185272216796875,161.64697265625,66.85546875,208.44580078125,84.046875
6447,3426,5,0.0031604766845703125,137.53125,58.7373046875,195.07470703125,85.001953125
6448,3426,5,0.00313568115234375,16.310943603515625,115.206298828125,71.6905517578125,133.2333984375
6449,3426,8,0.0030517578125,140.15771484375,164.7509765625,154.00634765625,174.3017578125
6450,3426,5,0.0030517578125,0.50738525390625,167.85498046875,19.72833251953125,184.09130859375
6451,3426,5,0.003040313720703125,415.458984375,113.41552734375,449.841796875,129.17431640625
6452,3426,8,0.0029811859130859375,48.1717529296875,160.453125,68.3477783203125,181.46484375
6453,3426,5,0.0029582977294921875,103.984130859375,167.6162109375,187.792236328125,208.6845703125
6454,3426,5,0.0028228759765625,0.71630859375,112.93798828125,34.502197265625,131.08447265625
6455,3426,5,0.0027141571044921875,6.05877685546875,95.9853515625,54.558837890625,115.564453125
6456,3426,5,0.00266265869140625,0.0,156.1552734375,11.945938110351562,178.1220703125
6457,3426,5,0.0026416778564453125,314.6982421875,64.22900390625,347.1708984375,76.16748046875
6458,3426,5,0.0025119781494140625,183.8525390625,62.31884765625,222.533203125,79.98779296875
6459,3426,14,0.0024929046630859375,1.775848388671875,146.6044921875,21.51910400390625,158.0654296875
6460,3426,5,0.0024051666259765625,68.765625,108.4013671875,105.05859375,126.0703125
6461,3426,5,0.0023059844970703125,469.4208984375,52.0517578125,489.0,71.630859375
6462,3426,14,0.0022869110107421875,13.5501708984375,149.947265625,23.3994140625,163.318359375
6463,3426,5,0.0022869110107421875,75.21240234375,113.89306640625,106.013671875,129.17431640625
6464,3426,5,0.0020427703857421875,320.90625,65.303466796875,351.46875,78.435791015625
6465,3426,14,0.0020427703857421875,72.466552734375,137.77001953125,78.913330078125,144.93310546875
6466,3426,8,0.0020427703857421875,42.3218994140625,171.67529296875,55.8123779296875,185.52392578125
6467,3426,5,0.0020351409912109375,373.9130859375,119.14599609375,413.0712890625,140.15771484375
6468,3426,8,0.001987457275390625,50.022216796875,171.4365234375,71.86962890625,185.28515625
6469,3426,5,0.001979827880859375,171.555908203125,107.923828125,200.685791015625,126.0703125
6470,3426,5,0.001934051513671875,0.0,112.69921875,21.93695068359375,141.3515625
6471,3426,5,0.001926422119140625,197.701171875,69.48193359375,253.5732421875,93.1201171875
6472,3426,5,0.0018825531005859375,45.6646728515625,112.93798828125,77.5404052734375,125.83154296875
6473,3426,8,0.0018463134765625,59.5133056640625,173.3466796875,71.9293212890625,184.8076171875
6474,3426,5,0.0018033981323242188,0.0,107.68505859375,20.5938720703125,130.845703125
6475,3426,5,0.0017271041870117188,316.130859375,61.84130859375,344.783203125,71.86962890625
6476,3426,5,0.0017271041870117188,0.44769287109375,97.65673828125,37.87481689453125,116.75830078125
6477,3426,5,0.001674652099609375,465.6005859375,98.61181640625,489.0,122.25
6478,3426,5,0.001674652099609375,351.46875,128.935546875,382.986328125,148.037109375
6479,3426,5,0.0016489028930664062,39.6954345703125,114.1318359375,83.3902587890625,129.4130859375
6480,3426,5,0.0016422271728515625,8.670318603515625,88.225341796875,54.8572998046875,108.520751953125
6481,3426,8,0.0015974044799804688,114.84814453125,164.2734375,131.08447265625,180.509765625
6482,3426,5,0.0015916824340820312,105.8345947265625,82.13671875,167.85498046875,101.7158203125
6483,3426,5,0.0015850067138671875,54.67822265625,43.69482421875,82.494873046875,56.58837890625
6484,3426,5,0.0015363693237304688,151.61865234375,61.84130859375,205.10302734375,84.28564453125
6485,3426,5,0.0015010833740234375,198.41748046875,64.587158203125,245.9326171875,85.360107421875
6486,3426,5,0.0014104843139648438,111.624755859375,69.720703125,166.064208984375,93.1201171875
6487,3426,5,0.0014047622680664062,190.77685546875,76.764404296875,242.35107421875,97.537353515625
6488,3426,5,0.0013885498046875,317.5634765625,72.705322265625,350.0361328125,83.211181640625
6489,3426,8,0.0013885498046875,198.89501953125,171.67529296875,214.892578125,183.61376953125
6490,3426,5,0.0013885498046875,154.2451171875,89.419189453125,192.20947265625,104.461669921875
6491,3426,5,0.0013456344604492188,409.728515625,111.98291015625,448.4091796875,125.115234375
6492,3426,5,0.0013408660888671875,466.078125,52.29052734375,489.0,64.70654296875
6493,3426,5,0.0013151168823242188,29.562652587890625,91.2099609375,72.4068603515625,108.4013671875
6494,3426,5,0.00130462646484375,37.606201171875,121.7724609375,72.1083984375,138.0087890625
6495,3426,5,0.0012845993041992188,261.2138671875,80.7041015625,289.8662109375,95.9853515625
6496,3426,5,0.0012445449829101562,19.220947265625,119.026611328125,62.8560791015625,137.0537109375
6497,3426,5,0.0011968612670898438,158.78173828125,86.4345703125,177.88330078125,98.373046875
6498,3426,5,0.001178741455078125,66.13916015625,56.230224609375,87.3896484375,68.885009765625
6499,3426,5,0.0011425018310546875,62.199462890625,123.205078125,99.925048828125,144.6943359375
6500,3426,5,0.0011339187622070312,402.087890625,37.00927734375,442.201171875,57.06591796875
6501,3426,8,0.001129150390625,11.31170654296875,170.24267578125,23.6978759765625,182.18115234375
6502,3426,14,0.0011157989501953125,8.62554931640625,145.171875,21.69818115234375,155.677734375
6503,3426,14,0.0011072158813476562,127.74169921875,161.8857421875,144.93310546875,178.599609375
6504,3426,5,0.0010986328125,6.685546875,132.99462890625,32.0548095703125,144.45556640625
6505,3426,5,0.0010652542114257812,177.40576171875,127.26416015625,260.97509765625,162.12451171875
6506,3426,5,0.0010318756103515625,0.164154052734375,155.91650390625,18.11663818359375,168.81005859375
6507,3426,5,0.0010318756103515625,128.816162109375,90.97119140625,161.288818359375,114.37060546875
6508,3426,5,0.0010280609130859375,470.3759765625,93.1201171875,489.0,109.3564453125
6509,3426,5,0.0010280609130859375,0.0223846435546875,103.86474609375,14.050094604492188,131.56201171875
6510,3428,9,0.89990234375,117.72900390625,87.09228515625,132.30615234375,101.17529296875
6511,3428,10,0.896484375,72.638671875,122.7939453125,90.921875,138.1123046875
6512,3428,9,0.8759765625,166.2783203125,82.521484375,183.8203125,96.357421875
6513,3428,10,0.8671875,180.361328125,115.75244140625,198.64453125,130.453125
6514,3428,11,0.85107421875,105.4990234375,60.28515625,118.59375,73.1328125
6515,3428,17,0.85009765625,143.0537109375,120.69384765625,156.8896484375,134.40625
6516,3428,17,0.84375,114.27001953125,126.005859375,128.10595703125,139.841796875
6517,3433,17,0.216064453125,275.7080078125,170.93896484375,292.0107421875,186.76220703125
6518,3433,17,0.11676025390625,166.024169921875,187.9609375,182.566650390625,204.7431640625
6519,3433,2,0.0177764892578125,165.904296875,188.4404296875,182.20703125,204.7431640625
6520,3439,13,0.89404296875,286.83984375,137.89453125,322.39453125,173.44921875
6521,3439,3,0.88232421875,400.23046875,137.4140625,462.69140625,196.9921875
6522,3439,4,0.8798828125,198.43359375,143.66015625,234.94921875,199.39453125
6523,3439,12,0.87744140625,151.9482421875,100.41796875,182.6982421875,131.16796875
6524,3439,0,0.87646484375,287.3203125,194.109375,331.5234375,237.3515625
6525,3439,0,0.85107421875,248.40234375,91.529296875,282.99609375,124.681640625
6526,3439,1,0.84814453125,350.26171875,100.8984375,386.296875,137.89453125
6527,3439,3,0.84814453125,230.625,57.0556640625,302.6953125,89.9677734375
6528,3439,12,0.80078125,103.060546875,171.52734375,141.1376953125,208.04296875
6529,3439,11,0.004756927490234375,103.1806640625,172.0078125,140.6572265625,209.00390625
6530,3440,15,0.9013671875,172.14453125,151.8046875,213.072265625,193.4765625
6531,3440,6,0.85693359375,111.869140625,87.064453125,193.97265625,124.767578125
6532,3440,15,0.83544921875,110.5048828125,43.904296875,133.697265625,69.205078125
6533,3440,17,0.05792236328125,236.884765625,83.83984375,262.185546875,108.64453125
6534,3440,2,0.0141754150390625,236.63671875,83.83984375,262.43359375,109.140625
6535,3441,10,0.85595703125,433.59375,218.75,448.2421875,233.3984375
6536,3441,9,0.84912109375,360.3515625,190.4296875,375.9765625,205.56640625
6537,3441,17,0.76611328125,272.4609375,173.33984375,284.1796875,185.05859375
6538,3441,9,0.73583984375,300.78125,195.80078125,316.40625,209.47265625
6539,3441,10,0.319091796875,299.8046875,195.80078125,316.40625,209.47265625
6540,3441,11,0.025177001953125,386.71875,43.45703125,397.4609375,52.734375
6541,3445,17,0.78125,293.794921875,0.482421875,317.916015625,26.2919921875
6542,3445,17,0.06805419921875,323.705078125,154.857421875,350.720703125,193.451171875
6543,3445,17,0.0035800933837890625,354.8212890625,4.46240234375,375.0830078125,27.37744140625
6544,3445,17,0.001918792724609375,193.93359375,45.34765625,217.572265625,65.126953125
6545,3445,2,0.001789093017578125,315.50390625,0.0,338.66015625,22.55322265625
6546,3445,11,0.001129150390625,147.3798828125,0.482421875,173.4306640625,8.4423828125
6547,3446,15,0.87744140625,35.267578125,59.90966796875,69.969970703125,93.36865234375
6548,3446,15,0.865234375,139.7138671875,53.353515625,166.390625,82.291015625
6549,3446,15,0.81640625,65.448486328125,28.9375,86.699462890625,51.9970703125
6550,3455,9,0.908203125,253.9560546875,108.31201171875,270.6572265625,126.2412109375
6551,3455,10,0.87890625,331.5673828125,114.4521484375,349.2509765625,131.64453125
6552,3455,10,0.86328125,244.991455078125,138.0302734375,261.8154296875,157.6787109375
6553,3455,17,0.83544921875,158.6611328125,120.3466796875,173.3974609375,135.0830078125
6554,3464,8,0.0253753662109375,280.998046875,0.52978515625,324.228515625,47.15087890625
6555,3464,8,0.001995086669921875,144.1015625,0.2119140625,173.1337890625,12.39697265625
6556,3471,9,0.87890625,213.2216796875,47.4375,228.0458984375,61.767578125
6557,3471,10,0.87841796875,277.4599609375,75.603515625,296.7314453125,90.921875
6558,3471,10,0.87255859375,168.99609375,84.7451171875,187.279296875,100.310546875
6559,3471,17,0.84716796875,210.87451171875,87.2158203125,224.71044921875,101.5458984375
6560,3471,11,0.8310546875,200.126953125,20.259765625,213.46875,33.6015625
6561,3471,9,0.82421875,261.89453125,42.001953125,280.671875,56.826171875
6562,3471,17,0.82080078125,239.9052734375,81.40966796875,254.2353515625,95.24560546875
6563,3476,0,0.865234375,338.73046875,46.7255859375,378.12890625,82.0400390625
6564,3476,0,0.689453125,254.6484375,63.3017578125,295.96875,97.4150390625
6565,3476,1,0.67578125,327.439453125,114.3515625,372.603515625,159.515625
6566,3476,13,0.303955078125,328.16015625,113.630859375,373.32421875,159.275390625
6567,3476,0,0.078369140625,328.16015625,113.630859375,373.32421875,159.275390625
6568,3476,11,0.0041656494140625,255.609375,63.662109375,296.44921875,97.775390625
6569,3480,9,0.8984375,125.3201904296875,105.978759765625,143.43359375,122.925537109375
6570,3480,10,0.8759765625,152.52099609375,46.051025390625,167.25732421875,60.296142578125
6571,3480,10,0.86962890625,75.40087890625,87.18994140625,93.57568359375,101.92626953125
6572,3480,9,0.85302734375,162.222412109375,89.15478515625,178.432373046875,103.89111328125
6573,3480,11,0.85107421875,196.72998046875,106.224365234375,214.41357421875,121.206298828125
6574,3480,17,0.8447265625,132.1357421875,71.2255859375,145.8896484375,84.48828125
6575,3480,17,0.83984375,108.1278076171875,77.734130859375,122.2501220703125,91.733642578125
6576,3484,17,0.85986328125,366.43359375,177.1875,378.73828125,189.984375
6577,3484,10,0.85791015625,389.8125,146.91796875,403.59375,158.73046875
6578,3484,11,0.85498046875,377.015625,193.67578125,389.8125,206.96484375
6579,3484,9,0.84375,322.875,180.6328125,339.1171875,193.4296875
6580,3484,10,0.8388671875,303.6796875,159.9609375,318.4453125,172.265625
6581,3484,17,0.8291015625,333.703125,159.9609375,345.515625,171.28125
6582,3484,17,0.81982421875,360.52734375,160.9453125,371.35546875,171.7734375
6583,3486,9,0.892578125,214.5263671875,87.53662109375,232.52685546875,104.30419921875
6584,3486,9,0.88232421875,252.0068359375,71.75537109375,268.28125,86.796875
6585,3486,11,0.8740234375,285.5419921875,90.49560546875,303.2958984375,104.79736328125
6586,3486,10,0.8623046875,167.67578125,66.5771484375,185.4296875,81.3720703125
6587,3486,10,0.85009765625,244.1162109375,28.233642578125,258.9111328125,42.535400390625
6588,3486,17,0.841796875,223.64990234375,53.01513671875,236.47216796875,65.83740234375
6589,3486,17,0.81640625,199.7314453125,58.6865234375,213.29345703125,72.24853515625
6590,3489,15,0.123779296875,276.7705078125,157.447265625,339.1552734375,202.998046875
6591,3489,14,0.011962890625,183.93603515625,0.0,300.5361328125,97.5380859375
6592,3489,14,0.01142120361328125,198.913330078125,1.73291015625,379.259765625,83.42724609375
6593,3489,2,0.00731658935546875,0.0618896484375,54.339111328125,17.54571533203125,93.453369140625
6594,3489,14,0.0062408447265625,218.3466796875,1.609130859375,305.982421875,124.150634765625
6595,3489,14,0.004299163818359375,236.1708984375,1.4853515625,362.42578125,122.2939453125
6596,3493,15,0.84912109375,389.7646484375,147.478515625,429.611328125,176.791015625
6597,3493,15,0.82421875,299.537109375,103.9677734375,326.1015625,130.5322265625
6598,3493,15,0.81396484375,280.7587890625,174.04296875,311.9033203125,199.2333984375
6599,3493,15,0.00595855712890625,327.93359375,27.25146484375,344.421875,44.19775390625
6600,3496,0,0.73095703125,93.452880859375,160.134765625,132.504150390625,194.0283203125
6601,3496,12,0.355712890625,136.31103515625,79.944580078125,168.9765625,104.013916015625
6602,3496,11,0.04193115234375,136.556640625,80.55859375,167.994140625,103.6455078125
6603,3496,1,0.0227203369140625,93.207275390625,160.6259765625,131.39892578125,194.51953125
6604,3496,4,0.002323150634765625,267.21875,111.5048828125,318.3046875,145.3984375
6605,3496,15,0.0020198822021484375,286.3759765625,220.5537109375,319.287109375,251.9912109375
6606,3496,4,0.0012254714965820312,270.6572265625,125.872802734375,317.8134765625,158.169921875
6607,3496,4,0.0011472702026367188,273.35888671875,123.53955078125,318.05908203125,146.13525390625
6608,3500,2,0.85498046875,111.2490234375,188.515625,128.1162109375,203.3984375
6609,3500,2,0.85107421875,134.44140625,169.416015625,151.8046875,182.810546875
6610,3500,2,0.84375,47.2529296875,166.19140625,66.6005859375,180.08203125
6611,3500,2,0.73876953125,81.4833984375,147.33984375,96.1181640625,162.22265625
6612,3508,10,0.87255859375,135.009765625,130.126953125,151.611328125,143.310546875
6613,3508,9,0.87255859375,31.79931640625,154.78515625,50.59814453125,168.45703125
6614,3508,11,0.8662109375,73.3642578125,180.17578125,87.0361328125,194.82421875
6615,3508,10,0.86328125,34.48486328125,128.173828125,50.4150390625,141.845703125
6616,3508,17,0.861328125,65.7958984375,133.30078125,78.4912109375,145.99609375
6617,3508,17,0.50390625,96.37451171875,139.6484375,108.70361328125,151.3671875
6618,3508,17,0.375732421875,82.763671875,159.1796875,96.6796875,172.8515625
6619,3508,9,0.357666015625,82.70263671875,159.1796875,96.61865234375,172.8515625
6620,3510,11,0.673828125,201.5,175.34375,233.953125,203.921875
6621,3510,4,0.658203125,179.9453125,64.6640625,217.7265625,115.0390625
6622,3510,11,0.521484375,317.75,124.96875,347.78125,152.09375
6623,3510,13,0.3486328125,201.2578125,175.1015625,234.1953125,205.6171875
6624,3510,12,0.1044921875,200.7734375,175.34375,234.1953125,205.859375
6625,3510,0,0.039642333984375,317.265625,124.36328125,347.78125,151.609375
6626,3510,10,0.0147857666015625,317.5078125,124.7265625,347.5390625,151.8515625
6627,3513,17,0.381103515625,341.8701171875,63.5498046875,356.25,79.08935546875
6628,3513,2,0.3486328125,341.8701171875,63.665771484375,356.25,79.205322265625
6629,3513,2,0.259765625,401.708984375,87.091064453125,414.697265625,101.470947265625
6630,3513,17,0.169921875,385.4736328125,56.243896484375,400.3173828125,69.696044921875
6631,3513,2,0.1375732421875,385.9375,32.70263671875,401.708984375,45.69091796875
6632,3513,2,0.1041259765625,385.4736328125,56.35986328125,400.3173828125,69.34814453125
6633,3513,9,0.039337158203125,386.16943359375,32.818603515625,401.47705078125,45.343017578125
6634,3515,9,0.8759765625,387.7412109375,53.3955078125,403.7099609375,67.8671875
6635,3515,10,0.85498046875,465.08984375,67.3681640625,480.060546875,82.837890625
6636,3515,17,0.822265625,297.41796875,51.64892578125,309.39453125,63.12646484375
6637,3515,10,0.60205078125,329.10595703125,68.3662109375,345.57373046875,81.3408203125
6638,3517,9,0.9052734375,222.91015625,185.67626953125,243.1298828125,201.45751953125
6639,3517,9,0.900390625,201.2109375,216.4990234375,220.4443359375,237.2119140625
6640,3517,10,0.88623046875,179.75830078125,135.37353515625,196.03271484375,151.64794921875
6641,3517,11,0.8857421875,274.6923828125,196.7724609375,297.3779296875,212.5537109375
6642,3517,10,0.8740234375,129.332275390625,208.115234375,149.552001953125,225.869140625
6643,3517,17,0.85791015625,157.3193359375,186.9091796875,173.1005859375,202.6904296875
6644,3517,17,0.85400390625,174.0869140625,171.1279296875,188.8818359375,186.9091796875
6645,3517,5,0.0013246536254882812,139.072265625,0.3082275390625,175.0732421875,15.04150390625
6646,3518,15,0.171630859375,276.275390625,157.19970703125,339.650390625,204.23583984375
6647,3518,2,0.0204925537109375,0.09283447265625,57.43359375,18.195556640625,90.6064453125
6648,3518,14,0.002834320068359375,371.8330078125,8.4169921875,507.0,235.1806640625
6649,3518,2,0.0015010833740234375,259.68896484375,90.482666015625,277.51318359375,111.277587890625
6650,3527,15,0.9462890625,289.783203125,18.5390625,371.443359375,88.943359375
6651,3532,15,0.8681640625,68.2265625,56.6953125,87.685546875,80.23828125
6652,3532,6,0.86328125,143.900390625,78.31640625,217.171875,115.3125
6653,3545,5,0.91064453125,267.0,153.5,298.5,175.5
6654,3545,5,0.85302734375,217.0,198.5,274.5,231.0
6655,3545,5,0.8388671875,352.75,153.75,377.75,169.75
6656,3545,5,0.71044921875,345.0,144.5,363.0,155.5
6657,3545,5,0.66357421875,418.0,129.0,433.5,141.0
6658,3545,5,0.39794921875,387.5,142.0,411.0,154.5
6659,3545,5,0.0894775390625,387.25,140.5,395.25,148.5
6660,3545,5,0.08758544921875,387.25,142.0,396.25,153.0
6661,3545,5,0.0318603515625,349.5,144.5,363.5,153.5
6662,3545,5,0.02203369140625,390.75,141.0,409.75,151.0
6663,3545,5,0.0060272216796875,454.75,117.25,466.25,125.25
6664,3545,5,0.0059814453125,387.0,145.5,395.0,155.5
6665,3545,5,0.005889892578125,393.0,143.5,415.0,154.0
6666,3545,5,0.0050201416015625,398.0,145.0,412.0,154.0
6667,3545,5,0.0039005279541015625,0.0,175.5,26.28125,186.5
6668,3545,5,0.0035800933837890625,0.015625,175.5,27.1875,194.5
6669,3545,5,0.0023784637451171875,0.05859375,196.5,15.96875,207.5
6670,3545,5,0.0021495819091796875,404.25,171.0,411.75,179.0
6671,3545,5,0.001995086669921875,385.5,142.0,394.5,151.0
6672,3545,5,0.00183868408203125,0.0078125,174.5,15.234375,194.5
6673,3545,5,0.0016613006591796875,0.0,175.0,11.625,186.0
6674,3545,5,0.0013456344604492188,372.0,205.5,427.0,250.5
6675,3545,5,0.0011034011840820312,122.375,148.0,131.625,155.0
6676,3545,5,0.0010080337524414062,349.5,150.5,361.5,163.5
6677,3549,9,0.9033203125,105.2666015625,205.734375,123.6005859375,222.9609375
6678,3549,11,0.88427734375,177.6796875,206.2265625,195.890625,220.9921875
6679,3549,9,0.86083984375,143.2265625,188.5078125,159.46875,203.2734375
6680,3549,10,0.85888671875,55.6787109375,187.03125,73.3974609375,201.796875
6681,3549,10,0.85400390625,133.875,144.94921875,148.640625,158.73046875
6682,3549,17,0.8427734375,113.44921875,170.7890625,126.615234375,183.5859375
6683,3549,17,0.8232421875,88.83984375,177.1875,102.62109375,190.96875
6684,3554,7,0.82666015625,389.619140625,13.897705078125,415.72265625,38.792724609375
6685,3554,7,0.8056640625,380.67626953125,64.2919921875,410.64697265625,88.9453125
6686,3554,2,0.0013513565063476562,487.7490234375,63.3251953125,495.0,104.8974609375
6687,3558,2,0.83984375,158.716796875,77.669921875,179.7021484375,102.0322265625
6688,3558,2,0.767578125,211.30078125,102.755859375,234.45703125,128.806640625
6689,3558,17,0.4765625,261.955078125,130.736328125,285.111328125,154.857421875
6690,3558,9,0.11358642578125,211.5419921875,102.9970703125,233.2509765625,128.0830078125
6691,3558,2,0.05419921875,261.2314453125,130.736328125,286.3173828125,154.857421875
6692,3558,17,0.03271484375,211.5419921875,102.755859375,233.2509765625,126.876953125
6693,3558,2,0.0016613006591796875,170.65673828125,147.138671875,200.08447265625,168.84765625
6694,3565,2,0.88427734375,403.833984375,42.76171875,443.712890625,90.328125
6695,3565,7,0.87646484375,327.6796875,38.677734375,364.1953125,69.1875
6696,3566,8,0.89404296875,151.89599609375,80.16064453125,298.25537109375,167.30224609375
6697,3566,8,0.5830078125,0.0601806640625,47.90380859375,16.369140625,89.78955078125
6698,3566,5,0.07080078125,289.830078125,0.842529296875,363.009765625,26.840576171875
6699,3566,14,0.06304931640625,23.8917236328125,38.154541015625,35.9278564453125,59.097412109375
6700,3566,8,0.0184783935546875,154.0625,100.501708984375,217.1318359375,166.0986328125
6701,3566,8,0.015899658203125,0.015045166015625,47.42236328125,7.19158935546875,104.71435546875
6702,3566,8,0.01495361328125,0.0,48.86669921875,9.794403076171875,87.38232421875
6703,3566,8,0.0036220550537109375,289.830078125,0.601806640625,333.16015625,29.007080078125
6704,3566,8,0.0029354095458984375,0.0,47.42236328125,4.637672424316406,89.78955078125
6705,3566,8,0.0023326873779296875,0.03009033203125,46.21875,26.434356689453125,89.548828125
6706,3566,8,0.0022335052490234375,0.15045166015625,38.395263671875,58.52569580078125,117.593017578125
6707,3566,8,0.001461029052734375,0.0,32.97900390625,32.88873291015625,127.5830078125
6708,3566,14,0.00130462646484375,14.789398193359375,3.3701171875,61.745361328125,47.6630859375
6709,3566,5,0.0012445449829101562,290.3115234375,0.601806640625,335.5673828125,28.525634765625
6710,3566,14,0.0011882781982421875,50.1304931640625,24.5537109375,61.6851806640625,49.107421875
6711,3571,5,0.9033203125,114.3125,38.5078125,250.421875,114.5546875
6712,3571,5,0.83544921875,242.79296875,34.6328125,496.0,198.109375
6713,3571,5,0.77734375,0.2421875,36.0859375,116.37109375,137.8046875
6714,3571,5,0.69287109375,151.8515625,62.96875,252.1171875,115.765625
6715,3571,5,0.57177734375,89.48828125,36.44921875,130.0546875,60.42578125
6716,3571,5,0.33984375,0.0,116.4921875,161.78125,235.6484375
6717,3571,5,0.2069091796875,0.0,35.359375,103.716796875,92.7578125
6718,3571,5,0.11163330078125,249.453125,97.6015625,496.0,197.8671875
6719,3571,5,0.1077880859375,1.2109375,35.1171875,161.41796875,235.6484375
6720,3571,5,0.0703125,404.453125,34.6328125,495.515625,58.8515625
6721,3571,5,0.048309326171875,380.234375,34.75390625,496.0,79.07421875
6722,3571,5,0.04534912109375,244.3671875,0.484375,334.4609375,46.5
6723,3571,5,0.03424072265625,316.78125,38.5078125,417.53125,65.1484375
6724,3571,5,0.0135345458984375,0.0,63.453125,116.794921875,112.6171875
6725,3571,5,0.01078033447265625,315.328125,37.78125,417.046875,85.25
6726,3571,5,0.005279541015625,220.875,34.875,331.796875,78.46875
6727,3571,5,0.0029239654541015625,382.171875,3.390625,470.328125,48.921875
6728,3571,5,0.00284576416015625,358.6796875,39.9609375,413.4140625,68.0546875
6729,3571,5,0.0027675628662109375,90.396484375,30.03125,160.0859375,62.0
6730,3571,5,0.0019044876098632812,38.5078125,165.171875,107.2890625,236.859375
6731,3571,5,0.0016355514526367188,20.34375,117.4609375,161.296875,170.7421875
6732,3571,5,0.0015363693237304688,400.578125,34.390625,496.0,100.265625
6733,3571,5,0.0015010833740234375,359.890625,35.84375,463.546875,76.046875
6734,3571,5,0.00130462646484375,385.078125,16.46875,481.953125,56.671875
6735,3573,4,0.8251953125,127.30517578125,148.642578125,236.14990234375,196.591796875
6736,3573,13,0.78271484375,68.5673828125,84.8701171875,109.923583984375,125.626953125
6737,3573,12,0.76904296875,68.447509765625,84.63037109375,109.923583984375,125.38720703125
6738,3573,1,0.416748046875,116.636474609375,33.0849609375,159.790771484375,75.04052734375
6739,3573,0,0.2861328125,117.1759033203125,33.32470703125,159.91064453125,73.60205078125
6740,3573,3,0.003147125244140625,0.0,52.384521484375,12.871368408203125,98.655517578125
6741,3573,3,0.0027790069580078125,0.0,59.9365234375,14.35479736328125,115.078125
6742,3573,3,0.0025501251220703125,284.09912109375,0.958984375,322.45849609375,21.5771484375
6743,3573,5,0.0018100738525390625,361.537109375,184.36474609375,380.716796875,201.14697265625
6744,3573,3,0.0011692047119140625,243.34228515625,73.12255859375,266.83740234375,94.22021484375
6745,3583,10,0.85205078125,309.08203125,145.5078125,333.49609375,165.0390625
6746,3583,9,0.83447265625,321.2890625,94.23828125,346.6796875,111.328125
6747,3583,10,0.83349609375,443.603515625,72.8759765625,465.576171875,92.4072265625
6748,3583,10,0.42822265625,227.294921875,145.99609375,246.826171875,163.57421875
6749,3583,17,0.01129150390625,227.05078125,145.5078125,247.0703125,164.0625
6750,3583,14,0.0029354095458984375,7.6904296875,22.5830078125,23.834228515625,58.2275390625
6751,3588,14,0.77587890625,315.625,101.34521484375,338.8037109375,138.33251953125
6752,3588,14,0.673828125,75.330810546875,145.9765625,87.166748046875,170.634765625
6753,3588,14,0.5830078125,27.355194091796875,146.4697265625,43.15185546875,179.51171875
6754,3588,14,0.56982421875,64.974365234375,149.18212890625,76.070556640625,172.36083984375
6755,3588,14,0.392333984375,41.302490234375,140.05859375,56.220703125,173.59375
6756,3588,14,0.1055908203125,234.99267578125,125.01708984375,246.0888671875,145.23681640625
6757,3588,8,0.031982421875,0.0,152.880859375,7.355079650878906,198.251953125
6758,3588,14,0.01129150390625,59.14886474609375,149.4287109375,75.947265625,174.580078125
6759,3588,14,0.0110321044921875,0.03082275390625,156.826171875,7.4514007568359375,197.265625
6760,3588,8,0.00586700439453125,0.0,144.00390625,15.681076049804688,199.23828125
6761,3588,14,0.0030269622802734375,0.0,134.88037109375,10.032806396484375,194.55322265625
6762,3588,14,0.0024242401123046875,0.0,142.27783203125,7.30499267578125,187.15576171875
6763,3588,5,0.0015850067138671875,498.095703125,60.41259765625,505.0,85.07080078125
6764,3588,14,0.0015363693237304688,67.7484130859375,147.94921875,78.7213134765625,172.1142578125
6765,3588,8,0.0010652542114257812,0.0,151.89453125,6.1876678466796875,225.869140625
6766,3594,7,0.83740234375,41.64697265625,41.765625,78.013916015625,74.98828125
6767,3594,7,0.83349609375,153.0615234375,51.85107421875,189.84375,80.09033203125
6768,3594,17,0.009857177734375,299.478515625,58.97021484375,345.990234375,81.03955078125
6769,3595,9,0.90185546875,136.5302734375,97.556640625,150.7470703125,111.7734375
6770,3595,10,0.8818359375,91.55126953125,132.36328125,109.322265625,147.560546875
6771,3595,10,0.8662109375,198.544921875,126.7255859375,216.193359375,141.4326171875
6772,3595,17,0.84912109375,161.5322265625,131.1376953125,174.7685546875,144.3740234375
6773,3595,11,0.83642578125,124.7646484375,70.3486328125,138.0009765625,83.0947265625
6774,3595,17,0.82421875,132.6083984375,135.794921875,146.3349609375,149.521484375
6775,3595,9,0.76220703125,184.5732421875,93.3896484375,202.466796875,107.6064453125
6776,3596,15,0.80322265625,270.5078125,43.701171875,327.1484375,109.130859375
6777,3596,8,0.0022335052490234375,384.765625,15.13671875,500.0,256.0
6778,3596,6,0.001956939697265625,474.12109375,173.828125,496.58203125,194.3359375
6779,3596,15,0.0010118484497070312,272.94921875,45.0439453125,320.80078125,84.3505859375
6780,3599,17,0.66015625,242.734375,155.91015625,264.20703125,179.25
6781,3599,17,0.2451171875,251.13671875,120.43359375,271.67578125,141.439453125
6782,3599,17,0.091064453125,256.73828125,84.0234375,277.744140625,104.3291015625
6783,3599,3,0.020416259765625,256.73828125,84.0234375,278.2109375,104.5625
6784,3599,2,0.0203399658203125,187.30224609375,126.501953125,212.97607421875,147.041015625
6785,3599,2,0.00864410400390625,256.73828125,83.7900390625,278.2109375,104.7958984375
6786,3599,3,0.00701141357421875,187.4189453125,128.6025390625,211.458984375,146.3408203125
6787,3599,10,0.0038242340087890625,187.185546875,128.369140625,212.392578125,146.107421875
6788,3604,15,0.9072265625,376.365234375,159.943359375,415.283203125,202.658203125
6789,3604,15,0.9033203125,256.763671875,109.04150390625,297.580078125,149.02734375
6790,3604,15,0.880859375,364.974609375,88.15869140625,398.197265625,119.24560546875
6791,3605,5,0.1883544921875,0.0,8.9970703125,209.3642578125,104.8037109375
6792,3605,5,0.172119140625,217.6318359375,2.1884765625,331.9189453125,41.0947265625
6793,3605,5,0.05145263671875,236.35546875,0.85107421875,333.62109375,21.27685546875
6794,3605,5,0.045196533203125,110.27490234375,8.87548828125,210.21533203125,59.21044921875
6795,3605,5,0.0263519287109375,211.91748046875,13.3740234375,336.5390625,47.9033203125
6796,3605,5,0.023773193359375,34.65087890625,10.4560546875,162.79833984375,43.0400390625
6797,3605,5,0.01861572265625,0.0,9.240234375,217.1455078125,165.3515625
6798,3605,5,0.0169830322265625,258.9697265625,7.294921875,332.8916015625,36.9609375
6799,3605,5,0.004070281982421875,264.5625,1.09423828125,314.16796875,17.87255859375
6800,3605,5,0.003692626953125,22.73583984375,106.01953125,37.264892578125,114.0439453125
6801,3605,5,0.003063201904296875,250.2158203125,0.60791015625,290.0947265625,12.03662109375
6802,3605,14,0.002349853515625,378.849609375,12.8876953125,391.494140625,31.8544921875
6803,3605,5,0.002216339111328125,12.158203125,17.7509765625,380.794921875,251.0
6804,3605,5,0.0018243789672851562,77.20458984375,8.9970703125,169.728515625,30.3955078125
6805,3605,5,0.0015850067138671875,218.1181640625,14.58984375,265.048828125,44.7421875
6806,3605,5,0.0012254714965820312,345.29296875,2.431640625,366.69140625,15.5625
6807,3607,2,0.83642578125,228.69580078125,153.6796875,248.39208984375,182.859375
6808,3614,9,0.8671875,146.8720703125,126.118408203125,167.5029296875,141.9599609375
6809,3614,17,0.85302734375,179.04638671875,186.1689453125,198.9404296875,205.326171875
6810,3614,9,0.85107421875,56.1822509765625,91.365234375,78.1639404296875,109.5400390625
6811,3614,9,0.845703125,59.927734375,164.064453125,85.22509765625,182.73046875
6812,3614,11,0.56005859375,239.7109375,107.083984375,252.72802734375,124.2763671875
6813,3614,11,0.338134765625,416.546875,74.90966796875,439.142578125,87.18994140625
6814,3614,11,0.329345703125,315.8486328125,98.97900390625,334.5146484375,116.17138671875
6815,3614,15,0.0020580291748046875,0.0,205.8173828125,4.654991149902344,242.658203125
6816,3616,15,0.87646484375,341.45703125,102.9375,369.09765625,128.671875
6817,3616,6,0.83984375,305.0,57.1875,363.140625,81.015625
6818,3616,15,0.82763671875,305.953125,21.921875,325.015625,40.5078125
6819,3616,15,0.2005615234375,392.2109375,66.48046875,410.3203125,84.11328125
6820,3616,1,0.004627227783203125,392.2109375,66.48046875,409.3671875,83.16015625
6821,3625,2,0.85009765625,245.30859375,157.39453125,263.26953125,179.13671875
6822,3625,2,0.83447265625,315.734375,169.2109375,337.4765625,190.953125
6823,3625,2,0.806640625,383.32421875,177.71875,405.06640625,201.3515625
6824,3625,17,0.0014667510986328125,244.8359375,157.8671875,263.7421875,179.609375
6825,3626,7,0.861328125,313.6513671875,206.03564453125,350.4345703125,233.37451171875
6826,3626,7,0.51953125,318.125,81.0224609375,351.92578125,110.349609375
6827,3626,17,0.00800323486328125,318.37353515625,81.0224609375,350.68310546875,109.8525390625
6828,3626,17,0.00498199462890625,501.046875,148.126953125,509.0,181.927734375
6829,3626,2,0.0014553070068359375,501.5439453125,194.8515625,509.0,223.681640625
6830,3634,15,0.91162109375,195.9931640625,48.87548828125,214.16796875,68.52392578125
6831,3639,17,0.08599853515625,157.3271484375,136.4150390625,168.5126953125,151.4912109375
6832,3639,17,0.08447265625,158.2998046875,134.2265625,177.99609375,156.59765625
6833,3639,17,0.0592041015625,447.6650390625,151.248046875,460.7958984375,164.865234375
6834,3639,17,0.046905517578125,157.93505859375,135.19921875,174.95654296875,150.76171875
6835,3639,2,0.00530242919921875,446.935546875,145.412109375,461.525390625,165.837890625
6836,3639,17,0.00482940673828125,156.59765625,136.9013671875,166.32421875,148.5732421875
6837,3639,2,0.0041351318359375,439.8837890625,129.1201171875,463.7138671875,166.0810546875
6838,3639,8,0.0034694671630859375,454.23046875,0.60791015625,474.169921875,22.97900390625
6839,3639,17,0.0033512115478515625,445.962890625,141.03515625,461.525390625,165.3515625
6840,3639,2,0.0028553009033203125,493.623046875,94.833984375,498.0,125.2294921875
6841,3639,6,0.0021648406982421875,57.1739501953125,160.7314453125,84.8642578125,187.9658203125
6842,3639,14,0.0018529891967773438,63.161865234375,0.486328125,92.463134765625,29.1796875
6843,3639,2,0.0018243789672851562,491.19140625,91.916015625,498.0,124.013671875
6844,3639,2,0.0017480850219726562,493.13671875,79.271484375,498.0,126.4453125
6845,3639,2,0.0017137527465820312,347.724609375,12.8876953125,359.396484375,29.9091796875
6846,3639,2,0.0016489028930664062,57.1739501953125,161.4609375,85.59375,188.6953125
6847,3639,17,0.00154876708984375,21.580810546875,62.25,37.93359375,81.703125
6848,3639,2,0.0013780593872070312,488.759765625,74.1650390625,498.0,135.4423828125
6849,3639,14,0.0011472702026367188,76.414306640625,7.294921875,92.584716796875,28.4501953125
6850,3639,2,0.0010986328125,494.595703125,101.15625,498.0,134.9560546875
6851,3644,2,0.88623046875,37.9638671875,72.998046875,57.9833984375,99.365234375
6852,3644,2,0.861328125,118.22509765625,35.888671875,134.765625,57.373046875
6853,3644,2,0.85400390625,39.73388671875,33.203125,58.2275390625,56.640625
6854,3644,2,0.85205078125,163.330078125,81.6650390625,181.396484375,106.0791015625
6855,3651,15,0.87158203125,44.052978515625,88.10595703125,73.541015625,117.71337890625
6856,3651,15,0.85693359375,127.98046875,111.863525390625,154.72265625,139.44140625
6857,3651,15,0.80810546875,120.10107421875,71.1533203125,143.02294921875,92.642578125
6858,3653,15,0.533203125,276.52294921875,156.9521484375,339.40283203125,202.5029296875
6859,3653,2,0.00930023193359375,0.0618896484375,54.9580078125,16.957763671875,92.5869140625
6860,3666,7,0.77880859375,397.74560546875,51.811279296875,424.92529296875,69.769287109375
6861,3666,7,0.73095703125,339.74609375,104.59326171875,358.189453125,124.49267578125
6862,3675,15,0.8974609375,30.552978515625,114.380859375,70.59814453125,155.197265625
6863,3675,15,0.89697265625,147.8408203125,174.65625,184.3857421875,216.421875
6864,3675,15,0.85791015625,142.1455078125,101.3291015625,175.3681640625,132.6533203125
6865,3675,15,0.00530242919921875,0.0111236572265625,35.12109375,4.946319580078125,87.0908203125
6866,3675,15,0.0015850067138671875,0.0,51.9697265625,4.3604736328125,110.583984375
6867,3675,15,0.001361846923828125,0.0111236572265625,2.6103515625,5.6656494140625,83.2939453125
6868,3683,9,0.89111328125,284.5078125,99.125,303.5703125,117.94921875
6869,3683,10,0.888671875,317.62890625,161.078125,341.93359375,183.0
6870,3683,10,0.8798828125,177.51953125,128.91015625,200.39453125,149.40234375
6871,3683,11,0.8740234375,303.5703125,61.0,320.7265625,78.15625
6872,3683,9,0.8154296875,349.796875,110.32421875,375.53125,129.38671875
6873,3683,9,0.796875,229.2265625,148.44921875,247.3359375,165.12890625
6874,3683,9,0.67578125,265.921875,152.5,284.03125,169.65625
6875,3683,10,0.482421875,349.796875,110.5625,375.53125,129.38671875
6876,3683,17,0.32421875,265.921875,152.73828125,284.03125,169.89453125
6877,3683,17,0.281494140625,229.2265625,148.2109375,247.3359375,165.3671875
6878,3692,7,0.845703125,72.9736328125,175.13671875,104.794921875,202.890625
6879,3692,7,0.82080078125,251.220703125,178.96484375,286.15234375,204.8046875
6880,3692,14,0.002414703369140625,0.0,74.05029296875,5.0954437255859375,96.30126953125
6881,3695,9,0.888671875,350.517578125,157.365234375,364.244140625,172.072265625
6882,3695,10,0.86865234375,303.455078125,191.681640625,321.59375,207.369140625
6883,3695,9,0.86328125,400.2763671875,156.384765625,418.4150390625,170.111328125
6884,3695,10,0.85791015625,414.248046875,191.9267578125,432.876953125,208.1044921875
6885,3695,17,0.85205078125,344.8798828125,197.564453125,359.0966796875,211.78125
6886,3695,17,0.8427734375,375.029296875,194.623046875,388.755859375,208.349609375
6887,3695,11,0.82568359375,338.751953125,128.44140625,351.98828125,142.16796875
6888,3702,9,0.9091796875,245.607421875,73.388671875,266.6455078125,95.4052734375
6889,3702,10,0.8984375,305.05224609375,32.168701171875,323.64404296875,54.429931640625
6890,3702,11,0.892578125,216.7412109375,154.36083984375,241.2041015625,174.90966796875
6891,3702,10,0.88232421875,386.0244140625,150.2021484375,407.5517578125,171.7294921875
6892,3702,9,0.8798828125,275.4521484375,131.6103515625,298.9365234375,150.69140625
6893,3702,17,0.83544921875,320.21923828125,73.63330078125,337.83251953125,91.24658203125
6894,3702,17,0.796875,341.0126953125,113.5078125,358.6259765625,130.87646484375
6895,3706,0,0.87646484375,265.13671875,62.01171875,314.94140625,110.107421875
6896,3706,1,0.83544921875,166.015625,86.42578125,213.37890625,135.009765625
6897,3707,2,0.86328125,202.181396484375,107.7978515625,241.336669921875,133.9013671875
6898,3707,7,0.84814453125,235.4150390625,159.0380859375,264.90234375,190.9423828125
6899,3707,7,0.017303466796875,250.15869140625,175.95703125,264.17724609375,190.458984375
6900,3707,14,0.002758026123046875,287.38037109375,41.572265625,298.49853515625,68.1591796875
6901,3710,7,0.88818359375,274.5849609375,172.3916015625,311.35546875,201.0439453125
6902,3710,2,0.8857421875,180.74853515625,139.9189453125,220.86181640625,167.6162109375
6903,3710,5,0.0015735626220703125,7.282470703125,163.7958984375,84.5244140625,208.20703125
6904,3712,15,0.90478515625,182.419921875,166.6611328125,200.56640625,185.7626953125
6905,3715,4,0.83544921875,298.828125,113.037109375,366.2109375,139.404296875
6906,3715,0,0.62060546875,267.578125,156.494140625,301.7578125,187.744140625
6907,3715,1,0.498046875,382.32421875,144.04296875,415.52734375,177.24609375
6908,3715,0,0.401611328125,381.8359375,144.04296875,416.015625,177.24609375
6909,3715,13,0.21533203125,267.578125,156.73828125,301.7578125,187.98828125
6910,3715,11,0.0174407958984375,267.578125,156.73828125,301.7578125,187.98828125
6911,3715,6,0.0016422271728515625,76.66015625,8.544921875,146.484375,102.783203125
6912,3718,9,0.92626953125,187.982177734375,166.5283203125,231.817626953125,202.7099609375
6913,3718,9,0.87646484375,78.857421875,148.9013671875,121.30126953125,183.69140625
6914,3718,11,0.873046875,102.05078125,117.706298828125,134.869384765625,151.220703125
6915,3718,11,0.82421875,264.404296875,144.2626953125,299.1943359375,178.5888671875
6916,3718,11,0.79052734375,187.40234375,105.76171875,229.6142578125,132.2021484375
6917,3718,11,0.69287109375,187.518310546875,132.2021484375,229.034423828125,165.13671875
6918,3718,9,0.6259765625,186.126708984375,130.11474609375,228.570556640625,165.36865234375
6919,3719,2,0.8740234375,240.2412109375,182.251953125,257.54052734375,197.845703125
6920,3719,2,0.865234375,264.119140625,164.708984375,280.6875,178.353515625
6921,3719,2,0.83642578125,179.328125,158.861328125,197.845703125,172.505859375
6922,3719,2,0.445556640625,213.073974609375,142.7802734375,226.474853515625,156.4248046875
6923,3727,15,0.8408203125,369.849609375,190.9423828125,397.623046875,214.0869140625
6924,3727,15,0.80078125,315.228515625,172.658203125,336.521484375,190.248046875
6925,3727,15,0.77587890625,370.3125,156.45703125,391.142578125,173.583984375
6926,3727,5,0.0012445449829101562,28.178466796875,156.919921875,62.2587890625,169.880859375
6927,3732,15,0.85400390625,251.875,100.5078125,279.0,125.9375
6928,3732,6,0.83544921875,216.515625,54.85546875,274.15625,78.10546875
6929,3732,15,0.822265625,218.33203125,19.375,237.94921875,38.265625
6930,3732,15,0.244384765625,302.25,65.1484375,319.6875,82.828125
6931,3732,2,0.06561279296875,302.734375,65.1484375,319.203125,82.5859375
6932,3734,7,0.82080078125,233.0390625,50.75390625,250.43359375,66.95703125
6933,3734,7,0.7890625,291.65625,43.60546875,310.71875,60.76171875
6934,3737,7,0.806640625,232.4833984375,197.5380859375,256.7509765625,216.9521484375
6935,3737,7,0.80078125,253.59619140625,163.078125,280.29052734375,181.521484375
6936,3737,2,0.0010404586791992188,73.652099609375,134.4423828125,99.375732421875,149.48828125
6937,3740,10,0.90283203125,66.076171875,89.701171875,87.1171875,108.404296875
6938,3740,10,0.9013671875,190.96875,126.0,212.1328125,145.6875
6939,3740,11,0.88818359375,183.33984375,40.60546875,199.08984375,55.86328125
6940,3740,9,0.86865234375,164.390625,71.859375,181.6171875,88.59375
6941,3740,9,0.8671875,221.73046875,86.625,244.86328125,103.8515625
6942,3740,9,0.84912109375,112.587890625,110.25,129.568359375,126.0
6943,3740,17,0.7880859375,145.810546875,115.6640625,162.791015625,131.90625
6944,3744,9,0.87841796875,220.0078125,166.359375,243.140625,184.078125
6945,3744,10,0.84375,340.1015625,158.484375,360.7734375,178.171875
6946,3744,10,0.83447265625,200.8125,217.0546875,224.4375,236.25
6947,3744,17,0.8310546875,118.5556640625,207.45703125,138.3046875,225.66796875
6948,3746,2,0.79443359375,407.5771484375,40.18701171875,422.7958984375,56.35693359375
6949,3746,2,0.7890625,333.62353515625,79.066162109375,349.31787109375,94.522705078125
6950,3746,2,0.355712890625,371.4326171875,62.53955078125,387.6025390625,77.75830078125
6951,3746,17,0.315673828125,333.861328125,79.066162109375,349.080078125,94.522705078125
6952,3747,7,0.845703125,400.9951171875,168.501953125,428.1728515625,191.232421875
6953,3747,17,0.0021152496337890625,67.07958984375,233.728515625,81.2861328125,243.611328125
6954,3754,6,0.87744140625,419.3642578125,193.095703125,473.8271484375,220.822265625
6955,3754,15,0.87255859375,345.83935546875,198.046875,364.65380859375,215.87109375
6956,3756,17,0.8232421875,252.6181640625,174.3017578125,267.8994140625,190.5380859375
6957,3756,17,0.4130859375,329.0244140625,143.26171875,343.828125,157.587890625
6958,3759,17,0.806640625,353.625,149.185546875,373.8046875,169.365234375
6959,3759,2,0.7265625,290.68359375,192.908203125,312.3046875,217.412109375
6960,3759,2,0.70263671875,402.15234375,115.79296875,427.13671875,137.89453125
6961,3759,9,0.09600830078125,291.1640625,193.1484375,311.34375,215.25
6962,3759,9,0.0284423828125,403.11328125,115.6728515625,427.13671875,136.93359375
6963,3759,2,0.0253753662109375,353.625,148.9453125,373.8046875,169.125
6964,3762,15,0.83740234375,185.5546875,74.267578125,215.26171875,102.146484375
6965,3762,15,0.8310546875,169.1015625,147.849609375,202.921875,175.728515625
6966,3762,15,0.81640625,281.302734375,118.142578125,321.521484375,149.677734375
6967,3762,8,0.001461029052734375,0.00714111328125,55.7578125,9.65478515625,137.109375
6968,3768,17,0.8408203125,335.1875,99.5390625,353.59375,119.3984375
6969,3768,2,0.62255859375,379.265625,186.0,407.359375,211.1875
6970,3768,17,0.017852783203125,380.234375,186.2421875,406.390625,208.5234375
6971,3768,9,0.007694244384765625,355.53125,145.3125,382.65625,163.71875
6972,3773,0,0.88720703125,206.2841796875,171.4892578125,256.48828125,221.1962890625
6973,3773,1,0.85986328125,160.056640625,112.337890625,205.04150390625,156.5771484375
6974,3773,0,0.004199981689453125,160.30517578125,112.08935546875,205.2900390625,155.83154296875
6975,3773,13,0.0022430419921875,159.5595703125,112.08935546875,205.2900390625,155.83154296875
6976,3775,17,0.85205078125,404.625,19.2099609375,420.1875,34.7724609375
6977,3775,9,0.8017578125,334.107421875,65.16796875,357.451171875,81.703125
6978,3775,10,0.56982421875,235.3828125,55.44140625,255.5654296875,73.435546875
6979,3775,9,0.52734375,310.5205078125,27.4775390625,329.9736328125,40.6083984375
6980,3775,11,0.1571044921875,235.1396484375,55.1982421875,255.5654296875,73.1923828125
6981,3775,6,0.0011157989501953125,432.5888671875,2.431640625,466.6318359375,25.775390625
6982,3775,9,0.0010728836059570312,309.3046875,27.35595703125,330.703125,53.37451171875
6983,3777,17,0.8759765625,396.626953125,196.751953125,408.638671875,209.244140625
6984,3777,11,0.8681640625,406.4765625,214.529296875,418.96875,227.982421875
6985,3777,10,0.85498046875,335.3671875,175.8515625,349.78125,188.34375
6986,3777,17,0.85009765625,364.67578125,177.29296875,376.20703125,188.82421875
6987,3777,10,0.8427734375,421.130859375,167.923828125,434.583984375,179.455078125
6988,3777,9,0.83984375,353.14453125,197.953125,369.48046875,210.4453125
6989,3777,17,0.69091796875,390.861328125,179.935546875,401.912109375,190.505859375
6990,3778,9,0.8642578125,273.865234375,180.7900390625,293.357421875,200.2822265625
6991,3778,10,0.8623046875,161.176025390625,198.3330078125,181.399169921875,221.7236328125
6992,3778,17,0.8408203125,284.0986328125,121.826171875,299.6923828125,136.4453125
6993,3778,9,0.7294921875,194.67822265625,150.08984375,214.65771484375,164.708984375
6994,3778,9,0.0016355514526367188,152.648193359375,64.933349609375,172.871337890625,75.897705078125
6995,3781,15,0.88818359375,196.03271484375,26.87744140625,216.25244140625,44.63134765625
6996,3781,7,0.001926422119140625,0.0077056884765625,113.427734375,5.039520263671875,154.853515625
6997,3785,2,0.86865234375,188.5078125,69.767578125,207.703125,95.607421875
6998,3785,2,0.8642578125,264.796875,30.884765625,280.546875,52.541015625
6999,3785,2,0.8642578125,310.32421875,75.55078125,329.02734375,99.66796875
7000,3785,2,0.845703125,189.24609375,31.130859375,206.47265625,53.525390625
7001,3804,8,0.81884765625,18.28515625,0.2421875,106.68359375,38.9921875
7002,3804,8,0.77880859375,79.55859375,0.0,142.76953125,40.6875
7003,3804,8,0.65478515625,0.0,0.0,30.697265625,65.390625
7004,3804,8,0.1519775390625,0.037841796875,0.0,12.76025390625,38.75
7005,3804,14,0.1307373046875,16.46875,40.4453125,273.1875,247.0
7006,3804,8,0.10302734375,0.04541015625,0.0,13.69873046875,59.8203125
7007,3804,8,0.019500732421875,77.984375,0.0,109.46875,26.3984375
7008,3804,8,0.00690460205078125,34.330078125,0.484375,84.40234375,21.796875
7009,3804,8,0.00591278076171875,1.453125,0.36328125,33.119140625,34.02734375
7010,3804,8,0.004756927490234375,18.28515625,0.484375,36.4189453125,22.765625
7011,3804,8,0.004199981689453125,102.56640625,0.60546875,140.7109375,36.93359375
7012,3804,8,0.004180908203125,20.162109375,0.484375,73.50390625,22.5234375
7013,3804,8,0.003635406494140625,46.4091796875,0.36328125,83.43359375,11.98828125
7014,3804,8,0.0034427642822265625,20.1015625,0.7265625,34.875,14.2890625
7015,3804,8,0.0032978057861328125,1.3623046875,0.60546875,34.26953125,20.70703125
7016,3804,2,0.0032863616943359375,231.046875,207.796875,258.171875,220.390625
7017,3804,8,0.003040313720703125,419.953125,0.0,449.984375,11.625
7018,3804,8,0.0021820068359375,112.73828125,0.2421875,138.65234375,21.0703125
7019,3804,8,0.0017004013061523438,58.609375,0.484375,84.64453125,11.140625
7020,3804,8,0.0014781951904296875,457.25,0.2421875,496.0,12.3515625
7021,3804,8,0.0014553070068359375,19.8896484375,0.7265625,43.7451171875,11.140625
7022,3804,8,0.0012445449829101562,0.0,0.2421875,32.453125,13.3203125
7023,3804,8,0.0011205673217773438,2.361328125,41.171875,246.0625,247.0
7024,3804,8,0.0010366439819335938,442.71875,0.0,472.75,11.140625
7025,3804,8,0.0010166168212890625,427.703125,0.0,494.546875,11.140625
7026,3813,17,0.861328125,324.494140625,98.93701171875,344.71484375,118.67626953125
7027,3813,7,0.861328125,271.0537109375,56.08837890625,300.9033203125,86.90087890625
7028,3813,17,0.83984375,292.95947265625,85.2158203125,312.21728515625,103.9921875
7029,3813,7,0.7958984375,266.2392578125,127.1015625,297.0517578125,159.83984375
7030,3813,17,0.006191253662109375,218.81689453125,62.34716796875,240.48193359375,83.04931640625
7031,3818,7,0.85986328125,192.7275390625,44.1416015625,225.5322265625,71.1572265625
7032,3827,4,0.87060546875,209.734375,8.35546875,251.6328125,77.37890625
7033,3827,1,0.82568359375,158.875,166.625,202.46875,213.125
7034,3827,1,0.7490234375,302.734375,142.890625,344.390625,186.484375
7035,3827,13,0.60205078125,302.25,143.375,344.875,186.0
7036,3827,0,0.033477783203125,302.25,142.890625,344.875,186.0
7037,3827,0,0.01078033447265625,158.02734375,167.109375,202.83203125,212.640625
7038,3829,7,0.85302734375,150.80712890625,71.4287109375,186.64013671875,102.7529296875
7039,3829,7,0.810546875,260.7978515625,78.66650390625,297.8173828125,107.38037109375
7040,3829,15,0.002269744873046875,0.0,70.716796875,8.602294921875,103.939453125
7041,3829,2,0.0013990402221679688,0.0,65.021484375,8.18701171875,104.4140625
7042,3834,10,0.8857421875,117.017578125,161.68359375,136.705078125,184.32421875
7043,3834,9,0.85400390625,227.63671875,137.56640625,247.81640625,157.74609375
7044,3834,17,0.84912109375,234.7734375,79.365234375,251.015625,93.884765625
7045,3834,9,0.830078125,148.1484375,111.97265625,166.359375,126.24609375
7046,3834,7,0.0027141571044921875,0.0230712890625,73.08984375,4.7911376953125,100.16015625
7047,3834,2,0.00238800048828125,0.0076904296875,71.61328125,5.9139404296875,95.73046875
7048,3834,2,0.001964569091796875,216.193359375,23.87109375,246.216796875,51.92578125
7049,3834,2,0.001220703125,0.0,60.78515625,5.2679443359375,98.19140625
7050,3840,7,0.84912109375,357.71484375,27.674560546875,393.486328125,63.687744140625
7051,3840,7,0.83203125,400.25390625,98.85498046875,439.892578125,129.55078125
7052,3843,0,0.88623046875,167.220703125,101.63671875,204.134765625,139.78125
7053,3843,0,0.8857421875,292.359375,77.765625,330.75,112.21875
7054,3843,1,0.85107421875,308.109375,184.5703125,353.390625,228.8671875
7055,3844,15,0.888671875,125.40966796875,178.52978515625,168.36767578125,214.55908203125
7056,3844,15,0.85986328125,44.11279296875,145.96484375,78.871826171875,173.6796875
7057,3844,15,0.82763671875,125.640625,122.63818359375,156.126953125,147.11962890625
7058,3844,5,0.0115509033203125,466.533203125,74.59912109375,473.0,87.07080078125
7059,3844,8,0.002590179443359375,100.46630859375,0.115478515625,120.5595703125,11.894287109375
7060,3847,17,0.87060546875,129.26806640625,146.8408203125,143.470703125,160.3212890625
7061,3847,9,0.84912109375,280.201171875,139.619140625,298.49609375,153.099609375
7062,3847,9,0.1812744140625,206.178955078125,122.7685546875,224.473876953125,135.767578125
7063,3847,17,0.1470947265625,206.29931640625,122.648193359375,224.59423828125,135.2861328125
7064,3847,11,0.08209228515625,285.978515625,150.6923828125,307.162109375,168.9873046875
7065,3847,17,0.0364990234375,199.55908203125,167.78369140625,215.92822265625,179.33837890625
7066,3847,11,0.0015668869018554688,290.79296875,181.0234375,303.310546875,189.689453125
7067,3866,8,0.83740234375,363.97265625,0.72216796875,397.673828125,31.53466796875
7068,3866,8,0.83203125,0.0,87.38232421875,248.9072265625,220.26123046875
7069,3866,8,0.5078125,312.4580078125,0.4814453125,352.8994140625,27.923828125
7070,3866,8,0.049591064453125,311.013671875,0.361083984375,383.23046875,28.284912109375
7071,3866,8,0.029754638671875,310.05078125,0.4814453125,327.3828125,12.517578125
7072,3866,8,0.018341064453125,291.2744140625,0.4814453125,325.9384765625,12.0361328125
7073,3866,14,0.00919342041015625,313.90234375,0.24072265625,329.30859375,14.20263671875
7074,3866,14,0.0089874267578125,317.75390625,0.0,334.123046875,16.8505859375
7075,3866,8,0.00572967529296875,181.986328125,0.962890625,195.9482421875,15.40625
7076,3866,8,0.005535125732421875,368.3056640625,0.4814453125,394.3037109375,14.443359375
7077,3866,8,0.004383087158203125,368.3056640625,0.24072265625,396.2294921875,22.38720703125
7078,3866,8,0.003482818603515625,367.3427734375,0.361083984375,385.15625,18.415283203125
7079,3866,8,0.0030155181884765625,317.75390625,0.0,343.751953125,21.18359375
7080,3866,8,0.0023784637451171875,367.82421875,0.4814453125,386.119140625,11.0732421875
7081,3866,8,0.0017681121826171875,313.18017578125,3.8515625,330.51220703125,27.923828125
7082,3866,8,0.00154876708984375,317.75390625,0.24072265625,334.123046875,13.23974609375
7083,3866,5,0.0013246536254882812,434.263671875,0.24072265625,484.333984375,12.27685546875
7084,3866,8,0.0011510848999023438,285.015625,0.601806640625,312.939453125,11.675048828125
7085,3866,5,0.001129150390625,480.482421875,101.103515625,493.0,144.43359375
7086,3866,8,0.0011157989501953125,174.283203125,0.4814453125,196.4296875,14.443359375
7087,3866,8,0.0010814666748046875,333.6416015625,0.601806640625,398.1552734375,29.488525390625
7088,3866,8,0.0010652542114257812,340.3818359375,0.601806640625,354.8251953125,12.878662109375
7089,3870,9,0.8974609375,284.3359375,128.931640625,318.65234375,162.267578125
7090,3870,10,0.8857421875,292.9150390625,49.2685546875,316.4462890625,71.57421875
7091,3870,10,0.845703125,174.5234375,83.830078125,196.09375,109.5673828125
7092,3870,17,0.82568359375,71.022705078125,56.8671875,89.651611328125,73.53515625
7093,3870,9,0.7373046875,195.8486328125,38.4833984375,217.4189453125,62.259765625
7094,3870,10,0.2705078125,196.09375,38.4833984375,217.173828125,60.7890625
7095,3876,5,0.9033203125,240.966796875,123.53515625,365.478515625,179.6875
7096,3876,5,0.88232421875,396.97265625,127.685546875,500.0,186.279296875
7097,3876,5,0.80810546875,375.0,112.9150390625,460.9375,160.64453125
7098,3876,5,0.7841796875,0.18310546875,130.859375,102.294921875,178.7109375
7099,3876,14,0.76220703125,143.5546875,93.3837890625,230.46875,236.81640625
7100,3876,14,0.501953125,146.484375,121.4599609375,185.05859375,189.94140625
7101,3876,14,0.2451171875,168.212890625,98.14453125,221.6796875,248.53515625
7102,3876,14,0.055419921875,146.484375,120.361328125,213.37890625,191.650390625
7103,3876,5,0.049774169921875,143.5546875,121.826171875,230.46875,178.466796875
7104,3876,14,0.0352783203125,182.861328125,102.5390625,218.26171875,136.23046875
7105,3876,14,0.033477783203125,171.38671875,100.9521484375,220.703125,196.77734375
7106,3876,5,0.01287078857421875,209.228515625,116.2109375,284.66796875,152.83203125
7107,3876,14,0.007038116455078125,190.91796875,101.806640625,224.12109375,142.333984375
7108,3876,14,0.005260467529296875,213.134765625,128.41796875,239.990234375,160.64453125
7109,3876,5,0.004116058349609375,212.40234375,118.65234375,272.4609375,168.9453125
7110,3876,8,0.003376007080078125,127.685546875,131.8359375,162.841796875,166.015625
7111,3876,11,0.0026836395263671875,215.6982421875,129.39453125,239.6240234375,155.76171875
7112,3876,5,0.0025119781494140625,236.6943359375,115.478515625,287.59765625,156.494140625
7113,3876,14,0.002208709716796875,487.3046875,132.8125,500.0,243.1640625
7114,3876,14,0.0016231536865234375,0.0,128.41796875,5.9661865234375,205.56640625
7115,3876,5,0.0015850067138671875,76.7822265625,130.37109375,121.2158203125,154.78515625
7116,3876,5,0.0012350082397460938,487.79296875,116.2109375,500.0,144.53125
7117,3876,14,0.0012063980102539062,155.029296875,115.1123046875,195.556640625,167.96875
7118,3876,5,0.0011606216430664062,125.732421875,136.962890625,167.236328125,167.724609375
7119,3876,14,0.0011510848999023438,225.09765625,139.6484375,242.919921875,172.8515625
7120,3876,5,0.0011425018310546875,99.7314453125,131.34765625,161.7431640625,166.9921875
7121,3880,7,0.80810546875,417.53125,179.703125,440.78125,198.59375
7122,3880,7,0.77587890625,343.6640625,180.1875,365.4609375,195.6875
7123,3883,9,0.90869140625,283.4765625,82.5205078125,301.734375,99.3369140625
7124,3883,17,0.896484375,252.7265625,113.630859375,269.0625,129.966796875
7125,3883,17,0.896484375,291.64453125,120.357421875,308.94140625,136.693359375
7126,3883,11,0.8818359375,307.259765625,55.734375,323.115234375,70.1484375
7127,3883,10,0.8798828125,328.640625,136.453125,349.78125,155.19140625
7128,3883,10,0.87646484375,193.9892578125,98.015625,215.8505859375,115.79296875
7129,3883,9,0.85986328125,338.25,96.57421875,361.3125,114.3515625
7130,3883,5,0.0011205673217773438,328.640625,136.93359375,349.78125,155.19140625
7131,3884,5,0.8447265625,379.1220703125,116.457275390625,453.0,209.2470703125
7132,3884,5,0.1883544921875,116.457275390625,134.0419921875,141.894287109375,150.41015625
7133,3884,5,0.050323486328125,390.6240234375,104.955322265625,453.0,161.4697265625
7134,3884,5,0.0216217041015625,85.60107421875,129.39697265625,130.171142578125,152.84326171875
7135,3884,5,0.019561767578125,0.0,137.138671875,14.709228515625,164.56640625
7136,3884,5,0.01861572265625,0.0,139.79296875,16.3128662109375,177.3955078125
7137,3884,5,0.017242431640625,406.9921875,105.7294921875,453.0,150.8525390625
7138,3884,5,0.01507568359375,83.057373046875,161.912109375,97.656005859375,170.759765625
7139,3884,5,0.0141143798828125,114.908935546875,135.8115234375,132.383056640625,150.8525390625
7140,3884,5,0.01049041748046875,0.0,131.16650390625,14.84747314453125,152.84326171875
7141,3884,5,0.00891876220703125,414.955078125,105.176513671875,453.0,135.369140625
7142,3884,5,0.007724761962890625,0.0,114.5771484375,27.662750244140625,131.830078125
7143,3884,5,0.007518768310546875,0.0,134.484375,23.08685302734375,155.71875
7144,3884,5,0.0066680908203125,0.013824462890625,112.365234375,16.437286376953125,137.5810546875
7145,3884,5,0.006072998046875,0.013824462890625,147.3134765625,12.317596435546875,180.0498046875
7146,3884,5,0.00392913818359375,0.19354248046875,127.62744140625,40.03564453125,152.40087890625
7147,3884,5,0.0028896331787109375,412.7431640625,107.4990234375,453.0,122.09765625
7148,3884,5,0.002758026123046875,423.802734375,150.41015625,453.0,239.0
7149,3884,5,0.0027141571044921875,16.78289794921875,139.79296875,38.62554931640625,156.603515625
7150,3884,5,0.0022335052490234375,442.3828125,102.1904296875,453.0,131.830078125
7151,3884,5,0.0021152496337890625,16.94879150390625,144.6591796875,37.7684326171875,159.7001953125
7152,3884,5,0.0017747879028320312,437.958984375,129.6181640625,453.0,239.0
7153,3884,5,0.0013990402221679688,34.9482421875,136.6962890625,61.822998046875,155.2763671875
7154,3884,5,0.0013990402221679688,447.69140625,147.755859375,453.0,168.990234375
7155,3884,5,0.001239776611328125,0.0,117.2314453125,16.879669189453125,149.9677734375
7156,3884,5,0.0012302398681640625,0.110595703125,112.365234375,38.376708984375,138.908203125
7157,3884,5,0.0011205673217773438,124.3095703125,132.49365234375,142.0048828125,147.97705078125
7158,3884,5,0.0010528564453125,122.76123046875,129.6181640625,170.53857421875,151.7373046875
7159,3891,0,0.8916015625,267.333984375,161.1328125,318.603515625,210.9375
7160,3891,1,0.873046875,167.724609375,41.8701171875,206.298828125,81.6650390625
7161,3891,0,0.86962890625,101.9287109375,162.59765625,152.2216796875,209.9609375
7162,3893,16,0.9140625,25.5225830078125,116.70947265625,47.8167724609375,144.48583984375
7163,3893,16,0.90283203125,1.873077392578125,115.978515625,24.715484619140625,145.216796875
7164,3893,16,0.89111328125,48.3040771484375,116.22216796875,69.5018310546875,142.53662109375
7165,3893,16,0.85791015625,89.298583984375,112.81103515625,108.059814453125,137.17626953125
7166,3893,16,0.85009765625,68.95361328125,114.5166015625,88.689453125,139.8564453125
7167,3893,8,0.82666015625,294.33203125,105.623291015625,346.9609375,173.9677734375
7168,3893,8,0.7578125,419.5693359375,94.78076171875,433.2138671875,113.78564453125
7169,3893,14,0.751953125,395.2041015625,83.3291015625,415.6708984375,101.359375
7170,3893,14,0.73876953125,301.154296875,67.7353515625,347.935546875,104.7705078125
7171,3893,8,0.73583984375,394.716796875,97.21728515625,415.18359375,121.3388671875
7172,3893,5,0.73095703125,373.7626953125,89.1767578125,393.2548828125,106.7197265625
7173,3893,16,0.71044921875,106.841552734375,112.81103515625,123.409912109375,135.71435546875
7174,3893,14,0.70556640625,419.5693359375,86.740234375,433.701171875,97.9482421875
7175,3893,16,0.548828125,122.06982421875,111.34912109375,136.20166015625,133.76513671875
7176,3893,16,0.453369140625,135.71435546875,111.10546875,150.33349609375,132.546875
7177,3893,16,0.43408203125,272.64697265625,100.750244140625,280.93115234375,110.009033203125
7178,3893,16,0.329345703125,161.2978515625,109.6435546875,174.9423828125,128.89208984375
7179,3893,16,0.3251953125,149.237060546875,110.130859375,161.663330078125,131.572265625
7180,3893,16,0.235107421875,221.601806640625,105.7451171875,230.373291015625,121.3388671875
7181,3893,16,0.190673828125,229.76416015625,106.47607421875,238.53564453125,121.09521484375
7182,3893,16,0.175537109375,174.21142578125,108.91259765625,185.90673828125,127.43017578125
7183,3893,16,0.169921875,214.17041015625,105.98876953125,222.45458984375,122.3134765625
7184,3893,16,0.1666259765625,204.546142578125,106.7197265625,214.779541015625,123.2880859375
7185,3893,16,0.127685546875,185.17578125,106.96337890625,195.896484375,125.96826171875
7186,3893,16,0.10931396484375,195.4091796875,106.96337890625,205.1552734375,124.75
7187,3893,16,0.09600830078125,227.083984375,105.98876953125,232.4443359375,121.826171875
7188,3893,16,0.0863037109375,236.220947265625,101.237548828125,243.530517578125,109.278076171875
7189,3893,16,0.0755615234375,217.8251953125,105.98876953125,224.6474609375,122.3134765625
7190,3893,16,0.04742431640625,233.4189453125,105.2578125,240.2412109375,121.09521484375
7191,3893,16,0.041778564453125,219.53076171875,105.7451171875,226.84033203125,122.55712890625
7192,3893,16,0.0391845703125,0.01142120361328125,117.318603515625,3.2207794189453125,145.7041015625
7193,3893,16,0.037750244140625,234.880859375,104.405029296875,240.48486328125,112.932861328125
7194,3893,14,0.035400390625,328.9306640625,90.1513671875,347.4482421875,108.181640625
7195,3893,16,0.033721923828125,207.957275390625,106.7197265625,215.997802734375,123.2880859375
7196,3893,16,0.019866943359375,210.637451171875,106.7197265625,218.190673828125,123.2880859375
7197,3893,14,0.01306915283203125,237.3173828125,78.69970703125,248.0380859375,103.30859375
7198,3893,16,0.01016998291015625,175.67333984375,107.6943359375,192.24169921875,127.1865234375
7199,3893,16,0.00864410400390625,273.3779296875,100.019287109375,283.1240234375,107.328857421875
7200,3893,16,0.006984710693359375,0.07994842529296875,113.663818359375,3.074207305908203,130.1103515625
7201,3893,16,0.0066680908203125,0.01903533935546875,100.8720703125,3.5596084594726562,118.90234375
7202,3893,8,0.0058441162109375,300.6669921875,104.405029296875,330.8798828125,117.562255859375
7203,3893,14,0.004791259765625,417.6201171875,82.11083984375,435.1630859375,96.72998046875
7204,3893,16,0.004791259765625,126.333740234375,111.10546875,149.480712890625,133.0341796875
7205,3893,14,0.0039005279541015625,294.33203125,87.593017578125,305.052734375,107.816162109375
7206,3893,16,0.0033626556396484375,0.0,90.273193359375,4.005035400390625,118.049560546875
7207,3893,14,0.0029582977294921875,332.341796875,86.98388671875,349.884765625,105.01416015625
7208,3893,16,0.0029582977294921875,0.04187774658203125,136.68896484375,5.45172119140625,163.00341796875
7209,3893,14,0.00269317626953125,403.9755859375,71.146484375,442.9599609375,97.9482421875
7210,3893,16,0.0025615692138671875,0.051395416259765625,128.6484375,3.0380401611328125,153.98828125
7211,3893,10,0.0022525787353515625,68.831787109375,114.638427734375,89.054931640625,140.8310546875
7212,3893,16,0.0015363693237304688,237.07373046875,100.993896484375,248.28173828125,113.663818359375
7213,3893,16,0.0015306472778320312,236.708251953125,102.8212890625,245.236083984375,112.080078125
7214,3893,16,0.0014896392822265625,1.7246017456054688,115.73486328125,14.055694580078125,130.35400390625
7215,3893,16,0.0012998580932617188,0.0380706787109375,96.851806640625,6.932670593261719,118.049560546875
7216,3893,16,0.0011072158813476562,0.121826171875,103.06494140625,7.610328674316406,120.12060546875
7217,3898,2,0.87255859375,292.1796875,195.11328125,323.5546875,226.48828125
7218,3898,2,0.0162200927734375,31.191162109375,190.2109375,42.4052734375,201.9765625
7219,3898,2,0.0034427642822265625,112.0185546875,220.60546875,135.18212890625,235.3125
7220,3898,6,0.0017957687377929688,476.5078125,16.177734375,502.0,44.8564453125
7221,3901,2,0.873046875,53.7646484375,181.5,74.20703125,209.859375
7222,3901,2,0.86865234375,146.1689453125,126.19921875,164.3662109375,150.77734375
7223,3901,2,0.865234375,166.84765625,182.4453125,189.0625,209.859375
7224,3901,2,0.86083984375,35.5673828125,140.8515625,55.35986328125,165.4296875
7225,3902,9,0.8671875,353.615234375,45.22705078125,371.947265625,58.49365234375
7226,3902,11,0.85205078125,392.69140625,71.880859375,406.19921875,86.353515625
7227,3902,17,0.85009765625,386.419921875,25.568359375,398.962890625,38.59375
7228,3902,10,0.85009765625,456.37109375,25.3271484375,473.73828125,38.3525390625
7229,3902,10,0.84814453125,355.544921875,19.17626953125,371.947265625,33.16650390625
7230,3902,9,0.8173828125,402.5810546875,51.8603515625,416.5712890625,65.8505859375
7231,3902,9,0.78515625,415.84765625,33.0458984375,429.35546875,45.5888671875
7232,3904,15,0.88623046875,328.18212890625,129.2490234375,359.91943359375,162.3662109375
7233,3904,15,0.85498046875,430.5234375,110.8505859375,455.8212890625,138.908203125
7234,3904,15,0.81396484375,352.10009765625,95.786865234375,371.87841796875,118.554931640625
7235,3906,2,0.88720703125,75.5810546875,163.96484375,110.3955078125,205.29296875
7236,3906,7,0.8662109375,65.0244140625,125.78125,96.2451171875,148.2421875
7237,3906,15,0.0252685546875,0.02105712890625,103.2080078125,5.5029296875,166.2109375
7238,3906,15,0.021942138671875,0.0,112.75390625,7.5384521484375,160.8203125
7239,3906,17,0.0030040740966796875,141.0546875,130.947265625,154.08203125,144.873046875
7240,3906,14,0.0019121170043945312,166.435546875,49.7509765625,176.9921875,75.3564453125
7241,3906,7,0.0011243820190429688,0.0,112.3046875,7.3419189453125,161.71875
7242,3907,2,0.85498046875,353.4169921875,129.48681640625,368.826171875,151.35791015625
7243,3907,2,0.85498046875,408.591796875,153.09765625,424.498046875,175.962890625
7244,3907,2,0.85400390625,337.5107421875,185.4072265625,356.3994140625,211.2548828125
7245,3907,2,0.85009765625,274.3828125,142.6591796875,291.283203125,166.5185546875
7246,3914,13,0.62060546875,107.703125,62.66796875,161.078125,108.41796875
7247,3914,12,0.5888671875,209.44921875,122.0,264.4921875,173.9453125
7248,3914,1,0.529296875,110.681640625,64.3359375,160.244140625,109.609375
7249,3914,0,0.51953125,209.44921875,122.595703125,263.77734375,173.9453125
7250,3914,1,0.0010900497436523438,210.87890625,123.90625,263.77734375,173.46875
7251,3923,8,0.87890625,0.0,0.0,123.462158203125,205.65234375
7252,3923,8,0.8115234375,73.58203125,0.0,122.1650390625,51.4130859375
7253,3923,8,0.2239990234375,0.0,0.1768798828125,31.4256591796875,11.08447265625
7254,3923,8,0.1298828125,0.08843994140625,0.0,25.367523193359375,22.051025390625
7255,3923,8,0.09234619140625,0.38323974609375,0.23583984375,55.86456298828125,16.27294921875
7256,3923,8,0.015838623046875,6.5445556640625,0.23583984375,51.4720458984375,9.9052734375
7257,3923,8,0.00577545166015625,202.58642578125,0.943359375,254.47119140625,83.015625
7258,3923,8,0.004100799560546875,0.0589599609375,0.0,21.343505859375,43.15869140625
7259,3923,8,0.00327301025390625,81.010986328125,0.23583984375,134.4287109375,40.32861328125
7260,3923,8,0.0028228759765625,45.870849609375,0.1768798828125,101.529052734375,32.31005859375
7261,3923,8,0.0025615692138671875,422.625,0.589599609375,452.3408203125,26.767822265625
7262,3923,8,0.0017271041870117188,0.23583984375,0.1768798828125,77.237548828125,22.40478515625
7263,3923,8,0.0015192031860351562,116.4459228515625,1.5919189453125,265.5556640625,143.62646484375
7264,3923,8,0.0011119842529296875,0.0,0.4127197265625,118.745361328125,81.12890625
7265,3923,8,0.0010900497436523438,4.95263671875,0.0,250.4619140625,0.0
7266,3924,15,0.916015625,48.6328125,0.0,85.8984375,32.34375
7267,3924,15,0.0037364959716796875,408.046875,117.5390625,439.921875,140.15625
7268,3936,7,0.8984375,370.857421875,73.510986328125,407.0625,100.909423828125
7269,3936,2,0.88232421875,272.27197265625,45.623291015625,313.85888671875,73.021728515625
7270,3943,8,0.8447265625,6.3125,135.5,48.8125,169.5
7271,3943,14,0.67041015625,144.5,153.5,175.0,199.5
7272,3943,14,0.642578125,45.0625,135.5,59.5,161.0
7273,3943,14,0.63720703125,115.0,148.5,129.875,174.5
7274,3943,14,0.5849609375,181.25,153.0,200.75,180.0
7275,3943,14,0.55078125,104.875,140.0,120.125,173.0
7276,3943,14,0.51171875,340.0,153.5,361.0,182.5
7277,3943,14,0.193115234375,33.375,132.5,44.9375,150.5
7278,3943,14,0.078369140625,107.8125,141.0,125.1875,173.0
7279,3943,14,0.058563232421875,0.0,129.5,7.703125,160.5
7280,3943,14,0.05072021484375,23.03125,131.0,37.125,149.5
7281,3943,14,0.03662109375,0.0,131.5,5.1015625,159.5
7282,3943,14,0.033599853515625,32.9375,134.5,45.8125,157.5
7283,3943,14,0.0330810546875,27.296875,132.5,41.3125,150.5
7284,3943,8,0.02655029296875,0.0,130.5,7.6796875,161.5
7285,3943,8,0.0255584716796875,0.0,133.0,5.12109375,163.0
7286,3943,8,0.021942138671875,0.0,133.25,11.4375,164.25
7287,3943,8,0.01312255859375,0.0,140.0,20.65625,167.0
7288,3943,14,0.010986328125,105.6875,145.5,116.3125,172.5
7289,3943,14,0.01009368896484375,138.375,143.5,152.875,165.5
7290,3943,14,0.00997161865234375,0.0,120.5,6.30078125,153.5
7291,3943,14,0.0082855224609375,42.1875,134.25,56.125,151.75
7292,3943,8,0.007755279541015625,0.0,135.5,8.5234375,171.5
7293,3943,14,0.007694244384765625,165.125,152.0,178.625,176.0
7294,3943,14,0.007259368896484375,18.5,134.0,38.6875,155.0
7295,3943,14,0.0060272216796875,160.875,148.0,179.375,174.0
7296,3943,14,0.0060272216796875,375.0,158.5,388.0,183.5
7297,3943,8,0.005512237548828125,0.0,144.0,9.453125,182.0
7298,3943,14,0.005218505859375,140.875,144.25,157.625,164.75
7299,3943,8,0.004772186279296875,0.0,143.0,4.76953125,179.0
7300,3943,14,0.004199981689453125,49.5625,127.5,65.1875,140.0
7301,3943,14,0.004150390625,156.25,150.5,171.25,165.5
7302,3943,14,0.004100799560546875,406.0,165.75,424.0,182.25
7303,3943,14,0.0038394927978515625,112.625,145.0,126.5,170.0
7304,3943,14,0.00359344482421875,141.0,140.0,156.5,159.0
7305,3943,14,0.0034961700439453125,350.5,160.5,370.5,182.5
7306,3943,14,0.0032863616943359375,147.375,146.5,171.375,165.0
7307,3943,14,0.0028781890869140625,109.0,136.0,122.75,151.0
7308,3943,14,0.00238800048828125,183.375,150.25,201.125,164.75
7309,3943,14,0.0021820068359375,28.875,134.5,49.5625,161.5
7310,3943,8,0.0020904541015625,140.25,131.0,206.25,199.0
7311,3943,14,0.00208282470703125,107.25,137.5,122.0,159.5
7312,3943,14,0.0016613006591796875,151.5,152.0,170.5,170.0
7313,3943,14,0.0016613006591796875,179.0,153.75,195.5,177.25
7314,3943,8,0.001495361328125,102.625,126.375,202.875,200.5
7315,3943,8,0.0013780593872070312,5.078125,148.0,21.125,164.5
7316,3943,14,0.0012445449829101562,101.625,136.5,120.625,162.5
7317,3943,5,0.0011968612670898438,483.75,138.0,511.75,178.0
7318,3943,14,0.0010900497436523438,185.0,140.75,204.5,161.75
7319,3947,0,0.87158203125,188.421875,146.28125,233.46875,191.8125
7320,3947,0,0.83447265625,256.71875,184.0625,304.1875,230.5625
7321,3947,1,0.638671875,282.390625,94.6953125,325.015625,136.3515625
7322,3947,13,0.32080078125,283.359375,93.7265625,326.46875,135.3828125
7323,3956,14,0.822265625,302.734375,88.7451171875,338.8671875,175.78125
7324,3956,14,0.810546875,280.76171875,89.111328125,306.640625,171.630859375
7325,3956,14,0.7890625,135.8642578125,85.9375,203.9794921875,167.96875
7326,3956,14,0.7841796875,216.552734375,96.923828125,261.23046875,167.236328125
7327,3956,5,0.7431640625,394.775390625,130.126953125,481.689453125,174.560546875
7328,3956,5,0.361083984375,0.9765625,104.8583984375,154.296875,160.64453125
7329,3956,5,0.06658935546875,47.4853515625,112.79296875,164.1845703125,161.62109375
7330,3956,14,0.06231689453125,239.74609375,97.5341796875,261.71875,166.015625
7331,3956,14,0.005619049072265625,137.6953125,85.9375,177.734375,167.724609375
7332,3956,5,0.00464630126953125,0.0,112.548828125,79.04052734375,159.912109375
7333,3956,14,0.004573822021484375,168.8232421875,89.9658203125,198.8525390625,166.9921875
7334,3956,5,0.0018968582153320312,64.75830078125,80.810546875,95.27587890625,93.017578125
7335,3956,5,0.001789093017578125,61.279296875,81.298828125,100.9521484375,98.388671875
7336,3956,14,0.0011606216430664062,0.00762939453125,102.05078125,6.89697265625,171.38671875
7337,3956,5,0.0010900497436523438,487.3046875,123.1689453125,500.0,174.8046875
7338,3959,2,0.875,414.248046875,38.728515625,446.11328125,64.220703125
7339,3959,2,0.00154876708984375,489.25390625,69.123046875,502.0,90.203125
7340,3960,7,0.77978515625,185.21630859375,177.029296875,204.67529296875,196.013671875
7341,3960,7,0.359375,79.9716796875,188.6572265625,106.3125,208.5908203125
7342,3960,17,0.0023059844970703125,80.32763671875,188.419921875,106.3125,207.404296875
7343,3962,11,0.908203125,165.660888671875,105.36474609375,181.870849609375,120.10107421875
7344,3962,9,0.9052734375,198.9404296875,145.3984375,221.5361328125,163.08203125
7345,3962,9,0.88720703125,142.69677734375,133.85498046875,160.87158203125,150.55615234375
7346,3962,10,0.88720703125,190.34423828125,186.66015625,212.44873046875,205.326171875
7347,3962,10,0.8798828125,49.6737060546875,154.7314453125,71.9010009765625,172.4150390625
7348,3962,17,0.87646484375,152.7666015625,171.923828125,169.958984375,188.625
7349,3962,17,0.80322265625,111.873291015625,167.5029296875,128.574462890625,184.2041015625
7350,3963,2,0.884765625,111.5625,44.16015625,152.701171875,72.515625
7351,3963,7,0.8662109375,208.947265625,69.029296875,246.134765625,97.384765625
7352,3963,6,0.004520416259765625,451.828125,34.3984375,476.0,59.5
7353,3963,14,0.0017414093017578125,0.0,12.55078125,4.303436279296875,55.78125
7354,3965,14,0.85791015625,80.015869140625,120.57861328125,97.523193359375,156.08642578125
7355,3965,16,0.830078125,165.333251953125,214.033203125,240.294189453125,255.458984375
7356,3965,14,0.81982421875,193.936767578125,152.14111328125,219.088134765625,186.66259765625
7357,3965,14,0.80322265625,162.2509765625,137.5927734375,177.78564453125,171.1279296875
7358,3965,14,0.7890625,11.31195068359375,112.68798828125,46.234130859375,161.01806640625
7359,3965,16,0.78125,240.91064453125,193.3203125,268.03466796875,211.07421875
7360,3965,14,0.76220703125,150.16845703125,133.6474609375,163.97705078125,162.2509765625
7361,3965,14,0.73388671875,50.8575439453125,121.195068359375,63.4332275390625,151.89453125
7362,3965,14,0.67724609375,68.179931640625,119.09912109375,82.11181640625,156.57958984375
7363,3965,14,0.658203125,185.306396484375,146.962890625,196.649169921875,168.662109375
7364,3965,14,0.609375,240.41748046875,140.05859375,258.17138671875,164.716796875
7365,3965,14,0.58154296875,185.18310546875,134.6337890625,196.03271484375,149.4287109375
7366,3965,14,0.505859375,209.5947265625,139.5654296875,216.005859375,155.3466796875
7367,3965,16,0.437744140625,152.880859375,170.634765625,220.69091796875,201.2109375
7368,3965,16,0.323486328125,16.397705078125,162.2509765625,144.620361328125,196.279296875
7369,3965,16,0.2281494140625,112.9345703125,171.62109375,215.75927734375,199.23828125
7370,3965,16,0.1312255859375,0.0616455078125,158.798828125,95.550537109375,197.7587890625
7371,3965,16,0.1199951171875,60.6591796875,163.48388671875,146.593017578125,188.63525390625
7372,3965,16,0.1187744140625,0.0,155.3466796875,62.10784912109375,193.8134765625
7373,3965,14,0.10931396484375,206.019287109375,139.81201171875,214.403076171875,155.59326171875
7374,3965,14,0.07318115234375,257.9248046875,144.00390625,269.7607421875,167.1826171875
7375,3965,14,0.058349609375,97.7081298828125,137.5927734375,112.1331787109375,165.2099609375
7376,3965,14,0.03594970703125,72.371826171875,120.8251953125,81.248779296875,154.853515625
7377,3965,16,0.03033447265625,89.755859375,169.6484375,193.56689453125,203.18359375
7378,3965,16,0.029754638671875,90.372314453125,166.44287109375,163.360595703125,194.06005859375
7379,3965,16,0.0285491943359375,97.030029296875,164.2236328125,150.784912109375,188.8818359375
7380,3965,16,0.0257568359375,115.400390625,166.93603515625,152.63427734375,188.63525390625
7381,3965,14,0.025177001953125,64.6044921875,122.05810546875,77.18017578125,151.64794921875
7382,3965,14,0.021942138671875,87.1051025390625,148.935546875,95.6121826171875,161.7578125
7383,3965,14,0.0154266357421875,165.94970703125,135.86669921875,176.30615234375,147.20947265625
7384,3965,14,0.01525115966796875,0.0231170654296875,142.5244140625,7.624778747558594,181.484375
7385,3965,16,0.01483917236328125,181.73095703125,180.498046875,220.9375,202.6904296875
7386,3965,16,0.0147857666015625,0.0,151.89453125,21.23687744140625,182.470703125
7387,3965,14,0.0136871337890625,0.0,144.74365234375,5.698356628417969,164.96337890625
7388,3965,14,0.01262664794921875,64.2962646484375,124.647216796875,72.6800537109375,150.4150390625
7389,3965,16,0.01262664794921875,46.973876953125,168.662109375,159.04541015625,202.197265625
7390,3965,14,0.0117340087890625,82.11181640625,148.935546875,95.1806640625,162.2509765625
7391,3965,14,0.01132965087890625,0.0,113.67431640625,3.4251785278320312,140.5517578125
7392,3965,16,0.0106964111328125,0.0,150.908203125,32.4871826171875,189.375
7393,3965,14,0.0097808837890625,0.0077056884765625,101.591796875,5.567359924316406,140.05859375
7394,3965,14,0.00847625732421875,9.3701171875,155.3466796875,50.58013916015625,179.0185546875
7395,3965,14,0.0082550048828125,132.41455078125,136.11328125,141.78466796875,160.771484375
7396,3965,16,0.00714874267578125,146.099853515625,172.607421875,188.758544921875,193.3203125
7397,3965,14,0.006931304931640625,208.85498046875,142.03125,217.23876953125,161.7578125
7398,3965,14,0.0068511962890625,42.7203369140625,119.59228515625,49.8712158203125,139.81201171875
7399,3965,14,0.00634002685546875,100.235595703125,136.6064453125,119.222412109375,163.2373046875
7400,3965,16,0.00609588623046875,0.0,154.3603515625,49.932861328125,182.9638671875
7401,3965,14,0.0059356689453125,45.5560302734375,119.59228515625,57.0220947265625,143.75732421875
7402,3965,16,0.005512237548828125,0.0,160.2783203125,33.62762451171875,201.7041015625
7403,3965,16,0.005512237548828125,235.2392578125,227.841796875,269.267578125,255.458984375
7404,3965,14,0.0045928955078125,253.486328125,142.03125,261.376953125,165.703125
7405,3965,16,0.0045928955078125,0.0,149.4287109375,12.706680297851562,180.9912109375
7406,3965,14,0.004070281982421875,212.183837890625,138.82568359375,220.074462890625,154.11376953125
7407,3965,16,0.00395965576171875,0.0,167.67578125,43.0902099609375,195.7861328125
7408,3965,14,0.003635406494140625,121.688232421875,134.140625,136.976318359375,152.3876953125
7409,3965,14,0.0036220550537109375,152.510986328125,138.0859375,161.141357421875,161.7578125
7410,3965,14,0.0034961700439453125,0.0,153.8671875,39.8846435546875,179.51171875
7411,3965,14,0.0027141571044921875,41.4874267578125,121.195068359375,48.2684326171875,143.017578125
7412,3965,14,0.0027141571044921875,267.7880859375,143.5107421875,272.7197265625,160.2783203125
7413,3965,16,0.0026721954345703125,0.0,160.2783203125,45.58685302734375,190.361328125
7414,3965,16,0.00263214111328125,0.0,170.1416015625,118.60595703125,203.6767578125
7415,3965,16,0.00257110595703125,53.72406005859375,178.0322265625,112.68798828125,191.8408203125
7416,3965,16,0.0025310516357421875,0.0,161.2646484375,17.96966552734375,215.5126953125
7417,3965,16,0.0025119781494140625,22.43896484375,133.154296875,123.04443359375,184.443359375
7418,3965,14,0.00250244140625,80.87890625,137.34619140625,88.52294921875,159.04541015625
7419,3965,14,0.00234222412109375,160.771484375,146.4697265625,167.67578125,171.1279296875
7420,3965,16,0.0022869110107421875,193.56689453125,182.470703125,220.69091796875,201.2109375
7421,3965,14,0.002269744873046875,0.0231170654296875,114.783935546875,3.5099411010742188,156.3330078125
7422,3965,16,0.0021572113037109375,96.043701171875,175.0732421875,145.4833984375,190.8544921875
7423,3965,16,0.002132415771484375,97.030029296875,181.9775390625,144.74365234375,195.7861328125
7424,3965,16,0.00208282470703125,46.32659912109375,159.2919921875,104.79736328125,180.9912109375
7425,3965,14,0.0020351409912109375,147.4560546875,131.6748046875,155.83984375,143.5107421875
7426,3965,14,0.0018100738525390625,63.3099365234375,130.44189453125,71.0772705078125,149.67529296875
7427,3965,14,0.0017957687377929688,268.7744140625,143.017578125,273.7060546875,158.3056640625
7428,3965,14,0.0017681121826171875,207.12890625,150.4150390625,215.01953125,161.2646484375
7429,3965,2,0.0017004013061523438,224.3896484375,228.3349609375,244.609375,254.9658203125
7430,3965,16,0.0016813278198242188,57.85430908203125,172.607421875,111.085205078125,190.361328125
7431,3965,14,0.0016489028930664062,253.486328125,142.03125,266.30859375,166.689453125
7432,3965,14,0.0015974044799804688,160.52490234375,152.3876953125,166.44287109375,172.1142578125
7433,3965,14,0.00154876708984375,247.0751953125,139.81201171875,259.404296875,164.96337890625
7434,3965,16,0.0014438629150390625,218.841552734375,227.10205078125,242.266845703125,255.70556640625
7435,3965,14,0.0014162063598632812,252.9931640625,141.044921875,260.390625,158.798828125
7436,3965,14,0.0013780593872070312,189.62158203125,150.908203125,195.53955078125,170.634765625
7437,3965,16,0.0012845993041992188,125.0787353515625,213.5400390625,211.81396484375,255.9521484375
7438,3965,16,0.0011243820190429688,102.6397705078125,179.0185546875,199.7314453125,208.6083984375
7439,3965,16,0.0010900497436523438,20.343017578125,154.3603515625,120.208740234375,182.9638671875
7440,3965,16,0.0010728836059570312,90.618896484375,163.2373046875,140.675048828125,184.9365234375
7441,3965,14,0.0010404586791992188,192.08740234375,154.3603515625,198.49853515625,184.443359375
7442,3965,16,0.0010080337524414062,194.306640625,217.978515625,240.91064453125,255.458984375
7443,3973,17,0.7890625,115.80322265625,32.562255859375,130.72265625,47.955322265625
7444,3973,17,0.78125,36.588134765625,63.822021484375,52.099609375,80.399169921875
7445,3973,17,0.1480712890625,148.602294921875,149.66796875,165.653076171875,165.771484375
7446,3973,2,0.018402099609375,36.5289306640625,64.17724609375,52.0404052734375,80.28076171875
7447,3975,4,0.8681640625,93.423828125,59.8203125,163.71875,136.3515625
7448,3975,12,0.85498046875,211.671875,23.4921875,253.0859375,63.6953125
7449,3975,1,0.51171875,269.3125,70.4765625,314.84375,115.5234375
7450,3975,0,0.134765625,269.796875,70.4765625,316.296875,115.0390625
7451,3975,13,0.1259765625,269.3125,70.4765625,315.8125,115.0390625
7452,3975,3,0.00690460205078125,479.53125,113.34375,496.0,177.28125
7453,3975,3,0.00263214111328125,481.46875,39.71875,496.0,100.265625
7454,3975,3,0.002521514892578125,486.3125,98.5703125,496.0,160.0859375
7455,3975,3,0.002452850341796875,466.9375,117.703125,496.0,178.25
7456,3975,3,0.001987457275390625,449.015625,169.046875,496.0,229.109375
7457,3975,3,0.0016231536865234375,483.890625,88.8828125,496.0,142.1640625
7458,3975,3,0.0016231536865234375,474.6875,159.84375,496.0,199.5625
7459,3975,3,0.0013990402221679688,465.96875,170.5,496.0,222.8125
7460,3975,3,0.0013885498046875,451.921875,159.359375,496.0,206.828125
7461,3975,3,0.0013456344604492188,465.484375,23.734375,496.0,97.84375
7462,3975,3,0.0012159347534179688,391.375,62.12109375,421.890625,98.44921875
7463,3991,5,0.7744140625,338.359375,155.12109375,386.96875,176.56640625
7464,3991,14,0.385009765625,94.8359375,169.1796875,104.60546875,193.0078125
7465,3991,5,0.3701171875,48.013671875,173.23046875,64.931640625,189.91015625
7466,3991,14,0.05792236328125,118.1875,164.4140625,128.1953125,192.0546875
7467,3991,8,0.017303466796875,85.8408203125,172.0390625,94.5380859375,191.578125
7468,3991,8,0.0087432861328125,78.5732421875,173.9453125,92.0361328125,190.1484375
7469,3991,5,0.00572967529296875,0.0074462890625,175.13671875,13.2171630859375,192.76953125
7470,3991,5,0.0037078857421875,65.408203125,168.2265625,84.11328125,181.5703125
7471,3991,8,0.0026416778564453125,83.875,173.9453125,92.9296875,191.1015625
7472,3991,14,0.0021152496337890625,207.54296875,151.0703125,222.79296875,208.2578125
7473,3991,5,0.0020351409912109375,0.0,162.5078125,14.133056640625,192.53125
7474,3991,8,0.0015850067138671875,0.044677734375,174.421875,13.954345703125,202.0625
7475,3995,8,0.0120086669921875,30.7474365234375,0.4794921875,72.8828125,8.39111328125
7476,3995,14,0.0087432861328125,30.088134765625,0.359619140625,68.1478271484375,8.990478515625
7477,3995,8,0.002216339111328125,101.65234375,0.119873046875,118.19482421875,9.469970703125
7478,3995,8,0.001956939697265625,68.447509765625,0.119873046875,101.052978515625,8.031494140625
7479,3995,14,0.0015850067138671875,103.0908203125,0.4195556640625,118.19482421875,16.302734375
7480,3995,8,0.0013246536254882812,102.37158203125,0.23974609375,118.19482421875,16.54248046875
7481,4000,2,0.880859375,387.71484375,73.31787109375,408.591796875,94.19482421875
7482,4000,2,0.8759765625,284.32421875,76.0517578125,306.1953125,98.17138671875
7483,4000,2,0.87060546875,402.626953125,16.4033203125,421.515625,36.03759765625
7484,4000,2,0.85009765625,306.6923828125,15.4091796875,324.5869140625,37.77734375
7485,4006,7,0.83447265625,328.63623046875,31.90869140625,355.18798828125,54.73388671875
7486,4007,11,0.9072265625,96.650146484375,146.359375,120.240966796875,168.0244140625
7487,4007,10,0.88720703125,165.85791015625,11.5546875,184.63427734375,33.701171875
7488,4007,9,0.88623046875,151.6552734375,114.222900390625,174.7646484375,134.3232421875
7489,4007,10,0.88427734375,262.869140625,114.34326171875,284.052734375,135.52685546875
7490,4007,9,0.87060546875,112.41748046875,62.1064453125,134.08251953125,83.2900390625
7491,4007,17,0.85791015625,187.161865234375,50.31103515625,204.253173828125,67.64306640625
7492,4007,17,0.810546875,213.76171875,86.1787109375,231.09375,103.029296875
7493,4014,2,0.900390625,115.185791015625,98.45556640625,141.906005859375,133.60107421875
7494,4014,2,0.8916015625,227.00146484375,164.41357421875,255.88818359375,204.85498046875
7495,4014,2,0.87841796875,228.44580078125,61.86572265625,252.03662109375,94.12255859375
7496,4014,2,0.8740234375,319.1982421875,90.9931640625,342.7890625,125.17578125
7497,4021,9,0.90673828125,117.8045654296875,152.63427734375,137.5927734375,174.33349609375
7498,4021,9,0.90185546875,140.05859375,122.3046875,160.771484375,139.072265625
7499,4021,11,0.8681640625,192.457275390625,134.140625,214.403076171875,149.921875
7500,4021,10,0.865234375,97.1533203125,72.371826171875,113.67431640625,89.139404296875
7501,4021,17,0.8623046875,72.98828125,123.7841796875,89.755859375,140.05859375
7502,4021,10,0.85986328125,44.9395751953125,144.25048828125,65.467529296875,162.49755859375
7503,4021,17,0.85400390625,90.618896484375,108.49609375,106.153564453125,123.7841796875
7504,4023,9,0.89892578125,287.4375,77.02734375,307.125,97.20703125
7505,4023,10,0.85302734375,178.171875,105.8203125,197.3671875,128.4609375
7506,4023,17,0.79443359375,291.8671875,18.2109375,308.109375,33.46875
7507,4023,9,0.484375,207.2109375,55.248046875,224.4375,69.275390625
7508,4028,14,0.352294921875,89.712890625,87.26171875,105.27783203125,108.341796875
7509,4028,5,0.048126220703125,369.63671875,112.5087890625,387.28515625,126.2353515625
7510,4030,2,0.86083984375,119.3935546875,142.0078125,133.740234375,161.4609375
7511,4030,2,0.85791015625,123.588134765625,184.0751953125,139.576171875,206.9326171875
7512,4030,2,0.85107421875,38.723876953125,160.48828125,54.83349609375,181.88671875
7513,4030,2,0.8427734375,171.4306640625,166.0810546875,186.263671875,187.4794921875
7514,4032,14,0.85693359375,281.90625,142.6484375,306.609375,188.6640625
7515,4032,14,0.72509765625,197.3828125,140.953125,213.3671875,180.1875
7516,4032,14,0.6318359375,159.359375,135.140625,172.4375,173.890625
7517,4032,14,0.525390625,169.046875,134.4140625,184.0625,177.5234375
7518,4032,14,0.3486328125,188.421875,147.734375,200.046875,173.890625
7519,4032,14,0.085693359375,172.921875,135.3828125,182.8515625,169.7734375
7520,4032,14,0.07861328125,51.46484375,109.58984375,74.71484375,155.96875
7521,4032,14,0.06878662109375,192.0546875,141.6796875,208.0390625,176.5546875
7522,4032,14,0.040374755859375,212.76171875,147.734375,224.38671875,174.375
7523,4032,14,0.03460693359375,164.9296875,133.203125,179.703125,172.921875
7524,4032,14,0.021209716796875,11.7158203125,126.421875,23.4921875,159.359375
7525,4032,14,0.01763916015625,157.421875,134.171875,168.5625,173.40625
7526,4032,14,0.00490570068359375,66.1171875,108.2578125,99.296875,137.8046875
7527,4032,8,0.0048675537109375,43.533203125,124.0,61.818359375,153.0625
7528,4032,8,0.004299163818359375,63.9375,135.140625,121.09375,186.484375
7529,4032,14,0.004199981689453125,184.0625,143.859375,199.078125,172.921875
7530,4032,14,0.004100799560546875,0.0,128.1171875,5.28271484375,156.6953125
7531,4032,8,0.00395965576171875,70.234375,109.2265625,100.62890625,137.8046875
7532,4032,14,0.001956939697265625,0.007568359375,0.96875,4.942138671875,73.140625
7533,4032,16,0.0018968582153320312,43.47265625,125.2109375,60.607421875,151.8515625
7534,4032,14,0.0017747879028320312,209.25,134.171875,221.84375,171.953125
7535,4032,14,0.0016355514526367188,331.3125,117.82421875,409.78125,222.328125
7536,4032,15,0.001628875732421875,0.007568359375,0.2421875,4.851318359375,46.2578125
7537,4032,14,0.0016164779663085938,176.3125,135.140625,188.90625,174.859375
7538,4032,14,0.0015249252319335938,2.898681640625,128.359375,11.67041015625,161.296875
7539,4032,14,0.0014667510986328125,52.009765625,117.21875,68.41796875,153.0625
7540,4032,14,0.0012598037719726562,0.476806640625,130.0546875,7.7802734375,157.6640625
7541,4046,10,0.92041015625,214.8125,197.3125,234.5,218.3125
7542,4046,9,0.89892578125,276.5,170.625,297.5,192.5
7543,4046,9,0.8896484375,247.1875,136.5,269.0625,152.25
7544,4046,10,0.87646484375,154.65625,110.25,173.25,127.75
7545,4046,11,0.85986328125,299.46875,123.703125,320.46875,138.6875
7546,4046,17,0.85888671875,205.625,167.78125,223.125,184.84375
7547,4046,17,0.85302734375,189.21875,147.0,206.28125,163.1875
7548,4051,11,0.91357421875,262.8564453125,41.42578125,284.5556640625,57.7001953125
7549,4051,9,0.89404296875,209.1015625,56.96044921875,231.787109375,73.4814453125
7550,4051,10,0.892578125,178.27880859375,121.318359375,198.49853515625,142.03125
7551,4051,9,0.87646484375,241.40380859375,91.2353515625,262.60986328125,113.427734375
7552,4051,10,0.86865234375,111.331787109375,35.0146484375,131.304931640625,53.26171875
7553,4051,17,0.86865234375,167.1826171875,91.48193359375,185.4296875,109.72900390625
7554,4051,17,0.79833984375,149.552001953125,70.892333984375,167.305908203125,87.659912109375
7555,4053,8,0.88623046875,383.30078125,94.8486328125,499.51171875,228.515625
7556,4053,8,0.79931640625,52.6123046875,121.9482421875,85.8154296875,145.5078125
7557,4053,14,0.732421875,249.267578125,95.458984375,267.333984375,137.451171875
7558,4053,14,0.70068359375,122.0703125,91.30859375,155.517578125,170.8984375
7559,4053,14,0.521484375,155.2734375,116.2109375,172.36328125,141.6015625
7560,4053,8,0.19189453125,113.525390625,88.134765625,181.884765625,170.166015625
7561,4053,8,0.0169219970703125,483.3984375,146.97265625,500.0,224.12109375
7562,4053,14,0.0082550048828125,487.3046875,85.44921875,500.0,113.525390625
7563,4053,8,0.00634002685546875,226.07421875,84.716796875,291.015625,157.71484375
7564,4053,8,0.006145477294921875,481.4453125,86.181640625,500.0,114.501953125
7565,4053,8,0.0055999755859375,475.09765625,131.8359375,500.0,224.609375
7566,4053,8,0.00327301025390625,51.57470703125,120.849609375,67.81005859375,140.380859375
7567,4053,14,0.0024051666259765625,153.076171875,117.67578125,167.48046875,141.11328125
7568,4053,14,0.0020198822021484375,495.1171875,85.693359375,500.0,115.478515625
7569,4053,14,0.001789093017578125,157.71484375,115.72265625,179.6875,141.6015625
7570,4053,14,0.0014495849609375,52.978515625,120.361328125,66.650390625,131.591796875
7571,4053,8,0.0013151168823242188,433.10546875,80.56640625,500.0,227.05078125
7572,4053,14,0.001220703125,38.2080078125,114.74609375,47.119140625,129.39453125
7573,4055,0,0.8955078125,105.03271484375,121.8232421875,148.17333984375,165.9443359375
7574,4055,1,0.68603515625,168.3955078125,66.181640625,209.5751953125,107.361328125
7575,4055,0,0.09844970703125,169.25341796875,66.671875,209.69775390625,106.87109375
7576,4055,13,0.006511688232421875,169.130859375,66.671875,209.8203125,107.1162109375
7577,4056,15,0.8447265625,68.54736328125,72.734375,95.58349609375,99.052734375
7578,4058,15,0.8916015625,176.9130859375,92.8447265625,223.1044921875,138.34326171875
7579,4058,15,0.88330078125,46.2491455078125,28.754150390625,83.4332275390625,65.707275390625
7580,4058,15,0.8671875,61.20361328125,159.3603515625,100.46630859375,198.1611328125
7581,4058,15,0.0173797607421875,0.014434814453125,163.517578125,7.8525390625,237.423828125
7582,4058,15,0.00945281982421875,0.0,160.74609375,7.029754638671875,214.328125
7583,4060,10,0.9140625,287.767578125,58.337890625,310.318359375,80.1533203125
7584,4060,10,0.8857421875,169.98876953125,91.18359375,190.82373046875,116.185546875
7585,4060,17,0.8154296875,68.326416015625,63.9755859375,86.710205078125,80.6435546875
7586,4060,9,0.70068359375,277.47265625,137.265625,310.80859375,168.640625
7587,4060,9,0.68603515625,191.681640625,46.3271484375,212.76171875,69.8583984375
7588,4060,10,0.310791015625,191.681640625,46.20458984375,212.5166015625,68.75537109375
7589,4063,7,0.87060546875,75.9140625,58.376953125,110.267578125,87.205078125
7590,4063,7,0.79931640625,255.12890625,61.98046875,290.203125,89.3671875
7591,4063,7,0.0154266357421875,259.453125,70.62890625,290.203125,89.84765625
7592,4066,9,0.8984375,131.935546875,87.2158203125,152.689453125,108.4638671875
7593,4066,10,0.89306640625,104.263671875,169.7373046875,128.84716796875,191.4794921875
7594,4066,10,0.8759765625,240.15234375,123.7822265625,262.8828125,143.5478515625
7595,4066,17,0.8623046875,193.9501953125,142.3125,212.7275390625,161.08984375
7596,4066,11,0.84912109375,94.50439453125,42.86669921875,115.134765625,61.89111328125
7597,4066,17,0.83642578125,157.630859375,158.619140625,176.90234375,178.384765625
7598,4066,10,0.81884765625,193.4560546875,66.9560546875,216.43359375,87.2158203125
7599,4069,15,0.927734375,387.8466796875,75.1376953125,438.9111328125,122.3115234375
7600,4070,2,0.85595703125,297.3896484375,154.166015625,311.9794921875,173.619140625
7601,4070,2,0.85595703125,348.697265625,178.7255859375,364.259765625,199.6376953125
7602,4070,2,0.85400390625,417.755859375,156.59765625,432.83203125,176.05078125
7603,4070,2,0.85009765625,339.45703125,138.603515625,353.07421875,157.083984375
7604,4073,2,0.892578125,351.12890625,158.2998046875,375.4453125,183.1025390625
7605,4073,2,0.87841796875,364.74609375,112.828125,382.25390625,136.171875
7606,4073,2,0.861328125,271.857421875,92.40234375,289.365234375,113.314453125
7607,4073,2,0.85009765625,233.4375,132.0380859375,257.75390625,151.0048828125
7608,4077,2,0.88623046875,129.7021484375,191.59423828125,162.99072265625,222.66357421875
7609,4077,2,0.0263519287109375,160.2783203125,163.97705078125,178.525390625,187.64892578125
7610,4077,2,0.0090179443359375,495.13671875,219.4580078125,505.0,252.9931640625
7611,4077,2,0.004848480224609375,124.3389892578125,223.64990234375,150.4150390625,246.82861328125
7612,4077,2,0.0033512115478515625,496.123046875,209.1015625,505.0,234.74609375
7613,4077,2,0.0013093948364257812,269.7607421875,236.71875,285.5419921875,254.47265625
7614,4081,12,0.92236328125,305.8017578125,139.58447265625,353.3603515625,180.48486328125
7615,4081,12,0.9072265625,365.96337890625,150.28515625,410.19287109375,188.33203125
7616,4081,12,0.89697265625,221.38525390625,177.3935546875,264.18798828125,210.6845703125
7617,4081,12,0.8916015625,171.44873046875,144.1025390625,210.44677734375,174.5400390625
7618,4081,12,0.865234375,321.9716796875,112.7138671875,357.1650390625,141.96240234375
7619,4081,12,0.3310546875,174.5400390625,115.5673828125,221.1474609375,143.1513671875
7620,4081,12,0.0215301513671875,306.7529296875,139.58447265625,349.5556640625,166.21728515625
7621,4081,12,0.00714874267578125,352.884765625,129.59716796875,382.8466796875,155.27880859375
7622,4081,12,0.00455474853515625,293.19873046875,84.41650390625,328.86767578125,126.505859375
7623,4081,12,0.0036220550537109375,316.50244140625,138.15771484375,337.42822265625,146.71826171875
7624,4081,12,0.0026721954345703125,317.92919921875,138.87109375,348.36669921875,153.138671875
7625,4081,12,0.001934051513671875,373.57275390625,149.333984375,397.35205078125,156.943359375
7626,4081,12,0.0017337799072265625,312.935546875,137.919921875,333.861328125,149.333984375
7627,4081,12,0.0014162063598632812,358.591796875,131.26171875,404.248046875,157.89453125
7628,4081,12,0.0012111663818359375,335.05029296875,170.259765625,372.14599609375,192.13671875
7629,4081,12,0.0011072158813476562,330.29443359375,140.7734375,353.59814453125,157.89453125
7630,4092,2,0.888671875,215.64453125,169.65625,243.5234375,193.0078125
7631,4092,2,0.884765625,52.68994140625,118.068359375,75.53515625,142.015625
7632,4092,2,0.8623046875,79.943359375,174.66015625,101.626953125,196.10546875
7633,4092,2,0.86083984375,167.51171875,119.974609375,186.09765625,143.921875
7634,4093,15,0.85009765625,352.07421875,93.71923828125,394.943359375,129.74755859375
7635,4093,15,0.84716796875,270.4404296875,66.1279296875,301.4521484375,93.71923828125
7636,4093,15,0.81298828125,347.28564453125,38.7646484375,378.29736328125,64.3037109375
7637,4096,2,0.8798828125,99.89013671875,104.0771484375,135.53955078125,145.7080078125
7638,4096,7,0.85205078125,92.95166015625,64.71923828125,123.935546875,87.92724609375
7639,4104,15,0.87890625,417.40234375,127.6474609375,444.58203125,157.7392578125
7640,4104,6,0.81982421875,300.18994140625,62.85302734375,366.19775390625,107.02001953125
7641,4104,2,0.00400543212890625,270.826171875,83.48046875,293.15234375,107.2626953125
7642,4112,2,0.89013671875,29.9058837890625,140.8740234375,71.6905517578125,168.5712890625
7643,4112,7,0.88232421875,126.0703125,174.779296875,162.8408203125,203.431640625
7644,4113,8,0.038604736328125,271.5,144.5,288.5,163.0
7645,4113,14,0.034088134765625,456.5,79.0,470.5,94.5
7646,4113,8,0.033721923828125,271.75,136.5,289.25,152.5
7647,4113,5,0.025177001953125,0.0,97.75,22.625,115.25
7648,4113,5,0.0222930908203125,381.25,87.0,440.25,129.0
7649,4113,5,0.0191192626953125,248.25,73.75,256.5,81.25
7650,4113,5,0.01332855224609375,0.0390625,97.375,15.640625,112.125
7651,4113,5,0.01287078857421875,216.0,181.0,233.0,196.0
7652,4113,8,0.011962890625,312.5,111.625,319.5,125.375
7653,4113,5,0.011871337890625,79.0,93.125,105.75,103.875
7654,4113,5,0.00806427001953125,404.5,91.625,454.5,106.625
7655,4113,5,0.007755279541015625,0.0,96.0,19.53125,108.0
7656,4113,14,0.007549285888671875,276.0,135.5,286.0,147.5
7657,4113,14,0.007232666015625,508.0,69.75,512.0,128.5
7658,4113,5,0.00605010986328125,372.5,159.5,387.0,171.5
7659,4113,14,0.00572967529296875,502.0,70.0,512.0,129.0
7660,4113,8,0.004848480224609375,508.0,107.75,512.0,127.25
7661,4113,5,0.004627227783203125,404.5,92.25,456.5,114.75
7662,4113,14,0.004314422607421875,509.0,99.75,512.0,122.75
7663,4113,5,0.00426483154296875,414.5,96.0,460.0,120.5
7664,4113,5,0.00327301025390625,262.5,128.75,271.5,136.25
7665,4113,14,0.003040313720703125,486.0,75.5,506.0,108.5
7666,4113,5,0.0028553009033203125,0.01171875,109.375,2.771484375,123.875
7667,4113,5,0.0026416778564453125,58.5,98.25,77.375,109.75
7668,4113,8,0.0021495819091796875,506.0,110.5,512.0,127.5
7669,4113,5,0.0020580291748046875,0.0,102.125,28.09375,121.125
7670,4113,8,0.0019121170043945312,496.25,112.25,510.75,122.25
7671,4113,5,0.0018529891967773438,429.0,101.0,457.0,120.0
7672,4113,5,0.00183868408203125,81.375,88.0,119.875,102.0
7673,4113,5,0.0017957687377929688,58.3125,94.75,81.6875,106.0
7674,4113,5,0.0017957687377929688,0.0,97.25,40.96875,112.75
7675,4113,14,0.0017271041870117188,508.5,88.375,512.0,121.375
7676,4113,5,0.001674652099609375,389.0,87.0,461.0,121.5
7677,4113,14,0.0016355514526367188,497.75,106.25,508.75,119.75
7678,4113,5,0.0016231536865234375,56.4375,90.375,82.5625,100.875
7679,4113,14,0.0015916824340820312,490.25,75.75,503.25,98.75
7680,4113,5,0.0015010833740234375,226.0,80.0,233.5,84.5
7681,4113,5,0.0013561248779296875,224.0,80.5,231.75,85.0
7682,4113,5,0.0012941360473632812,207.5,164.5,219.25,173.5
7683,4113,5,0.0012845993041992188,222.75,171.5,232.75,183.0
7684,4113,17,0.0012645721435546875,237.25,0.375,258.0,9.125
7685,4113,5,0.001255035400390625,0.375,92.5,19.71875,100.0
7686,4113,14,0.0012445449829101562,330.0,123.25,338.5,133.75
7687,4113,14,0.0011692047119140625,271.5,136.5,288.5,154.0
7688,4113,14,0.0011510848999023438,325.5,123.875,339.0,139.0
7689,4113,5,0.0011472702026367188,219.0,185.0,233.0,198.0
7690,4113,5,0.001056671142578125,408.5,69.25,430.5,85.75
7691,4113,14,0.0010480880737304688,475.75,79.0,503.75,104.5
7692,4113,5,0.0010442733764648438,0.0,100.5,7.71875,125.25
7693,4113,5,0.0010318756103515625,261.0,126.0,270.0,135.0
7694,4113,5,0.0010242462158203125,227.5,76.125,234.25,82.125
7695,4116,8,0.888671875,381.8359375,94.7265625,500.0,228.02734375
7696,4116,8,0.8115234375,52.67333984375,122.1923828125,85.26611328125,145.5078125
7697,4116,14,0.78125,248.53515625,94.7265625,270.99609375,140.869140625
7698,4116,14,0.74609375,120.17822265625,98.876953125,146.97265625,169.677734375
7699,4116,14,0.689453125,151.123046875,115.72265625,166.748046875,141.11328125
7700,4116,8,0.161376953125,113.76953125,92.529296875,174.560546875,169.189453125
7701,4116,8,0.0174407958984375,483.3984375,148.4375,500.0,223.6328125
7702,4116,14,0.01146697998046875,159.0576171875,118.896484375,168.3349609375,141.845703125
7703,4116,14,0.007843017578125,166.9921875,124.0234375,175.29296875,141.6015625
7704,4116,14,0.00579833984375,488.28125,84.9609375,500.0,113.76953125
7705,4116,8,0.005100250244140625,476.07421875,133.056640625,500.0,223.876953125
7706,4116,8,0.00494384765625,480.95703125,85.9375,500.0,114.74609375
7707,4116,14,0.0048675537109375,154.052734375,116.69921875,177.490234375,141.6015625
7708,4116,8,0.003147125244140625,226.4404296875,82.51953125,285.15625,155.76171875
7709,4116,8,0.0028896331787109375,51.513671875,121.337890625,67.5048828125,140.869140625
7710,4116,14,0.002368927001953125,436.03515625,80.078125,458.49609375,102.783203125
7711,4116,8,0.00147247314453125,430.6640625,79.58984375,500.0,226.07421875
7712,4116,14,0.0014209747314453125,495.1171875,84.9609375,500.0,115.478515625
7713,4116,14,0.0013990402221679688,114.6240234375,96.6796875,138.3056640625,119.62890625
7714,4116,14,0.0013885498046875,52.91748046875,120.361328125,66.46728515625,131.8359375
7715,4121,2,0.87158203125,179.0771484375,182.373046875,202.7587890625,206.787109375
7716,4121,2,0.861328125,59.661865234375,156.982421875,84.1064453125,176.025390625
7717,4121,2,0.86083984375,193.4814453125,137.20703125,210.5712890625,159.66796875
7718,4121,2,0.8388671875,100.7080078125,116.943359375,117.431640625,134.033203125
7719,4122,3,0.89404296875,274.587890625,155.19140625,408.158203125,224.859375
7720,4122,4,0.88427734375,189.064453125,64.623046875,265.939453125,160.716796875
7721,4122,3,0.75927734375,321.43359375,23.54296875,439.62890625,57.896484375
7722,4122,3,0.0027790069580078125,332.484375,20.419921875,442.9921875,86.724609375
7723,4122,3,0.00269317626953125,354.10546875,159.03515625,410.80078125,227.7421875
7724,4122,4,0.0011882781982421875,190.74609375,110.98828125,262.81640625,158.07421875
7725,4141,10,0.87841796875,310.38232421875,128.86083984375,329.79638671875,151.67236328125
7726,4141,9,0.87158203125,421.7705078125,105.56396484375,442.1552734375,125.94873046875
7727,4141,17,0.85693359375,428.5654296875,45.86572265625,445.0673828125,60.42626953125
7728,4141,9,0.8310546875,340.716796875,79.233642578125,359.16015625,93.066162109375
7729,4141,17,0.29736328125,194.86865234375,52.9033203125,202.63427734375,62.6103515625
7730,4141,11,0.070556640625,54.14703369140625,159.1953125,77.65625,167.931640625
7731,4141,9,0.006191253662109375,77.777587890625,89.7900390625,100.346435546875,112.1162109375
7732,4141,2,0.003124237060546875,130.80224609375,71.58935546875,146.576171875,88.57666015625
7733,4142,17,0.7548828125,186.84814453125,83.240966796875,201.767578125,98.634033203125
7734,4142,17,0.658203125,260.498046875,49.2578125,274.70703125,64.4140625
7735,4142,2,0.11163330078125,260.0244140625,49.49462890625,274.2333984375,64.65087890625
7736,4142,2,0.034088134765625,224.26513671875,67.96630859375,240.36865234375,83.59619140625
7737,4142,2,0.0257568359375,186.84814453125,83.12255859375,202.00439453125,98.75244140625
7738,4142,2,0.0016355514526367188,235.869140625,63.466796875,256.708984375,85.25390625
7739,4142,2,0.0015192031860351562,224.26513671875,66.190185546875,247.94677734375,83.951416015625
7740,4146,7,0.79443359375,339.1640625,168.85107421875,365.478515625,192.72900390625
7741,4160,2,0.88330078125,71.843994140625,127.4326171875,108.270263671875,167.7744140625
7742,4160,7,0.87646484375,141.1962890625,112.7197265625,169.6728515625,140.7216796875
7743,4160,17,0.00482940673828125,389.654296875,38.443359375,402.943359375,47.935546875
7744,4163,7,0.841796875,205.83837890625,175.564453125,237.20654296875,206.689453125
7745,4163,7,0.83349609375,40.1220703125,155.8681640625,80.791259765625,180.6708984375
7746,4172,12,0.88427734375,252.99951171875,110.97314453125,297.77392578125,156.71044921875
7747,4172,13,0.81640625,243.009521484375,41.8857421875,284.5341796875,79.919921875
7748,4172,0,0.18359375,243.250244140625,42.3671875,285.4970703125,80.4013671875
7749,4172,1,0.04302978515625,241.92626953125,42.246826171875,284.29345703125,80.521728515625
7750,4175,15,0.9013671875,379.6875,150.451171875,422.40234375,194.115234375
7751,4175,6,0.8681640625,313.716796875,84.955078125,399.146484375,130.9921875
7752,4175,15,0.85107421875,307.546875,44.96923828125,331.751953125,71.07275390625
7753,4175,17,0.11358642578125,439.962890625,76.412109375,465.591796875,102.2783203125
7754,4175,0,0.0016355514526367188,440.2001953125,76.29345703125,467.2529296875,102.63427734375
7755,4178,9,0.880859375,147.89697265625,178.8408203125,168.85107421875,199.3076171875
7756,4178,17,0.875,160.201416015625,119.3896484375,177.257080078125,134.0087890625
7757,4178,10,0.83544921875,31.21795654296875,196.87109375,52.23297119140625,220.26171875
7758,4178,9,0.77978515625,68.7708740234375,147.40966796875,88.2630615234375,162.51611328125
7759,4183,2,0.85986328125,248.2705078125,186.263671875,260.9150390625,202.798828125
7760,4183,2,0.85498046875,168.755859375,178.2392578125,181.6435546875,194.7744140625
7761,4183,2,0.8447265625,234.6533203125,163.6494140625,246.8115234375,178.7255859375
7762,4183,2,0.8232421875,183.1025390625,160.48828125,195.2607421875,176.05078125
7763,4185,17,0.85205078125,164.22607421875,85.58935546875,183.40576171875,104.28955078125
7764,4185,17,0.264404296875,286.2568359375,125.1474609375,313.1083984375,145.2861328125
7765,4185,17,0.001972198486328125,393.6630859375,58.378173828125,418.5966796875,79.475830078125
7766,4185,2,0.0012845993041992188,0.0074920654296875,73.60205078125,7.507049560546875,116.5166015625
7767,4186,9,0.8642578125,82.870849609375,197.84375,99.754150390625,210.208984375
7768,4186,17,0.86328125,127.69482421875,194.5146484375,139.822265625,206.8798828125
7769,4186,17,0.85986328125,95.711669921875,176.68017578125,106.887939453125,188.09423828125
7770,4186,10,0.85205078125,151.94970703125,165.0283203125,165.9794921875,177.3935546875
7771,4186,11,0.845703125,136.96875,212.111328125,149.8095703125,224.4765625
7772,4186,10,0.83642578125,64.798583984375,175.966796875,79.541748046875,188.33203125
7773,4186,17,0.76611328125,122.46337890625,177.869140625,133.40185546875,189.283203125
7774,4202,16,0.83203125,70.76953125,163.9375,90.30859375,198.25
7775,4202,16,0.8154296875,123.4296875,159.41015625,144.875,191.81640625
7776,4202,16,0.80078125,4.2816162109375,164.890625,27.998046875,203.4921875
7777,4202,16,0.77880859375,162.5078125,158.21875,181.09375,187.2890625
7778,4202,16,0.7734375,198.607421875,155.359375,215.763671875,183.0
7779,4202,14,0.7490234375,286.890625,95.7890625,315.0078125,157.265625
7780,4202,16,0.64794921875,228.2734375,153.453125,244.953125,180.140625
7781,4202,16,0.43017578125,278.07421875,152.26171875,312.86328125,172.75390625
7782,4202,16,0.350341796875,386.015625,150.83203125,409.84375,167.03515625
7783,4202,16,0.33447265625,358.8515625,151.546875,382.6796875,167.75
7784,4202,16,0.32421875,457.5,147.49609375,484.1875,160.36328125
7785,4202,16,0.32421875,424.37890625,149.1640625,445.34765625,163.4609375
7786,4202,16,0.313232421875,413.65625,149.640625,439.390625,163.9375
7787,4202,16,0.289306640625,254.9609375,152.26171875,290.2265625,176.08984375
7788,4202,16,0.28466796875,321.6796875,152.5,351.2265625,170.1328125
7789,4202,16,0.275146484375,255.4375,152.0234375,269.734375,175.8515625
7790,4202,16,0.25244140625,342.6484375,151.546875,377.9140625,168.703125
7791,4202,16,0.236572265625,228.51171875,152.5,269.97265625,178.7109375
7792,4202,16,0.2213134765625,445.5859375,147.734375,464.6484375,161.078125
7793,4202,16,0.203125,301.6640625,153.9296875,331.6875,171.0859375
7794,4202,16,0.195556640625,436.53125,148.44921875,465.125,162.26953125
7795,4202,16,0.1900634765625,363.85546875,151.546875,406.74609375,167.75
7796,4202,16,0.1883544921875,467.5078125,147.2578125,487.5234375,159.6484375
7797,4202,16,0.1666259765625,426.046875,148.6875,455.1171875,162.984375
7798,4202,16,0.154052734375,278.7890625,154.16796875,292.609375,176.08984375
7799,4202,16,0.139892578125,198.48828125,153.453125,245.4296875,182.046875
7800,4202,16,0.1329345703125,369.3359375,151.0703125,383.6328125,167.75
7801,4202,16,0.1312255859375,412.46484375,149.87890625,430.09765625,164.17578125
7802,4202,16,0.1285400390625,379.34375,151.0703125,400.3125,167.2734375
7803,4202,16,0.11358642578125,392.92578125,150.35546875,411.03515625,165.12890625
7804,4202,16,0.103759765625,341.21875,152.0234375,356.46875,168.2265625
7805,4202,16,0.091064453125,389.3515625,150.59375,423.6640625,165.84375
7806,4202,16,0.090087890625,400.7890625,150.1171875,432.71875,164.4140625
7807,4202,16,0.07342529296875,301.1875,153.21484375,318.34375,171.80078125
7808,4202,16,0.0723876953125,320.7265625,153.21484375,335.0234375,168.94140625
7809,4202,16,0.070068359375,410.08203125,150.1171875,422.94921875,164.4140625
7810,4202,16,0.06781005859375,280.45703125,153.453125,330.01953125,173.46875
7811,4202,16,0.063232421875,314.0546875,153.453125,332.640625,170.609375
7812,4202,16,0.049774169921875,478.46875,146.78125,488.0,160.125
7813,4202,16,0.047088623046875,398.16796875,150.1171875,420.56640625,164.4140625
7814,4202,16,0.03271484375,444.6328125,147.2578125,486.5703125,161.078125
7815,4202,16,0.0235137939453125,288.3203125,154.40625,335.9765625,179.1875
7816,4202,16,0.0180511474609375,339.07421875,152.0234375,352.41796875,170.1328125
7817,4202,16,0.017303466796875,127.48046875,158.21875,180.85546875,189.671875
7818,4202,16,0.0169219970703125,298.328125,152.9765625,313.578125,172.9921875
7819,4202,16,0.0131683349609375,391.2578125,150.1171875,438.9140625,170.1328125
7820,4202,16,0.01073455810546875,435.33984375,148.44921875,487.28515625,175.13671875
7821,4202,16,0.006744384765625,163.22265625,156.7890625,214.453125,185.3828125
7822,4202,16,0.006191253662109375,436.76953125,147.2578125,452.01953125,156.7890625
7823,4202,16,0.0055999755859375,411.2734375,149.87890625,455.59375,167.98828125
7824,4202,16,0.0053863525390625,0.26806640625,132.9609375,52.39208984375,166.3203125
7825,4202,16,0.00469970703125,418.66015625,149.640625,472.51171875,170.609375
7826,4202,16,0.004364013671875,305.4765625,153.69140625,356.46875,180.85546875
7827,4202,16,0.004299163818359375,0.1116943359375,164.890625,14.9447021484375,201.109375
7828,4202,16,0.0033111572265625,467.984375,141.0625,487.5234375,151.546875
7829,4202,16,0.003223419189453125,252.578125,152.73828125,305.0,190.86328125
7830,4202,16,0.0027904510498046875,371.00390625,151.0703125,395.30859375,169.1796875
7831,4202,16,0.0024242401123046875,196.224609375,160.6015625,235.064453125,183.4765625
7832,4202,16,0.0020198822021484375,158.93359375,158.6953125,176.56640625,185.3828125
7833,4202,16,0.0018529891967773438,320.48828125,153.453125,376.24609375,179.1875
7834,4202,16,0.00183868408203125,0.0,165.84375,8.920654296875,200.15625
7835,4202,16,0.00183868408203125,0.01861572265625,167.2734375,5.68524169921875,201.5859375
7836,4202,16,0.0018310546875,442.48828125,147.2578125,458.69140625,159.6484375
7837,4202,16,0.0018310546875,275.453125,156.3125,345.984375,192.53125
7838,4202,16,0.0017824172973632812,0.119140625,134.15234375,42.3544921875,178.47265625
7839,4202,16,0.0017271041870117188,466.5546875,144.63671875,488.0,181.33203125
7840,4202,16,0.0017137527465820312,49.919921875,164.890625,90.546875,199.203125
7841,4202,16,0.0016813278198242188,338.12109375,152.9765625,385.30078125,180.6171875
7842,4202,16,0.0016164779663085938,0.50634765625,182.5234375,50.30712890625,224.4609375
7843,4202,16,0.0016107559204101562,435.1015625,147.734375,446.5390625,155.359375
7844,4202,16,0.00157928466796875,357.421875,153.453125,409.84375,182.046875
7845,4202,16,0.0014324188232421875,482.28125,148.2109375,488.0,161.5546875
7846,4202,16,0.0013885498046875,198.7265625,154.40625,223.5078125,177.28125
7847,4202,16,0.00130462646484375,0.193603515625,181.5703125,29.30859375,226.3671875
7848,4202,16,0.0012445449829101562,457.0234375,132.484375,487.5234375,160.125
7849,4202,16,0.0010404586791992188,255.9140625,153.69140625,310.2421875,176.08984375
7850,4202,15,0.0010318756103515625,227.55859375,0.71484375,253.76953125,18.82421875
7851,4204,2,0.8642578125,75.46875,171.69140625,94.3359375,190.55859375
7852,4204,2,0.78662109375,128.06103515625,157.541015625,144.09814453125,174.521484375
7853,4204,2,0.7490234375,172.634765625,146.6923828125,188.2001953125,164.6162109375
7854,4204,2,0.120849609375,162.96533203125,185.841796875,183.71923828125,198.10546875
7855,4204,2,0.00243377685546875,162.49365234375,165.087890625,185.60595703125,198.10546875
7856,4204,17,0.0013246536254882812,128.296875,158.0126953125,144.333984375,174.0498046875
7857,4207,2,0.85205078125,371.6015625,41.09765625,392.2734375,70.13671875
7858,4212,13,0.85302734375,26.208984375,79.48828125,66.568359375,115.41796875
7859,4212,0,0.841796875,116.40234375,114.1875,157.9921875,153.5625
7860,4212,1,0.46875,26.0244140625,79.98046875,66.5068359375,115.6640625
7861,4212,12,0.4072265625,116.89453125,114.1875,157.9921875,153.5625
7862,4220,2,0.865234375,402.587890625,138.18359375,418.701171875,152.83203125
7863,4220,2,0.861328125,425.048828125,121.09375,442.626953125,134.765625
7864,4220,2,0.8173828125,339.35546875,112.060546875,358.88671875,126.220703125
7865,4220,2,0.77197265625,372.0703125,96.923828125,386.71875,111.083984375
7866,4222,4,0.88427734375,218.73779296875,104.4140625,261.76025390625,149.3701171875
7867,4222,3,0.83984375,152.2705078125,106.951904296875,187.0751953125,152.2705078125
7868,4222,3,0.7646484375,299.46533203125,102.48046875,338.62060546875,142.84423828125
7869,4222,4,0.533203125,299.46533203125,102.48046875,338.62060546875,143.5693359375
7870,4226,15,0.90185546875,262.9501953125,156.080078125,304.20703125,198.828125
7871,4226,6,0.85498046875,197.833984375,90.21826171875,281.8388671875,137.93701171875
7872,4226,15,0.8427734375,191.869140625,50.2041015625,216.2255859375,76.0517578125
7873,4226,2,0.0994873046875,322.1015625,83.135009765625,347.94921875,108.734130859375
7874,4226,17,0.0616455078125,322.1015625,83.0107421875,347.94921875,107.8642578125
7875,4226,9,0.0121002197265625,322.1015625,83.0107421875,347.94921875,108.361328125
7876,4226,15,0.006744384765625,321.6044921875,83.0107421875,347.4521484375,108.8583984375
7877,4227,2,0.84814453125,38.0797119140625,60.16162109375,51.7303466796875,77.20947265625
7878,4227,2,0.845703125,52.934814453125,42.12548828125,65.906005859375,58.43212890625
7879,4227,2,0.822265625,120.3232421875,69.1796875,133.6650390625,85.98046875
7880,4227,2,0.810546875,106.9814453125,46.2021484375,119.3349609375,61.5205078125
7881,4236,7,0.89697265625,62.90625,26.6875,105.439453125,59.5703125
7882,4236,7,0.61328125,136.53515625,167.75,180.37890625,208.734375
7883,4239,7,0.873046875,275.6787109375,83.59130859375,311.1865234375,109.23583984375
7884,4239,7,0.84375,197.635498046875,167.67578125,226.485595703125,196.279296875
7885,4239,2,0.003223419189453125,499.5751953125,156.3330078125,505.0,189.8681640625
7886,4244,17,0.77978515625,43.95703125,142.26953125,63.39501953125,159.28515625
7887,4244,17,0.16455078125,130.689453125,217.421875,152.1953125,237.2734375
7888,4244,2,0.0030879974365234375,0.0,123.8359375,4.91119384765625,158.33984375
7889,4245,2,0.89990234375,392.859375,172.8388671875,414.04296875,194.0224609375
7890,4245,2,0.880859375,289.10791015625,177.6533203125,311.73583984375,199.318359375
7891,4245,2,0.87646484375,406.33984375,115.185791015625,424.634765625,134.3232421875
7892,4245,2,0.86083984375,309.5693359375,115.78759765625,328.8271484375,138.41552734375
7893,4247,15,0.90283203125,164.2734375,62.677001953125,203.9091796875,102.790283203125
7894,4247,15,0.9013671875,280.3154296875,116.9970703125,317.0859375,158.54296875
7895,4247,15,0.8662109375,271.2421875,45.3662109375,304.669921875,77.12255859375
7896,4255,14,0.8173828125,56.92962646484375,154.3603515625,85.07080078125,229.3212890625
7897,4255,14,0.6806640625,240.91064453125,164.2236328125,268.03466796875,211.5673828125
7898,4255,14,0.375732421875,419.43603515625,172.607421875,439.65576171875,209.1015625
7899,4255,14,0.1461181640625,462.0947265625,180.0048828125,475.41015625,202.6904296875
7900,4255,16,0.0012302398681640625,76.563720703125,241.89697265625,96.290283203125,254.71923828125
7901,4255,14,0.0011606216430664062,177.5390625,167.67578125,192.8271484375,193.3203125
7902,4255,14,0.0011034011840820312,298.61083984375,154.60693359375,333.62548828125,252.74658203125
7903,4255,16,0.0010900497436523438,104.180908203125,223.896484375,127.97607421875,244.609375
7904,4257,7,0.7607421875,417.60791015625,163.7958984375,436.70947265625,181.9423828125
7905,4257,7,0.1365966796875,312.310546875,175.01806640625,336.6650390625,193.16455078125
7906,4257,10,0.0010366439819335938,63.990234375,152.8125,74.9736328125,166.18359375
7907,4258,14,0.090087890625,278.255859375,1.0521240234375,380.25,157.447265625
7908,4258,14,0.0197601318359375,262.9072265625,1.73291015625,379.7548828125,103.4794921875
7909,4258,15,0.019195556640625,276.7705078125,157.447265625,358.9599609375,202.998046875
7910,4258,14,0.00257110595703125,295.08984375,3.21826171875,437.68359375,164.13134765625
7911,4258,14,0.0025501251220703125,329.748046875,1.4853515625,377.279296875,83.42724609375
7912,4258,14,0.0011968612670898438,410.20458984375,1.4853515625,496.35498046875,124.76953125
7913,4260,15,0.8759765625,406.01171875,172.046875,433.42578125,199.4609375
7914,4260,15,0.86962890625,323.76953125,145.578125,353.07421875,174.8828125
7915,4260,15,0.81884765625,398.921875,130.453125,421.609375,151.25
7916,4260,14,0.0023784637451171875,0.0,5.19921875,82.478515625,234.4375
7917,4261,14,0.662109375,364.298828125,35.90673828125,379.517578125,69.19775390625
7918,4261,14,0.5908203125,2.422515869140625,28.53515625,19.811126708984375,68.72216796875
7919,4261,14,0.56396484375,349.080078125,47.677490234375,360.494140625,67.414306640625
7920,4261,14,0.34521484375,219.2451171875,33.7666015625,243.26220703125,82.751953125
7921,4261,14,0.0170440673828125,370.4814453125,35.193359375,380.9443359375,68.0087890625
7922,4261,14,0.0120086669921875,0.0,27.1083984375,5.216583251953125,86.556640625
7923,4261,14,0.009674072265625,0.0,33.291015625,5.785057067871094,65.630859375
7924,4261,14,0.004772186279296875,346.2265625,44.94287109375,357.640625,66.34423828125
7925,4261,14,0.0034160614013671875,324.58740234375,0.23779296875,470.11669921875,117.70751953125
7926,4261,14,0.0026836395263671875,324.349609375,43.04052734375,334.8125,66.1064453125
7927,4261,14,0.002414703369140625,0.312103271484375,27.82177734375,15.887542724609375,82.03857421875
7928,4261,14,0.001720428466796875,364.298828125,10.70068359375,395.6875,69.19775390625
7929,4261,14,0.0010166168212890625,198.794921875,39.116943359375,236.3662109375,82.633056640625
7930,4265,9,0.884765625,123.1060791015625,114.290771484375,148.19580078125,132.16796875
7931,4265,17,0.85693359375,241.89697265625,130.44189453125,261.13037109375,149.18212890625
7932,4265,9,0.85107421875,206.6357421875,72.74169921875,226.3623046875,87.53662109375
7933,4265,9,0.42431640625,114.290771484375,42.9052734375,135.989990234375,60.41259765625
7934,4265,10,0.3056640625,114.290771484375,42.65869140625,135.989990234375,60.41259765625
7935,4265,11,0.24658203125,372.83203125,36.370849609375,392.55859375,53.878173828125
7936,4265,11,0.08538818359375,297.3779296875,48.8232421875,311.1865234375,70.029296875
7937,4265,11,0.03790283203125,114.4140625,42.9052734375,135.86669921875,60.6591796875
7938,4273,2,0.892578125,277.7109375,196.51171875,304.6171875,215.25
7939,4273,2,0.87841796875,390.62109375,188.34375,417.52734375,207.5625
7940,4273,2,0.86962890625,336.328125,155.671875,360.3515625,172.96875
7941,4273,2,0.8642578125,228.943359375,155.912109375,253.20703125,172.728515625
7942,4275,5,0.8388671875,315.7734375,101.60302734375,374.25,151.79541015625
7943,4275,5,0.79833984375,0.0,108.059814453125,35.5123291015625,133.521484375
7944,4275,14,0.6494140625,402.27001953125,102.8212890625,414.93994140625,132.546875
7945,4275,5,0.63525390625,95.633544921875,111.470947265625,128.526611328125,135.9580078125
7946,4275,5,0.525390625,155.9375,102.09033203125,189.31787109375,129.86669921875
7947,4275,5,0.338134765625,183.95751953125,136.4453125,285.0732421875,163.2470703125
7948,4275,5,0.2005615234375,310.4130859375,105.2578125,322.1083984375,121.826171875
7949,4275,5,0.0226287841796875,317.2353515625,101.8466796875,352.80859375,124.75
7950,4275,5,0.0196380615234375,127.673828125,110.009033203125,153.013671875,134.49609375
7951,4275,5,0.01282501220703125,301.6416015625,105.98876953125,320.1591796875,121.58251953125
7952,4275,5,0.0083160400390625,47.8167724609375,109.88720703125,73.1566162109375,124.99365234375
7953,4275,5,0.00679779052734375,297.7431640625,106.47607421875,315.2861328125,122.06982421875
7954,4275,5,0.006771087646484375,40.4462890625,110.37451171875,70.537353515625,129.37939453125
7955,4275,5,0.005039215087890625,155.69384765625,101.8466796875,206.37353515625,132.546875
7956,4275,5,0.0038089752197265625,0.0,109.39990234375,18.85260009765625,136.20166015625
7957,4275,5,0.0030879974365234375,33.13671875,113.420166015625,61.034912109375,130.1103515625
7958,4275,5,0.0030155181884765625,47.2685546875,106.7197265625,74.31396484375,121.09521484375
7959,4275,5,0.00243377685546875,88.689453125,110.37451171875,123.53173828125,130.35400390625
7960,4275,8,0.0023593902587890625,133.886962890625,115.978515625,153.379150390625,135.470703125
7961,4275,5,0.002010345458984375,54.8826904296875,111.83642578125,73.4002685546875,126.94287109375
7962,4275,5,0.001972198486328125,312.849609375,102.8212890625,335.265625,123.775390625
7963,4275,5,0.0018749237060546875,460.990234375,138.39453125,486.330078125,155.9375
7964,4275,14,0.0018243789672851562,140.8310546875,114.029296875,153.74462890625,134.9833984375
7965,4275,5,0.0017004013061523438,89.1767578125,109.39990234375,108.6689453125,122.55712890625
7966,4275,5,0.001674652099609375,0.0,103.30859375,4.5151824951171875,115.978515625
7967,4275,5,0.00154876708984375,316.748046875,101.8466796875,368.40234375,130.59765625
7968,4275,5,0.0015363693237304688,0.01903533935546875,107.20703125,6.513893127441406,118.90234375
7969,4275,5,0.0014896392822265625,37.8270263671875,106.7197265625,72.36474609375,124.50634765625
7970,4275,5,0.00133514404296875,92.83154296875,107.93798828125,111.34912109375,119.63330078125
7971,4275,5,0.0011243820190429688,176.16064453125,113.0546875,246.576171875,144.7294921875
7972,4275,5,0.0010728836059570312,54.456298828125,104.52685546875,88.44580078125,119.14599609375
7973,4275,5,0.0010080337524414062,14.977005004882812,108.181640625,36.1214599609375,124.2626953125
7974,4277,6,0.86328125,406.150390625,106.53125,460.3671875,134.115234375
7975,4277,15,0.85693359375,333.3857421875,112.95166015625,351.4580078125,130.54833984375
7976,4284,10,0.9365234375,199.7705078125,187.759765625,224.2822265625,209.330078125
7977,4284,10,0.8955078125,334.830078125,146.580078125,357.380859375,166.189453125
7978,4284,9,0.884765625,227.7138671875,106.87109375,248.3037109375,127.951171875
7979,4284,17,0.85009765625,288.2578125,163.73828125,306.88671875,182.3671875
7980,4284,11,0.84814453125,192.4169921875,62.259765625,212.5166015625,81.1337890625
7981,4284,10,0.822265625,288.748046875,88.4873046875,311.298828125,108.5869140625
7982,4284,17,0.763671875,251.98046875,178.4453125,271.099609375,198.0546875
7983,4284,14,0.002269744873046875,132.73095703125,111.283203125,158.46826171875,165.69921875
7984,4288,2,0.8916015625,279.15234375,174.591796875,298.60546875,195.990234375
7985,4288,2,0.88818359375,414.1083984375,171.9169921875,442.3154296875,195.2607421875
7986,4288,2,0.86962890625,251.431640625,117.69140625,272.830078125,141.521484375
7987,4288,2,0.865234375,364.259765625,120.8525390625,382.740234375,144.6826171875
7988,4304,5,0.93896484375,71.5107421875,50.080078125,265.9658203125,147.08203125
7989,4304,5,0.87841796875,0.451171875,49.8544921875,80.5341796875,122.9443359375
7990,4304,5,0.388671875,261.0029296875,66.7734375,363.8701171875,128.8095703125
7991,4304,5,0.236572265625,188.02587890625,42.861328125,365.900390625,128.583984375
7992,4304,5,0.00731658935546875,236.4140625,46.01953125,356.42578125,95.6484375
7993,4304,5,0.002590179443359375,437.63671875,27.97265625,462.0,50.982421875
7994,4304,8,0.0018749237060546875,0.01409912109375,60.908203125,6.24591064453125,125.42578125
7995,4304,5,0.0015668869018554688,447.5625,15.5654296875,462.0,55.2685546875
7996,4304,5,0.0014553070068359375,423.650390625,12.181640625,461.548828125,56.396484375
7997,4304,14,0.0014324188232421875,0.0,64.96875,10.08087158203125,127.23046875
7998,4304,5,0.0011072158813476562,391.166015625,6.5419921875,461.548828125,57.0732421875
7999,4304,5,0.0010366439819335938,232.8046875,44.666015625,286.9453125,94.74609375
8000,4316,14,0.0121917724609375,271.283203125,16.67724609375,281.166015625,36.44287109375
8001,4316,14,0.00963592529296875,289.8134765625,0.98828125,304.6376953125,35.578125
8002,4322,7,0.8388671875,157.34619140625,69.1259765625,196.50146484375,103.9306640625
8003,4322,7,0.83544921875,195.29296875,145.26123046875,233.4814453125,174.74853515625
8004,4325,0,0.8896484375,290.0390625,144.53125,328.125,181.640625
8005,4325,0,0.8662109375,372.55859375,146.484375,408.69140625,180.6640625
8006,4325,1,0.1357421875,313.4765625,93.994140625,346.19140625,127.9296875
8007,4325,17,0.08447265625,312.98828125,93.994140625,346.19140625,127.9296875
8008,4325,0,0.07183837890625,312.98828125,93.26171875,346.19140625,127.685546875
8009,4334,5,0.86865234375,215.087890625,144.53125,344.970703125,198.2421875
8010,4334,14,0.7890625,151.123046875,124.267578125,214.111328125,256.0
8011,4334,14,0.7431640625,393.06640625,112.548828125,453.61328125,222.900390625
8012,4334,5,0.70068359375,409.1796875,139.16015625,500.0,197.75390625
8013,4334,5,0.4765625,372.314453125,140.625,476.318359375,194.82421875
8014,4334,5,0.1510009765625,352.05078125,128.41796875,432.12890625,177.24609375
8015,4334,5,0.03662109375,372.802734375,119.873046875,455.322265625,202.880859375
8016,4334,14,0.00937652587890625,372.55859375,139.16015625,457.51953125,218.75
8017,4334,14,0.0050201416015625,406.25,115.72265625,448.2421875,197.75390625
8018,4334,5,0.002216339111328125,116.76025390625,171.142578125,184.08203125,199.462890625
8019,4334,5,0.0013151168823242188,371.826171875,140.869140625,422.607421875,195.556640625
8020,4334,14,0.00128936767578125,392.08984375,141.11328125,431.640625,222.16796875
8021,4334,14,0.0011692047119140625,487.3046875,145.01953125,500.0,236.81640625
8022,4334,5,0.0011692047119140625,102.72216796875,150.87890625,223.388671875,201.171875
8023,4337,2,0.87255859375,304.1875,69.5078125,322.59375,95.1796875
8024,4337,2,0.8671875,305.15625,31.0,322.109375,53.28125
8025,4337,2,0.861328125,380.71875,30.7578125,396.703125,52.5546875
8026,4337,2,0.86083984375,426.734375,76.41015625,446.109375,101.11328125
8027,4341,2,0.86328125,405.30859375,53.330078125,420.19140625,74.91015625
8028,4341,2,0.85009765625,359.171875,71.93359375,375.046875,95.001953125
8029,4341,2,0.84716796875,352.2265625,31.501953125,367.109375,51.345703125
8030,4341,2,0.845703125,276.8203125,52.337890625,292.6953125,72.677734375
8031,4347,15,0.77587890625,240.966796875,37.841796875,306.396484375,106.201171875
8032,4347,15,0.0024929046630859375,245.7275390625,37.841796875,303.22265625,78.369140625
8033,4347,6,0.0010204315185546875,472.16796875,151.85546875,496.09375,176.26953125
8034,4358,8,0.8388671875,249.8779296875,114.013671875,285.15625,155.517578125
8035,4358,14,0.79296875,208.984375,109.619140625,240.72265625,153.564453125
8036,4358,14,0.71875,423.828125,98.14453125,454.1015625,173.828125
8037,4358,14,0.6318359375,69.091796875,114.501953125,96.19140625,148.681640625
8038,4358,14,0.57763671875,440.4296875,95.458984375,466.30859375,143.310546875
8039,4358,8,0.50390625,150.634765625,113.76953125,185.791015625,160.64453125
8040,4358,14,0.494140625,0.0457763671875,127.3193359375,17.181396484375,168.45703125
8041,4358,14,0.42822265625,140.869140625,125.0,160.888671875,143.5546875
8042,4358,8,0.4091796875,405.2734375,111.328125,423.828125,138.916015625
8043,4358,14,0.315673828125,0.030517578125,127.5634765625,10.986328125,172.36328125
8044,4358,8,0.309814453125,394.04296875,83.984375,472.16796875,172.8515625
8045,4358,14,0.257568359375,108.154296875,115.478515625,135.6201171875,157.470703125
8046,4358,14,0.236572265625,13.031005859375,117.67578125,38.26904296875,149.90234375
8047,4358,14,0.2239990234375,32.71484375,124.755859375,51.025390625,148.681640625
8048,4358,8,0.19677734375,107.177734375,115.478515625,135.498046875,155.517578125
8049,4358,14,0.193115234375,157.8369140625,116.2109375,185.1806640625,160.15625
8050,4358,8,0.161376953125,68.4814453125,114.990234375,95.0927734375,148.681640625
8051,4358,8,0.1490478515625,103.8818359375,116.2109375,119.5068359375,136.71875
8052,4358,14,0.11126708984375,141.357421875,120.1171875,174.560546875,142.578125
8053,4358,14,0.0953369140625,149.658203125,114.501953125,181.396484375,151.611328125
8054,4358,14,0.08978271484375,0.0,126.220703125,22.03369140625,151.611328125
8055,4358,14,0.08978271484375,185.302734375,128.90625,199.462890625,158.69140625
8056,4358,14,0.07891845703125,0.0,126.953125,9.002685546875,154.78515625
8057,4358,14,0.07586669921875,1.068115234375,113.6474609375,41.168212890625,148.92578125
8058,4358,8,0.06561279296875,434.08203125,95.703125,464.35546875,141.6015625
8059,4358,8,0.060516357421875,0.0,97.7783203125,52.42919921875,186.5234375
8060,4358,14,0.036895751953125,0.335693359375,118.5302734375,28.0303955078125,151.85546875
8061,4358,14,0.03607177734375,406.25,108.88671875,423.828125,139.16015625
8062,4358,14,0.0304412841796875,27.2216796875,121.9482421875,53.466796875,150.390625
8063,4358,14,0.0282135009765625,125.9765625,124.51171875,158.935546875,143.06640625
8064,4358,8,0.0266571044921875,105.95703125,116.2109375,130.37109375,142.578125
8065,4358,14,0.0253753662109375,0.0152587890625,125.244140625,25.3143310546875,164.306640625
8066,4358,8,0.0253753662109375,178.7109375,128.662109375,199.21875,159.912109375
8067,4358,14,0.0191192626953125,135.009765625,124.267578125,161.865234375,149.658203125
8068,4358,8,0.01812744140625,153.1982421875,114.2578125,180.7861328125,139.16015625
8069,4358,14,0.01384735107421875,0.0,115.8447265625,8.17108154296875,145.99609375
8070,4358,14,0.01282501220703125,153.80859375,124.267578125,180.419921875,157.470703125
8071,4358,14,0.01142120361328125,193.359375,129.150390625,209.716796875,145.751953125
8072,4358,14,0.01073455810546875,0.0,110.83984375,16.11328125,146.484375
8073,4358,8,0.01073455810546875,54.26025390625,84.8388671875,101.86767578125,177.734375
8074,4358,14,0.0106964111328125,1.64794921875,136.474609375,40.0390625,179.931640625
8075,4358,14,0.00894927978515625,188.5986328125,129.638671875,206.6650390625,150.634765625
8076,4358,14,0.008544921875,12.451171875,120.361328125,54.50439453125,148.193359375
8077,4358,14,0.00841522216796875,152.7099609375,114.501953125,178.5888671875,138.18359375
8078,4358,14,0.00818634033203125,168.701171875,126.46484375,198.974609375,160.15625
8079,4358,8,0.00809478759765625,117.49267578125,97.412109375,148.193359375,140.13671875
8080,4358,8,0.007694244384765625,6.9580078125,84.228515625,101.74560546875,179.931640625
8081,4358,14,0.007122039794921875,0.0,129.638671875,5.9356689453125,179.931640625
8082,4358,14,0.00609588623046875,400.390625,111.572265625,420.8984375,136.962890625
8083,4358,8,0.00582122802734375,204.833984375,91.064453125,245.361328125,158.447265625
8084,4358,14,0.0054473876953125,486.81640625,82.763671875,500.0,191.650390625
8085,4358,14,0.004199981689453125,488.76953125,81.787109375,500.0,151.85546875
8086,4358,14,0.0038852691650390625,494.140625,83.740234375,500.0,120.361328125
8087,4358,14,0.0036792755126953125,0.0,99.12109375,35.09521484375,145.01953125
8088,4358,14,0.0036067962646484375,36.4990234375,116.3330078125,62.255859375,151.3671875
8089,4358,14,0.0035114288330078125,103.02734375,116.69921875,120.849609375,139.6484375
8090,4358,8,0.0032482147216796875,396.484375,109.86328125,421.875,140.625
8091,4358,8,0.003185272216796875,442.3828125,120.1171875,457.03125,142.578125
8092,4358,8,0.003124237060546875,123.291015625,99.365234375,143.310546875,135.009765625
8093,4358,14,0.0031108856201171875,0.0,94.970703125,22.705078125,149.169921875
8094,4358,14,0.0031108856201171875,488.76953125,83.8623046875,500.0,122.6806640625
8095,4358,14,0.0030994415283203125,0.0,120.1171875,10.31494140625,194.82421875
8096,4358,14,0.003063201904296875,9.735107421875,115.8447265625,35.21728515625,142.08984375
8097,4358,14,0.0030517578125,27.587890625,84.47265625,50.9033203125,140.869140625
8098,4358,14,0.0024929046630859375,0.42724609375,121.337890625,36.1328125,167.236328125
8099,4358,14,0.00234222412109375,426.7578125,96.435546875,458.984375,148.4375
8100,4358,8,0.0021648406982421875,495.60546875,91.552734375,500.0,124.755859375
8101,4358,8,0.0021495819091796875,98.14453125,116.5771484375,120.1171875,141.11328125
8102,4358,8,0.0020999908447265625,70.6787109375,89.111328125,155.2734375,175.048828125
8103,4358,8,0.0020904541015625,96.49658203125,91.064453125,177.978515625,174.072265625
8104,4358,14,0.0020351409912109375,117.00439453125,99.609375,147.216796875,142.578125
8105,4358,5,0.0020198822021484375,0.0,96.923828125,10.833740234375,132.568359375
8106,4358,14,0.001987457275390625,0.00762939453125,95.703125,12.47406005859375,135.25390625
8107,4358,8,0.001964569091796875,124.6337890625,94.23828125,196.8994140625,182.6171875
8108,4358,8,0.0018529891967773438,481.4453125,91.552734375,500.0,122.802734375
8109,4358,14,0.0018529891967773438,138.427734375,124.51171875,172.119140625,161.1328125
8110,4358,14,0.0018033981323242188,23.681640625,84.716796875,76.5380859375,142.822265625
8111,4358,14,0.0017957687377929688,222.2900390625,114.74609375,242.5537109375,150.390625
8112,4358,14,0.0015668869018554688,161.376953125,137.6953125,180.6640625,166.9921875
8113,4358,14,0.0015125274658203125,481.93359375,87.890625,500.0,122.0703125
8114,4358,8,0.001506805419921875,406.73828125,107.91015625,429.19921875,135.986328125
8115,4358,14,0.0013990402221679688,110.9619140625,116.2109375,132.6904296875,143.06640625
8116,4358,14,0.00133514404296875,423.583984375,99.853515625,445.068359375,135.009765625
8117,4358,14,0.00131988525390625,495.1171875,100.5859375,500.0,136.474609375
8118,4358,14,0.00130462646484375,213.134765625,106.8115234375,230.712890625,120.2392578125
8119,4358,14,0.0012445449829101562,192.626953125,127.0751953125,211.181640625,156.25
8120,4358,8,0.0011205673217773438,0.0,95.703125,11.11602783203125,126.953125
8121,4358,8,0.0011157989501953125,23.5595703125,93.26171875,75.98876953125,146.728515625
8122,4361,12,0.7373046875,225.567626953125,41.44287109375,268.076171875,81.70166015625
8123,4361,0,0.58154296875,225.44921875,41.44287109375,268.076171875,81.46484375
8124,4361,1,0.06280517578125,302.6513671875,86.6748046875,349.0673828125,131.669921875
8125,4361,0,0.036773681640625,303.125,87.6220703125,349.541015625,132.1435546875
8126,4361,17,0.027801513671875,303.5986328125,87.6220703125,349.541015625,131.669921875
8127,4361,11,0.02655029296875,302.88818359375,87.38525390625,349.77783203125,131.90673828125
8128,4361,13,0.0258636474609375,303.125,87.740478515625,349.541015625,132.1435546875
8129,4361,10,0.01242828369140625,303.5986328125,86.6748046875,349.541015625,132.1435546875
8130,4361,11,0.0012645721435546875,224.73876953125,41.44287109375,267.83935546875,82.64892578125
8131,4363,2,0.892578125,362.44140625,92.4931640625,400.09765625,122.6181640625
8132,4363,2,0.8857421875,339.6123046875,14.591796875,368.3251953125,50.365234375
8133,4363,17,0.7734375,293.248046875,83.314453125,309.251953125,99.318359375
8134,4367,7,0.896484375,235.18603515625,177.171875,267.92431640625,207.984375
8135,4367,6,0.001056671142578125,359.6396484375,25.5166015625,379.8603515625,38.9970703125
8136,4377,5,0.8115234375,114.997314453125,33.89013671875,149.3095703125,64.52392578125
8137,4377,14,0.80810546875,449.134765625,54.03125,461.677734375,82.01171875
8138,4377,14,0.796875,435.14453125,52.1015625,446.72265625,79.1171875
8139,4377,14,0.51953125,387.384765625,44.3828125,395.103515625,65.126953125
8140,4377,8,0.49609375,377.25390625,49.9306640625,392.69140625,65.8505859375
8141,4377,14,0.4609375,389.314453125,44.3828125,400.892578125,65.126953125
8142,4377,8,0.21337890625,391.244140625,47.5185546875,401.375,65.3681640625
8143,4377,14,0.204345703125,379.666015625,46.5537109375,387.8671875,62.71484375
8144,4377,14,0.1778564453125,380.630859375,46.0712890625,387.384765625,58.1318359375
8145,4377,5,0.1602783203125,0.16583251953125,1.32666015625,15.96514892578125,11.45751953125
8146,4377,5,0.1044921875,175.3603515625,0.482421875,189.591796875,7.236328125
8147,4377,14,0.06256103515625,481.939453125,49.9306640625,490.623046875,67.2978515625
8148,4377,14,0.060302734375,446.240234375,43.29736328125,455.888671875,57.04638671875
8149,4377,8,0.0535888671875,387.1435546875,47.759765625,395.8271484375,65.609375
8150,4377,14,0.0246124267578125,377.736328125,46.5537109375,391.244140625,65.3681640625
8151,4377,5,0.021209716796875,488.2109375,51.01611328125,494.0,73.20751953125
8152,4377,5,0.0179901123046875,483.38671875,49.689453125,494.0,71.3984375
8153,4377,5,0.0177764892578125,0.0,13.86962890625,7.0591888427734375,28.82470703125
8154,4377,5,0.01678466796875,19.5682373046875,0.0,32.2921142578125,5.5478515625
8155,4377,14,0.0141754150390625,481.45703125,48.9658203125,493.03515625,70.6748046875
8156,4377,5,0.009521484375,0.0,3.376953125,12.701263427734375,14.47265625
8157,4377,14,0.005218505859375,386.1787109375,43.41796875,395.3447265625,55.9609375
8158,4377,8,0.00518035888671875,490.140625,52.46337890625,494.0,74.65478515625
8159,4377,14,0.00428009033203125,396.068359375,47.0361328125,405.234375,64.4033203125
8160,4377,5,0.003765106201171875,253.271484375,0.96484375,263.884765625,11.578125
8161,4377,14,0.003635406494140625,491.10546875,78.27294921875,494.0,98.53466796875
8162,4377,14,0.0032100677490234375,484.3515625,43.6591796875,494.0,70.6748046875
8163,4377,8,0.003124237060546875,487.24609375,51.619140625,494.0,73.328125
8164,4377,14,0.002590179443359375,399.927734375,46.794921875,407.646484375,63.6796875
8165,4377,14,0.0024814605712890625,447.205078125,48.4833984375,456.853515625,57.890625
8166,4377,8,0.00243377685546875,0.007537841796875,14.955078125,7.726287841796875,30.392578125
8167,4377,14,0.00234222412109375,0.369354248046875,9.76904296875,8.48760986328125,19.89990234375
8168,4377,14,0.0017824172973632812,117.10791015625,32.5634765625,126.99755859375,45.1064453125
8169,4377,5,0.0013513565063476562,0.0,13.62841796875,6.04534912109375,43.77978515625
8170,4377,5,0.0012788772583007812,166.6767578125,0.482421875,189.591796875,7.71875
8171,4377,14,0.001239776611328125,441.416015625,50.171875,455.888671875,57.408203125
8172,4377,5,0.0012350082397460938,33.468017578125,1.2060546875,52.885498046875,9.4072265625
8173,4377,14,0.0011882781982421875,149.7919921875,42.81494140625,158.4755859375,59.21728515625
8174,4377,14,0.0011510848999023438,382.078125,43.05615234375,389.796875,51.73974609375
8175,4377,5,0.0011243820190429688,253.0302734375,0.7236328125,280.0458984375,10.8544921875
8176,4377,5,0.0010080337524414062,490.623046875,83.2177734375,494.0,105.8916015625
8177,4383,14,0.77880859375,343.26171875,95.703125,385.25390625,178.7109375
8178,4383,5,0.76904296875,394.287109375,130.37109375,479.736328125,174.8046875
8179,4383,14,0.7578125,166.8701171875,80.810546875,199.8291015625,170.166015625
8180,4383,14,0.615234375,307.12890625,96.435546875,346.19140625,174.072265625
8181,4383,5,0.42431640625,37.2314453125,99.365234375,157.1044921875,160.888671875
8182,4383,14,0.35400390625,332.03125,96.0693359375,351.5625,176.26953125
8183,4383,14,0.338134765625,318.84765625,96.923828125,352.05078125,176.025390625
8184,4383,14,0.045196533203125,332.03125,133.7890625,348.6328125,176.26953125
8185,4383,14,0.04193115234375,315.4296875,113.525390625,341.796875,158.935546875
8186,4383,14,0.0231475830078125,369.62890625,151.3671875,386.71875,174.8046875
8187,4383,14,0.00621795654296875,0.0152587890625,104.3701171875,9.1094970703125,168.9453125
8188,4383,14,0.00473785400390625,340.33203125,106.201171875,355.46875,130.126953125
8189,4383,5,0.004467010498046875,0.8544921875,121.337890625,145.751953125,159.423828125
8190,4383,5,0.003124237060546875,0.48828125,115.478515625,79.40673828125,158.935546875
8191,4383,5,0.0028896331787109375,0.0,101.318359375,10.21575927734375,159.423828125
8192,4383,5,0.0025310516357421875,0.02288818359375,85.44921875,11.2457275390625,146.484375
8193,4383,5,0.0017824172973632812,0.030517578125,108.642578125,10.43701171875,143.5546875
8194,4383,14,0.0017137527465820312,0.0152587890625,109.619140625,8.73565673828125,145.99609375
8195,4383,5,0.0012645721435546875,0.0,81.298828125,64.14794921875,149.658203125
8196,4384,15,0.77978515625,394.16015625,74.9267578125,421.40625,98.0859375
8197,4384,15,0.74755859375,340.34912109375,54.71923828125,360.32958984375,72.88330078125
8198,4384,15,0.74169921875,396.4306640625,39.5068359375,417.3193359375,57.44384765625
8199,4384,11,0.0022602081298828125,310.37841796875,0.0,352.15576171875,10.67138671875
8200,4389,2,0.84375,102.72216796875,35.6103515625,114.92431640625,52.294921875
8201,4389,2,0.8427734375,89.8974609375,64.74609375,103.3447265625,82.9248046875
8202,4389,2,0.8310546875,44.0771484375,41.0888671875,57.275390625,58.5205078125
8203,4389,2,0.8291015625,141.943359375,49.18212890625,153.3984375,65.86669921875
8204,4393,14,0.74755859375,49.3780517578125,140.5517578125,79.9542236328125,218.4716796875
8205,4393,14,0.6826171875,137.83935546875,159.78515625,164.96337890625,208.115234375
8206,4393,14,0.66015625,455.43701171875,182.9638671875,473.19091796875,229.3212890625
8207,4393,16,0.5546875,423.6279296875,218.4716796875,450.2587890625,234.74609375
8208,4393,14,0.04193115234375,358.037109375,172.1142578125,370.859375,198.251953125
8209,4393,14,0.020416259765625,344.96826171875,165.2099609375,353.84521484375,190.8544921875
8210,4393,14,0.01861572265625,196.279296875,151.89453125,230.80078125,232.7734375
8211,4393,16,0.0177764892578125,363.955078125,242.63671875,393.0517578125,255.458984375
8212,4393,14,0.01374053955078125,246.58203125,168.662109375,257.9248046875,192.333984375
8213,4393,14,0.01358795166015625,195.53955078125,151.89453125,223.4033203125,214.033203125
8214,4393,14,0.01302337646484375,240.1708984375,165.2099609375,258.41796875,190.8544921875
8215,4393,16,0.01282501220703125,350.146484375,243.37646484375,389.599609375,255.70556640625
8216,4393,16,0.01132965087890625,369.873046875,242.63671875,388.61328125,253.486328125
8217,4393,16,0.00653839111328125,370.859375,242.39013671875,414.2578125,255.70556640625
8218,4393,14,0.00579833984375,239.677734375,167.67578125,251.76025390625,190.8544921875
8219,4393,14,0.004962921142578125,138.5791015625,159.78515625,157.3193359375,201.2109375
8220,4393,16,0.002452850341796875,373.3251953125,242.88330078125,396.50390625,254.71923828125
8221,4393,16,0.0017957687377929688,354.33837890625,207.86865234375,400.69580078125,226.60888671875
8222,4393,16,0.0015363693237304688,380.72265625,242.88330078125,408.33984375,254.71923828125
8223,4393,14,0.0014324188232421875,240.294189453125,159.78515625,252.376708984375,181.484375
8224,4406,15,0.892578125,59.39544677734375,91.728515625,80.3857421875,109.482421875
8225,4408,15,0.88818359375,354.1015625,28.4716796875,382.8125,58.1396484375
8226,4408,15,0.8408203125,438.0810546875,54.55078125,464.8779296875,82.3046875
8227,4408,15,0.82763671875,430.6640625,11.962890625,453.6328125,34.453125
8228,4408,15,0.001789093017578125,486.171875,36.3671875,490.0,66.2744140625
8229,4408,15,0.0010528564453125,486.650390625,32.2998046875,490.0,59.0966796875
8230,4411,2,0.87841796875,293.4365234375,153.6142578125,324.8251953125,192.6123046875
8231,4411,17,0.78515625,377.1396484375,118.777587890625,394.2607421875,135.06640625
8232,4411,2,0.047088623046875,264.9013671875,93.809326171875,294.86328125,179.2958984375
8233,4411,2,0.003124237060546875,267.7548828125,93.45263671875,293.4365234375,126.74365234375
8234,4411,2,0.0020999908447265625,293.912109375,168.8330078125,321.49609375,217.3427734375
8235,4411,2,0.0010900497436523438,294.86328125,191.185546875,310.08203125,217.818359375
8236,4412,2,0.027374267578125,0.09283447265625,56.9384765625,17.1434326171875,91.5966796875
8237,4412,15,0.0104522705078125,318.85546875,139.623046875,339.650390625,161.408203125
8238,4412,15,0.003482818603515625,276.02783203125,139.1279296875,339.89794921875,209.4345703125
8239,4412,14,0.0015974044799804688,276.7705078125,154.22900390625,339.1552734375,256.0
8240,4414,2,0.89306640625,132.6904296875,34.423828125,161.0107421875,69.580078125
8241,4414,2,0.8798828125,152.83203125,111.328125,190.4296875,141.11328125
8242,4414,17,0.7744140625,84.716796875,99.853515625,100.5859375,115.966796875
8243,4414,2,0.0018825531005859375,84.228515625,99.853515625,100.830078125,116.455078125
8244,4422,9,0.85791015625,452.28515625,110.1533203125,472.7109375,128.876953125
8245,4422,9,0.82763671875,405.59765625,162.43359375,426.99609375,184.8046875
8246,4422,17,0.77587890625,392.2236328125,67.23486328125,407.2998046875,81.82470703125
8247,4422,2,0.06561279296875,163.40625,188.6953125,187.236328125,206.203125
8248,4422,17,0.0246124267578125,356.96484375,118.177734375,373.5,131.30859375
8249,4422,17,0.0029010772705078125,163.892578125,188.6953125,186.75,205.716796875
8250,4422,6,0.0027370452880859375,0.0189971923828125,187.236328125,6.7895965576171875,223.224609375
8251,4422,9,0.0014896392822265625,357.451171875,118.54248046875,373.5,131.30859375
8252,4424,3,0.82763671875,109.7578125,15.99609375,201.796875,55.86328125
8253,4424,3,0.80908203125,121.693359375,79.98046875,211.763671875,120.33984375
8254,4424,4,0.7958984375,118.9248046875,152.578125,225.66796875,194.90625
8255,4435,7,0.884765625,29.557647705078125,53.994140625,68.0255126953125,84.7802734375
8256,4435,2,0.875,102.2454833984375,70.5712890625,141.142578125,117.9345703125
8257,4441,5,0.6826171875,0.15380859375,6.8701171875,90.59326171875,60.1904296875
8258,4441,8,0.061431884765625,130.01953125,0.0,373.2421875,135.146484375
8259,4441,8,0.043701171875,0.01922607421875,46.962890625,11.06781005859375,123.046875
8260,4441,8,0.02423095703125,0.0,73.828125,10.228271484375,132.48046875
8261,4441,8,0.00734710693359375,0.00640869140625,81.62109375,5.0885009765625,135.966796875
8262,4441,5,0.004791259765625,20.712890625,0.66650390625,248.14453125,116.689453125
8263,4441,8,0.004199981689453125,20.91796875,0.0,254.501953125,117.099609375
8264,4441,8,0.0041656494140625,0.0,6.10107421875,81.7236328125,60.29296875
8265,4441,8,0.00345611572265625,392.109375,0.205078125,420.0,53.3203125
8266,4441,14,0.0021495819091796875,0.05126953125,33.22265625,11.05499267578125,117.71484375
8267,4441,8,0.0020751953125,214.921875,0.41015625,419.58984375,134.12109375
8268,4441,8,0.0018825531005859375,324.43359375,0.0,418.76953125,205.283203125
8269,4441,8,0.0018529891967773438,408.10546875,5.126953125,420.0,55.78125
8270,4441,8,0.0015363693237304688,5.33203125,0.0,310.8984375,0.0
8271,4441,8,0.0015125274658203125,355.1953125,0.0,420.0,82.236328125
8272,4441,8,0.0014047622680664062,378.57421875,0.0,420.0,66.240234375
8273,4441,2,0.0012063980102539062,0.0,67.060546875,11.33056640625,121.201171875
8274,4441,8,0.0011157989501953125,412.6171875,6.4599609375,420.0,49.7314453125
8275,4443,7,0.900390625,391.7451171875,86.54833984375,420.03515625,117.23583984375
8276,4443,2,0.87890625,357.94091796875,31.286865234375,398.69775390625,58.378173828125
8277,4452,8,0.83447265625,276.16796875,185.859375,328.11328125,244.0
8278,4452,16,0.79296875,29.93408203125,193.484375,44.52880859375,217.3125
8279,4452,16,0.7890625,6.47454833984375,193.0078125,21.400634765625,218.7421875
8280,4452,16,0.78271484375,52.779296875,192.53125,67.552734375,214.9296875
8281,4452,14,0.72802734375,286.890625,146.78125,324.0625,183.953125
8282,4452,16,0.57373046875,72.556640625,191.1015625,87.330078125,212.0703125
8283,4452,16,0.552734375,93.64453125,188.95703125,108.89453125,210.40234375
8284,4452,14,0.51171875,270.6875,150.59375,283.078125,171.5625
8285,4452,14,0.48046875,363.140625,150.1171875,376.484375,183.4765625
8286,4452,16,0.30322265625,110.5625,186.8125,130.458984375,207.78125
8287,4452,16,0.289306640625,120.689453125,185.859375,139.037109375,206.828125
8288,4452,16,0.23095703125,138.91796875,183.4765625,161.5546875,204.4453125
8289,4452,16,0.1943359375,138.44140625,184.4296875,152.73828125,204.4453125
8290,4452,8,0.190673828125,391.734375,164.65234375,404.6015625,184.66796875
8291,4452,16,0.1480712890625,164.65234375,182.046875,177.99609375,200.15625
8292,4452,16,0.1143798828125,86.97265625,189.671875,107.345703125,209.6875
8293,4452,14,0.10052490234375,282.6015625,148.44921875,295.9453125,177.51953125
8294,4452,16,0.08880615234375,176.328125,181.09375,194.4375,199.203125
8295,4452,16,0.08123779296875,198.01171875,178.7109375,208.49609375,196.8203125
8296,4452,16,0.078369140625,72.67578125,190.38671875,106.98828125,211.35546875
8297,4452,16,0.0775146484375,207.900390625,178.234375,234.826171875,195.390625
8298,4452,16,0.06658935546875,151.0703125,183.4765625,164.4140625,203.4921875
8299,4452,16,0.06304931640625,207.900390625,178.7109375,218.623046875,195.8671875
8300,4452,5,0.06097412109375,379.34375,158.93359375,393.640625,175.61328125
8301,4452,14,0.049407958984375,281.41015625,150.83203125,291.89453125,175.61328125
8302,4452,16,0.049224853515625,239.591796875,170.609375,249.2421875,181.09375
8303,4452,16,0.040985107421875,188.00390625,179.1875,199.44140625,198.25
8304,4452,16,0.0330810546875,216.240234375,177.7578125,227.439453125,194.9140625
8305,4452,16,0.032470703125,52.0048828125,192.0546875,85.3642578125,214.453125
8306,4452,16,0.03173828125,225.17578125,177.51953125,236.13671875,193.72265625
8307,4452,16,0.0289764404296875,232.681640625,177.51953125,242.689453125,193.24609375
8308,4452,14,0.020416259765625,275.453125,151.546875,290.703125,181.09375
8309,4452,16,0.020416259765625,203.015625,178.234375,225.890625,195.8671875
8310,4452,14,0.018341064453125,284.984375,147.2578125,301.1875,172.515625
8311,4452,16,0.01812744140625,108.65625,187.765625,124.14453125,207.78125
8312,4452,16,0.0174407958984375,165.84375,181.5703125,192.76953125,200.6328125
8313,4452,16,0.017303466796875,93.16796875,188.2421875,123.787109375,210.1640625
8314,4452,16,0.01495361328125,6.1953125,192.29296875,38.1845703125,218.02734375
8315,4452,16,0.01233673095703125,236.13671875,175.375,247.57421875,190.625
8316,4452,16,0.01214599609375,217.431640625,177.7578125,237.447265625,194.9140625
8317,4452,16,0.0117340087890625,235.18359375,175.375,243.76171875,189.671875
8318,4452,14,0.0102081298828125,286.65234375,147.01953125,311.43359375,172.27734375
8319,4452,14,0.010009765625,279.7421875,146.3046875,299.28125,179.6640625
8320,4452,5,0.00963592529296875,379.34375,158.6953125,404.125,175.8515625
8321,4452,16,0.0095977783203125,141.658203125,183.4765625,172.634765625,202.5390625
8322,4452,14,0.009521484375,270.2109375,152.5,285.4609375,181.09375
8323,4452,8,0.0089874267578125,303.09375,167.03515625,340.265625,219.93359375
8324,4452,16,0.00806427001953125,0.193603515625,191.578125,8.622802734375,219.21875
8325,4452,16,0.00690460205078125,222.79296875,176.8046875,243.046875,193.9609375
8326,4452,16,0.006641387939453125,31.21484375,193.0078125,65.884765625,216.8359375
8327,4452,8,0.006511688232421875,325.25390625,193.0078125,341.93359375,222.5546875
8328,4452,16,0.0059814453125,197.654296875,178.7109375,218.146484375,196.8203125
8329,4452,16,0.005687713623046875,126.2890625,184.4296875,155.8359375,205.3984375
8330,4452,8,0.005260467529296875,283.078125,168.2265625,339.3125,232.0859375
8331,4452,16,0.00511932373046875,238.51953125,171.5625,250.43359375,184.90625
8332,4452,16,0.004467010498046875,204.921875,178.234375,242.33203125,199.203125
8333,4452,14,0.004329681396484375,272.59375,149.40234375,293.5625,172.27734375
8334,4452,14,0.00428009033203125,269.734375,168.2265625,286.890625,182.5234375
8335,4452,16,0.0035247802734375,185.3828125,179.1875,219.45703125,202.0625
8336,4452,16,0.00327301025390625,190.38671875,177.99609375,237.08984375,203.25390625
8337,4452,8,0.003147125244140625,269.97265625,165.84375,317.15234375,229.703125
8338,4452,16,0.0029125213623046875,235.66015625,169.89453125,248.52734375,184.19140625
8339,4452,8,0.0024929046630859375,269.2578125,165.84375,293.5625,220.171875
8340,4452,14,0.0022869110107421875,286.4140625,161.5546875,323.5859375,184.90625
8341,4452,8,0.0021820068359375,323.109375,192.0546875,341.6953125,237.328125
8342,4452,16,0.0021152496337890625,27.90869140625,193.484375,54.53662109375,216.359375
8343,4452,16,0.0020503997802734375,48.1328125,193.0078125,64.455078125,214.9296875
8344,4452,14,0.001926422119140625,0.074462890625,181.09375,15.562744140625,219.21875
8345,4452,8,0.0018243789672851562,269.734375,168.2265625,286.890625,182.5234375
8346,4452,16,0.0014896392822265625,71.603515625,192.0546875,96.384765625,213.0234375
8347,4452,16,0.0013885498046875,238.28125,176.08984375,251.1484375,191.81640625
8348,4452,14,0.0013828277587890625,0.0,185.3828125,5.11187744140625,219.21875
8349,4452,16,0.0013303756713867188,0.0,193.0078125,5.75970458984375,230.1796875
8350,4452,16,0.0013151168823242188,180.37890625,178.7109375,202.77734375,198.25
8351,4452,8,0.0011243820190429688,288.796875,174.8984375,325.015625,192.53125
8352,4452,8,0.0010986328125,268.54296875,166.3203125,291.41796875,199.6796875
8353,4452,16,0.0010814666748046875,15.57763671875,194.9140625,40.53759765625,216.8359375
8354,4461,9,0.9013671875,209.0849609375,63.85302734375,230.1650390625,85.17822265625
8355,4461,10,0.88720703125,186.779296875,146.3349609375,211.291015625,168.3955078125
8356,4461,10,0.873046875,320.123046875,93.8798828125,343.654296875,114.4697265625
8357,4461,11,0.85009765625,169.3759765625,22.060546875,190.4560546875,40.689453125
8358,4461,17,0.84912109375,274.53125,115.4501953125,293.16015625,134.0791015625
8359,4461,17,0.8310546875,238.9892578125,133.833984375,258.1083984375,152.953125
8360,4461,10,0.5078125,269.138671875,40.19921875,292.669921875,60.7890625
8361,4461,9,0.33642578125,269.3837890625,40.19921875,292.4248046875,60.7890625
8362,4462,3,0.86083984375,327.796875,145.1953125,390.796875,210.1640625
8363,4462,0,0.83984375,342.5625,48.7265625,377.5078125,84.65625
8364,4462,0,0.8388671875,115.787109375,90.80859375,149.748046875,123.78515625
8365,4462,3,0.81396484375,143.47265625,165.12890625,217.30078125,228.12890625
8366,4462,3,0.7919921875,192.9375,83.671875,270.2109375,114.6796875
8367,4462,12,0.767578125,267.99609375,122.431640625,307.37109375,157.9921875
8368,4462,12,0.73876953125,228.8671875,21.90234375,264.05859375,54.38671875
8369,4462,3,0.0032596588134765625,190.72265625,83.1796875,271.44140625,136.08984375
8370,4462,3,0.0011425018310546875,489.234375,23.37890625,504.0,63.0
8371,4462,3,0.0011243820190429688,193.18359375,135.3515625,233.54296875,156.0234375
8372,4467,14,0.83544921875,396.97265625,104.00390625,426.26953125,174.31640625
8373,4467,14,0.7919921875,312.01171875,102.9052734375,343.26171875,171.38671875
8374,4467,14,0.7890625,231.201171875,98.14453125,268.798828125,169.43359375
8375,4467,14,0.72509765625,271.484375,85.44921875,306.640625,172.8515625
8376,4467,14,0.69775390625,134.27734375,85.9375,187.98828125,165.52734375
8377,4467,5,0.505859375,407.71484375,129.39453125,481.93359375,174.31640625
8378,4467,5,0.27587890625,36.163330078125,105.1025390625,154.052734375,158.69140625
8379,4467,5,0.00766754150390625,0.18310546875,82.51953125,69.82421875,147.94921875
8380,4467,5,0.00661468505859375,0.244140625,82.275390625,145.99609375,156.494140625
8381,4467,5,0.005619049072265625,56.7626953125,78.369140625,109.4970703125,95.947265625
8382,4467,14,0.0053863525390625,291.9921875,127.9296875,306.640625,171.875
8383,4467,14,0.0041351318359375,282.2265625,100.09765625,306.640625,171.875
8384,4467,14,0.003749847412109375,0.0,117.431640625,5.947113037109375,179.931640625
8385,4467,5,0.001720428466796875,0.0,100.5859375,32.65380859375,115.234375
8386,4467,5,0.0014104843139648438,483.3984375,132.8125,500.0,166.015625
8387,4467,8,0.0013246536254882812,241.69921875,85.44921875,307.12890625,170.8984375
8388,4467,5,0.0012693405151367188,34.11865234375,106.93359375,73.73046875,142.333984375
8389,4467,14,0.0012645721435546875,137.20703125,107.91015625,158.203125,165.0390625
8390,4467,5,0.001255035400390625,24.4140625,109.619140625,75.13427734375,154.541015625
8391,4467,14,0.0012254714965820312,0.011444091796875,98.6328125,6.748199462890625,136.474609375
8392,4467,5,0.0010900497436523438,54.595947265625,79.58984375,94.6044921875,92.529296875
8393,4479,2,0.89013671875,313.6669921875,122.7392578125,342.8564453125,161.0205078125
8394,4479,7,0.865234375,356.97265625,173.701171875,391.42578125,204.326171875
8395,4480,17,0.865234375,157.3583984375,82.671875,178.9658203125,103.8095703125
8396,4480,17,0.78515625,65.99658203125,6.34130859375,85.9599609375,26.06982421875
8397,4480,17,0.002002716064453125,297.806640625,46.26806640625,320.353515625,62.70849609375
8398,4482,17,0.689453125,193.56689453125,141.044921875,213.29345703125,158.798828125
8399,4482,17,0.2705078125,173.34716796875,130.93505859375,192.58056640625,149.67529296875
8400,4482,17,0.190673828125,225.3759765625,160.03173828125,256.69189453125,194.06005859375
8401,4482,2,0.09234619140625,226.11572265625,160.2783203125,257.67822265625,194.7998046875
8402,4482,14,0.004329681396484375,0.01155853271484375,1.4794921875,5.6790924072265625,65.34423828125
8403,4482,2,0.0015010833740234375,351.1328125,106.27685546875,373.818359375,135.86669921875
8404,4482,17,0.0012159347534179688,228.828125,101.83837890625,254.47265625,129.45556640625
8405,4486,2,0.8818359375,231.1328125,33.272705078125,266.181640625,73.057861328125
8406,4486,7,0.8662109375,300.52001953125,24.984130859375,328.93798828125,52.454833984375
8407,4495,6,0.87841796875,384.53466796875,48.21240234375,437.63818359375,75.22998046875
8408,4495,15,0.86962890625,310.93505859375,55.549072265625,329.56787109375,73.250244140625
8409,4499,14,0.85009765625,109.04296875,24.84375,156.328125,143.671875
8410,4500,2,0.91162109375,169.54638671875,127.45703125,200.45947265625,166.455078125
8411,4500,2,0.85595703125,190.353271484375,68.0087890625,221.979736328125,94.6416015625
8412,4500,17,0.7880859375,280.1201171875,115.80517578125,296.2900390625,132.92626953125
8413,4504,2,0.880859375,74.805908203125,40.001220703125,106.710205078125,72.630615234375
8414,4504,2,0.0018033981323242188,150.216064453125,96.558837890625,179.703369140625,120.245361328125
8415,4519,7,0.85009765625,83.709228515625,15.8056640625,122.737060546875,50.8212890625
8416,4519,7,0.83740234375,122.7978515625,91.4296875,160.7314453125,122.068359375
8417,4525,2,0.88232421875,277.7109375,76.875,296.9296875,103.78125
8418,4525,2,0.87646484375,393.984375,37.95703125,412.2421875,62.701171875
8419,4525,2,0.8671875,371.40234375,83.841796875,391.58203125,110.267578125
8420,4525,2,0.85986328125,278.19140625,25.46484375,296.44921875,49.248046875
8421,4532,5,0.84814453125,345.0966796875,60.404296875,407.9765625,104.4697265625
8422,4532,5,0.83740234375,450.556640625,61.8896484375,507.0,110.4111328125
8423,4532,5,0.81298828125,128.2353515625,73.401123046875,146.0595703125,91.225341796875
8424,4532,5,0.74169921875,105.4599609375,73.52490234375,124.2744140625,90.111328125
8425,4532,5,0.388671875,176.26171875,71.04931640625,195.076171875,89.86376953125
8426,4532,5,0.312255859375,202.75048828125,69.56396484375,219.83203125,86.89306640625
8427,4532,5,0.310791015625,218.59423828125,71.420654296875,237.90380859375,91.968017578125
8428,4532,5,0.20556640625,175.51904296875,71.04931640625,201.26513671875,97.29052734375
8429,4532,5,0.182373046875,192.724365234375,71.296875,205.102294921875,85.40771484375
8430,4532,8,0.139404296875,0.00386810302734375,86.6455078125,5.612617492675781,119.57080078125
8431,4532,5,0.11199951171875,204.607177734375,66.469482421875,225.154541015625,85.036376953125
8432,4532,5,0.11163330078125,126.3167724609375,72.53466796875,143.0888671875,87.38818359375
8433,4532,8,0.1104736328125,0.0,85.40771484375,10.892578125,118.58056640625
8434,4532,5,0.08123779296875,194.5810546875,71.296875,215.3759765625,85.16015625
8435,4532,5,0.059417724609375,256.470703125,49.0166015625,313.904296875,98.033203125
8436,4532,5,0.050506591796875,414.908203125,67.08837890625,443.625,87.38818359375
8437,4532,5,0.0296478271484375,125.0789794921875,72.287109375,135.90966796875,84.6650390625
8438,4532,5,0.018341064453125,190.743896484375,71.173095703125,206.587646484375,90.235107421875
8439,4532,5,0.01312255859375,223.05029296875,69.56396484375,246.81591796875,89.6162109375
8440,4532,5,0.009674072265625,176.633056640625,70.8017578125,191.486572265625,84.169921875
8441,4532,14,0.00885009765625,0.0,82.6845703125,6.328216552734375,115.3623046875
8442,4532,5,0.004467010498046875,103.0462646484375,73.648681640625,118.2711181640625,88.007080078125
8443,4532,5,0.0038089752197265625,0.0,84.91259765625,6.142547607421875,132.44384765625
8444,4532,5,0.003749847412109375,150.0205078125,46.417236328125,161.16064453125,60.280517578125
8445,4532,8,0.003223419189453125,17.66949462890625,83.6748046875,29.79986572265625,103.974609375
8446,4532,5,0.0029468536376953125,119.199462890625,73.401123046875,129.844482421875,86.274169921875
8447,4532,5,0.002620697021484375,139.251708984375,46.541015625,153.610107421875,63.8701171875
8448,4532,16,0.002368927001953125,502.048828125,110.65869140625,507.0,131.45361328125
8449,4532,5,0.0023326873779296875,100.013671875,68.326171875,115.486083984375,84.91259765625
8450,4532,5,0.0020503997802734375,406.73876953125,68.07861328125,440.40673828125,97.29052734375
8451,4532,5,0.0018310546875,176.26171875,68.57373046875,188.14453125,80.95166015625
8452,4532,5,0.0014781951904296875,0.0,81.6943359375,7.244956970214844,102.984375
8453,4532,5,0.0014104843139648438,313.904296875,68.57373046875,331.728515625,90.111328125
8454,4532,5,0.00130462646484375,242.35986328125,73.52490234375,260.18408203125,89.86376953125
8455,4532,5,0.0012063980102539062,149.77294921875,73.401123046875,162.8935546875,88.254638671875
8456,4532,5,0.0010280609130859375,16.710205078125,69.31640625,84.1080322265625,109.4208984375
8457,4532,5,0.0010242462158203125,314.89453125,68.07861328125,350.54296875,98.77587890625
8458,4533,8,0.873046875,156.787109375,67.056640625,302.478515625,151.962890625
8459,4533,8,0.533203125,0.01507568359375,33.287109375,19.43255615234375,74.775390625
8460,4533,8,0.118408203125,158.9580078125,86.1123046875,221.1904296875,151.2392578125
8461,4533,5,0.0153656005859375,90.9365234375,11.69873046875,127.6005859375,32.20166015625
8462,4533,2,0.0029239654541015625,0.07537841796875,34.0107421875,17.9400634765625,73.0869140625
8463,4533,5,0.0022258758544921875,135.078125,25.44775390625,148.5859375,32.92529296875
8464,4533,5,0.0010480880737304688,295.4833984375,0.60302734375,336.9716796875,15.07568359375
8465,4547,15,0.9091796875,347.451171875,116.8115234375,374.53125,145.2685546875
8466,4549,15,0.8642578125,233.7646484375,16.11328125,291.50390625,83.0078125
8467,4549,7,0.00646209716796875,489.2578125,121.337890625,500.0,143.310546875
8468,4549,6,0.0036640167236328125,488.28125,121.4599609375,500.0,141.11328125
8469,4551,2,0.88232421875,319.51171875,77.115234375,355.06640625,117.474609375
8470,4551,7,0.8681640625,390.140625,67.3857421875,419.44921875,95.2529296875
8471,4561,2,0.88818359375,66.463134765625,93.45263671875,103.083251953125,136.25537109375
8472,4561,2,0.88330078125,194.990234375,75.6181640625,236.841796875,107.0068359375
8473,4561,17,0.81884765625,178.10693359375,174.30224609375,200.45947265625,195.22802734375
8474,4562,2,0.865234375,347.51171875,102.89453125,365.955078125,128.6181640625
8475,4562,2,0.85498046875,419.34375,72.07470703125,434.875,95.12890625
8476,4562,2,0.85302734375,364.4990234375,48.413818359375,380.0302734375,70.982666015625
8477,4562,2,0.845703125,284.9013671875,60.18359375,302.3740234375,82.9951171875
8478,4575,15,0.91943359375,407.384765625,145.3544921875,443.662109375,180.1611328125
8479,4576,9,0.92578125,142.03857421875,125.640625,190.07763671875,167.212890625
8480,4576,11,0.884765625,163.74853515625,25.63623046875,209.47802734375,61.20361328125
8481,4576,9,0.884765625,150.237548828125,67.20849609375,199.662353515625,110.62841796875
8482,4576,9,0.85986328125,66.1114501953125,52.88916015625,102.1407470703125,93.99951171875
8483,4576,9,0.78125,234.88330078125,83.37548828125,279.22705078125,126.33349609375
8484,4576,9,0.7548828125,33.02685546875,104.8544921875,80.026611328125,142.7314453125
8485,4576,11,0.640625,235.460693359375,83.14453125,278.99609375,127.0263671875
8486,4576,10,0.315673828125,235.229736328125,83.14453125,279.4580078125,127.0263671875
8487,4576,11,0.005279541015625,33.7197265625,104.16162109375,80.60400390625,142.50048828125
8488,4601,0,0.85693359375,354.34375,0.0,404.4140625,38.0341796875
8489,4601,1,0.8408203125,271.0537109375,115.0654296875,321.1240234375,165.6171875
8490,4601,13,0.002368927001953125,269.1279296875,113.1396484375,322.0869140625,165.1357421875
8491,4601,6,0.001987457275390625,460.26171875,150.6923828125,492.037109375,170.431640625
8492,4602,16,0.64794921875,374.47265625,26.3935546875,448.46484375,105.57421875
8493,4602,9,0.022369384765625,257.16796875,9.13623046875,308.6015625,58.76513671875
8494,4602,14,0.0031108856201171875,254.009765625,4.51171875,411.017578125,72.4130859375
8495,4602,17,0.0016613006591796875,260.326171875,10.376953125,308.150390625,60.908203125
8496,4609,7,0.390380859375,236.1708984375,94.5673828125,255.9755859375,117.59033203125
8497,4609,15,0.338134765625,236.41845703125,94.443603515625,256.22314453125,117.714111328125
8498,4609,15,0.158203125,276.52294921875,156.9521484375,339.40283203125,202.5029296875
8499,4609,2,0.0037364959716796875,0.09283447265625,56.19580078125,16.1531982421875,91.34912109375
8500,4615,17,0.8857421875,403.564453125,70.068359375,415.771484375,82.275390625
8501,4615,10,0.873046875,427.734375,40.1611328125,441.40625,52.1240234375
8502,4615,9,0.85693359375,359.86328125,72.509765625,376.46484375,85.205078125
8503,4615,11,0.85498046875,413.57421875,86.7919921875,426.26953125,100.2197265625
8504,4615,10,0.85009765625,341.064453125,51.513671875,356.201171875,63.96484375
8505,4615,17,0.81884765625,371.337890625,52.001953125,382.568359375,63.4765625
8506,4615,17,0.57568359375,397.705078125,53.466796875,408.935546875,64.453125
8507,4625,14,0.70068359375,237.74609375,42.7353515625,358.583984375,195.501953125
8508,4625,14,0.451416015625,232.711181640625,8.3505859375,421.458984375,196.23876953125
8509,4625,2,0.3251953125,488.263671875,0.4912109375,503.0,34.384765625
8510,4625,14,0.13427734375,101.6192626953125,8.10498046875,235.2900390625,243.0
8511,4625,14,0.01233673095703125,242.658203125,2.4560546875,488.263671875,163.5732421875
8512,4625,14,0.0012645721435546875,118.3818359375,6.14013671875,324.44482421875,196.72998046875
8513,4627,17,0.85693359375,248.22509765625,76.8603515625,261.27685546875,90.15380859375
8514,4627,9,0.84716796875,398.8037109375,54.140625,418.1396484375,68.1591796875
8515,4627,2,0.138916015625,248.466796875,77.10205078125,261.03515625,90.15380859375
8516,4627,17,0.08038330078125,322.4267578125,45.19775390625,340.7958984375,58.24951171875
8517,4627,17,0.01763916015625,320.25146484375,90.15380859375,336.20361328125,101.75537109375
8518,4627,11,0.0016613006591796875,406.0546875,64.775390625,429.2578125,82.177734375
8519,4631,2,0.2393798828125,171.8759765625,8.545654296875,189.689453125,32.617919921875
8520,4631,16,0.00809478759765625,129.990234375,73.6611328125,217.85400390625,172.8388671875
8521,4631,8,0.00524139404296875,480.482421875,0.0,493.0,16.8505859375
8522,4642,2,0.82080078125,298.115234375,63.8818359375,314.384765625,82.3046875
8523,4642,15,0.79052734375,379.462890625,99.052734375,400.517578125,121.7822265625
8524,4650,15,0.865234375,260.25390625,60.791015625,318.359375,127.197265625
8525,4650,6,0.001178741455078125,472.65625,136.71875,500.0,159.1796875
8526,4654,15,0.8740234375,204.564453125,44.201171875,233.396484375,73.033203125
8527,4654,15,0.83984375,286.890625,68.38671875,312.625,94.59765625
8528,4654,15,0.822265625,278.7890625,27.283203125,301.6640625,48.728515625
8529,4659,9,0.8662109375,179.57177734375,204.66796875,195.16552734375,217.337890625
8530,4659,11,0.8623046875,146.19140625,218.3125,162.759765625,231.4697265625
8531,4659,10,0.861328125,252.66748046875,195.896484375,268.74853515625,210.515625
8532,4659,17,0.84912109375,193.581787109375,177.37890625,206.251708984375,190.048828125
8533,4659,9,0.8447265625,145.094970703125,186.150390625,161.663330078125,198.8203125
8534,4659,10,0.84375,174.455078125,164.2216796875,188.5869140625,178.8408203125
8535,4659,17,0.8056640625,215.63232421875,192.72900390625,228.30224609375,204.42431640625
8536,4666,2,0.87841796875,321.490234375,113.2041015625,361.970703125,141.4462890625
8537,4666,7,0.84716796875,356.322265625,167.099609375,386.447265625,199.107421875
8538,4666,7,0.03125,369.97265625,184.2802734375,385.505859375,198.8720703125
8539,4666,7,0.010406494140625,358.9111328125,184.2802734375,385.2705078125,198.8720703125
8540,4666,14,0.00183868408203125,407.3935546875,46.3642578125,419.6318359375,75.3125
8541,4674,7,0.8642578125,41.76849365234375,158.193359375,84.188232421875,195.13671875
8542,4674,7,0.85107421875,78.031005859375,74.952392578125,119.35546875,103.607177734375
8543,4674,8,0.0285491943359375,1.18408203125,68.558349609375,233.02734375,224.9755859375
8544,4675,12,0.88427734375,248.255859375,105.1044921875,287.25390625,142.2001953125
8545,4675,13,0.7744140625,328.86767578125,136.4931640625,374.52392578125,178.8203125
8546,4675,11,0.30078125,328.39208984375,136.96875,373.57275390625,178.8203125
8547,4675,1,0.03460693359375,328.6298828125,136.96875,374.2861328125,178.8203125
8548,4675,6,0.0013828277587890625,0.00371551513671875,51.12548828125,4.5552215576171875,90.59912109375
8549,4677,7,0.85595703125,152.16796875,106.23046875,186.142578125,134.462890625
8550,4677,7,0.71875,333.046875,96.181640625,366.064453125,122.978515625
8551,4677,7,0.044342041015625,335.91796875,104.794921875,366.54296875,123.935546875
8552,4677,5,0.0023975372314453125,0.022430419921875,20.09765625,11.476898193359375,31.103515625
8553,4678,8,0.87646484375,300.94921875,104.84375,323.82421875,144.875
8554,4678,8,0.87060546875,241.021484375,102.580078125,266.875,146.3046875
8555,4678,16,0.83740234375,1.69775390625,128.1953125,18.6455078125,151.546875
8556,4678,16,0.7841796875,17.84130859375,127.2421875,32.61474609375,150.1171875
8557,4678,5,0.7744140625,274.0234375,111.0390625,294.0390625,128.1953125
8558,4678,16,0.7734375,32.16796875,127.71875,46.7626953125,148.6875
8559,4678,16,0.72802734375,57.6640625,126.765625,71.841796875,145.828125
8560,4678,16,0.673828125,171.205078125,119.140625,180.736328125,129.1484375
8561,4678,16,0.65478515625,101.865234375,124.3828125,112.349609375,141.5390625
8562,4678,16,0.64599609375,45.72021484375,126.2890625,57.63427734375,146.3046875
8563,4678,16,0.6298828125,71.126953125,126.05078125,83.041015625,144.63671875
8564,4678,16,0.56982421875,119.140625,124.14453125,127.95703125,139.87109375
8565,4678,16,0.556640625,111.873046875,123.90625,119.974609375,140.109375
8566,4678,16,0.53515625,92.453125,124.3828125,102.4609375,142.4921875
8567,4678,16,0.521484375,82.326171875,125.3359375,92.810546875,143.4453125
8568,4678,16,0.505859375,127.48046875,125.3359375,137.48828125,139.6328125
8569,4678,16,0.385009765625,133.67578125,118.42578125,142.73046875,127.71875
8570,4678,16,0.236572265625,126.52734375,124.14453125,133.67578125,139.39453125
8571,4678,14,0.20947265625,156.431640625,96.384765625,167.154296875,123.072265625
8572,4678,16,0.139404296875,124.859375,123.66796875,131.53125,138.91796875
8573,4678,16,0.1217041015625,0.0223388671875,129.1484375,2.993408203125,151.0703125
8574,4678,16,0.05340576171875,133.9140625,122.953125,142.015625,130.1015625
8575,4678,14,0.048309326171875,151.78515625,113.8984375,159.88671875,131.76953125
8576,4678,16,0.037322998046875,0.042816162109375,122.4765625,3.12744140625,138.203125
8577,4678,16,0.03704833984375,151.666015625,113.66015625,159.767578125,131.76953125
8578,4678,16,0.03424072265625,132.72265625,125.8125,140.82421875,138.203125
8579,4678,16,0.025177001953125,136.296875,122.119140625,144.63671875,130.578125
8580,4678,14,0.0246124267578125,152.5,100.078125,163.9375,132.0078125
8581,4678,16,0.012237548828125,127.95703125,118.6640625,136.53515625,126.2890625
8582,4678,16,0.00841522216796875,0.05584716796875,119.6171875,5.4283447265625,142.4921875
8583,4678,16,0.00803375244140625,135.10546875,124.3828125,145.11328125,140.5859375
8584,4678,16,0.007904052734375,181.5703125,115.08984375,188.71875,123.66796875
8585,4678,16,0.00595855712890625,0.027923583984375,117.234375,3.04925537109375,131.0546875
8586,4678,16,0.004680633544921875,106.630859375,124.859375,116.638671875,141.5390625
8587,4678,16,0.004451751708984375,140.34765625,121.28515625,147.734375,128.91015625
8588,4678,16,0.004070281982421875,159.171875,116.7578125,167.98828125,132.0078125
8589,4678,16,0.00250244140625,2.904052734375,127.71875,11.601318359375,138.203125
8590,4678,16,0.0021495819091796875,167.869140625,130.578125,175.732421875,137.25
8591,4678,16,0.0021495819091796875,145.232421875,114.8515625,156.908203125,131.0546875
8592,4678,16,0.0020275115966796875,153.9296875,115.56640625,163.9375,129.86328125
8593,4678,16,0.001972198486328125,165.3671875,131.53125,172.9921875,139.15625
8594,4678,16,0.0018100738525390625,0.01116943359375,157.7421875,2.6434326171875,177.7578125
8595,4678,16,0.0016355514526367188,0.0,145.11328125,5.68896484375,173.70703125
8596,4678,16,0.0015974044799804688,141.181640625,117.94921875,148.568359375,126.52734375
8597,4678,16,0.0015735626220703125,136.7734375,126.2890625,145.3515625,135.8203125
8598,4678,16,0.0014667510986328125,0.0,154.8828125,4.9666748046875,179.6640625
8599,4678,16,0.0014553070068359375,177.99609375,114.8515625,185.14453125,122.953125
8600,4678,16,0.0014104843139648438,7.41650390625,127.2421875,32.25732421875,151.0703125
8601,4678,16,0.0013151168823242188,158.6953125,113.421875,165.3671875,124.859375
8602,4678,14,0.001255035400390625,239.94921875,106.2734375,247.8125,124.859375
8603,4678,16,0.0012350082397460938,159.6484375,97.576171875,166.3203125,122.595703125
8604,4678,16,0.0012350082397460938,0.0,145.828125,2.86309814453125,168.2265625
8605,4678,14,0.0012254714965820312,302.140625,104.60546875,322.15625,128.43359375
8606,4678,16,0.0012159347534179688,119.021484375,116.7578125,130.697265625,125.57421875
8607,4678,16,0.0011510848999023438,178.830078125,115.56640625,188.123046875,127.48046875
8608,4678,16,0.0011034011840820312,141.30078125,123.310546875,147.97265625,131.0546875
8609,4678,16,0.0010652542114257812,130.578125,116.7578125,140.5859375,127.71875
8610,4678,8,0.0010204315185546875,301.6640625,113.064453125,318.8203125,145.3515625
8611,4679,2,0.8798828125,252.99951171875,161.2841796875,273.22021484375,189.2080078125
8612,4679,2,0.87841796875,341.3447265625,107.60302734375,359.6396484375,131.67529296875
8613,4679,2,0.85888671875,235.66748046875,121.444580078125,253.96240234375,145.396484375
8614,4679,2,0.85302734375,364.21337890625,163.2099609375,385.87841796875,191.1337890625
8615,4680,9,0.87744140625,109.87158203125,53.3076171875,126.99755859375,66.091796875
8616,4680,11,0.8740234375,163.541015625,67.2978515625,176.083984375,80.3232421875
8617,4680,17,0.85400390625,121.8115234375,32.44287109375,133.630859375,43.77978515625
8618,4680,10,0.85107421875,91.29833984375,32.0810546875,106.25341796875,44.6240234375
8619,4680,17,0.83740234375,153.892578125,50.171875,166.435546875,62.71484375
8620,4680,10,0.83642578125,177.53125,21.2265625,191.521484375,32.8046875
8621,4680,17,0.56982421875,148.3447265625,34.0107421875,159.4404296875,45.1064453125
8622,4680,9,0.059661865234375,148.46533203125,33.89013671875,159.56103515625,44.98583984375
8623,4687,9,0.8662109375,362.79296875,127.197265625,385.25390625,143.798828125
8624,4687,17,0.80810546875,433.10546875,81.54296875,448.73046875,97.900390625
8625,4687,9,0.6494140625,338.8671875,88.134765625,357.91015625,101.318359375
8626,4687,9,0.37939453125,432.861328125,81.54296875,448.486328125,97.65625
8627,4687,10,0.1871337890625,262.451171875,114.74609375,282.470703125,133.30078125
8628,4687,11,0.1500244140625,262.20703125,115.234375,282.71484375,133.544921875
8629,4687,17,0.127685546875,262.451171875,114.990234375,282.470703125,133.056640625
8630,4687,9,0.056640625,262.451171875,114.990234375,282.470703125,133.544921875
8631,4687,15,0.0010900497436523438,0.0152587890625,33.3251953125,9.490966796875,71.6552734375
8632,4692,11,0.552734375,277.158203125,54.248046875,305.2685546875,75.947265625
8633,4692,4,0.513671875,277.158203125,126.7431640625,327.4609375,165.2099609375
8634,4692,0,0.06634521484375,161.01806640625,94.44091796875,192.08740234375,118.60595703125
8635,4692,11,0.057281494140625,161.01806640625,93.94775390625,191.59423828125,118.60595703125
8636,4692,4,0.0259552001953125,277.6513671875,134.140625,308.2275390625,164.716796875
8637,4692,3,0.0101318359375,93.701171875,173.1005859375,117.8662109375,194.7998046875
8638,4692,1,0.0033512115478515625,162.00439453125,94.317626953125,191.59423828125,118.482666015625
8639,4692,3,0.0022525787353515625,0.0231170654296875,114.9072265625,14.08599853515625,203.6767578125
8640,4692,0,0.0015363693237304688,276.6650390625,53.7548828125,305.76171875,75.947265625
8641,4697,5,0.8681640625,250.9619140625,143.99853515625,294.8193359375,176.64794921875
8642,4697,5,0.77197265625,123.04443359375,143.51123046875,160.56689453125,170.80029296875
8643,4697,5,0.75341796875,453.193359375,145.216796875,465.86328125,157.3994140625
8644,4697,5,0.732421875,232.4443359375,146.6787109375,253.8857421875,167.1455078125
8645,4697,5,0.69091796875,300.91064453125,148.6279296875,319.91552734375,164.2216796875
8646,4697,5,0.455078125,67.248046875,139.369140625,100.384765625,156.912109375
8647,4697,14,0.307373046875,322.1083984375,148.6279296875,337.7021484375,174.9423828125
8648,4697,5,0.2958984375,484.380859375,148.140625,499.0,171.53125
8649,4697,5,0.219970703125,64.08056640625,141.8056640625,97.70458984375,164.708984375
8650,4697,5,0.2120361328125,212.70849609375,145.7041015625,232.931640625,165.1962890625
8651,4697,5,0.2005615234375,467.3251953125,144.97314453125,477.55859375,157.64306640625
8652,4697,5,0.19677734375,478.0458984375,145.216796875,497.5380859375,159.8359375
8653,4697,5,0.161865234375,31.91845703125,142.7802734375,95.146240234375,167.1455078125
8654,4697,5,0.139892578125,404.462890625,144.2421875,424.4423828125,158.861328125
8655,4697,8,0.1365966796875,379.85400390625,150.08984375,388.62548828125,159.8359375
8656,4697,8,0.105224609375,379.6103515625,149.84619140625,391.3056640625,163.97802734375
8657,4697,8,0.06707763671875,385.9453125,148.6279296875,397.640625,164.2216796875
8658,4697,5,0.0618896484375,448.8076171875,140.34375,458.06640625,150.08984375
8659,4697,5,0.055816650390625,478.77685546875,147.6533203125,498.75634765625,166.1708984375
8660,4697,8,0.047943115234375,384.970703125,152.0390625,395.69140625,165.68359375
8661,4697,8,0.039947509765625,388.3818359375,147.6533203125,397.640625,157.3994140625
8662,4697,14,0.032958984375,326.0068359375,148.140625,336.240234375,165.68359375
8663,4697,8,0.0318603515625,382.5341796875,150.5771484375,391.3056640625,161.78515625
8664,4697,14,0.0299835205078125,379.6103515625,146.43505859375,387.4072265625,157.15576171875
8665,4697,5,0.027069091796875,31.6138916015625,143.7548828125,68.95361328125,167.1455078125
8666,4697,8,0.02685546875,484.62451171875,149.115234375,498.75634765625,172.505859375
8667,4697,5,0.0217742919921875,112.81103515625,142.7802734375,130.35400390625,158.3740234375
8668,4697,5,0.0206451416015625,478.533203125,144.7294921875,492.6650390625,157.3994140625
8669,4697,5,0.017852783203125,0.0,139.12548828125,8.603973388671875,170.31298828125
8670,4697,8,0.017181396484375,376.6865234375,149.115234375,386.4326171875,164.2216796875
8671,4697,14,0.015960693359375,380.09765625,145.216796875,386.919921875,153.98828125
8672,4697,14,0.015899658203125,322.1083984375,146.6787109375,334.7783203125,167.1455078125
8673,4697,5,0.013427734375,0.0076141357421875,138.39453125,13.240982055664062,167.6328125
8674,4697,5,0.00841522216796875,176.526123046875,144.2421875,213.561279296875,167.6328125
8675,4697,5,0.00787353515625,159.8359375,144.2421875,226.5966796875,188.099609375
8676,4697,5,0.007785797119140625,478.0458984375,146.19140625,490.7158203125,160.810546875
8677,4697,5,0.007694244384765625,447.58935546875,138.39453125,456.84814453125,149.115234375
8678,4697,14,0.007232666015625,324.30126953125,148.38427734375,339.89501953125,167.87646484375
8679,4697,8,0.006744384765625,379.6103515625,146.6787109375,386.919921875,159.3486328125
8680,4697,8,0.00591278076171875,384.4833984375,147.166015625,393.2548828125,157.88671875
8681,4697,5,0.005279541015625,0.0076141357421875,147.166015625,5.680145263671875,168.607421875
8682,4697,5,0.00498199462890625,88.323974609375,140.34375,117.927734375,160.810546875
8683,4697,5,0.004791259765625,167.1455078125,143.7548828125,220.26171875,171.0439453125
8684,4697,5,0.004718780517578125,467.8125,140.8310546875,476.583984375,152.5263671875
8685,4697,5,0.00441741943359375,213.19580078125,146.6787109375,246.33251953125,168.1201171875
8686,4697,5,0.004100799560546875,9.266403198242188,150.33349609375,30.334716796875,172.26220703125
8687,4697,5,0.0038852691650390625,99.41015625,142.29296875,121.217041015625,159.8359375
8688,4697,14,0.003376007080078125,388.3818359375,146.19140625,398.1279296875,157.3994140625
8689,4697,8,0.0030040740966796875,370.3515625,149.84619140625,378.1484375,163.97802734375
8690,4697,5,0.0027790069580078125,466.837890625,138.39453125,479.9951171875,154.962890625
8691,4697,5,0.002132415771484375,182.49560546875,142.7802734375,210.75927734375,158.3740234375
8692,4697,8,0.002002716064453125,370.8388671875,148.87158203125,381.5595703125,161.54150390625
8693,4697,5,0.001720428466796875,206.6171875,156.912109375,225.134765625,170.556640625
8694,4697,5,0.0017137527465820312,117.0140380859375,153.98828125,138.8818359375,170.556640625
8695,4697,5,0.0015125274658203125,161.05419921875,144.2421875,208.32275390625,165.68359375
8696,4697,5,0.0014553070068359375,470.736328125,146.19140625,481.45703125,157.88671875
8697,4697,14,0.0014438629150390625,318.697265625,143.7548828125,331.8544921875,161.2978515625
8698,4697,5,0.0014438629150390625,157.764892578125,149.115234375,177.744384765625,172.505859375
8699,4697,5,0.0014438629150390625,490.228515625,182.00830078125,499.0,199.55126953125
8700,4697,5,0.0014104843139648438,493.6396484375,146.43505859375,499.0,165.43994140625
8701,4697,14,0.0012159347534179688,382.046875,144.7294921875,390.3310546875,154.4755859375
8702,4697,5,0.0011377334594726562,320.40283203125,149.6025390625,338.92041015625,174.9423828125
8703,4697,14,0.0010366439819335938,167.38916015625,148.140625,177.13525390625,159.8359375
8704,4706,2,0.85009765625,355.2451171875,148.87158203125,376.6865234375,179.57177734375
8705,4706,2,0.001979827880859375,491.203125,158.61767578125,499.0,184.93212890625
8706,4706,2,0.0013456344604492188,493.15234375,186.6376953125,499.0,217.337890625
8707,4711,5,0.94091796875,94.4296875,10.4150390625,284.9091796875,109.2421875
8708,4711,5,0.845703125,0.0,10.99365234375,101.546630859375,87.37060546875
8709,4711,5,0.42431640625,208.5322265625,5.091796875,390.9111328125,90.7265625
8710,4711,5,0.2958984375,282.1318359375,23.3759765625,388.1337890625,88.6435546875
8711,4711,5,0.00345611572265625,0.0,3.240234375,177.0556640625,86.560546875
8712,4711,5,0.0031719207763671875,445.30078125,0.34716796875,474.0,18.16845703125
8713,4711,5,0.00313568115234375,424.0078125,0.462890625,474.0,18.7470703125
8714,4711,5,0.0028228759765625,312.9140625,0.92578125,370.3125,12.03515625
8715,4717,2,0.86328125,211.4921875,32.61328125,232.740234375,62.755859375
8716,4719,17,0.86865234375,51.67236328125,39.6357421875,70.943115234375,58.1162109375
8717,4719,9,0.85693359375,237.0849609375,107.478515625,264.3193359375,128.876953125
8718,4719,9,0.7705078125,167.296875,39.6357421875,192.5859375,58.1162109375
8719,4719,9,0.74169921875,115.563720703125,108.451171875,137.3876953125,126.931640625
8720,4719,10,0.56787109375,237.328125,107.2353515625,264.5625,129.1201171875
8721,4719,11,0.00260162353515625,232.46484375,128.876953125,257.0244140625,161.947265625
8722,4724,7,0.7548828125,370.0927734375,37.7255859375,390.1494140625,56.8271484375
8723,4727,5,0.89990234375,178.22265625,164.306640625,299.31640625,215.576171875
8724,4727,5,0.87744140625,323.73046875,159.66796875,464.35546875,217.28515625
8725,4727,14,0.6875,140.869140625,115.8447265625,184.814453125,245.60546875
8726,4727,5,0.0204925537109375,465.33203125,142.578125,500.0,216.796875
8727,4727,5,0.0074615478515625,479.98046875,154.78515625,500.0,217.7734375
8728,4727,5,0.00557708740234375,87.7685546875,175.048828125,150.87890625,212.646484375
8729,4727,8,0.0014553070068359375,97.900390625,175.78125,147.0947265625,212.40234375
8730,4727,5,0.0013408660888671875,163.2080078125,58.10546875,198.1201171875,83.0078125
8731,4727,14,0.00127410888671875,486.328125,152.83203125,500.0,256.0
8732,4727,5,0.0010652542114257812,477.5390625,93.1396484375,500.0,218.26171875
8733,4738,2,0.8623046875,127.8251953125,149.28662109375,145.7490234375,168.62548828125
8734,4738,2,0.81640625,172.1630859375,171.2197265625,191.501953125,191.9736328125
8735,4738,2,0.42431640625,229.00048828125,197.86962890625,248.81103515625,233.71728515625
8736,4738,17,0.06280517578125,172.281005859375,171.2197265625,190.912353515625,191.0302734375
8737,4738,9,0.052032470703125,172.1630859375,171.2197265625,191.0302734375,191.0302734375
8738,4738,3,0.0196380615234375,190.0869140625,147.1640625,216.26513671875,160.37109375
8739,4738,17,0.01009368896484375,127.8251953125,149.28662109375,145.51318359375,168.62548828125
8740,4738,2,0.0036067962646484375,191.0302734375,147.6357421875,215.79345703125,158.9560546875
8741,4750,14,0.79443359375,241.4521484375,43.1767578125,275.7041015625,102.9970703125
8742,4750,14,0.7646484375,313.091796875,71.76025390625,341.072265625,103.84130859375
8743,4750,14,0.75634765625,39.257080078125,20.0205078125,88.102294921875,122.052734375
8744,4750,14,0.73095703125,208.40625,47.759765625,231.080078125,96.484375
8745,4750,14,0.0165863037109375,194.6572265625,59.8203125,210.5771484375,96.001953125
8746,4750,14,0.0101318359375,225.291015625,65.126953125,236.1455078125,89.73046875
8747,4750,8,0.0069580078125,473.73828125,104.685546875,494.0,154.857421875
8748,4750,14,0.00572967529296875,74.232666015625,50.4130859375,93.650146484375,88.0419921875
8749,4750,14,0.00494384765625,162.69677734375,63.6796875,183.92333984375,103.720703125
8750,4750,8,0.004398345947265625,456.37109375,103.720703125,494.0,155.33984375
8751,4750,14,0.003692626953125,178.49609375,61.38818359375,195.380859375,86.95654296875
8752,4750,14,0.0012845993041992188,468.9140625,106.8564453125,494.0,154.1337890625
8753,4750,14,0.0012063980102539062,0.0,61.267578125,5.796600341796875,122.7763671875
8754,4750,14,0.0011157989501953125,490.140625,78.8759765625,494.0,116.9873046875
8755,4756,17,0.86083984375,122.922607421875,125.2373046875,134.130615234375,136.4453125
8756,4756,9,0.85791015625,110.6181640625,145.94775390625,127.308349609375,158.61767578125
8757,4756,11,0.85595703125,164.2216796875,159.8359375,176.64794921875,172.505859375
8758,4756,10,0.84912109375,92.587890625,124.99365234375,106.96337890625,137.17626953125
8759,4756,17,0.83544921875,154.71923828125,143.267578125,166.41455078125,154.962890625
8760,4756,10,0.83203125,178.231689453125,113.5419921875,192.363525390625,125.48095703125
8761,4756,17,0.37744140625,148.87158203125,126.2119140625,160.07958984375,137.9072265625
8762,4762,10,0.85400390625,290.55126953125,111.99609375,304.30517578125,126.2412109375
8763,4762,9,0.84814453125,224.4833984375,79.0849609375,238.2373046875,93.8212890625
8764,4762,17,0.8232421875,138.27587890625,54.5244140625,149.57373046875,65.822265625
8765,4762,9,0.6943359375,163.81884765625,78.716552734375,179.04638671875,91.979248046875
8766,4762,11,0.0090179443359375,451.66845703125,112.978515625,466.40478515625,131.1533203125
8767,4767,7,0.8642578125,97.65673828125,16.47509765625,123.802001953125,38.44189453125
8768,4767,7,0.75048828125,61.721923828125,104.81982421875,89.896728515625,125.115234375
8769,4768,2,0.88720703125,438.5966796875,93.400390625,461.7060546875,118.9169921875
8770,4768,2,0.87890625,265.2763671875,43.209716796875,287.4228515625,67.281982421875
8771,4768,2,0.845703125,292.47802734375,99.298095703125,312.69873046875,120.481689453125
8772,4768,2,0.841796875,377.9345703125,47.6630859375,396.2294921875,71.25390625
8773,4774,8,0.1339111328125,226.74462890625,0.35595703125,358.8046875,41.17236328125
8774,4774,8,0.0180511474609375,94.6845703125,0.2373046875,132.1787109375,8.7802734375
8775,4774,8,0.0063629150390625,229.236328125,0.2373046875,421.453125,53.8681640625
8776,4774,8,0.0018968582153320312,121.025390625,0.474609375,214.998046875,23.73046875
8777,4774,8,0.0017747879028320312,119.6015625,0.0,238.4912109375,32.9853515625
8778,4784,7,0.84375,404.462890625,180.05908203125,448.3203125,213.19580078125
8779,4784,7,0.0034427642822265625,266.068359375,117.074951171875,301.154296875,140.34375
8780,4790,0,0.87158203125,143.68359375,160.125,193.24609375,213.9765625
8781,4790,1,0.83984375,377.4375,81.96875,424.140625,129.38671875
8782,4790,0,0.83447265625,183.0,57.306640625,229.2265625,98.529296875
8783,4791,1,0.841796875,143.51123046875,113.176513671875,197.60205078125,166.658203125
8784,4791,0,0.76904296875,292.3828125,74.679443359375,339.1640625,121.460693359375
8785,4791,0,0.0027256011962890625,142.7802734375,112.5673828125,196.87109375,165.68359375
8786,4791,13,0.001201629638671875,143.02392578125,112.81103515625,197.11474609375,165.43994140625
8787,4792,2,0.85400390625,356.015625,89.3671875,373.9375,100.9921875
8788,4792,2,0.8427734375,392.34375,66.6015625,409.78125,78.7109375
8789,4792,2,0.8408203125,432.3046875,82.1015625,451.1953125,96.1484375
8790,4792,2,0.83642578125,317.265625,67.8125,334.703125,80.890625
8791,4810,15,0.88232421875,140.125,159.0234375,166.859375,187.6015625
8792,4810,15,0.8671875,34.224609375,164.78515625,69.8896484375,198.43359375
8793,4810,15,0.79931640625,65.5107421875,133.2109375,87.8662109375,156.2578125
8794,4810,7,0.00577545166015625,189.4453125,213.4140625,211.109375,229.0859375
8795,4812,9,0.87255859375,222.1552734375,48.9658203125,237.1103515625,63.6796875
8796,4812,10,0.85791015625,292.5888671875,73.5693359375,306.5791015625,88.0419921875
8797,4812,17,0.68408203125,133.3896484375,33.76953125,144.9677734375,44.865234375
8798,4812,9,0.640625,161.611328125,54.7548828125,178.013671875,68.2626953125
8799,4812,10,0.445556640625,161.73193359375,54.7548828125,177.89306640625,68.2626953125
8800,4820,15,0.93505859375,162.5419921875,103.266357421875,209.51513671875,151.109375
8801,4822,7,0.83984375,409.8896484375,157.77685546875,447.6240234375,185.13427734375
8802,4822,7,0.79052734375,231.123046875,162.7294921875,263.6689453125,190.0869140625
8803,4822,17,0.0010318756103515625,395.7392578125,153.767578125,415.078125,172.634765625
8804,4824,7,0.8017578125,123.8359375,143.21484375,154.0859375,166.84765625
8805,4824,7,0.78125,135.1796875,94.767578125,161.17578125,117.927734375
8806,4835,9,0.90673828125,351.12890625,134.712890625,369.609375,151.248046875
8807,4835,17,0.8818359375,361.341796875,172.646484375,378.849609375,189.181640625
8808,4835,10,0.8740234375,262.130859375,151.734375,284.015625,169.2421875
8809,4835,10,0.8740234375,399.275390625,188.6953125,421.16015625,207.662109375
8810,4835,11,0.87255859375,374.958984375,106.9921875,390.521484375,121.58203125
8811,4835,17,0.85302734375,321.2197265625,166.5673828125,337.7548828125,183.1025390625
8812,4835,9,0.82568359375,407.7861328125,147.6005859375,431.6162109375,165.5947265625
8813,4835,5,0.0010480880737304688,261.64453125,151.734375,284.015625,169.2421875
8814,4837,2,0.88818359375,393.978515625,30.94873046875,425.044921875,68.13427734375
8815,4837,2,0.875,283.833984375,67.42822265625,323.373046875,96.14111328125
8816,4837,17,0.796875,307.83984375,16.12158203125,323.84375,31.89013671875
8817,4839,2,0.873046875,329.9765625,132.666015625,358.921875,153.892578125
8818,4839,7,0.490234375,392.208984375,154.375,418.259765625,173.671875
8819,4839,17,0.1259765625,392.208984375,154.375,418.259765625,173.671875
8820,4839,2,0.003124237060546875,329.9765625,116.74609375,361.333984375,154.857421875
8821,4839,17,0.0014104843139648438,330.458984375,132.666015625,358.921875,153.892578125
8822,4842,10,0.87646484375,200.4462890625,34.0107421875,217.3310546875,49.20703125
8823,4842,11,0.81884765625,68.684814453125,38.8349609375,85.690185546875,54.7548828125
8824,4842,10,0.8173828125,108.66552734375,46.3125,124.10302734375,62.71484375
8825,4842,11,0.65673828125,143.76171875,42.935546875,159.681640625,59.8203125
8826,4842,11,0.638671875,165.59130859375,32.322265625,180.06396484375,46.794921875
8827,4842,10,0.385009765625,143.76171875,42.81494140625,159.4404296875,59.69970703125
8828,4842,9,0.355712890625,51.49853515625,51.25732421875,67.41845703125,68.14208984375
8829,4842,14,0.034759521484375,370.982421875,85.388671875,390.76171875,111.439453125
8830,4842,9,0.01233673095703125,165.2294921875,32.322265625,179.943359375,46.794921875
8831,4842,12,0.001438140869140625,200.205078125,34.0107421875,217.572265625,49.4482421875
8832,4847,8,0.85009765625,125.74951171875,149.1943359375,176.90185546875,210.7666015625
8833,4847,8,0.6826171875,11.92962646484375,158.193359375,43.692626953125,219.765625
8834,4847,8,0.544921875,169.0869140625,154.8779296875,214.5556640625,204.609375
8835,4847,8,0.32080078125,65.3021240234375,177.6123046875,87.7996826171875,198.4521484375
8836,4847,8,0.312255859375,86.201171875,154.16748046875,133.0908203125,215.26611328125
8837,4847,8,0.08209228515625,65.953369140625,157.00927734375,128.59130859375,217.63427734375
8838,4847,8,0.0472412109375,86.43798828125,149.66796875,163.16650390625,211.240234375
8839,4847,8,0.037750244140625,65.59814453125,178.5595703125,94.48974609375,216.923828125
8840,4847,8,0.0263519287109375,65.953369140625,174.7705078125,111.54052734375,217.3974609375
8841,4847,8,0.021697998046875,145.16845703125,148.720703125,214.08203125,207.451171875
8842,4847,8,0.0216217041015625,2.5457763671875,136.40625,46.4752197265625,220.2392578125
8843,4847,8,0.0212860107421875,64.9468994140625,169.560546875,92.8912353515625,199.873046875
8844,4847,14,0.0167236328125,193.834228515625,137.11669921875,202.596435546875,155.58837890625
8845,4847,8,0.00894927978515625,92.3583984375,158.6669921875,122.90771484375,208.8720703125
8846,4847,14,0.0070953369140625,310.703125,150.1416015625,321.123046875,167.666015625
8847,4847,8,0.0063629150390625,0.0222015380859375,158.193359375,11.004562377929688,193.7158203125
8848,4847,8,0.00609588623046875,2.4273681640625,127.880859375,92.0623779296875,217.3974609375
8849,4847,5,0.0055999755859375,421.0595703125,138.7744140625,485.0,168.1396484375
8850,4847,8,0.00555419921875,64.532470703125,163.16650390625,110.948486328125,204.37255859375
8851,4847,14,0.00536346435546875,476.9482421875,125.27587890625,485.0,157.95654296875
8852,4847,5,0.00323486328125,448.056640625,149.66796875,485.0,167.666015625
8853,4847,5,0.0030269622802734375,245.341796875,130.2490234375,281.8115234375,151.0888671875
8854,4847,8,0.0024242401123046875,478.369140625,127.880859375,485.0,161.982421875
8855,4847,8,0.0020503997802734375,96.739501953125,154.8779296875,130.72265625,203.1884765625
8856,4847,8,0.0017137527465820312,79.215087890625,175.7177734375,106.80419921875,215.5029296875
8857,4847,14,0.0017070770263671875,0.02960205078125,151.0888671875,9.117431640625,220.712890625
8858,4847,5,0.0015430450439453125,37.4761962890625,137.353515625,80.399169921875,160.087890625
8859,4847,8,0.0015249252319335938,0.0592041015625,160.79833984375,21.52069091796875,192.05810546875
8860,4847,8,0.0012159347534179688,125.0390625,160.5615234375,159.140625,207.9248046875
8861,4847,5,0.001178741455078125,474.580078125,132.1435546875,485.0,162.4560546875
8862,4847,8,0.0010442733764648438,0.20721435546875,84.898681640625,52.691650390625,219.2919921875
8863,4848,9,0.8740234375,150.86962890625,108.0966796875,170.72412109375,127.951171875
8864,4848,17,0.85693359375,162.0224609375,49.0234375,177.7099609375,62.75
8865,4848,10,0.84375,35.358154296875,126.970703125,56.315673828125,150.501953125
8866,4848,9,0.830078125,70.71630859375,77.7021484375,89.83544921875,91.9189453125
8867,4854,14,0.822265625,245.361328125,144.04296875,259.033203125,167.48046875
8868,4854,14,0.7490234375,265.625,141.11328125,274.4140625,163.57421875
8869,4854,14,0.73876953125,434.5703125,141.11328125,449.21875,157.71484375
8870,4854,14,0.73095703125,286.1328125,141.11328125,296.875,167.48046875
8871,4854,14,0.7041015625,127.5634765625,140.625,145.3857421875,172.36328125
8872,4854,14,0.638671875,454.833984375,146.97265625,471.923828125,177.24609375
8873,4854,14,0.60595703125,442.138671875,151.85546875,459.228515625,176.7578125
8874,4854,14,0.5546875,206.298828125,149.4140625,216.552734375,166.9921875
8875,4854,14,0.505859375,423.828125,143.310546875,439.453125,174.560546875
8876,4854,14,0.458984375,410.15625,145.01953125,425.78125,173.33984375
8877,4854,14,0.405517578125,174.31640625,162.353515625,184.08203125,177.978515625
8878,4854,14,0.338134765625,428.22265625,144.04296875,443.84765625,176.26953125
8879,4854,14,0.2108154296875,215.576171875,148.4375,223.876953125,162.109375
8880,4854,14,0.1859130859375,490.72265625,134.27734375,500.0,172.36328125
8881,4854,14,0.09844970703125,459.9609375,153.3203125,473.14453125,177.734375
8882,4854,14,0.0894775390625,395.5078125,145.99609375,406.73828125,166.9921875
8883,4854,14,0.08880615234375,382.8125,143.310546875,394.53125,166.259765625
8884,4854,14,0.0869140625,187.3779296875,144.53125,197.8759765625,161.62109375
8885,4854,14,0.06805419921875,430.908203125,141.11328125,448.486328125,177.24609375
8886,4854,14,0.05072021484375,436.03515625,140.625,454.58984375,156.25
8887,4854,14,0.043701171875,494.140625,140.380859375,500.0,173.095703125
8888,4854,14,0.039642333984375,453.125,147.4609375,468.75,162.59765625
8889,4854,14,0.03802490234375,138.18359375,149.90234375,149.4140625,174.31640625
8890,4854,14,0.035675048828125,207.8857421875,147.94921875,215.9423828125,161.62109375
8891,4854,14,0.033843994140625,372.55859375,145.99609375,383.30078125,165.0390625
8892,4854,14,0.033721923828125,178.1005859375,162.59765625,189.5751953125,176.7578125
8893,4854,14,0.0328369140625,433.10546875,148.4375,443.84765625,177.24609375
8894,4854,14,0.0311431884765625,389.16015625,145.01953125,399.4140625,166.50390625
8895,4854,14,0.0245208740234375,183.4716796875,162.59765625,192.0166015625,175.78125
8896,4854,14,0.018829345703125,310.302734375,141.6015625,323.486328125,165.0390625
8897,4854,14,0.0170440673828125,349.609375,137.20703125,366.2109375,167.48046875
8898,4854,14,0.01363372802734375,205.810546875,146.484375,214.599609375,163.0859375
8899,4854,14,0.01322174072265625,418.9453125,143.5546875,432.12890625,172.8515625
8900,4854,16,0.0102081298828125,201.904296875,170.654296875,331.787109375,208.740234375
8901,4854,14,0.00861358642578125,385.7421875,144.04296875,397.94921875,167.48046875
8902,4854,14,0.008575439453125,203.61328125,145.5078125,216.30859375,168.45703125
8903,4854,14,0.008544921875,261.71875,140.625,272.4609375,164.0625
8904,4854,14,0.008544921875,456.54296875,160.15625,464.35546875,177.734375
8905,4854,14,0.006931304931640625,229.3701171875,127.685546875,244.5068359375,162.353515625
8906,4854,14,0.006771087646484375,312.98828125,138.427734375,330.078125,164.306640625
8907,4854,14,0.006744384765625,390.625,145.99609375,404.296875,168.45703125
8908,4854,14,0.006641387939453125,217.529296875,139.6484375,226.806640625,160.15625
8909,4854,14,0.00586700439453125,317.87109375,141.6015625,330.56640625,165.0390625
8910,4854,14,0.00518035888671875,204.7119140625,149.169921875,219.8486328125,178.955078125
8911,4854,14,0.004486083984375,492.67578125,129.8828125,500.0,160.15625
8912,4854,14,0.004329681396484375,409.66796875,145.5078125,420.41015625,169.921875
8913,4854,5,0.004070281982421875,140.869140625,135.25390625,150.634765625,143.5546875
8914,4854,14,0.00394439697265625,398.92578125,146.97265625,407.71484375,167.96875
8915,4854,5,0.0038852691650390625,493.1640625,125.1220703125,500.0,153.3203125
8916,4854,14,0.0037364959716796875,324.21875,139.6484375,338.8671875,164.0625
8917,4854,14,0.003223419189453125,380.859375,145.01953125,390.625,165.52734375
8918,4854,16,0.0019121170043945312,312.5,172.36328125,437.5,205.078125
8919,4854,14,0.0017747879028320312,0.0,121.58203125,5.3253173828125,167.96875
8920,4854,14,0.0016489028930664062,456.0546875,153.3203125,465.8203125,177.734375
8921,4854,14,0.0016231536865234375,3.50189208984375,124.3896484375,15.31219482421875,151.85546875
8922,4854,14,0.001483917236328125,0.0,125.9765625,4.512786865234375,151.3671875
8923,4854,14,0.0014438629150390625,207.03125,149.4140625,224.609375,167.96875
8924,4854,16,0.0014047622680664062,157.470703125,171.630859375,292.48046875,206.298828125
8925,4854,14,0.0013942718505859375,460.9375,144.287109375,470.703125,165.283203125
8926,4854,16,0.0013246536254882812,236.083984375,173.828125,350.830078125,205.078125
8927,4854,14,0.0012941360473632812,0.0,126.220703125,6.73675537109375,156.005859375
8928,4854,16,0.0012845993041992188,67.5048828125,205.56640625,89.2333984375,226.5625
8929,4854,14,0.0012645721435546875,322.75390625,150.87890625,331.54296875,166.50390625
8930,4854,14,0.0012159347534179688,269.04296875,143.06640625,276.85546875,164.0625
8931,4854,14,0.0012063980102539062,217.6513671875,131.8359375,227.9052734375,158.203125
8932,4854,14,0.0011968612670898438,320.3125,144.53125,336.9140625,168.45703125
8933,4854,16,0.0011968612670898438,250.48828125,166.50390625,381.34765625,204.1015625
8934,4854,16,0.0010528564453125,184.9365234375,178.466796875,342.28515625,218.994140625
8935,4854,14,0.0010242462158203125,63.720703125,128.173828125,81.787109375,155.517578125
8936,4854,14,0.0010242462158203125,349.609375,129.150390625,366.2109375,157.958984375
8937,4861,8,0.873046875,436.9921875,151.787109375,495.0,241.69921875
8938,4861,14,0.82421875,129.55078125,146.953125,186.1083984375,234.931640625
8939,4861,14,0.82080078125,352.880859375,136.8017578125,392.51953125,229.6142578125
8940,4861,14,0.79296875,213.42041015625,172.08984375,245.56640625,231.064453125
8941,4861,14,0.7919921875,258.6181640625,160.48828125,286.6552734375,231.064453125
8942,4861,2,0.0025615692138671875,0.020771026611328125,25.37841796875,3.6594772338867188,84.111328125
8943,4861,8,0.001941680908203125,476.630859375,152.2705078125,495.0,246.0498046875
8944,4861,2,0.0018243789672851562,0.0,38.1884765625,5.4911041259765625,92.3291015625
8945,4861,2,0.001094818115234375,0.03021240234375,33.837890625,8.436813354492188,91.845703125
8946,4862,8,0.88330078125,384.765625,95.0927734375,500.0,228.02734375
8947,4862,8,0.767578125,52.093505859375,122.314453125,83.1298828125,145.263671875
8948,4862,14,0.708984375,258.30078125,108.3984375,275.87890625,138.671875
8949,4862,14,0.689453125,223.14453125,95.458984375,245.361328125,138.427734375
8950,4862,14,0.482421875,88.37890625,101.07421875,135.7421875,176.7578125
8951,4862,14,0.458984375,142.578125,104.98046875,161.376953125,138.18359375
8952,4862,14,0.346923828125,104.6142578125,100.830078125,135.8642578125,139.892578125
8953,4862,8,0.2322998046875,72.44873046875,145.99609375,198.974609375,204.58984375
8954,4862,14,0.09808349609375,113.34228515625,99.853515625,137.6953125,130.37109375
8955,4862,14,0.047607421875,152.587890625,114.990234375,167.236328125,139.16015625
8956,4862,8,0.0304412841796875,484.375,147.216796875,500.0,223.388671875
8957,4862,14,0.0255584716796875,123.59619140625,96.435546875,144.04296875,140.869140625
8958,4862,14,0.02056884765625,103.1494140625,101.318359375,126.3427734375,129.638671875
8959,4862,8,0.0182647705078125,68.4814453125,121.826171875,84.3505859375,143.310546875
8960,4862,14,0.016845703125,157.470703125,117.5537109375,168.701171875,140.13671875
8961,4862,8,0.01282501220703125,85.3271484375,108.642578125,139.5263671875,187.255859375
8962,4862,8,0.011962890625,70.80078125,113.037109375,143.798828125,208.251953125
8963,4862,8,0.0110321044921875,474.609375,143.06640625,500.0,224.12109375
8964,4862,14,0.0099334716796875,120.9716796875,100.09765625,141.4794921875,131.8359375
8965,4862,14,0.00766754150390625,89.53857421875,101.806640625,124.08447265625,128.173828125
8966,4862,14,0.007549285888671875,136.8408203125,135.986328125,163.9404296875,157.470703125
8967,4862,8,0.0074310302734375,82.94677734375,114.3798828125,196.77734375,207.03125
8968,4862,8,0.005889892578125,480.46875,86.669921875,500.0,114.501953125
8969,4862,14,0.00586700439453125,90.8203125,100.09765625,132.8125,134.765625
8970,4862,14,0.005428314208984375,88.19580078125,95.458984375,110.90087890625,130.859375
8971,4862,14,0.005279541015625,86.9140625,99.609375,119.9951171875,140.380859375
8972,4862,14,0.005100250244140625,105.224609375,100.830078125,148.193359375,147.216796875
8973,4862,14,0.00394439697265625,165.6494140625,115.478515625,180.5419921875,139.404296875
8974,4862,14,0.003429412841796875,486.328125,84.716796875,500.0,113.525390625
8975,4862,8,0.0027904510498046875,85.44921875,96.19140625,164.794921875,195.80078125
8976,4862,8,0.00274658203125,51.26953125,121.09375,69.2138671875,141.6015625
8977,4862,14,0.0025501251220703125,124.45068359375,125.48828125,157.71484375,154.296875
8978,4862,14,0.0023593902587890625,167.48046875,125.8544921875,179.19921875,141.6015625
8979,4862,14,0.0023059844970703125,129.39453125,135.009765625,155.2734375,162.841796875
8980,4862,8,0.0021648406982421875,467.28515625,114.501953125,500.0,222.412109375
8981,4862,14,0.0018672943115234375,120.849609375,132.8125,151.85546875,175.78125
8982,4862,8,0.0017004013061523438,433.10546875,82.51953125,500.0,227.05078125
8983,4862,14,0.0016355514526367188,53.16162109375,120.361328125,67.07763671875,132.080078125
8984,4862,14,0.0016107559204101562,259.27734375,108.154296875,270.01953125,122.802734375
8985,4862,14,0.0013990402221679688,149.7802734375,110.595703125,172.4853515625,138.427734375
8986,4862,8,0.0013885498046875,86.42578125,94.482421875,114.013671875,131.8359375
8987,4862,14,0.001220703125,132.6904296875,136.23046875,153.6865234375,175.29296875
8988,4862,8,0.0010776519775390625,108.0322265625,136.71875,169.3115234375,174.8046875
8989,4862,14,0.0010652542114257812,121.76513671875,99.12109375,140.380859375,153.80859375
8990,4862,8,0.0010480880737304688,83.251953125,137.6953125,137.451171875,180.6640625
8991,4862,8,0.0010242462158203125,490.234375,167.96875,500.0,223.14453125
8992,4862,8,0.0010166168212890625,82.6416015625,99.12109375,104.00390625,126.46484375
8993,4865,15,0.86865234375,37.197509765625,160.892578125,67.1572265625,190.318359375
8994,4865,15,0.83984375,120.90673828125,184.623046875,148.67138671875,211.67578125
8995,4865,15,0.80810546875,113.31298828125,144.0439453125,136.80615234375,163.9775390625
8996,4867,9,0.87255859375,431.859375,48.8759765625,450.33984375,67.599609375
8997,4867,17,0.79443359375,370.58203125,7.78125,386.14453125,22.37109375
8998,4867,17,0.517578125,385.171875,101.27783203125,406.5703125,123.16259765625
8999,4867,9,0.513671875,385.4150390625,101.15625,406.8134765625,123.041015625
9000,4867,17,0.3173828125,336.5390625,59.33203125,354.046875,75.380859375
9001,4867,2,0.05224609375,144.56103515625,132.767578125,169.12060546875,151.248046875
9002,4867,11,0.005199432373046875,188.9384765625,143.953125,202.5556640625,163.40625
9003,4867,14,0.0016489028930664062,447.421875,130.822265625,463.95703125,149.7890625
9004,4871,14,0.7490234375,231.6015625,0.47265625,246.962890625,22.451171875
9005,4871,14,0.06982421875,0.0147705078125,0.236328125,15.7010498046875,24.578125
9006,4871,8,0.0305633544921875,0.0443115234375,0.0,15.361328125,24.6962890625
9007,4871,14,0.0180511474609375,236.564453125,0.3544921875,249.326171875,19.0244140625
9008,4871,14,0.0079345703125,241.0546875,0.47265625,252.3984375,17.724609375
9009,4871,14,0.0010404586791992188,239.7548828125,24.578125,249.08984375,39.703125
9010,4883,2,0.8427734375,407.84375,201.984375,425.28125,221.84375
9011,4883,2,0.82666015625,313.6328125,155.0,331.5546875,170.5
9012,4883,2,0.81396484375,354.5625,173.890625,372.0,193.265625
9013,4883,2,0.00847625732421875,317.5078125,114.796875,325.7421875,129.8125
9014,4888,2,0.86865234375,63.892333984375,102.37158203125,84.750244140625,130.66162109375
9015,4888,2,0.8662109375,176.572998046875,103.81005859375,198.389892578125,130.9013671875
9016,4888,2,0.86328125,157.153564453125,48.18896484375,175.614013671875,72.64306640625
9017,4888,2,0.85498046875,46.9302978515625,62.57373046875,65.810302734375,87.50732421875
9018,4899,2,0.8798828125,273.4609375,175.7275390625,294.64453125,202.20703125
9019,4899,2,0.8740234375,162.728515625,173.8017578125,182.4677734375,201.244140625
9020,4899,2,0.8642578125,251.314453125,120.240966796875,269.609375,143.470703125
9021,4899,2,0.84716796875,145.396484375,133.841796875,163.69140625,157.9140625
9022,4904,15,0.83642578125,246.63720703125,90.91455078125,275.03369140625,115.8759765625
9023,4904,15,0.74755859375,196.25634765625,69.1591796875,216.40869140625,87.021484375
9024,4904,15,0.74462890625,251.4462890625,56.79296875,271.5986328125,74.42626953125
9025,4908,12,0.880859375,71.5654296875,125.8837890625,120.53125,166.7216796875
9026,4908,13,0.83203125,169.4970703125,87.4248046875,214.6962890625,129.0556640625
9027,4908,11,0.06854248046875,73.44873046875,127.271484375,120.23388671875,167.31640625
9028,4908,1,0.0287628173828125,169.6953125,87.4248046875,214.1015625,128.4609375
9029,4911,16,0.0100555419921875,341.072265625,0.7236328125,435.626953125,112.1630859375
9030,4918,2,0.8896484375,278.05517578125,147.1640625,308.71435546875,185.841796875
9031,4918,2,0.8671875,293.8564453125,86.7890625,324.0439453125,113.203125
9032,4918,17,0.78662109375,387.720703125,128.296875,404.701171875,145.27734375
9033,4918,17,0.0018100738525390625,264.84814453125,184.4267578125,281.82861328125,204.2373046875
9034,4936,0,0.88330078125,274.498046875,126.1533203125,312.609375,164.7470703125
9035,4936,0,0.8447265625,356.509765625,131.701171875,392.69140625,166.435546875
9036,4936,0,0.35400390625,298.13671875,75.4990234375,331.90625,110.2333984375
9037,4936,17,0.11920166015625,298.13671875,76.4638671875,331.90625,110.2333984375
9038,4936,1,0.11126708984375,298.13671875,76.4638671875,331.90625,110.2333984375
9039,4939,0,0.8388671875,297.28515625,116.27685546875,343.31640625,163.26708984375
9040,4939,1,0.80322265625,118.1348876953125,114.83837890625,165.18505859375,162.30810546875
9041,4939,0,0.045013427734375,118.67431640625,114.5986328125,165.4248046875,161.109375
9042,4939,2,0.0033893585205078125,418.1171875,47.4697265625,472.779296875,88.2265625
9043,4950,9,0.447509765625,389.6484375,42.236328125,408.69140625,60.791015625
9044,4950,17,0.24072265625,389.6484375,42.236328125,408.203125,60.791015625
9045,4950,17,0.2239990234375,344.23828125,21.728515625,361.81640625,41.9921875
9046,4950,2,0.2120361328125,344.23828125,21.728515625,361.81640625,41.9921875
9047,4950,2,0.0253753662109375,448.2421875,67.2607421875,469.23828125,87.2802734375
9048,4950,2,0.0179901123046875,389.16015625,42.1142578125,408.69140625,61.1572265625
9049,4950,9,0.00908660888671875,447.509765625,67.3828125,468.994140625,92.28515625
9050,4950,11,0.007904052734375,447.75390625,67.626953125,469.23828125,87.158203125
9051,4950,3,0.0028553009033203125,406.25,18.1884765625,434.5703125,34.5458984375
9052,4953,5,0.85595703125,229.398681640625,134.9833984375,270.4541015625,161.78515625
9053,4953,5,0.76611328125,75.166748046875,136.4453125,111.714599609375,162.2724609375
9054,4953,14,0.7646484375,399.58984375,123.775390625,414.208984375,147.166015625
9055,4953,8,0.69287109375,398.1279296875,139.369140625,419.08203125,159.8359375
9056,4953,14,0.5849609375,389.3564453125,128.6484375,398.1279296875,150.5771484375
9057,4953,5,0.546875,0.09136962890625,136.9326171875,45.0147705078125,161.2978515625
9058,4953,5,0.48828125,199.916748046875,137.419921875,216.241455078125,154.962890625
9059,4953,5,0.4609375,0.0,139.8564453125,18.4566650390625,163.2470703125
9060,4953,14,0.418701171875,275.3271484375,135.22705078125,287.0224609375,160.07958984375
9061,4953,5,0.27197265625,16.81201171875,134.49609375,46.4766845703125,155.4501953125
9062,4953,5,0.25830078125,161.05419921875,139.369140625,181.52099609375,157.88671875
9063,4953,5,0.155029296875,178.8408203125,137.9072265625,199.3076171875,156.4248046875
9064,4953,5,0.048675537109375,427.3662109375,127.91748046875,439.0615234375,142.53662109375
9065,4953,5,0.04083251953125,62.496826171875,135.9580078125,82.476318359375,151.5517578125
9066,4953,14,0.030670166015625,458.5537109375,134.9833984375,470.2490234375,154.4755859375
9067,4953,14,0.0269622802734375,268.5048828125,133.0341796875,281.1748046875,150.5771484375
9068,4953,14,0.0207977294921875,467.3251953125,127.43017578125,477.0712890625,139.61279296875
9069,4953,5,0.01519012451171875,449.7822265625,129.623046875,466.3505859375,142.29296875
9070,4953,5,0.014007568359375,441.0107421875,129.1357421875,467.3251953125,144.2421875
9071,4953,14,0.01374053955078125,399.58984375,128.6484375,418.107421875,158.861328125
9072,4953,5,0.01332855224609375,0.09136962890625,115.24755859375,38.618896484375,143.51123046875
9073,4953,5,0.0120086669921875,266.5556640625,131.572265625,278.73828125,146.19140625
9074,4953,5,0.01078033447265625,187.36865234375,136.68896484375,216.11962890625,154.71923828125
9075,4953,8,0.0090179443359375,458.06640625,136.68896484375,470.2490234375,153.25732421875
9076,4953,5,0.00844573974609375,61.522216796875,139.8564453125,90.273193359375,163.2470703125
9077,4953,8,0.007724761962890625,434.1884765625,136.4453125,445.8837890625,157.88671875
9078,4953,5,0.00646209716796875,47.8167724609375,134.0087890625,68.22265625,150.5771484375
9079,4953,14,0.006439208984375,433.701171875,136.4453125,444.9091796875,156.912109375
9080,4953,5,0.00626373291015625,495.5888671875,121.09521484375,499.0,147.40966796875
9081,4953,14,0.00577545166015625,266.5556640625,130.59765625,281.1748046875,145.7041015625
9082,4953,5,0.0057525634765625,224.89111328125,132.546875,239.51025390625,147.166015625
9083,4953,5,0.005687713623046875,428.3408203125,131.572265625,441.9853515625,143.267578125
9084,4953,5,0.004962921142578125,433.94482421875,134.73974609375,445.64013671875,155.69384765625
9085,4953,5,0.004791259765625,165.318115234375,137.9072265625,198.698486328125,157.3994140625
9086,4953,5,0.004665374755859375,0.015228271484375,115.4912109375,24.624114990234375,141.8056640625
9087,4953,14,0.004230499267578125,398.615234375,139.369140625,419.08203125,159.8359375
9088,4953,5,0.0041656494140625,52.62890625,135.71435546875,77.23779296875,151.30810546875
9089,4953,5,0.0026111602783203125,482.431640625,144.7294921875,499.0,171.53125
9090,4953,5,0.0023784637451171875,492.177734375,121.58251953125,499.0,147.40966796875
9091,4953,5,0.0023326873779296875,0.411163330078125,134.0087890625,28.522552490234375,142.7802734375
9092,4953,14,0.0022869110107421875,395.69140625,136.20166015625,404.9501953125,152.77001953125
9093,4953,5,0.0020198822021484375,454.16796875,131.0849609375,468.787109375,145.216796875
9094,4953,5,0.0018529891967773438,455.38623046875,133.521484375,469.51806640625,152.5263671875
9095,4953,5,0.0018243789672851562,223.6728515625,131.32861328125,235.85546875,144.48583984375
9096,4953,5,0.0017681121826171875,124.50634765625,136.20166015625,177.37890625,157.64306640625
9097,4953,5,0.0017271041870117188,417.6201171875,126.45556640625,425.4169921875,135.71435546875
9098,4953,5,0.0017271041870117188,124.99365234375,137.17626953125,154.962890625,156.18115234375
9099,4953,5,0.0017137527465820312,0.121826171875,116.953125,46.01983642578125,154.4755859375
9100,4953,5,0.0016937255859375,448.07666015625,131.572265625,469.51806640625,152.5263671875
9101,4953,5,0.0016107559204101562,0.8451690673828125,113.907470703125,31.4920654296875,133.521484375
9102,4953,5,0.00154876708984375,21.71551513671875,134.9833984375,45.71527099609375,149.6025390625
9103,4953,5,0.0015125274658203125,373.7626953125,128.6484375,390.3310546875,143.267578125
9104,4953,5,0.001461029052734375,112.2628173828125,136.4453125,145.46044921875,154.962890625
9105,4953,14,0.0014553070068359375,463.4267578125,127.673828125,475.1220703125,138.8818359375
9106,4953,14,0.0014162063598632812,381.5595703125,128.1611328125,396.1787109375,149.6025390625
9107,4953,5,0.0013990402221679688,437.84326171875,130.59765625,459.28466796875,144.2421875
9108,4953,5,0.0012941360473632812,110.009033203125,138.39453125,133.521484375,160.3232421875
9109,4953,5,0.0012645721435546875,103.7958984375,143.267578125,128.526611328125,166.658203125
9110,4953,5,0.0012254714965820312,434.91943359375,131.572265625,451.00048828125,143.267578125
9111,4953,5,0.0011739730834960938,167.998291015625,135.470703125,196.018310546875,150.08984375
9112,4953,5,0.0011692047119140625,0.03045654296875,113.5419921875,13.568389892578125,137.419921875
9113,4953,14,0.0011243820190429688,451.7314453125,128.6484375,470.2490234375,147.166015625
9114,4953,14,0.0011157989501953125,397.1533203125,124.75,407.8740234375,147.166015625
9115,4953,5,0.0011157989501953125,74.192138671875,137.17626953125,98.313720703125,153.74462890625
9116,4953,8,0.0011034011840820312,133.76513671875,173.48046875,145.94775390625,185.17578125
9117,4953,5,0.0010900497436523438,490.228515625,145.7041015625,499.0,173.48046875
9118,4956,14,0.77587890625,195.70361328125,49.69873046875,214.013671875,101.06201171875
9119,4956,8,0.7431640625,45.80487060546875,62.3017578125,98.089599609375,140.2978515625
9120,4956,14,0.6669921875,55.40576171875,33.52880859375,96.187255859375,69.19775390625
9121,4956,5,0.373779296875,117.1724853515625,60.63720703125,137.20654296875,80.13623046875
9122,4956,8,0.0313720703125,61.4100341796875,67.77099609375,92.6798095703125,140.06005859375
9123,4956,5,0.01090240478515625,135.77978515625,57.189208984375,149.09619140625,85.486572265625
9124,4956,8,0.00955963134765625,65.86865234375,91.07470703125,88.9345703125,139.3466796875
9125,4956,8,0.0079345703125,135.77978515625,56.119140625,147.19384765625,85.1298828125
9126,4956,8,0.00455474853515625,103.677734375,60.3994140625,115.32958984375,84.654296875
9127,4956,14,0.0028228759765625,483.1953125,86.0810546875,487.0,111.7626953125
9128,4956,14,0.0023784637451171875,482.244140625,72.7646484375,487.0,111.52490234375
9129,4956,14,0.001941680908203125,203.0751953125,52.55224609375,216.3916015625,95.35498046875
9130,4956,8,0.0014667510986328125,160.51025390625,68.72216796875,172.87548828125,86.31884765625
9131,4956,5,0.00133514404296875,469.87890625,1.3673095703125,487.0,23.779296875
9132,4956,14,0.0012845993041992188,0.0,59.21044921875,4.5700836181640625,94.40380859375
9133,4956,14,0.0012254714965820312,0.02600860595703125,57.78369140625,4.146514892578125,82.51416015625
9134,4963,2,0.89111328125,302.3740234375,180.0654296875,335.3779296875,218.8935546875
9135,4963,7,0.8388671875,341.6875,152.400390625,371.779296875,178.1240234375
9136,4964,15,0.9443359375,274.888671875,46.488525390625,324.349609375,94.284912109375
9137,4966,14,0.86865234375,186.759521484375,127.1865234375,212.099365234375,163.2470703125
9138,4966,14,0.83544921875,334.53466796875,89.90771484375,358.41259765625,151.5517578125
9139,4966,14,0.82421875,402.0263671875,98.9228515625,422.005859375,127.673828125
9140,4966,8,0.79052734375,202.353271484375,117.19677734375,227.205810546875,137.66357421875
9141,4966,14,0.77880859375,69.44091796875,117.68408203125,87.105712890625,149.84619140625
9142,4966,14,0.7607421875,42.4564208984375,127.673828125,61.0958251953125,153.013671875
9143,4966,14,0.75048828125,174.455078125,108.303466796875,192.4853515625,124.628173828125
9144,4966,5,0.71533203125,85.2783203125,124.99365234375,96.9736328125,133.76513671875
9145,4966,16,0.642578125,12.15216064453125,116.953125,37.27880859375,155.4501953125
9146,4966,14,0.363037109375,38.862548828125,122.922607421875,72.36474609375,134.49609375
9147,4966,14,0.329345703125,56.2227783203125,124.50634765625,71.0855712890625,137.17626953125
9148,4966,14,0.315673828125,88.93310546875,138.8818359375,100.993896484375,161.2978515625
9149,4966,14,0.303955078125,44.6492919921875,124.384521484375,70.5982666015625,136.9326171875
9150,4966,14,0.169921875,89.1767578125,138.8818359375,99.65380859375,152.5263671875
9151,4966,14,0.1500244140625,38.3143310546875,125.48095703125,66.7607421875,135.71435546875
9152,4966,14,0.1441650390625,38.618896484375,123.2880859375,55.674560546875,134.9833984375
9153,4966,14,0.1285400390625,29.0555419921875,121.09521484375,56.52734375,133.76513671875
9154,4966,14,0.11517333984375,37.76611328125,121.826171875,61.0958251953125,133.0341796875
9155,4966,14,0.0943603515625,37.3397216796875,119.3896484375,69.3800048828125,132.0595703125
9156,4966,16,0.05072021484375,21.6241455078125,119.63330078125,57.4410400390625,136.20166015625
9157,4966,16,0.038909912109375,24.745941162109375,119.63330078125,56.405517578125,150.33349609375
9158,4966,14,0.035675048828125,39.349853515625,125.359130859375,54.212646484375,148.6279296875
9159,4966,16,0.0285491943359375,25.61395263671875,121.3388671875,46.01983642578125,154.962890625
9160,4966,14,0.020416259765625,489.25390625,76.994140625,499.0,122.06982421875
9161,4966,14,0.0154266357421875,37.06561279296875,120.8515625,52.35479736328125,132.30322265625
9162,4966,14,0.01374053955078125,35.48187255859375,116.70947265625,60.33441162109375,129.623046875
9163,4966,8,0.01116180419921875,175.307861328125,100.8720703125,227.205810546875,163.2470703125
9164,4966,16,0.0108184814453125,29.131683349609375,125.2373046875,40.568115234375,154.962890625
9165,4966,5,0.0083465576171875,0.015228271484375,142.7802734375,15.6546630859375,160.810546875
9166,4966,16,0.0053863525390625,5.6649169921875,120.12060546875,34.35498046875,150.82080078125
9167,4966,5,0.00490570068359375,49.705078125,121.826171875,67.97900390625,134.9833984375
9168,4966,5,0.004608154296875,38.74072265625,121.09521484375,59.20751953125,132.79052734375
9169,4966,14,0.00455474853515625,93.440673828125,138.63818359375,111.227294921875,162.02880859375
9170,4966,14,0.00400543212890625,160.688720703125,103.430419921875,170.922119140625,124.384521484375
9171,4966,14,0.0038700103759765625,101.237548828125,142.7802734375,110.983642578125,161.2978515625
9172,4966,14,0.0036640167236328125,163.00341796875,112.080078125,171.28759765625,124.99365234375
9173,4966,5,0.0036640167236328125,100.506591796875,125.846435546875,108.547119140625,134.49609375
9174,4966,14,0.003040313720703125,165.43994140625,110.6181640625,172.74951171875,125.48095703125
9175,4966,14,0.00269317626953125,486.330078125,64.08056640625,499.0,123.2880859375
9176,4966,14,0.00254058837890625,34.2940673828125,126.577392578125,49.8878173828125,153.98828125
9177,4966,14,0.002471923828125,58.598388671875,123.653564453125,70.90283203125,142.29296875
9178,4966,14,0.001934051513671875,3.913665771484375,129.623046875,17.862762451171875,146.19140625
9179,4966,5,0.001918792724609375,72.6083984375,62.13134765625,103.06494140625,78.21240234375
9180,4966,14,0.0018825531005859375,156.18115234375,120.729736328125,164.95263671875,128.039306640625
9181,4966,14,0.0018243789672851562,158.252197265625,115.73486328125,165.561767578125,124.99365234375
9182,4966,14,0.0018100738525390625,100.750244140625,124.99365234375,108.303466796875,135.71435546875
9183,4966,14,0.00128936767578125,202.840576171875,116.4658203125,220.627197265625,129.623046875
9184,4966,5,0.0012645721435546875,96.24267578125,125.2373046875,106.7197265625,134.0087890625
9185,4966,14,0.0012350082397460938,186.88134765625,126.69921875,202.47509765625,143.267578125
9186,4966,14,0.0011510848999023438,166.536376953125,107.816162109375,175.551513671875,125.846435546875
9187,4966,14,0.0010900497436523438,158.861328125,119.14599609375,168.36376953125,125.96826171875
9188,4966,14,0.0010318756103515625,482.18798828125,76.141357421875,498.75634765625,121.217041015625
9189,4967,15,0.94140625,323.4765625,116.9970703125,403.388671875,191.6455078125
9190,4972,17,0.89501953125,246.2890625,45.9423828125,265.234375,65.8349609375
9191,4972,17,0.81396484375,78.031005859375,60.269775390625,99.107666015625,81.346435546875
9192,4972,2,0.00260162353515625,0.01110076904296875,84.54345703125,5.1507568359375,123.38134765625
9193,4972,15,0.0016355514526367188,0.0,78.85986328125,5.520782470703125,119.11865234375
9194,4974,2,0.89990234375,392.0595703125,102.43212890625,428.3525390625,144.93310546875
9195,4974,7,0.83544921875,382.5087890625,62.79638671875,414.0263671875,85.71826171875
9196,4987,9,0.8916015625,320.80078125,143.798828125,337.40234375,159.423828125
9197,4987,9,0.86328125,353.759765625,128.662109375,369.384765625,142.333984375
9198,4987,10,0.861328125,274.4140625,128.90625,291.015625,142.578125
9199,4987,10,0.85498046875,341.796875,91.552734375,355.95703125,104.736328125
9200,4987,11,0.8427734375,387.20703125,142.08984375,404.78515625,155.76171875
9201,4987,17,0.830078125,324.70703125,114.501953125,337.40234375,126.708984375
9202,4987,17,0.82763671875,303.22265625,120.361328125,316.40625,133.056640625
9203,4992,8,0.85693359375,328.61328125,91.552734375,499.51171875,232.666015625
9204,4992,8,0.81396484375,52.215576171875,122.314453125,85.44921875,145.751953125
9205,4992,14,0.75341796875,200.68359375,93.994140625,220.21484375,141.6015625
9206,4992,14,0.72802734375,127.685546875,100.341796875,150.390625,168.701171875
9207,4992,14,0.71240234375,247.314453125,109.86328125,264.892578125,138.671875
9208,4992,14,0.5390625,153.3203125,114.2578125,167.724609375,141.11328125
9209,4992,14,0.1417236328125,360.107421875,84.716796875,403.564453125,163.330078125
9210,4992,8,0.09979248046875,112.548828125,92.041015625,174.8046875,167.724609375
9211,4992,8,0.03759765625,483.3984375,148.681640625,500.0,223.388671875
9212,4992,8,0.007904052734375,476.5625,135.009765625,500.0,223.876953125
9213,4992,14,0.007694244384765625,342.529296875,88.134765625,360.107421875,130.615234375
9214,4992,14,0.006389617919921875,159.0576171875,118.408203125,168.3349609375,141.357421875
9215,4992,8,0.004924774169921875,342.7734375,87.158203125,360.3515625,131.34765625
9216,4992,8,0.00441741943359375,480.95703125,85.44921875,500.0,115.234375
9217,4992,14,0.004329681396484375,155.2734375,114.2578125,175.78125,141.11328125
9218,4992,14,0.0041351318359375,148.5595703125,113.76953125,158.8134765625,140.380859375
9219,4992,14,0.0038547515869140625,366.69921875,84.716796875,396.97265625,136.71875
9220,4992,14,0.0033893585205078125,487.3046875,84.3505859375,500.0,113.6474609375
9221,4992,8,0.00279998779296875,391.6015625,94.23828125,500.0,227.05078125
9222,4992,8,0.002704620361328125,51.08642578125,121.09375,68.17626953125,141.11328125
9223,4992,8,0.0025310516357421875,434.5703125,81.787109375,500.0,226.806640625
9224,4992,14,0.0025119781494140625,163.0859375,123.4130859375,175.29296875,141.11328125
9225,4992,14,0.0021648406982421875,367.1875,84.228515625,391.6015625,104.248046875
9226,4992,14,0.0020999908447265625,370.361328125,85.0830078125,398.193359375,118.7744140625
9227,4992,8,0.0018243789672851562,468.75,113.525390625,500.0,222.900390625
9228,4992,14,0.0011920928955078125,495.1171875,84.47265625,500.0,115.72265625
9229,4992,14,0.0010528564453125,355.46875,85.693359375,391.6015625,137.451171875
