id,image_id,class_id,confidence,x1,y1,x2,y2
0,1,13,0.88681,176.59,72.47,210.66,107.88
1,1,3,0.87424,133.83,136.9,195.72,180.58
2,1,3,0.87239,204.55,128.97,276.35,167.28
3,1,1,0.86809,241.97,68.69,276.1,104.97
4,1,3,0.86187,271.58,93.15,341.29,130.14
5,1,3,0.00132,176.84,134.05,233.82,175.37
6,2,11,0.9248,374.39,110.99,412.58,144.64
7,2,10,0.90371,251.24,66.37,286.11,101.71
8,2,10,0.85943,251.41,162.39,284.3,199.83
9,2,11,0.10946,165.64,198.64,203.58,241.03
10,2,12,0.02294,166.32,198.05,203.26,242.34
11,2,13,0.00657,166.42,198.02,203.23,242.22
12,2,2,0.00555,251.23,65.8,284.88,101.51
13,2,2,0.00332,282.43,21.5,317.27,70.05
14,2,3,0.00297,166.37,198.29,203.39,242.64
15,2,2,0.00167,251.05,162.14,283.99,199.66
16,2,3,0.00166,137.37,149.32,165.07,182.54
17,2,8,0.00117,102.03,230.11,122.96,247.81
18,2,5,0.00112,374.11,110.45,412.35,144.39
19,16,2,0.86146,297.71,164.92,318.89,192.35
20,16,2,0.83813,407.97,167.64,427.49,194.91
21,16,2,0.00673,502.25,171.42,506.0,198.53
22,16,2,0.00206,499.55,168.58,506.0,197.87
23,16,2,0.00111,202.89,130.65,222.45,154.5
24,19,8,0.87075,0.02,93.44,109.54,162.43
25,19,14,0.8233,370.5,22.66,394.5,78.65
26,19,5,0.76403,104.29,4.9,174.91,41.9
27,19,14,0.66881,346.75,28.54,362.67,65.54
28,19,14,0.51573,358.11,24.88,371.3,66.2
29,19,8,0.00571,0.02,94.78,35.15,180.1
30,19,8,0.004,361.04,20.01,405.89,77.0
31,19,8,0.00159,0.0,115.63,19.59,181.99
32,20,14,0.78434,96.73,82.91,124.87,154.0
33,20,5,0.77113,37.18,101.35,59.46,119.95
34,20,8,0.35527,95.99,92.05,124.75,133.8
35,20,8,0.01304,0.07,100.62,6.46,125.17
36,20,5,0.01082,70.15,101.35,88.18,119.67
37,20,8,0.00967,441.24,128.6,488.66,191.86
38,20,5,0.00875,0.04,102.31,6.6,125.41
39,20,14,0.00521,105.76,84.36,120.86,100.73
40,20,14,0.00521,0.01,89.37,6.31,124.86
41,20,14,0.00479,437.99,123.95,468.93,190.65
42,20,8,0.00297,438.76,130.92,469.36,190.84
43,20,14,0.00282,439.72,123.54,489.0,192.02
44,20,15,0.0028,380.49,114.68,406.47,138.56
45,20,5,0.00267,0.0,82.0,6.55,126.01
46,20,8,0.00234,454.46,141.33,479.41,191.83
47,20,8,0.00207,97.2,100.31,124.67,150.41
48,20,8,0.0018,91.58,81.34,127.12,153.95
49,20,8,0.00143,435.53,133.75,457.69,174.23
50,20,8,0.0012,455.46,150.64,489.0,192.36
51,20,16,0.00102,404.41,132.11,413.13,142.32
52,23,7,0.90431,252.65,73.59,329.26,144.84
53,23,15,0.71365,91.03,90.87,147.61,155.94
54,27,15,0.8851,278.42,0.0,298.75,19.09
55,27,15,0.87467,228.26,4.58,244.52,21.85
56,29,0,0.89959,205.8,182.28,253.79,229.75
57,29,12,0.89493,140.86,152.38,181.47,195.19
58,29,1,0.89179,78.33,125.27,120.84,167.86
59,29,3,0.82515,179.91,118.03,261.31,174.72
60,29,3,0.31071,55.35,211.18,158.26,235.0
61,29,4,0.06645,57.7,211.17,157.52,235.0
62,29,4,0.02269,56.41,210.57,106.67,234.82
63,29,4,0.01978,116.89,226.21,158.26,234.92
64,29,4,0.009,71.87,221.48,158.64,235.0
65,29,4,0.00711,90.17,225.92,158.82,235.0
66,29,3,0.00513,71.32,210.95,158.12,235.0
67,29,3,0.0029,18.19,111.18,53.78,145.91
68,30,3,0.89737,267.22,64.32,330.46,116.86
69,30,1,0.88825,162.03,33.83,201.08,75.95
70,30,3,0.88718,208.69,9.79,259.83,65.92
71,30,13,0.88549,148.53,83.54,191.02,127.42
72,30,3,0.88203,265.57,120.43,341.76,180.22
73,30,4,0.00107,266.73,121.36,343.22,178.04
74,31,2,0.86992,50.55,92.59,77.5,108.63
75,31,2,0.8427,92.01,54.97,111.08,79.15
76,32,5,0.7707,0.0,110.82,19.55,128.94
77,32,14,0.33448,338.03,133.52,354.47,175.13
78,32,5,0.03896,28.96,110.86,44.53,126.08
79,32,5,0.00441,317.57,140.99,334.08,152.7
80,32,5,0.00208,65.33,216.35,75.1,226.22
81,32,14,0.00138,83.44,108.11,93.12,141.68
82,32,14,0.00113,331.28,145.15,339.53,172.4
83,48,12,0.82249,98.62,174.34,147.43,220.51
84,48,12,0.82234,349.57,155.45,399.44,202.25
85,48,12,0.60989,221.7,74.56,267.92,119.64
86,48,13,0.42243,221.49,74.0,268.29,120.07
87,48,1,0.00807,221.19,74.66,268.04,120.14
88,48,10,0.00438,220.06,74.13,267.31,119.26
89,48,2,0.00176,221.87,74.52,267.93,119.71
90,48,11,0.0015,349.24,154.66,399.29,202.97
91,100,2,0.85939,183.37,3.82,210.29,34.67
92,100,2,0.83933,29.82,25.59,58.31,55.75
93,100,17,0.029,0.07,0.0,9.1,14.26
94,100,2,0.02819,221.95,0.16,250.9,19.91
95,100,2,0.00151,0.0,0.0,6.74,22.99
96,100,2,0.00148,0.12,0.0,9.17,17.86
97,106,13,0.32856,303.73,149.55,355.96,199.59
98,106,4,0.31068,141.98,137.93,235.42,225.48
99,106,3,0.10826,141.24,137.12,238.63,222.06
100,106,14,0.04304,199.67,5.93,260.6,88.06
101,106,4,0.01366,144.67,166.77,225.23,225.47
102,106,3,0.00549,289.51,70.98,378.88,149.6
103,106,14,0.00271,158.14,3.5,265.54,136.99
104,106,2,0.00189,0.03,31.64,3.58,66.42
105,106,2,0.00106,0.03,31.26,11.27,66.15
106,107,15,0.90384,103.59,156.31,122.36,172.84
107,107,15,0.89732,131.3,153.44,146.8,167.91
108,112,2,0.85104,295.39,57.1,315.65,83.74
109,112,2,0.83392,408.38,53.12,436.42,76.99
110,112,2,0.00104,0.09,23.79,6.84,52.67
111,116,5,0.79419,34.59,121.27,77.86,150.76
112,116,5,0.75721,117.27,110.35,152.58,144.13
113,116,5,0.60552,100.64,118.65,118.15,139.14
114,116,5,0.57371,317.25,108.18,331.8,128.86
115,116,14,0.10557,404.63,103.41,421.3,131.65
116,116,5,0.08478,78.55,119.88,102.66,139.82
117,116,5,0.03281,165.46,113.92,181.03,129.72
118,116,5,0.01998,274.79,88.95,320.28,134.78
119,116,5,0.0116,180.65,113.9,193.84,128.26
120,116,5,0.01076,0.06,120.19,27.21,150.92
121,116,5,0.00569,87.9,119.54,108.36,139.21
122,116,5,0.00481,240.05,113.31,251.48,127.19
123,116,5,0.0032,0.04,120.16,13.37,156.34
124,116,5,0.00275,74.02,120.91,96.08,140.46
125,116,5,0.00248,160.39,112.37,180.73,132.24
126,116,5,0.00182,155.1,109.73,177.35,133.27
127,117,2,0.86589,403.55,182.76,431.26,204.51
128,117,2,0.85342,366.45,139.03,386.32,165.53
129,117,2,0.00101,494.22,117.59,497.0,144.85
130,118,2,0.86334,143.6,37.8,169.68,54.66
131,118,2,0.86091,68.37,37.48,89.87,64.68
132,122,5,0.70526,64.77,79.06,81.37,93.0
133,122,5,0.66181,209.06,73.93,231.33,93.61
134,122,5,0.65619,156.95,73.66,184.51,95.1
135,122,5,0.65276,89.11,79.16,105.12,93.18
136,122,5,0.60559,230.03,73.53,264.75,99.82
137,122,5,0.04546,76.52,79.3,84.28,92.18
138,122,5,0.03426,150.53,74.44,164.95,94.69
139,122,5,0.02732,71.62,79.1,84.87,93.18
140,122,5,0.00755,79.0,78.85,88.6,90.7
141,122,5,0.00667,308.92,69.28,338.28,95.8
142,122,5,0.00661,270.22,71.28,304.06,98.87
143,122,5,0.00491,189.38,73.63,204.29,91.76
144,122,5,0.00381,80.8,78.1,89.66,88.26
145,122,5,0.00343,268.76,72.95,291.77,95.45
146,122,5,0.00341,59.7,80.34,68.34,89.97
147,122,5,0.00303,59.17,76.07,75.51,89.94
148,122,5,0.00252,151.77,74.24,175.83,95.07
149,122,5,0.00223,122.09,77.1,136.18,92.92
150,128,15,0.88376,231.16,45.03,250.82,63.85
151,128,15,0.88191,181.24,49.29,196.93,66.02
152,128,14,0.00155,458.94,188.41,475.0,234.15
153,128,14,0.00104,456.34,189.49,475.0,211.96
154,130,14,0.88362,282.0,101.36,346.09,230.72
155,130,14,0.84684,177.42,121.01,209.07,208.37
156,130,14,0.81972,142.17,127.25,171.26,204.55
157,130,14,0.81051,205.8,125.51,227.65,209.05
158,130,5,0.64449,389.64,179.31,465.86,221.74
159,130,14,0.02853,276.89,128.96,300.61,221.18
160,130,5,0.00309,493.1,157.03,500.0,181.31
161,130,8,0.00167,136.81,123.4,183.08,205.33
162,138,5,0.78714,307.62,113.52,356.28,153.85
163,138,5,0.74376,141.44,115.87,178.48,148.93
164,138,5,0.67466,99.09,121.5,134.82,150.93
165,138,5,0.6458,0.03,124.79,23.07,155.15
166,138,5,0.4292,56.12,125.77,95.65,153.2
167,138,14,0.28471,447.14,114.29,466.47,154.37
168,138,14,0.23055,391.65,111.42,405.14,139.18
169,138,5,0.01875,174.05,119.94,189.9,145.0
170,138,14,0.0074,447.62,105.96,475.72,156.6
171,138,5,0.00199,28.68,127.82,61.78,152.2
172,138,5,0.00167,129.13,121.99,143.7,145.38
173,140,11,0.83415,210.09,99.73,237.12,124.51
174,140,10,0.78132,193.2,147.51,225.8,179.22
175,140,12,0.51135,273.19,134.74,302.22,158.95
176,140,6,0.00132,109.12,150.22,153.05,248.11
177,145,2,0.84537,117.24,78.0,151.19,121.1
178,145,17,0.84256,175.93,52.23,194.13,70.85
179,145,17,0.83709,224.59,140.74,244.77,161.48
180,145,2,0.00249,388.63,139.6,416.7,167.52
181,149,2,0.85547,153.38,19.92,181.68,48.85
182,149,2,0.85497,303.08,0.47,330.16,29.83
183,152,17,0.87354,437.26,59.01,451.16,72.56
184,152,17,0.87207,414.17,67.5,427.64,81.28
185,152,10,0.85317,376.13,21.43,392.49,35.47
186,152,10,0.84072,368.22,62.56,385.18,77.02
187,152,10,0.83428,351.75,28.53,365.64,43.66
188,152,11,0.82132,416.98,25.12,434.89,38.79
189,152,11,0.79433,393.72,46.58,408.9,61.51
190,152,10,0.44674,347.54,48.07,362.83,64.43
191,152,17,0.24249,347.65,48.09,362.69,64.38
192,152,9,0.0019,437.16,59.31,451.1,72.38
193,152,13,0.00157,375.99,21.48,392.9,35.41
194,161,7,0.91204,363.21,217.37,394.87,246.06
195,161,7,0.84565,398.93,118.57,422.88,137.82
196,161,17,0.78095,431.51,176.5,448.27,193.23
197,161,17,0.77596,346.6,157.35,363.63,174.91
198,167,2,0.84375,363.59,126.23,391.52,161.84
199,167,17,0.76081,312.38,173.17,329.62,190.04
200,167,17,0.738,394.55,193.4,412.85,211.03
201,167,2,0.01267,312.58,173.53,329.12,189.03
202,183,17,0.83971,155.81,79.51,177.64,101.27
203,183,17,0.83404,281.07,17.49,299.97,37.87
204,186,14,0.8505,270.39,135.95,301.71,214.13
205,186,14,0.83664,170.77,126.45,205.25,205.95
206,186,14,0.78976,353.62,130.94,386.59,224.97
207,186,14,0.74659,131.28,121.01,161.64,202.43
208,186,14,0.73675,200.67,113.36,235.76,216.57
209,186,14,0.71187,306.33,121.93,356.15,229.28
210,186,5,0.64499,390.49,179.75,461.72,220.69
211,186,5,0.0102,491.08,157.74,500.0,183.54
212,186,5,0.00172,489.84,159.93,500.0,192.46
213,200,2,0.84855,309.59,153.21,330.17,180.2
214,200,2,0.84091,422.61,148.27,451.82,172.43
215,200,2,0.01997,479.57,139.91,495.0,161.12
216,200,2,0.00702,491.56,140.58,495.0,162.01
217,200,2,0.00264,485.92,141.16,495.0,162.31
218,200,2,0.0015,492.0,144.38,495.0,169.61
219,206,2,0.86394,371.04,77.7,397.26,93.3
220,206,2,0.85947,411.33,39.65,430.31,64.32
221,206,2,0.00271,279.72,236.23,295.1,250.74
222,209,17,0.84534,125.23,136.16,157.91,168.43
223,209,17,0.79147,296.64,22.22,322.96,49.91
224,209,2,0.00513,124.64,136.11,158.01,168.4
225,209,11,0.00489,296.61,22.54,323.12,50.14
226,209,17,0.00186,130.06,156.47,155.8,169.0
227,212,12,0.6972,300.23,165.04,334.59,195.6
228,212,9,0.66135,168.71,158.51,203.6,186.52
229,212,11,0.33349,309.52,94.17,334.35,120.47
230,212,13,0.24248,422.56,119.46,449.46,147.15
231,212,11,0.073,422.46,119.59,449.42,146.75
232,212,13,0.05548,309.57,94.09,334.43,120.62
233,212,12,0.02613,422.22,119.56,449.48,146.8
234,212,9,0.00376,301.05,165.32,334.47,195.46
235,212,11,0.00141,300.74,165.05,334.68,195.53
236,214,12,0.82639,72.12,84.11,116.54,125.31
237,214,12,0.60006,235.52,0.0,276.51,20.16
238,214,12,0.43137,222.68,80.14,272.25,127.17
239,214,13,0.27483,222.46,79.53,272.41,127.45
240,214,13,0.08791,235.66,0.0,276.55,20.12
241,214,1,0.02092,222.97,80.15,271.38,127.29
242,214,13,0.00208,223.25,80.31,246.57,127.57
243,214,1,0.00169,235.8,0.0,276.12,19.73
244,214,2,0.00151,235.72,0.0,276.32,19.99
245,221,2,0.80984,355.46,166.76,370.52,182.71
246,221,15,0.78586,231.51,154.14,249.98,172.25
247,221,2,0.73946,436.55,153.01,451.48,168.97
248,223,14,0.58067,410.1,22.47,426.52,61.91
249,223,14,0.03272,442.65,40.28,481.58,95.54
250,223,14,0.01777,408.64,1.82,426.85,61.32
251,223,14,0.00877,487.76,0.86,494.0,87.24
252,223,14,0.00721,484.98,1.72,494.0,54.85
253,223,3,0.00605,293.35,202.6,367.32,229.85
254,223,14,0.00271,487.17,8.55,494.0,47.97
255,223,14,0.00136,491.21,30.83,494.0,66.4
256,223,14,0.0012,440.3,40.7,482.96,127.01
257,223,14,0.0011,486.12,49.05,494.0,146.56
258,232,17,0.85788,278.3,98.47,303.11,122.65
259,232,17,0.82448,135.22,94.06,160.15,116.19
260,233,15,0.93529,147.89,150.91,199.97,207.25
261,233,15,0.90337,273.29,154.05,311.33,197.45
262,235,16,0.86658,2.56,114.81,25.34,142.66
263,235,16,0.8423,25.89,112.2,46.98,139.99
264,235,16,0.81096,47.09,110.68,66.85,136.38
265,235,16,0.67035,66.88,108.28,86.12,132.96
266,235,5,0.66667,354.37,73.1,375.99,91.45
267,235,14,0.63762,291.89,64.05,305.72,108.01
268,235,16,0.35429,85.28,107.1,101.48,129.93
269,235,16,0.21177,100.62,105.91,114.83,127.78
270,235,16,0.10797,114.52,104.44,128.92,125.98
271,235,16,0.07088,127.58,103.45,140.13,124.16
272,235,16,0.03799,139.95,102.24,153.95,121.68
273,235,16,0.03541,0.0,118.91,2.44,136.77
274,235,16,0.03289,201.36,95.84,210.18,111.32
275,235,16,0.02993,153.38,100.12,164.71,119.35
276,235,16,0.02924,184.2,96.89,194.64,114.56
277,235,16,0.0251,163.98,99.19,175.18,118.3
278,235,16,0.02288,193.67,96.15,201.92,113.23
279,235,16,0.02215,174.36,97.97,184.54,115.98
280,235,16,0.01733,209.01,95.88,218.13,111.11
281,235,16,0.00819,213.56,87.95,224.18,99.11
282,235,16,0.00771,252.52,88.13,261.37,97.59
283,235,16,0.00648,0.19,114.8,10.77,141.28
284,235,16,0.00175,209.62,88.57,221.44,110.9
285,235,16,0.00141,0.0,127.85,2.13,144.85
286,245,5,0.81418,135.03,176.15,168.08,200.61
287,245,5,0.79916,364.77,229.86,424.08,246.68
288,245,5,0.73707,172.44,178.46,205.63,199.34
289,245,5,0.665,71.04,148.99,91.26,167.13
290,245,5,0.58787,134.02,163.21,152.55,177.22
291,245,5,0.53395,20.05,133.49,35.47,147.81
292,245,5,0.2541,20.81,132.74,34.15,141.33
293,245,5,0.22973,207.24,178.74,242.45,204.12
294,245,8,0.20812,19.91,168.94,30.92,180.83
295,245,5,0.20642,207.76,178.94,266.55,231.82
296,245,14,0.02119,17.62,160.7,25.63,170.57
297,245,5,0.01842,70.89,145.74,90.1,155.59
298,245,5,0.01793,191.92,197.47,266.52,234.12
299,245,5,0.01745,207.59,179.2,250.6,213.04
300,245,5,0.01388,218.94,191.67,266.15,233.22
301,245,8,0.01139,19.17,166.83,26.15,171.77
302,245,14,0.00924,17.83,159.06,24.65,165.52
303,245,8,0.00854,16.35,161.83,24.39,170.87
304,245,14,0.00681,19.43,158.6,26.12,165.95
305,245,5,0.00671,157.08,161.68,186.27,186.56
306,245,5,0.00467,134.25,162.76,151.58,172.04
307,245,8,0.00302,17.39,164.65,23.1,171.44
308,245,5,0.00293,0.0,142.73,4.31,166.58
309,245,5,0.00248,19.59,169.76,31.03,180.92
310,245,5,0.0022,351.88,229.69,403.11,246.27
311,245,5,0.00207,138.52,161.34,185.83,188.07
312,245,5,0.00137,266.85,152.27,314.87,165.99
313,245,14,0.00113,0.01,189.43,3.98,216.73
314,245,14,0.00108,0.03,181.64,6.07,206.01
315,245,5,0.00106,134.55,153.98,146.16,163.24
316,247,15,0.87867,141.08,59.88,163.11,84.21
317,247,15,0.86246,207.24,57.91,230.64,84.78
318,257,5,0.78963,151.58,181.94,190.12,208.2
319,257,5,0.06929,385.12,195.13,437.64,244.35
320,257,5,0.00603,329.93,173.46,418.87,226.95
321,257,5,0.00411,138.41,141.86,148.01,148.89
322,257,5,0.00315,313.98,221.0,385.23,246.45
323,257,5,0.00145,312.39,224.7,352.75,246.3
324,257,5,0.00138,231.96,192.77,272.17,210.22
325,297,15,0.92731,340.34,4.94,381.65,51.94
326,297,15,0.90719,325.57,113.22,366.01,158.28
327,300,2,0.86428,394.54,43.07,414.98,72.87
328,300,2,0.85521,293.36,52.13,316.45,80.58
329,304,2,0.87259,232.12,97.1,255.7,132.73
330,304,2,0.8229,239.27,18.87,265.63,40.7
331,308,3,0.90582,284.43,136.88,330.42,188.06
332,308,13,0.88415,324.68,80.45,358.06,115.33
333,308,1,0.86419,377.47,100.84,414.09,138.29
334,308,3,0.8476,362.35,149.5,454.27,178.31
335,308,3,0.84607,212.21,130.01,285.59,156.04
336,308,14,0.00149,0.0,93.14,20.57,210.36
337,316,10,0.82093,85.5,105.0,101.84,119.28
338,316,17,0.76697,149.79,135.12,163.51,148.91
339,316,17,0.71247,128.28,146.62,141.57,160.7
340,316,10,0.68578,61.5,115.33,75.45,130.62
341,316,11,0.51381,126.37,104.28,143.76,117.66
342,316,11,0.40281,105.72,128.29,120.6,143.71
343,316,10,0.35234,59.46,135.84,74.6,152.5
344,316,10,0.27937,82.05,147.84,98.98,162.45
345,316,9,0.13145,59.49,135.78,74.87,152.3
346,316,1,0.04538,81.9,147.66,99.1,162.61
347,316,13,0.00389,106.23,128.79,121.45,144.2
348,316,13,0.00203,128.02,146.91,141.66,160.84
349,318,8,0.88179,174.75,16.73,240.32,124.7
350,318,14,0.83175,397.05,2.48,426.62,74.0
351,318,14,0.79157,54.11,23.91,72.21,68.95
352,318,14,0.75797,143.59,20.31,160.01,59.91
353,318,8,0.70824,159.03,10.25,182.83,59.81
354,318,14,0.5609,22.95,20.93,47.83,69.8
355,318,14,0.5117,158.9,11.5,181.52,59.74
356,318,8,0.02625,0.08,35.52,6.56,74.99
357,318,8,0.00683,146.76,11.4,187.75,65.93
358,318,5,0.0065,276.82,20.52,318.74,50.36
359,318,8,0.00565,183.39,16.53,240.95,55.07
360,318,14,0.00443,70.74,24.31,82.14,46.97
361,318,8,0.00254,0.01,30.43,4.62,71.18
362,318,8,0.0017,392.92,2.29,444.63,74.42
363,318,14,0.00161,396.83,24.87,423.24,71.28
364,318,8,0.00137,44.94,23.1,86.74,70.93
365,318,14,0.00132,0.0,43.9,4.64,77.7
366,318,8,0.00114,0.02,27.39,5.85,88.94
367,319,15,0.89176,134.58,160.04,157.05,182.55
368,319,15,0.8856,86.0,151.91,107.89,171.47
369,329,8,0.74765,414.64,5.84,491.0,69.18
370,329,8,0.18399,470.32,2.76,491.0,56.98
371,329,14,0.02005,0.0,57.88,11.38,154.89
372,329,15,0.01908,242.74,77.82,291.66,115.46
373,329,8,0.00746,431.58,1.86,491.0,56.92
374,329,14,0.007,0.0,27.04,84.79,226.0
375,329,8,0.00699,477.01,9.99,491.0,55.95
376,329,8,0.00572,483.49,10.51,491.0,55.51
377,329,14,0.00257,0.0,27.48,43.09,200.1
378,329,8,0.00253,478.03,0.0,491.0,41.75
379,329,8,0.00241,0.01,11.8,13.2,74.38
380,329,14,0.00233,128.28,156.56,139.57,170.22
381,329,8,0.00158,0.0,6.64,32.12,164.26
382,329,14,0.00157,0.02,17.31,30.37,171.44
383,329,14,0.00145,482.48,41.34,491.0,115.29
384,331,7,0.92407,109.35,62.39,174.06,112.04
385,331,7,0.92108,168.48,15.49,235.34,60.69
386,331,14,0.00699,0.42,22.96,34.82,231.06
387,331,14,0.00408,0.0,20.67,70.58,229.92
388,343,17,0.82114,31.67,76.08,54.68,98.81
389,343,17,0.61871,160.17,12.26,179.66,32.49
390,343,11,0.00263,160.08,12.35,179.7,32.91
391,348,16,0.85591,0.41,100.81,22.05,129.87
392,348,8,0.84459,378.88,83.54,406.93,114.36
393,348,16,0.83775,66.57,99.97,85.65,125.54
394,348,16,0.83438,45.39,101.1,66.06,128.72
395,348,16,0.82119,23.41,101.88,44.65,129.75
396,348,14,0.80063,380.71,64.84,405.21,88.88
397,348,16,0.76985,86.71,98.53,104.8,122.83
398,348,16,0.6652,104.21,98.62,119.93,121.0
399,348,16,0.62849,119.3,97.69,133.17,119.4
400,348,16,0.62554,133.43,97.61,146.86,117.59
401,348,16,0.58584,158.34,96.71,171.31,114.5
402,348,16,0.57548,145.98,97.1,158.11,115.67
403,348,16,0.55853,269.96,88.17,278.25,97.17
404,348,8,0.55276,412.22,82.18,426.88,99.49
405,348,16,0.52835,192.59,94.72,201.56,111.26
406,348,16,0.51313,202.0,94.58,212.01,110.4
407,348,16,0.48416,211.55,93.84,219.72,109.25
408,348,16,0.47142,182.4,94.52,192.91,112.61
409,348,16,0.45785,171.56,95.45,182.64,113.3
410,348,16,0.45173,219.49,94.14,227.61,108.48
411,348,16,0.4494,226.99,93.47,235.11,107.14
412,348,16,0.31222,231.82,87.06,240.39,95.95
413,348,14,0.13204,412.27,75.5,422.0,87.52
414,348,16,0.07251,229.14,94.03,237.14,107.54
415,348,14,0.02836,415.12,76.05,426.21,87.99
416,348,16,0.02018,231.49,94.3,240.81,107.32
417,348,16,0.01976,0.02,104.39,4.0,128.1
418,348,16,0.01751,279.25,83.81,286.46,91.95
419,348,16,0.01599,191.02,95.29,205.44,109.4
420,348,14,0.01221,382.28,79.46,404.21,89.25
421,348,16,0.00846,311.42,88.08,321.19,102.76
422,348,5,0.00733,370.39,80.06,381.2,95.44
423,348,14,0.00448,485.06,14.78,499.0,110.07
424,348,16,0.0042,0.0,111.61,3.46,130.11
425,348,16,0.00407,318.72,87.98,334.14,103.57
426,348,14,0.00293,407.74,75.47,420.71,87.72
427,348,16,0.00282,0.0,113.64,2.82,136.32
428,348,16,0.00277,277.74,85.37,284.45,92.15
429,348,16,0.00272,308.05,87.91,314.01,101.1
430,348,16,0.00263,279.17,77.68,289.13,92.41
431,348,16,0.00263,0.0,101.28,2.9,123.17
432,348,16,0.00224,219.06,90.48,227.4,95.63
433,348,16,0.00199,232.22,98.4,240.81,108.07
434,348,16,0.00196,302.26,87.3,310.48,101.66
435,348,16,0.00164,255.63,89.54,264.86,98.68
436,348,16,0.00156,267.93,89.15,280.71,103.79
437,348,16,0.00152,330.44,93.04,337.17,103.47
438,348,16,0.00136,266.7,88.45,277.38,97.86
439,348,16,0.00113,0.05,99.87,1.62,112.98
440,348,16,0.00108,171.41,95.69,196.54,110.76
441,348,8,0.00102,369.52,79.92,380.45,95.38
442,348,16,0.00102,266.9,91.49,276.22,98.53
443,348,16,0.001,0.04,97.18,1.39,103.82
444,348,14,0.001,215.9,76.62,228.71,93.54
445,354,15,0.85925,131.76,45.95,153.35,68.9
446,354,15,0.8254,93.57,87.36,114.52,105.53
447,354,7,0.79614,182.3,84.36,203.52,102.35
448,354,7,0.73334,39.03,85.09,57.87,105.12
449,354,7,0.28185,188.61,58.36,200.3,67.49
450,354,17,0.00343,61.79,53.64,77.47,66.93
451,354,7,0.00329,187.33,54.27,200.37,67.05
452,355,15,0.882,384.48,170.15,405.4,190.59
453,355,15,0.8786,264.73,174.18,285.65,197.17
454,355,14,0.00624,478.63,155.66,488.0,252.3
455,355,5,0.00404,401.68,213.77,486.15,254.76
456,355,14,0.00116,480.69,211.16,488.0,255.0
457,359,17,0.85809,403.15,133.59,426.78,154.21
458,359,17,0.54458,235.7,165.7,260.59,188.09
459,366,15,0.89147,380.51,17.51,399.89,34.29
460,366,15,0.8845,407.44,12.14,423.91,26.95
461,366,5,0.6379,0.66,32.98,316.44,228.91
462,366,8,0.00328,0.0,21.81,49.46,208.98
463,366,5,0.00184,115.42,26.48,435.13,225.59
464,366,8,0.00117,0.0,36.34,81.97,230.0
465,369,2,0.84871,274.83,144.23,312.93,187.94
466,369,17,0.80575,409.25,171.92,429.75,192.58
467,369,17,0.76181,305.07,97.56,321.99,115.94
468,382,15,0.91283,103.62,92.98,122.74,111.51
469,382,15,0.8964,52.25,93.72,67.07,109.91
470,382,5,0.00217,481.2,207.17,492.0,244.72
471,382,5,0.00164,486.99,212.41,492.0,234.28
472,383,10,0.8851,109.99,70.24,126.9,84.81
473,383,17,0.88311,177.06,58.21,190.45,71.87
474,383,10,0.88099,112.76,27.59,129.38,41.88
475,383,17,0.84288,155.63,69.62,169.12,83.44
476,383,10,0.82083,89.26,37.96,103.34,53.36
477,383,11,0.81193,153.36,27.09,171.02,40.7
478,383,11,0.6688,133.36,50.94,148.19,66.37
479,383,17,0.18469,87.55,58.32,102.74,74.93
480,383,10,0.16068,87.46,58.43,102.62,75.08
481,384,2,0.85474,154.28,153.09,184.91,180.86
482,384,2,0.84344,30.08,144.48,66.35,172.76
483,384,2,0.01904,486.48,68.91,491.0,94.71
484,384,2,0.0083,480.15,51.66,491.0,73.67
485,384,2,0.00763,482.31,68.72,491.0,95.38
486,384,17,0.00148,137.47,2.63,153.18,16.01
487,384,11,0.0013,160.46,1.93,171.58,14.7
488,385,15,0.94283,281.47,103.52,353.51,172.84
489,385,15,0.93335,116.33,111.74,175.53,171.64
490,385,15,0.00169,323.71,101.15,333.14,107.89
491,392,5,0.78975,36.18,84.41,56.74,102.36
492,392,14,0.77045,265.23,67.48,277.85,113.21
493,392,16,0.09319,0.06,90.87,5.51,113.64
494,392,8,0.01328,73.66,86.23,83.36,105.28
495,392,14,0.01111,7.34,75.44,20.25,100.52
496,392,16,0.0087,482.37,77.03,487.0,99.3
497,392,14,0.00639,71.09,76.63,82.7,87.7
498,392,16,0.00627,6.94,75.6,20.24,100.33
499,392,14,0.006,269.21,77.47,278.94,113.63
500,392,14,0.0054,272.86,78.69,281.04,112.58
501,392,16,0.00535,16.11,91.17,24.1,104.82
502,392,16,0.005,275.35,109.43,280.58,114.97
503,392,14,0.00467,0.0,78.18,3.9,110.14
504,392,14,0.00431,479.71,74.82,487.0,118.85
505,392,16,0.00428,16.78,97.34,24.12,105.39
506,392,16,0.00325,479.97,76.58,487.0,103.87
507,392,8,0.00319,69.3,85.18,82.07,104.23
508,392,14,0.00292,479.22,69.03,487.0,186.96
509,392,16,0.00278,0.0,95.57,2.65,119.55
510,392,16,0.00276,0.07,97.82,5.96,118.0
511,392,14,0.00268,479.15,72.26,487.0,140.74
512,392,16,0.00239,0.95,97.91,10.01,112.25
513,392,16,0.00236,399.55,80.03,408.33,100.79
514,392,16,0.00228,16.65,90.86,22.5,100.01
515,392,16,0.00152,409.72,77.73,421.58,94.66
516,392,16,0.00138,400.6,78.29,414.92,111.34
517,392,17,0.00126,117.87,185.11,126.63,195.24
518,392,5,0.00112,32.45,82.78,48.97,100.68
519,400,2,0.8293,373.2,33.41,419.22,69.2
520,400,17,0.80354,406.85,105.74,429.46,127.85
521,400,17,0.68902,257.43,78.12,277.81,100.32
522,400,17,0.03534,118.37,190.88,157.59,225.27
523,400,17,0.00567,477.05,125.76,481.0,154.58
524,400,9,0.00104,253.76,98.88,278.65,131.06
525,402,7,0.90937,217.3,77.09,248.58,102.06
526,402,7,0.88446,396.46,51.23,422.37,74.33
527,404,10,0.84334,345.58,117.2,362.05,133.7
528,404,9,0.83508,415.99,118.78,439.22,139.98
529,404,9,0.78709,309.4,158.17,328.39,173.97
530,404,17,0.78111,303.69,207.17,318.95,222.23
531,404,10,0.74205,299.68,106.42,315.96,122.47
532,404,9,0.57499,357.38,160.62,376.3,176.71
533,404,4,0.0016,173.78,1.49,223.27,21.05
534,408,2,0.86159,208.58,68.19,225.92,90.62
535,408,2,0.82286,226.17,42.31,243.32,63.88
536,410,3,0.89532,282.88,172.22,421.43,240.3
537,410,13,0.88019,326.24,21.98,375.2,72.63
538,410,12,0.86445,178.99,159.95,224.85,204.6
539,410,4,0.79697,189.24,19.33,247.92,120.51
540,410,0,0.57617,263.56,84.0,313.7,134.71
541,410,12,0.50531,263.72,83.81,313.32,133.94
542,410,1,0.21741,263.27,84.47,312.89,134.89
543,410,3,0.03942,188.95,17.31,248.22,120.74
544,410,0,0.01041,0.05,1.3,8.47,13.27
545,420,10,0.88227,230.09,87.01,248.13,106.64
546,420,9,0.87321,146.09,82.22,163.5,105.0
547,420,10,0.7941,235.53,25.61,252.7,42.46
548,420,9,0.47743,46.29,124.05,63.41,140.74
549,420,17,0.42449,46.39,124.09,63.27,140.67
550,420,17,0.38004,147.47,140.79,164.6,161.6
551,420,10,0.31779,147.3,140.72,164.89,161.64
552,420,9,0.18713,147.41,140.71,164.8,161.63
553,420,17,0.09913,243.6,170.53,268.67,196.0
554,420,10,0.07784,243.56,170.56,268.66,196.18
555,420,14,0.00945,0.06,40.28,35.8,242.04
556,420,3,0.00243,456.22,56.74,486.96,85.79
557,426,3,0.90958,248.99,164.78,295.56,230.07
558,426,3,0.89576,258.27,107.61,319.66,159.16
559,426,1,0.88993,189.55,51.05,222.27,85.64
560,426,13,0.88904,164.72,112.05,198.11,145.81
561,426,3,0.86233,240.98,9.82,276.98,86.57
562,427,15,0.90766,112.49,160.68,131.8,179.46
563,427,15,0.88462,61.38,161.15,76.31,177.6
564,428,7,0.9122,68.42,155.33,118.3,196.29
565,428,7,0.91178,406.79,144.38,471.74,193.9
566,434,16,0.85323,13.29,151.12,35.71,179.4
567,434,16,0.82179,35.92,149.74,57.7,177.48
568,434,14,0.76763,243.9,102.36,262.66,150.0
569,434,16,0.7221,57.29,148.41,77.39,174.21
570,434,16,0.70818,0.13,149.06,12.65,180.77
571,434,16,0.59258,77.68,146.67,96.84,171.46
572,434,14,0.55877,191.41,107.61,211.24,133.45
573,434,5,0.41286,365.63,122.28,380.98,137.88
574,434,16,0.31935,95.96,145.59,112.39,169.09
575,434,8,0.30638,380.97,125.84,393.52,142.12
576,434,16,0.17234,111.34,144.86,125.86,167.47
577,434,16,0.13452,125.13,144.14,139.85,165.15
578,434,16,0.09145,138.35,142.89,151.5,163.04
579,434,16,0.0808,150.84,142.11,165.02,161.71
580,434,14,0.07622,381.27,116.75,392.84,128.69
581,434,16,0.0476,195.41,137.92,206.29,156.22
582,434,16,0.04345,185.42,139.28,195.76,157.38
583,434,16,0.03628,164.26,141.28,176.0,159.84
584,434,16,0.03503,175.3,140.4,186.33,159.06
585,434,16,0.02315,219.85,137.07,229.57,153.2
586,434,16,0.02183,205.34,137.24,213.2,155.17
587,434,16,0.01671,212.1,136.32,221.34,153.92
588,434,16,0.00586,264.7,131.68,272.67,140.93
589,434,14,0.00461,327.1,108.4,340.03,136.11
590,434,14,0.00428,196.9,107.48,214.85,134.81
591,434,8,0.0034,191.66,126.24,210.11,141.59
592,434,14,0.00258,192.68,107.29,213.77,125.36
593,434,14,0.0025,382.64,117.43,394.3,132.9
594,434,5,0.0017,365.79,116.52,390.87,138.12
595,434,16,0.00161,0.0,149.5,10.4,168.72
596,434,16,0.00134,225.94,131.7,234.03,141.9
597,434,16,0.00118,185.82,140.55,200.19,155.33
598,434,8,0.00109,395.53,123.06,406.16,137.94
599,439,10,0.86044,390.3,52.78,409.74,69.0
600,439,10,0.8207,450.94,29.21,468.72,45.38
601,439,17,0.68033,309.62,12.89,323.01,26.17
602,439,11,0.63283,319.68,43.19,335.53,61.37
603,439,9,0.47415,366.36,28.46,384.37,44.77
604,439,9,0.43236,319.72,43.13,335.38,61.07
605,439,11,0.38446,366.45,28.55,384.43,44.9
606,439,17,0.11333,317.13,86.62,342.23,110.51
607,439,12,0.00455,317.04,86.39,342.34,110.64
608,448,5,0.76057,452.22,61.78,490.93,88.1
609,448,5,0.74422,100.47,82.16,179.17,138.01
610,448,5,0.65591,104.3,81.98,146.31,107.97
611,448,5,0.57835,61.03,38.88,79.0,55.61
612,448,14,0.00983,486.08,92.76,491.0,124.75
613,448,14,0.00567,486.09,106.73,491.0,126.17
614,448,14,0.00558,484.71,95.01,491.0,136.38
615,448,8,0.00343,355.48,55.73,373.06,72.25
616,448,5,0.00322,0.07,0.09,7.13,15.32
617,448,14,0.00292,481.93,77.25,491.0,135.65
618,448,8,0.00218,0.0,11.86,3.42,35.89
619,448,5,0.00213,405.22,59.89,447.56,79.64
620,448,8,0.00185,485.48,105.86,491.0,126.39
621,448,5,0.00166,481.98,72.4,491.0,87.06
622,448,5,0.0012,0.04,13.1,4.14,34.75
623,451,2,0.86931,160.97,22.83,181.51,50.0
624,451,2,0.85813,199.42,64.5,225.58,85.81
625,452,2,0.8665,274.77,124.39,297.14,152.98
626,452,2,0.85027,375.06,117.25,394.93,146.69
627,453,15,0.93809,30.27,125.26,102.65,191.02
628,453,15,0.90207,59.88,78.87,116.58,136.17
629,457,2,0.85267,362.72,142.12,378.56,163.63
630,457,2,0.844,412.36,157.92,429.07,179.46
631,462,7,0.88379,429.23,158.12,456.75,180.8
632,462,7,0.87338,266.05,100.11,289.83,120.1
633,1005,2,0.878,49.14,56.71,71.11,85.1
634,1005,2,0.85088,212.58,85.23,244.76,108.17
635,1006,15,0.90206,244.62,173.56,268.38,195.46
636,1006,15,0.85916,326.99,152.53,342.43,168.78
637,1006,15,0.03644,0.02,46.53,6.09,73.32
638,1006,15,0.00179,0.0,31.59,5.66,74.72
639,1006,15,0.00123,312.21,167.53,320.07,182.5
640,1007,15,0.93735,149.49,154.19,221.07,217.87
641,1007,15,0.85218,174.65,108.77,233.49,162.26
642,1007,15,0.00558,156.06,110.8,229.43,200.78
643,1011,7,0.82911,106.16,188.51,129.15,205.52
644,1011,7,0.7776,81.59,123.19,107.01,140.72
645,1011,17,0.00226,94.42,149.42,109.6,163.75
646,1011,1,0.0011,94.82,149.29,110.03,163.96
647,1014,8,0.59802,406.81,0.49,486.0,29.54
648,1014,8,0.0243,479.95,48.47,486.0,103.65
649,1014,8,0.01826,479.58,49.03,486.0,156.23
650,1014,2,0.01437,480.15,119.18,486.0,161.54
651,1014,8,0.00667,462.06,0.17,486.0,26.47
652,1014,14,0.00642,478.69,119.35,486.0,210.07
653,1014,14,0.0044,474.19,3.02,486.0,87.36
654,1014,14,0.00387,478.25,3.42,486.0,102.24
655,1014,8,0.00313,478.82,2.47,486.0,104.75
656,1014,8,0.0023,445.65,0.65,486.0,27.35
657,1014,8,0.00194,333.12,76.88,367.6,128.44
658,1014,8,0.00162,478.35,188.92,486.0,229.86
659,1014,8,0.00155,481.12,62.64,486.0,101.2
660,1014,8,0.00149,479.97,100.41,486.0,161.9
661,1014,8,0.00107,471.03,0.28,486.0,23.27
662,1014,14,0.00102,480.2,173.13,486.0,210.08
663,1016,17,0.84744,293.92,215.6,304.9,225.99
664,1016,10,0.82534,356.58,203.42,369.28,214.95
665,1016,9,0.82017,301.97,194.48,316.82,205.7
666,1016,17,0.63521,312.72,222.72,323.83,234.1
667,1016,11,0.49122,363.73,217.17,376.41,228.83
668,1016,12,0.40394,317.21,208.62,332.76,220.67
669,1016,10,0.26667,335.8,195.71,349.45,206.92
670,1016,11,0.21985,335.86,195.73,349.36,206.87
671,1016,11,0.17606,317.62,208.73,332.83,220.26
672,1016,11,0.16659,289.11,201.55,300.85,212.45
673,1016,12,0.053,288.92,201.58,300.9,212.39
674,1016,13,0.04269,357.45,203.41,369.76,214.58
675,1016,17,0.0317,302.91,194.95,315.24,204.6
676,1016,13,0.0276,363.46,215.81,375.95,229.17
677,1016,9,0.01872,289.68,201.45,301.04,211.99
678,1016,9,0.00562,312.66,222.62,323.6,234.22
679,1016,11,0.00283,312.99,222.35,323.61,234.06
680,1016,13,0.00137,315.99,208.55,330.78,221.95
681,1016,11,0.00119,364.23,215.34,381.76,229.57
682,1018,15,0.89761,186.62,132.58,216.21,164.52
683,1018,6,0.87472,121.12,78.18,151.11,120.07
684,1018,2,0.39949,220.25,76.24,238.54,95.09
685,1018,17,0.01049,220.33,76.04,238.47,94.93
686,1020,2,0.8535,159.67,192.42,176.03,214.27
687,1020,2,0.84492,112.11,173.33,127.8,194.85
688,1028,12,0.4676,335.15,89.44,363.83,118.93
689,1028,17,0.3298,167.55,73.99,197.09,101.11
690,1028,12,0.2569,167.61,73.99,197.47,101.29
691,1030,2,0.81584,172.01,50.59,201.75,75.61
692,1030,2,0.8145,53.72,51.45,79.17,79.75
693,1030,2,0.00399,224.32,73.81,244.26,91.39
694,1032,12,0.78501,362.54,62.91,403.62,99.33
695,1032,12,0.77746,200.32,177.24,241.65,216.48
696,1032,12,0.70596,354.71,166.77,403.01,213.8
697,1032,11,0.00183,354.77,166.49,402.76,214.12
698,1032,2,0.00132,354.5,166.67,402.46,214.02
699,1032,2,0.00121,362.15,63.01,403.33,99.44
700,1034,14,0.60831,364.29,87.71,435.93,144.89
701,1034,14,0.00198,0.0,0.0,4.3,33.31
702,1034,14,0.00166,0.64,0.0,40.52,204.56
703,1034,14,0.00146,165.46,0.0,192.94,27.92
704,1034,8,0.00135,0.0,0.0,3.64,27.74
705,1038,5,0.79819,310.24,111.12,342.64,136.69
706,1038,5,0.78349,97.32,108.48,145.08,152.07
707,1038,5,0.48117,149.02,119.12,189.06,144.3
708,1038,14,0.27043,411.94,105.44,427.18,132.59
709,1038,5,0.20128,9.46,117.08,53.77,151.66
710,1038,5,0.12742,168.81,113.37,197.51,140.97
711,1038,5,0.11841,144.96,121.59,161.8,147.5
712,1038,5,0.02796,0.41,128.97,22.18,153.46
713,1038,14,0.01096,203.3,118.82,215.11,145.54
714,1038,5,0.00612,0.0,124.83,19.86,163.11
715,1038,5,0.00418,175.12,115.12,203.23,136.92
716,1038,5,0.00264,59.26,119.16,76.32,136.72
717,1038,5,0.00249,0.0,121.2,10.18,154.49
718,1038,5,0.00183,337.88,109.07,352.08,118.57
719,1038,5,0.00153,43.54,114.91,77.04,137.49
720,1038,8,0.00127,405.9,113.32,413.26,127.31
721,1038,5,0.00103,193.34,116.3,204.23,131.99
722,1038,14,0.00103,406.7,110.09,414.88,127.32
723,1039,7,0.65638,98.68,19.12,115.56,30.63
724,1039,7,0.4819,114.19,51.84,130.88,65.58
725,1039,9,0.00199,397.65,58.43,427.27,84.35
726,1039,2,0.00158,110.36,144.17,131.28,164.35
727,1042,14,0.8812,127.86,70.35,162.48,165.2
728,1042,14,0.80827,161.6,82.41,188.91,166.35
729,1042,5,0.79115,402.22,131.77,475.92,172.3
730,1042,14,0.78854,368.8,112.32,389.54,168.99
731,1042,14,0.72874,279.65,87.61,325.03,171.57
732,1042,14,0.69924,188.48,87.46,214.8,163.24
733,1042,14,0.00832,171.19,81.95,214.11,166.36
734,1042,5,0.00738,488.2,131.92,500.0,172.0
735,1042,8,0.00261,118.73,71.27,176.44,165.53
736,1042,14,0.00146,0.0,88.25,6.71,185.12
737,1042,5,0.00143,477.55,102.96,500.0,139.74
738,1042,8,0.00142,153.63,79.9,210.81,166.92
739,1042,14,0.00115,0.01,85.68,8.5,154.09
740,1044,7,0.00133,305.79,54.98,347.95,121.01
741,1049,15,0.91566,354.62,116.34,382.0,145.53
742,1049,15,0.89694,184.73,138.54,215.23,172.73
743,1049,15,0.00142,507.14,56.44,510.0,87.39
744,1049,15,0.00101,185.99,138.48,214.05,159.87
745,1054,2,0.83832,297.18,60.37,331.93,103.51
746,1054,17,0.81923,396.57,136.51,417.27,157.04
747,1054,17,0.79088,358.75,42.35,377.77,61.42
748,1054,2,0.00219,358.81,41.89,377.8,61.5
749,1054,12,0.00188,0.64,49.38,19.68,66.13
750,1055,7,0.85639,299.54,152.74,329.01,175.52
751,1055,15,0.81377,190.2,98.83,217.95,122.42
752,1055,17,0.78589,218.39,148.96,236.13,165.1
753,1055,7,0.65809,190.21,98.99,217.82,122.2
754,1065,2,0.8506,313.55,95.55,337.77,127.21
755,1065,2,0.82564,393.46,47.09,414.78,76.37
756,1065,2,0.06087,0.03,119.93,6.21,135.54
757,1065,2,0.01219,0.03,105.27,6.52,135.86
758,1065,2,0.00241,165.3,116.34,185.65,148.4
759,1065,16,0.00102,494.76,0.0,501.98,13.14
760,1067,15,0.8991,216.09,18.47,234.78,34.37
761,1067,15,0.88405,242.54,14.29,258.6,28.6
762,1067,14,0.00194,0.59,137.57,36.84,247.0
763,1067,14,0.00186,485.73,19.09,492.0,111.16
764,1067,14,0.0014,0.12,146.33,50.6,247.0
765,1069,2,0.84847,246.12,92.0,263.73,115.99
766,1069,2,0.84719,254.14,126.57,274.33,150.93
767,1071,14,0.73863,289.93,55.47,306.17,101.0
768,1071,5,0.71234,43.73,72.32,64.03,90.15
769,1071,8,0.16163,74.92,76.31,86.13,96.25
770,1071,8,0.07643,0.09,59.73,11.61,100.58
771,1071,14,0.05926,74.34,63.78,86.05,75.88
772,1071,14,0.01279,0.0,50.06,11.22,99.96
773,1071,14,0.00788,287.65,56.03,296.71,92.62
774,1071,16,0.0033,0.04,89.61,2.03,100.34
775,1071,8,0.00309,77.32,73.39,89.64,95.28
776,1071,14,0.00284,0.0,59.57,6.91,100.78
777,1071,16,0.00215,0.0,71.57,11.37,99.96
778,1071,16,0.00211,0.13,79.79,7.89,100.01
779,1071,14,0.00173,0.0,49.91,9.38,79.39
780,1071,16,0.00164,0.02,77.72,3.23,100.09
781,1071,14,0.00135,286.52,66.86,294.98,91.44
782,1073,8,0.85689,242.37,4.94,306.81,109.08
783,1073,14,0.79705,110.23,10.4,132.43,55.53
784,1073,14,0.75167,84.82,5.97,107.03,56.37
785,1073,14,0.73845,205.19,7.14,220.1,44.94
786,1073,14,0.63179,219.3,2.48,235.28,43.59
787,1073,14,0.05902,465.25,1.15,492.0,55.27
788,1073,8,0.03783,248.3,4.31,307.5,37.56
789,1073,14,0.02116,137.3,10.89,150.0,32.97
790,1073,5,0.01795,339.55,2.92,382.92,32.4
791,1073,8,0.0124,218.22,1.32,244.78,41.87
792,1073,8,0.00773,248.46,4.04,271.65,28.28
793,1073,14,0.004,249.3,4.85,268.74,24.11
794,1073,8,0.00341,137.41,10.22,151.39,32.99
795,1073,5,0.00322,404.11,0.0,438.68,34.38
796,1073,8,0.00208,249.18,3.95,289.86,31.91
797,1073,5,0.00203,74.75,80.94,95.1,102.28
798,1073,5,0.00122,374.24,1.33,436.87,35.33
799,1079,7,0.92819,191.5,180.73,279.88,233.1
800,1079,7,0.92649,366.74,152.71,434.57,197.74
801,1079,7,0.0319,479.71,72.22,484.0,85.37
802,1079,7,0.01196,428.26,79.3,439.04,95.85
803,1079,7,0.01023,479.3,62.14,484.0,85.84
804,1079,2,0.00637,478.79,52.88,484.0,85.3
805,1079,7,0.00253,478.23,73.98,484.0,92.78
806,1079,7,0.00113,478.41,48.51,484.0,63.01
807,1093,15,0.831,372.43,39.36,392.48,53.84
808,1093,15,0.82579,373.62,74.65,402.23,99.58
809,1093,7,0.78264,305.99,59.65,327.6,76.02
810,1093,15,0.51876,412.46,17.67,424.49,36.4
811,1093,6,0.02037,412.74,18.01,424.63,36.14
812,1093,7,0.01535,442.82,53.99,458.31,67.19
813,1096,14,0.8325,467.04,125.07,494.62,219.23
814,1096,5,0.83186,212.28,161.61,342.75,213.46
815,1096,14,0.80542,169.9,150.99,195.78,240.43
816,1096,14,0.78835,100.7,159.75,125.8,254.83
817,1096,5,0.64937,370.06,151.29,475.44,210.81
818,1106,10,0.88159,124.78,164.17,143.75,180.19
819,1106,10,0.85605,186.99,159.88,203.59,175.79
820,1106,9,0.74964,109.89,133.92,128.58,148.79
821,1106,17,0.68359,62.54,98.9,76.06,112.03
822,1106,9,0.35544,60.72,132.42,77.42,149.34
823,1106,9,0.25753,42.6,175.56,67.49,198.33
824,1106,11,0.24222,60.53,132.43,77.55,149.57
825,1106,12,0.0055,42.4,175.37,67.61,199.01
826,1106,9,0.00156,62.52,98.76,76.07,112.19
827,1110,14,0.89638,324.76,114.18,377.55,248.71
828,1110,14,0.87063,29.72,135.57,56.02,217.22
829,1110,5,0.86969,190.23,144.91,321.7,198.31
830,1110,5,0.77048,333.65,145.45,487.74,204.05
831,1110,8,0.02398,134.98,155.77,165.99,187.75
832,1110,5,0.00745,483.74,157.51,500.0,192.06
833,1110,5,0.005,479.25,145.78,500.0,187.44
834,1110,14,0.00428,492.67,156.72,500.0,244.1
835,1110,14,0.00314,487.85,155.13,500.0,237.19
836,1110,5,0.00255,484.62,129.81,500.0,188.47
837,1122,16,0.8637,31.25,112.13,53.23,140.01
838,1122,16,0.82891,7.06,111.39,29.94,140.89
839,1122,14,0.82683,338.05,58.69,370.33,91.05
840,1122,16,0.8206,53.72,111.13,74.37,137.85
841,1122,16,0.78135,74.32,110.05,94.12,135.17
842,1122,8,0.69151,330.16,86.64,373.35,148.44
843,1122,8,0.67316,366.99,87.34,392.44,131.8
844,1122,14,0.65772,367.35,67.26,392.7,93.59
845,1122,16,0.65498,94.22,108.41,112.71,132.26
846,1122,16,0.45557,112.12,107.69,127.69,130.2
847,1122,16,0.37047,0.09,115.26,5.95,144.72
848,1122,16,0.24644,277.1,95.55,286.17,105.36
849,1122,16,0.23771,126.9,107.1,141.19,128.76
850,1122,16,0.22716,240.84,95.18,248.62,104.28
851,1122,16,0.21149,234.19,101.23,244.09,115.84
852,1122,16,0.13211,226.52,101.23,235.45,116.7
853,1122,16,0.12145,218.75,101.23,227.26,117.64
854,1122,16,0.11616,140.57,106.31,154.66,127.12
855,1122,16,0.11189,153.67,105.27,166.74,125.53
856,1122,16,0.10928,166.03,104.91,179.44,123.83
857,1122,16,0.09729,209.37,102.09,219.34,118.72
858,1122,16,0.08233,179.19,103.99,189.92,121.95
859,1122,16,0.06625,189.9,103.24,200.42,121.26
860,1122,16,0.05822,199.66,102.41,209.6,119.77
861,1122,16,0.0455,0.0,120.1,4.62,148.14
862,1122,16,0.02998,0.0,128.59,4.47,153.33
863,1122,16,0.01753,242.86,98.38,249.72,104.92
864,1122,14,0.00932,238.97,75.73,249.85,99.78
865,1122,16,0.00838,0.81,114.23,5.97,133.56
866,1122,16,0.0077,0.04,110.95,2.08,123.59
867,1122,14,0.00349,367.31,76.71,391.51,94.26
868,1122,16,0.00316,286.34,91.81,293.67,100.17
869,1122,16,0.00246,0.05,106.89,1.19,115.08
870,1122,16,0.00233,485.92,97.87,488.0,117.49
871,1122,16,0.00226,0.54,111.92,6.08,119.83
872,1122,14,0.00215,371.69,68.42,391.21,88.3
873,1122,16,0.00213,237.14,95.66,244.18,104.85
874,1122,16,0.00211,282.0,93.97,290.56,101.12
875,1122,16,0.002,0.0,131.03,3.56,159.96
876,1122,8,0.00195,336.42,87.72,392.45,133.78
877,1122,16,0.00191,240.12,97.81,248.27,108.33
878,1122,16,0.00161,474.84,123.48,483.71,131.41
879,1122,16,0.00156,238.76,91.83,248.86,103.92
880,1122,16,0.00148,274.61,98.33,285.78,108.5
881,1122,16,0.00147,243.47,99.53,250.98,107.28
882,1122,16,0.00126,223.77,100.99,229.41,115.89
883,1122,14,0.00113,376.77,71.31,391.18,89.8
884,1123,15,0.8834,146.41,90.21,165.88,107.89
885,1123,15,0.88038,50.3,75.57,70.9,94.26
886,1124,15,0.88372,146.72,12.64,169.07,40.08
887,1124,15,0.87991,78.55,12.37,100.55,37.25
888,1134,7,0.89342,292.29,201.25,319.65,222.02
889,1134,7,0.85224,351.4,130.41,375.9,150.81
890,1135,14,0.79206,362.82,137.7,381.16,183.27
891,1135,5,0.66597,58.82,152.71,75.93,168.49
892,1135,5,0.45349,0.0,155.37,11.75,176.54
893,1135,5,0.07421,29.39,155.18,48.07,173.28
894,1135,5,0.0502,45.6,153.93,57.58,168.83
895,1135,14,0.02191,327.65,146.32,339.91,162.91
896,1135,5,0.01459,83.31,149.91,95.29,157.46
897,1135,8,0.00993,158.14,150.9,168.23,161.2
898,1135,14,0.00578,106.36,161.16,116.35,178.06
899,1135,5,0.00536,236.04,142.6,243.9,150.38
900,1135,14,0.00462,106.89,160.0,115.93,172.66
901,1135,5,0.00433,97.37,149.58,110.23,160.92
902,1135,5,0.00416,17.27,152.45,37.04,166.5
903,1135,5,0.00415,246.01,141.1,266.79,156.71
904,1135,5,0.00403,1.0,153.42,13.38,166.83
905,1135,14,0.00393,108.65,154.1,118.43,168.62
906,1135,8,0.00392,46.16,154.46,58.25,169.59
907,1135,8,0.00346,304.38,144.97,315.47,158.59
908,1135,14,0.00338,107.97,161.14,118.25,174.99
909,1135,14,0.00331,377.63,143.84,385.05,171.82
910,1135,8,0.00325,305.61,147.0,318.2,159.78
911,1135,16,0.00311,216.28,189.03,319.95,240.22
912,1135,5,0.00298,17.06,152.63,42.88,171.67
913,1135,5,0.00298,38.03,154.04,55.11,171.91
914,1135,14,0.00295,106.31,155.28,116.43,169.76
915,1135,5,0.00271,212.31,190.12,321.27,240.35
916,1135,5,0.00246,0.04,151.05,5.68,171.77
917,1135,8,0.00238,168.99,157.76,175.81,166.68
918,1135,14,0.00208,109.56,163.3,120.58,178.07
919,1135,14,0.00187,374.47,143.03,383.3,174.01
920,1135,5,0.00153,150.88,185.69,235.42,240.87
921,1135,5,0.00151,84.25,150.87,97.38,159.69
922,1135,8,0.00151,310.36,149.31,320.97,160.61
923,1135,5,0.00147,1.98,152.69,16.93,169.25
924,1135,16,0.00137,156.56,151.34,167.83,162.42
925,1135,5,0.00137,16.69,152.77,33.02,162.92
926,1135,5,0.00128,157.65,150.15,167.99,161.75
927,1135,5,0.00125,1.24,151.74,28.25,166.73
928,1135,5,0.00124,9.51,152.86,32.3,167.13
929,1135,8,0.00121,106.96,162.72,117.14,178.62
930,1138,14,0.65757,269.93,145.72,283.45,170.92
931,1138,14,0.5837,227.47,156.31,241.14,179.33
932,1138,14,0.58197,308.96,138.23,322.98,162.61
933,1138,14,0.42774,285.42,131.16,300.65,144.76
934,1138,14,0.42596,300.48,150.35,309.84,165.21
935,1138,14,0.26885,289.87,137.29,302.5,149.07
936,1138,14,0.22196,298.92,142.91,309.14,154.56
937,1138,14,0.1807,212.07,160.57,224.08,182.57
938,1138,14,0.12286,289.22,146.81,301.67,166.64
939,1138,14,0.0991,288.28,138.23,301.8,152.95
940,1138,14,0.08024,16.42,204.82,28.98,227.92
941,1138,14,0.0748,289.73,141.49,303.51,155.19
942,1138,14,0.05442,292.04,132.09,304.75,147.55
943,1138,14,0.05168,228.02,155.98,239.72,168.35
944,1138,14,0.02156,249.47,152.49,260.47,174.41
945,1138,14,0.02059,302.89,149.22,313.38,163.56
946,1138,14,0.02035,319.53,138.44,330.34,159.8
947,1138,14,0.0193,306.87,137.77,320.65,152.76
948,1138,14,0.01838,205.59,160.37,224.18,184.22
949,1138,14,0.0165,289.55,129.13,302.24,142.19
950,1138,14,0.0145,274.0,136.86,283.22,149.48
951,1138,14,0.01256,206.24,160.44,218.28,178.7
952,1138,14,0.01077,0.0,213.78,4.49,237.9
953,1138,14,0.01066,263.03,131.23,278.97,147.75
954,1138,14,0.01026,364.39,159.48,381.79,181.52
955,1138,14,0.00984,297.27,136.9,312.92,152.27
956,1138,14,0.00906,372.1,160.14,381.96,180.08
957,1138,14,0.00848,213.09,155.53,229.13,183.06
958,1138,14,0.00817,261.74,150.88,272.62,171.45
959,1138,14,0.00775,273.17,141.87,283.71,153.87
960,1138,14,0.00715,309.1,153.29,315.97,163.18
961,1138,14,0.00702,269.93,143.23,284.0,155.63
962,1138,14,0.00695,0.05,211.87,6.74,236.46
963,1138,14,0.0064,438.87,119.86,447.77,133.12
964,1138,14,0.00592,265.92,130.55,279.58,143.69
965,1138,14,0.0057,230.75,145.69,245.29,165.3
966,1138,14,0.00568,270.36,131.08,282.72,146.93
967,1138,14,0.00538,273.82,133.45,287.16,150.24
968,1138,14,0.00512,305.39,140.88,315.59,157.44
969,1138,14,0.0047,306.65,133.88,320.18,147.42
970,1138,14,0.00423,263.3,131.45,276.36,142.98
971,1138,14,0.00409,274.07,146.55,295.87,170.9
972,1138,14,0.00394,313.65,128.02,326.46,142.09
973,1138,14,0.0038,272.9,145.14,284.92,159.17
974,1138,14,0.00336,262.19,131.44,283.09,152.28
975,1138,14,0.00306,465.11,107.14,477.45,125.6
976,1138,14,0.00297,227.97,150.22,242.73,166.2
977,1138,14,0.00279,314.09,137.54,331.42,161.43
978,1138,14,0.00267,349.31,142.12,359.58,154.42
979,1138,14,0.00247,363.83,158.15,377.34,172.66
980,1138,14,0.00244,295.05,129.11,305.09,140.16
981,1138,14,0.00241,303.9,131.61,317.03,146.88
982,1138,14,0.00234,300.64,132.14,314.14,145.48
983,1138,14,0.00233,0.0,211.79,8.51,244.43
984,1138,14,0.00215,257.85,148.35,272.69,174.2
985,1138,14,0.00214,447.37,113.95,457.74,132.8
986,1138,14,0.00213,280.33,145.05,299.32,169.75
987,1138,14,0.00207,501.04,103.69,505.0,123.97
988,1138,14,0.002,442.29,118.56,452.13,132.91
989,1138,14,0.00192,0.04,203.14,4.58,235.13
990,1138,14,0.00191,45.87,196.3,63.08,220.68
991,1138,14,0.0019,300.97,144.92,316.95,167.27
992,1138,14,0.00188,300.95,153.4,312.27,167.11
993,1138,14,0.00151,0.0,213.38,5.89,256.0
994,1138,14,0.00151,205.78,159.61,215.19,175.87
995,1138,14,0.00146,248.42,148.96,263.59,177.06
996,1138,14,0.00145,210.7,166.6,223.5,185.15
997,1138,14,0.00139,467.16,106.35,477.61,121.0
998,1138,14,0.00133,353.06,141.56,362.19,153.47
999,1138,14,0.00119,264.4,148.77,275.54,170.71
1000,1138,14,0.00118,314.11,127.89,330.29,147.97
1001,1138,14,0.00115,54.56,202.37,63.39,220.21
1002,1138,14,0.00111,350.33,139.27,361.32,153.48
1003,1138,14,0.0011,265.88,128.91,276.97,139.96
1004,1138,5,0.00106,0.56,171.0,71.35,220.91
1005,1138,14,0.00104,17.54,201.84,28.94,216.24
1006,1152,10,0.91326,313.91,116.02,342.48,142.43
1007,1152,11,0.90727,351.24,69.46,378.65,95.77
1008,1152,11,0.88713,252.66,117.34,280.72,142.31
1009,1152,10,0.62629,267.34,68.81,289.93,92.79
1010,1152,11,0.32368,267.05,68.75,290.05,93.0
1011,1155,15,0.88912,288.57,49.94,308.34,68.99
1012,1155,15,0.88071,252.67,58.85,272.81,76.44
1013,1157,17,0.78833,276.14,81.17,298.06,103.19
1014,1157,9,0.23422,400.58,20.5,421.01,41.51
1015,1157,17,0.15899,400.65,20.37,420.91,41.28
1016,1157,17,0.00486,0.0,94.86,1.83,123.05
1017,1157,17,0.00275,0.0,89.1,2.04,116.56
1018,1157,17,0.00131,279.75,94.1,297.06,103.88
1019,1161,5,0.28303,178.41,107.14,449.48,209.44
1020,1161,8,0.00106,0.0,56.13,66.1,224.17
1021,1163,10,0.86404,229.75,79.11,247.84,96.02
1022,1163,10,0.81224,249.62,43.13,263.68,57.35
1023,1163,9,0.78839,160.74,70.09,176.92,87.94
1024,1163,17,0.67034,70.0,80.01,84.76,93.63
1025,1163,10,0.47934,144.76,100.65,160.93,119.96
1026,1163,9,0.35076,221.38,132.54,245.53,155.07
1027,1163,17,0.22299,221.18,132.49,245.8,155.05
1028,1163,9,0.0118,70.07,80.15,84.66,93.67
1029,1163,6,0.00413,30.87,36.5,80.26,58.23
1030,1163,10,0.00205,221.25,132.51,245.99,155.16
1031,1171,14,0.66201,273.18,136.77,286.95,161.38
1032,1171,14,0.59249,314.49,129.87,327.23,152.97
1033,1171,14,0.5383,240.46,144.54,254.64,167.01
1034,1171,14,0.51503,305.12,140.74,314.42,155.79
1035,1171,14,0.46317,289.09,121.37,302.11,135.99
1036,1171,14,0.34987,298.34,128.8,308.65,139.85
1037,1171,14,0.25524,295.61,122.12,306.29,133.66
1038,1171,14,0.1856,248.03,149.51,256.72,166.02
1039,1171,14,0.11042,244.05,147.19,256.51,166.52
1040,1171,14,0.07898,22.58,193.43,34.63,216.87
1041,1171,14,0.06439,216.72,146.21,232.28,172.95
1042,1171,14,0.0643,296.88,120.73,308.79,132.29
1043,1171,14,0.04639,294.53,137.69,306.54,157.72
1044,1171,14,0.04281,283.16,138.49,294.75,159.44
1045,1171,14,0.03905,301.95,136.79,311.97,146.52
1046,1171,14,0.03851,306.31,135.77,318.64,153.42
1047,1171,14,0.03809,327.01,131.42,336.67,150.52
1048,1171,14,0.03098,277.86,129.34,287.32,141.78
1049,1171,14,0.02673,303.98,135.01,313.08,145.37
1050,1171,14,0.02304,291.49,120.91,306.3,136.59
1051,1171,14,0.01962,241.17,143.05,253.67,160.58
1052,1171,14,0.01925,294.59,128.98,308.89,142.32
1053,1171,14,0.01886,314.73,129.03,325.97,139.59
1054,1171,14,0.01557,291.07,137.94,304.74,159.82
1055,1171,14,0.01482,297.12,133.72,309.87,147.45
1056,1171,14,0.01215,268.57,121.64,284.62,136.55
1057,1171,14,0.01188,275.33,136.25,292.03,160.06
1058,1171,14,0.01148,300.11,129.6,311.62,141.15
1059,1171,14,0.01084,216.14,162.26,226.73,173.36
1060,1171,14,0.01082,369.55,150.73,386.06,172.98
1061,1171,14,0.00941,284.92,136.22,298.57,159.16
1062,1171,14,0.00939,310.68,138.97,320.76,153.95
1063,1171,14,0.0092,274.43,134.87,287.55,148.43
1064,1171,14,0.00901,272.31,123.09,287.81,141.67
1065,1171,14,0.00811,296.67,138.18,311.61,157.14
1066,1171,14,0.00764,311.82,144.72,319.88,154.71
1067,1171,14,0.00747,285.05,122.14,299.92,137.8
1068,1171,14,0.00713,276.84,122.27,286.97,139.17
1069,1171,14,0.00651,353.56,132.37,362.71,144.87
1070,1171,14,0.00537,298.43,125.42,312.34,137.8
1071,1171,14,0.00513,315.44,119.71,332.22,136.98
1072,1171,14,0.00498,20.2,192.25,38.69,217.82
1073,1171,14,0.00488,310.76,131.25,323.37,147.95
1074,1171,14,0.00446,211.18,150.4,229.14,173.15
1075,1171,14,0.00433,207.61,152.29,224.36,173.66
1076,1171,14,0.0043,293.89,133.72,308.55,154.12
1077,1171,14,0.00419,371.04,125.67,377.84,140.06
1078,1171,14,0.00415,273.77,121.42,286.02,135.06
1079,1171,14,0.00379,251.58,147.48,261.29,165.76
1080,1171,14,0.00318,216.68,155.6,230.96,173.72
1081,1171,14,0.00307,355.77,133.44,364.71,144.2
1082,1171,14,0.00294,271.41,121.28,283.66,132.82
1083,1171,14,0.00285,241.14,139.9,251.06,153.97
1084,1171,14,0.00243,59.96,191.21,67.81,205.57
1085,1171,14,0.0024,299.35,122.01,313.41,133.23
1086,1171,14,0.00228,292.14,116.23,307.21,132.55
1087,1171,14,0.00202,314.79,118.5,331.56,129.99
1088,1171,14,0.002,285.93,117.31,296.74,130.98
1089,1171,14,0.00197,304.75,143.62,317.08,159.48
1090,1171,14,0.00192,51.66,187.83,67.21,208.91
1091,1171,14,0.00184,238.23,153.6,247.19,168.88
1092,1171,14,0.00182,493.79,91.14,505.0,121.14
1093,1171,14,0.00178,69.97,171.83,84.76,201.7
1094,1171,14,0.0017,303.36,134.07,314.86,153.73
1095,1171,14,0.00151,369.44,149.96,381.57,168.6
1096,1171,14,0.00137,288.44,129.07,303.07,141.95
1097,1171,14,0.00133,214.91,163.37,225.96,176.5
1098,1171,14,0.00132,303.94,143.12,312.81,159.23
1099,1171,14,0.0013,16.66,193.15,34.89,220.28
1100,1171,14,0.00128,498.71,92.61,505.0,117.8
1101,1171,14,0.00118,358.46,133.58,365.73,142.49
1102,1171,14,0.00118,348.67,126.49,362.1,144.84
1103,1171,14,0.0011,369.47,149.8,378.46,164.87
1104,1171,14,0.00108,254.27,144.31,263.95,164.74
1105,1171,14,0.00107,297.94,120.32,318.21,132.11
1106,1171,14,0.00106,333.36,130.62,340.51,145.43
1107,1171,14,0.00102,330.49,131.4,339.24,148.77
1108,1172,15,0.86311,326.45,172.69,351.69,196.86
1109,1172,15,0.81129,355.88,139.56,374.96,155.81
1110,1172,7,0.74122,280.15,152.11,298.71,166.27
1111,1172,15,0.22705,405.22,122.38,418.52,141.35
1112,1172,7,0.07382,405.43,123.28,418.14,140.87
1113,1172,7,0.00475,374.05,218.01,387.03,229.05
1114,1172,7,0.00118,285.78,151.63,300.11,164.16
1115,1174,14,0.87806,246.42,39.49,276.0,127.7
1116,1174,14,0.85953,170.74,37.11,206.21,130.7
1117,1174,14,0.74066,102.19,18.68,136.98,129.49
1118,1174,14,0.67586,299.82,106.8,318.71,127.83
1119,1174,14,0.67574,156.86,76.8,169.01,116.92
1120,1174,14,0.02773,64.73,90.9,76.16,114.13
1121,1174,14,0.00872,99.49,82.8,118.35,118.95
1122,1174,8,0.00662,221.17,88.72,238.37,117.85
1123,1174,14,0.00371,101.45,75.71,136.68,129.23
1124,1174,14,0.00264,483.29,76.45,495.0,157.42
1125,1174,14,0.0026,480.93,56.6,495.0,120.67
1126,1174,14,0.00151,487.09,72.18,495.0,117.41
1127,1175,9,0.81912,437.27,161.54,476.73,192.73
1128,1175,9,0.32874,283.64,106.27,315.94,135.31
1129,1175,12,0.30304,298.41,199.6,338.65,234.56
1130,1175,12,0.30291,431.43,99.34,464.14,126.13
1131,1175,11,0.2677,431.45,99.55,464.15,126.13
1132,1175,9,0.26172,298.5,199.67,338.72,234.44
1133,1175,6,0.15418,86.48,208.37,114.33,222.56
1134,1175,12,0.0872,283.4,106.21,315.66,135.29
1135,1175,16,0.006,500.28,76.94,505.0,94.68
1136,1175,11,0.00476,283.31,105.87,315.76,135.24
1137,1175,16,0.0019,483.35,76.36,504.86,100.82
1138,1175,13,0.00162,283.56,105.93,315.75,135.46
1139,1177,2,0.82232,55.44,75.33,80.28,107.74
1140,1177,2,0.82111,133.4,21.58,155.25,50.85
1141,1182,15,0.90243,51.9,80.47,71.44,97.54
1142,1182,15,0.87543,76.61,76.84,92.86,92.03
1143,1182,14,0.00107,463.21,67.1,471.0,164.72
1144,1184,15,0.93023,46.87,155.59,100.17,214.35
1145,1184,15,0.90815,176.82,156.66,213.91,199.52
1146,1193,6,0.8839,282.83,62.68,322.19,114.41
1147,1193,15,0.87102,392.4,72.97,421.2,103.83
1148,1193,2,0.82981,182.97,85.26,205.43,106.47
1149,1193,2,0.45706,295.08,38.52,314.86,58.58
1150,1193,17,0.03488,182.94,84.81,205.34,106.58
1151,1193,6,0.00295,391.82,73.93,421.4,104.62
1152,1200,2,0.8605,295.48,180.05,312.05,201.37
1153,1200,2,0.83014,247.93,162.39,263.82,183.57
1154,1203,14,0.65913,31.74,62.55,52.04,97.25
1155,1203,14,0.04042,460.47,120.43,471.0,172.33
1156,1203,16,0.0068,282.03,173.11,299.04,191.34
1157,1203,14,0.00639,460.97,121.83,471.0,211.27
1158,1203,8,0.00559,0.02,133.9,25.38,171.56
1159,1203,5,0.0051,0.01,134.39,25.26,171.65
1160,1203,0,0.00397,282.13,173.02,298.85,191.15
1161,1203,8,0.00231,0.0,133.59,26.54,208.86
1162,1203,14,0.00189,0.0,132.22,26.39,187.3
1163,1203,8,0.00161,0.02,139.19,12.63,170.8
1164,1203,1,0.00133,7.96,136.12,27.18,154.58
1165,1212,14,0.83998,380.85,133.36,403.95,226.55
1166,1212,14,0.81138,162.03,116.21,201.47,214.58
1167,1212,14,0.78313,253.99,139.63,285.09,212.84
1168,1212,14,0.75574,325.88,140.52,354.57,222.7
1169,1212,5,0.64656,397.91,181.77,462.22,222.24
1170,1212,14,0.56869,200.19,110.97,242.87,221.27
1171,1212,14,0.01897,198.02,114.26,220.28,217.2
1172,1212,14,0.00215,0.01,139.93,4.53,186.98
1173,1212,5,0.00127,489.75,163.08,500.0,183.75
1174,1223,15,0.90974,248.74,165.41,280.82,200.19
1175,1223,15,0.90037,163.23,192.14,192.12,226.2
1176,1224,3,0.88549,147.02,80.28,230.96,114.46
1177,1224,3,0.88059,188.3,20.46,238.06,68.87
1178,1224,13,0.87856,67.28,36.85,105.81,76.32
1179,1224,3,0.86995,102.52,106.84,151.06,167.07
1180,1224,1,0.86742,130.14,13.94,167.86,54.0
1181,1230,5,0.19694,59.4,0.0,226.51,44.57
1182,1230,5,0.00585,165.47,0.52,227.61,39.4
1183,1230,8,0.00227,93.94,0.11,227.55,43.55
1184,1230,8,0.00212,147.4,0.36,227.79,43.26
1185,1230,5,0.00139,145.92,0.0,367.48,0.0
1186,1234,3,0.59371,254.85,61.43,325.1,114.39
1187,1234,13,0.03213,220.99,146.85,271.88,199.05
1188,1234,12,0.01926,220.98,146.99,271.92,199.07
1189,1234,14,0.00496,427.21,39.83,482.0,234.12
1190,1234,14,0.00396,357.82,32.18,481.44,172.0
1191,1234,2,0.00295,221.18,147.18,271.44,198.49
1192,1234,2,0.00249,254.63,61.31,325.26,114.36
1193,1234,14,0.00222,382.35,39.15,482.0,232.69
1194,1234,13,0.00197,445.67,172.74,482.0,233.6
1195,1234,14,0.00158,421.86,31.42,481.37,171.17
1196,1234,0,0.00156,446.5,172.8,482.0,235.51
1197,1234,12,0.00103,445.59,173.26,482.0,234.55
1198,1237,12,0.78431,228.08,49.43,264.18,83.51
1199,1237,12,0.59224,117.28,73.54,152.97,110.58
1200,1237,13,0.27697,251.52,106.04,292.63,147.13
1201,1237,10,0.20255,251.4,105.8,292.09,146.69
1202,1237,12,0.06946,251.55,105.96,293.01,147.15
1203,1237,2,0.01015,251.7,105.62,292.81,147.07
1204,1237,10,0.00201,117.28,74.37,152.86,110.25
1205,1237,6,0.00183,498.54,62.78,504.0,119.95
1206,1237,6,0.00158,462.97,35.48,499.86,111.32
1207,1237,1,0.00155,251.46,105.89,292.56,146.72
1208,1237,17,0.00131,267.33,15.53,278.33,26.27
1209,1237,6,0.00131,497.02,61.53,504.0,170.73
1210,1237,6,0.00105,496.61,32.32,504.0,120.57
1211,1245,10,0.87301,305.99,173.15,321.71,191.03
1212,1245,17,0.85611,409.4,190.25,424.35,205.18
1213,1245,10,0.82352,316.04,154.57,332.55,171.47
1214,1245,11,0.78219,354.12,143.44,373.52,157.96
1215,1245,17,0.7176,416.01,171.75,430.58,186.55
1216,1245,11,0.64375,366.51,175.07,382.67,192.68
1217,1245,10,0.60144,366.17,203.32,386.43,220.19
1218,1245,9,0.335,366.15,203.42,386.41,220.19
1219,1245,9,0.26086,329.85,196.54,348.05,215.87
1220,1245,10,0.25724,329.65,196.6,348.06,216.03
1221,1245,13,0.00465,409.78,190.27,424.35,204.51
1222,1245,9,0.00404,409.44,190.47,424.31,205.06
1223,1245,10,0.00256,415.81,171.86,430.75,186.5
1224,1245,13,0.00107,365.89,175.48,385.07,193.89
1225,1258,13,0.90724,44.92,16.12,87.56,59.95
1226,1258,3,0.90202,143.16,73.07,198.08,137.41
1227,1258,3,0.88547,160.8,25.91,239.72,71.21
1228,1258,1,0.81109,88.65,0.24,128.02,18.29
1229,1258,3,0.60343,164.55,0.82,191.57,19.94
1230,1258,0,0.00784,88.46,0.76,128.34,18.62
1231,1258,3,0.00571,144.22,0.43,190.73,20.86
1232,1258,0,0.00116,213.6,166.54,238.75,197.74
1233,1258,3,0.00112,159.73,1.39,191.49,30.46
1234,1267,8,0.80449,394.63,0.26,485.95,164.69
1235,1267,8,0.07641,29.38,18.07,144.53,138.0
1236,1267,8,0.01715,477.88,14.33,486.0,63.43
1237,1267,8,0.00502,61.83,17.35,144.24,111.5
1238,1267,8,0.00361,474.52,2.94,486.0,54.37
1239,1267,8,0.00273,479.9,15.12,486.0,47.38
1240,1267,14,0.00243,478.67,18.37,486.0,48.93
1241,1267,8,0.00234,0.0,7.52,59.64,167.68
1242,1267,8,0.00226,474.72,15.5,486.0,84.39
1243,1267,8,0.00185,440.23,2.0,485.62,59.55
1244,1267,8,0.00172,0.0,10.87,58.81,99.21
1245,1267,8,0.00116,467.87,0.67,485.83,8.03
1246,1273,14,0.72121,320.36,115.56,340.47,166.01
1247,1273,8,0.02378,0.0,101.05,6.26,112.57
1248,1273,8,0.01696,0.01,101.44,2.64,112.87
1249,1273,14,0.01546,319.26,115.47,339.34,146.02
1250,1273,5,0.01149,0.0,99.87,6.28,112.83
1251,1273,14,0.00679,477.4,130.45,487.73,151.13
1252,1273,14,0.00486,471.29,130.51,485.03,150.27
1253,1273,8,0.00483,0.0,101.83,2.0,116.28
1254,1273,5,0.00466,21.6,199.64,30.81,209.65
1255,1273,14,0.00375,469.83,130.45,478.25,151.87
1256,1273,8,0.00317,21.52,199.69,30.46,209.84
1257,1273,5,0.00294,0.14,93.22,7.8,108.16
1258,1273,5,0.00285,0.0,94.05,2.4,112.58
1259,1273,14,0.00285,36.4,91.42,49.66,120.4
1260,1273,14,0.00279,449.91,127.74,458.84,150.92
1261,1273,5,0.00278,484.96,150.94,489.0,180.63
1262,1273,5,0.00269,479.95,36.44,489.0,51.81
1263,1273,5,0.00191,468.36,34.17,488.83,51.54
1264,1273,14,0.00169,479.39,130.97,486.97,146.91
1265,1273,14,0.00163,480.92,147.55,489.0,245.45
1266,1273,14,0.00161,321.1,144.27,337.5,166.64
1267,1273,14,0.00146,485.47,148.66,489.0,176.3
1268,1273,15,0.00145,299.27,115.81,323.07,141.71
1269,1273,5,0.00137,477.15,34.77,489.0,55.05
1270,1273,5,0.00128,482.59,149.8,489.0,181.6
1271,1273,14,0.00126,316.04,133.58,339.12,166.59
1272,1273,5,0.00121,299.1,115.75,323.07,141.45
1273,1273,14,0.00105,321.32,114.94,338.87,131.25
1274,1275,10,0.85145,321.16,108.49,337.53,124.73
1275,1275,10,0.8475,259.44,112.65,278.45,128.54
1276,1275,11,0.76177,196.69,81.87,212.72,98.07
1277,1275,9,0.71864,244.58,82.85,263.06,97.43
1278,1275,17,0.70086,197.5,48.47,210.75,61.7
1279,1275,9,0.17349,180.09,123.06,204.85,147.12
1280,1275,17,0.1441,180.29,123.26,204.68,147.11
1281,1275,12,0.00782,180.25,123.06,204.99,147.5
1282,1288,2,0.86859,154.74,102.82,189.58,142.79
1283,1288,17,0.75313,252.1,138.62,272.36,157.55
1284,1288,17,0.72777,238.06,70.77,256.72,89.43
1285,1289,17,0.84551,192.85,184.53,203.98,194.97
1286,1289,10,0.79353,255.75,173.62,268.21,185.1
1287,1289,9,0.66063,201.91,163.84,216.82,175.31
1288,1289,17,0.64789,211.25,192.02,222.46,203.28
1289,1289,12,0.4249,216.57,178.13,231.78,190.07
1290,1289,10,0.41225,235.41,165.46,249.15,176.92
1291,1289,11,0.26023,188.55,170.59,200.37,181.53
1292,1289,11,0.20589,216.65,178.28,231.57,189.69
1293,1289,11,0.19019,262.12,187.26,274.51,198.69
1294,1289,12,0.11979,262.15,187.18,274.57,198.65
1295,1289,12,0.11093,235.52,165.68,248.95,176.79
1296,1289,13,0.0327,261.77,186.29,274.26,198.34
1297,1289,13,0.0164,192.6,184.19,203.62,195.03
1298,1289,13,0.0082,211.21,191.7,222.76,203.41
1299,1289,11,0.00753,211.5,192.35,222.38,203.43
1300,1289,13,0.00202,252.61,172.58,268.82,184.95
1301,1289,9,0.00144,188.52,169.69,202.62,181.81
1302,1289,17,0.00115,203.12,164.28,216.33,173.76
1303,1291,13,0.87245,399.04,78.74,454.97,130.81
1304,1291,4,0.62446,217.57,1.06,269.98,73.46
1305,1291,1,0.38964,317.2,114.99,375.61,174.18
1306,1291,0,0.12859,316.75,114.29,376.28,174.13
1307,1291,13,0.12094,316.68,114.28,375.91,173.96
1308,1291,3,0.00489,217.16,1.85,270.3,73.36
1309,1291,2,0.00251,398.85,78.8,454.26,130.54
1310,1291,3,0.00149,163.22,0.23,271.88,74.52
1311,1291,14,0.00144,145.17,0.0,268.6,73.05
1312,1300,17,0.87938,64.02,61.5,83.0,80.2
1313,1300,17,0.87641,47.17,37.31,65.88,55.91
1314,1300,7,0.86279,104.43,48.11,139.39,74.9
1315,1300,7,0.83742,56.89,80.98,88.28,108.85
1316,1300,11,0.44649,115.24,125.34,141.64,147.42
1317,1300,17,0.12886,194.32,115.82,220.71,140.05
1318,1300,2,0.03466,194.59,115.93,220.8,140.28
1319,1300,8,0.00527,0.0,1.09,35.91,26.48
1320,1300,14,0.00105,312.92,221.66,320.99,247.13
1321,1304,2,0.86093,128.97,45.05,149.2,71.39
1322,1304,2,0.84418,40.84,57.35,60.4,85.29
1323,1309,7,0.82036,230.56,182.68,253.7,200.42
1324,1309,7,0.812,208.72,117.77,233.02,135.51
1325,1310,15,0.84824,219.05,128.36,250.78,152.85
1326,1310,15,0.82682,217.09,96.01,236.27,114.87
1327,1310,7,0.79907,140.12,126.03,164.81,145.58
1328,1310,15,0.71773,258.78,75.64,272.3,95.91
1329,1310,14,0.00156,318.49,210.12,344.36,230.09
1330,1332,8,0.86449,344.85,132.13,379.91,168.07
1331,1332,8,0.8518,271.2,124.66,302.59,158.71
1332,1332,8,0.84653,293.49,125.24,335.31,162.0
1333,1332,8,0.8386,369.76,128.68,433.59,173.61
1334,1332,8,0.8242,324.54,125.8,357.0,164.29
1335,1332,8,0.77836,460.2,120.93,488.0,157.95
1336,1332,14,0.70894,158.27,93.27,184.48,154.7
1337,1332,14,0.00823,0.0,36.3,12.27,123.01
1338,1332,14,0.00519,356.1,103.82,425.8,169.1
1339,1332,14,0.00435,373.0,122.82,413.63,163.72
1340,1332,8,0.00294,151.38,104.77,183.83,151.95
1341,1332,14,0.00276,0.0,106.42,14.74,125.15
1342,1332,8,0.00224,317.95,123.75,340.49,161.7
1343,1332,8,0.002,0.98,110.84,98.77,143.13
1344,1332,14,0.00187,11.82,87.04,45.66,128.78
1345,1332,14,0.00169,0.0,106.55,7.59,124.75
1346,1332,14,0.00145,0.0,94.3,16.82,124.27
1347,1332,8,0.00109,21.86,115.54,112.05,144.58
1348,1336,2,0.85315,241.53,38.29,277.74,64.96
1349,1336,2,0.84189,363.23,55.05,392.97,83.31
1350,1336,2,0.00872,496.87,0.11,508.0,13.93
1351,1339,2,0.83827,228.47,63.67,246.56,87.39
1352,1339,2,0.83642,182.33,39.81,199.96,62.85
1353,1343,15,0.87898,259.18,7.72,291.44,42.94
1354,1343,9,0.00101,210.9,133.39,220.79,153.35
1355,1349,6,0.87031,288.94,66.1,358.62,104.96
1356,1349,17,0.83542,253.07,36.25,274.79,57.28
1357,1349,15,0.81333,368.73,115.86,403.94,151.03
1358,1349,2,0.56446,384.09,54.55,405.06,76.32
1359,1349,17,0.00127,383.93,54.56,403.66,76.92
1360,1352,17,0.84939,55.77,178.7,78.31,201.88
1361,1352,17,0.59702,164.83,89.54,184.18,109.26
1362,1352,9,0.1545,164.97,89.74,184.2,109.45
1363,1361,8,0.85009,0.0,117.1,100.26,221.2
1364,1361,5,0.76609,260.37,111.9,305.69,138.88
1365,1361,14,0.08045,137.38,87.52,169.62,140.14
1366,1361,8,0.05646,115.28,91.15,206.47,225.1
1367,1361,14,0.04974,135.04,87.44,169.77,120.21
1368,1361,8,0.03316,134.7,87.04,170.07,120.1
1369,1361,8,0.01298,0.0,117.78,41.96,221.67
1370,1361,8,0.00114,0.05,134.41,4.81,178.88
1371,1366,14,0.87759,279.06,52.91,305.78,130.07
1372,1366,14,0.7626,190.81,45.0,228.18,135.73
1373,1366,14,0.74111,146.47,84.83,160.18,123.75
1374,1366,14,0.4703,58.04,99.98,67.99,122.66
1375,1366,14,0.27639,486.94,95.42,495.0,123.27
1376,1366,14,0.27002,185.59,35.41,207.99,135.01
1377,1366,14,0.03651,487.14,94.15,495.0,148.5
1378,1366,14,0.00863,54.13,99.46,62.34,122.39
1379,1366,14,0.00656,107.13,105.55,117.05,120.81
1380,1366,14,0.00603,81.33,103.8,93.21,122.41
1381,1366,14,0.0025,480.17,94.5,495.0,124.21
1382,1366,14,0.00239,109.97,104.78,119.39,120.47
1383,1366,14,0.0021,486.58,93.6,495.0,179.82
1384,1366,8,0.0014,184.65,44.43,233.57,135.02
1385,1366,14,0.00113,35.74,95.13,49.08,118.57
1386,1366,14,0.00102,59.67,101.59,72.73,122.83
1387,1367,14,0.76397,400.72,151.55,416.92,170.43
1388,1367,14,0.70527,66.29,93.82,79.63,119.89
1389,1367,14,0.69883,95.85,98.61,108.33,126.46
1390,1367,14,0.69283,32.02,87.13,43.66,115.08
1391,1367,14,0.59613,175.74,114.85,187.83,133.52
1392,1367,16,0.53741,1.01,123.91,73.43,157.54
1393,1367,14,0.38667,182.05,120.13,201.12,147.54
1394,1367,16,0.28225,6.36,166.6,90.27,212.7
1395,1367,14,0.27816,20.13,85.56,30.12,116.58
1396,1367,14,0.08923,16.12,86.06,28.79,115.66
1397,1367,16,0.0679,89.87,149.49,120.78,168.4
1398,1367,14,0.05392,10.85,87.61,20.99,111.31
1399,1367,16,0.03818,0.25,124.11,37.23,153.47
1400,1367,14,0.03372,177.37,112.56,202.76,146.53
1401,1367,14,0.02499,42.75,102.93,59.6,122.86
1402,1367,14,0.02183,41.25,105.03,53.46,120.85
1403,1367,14,0.01742,0.05,121.25,3.84,135.92
1404,1367,14,0.01635,22.42,86.55,32.48,117.19
1405,1367,16,0.01552,35.16,184.0,141.9,252.22
1406,1367,14,0.01415,288.6,135.54,304.49,153.0
1407,1367,14,0.01384,188.38,122.5,202.63,145.73
1408,1367,16,0.01361,0.45,126.33,76.33,175.87
1409,1367,16,0.01328,30.63,132.23,74.57,158.65
1410,1367,14,0.01003,0.0,120.01,2.75,133.45
1411,1367,14,0.00748,41.98,105.73,62.62,133.65
1412,1367,16,0.00677,52.96,136.31,75.01,156.56
1413,1367,14,0.00562,275.26,131.04,294.06,153.5
1414,1367,14,0.00548,292.92,135.0,305.95,155.71
1415,1367,14,0.00525,11.54,87.32,20.29,103.88
1416,1367,14,0.00514,0.0,108.06,2.72,130.23
1417,1367,16,0.00464,0.1,123.24,23.75,152.19
1418,1367,14,0.00426,178.83,116.64,192.89,146.46
1419,1367,14,0.00399,0.07,119.95,5.95,133.79
1420,1367,16,0.00399,0.06,123.04,6.54,144.58
1421,1367,14,0.00379,0.0,110.9,4.33,131.77
1422,1367,14,0.00369,0.0,102.58,2.15,127.91
1423,1367,14,0.00361,286.73,133.13,308.44,155.7
1424,1367,14,0.00353,65.53,105.34,73.9,119.88
1425,1367,14,0.0035,0.09,121.07,6.8,139.75
1426,1367,14,0.00315,275.95,131.61,303.87,154.74
1427,1367,14,0.00308,176.93,113.45,188.47,126.98
1428,1367,16,0.00278,31.36,209.26,112.88,254.39
1429,1367,16,0.00227,13.87,127.31,46.77,151.16
1430,1367,16,0.00221,5.91,166.48,80.75,197.36
1431,1367,16,0.00211,19.04,167.48,92.08,239.51
1432,1367,14,0.00201,0.01,120.53,4.71,143.36
1433,1367,14,0.0015,8.59,85.93,24.79,114.53
1434,1367,16,0.00143,0.02,123.25,22.25,177.32
1435,1367,14,0.00142,0.0,87.66,4.87,119.03
1436,1367,14,0.00114,390.91,132.97,405.5,150.0
1437,1367,14,0.00106,0.0,85.87,2.11,111.58
1438,1367,14,0.00101,194.65,125.14,202.69,136.62
1439,1373,15,0.90799,381.75,191.59,400.35,208.08
1440,1373,15,0.89498,408.24,186.49,424.1,200.61
1441,1373,14,0.00455,438.7,13.71,481.54,122.98
1442,1377,15,0.93287,440.28,189.23,484.89,250.97
1443,1377,15,0.00122,437.54,189.08,485.0,251.05
1444,1384,2,0.84709,381.77,77.55,411.2,115.01
1445,1384,17,0.67965,318.68,64.24,334.94,80.01
1446,1384,17,0.66527,391.07,48.49,407.79,64.76
1447,1384,2,0.01252,319.03,64.5,335.82,80.33
1448,1388,8,0.79956,270.87,118.97,297.34,155.02
1449,1388,16,0.75513,0.09,126.56,13.89,149.69
1450,1388,14,0.75075,274.17,102.0,294.31,121.95
1451,1388,16,0.7129,12.77,126.46,27.19,148.39
1452,1388,16,0.67102,52.99,125.97,67.0,144.95
1453,1388,16,0.67009,40.32,126.09,53.0,146.13
1454,1388,16,0.6565,26.58,126.47,41.33,147.14
1455,1388,16,0.64818,167.05,119.64,176.12,129.44
1456,1388,16,0.63863,66.26,125.25,77.91,144.0
1457,1388,8,0.63518,236.8,94.93,269.84,147.51
1458,1388,16,0.57828,97.03,123.9,107.95,141.12
1459,1388,16,0.56632,87.42,123.86,97.91,141.86
1460,1388,16,0.56606,129.8,117.61,138.71,128.01
1461,1388,16,0.56026,77.56,124.8,88.12,143.05
1462,1388,16,0.5524,115.07,124.1,124.3,140.22
1463,1388,16,0.53823,122.88,123.97,132.3,139.34
1464,1388,16,0.53447,106.92,123.27,115.82,140.06
1465,1388,16,0.04302,166.65,120.81,176.15,134.82
1466,1388,14,0.0336,482.6,53.25,488.0,136.99
1467,1388,16,0.02358,123.97,120.52,137.66,139.3
1468,1388,14,0.01641,480.66,119.63,488.0,188.02
1469,1388,16,0.01406,481.26,121.12,488.0,140.22
1470,1388,16,0.01195,0.04,123.14,1.83,131.57
1471,1388,16,0.00992,130.71,119.82,139.91,129.8
1472,1388,16,0.00786,481.04,120.14,488.0,151.83
1473,1388,16,0.0075,167.71,116.04,176.64,127.1
1474,1388,16,0.00733,146.69,117.12,155.21,131.11
1475,1388,16,0.00622,0.0,113.47,2.08,128.37
1476,1388,16,0.00527,176.7,115.1,184.1,124.65
1477,1388,14,0.00505,484.52,59.75,488.0,91.04
1478,1388,16,0.00476,77.56,125.83,94.17,141.44
1479,1388,16,0.00456,126.53,118.06,134.84,128.26
1480,1388,16,0.00371,129.71,116.52,142.89,129.05
1481,1388,16,0.00369,93.35,124.99,110.59,140.31
1482,1388,16,0.00358,137.24,121.79,143.49,129.14
1483,1388,16,0.00353,175.51,117.22,181.47,124.87
1484,1388,14,0.00324,479.64,116.24,488.0,237.92
1485,1388,16,0.00297,168.22,120.87,178.79,131.72
1486,1388,16,0.00265,199.22,120.61,206.94,135.47
1487,1388,16,0.00262,122.4,116.14,137.39,129.9
1488,1388,16,0.00257,0.0,114.38,6.21,127.71
1489,1388,16,0.00199,0.2,123.96,7.12,132.69
1490,1388,16,0.00194,158.76,120.11,176.54,131.98
1491,1388,16,0.00183,147.4,118.35,162.04,132.66
1492,1388,16,0.0018,481.4,120.72,487.48,128.09
1493,1388,16,0.00173,62.79,126.57,82.66,142.78
1494,1388,8,0.00173,252.6,106.15,270.48,147.83
1495,1388,8,0.00161,282.34,117.73,299.15,147.78
1496,1388,16,0.00133,84.66,124.62,95.08,142.51
1497,1388,16,0.00129,153.05,121.97,161.22,132.2
1498,1388,16,0.00115,126.8,115.85,137.03,126.74
1499,1388,16,0.00112,166.81,117.82,183.4,131.65
1500,1388,14,0.00103,471.24,29.03,486.61,140.1
1501,1388,16,0.00101,40.11,126.83,67.93,143.74
1502,1388,16,0.001,168.87,111.5,176.24,118.24
1503,1389,5,0.49531,160.08,3.65,484.81,249.0
1504,1389,5,0.29846,17.61,0.0,378.98,249.0
1505,1389,8,0.01675,0.02,5.34,34.57,175.57
1506,1389,8,0.00772,0.05,8.02,45.65,240.73
1507,1389,8,0.00381,0.0,8.83,82.05,247.56
1508,1389,8,0.00263,0.0,0.0,51.97,123.58
1509,1389,14,0.00238,477.08,103.88,493.0,238.98
1510,1392,5,0.86238,229.87,96.62,361.39,149.47
1511,1392,14,0.85342,363.46,60.0,413.14,200.1
1512,1392,5,0.80092,394.88,95.75,500.0,154.87
1513,1392,14,0.79894,68.85,87.66,101.12,168.86
1514,1392,8,0.06877,173.26,107.42,203.57,138.25
1515,1392,14,0.00858,492.36,112.69,500.0,199.1
1516,1395,7,0.64901,442.05,188.5,463.15,203.19
1517,1395,7,0.42738,384.56,147.59,405.2,165.01
1518,1400,12,0.72147,353.33,82.91,383.77,109.35
1519,1400,11,0.66905,414.67,45.74,442.58,70.67
1520,1400,17,0.49285,288.42,41.2,318.24,70.35
1521,1400,10,0.00554,353.07,82.79,383.78,109.32
1522,1400,1,0.00408,288.35,40.52,317.81,70.28
1523,1400,11,0.00302,353.18,82.66,384.31,109.56
1524,1400,8,0.00292,227.46,178.01,286.51,246.6
1525,1400,11,0.00175,288.3,40.93,318.89,70.66
1526,1401,5,0.86789,213.37,160.33,344.66,214.15
1527,1401,14,0.83204,57.92,152.54,82.93,233.39
1528,1401,14,0.80206,347.27,126.91,389.25,254.56
1529,1401,5,0.72908,349.64,161.27,499.59,220.62
1530,1401,14,0.12987,20.87,173.23,41.01,214.95
1531,1401,14,0.00166,0.04,160.12,6.76,224.58
1532,1402,14,0.77689,249.52,91.28,270.01,113.64
1533,1402,8,0.7475,246.91,110.03,274.07,153.06
1534,1402,16,0.65391,3.57,119.52,18.22,142.34
1535,1402,16,0.52731,113.45,117.32,123.54,132.25
1536,1402,16,0.51922,17.69,119.75,32.65,140.62
1537,1402,16,0.51716,43.74,118.63,58.08,138.13
1538,1402,16,0.44593,31.49,119.03,44.27,138.93
1539,1402,16,0.43706,121.09,110.76,129.92,120.94
1540,1402,16,0.39697,158.35,112.68,167.19,122.4
1541,1402,16,0.32714,0.02,120.46,4.9,141.92
1542,1402,16,0.31839,88.4,117.19,99.12,134.06
1543,1402,16,0.30454,78.68,117.25,88.86,135.14
1544,1402,16,0.29504,57.45,118.22,69.17,136.82
1545,1402,16,0.2847,106.09,117.23,115.08,132.77
1546,1402,8,0.27161,222.27,87.16,249.24,140.67
1547,1402,16,0.24946,98.21,116.87,107.07,133.77
1548,1402,16,0.24579,68.63,117.95,79.52,136.01
1549,1402,5,0.20035,271.0,106.46,282.3,122.0
1550,1402,16,0.05501,115.43,116.52,126.86,131.69
1551,1402,8,0.04033,283.33,101.92,296.74,127.49
1552,1402,8,0.03482,221.54,103.24,245.76,140.91
1553,1402,16,0.02571,123.98,114.36,131.16,121.26
1554,1402,16,0.01488,118.2,114.86,125.35,122.15
1555,1402,16,0.01217,157.96,113.45,168.42,127.39
1556,1402,16,0.00562,0.0,122.03,3.75,147.82
1557,1402,16,0.00534,118.42,107.56,129.86,120.37
1558,1402,16,0.00411,153.86,112.72,167.63,124.22
1559,1402,5,0.00399,262.09,102.46,279.67,121.9
1560,1402,16,0.0039,160.81,111.2,171.92,122.01
1561,1402,16,0.00296,168.19,109.6,174.42,117.52
1562,1402,17,0.00268,157.58,113.58,167.43,122.36
1563,1402,16,0.00222,107.1,119.94,118.97,131.64
1564,1402,14,0.00198,283.75,101.66,297.01,126.98
1565,1402,16,0.00193,0.53,118.65,7.32,134.24
1566,1402,16,0.00142,120.19,123.47,129.25,132.41
1567,1402,16,0.0011,160.72,107.31,168.58,116.88
1568,1402,8,0.00103,231.76,110.29,250.59,141.71
1569,1402,16,0.001,0.04,115.34,2.1,126.46
1570,1410,10,0.88328,215.64,116.06,231.25,135.0
1571,1410,10,0.86316,299.3,95.99,316.63,112.49
1572,1410,10,0.82891,318.78,60.29,333.2,74.81
1573,1410,9,0.69872,231.32,86.18,247.24,104.05
1574,1410,17,0.45425,143.7,95.72,157.68,108.38
1575,1410,17,0.39662,290.12,148.3,314.35,170.69
1576,1410,9,0.27336,143.78,95.83,157.9,108.32
1577,1410,9,0.0707,290.36,148.16,314.29,170.69
1578,1410,17,0.01643,0.0,109.8,2.18,126.31
1579,1410,6,0.00984,107.0,53.63,154.36,77.41
1580,1410,8,0.00253,267.5,12.14,286.91,62.86
1581,1410,17,0.00139,0.0,108.01,4.84,127.58
1582,1410,13,0.00111,319.68,60.17,333.79,74.85
1583,1411,3,0.88583,157.33,111.88,229.64,156.69
1584,1411,3,0.87289,292.71,61.39,336.8,98.09
1585,1411,13,0.86787,302.74,110.56,339.91,149.92
1586,1411,1,0.85244,229.47,122.27,268.64,163.26
1587,1411,3,0.82762,220.67,81.13,287.18,108.19
1588,1412,7,0.87026,166.38,111.58,196.54,140.29
1589,1412,7,0.85444,202.32,16.5,226.62,37.1
1590,1412,17,0.79311,232.65,73.37,248.88,90.77
1591,1412,17,0.76678,151.0,54.82,167.24,72.56
1592,1412,7,0.00126,166.53,110.66,194.35,129.65
1593,1412,17,0.0012,0.02,193.62,13.09,214.97
1594,1412,17,0.00104,196.41,191.03,218.18,210.27
1595,1416,14,0.7779,155.98,125.85,194.52,210.83
1596,1416,14,0.76311,272.79,130.63,298.17,217.76
1597,1416,14,0.69504,195.44,124.44,252.52,219.76
1598,1416,14,0.68862,371.26,131.91,411.96,226.5
1599,1416,5,0.25584,403.73,180.16,464.94,221.63
1600,1416,5,0.01332,491.67,157.51,500.0,182.18
1601,1416,14,0.01023,197.88,124.0,227.81,213.52
1602,1423,14,0.84042,150.96,124.43,183.43,210.38
1603,1423,14,0.81897,200.67,140.92,226.6,207.4
1604,1423,14,0.81242,110.5,145.87,136.82,226.34
1605,1423,14,0.78687,292.17,151.84,318.01,226.52
1606,1423,14,0.67902,388.26,91.14,442.86,231.71
1607,1423,8,0.11188,402.81,152.78,491.32,237.2
1608,1423,8,0.03394,456.49,89.91,493.69,229.56
1609,1423,14,0.02703,0.01,143.35,12.16,229.24
1610,1423,8,0.00987,401.91,101.98,493.36,236.17
1611,1423,14,0.00482,152.09,126.26,183.21,161.68
1612,1423,14,0.00237,0.01,181.11,10.3,233.35
1613,1423,8,0.00218,0.0,166.67,11.7,247.19
1614,1423,14,0.00215,0.11,120.8,20.57,239.27
1615,1423,14,0.00196,484.72,79.05,494.0,138.64
1616,1423,8,0.0017,101.62,144.75,153.78,226.27
1617,1423,14,0.0015,391.11,90.14,490.64,236.11
1618,1423,14,0.00136,483.84,162.49,494.0,235.28
1619,1423,8,0.00118,286.56,148.56,342.12,227.03
1620,1423,14,0.00113,483.01,205.78,494.0,255.7
1621,1423,14,0.0011,27.42,100.52,53.05,147.59
1622,1424,10,0.84147,160.04,83.04,175.76,99.32
1623,1424,11,0.81788,114.85,66.95,131.38,82.98
1624,1424,17,0.76244,105.91,168.02,120.71,181.8
1625,1424,9,0.73707,165.22,126.72,184.35,142.45
1626,1424,9,0.53712,227.86,91.83,250.75,112.76
1627,1424,9,0.52557,118.09,119.53,137.16,135.44
1628,1424,11,0.01286,118.11,119.47,137.2,135.39
1629,1424,12,0.00433,227.35,91.71,250.94,113.0
1630,1424,6,0.00221,42.21,167.2,62.96,193.08
1631,1424,14,0.00169,62.33,72.03,80.92,107.39
1632,1424,6,0.00126,494.55,65.14,498.0,105.07
1633,1431,17,0.84772,218.86,76.24,242.49,98.42
1634,1431,17,0.68506,387.73,39.47,409.12,60.78
1635,1433,2,0.86003,396.46,192.42,418.23,217.65
1636,1433,2,0.85399,387.92,158.05,405.98,181.79
1637,1433,2,0.02502,0.0,93.63,2.6,107.88
1638,1433,2,0.00129,0.0,92.27,4.68,108.32
1639,1433,2,0.00116,0.0,80.19,2.84,107.2
1640,1438,2,0.82795,277.34,181.03,303.86,209.57
1641,1438,2,0.69035,397.09,170.11,417.54,191.96
1642,1438,11,0.00769,144.31,96.51,161.11,108.39
1643,1441,17,0.89292,356.54,88.43,369.94,102.05
1644,1441,10,0.88513,318.06,43.69,334.15,57.65
1645,1441,17,0.84459,378.94,79.33,392.55,92.63
1646,1441,10,0.80928,311.76,85.06,328.38,99.56
1647,1441,10,0.79961,294.27,51.37,307.92,66.22
1648,1441,11,0.79506,358.07,46.04,375.57,59.65
1649,1441,11,0.7105,336.2,68.34,350.96,83.28
1650,1441,10,0.16579,290.6,71.26,305.48,87.59
1651,1441,17,0.15441,290.62,71.27,305.58,87.62
1652,1441,13,0.00404,294.22,51.72,307.56,65.13
1653,1441,13,0.00123,378.77,79.87,392.6,92.59
1654,1441,13,0.0011,291.35,70.39,306.23,87.58
1655,1449,11,0.92821,405.77,103.27,420.17,115.05
1656,1449,10,0.84408,418.89,77.89,432.21,89.49
1657,1449,17,0.82914,350.14,84.79,360.4,95.27
1658,1449,10,0.81897,425.04,89.7,436.57,101.51
1659,1449,11,0.7109,380.34,84.79,393.29,96.65
1660,1449,17,0.65845,352.87,95.72,363.71,106.38
1661,1449,10,0.65065,366.56,72.17,379.46,82.8
1662,1449,10,0.50524,389.49,69.06,402.74,80.57
1663,1449,6,0.01218,0.01,149.56,8.72,221.69
1664,1449,17,0.00817,350.99,81.66,361.97,93.56
1665,1449,17,0.006,424.64,89.01,436.88,101.74
1666,1449,14,0.00106,179.72,95.66,239.75,243.06
1667,1469,5,0.81855,426.94,73.8,486.11,102.13
1668,1469,14,0.60092,286.03,60.48,296.58,82.27
1669,1469,8,0.59751,250.0,81.67,266.93,101.46
1670,1469,14,0.41782,252.56,76.9,264.32,91.01
1671,1469,14,0.16479,256.37,76.7,267.07,90.01
1672,1469,14,0.08513,251.62,79.07,260.02,92.48
1673,1469,14,0.03697,252.46,77.32,267.2,95.4
1674,1469,14,0.02316,287.52,60.94,296.56,75.13
1675,1469,5,0.00459,472.49,72.18,491.57,90.63
1676,1469,5,0.00443,0.0,23.89,10.94,93.91
1677,1469,5,0.00403,478.93,70.09,492.79,91.24
1678,1469,5,0.00372,0.01,0.59,11.85,16.65
1679,1469,5,0.00371,489.07,72.81,493.0,90.39
1680,1469,5,0.00205,472.25,59.46,492.86,91.33
1681,1469,14,0.00131,287.07,58.86,295.96,71.33
1682,1469,5,0.00131,0.0,25.65,10.71,60.58
1683,1469,5,0.00125,459.38,52.82,492.39,91.29
1684,1469,5,0.00104,483.42,62.03,493.0,89.27
1685,1469,5,0.00102,450.78,49.41,492.49,74.59
1686,1470,17,0.82284,27.77,164.66,50.66,188.0
1687,1470,17,0.80065,197.85,163.52,219.59,183.84
1688,1470,2,0.00253,198.55,163.48,220.26,185.72
1689,1470,2,0.0016,0.01,172.22,3.34,211.58
1690,1470,2,0.00123,201.57,161.26,247.59,203.48
1691,1471,15,0.93751,174.32,5.71,230.17,66.41
1692,1471,15,0.93212,26.59,0.13,101.02,60.13
1693,1471,16,0.00146,27.69,0.0,101.64,59.69
1694,1479,15,0.8838,77.18,128.33,97.66,151.02
1695,1479,15,0.8628,197.87,128.16,218.68,148.62
1696,1485,2,0.86414,106.95,73.25,126.01,97.12
1697,1485,2,0.84786,60.84,46.82,79.0,70.19
1698,1491,15,0.87422,138.39,134.91,159.89,157.48
1699,1491,15,0.84215,100.82,176.38,121.82,195.04
1700,1491,7,0.83307,189.1,173.56,210.32,189.76
1701,1491,7,0.47038,46.47,175.23,65.25,195.78
1702,1491,15,0.20062,46.51,175.33,65.2,195.76
1703,1491,17,0.07103,69.6,143.24,84.45,155.49
1704,1491,7,0.0052,196.04,146.23,206.75,154.72
1705,1493,3,0.90811,320.36,156.82,403.95,202.68
1706,1493,3,0.8965,248.36,127.85,293.71,177.91
1707,1493,3,0.87087,208.76,106.79,274.4,135.13
1708,1493,13,0.86543,333.76,81.79,368.91,118.08
1709,1493,1,0.83861,362.17,114.29,400.14,154.17
1710,1495,7,0.88926,298.77,89.62,326.06,110.69
1711,1495,7,0.85684,359.22,18.89,383.69,39.18
1712,1495,7,0.00809,99.7,176.37,126.37,200.48
1713,1500,13,0.86024,240.11,154.55,287.04,200.78
1714,1500,1,0.13166,407.69,128.59,453.11,171.8
1715,1500,14,0.12039,0.03,0.65,35.21,180.37
1716,1500,0,0.11818,407.98,128.99,452.86,172.99
1717,1500,14,0.00227,66.65,18.8,175.33,139.54
1718,1500,14,0.00188,0.09,23.38,45.97,221.11
1719,1500,14,0.00123,0.0,46.03,30.41,134.16
1720,1502,17,0.89492,336.39,201.41,350.01,214.61
1721,1502,10,0.86234,360.43,160.16,376.65,173.07
1722,1502,10,0.81948,330.62,160.13,345.42,173.77
1723,1502,11,0.77035,392.94,171.32,408.23,184.51
1724,1502,17,0.76976,367.14,200.7,380.85,214.12
1725,1502,10,0.73834,304.82,188.3,319.19,201.59
1726,1502,11,0.56188,341.98,181.67,359.62,195.8
1727,1502,10,0.48304,302.04,172.92,318.73,187.75
1728,1502,9,0.44799,302.09,173.03,318.53,187.77
1729,1502,17,0.0275,331.25,160.99,344.8,173.19
1730,1502,17,0.0245,361.08,160.74,376.19,172.73
1731,1502,10,0.00801,367.02,200.68,380.83,214.3
1732,1502,16,0.00177,393.23,171.67,407.72,184.11
1733,1502,14,0.00111,278.76,12.09,296.48,51.67
1734,1502,14,0.0011,102.07,0.0,144.46,0.43
1735,1502,5,0.001,292.32,228.19,310.15,246.72
1736,1505,7,0.87548,55.27,223.8,83.2,243.44
1737,1505,7,0.82956,110.24,145.2,135.32,165.68
1738,1509,2,0.78547,423.08,169.64,448.19,191.1
1739,1509,2,0.02389,327.21,182.31,348.45,204.92
1740,1518,1,0.19143,115.01,187.01,146.46,221.25
1741,1518,14,0.10719,488.37,77.83,496.0,127.33
1742,1518,13,0.0707,114.55,187.74,147.44,221.49
1743,1518,14,0.01191,491.89,88.45,496.0,125.38
1744,1518,14,0.0104,492.47,103.19,496.0,126.27
1745,1518,2,0.0101,113.47,187.36,147.1,220.45
1746,1518,14,0.00164,489.81,94.13,496.0,125.99
1747,1521,14,0.84375,170.17,143.22,222.0,253.04
1748,1521,5,0.83996,227.01,178.07,375.02,223.93
1749,1521,5,0.12687,5.3,166.62,173.73,229.61
1750,1521,14,0.02226,492.05,156.63,500.0,216.92
1751,1521,14,0.01529,496.33,159.74,500.0,216.04
1752,1521,14,0.00744,161.23,144.27,181.88,213.01
1753,1521,14,0.00397,164.68,143.2,190.55,228.81
1754,1521,14,0.00291,493.47,176.11,500.0,220.82
1755,1521,14,0.00162,0.05,172.91,5.74,221.76
1756,1521,5,0.00148,0.58,169.64,100.62,232.67
1757,1521,14,0.00141,67.53,172.33,91.02,209.65
1758,1521,14,0.00127,490.73,161.69,500.0,237.16
1759,1528,14,0.86766,186.17,115.66,217.85,214.36
1760,1528,14,0.84665,248.2,101.96,294.0,227.55
1761,1528,14,0.80046,231.71,130.56,254.29,212.67
1762,1528,14,0.73123,401.77,152.19,445.23,235.24
1763,1528,14,0.67452,215.69,134.72,235.53,208.74
1764,1528,14,0.0043,0.0,126.24,6.25,211.13
1765,1528,14,0.00272,267.77,102.45,294.04,222.8
1766,1528,5,0.00256,495.44,162.83,500.0,184.07
1767,1528,14,0.00194,0.02,131.61,4.51,174.13
1768,1528,14,0.00116,495.5,164.44,500.0,188.5
1769,1528,14,0.00102,0.0,139.17,6.12,186.32
1770,1533,14,0.75222,311.16,37.02,329.79,85.06
1771,1533,1,0.20922,427.99,204.3,465.88,240.77
1772,1533,14,0.0168,486.98,48.97,498.0,97.55
1773,1533,14,0.00222,490.68,46.02,498.0,124.27
1774,1533,14,0.00177,492.11,53.42,498.0,95.63
1775,1533,14,0.00124,494.36,61.47,498.0,95.32
1776,1543,7,0.86949,198.97,46.04,228.4,70.44
1777,1543,7,0.86497,139.39,149.11,175.52,176.78
1778,1543,17,0.81081,132.54,86.4,152.15,105.13
1779,1543,17,0.78862,225.43,104.21,243.51,121.52
1780,1544,15,0.89677,400.2,52.56,419.85,71.46
1781,1544,15,0.8794,349.05,55.85,364.84,72.26
1782,1551,3,0.93326,139.85,135.45,196.32,208.69
1783,1551,4,0.9274,292.35,136.33,349.62,196.47
1784,1551,12,0.92078,221.31,146.28,261.23,182.58
1785,1551,1,0.89584,221.57,190.7,265.89,234.75
1786,1551,0,0.87706,224.19,97.06,261.36,134.75
1787,1551,3,0.00137,0.02,181.42,4.53,222.81
1788,1553,8,0.75688,20.23,149.95,59.68,177.76
1789,1553,5,0.75499,303.08,146.44,320.71,162.58
1790,1553,5,0.74101,177.74,141.95,226.39,173.06
1791,1553,5,0.72858,327.6,149.06,346.39,163.44
1792,1553,5,0.6726,146.87,141.79,181.56,168.22
1793,1553,14,0.44997,20.06,134.16,40.07,169.49
1794,1553,5,0.35675,89.07,135.31,126.33,161.23
1795,1553,5,0.24799,383.95,148.32,404.1,166.38
1796,1553,5,0.22615,59.02,135.67,127.29,164.28
1797,1553,5,0.17843,426.92,147.24,443.87,158.95
1798,1553,14,0.14783,26.93,135.44,40.99,171.29
1799,1553,5,0.08253,477.2,148.02,496.3,159.22
1800,1553,8,0.04328,272.01,145.59,289.63,165.68
1801,1553,5,0.03169,244.4,143.95,271.82,164.71
1802,1553,5,0.0292,56.71,138.14,94.78,164.54
1803,1553,5,0.02576,458.12,140.9,472.1,152.35
1804,1553,5,0.02302,343.62,145.56,355.39,158.11
1805,1553,8,0.02144,100.92,151.83,116.75,172.17
1806,1553,14,0.02045,101.21,152.08,116.65,172.07
1807,1553,5,0.0198,0.04,131.5,15.62,166.79
1808,1553,5,0.01551,254.92,147.03,273.81,165.3
1809,1553,14,0.01207,29.02,135.18,47.02,163.35
1810,1553,5,0.01199,452.01,146.95,465.62,160.49
1811,1553,8,0.01178,261.69,147.23,274.48,165.45
1812,1553,14,0.01004,349.27,151.55,362.01,174.77
1813,1553,14,0.00974,102.55,147.13,116.57,164.41
1814,1553,14,0.00959,102.29,152.05,115.08,166.11
1815,1553,5,0.00858,261.1,145.79,278.15,165.45
1816,1553,8,0.00856,278.58,147.77,291.02,164.81
1817,1553,5,0.00728,242.93,145.15,262.75,164.81
1818,1553,14,0.00683,18.74,138.23,34.72,168.08
1819,1553,14,0.00509,104.98,148.45,116.26,161.34
1820,1553,14,0.00483,21.03,137.42,48.04,172.0
1821,1553,14,0.00482,351.21,147.47,361.09,163.93
1822,1553,14,0.00407,24.16,134.87,39.62,156.96
1823,1553,8,0.00406,349.8,150.46,363.15,174.99
1824,1553,5,0.0039,101.33,144.12,118.75,165.16
1825,1553,5,0.00372,457.17,199.83,499.0,241.0
1826,1553,5,0.00346,273.04,145.89,289.19,165.09
1827,1553,5,0.00326,342.01,145.9,352.94,162.31
1828,1553,14,0.00311,352.11,148.96,364.67,173.77
1829,1553,5,0.003,380.57,187.27,477.1,240.78
1830,1553,14,0.00298,138.96,137.7,150.39,153.12
1831,1553,8,0.00286,412.23,155.23,421.52,167.85
1832,1553,5,0.00279,454.46,146.57,465.66,154.71
1833,1553,5,0.00277,402.5,148.24,417.97,161.74
1834,1553,5,0.00262,19.38,148.3,58.18,175.51
1835,1553,14,0.0024,27.01,145.04,45.58,169.62
1836,1553,14,0.00223,354.4,149.32,363.45,165.02
1837,1553,14,0.00218,128.71,137.33,150.12,156.05
1838,1553,8,0.00206,349.73,159.09,361.98,175.02
1839,1553,14,0.00189,413.33,155.05,419.48,165.06
1840,1553,14,0.00187,272.13,145.63,284.8,162.32
1841,1553,5,0.00178,244.8,143.98,261.95,158.96
1842,1553,14,0.00168,31.78,147.32,51.76,169.44
1843,1553,5,0.00167,301.92,143.24,312.84,156.25
1844,1553,14,0.00164,412.62,155.32,420.97,167.69
1845,1553,14,0.00157,140.11,139.61,153.65,154.74
1846,1553,14,0.00143,343.88,145.88,356.08,159.09
1847,1553,14,0.0014,106.05,146.8,120.33,160.78
1848,1553,14,0.00137,20.94,134.65,36.43,154.22
1849,1553,5,0.00132,46.28,140.28,87.36,165.86
1850,1553,14,0.00113,135.23,140.81,152.81,156.77
1851,1553,14,0.00105,230.96,142.18,243.07,157.14
1852,1554,5,0.72072,66.36,125.35,84.71,141.98
1853,1554,5,0.16551,52.59,126.24,64.09,138.37
1854,1554,14,0.11299,327.05,120.4,338.73,136.0
1855,1554,5,0.0872,0.09,139.76,20.69,172.85
1856,1554,5,0.08613,1.09,127.82,20.68,148.06
1857,1554,14,0.06562,327.13,120.49,345.29,136.94
1858,1554,14,0.03872,333.47,122.24,346.88,143.04
1859,1554,5,0.03581,26.45,125.19,48.8,146.18
1860,1554,5,0.02132,243.28,108.82,268.57,136.25
1861,1554,5,0.01903,41.3,129.5,54.9,145.26
1862,1554,5,0.01525,33.07,129.11,54.9,146.33
1863,1554,5,0.01195,106.66,123.07,118.44,139.99
1864,1554,5,0.01125,0.15,131.33,12.4,148.31
1865,1554,8,0.01093,167.07,124.38,176.68,135.79
1866,1554,5,0.01045,89.02,121.88,103.93,136.97
1867,1554,8,0.00948,312.46,121.13,322.74,136.38
1868,1554,5,0.0084,50.81,126.94,64.15,143.66
1869,1554,5,0.00821,5.65,126.25,22.92,145.93
1870,1554,5,0.00622,0.01,139.12,8.66,172.32
1871,1554,5,0.00515,166.51,123.69,176.85,136.04
1872,1554,5,0.00489,25.4,125.24,44.12,139.77
1873,1554,14,0.00472,115.53,127.04,124.75,152.55
1874,1554,5,0.00293,23.37,125.78,33.85,141.0
1875,1554,8,0.00207,0.03,124.39,3.12,141.99
1876,1554,8,0.00175,302.64,119.66,310.85,134.22
1877,1554,14,0.00168,112.18,123.48,123.94,152.27
1878,1554,5,0.00166,0.0,124.66,4.51,146.66
1879,1554,5,0.00155,0.01,134.32,6.15,155.09
1880,1554,16,0.00149,164.21,136.47,169.79,146.43
1881,1554,5,0.00147,0.04,137.78,3.55,158.18
1882,1554,5,0.00124,31.29,124.97,45.79,138.17
1883,1554,14,0.00123,326.08,121.38,341.86,142.41
1884,1554,5,0.00116,8.46,125.49,32.99,144.69
1885,1554,5,0.0011,64.73,122.72,75.41,132.72
1886,1558,15,0.90611,199.27,55.29,217.89,71.47
1887,1558,15,0.88403,226.06,51.96,241.8,66.53
1888,1566,17,0.77175,268.09,154.89,301.53,190.58
1889,1566,17,0.60121,265.28,105.26,290.52,130.46
1890,1566,7,0.08187,0.0,21.01,78.11,99.61
1891,1566,2,0.07546,268.11,154.02,302.58,190.27
1892,1566,2,0.00256,264.59,105.94,291.14,129.96
1893,1566,17,0.00104,265.91,115.24,286.29,130.44
1894,1567,15,0.84132,193.33,173.81,218.17,197.99
1895,1567,15,0.81204,222.94,141.89,242.7,157.86
1896,1567,7,0.72984,147.11,151.67,167.01,166.1
1897,1567,7,0.05321,279.49,165.31,294.53,177.56
1898,1567,7,0.02712,230.25,222.26,251.29,233.85
1899,1567,7,0.00677,145.8,145.86,167.54,164.68
1900,1567,15,0.0027,272.61,126.05,286.18,145.24
1901,1567,7,0.00101,143.75,148.36,153.62,159.3
1902,1569,14,0.00457,370.4,6.93,477.0,205.63
1903,1569,14,0.00188,322.73,0.54,387.28,220.58
1904,1569,14,0.00109,320.65,3.29,432.6,221.14
1905,1572,14,0.73806,221.91,140.02,234.73,166.21
1906,1572,14,0.69632,205.72,145.2,222.49,169.93
1907,1572,14,0.6809,127.48,142.37,144.89,172.66
1908,1572,14,0.635,261.18,141.0,273.22,164.14
1909,1572,14,0.56783,426.89,143.6,441.39,169.6
1910,1572,14,0.56509,285.56,141.97,297.16,167.62
1911,1572,14,0.56128,401.73,141.25,416.04,171.92
1912,1572,14,0.55065,114.02,137.12,126.35,159.14
1913,1572,14,0.42248,433.35,152.01,462.08,177.93
1914,1572,14,0.22199,450.38,140.47,470.2,174.22
1915,1572,14,0.13921,173.61,161.05,190.98,181.94
1916,1572,14,0.09315,436.39,142.47,467.29,177.78
1917,1572,14,0.07692,450.02,141.3,465.53,164.65
1918,1572,14,0.06846,494.37,143.08,500.0,174.64
1919,1572,14,0.06404,173.34,161.01,187.23,177.24
1920,1572,14,0.05452,491.73,140.55,500.0,186.89
1921,1572,14,0.05189,458.99,142.27,472.0,175.19
1922,1572,14,0.03664,178.1,162.56,190.83,177.62
1923,1572,14,0.03144,172.4,160.61,197.75,191.8
1924,1572,14,0.03142,225.8,123.48,239.77,142.06
1925,1572,14,0.02633,448.24,152.48,464.41,177.13
1926,1572,14,0.02428,452.03,141.6,464.83,158.27
1927,1572,14,0.02188,490.67,138.67,500.0,214.13
1928,1572,5,0.01595,123.8,124.14,195.73,156.87
1929,1572,14,0.012,227.06,123.2,236.4,137.99
1930,1572,14,0.01055,453.03,139.71,465.46,153.95
1931,1572,14,0.00979,309.39,135.26,330.57,166.03
1932,1572,14,0.00906,400.65,140.48,422.65,174.07
1933,1572,14,0.00831,309.57,139.95,325.83,163.96
1934,1572,14,0.00828,486.97,139.95,500.0,230.27
1935,1572,14,0.0067,63.16,125.46,81.58,159.34
1936,1572,14,0.00606,316.45,138.69,330.05,163.98
1937,1572,14,0.00596,428.17,143.13,445.89,176.68
1938,1572,14,0.00484,173.75,160.0,184.43,172.92
1939,1572,14,0.00446,112.88,145.88,126.42,162.5
1940,1572,14,0.00442,427.45,143.17,442.91,160.55
1941,1572,14,0.00419,393.05,143.01,408.07,172.74
1942,1572,14,0.00414,451.89,134.57,466.63,150.65
1943,1572,14,0.00389,114.31,138.03,136.31,165.96
1944,1572,14,0.00329,441.32,147.42,464.14,175.08
1945,1572,14,0.00321,208.28,144.14,218.83,156.14
1946,1572,14,0.00321,490.51,129.69,500.0,178.88
1947,1572,14,0.00273,451.27,138.41,478.14,179.2
1948,1572,14,0.00267,263.61,140.22,278.19,163.04
1949,1572,14,0.00252,432.08,148.0,453.27,177.37
1950,1572,14,0.00227,494.55,130.54,500.0,160.14
1951,1572,14,0.00216,429.35,151.2,469.7,187.88
1952,1572,14,0.00213,482.07,139.23,500.0,181.58
1953,1572,14,0.00209,286.22,136.11,307.47,168.31
1954,1572,14,0.00202,475.75,138.24,500.0,228.93
1955,1572,14,0.00181,227.69,131.43,245.17,162.04
1956,1572,14,0.00179,223.11,124.47,240.52,165.01
1957,1572,14,0.00178,210.98,143.97,221.16,156.9
1958,1572,14,0.00176,320.9,150.26,331.33,165.73
1959,1572,14,0.00171,451.53,153.93,472.61,177.29
1960,1572,5,0.00166,493.74,131.77,500.0,146.95
1961,1572,14,0.0016,113.73,140.03,144.24,172.81
1962,1572,14,0.00153,115.22,133.46,142.22,161.04
1963,1572,14,0.00148,448.31,138.56,466.38,155.1
1964,1572,14,0.00134,459.18,153.64,474.21,178.32
1965,1572,5,0.00124,493.2,130.92,500.0,154.06
1966,1572,14,0.00123,228.42,129.9,241.36,143.56
1967,1572,14,0.00121,434.18,144.44,447.37,166.49
1968,1572,14,0.00109,116.59,140.02,132.4,160.83
1969,1572,14,0.00107,253.86,140.91,272.9,163.44
1970,1572,14,0.00103,262.82,140.89,272.09,155.47
1971,1572,14,0.00101,297.67,139.11,310.93,160.63
1972,1573,15,0.89407,153.06,133.35,197.43,177.1
1973,1573,7,0.82947,80.83,71.82,111.6,97.44
1974,1573,15,0.69068,204.5,52.01,237.67,79.38
1975,1573,15,0.08576,288.64,19.07,309.63,50.83
1976,1575,15,0.92935,380.56,76.07,419.21,119.41
1977,1575,15,0.92652,255.54,72.83,306.8,129.4
1978,1589,10,0.88931,200.73,159.96,216.91,173.82
1979,1589,17,0.85801,262.53,193.29,275.79,206.7
1980,1589,10,0.78874,177.2,168.72,190.71,183.72
1981,1589,17,0.6762,240.62,203.4,253.56,217.08
1982,1589,10,0.65349,174.09,189.06,188.77,205.43
1983,1589,11,0.64271,240.62,161.26,257.53,174.33
1984,1589,11,0.55395,219.47,184.0,233.79,199.09
1985,1589,10,0.46196,195.38,202.03,212.06,216.44
1986,1589,9,0.02519,240.64,203.61,253.53,217.11
1987,1589,13,0.02351,240.53,203.69,253.44,217.17
1988,1589,10,0.0047,262.5,193.61,275.84,206.7
1989,1589,13,0.00223,195.76,202.01,211.96,216.87
1990,1589,13,0.00219,218.39,181.25,244.09,199.54
1991,1589,13,0.00157,177.48,166.91,190.98,184.27
1992,1598,15,0.90378,218.93,155.08,235.78,171.01
1993,1598,15,0.87872,264.25,153.41,278.59,166.92
1994,1602,8,0.85043,216.98,131.3,241.69,161.57
1995,1602,16,0.79891,32.47,143.25,46.85,162.36
1996,1602,14,0.79184,221.59,115.7,238.39,134.38
1997,1602,16,0.73278,19.75,143.54,32.89,163.17
1998,1602,16,0.72015,6.05,144.26,21.24,165.61
1999,1602,16,0.71076,147.05,136.29,156.83,146.96
2000,1602,16,0.70042,57.28,142.11,68.24,160.42
2001,1602,16,0.68201,102.95,141.49,112.34,156.45
2002,1602,16,0.66871,67.41,141.62,77.75,159.45
2003,1602,16,0.65398,0.0,144.07,6.81,166.95
2004,1602,16,0.64088,46.47,142.73,57.58,161.48
2005,1602,16,0.61146,94.91,141.03,103.88,156.83
2006,1602,16,0.57156,110.46,134.97,118.53,144.91
2007,1602,16,0.56541,86.99,141.03,95.85,157.49
2008,1602,16,0.55568,77.3,141.24,87.66,158.72
2009,1602,8,0.4705,258.15,129.89,274.62,153.9
2010,1602,8,0.2482,287.93,134.65,299.6,151.35
2011,1602,14,0.22591,258.64,122.97,275.31,138.34
2012,1602,5,0.16997,248.4,130.86,258.84,145.36
2013,1602,16,0.15182,156.58,133.16,164.69,142.97
2014,1602,16,0.14996,92.47,141.25,97.63,157.32
2015,1602,14,0.08602,480.58,87.3,488.0,189.97
2016,1602,16,0.08362,112.31,136.51,119.69,144.99
2017,1602,16,0.07766,108.47,140.91,114.51,145.46
2018,1602,16,0.06291,107.22,135.54,114.53,144.97
2019,1602,8,0.04702,258.81,123.17,275.53,139.45
2020,1602,16,0.03249,450.87,140.66,461.13,157.75
2021,1602,16,0.02789,188.03,138.37,200.58,153.36
2022,1602,16,0.02342,107.25,136.52,117.72,151.32
2023,1602,16,0.02279,134.78,138.69,142.19,147.12
2024,1602,16,0.02163,155.02,133.93,165.23,148.55
2025,1602,14,0.01859,482.32,114.6,488.0,213.57
2026,1602,16,0.0173,108.09,133.27,118.85,143.8
2027,1602,14,0.01702,480.99,95.84,488.0,144.61
2028,1602,8,0.01689,276.1,131.16,285.45,146.33
2029,1602,16,0.01231,106.71,142.39,117.59,156.13
2030,1602,16,0.01167,156.27,131.64,163.25,141.43
2031,1602,16,0.01071,149.37,129.41,157.13,136.92
2032,1602,14,0.00943,223.65,129.37,235.85,135.79
2033,1602,16,0.00858,150.21,136.84,160.76,150.94
2034,1602,14,0.00731,479.91,78.69,488.0,155.26
2035,1602,16,0.00616,127.8,134.73,136.32,147.94
2036,1602,16,0.00495,187.19,138.21,195.54,151.93
2037,1602,16,0.00418,132.36,136.33,140.21,147.8
2038,1602,8,0.00396,292.31,131.07,302.11,148.3
2039,1602,16,0.00393,78.2,142.85,92.68,157.04
2040,1602,16,0.00364,61.16,143.16,80.25,158.06
2041,1602,7,0.00347,451.38,140.98,460.68,156.41
2042,1602,16,0.0032,96.6,142.17,106.03,158.14
2043,1602,8,0.00306,277.79,129.28,288.54,146.74
2044,1602,16,0.003,46.06,143.97,65.85,159.52
2045,1602,16,0.00288,147.24,138.26,156.69,154.45
2046,1602,16,0.00282,135.33,138.39,145.4,147.9
2047,1602,8,0.00277,288.01,131.25,303.37,152.25
2048,1602,16,0.00265,108.29,146.03,116.79,156.46
2049,1602,16,0.00253,0.49,143.55,6.51,156.03
2050,1602,8,0.00232,450.75,141.0,460.38,157.54
2051,1602,16,0.00229,0.03,143.13,3.29,157.26
2052,1602,16,0.00225,485.09,127.49,488.0,153.78
2053,1602,14,0.00223,482.25,89.72,488.0,131.77
2054,1602,14,0.00211,287.81,129.44,298.58,150.49
2055,1602,16,0.0021,127.54,135.52,132.84,147.56
2056,1602,16,0.00209,179.81,136.78,187.21,151.38
2057,1602,14,0.00197,289.77,128.35,299.36,144.08
2058,1602,16,0.00197,149.9,127.88,156.48,134.85
2059,1602,16,0.00191,95.18,139.82,103.69,146.23
2060,1602,8,0.00189,257.57,122.64,276.81,150.95
2061,1602,14,0.00181,293.58,129.7,302.55,145.23
2062,1602,16,0.00172,141.51,149.07,150.32,157.06
2063,1602,16,0.00168,157.56,132.28,166.83,145.0
2064,1602,14,0.0015,288.62,128.91,297.2,141.25
2065,1602,16,0.00148,145.66,136.75,159.63,153.21
2066,1602,5,0.00134,245.54,126.34,259.39,144.63
2067,1602,16,0.00133,129.68,143.86,135.03,149.81
2068,1602,16,0.00118,148.44,132.66,163.03,146.69
2069,1602,16,0.00118,104.06,142.26,115.99,150.45
2070,1602,16,0.00111,145.35,145.47,153.75,151.13
2071,1602,16,0.00111,116.07,137.93,124.3,145.17
2072,1602,14,0.00106,478.88,119.6,488.0,231.13
2073,1602,14,0.001,291.58,127.36,298.93,139.51
2074,1610,10,0.90965,201.43,52.27,224.72,74.5
2075,1610,10,0.90081,253.81,133.73,273.56,157.22
2076,1610,10,0.87766,157.48,58.45,180.23,77.97
2077,1610,10,0.86508,250.1,90.59,272.62,111.45
2078,1610,17,0.8582,120.61,100.97,138.77,119.44
2079,1610,17,0.7732,120.71,141.94,139.06,160.32
2080,1610,11,0.76288,175.25,107.4,197.9,132.06
2081,1610,10,0.38191,210.77,180.53,237.16,202.13
2082,1610,11,0.27604,210.66,180.53,237.33,202.1
2083,1610,10,0.00706,120.74,142.18,139.18,160.36
2084,1611,7,0.85803,213.85,143.81,240.32,164.86
2085,1611,7,0.85102,47.21,97.91,72.69,117.99
2086,1611,7,0.00266,0.08,140.41,7.43,165.89
2087,1611,7,0.00183,0.0,139.91,4.89,162.98
2088,1612,17,0.88151,364.29,198.96,385.97,220.43
2089,1612,17,0.84208,325.82,106.07,344.42,124.08
2090,1612,2,0.82799,265.59,123.58,298.39,166.87
2091,1618,11,0.90942,275.52,35.95,290.21,50.95
2092,1618,10,0.90222,251.1,52.61,267.72,66.96
2093,1618,17,0.88645,295.91,56.16,309.07,69.64
2094,1618,10,0.88586,257.71,11.31,273.99,25.53
2095,1618,17,0.87709,318.39,46.98,331.85,60.42
2096,1618,10,0.87191,233.69,19.11,247.49,34.36
2097,1618,11,0.81229,297.88,14.11,314.97,27.72
2098,1618,10,0.69476,230.01,39.06,245.22,55.18
2099,1618,9,0.11948,230.21,38.99,244.91,54.99
2100,1622,10,0.76664,217.86,172.07,229.15,183.64
2101,1622,17,0.75703,143.97,173.19,154.5,183.89
2102,1622,10,0.55902,211.18,160.76,224.01,171.8
2103,1622,11,0.49631,174.24,170.83,186.68,182.61
2104,1622,11,0.43447,200.23,187.24,214.38,198.61
2105,1622,17,0.38994,148.0,184.19,158.65,194.71
2106,1622,11,0.2456,159.81,159.25,172.36,169.9
2107,1622,11,0.12276,181.96,154.15,195.14,165.72
2108,1622,12,0.07603,181.94,154.73,195.06,165.66
2109,1622,17,0.03355,160.35,159.99,171.66,168.44
2110,1622,10,0.02952,181.95,154.26,195.17,165.64
2111,1622,17,0.01418,211.81,161.74,223.02,170.5
2112,1622,1,0.01182,159.52,159.28,172.41,170.02
2113,1622,13,0.01155,147.72,184.13,158.48,194.55
2114,1622,17,0.00818,174.52,171.34,186.37,182.44
2115,1622,13,0.00576,144.48,173.2,154.46,184.05
2116,1622,16,0.00457,200.64,187.32,214.23,197.95
2117,1622,17,0.00239,217.27,172.93,228.99,182.85
2118,1627,15,0.9499,350.95,35.45,424.93,105.99
2119,1627,15,0.92943,184.4,58.78,247.86,120.44
2120,1633,14,0.83796,191.49,114.43,220.34,197.25
2121,1633,14,0.55365,482.87,129.83,500.0,188.29
2122,1633,5,0.16963,53.19,151.9,160.7,187.54
2123,1633,14,0.10192,0.01,137.54,12.34,196.02
2124,1633,5,0.09712,261.31,136.11,339.49,178.97
2125,1633,14,0.03287,388.25,96.33,425.67,195.58
2126,1633,14,0.0169,484.88,101.56,500.0,186.45
2127,1633,5,0.00947,0.38,140.07,42.13,193.33
2128,1633,14,0.00608,495.78,136.68,500.0,167.91
2129,1633,5,0.00418,209.95,136.56,338.95,180.52
2130,1633,14,0.00393,391.63,130.97,426.18,194.56
2131,1633,5,0.00237,0.32,142.64,159.3,192.13
2132,1633,14,0.0017,0.05,139.82,9.15,227.48
2133,1633,14,0.00167,490.16,142.56,500.0,245.84
2134,1633,5,0.00103,0.02,136.14,13.55,199.47
2135,1637,17,0.88272,302.56,167.51,317.85,183.27
2136,1637,10,0.87705,417.01,184.56,434.4,202.91
2137,1637,11,0.86861,348.47,170.15,367.59,188.49
2138,1637,10,0.86766,408.32,158.24,427.74,175.1
2139,1637,10,0.83265,329.38,141.84,348.09,157.51
2140,1637,17,0.79471,305.5,191.59,321.06,207.32
2141,1637,11,0.56208,385.83,214.21,408.24,232.04
2142,1637,10,0.53791,364.3,137.24,383.97,154.56
2143,1637,9,0.2015,364.51,137.16,384.1,154.42
2144,1640,9,0.9258,66.88,136.26,106.89,170.29
2145,1640,11,0.66573,226.44,39.68,256.16,65.24
2146,1640,9,0.44161,209.36,94.29,246.36,125.51
2147,1640,9,0.32994,83.48,52.65,114.43,80.26
2148,1640,11,0.08779,209.02,94.47,246.28,125.51
2149,1640,11,0.08771,83.03,52.73,114.38,80.21
2150,1640,13,0.06541,83.39,52.49,114.32,80.27
2151,1640,16,0.00562,473.77,102.73,503.0,165.65
2152,1640,8,0.00102,470.33,103.55,502.57,236.73
2153,1647,7,0.91164,357.98,155.07,454.53,206.27
2154,1647,7,0.911,171.56,170.57,250.77,220.73
2155,1647,14,0.00107,490.01,70.08,499.0,171.26
2156,1650,15,0.93071,229.9,28.12,281.88,85.46
2157,1650,15,0.90677,356.59,32.81,395.37,76.51
2158,1650,14,0.00102,361.56,208.39,371.8,232.97
2159,1654,8,0.87125,84.44,0.0,196.18,72.68
2160,1654,8,0.5502,0.12,0.59,51.45,54.03
2161,1654,14,0.00681,0.0,0.65,51.49,31.24
2162,1654,8,0.00527,0.03,1.17,24.37,57.73
2163,1654,8,0.00161,44.41,0.0,95.42,0.0
2164,1654,8,0.0016,0.04,5.6,14.8,65.11
2165,1654,14,0.00111,99.19,0.0,142.03,0.0
2166,1654,8,0.00102,302.25,1.38,382.68,52.49
2167,1655,2,0.8659,213.93,175.0,235.29,203.61
2168,1655,2,0.79512,279.36,190.44,309.37,213.66
2169,1655,2,0.0012,0.01,125.53,4.09,146.18
2170,1667,2,0.87777,57.07,53.31,83.7,81.94
2171,1667,2,0.1256,177.65,50.89,199.34,71.47
2172,1667,2,0.00658,0.02,46.68,4.2,71.31
2173,1667,2,0.00159,297.27,53.51,320.72,72.01
2174,1667,2,0.0013,0.11,49.55,6.95,73.05
2175,1669,2,0.86316,364.11,169.14,385.55,198.34
2176,1669,2,0.81485,432.58,186.88,463.74,209.88
2177,1669,2,0.00928,478.17,191.23,495.99,208.76
2178,1676,15,0.89335,196.52,141.61,213.23,157.41
2179,1676,15,0.85207,241.6,140.0,255.82,153.09
2180,1677,11,0.88916,129.85,64.19,146.27,77.23
2181,1677,10,0.86624,101.32,77.5,115.19,91.61
2182,1677,11,0.85001,146.82,85.68,160.87,99.87
2183,1677,10,0.83864,153.0,104.82,169.57,118.74
2184,1677,10,0.83638,95.58,92.02,110.49,106.8
2185,1677,17,0.82501,185.31,77.39,197.6,89.7
2186,1677,17,0.62027,183.59,91.15,196.01,103.44
2187,1677,17,0.50708,122.37,105.49,138.24,120.72
2188,1677,10,0.01271,122.36,105.68,138.17,120.7
2189,1683,17,0.86693,162.88,186.39,183.12,207.4
2190,1683,17,0.85701,124.1,93.86,142.78,112.08
2191,1683,2,0.80209,62.74,111.84,96.81,155.75
2192,1683,13,0.00114,124.49,94.08,142.24,112.23
2193,1688,7,0.92291,351.27,44.23,449.14,95.53
2194,1688,7,0.90874,163.86,61.02,242.83,111.6
2195,1688,7,0.00517,351.67,56.5,374.82,86.01
2196,1701,7,0.79979,148.01,63.61,169.79,82.47
2197,1701,7,0.7459,31.85,50.41,52.67,69.28
2198,1701,17,0.00861,481.02,198.71,487.0,213.75
2199,1701,2,0.00522,481.56,145.37,487.0,171.16
2200,1701,2,0.00335,478.14,148.8,487.0,181.34
2201,1701,2,0.00137,482.21,148.49,487.0,180.27
2202,1701,2,0.00135,482.87,134.52,487.0,167.2
2203,1701,15,0.00101,32.23,50.54,52.78,69.7
2204,1709,17,0.79703,161.37,142.26,188.72,168.38
2205,1709,17,0.2308,126.73,151.04,147.33,167.34
2206,1709,17,0.03339,264.23,108.32,285.12,128.13
2207,1709,17,0.00247,135.3,151.94,148.74,172.53
2208,1709,2,0.00175,477.45,40.66,481.0,81.22
2209,1709,2,0.00172,471.59,56.32,481.0,107.92
2210,1709,2,0.00157,0.0,88.75,3.38,139.11
2211,1709,17,0.00112,123.62,151.95,138.94,174.02
2212,1709,2,0.00107,0.0,77.48,4.18,133.34
2213,1710,15,0.92503,138.36,87.71,186.14,143.03
2214,1710,15,0.88442,326.33,65.77,366.86,108.5
2215,1713,14,0.74765,270.77,114.27,286.61,144.36
2216,1713,14,0.62457,75.2,157.81,89.05,180.09
2217,1713,14,0.47782,116.36,147.17,128.75,172.42
2218,1713,14,0.41804,52.04,148.58,65.75,180.61
2219,1713,14,0.22116,89.99,154.06,102.51,175.25
2220,1713,14,0.02747,0.0,130.53,7.95,213.83
2221,1713,14,0.02746,0.03,141.09,7.3,186.44
2222,1713,14,0.01533,129.88,138.17,148.37,168.68
2223,1713,14,0.00583,117.08,142.83,133.38,172.54
2224,1713,14,0.00404,76.94,155.31,97.23,179.35
2225,1713,14,0.00351,0.0,140.76,3.99,182.46
2226,1713,14,0.00114,0.0,149.68,5.24,186.41
2227,1713,14,0.00105,0.0,169.05,5.13,210.56
2228,1715,10,0.88683,75.65,146.38,93.54,164.76
2229,1715,10,0.86207,66.68,169.12,85.82,187.96
2230,1715,10,0.85331,141.23,192.29,163.1,210.64
2231,1715,10,0.81784,100.59,191.42,121.42,211.8
2232,1715,11,0.73142,113.68,128.38,135.17,144.81
2233,1715,11,0.69573,134.53,161.82,152.48,180.1
2234,1715,17,0.6066,185.17,151.3,200.22,166.65
2235,1715,17,0.55863,182.45,171.84,198.43,187.62
2236,1715,13,0.00105,134.6,160.65,163.83,182.58
2237,1716,3,0.89497,149.49,138.03,202.28,198.58
2238,1716,13,0.87014,283.34,110.53,320.01,149.69
2239,1716,3,0.86849,223.58,67.73,256.33,106.52
2240,1716,3,0.83227,161.74,100.71,234.62,128.15
2241,1716,1,0.82671,227.57,138.31,267.93,181.51
2242,1721,15,0.89135,352.72,107.93,373.69,127.25
2243,1721,15,0.87984,401.62,112.28,424.93,134.57
2244,1722,14,0.70727,93.03,130.19,122.68,175.81
2245,1722,14,0.66051,301.91,142.4,318.83,170.58
2246,1722,14,0.65687,51.04,124.75,68.99,160.57
2247,1722,14,0.56166,144.35,141.33,165.22,170.55
2248,1722,14,0.3805,284.51,137.22,305.08,170.28
2249,1722,14,0.34704,289.03,138.22,310.49,169.88
2250,1722,14,0.22099,0.04,118.41,8.78,152.69
2251,1722,14,0.03371,320.85,137.61,339.49,170.11
2252,1722,14,0.03269,0.04,112.07,9.18,176.62
2253,1722,14,0.02322,92.68,133.7,106.79,155.49
2254,1722,14,0.01782,338.98,147.5,356.4,168.9
2255,1722,14,0.01591,0.21,114.36,17.97,153.63
2256,1722,14,0.01429,301.85,141.63,316.9,161.79
2257,1722,14,0.00865,502.65,136.39,512.0,227.39
2258,1722,14,0.00799,294.64,139.23,315.97,156.33
2259,1722,14,0.00634,308.43,138.29,337.03,169.4
2260,1722,14,0.00608,90.61,134.51,108.16,166.99
2261,1722,14,0.00563,287.73,145.83,306.39,170.14
2262,1722,14,0.00459,276.53,137.45,302.31,168.34
2263,1722,14,0.00392,316.93,139.49,333.94,167.01
2264,1722,14,0.00334,303.34,140.39,315.11,153.25
2265,1722,14,0.00326,0.05,108.1,22.24,187.68
2266,1722,14,0.00303,290.28,133.49,312.6,158.59
2267,1722,14,0.00283,0.0,103.33,28.1,223.19
2268,1722,14,0.00268,356.42,153.97,372.2,166.73
2269,1722,14,0.00239,0.16,104.05,50.27,256.0
2270,1722,14,0.0023,339.95,148.05,367.61,168.09
2271,1722,14,0.00213,323.14,139.38,350.23,168.82
2272,1722,14,0.00168,272.63,142.35,296.86,168.22
2273,1722,14,0.00152,348.94,153.73,368.96,169.49
2274,1722,14,0.00149,55.54,125.58,67.02,147.35
2275,1722,14,0.0014,0.0,109.11,8.67,225.5
2276,1722,14,0.00137,292.98,133.94,315.46,151.43
2277,1722,14,0.00115,93.69,132.22,118.32,157.95
2278,1722,14,0.00114,335.79,141.88,359.48,174.37
2279,1722,14,0.00113,149.04,139.81,171.02,172.0
2280,1722,14,0.00106,132.64,137.54,164.72,174.22
2281,1722,14,0.00105,506.66,143.0,512.0,173.86
2282,1722,14,0.00105,144.03,135.95,179.28,177.29
2283,1723,2,0.85729,136.71,136.61,175.92,177.03
2284,1723,17,0.84013,44.62,192.05,68.25,212.39
2285,1723,17,0.76044,63.99,113.76,83.91,131.39
2286,1723,2,0.00259,64.31,113.88,82.65,130.05
2287,1723,17,0.00182,44.79,183.54,68.01,207.05
2288,1724,15,0.93071,287.47,83.55,328.49,129.7
2289,1724,15,0.91721,267.84,187.51,308.2,232.88
2290,1727,10,0.92951,252.05,200.15,277.82,229.89
2291,1727,11,0.84554,230.41,155.69,254.64,180.67
2292,1727,11,0.82612,173.34,216.98,199.09,242.26
2293,1727,10,0.64137,136.54,147.94,161.65,172.45
2294,1727,17,0.0646,136.66,147.91,161.67,172.75
2295,1729,5,0.73241,224.13,171.09,305.18,211.05
2296,1729,5,0.60306,0.16,169.15,47.67,202.22
2297,1729,5,0.59422,444.22,165.53,489.0,191.53
2298,1729,5,0.48332,201.46,130.44,218.33,145.03
2299,1729,5,0.1156,0.37,132.41,35.7,147.68
2300,1729,5,0.10634,234.14,169.68,295.24,195.94
2301,1729,14,0.01871,57.68,149.73,67.5,162.55
2302,1729,5,0.01507,27.42,122.07,75.35,138.03
2303,1729,5,0.01379,197.38,113.16,208.95,124.02
2304,1729,14,0.01016,60.3,149.42,67.65,158.71
2305,1729,5,0.00858,334.02,83.52,370.69,95.92
2306,1729,8,0.00825,0.06,152.27,9.44,165.98
2307,1729,5,0.00773,263.39,65.85,300.9,81.17
2308,1729,5,0.00668,320.13,71.83,359.21,89.53
2309,1729,14,0.00631,9.12,145.87,22.31,156.31
2310,1729,5,0.00592,468.89,62.39,488.64,77.5
2311,1729,5,0.00583,143.87,92.2,174.18,107.06
2312,1729,5,0.00577,33.19,121.5,76.03,133.25
2313,1729,5,0.00569,208.7,64.31,250.63,82.54
2314,1729,5,0.00519,475.21,97.04,488.95,108.92
2315,1729,5,0.00517,477.32,103.76,488.87,118.42
2316,1729,5,0.00506,325.65,70.89,357.07,82.29
2317,1729,5,0.00488,480.41,116.45,489.0,134.45
2318,1729,5,0.0048,295.34,58.47,319.97,68.36
2319,1729,5,0.00476,465.85,96.8,488.27,108.01
2320,1729,5,0.00466,479.3,108.54,488.81,121.68
2321,1729,5,0.00456,319.81,67.38,346.24,80.7
2322,1729,5,0.00443,458.38,78.73,486.77,91.39
2323,1729,5,0.00443,464.96,104.59,488.28,119.21
2324,1729,8,0.00435,0.68,155.02,15.55,166.16
2325,1729,5,0.00422,295.0,61.59,320.32,79.4
2326,1729,8,0.0042,58.04,153.58,68.37,164.17
2327,1729,5,0.00417,183.14,62.38,222.45,81.56
2328,1729,14,0.00407,12.29,148.76,24.46,157.82
2329,1729,14,0.00406,13.47,151.39,22.47,158.29
2330,1729,5,0.00394,478.53,99.2,489.0,114.79
2331,1729,5,0.00386,243.96,62.39,282.03,79.21
2332,1729,5,0.0038,121.72,78.72,168.07,98.66
2333,1729,5,0.00378,467.72,57.73,488.63,74.69
2334,1729,14,0.00369,17.76,152.29,26.13,162.54
2335,1729,5,0.00369,460.14,77.24,484.39,87.79
2336,1729,5,0.00369,480.18,112.78,488.94,127.99
2337,1729,5,0.00368,457.34,65.21,489.0,80.73
2338,1729,5,0.00367,473.4,112.89,488.68,127.94
2339,1729,5,0.0036,465.17,98.95,488.47,113.07
2340,1729,5,0.00354,237.87,65.23,284.19,82.49
2341,1729,5,0.00332,264.62,64.86,294.7,77.17
2342,1729,5,0.00331,464.28,113.07,488.78,126.93
2343,1729,5,0.00323,159.66,64.61,214.26,85.11
2344,1729,5,0.0032,343.27,85.03,370.67,97.91
2345,1729,5,0.00319,469.5,68.49,488.76,81.05
2346,1729,5,0.00317,468.02,78.25,483.02,87.08
2347,1729,5,0.00308,463.38,117.25,488.52,130.62
2348,1729,5,0.00297,483.27,107.72,489.0,124.07
2349,1729,5,0.00291,161.42,72.7,214.33,97.09
2350,1729,5,0.00275,322.98,64.52,347.3,75.26
2351,1729,5,0.00261,281.11,65.14,309.37,78.31
2352,1729,5,0.0026,35.56,117.45,79.02,131.02
2353,1729,5,0.00256,148.05,95.82,184.25,108.32
2354,1729,5,0.00255,456.74,117.78,478.78,130.91
2355,1729,5,0.0025,74.41,119.84,109.0,137.45
2356,1729,14,0.00248,10.69,147.95,19.3,156.39
2357,1729,5,0.00235,473.69,117.28,488.65,131.98
2358,1729,5,0.00232,455.4,52.73,489.0,72.8
2359,1729,5,0.00231,330.7,69.01,360.36,80.25
2360,1729,5,0.0023,96.54,98.36,139.29,124.44
2361,1729,14,0.00216,11.93,156.53,19.81,166.82
2362,1729,5,0.00211,329.18,69.56,366.69,88.47
2363,1729,5,0.00209,474.09,89.15,488.9,101.66
2364,1729,5,0.00208,457.25,108.8,476.89,121.67
2365,1729,5,0.00205,461.26,118.43,488.69,136.4
2366,1729,5,0.00202,465.1,90.06,488.36,104.65
2367,1729,5,0.00202,65.67,103.58,111.03,120.61
2368,1729,5,0.00201,77.08,124.1,107.09,140.37
2369,1729,5,0.00196,61.17,123.15,85.15,137.0
2370,1729,5,0.00195,39.38,123.95,77.01,135.22
2371,1729,5,0.00191,0.06,133.32,7.88,149.05
2372,1729,5,0.00189,460.34,85.15,488.25,98.42
2373,1729,5,0.00188,310.03,72.56,346.34,89.31
2374,1729,5,0.00186,274.42,64.56,301.17,77.5
2375,1729,5,0.00183,64.06,109.42,112.98,123.74
2376,1729,5,0.00179,29.27,113.65,72.8,130.76
2377,1729,5,0.00179,267.41,62.08,299.16,75.98
2378,1729,5,0.00175,289.57,95.57,323.09,112.62
2379,1729,5,0.00174,422.11,57.55,455.99,73.76
2380,1729,5,0.00173,261.49,68.11,295.38,78.66
2381,1729,5,0.00169,458.91,113.91,479.88,124.79
2382,1729,14,0.00167,10.85,152.92,17.63,158.97
2383,1729,5,0.00164,62.35,111.16,107.32,129.2
2384,1729,5,0.00164,67.83,97.91,104.0,116.53
2385,1729,5,0.00159,325.47,76.04,370.25,92.95
2386,1729,5,0.00158,158.83,99.18,200.94,112.48
2387,1729,14,0.00157,60.93,146.53,68.68,154.6
2388,1729,5,0.00156,140.46,78.45,182.94,102.88
2389,1729,5,0.00155,231.86,106.14,270.23,122.28
2390,1729,5,0.00151,0.02,133.18,11.16,145.86
2391,1729,5,0.0015,332.57,62.59,364.95,80.49
2392,1729,5,0.00149,51.1,121.85,82.58,130.78
2393,1729,5,0.00149,38.87,112.9,80.06,129.05
2394,1729,5,0.00147,252.68,69.1,291.66,81.6
2395,1729,8,0.00145,57.55,156.43,67.75,165.61
2396,1729,5,0.00144,320.8,61.96,342.21,69.53
2397,1729,5,0.00143,29.7,119.3,64.91,132.06
2398,1729,5,0.00142,138.72,95.65,178.56,111.12
2399,1729,5,0.00141,483.81,61.95,489.0,78.08
2400,1729,5,0.00141,468.99,87.2,488.68,99.06
2401,1729,5,0.00139,460.05,104.83,480.19,119.6
2402,1729,5,0.00136,5.57,144.52,23.39,156.64
2403,1729,5,0.00135,280.29,61.46,305.09,73.55
2404,1729,5,0.00134,318.88,88.83,351.89,102.72
2405,1729,5,0.00132,182.1,69.05,228.13,82.89
2406,1729,5,0.00131,155.93,71.25,210.73,90.43
2407,1729,5,0.0013,456.57,99.73,479.91,115.17
2408,1729,5,0.00129,320.26,63.84,338.34,74.45
2409,1729,5,0.00128,142.68,88.45,180.16,105.12
2410,1729,5,0.00127,41.4,126.65,74.11,138.22
2411,1729,5,0.00126,477.12,86.64,488.82,98.72
2412,1729,5,0.00126,221.59,63.22,249.08,80.17
2413,1729,5,0.00125,396.12,83.76,439.06,106.49
2414,1729,5,0.00123,256.72,61.97,289.72,74.08
2415,1729,5,0.00122,334.04,63.76,361.28,76.25
2416,1729,5,0.0012,272.51,69.13,299.16,80.74
2417,1729,5,0.0012,152.54,75.94,197.02,96.04
2418,1729,8,0.00119,11.76,157.44,18.47,166.78
2419,1729,5,0.00119,0.31,143.29,10.46,158.99
2420,1729,5,0.00116,0.82,143.69,20.46,158.74
2421,1729,5,0.00115,0.0,134.44,37.42,151.81
2422,1729,5,0.00113,50.61,123.52,82.93,135.62
2423,1729,5,0.00112,407.38,91.0,441.55,107.07
2424,1729,5,0.0011,170.71,78.75,215.76,99.68
2425,1729,5,0.0011,280.23,68.18,311.74,80.61
2426,1729,5,0.00108,422.67,115.05,452.56,132.51
2427,1729,14,0.00107,1.4,146.67,17.83,157.89
2428,1729,5,0.00107,465.93,50.32,488.72,62.89
2429,1729,5,0.00104,185.31,61.7,216.3,76.47
2430,1729,5,0.00104,252.22,64.09,285.95,77.91
2431,1729,5,0.00103,296.22,68.42,322.27,82.31
2432,1729,5,0.00102,311.86,69.31,342.24,84.43
2433,1729,5,0.00101,65.03,116.81,106.02,134.31
2434,1729,5,0.001,84.44,126.89,110.22,140.46
2435,1734,2,0.86933,79.86,67.85,101.38,93.1
2436,1734,2,0.85342,70.89,33.56,89.32,57.66
2437,1735,12,0.56374,235.84,24.26,272.77,59.29
2438,1735,13,0.563,258.87,83.08,301.04,125.53
2439,1735,12,0.42997,122.2,44.25,158.57,82.12
2440,1735,10,0.41747,122.46,45.15,158.41,81.49
2441,1735,10,0.03645,258.44,83.14,301.1,125.27
2442,1735,11,0.01779,235.58,24.26,272.45,58.66
2443,1735,2,0.016,121.78,43.95,158.64,82.1
2444,1735,11,0.00754,122.03,44.28,159.37,82.15
2445,1735,6,0.00546,489.41,53.49,498.0,179.37
2446,1735,1,0.00352,258.67,83.04,300.73,125.45
2447,1735,6,0.0023,340.27,25.98,364.17,47.72
2448,1735,6,0.00117,490.15,19.12,498.0,134.94
2449,1736,4,0.91228,345.14,143.46,393.06,181.97
2450,1736,13,0.80824,265.89,146.91,299.8,180.84
2451,1736,11,0.0316,265.9,146.48,300.04,180.37
2452,1736,14,0.00131,102.29,0.0,144.01,0.0
2453,1746,7,0.80604,152.69,180.64,174.77,199.39
2454,1746,7,0.76415,36.11,175.03,56.84,194.73
2455,1750,7,0.89039,362.73,35.77,398.12,62.76
2456,1750,17,0.88802,306.85,27.91,324.82,45.96
2457,1750,7,0.88687,318.25,69.63,347.92,96.98
2458,1750,17,0.86244,323.01,50.74,341.19,69.1
2459,1750,11,0.00342,255.91,43.15,281.7,59.15
2460,1750,10,0.00331,375.8,112.64,402.42,134.46
2461,1750,17,0.00198,375.95,113.05,402.49,134.77
2462,1762,3,0.37777,136.63,35.41,223.9,99.52
2463,1762,0,0.32194,129.78,159.13,185.48,217.7
2464,1762,13,0.08185,228.03,171.01,283.11,228.19
2465,1762,12,0.0514,228.33,171.02,283.17,227.92
2466,1762,13,0.02478,129.45,159.31,185.64,217.68
2467,1762,1,0.0063,129.49,159.24,185.13,217.8
2468,1767,2,0.83453,381.79,9.98,408.76,32.63
2469,1767,2,0.00883,277.44,26.48,310.28,55.33
2470,1771,8,0.1172,0.0,0.0,57.6,193.86
2471,1771,14,0.06751,452.2,0.13,496.84,130.27
2472,1771,8,0.03332,465.15,0.96,496.84,116.68
2473,1771,8,0.01477,0.0,0.0,70.06,153.46
2474,1771,8,0.0123,0.25,117.8,50.54,186.57
2475,1771,8,0.01228,101.96,19.81,206.21,132.86
2476,1771,8,0.0042,0.0,118.09,18.79,189.25
2477,1771,14,0.00369,449.39,0.96,497.0,217.29
2478,1771,8,0.00308,0.04,138.5,9.27,188.22
2479,1771,8,0.00291,450.18,0.43,497.0,50.57
2480,1771,14,0.00178,451.28,0.81,496.78,77.79
2481,1771,8,0.00106,479.61,2.3,497.0,66.69
2482,1772,2,0.81402,306.59,27.03,333.14,66.94
2483,1772,17,0.77774,401.2,53.45,419.36,71.7
2484,1772,17,0.73287,328.04,93.71,346.76,112.58
2485,1772,2,0.00636,402.19,53.67,419.77,71.38
2486,1772,2,0.00223,473.59,38.9,484.0,88.33
2487,1773,2,0.83942,102.57,24.01,127.8,46.65
2488,1773,2,0.82299,96.46,104.08,121.13,141.01
2489,1773,2,0.00935,331.58,15.95,350.8,31.19
2490,1773,2,0.00809,194.24,21.85,214.94,37.8
2491,1778,7,0.01741,97.73,19.96,161.17,98.42
2492,1782,7,0.94393,361.88,131.86,434.13,202.16
2493,1782,7,0.74375,201.64,150.18,257.22,214.74
2494,1786,13,0.85552,237.47,155.77,290.47,207.44
2495,1786,1,0.53768,234.49,105.84,282.37,154.03
2496,1786,0,0.22501,235.09,105.21,282.14,155.13
2497,1786,3,0.12233,374.6,105.08,476.68,169.97
2498,1786,14,0.00394,74.44,0.6,189.46,53.18
2499,1786,2,0.00377,237.14,156.68,289.29,206.5
2500,1786,14,0.00258,71.05,0.22,191.57,92.41
2501,1786,4,0.00139,377.41,110.5,479.14,170.12
2502,1786,14,0.00109,0.01,0.78,63.47,103.58
2503,1798,2,0.84104,188.73,88.34,212.36,119.77
2504,1798,2,0.83743,266.49,37.95,287.66,66.63
2505,1798,2,0.00207,0.05,153.34,19.52,172.83
2506,1798,9,0.00133,258.54,137.06,281.4,154.74
2507,1801,2,0.86381,119.62,33.44,148.52,70.49
2508,1801,17,0.78836,148.89,99.95,166.02,117.09
2509,1801,17,0.54092,66.85,81.08,84.83,97.79
2510,1801,2,0.00364,67.31,81.09,84.95,98.15
2511,1803,5,0.66506,75.98,118.84,93.32,135.3
2512,1803,5,0.14353,248.36,99.43,275.77,128.96
2513,1803,5,0.03658,10.76,120.93,31.92,140.77
2514,1803,14,0.0314,358.11,100.79,374.39,139.84
2515,1803,5,0.01975,37.54,119.39,61.06,140.16
2516,1803,5,0.01225,44.63,122.03,62.1,139.54
2517,1803,5,0.00977,25.78,120.0,44.12,139.97
2518,1803,5,0.0091,61.65,119.98,73.69,135.59
2519,1803,14,0.00686,0.03,117.33,4.99,133.15
2520,1803,5,0.00658,32.86,119.19,54.4,140.4
2521,1803,14,0.00606,311.52,110.62,321.71,128.23
2522,1803,5,0.00572,115.0,115.81,127.97,130.22
2523,1803,14,0.00531,0.0,103.39,3.44,130.15
2524,1803,5,0.00477,99.27,116.21,112.78,130.77
2525,1803,14,0.00464,0.16,117.19,7.89,132.67
2526,1803,8,0.00381,325.3,114.06,336.22,128.29
2527,1803,8,0.00378,178.03,116.45,185.03,127.87
2528,1803,5,0.00323,51.12,122.46,62.5,138.79
2529,1803,8,0.00313,311.52,110.76,321.93,128.45
2530,1803,8,0.00276,43.88,122.01,63.2,140.05
2531,1803,14,0.00237,0.02,117.06,6.64,141.28
2532,1803,5,0.00228,61.67,119.82,71.74,129.84
2533,1803,5,0.0019,36.64,119.02,54.58,134.11
2534,1803,8,0.00185,123.66,129.17,136.67,145.77
2535,1803,14,0.00182,357.06,103.59,382.78,140.32
2536,1803,14,0.00173,0.98,117.74,14.45,134.16
2537,1803,8,0.00171,61.26,120.55,72.51,136.42
2538,1803,5,0.00159,277.22,111.18,287.78,122.01
2539,1803,14,0.00157,123.64,127.64,132.84,145.78
2540,1803,8,0.00108,31.94,120.27,51.25,141.11
2541,1803,5,0.00107,1.91,119.86,23.4,141.4
2542,1804,8,0.13579,443.22,0.5,486.88,132.82
2543,1804,8,0.09205,464.86,1.61,486.88,121.18
2544,1804,8,0.05453,101.12,17.09,181.19,127.41
2545,1804,14,0.0449,467.63,1.17,487.0,115.8
2546,1804,8,0.01189,442.26,0.18,487.0,46.4
2547,1804,14,0.01032,441.74,3.88,486.89,170.11
2548,1804,8,0.00141,451.9,2.53,487.0,82.77
2549,1804,8,0.0012,468.42,10.36,487.0,70.94
2550,1805,3,0.00117,120.77,58.92,166.24,104.74
2551,1815,15,0.90186,274.21,74.33,293.59,92.4
2552,1815,15,0.87326,369.25,83.56,388.42,101.6
2553,1821,14,0.8544,167.13,102.85,203.98,209.07
2554,1821,14,0.82112,219.82,96.13,273.75,202.82
2555,1821,5,0.39453,268.1,140.15,348.89,182.03
2556,1821,5,0.01885,0.61,132.98,72.75,189.46
2557,1821,14,0.01851,493.28,106.68,500.0,187.23
2558,1821,5,0.01496,70.25,151.81,175.22,186.87
2559,1821,14,0.0029,491.26,124.41,500.0,195.22
2560,1821,5,0.00235,1.13,128.96,163.26,192.22
2561,1821,14,0.00207,496.37,111.45,500.0,155.72
2562,1821,5,0.0017,201.69,142.66,246.6,182.93
2563,1821,14,0.00153,490.69,127.8,500.0,234.89
2564,1824,10,0.86625,171.84,183.61,184.33,195.02
2565,1824,17,0.7596,126.38,202.33,138.01,214.12
2566,1824,17,0.75724,107.68,194.98,119.07,205.74
2567,1824,9,0.65966,117.02,173.79,132.19,185.33
2568,1824,11,0.56897,131.82,188.17,147.34,200.12
2569,1824,11,0.43435,177.98,197.58,190.76,208.87
2570,1824,10,0.33941,151.33,175.47,165.02,186.95
2571,1824,11,0.33598,103.24,180.77,115.6,192.2
2572,1824,11,0.14303,151.44,175.51,164.88,186.91
2573,1824,9,0.07435,103.43,180.73,115.21,191.81
2574,1824,17,0.01517,118.08,174.35,130.62,184.74
2575,1824,13,0.00533,131.86,189.15,145.9,200.52
2576,1824,11,0.00522,107.33,195.19,118.94,205.61
2577,1824,13,0.00372,126.59,202.55,137.9,214.11
2578,1824,13,0.00254,172.44,184.14,185.23,195.84
2579,1839,10,0.9067,165.29,146.8,186.51,171.27
2580,1839,10,0.87551,186.0,116.89,208.61,139.47
2581,1839,17,0.86423,301.45,177.33,321.61,197.75
2582,1839,10,0.71649,237.28,198.59,264.62,221.43
2583,1839,10,0.49162,189.53,186.3,213.59,213.37
2584,1839,17,0.49016,316.26,146.79,336.3,166.87
2585,1839,11,0.45453,240.71,99.49,267.3,119.31
2586,1839,10,0.40563,316.32,146.81,336.12,166.79
2587,1839,11,0.40219,246.85,151.34,268.35,175.83
2588,1845,17,0.88423,217.26,6.07,247.01,35.42
2589,1845,10,0.54634,316.81,16.6,356.26,52.77
2590,1845,12,0.37933,317.22,16.14,357.03,52.97
2591,1845,2,0.03222,316.79,16.16,356.69,53.01
2592,1845,12,0.03164,216.8,5.52,247.33,35.87
2593,1845,2,0.00363,216.83,5.49,246.96,35.58
2594,1845,17,0.00256,317.87,16.1,356.62,52.77
2595,1846,15,0.92598,370.79,159.78,402.82,194.53
2596,1846,15,0.91137,284.88,183.69,314.0,217.96
2597,1846,15,0.00224,0.0,159.04,2.5,173.65
2598,1846,2,0.00107,0.03,158.13,2.18,173.73
2599,1860,2,0.84601,167.73,129.44,194.23,168.42
2600,1860,17,0.80598,186.65,195.84,206.03,214.92
2601,1860,17,0.78804,258.98,158.08,276.72,175.32
2602,1860,2,0.01219,259.69,158.31,276.42,175.33
2603,1860,2,0.00323,100.49,83.74,119.38,103.75
2604,1863,4,0.90345,297.04,73.63,367.0,146.31
2605,1863,12,0.89124,228.39,23.08,269.84,61.46
2606,1863,0,0.87375,210.25,87.43,256.29,134.46
2607,1863,3,0.86375,64.6,53.24,165.21,126.73
2608,1863,13,0.84497,199.63,145.81,248.57,194.54
2609,1863,1,0.03935,209.56,87.25,255.89,133.97
2610,1863,3,0.0142,0.0,127.24,26.19,190.95
2611,1863,3,0.00388,0.08,29.63,30.05,246.22
2612,1863,3,0.00147,0.0,82.06,25.67,170.14
2613,1863,3,0.00119,0.19,117.32,26.87,168.98
2614,1865,7,0.85019,246.37,40.58,271.13,63.28
2615,1865,7,0.84917,64.69,71.35,98.83,97.26
2616,1868,7,0.82742,324.64,115.83,343.34,133.65
2617,1868,7,0.07817,221.36,121.43,243.58,139.0
2618,1870,7,0.9113,380.03,140.24,411.2,168.84
2619,1870,7,0.83969,417.44,40.91,441.96,62.6
2620,1870,17,0.83153,449.03,99.92,466.9,118.47
2621,1870,17,0.77519,364.04,80.26,381.4,98.73
2622,1873,2,0.88083,50.79,84.03,88.38,108.08
2623,1873,17,0.77418,300.14,191.0,310.6,201.81
2624,1873,11,0.65504,330.18,190.95,342.62,202.49
2625,1873,10,0.6269,368.1,183.15,381.2,194.52
2626,1873,10,0.60511,374.76,195.34,385.96,206.68
2627,1873,11,0.44249,355.69,209.11,370.12,220.76
2628,1873,17,0.35272,303.38,201.85,313.96,212.58
2629,1873,12,0.29968,339.11,175.06,351.99,186.07
2630,1873,11,0.28568,316.53,178.14,329.14,188.7
2631,1873,10,0.1689,316.47,178.2,328.95,188.66
2632,1873,17,0.03332,301.44,192.92,313.74,212.82
2633,1873,16,0.00738,330.33,191.22,342.95,201.73
2634,1873,17,0.00728,368.94,183.42,381.58,193.94
2635,1873,13,0.00374,303.06,201.96,313.68,212.62
2636,1873,17,0.0033,337.73,176.55,349.96,186.48
2637,1873,11,0.00228,355.83,205.91,391.39,222.56
2638,1874,2,0.85815,414.92,119.15,438.43,147.48
2639,1874,2,0.76015,394.68,169.99,423.97,190.86
2640,1874,2,0.04868,239.44,166.52,269.17,188.07
2641,1877,9,0.93434,163.84,140.95,201.17,173.34
2642,1877,9,0.78145,264.13,131.31,303.42,161.18
2643,1877,11,0.59106,248.57,98.23,280.95,126.19
2644,1877,10,0.26161,161.45,108.69,187.02,136.95
2645,1877,9,0.21141,248.27,98.23,280.72,126.14
2646,1877,10,0.18367,248.3,98.14,280.87,126.12
2647,1877,11,0.07712,161.31,108.84,186.94,137.01
2648,1877,12,0.07451,161.39,108.62,187.07,136.92
2649,1877,6,0.00151,459.32,125.85,485.75,218.96
2650,1883,3,0.00214,349.14,225.41,369.39,243.49
2651,1886,11,0.92799,291.4,6.51,326.91,38.48
2652,1886,11,0.77161,249.43,207.3,296.04,246.54
2653,1886,10,0.74108,267.26,120.06,307.3,157.47
2654,1886,10,0.64009,173.2,48.69,206.17,87.77
2655,1886,9,0.01821,0.11,170.9,7.56,215.33
2656,1886,2,0.01307,169.67,15.17,185.59,43.21
2657,1886,6,0.00178,0.0,170.03,7.72,216.26
2658,1886,15,0.00128,248.52,207.37,295.94,246.03
2659,1892,10,0.91346,198.87,86.92,235.73,117.39
2660,1892,11,0.81202,39.27,134.1,73.49,173.51
2661,1892,11,0.74813,256.41,192.59,290.61,230.31
2662,1892,1,0.34413,118.98,155.82,155.48,191.46
2663,1892,10,0.00789,118.81,156.1,155.8,191.36
2664,1892,2,0.00128,252.24,75.13,306.5,104.45
2665,1892,15,0.00106,39.21,134.29,72.85,173.91
2666,1893,7,0.80534,219.84,89.41,244.4,107.56
2667,1893,7,0.78151,245.11,154.56,268.8,172.48
2668,1893,17,0.00267,469.0,33.77,483.69,44.55
2669,1899,9,0.9417,179.55,142.52,217.68,175.39
2670,1899,11,0.57705,266.67,103.16,299.67,131.18
2671,1899,9,0.56927,282.35,138.26,322.94,168.31
2672,1899,10,0.24602,177.79,109.4,203.07,137.59
2673,1899,11,0.10474,177.18,109.23,203.06,137.29
2674,1899,9,0.00697,266.54,103.01,299.78,131.11
2675,1899,10,0.00191,266.48,103.25,299.65,131.17
2676,1908,2,0.84972,28.76,31.22,67.09,58.76
2677,1908,2,0.84162,154.72,49.22,184.13,77.8
2678,1911,15,0.94644,28.26,90.86,102.15,157.84
2679,1911,15,0.93655,175.34,110.75,231.22,170.75
2680,1911,16,0.0015,28.65,90.28,103.24,157.99
2681,1930,16,0.67618,174.65,112.64,231.35,178.08
2682,1930,2,0.01159,466.08,42.81,488.07,66.12
2683,1930,16,0.00724,328.33,57.91,362.61,95.23
2684,1930,16,0.00324,175.33,77.0,215.49,142.86
2685,1930,16,0.00186,175.61,76.77,211.84,118.01
2686,1930,5,0.00114,305.03,12.65,319.08,32.22
2687,1942,10,0.87699,316.25,80.13,334.48,99.45
2688,1942,10,0.86399,230.84,130.36,247.79,151.07
2689,1942,9,0.85547,232.2,71.7,249.28,94.19
2690,1942,17,0.85153,132.1,108.71,148.95,125.33
2691,1942,10,0.81839,324.39,17.83,341.8,35.08
2692,1942,17,0.06046,325.27,164.54,351.23,191.17
2693,1942,6,0.02738,70.23,33.04,124.47,81.15
2694,1942,6,0.01784,0.0,67.96,4.61,102.28
2695,1942,9,0.00532,0.01,68.06,4.06,98.4
2696,1942,6,0.003,0.0,67.79,5.22,147.43
2697,1942,6,0.0017,0.2,62.38,23.37,150.02
2698,1942,6,0.00135,0.5,30.46,29.48,101.0
2699,1950,15,0.94719,241.79,92.05,313.98,156.92
2700,1950,15,0.94069,388.7,103.82,447.86,164.57
2701,1950,16,0.00197,242.26,91.17,314.91,156.86
2702,1954,2,0.86523,52.43,65.38,70.85,88.14
2703,1954,2,0.84315,70.89,38.45,89.47,60.76
2704,1955,2,0.83466,353.92,34.71,369.95,56.19
2705,1955,2,0.82099,404.01,49.3,420.45,70.99
2706,1959,14,0.81376,105.46,0.63,175.91,239.69
2707,1959,8,0.78416,65.89,75.63,93.06,114.51
2708,1959,14,0.32234,66.24,55.1,92.21,85.03
2709,1959,14,0.14673,108.56,1.79,161.91,174.85
2710,1959,14,0.01885,484.54,56.3,489.0,98.09
2711,1959,16,0.01871,482.39,57.12,489.0,97.41
2712,1959,16,0.01018,485.07,57.8,489.0,97.24
2713,1959,16,0.00204,486.05,82.57,489.0,98.83
2714,1959,8,0.00152,65.89,63.73,91.92,95.38
2715,1959,14,0.00146,481.45,44.35,489.0,97.59
2716,1959,8,0.00137,59.57,48.32,102.85,115.16
2717,1959,14,0.00135,0.01,36.13,3.86,90.17
2718,1959,14,0.00121,0.04,26.36,6.08,101.49
2719,1959,14,0.00107,467.03,59.71,489.0,95.8
2720,1959,16,0.00105,467.96,58.95,489.0,97.08
2721,1959,14,0.00101,68.73,63.91,92.5,87.33
2722,1972,15,0.93625,438.85,184.47,485.0,245.63
2723,1972,15,0.00854,436.88,183.99,485.0,245.79
2724,1980,5,0.87468,356.17,113.4,473.79,174.92
2725,1980,14,0.42212,390.32,45.54,398.7,65.51
2726,1980,14,0.3679,486.84,57.12,494.0,93.23
2727,1980,8,0.2917,379.46,51.96,394.6,66.38
2728,1980,14,0.20599,395.48,45.63,403.11,66.15
2729,1980,14,0.19831,392.7,45.58,401.28,65.75
2730,1980,8,0.09147,0.0,15.99,8.42,29.25
2731,1980,8,0.05375,384.07,49.25,396.0,66.36
2732,1980,14,0.03815,388.02,47.02,396.69,65.95
2733,1980,14,0.03638,385.33,46.17,391.61,55.76
2734,1980,5,0.03293,0.0,0.43,16.08,20.05
2735,1980,14,0.02774,381.6,48.53,389.04,58.69
2736,1980,8,0.02582,478.38,53.43,492.83,71.1
2737,1980,14,0.02469,384.06,47.48,392.47,59.59
2738,1980,8,0.02252,0.03,17.57,4.91,29.97
2739,1980,14,0.01646,382.43,46.77,388.79,56.54
2740,1980,14,0.01268,489.99,55.53,494.0,77.0
2741,1980,14,0.01116,482.27,51.68,493.4,71.03
2742,1980,14,0.00891,487.17,55.53,494.0,116.37
2743,1980,8,0.00712,465.19,56.6,483.84,71.44
2744,1980,8,0.0064,4.75,19.46,12.62,28.23
2745,1980,8,0.00525,388.94,45.89,401.92,66.38
2746,1980,8,0.004,466.02,57.97,478.88,70.35
2747,1980,8,0.00306,1.08,16.08,13.09,28.59
2748,1980,14,0.00282,477.97,54.92,494.0,94.49
2749,1980,8,0.002,0.46,1.01,18.57,15.57
2750,1980,14,0.00188,4.23,11.3,12.64,22.83
2751,1980,14,0.00166,475.88,53.09,491.94,70.83
2752,1980,14,0.00159,390.18,44.41,396.6,54.35
2753,1980,8,0.00149,378.74,47.13,390.47,66.75
2754,1980,14,0.00116,391.56,44.33,397.96,55.98
2755,1981,14,0.86749,142.67,78.3,178.53,166.1
2756,1981,14,0.85799,113.74,82.32,139.01,164.51
2757,1981,14,0.80863,204.38,76.31,239.44,172.01
2758,1981,14,0.80574,265.96,107.42,303.02,162.48
2759,1981,5,0.78413,410.37,131.49,479.38,172.79
2760,1981,14,0.73076,377.3,98.86,408.84,173.12
2761,1981,5,0.01078,487.19,122.97,500.0,173.18
2762,1981,5,0.00275,478.39,101.44,500.0,144.47
2763,1981,5,0.00249,489.8,134.76,500.0,170.58
2764,1981,8,0.00208,102.56,79.41,153.75,164.5
2765,1981,8,0.00173,199.91,78.38,247.18,172.16
2766,1981,14,0.00156,0.0,91.42,8.31,210.48
2767,1981,5,0.00109,480.97,129.06,499.84,174.84
2768,1984,17,0.90295,222.25,211.24,236.02,224.68
2769,1984,17,0.87295,191.77,212.49,205.27,225.94
2770,1984,10,0.86121,216.19,170.71,232.18,183.77
2771,1984,10,0.8376,186.42,171.07,201.32,184.74
2772,1984,11,0.73213,248.25,181.42,263.42,194.85
2773,1984,11,0.6198,197.38,192.32,215.37,206.85
2774,1984,9,0.44627,157.54,184.29,174.28,199.18
2775,1984,17,0.41472,160.39,199.42,174.85,213.11
2776,1984,10,0.19914,160.21,199.49,174.86,213.3
2777,1984,10,0.04261,157.69,184.31,174.19,199.11
2778,1984,13,0.00215,191.92,212.71,205.49,225.98
2779,1984,13,0.00152,198.04,192.59,216.09,207.1
2780,1984,17,0.00111,157.77,184.38,174.67,199.12
2781,1990,6,0.88514,301.28,125.19,370.75,163.87
2782,1990,15,0.80979,379.77,176.16,415.49,213.2
2783,1990,17,0.65503,264.92,93.98,285.96,115.7
2784,1990,2,0.06022,395.38,114.41,416.8,136.42
2785,1990,17,0.0128,395.22,114.3,416.38,136.23
2786,1990,14,0.00121,289.16,187.66,304.06,236.08
2787,1998,14,0.85357,136.98,124.64,166.03,203.03
2788,1998,14,0.83991,107.72,125.3,140.0,200.0
2789,1998,14,0.82893,430.82,135.39,466.41,231.19
2790,1998,14,0.80981,268.16,116.41,304.06,223.03
2791,1998,14,0.79799,333.15,136.3,357.68,220.62
2792,1998,14,0.79463,357.71,120.95,403.45,232.35
2793,1998,8,0.00113,106.38,120.95,156.76,201.04
2794,2003,14,0.76434,177.83,95.7,221.89,141.48
2795,2003,8,0.75139,164.37,127.53,225.99,217.69
2796,2003,8,0.64557,242.9,101.25,297.85,158.05
2797,2003,16,0.17668,5.48,133.67,23.04,157.02
2798,2003,16,0.11813,0.08,132.85,6.93,157.99
2799,2003,16,0.1133,21.67,133.32,36.27,155.43
2800,2003,16,0.0715,35.46,133.36,50.64,154.09
2801,2003,16,0.02998,61.52,132.46,75.9,151.52
2802,2003,8,0.01921,300.85,115.24,313.86,140.41
2803,2003,16,0.01739,123.6,129.89,132.62,146.32
2804,2003,16,0.01682,49.33,132.73,62.03,152.51
2805,2003,16,0.01666,131.24,130.33,141.78,146.19
2806,2003,16,0.01545,115.92,129.92,124.46,146.74
2807,2003,16,0.01315,106.31,130.5,116.89,147.51
2808,2003,16,0.01028,95.83,130.01,106.76,148.74
2809,2003,16,0.00833,85.87,130.5,97.28,149.92
2810,2003,16,0.00744,138.11,123.39,147.67,134.66
2811,2003,16,0.00742,75.01,131.75,86.7,150.19
2812,2003,14,0.00134,481.49,135.42,488.0,184.63
2813,2003,8,0.00127,265.25,119.17,294.07,158.25
2814,2003,8,0.00124,483.28,172.3,488.0,212.89
2815,2003,16,0.001,0.0,138.67,3.36,171.29
2816,2005,2,0.87047,64.48,202.38,87.44,231.44
2817,2005,2,0.8481,166.01,194.37,186.08,223.62
2818,2012,14,0.82257,190.29,111.67,226.1,204.88
2819,2012,14,0.77799,321.36,91.25,374.26,201.29
2820,2012,14,0.34155,490.51,134.76,500.0,188.98
2821,2012,14,0.01572,483.97,135.81,499.9,189.46
2822,2012,5,0.01236,59.78,153.77,164.79,189.31
2823,2012,14,0.00812,0.04,133.7,13.81,199.87
2824,2012,14,0.00563,34.74,131.98,61.34,164.67
2825,2012,14,0.00173,0.04,136.83,8.36,235.39
2826,2012,5,0.00139,0.0,130.93,159.74,195.47
2827,2012,14,0.0011,493.25,131.49,500.0,173.88
2828,2015,3,0.88272,112.41,77.53,183.29,123.14
2829,2015,3,0.87866,246.78,28.1,290.94,65.43
2830,2015,1,0.8721,183.13,87.67,222.57,128.57
2831,2015,13,0.8507,255.5,76.07,293.07,114.5
2832,2015,3,0.83183,175.37,47.73,242.03,74.46
2833,2015,4,0.00573,0.03,217.43,12.87,231.99
2834,2015,4,0.00512,0.01,207.81,12.7,232.18
2835,2015,4,0.00433,0.04,183.67,13.16,232.32
2836,2018,14,0.91649,170.36,107.03,209.98,217.64
2837,2018,14,0.84282,224.1,102.68,262.22,213.33
2838,2018,5,0.005,292.17,140.79,369.19,183.95
2839,2018,5,0.00455,0.49,155.04,86.91,205.46
2840,2018,14,0.0014,488.25,112.46,500.0,190.47
2841,2020,2,0.87032,232.79,176.7,249.22,198.47
2842,2020,2,0.85637,250.15,150.4,267.21,171.48
2843,2027,13,0.87356,210.0,20.55,246.62,58.95
2844,2027,3,0.87035,78.18,36.23,147.33,76.77
2845,2027,3,0.86798,101.52,4.54,151.81,37.51
2846,2027,1,0.85397,194.28,58.87,235.29,100.37
2847,2027,3,0.8396,132.41,78.57,180.03,139.87
2848,2034,14,0.84059,57.75,119.04,97.94,224.65
2849,2034,14,0.7932,92.63,125.41,120.34,192.73
2850,2034,14,0.70322,421.81,88.88,445.12,152.98
2851,2034,14,0.56336,371.76,105.83,386.75,129.88
2852,2034,8,0.53706,406.39,110.73,427.83,135.08
2853,2034,8,0.53178,465.66,107.58,485.78,131.56
2854,2034,8,0.33896,368.1,114.23,393.28,137.06
2855,2034,14,0.10819,45.59,137.47,58.25,181.45
2856,2034,14,0.0153,453.64,103.17,465.42,125.64
2857,2034,8,0.01295,482.97,104.8,493.9,129.84
2858,2034,14,0.00974,488.4,104.03,494.0,128.1
2859,2034,14,0.00748,476.75,95.76,494.0,126.04
2860,2034,14,0.00361,485.57,106.82,493.91,129.1
2861,2034,14,0.00259,418.69,88.96,432.62,125.56
2862,2034,14,0.00231,471.81,102.51,493.66,129.2
2863,2034,8,0.002,487.93,106.96,494.0,129.63
2864,2034,14,0.00164,372.21,105.22,393.46,134.1
2865,2034,8,0.00162,441.04,106.26,462.16,131.4
2866,2034,8,0.0016,450.57,102.87,464.42,125.28
2867,2034,8,0.00151,466.84,105.56,493.96,130.4
2868,2034,14,0.0014,62.59,111.41,145.84,228.06
2869,2034,14,0.00119,60.34,119.35,90.52,150.39
2870,2034,14,0.00101,82.68,119.24,127.02,195.69
2871,2035,2,0.78514,406.22,198.14,432.75,225.37
2872,2035,2,0.73417,367.01,192.51,399.39,213.9
2873,2035,2,0.3685,212.55,227.59,232.3,248.73
2874,2035,2,0.07053,429.07,169.22,447.11,193.87
2875,2035,2,0.00775,364.74,187.38,388.29,212.35
2876,2035,2,0.00475,225.67,163.55,244.91,202.0
2877,2035,2,0.0028,0.12,152.55,8.27,192.12
2878,2035,2,0.00268,489.34,124.48,495.0,150.66
2879,2051,17,0.861,285.61,131.54,299.58,146.05
2880,2051,10,0.85567,188.44,110.44,205.3,127.43
2881,2051,17,0.83552,278.43,149.17,292.6,163.87
2882,2051,10,0.8276,177.86,128.51,193.64,146.32
2883,2051,10,0.74332,235.7,160.48,255.53,177.17
2884,2051,17,0.61628,200.58,152.35,218.13,171.6
2885,2051,11,0.5436,226.38,101.3,245.92,116.01
2886,2051,11,0.48735,237.13,132.73,252.95,150.43
2887,2051,9,0.14286,235.68,160.64,255.51,177.12
2888,2051,10,0.00289,200.48,152.7,218.18,171.64
2889,2051,13,0.00113,285.28,131.8,299.51,145.98
2890,2053,15,0.93182,251.04,42.11,302.98,99.08
2891,2053,15,0.91961,376.86,46.07,415.89,90.22
2892,2055,11,0.9014,181.89,32.68,196.4,47.65
2893,2055,10,0.89287,157.36,50.26,174.05,64.38
2894,2055,10,0.8834,162.62,8.34,179.19,22.7
2895,2055,10,0.87404,138.72,16.97,152.88,32.36
2896,2055,17,0.87324,224.81,42.25,238.13,55.53
2897,2055,17,0.85543,202.75,52.29,215.95,65.67
2898,2055,11,0.83496,203.06,10.08,220.31,23.64
2899,2055,10,0.81706,135.88,37.13,150.75,53.37
2900,2057,3,0.90269,195.83,0.21,274.46,37.62
2901,2057,3,0.89948,302.74,7.79,340.86,82.87
2902,2057,13,0.89694,237.49,114.62,275.28,152.92
2903,2057,3,0.87405,332.67,79.99,407.48,123.45
2904,2057,1,0.83361,200.37,50.14,237.65,89.54
2905,2057,9,0.00248,195.19,1.13,275.09,37.32
2906,2060,4,0.89112,307.48,105.45,349.19,155.65
2907,2060,13,0.86308,236.73,107.23,267.54,136.57
2908,2060,6,0.00255,498.64,43.79,505.0,107.51
2909,2060,5,0.00104,177.91,190.06,226.14,250.61
2910,2061,8,0.87869,7.14,39.22,59.95,103.15
2911,2061,8,0.83275,116.96,42.83,152.91,109.87
2912,2061,8,0.02816,0.03,28.29,17.02,107.62
2913,2061,8,0.02113,0.01,50.2,9.92,100.84
2914,2061,8,0.00532,0.0,0.0,10.07,101.28
2915,2061,8,0.00199,0.08,22.05,33.13,204.26
2916,2061,8,0.00194,0.03,54.67,5.94,107.57
2917,2061,8,0.00179,0.02,0.0,11.68,54.56
2918,2061,8,0.00161,0.0,0.0,9.08,31.86
2919,2061,8,0.00139,0.11,0.4,16.86,77.76
2920,2061,8,0.00136,0.1,25.77,26.87,101.94
2921,2061,8,0.00132,0.04,38.69,12.96,94.54
2922,2067,2,0.86787,331.8,79.92,359.98,107.12
2923,2067,2,0.35831,456.65,68.21,475.95,89.07
2924,2067,2,0.03584,0.6,63.98,20.81,82.64
2925,2067,1,0.00912,502.14,19.94,509.0,37.0
2926,2067,15,0.00815,502.13,20.3,509.0,36.9
2927,2067,16,0.00551,501.73,20.04,509.0,36.96
2928,2067,2,0.00137,504.63,87.42,509.0,110.16
2929,2083,15,0.88251,347.52,73.45,372.29,98.46
2930,2083,15,0.81972,375.34,40.43,396.41,56.23
2931,2083,7,0.78752,299.65,54.72,318.49,68.02
2932,2083,15,0.47716,426.48,22.6,440.69,41.78
2933,2083,6,0.03161,426.6,23.01,440.47,41.95
2934,2083,15,0.00201,393.11,123.58,420.28,140.08
2935,2083,7,0.00167,435.35,61.84,452.2,75.38
2936,2083,17,0.00166,435.32,61.6,451.88,75.25
2937,2084,15,0.88176,409.16,32.9,431.42,60.26
2938,2084,15,0.8714,341.61,37.69,363.55,62.41
2939,2089,2,0.85337,43.7,198.78,69.52,233.99
2940,2089,2,0.80769,53.05,114.96,81.48,138.5
2941,2089,2,0.0306,283.0,112.2,302.3,126.15
2942,2089,2,0.01058,275.59,78.14,295.76,102.1
2943,2099,3,0.88161,224.93,128.49,307.67,162.32
2944,2099,13,0.87984,147.33,85.12,184.2,123.5
2945,2099,3,0.87782,181.15,154.18,228.78,213.17
2946,2099,3,0.86803,265.3,70.58,313.21,117.92
2947,2099,1,0.86124,208.16,62.89,244.27,102.01
2948,2100,10,0.89357,391.55,86.31,408.77,104.5
2949,2100,10,0.87559,305.73,42.86,324.61,58.97
2950,2100,17,0.8736,278.58,68.14,293.88,83.98
2951,2100,11,0.85934,323.99,71.27,343.49,89.8
2952,2100,10,0.85382,340.77,39.01,360.55,56.34
2953,2100,10,0.84334,383.83,60.33,403.52,77.26
2954,2100,17,0.82223,281.1,92.41,296.84,107.94
2955,2100,11,0.7682,360.45,115.33,382.62,132.79
2956,2103,9,0.86679,340.7,52.27,363.35,73.32
2957,2103,10,0.84842,271.71,52.5,287.52,68.41
2958,2103,17,0.83485,231.99,141.31,246.43,155.04
2959,2103,11,0.78944,225.92,42.25,241.86,58.24
2960,2103,9,0.78446,236.42,92.77,255.34,108.63
2961,2103,9,0.73791,283.61,94.36,302.06,110.18
2962,2103,3,0.0015,21.38,123.29,93.49,185.19
2963,2107,13,0.90479,160.77,139.81,198.54,178.31
2964,2107,3,0.902,146.8,17.97,203.77,79.38
2965,2107,3,0.89175,212.22,36.2,280.68,86.27
2966,2107,3,0.86712,38.85,66.51,128.24,106.71
2967,2107,1,0.84032,88.14,119.29,127.67,157.66
2968,2109,17,0.88097,67.38,82.35,85.75,100.95
2969,2109,10,0.88073,196.36,62.66,219.65,83.1
2970,2109,10,0.87977,101.23,37.36,125.0,56.88
2971,2109,10,0.87172,145.11,28.25,169.27,50.26
2972,2109,10,0.87073,203.71,104.95,223.46,128.25
2973,2109,17,0.8447,70.39,123.26,89.14,141.66
2974,2109,11,0.80308,122.67,85.34,146.15,108.81
2975,2109,11,0.39639,163.94,154.14,190.29,175.67
2976,2109,10,0.37493,163.89,153.79,190.19,175.83
2977,2117,2,0.86559,311.77,196.46,332.9,221.33
2978,2117,2,0.86163,303.09,162.55,320.96,186.09
2979,2120,2,0.81337,405.62,113.53,431.51,135.53
2980,2120,2,0.00285,305.64,127.33,331.63,153.32
2981,2126,10,0.8591,202.35,115.65,219.84,132.39
2982,2126,17,0.76124,41.27,119.39,56.21,133.06
2983,2126,10,0.72741,221.25,78.98,235.72,93.72
2984,2126,9,0.64211,132.84,107.87,148.72,125.29
2985,2126,10,0.57934,117.1,138.51,133.34,158.04
2986,2126,17,0.19035,194.57,169.13,218.99,191.43
2987,2126,9,0.15555,194.52,169.19,218.98,191.38
2988,2126,6,0.03819,0.28,76.67,52.34,100.41
2989,2126,11,0.0113,132.93,107.91,148.96,125.48
2990,2126,6,0.00505,485.41,10.86,496.0,42.21
2991,2126,9,0.00425,41.25,119.45,56.21,132.96
2992,2126,6,0.00128,0.05,73.67,11.15,103.5
2993,2129,17,0.84871,21.46,48.86,32.49,60.04
2994,2129,17,0.81471,25.82,59.84,37.04,70.68
2995,2129,11,0.81195,81.03,60.38,95.89,72.58
2996,2129,11,0.64872,37.51,33.61,50.79,44.71
2997,2129,11,0.49719,52.91,45.18,66.35,57.23
2998,2129,12,0.42695,60.7,27.71,74.52,39.57
2999,2129,10,0.35175,98.85,44.61,110.64,56.57
3000,2129,12,0.29141,52.8,44.91,66.62,57.26
3001,2129,12,0.25325,91.59,33.28,105.23,44.57
3002,2129,10,0.23618,91.66,32.98,105.14,44.93
3003,2129,12,0.09082,99.09,44.86,110.69,56.35
3004,2129,17,0.06533,37.76,33.13,49.45,43.7
3005,2129,13,0.01851,98.72,43.7,110.04,56.58
3006,2129,13,0.01679,92.47,28.85,107.09,46.71
3007,2129,17,0.00885,54.21,45.48,66.1,56.93
3008,2129,9,0.00614,21.54,48.97,32.67,59.84
3009,2129,11,0.0051,60.59,27.67,74.77,39.69
3010,2129,13,0.00465,81.66,60.74,96.04,71.94
3011,2129,13,0.0016,22.13,49.03,32.69,60.52
3012,2129,17,0.00159,24.16,58.23,34.11,70.49
3013,2133,5,0.48569,168.41,100.9,439.52,196.71
3014,2133,8,0.1112,0.0,47.01,57.59,213.76
3015,2133,8,0.00534,178.11,102.41,433.38,196.11
3016,2135,13,0.8989,77.8,137.21,128.45,188.6
3017,2135,4,0.87046,195.1,157.61,263.83,214.05
3018,2135,6,0.00165,486.73,137.39,495.0,178.66
3019,2135,6,0.0011,487.25,120.85,495.0,172.72
3020,2138,15,0.8877,61.55,68.58,83.17,88.09
3021,2138,15,0.87286,110.63,75.88,133.7,98.7
3022,2139,2,0.85528,321.79,106.12,360.38,135.95
3023,2139,17,0.83972,293.15,188.98,313.52,207.63
3024,2139,17,0.82233,401.73,133.84,419.38,151.33
3025,2148,7,0.91339,203.52,48.23,261.93,82.55
3026,2148,7,0.80302,28.89,216.43,79.82,238.94
3027,2148,14,0.00468,0.0,35.75,91.02,239.8
3028,2148,14,0.0025,0.56,30.52,48.14,239.9
3029,2152,2,0.89581,375.21,169.94,401.99,186.93
3030,2152,2,0.86397,302.77,172.22,323.68,198.51
3031,2154,10,0.86619,359.99,89.45,376.45,102.84
3032,2154,17,0.84454,420.76,127.23,434.5,140.71
3033,2154,17,0.84443,397.63,135.48,411.03,149.14
3034,2154,11,0.80854,400.53,93.03,418.06,106.64
3035,2154,10,0.78936,352.21,130.16,368.82,144.51
3036,2154,10,0.78679,335.88,95.76,349.88,111.11
3037,2154,11,0.71179,377.57,114.56,392.28,129.35
3038,2154,10,0.6243,331.5,115.49,346.66,131.75
3039,2154,9,0.47534,331.59,115.54,346.36,131.66
3040,2154,13,0.00876,397.6,135.62,410.89,148.9
3041,2154,13,0.00253,420.92,127.52,434.34,140.68
3042,2154,13,0.0016,399.54,89.07,425.69,112.18
3043,2154,13,0.00141,352.67,129.83,368.84,143.18
3044,2154,13,0.00117,377.2,114.71,392.66,129.12
3045,2157,7,0.82453,302.53,89.05,326.23,108.17
3046,2157,7,0.82083,352.52,182.6,376.11,202.96
3047,2157,2,0.30668,98.24,61.2,118.22,77.98
3048,2157,2,0.15546,379.2,75.31,404.06,97.35
3049,2167,5,0.55849,14.53,132.81,38.84,153.66
3050,2167,5,0.26814,60.19,132.26,75.06,148.44
3051,2167,5,0.12215,87.42,131.27,102.03,148.29
3052,2167,5,0.06596,35.44,135.83,49.69,151.86
3053,2167,5,0.02757,99.78,129.98,111.7,142.58
3054,2167,8,0.02316,0.02,138.74,6.1,156.42
3055,2167,8,0.02214,0.23,132.93,14.27,153.74
3056,2167,8,0.02191,0.09,135.59,9.24,155.4
3057,2167,8,0.0197,304.68,127.88,313.89,141.57
3058,2167,5,0.0162,47.77,134.89,60.43,149.67
3059,2167,14,0.01566,0.49,132.96,14.19,152.21
3060,2167,8,0.0144,295.82,126.49,304.81,141.4
3061,2167,5,0.01036,36.14,135.12,59.51,151.87
3062,2167,8,0.0102,0.04,144.46,4.22,158.47
3063,2167,5,0.00831,0.07,134.57,8.74,154.77
3064,2167,5,0.00814,0.17,132.75,14.5,153.46
3065,2167,14,0.0081,0.04,135.86,4.52,153.72
3066,2167,16,0.00749,162.82,131.48,169.91,141.68
3067,2167,16,0.00672,157.02,135.54,162.74,146.78
3068,2167,14,0.00628,319.74,127.19,331.9,147.95
3069,2167,14,0.00439,0.03,131.22,3.21,149.88
3070,2167,8,0.00384,0.18,143.55,15.52,178.61
3071,2167,8,0.00351,0.2,140.82,8.06,159.17
3072,2167,8,0.0024,0.04,144.79,5.1,167.01
3073,2167,5,0.00179,13.15,133.86,29.35,153.21
3074,2167,5,0.00146,222.7,170.0,327.44,220.74
3075,2167,16,0.00137,168.79,136.15,177.22,145.8
3076,2167,8,0.00132,0.39,137.7,14.79,160.07
3077,2167,14,0.00129,110.25,134.98,120.55,151.2
3078,2167,14,0.00128,379.51,140.81,387.52,151.71
3079,2167,14,0.00127,319.75,126.88,329.91,139.75
3080,2167,14,0.00114,322.57,128.06,340.12,148.84
3081,2167,8,0.00114,318.78,126.86,330.59,147.42
3082,2167,14,0.00105,328.92,128.83,342.91,149.23
3083,2167,5,0.00105,0.06,143.07,14.42,179.27
3084,2170,15,0.94895,280.83,25.08,354.86,90.09
3085,2170,15,0.93056,429.3,27.34,469.0,88.47
3086,2170,15,0.16867,340.93,0.85,382.22,32.06
3087,2170,15,0.00162,427.6,26.3,469.0,88.05
3088,2170,16,0.00102,281.45,24.75,354.64,90.01
3089,2179,7,0.86591,271.38,220.69,297.59,241.81
3090,2179,7,0.86528,107.04,172.93,132.02,192.51
3091,2212,2,0.86078,332.15,163.05,362.03,201.73
3092,2212,17,0.70894,320.73,132.69,336.73,148.05
3093,2212,17,0.12329,395.23,145.58,413.23,162.87
3094,2212,2,0.07662,394.7,146.64,413.98,171.27
3095,2212,2,0.03093,320.81,133.42,336.28,147.6
3096,2212,2,0.03063,394.93,145.39,412.84,163.0
3097,2225,17,0.88604,117.95,183.3,131.83,196.87
3098,2225,17,0.87512,87.12,182.57,100.81,196.09
3099,2225,11,0.83339,146.35,155.34,161.18,168.9
3100,2225,10,0.82966,115.17,142.57,131.15,155.42
3101,2225,10,0.62124,84.73,140.67,99.86,154.58
3102,2225,9,0.37309,53.75,151.99,71.05,166.99
3103,2225,11,0.22442,94.39,163.22,112.24,177.37
3104,2225,17,0.16324,56.0,167.68,70.9,181.18
3105,2225,10,0.14582,53.66,151.92,71.25,166.76
3106,2225,13,0.12339,55.86,167.75,70.83,181.27
3107,2225,12,0.06422,94.2,163.31,112.37,177.45
3108,2225,10,0.05979,55.98,167.49,70.7,181.05
3109,2225,11,0.03853,84.76,140.79,99.96,154.43
3110,2225,13,0.00763,85.25,140.96,99.74,154.1
3111,2225,13,0.00479,146.76,155.59,161.26,168.19
3112,2225,11,0.00252,55.79,167.1,71.07,181.26
3113,2225,13,0.00131,117.84,183.29,131.66,197.14
3114,2226,2,0.85772,226.56,35.07,245.0,59.37
3115,2226,2,0.85709,234.16,69.29,255.63,93.87
3116,2233,5,0.72849,404.3,167.36,499.91,225.33
3117,2233,14,0.65971,329.82,143.08,378.39,241.25
3118,2233,14,0.27533,331.79,142.58,361.17,240.54
3119,2233,5,0.06746,248.63,175.85,356.37,225.3
3120,2233,14,0.00208,288.27,156.85,379.82,237.72
3121,2238,13,0.86795,331.44,162.23,372.89,203.86
3122,2238,1,0.69701,252.46,72.21,288.34,108.49
3123,2238,0,0.02847,252.48,71.96,289.88,109.78
3124,2238,14,0.00272,0.0,22.0,50.23,238.99
3125,2238,14,0.00228,166.57,1.41,284.62,52.53
3126,2238,14,0.00164,65.99,1.48,237.06,52.31
3127,2238,14,0.0012,217.12,1.41,282.47,52.0
3128,2239,8,0.89132,101.66,1.38,169.76,98.86
3129,2239,14,0.80171,77.21,0.0,95.15,33.66
3130,2239,14,0.74621,94.43,0.08,110.05,32.26
3131,2239,14,0.06815,0.0,4.82,56.6,228.02
3132,2239,5,0.0181,0.01,5.38,56.44,231.68
3133,2239,8,0.01441,0.0,0.0,4.58,35.56
3134,2239,8,0.01282,0.03,0.89,10.97,57.1
3135,2239,14,0.00874,324.68,0.32,351.31,46.98
3136,2239,8,0.00767,0.0,0.0,6.43,29.3
3137,2239,5,0.00759,204.96,0.0,285.25,23.99
3138,2239,14,0.00275,0.11,0.67,28.44,97.53
3139,2239,5,0.00207,265.61,0.76,300.85,27.74
3140,2239,14,0.00183,0.03,0.51,36.03,139.95
3141,2239,14,0.00164,0.0,0.0,6.78,37.16
3142,2239,5,0.00149,453.9,2.37,472.0,45.21
3143,2239,8,0.00148,0.04,25.6,10.36,55.54
3144,2239,8,0.00124,93.77,0.24,129.54,34.61
3145,2239,14,0.00122,0.14,26.65,10.38,55.39
3146,2246,13,0.85093,288.69,153.87,340.8,205.41
3147,2246,1,0.65068,409.19,70.3,452.06,114.8
3148,2246,0,0.0091,408.41,69.82,452.88,116.33
3149,2246,14,0.00226,0.0,0.0,11.64,113.21
3150,2246,13,0.00116,407.89,70.59,453.71,116.36
3151,2246,14,0.00105,0.0,0.0,42.77,142.13
3152,2250,2,0.86737,145.73,46.14,167.31,75.32
3153,2250,2,0.81135,212.92,59.37,242.97,82.88
3154,2252,3,0.89397,192.83,19.64,245.62,91.87
3155,2252,3,0.88719,111.09,146.58,152.37,216.87
3156,2252,13,0.88685,85.09,56.82,118.67,91.21
3157,2252,3,0.87267,150.51,120.37,222.92,154.05
3158,2252,1,0.86753,143.36,23.48,177.96,58.29
3159,2260,15,0.92769,452.22,192.99,484.95,253.73
3160,2260,6,0.01047,444.35,99.18,484.59,152.47
3161,2260,15,0.007,451.6,191.86,485.0,253.44
3162,2260,6,0.00274,447.0,99.09,485.0,130.18
3163,2262,13,0.83249,229.32,172.59,281.49,224.3
3164,2262,1,0.37923,226.47,121.74,272.98,171.01
3165,2262,0,0.22104,226.99,121.03,273.29,171.96
3166,2262,3,0.02476,362.69,116.93,470.25,186.03
3167,2262,14,0.00403,62.71,1.58,177.29,73.59
3168,2262,2,0.00347,228.57,172.58,280.81,223.52
3169,2262,2,0.00214,487.12,36.34,494.0,68.38
3170,2264,2,0.84856,75.69,192.8,98.82,219.68
3171,2264,2,0.7852,192.81,188.36,219.79,213.67
3172,2264,2,0.00129,0.08,168.32,8.95,194.84
3173,2264,2,0.00112,0.02,164.79,4.09,189.18
3174,2266,13,0.86189,281.06,126.17,333.66,178.86
3175,2266,0,0.35073,232.55,78.64,281.02,131.58
3176,2266,1,0.24882,231.52,78.88,281.2,130.99
3177,2266,3,0.22821,330.17,36.84,433.04,88.9
3178,2266,14,0.01068,0.0,1.45,39.4,163.85
3179,2266,2,0.00345,280.85,126.06,333.53,178.41
3180,2266,14,0.00156,0.15,12.34,46.95,227.98
3181,2266,14,0.00134,133.84,0.67,251.76,72.95
3182,2266,14,0.00101,0.0,0.59,51.39,110.32
3183,2296,2,0.85372,232.2,29.43,260.61,65.75
3184,2296,17,0.74948,182.19,74.84,198.66,91.41
3185,2296,17,0.73982,261.65,96.09,278.54,113.19
3186,2297,3,0.91008,362.38,148.39,423.64,221.13
3187,2297,3,0.88758,373.92,26.68,412.23,87.95
3188,2297,3,0.8839,379.45,101.68,461.9,146.17
3189,2297,13,0.87836,263.49,77.99,304.87,121.49
3190,2297,1,0.85474,305.23,36.26,345.43,79.33
3191,2298,2,0.82172,79.27,27.11,110.22,67.54
3192,2298,17,0.78846,105.39,93.03,123.85,110.78
3193,2298,17,0.7017,173.29,44.33,191.56,63.16
3194,2298,17,0.01823,358.87,178.1,397.58,210.32
3195,2298,2,0.00729,173.29,44.42,192.19,63.49
3196,2298,17,0.00109,357.53,164.12,396.72,205.83
3197,2302,15,0.89785,371.53,70.81,404.2,106.48
3198,2302,15,0.89376,286.99,97.37,315.72,131.11
3199,2308,5,0.84027,92.55,88.24,113.09,106.02
3200,2308,5,0.79125,165.61,95.65,186.88,115.1
3201,2308,14,0.77919,228.5,118.03,240.88,131.26
3202,2308,8,0.55399,225.94,127.43,243.35,145.5
3203,2308,14,0.46788,117.53,149.19,138.06,179.32
3204,2308,5,0.29894,0.0,58.78,29.61,75.45
3205,2308,14,0.20154,227.84,118.17,242.45,140.43
3206,2308,5,0.16037,150.44,67.36,164.54,80.8
3207,2308,14,0.05976,113.53,148.76,137.93,191.25
3208,2308,14,0.01433,224.97,117.78,241.96,134.1
3209,2308,5,0.00911,0.0,65.28,29.32,75.42
3210,2308,5,0.00607,47.91,67.91,64.72,79.13
3211,2308,5,0.00438,41.64,62.47,64.98,78.66
3212,2308,5,0.00247,33.34,58.18,67.03,75.33
3213,2308,5,0.00203,47.74,61.82,65.82,72.47
3214,2308,5,0.00127,459.13,55.01,491.64,72.39
3215,2308,5,0.00112,433.69,61.69,456.55,79.95
3216,2308,5,0.00106,0.13,47.11,29.98,75.34
3217,2311,8,0.54672,27.79,39.31,267.27,245.3
3218,2311,8,0.49879,143.23,3.12,482.94,245.89
3219,2311,8,0.23309,0.28,10.32,38.13,248.0
3220,2311,8,0.2006,258.07,4.96,497.11,220.52
3221,2311,8,0.15196,0.05,91.77,31.23,246.24
3222,2311,8,0.12115,64.4,27.54,346.59,248.0
3223,2311,5,0.02157,157.98,1.43,492.71,242.82
3224,2311,8,0.01404,0.0,0.0,35.89,162.15
3225,2311,8,0.0023,58.09,25.3,200.76,166.08
3226,2311,14,0.00218,102.03,0.0,144.32,0.0
3227,2311,3,0.00107,0.0,35.34,15.15,108.3
3228,2312,7,0.85779,225.21,124.19,249.51,144.8
3229,2312,7,0.84669,173.09,32.37,196.4,51.23
3230,2312,2,0.00345,251.69,16.07,274.43,36.89
3231,2324,13,0.8279,404.98,19.39,449.79,59.88
3232,2324,1,0.7489,239.53,18.49,281.67,59.26
3233,2324,0,0.02092,238.95,18.34,283.29,60.35
3234,2324,4,0.01576,258.7,143.95,325.01,241.38
3235,2324,2,0.00145,409.29,205.71,453.83,245.56
3236,2326,11,0.93811,216.08,77.47,230.31,89.21
3237,2326,17,0.84581,160.48,61.8,171.11,72.54
3238,2326,11,0.80422,190.77,60.54,203.42,72.01
3239,2326,10,0.77936,234.45,63.02,245.83,74.41
3240,2326,17,0.71684,163.85,72.5,174.51,83.36
3241,2326,10,0.6843,228.08,51.49,241.41,62.81
3242,2326,10,0.67034,176.65,48.16,189.54,58.98
3243,2326,10,0.5626,198.97,43.83,212.46,55.57
3244,2326,17,0.17765,177.56,47.88,188.71,57.66
3245,2326,17,0.07691,199.07,43.96,212.64,55.53
3246,2326,17,0.01605,161.26,63.12,174.13,83.41
3247,2326,17,0.00913,234.17,62.99,245.68,73.68
3248,2326,13,0.00369,216.16,77.15,230.25,88.81
3249,2326,13,0.0011,163.55,72.69,174.07,83.22
3250,2330,14,0.86538,120.2,13.22,166.5,126.77
3251,2330,5,0.77796,87.8,46.83,109.62,65.48
3252,2330,8,0.69624,468.89,44.36,489.0,119.81
3253,2330,8,0.20601,122.03,43.93,166.0,87.48
3254,2330,14,0.02036,119.42,28.84,134.8,87.61
3255,2330,14,0.00807,474.29,41.09,489.0,93.66
3256,2330,8,0.00571,135.86,105.26,155.95,126.38
3257,2330,14,0.00536,471.16,44.24,489.0,112.79
3258,2330,8,0.00322,121.76,35.87,166.34,74.02
3259,2330,8,0.00279,444.63,40.24,488.75,125.77
3260,2330,14,0.00193,133.78,14.03,161.66,41.4
3261,2330,8,0.0014,477.08,68.99,489.0,164.75
3262,2330,16,0.0013,110.58,70.76,118.92,81.98
3263,2330,14,0.00127,121.47,14.16,167.78,70.02
3264,2330,14,0.0012,119.47,29.09,138.26,67.26
3265,2330,16,0.00116,484.41,59.09,489.0,78.23
3266,2330,8,0.00103,118.62,52.14,133.26,86.89
3267,2335,2,0.8464,356.67,179.77,372.63,201.29
3268,2335,2,0.83901,406.53,196.07,423.03,217.84
3269,2340,4,0.87795,260.19,143.11,311.29,169.5
3270,2340,0,0.86739,335.56,139.31,365.71,168.7
3271,2340,13,0.86699,315.03,120.34,340.39,146.81
3272,2340,1,0.85697,291.9,102.06,318.23,129.02
3273,2340,3,0.84792,354.55,110.32,394.04,145.42
3274,2340,12,0.06187,314.93,120.13,340.45,146.74
3275,2342,15,0.92992,135.63,176.91,177.09,223.04
3276,2342,15,0.91599,284.15,135.84,322.26,177.5
3277,2344,10,0.82745,355.72,173.42,372.46,188.07
3278,2344,10,0.82127,363.32,132.29,379.51,145.89
3279,2344,10,0.75678,334.86,158.64,350.0,174.97
3280,2344,10,0.68302,339.11,139.09,352.85,154.12
3281,2344,17,0.5592,401.32,178.86,414.51,192.47
3282,2344,11,0.54192,404.02,136.3,421.45,149.52
3283,2344,11,0.495,381.02,157.67,395.81,172.33
3284,2344,17,0.38711,424.45,170.45,438.18,183.83
3285,2344,12,0.23829,380.86,157.52,395.89,172.45
3286,2344,9,0.12872,401.25,178.91,414.45,192.56
3287,2344,10,0.12153,424.44,170.49,438.14,183.84
3288,2344,13,0.00164,380.16,157.47,395.71,172.38
3289,2351,10,0.89604,211.52,33.28,231.01,50.5
3290,2351,17,0.88712,151.34,65.52,166.6,81.21
3291,2351,10,0.86705,263.32,76.86,279.86,94.87
3292,2351,10,0.86691,254.54,52.0,273.63,68.68
3293,2351,10,0.86472,177.25,39.13,195.94,54.82
3294,2351,11,0.84095,196.59,66.16,215.62,84.07
3295,2351,17,0.83643,154.93,89.06,170.6,104.74
3296,2351,11,0.82846,233.96,106.46,255.9,124.24
3297,2359,14,0.86051,363.15,133.3,398.05,228.09
3298,2359,14,0.82445,72.0,126.83,117.53,209.1
3299,2359,14,0.82065,150.81,132.63,176.68,208.78
3300,2359,14,0.79159,284.32,134.3,311.91,221.98
3301,2359,14,0.77521,19.62,119.8,76.09,210.85
3302,2359,5,0.13428,389.58,178.74,432.69,218.97
3303,2359,5,0.00533,363.02,173.95,432.23,224.99
3304,2359,8,0.00151,271.96,136.78,328.91,222.87
3305,2359,8,0.00106,49.2,125.13,129.07,210.17
3306,2360,5,0.00196,90.43,0.0,449.29,248.38
3307,2362,10,0.82091,354.42,79.71,370.76,95.7
3308,2362,9,0.77655,425.26,78.02,448.72,99.09
3309,2362,9,0.77436,319.9,121.26,338.81,136.96
3310,2362,17,0.76178,316.42,169.86,331.17,184.17
3311,2362,10,0.73743,308.0,70.31,324.24,86.39
3312,2362,9,0.70208,368.03,121.82,386.66,137.61
3313,2364,3,0.87565,243.28,163.89,306.47,205.34
3314,2364,13,0.87559,295.22,101.48,328.42,135.78
3315,2364,3,0.8652,314.76,156.53,382.93,195.78
3316,2364,3,0.86301,384.13,123.06,458.03,159.2
3317,2364,1,0.84993,358.97,97.66,393.4,133.61
3318,2369,10,0.84335,232.35,135.29,248.25,151.76
3319,2369,10,0.77445,187.89,120.73,203.95,136.29
3320,2369,9,0.75051,192.71,172.88,211.42,188.83
3321,2369,17,0.71064,181.84,221.24,197.41,236.58
3322,2369,9,0.62949,239.71,179.29,257.85,195.04
3323,2369,9,0.52366,300.57,142.8,323.17,163.58
3324,2369,10,0.24014,300.58,142.7,323.06,163.81
3325,2369,3,0.1131,0.07,184.65,36.23,235.15
3326,2369,11,0.00272,239.48,179.17,258.13,195.13
3327,2369,17,0.00222,300.4,142.7,323.45,163.84
3328,2369,12,0.00159,300.3,142.74,323.11,163.7
3329,2370,10,0.91787,254.0,46.71,285.1,74.38
3330,2370,11,0.87442,122.04,107.41,153.31,136.89
3331,2370,10,0.86376,246.66,136.43,282.05,170.02
3332,2370,11,0.69516,329.99,158.35,363.48,193.22
3333,2370,10,0.3899,156.98,201.76,196.95,235.03
3334,2370,12,0.04342,330.1,158.36,363.82,193.17
3335,2370,1,0.01828,156.95,201.26,196.58,235.02
3336,2370,17,0.01353,246.83,136.46,282.07,169.82
3337,2370,2,0.00166,156.77,201.27,196.58,234.94
3338,2375,5,0.71077,220.96,61.2,258.86,81.31
3339,2375,5,0.69042,257.56,58.44,316.46,81.44
3340,2375,5,0.16642,283.18,48.3,329.78,77.59
3341,2375,5,0.05572,255.07,58.79,279.24,74.2
3342,2375,5,0.04597,207.62,56.42,234.41,83.08
3343,2375,8,0.02934,0.36,54.39,205.12,253.0
3344,2375,5,0.02449,0.05,35.88,10.42,70.35
3345,2375,8,0.02297,0.04,25.48,30.63,140.29
3346,2375,5,0.01962,278.68,49.41,327.15,67.14
3347,2375,8,0.01547,0.0,30.77,30.15,214.73
3348,2375,5,0.01224,290.73,53.36,331.17,71.13
3349,2375,8,0.01134,3.74,27.11,157.28,177.89
3350,2375,8,0.01041,0.0,26.09,53.63,218.01
3351,2375,8,0.01005,0.03,30.63,42.17,163.4
3352,2375,5,0.00998,255.03,58.88,287.28,79.2
3353,2375,5,0.00839,0.03,38.41,9.59,58.1
3354,2375,5,0.00762,304.59,55.46,331.03,71.53
3355,2375,17,0.00522,134.23,170.94,148.62,185.84
3356,2375,5,0.00432,0.0,41.53,8.56,63.57
3357,2375,8,0.00394,1.52,37.75,98.69,159.44
3358,2375,5,0.0034,206.82,66.98,226.75,82.79
3359,2375,8,0.00325,18.36,26.58,221.58,213.61
3360,2375,1,0.00173,74.42,163.11,176.79,249.19
3361,2375,8,0.00171,0.23,12.48,83.51,130.89
3362,2375,5,0.00155,173.84,64.51,194.97,77.25
3363,2375,5,0.00131,207.5,54.74,234.41,70.99
3364,2375,5,0.00125,0.0,44.58,3.75,68.8
3365,2375,5,0.00105,194.87,54.35,232.29,83.03
3366,2375,8,0.00101,0.14,12.76,18.87,118.86
3367,2375,5,0.001,281.38,48.62,324.45,61.62
3368,2378,14,0.81126,288.13,167.36,310.34,223.18
3369,2378,8,0.67391,247.03,184.59,266.18,215.83
3370,2378,16,0.59537,24.66,204.13,49.06,223.58
3371,2378,16,0.57967,94.53,198.0,127.59,211.86
3372,2378,16,0.37169,0.01,206.18,10.57,226.8
3373,2378,16,0.35706,9.38,204.79,23.7,226.09
3374,2378,16,0.3448,0.01,205.69,20.65,226.96
3375,2378,16,0.28449,51.35,201.79,74.3,217.76
3376,2378,8,0.19078,197.42,184.04,215.4,218.14
3377,2378,14,0.17395,201.47,170.34,218.92,188.98
3378,2378,16,0.16098,74.8,199.4,93.52,213.08
3379,2378,16,0.12146,50.53,202.19,63.74,217.45
3380,2378,16,0.06414,78.74,198.31,127.39,213.38
3381,2378,16,0.06392,59.15,200.56,85.37,214.84
3382,2378,16,0.06294,56.39,202.53,107.29,216.03
3383,2378,16,0.041,63.43,201.35,74.53,216.17
3384,2378,14,0.04047,245.59,167.5,268.0,187.47
3385,2378,8,0.03563,209.28,184.88,228.6,217.17
3386,2378,16,0.03467,94.53,197.61,116.38,210.79
3387,2378,16,0.02896,74.92,200.22,85.07,213.44
3388,2378,5,0.02324,268.17,175.39,284.99,195.17
3389,2378,16,0.02256,110.73,197.5,127.56,210.36
3390,2378,16,0.01684,4.67,205.04,43.52,222.23
3391,2378,16,0.01536,84.25,199.22,94.25,212.54
3392,2378,16,0.01309,127.41,189.47,134.14,198.46
3393,2378,16,0.01195,119.15,197.63,127.9,210.0
3394,2378,16,0.01194,35.54,203.21,49.17,219.39
3395,2378,16,0.00537,93.97,197.86,106.72,210.71
3396,2378,14,0.00464,202.75,170.84,221.98,194.66
3397,2378,8,0.00425,262.25,182.12,272.89,209.85
3398,2378,16,0.00419,0.04,201.4,8.7,222.22
3399,2378,16,0.00287,116.03,191.16,129.59,208.81
3400,2378,14,0.00252,197.63,170.67,218.38,215.1
3401,2378,16,0.00218,51.22,135.48,124.13,209.82
3402,2378,16,0.00207,82.52,161.8,127.32,206.21
3403,2378,16,0.00197,0.11,203.83,6.86,216.23
3404,2378,16,0.0019,28.25,203.04,48.2,218.37
3405,2378,16,0.00188,50.3,204.06,90.69,221.57
3406,2378,16,0.00179,0.15,208.76,12.31,241.92
3407,2378,16,0.00162,112.15,196.62,123.68,207.21
3408,2378,16,0.00148,124.84,194.41,129.63,199.47
3409,2378,8,0.00145,200.5,183.46,222.28,214.77
3410,2378,16,0.00133,31.75,207.06,126.85,239.67
3411,2378,16,0.00122,33.17,127.24,104.78,211.07
3412,2378,8,0.0012,241.99,184.5,254.05,211.93
3413,2378,14,0.00111,113.25,133.08,123.13,145.45
3414,2378,16,0.00109,120.69,196.76,127.47,202.84
3415,2378,16,0.00107,128.64,188.19,135.59,197.5
3416,2378,8,0.00102,197.86,181.53,218.43,208.59
3417,2382,8,0.88163,2.53,64.57,141.6,141.75
3418,2382,14,0.79179,242.55,8.93,275.72,72.07
3419,2382,14,0.14411,189.33,13.36,218.49,50.25
3420,2382,8,0.04909,0.0,82.88,54.6,147.16
3421,2382,8,0.01282,0.04,97.14,23.82,147.49
3422,2382,8,0.00384,181.18,12.55,218.58,50.52
3423,2382,14,0.00247,420.24,48.05,431.4,67.28
3424,2382,5,0.00199,143.59,0.26,215.22,16.59
3425,2382,8,0.00104,0.46,98.33,37.13,139.46
3426,2386,7,0.91038,221.43,165.65,252.16,194.88
3427,2386,7,0.82888,259.48,69.39,283.39,89.19
3428,2386,17,0.81709,289.0,126.59,305.24,144.55
3429,2386,17,0.74846,207.08,107.31,224.01,125.18
3430,2387,2,0.8182,423.57,116.99,450.4,145.25
3431,2387,2,0.40219,388.84,111.84,418.49,133.23
3432,2387,2,0.07894,246.51,84.03,264.02,114.88
3433,2387,2,0.01959,448.45,89.36,467.49,115.36
3434,2387,2,0.01578,230.44,142.25,251.7,162.59
3435,2387,2,0.00848,0.01,90.87,4.28,113.17
3436,2387,2,0.0027,351.96,93.32,377.02,128.21
3437,2387,2,0.00241,0.0,76.32,4.17,111.52
3438,2387,2,0.00173,0.11,86.47,9.49,112.51
3439,2387,15,0.00122,0.09,92.06,6.28,118.06
3440,2387,2,0.00113,502.26,130.29,506.0,164.81
3441,2387,2,0.00103,0.0,97.01,4.48,119.47
3442,2390,15,0.90419,87.18,159.96,105.78,176.6
3443,2390,15,0.89116,115.24,157.5,130.83,171.86
3444,2396,7,0.86384,129.69,187.32,154.03,208.5
3445,2396,7,0.84148,73.61,97.86,98.08,117.29
3446,2396,7,0.01449,75.25,120.07,90.14,131.77
3447,2396,2,0.00507,0.01,104.09,5.42,125.67
3448,2396,2,0.00208,0.0,93.27,6.39,124.69
3449,2404,8,0.88487,252.18,101.18,327.77,204.72
3450,2404,14,0.83527,267.16,69.17,317.94,110.72
3451,2404,5,0.77647,327.97,92.39,373.99,133.67
3452,2404,16,0.69305,9.29,110.92,31.93,139.56
3453,2404,16,0.63094,31.51,111.23,52.95,138.81
3454,2404,16,0.55951,0.08,108.35,9.08,139.86
3455,2404,16,0.3297,51.69,110.56,72.54,136.87
3456,2404,16,0.10348,72.14,110.43,90.78,135.07
3457,2404,14,0.0442,478.85,37.17,488.0,132.44
3458,2404,16,0.01641,89.5,110.87,105.65,133.23
3459,2404,16,0.00563,104.63,110.75,118.98,132.6
3460,2404,5,0.00356,483.08,103.2,488.0,136.31
3461,2404,16,0.00353,131.04,110.95,143.58,130.05
3462,2404,16,0.00321,186.1,109.98,196.45,126.75
3463,2404,16,0.00316,202.92,109.84,211.1,125.43
3464,2404,16,0.00305,142.5,110.83,157.04,130.29
3465,2404,14,0.00298,483.34,50.06,488.0,97.71
3466,2404,16,0.00262,117.69,110.99,131.98,131.39
3467,2404,16,0.00246,176.44,110.31,186.79,127.56
3468,2404,14,0.00231,457.79,35.74,487.76,139.54
3469,2404,14,0.00198,482.62,33.68,488.0,136.56
3470,2404,16,0.00164,156.21,110.57,167.54,129.22
3471,2404,14,0.00148,266.77,74.14,289.15,102.65
3472,2404,16,0.00145,195.48,109.58,204.34,125.87
3473,2404,16,0.0012,166.8,110.54,177.55,128.46
3474,2404,14,0.0011,0.0,79.98,3.19,112.24
3475,2406,11,0.92493,326.62,54.49,340.62,66.12
3476,2406,17,0.85706,270.71,38.84,281.34,49.53
3477,2406,10,0.84425,344.63,40.28,356.6,52.02
3478,2406,11,0.8281,300.79,37.66,313.38,49.24
3479,2406,10,0.81668,338.97,28.89,351.68,40.27
3480,2406,17,0.77943,274.29,49.49,285.3,60.0
3481,2406,17,0.6423,286.83,25.35,299.49,36.23
3482,2406,17,0.38985,309.08,21.32,322.54,32.8
3483,2406,17,0.01979,301.26,38.32,313.6,48.61
3484,2406,10,0.0146,286.93,25.65,299.53,36.29
3485,2406,17,0.01391,326.44,54.72,340.68,65.82
3486,2406,10,0.00745,309.02,21.61,322.63,32.91
3487,2406,17,0.00563,271.3,39.68,284.16,55.99
3488,2409,2,0.85389,58.7,67.23,94.8,112.2
3489,2409,17,0.7586,86.09,18.42,103.92,37.63
3490,2409,17,0.71789,196.84,87.08,215.11,106.03
3491,2424,2,0.85935,245.75,29.95,266.76,57.2
3492,2424,2,0.85245,405.45,63.2,437.46,86.68
3493,2425,3,0.88639,257.45,158.41,304.4,220.76
3494,2425,3,0.88604,335.78,67.68,382.69,117.6
3495,2425,13,0.88519,216.23,88.5,252.77,127.09
3496,2425,3,0.87465,298.35,129.87,382.77,165.6
3497,2425,1,0.86783,275.93,63.17,311.94,102.23
3498,2428,2,0.81467,279.35,32.97,322.36,64.4
3499,2428,17,0.8029,312.03,103.34,333.62,125.58
3500,2428,17,0.6618,166.49,77.87,184.39,99.64
3501,2428,17,0.00229,162.88,95.24,185.88,127.63
3502,2428,17,0.00204,164.58,80.68,185.95,121.59
3503,2428,14,0.00119,98.95,0.0,139.78,0.0
3504,2428,17,0.00114,166.93,77.53,182.68,91.71
3505,2430,2,0.87972,71.56,187.53,88.89,209.93
3506,2430,2,0.85373,89.27,160.46,107.29,182.19
3507,2430,5,0.0039,87.09,2.28,372.92,250.0
3508,2431,15,0.00252,94.53,115.94,167.98,179.1
3509,2431,15,0.00236,104.9,115.05,158.17,158.92
3510,2434,7,0.757,396.45,192.96,418.67,211.08
3511,2434,7,0.65569,284.48,173.22,303.71,191.76
3512,2438,15,0.90776,422.7,27.83,447.14,59.04
3513,2438,15,0.8692,335.69,39.77,358.08,68.01
3514,2438,14,0.05417,1.24,46.72,159.7,236.28
3515,2440,2,0.85077,246.98,105.16,285.81,147.87
3516,2440,17,0.73838,157.35,161.25,179.6,181.1
3517,2440,17,0.56272,174.78,84.86,194.67,102.82
3518,2449,14,0.69761,211.11,132.89,225.64,159.32
3519,2449,14,0.68273,40.24,116.62,53.04,147.13
3520,2449,14,0.04397,261.54,126.25,273.16,144.73
3521,2449,14,0.00879,171.93,120.07,183.72,146.17
3522,2449,14,0.0038,0.0,126.58,3.41,152.95
3523,2449,14,0.0036,0.08,117.06,8.07,151.72
3524,2449,14,0.0035,0.01,116.84,4.15,152.34
3525,2449,14,0.00318,0.05,101.22,9.69,151.56
3526,2449,14,0.00232,0.0,104.3,5.16,152.93
3527,2449,14,0.00175,319.82,125.57,330.43,147.26
3528,2449,14,0.00119,230.79,130.94,241.16,143.73
3529,2449,14,0.00113,507.96,137.9,512.0,173.56
3530,2449,14,0.00105,503.49,131.71,512.0,192.39
3531,2450,10,0.90179,185.27,33.79,199.34,48.97
3532,2450,10,0.89707,208.62,24.99,224.87,38.92
3533,2450,17,0.89035,270.88,57.34,284.25,70.96
3534,2450,10,0.86696,204.2,66.62,220.86,81.01
3535,2450,17,0.85515,249.25,68.41,261.94,81.44
3536,2450,11,0.8491,228.16,48.92,242.58,63.68
3537,2450,11,0.72036,248.49,25.61,265.8,39.44
3538,2450,10,0.71857,182.75,53.83,197.63,70.43
3539,2450,17,0.06484,182.62,53.77,197.65,70.44
3540,2452,16,0.85771,32.4,125.33,54.27,153.34
3541,2452,16,0.83839,7.94,124.8,31.3,155.94
3542,2452,16,0.81688,55.0,123.46,75.98,150.95
3543,2452,16,0.72224,75.62,121.17,95.45,147.1
3544,2452,5,0.6826,382.39,81.76,404.94,101.0
3545,2452,14,0.67515,319.0,72.68,334.8,117.83
3546,2452,16,0.46362,95.96,118.43,114.7,143.55
3547,2452,16,0.45379,0.08,130.0,6.82,161.44
3548,2452,16,0.18854,114.02,117.58,130.28,140.26
3549,2452,16,0.09288,129.01,115.77,143.68,138.54
3550,2452,16,0.02893,143.16,114.95,157.6,135.31
3551,2452,16,0.02115,168.41,112.43,182.41,131.38
3552,2452,16,0.02062,156.19,113.55,168.89,132.57
3553,2452,16,0.02024,212.85,107.21,223.2,125.01
3554,2452,16,0.01792,229.92,105.24,239.17,122.21
3555,2452,16,0.01757,222.15,106.22,230.52,123.57
3556,2452,16,0.01652,0.09,143.23,6.68,167.15
3557,2452,16,0.01524,181.73,111.24,192.96,129.32
3558,2452,16,0.01353,202.63,108.18,212.71,126.63
3559,2452,16,0.01077,192.79,109.87,203.84,128.22
3560,2452,16,0.01076,0.68,130.79,6.16,152.35
3561,2452,16,0.00916,238.29,105.49,246.81,121.3
3562,2452,2,0.00611,423.03,187.09,431.92,200.24
3563,2452,14,0.00424,312.64,77.01,323.48,116.37
3564,2452,16,0.0037,0.04,122.58,1.5,129.91
3565,2452,16,0.00362,0.0,123.31,2.44,142.46
3566,2452,8,0.00342,462.49,8.23,487.65,112.15
3567,2452,14,0.00181,479.83,36.46,488.0,110.64
3568,2452,16,0.00167,242.39,97.64,253.03,109.58
3569,2452,16,0.00167,0.59,124.5,6.06,139.52
3570,2452,14,0.00155,332.95,70.82,346.92,111.92
3571,2466,7,0.0347,460.93,64.09,467.0,102.77
3572,2466,17,0.00842,461.22,71.95,467.0,102.51
3573,2466,13,0.00536,36.92,112.75,66.81,147.43
3574,2466,12,0.00493,37.17,112.95,66.78,147.22
3575,2466,1,0.00386,462.2,77.3,467.0,102.66
3576,2466,17,0.00312,37.82,112.87,66.63,147.0
3577,2466,2,0.00302,461.89,61.91,467.0,101.35
3578,2466,17,0.00247,143.25,107.66,173.72,133.15
3579,2466,12,0.00212,73.22,38.7,102.02,66.25
3580,2466,14,0.00178,367.26,11.34,467.0,248.0
3581,2466,14,0.00127,0.1,16.59,52.08,239.93
3582,2473,10,0.88844,287.92,106.94,309.84,128.62
3583,2473,9,0.86437,197.28,101.5,217.25,123.98
3584,2473,9,0.81611,81.66,125.46,99.59,142.37
3585,2473,10,0.81212,308.3,55.77,326.76,74.01
3586,2473,10,0.71754,179.17,146.15,198.97,170.45
3587,2473,17,0.54035,283.45,182.66,314.47,213.48
3588,2473,17,0.22572,179.04,146.1,199.15,170.67
3589,2473,6,0.02011,32.5,68.85,92.16,103.18
3590,2473,2,0.00598,308.18,226.04,320.55,247.21
3591,2473,14,0.001,0.15,18.48,56.24,226.53
3592,2474,15,0.91243,261.22,127.51,285.55,149.4
3593,2474,15,0.8374,343.37,104.73,358.47,120.43
3594,2475,1,0.73352,128.73,62.81,165.21,98.42
3595,2475,12,0.51493,197.63,127.18,236.71,167.13
3596,2475,0,0.44845,235.68,2.58,269.21,34.74
3597,2475,13,0.19548,129.17,62.8,165.82,99.15
3598,2475,12,0.1827,236.07,2.55,269.64,34.94
3599,2475,13,0.00434,235.87,2.85,269.56,35.13
3600,2475,11,0.00294,235.89,2.7,270.37,34.73
3601,2475,11,0.00103,197.74,127.18,236.64,167.14
3602,2485,15,0.90204,55.46,156.93,72.81,173.28
3603,2485,15,0.8607,102.5,157.52,117.4,170.97
3604,2485,14,0.00246,447.73,36.52,490.71,229.79
3605,2489,5,0.85399,94.09,86.06,115.31,104.42
3606,2489,14,0.68959,181.24,133.01,199.14,165.26
3607,2489,5,0.62974,169.78,79.17,187.03,94.99
3608,2489,5,0.46868,0.07,56.79,29.72,73.22
3609,2489,14,0.30308,259.95,104.09,270.66,115.4
3610,2489,14,0.19012,259.33,104.07,271.89,122.63
3611,2489,5,0.04186,145.77,59.47,158.02,70.62
3612,2489,8,0.01009,259.26,106.06,272.4,124.36
3613,2489,14,0.00718,263.39,106.71,272.68,123.06
3614,2489,14,0.00577,259.1,104.72,267.3,115.26
3615,2489,6,0.00284,0.0,56.63,29.38,73.71
3616,2489,5,0.00279,87.32,48.98,165.6,80.45
3617,2489,14,0.00274,490.16,102.17,493.0,123.17
3618,2489,5,0.00264,0.0,56.14,17.13,72.12
3619,2489,5,0.00179,33.39,58.57,69.1,71.76
3620,2489,5,0.0016,49.15,57.73,69.94,70.07
3621,2489,5,0.00142,463.82,35.33,492.62,49.37
3622,2489,14,0.00112,178.54,148.39,197.92,167.59
3623,2489,8,0.00106,177.99,149.83,196.9,168.22
3624,2489,5,0.00105,433.67,65.23,458.68,86.09
3625,2494,10,0.87383,379.63,175.9,398.79,191.7
3626,2494,10,0.81642,440.87,156.95,458.19,173.26
3627,2494,17,0.78108,302.5,128.8,315.82,141.45
3628,2494,11,0.7647,309.87,160.31,325.76,177.15
3629,2494,9,0.49137,357.48,149.3,375.13,164.48
3630,2494,11,0.4732,357.57,149.33,375.06,164.5
3631,2494,10,0.26184,303.87,204.28,328.75,227.52
3632,2494,10,0.14849,309.95,160.3,325.57,176.85
3633,2494,17,0.01404,303.76,204.24,328.71,227.71
3634,2494,9,0.00328,302.52,128.76,315.81,141.5
3635,2497,5,0.80204,146.24,112.84,389.07,219.2
3636,2497,5,0.44988,0.0,83.42,115.13,241.21
3637,2497,5,0.18363,7.28,107.37,165.73,240.9
3638,2497,5,0.03909,72.52,114.82,356.92,236.99
3639,2497,5,0.00444,201.66,112.89,313.94,161.69
3640,2497,5,0.00169,200.07,112.62,291.67,144.44
3641,2497,5,0.00159,19.29,243.0,110.29,243.0
3642,2497,5,0.00115,79.76,120.12,164.45,238.73
3643,2500,7,0.70583,285.84,27.44,302.3,38.09
3644,2500,7,0.6751,299.1,60.21,315.48,73.74
3645,2500,2,0.00276,217.71,202.89,237.55,227.22
3646,2501,10,0.81192,409.01,162.18,421.81,173.34
3647,2501,17,0.79054,365.09,182.88,376.43,194.09
3648,2501,17,0.70457,346.07,175.83,357.15,186.5
3649,2501,9,0.61523,353.73,154.22,368.5,165.76
3650,2501,11,0.60543,416.84,175.53,429.15,186.78
3651,2501,11,0.53892,369.32,168.34,384.95,179.97
3652,2501,10,0.49404,387.74,154.76,401.59,166.04
3653,2501,9,0.31069,340.57,161.77,352.77,173.23
3654,2501,9,0.02472,345.91,175.94,357.07,186.15
3655,2501,9,0.01749,365.16,183.13,376.22,193.99
3656,2501,12,0.01741,387.84,154.93,401.66,165.79
3657,2501,17,0.01398,388.33,154.87,401.23,165.52
3658,2503,2,0.85469,376.0,128.61,392.94,151.11
3659,2503,2,0.84011,393.8,102.77,412.05,124.79
3660,2529,7,0.76728,288.57,190.67,311.12,209.17
3661,2529,7,0.58906,177.43,176.11,196.84,193.84
3662,2529,15,0.00362,177.4,175.95,196.91,194.09
3663,2529,2,0.00101,0.09,147.01,7.86,177.52
3664,2535,7,0.85156,322.77,35.06,346.21,59.36
3665,2535,15,0.58415,222.73,105.68,251.03,132.84
3666,2535,7,0.57011,222.64,105.37,251.13,132.86
3667,2545,2,0.8516,261.18,65.2,277.79,86.65
3668,2545,2,0.83989,213.46,49.92,228.85,71.05
3669,2565,15,0.93163,443.22,183.54,484.88,244.73
3670,2565,6,0.00438,438.94,91.61,484.88,140.76
3671,2565,5,0.00164,0.0,152.44,61.76,234.27
3672,2565,6,0.00147,0.0,151.36,63.37,233.85
3673,2565,6,0.0011,442.28,90.82,484.96,119.12
3674,2569,17,0.78477,29.58,140.32,40.7,151.58
3675,2569,11,0.76652,88.58,152.24,102.95,164.15
3676,2569,17,0.60853,34.09,151.42,45.01,162.34
3677,2569,10,0.51234,106.65,136.53,118.05,148.29
3678,2569,11,0.48648,61.32,136.92,74.09,148.54
3679,2569,11,0.3895,45.9,125.23,59.12,136.5
3680,2569,11,0.31226,69.01,119.59,82.71,131.58
3681,2569,12,0.19431,99.52,125.36,112.83,136.11
3682,2569,13,0.13988,99.7,125.37,112.81,136.33
3683,2569,13,0.13611,106.63,136.73,117.93,148.03
3684,2569,12,0.11016,61.36,136.76,74.38,148.7
3685,2569,13,0.04164,45.89,125.78,59.1,136.52
3686,2569,17,0.02911,46.32,125.9,58.74,135.35
3687,2569,13,0.01279,30.19,140.38,40.88,151.88
3688,2569,17,0.00465,61.32,136.54,73.7,148.23
3689,2569,16,0.00447,89.06,151.97,102.91,164.1
3690,2569,17,0.00363,105.71,136.12,117.07,147.94
3691,2569,13,0.00244,33.66,151.36,44.68,162.36
3692,2569,17,0.00116,31.37,146.96,42.76,161.96
3693,2582,2,0.8618,191.47,161.22,210.21,187.44
3694,2582,2,0.85911,227.17,203.88,253.71,224.63
3695,2589,5,0.84323,231.65,112.03,370.33,182.48
3696,2589,8,0.55014,0.05,146.44,85.87,215.49
3697,2589,5,0.33702,91.9,128.58,181.76,172.26
3698,2589,14,0.23208,24.18,127.68,70.21,213.59
3699,2589,14,0.09711,1.42,128.66,62.9,213.71
3700,2589,14,0.01809,175.28,88.7,193.72,173.61
3701,2589,14,0.01779,168.16,89.95,196.33,184.79
3702,2589,5,0.00891,90.58,127.91,232.01,174.36
3703,2589,8,0.0057,0.06,130.44,36.2,219.91
3704,2589,14,0.00501,161.36,116.61,196.77,187.26
3705,2589,14,0.00411,0.0,117.06,11.26,221.82
3706,2589,14,0.00339,76.89,79.7,105.16,177.75
3707,2589,14,0.00331,149.61,82.85,178.75,177.13
3708,2589,14,0.00207,23.05,85.94,45.32,163.23
3709,2589,14,0.00199,157.66,77.35,193.0,165.33
3710,2589,14,0.00168,160.51,85.95,178.75,168.98
3711,2589,14,0.00161,417.18,75.99,444.0,151.3
3712,2589,14,0.00136,433.26,66.01,443.95,150.3
3713,2589,5,0.00117,166.8,126.92,230.72,173.09
3714,2589,14,0.00117,129.68,91.81,147.76,166.61
3715,2589,14,0.00114,145.25,92.39,161.4,127.52
3716,2589,5,0.00113,134.63,129.61,174.36,165.3
3717,2589,14,0.00112,0.2,57.99,31.59,219.02
3718,2589,14,0.00108,0.0,0.05,11.85,77.57
3719,2589,14,0.00102,22.92,88.45,62.83,161.76
3720,2592,15,0.88998,95.4,10.72,118.88,33.32
3721,2592,15,0.88664,45.9,3.67,67.69,23.46
3722,2598,2,0.82219,287.89,121.16,314.14,159.54
3723,2598,17,0.808,307.36,187.75,326.51,207.17
3724,2598,17,0.80204,380.2,150.92,398.75,169.07
3725,2600,15,0.88852,160.63,139.47,180.66,161.59
3726,2600,15,0.86803,279.3,135.25,299.73,155.54
3727,2600,5,0.00465,411.25,151.6,460.0,206.88
3728,2600,15,0.0031,456.54,104.39,460.0,124.96
3729,2600,5,0.00103,399.35,173.37,459.98,232.86
3730,2605,8,0.85342,291.95,0.33,416.36,56.23
3731,2605,8,0.7234,226.15,0.65,341.17,54.13
3732,2605,8,0.37064,202.96,1.09,251.05,25.35
3733,2605,8,0.19402,482.84,0.0,500.97,41.25
3734,2605,8,0.08524,470.47,0.27,500.93,39.74
3735,2605,8,0.02745,68.89,0.54,117.42,18.64
3736,2605,8,0.01509,0.01,0.28,23.36,34.32
3737,2605,8,0.00468,159.27,1.09,238.64,26.52
3738,2605,8,0.00441,489.68,0.0,501.0,44.21
3739,2605,8,0.00293,0.0,1.22,21.18,88.6
3740,2605,8,0.0022,0.0,0.58,71.34,92.83
3741,2605,8,0.00187,207.66,1.31,279.54,27.18
3742,2605,8,0.00162,0.11,0.26,23.74,56.27
3743,2605,8,0.00142,0.0,0.73,55.81,27.2
3744,2605,8,0.0014,147.34,0.74,201.99,20.75
3745,2607,10,0.69057,113.31,179.03,126.07,190.51
3746,2607,11,0.6177,60.05,178.94,73.04,190.0
3747,2607,10,0.61046,120.47,190.86,131.63,202.03
3748,2607,17,0.59026,43.93,194.05,54.6,205.0
3749,2607,11,0.53876,74.73,190.58,87.84,202.23
3750,2607,11,0.48208,102.42,205.95,116.93,218.2
3751,2607,17,0.20535,47.84,204.93,58.43,215.8
3752,2607,11,0.12617,83.12,173.12,96.73,185.12
3753,2607,12,0.04848,83.22,173.65,96.81,185.02
3754,2607,17,0.03378,60.61,179.73,72.34,188.89
3755,2607,17,0.01634,113.53,180.14,125.66,189.54
3756,2607,1,0.01596,83.19,173.28,96.75,185.09
3757,2607,13,0.01093,47.66,205.0,58.0,215.77
3758,2607,13,0.0057,103.21,206.01,116.65,217.49
3759,2607,13,0.00303,82.88,173.88,96.19,185.51
3760,2607,13,0.00213,44.23,193.81,54.61,204.86
3761,2607,13,0.00177,75.14,191.2,87.8,201.99
3762,2607,13,0.00126,112.35,179.31,126.1,190.36
3763,2612,4,0.8922,241.77,182.65,348.98,237.8
3764,2612,13,0.86224,184.79,78.01,227.93,121.21
3765,2612,1,0.18068,184.87,78.17,227.78,120.95
3766,2617,4,0.88501,55.61,80.88,118.13,163.79
3767,2617,13,0.72067,272.07,109.39,323.9,157.39
3768,2617,12,0.61586,272.47,108.69,323.72,157.14
3769,2617,0,0.46051,218.63,166.06,275.58,223.03
3770,2617,1,0.0901,218.34,165.86,274.09,222.88
3771,2617,14,0.00183,0.0,21.86,58.48,238.53
3772,2617,14,0.00119,384.13,0.0,495.0,124.61
3773,2633,7,0.77231,295.99,119.54,315.36,137.01
3774,2633,7,0.76406,408.03,139.59,430.84,158.47
3775,2633,2,0.0013,490.87,197.13,496.0,227.34
3776,2649,2,0.86666,115.41,182.43,135.53,208.87
3777,2649,2,0.86564,46.98,151.83,67.39,177.72
3778,2649,9,0.0014,93.94,160.12,107.57,171.46
3779,2650,1,0.90126,217.2,155.24,250.47,188.5
3780,2650,12,0.89938,220.08,127.67,251.06,154.71
3781,2650,4,0.89189,276.06,120.91,317.16,162.73
3782,2650,3,0.88346,159.17,123.73,204.83,174.9
3783,2650,0,0.86877,224.91,94.6,255.01,124.17
3784,2661,2,0.87339,209.35,46.59,232.08,75.45
3785,2661,2,0.86659,309.15,34.98,329.62,64.86
3786,2665,2,0.87874,381.96,176.88,404.41,205.49
3787,2665,2,0.85086,286.91,177.05,305.11,205.43
3788,2667,17,0.82294,236.73,107.1,255.63,126.09
3789,2667,17,0.82269,344.71,54.0,362.5,71.57
3790,2667,2,0.82196,266.88,25.16,305.09,55.04
3791,2676,15,0.90584,186.52,7.61,204.94,24.48
3792,2676,15,0.8836,231.18,1.77,251.5,20.17
3793,2680,14,0.28826,319.8,0.45,356.09,15.21
3794,2680,12,0.2546,285.42,44.18,303.99,63.67
3795,2680,14,0.20917,241.29,0.57,281.98,9.99
3796,2680,12,0.09726,250.27,119.66,274.63,141.87
3797,2680,17,0.09505,285.47,44.19,304.08,63.81
3798,2680,12,0.06572,257.88,91.43,280.05,114.42
3799,2680,12,0.02876,313.76,135.56,337.86,156.9
3800,2680,12,0.01938,344.34,95.3,366.58,116.31
3801,2680,8,0.00338,236.75,0.39,282.45,9.25
3802,2680,17,0.00198,344.42,95.34,366.93,116.45
3803,2680,14,0.00117,94.67,0.35,110.38,9.78
3804,2680,14,0.00114,243.7,0.06,281.91,6.39
3805,2680,3,0.00112,488.89,140.31,501.0,165.51
3806,2708,15,0.91633,294.29,179.32,335.26,224.88
3807,2708,15,0.91469,311.33,71.43,352.33,118.74
3808,2708,9,0.00186,0.03,142.9,3.0,161.13
3809,2708,10,0.0014,0.0,143.22,1.78,161.09
3810,2710,3,0.60283,336.34,211.91,394.95,234.0
3811,2710,4,0.55979,336.31,211.73,396.38,234.0
3812,2710,12,0.20386,433.7,208.46,471.05,233.35
3813,2715,15,0.89511,161.25,4.35,195.68,37.08
3814,2715,15,0.88405,244.49,16.94,281.87,55.24
3815,2717,2,0.88342,288.18,62.85,315.96,91.18
3816,2717,2,0.72314,409.16,51.8,432.26,72.91
3817,2717,2,0.00127,496.79,43.8,505.0,67.19
3818,2717,11,0.0011,387.5,2.08,399.78,15.54
3819,2721,14,0.85267,374.95,82.88,404.62,187.84
3820,2721,14,0.83801,308.63,81.23,338.02,180.94
3821,2721,14,0.82148,196.27,94.88,222.53,169.14
3822,2721,14,0.70507,66.35,45.73,106.06,167.23
3823,2721,14,0.69477,98.32,78.1,148.98,171.53
3824,2721,5,0.6876,408.14,133.68,486.29,174.36
3825,2721,5,0.2468,481.67,146.02,499.99,174.38
3826,2721,5,0.00944,479.32,131.15,500.0,173.93
3827,2721,14,0.00362,65.66,59.19,150.68,170.19
3828,2721,8,0.00294,72.57,83.11,150.11,170.14
3829,2721,14,0.00186,0.0,99.03,8.1,184.48
3830,2728,17,0.87031,369.34,111.22,380.32,121.5
3831,2728,10,0.79641,411.08,89.06,425.08,100.41
3832,2728,9,0.75166,376.67,89.23,391.81,100.73
3833,2728,10,0.73322,432.68,95.98,445.48,107.32
3834,2728,17,0.71062,388.51,117.21,400.24,128.62
3835,2728,11,0.62876,440.42,108.79,453.44,120.71
3836,2728,9,0.55307,363.68,97.22,375.82,108.4
3837,2728,11,0.36939,393.0,102.86,408.71,114.52
3838,2728,12,0.32821,392.78,102.92,408.8,114.73
3839,2728,13,0.02185,369.59,111.71,380.15,121.67
3840,2728,13,0.01289,388.91,117.49,400.06,128.54
3841,2728,13,0.0109,440.22,108.51,452.61,121.05
3842,2732,14,0.02347,270.15,150.27,282.92,167.39
3843,2732,14,0.00119,220.1,120.61,234.56,157.77
3844,2737,16,0.77601,50.16,46.86,101.8,105.91
3845,2737,16,0.19563,353.08,123.06,437.93,205.3
3846,2737,16,0.08113,185.36,71.98,250.93,147.37
3847,2737,1,0.00159,184.32,70.9,250.46,148.95
3848,2739,10,0.89439,218.99,49.84,234.96,67.63
3849,2739,17,0.86848,327.75,47.12,342.16,61.72
3850,2739,10,0.85915,228.79,31.05,245.64,48.25
3851,2739,10,0.85102,243.01,72.66,260.95,91.85
3852,2739,11,0.84402,266.83,19.57,286.54,34.81
3853,2739,11,0.7844,278.52,50.6,295.22,68.48
3854,2739,17,0.77515,320.96,65.65,335.94,80.3
3855,2739,10,0.69737,278.74,78.74,298.78,95.41
3856,2740,7,0.88141,84.03,47.78,108.36,67.41
3857,2740,7,0.87711,249.94,98.31,276.89,120.54
3858,2740,2,0.00243,0.0,68.75,3.76,103.19
3859,2740,2,0.00126,0.02,70.79,6.07,103.08
3860,2741,17,0.79376,374.69,15.07,395.63,36.24
3861,2741,17,0.79367,371.8,153.51,396.78,179.37
3862,2741,17,0.00117,380.3,153.16,396.83,168.93
3863,2741,5,0.00113,41.69,0.0,432.67,247.0
3864,2742,15,0.9044,375.66,177.37,405.85,209.51
3865,2742,6,0.88193,305.64,125.33,334.23,167.8
3866,2742,2,0.3731,403.18,117.49,421.89,136.6
3867,2742,17,0.32413,403.12,117.31,421.7,136.68
3868,2759,7,0.57524,404.07,171.47,421.16,185.76
3869,2759,7,0.54894,390.69,137.37,408.52,149.54
3870,2765,10,0.86696,417.61,72.94,436.06,89.93
3871,2765,10,0.85659,329.59,92.38,345.32,111.42
3872,2765,10,0.83262,439.56,35.58,454.6,50.02
3873,2765,10,0.80696,407.28,128.62,432.44,151.05
3874,2765,9,0.65294,346.2,61.35,362.22,79.24
3875,2765,17,0.65023,255.0,69.5,269.25,83.28
3876,2765,9,0.63985,254.96,69.47,269.34,83.47
3877,2765,10,0.17939,346.22,61.34,362.32,79.12
3878,2765,11,0.13371,346.09,61.23,362.38,79.31
3879,2766,10,0.84957,372.16,186.18,389.01,202.21
3880,2766,10,0.84512,311.57,202.38,330.54,218.03
3881,2766,17,0.77326,238.4,151.56,250.94,163.65
3882,2766,11,0.77111,243.57,183.59,259.34,200.38
3883,2766,9,0.62971,291.12,175.26,308.74,190.02
3884,2766,10,0.22101,235.3,227.57,260.04,249.34
3885,2766,4,0.04957,235.76,227.58,260.18,249.33
3886,2766,11,0.0318,291.11,175.45,308.73,189.98
3887,2766,17,0.02217,235.36,227.56,260.01,249.37
3888,2766,6,0.00481,464.92,27.88,500.0,80.27
3889,2766,9,0.00248,238.15,151.57,251.17,163.82
3890,2768,7,0.91086,187.14,185.71,255.04,242.74
3891,2768,7,0.85222,82.37,180.29,145.48,243.2
3892,2769,2,0.87365,75.38,44.97,99.14,74.53
3893,2769,2,0.86301,178.1,36.59,198.99,66.7
3894,2770,17,0.88887,336.07,208.16,349.25,221.16
3895,2770,10,0.85108,361.69,167.6,377.98,180.56
3896,2770,17,0.83943,366.53,208.92,380.22,221.92
3897,2770,10,0.82479,331.76,166.24,346.74,179.93
3898,2770,9,0.79949,302.63,178.06,319.36,192.54
3899,2770,11,0.72356,342.81,188.52,360.22,202.5
3900,2770,10,0.56493,305.02,193.43,319.46,206.47
3901,2770,11,0.49579,393.79,180.15,409.12,193.6
3902,2770,17,0.00835,304.43,192.28,318.74,205.88
3903,2770,10,0.00149,366.33,208.96,380.26,222.07
3904,2773,5,0.85841,159.68,62.92,216.28,100.72
3905,2773,14,0.67092,470.28,61.11,483.95,91.07
3906,2773,14,0.60894,461.31,60.45,472.25,87.26
3907,2773,14,0.37826,395.49,49.66,401.78,67.19
3908,2773,14,0.21055,390.36,46.97,397.12,66.24
3909,2773,8,0.11675,378.13,51.06,392.35,67.62
3910,2773,5,0.115,0.05,2.6,15.8,20.82
3911,2773,8,0.08447,0.04,16.62,8.58,31.63
3912,2773,5,0.08211,0.05,15.71,9.79,31.66
3913,2773,14,0.05941,392.32,47.81,401.18,67.18
3914,2773,5,0.04708,0.15,1.9,11.04,24.21
3915,2773,14,0.02065,387.64,49.2,395.54,67.54
3916,2773,8,0.01352,490.5,53.93,494.0,75.13
3917,2773,14,0.00796,383.13,48.85,392.15,64.2
3918,2773,14,0.00654,380.89,49.57,388.51,61.44
3919,2773,14,0.00651,386.28,47.03,391.76,55.61
3920,2773,14,0.00455,379.16,50.33,389.18,66.16
3921,2773,14,0.0045,487.91,53.75,494.0,81.15
3922,2773,5,0.00429,18.88,0.71,51.53,8.02
3923,2773,8,0.00338,487.33,53.33,493.92,74.46
3924,2773,5,0.00301,168.75,1.63,229.66,48.71
3925,2773,8,0.00157,485.16,39.26,494.0,75.6
3926,2773,8,0.0011,0.01,19.39,2.87,34.67
3927,2774,7,0.92736,192.76,95.13,259.86,142.6
3928,2774,7,0.91356,133.08,149.61,197.84,202.53
3929,2774,14,0.00185,0.05,5.71,55.13,228.01
3930,2775,2,0.85328,90.54,150.95,113.77,178.62
3931,2775,2,0.77464,70.54,201.69,99.29,222.96
3932,2775,2,0.00334,453.57,89.85,475.43,104.21
3933,2776,3,0.89129,189.88,113.81,237.99,161.58
3934,2776,3,0.87705,262.14,146.12,340.16,194.89
3935,2776,3,0.87702,157.9,89.19,222.84,119.51
3936,2776,13,0.87299,283.19,74.42,318.04,111.09
3937,2776,1,0.85804,306.31,108.22,343.79,148.18
3938,2776,4,0.00364,260.77,146.81,340.17,195.41
3939,2777,2,0.81509,85.71,31.55,113.12,61.06
3940,2777,2,0.17576,48.31,23.03,81.65,45.85
3941,2777,2,0.07745,0.0,50.98,7.47,95.26
3942,2777,2,0.07412,113.19,7.51,131.8,34.07
3943,2777,2,0.00572,0.01,46.53,5.54,79.41
3944,2777,2,0.00383,503.97,125.87,508.0,163.54
3945,2777,2,0.00383,498.68,133.65,508.0,178.41
3946,2777,16,0.00201,500.01,116.49,508.0,150.29
3947,2777,2,0.00157,499.86,126.21,508.0,165.72
3948,2777,2,0.00135,360.11,101.46,385.82,122.14
3949,2777,2,0.00123,0.0,62.54,5.16,98.04
3950,2782,14,0.62941,272.0,143.94,284.35,166.82
3951,2782,14,0.60904,208.16,156.25,223.94,179.91
3952,2782,14,0.55777,310.32,133.63,323.89,157.74
3953,2782,14,0.43038,287.11,127.06,299.08,141.06
3954,2782,14,0.4205,300.55,146.97,310.64,160.69
3955,2782,14,0.32523,260.65,146.36,272.3,168.42
3956,2782,14,0.22013,271.17,126.62,283.35,142.16
3957,2782,14,0.19499,295.36,137.1,307.05,151.09
3958,2782,14,0.15458,290.89,127.02,302.43,138.69
3959,2782,14,0.11802,287.86,128.18,302.82,142.83
3960,2782,14,0.08901,271.6,126.22,285.72,147.76
3961,2782,14,0.07119,291.4,137.18,307.19,154.54
3962,2782,14,0.06549,296.97,140.17,310.47,160.3
3963,2782,14,0.059,297.33,139.34,308.51,153.62
3964,2782,14,0.05257,288.4,134.15,304.63,147.4
3965,2782,14,0.03727,292.57,132.88,305.71,146.32
3966,2782,14,0.03651,293.64,127.06,303.81,140.71
3967,2782,14,0.03294,16.02,199.9,30.06,225.13
3968,2782,14,0.02567,344.57,118.12,356.39,148.18
3969,2782,14,0.02477,207.83,156.17,220.61,170.9
3970,2782,14,0.02469,279.91,145.29,289.82,164.67
3971,2782,14,0.02379,264.82,127.1,282.54,142.07
3972,2782,14,0.01821,288.04,125.49,299.58,136.8
3973,2782,14,0.01618,288.93,138.09,305.83,161.15
3974,2782,14,0.01471,337.04,117.15,355.35,147.62
3975,2782,14,0.01419,319.7,133.84,331.29,156.19
3976,2782,14,0.0131,266.58,126.82,280.25,138.56
3977,2782,14,0.01204,272.45,125.7,281.95,138.93
3978,2782,14,0.01137,233.71,159.29,242.24,174.65
3979,2782,14,0.01032,271.32,142.66,284.0,158.92
3980,2782,14,0.00893,299.87,131.9,310.17,144.96
3981,2782,14,0.0089,210.63,163.57,226.58,180.48
3982,2782,14,0.00743,187.16,178.34,197.47,194.41
3983,2782,14,0.0072,249.25,147.64,260.26,170.08
3984,2782,14,0.00654,311.64,132.77,329.91,157.27
3985,2782,14,0.00595,309.36,131.54,322.7,145.2
3986,2782,14,0.00592,282.84,143.11,296.5,163.91
3987,2782,14,0.00543,272.18,136.09,285.74,155.95
3988,2782,14,0.00526,294.92,124.97,304.78,136.9
3989,2782,14,0.00517,204.77,156.68,219.18,176.32
3990,2782,14,0.00489,303.58,138.59,313.25,154.6
3991,2782,14,0.0046,307.06,148.55,316.24,159.64
3992,2782,14,0.00449,346.25,120.17,357.69,141.11
3993,2782,14,0.00446,301.6,146.4,315.51,160.19
3994,2782,14,0.00423,272.59,142.25,291.72,167.68
3995,2782,14,0.00394,307.53,136.48,321.33,158.46
3996,2782,14,0.0036,263.03,127.76,272.72,140.53
3997,2782,14,0.00354,247.32,154.67,256.29,170.7
3998,2782,14,0.00334,312.49,123.66,326.79,136.17
3999,2782,14,0.00322,280.98,126.66,297.18,144.07
4000,2782,14,0.00312,184.62,173.85,197.12,193.6
4001,2782,14,0.00292,364.66,154.49,382.07,177.02
4002,2782,14,0.0029,261.4,143.69,271.49,156.33
4003,2782,14,0.00244,246.57,159.71,254.03,171.33
4004,2782,14,0.00232,303.39,130.9,320.16,145.41
4005,2782,14,0.00223,350.39,137.78,360.85,149.51
4006,2782,14,0.00213,305.96,133.27,321.85,151.66
4007,2782,14,0.00212,302.15,129.34,313.08,141.78
4008,2782,14,0.00192,310.92,124.28,328.61,143.99
4009,2782,14,0.00188,353.27,122.08,361.12,135.26
4010,2782,14,0.00181,263.55,128.59,283.93,148.98
4011,2782,14,0.00181,288.21,144.32,300.32,162.94
4012,2782,14,0.00161,350.59,121.97,361.68,139.24
4013,2782,14,0.00146,300.05,127.5,317.65,140.24
4014,2782,14,0.00145,231.76,156.52,244.04,176.22
4015,2782,14,0.00142,252.31,146.35,268.42,168.31
4016,2782,14,0.00127,346.73,123.38,359.99,149.7
4017,2782,14,0.00119,353.86,138.18,361.59,148.56
4018,2785,17,0.85133,363.96,126.42,397.25,158.59
4019,2785,17,0.70303,358.99,73.25,384.97,98.55
4020,2785,2,0.02349,364.3,125.75,397.09,158.32
4021,2785,2,0.00455,358.78,73.24,384.63,97.92
4022,2785,7,0.00108,0.0,0.36,28.24,76.05
4023,2792,10,0.89651,326.68,45.94,341.99,59.91
4024,2792,10,0.88025,356.7,47.16,373.56,60.43
4025,2792,17,0.87642,361.22,88.12,375.47,101.74
4026,2792,11,0.86267,337.36,68.05,355.5,82.9
4027,2792,11,0.8576,388.94,59.42,404.07,72.99
4028,2792,17,0.85402,330.8,87.44,344.56,101.07
4029,2792,10,0.71586,299.8,73.33,314.87,86.74
4030,2792,10,0.65689,297.36,57.96,314.63,72.95
4031,2792,17,0.02261,297.73,57.96,314.85,72.73
4032,2792,17,0.00361,389.55,59.24,403.75,72.09
4033,2792,11,0.00177,331.07,87.65,344.47,101.18
4034,2792,15,0.00137,453.03,150.64,496.01,193.15
4035,2792,13,0.0011,327.0,45.04,343.12,60.33
4036,2795,5,0.80957,395.69,170.31,465.98,193.71
4037,2795,5,0.75587,229.34,173.74,297.3,200.66
4038,2795,5,0.65227,0.46,180.9,87.8,212.04
4039,2795,5,0.3804,0.02,169.54,11.38,191.91
4040,2795,5,0.24586,479.26,177.15,489.0,198.95
4041,2795,5,0.04719,0.0,131.55,33.75,146.43
4042,2795,5,0.01463,36.59,124.38,71.75,137.01
4043,2795,5,0.01305,476.39,112.44,489.0,127.76
4044,2795,5,0.00834,40.96,127.69,69.2,136.78
4045,2795,5,0.0081,459.76,98.0,487.84,109.56
4046,2795,5,0.00785,186.65,118.81,243.02,161.49
4047,2795,5,0.00779,32.31,118.23,73.23,131.71
4048,2795,5,0.00765,25.28,117.39,59.54,129.02
4049,2795,5,0.00731,276.18,67.83,305.65,79.67
4050,2795,5,0.00718,459.82,94.87,488.52,106.28
4051,2795,5,0.00702,455.26,97.79,476.39,111.69
4052,2795,5,0.00687,458.45,115.0,484.5,126.63
4053,2795,5,0.0057,476.51,54.14,489.0,64.48
4054,2795,5,0.00542,468.5,95.5,488.78,107.88
4055,2795,5,0.00542,325.99,60.87,358.28,75.54
4056,2795,5,0.00537,463.92,114.68,488.84,128.32
4057,2795,5,0.00531,477.12,115.6,489.0,136.51
4058,2795,5,0.00507,73.74,123.53,112.96,140.46
4059,2795,5,0.00488,464.03,108.76,488.56,124.61
4060,2795,5,0.00482,0.11,168.23,9.65,185.72
4061,2795,5,0.00458,477.64,99.21,489.0,116.3
4062,2795,5,0.00445,473.45,94.01,488.78,104.48
4063,2795,5,0.00403,318.52,60.96,338.71,71.35
4064,2795,5,0.00391,471.28,99.31,488.83,111.67
4065,2795,5,0.00372,292.99,60.88,322.18,76.11
4066,2795,5,0.00367,460.96,92.58,488.45,102.86
4067,2795,5,0.00363,325.78,60.48,339.87,70.11
4068,2795,5,0.00349,117.62,79.34,167.24,102.73
4069,2795,5,0.00341,458.12,118.1,489.0,137.84
4070,2795,5,0.00338,325.52,69.27,356.9,83.39
4071,2795,5,0.00333,63.13,107.52,106.99,122.43
4072,2795,5,0.00323,480.67,154.36,488.99,170.29
4073,2795,5,0.00312,455.85,109.61,478.04,121.95
4074,2795,5,0.0031,458.41,73.27,478.36,83.8
4075,2795,5,0.00305,71.77,119.37,115.08,132.96
4076,2795,5,0.00298,0.09,131.72,32.95,158.2
4077,2795,5,0.00293,326.86,67.61,357.11,77.94
4078,2795,5,0.00285,81.54,128.37,109.45,140.59
4079,2795,5,0.00283,57.27,109.57,105.03,126.85
4080,2795,5,0.00278,83.21,118.47,113.73,131.1
4081,2795,5,0.00273,463.86,74.83,477.92,83.11
4082,2795,5,0.00269,454.12,99.44,474.37,116.96
4083,2795,5,0.00263,341.24,79.33,366.79,93.05
4084,2795,5,0.00261,314.82,62.89,332.03,73.63
4085,2795,5,0.00258,150.13,87.19,184.0,103.37
4086,2795,5,0.00257,457.73,94.47,478.88,104.71
4087,2795,5,0.00252,142.94,93.67,173.5,106.57
4088,2795,5,0.00244,64.56,100.94,102.25,119.84
4089,2795,5,0.0024,318.93,91.36,352.95,104.52
4090,2795,5,0.00239,457.44,62.53,478.11,77.62
4091,2795,5,0.00237,456.08,94.04,475.07,108.06
4092,2795,5,0.00234,70.12,97.88,100.51,114.32
4093,2795,5,0.00234,453.93,115.69,479.6,129.15
4094,2795,5,0.00229,280.51,63.85,306.84,78.33
4095,2795,5,0.00226,463.92,87.62,488.26,100.87
4096,2795,5,0.00225,455.91,64.02,480.67,83.34
4097,2795,5,0.00224,324.34,62.52,340.51,71.96
4098,2795,5,0.00221,326.18,68.35,347.41,77.02
4099,2795,5,0.0022,458.4,92.56,475.95,102.49
4100,2795,5,0.00219,397.4,75.59,435.3,96.99
4101,2795,5,0.00214,298.91,60.84,330.91,76.69
4102,2795,5,0.00206,316.89,95.07,356.31,113.23
4103,2795,5,0.00206,342.48,105.85,388.01,120.52
4104,2795,5,0.00205,44.92,83.5,81.7,104.17
4105,2795,5,0.00204,149.14,91.77,177.68,105.6
4106,2795,5,0.00203,0.0,137.03,33.65,150.91
4107,2795,5,0.00201,455.92,75.63,478.49,90.04
4108,2795,5,0.00194,473.9,102.68,488.77,119.59
4109,2795,5,0.00193,454.57,114.62,478.25,124.43
4110,2795,5,0.00189,52.98,117.69,90.54,129.8
4111,2795,5,0.00188,464.17,101.87,488.74,117.66
4112,2795,5,0.00183,326.89,60.15,345.29,71.68
4113,2795,5,0.00183,466.7,54.08,488.77,65.61
4114,2795,5,0.00181,336.0,70.96,367.97,87.83
4115,2795,5,0.0018,22.22,45.58,47.19,56.28
4116,2795,5,0.00175,251.1,63.89,291.76,77.7
4117,2795,5,0.00175,135.64,104.74,198.57,129.12
4118,2795,5,0.00172,482.68,61.47,489.0,78.35
4119,2795,5,0.00171,53.31,120.6,84.31,130.86
4120,2795,5,0.00169,173.6,61.36,220.85,81.22
4121,2795,5,0.00169,457.83,82.7,477.68,91.46
4122,2795,5,0.00169,139.19,88.47,172.78,105.16
4123,2795,5,0.00166,460.13,75.71,478.29,86.35
4124,2795,5,0.00165,46.45,123.66,75.63,133.57
4125,2795,5,0.00165,484.3,66.53,489.0,78.78
4126,2795,5,0.0016,328.33,72.4,357.8,86.31
4127,2795,5,0.00158,479.99,58.55,489.0,71.52
4128,2795,5,0.00155,229.17,104.19,267.36,117.91
4129,2795,5,0.00154,296.31,65.21,327.5,78.15
4130,2795,5,0.00153,56.74,96.98,101.97,117.19
4131,2795,5,0.00152,49.09,110.47,94.38,128.52
4132,2795,5,0.00152,160.1,65.77,214.5,86.66
4133,2795,5,0.0015,406.84,86.79,437.5,104.29
4134,2795,5,0.0015,468.56,154.9,488.51,170.66
4135,2795,5,0.00149,287.22,91.71,321.0,107.02
4136,2795,5,0.00147,43.14,122.36,73.62,131.08
4137,2795,5,0.00145,465.35,61.3,488.75,77.13
4138,2795,5,0.00141,480.63,170.37,488.81,192.73
4139,2795,5,0.00139,53.87,123.03,83.71,133.53
4140,2795,5,0.00138,51.36,86.43,91.63,101.85
4141,2795,5,0.00134,16.01,46.93,42.36,55.53
4142,2795,5,0.00133,174.74,106.07,210.57,129.66
4143,2795,5,0.00132,454.66,121.04,482.38,136.54
4144,2795,5,0.00131,478.84,163.07,489.0,198.09
4145,2795,5,0.00131,84.77,95.14,131.59,117.03
4146,2795,5,0.0013,310.33,105.86,344.54,125.45
4147,2795,5,0.0013,324.51,69.38,345.7,80.46
4148,2795,5,0.00127,462.47,61.68,481.11,73.45
4149,2795,5,0.00127,361.47,107.38,393.2,122.43
4150,2795,5,0.00124,320.41,88.81,349.63,100.72
4151,2795,5,0.00123,433.89,97.05,455.2,110.47
4152,2795,5,0.00122,480.25,61.53,488.84,75.38
4153,2795,5,0.00122,338.99,83.52,362.4,95.16
4154,2795,5,0.00119,359.72,108.51,395.38,129.98
4155,2795,5,0.00119,98.73,102.24,141.18,126.93
4156,2795,5,0.00117,461.39,48.69,489.0,65.44
4157,2795,5,0.00117,454.72,109.29,472.44,119.13
4158,2795,5,0.00113,78.23,100.35,115.53,120.87
4159,2795,5,0.00112,49.04,106.48,99.22,123.66
4160,2795,5,0.00111,83.23,110.64,111.39,126.11
4161,2795,5,0.00111,470.73,122.01,488.86,138.14
4162,2795,5,0.00111,469.71,135.68,489.0,170.58
4163,2795,5,0.0011,66.02,57.47,89.02,66.81
4164,2795,5,0.0011,313.46,66.53,329.43,76.72
4165,2795,5,0.0011,23.09,122.96,69.86,136.16
4166,2795,5,0.00106,455.29,124.63,485.95,139.03
4167,2795,5,0.00106,481.15,66.4,488.9,77.45
4168,2795,5,0.00103,56.85,120.82,100.54,133.4
4169,2795,8,0.001,0.0,148.95,9.25,163.65
4170,2795,5,0.001,280.22,100.57,314.09,113.77
4171,2798,8,0.8846,350.03,88.09,467.34,169.93
4172,2798,14,0.84923,5.79,44.73,72.8,213.91
4173,2798,8,0.84811,271.66,66.98,334.12,137.12
4174,2798,5,0.79995,121.37,28.28,219.22,62.1
4175,2798,14,0.79881,143.71,73.34,189.96,180.46
4176,2798,5,0.78826,370.08,20.9,473.38,51.94
4177,2798,8,0.09687,459.95,69.66,480.87,188.02
4178,2798,8,0.07586,442.66,74.21,480.05,179.94
4179,2798,8,0.01657,347.0,84.45,419.31,147.37
4180,2798,8,0.01634,446.95,15.39,480.74,179.18
4181,2798,14,0.01066,465.32,62.88,481.0,193.94
4182,2798,8,0.01039,181.83,77.82,207.98,139.99
4183,2798,14,0.00698,470.29,17.22,481.0,144.93
4184,2798,14,0.00658,469.35,136.3,481.0,233.0
4185,2798,8,0.00511,0.78,37.97,91.09,80.7
4186,2798,8,0.00507,126.4,69.59,150.33,155.12
4187,2798,5,0.00367,131.3,0.0,356.33,0.0
4188,2798,8,0.00356,344.7,81.32,410.85,124.24
4189,2798,8,0.0029,409.2,68.22,479.57,160.58
4190,2798,14,0.00258,471.15,76.26,481.0,192.2
4191,2798,8,0.00251,129.31,68.45,189.1,177.9
4192,2798,5,0.00245,0.02,51.81,12.1,100.63
4193,2798,8,0.00235,140.96,68.68,214.57,183.93
4194,2798,8,0.00216,0.01,38.43,91.06,109.54
4195,2798,5,0.00201,196.07,15.17,275.85,61.4
4196,2798,8,0.00196,2.32,37.98,89.96,213.11
4197,2798,14,0.00192,469.56,9.54,480.96,87.2
4198,2798,8,0.00176,429.58,68.94,480.12,209.44
4199,2798,14,0.0017,431.89,86.1,480.61,232.58
4200,2798,14,0.00151,454.76,33.05,480.57,135.68
4201,2798,5,0.00144,0.0,39.63,13.21,91.2
4202,2798,8,0.00134,471.29,102.27,481.0,190.15
4203,2798,8,0.00128,454.86,74.77,481.0,156.22
4204,2798,14,0.00123,115.1,65.88,195.01,183.84
4205,2798,8,0.00107,187.53,74.53,225.42,136.6
4206,2798,14,0.00104,239.62,113.26,266.5,171.39
4207,2798,8,0.00104,255.87,113.43,281.66,152.17
4208,2799,5,0.78924,1.85,89.59,20.29,106.79
4209,2799,14,0.62769,126.57,89.85,143.64,139.97
4210,2799,14,0.43725,73.39,89.18,85.75,123.25
4211,2799,5,0.06058,0.0,87.43,2.95,104.43
4212,2799,14,0.02036,38.64,89.85,48.42,113.73
4213,2799,5,0.01522,0.06,86.74,5.51,103.07
4214,2799,5,0.00425,0.19,85.92,8.9,101.07
4215,2799,8,0.00288,22.4,86.12,33.36,109.49
4216,2799,5,0.00202,23.33,86.33,34.22,110.1
4217,2799,14,0.00198,342.33,133.48,353.51,142.25
4218,2799,14,0.00188,129.18,89.6,144.78,121.81
4219,2799,15,0.0016,341.25,116.79,367.33,140.37
4220,2799,14,0.0016,325.88,129.4,339.34,159.0
4221,2799,8,0.00147,39.96,89.28,51.45,112.71
4222,2799,14,0.00143,339.12,133.8,348.13,146.44
4223,2799,14,0.00129,340.42,133.66,351.6,144.05
4224,2799,14,0.00101,340.05,133.55,347.26,142.57
4225,2801,5,0.82028,306.07,133.77,437.28,182.87
4226,2801,14,0.81796,136.7,124.12,157.14,213.85
4227,2801,5,0.66309,462.31,123.24,500.0,181.17
4228,2801,11,0.00165,179.81,198.3,192.17,211.04
4229,2801,17,0.00125,180.06,198.34,192.02,210.61
4230,2801,13,0.00119,179.92,198.23,191.68,211.04
4231,2804,10,0.89484,330.67,168.04,347.93,189.31
4232,2804,10,0.87034,414.88,113.22,433.56,132.96
4233,2804,9,0.86885,328.57,109.41,346.26,132.09
4234,2804,17,0.8425,230.88,151.57,247.28,167.78
4235,2804,10,0.82145,419.63,49.98,437.57,67.15
4236,2804,10,0.52503,429.68,199.38,456.43,226.12
4237,2804,4,0.00121,429.56,199.41,456.81,226.55
4238,2820,14,0.08618,293.05,0.21,403.84,42.44
4239,2820,14,0.03494,0.0,40.69,71.94,188.66
4240,2820,13,0.0275,222.17,130.54,273.1,183.79
4241,2820,12,0.02744,222.28,130.23,272.9,182.98
4242,2820,12,0.01565,399.06,51.68,449.57,102.29
4243,2820,3,0.00255,157.5,62.97,253.25,109.62
4244,2820,2,0.00199,399.7,52.2,448.83,102.1
4245,2820,13,0.00194,399.34,51.46,449.66,101.32
4246,2820,14,0.001,282.14,0.82,402.73,96.51
4247,2822,13,0.89053,390.25,130.96,428.74,170.54
4248,2822,1,0.88134,338.01,163.2,378.67,205.84
4249,2822,3,0.87599,261.67,166.05,309.2,228.07
4250,2822,3,0.8675,322.44,90.59,354.63,129.18
4251,2822,3,0.83269,263.92,125.25,336.26,155.29
4252,2822,3,0.00221,463.76,110.4,471.0,206.96
4253,2826,14,0.68366,18.68,0.68,35.67,39.85
4254,2826,8,0.60661,42.63,64.22,206.13,226.16
4255,2826,14,0.06142,0.02,10.84,7.49,36.22
4256,2826,14,0.03198,0.03,11.85,4.64,36.51
4257,2826,8,0.00321,0.0,46.03,44.42,235.97
4258,2826,14,0.00268,0.06,6.56,7.56,60.4
4259,2826,8,0.00203,0.0,53.83,82.45,242.92
4260,2826,8,0.00139,58.62,65.65,146.4,165.77
4261,2826,5,0.00114,25.03,61.79,59.73,80.02
4262,2826,8,0.00104,486.14,8.41,489.0,32.51
4263,2835,2,0.84056,86.06,133.59,110.22,160.29
4264,2835,2,0.82742,202.15,130.79,230.04,155.37
4265,2835,2,0.25867,384.98,110.05,406.89,128.27
4266,2835,2,0.00106,487.47,167.13,496.0,196.36
4267,2837,10,0.8336,314.93,165.55,331.2,179.44
4268,2837,10,0.81788,309.01,207.31,325.64,221.6
4269,2837,10,0.7368,287.95,193.49,302.62,209.57
4270,2837,10,0.72969,291.37,173.61,305.14,188.49
4271,2837,11,0.66934,355.69,168.24,372.31,181.38
4272,2837,10,0.58835,376.91,201.33,390.52,214.77
4273,2837,17,0.52447,354.42,210.51,367.67,224.21
4274,2837,11,0.46129,333.69,190.35,347.92,205.25
4275,2837,17,0.14849,377.4,201.52,390.31,215.1
4276,2837,9,0.00988,354.34,210.68,367.68,224.35
4277,2837,10,0.00753,354.32,210.74,367.9,224.41
4278,2837,13,0.00531,333.9,190.4,347.92,204.64
4279,2837,13,0.00147,355.06,164.66,378.28,184.97
4280,2839,2,0.85403,131.89,161.2,153.57,188.28
4281,2839,2,0.8466,292.23,189.66,323.37,212.1
4282,2839,5,0.00431,90.08,92.48,158.0,138.06
4283,2841,17,0.8465,181.31,163.11,205.41,186.74
4284,2841,17,0.82584,36.22,150.85,61.78,174.82
4285,2847,7,0.93048,113.03,89.76,177.59,139.47
4286,2847,7,0.92327,172.17,40.55,239.06,88.42
4287,2855,2,0.857,192.8,33.4,214.69,60.02
4288,2855,2,0.81224,173.02,82.66,201.51,102.44
4289,2855,2,0.00118,14.94,82.74,44.34,106.11
4290,2879,3,0.91686,151.43,13.54,189.39,88.7
4291,2879,3,0.91648,174.73,164.81,225.48,227.93
4292,2879,3,0.90835,180.78,103.54,239.54,158.13
4293,2879,13,0.8938,84.83,122.28,118.26,157.14
4294,2879,1,0.88398,103.01,59.75,136.33,94.65
4295,2880,7,0.91654,270.09,107.28,366.2,157.34
4296,2880,7,0.90344,74.34,93.41,156.26,141.82
4297,2882,15,0.92358,230.82,38.26,258.37,67.85
4298,2882,15,0.88625,57.42,61.15,89.36,95.63
4299,2882,9,0.0016,0.05,171.19,9.63,208.18
4300,2892,10,0.90503,354.48,84.52,386.23,110.85
4301,2892,11,0.88538,342.7,39.9,372.15,65.0
4302,2892,11,0.88465,285.74,109.9,316.91,134.97
4303,2892,10,0.45864,254.11,65.33,278.85,91.26
4304,2892,17,0.17436,254.22,65.52,278.91,91.39
4305,2895,14,0.87553,322.31,123.31,381.08,254.93
4306,2895,5,0.87387,206.62,161.04,338.15,214.92
4307,2895,14,0.8356,50.15,151.62,76.14,233.68
4308,2895,5,0.83229,370.49,162.15,499.97,220.86
4309,2895,14,0.25708,31.68,172.11,53.42,212.53
4310,2895,5,0.01128,365.41,150.42,429.96,189.91
4311,2895,5,0.00325,347.7,148.74,429.32,178.56
4312,2895,8,0.00196,151.12,172.45,181.29,204.09
4313,2895,14,0.00136,0.02,149.07,6.73,213.15
4314,2895,5,0.00107,485.25,153.58,499.91,194.26
4315,2910,10,0.87593,50.07,166.11,71.48,190.47
4316,2910,10,0.83482,71.78,134.83,94.53,157.82
4317,2910,17,0.82116,187.9,193.68,208.27,214.48
4318,2910,10,0.77212,74.23,205.57,99.17,233.07
4319,2910,17,0.72477,203.11,162.89,222.66,182.83
4320,2910,10,0.5586,123.23,216.72,150.59,239.41
4321,2910,11,0.50964,127.66,116.43,154.37,136.25
4322,2910,11,0.45962,133.26,168.47,154.88,193.66
4323,2910,10,0.00531,187.75,193.62,208.21,214.66
4324,2910,13,0.00457,203.13,163.11,222.53,182.83
4325,2913,7,0.92237,89.2,107.84,120.58,143.8
4326,2913,7,0.89653,336.2,130.38,371.65,161.44
4327,2913,15,0.8796,256.25,44.51,290.71,82.12
4328,2913,15,0.82436,179.87,118.36,219.04,153.71
4329,2913,17,0.03748,258.68,140.25,276.68,159.05
4330,2913,17,0.00408,79.15,155.91,114.64,181.35
4331,2913,6,0.00102,0.02,76.66,4.93,124.12
4332,2917,16,0.81146,47.81,152.86,61.9,171.91
4333,2917,16,0.74464,7.86,155.29,22.3,177.0
4334,2917,8,0.73792,267.0,130.43,283.27,155.27
4335,2917,16,0.73122,35.11,153.4,47.79,173.18
4336,2917,16,0.72784,22.21,154.34,36.36,175.45
4337,2917,16,0.71677,117.31,148.97,126.53,163.93
4338,2917,16,0.6987,61.43,151.84,72.59,170.37
4339,2917,16,0.69497,72.23,150.81,83.38,168.99
4340,2917,16,0.67184,0.06,155.79,8.62,178.77
4341,2917,16,0.63854,82.64,149.98,92.88,168.22
4342,2917,16,0.63663,160.96,142.0,170.84,154.27
4343,2917,16,0.56261,109.62,148.84,118.22,164.54
4344,2917,16,0.55804,92.37,149.38,102.76,166.73
4345,2917,16,0.55346,125.06,141.68,133.5,152.39
4346,2917,8,0.54095,303.05,130.44,315.16,156.3
4347,2917,16,0.53653,101.84,149.03,110.53,165.04
4348,2917,16,0.26543,171.53,138.05,179.64,147.24
4349,2917,16,0.05327,121.6,149.1,128.08,163.63
4350,2917,8,0.04803,315.65,125.71,329.59,154.27
4351,2917,16,0.03867,126.95,143.72,134.76,152.56
4352,2917,16,0.02813,193.54,142.33,201.46,157.05
4353,2917,16,0.02382,170.48,138.34,180.16,150.92
4354,2917,16,0.01704,167.31,140.73,176.38,152.32
4355,2917,8,0.01287,304.79,128.68,319.79,155.24
4356,2917,16,0.01176,166.04,138.55,176.74,148.4
4357,2917,8,0.01139,283.25,133.85,290.41,148.42
4358,2917,16,0.01106,122.29,139.28,132.15,150.96
4359,2917,16,0.01092,157.07,142.62,173.8,163.01
4360,2917,16,0.00868,122.36,150.63,133.04,163.13
4361,2917,16,0.00725,196.45,142.64,203.42,156.74
4362,2917,5,0.00688,313.83,125.45,330.05,153.76
4363,2917,16,0.00675,149.47,145.1,157.22,154.29
4364,2917,16,0.00662,161.91,139.93,170.34,151.43
4365,2917,16,0.00587,168.18,143.9,175.67,156.72
4366,2917,16,0.00561,169.55,140.98,180.21,157.29
4367,2917,16,0.00468,156.37,155.9,168.67,164.66
4368,2917,16,0.0039,106.3,146.49,111.61,151.96
4369,2917,16,0.00378,172.54,134.36,180.1,146.54
4370,2917,8,0.00367,262.47,133.21,269.74,148.55
4371,2917,16,0.00364,160.19,152.23,168.52,159.8
4372,2917,16,0.00358,141.34,142.04,152.24,155.9
4373,2917,16,0.00342,0.05,153.29,2.11,165.2
4374,2917,8,0.00341,297.34,129.03,305.52,151.87
4375,2917,8,0.00333,298.5,129.79,308.51,153.94
4376,2917,16,0.00332,156.72,144.52,169.65,153.8
4377,2917,16,0.00306,153.3,154.25,171.98,164.28
4378,2917,8,0.00303,312.59,129.11,323.66,154.61
4379,2917,16,0.0029,141.64,141.1,147.79,154.73
4380,2917,16,0.0027,201.67,143.78,207.7,156.52
4381,2917,16,0.00266,0.41,154.65,6.97,168.44
4382,2917,16,0.00258,201.87,144.24,211.4,157.34
4383,2917,16,0.00237,123.8,153.83,132.65,163.64
4384,2917,16,0.00235,142.4,156.42,149.51,165.45
4385,2917,16,0.00223,0.0,147.93,1.52,158.05
4386,2917,16,0.00221,102.6,147.08,109.31,153.17
4387,2917,14,0.00214,302.49,129.33,315.24,156.35
4388,2917,16,0.00191,110.21,147.21,117.76,153.57
4389,2917,16,0.00189,93.08,151.84,105.24,164.35
4390,2917,16,0.00182,140.0,156.35,148.31,164.57
4391,2917,5,0.00173,263.06,132.83,270.66,148.06
4392,2917,16,0.00162,122.1,142.71,137.19,163.79
4393,2917,16,0.00158,147.56,144.01,154.31,155.25
4394,2917,16,0.00152,0.16,157.07,16.51,177.3
4395,2917,16,0.00135,106.48,142.91,112.76,150.71
4396,2917,16,0.00123,156.24,142.1,168.84,152.07
4397,2917,16,0.00114,161.01,140.05,169.88,147.81
4398,2917,16,0.00113,143.74,152.67,149.5,160.1
4399,2917,16,0.00102,103.31,142.55,108.16,150.63
4400,2919,15,0.89845,203.89,157.77,223.5,176.54
4401,2919,15,0.86841,154.35,155.36,169.05,171.78
4402,2919,8,0.00764,0.01,91.74,32.59,226.59
4403,2919,14,0.00573,468.01,163.65,480.0,236.0
4404,2919,8,0.00465,468.05,162.42,480.0,236.0
4405,2919,8,0.00323,0.0,96.34,60.16,233.48
4406,2919,16,0.00104,467.05,167.08,480.0,203.11
4407,2923,14,0.86433,207.67,118.28,244.28,211.86
4408,2923,14,0.80723,260.72,110.23,288.58,204.45
4409,2923,8,0.00244,193.24,118.59,251.5,212.13
4410,2925,2,0.86062,193.75,25.44,221.71,64.8
4411,2925,17,0.75445,218.14,90.94,236.02,109.08
4412,2925,17,0.70221,286.65,47.24,305.33,65.77
4413,2926,15,0.87891,350.45,20.67,372.34,43.04
4414,2926,15,0.83893,314.36,63.07,335.45,80.87
4415,2926,7,0.81009,403.43,57.25,425.47,74.63
4416,2926,7,0.76397,262.49,62.49,280.8,83.47
4417,2926,7,0.08666,407.84,31.01,419.24,39.78
4418,2926,17,0.03193,283.01,31.75,297.49,44.3
4419,2926,7,0.02675,262.53,85.02,282.15,98.89
4420,2926,7,0.00109,408.88,27.29,422.14,39.42
4421,2927,2,0.86932,155.87,41.79,184.56,70.33
4422,2927,2,0.18235,277.02,38.53,296.34,56.76
4423,2927,2,0.00824,497.17,102.38,502.0,129.41
4424,2927,2,0.00517,0.03,15.15,15.16,38.58
4425,2928,7,0.11237,53.53,35.13,128.97,122.75
4426,2933,10,0.83481,244.34,116.77,260.13,133.34
4427,2933,9,0.8294,201.91,150.49,220.37,166.64
4428,2933,17,0.7853,187.91,197.71,203.37,213.01
4429,2933,11,0.70078,201.11,98.88,217.62,114.24
4430,2933,9,0.67454,247.83,161.07,266.14,176.94
4431,2933,10,0.55373,201.28,98.91,217.54,114.23
4432,2933,9,0.37026,311.17,130.53,333.59,151.1
4433,2933,17,0.07047,311.24,130.57,333.57,150.83
4434,2951,15,0.87859,316.01,73.89,341.31,99.01
4435,2951,7,0.82615,383.56,107.83,407.46,125.26
4436,2951,15,0.79866,292.46,123.81,314.12,142.0
4437,2951,17,0.76396,244.45,94.06,259.43,107.67
4438,2951,7,0.40451,236.94,129.38,254.75,151.55
4439,2951,17,0.31322,236.85,129.4,254.84,151.67
4440,2951,17,0.06871,243.12,154.18,265.43,170.32
4441,2951,7,0.00283,375.97,79.71,387.54,88.68
4442,2953,8,0.88059,365.7,157.97,401.5,193.66
4443,2953,8,0.84981,393.41,153.88,453.81,198.47
4444,2953,8,0.84278,312.91,150.14,357.74,187.04
4445,2953,8,0.80399,291.32,151.29,320.88,183.62
4446,2953,8,0.79742,345.06,152.8,377.48,189.86
4447,2953,14,0.68815,73.18,114.96,96.03,151.62
4448,2953,14,0.61085,105.53,116.79,132.57,157.52
4449,2953,5,0.15561,0.07,133.67,5.34,150.5
4450,2953,8,0.03375,480.39,141.83,488.0,175.69
4451,2953,8,0.0136,483.25,145.12,488.0,173.95
4452,2953,5,0.00829,0.0,133.89,11.46,151.0
4453,2953,8,0.00409,337.96,149.0,358.53,187.1
4454,2953,14,0.00402,109.53,114.89,141.26,159.73
4455,2953,8,0.00379,342.61,149.02,365.16,188.58
4456,2953,14,0.00359,476.07,141.15,488.0,220.06
4457,2953,14,0.00339,110.36,135.89,130.22,157.64
4458,2953,14,0.00316,372.4,127.9,439.12,190.23
4459,2953,8,0.00293,372.91,129.09,435.92,186.49
4460,2953,14,0.00271,63.64,113.7,97.94,155.35
4461,2953,14,0.00243,0.01,117.85,4.45,149.73
4462,2953,8,0.00241,482.69,150.36,488.0,181.66
4463,2953,8,0.00213,357.64,154.84,382.22,186.38
4464,2953,8,0.00211,482.68,132.22,488.0,174.94
4465,2953,5,0.00199,0.03,114.56,7.56,150.56
4466,2953,14,0.00186,109.79,143.14,130.5,159.64
4467,2953,5,0.0017,0.16,126.27,16.66,153.48
4468,2953,8,0.00145,470.45,140.88,487.78,176.03
4469,2953,14,0.0013,63.45,121.23,88.83,153.08
4470,2953,14,0.00126,260.22,130.08,291.35,173.73
4471,2953,14,0.00114,102.69,118.37,122.42,150.78
4472,2953,14,0.00113,260.08,131.47,274.53,159.2
4473,2960,5,0.82863,249.67,176.3,379.06,225.71
4474,2960,5,0.77554,405.98,167.46,500.0,226.18
4475,2960,14,0.75247,115.94,153.6,145.65,251.68
4476,2962,2,0.839,301.02,188.32,321.08,216.77
4477,2962,2,0.8082,413.28,184.72,442.09,209.39
4478,2962,2,0.03662,0.03,176.03,12.1,193.48
4479,2962,2,0.00364,170.86,166.38,184.99,181.3
4480,2962,11,0.00276,206.33,102.28,222.5,112.21
4481,2962,2,0.00214,497.34,169.22,501.0,199.21
4482,2962,2,0.00103,0.04,180.05,9.92,194.83
4483,2964,7,0.91878,218.72,22.08,278.95,56.85
4484,2964,7,0.90806,36.49,191.0,89.0,223.06
4485,2964,14,0.0173,0.0,36.41,86.66,230.0
4486,2964,14,0.00595,0.73,31.88,47.08,231.92
4487,2964,7,0.003,0.0,47.29,10.2,95.96
4488,2964,7,0.00118,0.14,42.09,15.04,96.94
4489,2968,2,0.84081,56.35,28.93,75.45,53.77
4490,2968,2,0.80787,90.94,54.13,116.84,75.22
4491,2968,2,0.23774,164.94,196.79,193.71,218.23
4492,2968,2,0.00135,195.37,161.42,225.02,177.96
4493,2972,5,0.89953,201.34,30.9,378.18,144.01
4494,2972,5,0.71412,402.88,52.43,453.51,88.73
4495,2972,8,0.36394,88.11,40.31,105.64,56.1
4496,2972,5,0.23574,123.31,33.3,136.88,45.76
4497,2972,14,0.16317,96.18,31.83,107.13,47.39
4498,2972,8,0.06637,100.48,39.96,110.85,55.78
4499,2972,8,0.022,88.29,40.24,99.16,55.17
4500,2972,14,0.01406,95.44,32.47,108.83,55.32
4501,2972,14,0.01306,68.47,32.19,74.33,43.77
4502,2972,8,0.01233,95.59,32.49,110.34,55.57
4503,2972,14,0.00592,93.34,34.54,102.76,48.15
4504,2972,5,0.00493,373.33,44.56,390.04,63.0
4505,2972,14,0.00349,90.1,37.26,98.48,48.74
4506,2972,8,0.00279,99.53,44.8,110.18,58.33
4507,2972,5,0.00258,455.84,48.02,479.78,77.55
4508,2972,8,0.0015,95.21,42.14,107.43,58.58
4509,2972,14,0.0013,91.24,34.91,98.36,44.56
4510,2972,5,0.00124,370.59,44.55,390.89,73.26
4511,2973,10,0.88994,224.84,129.96,244.31,146.61
4512,2973,17,0.88447,120.7,149.85,136.54,165.7
4513,2973,17,0.88272,125.32,173.36,141.57,189.82
4514,2973,10,0.85823,235.33,154.78,251.99,172.83
4515,2973,11,0.77057,166.83,147.8,186.61,165.62
4516,2973,11,0.75783,207.09,186.62,229.32,204.81
4517,2973,10,0.69224,180.32,113.51,200.18,130.5
4518,2973,10,0.56268,145.92,121.27,164.91,137.24
4519,2981,7,0.88992,354.23,194.59,377.98,212.61
4520,2981,7,0.75476,331.64,127.97,355.9,145.29
4521,2987,17,0.85124,59.4,110.99,79.88,130.36
4522,2987,2,0.84997,91.54,26.77,130.1,56.84
4523,2987,17,0.80786,170.53,56.37,188.12,74.09
4524,2988,7,0.91951,229.9,140.67,255.32,164.26
4525,2988,7,0.87056,48.84,172.82,83.05,198.78
4526,2988,2,0.00419,263.21,108.89,283.82,126.36
4527,2993,15,0.87639,157.72,47.43,182.45,71.84
4528,2993,7,0.8368,224.14,84.18,245.33,101.74
4529,2993,15,0.8288,130.12,95.46,152.86,114.67
4530,2993,7,0.72338,73.18,98.57,91.48,120.08
4531,2993,17,0.07551,84.02,62.87,99.7,76.68
4532,2993,17,0.02093,78.1,124.64,100.68,139.82
4533,2993,7,0.01691,78.01,124.6,100.56,139.8
4534,2993,15,0.01042,73.23,99.24,91.29,120.13
4535,2993,7,0.00778,218.34,56.04,229.25,65.28
4536,3000,15,0.91387,313.69,11.28,341.05,40.22
4537,3000,15,0.88521,143.2,38.1,175.5,72.6
4538,3006,15,0.90384,65.95,3.69,86.99,22.38
4539,3006,15,0.90114,18.13,7.06,37.56,24.61
4540,3006,15,0.00626,318.67,40.59,358.37,67.52
4541,3006,14,0.0044,481.55,35.33,495.0,153.39
4542,3006,14,0.00387,447.31,31.41,494.17,219.21
4543,3006,14,0.00123,458.27,31.67,494.48,167.48
4544,3011,15,0.89138,96.18,53.57,115.82,72.49
4545,3011,15,0.8782,44.22,55.0,59.68,71.78
4546,3011,5,0.00564,469.56,174.76,501.0,234.37
4547,3018,15,0.91952,59.91,148.1,108.92,204.25
4548,3018,15,0.88633,250.18,134.96,289.55,176.78
4549,3027,14,0.83902,149.48,119.53,180.9,187.08
4550,3027,8,0.80299,362.42,117.0,383.18,141.8
4551,3027,14,0.78693,186.81,119.1,219.71,183.77
4552,3027,8,0.77705,472.64,97.52,494.0,149.62
4553,3027,8,0.77403,422.13,114.39,443.31,137.95
4554,3027,14,0.76146,0.02,141.18,18.97,189.73
4555,3027,8,0.74869,326.95,118.89,352.11,143.79
4556,3027,14,0.65851,329.47,112.69,341.42,136.71
4557,3027,14,0.45424,408.64,109.0,421.43,134.68
4558,3027,14,0.3919,476.34,89.06,494.0,139.56
4559,3027,14,0.38702,480.23,88.76,494.0,126.13
4560,3027,14,0.35075,453.42,103.92,468.95,133.45
4561,3027,14,0.06941,0.0,137.28,16.69,247.57
4562,3027,14,0.03741,405.29,111.42,411.41,130.77
4563,3027,14,0.02686,407.46,109.59,416.93,131.21
4564,3027,14,0.01418,0.0,141.25,7.98,189.25
4565,3027,14,0.0096,328.61,113.33,351.0,139.27
4566,3027,14,0.00943,0.04,127.18,24.79,255.22
4567,3027,14,0.00919,367.42,116.16,378.25,130.76
4568,3027,8,0.00897,340.59,116.25,352.95,140.93
4569,3027,14,0.00657,341.04,116.28,352.02,138.0
4570,3027,14,0.00639,425.35,112.32,440.11,131.17
4571,3027,14,0.00538,410.26,108.99,420.74,127.69
4572,3027,14,0.00507,401.23,112.21,410.65,132.14
4573,3027,14,0.00452,426.9,112.01,438.25,126.88
4574,3027,14,0.00303,429.32,111.48,442.88,129.82
4575,3027,14,0.00287,373.44,116.29,383.93,134.96
4576,3027,14,0.00252,423.72,111.42,436.31,128.79
4577,3027,14,0.0024,401.38,109.01,420.6,137.55
4578,3027,8,0.00234,181.01,116.99,229.23,183.58
4579,3027,14,0.00229,417.86,110.22,425.99,134.9
4580,3027,14,0.00183,320.37,118.52,326.97,136.45
4581,3027,14,0.00173,0.0,143.76,4.02,188.9
4582,3027,8,0.00143,453.31,88.22,493.71,152.68
4583,3027,14,0.00135,418.28,112.79,432.18,136.04
4584,3027,8,0.0011,410.69,114.87,442.34,136.94
4585,3027,14,0.00104,341.92,113.14,351.53,129.95
4586,3050,3,0.89791,213.8,131.61,262.67,190.44
4587,3050,3,0.89146,125.23,103.45,189.15,147.52
4588,3050,3,0.88853,230.18,187.61,313.79,232.18
4589,3050,13,0.88392,110.15,184.05,152.92,227.69
4590,3050,1,0.87342,99.13,134.17,138.68,176.16
4591,3054,15,0.90178,396.97,95.99,417.07,114.12
4592,3054,15,0.89005,352.46,103.92,370.73,119.97
4593,3061,11,0.82896,135.97,0.52,162.55,17.22
4594,3061,9,0.76061,152.34,13.28,175.53,40.91
4595,3061,11,0.49966,76.17,15.56,99.79,39.84
4596,3061,9,0.45713,86.26,40.1,109.74,66.18
4597,3061,11,0.38895,85.88,39.88,109.25,65.8
4598,3061,11,0.14324,152.13,13.33,175.16,40.63
4599,3061,9,0.00585,76.97,15.49,99.57,39.68
4600,3065,7,0.8686,51.6,116.1,81.7,144.41
4601,3065,15,0.72861,153.61,41.37,176.78,65.35
4602,3065,7,0.71056,153.48,41.32,176.73,65.28
4603,3073,13,0.8289,376.22,74.13,414.8,113.06
4604,3073,0,0.55139,243.75,28.89,280.87,67.52
4605,3073,4,0.1858,166.95,152.11,223.75,233.2
4606,3073,1,0.00626,243.85,29.04,280.78,67.29
4607,3073,2,0.0036,243.75,29.0,280.6,67.27
4608,3073,2,0.00337,375.27,74.02,413.61,112.71
4609,3073,3,0.0011,463.22,183.95,494.89,245.74
4610,3076,8,0.81252,0.0,97.22,87.01,202.62
4611,3076,5,0.7274,247.93,94.99,293.08,122.16
4612,3076,8,0.15735,469.06,113.73,485.0,165.47
4613,3076,14,0.11486,122.12,68.87,156.37,104.81
4614,3076,8,0.01287,0.0,67.52,43.14,201.57
4615,3076,8,0.00992,472.5,113.67,485.0,191.96
4616,3076,8,0.0087,100.75,83.47,192.34,207.65
4617,3076,14,0.00636,126.51,69.62,155.15,122.42
4618,3076,14,0.00357,0.0,73.68,10.47,152.43
4619,3076,8,0.00331,0.0,73.62,10.45,136.12
4620,3076,8,0.0024,0.0,110.8,54.64,202.12
4621,3076,8,0.00237,33.37,80.36,193.07,207.76
4622,3076,8,0.00142,0.0,68.62,12.55,187.96
4623,3076,14,0.00124,318.05,97.35,330.83,121.39
4624,3076,14,0.00115,470.86,102.03,485.0,159.09
4625,3076,8,0.00101,447.45,68.89,484.67,191.99
4626,3077,4,0.84879,315.19,60.23,364.05,98.29
4627,3077,11,0.84524,236.26,70.43,271.61,104.45
4628,3077,13,0.03252,236.4,70.46,271.58,104.57
4629,3078,13,0.90259,248.2,140.37,286.16,178.31
4630,3078,3,0.89508,304.16,24.95,344.44,100.48
4631,3078,3,0.89478,190.56,11.55,274.5,62.35
4632,3078,3,0.88298,339.47,94.1,416.17,134.21
4633,3078,1,0.84452,204.39,80.22,241.89,119.88
4634,3079,13,0.43814,296.37,132.33,348.57,182.16
4635,3079,3,0.16747,135.99,117.84,234.28,204.92
4636,3079,4,0.07545,134.93,120.57,229.09,204.44
4637,3079,17,0.02012,0.04,71.57,11.31,98.11
4638,3079,14,0.00878,191.4,1.54,256.1,62.58
4639,3079,14,0.0031,129.31,1.29,259.3,112.65
4640,3079,17,0.00274,0.01,64.77,7.91,97.91
4641,3079,2,0.00271,296.64,132.41,346.96,182.16
4642,3079,2,0.00224,0.03,60.56,8.56,99.0
4643,3079,2,0.00156,0.0,56.21,4.83,100.9
4644,3090,2,0.8641,385.2,78.03,412.49,99.62
4645,3090,2,0.85217,347.77,35.49,367.96,62.17
4646,3095,13,0.86101,392.63,143.89,441.82,192.51
4647,3095,1,0.54399,389.4,21.69,431.88,63.6
4648,3095,0,0.12744,388.89,21.77,432.38,65.17
4649,3095,6,0.00353,0.0,184.34,10.66,227.93
4650,3095,14,0.00215,0.0,172.67,11.28,233.97
4651,3095,14,0.0019,0.0,177.25,7.15,218.1
4652,3095,2,0.00171,391.67,144.55,441.61,191.75
4653,3095,14,0.00108,463.93,34.02,500.7,220.64
4654,3101,4,0.90762,361.28,51.84,434.82,106.51
4655,3101,13,0.88029,242.49,41.19,293.54,91.42
4656,3101,2,0.00194,242.43,41.23,293.96,91.12
4657,3110,5,0.80096,0.52,12.94,69.68,41.66
4658,3110,5,0.75228,190.51,15.87,233.66,36.28
4659,3110,5,0.57509,141.76,15.74,190.92,44.65
4660,3110,5,0.41239,316.83,20.83,422.18,58.41
4661,3110,5,0.05754,364.61,19.79,429.42,60.28
4662,3110,5,0.01479,0.04,11.13,5.26,38.38
4663,3110,5,0.01383,0.0,13.87,2.4,36.58
4664,3110,5,0.01314,317.47,23.28,364.88,56.59
4665,3110,5,0.01201,89.34,16.76,127.56,43.66
4666,3110,5,0.01147,190.13,16.69,217.97,34.77
4667,3110,5,0.00678,0.04,12.04,9.55,38.92
4668,3110,5,0.00449,199.84,15.89,249.51,52.49
4669,3110,5,0.00368,143.41,15.43,191.48,33.61
4670,3110,8,0.00344,249.2,23.1,276.41,50.74
4671,3110,5,0.00246,88.78,16.5,153.43,43.64
4672,3110,5,0.00226,23.39,15.6,68.76,41.27
4673,3110,5,0.00217,190.34,16.08,236.55,54.21
4674,3110,5,0.0017,0.09,1.62,13.35,35.94
4675,3110,5,0.00132,123.11,18.65,157.53,43.99
4676,3111,2,0.85706,348.95,117.86,370.2,146.98
4677,3111,2,0.79402,416.91,134.27,447.1,157.52
4678,3111,2,0.00711,462.72,126.83,468.0,153.38
4679,3111,16,0.00129,462.02,132.01,468.0,155.95
4680,3112,14,0.89318,205.75,106.56,244.56,218.29
4681,3112,14,0.87435,264.79,141.27,289.43,209.13
4682,3112,14,0.82699,298.83,135.41,324.1,221.15
4683,3112,14,0.73941,131.87,120.2,166.95,207.51
4684,3112,5,0.73835,401.9,180.96,471.23,222.7
4685,3112,14,0.64838,161.19,136.28,188.19,203.74
4686,3112,5,0.00842,405.12,156.47,491.29,201.7
4687,3112,5,0.00302,485.93,172.93,500.0,227.8
4688,3112,5,0.00146,496.42,161.94,500.0,186.61
4689,3119,4,0.89308,267.36,35.31,339.95,121.83
4690,3119,3,0.88609,358.96,37.98,435.88,96.32
4691,3119,12,0.0032,228.61,5.47,253.15,32.53
4692,3119,12,0.00254,435.88,27.53,453.35,37.81
4693,3119,12,0.0018,105.44,104.6,121.33,120.42
4694,3119,12,0.00133,115.38,97.65,135.98,116.66
4695,3119,2,0.00124,358.79,38.28,435.76,95.91
4696,3119,12,0.00119,420.43,141.38,436.27,165.06
4697,3123,15,0.88566,231.68,86.51,259.36,115.76
4698,3123,15,0.88131,59.7,107.19,90.98,141.2
4699,3131,14,0.87742,324.15,104.27,398.33,230.02
4700,3131,14,0.8614,52.98,117.61,80.07,199.41
4701,3131,5,0.84292,211.55,127.4,329.97,179.35
4702,3131,5,0.8099,369.63,126.55,499.72,184.79
4703,3131,5,0.38492,363.73,114.2,434.03,153.02
4704,3131,8,0.02327,154.77,138.12,185.96,169.12
4705,3131,14,0.01818,493.82,154.26,500.0,228.1
4706,3131,14,0.00183,327.46,105.59,383.62,182.56
4707,3131,14,0.00143,326.15,105.81,367.48,166.41
4708,3132,2,0.87323,267.73,134.55,302.59,174.85
4709,3132,17,0.80396,349.15,100.91,368.42,119.88
4710,3132,17,0.68911,365.63,169.46,388.18,188.51
4711,3132,2,0.14516,366.33,169.41,388.18,188.84
4712,3132,2,0.04609,349.56,100.71,368.16,120.12
4713,3136,2,0.84542,149.51,120.41,174.85,142.6
4714,3136,2,0.32159,43.47,139.9,77.15,170.21
4715,3139,2,0.85384,378.6,34.1,407.42,71.9
4716,3139,17,0.77154,327.36,82.74,344.62,100.03
4717,3139,17,0.71455,410.57,102.23,428.16,119.91
4718,3139,2,0.00204,328.37,82.98,344.72,99.89
4719,3139,2,0.0011,0.0,149.61,3.82,196.8
4720,3149,15,0.83958,139.11,78.84,168.26,104.14
4721,3149,15,0.82079,141.48,42.96,161.57,58.04
4722,3149,7,0.79437,73.2,58.61,94.79,74.62
4723,3149,7,0.10861,180.93,23.65,193.84,42.78
4724,3149,15,0.10078,180.98,23.97,194.04,43.21
4725,3149,7,0.00122,60.72,47.77,74.85,60.3
4726,3153,14,0.00216,392.47,10.83,499.72,234.46
4727,3153,7,0.00133,126.57,124.37,186.11,188.84
4728,3164,7,0.91408,254.17,51.45,349.87,99.91
4729,3164,7,0.91224,61.93,55.31,143.51,104.83
4730,3164,7,0.00234,254.79,58.94,277.35,88.77
4731,3167,14,0.79559,409.74,88.06,434.28,126.69
4732,3167,14,0.77602,117.08,36.34,134.69,73.77
4733,3167,14,0.74565,292.23,71.7,307.12,102.32
4734,3167,14,0.67406,360.83,84.57,373.44,111.57
4735,3167,14,0.64741,67.79,44.12,79.95,65.32
4736,3167,14,0.23759,0.02,19.62,11.95,49.96
4737,3167,14,0.08575,320.56,78.63,331.59,101.51
4738,3167,14,0.00871,329.48,83.45,338.82,100.87
4739,3167,14,0.0049,330.84,84.44,343.55,101.54
4740,3167,14,0.00397,0.04,143.28,11.85,205.07
4741,3167,14,0.00394,0.0,85.11,12.4,210.01
4742,3167,14,0.00267,490.46,86.35,500.0,190.1
4743,3167,14,0.00223,418.9,88.9,454.39,129.26
4744,3167,14,0.002,150.1,51.98,167.14,78.8
4745,3167,14,0.00114,68.47,40.08,86.28,67.07
4746,3168,14,0.68933,317.93,125.64,330.79,148.86
4747,3168,14,0.67357,239.2,142.16,252.71,165.33
4748,3168,14,0.66354,304.08,115.56,315.11,129.32
4749,3168,14,0.64494,278.64,133.07,291.95,157.59
4750,3168,14,0.49544,268.76,138.13,279.63,159.02
4751,3168,14,0.37453,303.65,128.71,317.04,141.31
4752,3168,14,0.14268,301.11,126.99,316.02,139.32
4753,3168,14,0.12062,300.9,126.06,311.71,135.85
4754,3168,14,0.10852,26.58,192.72,38.31,213.5
4755,3168,14,0.10107,221.05,146.7,233.6,169.15
4756,3168,14,0.05958,299.77,120.03,312.13,132.79
4757,3168,14,0.05464,302.63,129.05,317.1,148.77
4758,3168,14,0.04436,328.61,126.21,338.72,146.55
4759,3168,14,0.03294,238.84,142.01,248.05,158.52
4760,3168,14,0.03286,306.33,136.15,317.35,150.54
4761,3168,14,0.01811,298.82,116.72,314.57,131.3
4762,3168,14,0.01545,317.81,124.7,330.25,138.66
4763,3168,14,0.0139,280.6,132.09,291.44,144.28
4764,3168,14,0.01128,317.39,134.04,326.95,149.14
4765,3168,14,0.00907,359.4,128.47,369.13,140.18
4766,3168,14,0.00833,21.47,188.66,39.68,216.02
4767,3168,14,0.00805,298.98,134.73,311.44,152.96
4768,3168,14,0.00803,315.48,136.98,322.93,149.65
4769,3168,14,0.00792,239.33,141.32,247.89,152.18
4770,3168,14,0.0078,256.95,141.52,266.84,160.94
4771,3168,14,0.00648,309.57,126.97,319.59,142.17
4772,3168,14,0.00615,296.54,124.84,309.38,136.44
4773,3168,14,0.00504,313.69,134.26,321.75,149.08
4774,3168,14,0.00488,295.02,118.58,310.2,132.9
4775,3168,14,0.00481,304.64,115.46,321.71,130.06
4776,3168,14,0.00478,299.31,128.67,313.08,145.07
4777,3168,14,0.00452,317.77,140.89,323.38,150.02
4778,3168,14,0.00451,310.84,128.28,320.46,148.23
4779,3168,14,0.00404,27.24,189.67,37.86,203.33
4780,3168,14,0.00376,63.91,189.98,72.04,204.67
4781,3168,14,0.00367,253.28,152.8,261.14,162.68
4782,3168,14,0.00356,269.37,136.31,278.59,148.67
4783,3168,14,0.00355,314.24,140.24,321.02,150.71
4784,3168,14,0.00339,64.43,190.44,76.06,209.23
4785,3168,14,0.00335,282.05,129.98,292.85,142.67
4786,3168,14,0.00319,282.24,124.67,292.13,137.74
4787,3168,14,0.0028,240.1,138.63,252.2,156.12
4788,3168,14,0.00275,313.2,125.8,327.22,137.18
4789,3168,14,0.00273,320.98,133.09,330.67,148.32
4790,3168,14,0.00254,280.14,131.86,300.76,157.33
4791,3168,14,0.00199,60.61,186.23,72.34,203.53
4792,3168,14,0.00178,498.45,86.83,505.0,112.18
4793,3168,14,0.00178,304.37,115.0,332.38,128.6
4794,3168,14,0.00173,241.71,137.22,253.73,161.66
4795,3168,14,0.00165,320.73,115.12,334.16,125.21
4796,3168,14,0.00164,343.09,109.7,360.18,141.55
4797,3168,14,0.00159,251.25,154.16,259.17,163.89
4798,3168,14,0.00157,494.97,84.19,505.0,156.06
4799,3168,14,0.00151,219.8,154.42,232.75,170.42
4800,3168,14,0.00139,55.88,185.24,71.74,204.97
4801,3168,14,0.00137,0.02,189.22,6.93,223.34
4802,3168,14,0.00129,243.71,139.46,259.08,163.43
4803,3168,14,0.0012,241.82,135.9,252.05,151.27
4804,3168,14,0.00115,26.14,189.11,48.9,220.67
4805,3168,14,0.00111,318.95,116.79,338.18,138.67
4806,3168,14,0.00105,496.43,85.32,505.0,128.11
4807,3168,14,0.00101,380.39,145.58,390.27,166.35
4808,3168,14,0.00101,320.93,122.04,338.68,143.62
4809,3174,15,0.89347,312.96,83.6,347.51,116.61
4810,3174,15,0.88597,397.52,92.06,435.91,130.87
4811,3179,2,0.86293,333.08,194.08,356.63,225.03
4812,3179,2,0.82823,412.46,147.4,434.74,176.09
4813,3179,7,0.01121,7.88,208.08,24.66,220.7
4814,3179,2,0.00152,186.11,210.02,202.14,227.56
4815,3190,17,0.89698,248.49,202.97,262.08,216.32
4816,3190,17,0.89657,279.06,203.71,292.47,216.93
4817,3190,10,0.85006,274.86,162.9,290.86,175.49
4818,3190,10,0.84096,245.12,161.4,259.81,174.8
4819,3190,11,0.82656,306.23,175.35,320.91,188.61
4820,3190,9,0.76864,215.88,172.94,232.71,187.78
4821,3190,11,0.39012,255.63,183.65,273.09,197.57
4822,3190,10,0.25768,218.01,188.58,232.38,201.59
4823,3190,17,0.04986,217.81,189.06,231.97,201.94
4824,3190,17,0.00964,245.48,161.72,260.32,174.49
4825,3197,13,0.83576,372.33,114.62,428.62,170.15
4826,3197,1,0.5044,265.12,0.08,315.14,41.98
4827,3197,0,0.11336,265.26,0.0,315.37,42.24
4828,3197,3,0.01594,47.83,90.5,156.88,161.37
4829,3199,7,0.68119,270.58,176.95,290.62,192.11
4830,3199,7,0.63248,215.14,139.96,235.22,155.71
4831,3202,15,0.93772,46.44,25.77,117.76,90.97
4832,3202,15,0.75518,74.68,0.0,156.14,36.72
4833,3207,2,0.79152,378.28,32.83,408.22,60.63
4834,3207,2,0.62536,345.73,27.73,375.71,49.02
4835,3207,2,0.02795,187.21,62.22,209.63,82.99
4836,3207,2,0.0068,198.91,1.47,221.53,33.74
4837,3207,2,0.0053,503.06,46.43,508.0,78.5
4838,3207,2,0.00298,503.53,69.09,508.0,109.68
4839,3207,2,0.00268,499.86,47.87,508.0,77.5
4840,3207,2,0.00196,499.8,69.07,508.0,111.16
4841,3207,2,0.00171,405.61,7.53,424.42,31.16
4842,3207,2,0.00164,238.71,34.49,261.48,55.63
4843,3207,2,0.00147,503.61,52.2,508.0,91.32
4844,3207,2,0.00106,499.76,51.84,508.0,91.71
4845,3207,2,0.00105,140.55,59.89,167.91,83.87
4846,3221,7,0.9297,93.82,48.57,140.46,90.45
4847,3221,7,0.91158,195.9,41.61,234.94,79.91
4848,3221,14,0.00217,482.98,0.0,492.0,84.86
4849,3221,7,0.00164,0.06,154.71,6.71,188.53
4850,3221,14,0.0015,483.45,27.94,492.0,138.81
4851,3221,7,0.00126,0.0,144.83,3.07,174.61
4852,3221,7,0.00125,0.0,154.03,2.98,178.22
4853,3221,7,0.00118,0.0,148.74,5.4,176.02
4854,3228,15,0.95138,316.26,118.49,388.64,182.12
4855,3228,15,0.9105,339.23,71.65,401.15,123.54
4856,3229,14,0.89286,322.94,83.06,361.66,198.04
4857,3229,14,0.83612,410.32,107.89,451.32,184.82
4858,3229,14,0.83422,226.14,92.56,258.22,191.29
4859,3229,14,0.82294,20.52,113.39,52.64,186.34
4860,3229,14,0.78691,108.42,112.01,140.19,188.03
4861,3229,14,0.00418,0.0,124.82,3.25,173.63
4862,3229,14,0.00402,0.0,131.27,4.5,178.38
4863,3229,14,0.00335,0.05,117.32,8.03,178.44
4864,3229,8,0.00285,13.31,112.8,60.27,185.34
4865,3229,5,0.00255,495.79,114.15,500.0,136.95
4866,3229,14,0.00255,496.39,113.23,500.0,137.97
4867,3229,8,0.00133,102.45,111.44,161.45,187.21
4868,3235,7,0.87681,51.87,95.51,73.72,119.79
4869,3235,15,0.8501,109.9,50.64,140.82,83.07
4870,3235,15,0.84677,33.05,34.33,59.86,57.91
4871,3235,15,0.70272,25.31,1.78,45.65,21.53
4872,3235,7,0.61469,25.26,1.66,45.64,21.5
4873,3235,7,0.09048,0.06,3.71,8.31,22.95
4874,3235,7,0.00155,0.0,0.0,5.2,22.33
4875,3236,5,0.81057,171.11,6.77,233.51,33.27
4876,3236,5,0.78203,172.4,33.19,247.26,69.74
4877,3236,5,0.30662,288.65,0.5,325.2,7.86
4878,3236,8,0.0521,283.19,93.72,325.95,138.9
4879,3236,8,0.00957,455.33,141.27,479.96,237.54
4880,3236,5,0.00319,308.03,0.43,325.18,5.38
4881,3236,14,0.00144,471.72,109.01,480.0,227.72
4882,3238,15,0.90304,400.91,30.69,418.86,46.95
4883,3238,15,0.87272,447.4,22.92,463.22,37.68
4884,3239,2,0.87446,241.71,131.49,263.27,158.55
4885,3239,2,0.84112,401.95,165.06,433.08,187.81
4886,3239,5,0.06886,203.7,64.79,268.64,99.72
4887,3239,14,0.00117,118.37,9.69,140.53,55.88
4888,3250,8,0.83348,410.57,1.44,490.94,54.85
4889,3250,8,0.16409,479.26,1.49,494.0,47.32
4890,3250,8,0.1333,464.91,2.1,493.98,47.88
4891,3250,8,0.07829,485.1,89.65,494.0,185.65
4892,3250,8,0.07812,483.77,91.06,494.0,127.54
4893,3250,8,0.04095,487.03,122.62,494.0,187.45
4894,3250,14,0.01016,487.0,135.13,494.0,187.34
4895,3250,14,0.00738,483.6,90.73,494.0,125.05
4896,3250,8,0.00675,478.21,91.02,493.75,188.42
4897,3250,8,0.00611,484.23,73.07,494.0,124.79
4898,3250,8,0.00348,484.11,105.26,494.0,155.28
4899,3250,8,0.00323,485.3,133.17,494.0,231.68
4900,3250,2,0.00248,485.99,148.28,494.0,186.49
4901,3250,2,0.00229,486.95,194.73,494.0,233.61
4902,3250,14,0.00203,0.05,69.98,27.73,190.0
4903,3250,8,0.0019,487.08,206.57,494.0,232.63
4904,3250,2,0.0019,490.98,116.66,494.0,167.49
4905,3250,14,0.00185,485.45,134.95,494.0,232.59
4906,3250,8,0.00181,491.16,124.01,494.0,166.23
4907,3250,5,0.00145,75.92,111.19,89.71,120.91
4908,3250,8,0.00131,483.32,0.1,494.0,34.79
4909,3250,8,0.00129,480.22,90.83,493.92,152.03
4910,3250,8,0.00112,489.63,132.7,494.0,173.23
4911,3250,8,0.0011,407.04,1.38,431.55,45.1
4912,3250,8,0.00108,439.71,0.84,493.92,42.72
4913,3251,17,0.85415,180.29,191.74,202.36,211.36
4914,3251,2,0.8427,270.59,137.23,309.72,180.04
4915,3251,17,0.52742,199.35,115.45,219.09,133.19
4916,3254,7,0.76734,275.44,51.76,297.32,70.35
4917,3254,7,0.59412,162.69,37.16,182.44,55.09
4918,3254,15,0.31539,162.66,37.2,182.35,55.4
4919,3271,7,0.90094,243.12,158.27,281.95,196.58
4920,3271,7,0.89825,143.77,169.06,189.58,208.78
4921,3272,14,0.85927,183.05,130.36,246.48,232.47
4922,3272,5,0.05387,4.25,158.21,175.29,213.08
4923,3272,5,0.02968,279.59,163.01,357.13,206.03
4924,3272,5,0.01491,79.09,177.79,176.7,211.19
4925,3272,14,0.0069,0.0,122.08,3.33,172.69
4926,3272,5,0.0031,32.99,173.47,175.75,212.01
4927,3272,5,0.00277,0.44,157.32,79.03,216.34
4928,3272,14,0.00144,0.01,109.6,5.41,174.31
4929,3272,5,0.00123,487.6,150.47,500.0,195.28
4930,3276,8,0.87219,356.17,140.01,391.37,177.21
4931,3276,8,0.86903,282.56,134.4,312.19,166.96
4932,3276,8,0.85757,382.64,137.3,444.24,181.92
4933,3276,8,0.85637,303.47,133.61,348.76,170.07
4934,3276,8,0.84012,335.36,134.77,367.55,173.25
4935,3276,8,0.70616,469.21,126.81,488.0,165.28
4936,3276,8,0.03389,473.57,107.2,488.0,166.57
4937,3276,8,0.01572,329.58,130.74,350.64,169.62
4938,3276,8,0.00705,467.59,82.57,487.8,167.47
4939,3276,14,0.00191,364.39,110.85,432.32,173.32
4940,3276,14,0.00174,42.99,100.69,63.83,133.06
4941,3276,14,0.00161,384.95,131.68,425.04,170.37
4942,3276,14,0.00148,51.96,112.28,74.09,134.98
4943,3280,14,0.8849,158.96,0.0,219.81,155.41
4944,3280,8,0.77532,58.41,51.47,112.61,137.77
4945,3280,5,0.64319,127.71,45.25,150.16,64.35
4946,3280,14,0.4588,64.86,21.54,104.64,60.14
4947,3280,14,0.14721,62.57,21.25,106.51,87.09
4948,3280,14,0.12202,158.44,0.14,221.16,71.56
4949,3280,5,0.00705,450.94,53.62,468.23,86.15
4950,3280,14,0.00679,88.78,23.12,109.21,63.13
4951,3280,14,0.00619,90.99,38.39,107.82,57.93
4952,3280,8,0.00286,450.66,60.16,469.21,86.43
4953,3280,8,0.00235,162.35,45.84,217.23,91.43
4954,3280,16,0.0017,483.09,66.57,488.8,81.77
4955,3280,8,0.00149,158.32,26.14,212.43,61.76
4956,3280,8,0.00127,159.04,20.17,219.91,99.65
4957,3280,16,0.00125,485.22,64.43,489.0,81.54
4958,3280,8,0.00124,162.86,37.2,217.16,76.32
4959,3280,14,0.00113,9.96,34.85,20.61,68.94
4960,3280,8,0.00111,65.14,78.01,113.31,137.22
4961,3285,17,0.84037,293.03,119.08,318.28,142.61
4962,3285,7,0.82358,265.21,26.35,303.26,62.87
4963,3285,7,0.73709,406.6,142.17,455.01,180.96
4964,3285,17,0.71153,386.33,54.81,409.76,75.85
4965,3287,7,0.88816,34.58,139.15,72.2,166.82
4966,3287,7,0.86615,104.83,38.76,133.01,65.03
4967,3287,17,0.8452,33.01,75.09,52.91,93.59
4968,3287,17,0.78836,126.34,98.35,144.93,116.61
4969,3287,8,0.00585,0.0,60.85,29.54,233.76
4970,3291,2,0.86003,58.97,140.05,94.49,181.18
4971,3291,17,0.76465,142.95,105.94,161.61,125.27
4972,3291,17,0.60528,159.2,173.38,179.86,193.22
4973,3297,15,0.91738,452.25,184.18,484.87,248.44
4974,3297,6,0.00803,448.21,92.55,484.82,138.72
4975,3299,15,0.82878,378.24,117.79,413.26,145.67
4976,3299,15,0.7907,372.67,86.84,392.47,107.12
4977,3299,15,0.77841,412.36,61.61,427.3,82.1
4978,3299,7,0.08398,300.72,126.03,323.7,146.24
4979,3299,7,0.0114,306.38,126.02,323.9,141.68
4980,3300,14,0.89606,451.79,47.59,499.97,204.66
4981,3300,14,0.79634,73.53,96.86,113.19,191.88
4982,3300,14,0.79233,324.1,83.48,358.5,152.67
4983,3300,14,0.74587,276.36,83.22,312.78,152.79
4984,3300,14,0.69315,413.76,69.98,441.0,129.14
4985,3300,14,0.68226,120.07,108.55,136.7,138.04
4986,3300,14,0.14866,0.0,130.7,20.86,195.18
4987,3300,14,0.05508,0.0,124.14,21.1,241.73
4988,3300,14,0.03434,423.78,79.66,440.58,129.21
4989,3300,14,0.00841,490.15,179.05,500.0,233.71
4990,3300,14,0.00675,486.57,176.02,500.0,219.99
4991,3300,14,0.00268,0.02,139.5,5.13,187.16
4992,3300,14,0.00214,425.26,93.98,438.56,127.67
4993,3300,14,0.00194,0.0,127.61,38.79,237.02
4994,3300,14,0.00183,159.81,115.67,169.71,133.27
4995,3300,14,0.00175,488.73,170.51,500.0,253.98
4996,3300,14,0.00169,0.02,135.48,15.41,185.96
4997,3300,14,0.00161,0.0,132.94,21.33,169.93
4998,3300,14,0.0016,0.0,125.87,11.99,236.45
4999,3301,2,0.87352,193.93,61.68,221.24,90.01
5000,3301,2,0.09646,312.49,56.61,337.42,77.79
5001,3301,2,0.00298,502.49,100.73,509.0,129.1
5002,3302,11,0.86265,407.7,168.48,421.91,180.25
5003,3302,2,0.85274,105.51,38.09,143.83,61.92
5004,3302,11,0.81515,382.5,149.6,395.12,161.34
5005,3302,17,0.79873,352.15,149.05,362.76,159.65
5006,3302,17,0.78473,354.75,159.99,365.63,170.72
5007,3302,10,0.7782,420.81,143.21,434.08,154.62
5008,3302,10,0.61705,426.89,155.23,438.56,166.8
5009,3302,10,0.4149,368.92,136.5,381.23,147.48
5010,3302,10,0.31187,391.7,134.43,404.85,145.48
5011,3302,9,0.18849,391.68,134.59,404.9,145.47
5012,3302,11,0.01335,368.84,136.77,381.51,147.3
5013,3302,13,0.00524,421.6,144.09,434.7,154.82
5014,3302,13,0.00455,425.4,153.76,438.29,166.44
5015,3302,13,0.00189,408.46,168.08,422.91,180.26
5016,3302,9,0.00114,352.21,149.24,362.75,159.92
5017,3305,7,0.74135,306.3,62.58,326.57,76.97
5018,3305,7,0.67028,251.54,25.68,270.59,41.73
5019,3305,2,0.01941,461.61,180.09,484.41,199.8
5020,3305,2,0.00103,479.09,207.19,490.0,237.71
5021,3311,5,0.83207,90.85,92.1,111.55,109.85
5022,3311,14,0.81193,0.09,173.72,29.32,223.61
5023,3311,5,0.78258,110.0,117.98,153.07,143.89
5024,3311,5,0.66566,156.79,80.14,174.57,97.07
5025,3311,5,0.35245,0.0,62.28,28.47,79.32
5026,3311,14,0.34389,162.6,145.19,183.69,177.98
5027,3311,14,0.01943,255.62,88.66,265.91,103.57
5028,3311,8,0.01564,162.49,158.79,182.61,179.58
5029,3311,14,0.00877,163.43,145.18,182.39,166.16
5030,3311,5,0.00476,0.06,64.39,25.33,91.28
5031,3311,5,0.00452,0.61,58.36,31.1,73.26
5032,3311,14,0.00402,0.02,193.06,7.29,224.0
5033,3311,5,0.00365,0.0,69.06,25.74,79.02
5034,3311,5,0.00365,43.52,66.48,63.95,82.07
5035,3311,5,0.00201,45.38,72.66,62.95,82.85
5036,3311,5,0.00192,457.62,44.33,493.0,59.24
5037,3311,6,0.00187,0.0,61.46,27.36,79.32
5038,3311,5,0.00171,0.0,70.49,12.68,78.5
5039,3311,14,0.00156,0.08,183.66,9.49,224.69
5040,3311,5,0.00155,0.0,53.52,35.15,72.13
5041,3311,14,0.00151,0.0,178.69,6.04,222.37
5042,3311,5,0.00136,0.0,61.6,19.02,77.81
5043,3311,5,0.0013,31.98,64.68,64.99,80.68
5044,3311,5,0.0012,437.63,30.63,475.41,48.92
5045,3311,5,0.00118,77.23,33.68,126.96,48.83
5046,3311,5,0.00116,0.01,48.71,29.11,79.83
5047,3311,5,0.00115,37.6,71.45,63.44,83.62
5048,3311,5,0.00103,46.88,62.58,65.66,76.81
5049,3321,10,0.90464,271.49,72.91,289.6,92.2
5050,3321,10,0.90028,262.88,96.11,282.38,115.81
5051,3321,17,0.87562,382.89,104.02,399.71,120.61
5052,3321,17,0.84247,384.97,82.04,401.16,98.58
5053,3321,11,0.81079,332.23,91.29,351.13,111.08
5054,3321,11,0.79768,309.74,55.59,331.97,72.93
5055,3321,10,0.78187,340.23,123.89,362.89,142.46
5056,3321,10,0.71485,298.54,120.78,319.87,142.21
5057,3321,9,0.32387,298.51,120.74,319.81,142.24
5058,3321,13,0.00238,384.84,82.31,401.42,98.31
5059,3322,2,0.86118,133.87,118.44,170.59,147.43
5060,3322,17,0.83311,211.29,146.02,227.98,163.31
5061,3322,17,0.71765,102.05,201.26,122.79,220.17
5062,3322,2,0.00222,211.42,146.38,227.64,162.8
5063,3326,13,0.86214,266.51,172.51,313.43,218.88
5064,3326,14,0.30179,0.0,2.15,64.36,164.8
5065,3326,0,0.18375,433.41,148.43,479.29,193.05
5066,3326,1,0.12078,433.62,148.27,477.75,191.56
5067,3326,14,0.00388,0.0,36.19,65.04,246.03
5068,3326,3,0.00157,327.98,27.76,381.71,93.82
5069,3327,2,0.86885,175.06,158.1,193.68,182.86
5070,3327,2,0.82351,208.12,184.1,232.33,204.36
5071,3341,15,0.01424,106.39,51.55,151.86,94.26
5072,3341,7,0.01135,105.59,51.87,151.86,94.63
5073,3351,15,0.87255,373.4,122.79,390.94,139.38
5074,3351,15,0.86018,418.96,116.73,434.53,130.85
5075,3352,16,0.74109,30.15,30.26,82.16,88.79
5076,3352,16,0.60042,330.99,110.8,418.58,214.35
5077,3352,16,0.1172,166.85,57.99,231.87,132.55
5078,3352,1,0.00146,29.26,29.76,81.66,88.8
5079,3355,7,0.75301,75.05,124.9,95.7,140.65
5080,3355,7,0.68083,132.31,160.41,152.99,175.07
5081,3355,2,0.00113,0.05,84.21,8.1,99.83
5082,3365,13,0.87394,380.69,108.81,416.39,145.64
5083,3365,3,0.87076,251.84,126.13,318.65,167.22
5084,3365,3,0.86045,269.33,93.85,319.96,126.93
5085,3365,1,0.85635,369.35,147.51,408.88,188.88
5086,3365,3,0.84267,308.03,169.43,358.43,231.24
5087,3372,15,0.83747,61.69,116.04,87.42,141.45
5088,3372,15,0.79803,93.7,85.42,115.21,101.95
5089,3372,7,0.68899,16.04,90.2,36.62,105.51
5090,3372,15,0.04339,145.61,72.97,159.65,91.06
5091,3372,7,0.01196,150.45,111.54,165.74,124.53
5092,3376,9,0.86162,413.64,55.31,439.29,82.5
5093,3376,9,0.85511,363.78,82.46,391.48,110.15
5094,3376,11,0.47273,310.34,63.69,336.89,90.94
5095,3376,11,0.46812,358.99,42.23,384.84,66.21
5096,3376,9,0.2769,310.2,63.68,336.85,90.84
5097,3376,6,0.07359,41.97,163.59,145.02,224.81
5098,3376,10,0.00447,413.38,55.24,439.11,82.3
5099,3381,5,0.87222,205.14,131.05,336.04,184.03
5100,3381,14,0.8688,44.24,122.58,69.48,204.13
5101,3381,14,0.8519,333.33,92.57,382.77,233.95
5102,3381,5,0.83744,370.45,131.26,500.0,188.48
5103,3381,8,0.03411,147.27,142.04,179.43,173.43
5104,3381,14,0.01311,490.84,153.09,500.0,230.5
5105,3381,5,0.00363,360.51,119.13,426.19,152.51
5106,3381,14,0.0031,109.07,138.34,129.38,183.34
5107,3381,5,0.00304,344.17,118.1,426.78,166.71
5108,3381,14,0.00265,495.13,146.55,500.0,232.53
5109,3381,5,0.00131,484.59,134.83,500.0,186.31
5110,3381,14,0.00124,492.42,112.68,500.0,162.58
5111,3381,5,0.00104,488.54,125.75,500.0,168.74
5112,3388,2,0.86709,266.13,33.75,287.65,60.07
5113,3388,2,0.85543,181.35,45.61,199.95,72.39
5114,3403,2,0.86929,385.32,21.16,408.74,50.24
5115,3403,2,0.85865,289.38,24.11,308.81,52.99
5116,3404,17,0.91667,312.56,173.19,326.05,186.34
5117,3404,17,0.91453,343.04,172.26,356.69,185.42
5118,3404,9,0.8922,278.02,145.5,294.53,160.16
5119,3404,11,0.87659,368.81,142.48,383.33,155.61
5120,3404,10,0.85791,336.32,131.79,352.51,144.93
5121,3404,10,0.84247,306.67,132.35,321.19,146.04
5122,3404,11,0.80389,318.09,153.39,335.75,167.75
5123,3404,10,0.46182,281.33,160.84,295.45,173.76
5124,3404,9,0.2135,281.33,160.7,295.18,173.56
5125,3404,17,0.00398,368.77,142.39,383.57,155.3
5126,3411,2,0.86483,389.23,125.34,409.76,151.97
5127,3411,2,0.83748,303.48,136.6,321.91,163.03
5128,3413,15,0.85338,358.99,163.68,393.55,190.72
5129,3413,15,0.81199,393.93,107.09,407.83,127.62
5130,3413,15,0.80758,352.88,132.3,373.24,152.34
5131,3413,7,0.70594,279.06,170.59,304.1,190.24
5132,3421,14,0.89564,107.4,50.51,142.27,139.02
5133,3421,14,0.8103,42.22,58.15,66.48,115.52
5134,3421,5,0.50459,63.71,77.38,83.37,95.93
5135,3421,5,0.4636,379.04,64.79,429.21,134.75
5136,3421,8,0.17017,106.69,63.72,142.27,108.2
5137,3421,8,0.00153,36.93,56.01,77.64,114.84
5138,3424,14,0.74652,294.75,117.07,341.31,229.42
5139,3424,5,0.6863,414.64,150.35,499.96,209.02
5140,3424,5,0.42561,267.72,160.78,389.24,205.47
5141,3424,14,0.33526,260.56,117.44,367.2,235.13
5142,3424,5,0.02019,258.37,149.14,376.72,213.89
5143,3424,14,0.01786,265.47,143.62,390.26,211.71
5144,3424,5,0.00566,324.38,161.03,390.38,206.13
5145,3424,5,0.00554,259.2,158.59,342.26,218.83
5146,3427,2,0.86538,147.38,200.09,173.64,215.92
5147,3427,2,0.84578,187.74,162.5,205.96,186.03
5148,3429,16,0.78367,0.05,137.25,9.74,159.79
5149,3429,8,0.76947,234.88,114.1,256.58,150.94
5150,3429,16,0.76652,9.26,136.88,24.35,157.79
5151,3429,16,0.75792,35.4,135.83,49.28,154.57
5152,3429,16,0.7489,105.11,132.75,114.52,147.4
5153,3429,16,0.72707,148.84,126.56,158.42,138.37
5154,3429,8,0.72304,286.24,109.39,308.77,147.32
5155,3429,16,0.71037,23.46,136.05,35.49,156.02
5156,3429,16,0.69198,48.84,134.97,60.26,153.37
5157,3429,16,0.67819,59.86,134.28,71.05,152.41
5158,3429,16,0.63535,89.52,132.64,97.98,149.17
5159,3429,5,0.63392,255.47,117.94,272.36,134.66
5160,3429,16,0.63039,97.6,132.83,106.3,148.26
5161,3429,16,0.60362,79.87,133.11,90.57,149.84
5162,3429,16,0.56865,111.48,125.67,120.78,135.73
5163,3429,16,0.55637,70.28,133.17,80.33,150.4
5164,3429,14,0.45774,238.01,114.68,253.37,130.66
5165,3429,16,0.37324,159.54,122.94,167.38,131.73
5166,3429,16,0.07677,82.43,132.48,97.11,149.65
5167,3429,16,0.02907,157.95,123.55,165.77,134.72
5168,3429,16,0.02406,107.74,132.61,117.61,147.48
5169,3429,8,0.02192,236.66,114.69,254.53,133.64
5170,3429,14,0.02097,159.44,106.56,168.96,125.07
5171,3429,16,0.02081,113.14,126.77,124.25,136.16
5172,3429,16,0.01301,150.15,125.32,158.19,135.27
5173,3429,16,0.0117,190.23,128.85,200.1,141.84
5174,3429,16,0.01147,116.18,129.8,124.06,136.37
5175,3429,16,0.00894,88.6,132.11,97.54,142.06
5176,3429,16,0.00774,110.41,134.32,122.12,147.47
5177,3429,16,0.00719,181.04,142.07,187.24,148.32
5178,3429,16,0.00612,181.9,128.05,189.0,141.63
5179,3429,16,0.00495,149.73,129.69,159.72,142.12
5180,3429,16,0.00424,129.35,125.0,138.93,138.84
5181,3429,16,0.00423,76.45,133.25,83.3,150.2
5182,3429,16,0.00409,185.13,129.54,191.21,141.25
5183,3429,16,0.00381,63.26,133.69,72.62,151.78
5184,3429,16,0.00331,146.86,127.63,160.25,145.12
5185,3429,16,0.00297,113.42,139.11,122.97,147.6
5186,3429,16,0.00264,80.38,132.23,89.95,144.18
5187,3429,16,0.00246,180.11,142.98,186.23,149.45
5188,3429,16,0.00228,150.3,127.38,160.93,135.86
5189,3429,16,0.00218,154.31,127.0,164.13,141.19
5190,3429,16,0.00217,93.47,132.36,98.57,140.99
5191,3429,16,0.002,0.01,149.3,1.46,166.07
5192,3429,16,0.00193,113.3,135.94,126.15,147.67
5193,3429,14,0.00181,157.26,99.35,169.18,125.15
5194,3429,16,0.00178,117.22,139.84,125.95,147.64
5195,3429,16,0.00177,142.36,130.53,162.58,147.19
5196,3429,16,0.00157,208.93,130.51,216.38,143.43
5197,3429,16,0.00143,132.26,136.29,137.31,142.7
5198,3429,16,0.00134,0.3,135.93,7.54,147.34
5199,3429,8,0.00129,271.33,119.77,278.59,133.53
5200,3429,16,0.00128,191.37,128.81,203.82,143.86
5201,3429,16,0.00119,0.0,127.86,1.9,140.57
5202,3429,16,0.0011,181.69,119.19,190.82,141.18
5203,3429,14,0.00109,234.89,115.5,248.28,131.45
5204,3429,16,0.00109,0.06,135.18,2.53,147.64
5205,3429,14,0.00107,479.25,32.38,488.0,146.04
5206,3429,16,0.00106,142.7,139.29,150.76,146.58
5207,3430,8,0.83944,202.12,117.03,228.42,138.32
5208,3430,14,0.83024,331.47,89.21,353.34,153.31
5209,3430,14,0.71643,0.07,108.48,22.62,185.66
5210,3430,14,0.69422,401.34,95.41,414.79,127.47
5211,3430,14,0.67678,175.86,107.26,192.49,122.73
5212,3430,14,0.66679,38.87,127.68,59.83,154.89
5213,3430,5,0.62836,82.78,125.58,96.36,133.59
5214,3430,16,0.52929,13.8,116.9,34.24,154.33
5215,3430,14,0.31341,39.76,124.44,70.54,135.66
5216,3430,14,0.30054,29.93,126.56,45.42,153.42
5217,3430,14,0.13424,489.25,69.79,499.0,124.08
5218,3430,14,0.1184,33.34,126.04,67.13,137.94
5219,3430,14,0.05826,159.96,104.07,170.92,124.86
5220,3430,14,0.05758,68.79,126.83,77.23,137.02
5221,3430,16,0.05485,11.65,115.22,26.12,154.23
5222,3430,16,0.05309,14.72,116.81,47.67,153.99
5223,3430,16,0.04512,29.71,126.38,43.45,153.05
5224,3430,14,0.04192,35.22,126.8,60.91,141.92
5225,3430,14,0.03374,30.99,123.68,60.28,132.61
5226,3430,14,0.0267,30.6,120.94,58.29,130.49
5227,3430,14,0.02121,47.39,126.57,73.91,140.77
5228,3430,14,0.02095,404.95,99.6,420.58,127.5
5229,3430,14,0.01876,30.78,126.53,58.76,150.87
5230,3430,14,0.01641,36.13,121.39,74.19,134.01
5231,3430,14,0.01193,50.68,125.98,77.03,137.16
5232,3430,14,0.01117,54.28,125.76,71.56,135.98
5233,3430,14,0.0092,0.0,107.98,10.17,161.06
5234,3430,14,0.00845,181.86,107.53,193.33,122.17
5235,3430,14,0.00802,162.04,108.85,171.34,124.28
5236,3430,8,0.00725,10.58,116.58,49.32,154.54
5237,3430,14,0.00604,157.82,111.5,162.26,123.64
5238,3430,5,0.00581,70.0,125.29,96.36,136.35
5239,3430,14,0.0057,187.47,107.92,198.37,122.94
5240,3430,14,0.00538,33.17,117.51,57.38,129.43
5241,3430,14,0.00503,156.95,108.61,161.35,122.89
5242,3430,14,0.00481,54.51,127.25,77.97,140.2
5243,3430,8,0.00442,29.84,122.67,55.7,132.56
5244,3430,8,0.00416,157.01,120.83,164.36,129.66
5245,3430,14,0.00339,44.35,128.8,63.75,145.08
5246,3430,14,0.00333,490.5,69.73,499.0,164.74
5247,3430,8,0.00317,326.24,86.06,366.76,152.98
5248,3430,14,0.00282,0.0,108.14,13.83,174.26
5249,3430,5,0.00279,92.57,139.59,108.72,149.47
5250,3430,14,0.00249,38.16,117.81,63.86,127.83
5251,3430,14,0.00209,158.16,112.11,168.45,125.94
5252,3430,5,0.00173,69.65,126.06,87.14,137.23
5253,3430,14,0.0017,182.29,106.45,191.48,119.05
5254,3430,14,0.00162,38.57,117.05,73.44,130.18
5255,3430,14,0.00147,482.51,66.41,498.82,123.99
5256,3430,14,0.00134,158.25,105.98,167.67,123.48
5257,3430,5,0.00131,100.74,142.88,109.79,149.33
5258,3430,16,0.00125,19.0,117.37,41.98,134.88
5259,3430,8,0.0012,0.0,111.31,64.78,191.14
5260,3430,16,0.00115,12.55,116.09,37.7,137.01
5261,3430,14,0.00107,156.8,121.37,164.39,129.6
5262,3430,14,0.00105,155.89,108.01,160.05,122.21
5263,3430,14,0.00103,30.73,125.71,54.82,138.68
5264,3430,14,0.00103,8.11,116.45,44.94,156.08
5265,3430,14,0.00102,0.0,152.79,5.21,214.15
5266,3432,5,0.865,172.16,106.53,199.09,129.18
5267,3432,5,0.84722,206.34,92.56,228.55,110.67
5268,3432,5,0.81402,195.79,72.38,211.19,84.63
5269,3432,5,0.7688,226.73,109.24,272.98,139.49
5270,3432,5,0.75258,215.81,65.01,229.65,76.03
5271,3432,14,0.07463,344.97,133.73,362.96,164.64
5272,3432,8,0.06242,101.16,125.63,122.27,151.24
5273,3432,8,0.05935,48.04,92.23,71.35,106.44
5274,3432,2,0.014,344.94,136.79,363.12,164.82
5275,3432,5,0.009,44.01,71.95,86.67,88.65
5276,3432,5,0.0078,0.79,73.36,28.7,88.32
5277,3432,14,0.00536,345.56,133.84,361.61,153.27
5278,3432,5,0.00509,175.76,105.9,200.23,116.73
5279,3432,5,0.00329,139.19,61.15,159.82,73.84
5280,3432,14,0.00303,53.56,85.88,75.18,105.5
5281,3432,5,0.00274,222.0,57.98,291.39,105.22
5282,3432,14,0.0025,102.36,124.42,119.23,143.78
5283,3432,14,0.00214,53.59,91.71,72.2,105.95
5284,3432,5,0.00208,0.14,72.97,16.44,88.24
5285,3432,5,0.002,0.62,65.43,25.26,78.08
5286,3432,5,0.00175,99.0,125.24,122.22,151.4
5287,3432,5,0.00129,211.07,75.91,241.89,97.0
5288,3432,5,0.00114,0.02,73.87,12.79,96.74
5289,3432,5,0.00101,135.73,62.51,159.55,80.22
5290,3435,14,0.86515,136.73,114.12,167.19,201.39
5291,3435,14,0.84798,248.55,133.05,272.05,207.28
5292,3435,14,0.8315,156.31,97.62,202.17,210.43
5293,3435,14,0.78625,304.1,132.62,328.72,217.19
5294,3435,14,0.71802,204.43,128.51,250.42,204.26
5295,3435,5,0.70459,408.3,177.69,477.54,219.57
5296,3435,14,0.11281,227.6,129.29,250.41,204.46
5297,3435,5,0.02353,486.44,174.16,500.0,220.64
5298,3435,5,0.00564,479.89,150.45,500.0,183.28
5299,3435,5,0.00173,466.69,151.8,500.0,178.3
5300,3435,5,0.00169,484.11,159.97,500.0,213.07
5301,3437,10,0.90771,370.9,125.04,391.17,148.19
5302,3437,17,0.87747,239.28,87.52,256.96,105.67
5303,3437,10,0.87496,368.94,81.48,391.67,102.46
5304,3437,10,0.87274,276.8,46.44,299.71,65.91
5305,3437,11,0.80504,293.1,95.79,315.43,120.07
5306,3437,9,0.78194,321.06,41.34,344.12,63.73
5307,3437,17,0.54259,237.88,127.97,255.86,146.37
5308,3437,9,0.52101,237.85,127.81,255.85,146.45
5309,3437,10,0.47953,325.88,170.36,352.57,191.29
5310,3437,11,0.42664,325.93,170.38,352.78,191.52
5311,3437,10,0.0087,320.81,41.59,344.48,63.98
5312,3444,10,0.86544,350.25,109.97,368.2,126.77
5313,3444,10,0.86543,264.7,129.92,280.5,149.11
5314,3444,9,0.85674,280.82,99.77,296.63,117.15
5315,3444,10,0.83501,370.37,73.47,385.1,88.16
5316,3444,17,0.81927,191.94,108.37,205.99,121.69
5317,3444,9,0.50034,340.89,163.98,364.99,186.82
5318,3450,8,0.57707,105.17,35.75,363.57,159.56
5319,3450,8,0.23572,44.96,29.77,292.61,158.01
5320,3450,8,0.06587,463.69,67.1,504.0,97.31
5321,3450,5,0.05448,463.28,66.91,504.0,102.45
5322,3450,5,0.01076,160.02,36.16,276.62,85.91
5323,3450,8,0.00618,0.0,31.06,88.02,119.08
5324,3450,8,0.00535,497.01,95.33,504.0,130.86
5325,3450,8,0.0052,0.0,30.85,82.33,203.29
5326,3450,8,0.00477,0.0,34.51,55.68,117.02
5327,3450,8,0.00472,287.6,42.11,361.84,162.07
5328,3450,5,0.00399,126.0,36.29,314.97,160.94
5329,3450,8,0.00345,494.4,87.0,504.0,131.15
5330,3450,8,0.00287,496.14,103.39,504.0,151.26
5331,3450,8,0.00284,490.99,67.25,504.0,130.85
5332,3450,5,0.00251,358.28,62.91,408.85,89.78
5333,3450,8,0.00236,497.86,107.97,504.0,131.01
5334,3450,8,0.00235,39.0,71.8,149.05,159.2
5335,3450,8,0.00228,466.0,71.03,503.77,130.89
5336,3450,8,0.00182,0.0,36.51,57.69,171.71
5337,3450,14,0.00148,270.58,45.5,314.49,134.49
5338,3450,8,0.00114,0.4,68.4,54.61,115.54
5339,3450,8,0.0011,285.05,47.98,483.53,159.44
5340,3450,8,0.00106,230.82,38.82,363.85,161.2
5341,3450,14,0.00105,232.06,43.32,310.77,124.72
5342,3456,15,0.92479,107.42,63.33,148.71,110.75
5343,3456,15,0.9218,92.17,172.12,132.99,216.79
5344,3456,14,0.00113,101.87,0.0,142.62,0.34
5345,3457,7,0.9268,36.92,112.26,84.8,154.22
5346,3457,7,0.9045,138.95,102.98,178.76,140.15
5347,3465,15,0.89784,234.89,22.3,258.19,52.21
5348,3465,15,0.8664,149.59,38.19,171.72,64.95
5349,3481,11,0.7447,199.77,125.19,231.23,153.44
5350,3481,10,0.6472,221.89,182.83,254.09,211.03
5351,3481,10,0.20544,104.52,172.6,140.58,208.17
5352,3481,11,0.18276,104.96,172.72,140.68,208.28
5353,3481,1,0.02924,104.64,171.6,140.72,208.23
5354,3481,13,0.00369,104.8,172.08,140.87,208.44
5355,3481,11,0.00294,221.69,182.86,254.7,211.6
5356,3481,14,0.00151,280.86,130.84,327.36,237.99
5357,3488,11,0.91969,209.73,83.69,223.74,95.42
5358,3488,17,0.8515,153.0,71.67,163.42,82.41
5359,3488,10,0.82107,219.69,57.38,232.8,68.75
5360,3488,11,0.81947,182.9,68.68,195.65,80.03
5361,3488,17,0.80732,156.89,82.1,167.73,92.79
5362,3488,10,0.68843,226.77,68.73,238.07,79.9
5363,3488,10,0.49462,168.24,57.33,181.02,67.91
5364,3488,12,0.22968,190.27,52.24,204.05,63.32
5365,3488,11,0.12852,190.32,52.01,203.91,63.38
5366,3488,10,0.08384,190.31,52.02,203.96,63.33
5367,3488,11,0.0342,168.02,57.35,181.2,68.19
5368,3488,17,0.00826,190.98,51.96,202.78,63.16
5369,3488,9,0.00678,190.23,51.66,204.05,63.2
5370,3488,17,0.0051,168.97,54.85,182.16,66.22
5371,3488,16,0.00488,210.81,83.98,224.46,95.2
5372,3488,17,0.00283,152.78,72.08,166.09,89.02
5373,3488,13,0.00247,156.64,82.14,167.18,92.76
5374,3488,13,0.0013,219.72,63.24,236.41,83.93
5375,3488,17,0.00121,153.61,66.49,165.44,82.67
5376,3512,5,0.88582,216.2,83.39,339.71,160.6
5377,3512,5,0.87912,319.87,81.8,434.91,137.09
5378,3512,5,0.85365,81.59,42.72,149.81,91.94
5379,3512,5,0.84703,16.06,0.83,51.7,19.42
5380,3512,5,0.83654,211.25,34.3,283.37,72.08
5381,3512,5,0.83567,26.94,64.63,99.2,111.03
5382,3512,5,0.81981,135.42,36.64,188.32,73.4
5383,3512,5,0.81365,51.48,17.2,100.39,46.64
5384,3512,5,0.79502,0.0,18.39,28.33,47.74
5385,3512,5,0.75883,404.44,176.93,500.0,254.91
5386,3512,14,0.01269,300.26,147.44,337.06,181.57
5387,3512,2,0.00927,471.98,7.86,499.89,33.31
5388,3512,5,0.00165,408.78,77.13,499.55,250.78
5389,3512,5,0.00147,0.06,7.81,18.41,36.31
5390,3512,5,0.00142,126.5,0.0,379.94,0.0
5391,3512,5,0.00118,0.12,14.02,15.18,27.76
5392,3512,5,0.00101,134.4,32.95,166.18,47.49
5393,3514,7,0.87106,215.09,160.26,247.1,185.57
5394,3514,7,0.8396,393.72,136.7,419.39,159.38
5395,3520,14,0.88678,223.65,136.63,265.42,246.46
5396,3520,5,0.11484,286.43,177.11,367.93,220.0
5397,3520,5,0.08252,3.06,167.07,181.99,227.49
5398,3520,5,0.05438,0.75,177.46,99.26,229.02
5399,3520,14,0.02484,489.45,147.61,500.0,224.31
5400,3520,5,0.00482,82.55,188.91,184.77,224.22
5401,3520,14,0.00157,494.13,161.39,500.0,217.17
5402,3520,14,0.00121,0.03,151.85,5.72,192.62
5403,3522,5,0.89079,85.01,4.11,269.55,92.4
5404,3522,5,0.86828,0.0,13.61,78.7,88.29
5405,3522,5,0.80841,202.53,0.72,350.58,71.17
5406,3522,5,0.00789,132.59,0.0,356.74,0.0
5407,3522,8,0.00182,0.04,52.62,9.07,87.58
5408,3523,8,0.84867,163.89,112.93,212.92,181.62
5409,3523,14,0.77581,169.95,92.51,206.83,117.78
5410,3523,16,0.68367,4.77,124.27,21.88,147.1
5411,3523,16,0.59011,20.55,123.8,35.21,145.76
5412,3523,16,0.58038,34.53,123.56,49.14,144.61
5413,3523,16,0.5736,0.0,124.93,6.43,148.06
5414,3523,16,0.5572,60.14,123.2,75.02,141.9
5415,3523,16,0.49149,48.34,123.18,61.06,142.81
5416,3523,14,0.4661,303.08,104.17,317.77,119.1
5417,3523,8,0.44856,276.25,99.47,307.07,146.3
5418,3523,16,0.42014,74.16,122.26,85.86,140.79
5419,3523,16,0.35897,136.91,114.78,146.03,125.57
5420,3523,16,0.34919,105.31,121.48,115.86,138.57
5421,3523,16,0.34787,95.02,121.61,105.67,139.25
5422,3523,16,0.33479,85.1,122.06,96.26,140.01
5423,3523,16,0.24553,122.62,120.95,131.86,137.58
5424,3523,16,0.24247,130.82,121.18,140.27,136.93
5425,3523,8,0.21991,300.88,113.34,322.6,146.67
5426,3523,16,0.21601,114.96,121.05,123.22,138.23
5427,3523,8,0.01415,307.95,113.58,324.95,141.12
5428,3523,16,0.01219,132.45,119.38,145.51,136.95
5429,3523,8,0.00707,281.97,106.29,321.98,146.8
5430,3523,8,0.00512,298.45,114.26,315.97,145.64
5431,3523,16,0.0051,0.24,133.09,5.99,149.73
5432,3523,16,0.00429,0.58,124.35,5.92,139.29
5433,3523,16,0.00413,125.08,119.92,138.62,136.5
5434,3523,14,0.00393,300.47,104.15,322.88,146.7
5435,3523,14,0.00251,164.8,106.8,173.93,119.81
5436,3523,16,0.00221,129.12,115.23,144.8,136.03
5437,3523,14,0.00177,479.64,161.34,488.0,231.0
5438,3523,16,0.00177,0.02,117.67,1.88,130.52
5439,3523,16,0.00164,61.0,123.79,84.67,140.93
5440,3523,16,0.00154,163.76,106.82,174.13,124.73
5441,3524,13,0.58483,392.95,104.37,444.58,152.89
5442,3524,3,0.39698,233.3,91.04,329.14,173.64
5443,3524,4,0.00625,234.93,107.37,315.18,173.35
5444,3524,2,0.00325,393.33,104.65,443.28,152.46
5445,3524,17,0.00151,61.35,15.12,71.84,29.21
5446,3524,14,0.00126,319.84,2.21,435.46,84.97
5447,3530,2,0.87149,126.43,68.53,155.1,105.34
5448,3530,17,0.60338,62.57,55.04,78.7,70.51
5449,3530,17,0.30492,135.28,39.13,152.06,56.53
5450,3530,2,0.30402,135.16,38.94,152.0,56.57
5451,3530,2,0.06465,0.0,61.47,5.3,96.81
5452,3530,2,0.00819,0.0,46.78,2.87,88.22
5453,3530,2,0.00695,63.01,55.56,80.2,70.67
5454,3530,2,0.00624,0.06,48.27,5.09,87.53
5455,3530,2,0.00602,0.06,70.82,6.06,100.59
5456,3530,2,0.00242,0.0,74.62,4.75,109.93
5457,3533,12,0.62144,350.28,104.41,378.1,132.68
5458,3533,12,0.42866,180.55,81.97,208.11,109.08
5459,3533,17,0.00269,350.32,104.21,378.26,132.89
5460,3533,10,0.00165,180.52,82.01,208.06,109.08
5461,3540,10,0.90383,76.61,38.67,99.4,61.8
5462,3540,10,0.8871,55.5,69.82,77.02,94.99
5463,3540,17,0.85681,193.46,96.45,213.8,117.02
5464,3540,11,0.74786,132.44,19.83,159.31,40.04
5465,3540,17,0.66913,208.63,65.65,228.44,85.61
5466,3540,11,0.60066,138.66,71.88,160.59,96.92
5467,3540,9,0.57,129.54,119.4,156.84,142.36
5468,3540,1,0.53001,80.94,109.69,105.52,136.37
5469,3540,10,0.13971,208.64,65.81,227.98,85.76
5470,3540,9,0.08024,80.76,108.91,105.42,136.24
5471,3540,10,0.03989,80.95,109.02,105.46,136.17
5472,3540,10,0.00209,193.61,96.47,213.7,117.16
5473,3540,10,0.00114,128.86,119.46,156.9,142.32
5474,3546,5,0.87952,287.88,97.23,427.82,166.79
5475,3546,8,0.66191,4.95,134.37,82.97,194.12
5476,3546,5,0.52294,151.38,112.26,230.83,152.91
5477,3546,14,0.18231,30.3,115.05,58.56,179.55
5478,3546,14,0.09954,29.22,107.65,83.9,181.16
5479,3546,14,0.03381,7.86,117.21,72.54,190.82
5480,3546,14,0.01936,3.59,112.53,58.91,178.45
5481,3546,14,0.01486,465.39,71.09,474.0,153.05
5482,3546,14,0.01402,113.86,120.76,132.05,164.13
5483,3546,8,0.01332,0.08,111.25,29.75,199.96
5484,3546,5,0.00972,0.05,114.55,20.82,155.37
5485,3546,14,0.00814,467.82,90.04,474.0,145.34
5486,3546,8,0.0061,0.01,115.75,20.96,172.06
5487,3546,14,0.00374,469.54,80.69,474.0,134.67
5488,3546,5,0.00316,186.19,111.72,229.88,152.8
5489,3546,14,0.00279,464.26,93.66,474.0,146.36
5490,3546,8,0.0026,0.03,118.22,11.38,154.12
5491,3546,5,0.00238,0.01,116.84,10.71,153.24
5492,3546,5,0.00208,210.31,110.1,294.16,154.4
5493,3546,14,0.00207,465.41,33.65,474.0,142.46
5494,3546,14,0.00131,20.72,129.99,58.67,176.74
5495,3546,8,0.00131,0.02,118.02,23.85,153.88
5496,3546,14,0.00118,92.07,63.9,125.46,162.45
5497,3546,14,0.0011,189.08,80.92,206.09,117.27
5498,3551,2,0.8658,418.35,155.31,448.97,182.8
5499,3551,2,0.85573,296.47,137.4,332.37,163.6
5500,3551,2,0.00524,504.0,54.08,508.0,77.84
5501,3551,2,0.00346,0.0,38.01,3.94,66.14
5502,3551,2,0.00165,501.69,53.83,508.0,86.55
5503,3551,2,0.001,0.08,40.69,6.96,68.16
5504,3552,4,0.92984,144.34,80.02,197.72,142.67
5505,3552,12,0.9031,216.3,104.25,261.4,143.2
5506,3552,3,0.89722,251.97,134.97,347.39,199.63
5507,3552,0,0.88684,164.79,145.14,211.48,194.79
5508,3552,1,0.86336,253.87,61.4,293.76,101.73
5509,3553,7,0.84909,399.91,112.56,423.99,136.64
5510,3553,7,0.83081,297.0,177.85,324.91,204.66
5511,3561,12,0.76917,298.02,124.56,329.06,154.39
5512,3561,17,0.59751,251.52,81.0,279.55,109.91
5513,3561,12,0.44345,251.13,81.25,279.29,109.64
5514,3561,17,0.00244,298.12,124.34,328.9,154.36
5515,3576,2,0.81518,161.95,186.9,187.23,209.2
5516,3576,2,0.08957,0.01,130.44,9.64,146.98
5517,3576,2,0.00457,65.56,207.4,89.21,230.47
5518,3576,2,0.00106,59.17,206.94,89.55,237.08
5519,3579,17,0.83686,259.5,191.82,282.1,214.76
5520,3579,9,0.71128,382.54,130.76,402.21,150.99
5521,3579,5,0.00755,0.18,2.05,68.37,221.14
5522,3579,17,0.00103,382.43,130.43,402.3,150.88
5523,3584,9,0.86765,275.29,164.19,325.96,214.08
5524,3584,9,0.82693,381.33,106.84,430.02,147.6
5525,3584,9,0.75354,293.74,78.18,336.61,113.81
5526,3584,9,0.52979,193.22,130.41,234.06,169.02
5527,3584,11,0.1104,192.83,130.03,233.74,168.93
5528,3584,11,0.02074,293.95,78.2,336.63,113.81
5529,3584,11,0.01531,381.74,106.93,429.47,147.15
5530,3584,8,0.00964,0.0,79.92,22.93,207.99
5531,3584,11,0.00439,275.2,164.32,325.57,214.08
5532,3584,2,0.00291,381.19,107.12,428.88,147.07
5533,3584,2,0.00256,274.89,164.41,325.34,213.38
5534,3584,2,0.00177,293.18,77.77,336.36,113.53
5535,3585,15,0.88998,96.09,139.22,128.02,171.93
5536,3585,15,0.88478,19.46,123.6,46.74,146.96
5537,3585,7,0.83202,37.1,184.69,59.82,208.96
5538,3585,7,0.76421,12.86,91.09,33.13,110.64
5539,3585,7,0.00174,0.0,122.35,4.37,133.55
5540,3590,2,0.84112,147.04,136.87,182.8,163.08
5541,3590,17,0.82906,182.36,182.39,199.59,199.39
5542,3590,17,0.77468,60.43,181.12,77.05,197.91
5543,3590,17,0.00108,60.54,196.1,79.34,213.9
5544,3598,7,0.88086,231.79,26.27,255.27,46.39
5545,3598,7,0.85393,395.99,81.92,423.83,104.55
5546,3598,7,0.11665,13.48,137.86,38.92,158.2
5547,3606,13,0.08521,213.04,125.55,264.96,179.02
5548,3606,12,0.07705,213.22,125.57,264.77,178.76
5549,3606,3,0.05747,147.73,58.36,244.02,103.39
5550,3606,12,0.00753,390.74,46.57,439.42,96.61
5551,3606,14,0.00613,281.32,1.54,396.34,46.9
5552,3606,14,0.00511,328.38,0.99,364.44,31.61
5553,3606,2,0.00448,390.71,47.02,438.85,96.44
5554,3606,14,0.00247,0.0,33.06,62.22,190.87
5555,3606,16,0.00228,390.5,46.34,440.12,96.19
5556,3606,14,0.00192,279.48,1.78,392.99,92.22
5557,3610,14,0.71363,37.31,16.16,53.47,50.51
5558,3610,16,0.20366,406.77,133.11,425.57,152.63
5559,3610,0,0.14674,406.83,133.26,425.37,152.72
5560,3610,17,0.01207,138.37,102.71,155.58,120.87
5561,3610,2,0.00611,138.29,103.02,155.79,120.88
5562,3610,8,0.00241,465.57,79.66,469.0,106.89
5563,3610,2,0.00225,137.97,105.33,155.94,130.34
5564,3610,14,0.00114,465.13,82.58,469.0,106.91
5565,3611,2,0.84826,44.54,129.95,72.08,169.61
5566,3611,17,0.77636,137.49,161.68,155.77,180.16
5567,3611,17,0.75516,62.34,197.94,81.95,217.88
5568,3615,2,0.86018,238.77,44.88,264.52,62.35
5569,3615,2,0.85798,164.68,45.4,185.97,72.4
5570,3620,15,0.90119,186.89,48.89,205.73,69.78
5571,3620,15,0.88192,78.79,43.98,95.38,62.7
5572,3620,15,0.88124,132.88,52.52,148.37,67.42
5573,3622,15,0.92693,159.25,86.16,201.86,131.48
5574,3622,15,0.90168,307.12,39.68,345.76,83.01
5575,3623,7,0.86861,45.26,124.0,74.87,144.95
5576,3623,7,0.85693,103.41,48.65,128.55,68.92
5577,3631,14,0.84351,144.28,85.16,178.43,167.31
5578,3631,14,0.84245,305.01,90.8,332.8,175.95
5579,3631,14,0.82061,217.8,99.0,241.22,164.84
5580,3631,14,0.80608,350.73,85.35,388.52,184.9
5581,3631,5,0.77838,406.66,132.41,477.18,173.01
5582,3631,14,0.07702,161.05,87.51,179.86,166.61
5583,3631,5,0.00468,489.92,133.17,500.0,173.26
5584,3631,14,0.00192,0.0,94.08,8.65,183.26
5585,3631,5,0.00127,480.92,103.53,500.0,140.09
5586,3631,8,0.00102,136.24,80.81,183.89,167.77
5587,3636,2,0.85159,189.16,169.63,223.61,195.91
5588,3636,2,0.84258,309.03,182.14,338.79,209.64
5589,3636,2,0.00408,0.02,86.1,8.41,114.2
5590,3636,2,0.00161,488.75,85.82,495.0,117.42
5591,3636,2,0.001,485.48,86.82,495.0,113.57
5592,3643,2,0.79437,0.02,95.58,22.02,117.27
5593,3643,17,0.71546,236.56,201.23,246.71,211.89
5594,3643,11,0.71362,291.97,218.19,305.72,229.93
5595,3643,10,0.50407,310.03,204.08,321.35,215.9
5596,3643,11,0.39548,274.74,184.51,287.81,196.01
5597,3643,17,0.35009,239.72,212.58,250.24,222.87
5598,3643,11,0.33907,266.32,200.81,278.69,212.21
5599,3643,11,0.3025,252.59,188.2,264.95,199.02
5600,3643,10,0.12236,304.0,192.34,316.67,203.84
5601,3643,2,0.09351,0.0,93.67,22.09,131.31
5602,3643,17,0.09311,252.99,188.03,264.43,197.5
5603,3643,12,0.06352,303.84,192.36,316.8,203.91
5604,3643,17,0.02034,304.14,193.5,316.05,202.95
5605,3643,13,0.00848,292.56,218.0,306.5,229.53
5606,3643,6,0.00504,0.0,96.3,22.71,144.92
5607,3643,17,0.00499,238.04,202.51,249.05,214.3
5608,3643,11,0.00481,303.43,192.41,316.19,204.06
5609,3643,2,0.00173,0.0,97.19,12.27,132.16
5610,3648,15,0.91013,271.06,170.1,290.69,187.74
5611,3648,15,0.89101,226.84,174.62,244.54,190.81
5612,3652,3,0.91219,139.73,87.59,184.52,137.38
5613,3652,3,0.85054,67.2,81.02,141.37,107.55
5614,3652,13,0.84962,180.29,32.14,215.47,68.15
5615,3652,1,0.84381,231.78,51.4,267.32,88.56
5616,3652,4,0.74858,215.91,99.51,303.9,127.63
5617,3652,3,0.5041,215.35,98.61,304.38,127.44
5618,3658,15,0.9091,360.52,173.09,382.37,192.75
5619,3658,15,0.87352,410.34,177.13,433.25,200.27
5620,3658,15,0.00245,501.58,56.86,505.0,72.23
5621,3658,15,0.00219,490.5,47.71,505.0,73.43
5622,3661,15,0.90345,380.46,162.41,400.44,180.29
5623,3661,15,0.89326,416.32,152.75,435.72,171.73
5624,3664,2,0.87271,290.09,64.08,320.42,103.82
5625,3664,17,0.51945,281.57,32.45,298.82,50.24
5626,3664,2,0.0984,354.54,50.17,375.59,88.01
5627,3664,17,0.08414,356.26,49.35,373.79,67.68
5628,3664,2,0.01572,280.41,33.06,299.44,79.11
5629,3676,13,0.84709,427.07,21.49,471.67,61.87
5630,3676,1,0.79355,261.74,17.52,302.33,58.11
5631,3676,4,0.03272,277.48,144.32,348.95,239.07
5632,3676,0,0.00126,260.48,17.36,304.2,59.06
5633,3686,11,0.88839,255.57,58.78,268.22,70.33
5634,3686,17,0.85383,186.34,61.21,197.64,71.8
5635,3686,17,0.83682,205.21,67.27,216.57,78.48
5636,3686,10,0.75096,248.04,46.08,260.56,57.22
5637,3686,11,0.71786,209.31,53.22,224.93,64.95
5638,3686,10,0.65094,227.36,39.34,241.08,50.57
5639,3686,9,0.48787,193.51,39.63,208.51,51.31
5640,3686,9,0.3053,180.8,47.6,192.94,58.62
5641,3686,11,0.0145,181.05,47.48,193.06,58.82
5642,3686,13,0.00413,186.2,61.43,197.5,71.53
5643,3686,13,0.00309,248.53,45.26,261.35,56.53
5644,3686,11,0.00275,248.5,46.27,261.14,57.17
5645,3691,2,0.85628,338.49,48.01,355.75,70.86
5646,3691,2,0.8412,384.72,73.26,402.45,97.17
5647,3708,10,0.88209,231.28,9.27,247.0,23.98
5648,3708,10,0.86954,261.55,10.41,278.26,24.0
5649,3708,11,0.86576,242.33,31.88,260.29,46.92
5650,3708,17,0.86107,235.67,51.27,249.74,65.19
5651,3708,17,0.85755,266.13,51.51,280.39,65.37
5652,3708,11,0.82587,293.48,22.59,308.58,36.53
5653,3708,9,0.41256,201.89,22.17,219.58,37.23
5654,3708,17,0.33266,204.51,37.62,219.75,51.34
5655,3708,10,0.2323,204.62,37.62,219.66,51.21
5656,3708,10,0.22772,201.94,22.14,219.56,37.21
5657,3708,15,0.00833,353.43,110.41,398.21,153.84
5658,3708,17,0.00235,201.78,21.9,219.72,37.39
5659,3720,2,0.87562,387.27,54.76,427.31,97.88
5660,3720,17,0.82689,295.42,110.2,317.0,129.95
5661,3720,17,0.81508,313.53,32.92,334.25,51.89
5662,3720,2,0.00209,0.0,35.2,2.76,62.36
5663,3726,10,0.88609,130.63,150.94,146.61,164.83
5664,3726,17,0.82695,171.72,193.47,185.14,207.37
5665,3726,10,0.76452,107.08,160.65,120.52,175.69
5666,3726,17,0.72645,193.74,182.65,207.26,196.13
5667,3726,11,0.42272,171.17,151.33,188.08,164.37
5668,3726,10,0.40492,126.13,193.48,142.95,208.32
5669,3726,11,0.36812,150.37,174.81,164.72,189.68
5670,3726,17,0.14612,104.28,181.0,119.37,197.57
5671,3726,1,0.07876,104.2,181.15,119.35,197.8
5672,3726,13,0.01282,104.11,181.21,119.21,197.67
5673,3726,10,0.01259,193.73,182.72,207.17,196.02
5674,3726,9,0.0076,171.81,193.73,185.08,207.44
5675,3726,13,0.00368,193.58,182.88,207.32,196.14
5676,3726,13,0.00273,170.09,148.64,195.69,168.14
5677,3726,13,0.00169,128.96,150.93,146.49,165.38
5678,3726,13,0.0014,150.43,175.05,164.68,190.41
5679,3726,13,0.0013,107.48,160.68,121.47,173.78
5680,3731,15,0.89541,386.18,36.22,405.85,55.2
5681,3731,15,0.89465,350.62,45.37,369.88,63.33
5682,3736,2,0.87153,380.51,132.48,419.87,174.82
5683,3736,17,0.81594,287.39,181.94,310.03,202.23
5684,3736,17,0.76997,308.82,107.33,329.13,124.92
5685,3736,14,0.00151,0.0,51.88,57.79,224.06
5686,3738,14,0.80188,105.55,58.08,129.04,129.6
5687,3738,15,0.00117,373.97,102.84,400.45,126.87
5688,3738,14,0.00107,409.61,112.9,419.92,130.49
5689,3748,15,0.91238,247.76,176.91,270.22,204.59
5690,3748,15,0.89188,181.38,174.12,203.51,199.16
5691,3752,2,0.86078,392.09,180.46,409.43,202.59
5692,3752,2,0.84137,409.99,154.65,427.25,176.13
5693,3753,15,0.86625,170.78,124.19,196.68,147.22
5694,3753,15,0.86282,245.28,137.19,276.22,170.11
5695,3753,7,0.82937,190.28,183.24,212.84,207.24
5696,3753,15,0.69658,162.6,92.82,182.47,112.38
5697,3753,2,0.00401,0.08,116.74,6.33,143.59
5698,3763,17,0.89067,112.82,121.55,126.7,135.23
5699,3763,17,0.88132,81.99,120.69,95.64,134.4
5700,3763,11,0.82229,140.95,93.67,156.21,107.42
5701,3763,10,0.79664,109.34,80.92,126.08,94.18
5702,3763,10,0.71825,48.19,90.22,65.86,104.99
5703,3763,10,0.66662,78.94,79.02,94.49,93.07
5704,3763,11,0.59432,89.27,101.59,107.14,115.89
5705,3763,11,0.3538,50.24,105.87,65.22,119.42
5706,3763,10,0.21708,50.36,105.55,65.23,119.5
5707,3763,13,0.00989,50.47,104.94,64.99,118.83
5708,3763,13,0.00295,82.22,120.94,95.65,133.82
5709,3763,9,0.00147,81.91,120.88,95.63,134.29
5710,3763,13,0.00128,112.53,121.68,126.57,135.35
5711,3769,11,0.83149,149.75,61.93,165.83,78.52
5712,3769,10,0.83078,212.86,92.48,232.22,108.62
5713,3769,10,0.80831,274.61,87.89,291.21,103.89
5714,3769,17,0.73148,150.56,29.04,163.55,41.91
5715,3769,9,0.49812,197.8,62.89,216.38,77.17
5716,3769,9,0.18649,133.13,103.98,158.13,127.67
5717,3769,17,0.02722,133.3,104.07,158.2,127.86
5718,3769,12,0.00897,133.05,103.94,158.19,128.22
5719,3769,6,0.0047,0.0,161.55,14.56,195.6
5720,3769,6,0.00416,0.21,160.2,14.62,178.93
5721,3769,3,0.00262,0.02,164.39,13.75,191.74
5722,3769,11,0.00195,197.75,62.7,216.26,77.54
5723,3772,4,0.89594,150.71,80.95,209.4,139.5
5724,3772,3,0.87614,417.15,108.28,459.61,180.7
5725,3772,3,0.87406,53.14,58.71,124.06,108.53
5726,3772,3,0.75553,272.48,99.91,328.73,161.14
5727,3772,4,0.60312,274.37,99.19,328.39,160.12
5728,3772,2,0.00124,272.84,99.73,328.6,160.65
5729,3774,1,0.85665,421.08,193.21,436.58,208.59
5730,3774,0,0.81323,370.98,181.03,385.86,195.87
5731,3774,14,0.40942,273.66,10.27,298.45,53.16
5732,3774,14,0.24897,276.98,27.29,297.26,53.23
5733,3774,14,0.00135,273.61,10.71,289.08,48.32
5734,3779,2,0.81491,389.65,35.43,417.16,57.41
5735,3779,2,0.07489,294.34,48.83,317.17,70.38
5736,3780,7,0.90243,277.86,116.47,311.9,142.95
5737,3780,7,0.88507,232.6,149.92,261.96,177.33
5738,3780,17,0.8553,222.56,107.26,240.43,125.2
5739,3780,17,0.82435,238.45,130.6,257.01,149.24
5740,3780,11,0.02095,289.32,193.55,316.03,215.4
5741,3780,10,0.00269,289.43,193.56,315.65,215.44
5742,3780,17,0.00177,350.25,98.75,369.63,124.74
5743,3780,10,0.00111,350.41,98.62,369.96,125.34
5744,3784,5,0.82713,302.19,146.35,434.64,197.19
5745,3784,14,0.82101,114.06,137.9,137.34,225.45
5746,3784,5,0.72322,460.92,137.51,500.0,197.49
5747,3784,10,0.01681,133.17,174.84,145.12,188.07
5748,3786,2,0.84807,330.12,179.02,355.94,194.29
5749,3786,2,0.83283,370.7,142.68,388.83,166.22
5750,3791,15,0.9047,358.97,167.96,377.14,184.29
5751,3791,15,0.89742,403.3,160.94,423.46,178.24
5752,3791,15,0.00162,493.07,142.69,496.0,152.44
5753,3795,5,0.8702,189.46,146.66,321.04,199.8
5754,3795,14,0.84326,11.88,140.37,42.19,221.99
5755,3795,14,0.82645,329.53,111.43,375.73,249.21
5756,3795,5,0.77054,335.85,146.81,486.55,205.04
5757,3795,5,0.02178,480.24,131.47,500.0,190.22
5758,3795,14,0.00882,489.99,140.61,500.0,242.24
5759,3795,8,0.00255,133.98,158.09,165.59,189.81
5760,3795,14,0.00184,486.94,137.75,500.0,214.88
5761,3795,5,0.00184,0.04,146.45,20.27,205.29
5762,3795,5,0.00147,0.0,145.54,34.42,214.51
5763,3795,14,0.00116,487.53,118.04,500.0,187.16
5764,3799,14,0.86355,325.16,90.76,348.44,154.06
5765,3799,14,0.86239,181.91,126.71,212.42,163.08
5766,3799,8,0.83559,202.85,117.13,228.39,136.21
5767,3799,14,0.78881,173.91,108.69,192.03,123.84
5768,3799,16,0.7809,11.2,116.82,36.73,154.68
5769,3799,14,0.73744,401.71,97.98,415.37,127.54
5770,3799,14,0.72493,77.09,118.52,94.11,148.42
5771,3799,14,0.70743,41.9,124.31,68.98,135.68
5772,3799,14,0.68587,444.77,91.94,458.77,124.87
5773,3799,14,0.68422,41.04,127.09,61.3,153.99
5774,3799,14,0.35818,68.44,140.24,77.25,150.21
5775,3799,14,0.24359,69.43,126.42,77.78,135.68
5776,3799,14,0.1198,41.61,125.78,64.51,139.73
5777,3799,14,0.04607,40.07,121.39,71.03,133.7
5778,3799,5,0.04106,92.07,125.44,96.82,133.39
5779,3799,14,0.03817,489.25,69.23,499.0,124.85
5780,3799,14,0.03159,70.08,122.91,82.04,136.0
5781,3799,14,0.02978,160.66,111.04,170.99,124.16
5782,3799,14,0.02903,165.21,110.71,172.12,124.46
5783,3799,14,0.02283,49.02,125.13,77.66,136.56
5784,3799,14,0.01643,68.73,126.58,78.85,145.95
5785,3799,14,0.01304,183.2,108.38,195.55,122.8
5786,3799,5,0.01223,101.68,126.02,107.08,131.5
5787,3799,5,0.01129,92.98,125.44,106.29,133.37
5788,3799,5,0.01006,96.27,126.24,106.21,131.89
5789,3799,14,0.00985,70.95,118.71,87.53,134.94
5790,3799,14,0.00925,37.46,121.52,64.48,130.83
5791,3799,8,0.00758,156.76,121.31,164.65,129.81
5792,3799,14,0.00689,156.52,109.07,160.77,123.1
5793,3799,14,0.00596,52.97,118.82,85.42,134.78
5794,3799,14,0.0059,76.34,118.09,88.79,131.38
5795,3799,14,0.00512,157.02,111.34,161.85,124.04
5796,3799,14,0.0051,60.44,139.39,76.79,151.89
5797,3799,14,0.00461,34.04,124.32,54.1,136.24
5798,3799,14,0.00451,63.07,127.58,77.88,144.04
5799,3799,14,0.00407,40.85,116.01,73.96,131.08
5800,3799,14,0.00404,40.1,125.52,57.27,136.28
5801,3799,14,0.00378,67.19,141.21,79.31,155.24
5802,3799,14,0.00361,37.62,125.25,58.35,143.72
5803,3799,14,0.00326,47.7,125.59,74.02,141.23
5804,3799,14,0.003,173.18,108.67,183.0,120.14
5805,3799,14,0.00259,27.37,124.07,49.26,152.67
5806,3799,14,0.00222,77.22,117.36,88.23,126.87
5807,3799,14,0.0022,68.42,141.38,81.75,151.37
5808,3799,14,0.0021,30.71,120.71,56.42,131.45
5809,3799,14,0.00198,189.41,108.41,198.35,122.43
5810,3799,16,0.00197,18.23,116.88,40.3,133.22
5811,3799,14,0.0019,157.1,121.34,165.81,130.08
5812,3799,14,0.00182,0.02,144.04,7.41,157.42
5813,3799,8,0.00165,320.99,89.72,349.69,153.43
5814,3799,14,0.00162,0.0,137.54,6.59,198.09
5815,3799,14,0.00159,155.17,108.04,158.97,122.51
5816,3799,14,0.00153,185.64,126.11,202.24,140.3
5817,3799,16,0.00116,12.86,114.85,26.67,123.34
5818,3799,14,0.00116,0.14,131.23,9.34,152.01
5819,3799,14,0.00113,189.45,125.59,202.65,134.29
5820,3799,14,0.00113,37.7,117.13,63.06,129.61
5821,3799,16,0.00111,13.45,110.46,26.94,121.91
5822,3799,14,0.00103,82.16,119.47,94.95,141.45
5823,3799,14,0.00102,77.56,117.04,95.37,128.69
5824,3799,16,0.00101,11.65,116.39,36.68,136.77
5825,3800,2,0.84353,133.28,24.46,160.06,46.79
5826,3800,2,0.2569,34.96,40.61,59.59,63.0
5827,3805,2,0.86511,398.06,111.03,420.25,139.53
5828,3805,2,0.84772,302.53,113.14,321.15,141.83
5829,3809,10,0.90159,268.1,191.97,293.85,221.83
5830,3809,11,0.87153,190.29,210.97,216.11,235.84
5831,3809,10,0.81619,152.24,144.1,177.16,168.46
5832,3809,11,0.80489,245.72,148.9,269.46,173.5
5833,3809,17,0.15626,152.4,144.2,177.23,168.54
5834,3810,7,0.74719,149.35,65.72,170.54,80.44
5835,3810,7,0.7073,93.99,28.42,114.27,43.74
5836,3810,2,0.0021,231.21,130.23,246.21,146.99
5837,3816,8,0.85843,0.0,105.25,86.08,244.39
5838,3816,14,0.76724,288.04,102.23,305.25,120.07
5839,3816,8,0.72635,250.85,95.6,283.7,145.32
5840,3816,14,0.72471,18.92,81.17,75.41,116.24
5841,3816,16,0.71398,168.77,118.68,177.49,128.53
5842,3816,16,0.59878,78.49,124.11,90.01,141.41
5843,3816,16,0.58641,124.45,123.72,134.18,138.53
5844,3816,16,0.58368,89.43,123.57,99.62,140.79
5845,3816,16,0.57661,131.0,116.89,140.18,127.17
5846,3816,8,0.56526,283.06,114.72,309.3,150.8
5847,3816,16,0.55905,99.61,123.13,109.52,139.89
5848,3816,16,0.50464,117.02,123.08,125.55,138.48
5849,3816,16,0.46229,109.05,122.93,117.12,139.17
5850,3816,8,0.08476,290.74,114.16,311.42,144.78
5851,3816,16,0.07215,0.0,106.42,9.46,127.7
5852,3816,16,0.05983,168.88,119.79,178.02,135.41
5853,3816,16,0.05351,127.05,122.45,137.83,138.69
5854,3816,16,0.0491,76.48,125.24,82.0,139.17
5855,3816,8,0.02404,0.04,105.95,10.33,136.24
5856,3816,16,0.02281,131.72,118.57,140.58,130.1
5857,3816,16,0.01573,132.32,117.76,143.84,128.55
5858,3816,16,0.01519,83.86,123.8,90.63,141.26
5859,3816,16,0.01261,136.06,120.83,143.62,128.56
5860,3816,16,0.01124,178.88,115.96,185.54,123.63
5861,3816,14,0.01008,0.01,107.09,8.95,126.26
5862,3816,16,0.00543,165.51,120.76,175.85,129.3
5863,3816,14,0.00521,480.69,125.56,488.0,241.79
5864,3816,16,0.00486,200.91,119.34,209.1,134.2
5865,3816,16,0.00451,161.78,119.38,180.89,138.84
5866,3816,16,0.00439,173.55,116.12,180.41,126.26
5867,3816,16,0.00439,175.18,118.11,182.84,129.23
5868,3816,16,0.00433,129.56,125.97,139.8,138.69
5869,3816,8,0.00351,0.03,102.17,18.41,135.72
5870,3816,16,0.00327,151.69,117.2,158.55,130.69
5871,3816,16,0.00314,148.83,117.72,154.7,130.38
5872,3816,16,0.00305,173.01,122.76,179.4,134.88
5873,3816,16,0.00277,122.81,115.37,139.2,131.83
5874,3816,16,0.00268,209.29,120.53,220.72,135.82
5875,3816,14,0.00262,285.84,103.0,308.92,143.03
5876,3816,16,0.00261,73.67,125.43,78.7,137.83
5877,3816,14,0.00254,7.99,100.49,78.28,128.69
5878,3816,8,0.00246,283.06,116.25,299.76,147.98
5879,3816,16,0.00226,138.67,122.25,144.15,130.19
5880,3816,14,0.00225,481.92,102.31,488.0,208.39
5881,3816,8,0.00224,0.04,181.99,5.54,220.4
5882,3816,16,0.00217,160.54,131.02,168.89,139.17
5883,3816,16,0.00213,149.25,118.23,161.16,131.47
5884,3816,16,0.0021,160.3,129.81,179.36,139.24
5885,3816,8,0.00207,304.25,113.67,315.23,132.01
5886,3816,16,0.00192,134.43,115.27,144.91,125.34
5887,3816,8,0.00192,0.03,105.53,11.65,162.64
5888,3816,16,0.00177,164.39,130.01,174.05,139.03
5889,3816,8,0.00166,307.69,114.04,317.5,128.53
5890,3816,16,0.00153,178.21,116.71,187.38,129.66
5891,3816,16,0.00149,147.87,128.99,154.33,138.25
5892,3816,8,0.00146,484.35,173.59,488.0,247.0
5893,3816,14,0.0014,478.09,35.81,488.0,127.8
5894,3816,8,0.00132,0.02,99.36,35.75,205.12
5895,3816,14,0.00127,484.49,118.04,488.0,163.21
5896,3816,8,0.00126,0.04,145.18,7.33,196.62
5897,3816,8,0.00119,279.51,115.89,289.69,143.69
5898,3816,16,0.00117,153.58,119.68,160.67,131.61
5899,3816,8,0.00114,317.01,115.79,324.47,127.63
5900,3816,8,0.00112,287.2,115.53,303.31,150.32
5901,3816,16,0.0011,175.77,121.66,182.93,133.02
5902,3816,16,0.00109,169.1,117.04,182.83,128.75
5903,3816,8,0.00103,0.0,91.08,10.67,130.44
5904,3819,14,0.7944,352.61,66.95,374.26,118.6
5905,3819,14,0.57614,325.41,78.47,344.97,106.29
5906,3819,14,0.0859,362.85,82.87,382.23,118.99
5907,3819,14,0.02346,418.69,96.3,438.66,128.82
5908,3819,14,0.0038,355.27,79.56,378.06,118.85
5909,3819,14,0.00211,353.7,69.63,389.28,120.52
5910,3819,14,0.00119,325.79,69.15,360.55,109.0
5911,3820,15,0.83648,61.11,176.64,87.53,201.83
5912,3820,15,0.79334,93.82,144.91,114.26,160.73
5913,3820,7,0.73458,15.85,151.6,36.24,167.06
5914,3820,15,0.37733,144.72,131.0,158.81,149.25
5915,3820,17,0.04114,150.54,169.79,166.21,182.76
5916,3820,7,0.02706,150.46,169.83,165.87,182.62
5917,3820,7,0.00198,145.22,131.72,159.21,147.87
5918,3820,7,0.00193,91.81,130.05,103.01,140.93
5919,3821,17,0.80301,283.25,123.11,302.73,143.61
5920,3821,17,0.55748,111.42,118.71,134.42,141.04
5921,3821,2,0.00118,111.47,119.22,133.22,140.99
5922,3822,10,0.87107,176.01,150.33,192.43,166.88
5923,3822,10,0.85422,166.41,168.77,182.15,186.53
5924,3822,17,0.8266,274.6,166.28,288.93,181.01
5925,3822,17,0.81287,267.4,184.45,282.7,199.49
5926,3822,10,0.73383,189.17,192.02,207.46,211.39
5927,3822,11,0.66185,225.71,170.15,241.98,187.87
5928,3822,11,0.62589,213.98,138.73,233.55,153.6
5929,3822,10,0.3163,225.16,198.17,245.27,215.08
5930,3822,13,0.00262,225.72,169.63,249.46,188.42
5931,3822,13,0.00184,273.6,166.46,288.46,181.81
5932,3822,13,0.00102,166.77,168.03,186.45,187.49
5933,3836,15,0.86999,159.74,57.14,185.19,79.39
5934,3836,15,0.86953,233.81,70.79,264.77,103.53
5935,3836,7,0.75273,177.8,116.0,200.47,140.57
5936,3836,7,0.64122,150.94,25.24,171.01,44.85
5937,3836,15,0.52193,151.12,25.27,170.88,44.67
5938,3836,5,0.00109,332.44,3.22,359.7,12.17
5939,3841,7,0.88486,183.5,86.52,211.43,107.44
5940,3841,7,0.88373,239.24,10.86,263.35,31.32
5941,3841,15,0.05532,0.01,189.67,9.57,215.57
5942,3841,7,0.02975,0.0,191.73,9.7,215.02
5943,3841,2,0.00116,223.61,109.25,244.66,129.55
5944,3842,14,0.87854,0.0,49.71,45.43,173.45
5945,3842,14,0.82854,185.6,91.3,215.8,170.07
5946,3842,5,0.77967,403.17,131.94,478.28,172.98
5947,3842,14,0.76881,154.45,78.47,185.32,172.41
5948,3842,14,0.67178,209.87,92.26,231.91,169.75
5949,3842,14,0.00719,193.23,88.54,231.39,170.34
5950,3842,5,0.00606,486.74,138.63,500.0,173.11
5951,3842,14,0.00106,489.34,134.03,500.0,221.17
5952,3848,17,0.90755,388.2,164.22,402.17,177.54
5953,3848,17,0.88299,357.21,163.24,370.85,176.56
5954,3848,11,0.85803,415.41,135.04,430.95,148.76
5955,3848,10,0.83524,383.14,122.65,399.75,135.77
5956,3848,10,0.83102,325.99,148.85,340.25,162.07
5957,3848,10,0.82567,353.06,121.42,367.95,135.27
5958,3848,11,0.78759,363.58,143.6,381.68,157.94
5959,3848,10,0.68063,323.46,133.5,340.39,148.01
5960,3848,13,0.00685,353.44,121.07,369.05,135.62
5961,3848,13,0.00241,415.65,134.57,430.87,147.46
5962,3848,13,0.00133,357.42,163.34,370.95,176.64
5963,3859,7,0.93796,247.46,53.01,301.47,119.4
5964,3859,7,0.93353,368.77,64.78,426.68,142.78
5965,3859,8,0.00152,0.01,79.07,30.94,222.74
5966,3863,3,0.89765,159.86,82.47,239.17,126.89
5967,3863,3,0.89387,88.28,53.58,135.3,103.23
5968,3863,13,0.87212,176.85,10.11,212.69,47.51
5969,3863,3,0.8613,50.95,33.28,117.84,62.02
5970,3863,1,0.8535,201.62,41.86,240.33,81.53
5971,3863,14,0.00252,0.09,203.21,87.17,252.89
5972,3863,14,0.0011,0.0,143.77,94.81,253.53
5973,3869,17,0.82666,220.12,62.64,241.54,84.12
5974,3869,17,0.47635,50.12,54.06,74.85,76.97
5975,3869,2,0.00321,49.76,54.33,73.77,76.59
5976,3869,2,0.00185,0.08,47.69,6.53,80.49
5977,3871,5,0.84524,161.49,186.4,199.87,213.32
5978,3871,5,0.81402,229.17,184.34,269.71,216.37
5979,3871,5,0.76937,86.28,153.0,110.84,174.79
5980,3871,5,0.67015,137.09,163.94,157.46,180.95
5981,3871,5,0.65504,317.97,221.78,383.43,246.26
5982,3871,5,0.6218,181.68,179.24,216.64,200.5
5983,3871,5,0.62161,32.92,137.1,50.71,152.45
5984,3871,5,0.17995,147.2,162.93,189.87,182.68
5985,3871,5,0.02761,350.08,225.25,382.56,245.75
5986,3871,8,0.01425,11.43,172.09,21.2,184.83
5987,3871,8,0.011,52.28,190.91,65.61,202.35
5988,3871,14,0.00744,34.61,172.38,43.1,183.12
5989,3871,8,0.00631,52.72,187.36,65.76,198.94
5990,3871,14,0.00616,34.89,177.15,42.2,186.03
5991,3871,14,0.00598,35.16,172.45,48.25,184.17
5992,3871,14,0.00454,53.36,186.31,65.69,196.06
5993,3871,14,0.00349,35.25,176.0,47.75,187.0
5994,3871,14,0.0027,42.76,174.19,48.81,182.48
5995,3871,5,0.00172,0.04,175.04,6.82,187.16
5996,3871,5,0.00156,33.56,136.31,49.7,147.41
5997,3871,14,0.00133,34.57,169.97,41.1,181.35
5998,3871,14,0.0013,13.2,166.16,20.71,174.02
5999,3871,14,0.00121,121.5,229.68,130.17,245.18
6000,3871,8,0.00109,35.39,177.17,47.73,189.29
6001,3871,8,0.00108,35.14,178.1,44.33,188.3
6002,3875,4,0.91281,179.72,54.39,246.84,109.05
6003,3875,13,0.84108,63.75,37.24,114.22,88.48
6004,3875,1,0.03475,63.07,37.29,113.88,87.98
6005,3879,2,0.84878,349.67,129.8,385.65,156.23
6006,3879,17,0.82869,387.72,174.93,404.82,192.72
6007,3879,17,0.57547,268.25,175.82,283.94,192.97
6008,3882,7,0.01303,51.23,159.92,89.78,209.92
6009,3882,7,0.00889,134.08,156.12,174.14,194.16
6010,3890,12,0.88591,305.14,128.05,352.77,179.49
6011,3890,1,0.47446,105.44,165.36,160.15,220.56
6012,3890,12,0.35011,109.0,59.85,151.63,98.53
6013,3890,13,0.27227,105.43,164.93,159.39,220.97
6014,3890,0,0.21002,109.87,59.57,152.3,99.1
6015,3890,11,0.00768,110.34,59.5,151.47,99.08
6016,3890,6,0.00158,0.04,161.39,9.1,200.15
6017,3890,5,0.00109,338.82,40.39,381.91,123.46
6018,3908,15,0.85177,243.95,138.68,265.7,161.19
6019,3908,15,0.82584,209.22,182.64,229.75,199.73
6020,3908,7,0.80871,296.01,175.33,317.69,192.13
6021,3908,7,0.49203,156.22,182.67,174.92,202.61
6022,3908,7,0.03728,302.55,147.3,313.98,156.69
6023,3908,17,0.00642,176.57,150.69,191.43,163.17
6024,3908,7,0.00349,156.32,206.69,176.56,219.99
6025,3911,2,0.8691,96.24,173.51,125.07,209.69
6026,3911,17,0.68268,35.68,150.91,52.69,166.77
6027,3911,17,0.49172,110.43,143.74,126.59,159.17
6028,3911,2,0.05476,110.97,144.02,125.82,157.51
6029,3911,2,0.00648,490.2,115.84,493.0,150.82
6030,3911,17,0.00204,35.76,154.09,53.55,172.05
6031,3911,2,0.00167,0.11,130.15,6.0,166.65
6032,3911,17,0.00148,37.05,165.01,53.92,174.29
6033,3911,2,0.00118,486.78,109.22,493.0,152.26
6034,3911,2,0.00108,0.0,101.2,5.93,147.6
6035,3915,2,0.84622,136.39,40.49,157.36,67.82
6036,3915,2,0.82766,296.78,70.86,327.72,93.2
6037,3932,2,0.87893,93.58,188.84,129.48,216.36
6038,3932,2,0.85015,215.23,195.82,245.73,224.26
6039,3932,2,0.00519,75.84,110.98,102.79,136.15
6040,3932,2,0.00237,501.35,117.58,506.0,145.75
6041,3932,2,0.00214,497.74,117.47,506.0,145.21
6042,3932,2,0.00129,154.17,0.48,202.58,25.69
6043,3933,15,0.90202,263.27,159.9,292.8,191.98
6044,3933,6,0.89569,196.26,105.79,225.76,147.87
6045,3933,2,0.67987,294.35,102.34,312.82,121.0
6046,3941,2,0.87258,57.69,12.82,79.17,40.97
6047,3941,2,0.83007,97.12,56.02,123.87,77.92
6048,3941,14,0.00126,102.48,126.42,110.83,151.77
6049,3941,2,0.0011,105.7,55.76,121.25,69.28
6050,3948,15,0.90601,203.45,150.05,223.12,168.06
6051,3948,15,0.89204,239.75,143.39,259.0,162.31
6052,3953,14,0.76991,381.18,139.61,393.42,168.75
6053,3953,14,0.67267,128.03,139.18,147.06,171.02
6054,3953,14,0.58462,429.12,146.35,444.21,175.42
6055,3953,14,0.50629,403.44,138.85,417.82,169.26
6056,3953,14,0.45594,444.02,144.68,465.9,175.39
6057,3953,14,0.44304,288.03,139.16,300.67,164.88
6058,3953,14,0.41724,263.6,140.02,273.64,162.6
6059,3953,14,0.407,399.58,140.25,409.33,168.84
6060,3953,14,0.3298,205.23,139.72,218.31,163.31
6061,3953,14,0.31095,267.82,139.2,279.23,162.76
6062,3953,14,0.23818,176.16,159.96,192.18,179.21
6063,3953,14,0.21817,206.24,140.31,216.68,157.02
6064,3953,14,0.21478,93.05,127.62,106.73,154.53
6065,3953,14,0.19736,217.25,146.51,226.25,160.92
6066,3953,14,0.18728,370.79,141.82,381.75,165.77
6067,3953,14,0.17115,442.91,147.84,458.65,173.96
6068,3953,14,0.16459,272.16,140.58,279.63,157.4
6069,3953,14,0.14255,494.54,140.01,500.0,175.02
6070,3953,14,0.13293,174.21,159.61,194.3,185.9
6071,3953,14,0.07517,392.51,141.79,402.63,168.78
6072,3953,14,0.07191,219.26,132.81,232.26,160.15
6073,3953,14,0.06659,491.95,135.8,500.0,185.9
6074,3953,14,0.06283,448.02,134.91,471.7,175.31
6075,3953,14,0.05958,463.73,149.78,475.83,175.18
6076,3953,14,0.05195,393.39,140.13,410.22,168.26
6077,3953,14,0.04299,213.12,146.43,224.28,162.05
6078,3953,14,0.03688,220.94,128.51,241.68,158.53
6079,3953,14,0.03681,494.1,121.09,500.0,175.21
6080,3953,14,0.03583,453.02,132.99,471.33,159.15
6081,3953,14,0.03565,64.95,125.44,81.27,155.43
6082,3953,14,0.03369,310.61,137.22,329.78,163.41
6083,3953,14,0.03188,460.48,140.89,474.46,165.92
6084,3953,14,0.02516,433.97,145.72,444.19,162.67
6085,3953,14,0.02402,451.1,144.16,468.94,175.74
6086,3953,14,0.02305,221.92,133.05,231.71,147.96
6087,3953,14,0.02231,489.59,133.48,500.0,220.0
6088,3953,14,0.0222,461.29,142.04,477.37,176.4
6089,3953,14,0.01946,361.77,142.84,381.8,169.37
6090,3953,14,0.01767,256.56,139.0,274.3,164.18
6091,3953,14,0.01673,454.57,133.34,477.29,176.98
6092,3953,14,0.01242,495.84,126.95,500.0,157.26
6093,3953,14,0.01176,175.58,158.89,187.59,173.79
6094,3953,14,0.01158,231.35,127.65,244.47,159.32
6095,3953,14,0.0104,268.99,140.43,277.36,153.95
6096,3953,14,0.00867,64.44,124.16,91.32,157.99
6097,3953,14,0.00833,451.9,133.39,468.09,151.85
6098,3953,14,0.00724,222.74,129.28,237.29,144.95
6099,3953,14,0.00719,429.29,143.17,441.95,159.52
6100,3953,14,0.00707,310.62,141.17,325.05,161.86
6101,3953,14,0.00685,434.59,147.08,445.63,171.55
6102,3953,14,0.0065,226.73,128.15,243.07,150.29
6103,3953,14,0.00643,217.28,140.5,230.42,160.85
6104,3953,14,0.00615,175.54,160.56,199.67,194.56
6105,3953,14,0.00581,0.03,120.16,5.65,158.56
6106,3953,14,0.00579,405.67,139.54,416.94,154.82
6107,3953,14,0.00503,204.46,138.48,222.66,170.39
6108,3953,14,0.00439,224.82,127.65,238.74,141.98
6109,3953,14,0.0042,399.79,139.45,408.49,154.99
6110,3953,14,0.00406,435.08,142.62,447.4,157.86
6111,3953,14,0.00369,322.58,148.48,333.39,163.95
6112,3953,14,0.00342,207.74,146.33,223.58,164.94
6113,3953,14,0.00319,289.49,139.39,299.63,157.38
6114,3953,14,0.00318,228.01,127.41,241.58,140.03
6115,3953,14,0.00316,352.37,137.9,368.29,168.16
6116,3953,14,0.0031,0.06,119.22,9.14,181.04
6117,3953,14,0.00289,496.24,123.92,500.0,142.79
6118,3953,14,0.00282,319.93,141.28,332.54,163.43
6119,3953,14,0.00252,178.15,160.0,197.17,181.64
6120,3953,14,0.00244,451.26,141.89,465.54,157.27
6121,3953,14,0.00238,493.73,127.98,500.0,160.5
6122,3953,14,0.00229,0.0,124.5,3.82,159.71
6123,3953,5,0.00218,130.61,121.92,196.49,157.82
6124,3953,14,0.00218,378.14,141.29,389.21,165.23
6125,3953,14,0.00216,484.26,142.38,500.0,227.69
6126,3953,14,0.0021,450.88,144.23,464.9,166.16
6127,3953,14,0.00196,163.09,159.97,194.34,191.38
6128,3953,14,0.00152,432.34,146.95,453.36,174.69
6129,3953,14,0.00149,0.08,122.63,8.61,161.21
6130,3953,14,0.00132,175.99,157.98,222.6,196.13
6131,3953,14,0.00128,229.2,127.98,244.27,143.55
6132,3953,14,0.00125,315.91,138.03,328.01,160.69
6133,3953,14,0.00121,0.02,123.75,7.47,204.24
6134,3953,14,0.00118,264.3,139.34,281.38,166.88
6135,3953,14,0.00114,481.87,131.88,500.0,181.66
6136,3953,14,0.00113,376.3,140.78,385.47,166.27
6137,3953,14,0.00111,464.75,141.39,477.7,168.04
6138,3953,14,0.00107,452.22,157.06,467.82,175.81
6139,3953,14,0.00101,286.17,138.58,306.31,172.28
6140,3957,2,0.86858,135.97,164.34,156.91,190.65
6141,3957,2,0.85744,47.92,172.09,66.6,199.72
6142,3968,3,0.89104,144.94,131.61,225.89,173.9
6143,3968,3,0.88469,304.42,89.93,357.82,126.93
6144,3968,13,0.88317,287.52,143.98,325.98,185.09
6145,3968,1,0.867,209.15,147.91,249.44,189.6
6146,3968,3,0.86428,232.51,100.6,295.8,131.65
6147,3970,2,0.89358,309.08,195.33,331.73,224.18
6148,3970,2,0.87725,410.08,187.32,430.93,217.14
6149,3993,13,0.88923,403.82,118.9,440.86,157.9
6150,3993,1,0.88735,350.21,149.94,391.83,192.09
6151,3993,3,0.88145,274.49,151.65,321.99,212.68
6152,3993,3,0.87379,336.9,78.61,368.73,116.96
6153,3993,3,0.81924,277.95,112.45,350.43,141.43
6154,3997,3,0.90833,288.03,7.03,346.71,78.71
6155,3997,13,0.89391,286.74,142.71,327.66,183.95
6156,3997,3,0.89069,352.84,43.76,429.26,91.6
6157,3997,3,0.88027,165.73,45.27,261.57,83.62
6158,3997,1,0.85345,212.99,106.89,254.08,148.48
6159,3997,5,0.01083,0.0,109.68,55.73,242.96
6160,3997,1,0.00132,206.42,52.55,259.79,145.63
6161,3997,6,0.00117,0.0,115.39,11.5,163.89
6162,3999,15,0.90886,201.32,175.6,219.61,191.71
6163,3999,15,0.88921,227.85,172.09,243.48,186.08
6164,4003,14,0.85584,52.74,114.36,77.32,193.58
6165,4003,5,0.8534,214.38,120.89,342.88,175.56
6166,4003,5,0.82867,376.03,121.29,499.75,180.15
6167,4003,14,0.80847,342.74,87.28,391.35,223.37
6168,4003,8,0.01845,156.64,133.79,186.99,164.17
6169,4003,14,0.00808,495.19,147.28,500.0,225.4
6170,4003,14,0.00463,492.87,151.9,500.0,211.43
6171,4003,5,0.00133,365.07,110.35,433.91,151.2
6172,4005,10,0.83134,116.8,75.55,132.99,91.84
6173,4005,11,0.77861,72.79,56.94,89.41,72.38
6174,4005,17,0.69071,58.44,156.36,73.68,171.9
6175,4005,9,0.5935,73.18,109.0,92.3,125.41
6176,4005,9,0.54634,120.29,119.56,138.72,135.25
6177,4005,9,0.3155,183.93,89.24,206.8,110.16
6178,4005,10,0.20926,72.82,57.0,89.55,72.26
6179,4005,6,0.03801,0.03,151.27,18.05,174.89
6180,4005,12,0.02051,183.65,89.02,207.07,110.26
6181,4005,12,0.00997,120.17,119.62,138.89,135.49
6182,4005,11,0.00474,73.15,108.99,92.41,125.32
6183,4009,4,0.90176,298.43,139.15,368.15,195.86
6184,4009,13,0.86748,182.56,123.78,231.99,173.48
6185,4009,2,0.00129,182.72,123.96,231.66,173.4
6186,4012,14,0.08253,215.36,0.62,268.93,16.77
6187,4012,12,0.06034,275.96,68.91,296.62,92.22
6188,4012,12,0.03562,349.26,167.18,376.84,193.78
6189,4012,12,0.0197,415.96,145.35,440.97,169.56
6190,4012,14,0.00964,158.14,3.87,266.71,85.56
6191,4012,14,0.00767,151.74,10.04,213.93,98.26
6192,4012,14,0.0066,0.0,17.84,35.31,123.84
6193,4012,14,0.00411,107.36,3.59,213.62,98.38
6194,4012,14,0.00374,215.21,0.74,247.39,14.81
6195,4012,17,0.00368,317.53,133.02,342.21,158.64
6196,4012,14,0.00302,0.0,1.23,102.07,118.7
6197,4012,17,0.00217,386.95,87.52,410.19,109.22
6198,4012,13,0.00175,275.97,69.16,296.78,92.54
6199,4012,2,0.00164,0.01,38.27,5.4,82.54
6200,4012,12,0.00147,386.79,87.65,410.2,109.32
6201,4017,2,0.86586,295.04,67.22,330.36,109.36
6202,4017,17,0.79882,376.96,32.92,397.56,53.25
6203,4017,17,0.7946,395.76,102.11,417.14,121.14
6204,4017,17,0.03815,0.0,96.38,3.13,113.45
6205,4017,2,0.00437,0.0,85.87,3.19,113.24
6206,4017,17,0.00415,0.0,95.57,5.04,113.91
6207,4018,5,0.58535,389.34,235.86,451.18,247.0
6208,4018,5,0.55105,404.61,188.29,467.64,211.74
6209,4018,5,0.48449,284.26,147.29,300.51,160.54
6210,4018,5,0.07338,43.9,75.5,78.62,91.52
6211,4018,8,0.03318,146.05,170.35,152.64,178.59
6212,4018,5,0.02551,0.72,95.4,28.54,110.32
6213,4018,5,0.02328,124.46,140.75,158.6,157.3
6214,4018,5,0.02225,82.78,151.4,118.84,165.42
6215,4018,14,0.02224,145.08,163.36,152.29,170.12
6216,4018,8,0.01603,403.3,196.52,419.59,207.59
6217,4018,5,0.01261,0.77,86.84,28.62,99.38
6218,4018,5,0.0097,42.72,75.65,68.28,88.46
6219,4018,14,0.00901,93.58,167.7,100.89,175.82
6220,4018,5,0.0086,0.0,90.58,11.71,107.15
6221,4018,14,0.0086,144.6,161.61,153.86,167.39
6222,4018,14,0.00802,91.88,167.52,100.15,179.38
6223,4018,5,0.00751,148.34,130.9,193.7,148.32
6224,4018,14,0.00741,93.22,163.32,106.63,173.76
6225,4018,5,0.00716,17.69,104.47,52.43,124.15
6226,4018,5,0.00681,140.73,147.96,184.36,166.62
6227,4018,5,0.0067,24.82,150.9,67.75,166.06
6228,4018,5,0.00651,0.0,82.58,28.27,95.9
6229,4018,5,0.00591,0.0,78.89,25.03,93.41
6230,4018,5,0.00546,5.01,94.31,36.14,109.17
6231,4018,5,0.0054,0.0,71.97,23.36,91.67
6232,4018,14,0.00483,91.55,163.0,102.73,174.71
6233,4018,5,0.00475,0.0,88.3,9.53,102.33
6234,4018,5,0.0047,0.03,91.51,22.17,108.1
6235,4018,5,0.0047,344.65,91.71,390.14,107.72
6236,4018,5,0.00462,47.18,72.33,77.58,88.02
6237,4018,8,0.00374,82.21,173.01,103.58,185.21
6238,4018,14,0.00331,94.13,162.54,115.41,178.34
6239,4018,5,0.00321,0.6,101.55,29.2,117.3
6240,4018,5,0.00312,406.29,96.01,443.22,110.25
6241,4018,14,0.00306,93.3,171.52,101.41,182.65
6242,4018,5,0.00302,407.52,81.6,444.91,98.53
6243,4018,5,0.00299,13.68,102.52,48.88,119.74
6244,4018,5,0.00298,171.48,140.62,193.1,150.92
6245,4018,8,0.00298,93.3,171.61,103.93,183.87
6246,4018,5,0.0029,121.26,144.92,167.87,157.84
6247,4018,14,0.00285,396.69,164.31,406.21,177.6
6248,4018,5,0.00281,252.75,159.33,334.17,201.19
6249,4018,5,0.0027,0.0,72.17,13.21,90.73
6250,4018,5,0.00268,325.95,99.33,352.22,113.12
6251,4018,5,0.00267,0.03,97.84,14.56,111.52
6252,4018,14,0.00267,103.56,167.78,112.99,178.78
6253,4018,5,0.00257,364.82,98.42,393.52,108.24
6254,4018,5,0.00252,6.04,95.89,47.24,115.96
6255,4018,5,0.00247,363.03,92.17,393.57,106.34
6256,4018,5,0.00238,272.87,92.11,319.63,106.11
6257,4018,5,0.00234,217.0,102.77,263.46,124.93
6258,4018,5,0.0023,147.67,83.66,177.7,96.52
6259,4018,5,0.00201,160.05,89.21,178.8,97.8
6260,4018,14,0.00174,143.47,163.74,150.97,171.17
6261,4018,5,0.00174,123.87,147.08,173.31,166.07
6262,4018,5,0.00172,259.04,132.5,300.49,160.77
6263,4018,14,0.00169,143.14,161.07,152.86,169.53
6264,4018,5,0.00169,0.0,110.9,11.35,131.65
6265,4018,5,0.00164,0.0,100.44,13.86,116.94
6266,4018,8,0.00164,143.9,169.89,151.47,179.04
6267,4018,8,0.00164,81.96,175.16,96.4,185.09
6268,4018,5,0.00163,188.65,81.39,224.99,99.41
6269,4018,5,0.00158,414.1,82.43,453.81,106.87
6270,4018,5,0.00157,404.3,93.96,433.65,105.49
6271,4018,5,0.00156,159.82,138.96,193.83,151.98
6272,4018,5,0.00156,156.53,77.44,175.96,87.92
6273,4018,14,0.00154,85.03,158.52,116.73,169.02
6274,4018,5,0.00154,415.94,132.97,455.04,146.03
6275,4018,5,0.00151,426.79,106.42,453.85,119.34
6276,4018,5,0.00151,201.92,108.85,235.75,124.22
6277,4018,5,0.0015,414.34,92.95,457.73,111.01
6278,4018,5,0.00147,161.57,133.86,193.88,150.25
6279,4018,5,0.00146,434.51,117.06,475.73,134.72
6280,4018,5,0.00142,398.03,119.23,445.03,138.94
6281,4018,5,0.00141,430.87,114.68,469.69,128.15
6282,4018,5,0.0014,2.93,106.03,32.35,119.53
6283,4018,5,0.00138,201.48,103.84,250.98,124.53
6284,4018,5,0.00137,333.04,247.0,414.48,247.0
6285,4018,5,0.00134,324.61,94.38,358.74,109.43
6286,4018,5,0.00132,287.6,92.57,334.89,110.48
6287,4018,5,0.0013,402.84,96.03,431.13,111.23
6288,4018,5,0.0013,264.4,91.0,302.76,106.31
6289,4018,5,0.00128,163.03,100.17,188.94,117.8
6290,4018,5,0.00127,261.88,93.89,299.11,110.23
6291,4018,5,0.00127,0.0,52.13,24.69,64.46
6292,4018,5,0.00126,172.91,132.75,193.59,149.14
6293,4018,5,0.00124,298.76,98.52,341.46,116.19
6294,4018,5,0.00123,367.38,92.31,408.74,107.58
6295,4018,5,0.00122,29.84,156.91,65.86,167.33
6296,4018,14,0.00118,79.92,148.75,116.27,163.77
6297,4018,5,0.00117,146.89,126.39,191.28,141.68
6298,4018,5,0.00117,374.33,114.7,403.05,127.25
6299,4018,5,0.00115,343.4,89.35,379.66,105.31
6300,4018,5,0.00115,430.69,95.42,482.72,119.42
6301,4018,5,0.00115,405.7,84.86,434.01,99.88
6302,4018,5,0.00114,159.89,142.26,193.9,156.35
6303,4018,5,0.00112,145.1,155.96,172.99,166.87
6304,4018,5,0.00112,397.14,125.73,446.0,140.94
6305,4018,5,0.00112,129.52,134.32,175.92,146.94
6306,4018,5,0.00111,348.59,85.95,388.64,104.22
6307,4018,14,0.00111,86.65,142.59,97.38,155.24
6308,4018,5,0.00111,404.55,90.31,431.66,101.56
6309,4018,5,0.0011,0.0,121.22,37.99,138.61
6310,4018,5,0.0011,121.37,134.52,168.39,151.77
6311,4018,5,0.00109,22.41,112.45,53.11,125.43
6312,4018,14,0.00108,78.6,155.4,114.14,168.41
6313,4018,5,0.00108,158.49,96.81,187.71,113.17
6314,4018,5,0.00107,203.83,102.19,251.13,117.8
6315,4018,14,0.00106,405.45,193.56,416.91,201.31
6316,4018,5,0.00105,0.78,117.71,29.68,133.92
6317,4018,5,0.00103,0.06,104.06,12.92,121.42
6318,4018,14,0.001,404.17,194.89,419.67,206.65
6319,4018,5,0.001,155.96,114.1,198.84,131.23
6320,4019,15,0.91265,87.12,17.85,127.21,57.57
6321,4019,15,0.88806,1.73,3.91,38.38,37.94
6322,4024,17,0.79911,78.66,103.65,89.87,115.07
6323,4024,17,0.79706,59.48,96.06,70.74,106.91
6324,4024,10,0.7482,124.41,85.21,136.82,96.31
6325,4024,11,0.57673,130.46,98.15,143.3,109.98
6326,4024,11,0.44837,83.66,89.68,99.71,101.76
6327,4024,12,0.40141,83.7,89.6,99.72,101.6
6328,4024,11,0.35752,54.44,81.95,66.98,93.54
6329,4024,12,0.28725,103.84,76.87,117.3,87.95
6330,4024,10,0.26507,103.57,76.92,117.4,88.26
6331,4024,9,0.2198,68.45,74.98,84.07,86.87
6332,4024,13,0.1493,129.33,98.56,142.6,110.21
6333,4024,11,0.13752,68.56,75.12,83.79,86.5
6334,4024,9,0.08758,59.35,96.49,70.72,107.04
6335,4024,13,0.02373,78.73,103.79,89.88,115.19
6336,4024,13,0.01833,104.23,76.44,117.64,88.13
6337,4024,9,0.00946,78.5,103.74,89.73,115.16
6338,4024,13,0.00515,125.7,79.93,139.58,95.47
6339,4024,11,0.00441,124.74,85.48,137.23,96.5
6340,4027,8,0.84864,333.81,15.21,449.49,114.67
6341,4027,8,0.53076,450.39,9.67,486.95,80.35
6342,4027,8,0.45585,424.18,16.1,473.56,84.56
6343,4027,8,0.00992,461.95,15.68,487.0,92.77
6344,4027,8,0.00273,138.42,0.0,358.28,0.0
6345,4027,8,0.00216,423.85,23.98,458.14,74.18
6346,4027,8,0.002,476.48,25.69,486.98,75.59
6347,4027,8,0.00169,419.99,0.0,484.05,81.08
6348,4027,8,0.00111,468.68,7.19,487.0,56.8
6349,4040,10,0.83372,328.91,15.45,345.0,31.43
6350,4040,9,0.80458,295.02,57.85,314.27,73.92
6351,4040,17,0.77415,292.95,106.74,307.42,118.99
6352,4040,11,0.75082,282.32,7.66,298.13,23.52
6353,4040,9,0.74255,343.18,57.43,361.81,73.12
6354,4040,9,0.73066,399.53,11.35,422.77,33.21
6355,4042,13,0.85407,308.18,192.31,348.87,232.44
6356,4042,1,0.65297,232.88,108.42,268.06,142.83
6357,4042,0,0.02889,232.81,108.29,269.08,144.59
6358,4042,13,0.00471,232.48,108.57,268.58,144.44
6359,4042,4,0.00336,59.3,174.36,145.51,219.54
6360,4042,14,0.00119,0.0,0.18,95.5,106.37
6361,4043,14,0.86182,158.62,136.24,192.15,209.42
6362,4043,14,0.84565,230.76,131.71,257.89,214.41
6363,4043,14,0.84456,108.96,118.36,141.48,208.19
6364,4043,14,0.8327,303.99,124.76,333.44,224.37
6365,4043,5,0.68,391.69,183.66,461.57,225.04
6366,4043,14,0.04331,186.66,134.52,203.94,204.52
6367,4043,14,0.0164,167.96,134.36,203.68,200.72
6368,4043,8,0.00219,105.12,114.21,148.82,208.74
6369,4043,14,0.00105,188.57,134.8,213.7,205.89
6370,4061,14,0.87064,230.97,118.36,271.58,216.27
6371,4061,14,0.86359,168.17,122.83,194.09,206.12
6372,4061,14,0.80357,318.31,131.89,345.07,224.96
6373,4061,14,0.7696,80.56,123.69,115.72,200.32
6374,4061,5,0.75539,396.86,179.79,468.97,221.27
6375,4061,14,0.0309,230.38,122.47,250.24,214.92
6376,4061,5,0.00962,495.89,159.46,500.0,182.24
6377,4061,5,0.00471,493.79,156.09,499.94,183.3
6378,4061,14,0.00463,0.0,133.37,4.08,188.38
6379,4061,14,0.0024,0.0,125.55,4.58,212.81
6380,4061,14,0.00189,0.01,138.08,6.81,187.22
6381,4061,5,0.00176,401.44,156.86,485.07,203.77
6382,4061,5,0.0013,467.04,155.73,499.95,186.71
6383,4061,5,0.00118,490.32,158.58,500.0,194.15
6384,4061,5,0.00108,489.06,149.55,500.0,186.39
6385,4061,5,0.00107,480.86,181.41,500.0,225.43
6386,4061,5,0.00105,430.89,155.82,497.69,199.49
6387,4061,5,0.001,494.54,148.05,500.0,157.24
6388,4062,13,0.90511,214.2,97.83,255.19,138.96
6389,4062,3,0.89497,274.17,0.0,350.03,45.15
6390,4062,3,0.89493,210.39,0.59,268.4,34.99
6391,4062,3,0.88316,90.08,10.12,186.02,51.25
6392,4062,1,0.86223,139.77,68.17,181.26,110.99
6393,4065,11,0.92983,265.22,113.16,280.99,125.62
6394,4065,10,0.83615,230.16,138.45,244.43,153.02
6395,4065,10,0.82361,236.59,124.19,249.91,138.37
6396,4065,10,0.7925,285.29,154.9,301.79,168.79
6397,4065,17,0.7821,319.23,129.4,331.24,141.67
6398,4065,11,0.77839,280.77,135.7,294.3,149.53
6399,4065,10,0.71825,255.53,153.36,270.91,168.66
6400,4065,17,0.69113,316.55,143.32,328.98,155.33
6401,4065,17,0.02354,265.65,113.99,280.19,125.29
6402,4065,10,0.00652,319.18,129.78,331.29,141.67
6403,4065,13,0.00265,280.2,132.98,298.87,149.49
6404,4068,8,0.85808,70.78,113.95,122.52,172.31
6405,4068,14,0.81666,391.7,69.36,427.16,146.94
6406,4068,14,0.73926,119.78,98.08,171.75,171.94
6407,4068,8,0.68629,0.15,126.19,36.76,181.15
6408,4068,14,0.09236,450.45,56.36,481.05,108.47
6409,4068,14,0.02605,446.79,56.29,483.78,129.05
6410,4068,14,0.01507,245.36,96.96,261.03,126.74
6411,4068,14,0.01478,490.52,64.35,499.0,173.77
6412,4068,8,0.00753,379.97,66.69,437.45,148.36
6413,4068,14,0.00381,462.24,78.13,487.41,109.87
6414,4068,14,0.00279,476.29,81.49,491.06,103.88
6415,4068,14,0.00244,456.05,50.38,497.74,197.57
6416,4068,14,0.00172,486.87,55.11,498.95,153.36
6417,4068,14,0.00147,98.1,94.49,113.64,125.68
6418,4068,8,0.00146,0.01,127.07,16.24,167.23
6419,4068,14,0.00119,0.04,117.26,22.96,179.68
6420,4068,8,0.00106,0.0,132.76,16.05,184.59
6421,4086,5,0.69156,8.13,50.16,240.59,233.28
6422,4086,5,0.66818,124.86,74.14,357.93,188.36
6423,4086,5,0.39537,18.4,70.73,307.24,210.08
6424,4086,5,0.30163,229.26,74.09,426.34,166.92
6425,4086,5,0.24089,8.66,147.14,190.46,234.05
6426,4086,5,0.02838,406.34,81.25,439.42,108.2
6427,4086,5,0.01544,280.26,74.24,355.34,108.08
6428,4086,5,0.01015,357.77,78.83,417.92,108.54
6429,4086,5,0.00878,407.16,81.0,483.9,121.57
6430,4086,5,0.00619,233.1,73.93,339.14,121.34
6431,4086,5,0.00575,358.54,79.35,428.37,131.26
6432,4086,5,0.00238,141.0,0.0,354.77,0.0
6433,4086,5,0.00194,342.08,94.3,428.32,158.49
6434,4086,5,0.00185,310.59,77.63,426.67,161.11
6435,4086,14,0.00155,436.84,69.81,484.93,234.97
6436,4086,8,0.00135,181.06,109.88,266.51,196.99
6437,4086,8,0.00127,173.32,74.47,351.98,188.22
6438,4089,11,0.8593,153.89,28.25,169.74,44.44
6439,4089,10,0.83165,217.42,58.08,236.46,74.12
6440,4089,10,0.78298,279.16,53.18,295.49,69.23
6441,4089,9,0.76468,201.85,28.46,220.77,43.44
6442,4089,9,0.33139,137.29,69.93,162.47,93.6
6443,4089,17,0.17053,137.27,69.86,162.64,93.69
6444,4089,17,0.03641,153.99,0.19,167.63,9.45
6445,4089,6,0.00439,0.0,129.34,20.04,175.87
6446,4090,2,0.86589,221.01,66.68,248.86,103.37
6447,4090,17,0.62442,158.05,53.68,174.23,69.19
6448,4090,17,0.45464,229.33,38.2,245.15,55.01
6449,4090,2,0.00294,229.3,39.04,245.78,54.42
6450,4090,2,0.00217,158.57,53.67,174.96,70.44
6451,4091,2,0.87809,104.91,147.64,131.54,164.41
6452,4091,2,0.8538,30.29,152.79,51.66,179.65
6453,4100,3,0.92961,303.47,72.0,358.03,138.16
6454,4100,13,0.88868,300.56,198.78,338.92,237.71
6455,4100,3,0.88669,363.29,107.36,435.56,151.48
6456,4100,3,0.87995,189.39,107.24,278.89,141.63
6457,4100,1,0.84418,232.43,165.02,271.59,204.38
6458,4100,5,0.00879,0.0,15.96,47.22,254.0
6459,4100,8,0.00179,0.13,126.34,47.14,225.57
6460,4100,8,0.00103,0.0,12.25,49.01,245.87
6461,4101,10,0.89295,269.02,113.85,291.48,136.52
6462,4101,10,0.88721,248.6,143.81,269.51,167.96
6463,4101,10,0.88467,272.97,183.42,296.97,210.1
6464,4101,17,0.85782,401.3,145.23,421.29,164.73
6465,4101,17,0.85476,385.91,175.64,406.84,196.42
6466,4101,11,0.60065,323.96,96.65,350.47,116.78
6467,4101,11,0.55639,330.61,148.66,352.06,173.56
6468,4101,9,0.46264,321.15,196.27,348.22,219.05
6469,4101,10,0.41706,321.21,196.2,348.58,219.05
6470,4101,9,0.10553,272.84,183.33,296.88,210.17
6471,4101,10,0.07369,385.76,175.74,406.69,196.5
6472,4101,10,0.00169,401.16,145.33,421.14,164.77
6473,4107,11,0.91826,366.03,152.71,402.9,185.77
6474,4107,13,0.79656,204.54,113.22,243.46,151.41
6475,4107,12,0.32301,264.76,195.64,306.4,231.89
6476,4107,17,0.14052,203.86,113.52,242.39,150.28
6477,4107,10,0.04318,264.53,195.79,305.34,230.17
6478,4107,1,0.04248,204.72,113.67,242.82,151.19
6479,4107,11,0.00637,264.71,195.63,305.65,231.09
6480,4107,2,0.00579,264.77,195.62,305.46,231.72
6481,4107,2,0.00137,366.01,152.36,402.56,186.09
6482,4131,2,0.86203,247.13,185.07,272.68,206.82
6483,4131,2,0.22684,153.08,202.62,175.25,225.91
6484,4131,2,0.00106,0.1,113.23,6.67,133.99
6485,4138,14,0.61032,69.04,156.8,84.95,178.38
6486,4138,14,0.29012,13.03,147.4,28.81,187.46
6487,4138,14,0.21403,55.28,147.91,68.13,169.86
6488,4138,14,0.06737,0.02,139.32,7.33,180.9
6489,4138,14,0.01739,0.0,137.78,8.6,212.75
6490,4138,14,0.0147,51.89,147.7,68.67,178.92
6491,4138,14,0.00577,495.94,108.15,505.0,168.02
6492,4138,14,0.00445,47.0,169.18,57.0,178.91
6493,4138,14,0.00357,142.29,141.48,158.56,163.02
6494,4138,14,0.00243,5.45,144.23,27.8,187.79
6495,4138,14,0.00242,230.33,123.79,249.1,146.87
6496,4138,14,0.00194,56.29,147.47,83.09,179.19
6497,4138,14,0.00124,46.84,164.48,60.54,179.74
6498,4138,14,0.00108,499.51,116.89,505.0,167.75
6499,4144,15,0.89394,143.22,46.02,157.45,59.05
6500,4144,15,0.87891,96.37,47.77,113.71,63.48
6501,4144,1,0.00172,353.29,8.26,379.14,31.5
6502,4144,14,0.00144,493.72,60.61,502.0,167.57
6503,4144,14,0.00141,462.73,21.11,501.84,240.11
6504,4150,3,0.90424,177.54,117.83,233.5,182.65
6505,4150,3,0.90031,193.83,69.14,271.61,114.06
6506,4150,13,0.88453,78.79,63.65,120.78,105.95
6507,4150,3,0.87075,189.71,5.31,225.94,61.04
6508,4150,1,0.86099,120.16,19.62,159.26,61.54
6509,4151,17,0.8624,305.9,61.51,317.17,72.6
6510,4151,10,0.86114,327.92,32.92,341.71,44.39
6511,4151,10,0.85738,348.88,39.5,361.69,50.85
6512,4151,17,0.85663,286.95,55.45,298.18,66.12
6513,4151,11,0.73949,356.56,52.55,369.15,64.26
6514,4151,9,0.73904,281.14,41.96,293.39,53.05
6515,4151,11,0.73536,309.82,47.22,325.76,59.04
6516,4151,9,0.3055,293.79,33.74,309.25,45.37
6517,4151,10,0.02444,293.96,34.03,309.12,45.43
6518,4151,9,0.01493,286.91,55.63,298.06,65.94
6519,4151,17,0.00641,356.16,52.4,369.26,64.27
6520,4151,17,0.00332,294.26,34.27,308.62,44.88
6521,4151,11,0.00182,306.12,61.65,317.13,72.39
6522,4153,15,0.90112,181.08,58.97,205.44,81.37
6523,4153,15,0.85446,264.12,37.15,279.48,53.59
6524,4153,15,0.00134,249.6,57.5,258.21,67.97
6525,4155,5,0.79773,368.59,195.32,430.43,229.41
6526,4155,5,0.72844,54.97,167.48,72.79,180.6
6527,4155,5,0.72734,124.96,174.01,149.41,189.28
6528,4155,5,0.70643,27.96,161.75,41.62,171.96
6529,4155,5,0.67985,260.22,146.87,283.47,158.78
6530,4155,5,0.67824,306.57,143.82,327.61,156.04
6531,4155,5,0.56477,108.75,168.34,128.3,183.54
6532,4155,5,0.54356,45.64,158.94,54.58,166.22
6533,4155,5,0.49445,14.99,153.36,24.41,160.12
6534,4155,5,0.30856,17.53,160.48,27.18,167.54
6535,4155,5,0.20861,3.75,167.89,20.11,175.87
6536,4155,5,0.14147,17.09,157.17,30.68,165.05
6537,4155,5,0.08157,22.42,156.88,31.22,163.42
6538,4155,5,0.0314,17.21,159.38,28.52,165.88
6539,4155,5,0.02694,48.46,159.81,55.54,166.28
6540,4155,5,0.01162,12.51,166.28,20.38,171.72
6541,4155,5,0.01122,15.95,154.45,27.11,161.64
6542,4155,5,0.00728,11.63,167.98,20.73,174.43
6543,4155,5,0.00584,26.27,160.94,32.56,165.81
6544,4155,5,0.00461,30.11,177.31,40.18,184.18
6545,4155,5,0.00381,31.69,175.56,39.46,183.61
6546,4155,5,0.00255,138.71,155.56,146.38,161.42
6547,4155,5,0.00231,33.26,174.24,38.52,179.17
6548,4155,5,0.00212,30.89,233.86,52.35,247.0
6549,4155,5,0.0018,3.14,169.44,17.5,177.35
6550,4155,5,0.00175,29.57,160.99,45.26,169.73
6551,4155,5,0.00147,304.47,146.06,321.88,156.33
6552,4155,5,0.00122,3.61,162.22,20.08,175.07
6553,4155,5,0.00121,3.11,172.64,19.34,185.25
6554,4155,5,0.00111,9.93,162.49,18.89,170.88
6555,4155,5,0.00106,137.2,153.91,145.99,160.94
6556,4155,8,0.00105,124.36,177.84,134.76,188.69
6557,4159,2,0.85623,245.46,159.76,268.04,187.16
6558,4159,2,0.80749,225.97,209.15,256.89,229.89
6559,4159,2,0.00622,71.7,212.1,100.97,232.95
6560,4165,5,0.90691,357.6,122.73,495.0,225.46
6561,4165,14,0.02544,0.0,122.4,4.18,166.57
6562,4165,5,0.00974,478.87,126.2,495.0,159.51
6563,4165,5,0.00834,483.86,127.66,495.0,146.43
6564,4165,8,0.00682,478.11,124.72,495.0,189.53
6565,4165,8,0.00199,463.38,123.48,495.0,189.18
6566,4165,5,0.00193,67.84,149.07,98.19,172.65
6567,4165,5,0.00186,0.03,133.99,13.03,180.67
6568,4165,5,0.00167,92.71,151.31,120.84,168.46
6569,4165,14,0.00159,0.02,119.58,7.16,168.45
6570,4165,5,0.00111,0.0,119.36,8.29,181.16
6571,4179,10,0.86913,77.09,148.81,93.83,165.87
6572,4179,10,0.85978,115.47,172.96,133.25,190.45
6573,4179,10,0.71523,92.01,190.27,110.89,209.84
6574,4179,17,0.65408,172.06,179.3,187.24,194.5
6575,4179,17,0.63672,178.49,161.22,192.7,175.92
6576,4179,10,0.41068,129.13,194.72,149.65,211.67
6577,4179,11,0.32777,115.79,135.81,135.9,150.99
6578,4179,13,0.24919,129.53,166.94,145.41,184.05
6579,4179,11,0.17211,129.08,166.87,145.42,184.27
6580,4179,13,0.11333,115.85,136.0,135.81,150.83
6581,4179,10,0.08247,129.06,166.89,145.43,184.13
6582,4179,13,0.00353,119.46,166.59,144.76,186.63
6583,4180,15,0.8914,307.65,19.61,329.26,39.45
6584,4180,15,0.88807,356.3,24.08,379.44,46.36
6585,4180,14,0.00291,155.98,0.0,464.0,225.13
6586,4181,15,0.92939,323.32,0.0,379.56,40.58
6587,4181,15,0.92466,177.47,0.0,248.92,41.65
6588,4181,16,0.0024,177.99,0.0,249.35,41.48
6589,4182,2,0.84867,271.4,78.89,289.82,103.51
6590,4182,2,0.83335,277.07,111.2,298.75,132.78
6591,4189,7,0.61545,404.99,142.76,426.47,157.56
6592,4189,7,0.54482,349.97,103.54,369.44,119.28
6593,4194,15,0.89468,356.41,158.4,378.56,186.05
6594,4194,15,0.88701,289.74,159.02,311.73,183.53
6595,4194,6,0.11637,485.49,106.79,499.0,150.85
6596,4194,6,0.0188,485.6,94.35,499.0,138.55
6597,4194,6,0.00323,484.86,67.2,499.0,135.75
6598,4195,7,0.90993,127.12,39.37,166.56,76.85
6599,4195,7,0.90668,25.42,47.73,72.66,87.4
6600,4206,7,0.80287,419.16,57.57,442.96,76.32
6601,4206,7,0.79677,306.49,39.43,325.46,57.02
6602,4206,17,0.00238,497.97,99.63,502.0,119.71
6603,4206,7,0.00157,497.76,95.68,502.0,119.35
6604,4206,7,0.00104,497.75,71.7,502.0,99.21
6605,4209,7,0.88065,128.31,181.24,159.34,210.11
6606,4209,7,0.84443,163.96,85.42,187.88,104.87
6607,4209,17,0.81517,194.85,141.22,210.98,158.6
6608,4209,17,0.79657,111.8,124.04,129.08,141.39
6609,4211,2,0.83195,260.82,14.87,283.78,36.24
6610,4211,2,0.59355,163.41,32.01,185.79,52.97
6611,4214,11,0.90453,95.41,14.83,130.98,50.45
6612,4214,10,0.75418,266.81,22.62,305.71,56.06
6613,4214,17,0.61011,181.75,115.04,224.99,150.24
6614,4214,12,0.55041,245.09,183.35,290.02,224.69
6615,4214,2,0.46589,2.23,116.35,33.35,143.1
6616,4214,10,0.11232,47.24,127.44,90.1,167.83
6617,4214,1,0.05296,47.24,127.55,89.63,168.15
6618,4214,11,0.04186,47.36,127.43,90.46,168.41
6619,4214,11,0.03516,244.99,183.08,289.96,224.78
6620,4214,13,0.02511,47.26,127.54,90.68,168.44
6621,4214,1,0.01975,181.19,114.23,224.9,150.34
6622,4214,10,0.01706,180.45,113.99,226.02,150.81
6623,4214,6,0.01101,0.04,114.17,33.32,143.12
6624,4214,2,0.0025,244.83,183.71,289.03,224.39
6625,4214,10,0.00156,243.71,183.57,289.29,224.36
6626,4217,12,0.61591,285.59,52.49,304.26,71.92
6627,4217,12,0.42736,258.56,99.86,281.63,122.63
6628,4217,12,0.37177,251.21,128.03,276.4,150.36
6629,4217,14,0.29454,316.04,0.81,357.23,22.24
6630,4217,12,0.07424,314.83,143.11,339.31,164.72
6631,4217,12,0.06745,344.7,103.01,367.31,125.71
6632,4217,14,0.04356,235.42,0.64,281.66,17.45
6633,4217,14,0.00158,450.98,12.0,489.81,193.89
6634,4221,3,0.89601,243.09,122.47,307.22,188.99
6635,4221,13,0.88728,135.5,66.64,177.95,110.59
6636,4221,3,0.88668,255.86,71.2,329.44,118.27
6637,4221,3,0.87869,232.7,5.24,272.8,62.43
6638,4221,1,0.87631,169.66,20.99,208.68,63.52
6639,4224,14,0.63724,209.27,145.94,223.33,170.9
6640,4224,14,0.61356,42.33,128.81,55.01,161.99
6641,4224,14,0.00501,0.03,132.27,8.23,166.8
6642,4224,14,0.00238,0.0,133.79,4.57,165.53
6643,4224,14,0.00123,41.32,139.98,54.4,162.07
6644,4224,14,0.001,506.18,166.52,512.0,199.08
6645,4238,7,0.71695,406.26,84.76,427.7,99.76
6646,4238,7,0.70352,351.9,45.76,371.11,61.69
6647,4238,2,0.02197,491.8,155.43,499.0,172.35
6648,4238,2,0.00182,491.78,146.36,498.97,170.52
6649,4238,2,0.00141,493.86,154.66,499.0,180.58
6650,4246,2,0.79386,260.28,196.63,287.62,223.75
6651,4246,2,0.43808,226.72,190.41,257.03,212.4
6652,4246,2,0.24459,285.84,168.91,303.72,195.01
6653,4246,2,0.02206,422.36,172.65,446.92,192.08
6654,4246,2,0.00141,68.08,224.43,86.97,246.04
6655,4252,15,0.9075,144.64,177.9,175.46,210.92
6656,4252,6,0.8819,80.17,119.53,112.12,161.15
6657,4252,17,0.48681,181.63,122.5,200.12,141.74
6658,4252,2,0.26134,181.53,122.84,200.2,141.56
6659,4256,2,0.85081,206.84,161.86,227.98,190.41
6660,4256,2,0.83754,129.19,212.55,152.9,244.13
6661,4259,15,0.89777,386.56,118.29,416.4,150.16
6662,4259,6,0.89672,316.1,68.31,344.87,110.68
6663,4259,2,0.56031,413.15,58.16,432.31,77.34
6664,4270,15,0.82327,163.06,189.28,190.91,215.07
6665,4270,15,0.81925,162.06,155.28,181.85,169.98
6666,4270,7,0.77847,95.56,176.7,116.96,192.47
6667,4270,15,0.29611,200.29,132.33,212.83,150.72
6668,4270,7,0.00572,199.4,132.26,212.24,151.07
6669,4270,7,0.00324,0.0,40.15,3.09,54.44
6670,4270,7,0.0017,0.07,40.31,5.54,54.02
6671,4270,15,0.00103,164.59,188.72,190.97,202.49
6672,4272,7,0.85264,332.61,29.71,355.5,48.63
6673,4272,7,0.84235,382.23,123.86,406.57,144.9
6674,4272,2,0.04023,125.78,3.36,143.84,18.62
6675,4272,2,0.01228,174.97,31.71,201.15,60.81
6676,4272,15,0.00411,495.29,7.73,499.0,32.42
6677,4272,2,0.00383,0.02,0.66,7.35,19.41
6678,4272,15,0.00158,493.02,6.94,499.0,31.43
6679,4286,7,0.74347,428.67,62.54,447.1,75.0
6680,4286,7,0.23372,441.85,96.82,458.88,111.37
6681,4286,15,0.00391,479.05,0.0,485.0,25.56
6682,4286,2,0.002,481.41,203.52,485.0,225.45
6683,4286,2,0.00199,481.06,178.51,485.0,204.07
6684,4294,2,0.84367,182.11,22.41,225.39,57.09
6685,4294,17,0.77986,216.27,92.01,237.58,113.77
6686,4294,17,0.69592,67.17,70.19,87.48,91.96
6687,4308,9,0.73905,176.73,126.32,210.14,152.81
6688,4308,12,0.69064,305.65,107.12,338.46,134.57
6689,4308,11,0.5476,269.66,56.65,294.32,81.11
6690,4308,11,0.54515,385.67,56.62,411.18,81.31
6691,4308,12,0.11955,270.15,56.67,294.42,81.19
6692,4308,13,0.0058,269.73,56.31,295.64,80.52
6693,4308,11,0.00571,305.6,107.25,339.17,134.58
6694,4310,14,0.83248,235.42,97.17,274.39,214.79
6695,4310,5,0.71172,289.96,143.05,366.6,185.62
6696,4310,5,0.57267,80.55,152.88,183.42,188.87
6697,4310,5,0.01243,0.43,137.82,94.92,189.5
6698,4310,5,0.01217,4.16,133.84,183.9,192.23
6699,4310,14,0.01164,491.74,122.47,500.0,190.63
6700,4310,8,0.00262,216.53,146.81,268.96,186.03
6701,4310,8,0.00141,216.78,148.79,243.92,184.78
6702,4310,14,0.00123,495.38,132.79,500.0,191.06
6703,4310,14,0.00117,489.95,99.85,499.97,189.17
6704,4312,3,0.20109,159.29,41.75,226.41,96.67
6705,4312,12,0.03063,116.8,124.22,167.9,176.6
6706,4312,13,0.0218,334.96,160.65,390.39,216.89
6707,4312,13,0.01609,116.16,124.45,168.23,177.03
6708,4312,0,0.0071,335.97,160.55,390.21,217.93
6709,4312,12,0.0039,335.17,160.24,390.53,216.71
6710,4313,3,0.89162,277.73,169.78,375.18,238.49
6711,4313,3,0.88928,159.45,10.87,237.45,54.32
6712,4313,4,0.85131,178.06,54.27,258.07,106.41
6713,4313,3,0.75806,223.52,105.61,300.39,170.18
6714,4313,4,0.62908,221.18,106.5,300.99,170.42
6715,4313,2,0.00349,177.09,54.36,257.8,107.9
6716,4313,2,0.0018,158.31,10.77,237.6,54.62
6717,4314,2,0.84665,65.81,80.66,97.38,120.28
6718,4314,2,0.40653,59.27,47.19,77.35,64.19
6719,4314,17,0.22087,133.75,68.37,151.85,85.52
6720,4314,2,0.07079,132.79,68.75,152.81,99.54
6721,4314,2,0.00185,54.76,47.2,78.45,80.94
6722,4315,4,0.89972,271.18,77.64,352.83,158.76
6723,4315,3,0.86628,346.57,70.61,428.41,127.15
6724,4315,12,0.0248,495.95,41.74,506.0,59.4
6725,4315,12,0.02079,249.58,168.36,276.06,199.47
6726,4315,12,0.00514,169.07,191.23,185.58,207.63
6727,4315,12,0.00507,495.84,39.56,506.0,78.81
6728,4315,12,0.00305,241.21,30.38,260.3,49.18
6729,4315,12,0.00262,502.96,57.07,506.0,78.79
6730,4315,12,0.00247,157.01,80.16,171.56,99.55
6731,4315,12,0.00244,0.05,89.99,11.55,130.38
6732,4315,6,0.0018,0.01,195.62,10.11,244.26
6733,4315,12,0.00172,166.18,174.86,188.44,192.79
6734,4315,6,0.00134,0.02,177.48,10.91,234.31
6735,4315,3,0.00107,269.65,77.06,352.82,160.2
6736,4315,0,0.00107,240.62,30.5,260.54,49.58
6737,4319,15,0.89391,304.26,124.65,330.21,147.96
6738,4319,15,0.88467,380.02,136.92,412.67,170.31
6739,4319,7,0.83547,325.21,184.01,347.78,208.16
6740,4319,7,0.76117,294.87,94.09,314.9,113.08
6741,4321,2,0.84776,191.71,189.07,214.81,215.19
6742,4321,2,0.82057,307.88,183.42,336.48,208.44
6743,4321,2,0.0016,63.06,162.17,81.18,179.69
6744,4321,2,0.00121,495.31,158.04,504.95,176.27
6745,4324,7,0.90723,261.03,29.83,306.04,70.27
6746,4324,7,0.90393,361.36,24.9,400.73,61.72
6747,4326,2,0.88136,85.09,187.8,112.04,209.48
6748,4326,2,0.86021,47.56,145.45,67.67,172.48
6749,4327,2,0.83124,370.03,119.56,394.67,154.92
6750,4327,2,0.82312,383.11,41.31,406.92,63.04
6751,4327,2,0.00213,0.06,79.81,6.54,93.27
6752,4328,17,0.83407,64.46,129.82,83.92,148.55
6753,4328,7,0.82635,104.54,116.51,140.63,143.66
6754,4328,17,0.78741,48.25,106.22,67.51,124.13
6755,4328,7,0.74532,57.62,149.12,88.67,177.7
6756,4328,2,0.03402,194.17,184.39,222.65,209.55
6757,4328,11,0.0202,114.49,194.42,142.5,216.6
6758,4328,10,0.01216,114.45,194.36,142.38,216.66
6759,4328,17,0.00924,114.78,194.62,142.97,216.6
6760,4328,17,0.00894,194.04,184.33,222.25,209.12
6761,4328,10,0.00856,178.77,100.77,198.75,126.16
6762,4328,11,0.00803,55.71,81.39,80.77,102.33
6763,4328,17,0.00691,178.84,100.62,198.61,126.02
6764,4328,6,0.00553,4.51,69.02,38.24,94.78
6765,4328,2,0.00464,179.06,100.71,198.95,126.11
6766,4328,10,0.00434,48.02,106.36,67.7,124.51
6767,4328,11,0.00134,47.89,106.13,67.72,124.39
6768,4328,11,0.00125,64.04,130.13,84.15,148.54
6769,4328,14,0.00123,178.63,212.56,190.14,245.67
6770,4328,10,0.0012,193.79,184.21,223.99,209.88
6771,4328,11,0.00101,99.48,74.92,120.31,95.6
6772,4333,14,0.86052,52.34,112.23,78.74,192.76
6773,4333,5,0.8585,214.72,120.15,342.71,174.91
6774,4333,14,0.84762,334.85,92.97,392.72,223.38
6775,4333,5,0.83079,380.04,121.46,499.62,179.97
6776,4333,5,0.01558,371.1,110.29,435.56,155.3
6777,4333,14,0.00962,494.9,146.23,500.0,224.64
6778,4333,5,0.00953,353.82,109.22,434.71,143.26
6779,4333,8,0.00821,156.33,131.45,186.47,163.24
6780,4333,14,0.00533,492.47,150.56,500.0,212.41
6781,4338,1,0.39498,296.68,134.01,332.9,169.71
6782,4338,4,0.07004,111.61,199.81,200.78,235.43
6783,4338,13,0.04386,296.8,133.8,333.23,170.58
6784,4338,0,0.0122,296.91,133.7,333.38,170.72
6785,4338,3,0.00448,113.72,200.58,200.79,235.98
6786,4338,14,0.00157,0.0,3.2,51.68,184.3
6787,4338,2,0.00112,297.15,133.61,332.64,169.4
6788,4338,14,0.00101,0.0,0.49,59.66,106.36
6789,4342,10,0.88953,250.43,96.39,268.54,115.94
6790,4342,10,0.87941,241.71,119.87,261.18,139.43
6791,4342,10,0.87862,319.06,147.8,341.51,166.32
6792,4342,11,0.87722,288.91,78.99,311.01,95.85
6793,4342,17,0.87601,361.63,127.67,378.29,144.31
6794,4342,17,0.85737,363.82,105.46,380.01,121.93
6795,4342,10,0.84819,277.22,144.93,298.51,166.22
6796,4342,11,0.7489,311.08,115.07,330.07,134.8
6797,4343,7,0.86549,185.58,105.84,208.87,129.1
6798,4343,7,0.7817,86.09,179.85,115.38,208.42
6799,4343,15,0.47781,86.49,180.19,115.51,208.5
6800,4352,12,0.14829,219.47,137.13,243.69,160.85
6801,4352,14,0.13495,0.04,1.23,72.54,45.01
6802,4352,12,0.07883,156.1,163.51,183.12,189.03
6803,4352,12,0.0689,190.2,84.56,212.83,108.41
6804,4352,13,0.05986,80.3,73.42,101.76,96.4
6805,4352,14,0.02099,0.0,0.45,53.0,104.48
6806,4352,14,0.02047,0.1,0.08,33.54,121.74
6807,4352,17,0.01516,80.19,72.9,101.78,96.21
6808,4352,14,0.01485,251.46,1.21,297.61,29.64
6809,4352,12,0.01229,79.92,72.87,101.57,96.32
6810,4352,14,0.01173,1.49,1.48,73.19,24.6
6811,4352,14,0.0025,0.06,0.0,45.55,185.22
6812,4352,14,0.00115,1.41,2.36,86.58,103.79
6813,4352,14,0.0011,0.06,0.78,27.43,35.22
6814,4354,15,0.84068,271.89,120.52,300.5,147.15
6815,4354,15,0.82042,267.58,82.06,288.01,97.44
6816,4354,7,0.75572,200.41,108.54,222.13,125.55
6817,4354,15,0.66489,306.14,55.94,318.5,74.26
6818,4362,2,0.87227,194.75,174.92,226.44,197.09
6819,4362,2,0.85625,33.01,148.55,54.78,175.36
6820,4362,2,0.00111,0.0,213.02,4.27,242.12
6821,4366,17,0.88829,361.51,166.37,381.78,186.95
6822,4366,10,0.87976,246.67,104.25,269.24,127.06
6823,4366,10,0.87761,226.2,134.07,246.88,158.26
6824,4366,17,0.8466,376.98,136.01,396.58,155.81
6825,4366,10,0.846,249.32,173.6,273.31,200.34
6826,4366,9,0.78869,296.93,186.53,323.88,209.05
6827,4366,11,0.61387,301.58,87.72,328.35,107.39
6828,4366,11,0.57268,306.89,139.35,328.4,164.11
6829,4366,10,0.27712,296.93,186.37,323.97,209.14
6830,4366,10,0.00412,361.51,166.58,381.7,186.94
6831,4366,13,0.00113,361.54,166.37,381.81,186.9
6832,4369,7,0.86795,212.44,120.49,235.47,143.45
6833,4369,7,0.86059,112.62,192.74,141.51,220.38
6834,4369,15,0.309,112.59,193.28,141.6,220.7
6835,4370,14,0.77202,232.24,115.97,291.72,220.07
6836,4370,5,0.28545,268.99,153.66,356.6,196.09
6837,4370,5,0.13696,69.8,167.86,173.37,204.44
6838,4370,14,0.03984,267.94,117.97,292.12,213.52
6839,4370,5,0.03483,1.85,158.13,85.79,208.65
6840,4370,5,0.01207,220.89,151.55,357.05,197.34
6841,4370,5,0.00999,206.5,155.36,288.29,200.1
6842,4370,5,0.00868,208.18,157.42,253.54,201.39
6843,4370,14,0.00742,206.43,127.47,293.85,204.58
6844,4370,5,0.00589,0.33,148.32,162.42,209.46
6845,4370,5,0.0032,489.41,158.71,500.0,184.97
6846,4379,2,0.86152,267.38,194.98,287.99,221.15
6847,4379,2,0.00251,328.28,102.68,339.3,114.68
6848,4380,15,0.89386,65.93,80.64,89.06,109.46
6849,4380,15,0.87545,152.82,73.61,178.69,104.63
6850,4382,8,0.81142,248.75,0.0,364.93,33.65
6851,4382,8,0.36466,180.35,0.76,282.79,27.98
6852,4382,14,0.29337,0.0,2.31,10.12,103.04
6853,4382,14,0.07054,0.09,0.74,18.3,102.21
6854,4382,8,0.04816,181.01,0.52,222.98,20.49
6855,4382,8,0.02093,249.53,0.25,319.06,31.95
6856,4382,14,0.01273,0.73,0.2,31.16,100.64
6857,4382,6,0.00462,0.0,23.54,6.78,102.49
6858,4382,14,0.00369,0.4,0.0,52.15,212.0
6859,4382,6,0.00257,0.04,50.36,5.4,105.0
6860,4382,6,0.00238,0.06,67.84,5.86,118.3
6861,4382,6,0.00238,0.0,3.53,8.98,99.71
6862,4382,8,0.00168,0.0,25.19,68.99,210.05
6863,4382,8,0.00144,0.01,57.51,4.65,104.12
6864,4382,14,0.0013,0.01,0.0,48.46,107.41
6865,4382,8,0.00115,340.32,0.0,389.07,25.62
6866,4382,5,0.00103,128.72,0.0,340.08,0.0
6867,4396,7,0.8854,127.13,53.98,165.4,89.61
6868,4396,17,0.86243,149.26,148.19,173.99,172.18
6869,4396,7,0.78157,261.45,179.82,309.31,219.52
6870,4396,17,0.62621,247.84,89.56,270.5,110.34
6871,4413,14,0.77077,357.73,126.59,373.89,145.26
6872,4413,14,0.7549,170.59,93.55,189.37,133.4
6873,4413,14,0.74496,23.56,80.34,41.94,114.99
6874,4413,14,0.68538,132.98,97.98,145.94,121.79
6875,4413,16,0.38033,0.32,124.4,29.34,145.77
6876,4413,14,0.18141,15.86,80.72,24.74,99.03
6877,4413,16,0.0854,51.05,135.45,77.27,154.23
6878,4413,14,0.06014,23.88,79.82,34.57,112.32
6879,4413,14,0.04784,0.0,81.19,2.29,99.62
6880,4413,14,0.04413,0.02,82.24,3.82,98.76
6881,4413,16,0.02521,0.15,124.66,30.94,157.63
6882,4413,16,0.02455,0.18,155.93,42.21,203.68
6883,4413,14,0.016,16.68,79.74,26.43,108.59
6884,4413,14,0.01195,0.07,81.51,4.54,106.54
6885,4413,16,0.00953,0.03,156.35,26.13,209.72
6886,4413,14,0.00803,0.0,81.43,6.15,97.94
6887,4413,14,0.00707,233.46,111.53,254.15,133.24
6888,4413,14,0.0062,24.62,79.8,32.34,95.91
6889,4413,16,0.00608,3.51,156.19,70.1,232.31
6890,4413,14,0.00352,134.71,97.65,145.14,112.69
6891,4413,15,0.00339,51.35,135.06,77.42,154.22
6892,4413,14,0.0024,233.77,115.82,245.52,132.79
6893,4413,16,0.00229,0.05,155.29,23.08,188.23
6894,4413,14,0.00204,32.36,82.83,42.91,112.28
6895,4413,16,0.00154,0.23,126.54,32.77,182.54
6896,4413,14,0.00108,244.69,115.45,261.21,133.77
6897,4416,2,0.79561,297.83,33.95,326.18,60.79
6898,4416,2,0.51903,263.38,27.67,294.41,48.79
6899,4416,2,0.10981,105.2,58.58,125.42,80.43
6900,4416,2,0.01855,323.56,8.42,343.15,33.52
6901,4416,2,0.01186,497.3,102.84,506.0,132.51
6902,4416,2,0.00411,58.62,54.92,85.17,80.16
6903,4416,2,0.00299,119.12,2.04,139.95,32.07
6904,4416,2,0.00192,501.82,35.23,506.0,69.38
6905,4416,2,0.00184,462.37,12.85,489.2,35.56
6906,4416,2,0.00135,0.16,22.33,7.73,44.0
6907,4416,16,0.00101,497.93,66.42,506.0,104.32
6908,4416,2,0.001,496.62,112.66,506.0,138.21
6909,4417,3,0.87884,81.56,80.51,134.24,140.09
6910,4417,3,0.86019,152.76,9.45,186.93,48.72
6911,4417,13,0.85858,213.2,49.99,249.97,89.39
6912,4417,1,0.84008,158.55,78.23,199.05,121.1
6913,4417,3,0.8265,90.63,41.84,165.39,71.71
6914,4418,14,0.82512,391.62,141.65,418.06,228.5
6915,4418,14,0.79938,282.98,135.51,309.53,218.87
6916,4418,14,0.7948,65.04,87.74,102.99,207.2
6917,4418,14,0.68358,124.0,128.65,164.75,205.46
6918,4418,5,0.61715,413.5,181.64,479.3,221.92
6919,4418,14,0.43908,161.61,134.04,186.16,206.49
6920,4418,14,0.34421,95.95,113.09,123.51,204.51
6921,4418,14,0.19612,65.47,115.7,123.86,207.36
6922,4418,14,0.0081,128.25,129.95,185.48,205.94
6923,4418,5,0.00121,469.7,155.24,499.8,187.93
6924,4418,8,0.00108,383.57,141.8,463.84,228.37
6925,4425,15,0.89012,107.03,44.5,129.41,72.38
6926,4425,15,0.8865,192.26,31.82,216.69,61.6
6927,4425,17,0.00227,492.65,179.29,495.0,189.72
6928,4430,12,0.88389,233.45,157.18,259.98,180.89
6929,4430,1,0.86453,264.49,135.72,290.95,162.16
6930,4430,0,0.86437,192.65,174.63,221.67,203.23
6931,4430,3,0.82239,239.25,174.71,303.4,205.52
6932,4430,3,0.74891,199.05,148.9,238.31,178.65
6933,4430,4,0.00108,198.84,148.81,237.93,178.12
6934,4432,14,0.89904,308.11,55.62,364.53,181.59
6935,4432,14,0.46501,0.0,99.21,23.4,143.27
6936,4432,8,0.354,0.0,153.89,103.6,246.96
6937,4432,14,0.0132,351.46,4.91,373.47,63.78
6938,4432,14,0.00744,160.88,115.79,203.9,200.71
6939,4432,8,0.00689,0.0,94.96,104.5,249.0
6940,4432,14,0.0056,0.09,108.53,12.29,144.71
6941,4432,14,0.00436,164.61,141.51,192.55,199.34
6942,4432,8,0.00361,38.45,96.06,83.31,132.45
6943,4432,14,0.0033,307.97,56.59,342.48,176.03
6944,4432,14,0.00293,0.01,100.12,20.91,191.17
6945,4432,14,0.00291,0.02,109.59,7.16,142.85
6946,4432,14,0.00273,84.82,127.13,104.41,162.7
6947,4432,2,0.0019,257.65,208.2,302.74,238.93
6948,4432,14,0.00164,485.96,41.1,493.0,129.27
6949,4432,8,0.00158,0.0,96.8,56.49,249.0
6950,4432,14,0.00136,488.96,62.27,493.0,119.67
6951,4432,5,0.00121,483.52,109.56,492.96,150.93
6952,4438,5,0.78093,314.95,176.57,402.76,209.05
6953,4438,5,0.77902,11.02,173.27,107.74,207.75
6954,4438,5,0.74177,444.18,165.89,489.0,190.86
6955,4438,8,0.58602,276.69,162.93,296.27,176.51
6956,4438,5,0.56478,214.18,172.81,296.84,200.64
6957,4438,8,0.56371,355.23,166.01,383.27,180.15
6958,4438,8,0.55118,392.02,162.97,408.63,176.63
6959,4438,14,0.52491,282.8,153.57,292.0,165.41
6960,4438,14,0.48169,376.62,157.03,382.97,166.65
6961,4438,8,0.40709,364.52,167.14,383.91,179.2
6962,4438,14,0.39852,396.84,154.66,405.42,168.34
6963,4438,14,0.38229,371.62,159.98,377.21,170.07
6964,4438,8,0.3636,371.59,167.78,384.01,178.64
6965,4438,14,0.26099,361.76,161.05,370.44,172.75
6966,4438,14,0.1896,369.43,163.1,376.41,172.28
6967,4438,14,0.15526,284.11,155.87,295.03,166.79
6968,4438,14,0.13133,283.0,158.63,294.89,168.48
6969,4438,8,0.11752,419.79,161.4,440.82,177.52
6970,4438,14,0.1117,364.09,161.49,372.89,172.32
6971,4438,14,0.10836,375.69,160.3,383.61,171.04
6972,4438,14,0.09614,377.11,163.8,384.01,171.72
6973,4438,8,0.09568,358.59,165.09,375.91,177.95
6974,4438,14,0.09273,283.06,151.91,295.83,165.94
6975,4438,14,0.08673,241.02,156.33,249.12,167.6
6976,4438,8,0.07804,375.6,165.7,384.57,177.7
6977,4438,8,0.07717,355.02,167.51,372.2,179.42
6978,4438,14,0.06027,2.06,140.18,15.04,151.67
6979,4438,5,0.05206,253.17,173.26,296.2,199.06
6980,4438,8,0.048,281.79,161.7,296.21,171.95
6981,4438,14,0.04629,426.91,156.27,435.2,167.93
6982,4438,14,0.04566,394.45,156.74,404.01,169.93
6983,4438,14,0.03789,359.61,164.11,370.25,173.26
6984,4438,14,0.03031,393.9,160.3,401.6,170.38
6985,4438,5,0.02818,474.76,102.73,489.0,120.55
6986,4438,5,0.02727,50.47,174.28,105.77,206.36
6987,4438,14,0.01982,239.51,160.28,249.54,172.71
6988,4438,14,0.01981,279.63,155.01,290.42,165.99
6989,4438,14,0.01785,1.34,139.0,25.35,151.93
6990,4438,14,0.01709,374.59,155.63,382.6,166.05
6991,4438,14,0.01504,11.4,146.15,19.92,154.4
6992,4438,14,0.01446,423.49,157.86,436.43,170.08
6993,4438,14,0.01439,354.13,168.58,365.56,178.88
6994,4438,8,0.01431,0.03,144.81,6.92,159.97
6995,4438,8,0.01429,0.14,148.27,11.68,160.38
6996,4438,8,0.01412,241.84,166.54,251.49,176.27
6997,4438,8,0.01372,236.06,162.98,251.14,176.33
6998,4438,5,0.01336,196.41,127.19,212.47,142.3
6999,4438,5,0.01288,0.88,127.17,29.07,142.21
7000,4438,14,0.01278,6.67,144.62,18.81,153.37
7001,4438,8,0.01263,239.81,161.5,249.8,172.87
7002,4438,5,0.01195,474.21,111.17,488.86,122.01
7003,4438,14,0.01176,278.84,151.08,293.15,164.61
7004,4438,14,0.01155,400.42,156.71,406.67,168.9
7005,4438,8,0.01098,353.72,168.68,363.59,179.2
7006,4438,14,0.01071,278.26,160.9,290.67,171.13
7007,4438,8,0.01044,0.01,148.28,4.53,160.29
7008,4438,5,0.01032,465.66,103.81,488.63,119.9
7009,4438,5,0.00986,463.04,91.75,488.29,105.7
7010,4438,14,0.0093,3.64,140.77,20.27,151.09
7011,4438,5,0.00888,195.74,120.56,230.35,145.98
7012,4438,5,0.00856,470.81,96.85,488.48,107.99
7013,4438,14,0.00825,235.42,162.87,245.99,176.57
7014,4438,14,0.00805,274.8,153.24,292.59,166.25
7015,4438,14,0.00747,235.97,159.94,248.42,175.01
7016,4438,5,0.0071,466.73,99.0,488.22,112.63
7017,4438,5,0.00696,306.65,101.91,342.88,123.97
7018,4438,8,0.00688,7.45,151.12,15.71,159.36
7019,4438,5,0.00683,473.89,99.51,488.84,114.99
7020,4438,14,0.00679,242.37,158.21,250.61,169.64
7021,4438,14,0.00588,355.2,165.14,368.26,176.44
7022,4438,14,0.0057,9.2,147.47,19.0,157.11
7023,4438,8,0.00561,379.69,163.96,394.38,176.15
7024,4438,8,0.00527,0.04,149.46,3.01,161.12
7025,4438,8,0.00512,0.2,144.05,10.33,158.61
7026,4438,14,0.00506,353.01,169.7,361.48,179.03
7027,4438,14,0.005,401.57,160.31,407.25,169.78
7028,4438,5,0.00498,470.93,91.11,488.3,102.45
7029,4438,5,0.00489,7.93,164.67,78.11,206.38
7030,4438,14,0.00479,242.83,164.67,256.0,175.84
7031,4438,5,0.00475,29.38,113.79,82.1,128.15
7032,4438,5,0.00443,452.92,110.94,479.02,120.77
7033,4438,5,0.00434,460.67,88.93,488.61,100.85
7034,4438,14,0.00434,71.63,160.13,83.19,173.11
7035,4438,5,0.00404,460.33,111.0,485.88,120.8
7036,4438,14,0.00397,3.53,147.25,15.47,157.96
7037,4438,5,0.00394,308.51,96.33,349.61,110.7
7038,4438,8,0.00381,0.01,118.73,2.8,134.09
7039,4438,8,0.00379,236.04,167.01,252.69,178.58
7040,4438,14,0.00368,377.9,161.86,387.43,174.0
7041,4438,5,0.00364,135.02,83.26,168.7,99.65
7042,4438,8,0.00361,6.34,152.15,14.48,161.14
7043,4438,14,0.00355,275.19,163.24,288.72,175.7
7044,4438,5,0.00339,458.23,95.59,486.2,107.3
7045,4438,5,0.00337,283.32,98.64,309.15,112.62
7046,4438,5,0.00331,325.05,83.84,353.55,96.07
7047,4438,8,0.00325,276.05,162.15,289.61,175.52
7048,4438,5,0.00316,459.13,75.1,487.61,85.14
7049,4438,5,0.00313,319.02,60.53,338.44,71.19
7050,4438,5,0.00301,476.6,94.18,489.0,108.36
7051,4438,5,0.00297,459.25,81.32,488.83,93.26
7052,4438,5,0.00288,313.34,91.12,351.5,109.36
7053,4438,5,0.00283,458.29,76.54,488.58,89.86
7054,4438,8,0.00275,9.58,149.21,19.45,157.79
7055,4438,14,0.00273,0.0,135.72,14.85,152.64
7056,4438,5,0.00271,473.67,112.89,489.0,132.65
7057,4438,5,0.00253,279.64,92.29,312.78,109.59
7058,4438,5,0.00253,284.18,87.34,315.24,101.32
7059,4438,5,0.00252,319.24,86.67,348.49,99.67
7060,4438,5,0.00251,456.22,106.44,481.4,118.82
7061,4438,5,0.00247,80.58,122.69,139.11,169.97
7062,4438,5,0.00242,18.53,44.41,49.82,56.78
7063,4438,5,0.00228,19.6,42.74,53.44,52.9
7064,4438,5,0.00225,310.88,61.93,339.38,73.89
7065,4438,5,0.00225,323.95,88.63,353.9,103.6
7066,4438,5,0.00224,51.49,103.17,100.01,120.7
7067,4438,5,0.00216,0.0,119.26,13.43,139.59
7068,4438,14,0.00213,72.4,156.26,88.75,170.22
7069,4438,5,0.00212,454.57,96.31,477.07,109.1
7070,4438,5,0.00207,53.79,42.23,83.82,53.26
7071,4438,5,0.00205,32.43,109.22,81.61,125.76
7072,4438,5,0.00203,456.15,100.27,483.94,113.15
7073,4438,5,0.00202,56.37,94.6,98.29,112.97
7074,4438,5,0.00199,112.56,101.35,210.1,167.77
7075,4438,5,0.00199,403.22,62.64,454.45,79.7
7076,4438,8,0.00198,388.2,163.42,401.76,176.18
7077,4438,5,0.00195,16.01,45.44,35.02,55.94
7078,4438,8,0.00195,0.23,139.8,15.26,152.96
7079,4438,5,0.00195,73.95,119.66,99.1,136.21
7080,4438,5,0.00194,476.9,151.06,488.77,166.67
7081,4438,5,0.00192,317.83,67.56,338.86,78.39
7082,4438,5,0.00189,334.69,83.56,355.11,93.87
7083,4438,5,0.00189,0.41,44.19,20.14,59.96
7084,4438,5,0.00189,453.03,101.1,473.77,113.43
7085,4438,14,0.00188,271.88,153.86,288.98,164.46
7086,4438,5,0.00188,22.22,104.87,69.38,123.41
7087,4438,5,0.00187,234.32,61.38,280.89,77.77
7088,4438,14,0.00185,0.62,135.81,28.95,148.43
7089,4438,5,0.0018,18.6,44.09,43.6,52.47
7090,4438,14,0.00177,233.61,161.23,251.37,179.91
7091,4438,14,0.00172,242.69,155.17,251.09,163.29
7092,4438,5,0.0017,0.0,118.15,5.67,139.84
7093,4438,5,0.00168,329.54,80.11,355.67,93.74
7094,4438,5,0.00165,321.13,64.67,338.65,72.63
7095,4438,5,0.00162,474.82,88.7,488.47,98.0
7096,4438,5,0.00161,43.84,116.08,82.96,129.7
7097,4438,5,0.00159,39.54,105.36,84.73,121.86
7098,4438,14,0.00157,370.08,155.6,377.82,166.67
7099,4438,5,0.00157,476.33,89.56,489.0,103.38
7100,4438,14,0.00155,70.69,160.26,87.41,175.45
7101,4438,5,0.00152,138.74,88.38,168.25,100.15
7102,4438,5,0.00152,0.05,119.02,7.74,134.84
7103,4438,5,0.00149,455.14,90.7,477.95,99.34
7104,4438,5,0.00147,0.0,41.98,14.68,76.17
7105,4438,8,0.00145,2.44,149.27,15.95,160.74
7106,4438,14,0.00144,275.36,160.36,287.66,171.38
7107,4438,5,0.00143,287.45,62.72,317.86,76.57
7108,4438,14,0.00139,285.15,159.74,297.73,169.88
7109,4438,5,0.00139,113.23,74.37,161.89,96.43
7110,4438,14,0.00138,68.27,162.28,82.2,175.37
7111,4438,5,0.00137,451.14,94.98,472.27,107.86
7112,4438,14,0.00129,380.69,163.8,391.53,175.7
7113,4438,5,0.00129,322.66,99.05,351.13,111.18
7114,4438,5,0.00129,461.02,70.23,488.44,84.54
7115,4438,5,0.00127,84.04,90.44,131.26,119.3
7116,4438,5,0.00127,452.73,67.71,477.35,80.04
7117,4438,14,0.00126,270.76,155.34,282.97,165.08
7118,4438,5,0.00125,53.99,46.12,83.85,59.16
7119,4438,14,0.00125,364.22,156.22,374.89,172.28
7120,4438,5,0.00124,81.8,123.72,97.62,136.41
7121,4438,5,0.00124,50.84,110.59,99.06,127.74
7122,4438,5,0.00122,170.93,70.0,212.36,91.51
7123,4438,8,0.00121,273.94,166.67,289.1,178.35
7124,4438,5,0.00121,115.49,72.34,163.4,89.63
7125,4438,5,0.00121,324.29,66.18,354.16,81.81
7126,4438,5,0.00121,459.83,71.05,480.53,80.36
7127,4438,5,0.00119,457.74,89.01,482.41,98.34
7128,4438,5,0.00119,454.09,88.46,473.76,97.76
7129,4438,5,0.00117,460.8,63.56,488.46,81.33
7130,4438,5,0.00115,451.55,104.38,473.24,115.28
7131,4438,5,0.00115,0.55,139.06,16.48,152.3
7132,4438,5,0.00115,408.0,82.78,433.09,98.24
7133,4438,5,0.00114,156.25,119.63,236.96,192.65
7134,4438,5,0.00112,450.33,113.65,475.32,123.37
7135,4438,5,0.00111,66.37,94.6,99.82,109.21
7136,4438,5,0.00111,64.35,90.16,97.52,105.73
7137,4438,5,0.00111,197.35,62.61,245.42,78.61
7138,4438,14,0.00111,231.91,149.04,249.86,164.36
7139,4438,5,0.0011,462.1,60.95,488.42,74.56
7140,4438,14,0.00109,399.64,161.17,409.47,173.69
7141,4438,5,0.00109,276.65,99.32,309.39,116.68
7142,4438,5,0.00107,65.86,98.97,106.9,112.27
7143,4438,5,0.00107,113.3,113.77,151.98,129.6
7144,4438,5,0.00106,96.23,123.75,142.68,149.52
7145,4438,5,0.00105,135.12,89.68,170.04,103.41
7146,4438,5,0.00104,73.94,97.65,110.91,115.06
7147,4438,5,0.00104,481.66,65.21,489.0,76.0
7148,4438,5,0.00104,27.37,99.4,73.65,119.74
7149,4438,5,0.00104,33.41,116.31,68.83,126.97
7150,4438,14,0.00103,73.29,146.43,93.13,162.86
7151,4438,5,0.00102,33.63,119.37,70.33,132.8
7152,4438,5,0.00101,456.66,63.34,474.9,72.33
7153,4438,5,0.00101,417.51,76.08,452.35,86.96
7154,4438,5,0.00101,15.05,111.96,56.8,125.56
7155,4438,5,0.001,70.16,115.34,99.29,133.48
7156,4440,3,0.68785,215.89,36.83,284.95,89.79
7157,4440,13,0.17193,183.35,122.08,233.71,173.57
7158,4440,14,0.1704,338.41,2.78,490.64,142.54
7159,4440,12,0.08638,183.29,122.15,234.06,173.57
7160,4440,0,0.02358,401.47,140.61,458.01,197.43
7161,4440,12,0.01728,401.07,140.31,458.17,197.21
7162,4440,14,0.0095,372.45,3.93,485.41,115.08
7163,4440,2,0.00712,183.64,122.4,233.21,173.71
7164,4440,13,0.00643,401.18,140.53,457.17,196.87
7165,4440,14,0.00284,335.56,4.09,436.68,132.04
7166,4440,2,0.00253,215.25,37.32,285.25,89.71
7167,4440,2,0.00196,401.1,140.89,458.29,195.7
7168,4440,14,0.00146,444.96,0.0,498.85,200.94
7169,4440,3,0.00111,319.94,79.81,387.83,134.51
7170,4442,10,0.90276,277.94,126.87,301.85,153.58
7171,4442,10,0.89518,274.55,58.35,297.35,81.14
7172,4442,17,0.88391,389.66,118.82,410.03,139.32
7173,4442,17,0.8786,405.03,88.42,425.1,108.64
7174,4442,10,0.87643,254.04,88.35,274.99,112.54
7175,4442,11,0.78754,329.43,40.94,356.4,61.54
7176,4442,9,0.78641,324.99,139.34,351.84,161.79
7177,4442,11,0.69992,334.9,92.46,356.57,117.54
7178,4442,10,0.42666,324.97,139.34,352.02,161.82
7179,4448,8,0.34207,448.43,79.51,489.9,123.75
7180,4448,8,0.12107,332.08,95.0,433.55,141.21
7181,4448,8,0.11849,491.89,85.48,500.0,120.24
7182,4448,14,0.08809,492.22,83.0,500.0,122.08
7183,4448,14,0.05753,479.71,36.05,500.0,123.93
7184,4448,8,0.0466,1.85,137.26,132.89,247.24
7185,4448,5,0.03519,0.0,136.39,131.85,254.25
7186,4448,14,0.02133,162.23,106.08,183.99,155.54
7187,4448,8,0.02015,336.16,98.22,391.76,141.65
7188,4448,14,0.01345,495.89,88.31,500.0,121.79
7189,4448,14,0.01108,492.6,77.06,500.0,169.41
7190,4448,8,0.00921,467.43,35.4,500.0,125.87
7191,4448,8,0.00879,421.11,79.71,449.95,130.11
7192,4448,14,0.00613,163.29,112.46,176.3,156.84
7193,4448,14,0.00434,148.79,110.85,176.48,156.77
7194,4448,8,0.00421,477.37,84.39,500.0,119.92
7195,4448,14,0.00304,477.46,11.18,500.0,75.9
7196,4448,14,0.00241,478.69,37.15,500.0,87.42
7197,4448,8,0.00175,0.0,142.52,45.53,244.84
7198,4448,14,0.00136,148.67,119.05,165.99,155.05
7199,4448,8,0.00128,419.17,82.1,446.71,117.38
7200,4448,8,0.00125,421.78,77.28,475.47,129.46
7201,4448,8,0.00123,335.13,106.39,356.08,139.83
7202,4448,14,0.00106,494.46,68.14,500.0,115.72
7203,4465,2,0.86316,399.95,54.44,430.18,82.85
7204,4465,2,0.8561,277.57,38.71,312.9,64.83
7205,4465,2,0.00195,385.21,116.25,446.19,158.63
7206,4465,5,0.00125,387.31,116.85,446.43,158.99
7207,4474,14,0.80801,181.0,115.76,220.08,231.4
7208,4474,14,0.74156,212.34,118.53,252.56,233.06
7209,4474,5,0.086,5.38,154.99,185.89,215.4
7210,4474,5,0.04161,284.43,158.46,370.24,201.67
7211,4474,14,0.01138,488.65,132.14,500.0,220.87
7212,4474,5,0.003,86.03,176.79,190.22,210.48
7213,4474,5,0.0028,231.43,156.59,367.59,204.08
7214,4474,5,0.0018,0.0,159.77,61.24,218.39
7215,4474,14,0.00132,489.98,105.77,499.96,196.91
7216,4474,5,0.00109,0.23,152.8,101.05,218.23
7217,4475,2,0.83288,146.73,44.96,169.98,70.47
7218,4475,2,0.81278,262.65,42.34,291.21,65.87
7219,4475,2,0.02109,507.05,90.19,512.0,112.07
7220,4475,7,0.00752,507.41,95.2,512.0,112.35
7221,4475,2,0.00363,507.04,76.64,512.0,110.82
7222,4494,15,0.83341,387.35,128.24,406.87,142.77
7223,4494,15,0.83116,389.46,163.31,417.66,189.08
7224,4494,7,0.73438,320.15,149.54,341.57,165.43
7225,4494,15,0.68603,426.09,105.12,438.42,123.47
7226,4494,17,0.00431,474.4,223.45,485.63,234.48
7227,4494,7,0.00242,475.95,218.3,486.64,234.24
7228,4494,7,0.00209,479.75,210.47,487.0,233.45
7229,4494,7,0.0015,482.72,211.34,487.0,234.44
7230,4494,15,0.0013,390.89,162.65,417.4,178.35
7231,4494,17,0.00117,476.01,218.28,487.0,235.04
7232,4494,7,0.00117,458.4,141.46,472.65,154.32
7233,4494,17,0.0011,381.83,72.3,394.73,83.62
7234,4512,14,0.85274,468.99,103.34,495.0,181.5
7235,4512,14,0.80762,68.23,111.17,99.84,211.12
7236,4512,14,0.76967,325.36,108.95,350.91,189.27
7237,4512,14,0.74709,280.44,104.98,320.4,196.27
7238,4512,6,0.00875,474.11,41.36,495.0,81.89
7239,4512,14,0.00511,490.11,119.98,495.0,170.97
7240,4512,14,0.00402,487.26,150.01,495.0,236.78
7241,4512,14,0.00254,0.0,163.61,4.24,215.22
7242,4512,14,0.00179,487.71,117.46,495.0,162.48
7243,4512,14,0.00167,0.0,73.1,12.49,217.6
7244,4512,14,0.00141,0.0,117.95,6.09,242.97
7245,4512,8,0.00126,308.9,107.96,378.44,191.02
7246,4512,14,0.00117,484.74,113.77,495.0,172.55
7247,4513,15,0.87303,265.26,54.94,285.7,76.89
7248,4513,15,0.8648,384.69,48.29,405.24,68.5
7249,4514,15,0.89779,184.41,158.72,204.14,176.81
7250,4514,15,0.88377,278.52,173.02,297.33,190.58
7251,4515,5,0.89913,374.54,49.87,482.7,114.07
7252,4515,5,0.89296,318.92,118.6,443.14,198.23
7253,4515,5,0.86938,231.1,37.72,295.52,79.8
7254,4515,5,0.86647,66.86,0.89,98.75,18.35
7255,4515,5,0.85593,206.13,59.03,286.14,113.73
7256,4515,5,0.84429,136.38,22.96,191.52,63.86
7257,4515,5,0.82985,167.4,0.64,203.42,17.18
7258,4515,5,0.82726,215.07,9.58,264.57,38.94
7259,4515,5,0.79917,162.33,16.06,225.47,51.12
7260,4515,5,0.57167,129.19,1.31,164.12,25.73
7261,4515,5,0.08579,104.4,0.73,163.93,25.57
7262,4515,5,0.03194,102.72,0.61,131.7,24.32
7263,4515,5,0.01654,99.52,0.11,114.5,8.3
7264,4515,15,0.00716,105.33,138.51,124.58,167.63
7265,4515,5,0.00346,102.9,0.45,127.48,11.76
7266,4515,5,0.0029,92.89,0.0,113.29,7.58
7267,4515,5,0.00129,102.74,9.94,125.9,24.19
7268,4518,7,0.88187,251.35,37.37,289.59,73.04
7269,4518,7,0.86701,169.12,53.36,205.31,83.04
7270,4518,17,0.85405,233.04,72.19,254.93,93.79
7271,4518,17,0.82975,216.53,119.29,239.38,142.27
7272,4518,10,0.00398,216.43,119.38,239.41,142.51
7273,4518,14,0.00287,344.45,117.24,357.78,143.6
7274,4518,17,0.00148,75.28,59.22,106.1,83.64
7275,4518,15,0.00112,0.0,113.46,3.93,154.91
7276,4518,11,0.00108,233.0,72.56,255.17,94.1
7277,4522,15,0.86104,260.78,66.53,277.03,81.3
7278,4522,15,0.85461,237.97,71.94,256.63,88.35
7279,4522,5,0.00262,0.0,63.57,351.07,239.31
7280,4522,14,0.00176,468.69,104.65,474.0,189.21
7281,4524,15,0.85729,194.43,99.09,219.53,124.49
7282,4524,15,0.8191,225.0,68.57,244.82,84.42
7283,4524,7,0.77621,149.38,75.78,169.16,90.18
7284,4524,15,0.08067,275.37,54.65,289.54,73.62
7285,4526,5,0.79034,276.22,134.33,303.72,146.67
7286,4526,5,0.01103,146.13,143.33,164.89,155.61
7287,4526,5,0.00179,31.75,149.57,48.09,158.41
7288,4526,5,0.00162,31.67,149.37,57.08,159.3
7289,4526,5,0.0011,0.0,147.33,10.02,156.32
7290,4526,5,0.00108,492.75,124.34,500.0,135.99
7291,4534,2,0.86685,257.92,186.3,281.83,222.4
7292,4534,2,0.7983,265.87,105.66,292.68,129.65
7293,4534,2,0.01576,453.91,80.34,477.54,99.64
7294,4538,2,0.84019,287.41,144.73,315.18,172.99
7295,4538,2,0.76843,408.29,135.28,432.68,155.59
7296,4538,2,0.01024,400.17,124.01,416.35,143.19
7297,4538,2,0.00367,491.31,159.92,496.0,196.66
7298,4538,2,0.00152,492.0,147.29,496.0,176.79
7299,4540,2,0.84673,107.93,106.8,136.23,142.75
7300,4540,17,0.79255,53.86,150.87,71.99,168.15
7301,4540,17,0.78389,134.71,175.16,152.47,192.89
7302,4544,2,0.85884,234.85,125.14,262.93,160.44
7303,4544,17,0.80467,182.71,167.66,199.88,184.62
7304,4544,17,0.73614,261.14,192.41,279.09,210.47
7305,4545,17,0.90321,153.67,62.62,169.23,78.68
7306,4545,10,0.88023,258.52,42.57,278.32,59.49
7307,4545,10,0.87944,213.42,25.93,233.68,43.26
7308,4545,17,0.86418,158.39,86.5,174.41,102.44
7309,4545,10,0.85679,269.09,68.08,286.17,86.36
7310,4545,11,0.85353,199.95,60.43,220.0,78.82
7311,4545,10,0.84698,178.67,33.67,197.7,49.97
7312,4545,11,0.76992,240.71,99.93,262.93,118.38
7313,4550,17,0.87621,180.52,86.24,210.35,116.35
7314,4550,10,0.34557,237.83,126.31,276.55,165.02
7315,4550,12,0.33412,237.93,126.35,276.69,165.29
7316,4550,7,0.01272,1.44,57.74,80.03,88.27
7317,4550,7,0.00339,0.35,57.03,49.08,88.14
7318,4550,11,0.00338,180.61,86.29,210.87,116.54
7319,4550,7,0.00297,0.08,53.39,35.55,103.82
7320,4550,7,0.00297,0.06,63.79,14.54,89.26
7321,4550,2,0.00265,238.07,126.76,275.85,165.02
7322,4550,7,0.00235,2.0,56.41,142.33,90.12
7323,4550,7,0.0019,0.0,56.58,33.44,134.18
7324,4550,17,0.00126,0.11,62.67,14.38,88.73
7325,4550,17,0.00114,238.15,126.35,276.7,165.14
7326,4550,14,0.00111,373.96,191.65,385.76,226.13
7327,4550,7,0.00106,0.17,55.0,44.27,205.08
7328,4557,3,0.34927,181.89,134.26,275.96,179.49
7329,4557,2,0.01225,425.29,122.04,473.78,171.31
7330,4557,12,0.00894,249.39,202.01,298.32,246.81
7331,4557,13,0.00675,424.85,121.96,474.64,171.39
7332,4557,14,0.00195,0.0,113.84,96.63,247.24
7333,4557,12,0.0016,424.8,121.95,474.77,171.7
7334,4564,14,0.78284,224.45,100.24,258.08,135.82
7335,4564,8,0.62294,214.29,125.32,267.73,194.47
7336,4564,16,0.5597,5.5,135.4,22.97,158.32
7337,4564,16,0.5064,0.0,135.7,7.05,160.08
7338,4564,16,0.47966,21.64,134.67,36.26,157.19
7339,4564,16,0.40493,61.48,133.84,75.89,153.32
7340,4564,16,0.39672,35.64,134.92,50.38,155.59
7341,4564,16,0.28346,131.65,132.52,141.71,147.7
7342,4564,16,0.25503,49.18,133.92,62.14,154.52
7343,4564,16,0.24021,137.91,125.4,147.81,136.33
7344,4564,16,0.23061,175.76,127.58,185.0,137.7
7345,4564,16,0.21119,106.31,132.19,116.7,149.61
7346,4564,14,0.18423,282.1,114.48,296.56,129.83
7347,4564,16,0.18389,74.97,133.64,86.47,152.13
7348,4564,16,0.17933,85.98,133.35,97.32,151.32
7349,4564,16,0.14015,124.16,132.26,133.0,147.6
7350,4564,16,0.13216,96.18,131.98,106.96,149.97
7351,4564,16,0.12483,115.63,131.59,124.77,148.42
7352,4564,8,0.11884,282.19,120.34,297.9,145.71
7353,4564,8,0.06196,282.34,114.52,296.7,129.96
7354,4564,8,0.02788,282.17,115.04,297.83,137.79
7355,4564,8,0.0175,320.67,128.2,330.46,143.11
7356,4564,16,0.01658,121.72,131.83,129.89,147.95
7357,4564,16,0.0127,0.11,142.09,5.96,161.06
7358,4564,14,0.00955,281.94,114.07,298.41,137.96
7359,4564,16,0.009,175.14,128.59,184.72,142.62
7360,4564,8,0.008,276.62,121.94,284.56,139.22
7361,4564,16,0.00479,139.03,126.05,151.91,136.72
7362,4564,16,0.00274,0.04,130.26,1.78,139.88
7363,4564,16,0.00269,134.0,135.91,143.96,147.98
7364,4564,8,0.00261,250.84,101.59,275.78,144.61
7365,4564,14,0.00257,480.23,168.08,488.0,239.63
7366,4564,16,0.00238,0.0,147.88,2.28,172.68
7367,4564,16,0.00236,207.74,127.53,218.5,143.07
7368,4564,16,0.00215,142.24,128.6,151.22,136.73
7369,4564,8,0.00156,224.95,136.78,259.28,195.3
7370,4564,8,0.00144,298.19,118.11,307.75,140.41
7371,4564,16,0.00137,0.0,118.82,2.19,136.65
7372,4564,16,0.0013,4.79,145.06,12.67,158.33
7373,4564,16,0.00119,0.0,166.43,6.04,184.09
7374,4564,16,0.00113,107.33,135.99,126.18,147.38
7375,4564,16,0.00113,134.6,132.43,149.13,147.39
7376,4564,16,0.00106,0.0,160.07,2.01,183.77
7377,4564,14,0.00102,320.0,118.98,329.4,132.21
7378,4589,2,0.87368,51.06,68.22,87.81,110.45
7379,4589,17,0.75102,135.64,33.92,155.22,54.53
7380,4589,17,0.7382,152.92,101.98,173.49,119.85
7381,4596,14,0.86496,283.56,128.34,345.23,249.97
7382,4596,14,0.43283,230.75,143.25,277.38,253.13
7383,4596,14,0.02721,0.0,161.34,10.58,234.75
7384,4596,14,0.0121,490.63,172.1,500.0,222.95
7385,4596,14,0.00571,0.04,174.74,8.69,223.93
7386,4596,14,0.00464,245.15,142.74,274.69,239.81
7387,4596,14,0.0043,490.73,142.4,500.0,220.07
7388,4596,14,0.00267,493.08,178.12,500.0,242.06
7389,4596,2,0.00226,415.54,232.15,434.44,254.43
7390,4596,17,0.00156,246.71,143.17,263.45,158.94
7391,4596,5,0.00141,0.0,181.21,106.12,234.42
7392,4596,14,0.00136,0.03,188.19,10.73,232.55
7393,4596,14,0.00135,493.98,182.26,500.0,224.29
7394,4597,3,0.70881,124.77,63.54,212.8,127.89
7395,4597,13,0.21054,115.97,188.03,172.11,245.53
7396,4597,0,0.16679,115.95,187.44,172.03,245.52
7397,4597,12,0.03839,214.36,199.43,268.44,252.32
7398,4597,13,0.02321,213.88,199.15,268.55,253.31
7399,4597,1,0.00538,115.72,187.49,171.49,246.49
7400,4597,14,0.00197,416.97,243.07,428.19,254.49
7401,4600,10,0.91264,248.95,152.73,266.28,171.73
7402,4600,10,0.87691,241.44,176.29,260.67,195.83
7403,4600,11,0.83272,310.17,168.76,329.01,187.79
7404,4600,11,0.80614,286.08,133.39,307.42,150.42
7405,4600,17,0.78417,362.09,156.64,377.95,172.92
7406,4600,17,0.75615,360.75,178.7,377.8,195.52
7407,4600,10,0.60502,277.91,199.76,299.22,221.11
7408,4600,10,0.58934,319.85,200.69,342.43,219.75
7409,4600,9,0.523,277.97,199.72,299.18,220.97
7410,4600,9,0.39917,319.93,200.75,342.28,219.77
7411,4600,9,0.00655,360.69,178.8,377.93,195.64
7412,4600,10,0.0016,361.95,156.96,378.02,172.97
7413,4600,13,0.0015,361.99,156.92,378.34,172.75
7414,4613,5,0.19025,177.66,106.88,223.03,133.86
7415,4613,5,0.13088,275.3,70.56,346.48,108.42
7416,4613,5,0.10983,149.99,107.2,223.14,134.59
7417,4613,5,0.0777,297.04,69.18,347.96,98.51
7418,4613,14,0.0737,0.03,109.91,7.37,158.83
7419,4613,5,0.01825,475.72,39.33,499.0,78.09
7420,4613,5,0.01698,340.62,58.82,420.53,93.6
7421,4613,14,0.01211,493.74,55.02,499.0,127.87
7422,4613,5,0.00986,341.76,58.67,396.89,86.41
7423,4613,5,0.00889,223.38,90.81,276.05,123.75
7424,4613,5,0.00739,297.01,67.52,361.93,106.62
7425,4613,8,0.0054,495.16,61.88,499.0,77.08
7426,4613,14,0.00487,495.2,65.69,499.0,90.36
7427,4613,5,0.00469,140.76,107.65,196.28,145.06
7428,4613,8,0.00412,14.67,139.97,45.85,167.44
7429,4613,5,0.00322,301.61,60.13,389.24,107.14
7430,4613,5,0.00303,275.14,73.92,320.52,106.1
7431,4613,8,0.00226,493.13,64.76,499.0,90.55
7432,4613,5,0.00207,451.99,38.11,498.71,77.23
7433,4613,8,0.00155,473.25,40.99,499.0,77.49
7434,4613,8,0.00146,0.0,134.08,4.09,162.6
7435,4613,14,0.0012,0.0,117.95,4.1,155.91
7436,4613,8,0.00115,491.66,53.84,499.0,77.01
7437,4613,14,0.00112,493.67,44.23,499.0,77.0
7438,4613,8,0.00111,495.07,47.63,499.0,76.95
7439,4613,8,0.00102,0.02,133.58,7.0,164.68
7440,4614,8,0.85727,388.23,144.98,449.52,189.56
7441,4614,8,0.85484,360.5,145.74,395.86,184.41
7442,4614,8,0.84825,339.22,141.91,373.03,180.87
7443,4614,8,0.84026,286.68,140.28,318.35,174.23
7444,4614,8,0.83715,309.02,140.38,350.88,177.73
7445,4614,14,0.72772,58.5,109.38,81.4,141.15
7446,4614,14,0.66283,126.21,108.36,155.38,159.16
7447,4614,8,0.3334,473.02,131.57,488.0,173.4
7448,4614,8,0.08709,323.49,139.28,353.31,176.3
7449,4614,8,0.01612,474.92,132.6,488.0,194.32
7450,4614,14,0.00796,475.52,136.59,488.0,201.73
7451,4614,5,0.0076,0.08,122.73,6.51,142.88
7452,4614,14,0.00612,389.98,140.3,428.64,179.67
7453,4614,5,0.00592,0.01,126.47,4.07,141.06
7454,4614,8,0.00411,466.0,132.36,488.0,190.06
7455,4614,14,0.00351,371.73,120.28,432.51,180.21
7456,4614,8,0.00319,476.48,144.15,488.0,182.3
7457,4614,8,0.00248,470.46,90.47,487.76,172.02
7458,4614,14,0.00226,0.0,111.2,3.58,141.07
7459,4614,14,0.00222,0.03,121.68,8.16,175.95
7460,4614,8,0.00219,370.1,123.69,430.77,177.36
7461,4614,14,0.0019,0.0,125.1,4.6,146.21
7462,4614,14,0.00151,32.5,100.98,57.6,140.46
7463,4614,8,0.00123,356.01,143.81,379.49,177.32
7464,4614,8,0.00108,363.81,142.83,392.92,172.27
7465,4616,15,0.88396,269.0,96.27,290.91,122.89
7466,4616,15,0.87981,202.27,98.69,224.09,123.27
7467,4620,7,0.84988,44.33,105.89,73.38,126.51
7468,4620,7,0.8272,100.31,26.6,125.21,47.05
7469,4622,15,0.90304,98.6,142.58,118.92,162.32
7470,4622,15,0.87862,60.5,148.23,81.35,167.02
7471,4622,14,0.00114,370.35,33.86,493.0,236.61
7472,4622,14,0.00103,421.3,37.1,492.7,236.34
7473,4622,15,0.00102,249.23,163.08,281.97,192.13
7474,4626,10,0.86028,142.52,112.99,162.45,129.63
7475,4626,17,0.85493,41.72,160.58,58.64,177.12
7476,4626,10,0.83929,153.91,137.4,171.08,155.58
7477,4626,17,0.81297,35.99,136.65,52.49,152.93
7478,4626,11,0.55292,126.21,170.43,148.64,189.01
7479,4626,12,0.33221,83.96,133.22,103.84,151.06
7480,4626,10,0.27577,96.83,97.8,117.29,114.89
7481,4626,10,0.14178,61.49,106.65,81.19,123.06
7482,4626,11,0.0624,61.53,106.65,81.15,123.18
7483,4626,11,0.03652,84.0,133.19,103.91,151.0
7484,4626,13,0.00323,35.89,136.8,52.48,153.14
7485,4626,13,0.00181,80.75,133.46,102.97,150.56
7486,4626,17,0.001,60.75,106.9,81.41,122.99
7487,4629,11,0.78768,305.72,110.45,342.12,143.8
7488,4629,11,0.52769,201.42,139.38,242.28,175.42
7489,4629,13,0.506,150.96,51.54,190.51,89.57
7490,4629,17,0.28904,150.77,51.09,190.19,89.08
7491,4629,1,0.15271,150.95,51.42,190.61,89.18
7492,4629,10,0.07637,200.84,139.44,241.2,174.2
7493,4629,12,0.06282,201.4,139.72,241.36,175.05
7494,4629,12,0.00603,305.75,110.34,341.67,143.9
7495,4629,6,0.00155,0.0,149.59,11.62,225.84
7496,4629,17,0.0013,200.77,139.12,240.22,174.8
7497,4629,6,0.00104,0.0,179.1,10.71,228.11
7498,4632,15,0.91388,283.01,149.08,310.3,178.14
7499,4632,15,0.89726,111.32,168.77,142.3,202.57
7500,4638,15,0.88861,374.96,28.8,395.05,47.27
7501,4638,15,0.8867,330.36,36.09,348.62,52.58
7502,4638,1,0.00988,485.82,17.83,493.0,33.08
7503,4643,2,0.84393,206.61,65.11,243.4,108.35
7504,4643,17,0.76108,340.93,90.58,359.29,109.93
7505,4643,17,0.74684,234.95,17.65,253.36,37.45
7506,4643,17,0.00462,478.65,17.47,485.0,49.76
7507,4643,2,0.00173,479.47,10.92,485.0,45.59
7508,4643,2,0.00147,476.52,21.81,485.0,57.25
7509,4647,15,0.89805,390.3,14.53,429.72,52.72
7510,4647,15,0.89578,306.61,8.48,340.97,40.58
7511,4657,2,0.8591,378.68,51.61,396.53,73.97
7512,4657,2,0.84527,397.45,25.93,415.08,47.31
7513,4657,5,0.00159,172.22,12.19,183.02,29.27
7514,4658,7,0.92792,206.88,169.58,280.59,227.02
7515,4658,7,0.9235,236.46,85.34,293.12,136.28
7516,4662,15,0.90351,33.07,85.15,51.84,102.11
7517,4662,15,0.89194,79.77,82.12,100.58,100.47
7518,4663,7,0.91665,389.68,28.87,450.65,63.64
7519,4663,7,0.91147,213.96,198.96,264.54,229.73
7520,4663,9,0.00694,0.01,117.14,5.63,152.91
7521,4663,5,0.00111,0.0,3.31,75.12,239.16
7522,4663,2,0.0011,0.01,108.14,6.61,153.93
7523,4664,15,0.9171,423.56,174.24,464.37,211.92
7524,4664,15,0.90152,338.36,164.62,373.34,197.42
7525,4664,5,0.00255,0.17,94.33,7.55,102.99
7526,4664,15,0.00203,29.23,86.86,56.85,102.42
7527,4665,15,0.91378,58.96,174.93,77.69,191.84
7528,4665,15,0.90567,104.96,172.82,125.32,190.42
7529,4667,15,0.91153,126.63,138.65,166.16,178.55
7530,4667,15,0.90456,44.47,122.29,80.02,155.59
7531,4669,10,0.88825,60.58,57.21,77.25,71.89
7532,4669,17,0.844,126.15,87.54,139.62,101.01
7533,4669,17,0.79201,104.07,99.26,117.65,113.03
7534,4669,10,0.75633,36.22,67.73,50.54,83.37
7535,4669,11,0.62536,81.41,80.75,96.3,96.16
7536,4669,10,0.49927,34.14,88.48,49.85,105.5
7537,4669,11,0.44087,101.43,56.09,119.69,70.04
7538,4669,10,0.03135,57.55,100.44,74.84,115.43
7539,4669,9,0.02497,57.55,100.52,74.64,115.27
7540,4669,1,0.02449,57.5,100.49,74.86,115.44
7541,4669,11,0.01775,57.38,100.34,74.97,115.47
7542,4669,9,0.0154,103.98,99.43,117.44,113.14
7543,4669,13,0.00425,81.78,81.03,97.01,96.14
7544,4669,13,0.00395,57.62,100.53,74.81,115.52
7545,4669,9,0.0026,344.89,108.15,357.37,121.17
7546,4672,3,0.91703,334.5,11.79,371.15,88.01
7547,4672,3,0.91409,350.34,164.73,399.12,230.06
7548,4672,3,0.90721,357.36,106.77,417.78,159.41
7549,4672,1,0.89753,286.69,54.53,319.39,88.39
7550,4672,13,0.89365,265.1,115.57,298.25,149.24
7551,4672,7,0.00448,42.93,157.29,66.58,174.27
7552,4682,14,0.87104,328.97,96.97,398.35,238.22
7553,4682,5,0.85236,205.0,136.04,330.31,189.03
7554,4682,14,0.82717,40.37,126.18,67.46,208.3
7555,4682,5,0.82267,378.6,135.49,498.11,193.74
7556,4682,8,0.01002,145.17,147.69,176.49,178.09
7557,4682,14,0.00934,493.75,148.44,500.0,234.26
7558,4682,5,0.00453,367.37,124.21,423.59,158.67
7559,4682,5,0.00362,334.57,120.9,423.88,172.18
7560,4682,14,0.00184,487.29,148.52,500.0,217.46
7561,4682,5,0.00108,374.43,127.76,427.41,168.9
7562,4698,17,0.02561,144.86,107.33,173.05,140.47
7563,4698,14,0.01056,125.41,0.91,251.31,108.69
7564,4698,17,0.00422,185.78,32.24,215.51,60.45
7565,4698,13,0.00297,144.96,106.76,173.13,140.79
7566,4698,12,0.00294,145.17,106.74,172.49,140.15
7567,4698,12,0.00251,185.78,32.23,215.37,60.27
7568,4698,14,0.00177,0.0,0.0,40.63,183.44
7569,4698,14,0.0013,0.0,0.39,137.98,76.23
7570,4698,14,0.00118,0.0,3.5,63.14,198.0
7571,4701,13,0.87856,274.34,65.26,310.89,102.95
7572,4701,3,0.87143,166.54,39.5,215.27,75.29
7573,4701,3,0.87057,140.09,74.66,213.23,113.22
7574,4701,1,0.86729,256.12,103.74,297.15,144.79
7575,4701,3,0.80163,191.56,118.91,238.33,184.16
7576,4701,4,0.19916,191.14,118.43,238.26,183.97
7577,4704,8,0.84567,358.91,8.76,494.68,119.14
7578,4704,14,0.42522,284.86,0.46,301.21,31.35
7579,4704,8,0.24865,423.32,6.43,495.02,100.65
7580,4704,14,0.16722,297.74,0.52,310.36,29.69
7581,4704,8,0.08908,476.19,19.79,496.0,101.0
7582,4704,8,0.04074,484.36,31.65,496.0,101.34
7583,4704,8,0.03285,464.66,15.22,496.0,98.98
7584,4704,8,0.02112,485.76,51.71,496.0,105.95
7585,4704,8,0.00711,486.17,64.69,496.0,125.68
7586,4704,8,0.00383,358.8,26.37,413.16,109.44
7587,4704,8,0.00196,472.31,2.47,496.0,80.03
7588,4704,14,0.00153,299.27,1.42,321.68,29.94
7589,4704,8,0.00119,447.74,11.95,494.98,97.21
7590,4704,8,0.00116,451.45,2.72,496.0,73.09
7591,4704,8,0.00108,470.35,44.84,495.88,100.27
7592,4704,8,0.00104,480.6,27.03,496.0,80.75
7593,4705,8,0.72327,394.06,162.19,415.16,177.58
7594,4705,14,0.7177,398.98,153.8,410.33,169.05
7595,4705,8,0.64222,433.03,161.77,454.48,175.63
7596,4705,5,0.54721,288.45,157.39,346.07,178.62
7597,4705,14,0.45,440.11,154.52,450.0,168.75
7598,4705,8,0.13182,373.21,161.12,390.07,175.49
7599,4705,14,0.10953,1.43,139.45,14.86,151.1
7600,4705,14,0.07393,379.91,152.95,388.23,171.71
7601,4705,8,0.07062,5.07,151.46,15.31,160.77
7602,4705,8,0.06506,2.47,148.56,15.68,161.13
7603,4705,5,0.04601,0.02,124.8,29.92,140.86
7604,4705,8,0.04412,0.05,146.76,6.9,159.57
7605,4705,8,0.02926,0.01,119.26,3.17,133.08
7606,4705,8,0.02466,0.0,119.19,7.01,136.41
7607,4705,14,0.02057,435.53,156.15,449.01,169.38
7608,4705,5,0.01335,474.33,107.87,489.0,120.94
7609,4705,5,0.01002,461.4,89.37,488.69,103.17
7610,4705,14,0.00956,374.73,158.64,386.35,172.95
7611,4705,14,0.00878,8.15,144.47,17.9,153.62
7612,4705,8,0.00854,0.05,147.9,4.62,161.54
7613,4705,8,0.00834,0.0,119.41,14.78,140.37
7614,4705,14,0.00757,379.75,157.08,390.15,174.73
7615,4705,5,0.00694,467.45,142.57,488.85,169.05
7616,4705,5,0.00579,474.03,95.28,489.0,119.55
7617,4705,5,0.00571,465.88,95.01,488.1,111.14
7618,4705,14,0.00551,437.05,150.8,453.45,167.59
7619,4705,8,0.00549,0.45,139.13,14.07,151.88
7620,4705,8,0.00542,0.0,120.95,28.58,140.24
7621,4705,8,0.00529,380.57,163.75,393.35,176.99
7622,4705,5,0.0052,34.24,114.8,83.55,129.27
7623,4705,5,0.00517,319.21,67.55,342.14,77.65
7624,4705,5,0.00512,305.37,62.16,340.07,77.58
7625,4705,5,0.00505,463.49,97.77,488.43,116.59
7626,4705,5,0.00495,230.63,63.75,276.81,79.29
7627,4705,14,0.00484,434.74,159.71,445.37,170.09
7628,4705,5,0.00459,162.42,101.99,236.09,158.86
7629,4705,5,0.00458,315.61,63.51,340.21,74.67
7630,4705,5,0.0045,308.01,94.48,348.44,110.27
7631,4705,5,0.00439,458.79,82.1,489.0,96.61
7632,4705,5,0.00434,458.13,87.17,489.0,98.77
7633,4705,5,0.00425,322.24,65.24,354.08,79.07
7634,4705,14,0.0042,374.69,158.47,383.67,169.15
7635,4705,5,0.00418,472.23,92.66,489.0,110.47
7636,4705,5,0.00416,316.35,59.28,339.76,70.01
7637,4705,14,0.00395,8.95,148.37,16.75,158.16
7638,4705,14,0.00376,0.01,122.14,7.76,140.55
7639,4705,5,0.00359,454.39,89.12,483.03,104.24
7640,4705,5,0.00355,32.4,119.16,69.23,132.31
7641,4705,5,0.00312,400.95,81.91,432.96,98.46
7642,4705,14,0.00311,0.01,102.23,5.07,130.61
7643,4705,14,0.00294,10.65,146.45,19.35,154.98
7644,4705,5,0.00292,282.76,84.39,315.83,100.87
7645,4705,5,0.00279,140.99,88.94,166.2,99.01
7646,4705,5,0.00274,53.98,42.39,81.88,53.21
7647,4705,5,0.00272,317.31,69.27,340.26,80.95
7648,4705,5,0.00244,85.11,103.97,105.34,121.85
7649,4705,5,0.00242,306.31,95.02,344.14,117.56
7650,4705,14,0.00226,3.3,140.76,19.15,152.47
7651,4705,5,0.00224,98.54,115.07,105.95,123.92
7652,4705,5,0.0022,45.87,103.48,98.89,119.56
7653,4705,5,0.00219,412.21,59.19,455.64,78.46
7654,4705,5,0.00215,53.58,93.96,98.86,111.08
7655,4705,5,0.00214,233.9,68.13,270.99,82.17
7656,4705,5,0.00213,32.95,116.28,71.09,126.95
7657,4705,5,0.0021,458.51,79.28,489.0,92.32
7658,4705,5,0.00208,0.0,123.85,30.29,135.16
7659,4705,5,0.00206,34.63,123.87,66.63,132.46
7660,4705,5,0.00204,472.34,87.5,488.81,99.59
7661,4705,5,0.00202,14.5,38.04,52.45,51.44
7662,4705,5,0.00194,458.48,68.22,476.07,80.09
7663,4705,5,0.00192,230.74,57.24,278.61,76.55
7664,4705,5,0.00189,458.35,105.1,488.95,118.74
7665,4705,5,0.00185,479.08,62.21,489.0,74.68
7666,4705,5,0.00184,471.9,109.61,489.0,124.73
7667,4705,5,0.00178,321.51,63.87,351.55,73.97
7668,4705,5,0.00177,453.54,108.43,477.48,120.33
7669,4705,14,0.00173,0.0,103.89,8.01,131.43
7670,4705,5,0.00172,462.84,59.47,488.56,74.96
7671,4705,5,0.00169,459.06,72.56,488.4,83.99
7672,4705,5,0.00167,54.55,46.53,83.03,59.86
7673,4705,5,0.00166,461.69,47.75,488.94,59.55
7674,4705,5,0.00164,282.22,89.58,313.19,110.29
7675,4705,14,0.00164,433.29,160.38,444.01,173.81
7676,4705,5,0.00161,58.82,89.84,98.01,108.06
7677,4705,5,0.0016,319.47,57.33,340.96,67.82
7678,4705,5,0.0016,17.61,41.85,48.94,51.84
7679,4705,14,0.00159,309.39,133.72,318.51,145.38
7680,4705,5,0.00157,245.86,62.79,292.79,75.22
7681,4705,5,0.00155,316.76,92.09,350.72,108.31
7682,4705,8,0.00152,383.99,165.09,395.18,177.25
7683,4705,5,0.0015,142.33,88.66,176.98,100.58
7684,4705,5,0.00146,311.85,88.79,346.38,106.96
7685,4705,5,0.00146,113.03,75.6,162.6,95.74
7686,4705,5,0.00141,88.45,113.91,106.03,124.5
7687,4705,5,0.0014,462.27,53.97,488.3,69.13
7688,4705,5,0.00138,15.03,45.11,37.1,56.49
7689,4705,5,0.00138,452.62,54.57,476.39,69.16
7690,4705,5,0.00133,474.2,135.19,489.0,170.95
7691,4705,5,0.00132,34.31,115.98,60.19,124.81
7692,4705,5,0.0013,50.01,98.27,99.82,117.23
7693,4705,5,0.00129,290.29,91.87,315.55,105.01
7694,4705,5,0.00126,16.28,43.75,38.01,52.27
7695,4705,14,0.00126,400.23,155.17,416.13,170.93
7696,4705,5,0.00124,429.96,91.14,452.91,102.15
7697,4705,14,0.00123,395.22,156.95,405.16,169.36
7698,4705,5,0.00123,332.65,75.75,354.64,86.03
7699,4705,8,0.00121,8.53,148.97,18.32,158.88
7700,4705,5,0.00121,32.01,114.86,53.38,124.16
7701,4705,14,0.0012,402.33,160.51,415.4,172.6
7702,4705,5,0.0012,27.07,115.83,55.88,127.23
7703,4705,5,0.00119,304.73,59.85,337.17,71.93
7704,4705,8,0.00118,0.15,140.74,8.38,158.11
7705,4705,5,0.00118,129.17,116.13,147.89,127.11
7706,4705,5,0.00117,450.87,49.36,479.5,68.37
7707,4705,5,0.00116,113.13,71.72,162.9,89.11
7708,4705,5,0.00115,320.54,59.98,353.27,70.32
7709,4705,8,0.00112,433.06,163.05,443.62,174.9
7710,4705,5,0.00111,406.01,76.24,432.24,92.87
7711,4705,5,0.0011,456.6,100.34,485.7,114.81
7712,4705,5,0.0011,38.23,105.85,86.29,121.89
7713,4705,5,0.00109,58.71,104.75,104.27,122.18
7714,4705,5,0.00109,476.29,89.14,489.0,106.78
7715,4705,14,0.00108,441.12,153.39,454.83,168.61
7716,4705,5,0.00106,334.85,76.68,354.73,90.6
7717,4705,5,0.00106,413.61,104.08,445.09,120.79
7718,4705,5,0.00103,461.36,68.15,475.06,77.27
7719,4705,5,0.00101,283.66,96.22,309.83,112.85
7720,4714,17,0.90519,40.51,39.82,56.85,56.21
7721,4714,10,0.90181,100.85,1.03,121.38,18.33
7722,4714,17,0.88476,47.04,63.99,63.35,80.22
7723,4714,10,0.88011,146.99,16.11,167.12,33.0
7724,4714,11,0.87637,131.25,73.39,153.72,92.23
7725,4714,10,0.87312,158.45,40.88,176.21,59.29
7726,4714,11,0.84249,88.3,35.98,108.97,54.7
7727,4714,10,0.73129,65.11,9.71,85.18,26.14
7728,4714,11,0.32597,65.23,9.65,85.26,26.32
7729,4716,15,0.91443,426.68,122.34,451.09,153.41
7730,4716,15,0.89639,340.22,132.0,362.04,159.53
7731,4716,5,0.00177,4.9,253.0,104.01,253.0
7732,4718,15,0.90444,64.63,9.51,83.88,26.11
7733,4718,15,0.88006,92.22,7.07,108.87,21.53
7734,4723,15,0.90691,193.09,12.44,214.46,31.8
7735,4723,15,0.90605,240.91,15.21,263.67,37.71
7736,4735,15,0.88851,322.36,115.91,343.99,141.03
7737,4735,15,0.88518,389.3,113.68,411.42,140.9
7738,4735,14,0.00596,101.9,0.0,145.16,0.0
7739,4735,17,0.00124,46.47,237.53,63.11,245.0
7740,4736,15,0.92441,126.09,165.72,175.3,221.78
7741,4736,15,0.8983,315.64,155.2,355.73,196.77
7742,4736,15,0.00144,0.0,174.95,2.04,204.05
7743,4743,15,0.88373,194.92,77.65,228.6,110.76
7744,4743,15,0.88045,276.71,93.07,314.48,131.73
7745,4748,15,0.92185,234.68,181.51,275.78,227.53
7746,4748,15,0.91624,383.37,140.68,421.97,182.96
7747,4749,7,0.93347,276.27,83.78,341.39,136.08
7748,4749,7,0.92411,329.36,26.33,398.41,76.55
7749,4749,3,0.00113,177.68,183.67,277.14,227.96
7750,4753,13,0.88651,174.93,35.83,208.5,69.84
7751,4753,3,0.88386,220.51,116.26,289.25,156.82
7752,4753,3,0.87846,274.15,34.71,336.06,95.4
7753,4753,3,0.86503,167.32,130.36,215.54,194.31
7754,4753,1,0.83496,238.02,18.86,272.64,53.31
7755,4754,1,0.91388,328.21,48.91,353.08,74.28
7756,4754,4,0.90692,358.42,9.54,408.05,26.87
7757,4754,0,0.86326,243.3,22.29,267.66,46.94
7758,4754,3,0.82937,284.38,0.0,318.78,11.5
7759,4754,4,0.00154,284.47,0.0,319.28,12.07
7760,4757,14,0.84782,202.22,121.18,252.11,219.49
7761,4757,14,0.78165,325.29,133.09,357.02,223.91
7762,4757,14,0.77986,172.92,130.0,211.01,212.79
7763,4757,14,0.7096,399.61,136.96,432.92,235.26
7764,4757,5,0.04641,410.28,183.44,468.41,223.0
7765,4757,5,0.00634,392.07,171.47,465.93,227.96
7766,4757,14,0.00317,0.0,124.7,6.02,210.37
7767,4757,14,0.00259,0.01,132.25,4.33,176.91
7768,4757,5,0.00128,495.62,164.45,500.0,183.47
7769,4757,14,0.00111,0.0,110.04,8.65,214.27
7770,4757,14,0.00106,0.0,140.56,6.47,186.99
7771,4757,8,0.00102,169.25,131.13,241.18,213.06
7772,4771,7,0.90748,377.62,162.41,416.55,200.41
7773,4771,7,0.89782,279.57,171.82,323.2,210.66
7774,4771,14,0.00118,0.0,0.0,80.96,240.51
7775,4772,14,0.85676,246.19,105.86,291.88,218.61
7776,4772,14,0.85077,206.88,125.5,234.58,208.3
7777,4772,14,0.84982,169.26,128.87,200.7,203.48
7778,4772,14,0.83735,125.33,123.4,156.76,202.95
7779,4772,5,0.72672,390.14,179.2,466.39,221.74
7780,4772,14,0.26793,233.15,128.09,253.29,213.48
7781,4772,5,0.00518,493.54,156.84,499.87,183.6
7782,4772,8,0.00514,119.53,119.94,170.03,202.78
7783,4772,5,0.00231,410.53,156.33,487.01,201.96
7784,4772,5,0.00192,495.37,149.45,500.0,180.13
7785,4772,14,0.00191,0.01,135.89,6.33,186.79
7786,4772,8,0.00106,191.39,124.36,236.83,210.1
7787,4775,9,0.83792,139.71,78.04,167.0,104.38
7788,4775,12,0.54062,122.66,43.46,146.66,66.52
7789,4775,9,0.53992,79.3,66.49,107.17,92.7
7790,4775,9,0.27809,179.62,50.51,203.53,75.72
7791,4775,11,0.12988,122.33,43.46,146.39,66.39
7792,4775,13,0.02647,79.23,66.64,106.73,92.31
7793,4775,11,0.01162,179.13,50.46,203.95,75.49
7794,4775,10,0.0062,78.89,66.45,107.5,92.57
7795,4775,17,0.00172,284.5,16.12,293.24,22.55
7796,4775,11,0.00105,480.87,66.86,496.0,114.28
7797,4800,10,0.87263,76.9,75.67,94.5,94.46
7798,4800,10,0.8624,68.74,98.23,87.89,116.81
7799,4800,10,0.836,143.93,119.73,165.32,137.75
7800,4800,11,0.81545,114.36,57.36,135.55,73.96
7801,4800,17,0.7408,184.01,99.23,200.1,115.19
7802,4800,11,0.71564,136.09,90.45,153.81,108.7
7803,4800,17,0.46445,186.22,78.92,201.07,94.02
7804,4800,10,0.29214,186.23,78.93,201.33,94.22
7805,4800,9,0.26106,103.73,119.59,124.1,139.63
7806,4800,10,0.17987,103.68,119.66,124.14,139.81
7807,4800,17,0.01131,103.68,119.69,124.26,139.85
7808,4800,2,0.00103,379.94,177.57,391.71,188.33
