id,image_id,class_id,confidence,x1,y1,x2,y2
0,1,3,0.88707,133.65,136.86,195.61,180.89
1,1,3,0.87793,203.49,128.5,275.2,166.78
2,1,3,0.87352,271.87,93.04,340.8,128.93
3,1,13,0.86903,176.91,72.77,210.46,106.08
4,1,1,0.85461,242.19,68.2,275.1,103.73
5,2,10,0.9312,250.99,161.27,284.27,199.48
6,2,10,0.90791,250.52,65.66,285.81,101.57
7,2,11,0.62121,374.13,111.18,412.22,143.93
8,2,9,0.10613,373.99,111.39,412.49,144.58
9,2,2,0.0074,81.71,156.63,120.33,199.44
10,2,0,0.00214,164.65,198.37,204.44,246.12
11,2,6,0.0014,475.94,138.77,496.0,170.2
12,2,11,0.00119,164.64,198.37,204.18,247.09
13,16,2,0.86216,298.42,164.59,320.19,192.18
14,16,2,0.82184,407.42,167.49,427.28,195.07
15,19,8,0.8876,0.14,94.24,107.08,180.82
16,19,5,0.86781,102.48,3.77,178.66,39.31
17,19,14,0.83385,370.73,22.68,393.78,78.32
18,19,14,0.76663,347.88,26.55,368.69,66.12
19,19,5,0.15747,276.41,0.71,315.48,22.44
20,19,8,0.00501,0.0,103.16,28.38,187.56
21,19,5,0.00445,259.81,0.64,316.08,25.82
22,19,8,0.00443,358.94,42.04,377.8,73.25
23,19,8,0.0042,278.68,0.83,315.61,23.79
24,19,5,0.00299,29.3,65.15,51.91,77.55
25,19,5,0.00259,149.84,1.34,379.74,74.04
26,19,5,0.00151,278.14,0.63,313.67,13.97
27,19,8,0.00101,0.01,119.33,23.39,181.15
28,20,14,0.85748,98.49,84.32,125.63,152.75
29,20,5,0.6331,36.98,101.7,58.86,119.9
30,20,14,0.00566,439.2,125.37,467.12,169.93
31,20,8,0.00105,439.13,125.33,471.53,190.47
32,23,7,0.85434,91.14,90.6,148.02,155.44
33,23,7,0.83675,253.56,73.39,328.61,145.61
34,23,2,0.00805,11.65,91.82,21.38,104.38
35,27,15,0.90273,278.13,0.44,298.43,18.99
36,27,15,0.88858,228.69,5.16,244.47,21.95
37,29,0,0.92312,206.04,182.86,254.07,228.74
38,29,12,0.92299,140.62,152.35,180.87,195.39
39,29,3,0.88487,176.43,118.15,260.93,174.79
40,29,1,0.86255,78.68,125.6,120.38,168.5
41,29,4,0.43941,56.83,210.65,142.93,235.0
42,29,4,0.20547,54.53,225.0,160.1,235.0
43,29,3,0.18484,56.76,211.16,113.4,235.0
44,29,4,0.0112,88.51,226.1,158.65,235.0
45,29,4,0.00127,117.48,225.56,159.07,235.0
46,30,3,0.892,265.62,120.38,341.67,178.71
47,30,3,0.89085,207.85,10.4,259.72,63.11
48,30,3,0.87986,268.27,64.17,330.54,116.62
49,30,13,0.87898,147.93,83.31,190.63,126.97
50,30,1,0.82405,161.83,33.3,201.61,77.55
51,30,2,0.00127,299.92,0.0,394.35,0.0
52,31,2,0.86457,92.28,54.85,111.21,79.11
53,31,2,0.82312,50.47,93.12,77.85,109.17
54,32,5,0.70742,0.05,111.61,18.47,129.23
55,32,14,0.66814,335.8,125.34,355.22,171.13
56,32,5,0.01414,0.0,111.78,6.95,128.88
57,32,5,0.00301,0.0,113.46,3.71,146.16
58,32,5,0.00198,0.01,109.77,3.33,128.2
59,32,14,0.00189,355.72,142.37,375.8,162.61
60,32,14,0.00153,362.94,143.99,382.8,164.36
61,48,13,0.85529,223.25,75.97,267.42,119.3
62,48,12,0.84665,348.72,155.24,400.07,204.14
63,48,12,0.81888,96.61,175.4,149.28,222.98
64,48,13,0.03663,97.79,176.34,148.3,223.9
65,100,2,0.87847,28.85,22.76,57.73,55.08
66,100,2,0.86513,183.05,3.05,209.96,33.32
67,100,2,0.0015,0.01,0.02,8.84,17.6
68,106,13,0.85544,303.92,149.35,355.51,199.09
69,106,4,0.8349,141.43,135.32,240.1,223.56
70,106,1,0.81826,297.56,32.12,340.69,77.93
71,106,6,0.02134,432.55,158.44,497.42,192.78
72,106,7,0.00683,252.19,138.01,272.27,155.21
73,106,2,0.00447,491.15,88.01,498.0,131.62
74,106,2,0.00301,107.58,113.2,130.02,142.04
75,106,11,0.00206,303.69,150.15,355.44,199.76
76,106,2,0.00129,488.07,83.43,498.0,133.37
77,106,14,0.00121,193.63,4.16,269.0,117.28
78,106,14,0.00117,139.48,5.15,286.99,136.86
79,107,15,0.88886,131.36,153.78,147.05,167.36
80,107,15,0.87328,103.22,156.36,122.3,172.39
81,107,14,0.00477,159.77,119.75,173.5,141.95
82,112,2,0.84224,405.62,50.71,436.95,77.44
83,112,2,0.84019,294.43,57.21,316.4,84.64
84,112,2,0.00315,497.39,91.45,502.0,120.87
85,112,2,0.00208,498.54,82.63,502.0,119.21
86,116,5,0.838,34.73,120.56,82.13,150.29
87,116,14,0.65105,404.47,101.77,416.41,132.32
88,116,5,0.63651,316.58,108.87,332.41,129.32
89,116,5,0.37303,117.57,127.12,154.37,144.78
90,116,8,0.33674,384.06,110.9,396.9,127.15
91,116,5,0.16458,76.95,122.66,95.01,140.33
92,116,5,0.0584,0.0,137.8,8.17,153.05
93,116,5,0.04586,80.25,121.71,101.15,139.73
94,116,5,0.03788,80.89,120.41,119.17,140.06
95,116,5,0.03185,0.58,127.24,33.45,152.49
96,116,14,0.02902,191.21,118.78,204.24,133.28
97,116,5,0.01731,0.0,131.28,9.43,152.34
98,116,5,0.01462,117.25,111.58,153.09,144.57
99,116,5,0.01219,102.12,125.52,121.13,139.43
100,116,5,0.00716,12.19,127.48,36.0,147.19
101,116,14,0.00693,406.33,101.99,423.86,131.83
102,116,14,0.00652,191.02,122.8,201.85,134.74
103,116,5,0.00586,0.0,135.32,24.24,154.69
104,116,5,0.00581,212.49,138.94,322.42,217.92
105,116,5,0.00423,0.0,119.96,15.04,149.49
106,116,5,0.00363,0.17,118.65,26.32,147.25
107,116,5,0.00355,67.68,123.78,93.31,143.11
108,116,14,0.00348,410.92,108.4,427.47,128.78
109,116,5,0.00295,50.53,121.37,93.24,144.99
110,116,5,0.00247,96.46,123.19,117.57,139.86
111,116,5,0.00162,1.72,125.16,31.74,141.46
112,116,14,0.00159,142.47,116.11,154.3,134.5
113,116,8,0.00135,348.89,123.65,360.9,138.67
114,116,14,0.00132,408.72,111.36,424.78,130.47
115,116,14,0.00118,0.0,96.9,7.21,144.02
116,116,5,0.0011,62.91,121.51,95.25,134.59
117,117,2,0.84515,366.67,139.26,386.1,165.81
118,117,2,0.84451,403.79,182.79,431.11,203.77
119,118,2,0.88274,68.58,37.46,89.16,64.48
120,118,2,0.7748,143.35,38.07,170.0,55.13
121,122,5,0.78747,88.77,79.32,106.1,94.35
122,122,5,0.71913,62.08,78.46,84.3,94.43
123,122,5,0.71615,231.41,74.41,263.93,101.51
124,122,5,0.701,155.82,72.25,185.51,94.33
125,122,5,0.63989,207.35,74.09,230.77,94.59
126,122,5,0.00856,390.2,74.7,451.13,108.77
127,122,5,0.00128,258.92,68.93,284.71,87.9
128,122,5,0.00106,121.0,77.78,137.97,92.38
129,128,15,0.903,230.72,45.26,250.59,63.88
130,128,15,0.89837,181.68,49.54,196.93,66.07
131,130,14,0.87184,176.84,122.22,211.43,210.04
132,130,14,0.86678,284.48,101.41,341.9,234.14
133,130,5,0.83449,401.46,180.28,467.97,221.3
134,130,14,0.79253,206.28,125.81,227.89,210.95
135,130,14,0.57517,142.56,133.18,170.09,204.91
136,130,5,0.0097,478.04,174.98,500.0,225.84
137,130,5,0.00461,457.61,179.56,489.57,199.26
138,130,5,0.00342,0.74,152.76,148.4,194.69
139,130,5,0.0033,495.44,164.38,500.0,182.32
140,130,8,0.00241,0.02,137.63,6.72,190.38
141,130,14,0.00185,274.64,106.85,305.2,227.19
142,130,14,0.00162,0.01,125.92,7.11,245.07
143,130,5,0.00151,460.87,172.32,498.81,197.34
144,130,5,0.00148,495.94,168.47,500.0,185.45
145,130,5,0.00134,493.06,159.75,500.0,181.38
146,130,5,0.00123,453.02,173.35,487.73,197.31
147,130,5,0.00116,17.08,256.0,289.81,256.0
148,130,5,0.00103,45.16,116.33,88.07,129.68
149,138,5,0.8257,307.79,111.88,356.63,155.1
150,138,5,0.79027,140.75,116.27,178.04,147.14
151,138,5,0.76254,0.0,124.92,23.27,149.71
152,138,5,0.38898,56.47,124.69,97.28,153.25
153,138,14,0.35339,447.57,115.66,463.8,152.78
154,138,5,0.14881,97.73,124.79,140.15,152.47
155,138,5,0.03521,56.06,134.36,73.82,151.44
156,138,5,0.02846,24.32,127.76,57.1,151.64
157,138,5,0.01376,98.55,130.98,117.64,151.67
158,138,14,0.00858,392.68,112.61,405.78,135.31
159,138,5,0.00548,0.0,144.73,6.13,157.23
160,138,5,0.00482,214.53,151.75,324.47,224.37
161,138,17,0.00383,269.87,18.09,282.1,30.2
162,138,14,0.00338,446.35,111.33,470.86,152.41
163,138,5,0.00219,59.13,124.86,92.74,141.32
164,138,14,0.00214,391.74,112.04,406.84,153.66
165,138,5,0.00177,118.84,125.04,143.07,143.85
166,138,8,0.00176,105.58,126.19,141.82,152.35
167,138,5,0.00154,0.0,161.78,9.36,183.94
168,138,5,0.00135,0.0,135.73,6.47,154.93
169,138,2,0.00132,269.97,17.95,282.69,30.21
170,138,14,0.00109,117.45,124.59,140.28,144.56
171,138,14,0.00106,117.41,121.84,133.31,138.99
172,138,5,0.00106,55.98,133.21,88.74,152.21
173,140,13,0.87334,191.5,146.25,226.99,181.72
174,140,12,0.76113,272.15,132.7,304.56,159.33
175,140,12,0.60516,208.61,98.59,239.95,127.25
176,140,6,0.00102,0.0,75.81,12.15,126.77
177,145,2,0.86729,118.44,77.55,152.0,120.91
178,145,17,0.84352,175.87,52.92,194.34,70.29
179,145,17,0.82923,224.35,141.15,244.46,161.63
180,145,14,0.00165,18.39,245.0,60.69,245.0
181,149,2,0.87829,303.53,0.0,330.35,29.25
182,149,2,0.85528,153.16,17.7,181.29,48.7
183,149,2,0.00827,455.62,11.3,479.08,30.23
184,149,17,0.00211,374.43,0.0,391.25,12.93
185,152,10,0.89974,375.7,21.19,392.47,35.41
186,152,10,0.871,351.38,27.59,365.82,43.7
187,152,9,0.86245,347.27,47.92,362.75,64.73
188,152,17,0.85004,437.62,59.3,451.33,72.76
189,152,17,0.83872,413.91,67.55,427.5,81.09
190,152,11,0.83843,417.26,24.96,434.7,38.56
191,152,11,0.8358,393.49,46.44,409.11,61.52
192,152,17,0.53581,368.36,62.72,385.07,77.02
193,152,9,0.43154,368.36,62.78,385.16,77.02
194,152,17,0.04495,347.29,47.97,362.9,64.67
195,161,7,0.87049,364.05,216.64,394.81,245.58
196,161,7,0.86213,398.86,118.16,422.77,138.31
197,161,17,0.79875,430.9,177.13,449.38,194.88
198,161,17,0.76828,346.94,157.97,364.01,175.17
199,167,2,0.8908,362.18,126.38,391.09,161.65
200,167,17,0.78094,311.63,173.07,329.55,190.21
201,167,17,0.75111,394.33,193.09,413.6,211.07
202,167,2,0.12099,311.58,172.9,329.63,190.15
203,167,2,0.05025,394.36,193.03,413.41,210.98
204,183,17,0.86833,155.87,78.51,177.89,101.08
205,183,17,0.6979,281.25,17.39,300.41,38.1
206,183,2,0.00301,486.58,62.77,490.0,91.24
207,183,14,0.00202,159.05,0.23,181.26,27.12
208,183,2,0.00129,485.18,56.76,490.0,102.7
209,183,7,0.00123,22.43,101.42,160.67,175.39
210,183,2,0.00115,485.92,66.84,490.0,98.01
211,186,14,0.86969,272.48,137.83,299.01,214.87
212,186,14,0.82247,207.28,114.03,235.43,217.32
213,186,14,0.77465,305.8,121.05,357.66,230.41
214,186,14,0.7619,359.64,130.41,385.68,227.12
215,186,14,0.74559,168.3,122.92,205.14,208.66
216,186,14,0.63114,127.55,118.56,161.77,202.63
217,186,5,0.5221,390.57,179.07,471.44,221.57
218,186,14,0.47251,356.51,167.7,378.84,226.25
219,186,5,0.01648,19.19,136.93,144.83,190.5
220,186,5,0.00375,0.01,155.86,6.92,191.3
221,186,14,0.00229,350.95,171.35,372.41,226.94
222,186,5,0.00132,0.01,139.86,5.39,194.2
223,186,14,0.00112,274.74,138.09,296.11,156.12
224,186,14,0.00108,490.03,157.57,500.0,185.32
225,186,8,0.00105,304.87,206.67,339.22,226.08
226,200,2,0.85047,421.45,146.43,451.89,172.59
227,200,2,0.82606,308.87,153.35,330.2,180.07
228,200,2,0.00157,485.86,124.4,495.0,159.76
229,200,2,0.00101,489.82,128.98,495.0,159.99
230,204,7,0.251,250.97,39.49,308.26,84.75
231,204,6,0.04411,216.96,116.17,348.19,214.07
232,204,7,0.00638,140.8,66.54,199.32,170.81
233,204,2,0.00109,0.0,153.96,6.33,216.74
234,206,2,0.86204,411.77,39.91,430.04,64.17
235,206,2,0.84349,371.24,77.72,397.34,93.65
236,209,17,0.82517,124.71,135.23,158.68,168.3
237,209,17,0.81744,296.57,21.43,322.97,49.94
238,212,11,0.88298,168.24,159.78,203.15,186.4
239,212,11,0.74735,422.08,119.81,449.89,147.53
240,212,10,0.30873,299.92,165.3,334.77,196.22
241,212,10,0.22856,308.18,94.08,334.2,120.73
242,212,9,0.18469,299.9,165.36,334.93,196.35
243,212,11,0.10196,308.41,93.94,334.3,120.77
244,212,9,0.00682,308.22,93.88,334.03,121.26
245,212,0,0.00295,308.31,93.99,334.29,120.6
246,214,12,0.84708,71.93,84.65,117.87,126.51
247,214,13,0.84563,221.13,78.56,273.21,128.28
248,214,12,0.76112,235.53,0.45,278.27,19.92
249,214,13,0.00109,72.04,85.86,116.62,127.49
250,221,2,0.81249,436.92,153.34,451.26,169.06
251,221,2,0.81184,355.53,166.63,369.89,182.58
252,221,15,0.80067,231.99,154.25,250.09,172.46
253,223,14,0.03917,411.23,27.56,426.25,61.37
254,223,0,0.01404,306.59,149.03,378.91,202.41
255,223,1,0.00163,306.12,150.94,367.73,205.42
256,223,5,0.00131,0.0,1.36,74.43,47.74
257,223,2,0.0013,306.34,148.89,378.61,201.04
258,232,17,0.85796,135.48,92.69,160.61,116.23
259,232,17,0.68533,278.06,99.11,302.23,122.45
260,232,2,0.14977,278.16,99.65,302.21,122.49
261,232,2,0.01312,469.17,60.24,480.0,92.92
262,232,17,0.00586,183.21,89.62,202.89,101.7
263,233,15,0.91456,149.08,150.84,200.13,207.84
264,233,15,0.90811,275.12,154.24,311.5,196.73
265,235,16,0.83628,25.87,112.4,47.01,140.65
266,235,16,0.83262,2.22,114.64,25.58,143.44
267,235,14,0.82335,290.29,61.95,305.55,109.47
268,235,16,0.81163,46.6,110.68,66.6,136.56
269,235,16,0.80926,66.88,108.2,85.89,133.32
270,235,16,0.59315,85.28,107.52,101.85,131.11
271,235,5,0.53575,351.0,72.63,377.64,91.36
272,235,16,0.39923,100.37,105.38,115.07,128.15
273,235,16,0.29356,251.91,87.8,261.89,97.6
274,235,16,0.21514,140.19,101.35,154.45,121.38
275,235,16,0.21315,114.57,104.9,129.04,126.41
276,235,16,0.16525,208.63,95.47,219.51,111.32
277,235,16,0.13987,152.96,99.98,165.37,119.47
278,235,16,0.11276,201.06,96.51,209.52,111.3
279,235,16,0.10765,183.56,97.02,194.91,114.9
280,235,16,0.09517,164.12,98.73,175.46,118.1
281,235,16,0.08621,127.38,102.77,140.2,121.88
282,235,16,0.07012,193.1,96.23,202.48,111.77
283,235,16,0.06241,174.19,97.18,184.82,115.76
284,235,16,0.04818,0.06,114.71,3.06,139.03
285,235,16,0.03244,215.87,87.48,224.95,98.34
286,235,16,0.03078,185.31,95.8,199.98,113.23
287,235,16,0.01894,197.96,93.58,208.33,110.5
288,235,16,0.01157,211.67,93.18,221.6,105.37
289,235,16,0.00971,0.23,121.4,3.09,143.94
290,235,16,0.0041,118.46,104.06,133.17,124.58
291,235,14,0.0039,283.21,68.93,292.94,105.11
292,235,14,0.00181,255.02,66.57,268.06,91.32
293,235,8,0.0013,275.34,63.03,330.45,106.7
294,235,16,0.00121,0.02,108.08,3.02,131.59
295,235,16,0.00107,160.98,94.0,181.04,115.34
296,235,16,0.00102,152.68,99.58,172.64,121.47
297,245,5,0.86163,133.17,176.39,167.13,200.24
298,245,5,0.84232,172.54,179.09,205.57,199.54
299,245,5,0.82045,70.17,147.02,92.34,167.71
300,245,5,0.8098,206.56,178.91,242.93,203.28
301,245,5,0.75764,20.04,133.72,34.88,146.83
302,245,5,0.74795,366.17,229.83,424.97,246.9
303,245,5,0.55945,135.3,163.75,151.24,177.07
304,245,5,0.55221,196.09,192.52,266.48,236.45
305,245,5,0.063,152.49,160.78,187.33,186.87
306,245,14,0.01843,17.48,161.29,25.3,168.66
307,245,8,0.01784,17.15,166.53,31.14,179.81
308,245,5,0.01578,17.97,161.76,27.45,168.13
309,245,14,0.00967,17.56,161.93,27.57,171.5
310,245,5,0.00659,219.26,195.94,264.37,219.39
311,245,5,0.00655,458.03,70.82,487.0,88.46
312,245,5,0.00582,205.93,179.6,256.59,209.58
313,245,5,0.00431,0.0,156.26,6.75,170.76
314,245,5,0.00417,10.53,154.71,26.23,166.43
315,245,5,0.00406,256.22,147.15,276.7,156.72
316,245,5,0.00403,0.04,151.34,5.14,170.97
317,245,5,0.0036,401.72,145.63,441.88,162.44
318,245,8,0.00334,17.34,163.89,28.99,174.81
319,245,14,0.00326,17.96,163.29,30.8,174.02
320,245,5,0.00296,0.02,148.69,9.35,167.25
321,245,5,0.00251,0.01,142.91,4.19,167.05
322,245,5,0.00247,1.14,153.48,19.19,165.56
323,245,5,0.00238,16.5,160.52,25.15,168.11
324,245,5,0.00225,335.83,102.96,373.5,124.15
325,245,5,0.00218,459.86,70.38,486.93,99.8
326,245,8,0.00208,19.36,166.19,35.08,181.37
327,245,5,0.00196,0.0,172.74,6.82,195.49
328,245,5,0.00186,0.05,158.21,4.86,178.47
329,245,5,0.00151,371.18,98.93,402.81,114.57
330,245,5,0.00142,371.74,106.67,399.51,116.17
331,245,5,0.00136,0.02,161.63,4.97,186.17
332,245,5,0.00121,378.07,102.18,401.82,114.28
333,245,5,0.00114,17.42,158.9,25.05,166.57
334,245,5,0.00112,373.92,111.42,400.68,123.35
335,245,5,0.00109,378.81,98.27,404.19,111.83
336,245,5,0.00103,205.13,187.69,264.08,224.14
337,247,15,0.84334,209.37,59.23,230.16,85.05
338,247,15,0.83901,141.89,60.61,162.98,83.83
339,247,2,0.39962,209.45,58.78,230.05,84.87
340,257,5,0.85467,151.25,182.75,189.23,208.62
341,257,5,0.1376,328.82,218.71,435.46,246.33
342,257,5,0.0494,227.51,194.86,350.19,246.01
343,257,5,0.04763,347.64,203.37,435.26,245.33
344,257,5,0.01285,377.77,81.21,406.29,95.97
345,257,5,0.00527,413.62,89.32,448.85,106.52
346,257,5,0.00341,375.45,93.09,402.01,106.07
347,257,5,0.00318,377.61,117.94,404.58,131.94
348,257,5,0.00263,336.27,86.74,373.96,108.93
349,257,5,0.00242,188.54,158.72,208.46,168.51
350,257,5,0.00183,384.8,84.4,409.84,96.08
351,257,5,0.0016,456.43,51.59,486.74,66.69
352,257,5,0.00155,206.96,192.12,270.69,229.63
353,257,5,0.0014,387.25,87.22,411.39,97.41
354,257,5,0.00133,411.66,93.49,449.77,111.25
355,257,5,0.00131,420.51,70.67,465.8,92.3
356,257,5,0.00115,416.94,86.03,451.43,102.19
357,297,15,0.93374,340.95,4.93,381.28,52.68
358,297,15,0.92237,325.9,113.0,365.89,158.18
359,300,2,0.8759,293.77,52.23,316.26,80.58
360,300,2,0.86083,395.03,43.02,415.24,72.74
361,304,2,0.87463,232.84,98.02,256.77,130.77
362,304,2,0.82876,239.48,19.11,267.24,40.67
363,308,3,0.89806,285.15,137.28,329.56,188.41
364,308,13,0.85149,322.75,79.99,359.14,116.59
365,308,3,0.84253,212.65,129.24,284.9,155.17
366,308,1,0.82914,377.62,100.24,413.37,137.93
367,308,3,0.78388,362.17,147.59,453.94,178.72
368,308,14,0.00165,0.03,2.68,9.86,105.09
369,308,14,0.00104,0.01,38.79,6.76,104.26
370,316,10,0.87838,85.58,105.21,101.84,119.06
371,316,17,0.86074,128.13,146.75,141.46,160.56
372,316,10,0.85431,61.13,114.95,75.67,130.65
373,316,17,0.8518,149.98,135.49,163.27,148.78
374,316,11,0.84532,125.89,104.1,143.19,117.47
375,316,17,0.81207,59.23,135.91,74.55,152.69
376,316,11,0.79522,105.63,128.34,120.72,143.51
377,316,17,0.78939,82.46,147.99,98.71,162.51
378,316,10,0.11424,82.19,147.99,98.7,162.49
379,316,9,0.05085,82.19,148.05,98.83,162.43
380,318,14,0.87902,397.78,2.45,425.39,73.82
381,318,8,0.799,174.0,17.1,231.98,128.19
382,318,14,0.78943,143.68,20.61,160.01,60.96
383,318,14,0.78693,54.56,23.91,70.9,68.37
384,318,14,0.58046,70.65,25.13,82.6,46.46
385,318,14,0.44478,24.57,21.94,50.52,68.77
386,318,14,0.2409,160.02,16.74,178.27,60.2
387,318,8,0.078,159.82,17.21,178.58,59.78
388,318,14,0.03767,0.03,39.63,4.51,71.91
389,318,4,0.02922,0.49,170.21,118.21,253.0
390,318,14,0.02851,0.0,28.36,5.42,65.95
391,318,8,0.00932,19.14,23.06,83.37,71.97
392,318,14,0.00673,217.01,0.0,242.56,51.31
393,318,8,0.00515,215.68,0.38,244.93,57.1
394,318,14,0.00381,218.93,0.42,236.31,37.06
395,318,8,0.00189,268.41,12.49,368.41,52.88
396,318,14,0.0016,26.3,21.29,44.48,35.7
397,318,8,0.00133,176.16,3.81,249.82,87.76
398,318,4,0.00124,0.0,198.73,102.41,252.84
399,318,14,0.00113,348.01,0.37,359.24,29.88
400,318,8,0.00102,140.4,4.66,203.8,65.24
401,319,15,0.89506,134.45,159.69,157.66,182.76
402,319,15,0.89459,86.32,151.96,108.0,171.25
403,329,8,0.86391,418.19,10.95,490.16,69.4
404,329,8,0.21658,456.68,1.91,491.0,62.01
405,329,8,0.08783,483.7,0.0,491.0,69.07
406,329,8,0.02727,303.9,2.22,410.44,119.75
407,329,14,0.01946,0.02,95.47,11.47,156.93
408,329,8,0.01255,478.93,3.04,490.94,62.7
409,329,8,0.00345,0.01,2.49,22.77,56.74
410,329,8,0.00335,0.0,3.46,24.59,92.3
411,329,8,0.00237,484.96,0.58,491.0,34.57
412,329,8,0.00153,0.35,2.89,70.49,77.95
413,329,8,0.00144,397.47,10.51,430.25,63.74
414,329,8,0.00119,470.01,5.02,490.77,62.24
415,329,2,0.00103,338.42,137.43,407.02,179.58
416,331,7,0.91952,110.44,63.07,174.34,112.18
417,331,7,0.90211,168.39,16.14,235.32,61.16
418,331,7,0.65844,43.3,95.74,133.17,155.06
419,331,6,0.00288,238.2,145.86,299.57,229.28
420,343,17,0.81077,31.64,76.13,54.77,98.1
421,343,17,0.6428,160.56,12.47,179.46,32.31
422,348,8,0.86374,378.65,84.31,406.68,114.64
423,348,16,0.84212,45.32,101.15,66.46,128.42
424,348,16,0.83533,23.21,102.2,44.57,129.55
425,348,16,0.82606,0.16,101.02,21.54,130.42
426,348,16,0.81511,66.19,100.25,85.41,125.66
427,348,16,0.81309,86.13,98.85,105.03,123.47
428,348,14,0.80291,380.53,65.15,405.83,87.87
429,348,16,0.75415,104.2,98.73,120.09,121.35
430,348,16,0.71466,269.67,87.72,278.87,97.48
431,348,16,0.69728,119.39,97.89,133.2,119.83
432,348,16,0.69067,158.57,96.63,171.87,115.17
433,348,16,0.65337,133.15,97.95,147.21,117.99
434,348,16,0.63647,146.54,96.71,158.56,115.93
435,348,16,0.59972,227.01,93.34,235.16,108.11
436,348,16,0.56387,171.67,95.7,183.27,113.92
437,348,16,0.53168,219.16,93.44,227.66,108.38
438,348,16,0.48476,182.5,94.52,192.99,112.66
439,348,16,0.47883,211.74,92.96,219.88,108.68
440,348,16,0.47508,201.65,93.74,212.38,110.13
441,348,16,0.47489,233.3,87.31,241.06,96.08
442,348,16,0.46538,192.51,93.84,202.3,111.24
443,348,8,0.42023,413.03,81.81,426.39,99.8
444,348,16,0.1291,234.09,86.33,240.82,92.94
445,348,14,0.10066,239.57,67.75,249.38,90.14
446,348,14,0.08945,413.7,78.51,426.9,97.52
447,348,16,0.07853,229.02,93.46,237.93,107.09
448,348,16,0.04839,279.46,80.79,289.35,92.37
449,348,14,0.03953,415.12,74.08,427.38,87.72
450,348,16,0.02944,239.9,69.07,248.15,89.95
451,348,16,0.02867,233.03,92.72,242.18,108.11
452,348,16,0.02386,229.75,88.09,240.12,96.28
453,348,16,0.01704,0.04,101.39,5.08,127.11
454,348,16,0.01524,0.0,111.08,3.45,143.34
455,348,8,0.01199,238.49,68.52,248.36,89.92
456,348,16,0.01038,11.13,101.91,23.21,120.13
457,348,16,0.00932,190.83,94.4,199.42,112.42
458,348,16,0.00825,279.2,87.33,287.01,97.18
459,348,16,0.00801,271.61,85.9,279.74,95.63
460,348,16,0.00741,280.22,85.44,291.44,96.26
461,348,16,0.00665,236.17,86.86,245.09,93.74
462,348,16,0.00554,233.0,93.64,241.27,102.7
463,348,17,0.00366,494.5,80.87,499.0,101.91
464,348,14,0.00356,237.37,66.87,245.83,90.57
465,348,16,0.00336,230.43,84.61,240.22,95.39
466,348,16,0.00296,14.43,102.24,22.78,115.7
467,348,16,0.0028,280.43,76.83,291.34,93.13
468,348,16,0.00221,270.61,90.91,279.69,100.17
469,348,16,0.00202,236.48,88.72,246.5,96.94
470,348,16,0.00196,0.05,99.13,3.43,116.73
471,348,16,0.00173,231.44,75.32,238.56,88.39
472,348,16,0.00166,39.42,120.16,45.59,129.29
473,348,16,0.00155,3.7,100.97,21.26,119.23
474,348,16,0.00152,40.46,101.79,48.15,120.72
475,348,8,0.00146,369.39,79.4,380.3,94.93
476,348,16,0.00145,250.16,85.36,258.43,98.98
477,348,16,0.0013,22.82,102.99,32.46,118.35
478,348,16,0.00119,144.76,97.05,152.18,116.19
479,348,17,0.00115,495.39,79.13,499.0,95.14
480,348,16,0.00112,223.68,88.68,231.78,97.83
481,348,16,0.00106,216.87,88.66,227.36,104.9
482,354,7,0.83101,39.26,85.9,58.05,105.39
483,354,7,0.82911,182.29,85.16,204.6,101.85
484,354,15,0.81678,132.09,46.95,153.59,68.35
485,354,15,0.78343,93.08,88.34,115.07,105.81
486,354,7,0.23264,93.03,88.64,114.44,105.7
487,354,15,0.00883,137.54,94.14,150.35,106.92
488,355,15,0.90296,265.47,174.43,285.61,197.13
489,355,15,0.89562,384.02,169.96,405.61,190.29
490,359,17,0.74549,403.82,133.62,426.53,153.64
491,359,17,0.60472,234.99,166.49,260.19,187.64
492,359,2,0.05867,403.61,133.35,426.4,153.87
493,366,15,0.89598,407.3,12.49,423.44,26.69
494,366,15,0.85807,380.4,17.84,399.45,33.92
495,366,5,0.00207,20.48,173.03,128.0,224.71
496,369,17,0.86387,410.94,171.65,430.27,191.94
497,369,2,0.86283,275.3,143.38,314.39,187.2
498,369,17,0.84292,305.39,97.79,323.77,116.24
499,369,2,0.08739,305.37,97.63,323.6,116.34
500,369,2,0.00236,306.11,101.84,363.32,145.62
501,369,2,0.00147,411.08,171.55,430.18,192.42
502,369,14,0.00135,18.88,243.0,69.48,243.0
503,382,15,0.90529,103.35,92.93,123.2,111.6
504,382,15,0.89395,51.85,93.89,67.23,110.05
505,383,10,0.86228,112.98,27.99,129.32,41.79
506,383,10,0.84674,89.49,37.84,103.43,53.17
507,383,11,0.8444,153.25,26.92,170.56,40.39
508,383,17,0.83881,177.3,58.2,190.79,71.96
509,383,9,0.77924,87.23,58.21,103.03,75.2
510,383,11,0.7654,133.36,51.02,148.52,66.33
511,383,17,0.65559,110.24,70.47,126.91,85.05
512,383,17,0.65188,155.61,69.52,168.82,83.32
513,383,9,0.5361,110.09,70.47,126.92,85.06
514,384,2,0.89861,29.67,144.42,66.67,172.78
515,384,2,0.89435,154.56,153.26,185.35,180.66
516,384,2,0.00216,485.01,71.48,491.0,99.12
517,384,2,0.00177,298.15,37.72,320.27,55.28
518,384,2,0.00137,483.73,61.43,491.0,94.6
519,385,15,0.95054,115.41,111.79,175.86,172.97
520,385,15,0.92653,281.49,103.95,352.76,173.15
521,385,15,0.00229,116.13,111.89,143.69,173.17
522,385,15,0.00115,321.62,141.74,348.93,172.46
523,392,14,0.79816,263.73,66.69,279.34,115.32
524,392,5,0.68934,35.4,84.64,56.35,102.44
525,392,8,0.39202,88.16,82.14,100.75,105.0
526,392,14,0.28894,68.91,76.26,84.7,88.08
527,392,14,0.03616,88.23,81.99,100.06,105.41
528,392,8,0.03257,72.22,85.33,83.96,105.58
529,392,16,0.02747,0.02,94.34,4.11,112.47
530,392,8,0.01946,0.02,87.79,3.94,110.52
531,392,14,0.01909,8.13,77.47,20.14,100.08
532,392,16,0.01148,480.48,77.7,487.0,92.58
533,392,16,0.01067,430.14,107.09,437.21,113.38
534,392,16,0.00979,481.34,77.28,487.0,83.84
535,392,14,0.00874,0.01,83.38,4.17,102.19
536,392,16,0.00774,8.24,77.1,20.34,99.7
537,392,8,0.00751,67.15,80.56,84.25,103.26
538,392,8,0.00701,7.35,77.38,20.14,100.26
539,392,14,0.00588,0.0,73.89,4.64,101.96
540,392,16,0.00485,465.76,76.0,481.04,91.64
541,392,8,0.00472,0.02,88.57,4.7,119.36
542,392,16,0.00373,446.84,107.83,458.58,115.55
543,392,8,0.0035,0.04,78.86,6.43,102.07
544,392,16,0.00291,15.79,90.98,22.23,99.61
545,392,16,0.00254,457.22,75.39,481.88,91.92
546,392,16,0.00244,479.24,77.02,487.0,97.7
547,392,16,0.00236,0.06,86.13,6.19,112.57
548,392,16,0.0017,465.94,106.62,480.76,117.26
549,392,16,0.00143,15.63,98.03,23.62,106.12
550,392,16,0.00118,444.15,107.07,456.31,115.32
551,392,16,0.00101,481.11,77.76,487.0,103.75
552,400,2,0.88781,374.64,33.81,419.53,68.53
553,400,17,0.84156,406.5,105.58,429.88,128.32
554,400,17,0.82822,256.49,78.32,277.87,99.94
555,401,7,0.30544,356.95,16.7,418.14,63.83
556,401,6,0.01821,330.33,90.92,459.69,212.0
557,401,7,0.01176,249.02,54.76,303.68,125.82
558,402,7,0.89534,396.29,50.8,422.45,74.14
559,402,7,0.86302,217.25,77.6,249.52,103.05
560,402,17,0.06273,282.77,124.13,306.07,145.07
561,402,8,0.00103,21.45,0.0,118.59,1.61
562,404,10,0.88415,299.92,106.94,315.53,121.76
563,404,10,0.8767,346.21,118.17,361.47,133.14
564,404,9,0.84464,310.12,158.59,327.86,173.72
565,404,9,0.80594,357.9,161.49,375.77,175.91
566,404,17,0.79872,303.89,207.55,319.03,222.31
567,404,10,0.02408,358.24,161.68,375.91,175.88
568,408,2,0.86386,226.15,42.27,243.45,64.01
569,408,2,0.85448,209.02,68.23,225.53,90.62
570,410,12,0.9389,179.6,160.77,223.73,203.88
571,410,4,0.89878,187.96,16.48,246.64,120.48
572,410,0,0.895,263.33,84.27,313.52,135.36
573,410,13,0.88258,325.82,22.3,374.88,72.95
574,410,3,0.85881,285.26,171.38,414.02,240.49
575,410,1,0.00108,263.92,84.58,312.84,135.47
576,420,9,0.90835,147.88,140.9,165.0,161.53
577,420,9,0.88861,145.76,82.05,163.49,105.24
578,420,10,0.88173,235.52,25.51,252.77,42.56
579,420,17,0.88055,46.44,124.32,63.42,140.66
580,420,10,0.87597,230.49,87.43,248.28,106.55
581,420,4,0.0473,242.87,169.34,269.85,197.28
582,420,2,0.00524,242.75,169.57,269.16,197.49
583,420,9,0.00207,242.75,169.34,269.44,197.04
584,426,3,0.90966,240.97,9.92,277.34,89.52
585,426,3,0.88237,248.12,164.07,294.23,231.14
586,426,13,0.8694,164.04,111.99,197.78,146.03
587,426,3,0.86011,257.22,107.54,319.57,159.03
588,426,1,0.81775,188.68,50.53,223.19,87.17
589,427,15,0.89912,61.23,161.47,76.09,177.53
590,427,15,0.89226,112.22,160.94,132.14,179.41
591,427,5,0.00111,487.37,110.27,496.0,135.7
592,428,7,0.92107,406.76,145.04,472.15,193.46
593,428,7,0.91882,69.75,155.69,118.75,196.27
594,434,14,0.84993,243.96,101.14,262.24,150.56
595,434,16,0.84504,36.08,149.66,57.99,177.82
596,434,16,0.82328,0.0,149.68,12.27,180.28
597,434,16,0.81896,13.0,151.01,35.94,180.11
598,434,16,0.80097,77.6,146.48,97.09,171.81
599,434,16,0.78811,57.16,148.42,77.24,174.34
600,434,16,0.72805,95.9,146.13,112.63,169.99
601,434,14,0.57379,189.26,108.08,206.88,132.44
602,434,16,0.49072,124.97,144.32,140.47,166.09
603,434,16,0.48418,111.31,145.2,125.72,167.42
604,434,16,0.435,150.97,142.39,164.87,161.97
605,434,16,0.37749,263.37,131.81,273.36,142.5
606,434,16,0.37414,219.85,137.98,229.31,153.45
607,434,16,0.32395,227.41,130.72,236.45,141.28
608,434,16,0.3016,175.34,140.63,185.92,159.52
609,434,16,0.29126,164.35,141.24,176.04,160.34
610,434,16,0.29002,138.63,142.92,151.72,163.04
611,434,5,0.24893,363.36,119.11,381.74,137.6
612,434,16,0.23248,185.01,139.19,195.5,157.21
613,434,8,0.22713,189.4,110.04,211.0,139.96
614,434,16,0.21181,212.42,138.03,221.06,153.04
615,434,16,0.19191,204.94,138.78,213.6,154.42
616,434,16,0.18874,195.3,139.75,205.87,156.65
617,434,8,0.17923,190.05,124.2,211.88,141.35
618,434,8,0.17083,380.26,124.71,394.85,142.58
619,434,14,0.15722,197.37,124.33,212.41,140.26
620,434,5,0.0619,0.0,108.62,8.88,130.9
621,434,8,0.05906,417.7,108.34,436.06,141.92
622,434,14,0.02837,189.79,124.12,211.1,143.17
623,434,16,0.02529,190.91,135.27,203.13,156.59
624,434,8,0.02425,190.24,124.01,211.27,152.84
625,434,14,0.01568,381.03,115.65,393.67,129.67
626,434,16,0.01506,191.14,124.09,210.6,140.14
627,434,5,0.01308,362.15,116.81,393.35,136.3
628,434,16,0.00667,222.36,138.42,233.76,151.86
629,434,14,0.00622,186.02,137.8,196.38,156.65
630,434,8,0.00549,236.66,103.45,282.36,148.69
631,434,14,0.00541,200.28,121.1,214.68,138.42
632,434,8,0.00514,420.53,116.34,434.78,141.46
633,434,16,0.00407,273.12,125.37,283.45,136.25
634,434,5,0.00391,378.07,116.56,393.1,133.67
635,434,16,0.00377,10.87,151.09,16.6,167.0
636,434,16,0.00282,226.57,138.15,238.44,148.9
637,434,16,0.00207,484.55,131.29,488.0,158.92
638,434,16,0.00192,1.7,168.19,12.1,180.41
639,434,16,0.00176,0.01,153.87,5.47,182.21
640,434,16,0.0016,0.04,174.29,3.1,196.68
641,434,8,0.00153,380.66,119.18,393.59,138.97
642,434,16,0.00151,0.19,162.44,8.41,186.86
643,434,5,0.0014,13.0,150.07,71.77,178.53
644,434,16,0.00133,480.52,132.17,488.0,158.42
645,434,16,0.00133,32.94,150.77,39.74,167.78
646,434,16,0.00127,0.03,108.01,9.75,141.32
647,434,16,0.0012,207.53,127.97,221.45,151.77
648,439,10,0.87911,451.36,29.53,468.42,44.86
649,439,10,0.87039,390.41,52.84,409.36,68.57
650,439,17,0.86334,310.29,12.97,322.37,25.01
651,439,9,0.81951,320.14,43.61,335.24,61.23
652,439,9,0.77788,366.96,28.51,384.01,44.46
653,439,17,0.71315,320.1,43.42,335.11,61.2
654,448,5,0.87331,450.31,59.68,491.0,87.41
655,448,5,0.8668,102.32,100.21,179.65,138.32
656,448,5,0.86396,104.69,82.45,145.43,106.25
657,448,5,0.24496,61.92,39.79,79.2,55.41
658,448,5,0.12986,484.88,105.38,491.0,127.12
659,448,14,0.08662,394.54,61.09,411.61,95.84
660,448,5,0.05293,61.94,30.57,123.23,62.13
661,448,5,0.03161,479.67,95.83,491.0,125.31
662,448,8,0.02285,484.56,105.36,491.0,129.66
663,448,5,0.01061,472.73,85.46,491.0,109.51
664,448,5,0.00828,402.35,61.09,453.61,80.57
665,448,5,0.00688,481.7,70.68,491.0,90.78
666,448,5,0.00493,474.35,94.4,491.0,121.37
667,448,5,0.00464,484.93,91.73,491.0,124.09
668,448,14,0.00399,484.54,102.04,491.0,131.53
669,448,5,0.00392,476.16,103.29,491.0,128.2
670,448,14,0.00362,256.82,50.39,266.01,69.74
671,448,5,0.00283,478.97,81.28,491.0,104.75
672,448,5,0.00264,479.8,75.89,491.0,99.61
673,448,5,0.00257,482.23,66.86,491.0,85.56
674,448,8,0.00202,353.77,57.56,370.45,72.02
675,448,5,0.00148,332.79,46.42,357.43,62.95
676,448,5,0.00136,478.8,86.93,491.0,117.28
677,448,5,0.00128,61.26,38.42,123.58,57.34
678,451,2,0.85389,161.62,23.23,180.81,49.69
679,451,2,0.84502,199.06,64.53,225.74,85.66
680,452,2,0.88396,274.72,124.61,296.65,152.89
681,452,2,0.87725,375.3,117.3,394.88,146.86
682,453,15,0.90399,30.31,126.07,102.31,190.62
683,453,15,0.89386,57.0,79.08,116.43,135.74
684,453,7,0.14208,461.9,57.54,498.59,110.49
685,453,15,0.05982,30.77,125.61,67.96,190.49
686,457,2,0.86838,362.82,142.36,378.52,163.26
687,457,2,0.84484,412.51,157.93,429.05,179.42
688,462,7,0.84797,264.58,100.16,289.85,120.87
689,462,7,0.84553,429.1,158.28,456.29,180.36
690,462,7,0.24897,46.06,208.54,70.51,228.04
691,462,17,0.00109,340.86,9.64,353.13,23.49
692,1005,2,0.87825,212.68,85.13,243.86,107.54
693,1005,2,0.8461,48.63,57.02,71.89,84.42
694,1006,15,0.88947,244.04,173.85,268.14,195.4
695,1006,15,0.88588,326.93,152.28,342.66,168.9
696,1006,15,0.21072,0.01,47.11,4.64,72.46
697,1006,15,0.00123,0.02,34.84,2.99,58.17
698,1007,15,0.79943,149.52,153.24,219.21,217.67
699,1007,15,0.79229,173.49,107.24,232.1,178.3
700,1007,15,0.21869,149.8,154.09,185.34,217.98
701,1007,15,0.16102,149.22,110.17,219.29,219.36
702,1007,7,0.02922,484.47,49.21,495.0,63.87
703,1007,15,0.01575,173.18,98.83,231.6,221.66
704,1011,7,0.84479,81.84,123.66,107.33,141.98
705,1011,7,0.82358,105.5,188.04,129.55,206.14
706,1011,17,0.00524,94.87,149.17,109.85,163.43
707,1014,8,0.87818,414.45,0.0,486.0,29.81
708,1014,8,0.05918,476.67,75.66,486.0,169.72
709,1014,8,0.05269,477.57,32.01,486.0,133.35
710,1014,14,0.0464,479.16,107.78,486.0,164.34
711,1014,8,0.02595,462.49,0.0,486.0,25.67
712,1014,14,0.02456,332.9,74.41,370.14,128.58
713,1014,14,0.01581,477.07,46.78,486.0,136.14
714,1014,8,0.00992,476.93,16.47,486.0,102.67
715,1014,8,0.00444,479.79,96.08,486.0,163.02
716,1014,15,0.00309,479.82,53.3,486.0,102.38
717,1014,8,0.00228,472.31,43.43,485.95,133.35
718,1014,3,0.00143,478.97,67.56,486.0,133.83
719,1014,8,0.00127,474.83,0.0,486.0,21.22
720,1014,14,0.00107,479.77,63.07,486.0,138.56
721,1014,8,0.00102,471.76,21.77,485.97,101.82
722,1016,10,0.87617,335.69,195.75,349.68,207.01
723,1016,10,0.85971,356.39,203.48,369.09,214.8
724,1016,17,0.84326,293.81,215.56,304.73,226.35
725,1016,11,0.82034,363.39,217.13,376.29,228.5
726,1016,17,0.80459,312.39,222.93,323.72,234.46
727,1016,11,0.79386,317.3,208.82,332.54,220.47
728,1016,9,0.38889,289.19,201.61,300.46,212.2
729,1016,9,0.32752,302.15,194.53,316.71,205.56
730,1016,17,0.20926,302.33,194.69,316.92,205.33
731,1016,17,0.1438,289.44,201.81,300.66,212.3
732,1018,15,0.8818,187.45,133.79,216.17,164.22
733,1018,6,0.87272,120.98,78.05,151.49,119.67
734,1018,2,0.79579,220.65,76.39,238.46,95.1
735,1020,2,0.86091,112.51,173.36,127.74,194.83
736,1020,2,0.85723,159.96,192.3,175.98,214.14
737,1028,10,0.77515,167.57,73.44,198.13,101.14
738,1028,10,0.74874,335.55,88.77,364.04,119.49
739,1030,2,0.85481,51.14,51.82,79.87,78.92
740,1030,2,0.85153,170.36,49.69,200.67,75.37
741,1032,13,0.89255,354.53,168.63,402.39,214.06
742,1032,12,0.84869,363.74,64.57,403.34,98.23
743,1032,12,0.84801,200.61,178.88,241.36,216.2
744,1032,0,0.03997,200.59,178.85,241.78,216.17
745,1032,13,0.00322,363.5,64.48,403.36,98.67
746,1032,3,0.0012,464.53,110.66,499.0,186.64
747,1034,14,0.54451,365.46,86.63,440.37,142.96
748,1034,14,0.11798,365.78,86.59,409.85,142.01
749,1034,14,0.01614,169.07,0.1,189.17,21.37
750,1034,6,0.01294,365.01,88.88,442.1,144.04
751,1038,5,0.86689,95.76,109.15,145.9,151.14
752,1038,5,0.81729,310.23,110.86,344.01,139.33
753,1038,5,0.81321,149.67,119.4,191.7,144.94
754,1038,5,0.62553,9.71,118.28,63.16,149.81
755,1038,5,0.34676,0.0,129.41,19.49,152.89
756,1038,14,0.05017,411.68,106.8,426.82,133.17
757,1038,14,0.03061,438.72,103.65,463.26,136.18
758,1038,14,0.02372,40.95,106.45,57.9,136.31
759,1038,14,0.01535,38.55,105.9,62.22,142.42
760,1038,5,0.01281,168.43,114.94,192.38,133.39
761,1038,5,0.00909,228.35,147.47,338.83,218.99
762,1038,5,0.00695,33.44,125.61,66.79,143.29
763,1038,5,0.00556,0.0,126.66,8.15,150.49
764,1038,14,0.00521,203.45,118.77,216.5,135.99
765,1038,8,0.00391,146.91,133.84,161.37,148.34
766,1038,14,0.00295,0.01,125.03,6.85,140.46
767,1038,14,0.00256,196.04,116.36,216.37,135.66
768,1038,5,0.0023,150.09,120.53,173.71,142.12
769,1038,5,0.00212,147.13,122.48,163.88,147.29
770,1038,14,0.0019,0.09,123.23,8.15,135.42
771,1038,5,0.00169,169.35,117.3,199.84,140.47
772,1038,14,0.00144,438.09,109.16,448.64,134.93
773,1038,5,0.00139,60.41,118.69,94.89,140.33
774,1038,5,0.00129,0.0,116.25,7.12,137.83
775,1038,14,0.00128,203.0,122.17,214.8,140.35
776,1038,8,0.00114,166.6,119.56,191.37,145.08
777,1038,5,0.00107,0.69,137.73,20.08,153.52
778,1042,5,0.85512,406.22,131.93,481.08,173.84
779,1042,14,0.85152,126.67,67.96,159.92,163.1
780,1042,14,0.74619,185.98,85.89,217.91,165.37
781,1042,14,0.72492,281.46,87.01,305.88,168.82
782,1042,14,0.46861,366.8,111.99,388.65,167.35
783,1042,14,0.44812,378.51,131.59,391.46,168.24
784,1042,5,0.2155,4.91,111.03,152.9,155.64
785,1042,5,0.10624,30.94,101.53,130.08,153.47
786,1042,5,0.05174,485.46,136.35,499.99,170.82
787,1042,14,0.02647,367.25,134.39,382.36,164.71
788,1042,14,0.02422,164.27,88.83,190.13,167.11
789,1042,14,0.01979,367.74,112.67,388.64,142.71
790,1042,5,0.01794,0.03,87.97,11.3,161.44
791,1042,5,0.00491,0.0,104.96,7.95,160.56
792,1042,5,0.0041,177.2,76.36,209.52,94.17
793,1042,5,0.0039,479.59,132.21,500.0,157.17
794,1042,14,0.00349,373.26,114.83,391.31,168.58
795,1042,14,0.00347,380.06,131.86,399.61,168.08
796,1042,8,0.00298,300.96,256.0,484.62,256.0
797,1042,8,0.0026,428.77,126.42,445.45,135.07
798,1042,14,0.00203,157.09,124.23,170.02,165.96
799,1042,5,0.00203,218.72,114.42,256.52,147.59
800,1042,5,0.0018,490.28,143.41,500.0,173.9
801,1042,5,0.00162,0.0,120.08,10.5,158.19
802,1042,14,0.00151,157.68,94.54,174.22,166.4
803,1042,14,0.00148,0.0,89.68,5.32,151.61
804,1042,5,0.00145,219.92,114.99,257.84,129.89
805,1042,5,0.00134,466.75,127.0,499.86,149.16
806,1042,5,0.00132,0.12,88.69,23.11,156.65
807,1042,8,0.00121,18.75,256.0,242.27,256.0
808,1042,5,0.00114,16.95,256.0,289.78,256.0
809,1042,5,0.00113,0.0,121.34,5.58,156.81
810,1049,15,0.91838,185.77,138.31,215.62,172.9
811,1049,15,0.91108,354.18,115.92,382.2,145.96
812,1054,2,0.89348,297.54,60.4,331.81,103.43
813,1054,17,0.84027,358.84,42.56,377.81,61.27
814,1054,17,0.80984,396.01,136.24,417.3,157.2
815,1055,7,0.85366,190.38,99.42,217.45,122.3
816,1055,7,0.84569,299.16,152.86,328.81,174.99
817,1055,17,0.75655,219.32,148.89,236.13,165.12
818,1065,2,0.87575,314.03,96.45,338.31,127.05
819,1065,2,0.83749,392.43,47.13,414.6,76.25
820,1065,2,0.20614,0.01,120.6,6.0,137.12
821,1065,2,0.07875,0.0,102.77,6.01,138.3
822,1065,2,0.03891,0.01,120.29,6.26,149.01
823,1065,2,0.00342,0.0,84.83,8.04,144.03
824,1065,2,0.00293,169.06,116.87,183.15,134.53
825,1067,15,0.85638,242.55,14.36,258.99,28.87
826,1067,15,0.80622,216.15,18.34,234.7,34.27
827,1067,15,0.00382,136.06,19.97,156.39,29.43
828,1067,8,0.00199,458.76,0.26,492.0,12.81
829,1069,2,0.87758,253.62,126.43,274.47,150.93
830,1069,2,0.85392,246.48,92.11,263.75,116.1
831,1071,14,0.79887,289.65,55.21,305.91,99.76
832,1071,5,0.644,44.08,72.44,63.42,90.69
833,1071,8,0.62947,73.58,73.59,87.94,96.19
834,1071,8,0.24051,98.17,66.61,109.46,92.83
835,1071,14,0.22807,72.61,64.6,86.23,78.69
836,1071,8,0.03997,0.03,68.14,11.59,95.82
837,1071,16,0.03933,422.28,90.23,429.6,102.51
838,1071,16,0.02194,416.16,90.52,423.05,102.32
839,1071,14,0.01542,287.48,56.33,300.15,92.94
840,1071,16,0.01495,0.03,67.98,11.77,95.5
841,1071,14,0.00631,0.01,68.65,11.76,94.64
842,1071,8,0.00566,0.04,65.59,9.36,124.08
843,1071,8,0.00561,71.04,72.23,85.59,92.45
844,1071,8,0.00441,0.04,90.69,3.39,120.31
845,1071,8,0.00409,0.02,82.52,2.81,106.61
846,1071,8,0.00377,98.83,76.52,107.93,92.93
847,1071,8,0.00369,0.03,92.23,3.01,108.53
848,1071,14,0.00314,28.85,70.05,41.17,93.38
849,1071,8,0.00261,0.0,66.63,3.09,101.69
850,1071,8,0.00236,72.32,70.45,86.98,83.47
851,1071,14,0.00231,97.94,68.26,109.26,94.24
852,1071,8,0.00193,28.93,69.99,41.01,93.14
853,1071,14,0.00113,286.07,63.97,295.88,92.02
854,1073,14,0.84561,111.34,10.6,132.05,55.94
855,1073,14,0.81775,465.48,0.26,492.0,54.31
856,1073,14,0.79213,205.21,6.53,219.91,46.43
857,1073,8,0.76569,240.99,1.7,298.53,110.62
858,1073,14,0.58441,219.77,4.16,233.34,44.0
859,1073,14,0.57391,137.56,10.01,150.03,33.15
860,1073,8,0.06096,283.5,0.36,312.99,40.0
861,1073,14,0.04261,86.35,6.94,107.59,55.28
862,1073,8,0.02219,337.79,0.35,419.79,33.52
863,1073,14,0.00844,486.18,0.0,492.0,55.48
864,1073,8,0.0072,482.38,6.78,491.95,54.42
865,1073,14,0.00372,484.61,0.27,492.0,32.03
866,1073,5,0.00245,482.9,16.7,492.0,54.91
867,1073,14,0.00224,430.87,19.19,437.98,34.77
868,1073,14,0.00183,235.04,0.97,245.85,35.75
869,1073,8,0.00162,67.93,8.74,140.91,64.98
870,1073,8,0.0015,247.24,0.44,269.62,24.13
871,1073,14,0.00146,469.14,0.09,492.0,33.71
872,1073,5,0.00106,339.83,0.85,435.52,34.71
873,1079,7,0.91079,366.65,152.28,435.02,197.84
874,1079,7,0.89939,191.29,180.56,279.37,233.95
875,1079,5,0.00101,479.68,52.89,484.0,86.92
876,1093,15,0.84748,374.19,74.97,401.81,100.25
877,1093,15,0.8125,372.92,39.28,392.5,54.53
878,1093,7,0.80757,307.19,59.74,327.62,75.91
879,1093,7,0.09406,413.14,18.05,423.76,36.09
880,1093,15,0.04859,344.99,47.48,355.64,57.61
881,1093,15,0.00419,463.56,115.2,482.0,139.54
882,1093,15,0.00224,478.61,116.33,482.0,142.98
883,1093,15,0.00218,413.17,17.99,423.82,36.37
884,1093,15,0.00131,472.25,118.61,482.0,146.08
885,1096,14,0.86126,99.55,156.32,130.11,252.74
886,1096,14,0.83348,169.42,149.17,197.02,241.33
887,1096,5,0.82915,369.13,151.75,499.13,211.37
888,1096,5,0.82373,213.58,163.54,341.34,215.21
889,1096,14,0.44106,464.85,125.09,499.33,216.45
890,1096,5,0.00223,245.2,75.98,264.03,87.86
891,1096,5,0.00195,491.9,157.77,500.0,215.57
892,1096,5,0.00151,489.05,144.92,500.0,220.34
893,1096,5,0.00128,18.65,256.0,289.03,256.0
894,1106,10,0.87982,187.5,160.37,203.3,175.73
895,1106,10,0.87249,124.61,164.36,143.69,179.82
896,1106,9,0.84317,60.65,132.88,77.05,148.84
897,1106,9,0.80458,110.25,134.54,128.19,148.24
898,1106,17,0.6213,63.02,99.36,75.69,111.23
899,1106,9,0.14697,62.87,99.26,75.66,111.1
900,1110,14,0.86099,28.56,133.82,56.73,217.54
901,1110,5,0.84199,365.32,148.06,485.44,204.15
902,1110,5,0.80216,193.74,145.6,321.52,198.72
903,1110,14,0.75284,323.43,110.43,380.99,250.29
904,1110,5,0.33073,476.18,124.24,500.0,206.92
905,1110,5,0.02298,365.36,133.81,412.87,185.61
906,1110,5,0.0177,366.73,133.4,413.37,152.26
907,1110,5,0.00709,108.7,155.52,171.31,191.2
908,1110,5,0.00196,444.19,118.91,500.0,203.24
909,1110,8,0.00192,20.24,135.3,74.86,213.32
910,1122,14,0.87612,334.23,58.53,372.54,91.79
911,1122,8,0.82188,327.56,85.23,373.65,148.48
912,1122,16,0.8137,53.22,111.35,74.36,138.65
913,1122,16,0.8019,30.55,112.33,52.83,140.16
914,1122,16,0.79588,73.57,109.95,93.65,135.52
915,1122,16,0.78874,7.05,111.5,30.0,141.02
916,1122,16,0.72432,93.95,108.13,112.78,133.02
917,1122,14,0.68922,368.21,67.69,392.17,93.98
918,1122,16,0.62377,0.0,114.43,5.37,143.46
919,1122,16,0.47118,112.03,107.47,128.18,130.95
920,1122,8,0.27073,334.37,85.16,393.2,134.67
921,1122,8,0.19945,361.59,85.47,392.55,132.25
922,1122,16,0.16116,126.92,106.96,141.59,129.35
923,1122,16,0.12079,140.3,106.08,155.88,127.7
924,1122,16,0.11309,166.04,104.4,179.95,124.0
925,1122,16,0.06125,0.02,124.48,4.27,147.63
926,1122,16,0.05621,178.81,103.47,191.46,122.18
927,1122,16,0.04658,150.68,105.41,169.69,125.22
928,1122,8,0.0358,336.45,85.18,373.26,116.13
929,1122,16,0.03082,189.8,102.9,200.99,121.66
930,1122,16,0.03056,277.28,95.43,286.86,105.05
931,1122,16,0.02969,208.75,102.18,220.03,118.35
932,1122,16,0.02611,144.09,105.3,165.2,126.34
933,1122,16,0.02306,127.65,105.93,152.87,128.24
934,1122,16,0.01951,234.15,101.37,243.98,116.29
935,1122,16,0.01887,0.0,119.06,6.29,149.96
936,1122,16,0.01542,199.65,101.82,210.35,118.67
937,1122,16,0.01336,0.0,117.61,4.07,167.47
938,1122,16,0.01247,166.89,103.61,189.02,123.18
939,1122,16,0.01099,226.32,101.42,235.69,116.0
940,1122,16,0.00785,218.47,101.47,228.06,116.68
941,1122,16,0.00722,203.67,101.13,218.67,118.19
942,1122,16,0.0047,191.41,101.58,209.6,118.21
943,1122,16,0.00343,210.63,101.93,225.66,117.52
944,1122,16,0.0033,231.14,101.63,240.88,116.33
945,1122,16,0.00318,6.63,112.35,17.74,134.6
946,1122,16,0.00314,240.31,95.08,249.77,104.0
947,1122,16,0.00304,221.95,101.62,234.97,116.63
948,1122,16,0.00283,0.04,110.71,6.92,136.95
949,1122,16,0.00283,0.0,114.79,6.77,164.84
950,1122,16,0.00267,215.29,99.17,233.31,116.6
951,1122,16,0.00248,37.78,112.04,53.39,131.8
952,1122,14,0.00229,347.54,58.44,384.91,78.92
953,1122,16,0.00198,15.55,111.77,30.6,132.52
954,1122,14,0.00134,238.53,74.08,250.5,103.84
955,1122,16,0.00107,484.02,124.61,488.0,169.83
956,1123,15,0.89749,145.92,90.62,166.17,108.23
957,1123,15,0.87876,50.16,75.73,70.73,93.96
958,1123,15,0.00153,285.13,21.79,291.22,30.82
959,1123,15,0.00112,211.8,0.26,228.82,15.23
960,1124,15,0.86454,79.0,12.6,100.5,36.89
961,1124,15,0.8621,147.12,12.84,168.86,39.45
962,1134,7,0.86283,291.75,200.98,319.14,222.32
963,1134,7,0.83566,351.2,130.31,376.34,150.56
964,1134,17,0.00294,344.25,181.53,359.48,196.25
965,1135,14,0.8452,362.32,137.65,381.68,184.46
966,1135,5,0.62671,59.01,154.34,76.44,168.18
967,1135,5,0.53066,0.0,158.05,10.64,177.89
968,1135,5,0.05269,0.0,156.58,17.87,170.51
969,1135,14,0.03755,260.93,142.44,274.35,174.42
970,1135,5,0.0221,23.49,153.51,48.16,173.5
971,1135,5,0.02072,0.75,150.92,27.69,171.98
972,1135,14,0.01762,107.61,154.75,117.55,168.12
973,1135,5,0.01173,0.08,155.31,25.6,167.44
974,1135,5,0.00467,147.96,183.69,250.21,240.66
975,1135,5,0.0045,38.66,155.12,59.86,170.75
976,1135,14,0.004,259.39,142.25,269.8,169.53
977,1135,5,0.004,85.12,151.03,100.86,165.5
978,1135,14,0.00236,362.63,137.09,378.17,153.75
979,1135,5,0.00174,0.4,158.09,17.64,177.55
980,1135,5,0.00155,456.61,152.52,499.0,218.06
981,1135,5,0.00134,88.97,150.11,110.97,163.1
982,1135,5,0.00126,0.0,161.36,11.77,198.7
983,1135,5,0.00125,24.97,154.28,59.0,171.44
984,1135,14,0.00123,104.71,153.42,116.38,167.24
985,1138,14,0.74463,271.43,144.92,283.99,172.04
986,1138,14,0.7434,309.89,138.85,323.16,162.95
987,1138,14,0.73866,228.32,155.65,240.54,180.18
988,1138,14,0.32234,299.14,150.88,309.71,164.47
989,1138,14,0.26418,288.65,138.36,303.03,152.62
990,1138,14,0.17664,284.57,129.81,301.25,145.28
991,1138,14,0.04951,213.39,163.48,223.64,182.75
992,1138,14,0.00826,294.63,141.05,307.25,154.57
993,1138,14,0.00629,289.93,140.28,305.24,155.65
994,1138,14,0.00406,298.32,143.96,308.66,156.71
995,1138,14,0.00343,209.57,157.43,223.9,183.06
996,1138,14,0.00331,255.33,146.54,271.53,175.08
997,1138,14,0.00306,283.83,140.37,299.3,155.04
998,1138,14,0.00276,463.8,103.32,478.55,125.94
999,1138,14,0.00211,349.52,140.97,357.82,153.64
1000,1138,14,0.0018,322.17,140.45,330.21,159.81
1001,1138,14,0.00157,499.65,102.26,505.0,123.08
1002,1138,14,0.00154,306.26,136.48,319.04,150.06
1003,1138,14,0.0014,216.14,158.61,226.45,182.44
1004,1138,14,0.00136,283.03,129.41,297.55,142.72
1005,1138,14,0.00121,248.1,147.62,258.27,174.47
1006,1138,14,0.00111,304.65,140.19,317.46,159.38
1007,1138,14,0.00107,297.83,141.77,308.3,153.35
1008,1138,14,0.00105,211.22,169.72,221.53,183.98
1009,1138,14,0.00101,222.47,155.15,236.64,180.21
1010,1138,14,0.00101,496.11,100.77,505.0,123.48
1011,1138,14,0.00101,289.41,130.94,303.91,147.2
1012,1152,10,0.8661,313.92,115.89,342.86,142.03
1013,1152,10,0.85953,267.18,68.85,289.78,92.64
1014,1152,11,0.36836,350.24,69.19,378.8,95.9
1015,1152,9,0.35351,350.28,69.87,378.95,95.65
1016,1152,11,0.11138,252.56,117.59,280.4,141.04
1017,1152,16,0.03711,252.77,117.65,280.43,141.0
1018,1152,9,0.00157,252.47,117.55,280.26,141.91
1019,1155,15,0.89505,289.02,50.08,308.43,68.9
1020,1155,15,0.88113,252.93,59.02,273.0,76.85
1021,1155,15,0.00531,355.8,36.4,367.96,49.48
1022,1157,17,0.84575,275.16,80.83,297.96,103.3
1023,1157,17,0.59434,400.93,20.19,420.56,40.52
1024,1157,14,0.0047,0.0,0.4,75.29,48.81
1025,1157,8,0.0029,228.42,0.71,342.23,48.11
1026,1157,2,0.00126,358.96,54.74,397.15,96.74
1027,1157,7,0.00106,0.16,158.01,60.75,237.37
1028,1161,5,0.75548,198.01,105.23,444.72,199.92
1029,1161,14,0.21735,22.84,132.6,32.01,154.47
1030,1161,14,0.03489,35.91,128.4,45.72,151.82
1031,1161,14,0.00535,24.72,132.13,34.97,154.34
1032,1161,14,0.0034,0.0,127.44,5.11,165.32
1033,1161,14,0.00174,0.0,99.64,4.36,151.49
1034,1161,14,0.00149,0.0,127.76,4.12,155.61
1035,1161,14,0.0013,0.0,122.2,7.84,176.81
1036,1161,14,0.00123,16.47,134.78,24.15,153.41
1037,1163,9,0.88431,161.17,70.01,176.46,87.52
1038,1163,9,0.87014,145.38,100.87,160.38,119.35
1039,1163,10,0.86802,249.94,43.56,263.89,57.43
1040,1163,10,0.86672,230.19,79.72,247.4,95.84
1041,1163,17,0.81556,70.55,80.27,84.56,93.3
1042,1163,17,0.00999,145.4,100.97,160.36,119.34
1043,1163,14,0.00148,20.58,120.22,33.19,150.62
1044,1163,17,0.00112,160.98,70.14,176.3,87.99
1045,1171,14,0.73047,289.54,120.5,306.39,137.44
1046,1171,14,0.70041,313.81,128.38,327.87,153.01
1047,1171,14,0.70014,275.03,137.33,288.34,162.09
1048,1171,14,0.6509,243.33,145.27,255.7,167.17
1049,1171,14,0.47273,246.5,148.49,256.4,166.62
1050,1171,14,0.45831,303.65,138.56,315.7,156.05
1051,1171,14,0.07429,354.77,130.82,365.44,144.88
1052,1171,14,0.02026,498.93,92.51,505.0,115.86
1053,1171,14,0.02002,313.14,125.65,325.99,139.14
1054,1171,14,0.01156,494.58,92.05,504.89,114.89
1055,1171,14,0.00888,275.29,132.67,286.54,149.45
1056,1171,14,0.00762,218.11,155.89,226.22,173.05
1057,1171,14,0.00463,303.3,127.75,312.72,140.83
1058,1171,14,0.0045,266.66,137.45,276.82,163.43
1059,1171,14,0.00385,219.61,153.82,229.08,172.16
1060,1171,14,0.00317,215.32,159.88,225.33,174.02
1061,1171,14,0.00311,310.85,121.65,326.92,135.45
1062,1171,14,0.00283,274.67,124.81,286.15,143.38
1063,1171,14,0.00282,270.46,120.93,286.82,144.2
1064,1171,14,0.00278,300.04,135.58,311.65,144.85
1065,1171,14,0.00248,240.97,143.95,252.57,165.96
1066,1171,14,0.0021,306.3,136.29,315.42,153.56
1067,1171,14,0.00186,304.1,133.88,312.59,142.89
1068,1171,14,0.00172,303.33,121.59,318.57,138.99
1069,1171,14,0.00168,268.79,136.15,280.13,162.92
1070,1171,14,0.00168,214.04,156.57,228.63,174.92
1071,1171,14,0.00157,314.47,123.41,329.46,138.17
1072,1171,14,0.00154,269.03,119.56,285.99,135.73
1073,1171,14,0.00148,263.26,130.06,275.77,162.88
1074,1171,14,0.00128,315.79,118.9,331.22,131.88
1075,1171,14,0.00102,206.94,156.51,225.26,175.74
1076,1171,14,0.001,252.28,146.96,261.13,167.07
1077,1172,15,0.82485,326.21,172.94,351.66,196.98
1078,1172,15,0.79448,355.95,139.89,374.97,155.4
1079,1172,7,0.73705,280.79,151.96,298.75,165.47
1080,1172,15,0.00907,322.77,143.36,335.79,153.95
1081,1172,7,0.00654,404.78,123.69,417.59,141.89
1082,1172,6,0.00256,353.18,18.41,441.77,166.52
1083,1174,14,0.87106,244.28,38.96,277.02,127.08
1084,1174,14,0.85251,171.11,37.79,204.12,132.22
1085,1174,14,0.84309,99.44,18.13,138.06,132.83
1086,1174,14,0.79232,155.51,77.66,169.06,117.43
1087,1174,14,0.67933,301.68,104.93,319.15,128.2
1088,1174,14,0.20861,64.8,90.99,75.37,113.29
1089,1174,14,0.14664,99.9,77.78,122.52,129.5
1090,1174,14,0.01013,474.94,93.74,492.74,121.83
1091,1174,8,0.00801,197.17,93.54,211.53,112.88
1092,1174,8,0.00161,197.27,90.57,219.13,114.1
1093,1174,14,0.00111,0.01,71.71,4.95,115.18
1094,1175,11,0.78571,297.5,200.28,338.63,235.73
1095,1175,11,0.71611,430.42,99.57,464.24,126.16
1096,1175,10,0.55778,283.15,107.6,315.11,135.39
1097,1175,10,0.10549,436.48,161.8,476.37,192.86
1098,1175,11,0.07654,436.53,161.87,476.37,192.81
1099,1175,9,0.01343,283.39,107.32,315.3,136.07
1100,1175,9,0.0083,436.91,161.88,476.44,192.99
1101,1177,2,0.87996,55.58,76.19,81.21,108.15
1102,1177,2,0.85734,134.84,21.54,155.43,50.31
1103,1182,15,0.88056,52.19,80.9,71.22,97.18
1104,1182,15,0.87557,76.19,77.24,92.98,91.74
1105,1184,15,0.93309,177.55,156.64,214.3,199.95
1106,1184,15,0.91721,48.06,156.18,101.08,214.54
1107,1193,15,0.88617,392.03,73.41,421.45,104.86
1108,1193,6,0.87759,283.7,61.86,323.64,115.04
1109,1193,2,0.79617,295.47,38.26,314.28,58.92
1110,1193,2,0.78338,183.45,84.64,205.41,106.02
1111,1193,6,0.00794,294.19,61.94,320.37,76.88
1112,1200,2,0.85239,295.41,180.19,311.8,201.36
1113,1200,2,0.83429,248.15,162.49,263.31,183.44
1114,1203,14,0.52332,32.32,61.96,51.7,97.72
1115,1203,0,0.17842,281.0,172.65,299.1,190.19
1116,1203,14,0.0534,459.97,120.63,471.0,176.65
1117,1203,14,0.00263,208.22,83.44,222.34,114.97
1118,1212,14,0.83657,161.69,115.94,203.33,213.16
1119,1212,14,0.77304,255.41,139.0,284.68,209.78
1120,1212,14,0.76067,380.09,132.08,406.25,230.94
1121,1212,14,0.74817,326.37,137.9,352.33,222.98
1122,1212,14,0.67482,210.62,111.69,235.32,216.94
1123,1212,14,0.28239,195.06,151.89,218.15,220.13
1124,1212,14,0.23945,205.31,111.22,250.9,223.05
1125,1212,14,0.03522,187.73,112.1,220.65,220.07
1126,1212,5,0.01214,397.34,179.62,472.2,223.19
1127,1212,14,0.00789,194.07,110.77,233.55,219.97
1128,1212,5,0.00337,21.86,138.89,130.84,193.09
1129,1212,5,0.00238,1.19,113.89,152.5,194.96
1130,1212,5,0.00162,122.91,80.07,138.66,94.87
1131,1212,14,0.00142,381.09,166.7,403.9,228.58
1132,1212,5,0.0012,466.93,148.77,499.52,160.96
1133,1212,5,0.00114,29.16,92.1,51.57,100.71
1134,1212,5,0.00102,0.0,159.41,5.76,195.15
1135,1223,15,0.91533,249.18,166.31,280.91,200.36
1136,1223,15,0.91221,163.59,192.09,192.29,226.18
1137,1224,3,0.88481,102.48,107.46,151.46,166.59
1138,1224,3,0.86609,188.06,19.93,238.17,71.12
1139,1224,13,0.86113,65.24,36.84,107.09,78.89
1140,1224,1,0.85641,128.42,13.44,168.89,55.85
1141,1224,3,0.84768,147.22,79.98,228.92,114.8
1142,1224,5,0.00126,395.67,163.77,497.91,229.07
1143,1230,5,0.18992,0.9,0.8,196.37,89.51
1144,1230,16,0.03055,296.79,66.19,382.7,147.85
1145,1230,5,0.01724,123.62,0.0,228.95,48.25
1146,1230,7,0.01478,143.12,0.0,193.3,46.06
1147,1230,8,0.0078,139.34,0.0,228.08,49.35
1148,1230,15,0.00256,296.65,67.08,382.08,145.82
1149,1230,8,0.0022,21.66,0.0,209.42,0.0
1150,1230,5,0.00159,0.0,0.98,90.8,95.7
1151,1230,7,0.00106,40.77,0.01,169.4,78.39
1152,1230,7,0.00104,109.18,0.0,193.18,47.56
1153,1234,13,0.89029,219.46,146.59,272.64,198.48
1154,1234,4,0.88369,254.71,60.4,324.37,112.71
1155,1234,1,0.12727,445.33,171.08,482.0,230.96
1156,1234,6,0.06455,437.36,104.38,482.0,234.16
1157,1234,14,0.00593,394.25,31.75,482.0,226.85
1158,1234,14,0.00254,416.41,32.47,481.94,175.41
1159,1234,1,0.00119,472.89,165.58,482.0,238.09
1160,1237,12,0.8529,114.96,71.73,155.99,112.66
1161,1237,12,0.84452,226.82,48.43,265.82,87.08
1162,1237,13,0.83084,248.8,105.53,293.37,149.01
1163,1237,14,0.00827,499.29,39.04,504.0,110.15
1164,1237,14,0.00285,494.26,38.52,504.0,107.81
1165,1237,15,0.00262,249.78,105.04,294.92,149.24
1166,1245,11,0.86981,354.18,143.67,373.69,157.85
1167,1245,10,0.85953,306.02,173.39,321.58,190.67
1168,1245,10,0.85744,316.43,154.65,332.6,171.08
1169,1245,17,0.83354,416.38,171.78,430.71,186.66
1170,1245,11,0.83354,366.7,175.18,382.35,191.93
1171,1245,9,0.83163,366.24,203.61,385.96,220.24
1172,1245,17,0.83004,330.29,196.73,347.71,216.01
1173,1245,17,0.7021,409.77,190.37,423.95,205.56
1174,1245,9,0.11858,330.27,196.69,347.71,216.1
1175,1253,6,0.00226,482.74,98.27,490.0,128.13
1176,1258,3,0.8929,142.98,72.73,197.24,136.93
1177,1258,13,0.86767,43.76,16.47,86.86,61.87
1178,1258,3,0.86424,161.71,26.68,238.9,70.86
1179,1258,3,0.44792,165.38,0.89,192.73,20.79
1180,1258,0,0.30328,88.36,0.94,127.69,18.85
1181,1258,13,0.27998,89.06,0.5,127.53,18.81
1182,1258,1,0.04396,88.42,0.53,128.62,18.64
1183,1258,3,0.00223,145.46,1.02,192.94,21.52
1184,1267,8,0.85092,419.99,1.61,485.93,166.11
1185,1267,8,0.57169,47.47,37.94,143.68,218.85
1186,1267,8,0.14022,75.56,38.31,146.11,150.3
1187,1267,8,0.13831,445.36,15.43,486.0,179.29
1188,1267,8,0.04854,405.81,0.0,486.0,64.7
1189,1267,8,0.03136,21.1,0.0,203.69,0.0
1190,1267,14,0.02667,0.0,34.88,142.67,223.47
1191,1267,8,0.0141,400.46,0.0,485.93,103.3
1192,1267,8,0.0046,476.97,1.41,486.0,55.79
1193,1267,14,0.00252,478.32,77.11,486.0,164.88
1194,1267,8,0.00137,285.71,0.0,466.75,0.0
1195,1267,8,0.0012,360.14,0.0,473.01,0.0
1196,1267,8,0.00119,111.11,116.84,199.72,216.48
1197,1273,14,0.20814,320.48,114.93,340.72,162.26
1198,1273,14,0.00413,319.19,115.49,340.17,142.68
1199,1275,10,0.88983,259.7,113.17,277.72,128.11
1200,1275,9,0.8719,196.94,81.99,212.35,97.99
1201,1275,10,0.86315,321.67,109.16,337.33,124.25
1202,1275,17,0.79999,198.41,49.22,210.04,60.18
1203,1275,9,0.7869,245.01,83.61,262.27,96.87
1204,1275,17,0.02352,196.96,82.09,212.23,97.67
1205,1275,14,0.00228,491.11,82.07,502.96,126.07
1206,1288,2,0.88206,155.02,101.63,189.86,142.86
1207,1288,17,0.57897,237.91,70.96,256.45,89.61
1208,1288,17,0.50506,252.16,138.54,273.23,158.02
1209,1288,2,0.38178,251.93,138.35,273.3,158.18
1210,1288,2,0.23925,237.71,70.89,256.41,89.54
1211,1289,10,0.87116,235.42,165.57,248.91,176.7
1212,1289,11,0.86227,262.14,187.27,274.3,198.3
1213,1289,10,0.85281,255.8,173.86,268.01,184.78
1214,1289,17,0.83724,192.98,184.64,203.8,195.05
1215,1289,11,0.81303,216.71,178.19,231.86,189.78
1216,1289,17,0.76624,211.4,192.35,222.47,203.5
1217,1289,9,0.70626,188.54,170.68,200.22,181.31
1218,1289,9,0.5463,201.75,163.79,216.6,174.8
1219,1289,17,0.0864,188.85,170.79,200.45,181.56
1220,1289,11,0.00289,259.05,174.33,269.21,189.56
1221,1291,4,0.90762,218.64,0.16,269.62,74.93
1222,1291,13,0.88077,399.22,77.96,454.82,131.55
1223,1291,1,0.82868,316.58,116.96,375.59,174.74
1224,1291,14,0.00913,0.01,0.0,21.06,85.61
1225,1291,14,0.0013,0.0,0.0,54.19,85.01
1226,1300,7,0.88359,104.83,49.02,139.54,75.08
1227,1300,7,0.86583,57.67,81.07,87.08,108.6
1228,1300,17,0.81004,47.52,38.02,65.83,55.67
1229,1300,17,0.79076,63.72,61.43,82.77,80.99
1230,1300,2,0.11743,193.46,115.54,220.57,140.57
1231,1300,2,0.02441,115.31,125.19,141.17,146.81
1232,1300,17,0.0021,150.13,36.86,162.0,48.04
1233,1304,2,0.86557,128.8,44.89,149.24,71.15
1234,1304,2,0.85883,41.16,57.74,60.41,85.18
1235,1309,7,0.87348,230.61,182.61,254.04,200.89
1236,1309,7,0.84431,209.16,118.4,233.06,135.54
1237,1310,15,0.84837,219.29,128.43,250.71,152.08
1238,1310,15,0.81961,217.64,95.6,236.36,115.25
1239,1310,7,0.63118,140.67,128.18,158.04,144.88
1240,1310,15,0.38154,185.1,110.75,196.69,122.46
1241,1310,15,0.04028,258.69,74.93,272.77,96.16
1242,1310,7,0.00744,258.6,75.01,272.48,96.39
1243,1310,7,0.0018,143.52,125.92,165.16,139.9
1244,1332,8,0.86039,372.23,128.98,434.32,172.26
1245,1332,8,0.8278,272.34,123.84,301.12,158.19
1246,1332,8,0.8229,459.08,123.17,488.0,158.24
1247,1332,8,0.81951,293.47,126.45,334.99,161.85
1248,1332,8,0.81351,324.79,126.68,355.45,163.38
1249,1332,8,0.77327,346.12,132.03,379.71,168.72
1250,1332,14,0.51633,149.2,91.3,184.31,165.96
1251,1332,14,0.13049,35.05,99.53,63.25,125.39
1252,1332,14,0.04987,235.58,100.18,271.28,157.36
1253,1332,8,0.02536,152.94,113.72,184.17,150.7
1254,1332,14,0.01934,378.29,124.14,408.15,164.77
1255,1332,14,0.01755,155.56,91.49,183.35,132.16
1256,1332,14,0.0056,0.0,92.16,3.63,122.09
1257,1332,14,0.00447,152.52,114.63,183.71,151.5
1258,1332,14,0.00431,125.41,100.61,145.67,135.22
1259,1332,14,0.00348,358.66,105.61,439.57,178.88
1260,1332,14,0.00336,44.62,100.73,62.56,122.87
1261,1332,5,0.00241,93.01,126.1,171.79,176.64
1262,1332,8,0.00216,398.53,127.68,434.15,173.07
1263,1332,14,0.0016,0.12,93.02,16.14,120.39
1264,1332,8,0.00122,92.43,126.2,185.05,176.45
1265,1332,14,0.001,233.43,98.68,258.54,156.61
1266,1336,2,0.88787,362.62,55.3,393.28,84.02
1267,1336,2,0.88358,241.85,37.87,277.48,64.97
1268,1339,2,0.86337,182.31,39.88,199.73,62.69
1269,1339,2,0.85811,228.41,63.98,246.38,87.39
1270,1343,15,0.92095,259.76,7.59,291.3,43.62
1271,1349,15,0.91556,368.42,116.38,404.05,152.39
1272,1349,6,0.89307,288.37,64.92,358.72,105.93
1273,1349,2,0.79522,384.17,54.36,404.64,75.68
1274,1349,17,0.0342,253.61,36.41,274.59,57.56
1275,1349,2,0.0319,253.52,36.16,274.65,57.6
1276,1349,15,0.00189,253.37,36.36,274.76,57.59
1277,1352,17,0.82558,165.53,90.45,183.83,108.38
1278,1352,17,0.82264,54.94,178.5,78.86,201.05
1279,1361,5,0.81849,2.39,117.09,99.26,222.03
1280,1361,5,0.76909,258.17,111.64,307.76,140.05
1281,1361,8,0.49553,258.45,112.18,306.91,140.07
1282,1361,14,0.18105,228.22,86.87,251.33,122.47
1283,1361,14,0.07883,130.06,87.03,207.13,222.49
1284,1361,8,0.04886,111.61,90.0,148.99,116.56
1285,1361,14,0.01509,145.93,87.01,172.57,120.22
1286,1361,14,0.01272,134.89,87.27,189.28,193.15
1287,1361,14,0.00436,223.66,93.46,231.38,117.39
1288,1361,14,0.0035,0.0,126.57,4.02,195.22
1289,1361,14,0.00275,180.49,93.21,189.8,116.06
1290,1361,14,0.00216,182.3,90.01,195.74,121.1
1291,1361,14,0.0021,219.11,94.04,230.48,118.3
1292,1366,14,0.86123,278.79,52.64,307.76,129.3
1293,1366,14,0.79356,191.23,51.65,223.83,135.34
1294,1366,14,0.77367,146.08,85.09,158.65,123.66
1295,1366,14,0.6387,57.13,99.78,68.07,123.21
1296,1366,14,0.22682,316.25,88.46,330.98,123.66
1297,1366,14,0.01053,488.62,94.0,495.0,128.42
1298,1366,14,0.00889,79.92,103.41,92.03,123.14
1299,1366,8,0.00858,487.24,93.83,495.0,122.65
1300,1366,14,0.0039,487.51,88.33,495.0,139.38
1301,1366,14,0.00308,179.93,34.07,217.35,140.42
1302,1366,14,0.00305,295.87,88.6,307.81,125.65
1303,1366,14,0.0025,298.77,90.76,319.35,123.0
1304,1366,14,0.00198,0.0,91.83,4.94,153.19
1305,1366,14,0.00154,487.7,79.1,495.0,122.25
1306,1366,14,0.00134,461.1,93.96,482.14,124.47
1307,1366,14,0.00127,160.28,103.31,181.15,123.82
1308,1366,8,0.00119,484.53,90.89,495.0,133.11
1309,1367,14,0.86357,401.21,151.5,417.2,170.75
1310,1367,14,0.77522,31.6,87.59,43.82,114.16
1311,1367,14,0.73066,182.96,123.74,199.99,148.22
1312,1367,14,0.71673,66.78,94.65,79.79,119.57
1313,1367,14,0.69767,96.32,99.09,108.23,124.72
1314,1367,16,0.5961,11.42,166.18,92.48,212.24
1315,1367,14,0.51556,176.39,114.99,188.55,133.5
1316,1367,16,0.44673,0.38,124.55,76.83,158.64
1317,1367,16,0.4238,93.46,148.94,121.71,168.82
1318,1367,14,0.25838,174.65,113.16,185.11,132.51
1319,1367,14,0.19442,171.24,110.11,182.78,133.47
1320,1367,14,0.17523,178.87,113.79,189.89,130.91
1321,1367,14,0.04064,275.94,134.64,288.66,152.81
1322,1367,14,0.02621,277.71,133.16,293.84,152.91
1323,1367,16,0.02107,26.55,173.18,142.84,239.87
1324,1367,14,0.01833,22.44,86.12,32.59,115.74
1325,1367,14,0.01621,194.47,123.58,202.03,143.45
1326,1367,14,0.01366,287.83,137.7,300.16,154.93
1327,1367,14,0.00779,0.01,116.94,3.16,135.6
1328,1367,14,0.00622,159.64,124.55,170.4,137.97
1329,1367,14,0.00546,284.13,137.26,294.44,153.93
1330,1367,14,0.00487,163.68,110.29,180.9,132.74
1331,1367,14,0.00438,180.71,121.37,188.16,142.12
1332,1367,14,0.00431,0.0,108.37,3.54,134.76
1333,1367,14,0.00365,180.43,110.28,191.47,127.88
1334,1367,14,0.00362,11.27,85.02,20.3,112.94
1335,1367,14,0.003,174.38,120.11,184.67,134.76
1336,1367,14,0.00268,0.0,69.08,5.14,114.18
1337,1367,16,0.00268,60.94,143.89,122.1,168.27
1338,1367,14,0.00252,160.18,113.47,178.14,135.51
1339,1367,14,0.00252,179.98,117.27,190.14,134.31
1340,1367,14,0.0023,275.67,137.4,284.04,152.38
1341,1367,14,0.0023,98.33,97.88,112.17,126.09
1342,1367,14,0.00227,159.94,127.43,168.12,138.66
1343,1367,16,0.00176,0.08,123.45,24.49,151.22
1344,1367,16,0.00167,0.24,136.01,76.73,185.9
1345,1367,16,0.00141,80.76,197.36,171.43,243.99
1346,1367,14,0.00135,295.36,135.83,303.69,154.75
1347,1367,14,0.00116,168.8,104.35,186.89,129.76
1348,1367,14,0.00116,293.15,135.35,302.51,150.54
1349,1367,14,0.00116,11.84,83.63,29.24,115.18
1350,1373,15,0.87914,407.9,186.71,424.0,200.44
1351,1373,15,0.8534,381.65,191.96,400.04,207.61
1352,1373,14,0.00499,412.5,151.73,427.19,170.21
1353,1373,14,0.00309,427.58,147.92,443.63,170.67
1354,1377,15,0.9208,440.38,191.04,484.93,249.58
1355,1377,6,0.00179,436.04,89.11,484.89,113.86
1356,1384,2,0.88123,381.95,78.14,411.49,115.07
1357,1384,17,0.78994,318.34,64.57,335.07,80.07
1358,1384,17,0.70125,390.72,48.68,407.47,64.98
1359,1384,14,0.00246,18.77,252.0,59.87,252.0
1360,1388,8,0.87653,270.01,115.19,299.6,156.25
1361,1388,16,0.80777,0.03,126.71,13.5,149.98
1362,1388,14,0.80442,272.64,101.11,296.79,122.41
1363,1388,16,0.78456,12.81,126.48,27.28,148.98
1364,1388,16,0.74822,52.98,126.08,66.57,144.73
1365,1388,16,0.71026,27.34,126.57,41.83,147.58
1366,1388,16,0.67,41.02,126.07,52.86,146.27
1367,1388,16,0.62108,66.36,125.11,77.99,144.08
1368,1388,8,0.54915,235.2,95.68,269.42,148.69
1369,1388,16,0.53742,166.9,119.59,176.27,129.64
1370,1388,16,0.50311,129.13,117.59,139.55,127.27
1371,1388,16,0.49082,77.5,124.53,87.93,143.35
1372,1388,16,0.48673,107.36,124.21,115.55,140.27
1373,1388,16,0.48409,97.2,124.2,107.84,141.14
1374,1388,16,0.47453,122.71,123.54,132.05,139.95
1375,1388,16,0.47421,87.83,124.02,97.77,142.12
1376,1388,16,0.45193,114.96,124.37,123.73,139.7
1377,1388,8,0.24019,235.36,116.62,252.51,148.42
1378,1388,16,0.0993,80.89,124.3,95.15,142.72
1379,1388,5,0.08511,235.28,94.46,270.51,148.89
1380,1388,8,0.03118,304.81,114.23,318.4,135.56
1381,1388,16,0.01775,133.46,118.39,143.33,128.19
1382,1388,16,0.01616,123.66,123.36,136.94,140.1
1383,1388,16,0.00813,0.01,104.01,2.91,119.12
1384,1388,16,0.00682,168.68,117.73,178.68,127.22
1385,1388,8,0.00469,243.96,115.72,264.28,148.12
1386,1388,16,0.00442,91.82,124.56,99.57,142.02
1387,1388,8,0.00388,237.09,95.89,267.99,123.17
1388,1388,5,0.00287,305.12,113.66,320.16,126.04
1389,1388,16,0.00268,177.85,111.06,187.0,124.66
1390,1388,8,0.00226,239.62,121.29,254.33,147.81
1391,1388,16,0.00217,159.63,119.43,175.43,129.86
1392,1388,16,0.00211,128.5,126.25,139.32,139.9
1393,1388,16,0.00185,0.05,119.6,3.28,132.42
1394,1388,16,0.00184,128.56,122.53,139.4,129.77
1395,1388,16,0.00175,124.93,117.82,137.1,127.58
1396,1388,16,0.00167,175.17,115.36,186.18,127.89
1397,1388,5,0.00123,304.45,113.28,319.42,135.26
1398,1388,16,0.00116,171.14,118.79,184.44,130.62
1399,1388,14,0.00101,305.53,114.0,320.61,126.59
1400,1389,5,0.07492,16.82,0.0,385.96,249.0
1401,1389,5,0.01679,153.36,0.0,493.0,249.0
1402,1389,14,0.01525,0.0,5.87,100.67,249.0
1403,1389,8,0.00487,0.13,4.76,93.32,249.0
1404,1389,8,0.00392,0.0,6.03,30.98,249.0
1405,1389,14,0.00373,0.0,7.96,36.45,249.0
1406,1392,5,0.87408,401.42,98.55,500.0,157.46
1407,1392,14,0.85022,67.18,86.5,97.27,169.35
1408,1392,14,0.84693,364.56,58.44,420.25,204.65
1409,1392,5,0.79607,233.02,97.62,359.8,150.84
1410,1392,8,0.1376,149.75,106.78,206.39,140.45
1411,1392,5,0.04076,145.41,106.1,207.73,142.71
1412,1392,8,0.00597,60.49,86.47,117.48,167.2
1413,1392,5,0.00502,411.96,92.18,452.75,136.13
1414,1392,8,0.00172,280.33,256.0,484.23,256.0
1415,1392,8,0.0015,17.7,256.0,262.56,256.0
1416,1392,5,0.00109,16.64,256.0,289.64,256.0
1417,1395,7,0.82379,441.53,188.91,462.96,203.06
1418,1395,7,0.77629,384.06,148.17,405.49,164.6
1419,1395,17,0.00468,408.92,164.52,419.89,177.56
1420,1400,13,0.83469,287.55,40.96,318.71,71.66
1421,1400,12,0.82635,351.31,80.76,385.16,110.44
1422,1400,12,0.55949,412.72,44.53,444.24,72.21
1423,1400,6,0.00153,264.38,151.24,303.34,225.12
1424,1401,14,0.84637,55.22,150.56,86.97,235.25
1425,1401,5,0.83266,386.6,163.89,500.0,218.89
1426,1401,5,0.8279,216.38,161.04,343.94,214.24
1427,1401,14,0.82007,340.83,125.97,399.52,256.0
1428,1401,14,0.02107,0.02,160.13,5.8,245.5
1429,1401,14,0.02055,21.86,174.95,40.96,216.89
1430,1401,5,0.00586,0.03,169.38,9.8,239.6
1431,1401,5,0.00394,0.0,162.88,6.81,233.8
1432,1401,5,0.00313,486.12,172.66,500.0,224.35
1433,1401,8,0.00257,45.39,154.15,102.88,228.81
1434,1401,5,0.00203,492.16,167.11,500.0,227.83
1435,1401,5,0.00189,132.59,170.85,193.3,207.15
1436,1401,5,0.00182,0.1,159.86,27.16,224.3
1437,1401,5,0.00178,387.24,150.87,437.34,164.81
1438,1401,5,0.00175,394.7,149.85,435.88,191.2
1439,1401,5,0.00138,379.77,150.22,435.86,200.58
1440,1401,5,0.00131,0.01,160.97,15.18,222.8
1441,1402,8,0.8353,241.9,105.49,275.62,153.95
1442,1402,14,0.79095,249.27,90.28,272.01,114.43
1443,1402,16,0.62804,4.02,120.0,18.07,142.66
1444,1402,16,0.59336,18.31,120.0,32.9,141.59
1445,1402,16,0.4875,44.21,118.91,58.07,138.76
1446,1402,16,0.38459,0.0,120.24,4.56,143.57
1447,1402,16,0.30703,31.88,119.07,44.66,140.11
1448,1402,16,0.22445,57.67,118.32,69.25,137.44
1449,1402,16,0.21309,113.72,117.71,123.71,132.51
1450,1402,16,0.19985,68.77,117.85,79.43,136.77
1451,1402,16,0.19644,158.13,112.5,167.99,122.78
1452,1402,16,0.16472,105.6,117.86,114.59,132.71
1453,1402,16,0.14766,88.26,117.11,99.01,134.58
1454,1402,16,0.12015,78.85,116.99,88.79,135.31
1455,1402,16,0.10341,98.43,117.39,106.68,133.19
1456,1402,16,0.09161,120.74,110.06,130.26,120.49
1457,1402,8,0.05974,221.65,110.32,241.23,141.72
1458,1402,16,0.01484,0.03,117.7,3.52,150.27
1459,1402,8,0.00872,282.63,105.23,296.38,127.58
1460,1402,8,0.00814,229.35,114.23,243.8,141.28
1461,1402,16,0.00559,115.57,114.39,127.52,123.27
1462,1402,16,0.00236,118.02,115.55,127.98,122.4
1463,1402,8,0.00201,225.94,87.29,250.82,115.92
1464,1402,16,0.00127,0.07,116.39,6.56,149.68
1465,1402,16,0.00108,166.57,107.17,175.94,118.62
1466,1410,10,0.87272,299.53,96.2,316.52,112.08
1467,1410,9,0.86221,231.4,86.79,246.67,103.99
1468,1410,10,0.85921,318.96,60.4,333.35,74.59
1469,1410,9,0.82803,143.8,95.62,157.86,108.46
1470,1410,9,0.59329,216.2,116.39,230.94,134.05
1471,1410,17,0.02246,143.79,95.73,157.51,108.23
1472,1410,17,0.00153,231.51,86.79,246.47,104.12
1473,1411,3,0.88625,293.5,61.13,336.12,97.61
1474,1411,3,0.88154,158.27,112.16,229.43,159.59
1475,1411,13,0.86122,302.03,110.67,340.12,149.94
1476,1411,1,0.86007,228.41,122.68,269.28,164.15
1477,1411,3,0.8493,220.45,81.59,287.24,107.14
1478,1412,7,0.87475,166.49,111.58,196.79,139.78
1479,1412,7,0.84501,202.58,17.77,225.84,37.12
1480,1412,17,0.82009,150.23,54.93,167.92,71.88
1481,1412,17,0.78031,232.27,74.17,249.15,91.08
1482,1412,17,0.02101,155.34,152.91,174.13,168.13
1483,1416,14,0.81374,159.96,124.41,194.09,209.22
1484,1416,14,0.79767,273.6,133.63,297.37,218.01
1485,1416,14,0.79638,198.18,129.66,251.72,222.55
1486,1416,14,0.79419,371.01,130.46,413.78,229.07
1487,1416,14,0.26968,201.29,122.25,232.3,210.23
1488,1416,8,0.00728,214.36,184.33,234.03,217.03
1489,1416,5,0.00716,375.21,179.95,470.05,223.25
1490,1416,5,0.00366,0.01,136.5,6.45,195.72
1491,1416,5,0.00182,472.96,173.41,500.0,227.01
1492,1416,5,0.00144,0.0,151.58,114.5,192.58
1493,1416,5,0.00124,472.7,179.6,500.0,201.54
1494,1416,8,0.00112,179.15,158.14,208.95,205.51
1495,1423,14,0.88047,293.05,151.5,319.51,226.73
1496,1423,14,0.86333,110.12,145.91,139.53,227.07
1497,1423,14,0.85055,198.76,141.47,225.9,209.95
1498,1423,14,0.84286,149.37,126.2,181.69,209.62
1499,1423,14,0.7015,385.23,94.36,432.36,212.5
1500,1423,8,0.18046,395.09,150.85,494.0,239.69
1501,1423,8,0.00293,460.98,101.89,493.87,234.74
1502,1423,14,0.00229,487.39,152.2,494.0,234.77
1503,1423,14,0.00177,452.13,101.31,494.0,232.56
1504,1424,10,0.86573,160.51,83.78,175.31,98.59
1505,1424,9,0.85087,118.79,120.07,137.12,135.19
1506,1424,10,0.82679,115.31,68.03,130.99,82.19
1507,1424,9,0.80634,165.76,127.26,183.56,142.1
1508,1424,17,0.76714,106.03,168.23,120.75,182.48
1509,1431,17,0.85456,385.65,39.5,409.68,61.23
1510,1431,17,0.69738,215.54,77.2,240.7,98.48
1511,1431,14,0.001,18.52,245.0,64.59,245.0
1512,1433,2,0.88377,397.03,192.52,417.78,217.35
1513,1433,2,0.86389,388.36,157.92,405.95,182.16
1514,1438,2,0.85198,274.14,181.31,303.99,208.92
1515,1438,2,0.68401,394.89,168.07,417.05,190.59
1516,1438,2,0.00201,389.95,164.99,406.79,184.57
1517,1438,2,0.00149,233.14,185.28,253.64,206.02
1518,1438,2,0.00134,499.59,207.14,504.0,236.32
1519,1441,10,0.86726,317.53,43.57,334.05,57.25
1520,1441,11,0.86678,358.46,45.91,375.5,59.3
1521,1441,17,0.86571,356.46,88.47,369.76,102.13
1522,1441,10,0.86524,294.13,50.97,308.15,66.44
1523,1441,17,0.8503,379.06,79.33,392.67,92.43
1524,1441,17,0.82827,290.17,71.17,305.69,87.76
1525,1441,11,0.80181,335.95,68.24,350.96,83.34
1526,1441,9,0.635,311.76,85.2,328.21,99.44
1527,1441,17,0.24936,311.75,85.26,328.12,99.56
1528,1449,11,0.88622,380.43,84.87,393.17,96.4
1529,1449,11,0.85843,405.77,103.66,420.24,114.93
1530,1449,10,0.8539,424.98,90.14,436.41,101.27
1531,1449,10,0.8439,418.75,77.94,432.18,89.39
1532,1449,9,0.58679,366.65,72.37,378.83,82.83
1533,1449,17,0.51663,349.97,84.99,360.46,95.28
1534,1449,9,0.34683,389.35,69.19,402.75,80.47
1535,1449,9,0.30591,350.02,84.95,360.47,95.22
1536,1449,17,0.24796,352.84,95.28,363.6,106.3
1537,1449,17,0.00483,389.59,69.53,402.93,80.63
1538,1449,17,0.00124,366.82,72.26,378.55,83.01
1539,1449,17,0.00104,351.16,88.71,362.81,105.72
1540,1469,5,0.87693,425.62,72.98,485.48,102.19
1541,1469,14,0.74489,251.94,76.05,267.4,93.8
1542,1469,14,0.71814,285.61,59.97,296.63,82.49
1543,1469,8,0.65586,248.94,82.18,265.99,101.6
1544,1469,5,0.04231,0.0,23.14,10.42,36.81
1545,1469,5,0.02551,445.79,73.56,485.79,99.57
1546,1469,5,0.0095,475.97,103.61,493.0,123.46
1547,1469,5,0.00894,44.17,31.82,99.81,69.59
1548,1469,5,0.00756,461.58,53.25,493.0,88.87
1549,1469,5,0.007,0.0,21.69,10.48,46.06
1550,1469,5,0.00688,371.64,75.34,417.92,93.56
1551,1469,5,0.00502,450.96,57.68,492.14,94.56
1552,1469,5,0.00427,489.74,71.72,493.0,93.35
1553,1469,5,0.00427,0.0,12.45,10.52,36.21
1554,1469,5,0.00241,35.72,24.86,47.76,38.73
1555,1469,5,0.00126,38.58,64.19,53.09,71.68
1556,1469,5,0.00114,477.15,58.81,493.0,95.31
1557,1469,14,0.00106,288.44,60.25,299.84,78.93
1558,1469,5,0.00106,480.88,68.61,492.93,91.14
1559,1470,17,0.84867,195.8,164.22,219.23,184.79
1560,1470,17,0.64603,27.2,165.38,50.86,188.1
1561,1470,2,0.07189,195.76,164.41,219.19,184.69
1562,1471,15,0.94731,175.36,7.11,229.87,66.33
1563,1471,15,0.91398,26.69,0.0,100.84,60.61
1564,1471,15,0.00182,27.06,0.24,57.4,60.39
1565,1479,15,0.90046,197.59,128.16,219.23,148.42
1566,1479,15,0.87706,77.52,128.33,97.41,150.81
1567,1485,2,0.85065,61.11,46.91,78.74,69.98
1568,1485,2,0.85,107.45,73.73,125.81,97.5
1569,1485,5,0.00402,356.97,198.08,397.56,230.72
1570,1491,7,0.85682,189.31,173.05,211.75,189.3
1571,1491,7,0.85573,46.28,175.72,65.31,195.58
1572,1491,15,0.84709,138.9,135.37,161.24,157.72
1573,1491,15,0.80205,100.17,177.44,122.19,195.6
1574,1491,7,0.35486,100.11,177.74,121.72,195.16
1575,1491,7,0.01552,45.13,198.61,66.24,212.6
1576,1491,17,0.00112,92.67,172.73,104.1,184.65
1577,1493,3,0.89092,247.86,126.81,292.68,178.66
1578,1493,3,0.84764,318.81,155.75,404.93,203.65
1579,1493,13,0.84504,332.41,80.82,369.3,119.44
1580,1493,3,0.8354,208.31,107.71,274.65,134.17
1581,1493,1,0.83158,360.68,112.93,402.05,156.23
1582,1495,7,0.84111,298.56,89.84,325.58,111.46
1583,1495,7,0.83882,359.13,18.98,384.98,40.0
1584,1495,7,0.63528,99.42,178.29,124.95,200.59
1585,1495,2,0.00142,21.66,0.0,120.62,0.0
1586,1495,8,0.00105,22.07,0.0,124.74,2.49
1587,1500,13,0.88004,239.38,153.94,287.06,201.47
1588,1500,1,0.86511,406.19,128.94,453.68,174.4
1589,1500,4,0.84874,302.69,7.53,354.42,72.21
1590,1500,14,0.13054,0.0,7.11,34.02,200.26
1591,1500,14,0.04069,0.0,63.86,54.73,173.93
1592,1500,14,0.0134,0.0,5.31,54.78,205.33
1593,1500,14,0.00482,0.02,39.55,34.34,135.48
1594,1500,14,0.00406,0.02,48.44,34.24,102.33
1595,1500,14,0.00193,0.0,85.76,4.2,132.15
1596,1500,14,0.00156,0.1,0.0,79.55,240.87
1597,1500,14,0.00123,0.0,68.22,5.39,139.48
1598,1502,10,0.87359,360.48,160.25,376.49,172.76
1599,1502,10,0.87042,330.83,160.08,345.3,173.7
1600,1502,17,0.86736,367.35,200.87,380.81,213.79
1601,1502,11,0.85562,392.78,171.04,407.92,183.98
1602,1502,17,0.85347,336.6,201.53,349.8,214.2
1603,1502,9,0.84896,302.59,173.27,318.44,187.43
1604,1502,11,0.84539,342.08,181.75,359.83,195.95
1605,1502,9,0.41983,304.96,188.18,319.09,201.19
1606,1502,17,0.23214,305.2,188.46,319.01,201.25
1607,1502,17,0.00436,302.5,173.06,318.61,187.39
1608,1502,15,0.00175,0.07,43.71,16.92,101.7
1609,1502,8,0.00106,0.0,42.61,17.02,104.4
1610,1505,7,0.87126,54.35,223.79,83.02,243.85
1611,1505,7,0.85038,110.55,145.66,135.0,165.16
1612,1509,2,0.8277,420.17,169.0,448.9,191.71
1613,1509,2,0.08026,322.41,182.48,349.13,204.46
1614,1518,14,0.1765,489.45,87.37,496.0,127.29
1615,1518,0,0.09331,113.79,185.98,147.83,220.5
1616,1518,14,0.0447,487.76,76.57,496.0,132.67
1617,1518,14,0.00749,485.92,83.67,496.0,122.57
1618,1518,1,0.00392,113.08,186.52,147.35,220.7
1619,1518,14,0.00243,492.2,95.17,496.0,129.18
1620,1518,14,0.00165,480.83,84.75,496.0,126.24
1621,1521,14,0.80542,172.29,141.71,219.27,251.89
1622,1521,5,0.79232,228.77,179.26,373.23,223.7
1623,1521,5,0.10299,303.48,177.81,373.31,220.35
1624,1521,5,0.00164,0.0,192.26,98.96,227.13
1625,1521,14,0.00111,495.89,183.41,500.0,226.27
1626,1521,14,0.001,492.82,150.02,500.0,219.83
1627,1528,14,0.83912,185.35,117.74,218.63,214.28
1628,1528,14,0.8302,400.1,151.47,451.82,241.46
1629,1528,14,0.78351,263.03,101.36,295.74,228.56
1630,1528,14,0.7275,230.82,128.85,255.64,219.23
1631,1528,14,0.66858,215.45,132.3,235.77,213.4
1632,1528,14,0.01423,0.0,115.18,5.0,191.2
1633,1528,8,0.01276,0.04,109.76,8.36,210.72
1634,1528,5,0.01272,0.01,136.79,6.89,197.64
1635,1528,5,0.00858,80.49,159.02,167.47,198.04
1636,1528,14,0.00594,0.01,132.74,7.05,241.22
1637,1528,5,0.00559,176.77,117.32,213.2,134.83
1638,1528,5,0.00407,0.0,156.34,5.22,194.95
1639,1528,5,0.00349,431.79,183.96,477.57,222.45
1640,1528,5,0.00334,3.93,157.46,171.5,195.38
1641,1528,5,0.00316,120.55,129.63,158.23,142.39
1642,1528,14,0.00308,0.0,120.65,8.71,186.49
1643,1528,14,0.00273,244.81,113.96,289.77,229.65
1644,1528,5,0.00133,38.44,98.84,73.46,114.8
1645,1528,8,0.00131,0.02,128.09,7.08,231.38
1646,1528,5,0.00118,0.01,156.16,5.11,221.93
1647,1528,5,0.00103,496.21,164.89,500.0,185.72
1648,1533,14,0.8394,312.04,36.37,330.08,85.79
1649,1533,14,0.02885,486.96,44.92,498.0,93.19
1650,1533,5,0.02193,428.67,204.39,465.12,242.48
1651,1533,14,0.01299,492.94,43.41,498.0,96.23
1652,1533,14,0.00916,494.05,58.23,498.0,96.75
1653,1533,5,0.00288,483.79,48.66,498.0,90.88
1654,1533,14,0.00273,491.28,55.0,498.0,101.33
1655,1533,2,0.00253,428.46,204.33,465.01,242.87
1656,1533,1,0.00198,427.9,204.6,465.04,240.32
1657,1533,5,0.00172,273.75,202.7,371.86,248.44
1658,1533,14,0.00148,0.0,0.0,7.08,86.3
1659,1533,14,0.00142,304.23,42.45,313.5,63.79
1660,1533,14,0.00104,0.0,35.38,4.23,74.38
1661,1543,7,0.8789,139.26,149.37,176.33,176.63
1662,1543,7,0.85322,199.2,46.0,228.14,70.62
1663,1543,17,0.79783,132.42,87.0,152.08,105.53
1664,1543,17,0.78268,225.76,104.04,243.8,121.88
1665,1544,15,0.90097,399.88,52.69,420.07,71.66
1666,1544,15,0.87901,349.18,56.0,364.75,72.28
1667,1551,4,0.9288,292.23,135.21,349.29,196.21
1668,1551,12,0.92554,220.99,145.98,260.91,183.13
1669,1551,0,0.89957,223.41,96.67,260.68,134.63
1670,1551,3,0.89644,139.46,135.04,195.75,208.15
1671,1551,1,0.8655,222.97,189.96,266.17,234.61
1672,1551,3,0.00301,0.0,105.86,30.24,225.63
1673,1553,8,0.79499,19.17,147.0,60.67,179.15
1674,1553,5,0.73973,303.27,146.44,321.27,162.49
1675,1553,5,0.73085,180.11,142.3,230.62,170.08
1676,1553,5,0.68506,328.0,149.25,347.17,163.45
1677,1553,5,0.58133,149.45,142.29,181.69,165.19
1678,1553,8,0.24841,101.58,146.51,118.13,172.31
1679,1553,14,0.20651,20.38,136.25,40.32,169.5
1680,1553,5,0.19691,229.34,147.77,256.21,167.48
1681,1553,5,0.15517,248.2,149.51,272.82,164.66
1682,1553,14,0.12662,22.49,144.99,46.08,168.47
1683,1553,14,0.09266,20.0,135.78,40.15,156.72
1684,1553,14,0.07876,353.66,150.17,365.72,165.34
1685,1553,5,0.05534,92.86,135.34,127.45,157.53
1686,1553,5,0.03474,257.96,149.84,272.8,165.37
1687,1553,5,0.03472,54.9,137.93,122.6,163.36
1688,1553,5,0.02261,54.99,138.83,98.36,162.57
1689,1553,8,0.015,100.73,144.66,121.17,163.63
1690,1553,8,0.01445,20.41,144.59,41.77,174.16
1691,1553,5,0.01415,130.32,140.4,153.36,158.63
1692,1553,14,0.01293,351.23,150.45,358.25,164.47
1693,1553,5,0.01232,401.39,152.64,417.43,161.77
1694,1553,5,0.01078,174.57,143.55,203.11,171.47
1695,1553,14,0.00999,350.28,147.84,356.19,161.53
1696,1553,5,0.00883,378.81,183.45,484.39,241.0
1697,1553,8,0.00824,271.98,146.79,286.87,165.41
1698,1553,5,0.00748,383.14,147.97,402.48,163.41
1699,1553,14,0.00599,229.55,143.59,243.96,159.15
1700,1553,14,0.0047,18.73,140.67,32.78,164.75
1701,1553,14,0.00441,127.89,138.73,152.75,154.66
1702,1553,5,0.00403,70.0,138.06,154.46,162.47
1703,1553,5,0.00397,172.27,150.24,196.31,172.24
1704,1553,14,0.00375,351.3,154.32,358.94,167.29
1705,1553,5,0.00375,99.02,135.94,130.57,151.58
1706,1553,5,0.00343,54.56,146.41,92.28,161.31
1707,1553,5,0.00332,229.77,145.77,247.85,164.73
1708,1553,5,0.00321,342.64,146.16,351.81,161.56
1709,1553,8,0.00321,352.9,158.15,364.62,169.29
1710,1553,14,0.00279,143.84,141.14,165.61,151.97
1711,1553,5,0.00272,0.01,150.11,7.87,167.05
1712,1553,5,0.00252,427.65,146.74,445.17,159.22
1713,1553,5,0.00239,178.74,144.4,256.68,190.65
1714,1553,5,0.00231,124.62,138.59,150.39,156.26
1715,1553,14,0.00222,352.54,152.72,366.99,170.92
1716,1553,5,0.00214,479.66,185.41,499.0,214.41
1717,1553,5,0.00202,342.31,144.25,355.73,159.63
1718,1553,8,0.00202,350.52,161.15,364.49,174.51
1719,1553,14,0.00201,26.1,136.64,45.65,161.34
1720,1553,8,0.00198,354.29,151.14,367.54,167.64
1721,1553,5,0.00194,326.88,148.9,339.63,160.98
1722,1553,14,0.00192,352.78,148.17,361.54,161.5
1723,1553,8,0.00179,91.81,135.73,122.97,161.5
1724,1553,14,0.00173,272.32,146.74,286.03,160.94
1725,1553,14,0.00163,342.75,145.04,356.06,159.28
1726,1553,14,0.00154,134.91,141.63,156.02,154.61
1727,1553,5,0.00146,235.34,148.75,255.65,164.1
1728,1553,8,0.00137,274.52,146.51,293.31,165.49
1729,1553,14,0.00123,272.59,146.55,293.74,162.03
1730,1553,5,0.00114,272.36,147.14,287.48,164.85
1731,1553,14,0.0011,24.36,136.17,40.74,151.5
1732,1553,14,0.00103,289.81,146.94,297.84,164.65
1733,1554,5,0.70646,66.97,126.41,85.09,141.31
1734,1554,5,0.46516,0.06,132.81,20.38,150.83
1735,1554,14,0.44997,326.82,120.76,339.96,137.83
1736,1554,5,0.29919,0.7,131.13,21.8,145.55
1737,1554,8,0.2023,24.25,128.92,34.26,149.35
1738,1554,5,0.1874,106.15,122.64,121.29,138.75
1739,1554,5,0.05314,33.3,130.15,53.35,146.19
1740,1554,14,0.04862,24.1,126.39,34.52,139.28
1741,1554,14,0.01827,24.8,126.59,34.32,146.61
1742,1554,5,0.0133,1.28,129.03,33.67,142.1
1743,1554,14,0.01181,106.91,124.02,124.23,139.87
1744,1554,5,0.00978,24.15,128.12,34.87,147.77
1745,1554,14,0.00777,112.16,125.69,124.74,140.77
1746,1554,14,0.00735,324.08,120.43,344.62,145.69
1747,1554,14,0.00663,13.69,126.47,34.82,138.6
1748,1554,8,0.00626,15.65,134.33,23.45,148.86
1749,1554,5,0.00514,52.26,126.52,64.45,144.29
1750,1554,5,0.00495,0.0,127.71,7.12,144.69
1751,1554,5,0.00445,144.19,156.22,254.57,225.0
1752,1554,8,0.00431,23.85,137.68,33.95,152.16
1753,1554,5,0.00363,23.83,125.71,34.63,141.89
1754,1554,5,0.00348,3.25,127.12,36.92,139.26
1755,1554,14,0.00329,16.05,132.17,23.18,146.2
1756,1554,8,0.00273,301.27,120.08,311.51,136.11
1757,1554,5,0.00263,0.0,124.3,3.69,141.62
1758,1554,5,0.0022,0.0,135.39,20.99,158.59
1759,1554,5,0.00185,0.0,145.32,21.08,172.58
1760,1554,8,0.00165,312.64,121.83,321.46,136.73
1761,1554,5,0.00123,42.63,130.9,53.57,146.42
1762,1554,5,0.00118,27.7,127.08,56.77,145.95
1763,1554,14,0.00113,1.69,132.6,22.63,149.08
1764,1558,15,0.87683,199.23,55.48,217.58,71.14
1765,1558,15,0.87327,226.03,52.67,241.7,66.17
1766,1566,2,0.72458,267.86,156.12,302.89,189.65
1767,1566,2,0.60385,264.5,105.08,292.26,130.44
1768,1566,17,0.35095,267.65,156.16,303.32,189.91
1769,1566,17,0.21356,264.97,105.12,291.88,130.48
1770,1566,7,0.00179,265.81,86.13,349.72,131.68
1771,1567,15,0.8125,192.99,174.05,218.04,198.29
1772,1567,15,0.79219,223.93,142.21,242.56,157.87
1773,1567,7,0.78226,148.63,151.38,167.36,165.88
1774,1567,7,0.05878,272.69,129.56,284.64,144.86
1775,1569,4,0.30473,226.8,35.08,268.98,90.49
1776,1569,4,0.11753,226.41,2.43,273.67,87.67
1777,1569,15,0.02486,226.42,0.34,313.52,63.02
1778,1569,4,0.01281,267.71,17.95,320.11,54.53
1779,1569,15,0.00949,253.08,1.79,319.95,55.52
1780,1569,15,0.00155,236.41,15.59,320.75,57.84
1781,1569,4,0.00118,160.72,82.28,245.84,133.06
1782,1569,4,0.00116,236.1,83.04,267.19,99.99
1783,1572,14,0.78554,205.76,144.48,222.11,169.32
1784,1572,14,0.7645,126.16,141.58,145.51,175.48
1785,1572,14,0.72429,222.63,141.14,234.42,167.21
1786,1572,14,0.69986,286.11,141.9,296.07,169.01
1787,1572,14,0.67996,262.61,141.43,272.85,164.68
1788,1572,14,0.66612,427.3,144.12,440.77,166.73
1789,1572,14,0.6348,441.04,151.58,461.24,176.7
1790,1572,14,0.4571,113.45,135.97,127.01,158.07
1791,1572,14,0.37223,399.2,140.32,416.13,173.22
1792,1572,14,0.23003,462.27,143.7,472.83,174.43
1793,1572,14,0.22861,492.25,142.84,500.0,176.8
1794,1572,14,0.17267,393.0,139.9,405.21,169.99
1795,1572,14,0.11257,449.3,143.86,464.21,178.5
1796,1572,14,0.09098,432.43,147.47,444.18,176.15
1797,1572,14,0.08013,463.13,157.0,472.75,177.75
1798,1572,14,0.05902,453.8,142.84,468.06,175.8
1799,1572,14,0.05395,227.44,122.3,240.18,139.18
1800,1572,14,0.05157,495.33,141.16,500.0,179.52
1801,1572,14,0.04653,349.4,130.49,363.73,146.34
1802,1572,14,0.04445,393.05,140.39,412.29,171.77
1803,1572,14,0.02963,320.03,139.17,331.35,167.53
1804,1572,14,0.02709,429.27,145.15,441.49,175.42
1805,1572,14,0.01861,402.59,151.57,415.27,172.88
1806,1572,14,0.01668,177.89,163.34,191.36,177.17
1807,1572,14,0.00849,452.2,140.26,465.31,158.18
1808,1572,16,0.00674,380.05,180.07,500.0,208.93
1809,1572,14,0.00499,62.09,127.8,82.07,157.88
1810,1572,14,0.00476,447.24,144.88,463.17,164.93
1811,1572,14,0.00468,349.9,121.9,365.3,146.89
1812,1572,14,0.00338,310.47,137.84,321.35,163.43
1813,1572,14,0.00312,440.48,151.8,452.14,176.9
1814,1572,14,0.00295,108.48,135.29,127.44,162.05
1815,1572,14,0.00283,321.31,150.56,330.41,167.36
1816,1572,16,0.00275,268.5,169.62,406.74,207.31
1817,1572,14,0.00238,493.21,111.8,500.0,136.79
1818,1572,14,0.00235,386.95,139.81,406.91,170.86
1819,1572,14,0.00215,114.74,133.46,131.01,153.75
1820,1572,14,0.00206,310.88,138.04,321.42,153.4
1821,1572,14,0.00205,453.68,141.25,471.87,164.89
1822,1572,14,0.00204,454.79,154.79,467.77,177.53
1823,1572,14,0.00182,491.98,119.96,500.0,163.79
1824,1572,14,0.00166,495.65,113.08,500.0,136.1
1825,1572,14,0.00151,221.48,141.68,230.77,168.31
1826,1572,16,0.00123,342.71,176.39,409.13,206.12
1827,1572,14,0.0011,348.64,118.43,367.09,140.16
1828,1572,16,0.00101,342.91,187.22,408.7,209.01
1829,1573,15,0.89113,154.4,133.09,198.1,177.71
1830,1573,7,0.88036,80.59,72.01,111.97,97.62
1831,1573,15,0.86571,206.17,52.68,238.45,79.41
1832,1573,7,0.49766,289.21,19.27,308.41,51.24
1833,1573,15,0.12364,158.78,55.82,173.68,71.1
1834,1575,15,0.91836,381.0,75.52,419.2,118.03
1835,1575,15,0.91322,256.99,72.77,307.06,129.13
1836,1589,17,0.87583,240.62,203.52,253.29,217.15
1837,1589,10,0.86861,200.6,159.98,216.75,173.61
1838,1589,17,0.86653,173.96,189.17,188.88,205.56
1839,1589,10,0.861,177.27,168.56,190.91,183.82
1840,1589,17,0.85943,262.76,193.49,275.71,206.67
1841,1589,11,0.84528,240.8,161.22,257.23,173.9
1842,1589,11,0.80094,219.67,184.08,234.21,198.89
1843,1589,17,0.61894,195.63,202.45,211.63,216.6
1844,1589,9,0.33564,195.98,202.38,211.72,216.62
1845,1598,15,0.8794,218.6,155.34,235.55,171.14
1846,1598,15,0.86832,263.92,153.73,278.47,166.7
1847,1598,15,0.00313,183.25,150.51,204.65,160.23
1848,1602,14,0.82821,220.24,115.38,239.16,134.11
1849,1602,16,0.82353,7.07,145.06,21.76,166.02
1850,1602,16,0.80948,32.86,143.68,46.67,162.9
1851,1602,16,0.80265,20.5,143.81,32.92,164.48
1852,1602,8,0.77827,257.98,133.54,275.73,154.54
1853,1602,16,0.76149,0.01,145.23,6.75,165.82
1854,1602,8,0.74987,218.01,129.88,239.37,161.69
1855,1602,16,0.72237,46.52,143.11,57.81,161.98
1856,1602,16,0.68747,57.56,142.23,68.27,161.35
1857,1602,16,0.67158,147.8,136.36,157.29,146.41
1858,1602,16,0.66855,77.36,141.89,87.83,158.56
1859,1602,16,0.6663,94.79,142.13,103.48,157.23
1860,1602,16,0.66072,68.02,141.41,77.79,159.31
1861,1602,16,0.64358,102.72,141.63,112.13,157.25
1862,1602,16,0.61712,87.22,141.68,95.42,157.56
1863,1602,16,0.60529,110.34,134.76,119.53,144.71
1864,1602,14,0.53535,258.63,123.35,275.64,138.12
1865,1602,16,0.19299,106.19,138.97,114.82,149.91
1866,1602,16,0.10849,91.42,141.37,100.17,157.27
1867,1602,16,0.08337,81.06,141.41,91.84,158.23
1868,1602,8,0.04083,288.75,135.07,300.18,151.47
1869,1602,16,0.03784,106.59,136.07,118.45,144.7
1870,1602,16,0.03524,105.5,142.0,114.66,157.22
1871,1602,16,0.01987,110.02,139.18,123.08,156.69
1872,1602,5,0.0156,250.67,128.99,260.38,140.83
1873,1602,16,0.015,98.31,141.78,106.11,158.07
1874,1602,8,0.00607,250.29,131.12,259.0,146.01
1875,1602,16,0.00517,154.57,133.65,161.87,140.69
1876,1602,5,0.00465,249.52,130.58,258.82,144.81
1877,1602,16,0.0035,110.64,143.87,120.63,156.36
1878,1602,5,0.0027,252.19,127.01,262.34,136.41
1879,1602,16,0.00246,135.85,137.13,149.02,146.53
1880,1602,16,0.00225,156.93,129.19,166.36,143.18
1881,1602,16,0.00214,116.64,135.51,125.56,144.66
1882,1602,16,0.00212,206.69,136.47,217.03,154.14
1883,1602,16,0.00205,160.07,134.87,171.12,146.46
1884,1602,17,0.00201,452.01,139.62,460.86,149.3
1885,1602,16,0.0016,110.57,143.29,120.14,151.12
1886,1602,16,0.00141,100.65,138.01,109.47,147.46
1887,1602,16,0.00136,87.18,152.12,94.49,160.69
1888,1602,8,0.00135,208.11,134.77,217.96,153.1
1889,1602,5,0.00126,475.81,49.2,488.0,91.76
1890,1602,16,0.00102,139.67,148.99,150.63,158.08
1891,1610,10,0.89436,250.15,90.46,272.52,111.37
1892,1610,9,0.87959,201.69,52.73,224.79,74.66
1893,1610,10,0.87435,253.63,133.64,273.58,157.2
1894,1610,17,0.87027,120.81,101.26,138.75,119.37
1895,1610,11,0.86327,175.22,107.46,198.19,132.17
1896,1610,11,0.85874,210.52,180.98,236.84,201.99
1897,1610,17,0.8305,157.33,58.41,180.42,78.2
1898,1610,17,0.82456,120.77,141.93,139.23,160.36
1899,1610,9,0.81103,120.6,141.84,139.24,160.6
1900,1610,9,0.03342,157.19,58.42,180.86,78.42
1901,1611,7,0.86537,46.5,98.44,72.2,118.52
1902,1611,7,0.84206,214.4,143.79,240.04,165.5
1903,1611,17,0.00394,0.0,142.57,6.86,159.64
1904,1611,7,0.00139,0.0,141.82,7.4,159.67
1905,1612,2,0.89555,265.66,124.34,299.91,166.53
1906,1612,17,0.83982,326.55,106.66,344.92,123.97
1907,1612,17,0.83341,364.63,199.26,386.23,220.03
1908,1612,2,0.00348,228.23,124.13,299.12,167.2
1909,1618,10,0.89245,257.55,11.56,273.91,25.38
1910,1618,10,0.84938,233.67,18.86,247.75,34.49
1911,1618,17,0.83786,318.17,46.99,331.81,60.71
1912,1618,11,0.82953,275.89,36.16,290.3,50.86
1913,1618,17,0.82733,295.81,55.87,309.27,69.71
1914,1618,11,0.81111,297.54,13.97,314.91,27.5
1915,1618,9,0.77467,251.15,52.87,267.53,67.11
1916,1618,9,0.75406,230.05,38.71,245.4,55.64
1917,1618,17,0.0275,230.08,38.85,245.56,55.52
1918,1622,10,0.87031,210.99,160.76,223.8,171.81
1919,1622,11,0.85664,200.52,187.3,214.57,198.49
1920,1622,10,0.85309,217.87,172.17,228.86,183.47
1921,1622,17,0.84359,144.34,173.8,154.39,183.91
1922,1622,17,0.82484,147.92,184.28,157.83,194.85
1923,1622,11,0.81307,174.2,170.96,186.68,182.41
1924,1622,17,0.71251,159.96,159.39,171.89,169.87
1925,1622,17,0.30448,181.95,154.21,194.89,165.19
1926,1622,9,0.01885,181.77,154.34,194.82,165.31
1927,1622,10,0.00642,214.36,163.96,226.02,173.47
1928,1622,17,0.00428,145.72,177.3,156.27,189.41
1929,1627,15,0.94122,351.4,36.92,424.01,105.87
1930,1627,15,0.93552,184.32,59.62,247.63,122.6
1931,1633,14,0.86137,190.15,115.13,222.6,196.17
1932,1633,5,0.70458,194.35,137.29,340.49,182.02
1933,1633,5,0.5285,1.65,147.62,169.09,190.22
1934,1633,5,0.40208,267.29,136.67,339.04,180.97
1935,1633,5,0.1201,0.39,114.82,174.44,190.94
1936,1633,5,0.01251,249.22,111.0,394.75,167.45
1937,1633,5,0.00849,496.02,135.63,500.0,168.41
1938,1633,5,0.00715,448.12,136.01,500.0,184.25
1939,1633,14,0.00529,495.21,127.55,500.0,196.09
1940,1633,5,0.00469,492.59,133.34,500.0,177.41
1941,1633,5,0.0036,481.66,135.62,500.0,189.47
1942,1633,14,0.00298,492.57,141.33,500.0,190.87
1943,1633,5,0.00221,0.01,140.72,24.52,194.71
1944,1633,14,0.00198,485.35,137.01,500.0,192.78
1945,1633,5,0.00186,45.1,149.66,205.42,188.2
1946,1633,14,0.00142,490.32,125.02,500.0,194.82
1947,1633,14,0.0013,451.72,149.6,462.84,175.09
1948,1633,5,0.0012,121.83,123.19,214.9,181.0
1949,1637,11,0.89965,348.37,170.1,367.43,188.62
1950,1637,10,0.88189,408.32,158.23,427.48,174.9
1951,1637,10,0.87368,417.13,184.43,434.05,202.6
1952,1637,9,0.85975,329.66,141.93,347.61,157.6
1953,1637,11,0.85936,385.79,214.13,408.13,232.25
1954,1637,9,0.85399,364.48,137.52,383.62,154.28
1955,1637,17,0.77522,302.38,167.45,317.57,183.19
1956,1637,17,0.63609,305.48,191.65,320.85,207.98
1957,1637,9,0.01064,302.46,167.38,317.57,183.31
1958,1637,17,0.00102,364.28,137.75,383.73,154.02
1959,1640,11,0.89726,226.21,40.21,255.33,64.6
1960,1640,9,0.88819,83.33,53.14,113.76,80.28
1961,1640,11,0.8649,66.26,137.34,106.33,170.45
1962,1640,11,0.12241,208.4,95.67,245.41,125.55
1963,1640,9,0.02593,208.61,95.63,245.36,126.09
1964,1640,16,0.01624,208.75,95.67,245.3,125.62
1965,1640,7,0.01332,474.61,105.43,503.0,161.82
1966,1640,6,0.00582,474.25,104.46,503.0,167.54
1967,1640,8,0.00195,471.99,102.34,503.0,249.0
1968,1647,7,0.92694,171.3,170.38,253.45,223.0
1969,1647,7,0.90022,361.66,155.51,455.77,207.2
1970,1650,15,0.92754,231.04,28.2,282.0,85.59
1971,1650,15,0.91669,358.02,32.65,395.5,75.84
1972,1654,8,0.63945,88.14,0.21,198.58,71.65
1973,1654,8,0.6345,0.08,0.11,51.73,56.59
1974,1654,8,0.57428,138.37,0.14,197.18,48.11
1975,1654,8,0.01243,0.0,0.0,50.86,31.38
1976,1654,8,0.00485,312.96,0.41,385.61,53.03
1977,1654,8,0.00397,159.13,0.47,195.59,22.34
1978,1654,8,0.00241,139.55,1.07,165.59,50.22
1979,1654,8,0.00234,349.19,0.38,380.55,51.96
1980,1654,8,0.00131,150.36,0.51,193.62,37.04
1981,1655,2,0.86813,213.69,175.06,234.79,203.61
1982,1655,2,0.85296,277.23,190.45,309.75,213.97
1983,1667,2,0.85398,55.5,52.56,83.75,81.73
1984,1667,2,0.74773,176.36,49.12,199.68,70.97
1985,1667,2,0.00234,226.89,7.09,241.59,25.43
1986,1667,2,0.00164,493.63,124.76,498.0,151.01
1987,1669,2,0.8655,429.51,186.63,464.5,210.53
1988,1669,2,0.84988,364.69,169.33,384.86,198.26
1989,1676,15,0.86142,196.33,141.99,213.57,157.24
1990,1676,15,0.84976,240.97,139.84,256.0,152.89
1991,1676,15,0.00196,161.4,137.09,180.93,147.78
1992,1677,10,0.8835,101.5,77.52,115.11,91.46
1993,1677,9,0.87698,152.81,104.75,169.2,118.72
1994,1677,10,0.87588,95.66,92.1,110.45,106.58
1995,1677,11,0.85664,129.99,64.62,146.21,77.34
1996,1677,11,0.83055,147.01,85.65,160.8,99.7
1997,1677,17,0.81387,185.33,77.4,197.41,89.69
1998,1677,9,0.35068,122.53,105.28,138.04,120.22
1999,1677,17,0.10746,122.55,105.32,137.82,120.43
2000,1677,17,0.05445,183.31,90.86,196.21,103.4
2001,1677,6,0.02226,468.09,75.94,507.0,175.34
2002,1683,2,0.879,62.62,111.27,96.3,154.07
2003,1683,17,0.82547,124.98,93.84,142.92,111.65
2004,1683,17,0.80268,162.66,186.22,182.71,207.36
2005,1688,7,0.9227,163.29,60.44,245.16,113.55
2006,1688,7,0.88496,355.58,43.94,449.3,96.56
2007,1688,7,0.00217,392.31,44.42,448.56,89.7
2008,1701,7,0.85293,31.73,50.41,52.33,71.47
2009,1701,7,0.79124,146.62,63.59,169.51,83.95
2010,1701,17,0.00204,241.27,13.66,256.64,31.3
2011,1709,17,0.86613,159.81,141.87,189.09,168.19
2012,1709,17,0.47122,125.85,150.8,147.6,171.39
2013,1709,17,0.00585,263.92,107.93,286.13,128.07
2014,1709,17,0.00271,119.29,150.6,140.73,175.2
2015,1709,17,0.00101,125.62,140.85,189.6,169.22
2016,1710,15,0.90606,326.64,65.48,366.03,107.27
2017,1710,15,0.89799,138.56,88.23,185.41,142.64
2018,1713,14,0.83707,271.47,114.51,286.45,144.48
2019,1713,14,0.73086,117.17,150.04,130.08,173.75
2020,1713,14,0.65684,49.88,147.74,67.27,181.55
2021,1713,14,0.63256,75.26,157.12,89.81,182.16
2022,1713,14,0.6296,90.56,153.2,103.45,178.94
2023,1713,14,0.03095,0.0,159.53,8.35,187.28
2024,1713,14,0.02896,0.01,162.86,4.91,187.27
2025,1713,14,0.00723,0.0,141.32,5.56,188.86
2026,1713,14,0.0047,0.0,160.56,7.2,208.2
2027,1713,14,0.00384,0.0,156.99,4.72,204.6
2028,1713,14,0.00164,25.37,158.43,39.56,188.17
2029,1713,14,0.00145,75.85,144.08,92.2,182.0
2030,1713,14,0.00133,113.47,143.62,131.08,173.08
2031,1715,10,0.88731,66.7,169.43,85.5,187.86
2032,1715,9,0.87646,141.42,192.54,162.75,210.56
2033,1715,11,0.87342,113.91,128.92,134.72,144.56
2034,1715,10,0.8695,76.01,146.64,93.01,164.98
2035,1715,17,0.8654,185.57,151.05,200.7,166.63
2036,1715,11,0.84312,134.88,162.29,152.39,180.28
2037,1715,9,0.83227,182.64,172.1,198.24,188.15
2038,1715,17,0.62835,101.32,191.89,121.23,211.73
2039,1715,9,0.4115,100.95,191.78,121.23,211.78
2040,1715,6,0.00504,427.36,27.61,478.83,87.99
2041,1715,6,0.00424,351.55,98.81,424.91,200.97
2042,1716,13,0.8951,282.76,111.07,320.35,149.02
2043,1716,3,0.89452,149.86,137.92,203.19,200.04
2044,1716,3,0.86112,223.6,67.65,255.99,106.26
2045,1716,1,0.84002,227.57,138.51,268.41,180.68
2046,1716,3,0.8026,161.05,99.54,234.47,127.54
2047,1721,15,0.88587,401.61,112.33,424.32,134.86
2048,1721,15,0.87953,352.9,107.99,374.1,127.0
2049,1721,15,0.00585,478.7,81.78,486.97,99.81
2050,1721,15,0.00445,318.31,0.89,354.93,9.74
2051,1721,15,0.0019,337.79,0.7,356.6,8.91
2052,1721,7,0.00129,18.86,146.01,137.89,230.37
2053,1722,14,0.71032,300.96,140.86,319.42,172.08
2054,1722,14,0.68825,144.09,141.04,168.69,171.47
2055,1722,14,0.68186,90.98,129.5,119.51,176.39
2056,1722,14,0.67079,50.75,124.08,69.93,158.03
2057,1722,14,0.48118,287.72,137.72,307.17,169.72
2058,1722,14,0.38572,0.01,121.44,7.93,152.78
2059,1722,14,0.07536,322.04,140.34,338.23,171.19
2060,1722,14,0.05074,0.01,124.4,5.35,158.15
2061,1722,5,0.0237,0.0,113.66,7.87,124.1
2062,1722,14,0.01915,0.0,118.84,5.4,190.15
2063,1722,14,0.01079,110.06,130.99,123.56,162.56
2064,1722,14,0.00824,90.95,130.18,109.7,166.1
2065,1722,14,0.00813,19.25,122.31,33.25,139.21
2066,1722,5,0.00702,0.0,114.22,8.03,132.74
2067,1722,14,0.00664,0.0,113.81,10.16,194.69
2068,1722,14,0.00618,92.78,123.52,113.5,145.67
2069,1722,5,0.00488,0.0,119.85,7.61,150.95
2070,1722,14,0.00396,91.87,130.06,106.66,155.54
2071,1722,5,0.00286,318.07,138.35,330.04,146.92
2072,1722,14,0.00241,112.56,133.01,127.84,162.83
2073,1722,8,0.00227,79.36,125.58,135.43,174.82
2074,1722,14,0.00163,19.58,119.27,30.55,134.09
2075,1722,14,0.00144,105.27,131.6,118.62,165.9
2076,1722,14,0.00113,0.07,121.5,17.44,153.2
2077,1722,14,0.00109,107.37,131.68,118.11,156.1
2078,1722,14,0.00103,347.02,142.27,365.28,163.16
2079,1723,2,0.88477,138.13,135.39,176.35,177.39
2080,1723,17,0.75819,44.39,191.56,68.53,212.38
2081,1723,17,0.51649,63.43,113.27,84.66,132.83
2082,1723,2,0.12101,63.65,113.1,84.75,132.95
2083,1723,2,0.01645,44.62,191.6,68.46,212.39
2084,1724,15,0.92386,288.74,83.15,328.4,129.66
2085,1724,15,0.91617,269.16,187.45,307.98,232.98
2086,1727,10,0.88759,251.84,200.29,278.1,229.45
2087,1727,10,0.88188,136.94,148.54,161.16,171.89
2088,1727,11,0.7866,230.66,156.38,254.55,179.93
2089,1727,11,0.11968,173.32,217.13,199.62,243.27
2090,1727,2,0.07536,90.21,139.41,113.25,160.04
2091,1727,0,0.04464,173.26,216.8,199.49,243.37
2092,1727,9,0.00289,90.61,139.48,113.56,159.91
2093,1729,5,0.7895,201.37,130.99,218.49,144.73
2094,1729,5,0.78842,223.56,169.52,304.01,210.65
2095,1729,5,0.64868,0.0,173.86,47.8,203.15
2096,1729,5,0.60784,443.67,165.01,489.0,191.5
2097,1729,5,0.30727,0.0,132.12,37.21,148.03
2098,1729,5,0.03036,199.91,131.79,258.42,163.41
2099,1729,5,0.02461,478.74,161.39,489.0,188.45
2100,1729,5,0.01175,237.13,171.02,297.64,188.14
2101,1729,5,0.00922,151.34,96.23,173.53,110.44
2102,1729,5,0.00745,460.48,160.37,489.0,181.01
2103,1729,5,0.00618,314.19,72.82,356.67,88.15
2104,1729,14,0.00508,55.57,148.62,70.93,167.63
2105,1729,5,0.005,0.0,131.53,32.27,157.22
2106,1729,5,0.00493,311.9,61.04,356.83,77.27
2107,1729,5,0.00452,40.05,117.22,79.73,139.09
2108,1729,5,0.00407,313.36,54.63,355.27,87.79
2109,1729,5,0.00403,470.52,162.11,489.0,193.57
2110,1729,5,0.00379,196.92,111.82,209.67,124.58
2111,1729,5,0.00285,305.94,63.07,340.28,78.22
2112,1729,5,0.00272,448.68,149.39,489.0,190.45
2113,1729,5,0.00242,45.4,114.87,79.3,129.77
2114,1729,5,0.00225,410.92,113.5,458.83,130.59
2115,1729,5,0.00217,87.53,125.94,109.79,142.09
2116,1729,5,0.00214,257.05,63.33,298.42,80.29
2117,1729,5,0.00211,481.34,157.91,489.0,181.95
2118,1729,5,0.0021,128.14,90.0,168.37,110.68
2119,1729,5,0.00202,93.23,122.66,110.28,134.49
2120,1729,5,0.00198,68.05,120.92,87.09,137.45
2121,1729,8,0.00189,54.18,149.19,70.72,169.2
2122,1729,5,0.00188,76.48,126.56,107.73,141.68
2123,1729,5,0.00187,478.71,155.11,489.0,175.42
2124,1729,5,0.0018,40.53,99.6,73.12,112.87
2125,1729,5,0.00176,329.2,123.67,365.49,138.56
2126,1729,5,0.00163,462.56,158.73,489.0,170.97
2127,1729,5,0.00155,274.88,63.32,308.51,77.45
2128,1729,5,0.00145,86.39,116.59,203.47,172.68
2129,1729,5,0.00144,17.56,122.95,36.5,133.02
2130,1729,5,0.00141,85.11,122.9,109.38,137.94
2131,1729,5,0.0014,312.47,32.4,355.47,87.28
2132,1729,5,0.00124,41.3,109.78,79.43,127.34
2133,1729,5,0.00113,42.02,120.63,78.18,133.26
2134,1729,5,0.00108,403.21,113.81,441.58,136.07
2135,1729,5,0.00108,248.4,32.4,308.91,82.15
2136,1729,5,0.00107,42.27,127.26,78.04,138.94
2137,1734,2,0.87091,79.67,68.14,101.13,93.07
2138,1734,2,0.85735,71.28,33.63,89.3,57.65
2139,1735,13,0.85504,257.04,82.8,301.1,126.51
2140,1735,12,0.84629,121.3,42.59,160.57,84.49
2141,1735,12,0.83172,235.46,22.36,273.37,61.72
2142,1735,15,0.01317,257.1,82.4,301.38,125.79
2143,1735,6,0.00216,489.42,61.2,498.0,117.21
2144,1735,13,0.00112,235.32,24.32,273.65,61.82
2145,1736,4,0.88408,343.73,141.13,393.01,183.19
2146,1736,13,0.81728,266.54,146.47,300.39,182.38
2147,1746,7,0.85412,36.76,175.1,56.92,195.73
2148,1746,7,0.8296,152.09,180.34,174.48,200.1
2149,1750,7,0.88644,362.37,35.86,397.48,63.28
2150,1750,7,0.86421,318.43,68.97,346.18,97.23
2151,1750,17,0.84347,306.49,27.64,325.17,45.93
2152,1750,17,0.83555,322.22,49.98,340.8,69.67
2153,1750,17,0.45747,376.23,112.45,401.41,133.9
2154,1750,2,0.01273,455.11,101.56,483.1,126.27
2155,1750,17,0.00446,436.57,16.7,456.8,42.96
2156,1750,17,0.00106,454.96,101.84,483.24,126.36
2157,1762,13,0.88954,226.26,171.13,283.7,226.22
2158,1762,1,0.70321,127.94,158.48,188.42,218.12
2159,1762,4,0.61142,132.13,31.85,226.06,101.61
2160,1762,0,0.04206,127.73,159.9,186.33,216.97
2161,1762,3,0.00432,130.32,30.36,225.56,102.0
2162,1762,1,0.00347,228.48,172.21,283.43,226.93
2163,1762,6,0.00163,417.69,84.24,451.17,132.32
2164,1767,2,0.85384,381.13,10.06,409.25,32.48
2165,1767,2,0.33029,285.77,24.79,310.11,47.33
2166,1771,14,0.32871,480.15,0.0,497.0,96.31
2167,1771,8,0.12138,138.95,28.09,206.98,215.49
2168,1771,14,0.07613,447.82,0.45,497.0,99.88
2169,1771,8,0.01269,95.39,30.83,210.82,222.78
2170,1771,8,0.00814,137.72,29.31,208.48,129.59
2171,1771,5,0.00463,40.34,41.64,90.98,65.07
2172,1771,14,0.00368,0.0,101.43,4.64,169.3
2173,1771,8,0.00317,178.27,106.42,262.86,207.3
2174,1771,8,0.00154,22.18,0.0,157.49,0.0
2175,1771,14,0.00112,0.0,75.42,4.17,139.48
2176,1771,8,0.00105,0.0,22.7,37.5,192.29
2177,1771,14,0.00105,0.0,56.3,35.52,190.25
2178,1772,2,0.90445,305.96,26.42,335.57,67.33
2179,1772,17,0.83116,328.45,94.14,347.24,112.84
2180,1772,17,0.78308,400.96,54.17,418.94,71.35
2181,1772,2,0.02365,277.07,88.43,351.22,135.16
2182,1772,2,0.00484,323.62,94.02,353.24,134.5
2183,1772,2,0.00141,277.34,81.57,349.03,118.14
2184,1773,2,0.86845,96.88,104.84,121.83,138.39
2185,1773,2,0.84203,101.2,24.01,130.46,45.95
2186,1782,7,0.91579,361.75,131.45,435.68,202.03
2187,1782,7,0.87786,202.15,149.63,259.77,213.45
2188,1782,6,0.00157,462.42,109.15,482.0,213.81
2189,1786,1,0.85565,233.69,105.36,283.23,153.92
2190,1786,4,0.79359,371.1,102.25,477.54,170.7
2191,1786,13,0.71893,236.74,155.97,289.34,206.7
2192,1786,10,0.00209,236.25,156.0,290.09,206.89
2193,1786,1,0.0014,491.49,140.72,495.0,164.98
2194,1798,2,0.87835,188.57,88.91,212.95,120.07
2195,1798,2,0.84262,265.63,38.2,287.05,66.5
2196,1798,2,0.00945,39.81,114.88,56.11,141.03
2197,1801,2,0.88908,119.16,34.16,148.23,70.39
2198,1801,2,0.63563,148.1,99.48,166.87,117.57
2199,1801,17,0.5921,66.43,80.63,84.96,98.31
2200,1801,17,0.36902,148.37,99.5,166.83,117.44
2201,1803,5,0.76153,76.63,118.91,94.03,134.77
2202,1803,5,0.38264,8.84,124.71,27.91,142.32
2203,1803,5,0.22812,0.0,123.53,27.69,140.52
2204,1803,5,0.09995,47.52,124.43,61.9,139.34
2205,1803,8,0.06759,311.37,113.22,321.95,128.57
2206,1803,5,0.04808,18.06,120.56,45.13,138.65
2207,1803,5,0.03755,60.46,121.14,74.16,137.96
2208,1803,5,0.02735,47.04,123.01,68.55,138.22
2209,1803,14,0.01601,0.0,118.5,18.48,136.37
2210,1803,5,0.01343,12.94,123.39,33.34,138.98
2211,1803,8,0.0128,324.4,113.95,336.89,129.0
2212,1803,5,0.01126,0.0,120.2,15.13,144.16
2213,1803,5,0.00771,152.12,145.04,264.68,219.25
2214,1803,14,0.00725,123.8,119.89,131.7,132.74
2215,1803,5,0.00718,0.01,119.59,20.56,139.05
2216,1803,14,0.00581,344.56,108.93,359.65,133.05
2217,1803,5,0.00555,28.82,119.01,47.94,136.17
2218,1803,14,0.00457,343.92,119.63,359.63,134.34
2219,1803,8,0.00447,37.04,125.46,47.37,142.38
2220,1803,14,0.00436,39.37,124.96,48.77,143.86
2221,1803,5,0.00416,25.25,122.94,43.69,140.07
2222,1803,5,0.0039,0.0,122.3,8.79,149.23
2223,1803,5,0.00365,21.53,120.32,47.27,132.72
2224,1803,8,0.00263,38.29,130.06,48.72,145.33
2225,1803,14,0.00251,346.18,108.74,358.75,126.22
2226,1803,5,0.00241,37.85,124.69,49.17,142.84
2227,1803,8,0.00229,124.02,128.34,138.66,145.07
2228,1803,5,0.00229,188.5,13.2,219.38,26.9
2229,1803,17,0.0022,207.13,13.86,219.28,26.39
2230,1803,5,0.00216,32.76,121.45,48.65,140.09
2231,1803,5,0.00216,35.7,121.78,62.39,136.7
2232,1803,14,0.0018,43.71,120.07,76.43,136.76
2233,1803,14,0.00163,121.54,116.53,130.81,130.92
2234,1803,5,0.00143,0.0,137.45,29.53,165.2
2235,1803,8,0.00138,0.0,117.69,17.56,143.57
2236,1803,14,0.00105,124.01,123.86,132.21,136.47
2237,1803,14,0.00101,0.0,115.73,7.57,131.51
2238,1804,8,0.46489,465.04,4.5,487.0,107.45
2239,1804,8,0.06782,99.46,14.82,183.27,159.03
2240,1804,8,0.04167,0.0,21.46,185.89,232.67
2241,1804,8,0.00892,441.02,0.09,487.0,55.08
2242,1804,6,0.00453,34.57,43.59,59.98,60.73
2243,1804,14,0.00426,0.0,42.15,193.84,248.12
2244,1804,8,0.00339,449.97,1.96,487.0,114.51
2245,1804,8,0.00336,359.3,0.0,472.88,0.0
2246,1804,8,0.00324,21.4,0.0,189.58,0.0
2247,1804,8,0.00261,468.78,10.13,487.0,57.43
2248,1804,8,0.00196,79.33,11.56,184.86,236.13
2249,1804,8,0.00188,97.85,21.8,183.68,75.82
2250,1804,8,0.00149,34.11,43.28,59.5,60.31
2251,1805,15,0.02584,157.61,71.47,201.49,104.16
2252,1805,15,0.00308,124.21,63.81,205.15,104.1
2253,1805,17,0.00158,159.51,25.25,175.14,45.29
2254,1815,15,0.90728,368.78,83.66,388.37,101.51
2255,1815,15,0.9068,274.01,74.68,293.43,91.88
2256,1821,14,0.82957,165.89,101.89,207.3,206.25
2257,1821,14,0.79183,220.91,93.1,274.22,204.54
2258,1821,5,0.55204,0.93,134.34,173.49,190.17
2259,1821,5,0.52041,274.2,139.33,349.77,181.38
2260,1821,5,0.07772,31.92,151.35,179.33,190.3
2261,1821,5,0.02472,201.41,94.37,281.59,181.04
2262,1821,5,0.02262,0.07,95.67,174.81,191.34
2263,1821,5,0.00855,272.49,140.85,456.96,178.75
2264,1821,14,0.0029,492.9,143.31,500.0,192.51
2265,1821,5,0.00273,200.76,139.74,242.38,184.64
2266,1821,5,0.00237,0.0,133.37,22.44,188.35
2267,1821,5,0.00225,0.32,125.67,20.98,155.3
2268,1824,17,0.84533,107.72,195.02,118.61,206.05
2269,1824,10,0.84078,151.49,175.49,165.1,186.58
2270,1824,11,0.83547,178.08,197.48,190.41,208.48
2271,1824,10,0.83275,171.81,183.76,184.16,195.02
2272,1824,11,0.80348,132.14,188.47,147.38,200.19
2273,1824,17,0.78932,126.44,202.76,137.73,214.23
2274,1824,9,0.30153,117.21,173.9,132.08,185.11
2275,1824,9,0.28561,103.45,181.19,115.23,192.05
2276,1824,17,0.12462,103.43,181.17,115.23,192.09
2277,1824,17,0.01121,117.3,174.03,132.04,184.97
2278,1824,11,0.00432,177.32,191.22,188.34,208.55
2279,1839,10,0.87853,186.04,116.7,208.55,139.01
2280,1839,11,0.87059,241.05,99.56,266.91,118.7
2281,1839,11,0.8657,247.09,150.76,268.19,175.55
2282,1839,10,0.86535,165.41,146.86,186.02,170.71
2283,1839,17,0.84015,316.35,146.79,335.94,166.51
2284,1839,9,0.8051,237.47,198.54,264.35,221.52
2285,1839,17,0.79454,301.51,177.12,321.22,197.85
2286,1839,17,0.73449,189.84,186.47,213.3,213.29
2287,1839,9,0.57334,189.87,186.36,213.22,213.33
2288,1839,17,0.36425,237.56,198.43,264.2,221.3
2289,1839,9,0.20958,301.34,177.08,321.36,197.78
2290,1839,9,0.00588,316.29,146.71,335.84,166.29
2291,1839,10,0.00391,189.85,186.37,213.35,213.38
2292,1839,2,0.00276,487.41,27.13,500.0,80.16
2293,1839,14,0.00137,487.24,15.29,500.0,80.27
2294,1845,10,0.76982,216.41,5.07,247.45,35.79
2295,1845,10,0.73382,315.97,14.8,356.63,53.36
2296,1846,15,0.92006,285.01,183.41,313.92,218.07
2297,1846,15,0.91682,370.51,159.87,402.84,194.56
2298,1860,2,0.88834,167.1,129.84,197.12,168.72
2299,1860,17,0.82614,187.17,196.33,206.18,214.16
2300,1860,17,0.72788,259.18,158.29,276.77,175.9
2301,1860,2,0.00148,129.95,128.06,197.04,171.86
2302,1863,12,0.92451,228.56,23.98,269.44,61.89
2303,1863,0,0.90973,210.04,87.73,255.33,135.65
2304,1863,4,0.89812,298.23,75.02,365.16,146.57
2305,1863,13,0.89702,199.96,145.99,246.95,193.83
2306,1863,3,0.85877,67.15,53.83,163.24,125.65
2307,1863,3,0.01388,0.0,125.2,27.26,190.31
2308,1863,3,0.00128,66.23,97.18,165.67,202.63
2309,1865,7,0.88592,245.29,40.62,271.73,63.46
2310,1865,7,0.85982,64.61,71.97,97.94,97.34
2311,1868,7,0.81981,324.86,116.26,342.63,134.82
2312,1868,17,0.02039,293.39,187.51,306.8,202.11
2313,1868,17,0.01066,121.88,149.94,139.5,163.99
2314,1870,7,0.85633,380.24,140.73,411.48,167.47
2315,1870,7,0.85134,417.14,41.84,441.37,61.61
2316,1870,17,0.79664,448.48,101.1,466.92,117.58
2317,1870,17,0.76632,364.18,80.56,381.26,97.68
2318,1873,10,0.85447,374.51,195.29,385.59,206.55
2319,1873,10,0.85445,368.14,183.36,381.07,194.28
2320,1873,11,0.83623,355.88,209.2,370.11,220.52
2321,1873,11,0.81959,330.41,190.65,342.69,202.36
2322,1873,2,0.81115,50.08,83.88,89.5,108.51
2323,1873,17,0.77429,300.24,191.28,310.77,201.56
2324,1873,17,0.69802,338.93,174.84,351.91,185.91
2325,1873,17,0.66945,303.38,201.88,313.78,212.86
2326,1873,9,0.44882,316.67,178.2,328.58,188.66
2327,1873,17,0.08575,301.33,194.01,313.05,212.17
2328,1873,17,0.00397,316.82,178.62,328.61,188.84
2329,1873,10,0.00266,372.83,190.74,384.27,206.07
2330,1874,2,0.86796,394.88,169.22,423.54,190.41
2331,1874,2,0.86701,414.53,119.2,438.01,147.53
2332,1874,2,0.02052,220.44,175.6,235.63,189.81
2333,1874,2,0.01385,233.33,183.4,248.36,200.51
2334,1877,11,0.89746,263.39,132.7,302.27,161.38
2335,1877,11,0.77576,160.55,109.82,186.93,137.3
2336,1877,9,0.42639,247.86,99.32,280.46,126.76
2337,1877,10,0.29311,163.2,141.52,201.13,173.61
2338,1877,9,0.19728,163.38,141.31,201.69,174.23
2339,1877,10,0.08148,247.92,99.41,280.12,126.33
2340,1877,11,0.02659,248.24,99.89,279.95,126.24
2341,1877,6,0.00417,78.98,30.27,146.36,62.88
2342,1877,7,0.00208,80.2,30.03,150.81,93.05
2343,1877,7,0.00135,78.9,30.23,147.38,63.92
2344,1886,10,0.93272,267.29,119.58,307.68,157.16
2345,1886,10,0.91847,173.14,46.31,206.33,88.05
2346,1886,11,0.79025,291.43,5.92,326.84,37.67
2347,1886,11,0.03794,248.12,207.9,296.93,246.31
2348,1886,6,0.00372,0.0,153.79,8.45,213.86
2349,1892,10,0.92292,119.06,156.57,155.55,190.45
2350,1892,10,0.91262,198.92,86.6,235.79,117.17
2351,1892,11,0.49557,38.96,134.63,73.37,172.58
2352,1892,0,0.21694,255.45,191.51,291.19,230.22
2353,1892,11,0.12871,255.52,192.0,291.14,230.12
2354,1892,9,0.06403,38.83,134.7,73.51,171.5
2355,1892,17,0.03724,295.85,75.86,305.59,86.49
2356,1892,6,0.00646,475.29,46.33,489.0,89.18
2357,1893,7,0.84754,244.88,154.9,268.67,172.9
2358,1893,7,0.84174,220.69,89.57,245.46,107.7
2359,1893,17,0.00141,228.87,222.77,247.25,241.06
2360,1899,11,0.9041,282.69,139.52,321.82,168.24
2361,1899,11,0.82391,176.69,109.95,202.87,137.87
2362,1899,10,0.46088,178.64,143.62,217.34,175.87
2363,1899,9,0.43928,266.59,104.14,299.09,131.52
2364,1899,7,0.24812,91.8,24.72,162.84,89.7
2365,1899,9,0.06321,179.01,143.36,217.23,175.94
2366,1899,11,0.04064,266.51,104.1,299.0,131.16
2367,1908,2,0.88835,29.08,30.8,66.86,58.38
2368,1908,2,0.87675,154.43,49.5,185.06,78.46
2369,1908,2,0.00153,498.87,28.53,504.0,54.81
2370,1911,15,0.9354,175.05,111.3,230.69,171.27
2371,1911,15,0.92341,28.47,90.5,101.53,158.31
2372,1911,2,0.00704,459.01,71.54,480.0,102.77
2373,1911,15,0.00139,28.64,89.1,60.04,157.3
2374,1930,16,0.91213,173.65,113.16,230.56,178.93
2375,1930,8,0.07312,0.03,1.73,10.96,55.34
2376,1930,14,0.03987,0.02,0.0,10.92,57.92
2377,1930,5,0.02385,0.0,1.09,10.55,54.35
2378,1930,16,0.01108,175.52,74.98,214.28,117.19
2379,1930,14,0.01042,0.01,1.53,6.37,55.24
2380,1930,14,0.00849,175.42,75.1,215.66,127.29
2381,1930,5,0.00786,329.55,58.21,362.02,88.94
2382,1942,10,0.88219,316.08,80.02,334.54,99.46
2383,1942,9,0.87472,231.91,71.35,249.43,94.29
2384,1942,17,0.87069,132.41,108.88,148.94,125.16
2385,1942,9,0.86388,231.11,130.16,247.89,150.84
2386,1942,10,0.86362,324.33,17.54,342.01,35.15
2387,1942,4,0.00166,325.0,163.85,351.14,191.85
2388,1950,15,0.92821,388.33,103.49,445.24,164.47
2389,1950,15,0.92396,241.77,92.56,314.13,157.02
2390,1950,15,0.00256,242.31,91.97,284.68,156.63
2391,1954,2,0.87223,70.85,38.88,88.52,60.9
2392,1954,2,0.87219,52.65,65.51,70.63,88.27
2393,1954,7,0.00169,498.75,67.73,504.0,89.4
2394,1954,6,0.00145,498.92,59.0,504.0,93.4
2395,1954,6,0.00141,497.87,67.16,504.0,88.39
2396,1954,17,0.00128,498.83,69.0,504.0,86.5
2397,1954,2,0.00109,499.58,0.0,504.0,6.68
2398,1955,2,0.86356,354.11,34.47,370.2,56.12
2399,1955,2,0.84688,403.62,49.16,420.92,71.28
2400,1959,14,0.80179,111.33,2.87,160.93,140.27
2401,1959,8,0.68394,67.77,74.42,93.66,116.03
2402,1959,14,0.09455,97.76,5.76,160.72,235.69
2403,1959,14,0.01669,98.65,56.4,204.63,237.67
2404,1959,14,0.00295,0.02,69.71,4.67,102.63
2405,1959,14,0.00129,65.17,55.0,90.79,82.5
2406,1959,14,0.00117,0.0,65.09,7.68,101.42
2407,1972,15,0.91815,438.89,185.47,485.0,245.15
2408,1980,5,0.85686,358.36,115.25,474.27,174.64
2409,1980,14,0.64743,394.04,45.54,402.04,65.78
2410,1980,8,0.62864,379.84,50.14,394.87,66.2
2411,1980,14,0.40251,486.49,49.86,494.0,93.42
2412,1980,14,0.22402,392.1,45.83,399.76,66.27
2413,1980,5,0.15389,0.09,0.1,17.68,11.65
2414,1980,14,0.1443,482.86,53.74,493.57,87.19
2415,1980,14,0.09128,389.52,45.58,395.59,61.62
2416,1980,5,0.07369,0.0,9.77,9.93,29.09
2417,1980,14,0.06409,395.86,45.39,404.25,65.57
2418,1980,14,0.05731,488.99,54.32,494.0,92.52
2419,1980,14,0.05492,381.18,49.85,395.32,66.45
2420,1980,5,0.05029,0.0,2.0,14.65,27.5
2421,1980,14,0.04181,391.93,43.49,400.7,60.75
2422,1980,14,0.03718,385.7,46.25,391.57,56.29
2423,1980,5,0.02797,185.09,0.29,245.39,35.55
2424,1980,14,0.0247,386.75,48.0,396.14,66.29
2425,1980,14,0.02372,480.79,53.11,493.14,70.75
2426,1980,14,0.0197,482.21,52.22,492.66,65.41
2427,1980,14,0.01603,381.85,46.25,388.54,59.81
2428,1980,14,0.01314,255.62,0.97,266.18,11.61
2429,1980,14,0.0129,388.86,43.33,395.18,51.0
2430,1980,14,0.01026,488.66,53.55,493.72,72.65
2431,1980,8,0.00917,466.18,55.4,488.15,71.15
2432,1980,14,0.00821,268.55,20.16,273.85,27.7
2433,1980,14,0.0077,0.0,9.82,9.11,29.68
2434,1980,5,0.0074,0.09,2.78,17.92,18.17
2435,1980,8,0.00631,477.78,53.35,492.7,70.75
2436,1980,14,0.00615,488.39,66.39,494.0,94.86
2437,1980,5,0.00484,255.66,1.01,266.21,11.58
2438,1980,14,0.00466,485.39,52.7,493.38,70.11
2439,1980,5,0.00411,152.78,32.69,165.11,43.78
2440,1980,8,0.00363,487.45,69.36,494.0,93.71
2441,1980,14,0.00349,386.39,42.82,393.0,51.66
2442,1980,14,0.00306,449.08,45.58,455.62,58.3
2443,1980,5,0.00286,337.14,40.62,349.31,51.22
2444,1980,14,0.00238,483.24,50.73,492.11,62.07
2445,1980,14,0.00225,394.07,46.1,409.52,65.69
2446,1980,5,0.00173,122.78,33.62,133.28,41.47
2447,1980,14,0.00145,479.31,51.12,494.0,92.85
2448,1980,8,0.00128,390.87,47.86,399.77,66.45
2449,1980,14,0.00104,489.95,34.97,493.98,60.74
2450,1980,14,0.00103,486.17,44.22,492.95,60.36
2451,1980,8,0.00102,48.33,0.67,58.32,8.02
2452,1981,14,0.87681,263.43,106.61,297.64,164.25
2453,1981,14,0.84717,144.21,76.33,179.0,167.13
2454,1981,14,0.83126,201.59,80.71,241.46,173.66
2455,1981,5,0.81783,411.95,131.9,481.86,173.58
2456,1981,14,0.80849,109.76,81.16,139.31,164.98
2457,1981,14,0.68982,376.0,99.6,407.58,173.9
2458,1981,14,0.36459,383.18,99.36,402.66,166.04
2459,1981,5,0.0259,17.52,102.69,134.95,156.65
2460,1981,5,0.00959,0.04,89.15,14.39,169.44
2461,1981,5,0.00863,489.13,131.72,500.0,167.17
2462,1981,5,0.00378,0.0,106.01,11.21,174.6
2463,1981,8,0.00335,300.64,256.0,484.68,256.0
2464,1981,5,0.00205,0.0,88.66,9.61,149.67
2465,1981,8,0.00129,18.54,256.0,240.91,256.0
2466,1981,8,0.00121,200.38,77.55,250.88,172.27
2467,1981,8,0.0012,123.57,78.03,194.14,165.42
2468,1981,5,0.001,177.72,75.57,210.95,94.27
2469,1984,10,0.87375,216.57,170.8,232.17,183.39
2470,1984,17,0.86707,222.65,211.32,235.95,224.4
2471,1984,10,0.86419,186.74,170.93,201.25,184.75
2472,1984,11,0.85338,248.0,181.33,262.9,194.38
2473,1984,11,0.83925,197.53,192.43,215.34,206.69
2474,1984,17,0.82775,191.82,212.29,205.36,225.8
2475,1984,9,0.73835,157.95,184.56,174.02,199.04
2476,1984,17,0.67666,160.54,199.67,174.87,213.09
2477,1990,15,0.90626,380.47,177.12,415.75,213.53
2478,1990,6,0.89354,300.24,124.28,370.37,166.45
2479,1990,2,0.82944,395.62,114.13,416.52,135.98
2480,1990,2,0.27342,265.54,94.25,285.74,115.28
2481,1990,17,0.11141,265.4,94.22,285.65,115.35
2482,1998,14,0.89288,431.24,134.94,468.29,232.88
2483,1998,14,0.8313,133.95,122.18,169.23,203.65
2484,1998,14,0.81103,265.82,116.3,304.01,224.51
2485,1998,14,0.8097,352.75,119.58,394.78,234.83
2486,1998,14,0.72745,331.42,137.13,358.12,222.22
2487,1998,14,0.38012,106.37,126.63,137.8,202.15
2488,1998,5,0.15399,18.32,138.21,142.0,192.79
2489,1998,14,0.00205,116.11,122.43,165.14,200.81
2490,1998,14,0.00144,488.8,145.06,500.0,192.89
2491,1998,5,0.00132,472.07,138.63,500.0,150.58
2492,1998,8,0.00122,265.27,109.99,313.86,223.04
2493,1998,8,0.00115,489.85,145.41,500.0,194.14
2494,2003,14,0.87379,174.72,95.52,222.02,149.65
2495,2003,8,0.66508,169.41,124.95,225.63,218.09
2496,2003,8,0.46514,243.28,101.06,294.15,159.06
2497,2003,16,0.38582,0.0,131.54,6.79,158.3
2498,2003,16,0.20868,6.13,133.75,23.15,157.86
2499,2003,16,0.14717,21.47,132.53,36.67,155.91
2500,2003,16,0.07182,35.71,132.98,51.75,154.86
2501,2003,16,0.03204,61.8,132.05,75.78,151.88
2502,2003,16,0.02979,75.22,131.25,87.63,150.42
2503,2003,16,0.02167,96.3,129.91,107.19,147.91
2504,2003,16,0.02072,105.78,130.36,116.97,147.16
2505,2003,16,0.01959,49.48,131.87,62.79,152.58
2506,2003,16,0.01795,86.15,130.78,97.5,150.16
2507,2003,16,0.00775,60.8,130.92,84.83,151.45
2508,2003,16,0.0057,84.48,129.94,102.47,148.75
2509,2003,14,0.00491,187.36,96.07,218.18,124.43
2510,2003,16,0.00435,37.7,131.54,66.74,154.21
2511,2003,16,0.00339,87.92,128.81,109.01,147.44
2512,2003,16,0.0031,102.51,128.9,120.97,147.11
2513,2003,8,0.00279,168.91,93.52,228.28,159.3
2514,2003,16,0.00229,107.78,124.53,142.23,146.76
2515,2003,16,0.00217,28.72,131.93,54.2,153.91
2516,2003,16,0.00158,120.91,130.35,140.91,146.15
2517,2003,14,0.00153,192.11,94.4,216.91,114.92
2518,2003,16,0.00142,115.26,130.25,129.15,145.78
2519,2003,14,0.00126,192.0,93.1,209.32,108.25
2520,2003,14,0.00123,184.45,95.67,211.19,119.94
2521,2003,8,0.00114,298.68,116.16,316.21,141.43
2522,2005,2,0.87988,64.41,202.79,87.45,231.57
2523,2005,2,0.87843,166.39,194.29,185.75,223.93
2524,2012,14,0.86143,189.19,110.46,227.67,203.75
2525,2012,14,0.82544,319.01,85.33,375.96,202.06
2526,2012,5,0.65537,1.26,151.23,163.28,190.85
2527,2012,5,0.51893,0.88,127.16,161.26,193.25
2528,2012,5,0.19838,207.98,143.73,337.48,185.34
2529,2012,5,0.07419,274.05,142.2,335.87,183.64
2530,2012,5,0.04737,195.31,142.81,293.6,186.78
2531,2012,5,0.00519,0.01,122.22,15.76,174.91
2532,2012,5,0.00379,0.01,131.49,18.26,189.29
2533,2012,5,0.00266,0.1,119.52,28.15,177.62
2534,2012,5,0.00199,0.0,106.12,25.01,155.82
2535,2012,14,0.0016,491.85,123.32,500.0,191.56
2536,2012,5,0.00138,129.56,124.99,212.83,184.19
2537,2012,5,0.00123,0.08,107.82,37.75,166.31
2538,2015,3,0.88226,247.32,28.49,290.65,65.75
2539,2015,3,0.87413,112.82,78.08,183.63,124.67
2540,2015,13,0.85339,254.85,76.14,293.34,116.45
2541,2015,3,0.85001,175.35,47.86,241.29,74.42
2542,2015,1,0.83271,182.45,87.41,223.35,128.9
2543,2018,14,0.83028,223.19,100.66,265.17,210.21
2544,2018,14,0.81432,167.82,103.95,210.55,216.86
2545,2018,5,0.67123,294.33,141.38,367.91,183.95
2546,2018,5,0.01481,47.0,163.05,173.3,198.72
2547,2020,2,0.85165,249.74,150.38,266.81,171.74
2548,2020,2,0.85103,233.22,176.52,249.64,198.4
2549,2027,3,0.90228,132.11,77.88,180.95,139.52
2550,2027,13,0.87049,209.88,20.96,246.53,59.23
2551,2027,3,0.86737,101.67,4.14,151.76,36.55
2552,2027,1,0.8512,194.83,58.55,234.75,99.89
2553,2027,3,0.84105,78.17,35.48,147.83,76.57
2554,2034,14,0.87753,421.29,91.02,446.68,152.79
2555,2034,14,0.82844,56.22,118.03,98.38,221.33
2556,2034,14,0.82008,92.7,127.06,120.36,194.01
2557,2034,8,0.78074,405.42,111.35,427.43,134.94
2558,2034,8,0.74324,466.54,105.01,485.78,131.32
2559,2034,8,0.67744,367.71,111.42,394.34,137.76
2560,2034,14,0.61773,370.69,104.94,386.56,131.84
2561,2034,14,0.10191,40.49,137.18,59.81,189.09
2562,2034,8,0.09278,436.93,106.93,463.18,133.99
2563,2034,14,0.08906,487.17,101.27,494.0,130.11
2564,2034,8,0.05751,486.18,99.97,494.0,129.61
2565,2034,8,0.03855,369.97,106.67,388.14,136.76
2566,2034,14,0.03387,450.37,102.38,464.37,124.78
2567,2034,8,0.00753,480.89,98.91,494.0,127.37
2568,2034,8,0.00632,478.38,102.8,492.13,130.29
2569,2034,14,0.00319,420.29,90.92,436.89,134.35
2570,2034,14,0.00278,360.53,111.02,369.98,129.49
2571,2034,8,0.0021,472.88,103.72,489.19,130.32
2572,2034,8,0.00184,437.64,114.18,459.07,134.22
2573,2034,8,0.00174,354.85,110.17,367.57,130.26
2574,2034,14,0.00171,379.46,111.8,393.8,132.24
2575,2034,8,0.00135,450.51,102.93,464.44,125.95
2576,2034,14,0.00132,489.72,99.06,494.0,152.82
2577,2034,14,0.00132,486.8,100.33,493.91,158.08
2578,2034,14,0.00129,369.49,108.39,392.77,135.25
2579,2034,14,0.00125,64.54,123.84,96.82,165.22
2580,2034,8,0.00113,406.67,94.92,475.6,150.09
2581,2034,8,0.00108,451.6,105.15,484.27,131.67
2582,2035,2,0.66776,403.98,194.58,434.4,226.09
2583,2035,2,0.20807,367.88,191.77,400.89,215.56
2584,2035,17,0.10826,489.78,123.47,495.0,148.15
2585,2035,2,0.01116,0.0,153.96,8.71,191.11
2586,2035,17,0.01073,488.81,122.11,495.0,166.93
2587,2035,2,0.00677,487.78,173.92,495.0,227.41
2588,2051,10,0.89443,188.72,110.74,205.41,127.0
2589,2051,10,0.87312,177.64,128.42,193.72,146.02
2590,2051,17,0.85218,285.62,131.46,299.83,146.2
2591,2051,11,0.85069,226.72,101.67,245.98,115.58
2592,2051,11,0.83713,237.39,133.25,252.94,149.76
2593,2051,17,0.82118,278.19,149.26,292.53,164.17
2594,2051,9,0.8147,235.59,160.87,255.25,176.85
2595,2051,17,0.8036,200.88,152.77,218.34,171.56
2596,2051,9,0.16255,200.84,152.84,218.33,171.41
2597,2053,15,0.91425,253.04,42.71,303.43,99.07
2598,2053,15,0.90697,378.26,46.31,415.97,89.13
2599,2055,9,0.87903,157.57,50.2,173.97,64.75
2600,2055,10,0.84289,162.51,8.55,179.01,22.6
2601,2055,11,0.83019,202.97,9.79,220.49,23.41
2602,2055,11,0.82936,181.64,32.47,196.31,47.59
2603,2055,10,0.82864,138.65,16.74,152.93,32.35
2604,2055,17,0.82618,224.6,42.04,238.14,55.82
2605,2055,9,0.67996,135.66,36.76,151.13,53.71
2606,2055,17,0.63258,202.4,51.94,215.84,66.02
2607,2055,17,0.01297,135.57,36.95,151.32,53.44
2608,2055,17,0.01123,157.61,50.15,173.94,64.7
2609,2055,6,0.00276,486.1,94.17,500.0,194.95
2610,2055,6,0.00172,470.64,87.16,500.0,194.33
2611,2055,9,0.00162,224.28,42.12,238.27,55.78
2612,2057,13,0.90283,237.23,114.41,275.44,152.47
2613,2057,3,0.87596,190.01,0.0,274.21,38.18
2614,2057,3,0.86555,302.2,6.24,340.95,82.82
2615,2057,1,0.85612,199.21,49.62,239.11,91.14
2616,2057,3,0.84548,331.92,79.85,407.77,124.51
2617,2060,4,0.87545,303.07,104.54,349.88,157.04
2618,2060,13,0.81098,235.78,105.96,267.51,137.53
2619,2061,8,0.78842,6.9,38.92,57.2,99.46
2620,2061,8,0.25609,116.08,45.14,153.79,110.85
2621,2061,4,0.08889,182.25,128.94,207.3,173.37
2622,2061,4,0.07094,190.1,137.56,228.49,195.67
2623,2061,4,0.02569,182.53,128.78,222.39,176.76
2624,2061,8,0.00968,0.0,39.43,44.43,124.09
2625,2061,14,0.00644,0.0,42.56,9.87,110.28
2626,2061,8,0.00534,0.0,42.24,19.61,109.46
2627,2061,8,0.0043,0.0,36.31,29.93,183.59
2628,2061,14,0.00373,0.0,41.97,22.04,111.95
2629,2067,2,0.84361,330.47,79.2,360.13,106.93
2630,2067,2,0.43943,452.0,63.63,475.53,88.62
2631,2067,2,0.00921,502.39,19.43,509.0,39.95
2632,2067,2,0.00115,505.27,74.78,509.0,108.93
2633,2083,15,0.81529,346.72,73.58,372.4,97.59
2634,2083,15,0.79232,377.13,40.68,395.76,56.6
2635,2083,7,0.7911,299.71,54.1,318.77,68.32
2636,2083,7,0.00453,427.05,22.16,438.77,42.14
2637,2084,15,0.87475,341.89,38.2,363.28,62.38
2638,2084,15,0.87443,409.49,33.67,430.78,60.19
2639,2089,2,0.90163,43.81,198.79,69.28,229.08
2640,2089,2,0.84355,52.54,113.77,82.88,139.04
2641,2099,3,0.89424,180.79,154.44,229.34,213.44
2642,2099,3,0.87815,265.43,70.54,312.9,118.53
2643,2099,3,0.85074,225.08,128.23,305.37,161.48
2644,2099,13,0.84836,146.71,85.52,184.29,124.45
2645,2099,1,0.82981,207.93,63.49,244.04,102.23
2646,2100,11,0.90174,360.09,115.34,382.26,132.78
2647,2100,10,0.89374,383.82,60.61,403.13,77.14
2648,2100,9,0.88641,305.45,43.17,324.18,59.18
2649,2100,9,0.87378,340.77,39.26,360.24,56.01
2650,2100,10,0.86817,391.81,86.58,408.6,104.29
2651,2100,17,0.86386,281.02,92.31,296.91,108.59
2652,2100,11,0.86205,324.55,71.31,343.44,90.03
2653,2100,17,0.844,278.33,68.24,293.94,84.34
2654,2100,9,0.00368,278.52,68.25,294.05,84.48
2655,2100,17,0.00108,340.78,39.29,360.32,55.83
2656,2103,10,0.85153,272.2,53.17,287.27,67.91
2657,2103,9,0.83475,284.36,94.69,302.07,109.62
2658,2103,17,0.8331,232.19,141.26,246.76,155.71
2659,2103,9,0.83171,236.93,93.52,254.69,108.38
2660,2103,10,0.81706,225.94,42.83,241.71,57.89
2661,2103,17,0.05462,284.48,94.79,301.91,109.6
2662,2103,2,0.00105,495.71,124.81,502.0,158.4
2663,2107,13,0.89054,160.0,139.46,198.73,178.24
2664,2107,3,0.88362,146.21,16.67,204.32,79.39
2665,2107,3,0.88232,212.22,36.42,281.13,86.99
2666,2107,1,0.86511,88.22,119.11,127.29,158.24
2667,2107,3,0.85897,37.84,66.43,126.84,107.67
2668,2109,11,0.89603,122.3,84.89,146.19,108.95
2669,2109,10,0.88407,196.29,62.41,219.22,82.84
2670,2109,9,0.88252,70.26,123.15,88.96,141.86
2671,2109,10,0.86866,203.48,104.76,223.24,128.16
2672,2109,9,0.8662,144.88,28.64,169.05,50.31
2673,2109,17,0.8526,67.8,82.73,85.67,100.67
2674,2109,11,0.7783,163.79,154.29,190.05,175.72
2675,2109,17,0.66721,101.41,37.32,124.63,57.34
2676,2109,9,0.64228,101.38,37.31,125.07,57.47
2677,2109,17,0.40445,70.43,123.15,88.77,141.76
2678,2117,2,0.86402,311.13,196.56,332.78,221.01
2679,2117,2,0.85609,303.5,162.51,321.34,186.18
2680,2120,2,0.86337,403.47,112.97,431.8,136.84
2681,2120,2,0.07718,308.53,126.54,333.17,147.96
2682,2120,2,0.01796,493.63,149.73,497.0,178.18
2683,2120,2,0.00389,488.89,149.37,497.0,178.98
2684,2120,2,0.00209,491.83,152.64,497.0,179.83
2685,2120,2,0.00168,492.35,112.57,497.0,137.4
2686,2126,9,0.88375,117.46,139.2,132.51,157.82
2687,2126,9,0.877,133.0,108.25,148.38,125.46
2688,2126,10,0.86952,202.52,116.18,219.68,132.03
2689,2126,10,0.84977,221.57,79.47,235.63,93.47
2690,2126,17,0.84259,41.88,119.82,56.22,133.08
2691,2126,6,0.00164,6.72,78.33,53.06,99.36
2692,2129,11,0.85294,81.23,60.81,96.01,72.47
2693,2129,10,0.83328,99.08,45.25,110.51,56.32
2694,2129,10,0.81129,91.73,33.77,104.83,44.7
2695,2129,11,0.79505,53.38,45.04,66.66,57.23
2696,2129,17,0.78605,21.69,49.28,32.46,59.53
2697,2129,17,0.72377,26.36,59.92,36.72,70.51
2698,2129,17,0.01015,61.11,27.79,74.54,38.69
2699,2129,17,0.00809,37.62,34.06,50.58,44.84
2700,2129,10,0.0053,96.46,40.93,108.36,52.87
2701,2129,9,0.00406,37.78,33.72,50.41,44.59
2702,2129,10,0.00132,98.32,35.31,107.78,51.42
2703,2133,5,0.73188,167.29,98.05,435.51,198.03
2704,2133,14,0.04351,13.87,125.65,22.41,147.46
2705,2133,8,0.01855,0.17,31.45,55.57,149.74
2706,2133,14,0.00544,0.03,128.09,4.64,161.03
2707,2133,14,0.00184,0.0,88.61,10.32,144.65
2708,2133,14,0.00152,0.07,88.34,17.96,144.55
2709,2133,14,0.00106,0.08,125.6,3.55,140.24
2710,2135,4,0.89156,193.14,157.84,264.8,214.44
2711,2135,13,0.82831,76.74,135.71,129.53,190.15
2712,2135,3,0.01831,1.28,115.75,55.25,144.46
2713,2135,3,0.00167,0.39,84.44,55.74,144.91
2714,2138,15,0.89624,110.33,75.7,133.62,98.49
2715,2138,15,0.89067,61.88,68.92,83.32,87.99
2716,2138,2,0.00156,357.07,109.4,366.1,123.17
2717,2139,17,0.86778,401.46,134.11,419.58,151.66
2718,2139,2,0.86119,322.61,107.27,360.11,136.15
2719,2139,17,0.80822,292.44,189.7,313.14,207.88
2720,2139,2,0.03594,292.93,189.73,313.11,207.92
2721,2139,14,0.00129,18.84,245.0,71.31,245.0
2722,2148,7,0.9178,203.27,48.81,261.74,82.92
2723,2148,7,0.53413,28.26,216.99,75.64,238.63
2724,2152,2,0.85781,302.86,172.24,323.61,198.3
2725,2152,2,0.81026,375.43,170.57,402.12,187.55
2726,2152,2,0.01322,0.02,2.13,3.58,23.27
2727,2152,2,0.00156,0.0,0.0,6.31,23.4
2728,2154,17,0.87557,397.74,135.44,410.84,149.06
2729,2154,10,0.86896,335.8,95.68,350.01,110.91
2730,2154,17,0.86408,331.6,115.46,346.54,131.79
2731,2154,10,0.86402,359.76,89.32,376.49,102.57
2732,2154,17,0.86372,421.19,127.31,434.66,140.53
2733,2154,11,0.85843,400.78,93.24,418.04,106.22
2734,2154,11,0.84799,377.38,114.23,392.19,129.32
2735,2154,17,0.69314,352.59,130.38,368.84,144.48
2736,2154,9,0.00602,352.43,130.28,368.76,144.43
2737,2157,7,0.85131,352.38,182.29,376.49,203.18
2738,2157,7,0.81471,302.17,89.38,326.97,108.45
2739,2157,2,0.19329,97.62,60.38,114.74,76.95
2740,2157,2,0.00101,379.34,75.0,404.3,99.42
2741,2167,5,0.63183,60.6,132.45,78.53,148.87
2742,2167,5,0.1771,10.56,135.46,45.59,153.46
2743,2167,5,0.11715,11.92,137.61,35.15,152.99
2744,2167,14,0.10664,318.95,125.75,332.53,141.7
2745,2167,14,0.09695,0.01,138.8,12.1,150.79
2746,2167,14,0.08405,0.02,139.62,11.75,157.23
2747,2167,8,0.0753,0.01,140.37,12.2,164.86
2748,2167,14,0.07026,319.09,125.58,343.54,142.01
2749,2167,14,0.06384,112.23,133.99,122.56,147.7
2750,2167,5,0.04635,22.07,134.8,49.57,153.19
2751,2167,8,0.04569,0.03,141.15,14.2,178.78
2752,2167,5,0.04344,0.0,137.89,11.2,150.23
2753,2167,5,0.02852,88.73,132.26,100.61,147.79
2754,2167,5,0.02719,0.0,139.97,11.33,158.59
2755,2167,14,0.02251,0.03,136.57,13.43,146.94
2756,2167,5,0.01686,14.56,137.9,27.84,153.76
2757,2167,8,0.01022,0.0,148.12,6.86,178.69
2758,2167,14,0.00988,99.41,129.67,112.73,145.34
2759,2167,5,0.00799,40.41,135.46,61.07,151.05
2760,2167,14,0.00724,110.48,136.98,122.27,152.44
2761,2167,14,0.00718,109.19,134.0,115.58,148.89
2762,2167,14,0.00674,105.84,131.07,112.89,146.64
2763,2167,8,0.00641,111.09,143.63,121.78,153.82
2764,2167,5,0.00613,84.95,135.59,100.51,148.91
2765,2167,5,0.00553,99.78,130.4,110.91,145.63
2766,2167,8,0.00454,112.07,136.33,124.81,152.29
2767,2167,5,0.0045,1.28,138.37,19.33,154.99
2768,2167,14,0.00421,0.02,130.32,6.61,146.11
2769,2167,14,0.00377,109.46,140.44,117.69,151.64
2770,2167,14,0.00359,0.21,132.44,13.75,145.51
2771,2167,14,0.0033,112.7,134.51,125.77,150.86
2772,2167,8,0.00305,82.67,138.8,92.25,151.6
2773,2167,5,0.00286,31.11,136.34,53.06,153.16
2774,2167,8,0.00279,109.15,146.34,121.92,159.57
2775,2167,8,0.00253,108.91,143.66,119.5,156.84
2776,2167,5,0.00203,0.0,167.59,3.48,179.2
2777,2167,5,0.00197,0.21,136.25,28.25,147.35
2778,2167,14,0.00194,0.12,125.23,11.27,147.85
2779,2167,14,0.00184,62.17,132.0,78.66,147.25
2780,2167,5,0.00177,8.36,138.6,26.8,150.32
2781,2167,14,0.00162,0.04,122.51,3.92,144.22
2782,2167,14,0.00157,0.13,142.73,13.44,165.61
2783,2167,5,0.00131,135.5,158.98,240.42,232.89
2784,2167,8,0.00107,109.37,141.36,124.82,159.56
2785,2170,15,0.93656,430.48,26.44,469.0,88.86
2786,2170,15,0.91153,281.68,26.21,353.97,90.45
2787,2170,15,0.00234,281.95,28.17,313.14,90.93
2788,2179,7,0.85641,271.41,220.32,297.4,242.03
2789,2179,7,0.84964,106.19,173.37,131.27,193.27
2790,2212,2,0.89001,331.83,163.14,363.64,202.18
2791,2212,17,0.77558,320.54,133.05,336.44,147.97
2792,2212,17,0.05143,395.19,145.6,413.15,162.78
2793,2212,2,0.0029,393.67,145.88,417.55,183.31
2794,2212,14,0.00135,394.5,146.12,414.29,174.22
2795,2212,2,0.0012,393.69,145.64,414.07,168.07
2796,2225,10,0.86842,84.62,140.45,99.8,154.23
2797,2225,10,0.86691,114.99,142.43,131.28,155.1
2798,2225,17,0.86201,118.26,183.6,132.12,196.66
2799,2225,11,0.85753,146.03,155.41,160.7,168.42
2800,2225,11,0.84976,94.69,163.24,112.36,177.15
2801,2225,17,0.84183,87.04,182.73,100.7,195.76
2802,2225,9,0.68473,54.34,152.46,70.76,166.02
2803,2225,17,0.02562,55.65,167.31,70.57,180.6
2804,2225,9,0.00891,55.12,154.68,70.78,180.67
2805,2226,2,0.8672,227.12,35.06,244.68,59.05
2806,2226,2,0.86361,234.85,69.29,255.24,93.73
2807,2233,5,0.84887,406.97,167.15,500.0,226.04
2808,2233,5,0.71524,248.37,175.28,351.29,227.57
2809,2233,14,0.70843,331.69,136.04,377.68,239.69
2810,2233,8,0.00117,321.07,131.22,396.04,241.65
2811,2233,14,0.00103,327.01,133.26,410.44,240.3
2812,2238,13,0.88229,329.32,161.81,373.34,205.99
2813,2238,1,0.82938,251.31,71.35,290.98,113.04
2814,2238,6,0.07988,232.97,122.83,255.7,147.22
2815,2238,4,0.0186,68.08,140.99,162.65,188.83
2816,2238,15,0.00689,329.28,162.11,373.05,203.91
2817,2238,2,0.00681,434.97,43.21,479.42,90.88
2818,2238,6,0.00134,435.74,43.84,478.73,90.84
2819,2238,2,0.00112,490.16,14.45,503.0,69.77
2820,2239,8,0.89457,102.64,2.34,159.27,99.4
2821,2239,14,0.87004,324.77,0.12,350.6,47.43
2822,2239,14,0.78578,76.98,0.23,95.12,34.76
2823,2239,14,0.33935,95.91,0.0,110.65,33.75
2824,2239,8,0.00877,0.0,1.65,8.28,56.21
2825,2239,8,0.00726,96.62,0.0,111.99,32.21
2826,2239,14,0.00245,268.09,1.37,277.91,27.48
2827,2239,8,0.00238,0.01,26.1,8.16,54.2
2828,2239,14,0.00226,0.01,1.68,4.25,32.73
2829,2246,13,0.90337,287.54,153.77,341.37,206.0
2830,2246,1,0.88081,406.62,70.53,453.18,118.14
2831,2246,4,0.52064,215.69,0.46,299.05,41.7
2832,2246,2,0.00414,479.82,0.0,493.0,81.11
2833,2246,6,0.00181,345.03,85.32,370.97,106.19
2834,2246,6,0.00138,44.33,140.39,145.32,194.17
2835,2246,15,0.00102,287.14,154.39,342.06,206.12
2836,2250,2,0.86543,146.07,46.12,167.56,75.61
2837,2250,2,0.84859,210.34,59.53,243.13,84.31
2838,2250,2,0.10446,478.08,72.56,487.0,104.27
2839,2250,2,0.00594,20.74,0.0,118.54,0.0
2840,2250,2,0.00107,472.82,71.57,487.0,105.34
2841,2252,3,0.87774,107.68,146.48,152.33,217.9
2842,2252,3,0.87443,188.81,17.53,246.58,95.27
2843,2252,3,0.85212,149.3,119.09,223.47,155.22
2844,2252,1,0.84217,142.93,23.02,178.38,59.62
2845,2252,13,0.83479,83.97,56.29,118.97,92.05
2846,2260,15,0.89808,452.63,191.19,485.0,253.07
2847,2260,6,0.00176,440.99,97.97,485.0,144.48
2848,2262,1,0.84926,225.19,121.93,274.64,170.68
2849,2262,4,0.8249,363.16,117.19,467.33,185.28
2850,2262,13,0.6492,228.15,173.61,281.19,224.81
2851,2262,1,0.00683,228.08,172.03,282.23,224.77
2852,2262,10,0.00278,227.77,173.0,282.14,223.85
2853,2262,3,0.00132,227.93,87.47,279.29,110.97
2854,2264,2,0.85355,74.21,191.54,99.61,219.34
2855,2264,2,0.84312,190.02,188.79,220.21,213.58
2856,2266,1,0.85342,231.95,79.21,281.28,130.59
2857,2266,13,0.84426,281.72,127.63,332.97,179.48
2858,2266,4,0.72887,328.69,40.93,431.47,88.28
2859,2266,2,0.00756,108.68,29.25,128.76,51.32
2860,2296,2,0.89608,231.83,30.4,260.51,66.68
2861,2296,17,0.60425,180.58,74.8,198.85,91.82
2862,2296,17,0.56357,259.94,95.84,278.32,113.41
2863,2296,2,0.51118,180.5,74.59,198.76,91.89
2864,2296,2,0.41517,259.7,95.95,278.55,113.44
2865,2297,3,0.90047,372.54,27.1,412.94,88.42
2866,2297,3,0.88831,362.33,147.65,422.72,220.99
2867,2297,13,0.87484,262.97,78.13,304.54,121.58
2868,2297,3,0.85372,381.3,101.34,461.41,144.81
2869,2297,1,0.85112,304.58,35.52,344.68,79.78
2870,2298,2,0.92235,78.29,25.93,109.62,67.52
2871,2298,17,0.81638,173.65,45.08,192.47,62.44
2872,2298,17,0.78766,105.11,92.82,124.07,111.21
2873,2302,15,0.91937,287.52,98.15,315.1,131.19
2874,2302,15,0.91157,372.15,72.05,404.41,106.56
2875,2308,5,0.85324,92.54,88.08,113.87,107.06
2876,2308,5,0.77803,164.61,95.82,187.04,115.18
2877,2308,8,0.74187,226.15,127.68,243.82,145.2
2878,2308,14,0.73254,228.11,118.19,241.98,133.71
2879,2308,5,0.71127,0.0,57.69,28.56,75.52
2880,2308,5,0.62022,150.12,67.01,165.58,80.96
2881,2308,14,0.06228,115.88,148.84,138.14,183.09
2882,2308,5,0.00745,147.91,67.37,209.01,98.87
2883,2308,5,0.0033,41.93,67.88,65.96,79.43
2884,2308,8,0.00232,226.28,122.44,243.73,140.43
2885,2308,5,0.00169,0.0,58.0,15.81,71.75
2886,2308,14,0.00132,419.37,123.77,426.65,135.93
2887,2311,8,0.63502,190.85,0.0,502.0,241.76
2888,2311,8,0.43946,44.2,0.0,324.16,248.0
2889,2311,8,0.02915,312.49,6.11,502.0,240.25
2890,2311,2,0.0041,497.23,31.41,502.0,66.65
2891,2311,2,0.00176,495.0,17.06,502.0,67.49
2892,2311,14,0.0015,0.0,76.42,33.18,242.41
2893,2311,14,0.00138,494.44,68.98,502.0,142.47
2894,2311,8,0.0013,1.53,0.0,212.88,244.39
2895,2311,2,0.00113,493.09,0.48,502.0,68.12
2896,2312,7,0.84627,172.3,32.36,196.7,51.45
2897,2312,7,0.84015,224.73,124.68,249.06,144.78
2898,2324,1,0.87701,238.96,17.8,283.35,63.24
2899,2324,13,0.87116,405.08,18.65,450.77,64.12
2900,2324,4,0.47126,276.59,142.92,326.6,236.76
2901,2324,4,0.00183,276.12,142.16,362.85,232.27
2902,2324,8,0.00158,404.4,18.79,449.96,62.38
2903,2324,2,0.00109,341.04,18.26,354.93,42.87
2904,2326,10,0.87169,234.6,63.25,245.47,74.58
2905,2326,10,0.87111,228.07,51.68,241.0,62.59
2906,2326,11,0.85554,216.26,77.63,230.72,89.04
2907,2326,11,0.82952,190.91,60.39,203.51,71.92
2908,2326,17,0.77608,160.56,61.89,171.23,72.3
2909,2326,17,0.72706,163.97,72.29,174.37,83.54
2910,2326,17,0.25419,199.31,43.99,212.31,55.1
2911,2326,17,0.21985,176.75,48.07,189.15,58.88
2912,2326,9,0.00137,198.89,44.07,212.11,55.09
2913,2330,14,0.8703,118.98,11.95,166.09,127.21
2914,2330,8,0.64392,470.94,50.71,489.0,121.03
2915,2330,5,0.59676,86.95,46.09,109.82,65.41
2916,2330,8,0.00475,119.52,46.55,171.42,89.83
2917,2330,5,0.00416,479.88,52.89,489.0,78.46
2918,2330,14,0.00382,477.63,47.03,489.0,127.71
2919,2330,14,0.0033,120.71,29.31,132.19,53.24
2920,2330,8,0.00176,477.61,50.68,489.0,114.08
2921,2330,14,0.00165,117.4,46.89,133.61,86.3
2922,2330,5,0.00153,482.42,49.14,489.0,72.05
2923,2330,5,0.00131,478.11,53.11,488.97,102.46
2924,2330,14,0.00112,482.71,48.01,489.0,68.72
2925,2335,2,0.84965,356.96,179.64,372.36,200.99
2926,2335,2,0.84029,406.77,195.98,423.51,217.79
2927,2340,12,0.90657,315.04,120.43,340.32,146.73
2928,2340,0,0.87811,336.21,139.49,365.91,168.14
2929,2340,3,0.8738,354.95,110.02,393.26,143.14
2930,2340,4,0.86041,260.85,143.0,310.02,167.84
2931,2340,1,0.85698,292.13,102.24,317.88,128.14
2932,2340,3,0.00316,466.08,102.21,485.0,158.55
2933,2342,15,0.92381,285.8,136.25,322.29,177.78
2934,2342,15,0.90108,135.75,176.85,177.28,223.68
2935,2344,10,0.87688,363.41,132.2,379.47,145.76
2936,2344,17,0.8528,401.24,178.66,414.45,192.5
2937,2344,11,0.84584,403.79,136.28,420.83,149.3
2938,2344,10,0.84483,339.2,139.14,352.97,154.13
2939,2344,17,0.8423,424.95,170.59,437.92,184.01
2940,2344,11,0.81972,380.7,157.34,395.92,172.33
2941,2344,17,0.81037,335.05,158.76,349.77,175.1
2942,2344,17,0.71385,355.92,173.73,372.18,187.87
2943,2344,9,0.00472,355.98,173.63,372.28,187.81
2944,2351,9,0.93495,211.57,33.73,231.02,50.57
2945,2351,11,0.91347,234.09,106.46,255.48,124.0
2946,2351,10,0.88125,254.34,52.29,273.62,68.65
2947,2351,10,0.86885,263.51,76.99,279.74,94.65
2948,2351,9,0.8579,177.08,39.08,195.44,55.48
2949,2351,11,0.8531,196.69,65.97,215.35,84.17
2950,2351,17,0.84797,155.09,88.88,170.75,105.04
2951,2351,17,0.80366,151.25,65.41,167.02,81.55
2952,2351,9,0.65981,151.1,65.39,167.01,81.64
2953,2351,9,0.00233,154.66,88.91,170.55,105.14
2954,2359,14,0.87145,283.82,132.86,310.76,222.36
2955,2359,14,0.84303,361.38,132.2,400.1,231.42
2956,2359,14,0.8308,148.21,131.06,177.26,212.85
2957,2359,14,0.78723,79.58,127.59,120.0,207.84
2958,2359,14,0.75199,27.3,119.15,76.97,211.98
2959,2359,5,0.37693,378.25,178.64,440.11,222.18
2960,2359,14,0.04483,39.79,120.22,67.22,151.44
2961,2359,8,0.01185,161.58,172.67,185.94,208.14
2962,2359,5,0.00672,0.05,129.58,32.39,204.23
2963,2359,8,0.00636,71.01,125.91,123.82,208.13
2964,2359,14,0.00567,0.0,110.12,9.07,183.06
2965,2359,5,0.00547,103.31,160.88,174.78,204.29
2966,2359,14,0.00396,87.39,128.62,108.16,145.85
2967,2359,5,0.0012,116.57,132.71,153.18,144.56
2968,2359,5,0.00111,180.66,160.66,215.67,188.2
2969,2362,10,0.8877,308.27,70.93,324.09,85.82
2970,2362,10,0.87495,355.11,80.56,370.36,95.18
2971,2362,9,0.84105,320.45,121.66,338.36,136.8
2972,2362,9,0.7925,368.13,122.55,386.35,137.0
2973,2362,17,0.78075,316.11,169.94,331.36,184.31
2974,2364,3,0.88717,242.98,163.25,306.16,205.19
2975,2364,3,0.87904,313.32,156.55,383.1,196.82
2976,2364,13,0.87279,295.75,101.73,327.69,134.09
2977,2364,3,0.85672,384.2,122.42,457.51,158.14
2978,2364,1,0.85024,359.43,98.55,392.57,132.7
2979,2369,10,0.86291,232.61,136.19,247.85,151.17
2980,2369,10,0.85105,187.93,121.44,203.58,135.87
2981,2369,9,0.83876,193.24,173.25,210.79,188.35
2982,2369,9,0.82796,240.07,179.68,257.73,194.68
2983,2369,17,0.7131,182.1,221.51,197.24,237.67
2984,2370,10,0.92688,156.63,201.45,197.01,234.96
2985,2370,10,0.91708,252.94,45.85,285.9,74.47
2986,2370,10,0.91318,246.64,136.6,281.91,169.38
2987,2370,9,0.17182,329.31,158.73,364.54,195.24
2988,2370,10,0.11179,329.59,158.58,364.55,194.81
2989,2370,9,0.08633,121.22,107.04,154.21,137.14
2990,2370,11,0.04755,329.64,158.64,364.41,194.67
2991,2370,9,0.04659,246.66,136.74,282.32,169.47
2992,2370,10,0.00793,121.68,106.89,154.04,136.88
2993,2370,0,0.0066,121.69,106.96,153.89,137.0
2994,2370,3,0.00483,121.67,106.95,154.03,136.82
2995,2370,11,0.00477,121.63,106.86,154.09,136.84
2996,2370,6,0.00162,480.22,65.4,494.0,130.74
2997,2375,5,0.55189,220.05,59.92,260.13,82.29
2998,2375,5,0.21929,259.26,54.45,331.86,75.39
2999,2375,7,0.05337,0.0,83.34,23.5,122.12
3000,2375,5,0.03445,312.33,58.49,332.81,72.37
3001,2375,14,0.03023,53.03,28.17,268.22,248.59
3002,2375,5,0.01721,216.4,53.44,331.68,79.76
3003,2375,8,0.01615,49.06,17.35,272.57,249.44
3004,2375,5,0.01444,219.5,60.18,293.28,86.0
3005,2375,5,0.00627,254.61,57.95,282.74,71.17
3006,2375,16,0.00409,69.6,141.51,180.12,251.44
3007,2375,5,0.00356,216.93,61.08,270.73,94.96
3008,2375,5,0.00354,171.21,62.59,193.18,74.31
3009,2375,8,0.0029,0.0,29.41,29.59,171.97
3010,2375,8,0.00265,60.44,57.43,222.15,249.12
3011,2375,5,0.00265,0.0,24.2,212.42,243.38
3012,2375,5,0.00169,248.76,56.38,330.95,83.18
3013,2375,5,0.0016,0.0,25.21,180.55,151.0
3014,2375,14,0.00159,481.38,0.0,493.0,35.82
3015,2375,5,0.00116,483.64,102.6,492.99,116.2
3016,2378,14,0.81845,287.8,166.96,309.24,223.18
3017,2378,8,0.7568,244.56,184.0,270.36,215.9
3018,2378,16,0.74859,0.0,207.48,24.24,224.89
3019,2378,16,0.67319,24.93,205.13,51.16,221.22
3020,2378,14,0.56147,246.64,167.45,267.9,189.74
3021,2378,16,0.36327,92.39,199.85,127.75,210.72
3022,2378,16,0.34727,50.38,203.1,87.42,216.83
3023,2378,16,0.27843,54.65,201.51,97.06,215.5
3024,2378,14,0.12712,197.12,170.99,223.9,220.61
3025,2378,16,0.09486,68.28,200.18,109.03,213.02
3026,2378,16,0.07899,2.53,206.16,46.03,223.69
3027,2378,16,0.0722,28.72,204.09,65.45,219.91
3028,2378,16,0.05793,43.89,203.58,75.8,218.49
3029,2378,16,0.02338,65.2,199.96,128.07,211.67
3030,2378,8,0.02043,204.96,180.45,228.61,219.68
3031,2378,8,0.0079,197.38,171.2,227.82,219.94
3032,2378,14,0.00381,203.48,169.1,228.33,212.42
3033,2378,16,0.00352,11.83,206.08,40.22,221.3
3034,2378,16,0.00256,107.33,199.77,128.08,210.23
3035,2378,16,0.00219,0.01,206.46,13.96,227.31
3036,2378,14,0.00199,193.78,155.02,212.81,187.92
3037,2378,14,0.00161,23.31,124.19,45.4,200.17
3038,2378,16,0.00139,29.9,202.35,84.34,217.87
3039,2382,8,0.85201,0.44,65.53,144.81,147.06
3040,2382,14,0.85073,242.49,6.79,275.93,70.46
3041,2382,14,0.82178,191.52,12.91,218.86,51.85
3042,2382,8,0.03224,0.01,94.61,24.09,150.02
3043,2382,8,0.01488,155.78,0.18,185.15,15.18
3044,2382,8,0.01273,0.68,81.53,69.47,147.49
3045,2382,8,0.0061,0.01,97.49,6.56,154.59
3046,2382,8,0.00522,167.2,0.09,184.58,14.48
3047,2382,8,0.00348,144.26,0.3,157.41,13.93
3048,2382,8,0.00278,169.95,5.13,232.3,60.51
3049,2382,8,0.00247,138.28,0.36,185.6,15.85
3050,2382,8,0.00187,0.0,91.53,16.56,163.9
3051,2382,5,0.00185,166.54,0.25,221.03,15.9
3052,2382,8,0.00165,0.18,85.12,38.88,149.27
3053,2382,8,0.00149,182.4,19.3,221.56,59.98
3054,2382,8,0.00148,182.41,4.57,278.91,63.49
3055,2386,7,0.86736,221.71,166.29,251.7,194.3
3056,2386,7,0.86024,259.52,69.77,283.08,89.37
3057,2386,17,0.75827,207.16,107.91,224.01,125.03
3058,2386,17,0.74946,288.84,127.53,305.98,144.13
3059,2387,2,0.85819,423.86,115.53,452.34,146.18
3060,2387,2,0.00601,389.47,110.89,420.19,134.72
3061,2390,15,0.89826,87.08,160.15,105.88,176.59
3062,2390,15,0.88892,115.0,157.97,130.96,171.59
3063,2390,15,0.07608,0.03,68.35,4.73,82.07
3064,2390,14,0.05868,139.83,123.49,157.97,148.18
3065,2390,14,0.01406,123.49,123.85,140.47,142.73
3066,2390,14,0.00795,145.75,123.89,158.09,145.48
3067,2390,14,0.00235,151.97,116.36,167.85,147.06
3068,2396,7,0.85784,129.61,187.96,154.36,208.42
3069,2396,7,0.80813,73.51,98.94,98.45,116.73
3070,2404,14,0.869,264.25,67.99,315.85,112.38
3071,2404,5,0.84588,327.82,92.65,374.28,133.48
3072,2404,8,0.83892,258.23,94.89,329.81,203.74
3073,2404,16,0.79524,31.49,111.2,52.99,140.12
3074,2404,16,0.78688,9.36,111.27,31.6,140.02
3075,2404,16,0.72935,51.81,110.78,72.46,137.45
3076,2404,16,0.69083,0.01,108.91,9.2,138.75
3077,2404,16,0.6097,72.05,110.38,90.6,135.62
3078,2404,16,0.2562,90.21,110.78,105.65,135.07
3079,2404,16,0.09874,104.8,110.12,118.75,133.67
3080,2404,16,0.09663,142.85,110.47,156.99,130.41
3081,2404,16,0.07459,118.24,110.16,134.54,132.37
3082,2404,5,0.03564,481.37,97.52,488.0,136.73
3083,2404,16,0.03415,155.64,110.36,167.99,129.3
3084,2404,8,0.01949,260.66,100.03,319.89,149.14
3085,2404,16,0.01695,166.55,110.15,177.61,129.18
3086,2404,16,0.0165,130.81,109.64,143.45,129.43
3087,2404,5,0.0165,476.93,98.89,487.98,136.49
3088,2404,16,0.0162,0.0,113.54,6.35,139.67
3089,2404,16,0.00869,104.76,109.98,132.5,132.9
3090,2404,16,0.00806,152.59,109.51,172.3,128.8
3091,2404,14,0.00801,427.6,100.18,442.21,132.42
3092,2404,16,0.00768,176.25,109.58,187.54,126.7
3093,2404,16,0.00722,142.86,109.81,168.17,129.65
3094,2404,16,0.00703,127.76,110.12,156.01,130.51
3095,2404,8,0.006,477.7,96.29,488.0,138.99
3096,2404,16,0.00549,185.02,109.74,196.15,126.58
3097,2404,16,0.00513,160.04,108.64,179.08,127.1
3098,2404,16,0.00466,210.32,110.55,219.18,125.7
3099,2404,16,0.00386,315.03,110.16,323.75,116.81
3100,2404,8,0.00287,275.63,126.98,297.11,202.28
3101,2404,16,0.00265,168.6,110.07,187.88,127.79
3102,2404,14,0.00159,0.0,73.24,4.34,116.02
3103,2404,16,0.00152,172.04,106.52,199.28,126.44
3104,2404,16,0.0014,316.92,110.99,326.39,120.52
3105,2404,16,0.00126,202.14,109.86,213.11,125.9
3106,2404,16,0.00124,313.89,110.81,324.34,120.86
3107,2404,16,0.00121,117.77,109.24,143.94,129.93
3108,2404,16,0.00106,180.23,110.27,197.56,127.98
3109,2404,8,0.00105,267.29,116.82,304.43,194.17
3110,2404,8,0.00104,294.22,126.4,317.86,204.27
3111,2404,16,0.00102,327.24,104.23,336.75,128.28
3112,2406,10,0.88059,338.38,28.71,351.68,40.1
3113,2406,11,0.8618,326.71,54.72,341.05,66.27
3114,2406,10,0.84491,344.84,40.64,356.16,52.0
3115,2406,11,0.83972,301.04,37.53,313.5,49.28
3116,2406,17,0.6673,270.66,38.83,281.71,49.31
3117,2406,17,0.46908,274.17,49.24,285.11,60.15
3118,2406,9,0.17725,286.68,25.18,299.56,36.16
3119,2406,9,0.1014,308.71,21.29,322.58,32.81
3120,2406,17,0.02463,286.69,25.37,299.52,36.34
3121,2406,17,0.01455,272.17,42.09,284.54,59.15
3122,2406,17,0.00196,308.81,21.33,322.46,33.15
3123,2409,2,0.88769,58.32,66.25,97.42,111.12
3124,2409,17,0.80739,195.87,87.13,215.49,106.52
3125,2409,2,0.04347,85.6,19.07,105.73,38.59
3126,2409,17,0.03049,85.5,19.17,105.93,38.52
3127,2424,2,0.8741,405.58,63.46,437.87,86.36
3128,2424,2,0.84952,246.17,30.43,267.85,57.17
3129,2425,3,0.89107,258.03,158.14,304.37,220.37
3130,2425,3,0.87754,336.0,66.76,382.33,117.81
3131,2425,13,0.86144,215.3,88.41,252.56,127.66
3132,2425,3,0.85541,297.62,129.2,380.81,164.91
3133,2425,1,0.82971,274.74,62.49,312.14,102.4
3134,2428,2,0.90333,280.31,32.48,322.4,68.58
3135,2428,17,0.82491,311.34,103.08,334.04,125.6
3136,2428,17,0.73411,163.67,78.32,184.87,100.12
3137,2428,2,0.01615,163.99,78.16,184.78,100.24
3138,2430,2,0.8689,89.48,160.8,106.9,182.4
3139,2430,2,0.86473,71.67,187.43,89.19,210.21
3140,2431,8,0.00444,252.86,95.4,264.77,111.59
3141,2431,2,0.00161,185.24,93.51,218.48,108.86
3142,2431,14,0.0011,252.75,95.33,264.69,111.24
3143,2434,7,0.84301,396.24,192.88,418.15,211.68
3144,2434,7,0.83691,284.1,173.23,303.3,192.7
3145,2434,2,0.00499,173.78,118.34,195.46,145.3
3146,2434,2,0.001,450.05,199.31,465.1,218.1
3147,2438,15,0.87893,423.38,28.84,446.61,58.37
3148,2438,15,0.87395,336.24,40.7,357.86,67.54
3149,2440,2,0.8855,247.91,106.5,285.76,148.04
3150,2440,17,0.8492,157.24,161.71,180.22,181.9
3151,2440,2,0.78574,173.91,84.81,195.11,103.05
3152,2440,2,0.03791,157.31,161.86,180.21,181.79
3153,2440,17,0.01069,174.14,84.63,194.83,103.29
3154,2449,14,0.67768,41.28,116.47,52.01,147.23
3155,2449,14,0.59619,212.32,134.53,223.81,159.79
3156,2449,14,0.37055,262.16,126.55,272.33,145.43
3157,2449,14,0.09894,253.58,118.39,265.99,143.42
3158,2449,14,0.01448,260.18,120.76,271.22,145.01
3159,2449,14,0.0052,267.64,123.14,285.53,142.1
3160,2449,7,0.00278,229.84,0.17,252.59,20.88
3161,2449,14,0.00238,0.01,121.97,4.21,154.15
3162,2449,14,0.00109,283.6,113.25,301.84,135.56
3163,2450,10,0.89208,208.64,24.88,224.75,38.75
3164,2450,10,0.8632,185.14,33.46,199.29,49.11
3165,2450,17,0.84435,249.1,67.8,262.24,81.76
3166,2450,17,0.83463,270.72,57.38,284.28,71.1
3167,2450,11,0.82,228.23,48.74,242.64,63.71
3168,2450,11,0.81836,248.59,25.49,265.69,39.09
3169,2450,9,0.80105,204.41,66.86,220.79,81.37
3170,2450,9,0.65525,182.52,53.78,197.77,70.35
3171,2450,17,0.00325,204.51,67.0,220.87,81.44
3172,2452,16,0.83272,7.75,125.41,30.79,156.27
3173,2452,16,0.81981,54.57,123.04,76.18,151.71
3174,2452,16,0.81328,31.79,125.7,54.48,154.3
3175,2452,16,0.79345,75.72,121.1,95.57,146.93
3176,2452,14,0.78379,317.93,72.65,335.78,119.05
3177,2452,16,0.75632,95.76,118.84,115.56,143.75
3178,2452,16,0.63374,0.0,129.99,6.2,159.63
3179,2452,16,0.5441,113.91,117.22,130.02,140.98
3180,2452,5,0.52465,380.21,81.14,406.54,102.04
3181,2452,16,0.48367,129.03,116.16,143.87,139.18
3182,2452,16,0.35374,142.96,114.88,157.96,136.42
3183,2452,16,0.26207,168.57,112.42,182.6,131.91
3184,2452,16,0.14531,156.72,113.76,169.23,133.39
3185,2452,16,0.12551,181.54,110.56,193.8,130.26
3186,2452,16,0.08131,237.55,105.61,247.27,120.88
3187,2452,16,0.0785,0.0,128.6,4.97,152.36
3188,2452,16,0.07766,192.48,109.51,204.55,129.29
3189,2452,16,0.0771,0.0,140.95,5.53,161.77
3190,2452,16,0.06263,229.67,106.26,239.3,121.83
3191,2452,16,0.06004,211.65,107.56,223.55,125.13
3192,2452,16,0.05326,242.62,97.17,254.29,108.72
3193,2452,16,0.04171,202.55,107.75,213.13,126.16
3194,2452,16,0.04018,280.8,97.82,290.25,107.52
3195,2452,16,0.03885,221.75,106.68,230.9,122.34
3196,2452,16,0.02705,191.61,108.18,209.91,127.98
3197,2452,16,0.02494,0.0,132.96,4.54,176.64
3198,2452,14,0.0139,281.79,75.08,294.29,101.7
3199,2452,14,0.00909,314.39,74.36,329.6,115.08
3200,2452,16,0.00734,6.98,143.19,15.87,156.25
3201,2452,16,0.00706,0.0,124.57,6.1,178.8
3202,2452,16,0.00633,233.5,106.65,244.96,122.67
3203,2452,16,0.00516,6.66,126.03,18.2,145.68
3204,2452,16,0.00406,4.96,144.89,14.27,157.41
3205,2452,16,0.00251,3.12,127.11,16.15,155.29
3206,2452,8,0.0024,483.68,79.2,488.0,107.79
3207,2452,8,0.00234,308.07,70.72,363.78,117.11
3208,2452,16,0.00156,239.53,104.07,253.2,119.37
3209,2452,14,0.00146,280.58,84.51,292.04,107.27
3210,2452,16,0.00124,281.28,94.19,291.11,106.03
3211,2452,16,0.00117,0.07,137.91,7.69,195.1
3212,2452,14,0.00106,324.22,80.25,336.45,118.28
3213,2452,8,0.00105,478.5,75.66,488.0,108.58
3214,2452,16,0.00103,237.14,106.85,254.46,122.56
3215,2466,10,0.03567,141.34,106.77,173.01,132.83
3216,2466,11,0.03092,141.81,106.69,173.0,132.85
3217,2466,10,0.01279,73.49,39.64,101.49,65.42
3218,2466,11,0.00588,73.64,39.36,101.22,65.07
3219,2466,17,0.00319,37.66,113.86,65.98,146.94
3220,2466,10,0.0024,37.47,114.26,66.11,146.59
3221,2466,2,0.00204,460.64,54.84,467.0,103.13
3222,2473,9,0.90879,197.38,102.15,216.69,123.46
3223,2473,10,0.89407,288.08,107.27,309.42,128.18
3224,2473,10,0.88098,308.51,56.42,326.37,73.91
3225,2473,17,0.87783,179.14,146.55,198.45,169.88
3226,2473,17,0.86177,81.46,125.71,99.31,142.19
3227,2473,4,0.00657,282.67,181.13,316.77,215.22
3228,2474,15,0.89033,261.65,128.35,285.25,149.46
3229,2474,15,0.87797,343.26,103.83,358.79,120.48
3230,2475,13,0.8757,130.54,64.44,163.37,96.76
3231,2475,12,0.84616,198.48,129.31,235.51,165.57
3232,2475,12,0.80781,236.5,3.68,269.77,35.04
3233,2475,13,0.17543,236.47,3.85,269.51,35.02
3234,2475,13,0.07977,198.35,129.04,236.26,167.15
3235,2485,15,0.90536,55.24,157.43,73.08,174.08
3236,2485,15,0.88307,102.17,157.68,117.0,170.57
3237,2489,5,0.8746,93.8,86.12,115.02,104.9
3238,2489,5,0.8058,0.0,56.71,31.4,73.46
3239,2489,5,0.67031,169.03,79.19,186.73,95.26
3240,2489,14,0.60128,179.26,132.91,199.21,165.93
3241,2489,5,0.56075,145.26,59.15,158.96,70.84
3242,2489,14,0.52142,259.99,103.7,270.93,115.89
3243,2489,8,0.46556,259.17,107.66,271.43,123.75
3244,2489,14,0.25414,181.79,132.81,198.92,154.25
3245,2489,14,0.10218,259.58,104.72,271.27,122.0
3246,2489,5,0.00865,0.0,57.42,12.56,71.68
3247,2489,5,0.00435,0.0,54.81,4.88,67.33
3248,2489,14,0.00261,260.26,106.82,275.73,122.69
3249,2489,5,0.00205,489.42,106.46,493.0,127.68
3250,2489,14,0.00165,253.79,103.81,270.8,117.98
3251,2489,5,0.00121,72.6,51.4,168.46,93.99
3252,2489,14,0.00101,254.48,107.65,271.29,122.38
3253,2494,9,0.89524,310.31,160.49,325.31,177.08
3254,2494,10,0.88307,379.78,176.1,398.45,191.23
3255,2494,10,0.87413,441.13,157.62,457.75,173.0
3256,2494,17,0.78249,303.09,129.03,315.2,140.67
3257,2494,9,0.73751,357.89,150.04,374.95,164.18
3258,2494,17,0.00224,489.71,49.79,499.0,83.56
3259,2497,5,0.64096,108.55,115.87,389.7,226.74
3260,2497,5,0.08431,0.0,86.96,102.28,241.42
3261,2500,7,0.05166,234.5,107.29,253.7,122.84
3262,2500,7,0.00888,285.91,26.56,302.12,38.6
3263,2501,17,0.86949,346.23,175.93,356.85,186.41
3264,2501,10,0.8497,409.11,162.36,421.6,173.29
3265,2501,10,0.84942,387.77,154.99,401.5,166.1
3266,2501,11,0.83302,416.41,175.54,429.46,186.55
3267,2501,11,0.82366,369.48,168.29,384.57,179.75
3268,2501,17,0.82142,365.06,182.79,376.4,194.01
3269,2501,9,0.80039,353.8,154.47,368.55,165.13
3270,2501,9,0.68756,340.72,162.19,352.49,172.79
3271,2501,17,0.00966,340.8,162.2,352.26,172.4
3272,2503,2,0.85095,393.99,103.15,411.5,124.66
3273,2503,2,0.83646,375.82,128.51,393.52,151.18
3274,2503,2,0.00181,366.3,146.77,385.94,164.59
3275,2529,7,0.83145,288.13,191.22,310.04,210.49
3276,2529,7,0.82376,177.15,176.11,196.68,195.92
3277,2535,7,0.86093,222.59,105.05,251.57,133.09
3278,2535,7,0.86088,322.71,35.6,346.12,57.62
3279,2545,2,0.86367,213.32,49.84,229.01,70.72
3280,2545,2,0.85806,261.81,65.51,277.63,86.63
3281,2565,15,0.92326,443.74,184.09,485.0,244.18
3282,2565,6,0.0017,433.09,88.92,485.0,137.59
3283,2569,10,0.85998,99.45,125.43,112.54,136.45
3284,2569,10,0.84356,106.57,136.97,117.74,148.13
3285,2569,11,0.83874,88.92,152.66,103.21,164.08
3286,2569,11,0.79952,61.28,136.97,74.08,148.71
3287,2569,17,0.79138,29.99,140.93,40.32,151.36
3288,2569,17,0.76317,34.34,151.58,44.69,162.41
3289,2569,17,0.1356,69.18,119.87,82.66,130.77
3290,2569,17,0.08993,46.03,125.67,58.72,136.4
3291,2569,10,0.00461,101.56,127.31,114.66,138.22
3292,2569,17,0.00326,30.77,142.01,42.35,153.48
3293,2582,2,0.87615,227.5,203.82,253.3,224.5
3294,2582,2,0.84914,190.87,161.3,210.33,186.88
3295,2589,5,0.89831,231.44,113.77,368.64,185.64
3296,2589,8,0.72089,1.66,138.92,80.93,213.81
3297,2589,14,0.0774,167.95,145.59,186.78,183.5
3298,2589,5,0.02549,96.53,133.3,153.26,172.76
3299,2589,14,0.01706,20.66,126.39,75.62,185.7
3300,2589,5,0.00977,138.45,122.51,230.18,178.19
3301,2589,14,0.00534,438.59,87.11,444.0,161.82
3302,2589,14,0.00503,433.91,89.25,444.0,153.43
3303,2589,5,0.00441,92.94,132.76,195.55,172.5
3304,2589,14,0.00393,167.79,0.61,197.95,22.5
3305,2589,8,0.00274,0.0,156.37,4.77,208.57
3306,2589,14,0.00228,209.85,0.9,233.32,38.1
3307,2589,14,0.002,23.16,139.32,69.3,211.16
3308,2589,14,0.00165,428.3,95.23,444.0,154.17
3309,2589,8,0.00165,64.92,26.22,313.59,179.64
3310,2589,8,0.00137,0.0,141.35,8.37,220.48
3311,2589,14,0.00133,0.0,140.68,6.08,209.82
3312,2589,8,0.00106,0.0,137.33,21.2,214.64
3313,2592,15,0.89801,46.17,4.16,67.84,23.21
3314,2592,15,0.88254,95.98,10.76,117.86,33.51
3315,2598,2,0.8827,287.13,122.01,316.1,159.19
3316,2598,17,0.79638,307.41,188.3,326.63,206.16
3317,2598,17,0.64094,380.34,151.05,399.02,168.69
3318,2598,5,0.00261,94.67,195.42,194.12,239.23
3319,2598,17,0.00249,306.31,188.05,328.63,234.11
3320,2598,17,0.0018,379.5,150.37,402.52,180.66
3321,2598,2,0.00116,470.07,150.15,485.0,222.62
3322,2600,15,0.90085,278.86,135.07,299.77,155.33
3323,2600,15,0.88263,160.66,139.1,180.65,161.81
3324,2600,5,0.06046,395.73,176.98,460.0,230.97
3325,2600,5,0.02647,432.07,159.85,460.0,188.13
3326,2600,5,0.00736,427.91,165.96,459.96,180.24
3327,2600,5,0.00574,402.57,171.05,460.0,214.52
3328,2600,5,0.00545,427.42,163.24,460.0,212.49
3329,2600,5,0.00248,419.89,169.5,459.91,180.96
3330,2605,8,0.79279,290.6,0.0,421.82,56.47
3331,2605,8,0.79121,228.01,0.19,329.51,50.98
3332,2605,8,0.00826,381.38,0.11,421.84,40.39
3333,2605,8,0.00592,195.84,0.52,238.88,25.38
3334,2605,8,0.00383,292.72,0.0,339.39,24.56
3335,2605,8,0.00375,293.91,0.0,354.81,32.56
3336,2605,8,0.00205,348.18,1.32,489.25,63.32
3337,2605,8,0.00136,291.43,0.12,344.25,53.03
3338,2605,8,0.00126,0.0,42.38,64.01,197.64
3339,2605,8,0.00122,0.0,0.0,18.88,30.85
3340,2605,8,0.00117,291.38,0.0,330.65,18.27
3341,2605,8,0.00116,320.14,0.0,399.68,31.16
3342,2605,8,0.00114,322.11,1.08,443.57,66.32
3343,2607,10,0.85067,113.13,179.13,125.52,190.35
3344,2607,17,0.85016,44.11,194.53,54.4,204.97
3345,2607,10,0.83894,120.52,190.79,131.09,202.02
3346,2607,11,0.81354,102.43,206.32,116.5,217.85
3347,2607,11,0.77882,75.27,190.77,87.67,202.74
3348,2607,17,0.77869,47.85,205.15,58.35,216.27
3349,2607,17,0.6964,60.35,179.16,72.66,189.94
3350,2607,17,0.63829,83.26,173.45,96.24,184.72
3351,2607,17,0.02823,46.44,202.55,56.83,213.15
3352,2607,10,0.00491,116.63,183.58,128.04,194.01
3353,2612,13,0.87873,185.7,79.03,227.78,120.37
3354,2612,4,0.86262,239.81,183.16,344.78,240.78
3355,2617,13,0.88559,272.42,109.11,323.11,159.23
3356,2617,1,0.83924,217.48,165.76,276.24,223.6
3357,2617,4,0.77652,56.27,79.03,119.67,163.24
3358,2617,3,0.45794,56.6,79.1,119.49,164.09
3359,2617,6,0.0011,192.8,81.79,218.68,101.9
3360,2617,14,0.00101,125.13,4.82,218.93,165.12
3361,2633,7,0.82024,407.43,140.19,429.85,159.13
3362,2633,7,0.80062,296.36,118.96,314.82,136.97
3363,2649,2,0.86713,47.31,152.21,67.35,177.79
3364,2649,2,0.85225,115.86,182.42,135.34,208.91
3365,2650,3,0.91426,159.14,124.23,204.24,175.12
3366,2650,4,0.9112,277.23,121.09,316.57,161.6
3367,2650,0,0.89581,225.01,94.48,254.66,123.98
3368,2650,12,0.89221,220.1,127.46,250.51,154.23
3369,2650,1,0.88546,217.4,155.52,250.22,188.32
3370,2650,3,0.00176,476.48,14.52,493.0,92.65
3371,2661,2,0.87311,209.49,47.0,231.24,75.51
3372,2661,2,0.87281,309.74,35.32,329.91,64.89
3373,2665,2,0.90093,381.99,176.76,404.85,205.45
3374,2665,2,0.86733,286.43,176.96,305.39,205.45
3375,2667,2,0.88661,267.63,26.35,305.18,56.85
3376,2667,17,0.83938,344.76,54.62,362.71,72.19
3377,2667,17,0.81779,235.86,107.8,256.13,125.46
3378,2667,2,0.03794,235.88,107.67,256.3,125.56
3379,2676,15,0.8971,185.73,7.59,204.74,24.32
3380,2676,15,0.89685,231.14,2.11,251.25,20.16
3381,2680,10,0.85739,313.22,135.45,337.68,157.33
3382,2680,10,0.80983,249.72,119.94,274.81,141.25
3383,2680,10,0.63763,344.2,95.12,366.75,116.09
3384,2680,10,0.63325,285.41,44.36,303.16,63.28
3385,2680,6,0.16833,282.81,183.0,374.48,234.82
3386,2680,10,0.11782,256.55,91.21,279.21,112.59
3387,2680,6,0.03746,181.3,104.44,203.37,117.61
3388,2680,6,0.01337,412.32,135.85,433.83,157.72
3389,2680,6,0.0081,441.3,133.43,468.05,163.01
3390,2680,2,0.00384,256.61,91.11,279.26,112.45
3391,2680,14,0.00365,322.79,0.52,357.04,14.35
3392,2680,17,0.00111,285.54,44.23,303.41,63.06
3393,2695,14,0.12406,446.31,38.06,464.23,83.43
3394,2708,15,0.91736,311.91,71.15,352.18,118.65
3395,2708,15,0.91717,294.96,178.99,335.0,225.38
3396,2710,3,0.79966,336.77,209.61,398.13,234.0
3397,2710,12,0.79408,431.47,205.43,473.0,234.0
3398,2715,15,0.91458,161.47,4.27,195.82,36.87
3399,2715,15,0.90835,244.71,16.42,280.8,55.82
3400,2717,2,0.84747,285.88,62.09,316.43,90.21
3401,2717,2,0.73576,407.36,49.44,429.73,71.5
3402,2717,2,0.02018,496.61,45.35,505.0,69.51
3403,2717,2,0.00221,497.17,29.27,505.0,68.78
3404,2721,14,0.88611,307.55,80.61,338.95,180.32
3405,2721,14,0.8642,372.19,80.35,404.98,186.9
3406,2721,5,0.83601,413.26,133.86,495.88,175.24
3407,2721,14,0.81855,194.65,92.47,223.51,170.83
3408,2721,14,0.72604,100.31,78.42,151.27,165.33
3409,2721,14,0.69551,62.93,40.58,105.33,170.0
3410,2721,5,0.08729,137.96,122.13,213.92,163.69
3411,2721,5,0.06629,489.95,133.11,499.95,158.53
3412,2721,8,0.0145,0.04,77.59,10.44,182.05
3413,2721,5,0.01289,176.06,80.77,210.59,99.51
3414,2721,5,0.0074,146.41,111.34,246.09,166.35
3415,2721,8,0.00555,138.2,123.64,198.63,162.04
3416,2721,5,0.00513,489.29,140.82,499.97,169.79
3417,2721,14,0.00448,0.0,92.09,7.4,153.95
3418,2721,8,0.0034,138.34,122.95,162.47,161.08
3419,2721,8,0.00337,301.49,256.0,484.62,256.0
3420,2721,5,0.00332,486.46,129.7,500.0,150.23
3421,2721,5,0.00273,0.0,119.57,87.69,160.36
3422,2721,5,0.00264,487.74,131.53,500.0,174.51
3423,2721,8,0.0024,18.39,256.0,237.32,256.0
3424,2721,8,0.00235,103.78,132.62,133.11,159.83
3425,2721,5,0.00216,483.18,142.03,499.92,172.77
3426,2721,8,0.00212,95.75,115.21,149.52,173.37
3427,2721,8,0.00196,60.81,42.64,137.25,166.68
3428,2721,5,0.00163,469.18,133.52,500.0,173.75
3429,2721,14,0.0016,139.01,123.0,161.59,161.58
3430,2721,8,0.00157,153.6,107.75,250.83,168.28
3431,2721,8,0.00132,41.36,41.65,111.0,164.69
3432,2721,5,0.0012,0.0,101.22,7.44,151.17
3433,2728,10,0.88149,411.05,89.09,425.06,100.14
3434,2728,11,0.86532,440.55,109.12,453.13,120.48
3435,2728,10,0.86164,432.53,95.94,445.54,106.86
3436,2728,17,0.83286,388.36,117.31,400.27,128.74
3437,2728,11,0.83251,392.51,102.95,408.57,114.61
3438,2728,17,0.83176,369.35,110.91,380.74,121.8
3439,2728,9,0.78769,376.74,89.37,391.8,100.6
3440,2728,9,0.59669,363.62,97.54,375.73,108.4
3441,2728,17,0.0144,364.51,97.92,376.16,109.55
3442,2732,14,0.02269,147.9,128.62,164.68,165.55
3443,2732,14,0.00318,270.41,149.64,284.68,166.62
3444,2732,14,0.00238,139.96,71.58,177.21,169.22
3445,2732,17,0.00154,150.08,0.0,159.6,3.89
3446,2737,16,0.92309,185.11,70.53,249.8,147.0
3447,2737,16,0.89964,48.19,46.61,101.9,103.88
3448,2737,16,0.11875,353.44,120.25,438.84,222.23
3449,2737,14,0.0039,354.18,80.41,453.6,223.0
3450,2739,9,0.88248,278.57,78.89,298.41,95.24
3451,2739,10,0.8611,229.32,31.21,245.55,48.06
3452,2739,10,0.85208,218.84,50.04,235.29,67.34
3453,2739,11,0.84863,266.88,19.81,286.75,34.6
3454,2739,17,0.84667,327.33,47.07,342.73,62.33
3455,2739,11,0.82085,278.98,51.42,295.31,68.19
3456,2739,17,0.77055,320.92,65.62,336.05,80.69
3457,2739,17,0.52671,242.84,72.82,260.85,91.89
3458,2739,9,0.51801,243.08,72.65,261.04,91.85
3459,2739,9,0.38599,320.87,65.63,336.08,80.64
3460,2739,2,0.08156,491.32,158.56,502.99,177.12
3461,2739,2,0.00861,491.4,166.02,502.89,176.82
3462,2739,2,0.00272,494.99,125.0,503.0,180.69
3463,2739,2,0.00106,490.62,142.52,503.0,197.85
3464,2740,7,0.86629,83.12,47.8,108.48,68.27
3465,2740,7,0.84751,250.24,98.09,276.55,120.35
3466,2740,17,0.00303,9.63,40.08,24.33,56.49
3467,2741,17,0.76696,371.51,153.31,393.9,179.57
3468,2741,17,0.54655,375.46,14.3,395.55,36.16
3469,2742,15,0.87301,376.87,178.42,405.91,209.66
3470,2742,6,0.86531,305.68,125.87,334.44,167.6
3471,2742,2,0.81174,403.38,117.17,421.75,136.95
3472,2765,9,0.8934,346.36,61.8,361.73,79.49
3473,2765,10,0.86601,417.9,73.45,435.76,89.53
3474,2765,10,0.85525,439.5,35.42,454.39,50.02
3475,2765,17,0.8048,255.38,69.85,269.3,82.8
3476,2765,17,0.76141,329.56,92.63,344.88,111.6
3477,2765,9,0.38038,329.58,92.76,344.98,111.79
3478,2765,2,0.00171,230.94,232.02,258.82,254.58
3479,2765,14,0.00161,81.1,112.02,91.96,139.4
3480,2766,9,0.88664,243.71,184.0,258.67,200.47
3481,2766,10,0.87611,311.32,202.38,329.96,217.51
3482,2766,10,0.86892,372.29,186.52,388.81,201.99
3483,2766,9,0.71347,238.41,151.94,250.45,163.34
3484,2766,9,0.68952,291.44,175.45,308.1,190.14
3485,2766,17,0.03523,238.4,151.82,250.29,163.26
3486,2766,17,0.00103,243.84,183.92,258.48,200.59
3487,2768,7,0.8742,185.23,182.12,253.33,239.91
3488,2768,7,0.57749,82.73,180.74,153.4,240.83
3489,2768,7,0.02815,66.19,69.06,189.45,147.56
3490,2768,7,0.02355,96.87,170.01,198.03,238.05
3491,2768,7,0.00663,163.58,149.45,228.55,197.03
3492,2768,7,0.00198,51.18,176.53,99.21,236.46
3493,2768,7,0.00113,36.86,170.54,120.74,233.31
3494,2769,2,0.87128,75.61,45.16,98.92,74.33
3495,2769,2,0.86697,178.77,36.96,198.22,66.56
3496,2770,9,0.88749,303.12,178.09,319.05,191.99
3497,2770,10,0.88318,361.39,167.43,377.94,180.12
3498,2770,17,0.87255,366.74,208.83,380.76,222.46
3499,2770,10,0.85928,331.84,166.07,346.69,179.55
3500,2770,11,0.8486,342.17,188.44,359.96,202.55
3501,2770,17,0.84569,335.65,208.02,349.57,221.45
3502,2770,11,0.83775,393.67,179.99,408.75,193.05
3503,2770,17,0.6452,305.48,193.48,319.22,206.35
3504,2770,9,0.02876,305.48,193.48,319.37,206.23
3505,2773,5,0.89057,158.54,61.36,215.34,100.97
3506,2773,14,0.76768,472.13,58.57,485.92,92.44
3507,2773,8,0.71605,378.59,49.24,394.61,67.91
3508,2773,14,0.68713,461.82,58.88,472.48,87.47
3509,2773,14,0.47995,393.37,46.77,401.25,67.21
3510,2773,14,0.17406,390.05,47.01,398.84,67.3
3511,2773,8,0.11388,489.61,56.58,494.0,74.99
3512,2773,14,0.07087,487.42,56.99,494.0,74.54
3513,2773,14,0.06343,388.95,47.05,396.19,59.79
3514,2773,8,0.06236,0.0,14.04,6.13,33.05
3515,2773,5,0.05907,24.37,0.21,50.83,8.18
3516,2773,14,0.05881,487.09,34.46,494.0,66.87
3517,2773,14,0.04472,460.28,48.04,475.58,61.94
3518,2773,5,0.04469,156.46,0.0,239.55,37.85
3519,2773,14,0.03901,386.48,48.5,395.23,67.9
3520,2773,14,0.03433,383.78,48.72,393.66,66.72
3521,2773,14,0.03227,464.08,52.99,475.37,62.79
3522,2773,14,0.02987,385.79,47.02,392.05,55.55
3523,2773,14,0.02337,462.38,50.68,473.66,62.12
3524,2773,14,0.02335,487.69,56.02,494.0,86.08
3525,2773,5,0.01695,489.75,56.4,493.99,74.02
3526,2773,14,0.01666,463.33,57.45,479.5,89.63
3527,2773,5,0.01396,0.2,0.3,14.19,13.59
3528,2773,14,0.01254,379.88,49.3,390.85,65.62
3529,2773,8,0.01198,487.2,55.9,493.95,74.5
3530,2773,14,0.00947,395.62,48.35,402.19,67.24
3531,2773,14,0.00844,485.54,56.16,494.0,94.61
3532,2773,8,0.00837,20.46,0.4,32.21,7.69
3533,2773,14,0.00676,0.0,0.23,15.39,13.45
3534,2773,8,0.00571,0.0,12.94,5.47,42.14
3535,2773,14,0.00479,0.0,1.47,7.45,20.61
3536,2773,14,0.00479,381.68,47.13,388.67,56.19
3537,2773,14,0.00461,46.5,0.4,54.93,9.14
3538,2773,5,0.00383,254.2,2.84,264.83,12.61
3539,2773,14,0.003,385.36,41.75,391.57,51.48
3540,2773,14,0.00289,0.0,10.84,5.17,31.46
3541,2773,14,0.00281,486.24,51.18,493.96,72.36
3542,2773,14,0.00269,388.49,42.4,396.58,51.13
3543,2773,14,0.00255,0.0,16.83,4.3,34.8
3544,2773,14,0.00232,337.17,42.37,347.54,53.82
3545,2773,14,0.00218,396.45,47.45,404.82,66.91
3546,2773,14,0.00218,489.13,61.5,494.0,91.29
3547,2773,8,0.00216,53.6,0.1,64.02,7.78
3548,2773,8,0.00193,481.54,53.07,490.96,63.34
3549,2773,5,0.00187,20.57,0.34,32.13,7.51
3550,2773,14,0.00159,482.29,48.99,491.1,60.63
3551,2773,14,0.00154,464.28,54.33,489.89,87.96
3552,2773,8,0.00137,483.76,49.49,493.53,68.56
3553,2773,14,0.00137,76.08,1.84,85.19,11.96
3554,2773,8,0.0012,392.7,52.72,399.71,68.35
3555,2773,8,0.0012,20.14,0.72,33.53,11.08
3556,2773,5,0.00118,21.88,0.38,40.53,7.95
3557,2773,14,0.00111,464.3,53.75,486.67,68.63
3558,2773,5,0.00108,459.56,46.12,475.06,60.45
3559,2773,8,0.00104,478.25,54.85,492.54,70.02
3560,2774,7,0.91681,132.62,149.79,198.87,202.59
3561,2774,7,0.90837,193.0,94.87,260.41,142.81
3562,2775,2,0.84263,89.4,151.78,113.71,179.35
3563,2775,2,0.82101,70.52,201.1,99.78,222.86
3564,2776,3,0.87208,189.8,114.0,237.48,162.64
3565,2776,3,0.85634,260.9,145.56,340.83,196.37
3566,2776,13,0.84443,282.11,74.37,318.5,112.1
3567,2776,3,0.83745,157.26,90.55,222.61,118.46
3568,2776,1,0.82869,304.85,108.31,344.18,149.67
3569,2777,2,0.84679,83.19,30.11,113.21,61.36
3570,2777,2,0.07138,56.64,22.91,81.33,46.2
3571,2777,2,0.0135,0.02,48.99,5.93,86.15
3572,2777,2,0.00363,0.0,59.1,5.72,107.88
3573,2777,2,0.00192,503.9,126.77,508.0,163.12
3574,2777,2,0.0011,502.93,136.95,508.0,164.25
3575,2782,14,0.73053,286.51,126.59,301.55,140.37
3576,2782,14,0.70904,272.16,137.62,285.27,166.91
3577,2782,14,0.70771,209.63,156.96,225.39,180.39
3578,2782,14,0.69496,311.51,135.24,323.27,157.4
3579,2782,14,0.48947,296.1,137.38,307.35,150.38
3580,2782,14,0.30979,259.61,141.87,272.48,168.52
3581,2782,14,0.27406,299.59,138.73,309.72,160.57
3582,2782,14,0.22287,297.57,136.81,309.13,153.77
3583,2782,14,0.14187,289.59,129.36,302.97,141.18
3584,2782,14,0.122,301.35,148.06,310.35,160.77
3585,2782,14,0.01213,486.8,93.95,500.32,115.37
3586,2782,14,0.00757,293.71,134.21,303.96,143.2
3587,2782,14,0.00638,499.93,99.4,505.0,119.66
3588,2782,14,0.00555,308.07,129.88,321.34,141.54
3589,2782,14,0.00528,232.47,137.5,246.69,175.08
3590,2782,14,0.00386,270.48,126.05,281.97,138.72
3591,2782,14,0.00275,304.9,130.88,318.98,143.36
3592,2782,14,0.00266,293.76,143.42,306.62,159.2
3593,2782,14,0.00255,264.13,125.53,281.56,137.75
3594,2782,14,0.00255,363.01,105.82,385.4,135.86
3595,2782,14,0.00189,366.0,106.04,384.88,127.35
3596,2782,14,0.00169,302.33,135.2,313.61,149.62
3597,2782,14,0.00161,283.12,132.08,299.76,147.14
3598,2782,14,0.00134,290.97,136.69,303.84,149.7
3599,2782,14,0.00133,496.48,98.47,504.97,121.61
3600,2782,14,0.00127,288.3,138.92,306.61,161.59
3601,2782,14,0.00125,273.66,130.91,282.48,142.46
3602,2782,14,0.00121,303.47,137.52,312.33,152.46
3603,2782,14,0.00109,361.16,110.06,375.17,139.84
3604,2782,14,0.00108,501.45,89.19,505.0,116.82
3605,2785,17,0.83244,363.65,129.12,397.34,157.75
3606,2785,2,0.63165,363.79,129.58,397.65,157.29
3607,2785,17,0.42569,359.16,72.69,386.6,98.8
3608,2785,2,0.4059,359.06,72.94,385.96,98.59
3609,2792,10,0.88172,356.49,47.17,373.44,60.29
3610,2792,10,0.86897,326.63,45.97,342.13,59.66
3611,2792,17,0.86166,330.31,87.4,345.03,101.04
3612,2792,17,0.85558,361.25,87.67,376.13,101.58
3613,2792,9,0.85093,297.63,58.17,314.46,73.01
3614,2792,11,0.84603,388.51,59.29,404.18,72.77
3615,2792,11,0.83082,337.29,68.13,355.85,82.72
3616,2792,17,0.73294,299.99,73.34,314.89,86.75
3617,2792,9,0.0581,299.81,73.22,315.05,86.97
3618,2792,6,0.04139,404.84,98.64,504.01,198.57
3619,2792,9,0.00183,300.1,51.87,313.35,70.1
3620,2795,5,0.82871,396.66,169.94,465.48,194.23
3621,2795,5,0.81477,228.45,174.86,296.98,200.44
3622,2795,5,0.76752,0.84,176.96,85.72,213.16
3623,2795,5,0.21302,0.0,164.64,11.48,197.54
3624,2795,5,0.08099,478.52,171.92,489.0,200.3
3625,2795,5,0.05142,0.0,132.47,34.69,148.6
3626,2795,5,0.03202,174.93,122.65,255.65,160.74
3627,2795,5,0.02723,310.4,59.71,342.51,76.51
3628,2795,5,0.01364,97.37,120.25,112.4,130.43
3629,2795,5,0.01099,468.29,152.77,489.0,173.57
3630,2795,5,0.01059,0.0,151.16,13.7,196.9
3631,2795,5,0.00988,0.0,172.41,5.17,205.11
3632,2795,5,0.00982,0.01,169.31,11.24,213.25
3633,2795,5,0.00946,150.07,93.72,172.47,106.72
3634,2795,5,0.00795,0.24,136.29,33.66,154.07
3635,2795,5,0.00712,0.05,148.5,21.5,165.83
3636,2795,5,0.00539,306.83,59.99,347.53,85.39
3637,2795,5,0.00444,0.09,162.8,21.96,201.69
3638,2795,5,0.0043,38.26,120.5,74.05,137.12
3639,2795,5,0.00426,477.08,156.95,489.0,199.63
3640,2795,5,0.004,479.78,152.26,489.0,172.62
3641,2795,5,0.00348,307.14,36.06,350.9,84.55
3642,2795,5,0.00344,311.46,68.46,349.33,85.23
3643,2795,5,0.00327,186.01,66.81,242.59,88.26
3644,2795,5,0.00325,271.85,161.36,288.25,169.62
3645,2795,5,0.00296,59.34,44.51,84.28,59.35
3646,2795,5,0.00238,465.49,56.86,488.95,79.98
3647,2795,5,0.00213,317.78,57.9,351.43,73.03
3648,2795,5,0.00203,91.95,119.12,111.74,129.51
3649,2795,5,0.00192,403.55,110.42,448.27,127.92
3650,2795,14,0.00183,0.04,142.42,20.35,165.32
3651,2795,5,0.0017,175.26,72.14,227.23,90.42
3652,2795,5,0.00164,198.94,63.91,247.27,91.52
3653,2795,5,0.00164,372.71,117.95,410.57,134.51
3654,2795,5,0.00148,415.41,54.58,466.76,71.06
3655,2795,5,0.00121,0.01,188.23,4.3,214.18
3656,2795,5,0.00121,122.15,86.79,169.85,108.68
3657,2795,5,0.00118,0.01,163.22,6.35,187.19
3658,2795,5,0.00107,339.07,84.43,378.71,99.57
3659,2798,8,0.89341,270.11,66.37,331.18,138.93
3660,2798,14,0.8351,136.29,68.84,188.59,182.06
3661,2798,8,0.83203,351.21,90.65,467.24,168.29
3662,2798,5,0.82841,373.67,21.21,473.09,51.91
3663,2798,14,0.65305,7.29,52.77,73.86,226.96
3664,2798,5,0.63694,118.02,29.07,240.12,59.13
3665,2798,14,0.52647,357.03,0.98,376.3,31.74
3666,2798,8,0.09882,453.9,46.46,481.0,194.95
3667,2798,8,0.05805,166.32,81.3,250.7,176.42
3668,2798,14,0.0395,470.69,24.24,481.0,106.14
3669,2798,8,0.03335,462.18,74.07,481.0,195.36
3670,2798,5,0.03312,120.71,16.56,270.76,59.15
3671,2798,8,0.01508,328.15,76.84,349.08,137.01
3672,2798,8,0.01031,2.0,29.31,140.3,180.93
3673,2798,8,0.00798,0.64,37.6,80.3,184.11
3674,2798,14,0.00746,469.85,21.93,481.0,154.75
3675,2798,14,0.00695,463.21,29.46,481.0,94.58
3676,2798,14,0.00661,414.65,0.48,432.72,17.27
3677,2798,5,0.00588,119.71,26.09,266.25,100.02
3678,2798,14,0.00529,363.23,0.76,375.02,30.98
3679,2798,8,0.00521,128.87,66.57,191.86,180.08
3680,2798,14,0.00518,457.57,24.09,481.0,161.64
3681,2798,14,0.00488,470.77,0.44,481.0,48.84
3682,2798,14,0.00303,15.71,75.91,51.75,219.47
3683,2798,8,0.00194,1.85,32.96,105.96,133.84
3684,2798,14,0.00193,474.1,38.67,481.0,105.48
3685,2798,14,0.00191,26.56,57.02,71.17,211.55
3686,2798,8,0.00132,370.19,0.0,466.27,0.0
3687,2798,5,0.00129,169.85,10.07,276.26,61.75
3688,2798,14,0.00112,474.24,2.06,481.0,42.17
3689,2798,8,0.00102,127.13,67.73,251.17,180.44
3690,2799,14,0.31054,124.92,91.12,146.21,138.98
3691,2799,5,0.16427,0.59,88.79,21.65,106.27
3692,2799,14,0.00389,73.72,92.24,87.11,126.21
3693,2799,5,0.00263,0.01,90.5,3.47,106.95
3694,2799,14,0.00194,39.55,91.39,48.74,113.74
3695,2799,5,0.0013,334.93,138.54,361.4,160.83
3696,2799,8,0.00113,0.01,88.46,4.31,125.62
3697,2799,14,0.00107,353.96,134.89,379.98,157.62
3698,2801,14,0.87918,136.34,123.55,158.27,215.68
3699,2801,5,0.84412,306.04,133.73,436.97,185.0
3700,2801,5,0.75756,462.83,119.82,500.0,181.48
3701,2801,5,0.00508,478.93,108.25,500.0,184.47
3702,2801,14,0.00119,477.54,117.21,500.0,178.99
3703,2804,9,0.89306,328.5,109.25,346.62,132.19
3704,2804,10,0.88584,414.84,113.11,433.82,132.97
3705,2804,10,0.87728,419.52,49.85,437.66,67.06
3706,2804,9,0.87661,330.55,168.28,347.83,189.23
3707,2804,17,0.86826,231.02,151.78,247.28,167.62
3708,2804,4,0.02301,429.26,198.35,456.47,226.7
3709,2820,4,0.87478,155.52,62.86,250.38,107.8
3710,2820,13,0.85495,221.75,130.07,272.03,182.68
3711,2820,1,0.84738,399.49,53.23,447.59,101.69
3712,2820,14,0.03715,269.74,2.45,379.34,165.05
3713,2820,14,0.01542,303.72,0.12,405.84,83.12
3714,2820,14,0.00992,287.33,2.88,379.33,99.83
3715,2820,8,0.00559,399.93,52.23,449.32,102.44
3716,2820,5,0.00316,2.68,0.76,258.13,177.95
3717,2820,5,0.00299,86.87,0.66,258.6,108.12
3718,2820,5,0.00133,154.14,0.46,387.82,185.53
3719,2822,3,0.89955,261.85,165.86,310.16,229.67
3720,2822,13,0.87608,390.3,130.92,428.12,170.68
3721,2822,3,0.87469,322.4,91.31,354.02,129.05
3722,2822,1,0.84807,336.93,162.25,379.31,205.4
3723,2822,3,0.80348,263.95,124.08,336.75,154.67
3724,2826,14,0.6223,19.27,0.21,36.37,40.49
3725,2826,7,0.00858,317.47,0.48,346.64,13.73
3726,2826,17,0.00553,305.65,30.94,317.48,41.99
3727,2826,14,0.00212,13.45,15.68,36.94,42.04
3728,2835,2,0.85422,84.86,133.41,110.03,160.04
3729,2835,2,0.82422,201.72,130.73,230.79,155.83
3730,2837,10,0.87629,315.01,165.7,331.09,179.22
3731,2837,17,0.87381,288.13,193.36,302.74,209.77
3732,2837,17,0.86426,354.41,210.77,367.51,224.26
3733,2837,10,0.86165,291.38,173.36,305.27,188.39
3734,2837,17,0.8432,377.2,201.49,390.2,215.0
3735,2837,11,0.83933,355.91,168.23,372.23,180.87
3736,2837,11,0.79593,333.4,190.33,348.3,205.42
3737,2837,9,0.37843,309.27,207.5,325.37,222.09
3738,2837,17,0.32963,309.4,207.67,325.47,222.11
3739,2837,9,0.00765,288.35,193.0,303.22,209.43
3740,2839,2,0.88497,292.06,190.25,323.38,212.25
3741,2839,2,0.84058,131.44,160.86,153.8,188.76
3742,2841,17,0.8109,36.95,152.73,62.45,174.95
3743,2841,17,0.66758,180.65,164.18,206.09,186.87
3744,2841,2,0.16368,180.7,164.59,205.79,186.83
3745,2841,17,0.00359,87.15,152.26,104.1,162.67
3746,2847,7,0.90664,172.22,39.64,239.23,86.67
3747,2847,7,0.90317,113.51,90.34,177.2,139.45
3748,2847,7,0.15407,46.74,116.1,135.24,178.9
3749,2847,7,0.00271,160.3,32.37,235.17,163.62
3750,2855,2,0.8591,192.54,33.25,215.03,60.38
3751,2855,2,0.83635,172.96,82.18,202.05,102.68
3752,2879,3,0.90253,151.02,13.61,190.2,89.17
3753,2879,3,0.89122,174.78,164.55,224.76,228.33
3754,2879,3,0.87181,180.18,102.62,239.81,158.13
3755,2879,13,0.87008,84.42,122.41,118.46,156.83
3756,2879,1,0.83677,102.22,59.3,136.71,96.15
3757,2880,7,0.90658,74.99,91.71,156.06,142.86
3758,2880,7,0.89593,271.42,106.24,366.84,158.64
3759,2882,15,0.91819,58.17,60.79,89.66,96.92
3760,2882,15,0.91254,230.73,37.69,258.47,67.89
3761,2882,14,0.00154,0.0,155.26,10.93,213.34
3762,2892,10,0.87764,354.81,85.15,386.43,110.22
3763,2892,10,0.87398,254.14,65.55,278.7,90.71
3764,2892,11,0.78943,342.7,39.63,371.71,64.32
3765,2892,11,0.4008,285.84,109.83,317.61,133.32
3766,2892,9,0.00278,285.77,110.03,317.25,133.43
3767,2895,5,0.84368,375.87,165.13,499.19,220.2
3768,2895,14,0.82854,45.9,150.21,76.96,235.89
3769,2895,14,0.81283,325.08,128.74,390.87,256.0
3770,2895,5,0.79802,210.21,162.19,338.23,214.79
3771,2895,14,0.02046,32.81,176.32,52.55,217.58
3772,2895,5,0.01417,124.29,171.38,186.9,206.82
3773,2895,5,0.00874,492.68,170.05,500.0,218.96
3774,2895,8,0.00265,30.73,153.07,93.48,224.84
3775,2895,5,0.00214,356.45,150.0,429.73,202.33
3776,2895,14,0.00165,0.0,185.0,4.31,236.21
3777,2910,10,0.88383,71.47,134.88,94.53,157.33
3778,2910,10,0.8826,49.9,165.99,71.27,189.78
3779,2910,17,0.87191,203.32,162.84,222.39,182.58
3780,2910,11,0.86071,127.44,116.7,154.06,135.6
3781,2910,11,0.85404,133.04,167.86,154.84,193.57
3782,2910,9,0.8255,123.3,216.69,150.66,240.37
3783,2910,17,0.82075,187.82,193.45,207.96,214.28
3784,2910,17,0.74827,74.63,205.81,98.85,233.38
3785,2910,9,0.44429,74.48,205.86,98.79,233.36
3786,2910,9,0.27598,187.71,193.45,207.99,214.3
3787,2910,6,0.00104,447.0,93.61,502.0,177.61
3788,2913,15,0.88911,179.49,118.7,219.3,153.68
3789,2913,15,0.88828,256.39,44.89,292.6,82.18
3790,2913,7,0.88294,335.88,130.64,371.81,161.87
3791,2913,7,0.87492,89.18,109.06,120.61,143.12
3792,2913,0,0.06045,260.78,140.81,275.72,158.46
3793,2917,16,0.81731,48.07,152.95,61.84,172.18
3794,2917,8,0.81131,266.73,130.38,281.95,155.37
3795,2917,16,0.80141,7.9,155.28,22.05,177.37
3796,2917,16,0.78443,22.33,155.01,37.18,175.63
3797,2917,16,0.75923,35.52,153.37,47.99,173.63
3798,2917,16,0.73885,0.0,155.45,8.13,179.09
3799,2917,8,0.69888,301.43,127.67,315.2,157.56
3800,2917,16,0.69709,61.62,151.82,73.03,170.79
3801,2917,16,0.67714,109.78,149.53,118.41,164.81
3802,2917,16,0.67561,161.12,142.77,170.43,152.61
3803,2917,16,0.65966,92.26,149.74,102.79,166.52
3804,2917,16,0.65395,82.8,149.68,92.76,167.94
3805,2917,16,0.6536,117.64,149.32,127.03,164.35
3806,2917,16,0.62995,72.7,150.73,83.32,169.45
3807,2917,16,0.57367,102.41,149.69,110.2,165.5
3808,2917,16,0.56732,124.81,141.73,133.34,151.42
3809,2917,8,0.49425,314.31,126.64,329.99,154.48
3810,2917,14,0.20165,301.88,127.17,314.3,138.92
3811,2917,16,0.14939,122.34,145.71,130.47,155.42
3812,2917,16,0.12559,114.05,148.39,123.88,164.01
3813,2917,16,0.12324,170.63,138.25,179.39,147.09
3814,2917,16,0.08281,126.69,142.94,136.5,151.34
3815,2917,8,0.06284,280.83,133.51,289.97,149.03
3816,2917,16,0.04428,98.78,148.77,109.35,165.28
3817,2917,16,0.02713,170.02,141.46,177.42,150.29
3818,2917,16,0.02627,0.0,134.69,2.86,150.89
3819,2917,8,0.02475,259.57,133.84,269.54,149.79
3820,2917,16,0.01796,201.66,144.56,208.95,157.94
3821,2917,16,0.01441,127.2,148.31,138.61,163.74
3822,2917,16,0.01384,123.89,145.04,133.0,152.47
3823,2917,16,0.01006,0.05,160.28,3.47,180.84
3824,2917,16,0.00921,122.85,150.79,130.64,164.44
3825,2917,16,0.00908,207.58,154.74,216.65,164.05
3826,2917,16,0.00608,151.48,143.1,167.26,152.68
3827,2917,16,0.00551,165.19,136.52,172.83,143.1
3828,2917,5,0.00544,313.61,123.15,329.63,138.25
3829,2917,16,0.0054,203.73,153.46,214.71,163.7
3830,2917,8,0.00518,301.09,127.28,314.57,143.51
3831,2917,8,0.00511,262.9,132.7,273.3,151.16
3832,2917,16,0.00403,126.26,152.59,136.22,164.1
3833,2917,16,0.00397,204.05,145.73,212.11,157.94
3834,2917,16,0.00347,169.99,144.61,176.77,153.5
3835,2917,8,0.00341,263.44,132.58,270.23,149.37
3836,2917,16,0.00327,129.8,145.05,137.9,153.02
3837,2917,16,0.00303,201.44,153.56,210.01,162.73
3838,2917,16,0.00295,129.81,153.26,137.64,164.16
3839,2917,16,0.00264,170.75,136.11,180.8,150.21
3840,2917,16,0.00215,167.64,141.3,174.21,151.47
3841,2917,14,0.00214,312.12,124.39,326.92,137.58
3842,2917,8,0.00194,300.37,132.18,312.26,155.71
3843,2917,16,0.00173,0.02,139.19,3.32,157.9
3844,2917,16,0.00171,242.93,144.06,250.53,153.34
3845,2917,8,0.00156,314.16,124.72,329.54,141.63
3846,2917,5,0.00153,11.66,151.03,67.46,175.17
3847,2917,16,0.00152,0.08,152.49,5.07,171.14
3848,2917,8,0.0014,266.64,129.87,281.8,143.26
3849,2917,8,0.00136,289.37,132.8,298.0,149.1
3850,2917,16,0.00128,116.34,145.16,124.75,155.2
3851,2917,16,0.00125,192.43,157.9,198.9,164.8
3852,2917,16,0.00119,102.29,158.54,109.58,168.35
3853,2917,8,0.00116,259.15,137.73,269.02,153.89
3854,2919,15,0.90026,203.89,157.99,223.25,176.34
3855,2919,15,0.88041,154.3,155.58,169.17,171.69
3856,2919,5,0.00271,349.89,168.38,466.13,235.99
3857,2923,14,0.87049,205.49,118.26,245.92,211.72
3858,2923,14,0.82489,257.47,111.14,294.99,204.71
3859,2923,14,0.0053,214.82,118.79,235.55,139.2
3860,2923,7,0.00154,330.98,5.5,348.76,21.74
3861,2925,2,0.89715,193.44,24.58,223.47,65.26
3862,2925,17,0.80383,217.98,91.41,235.87,109.69
3863,2925,17,0.79387,287.56,47.51,305.48,64.98
3864,2925,2,0.03905,168.76,89.89,241.99,141.04
3865,2926,7,0.84702,262.44,63.34,280.75,82.47
3866,2926,15,0.82878,314.47,63.46,335.89,80.75
3867,2926,7,0.81635,403.52,57.12,426.36,73.61
3868,2926,15,0.81222,351.08,20.71,372.16,42.91
3869,2926,7,0.23553,314.39,63.61,335.17,80.67
3870,2926,7,0.06071,283.21,32.4,297.06,43.81
3871,2926,7,0.04004,262.25,84.7,282.06,98.72
3872,2926,17,0.00183,262.24,84.92,282.83,99.35
3873,2927,2,0.87241,154.36,40.68,184.6,70.39
3874,2927,2,0.77581,274.3,35.84,297.88,57.51
3875,2927,2,0.00142,496.61,70.05,502.0,95.79
3876,2927,2,0.00123,497.1,105.54,502.0,128.13
3877,2928,7,0.00105,125.46,41.77,238.38,186.27
3878,2933,10,0.87754,244.5,117.55,259.88,132.89
3879,2933,9,0.86685,202.73,151.02,220.44,166.24
3880,2933,10,0.84837,201.41,99.4,217.39,113.62
3881,2933,9,0.80184,248.66,161.51,265.94,175.92
3882,2933,17,0.75117,187.96,197.93,202.84,212.81
3883,2933,17,0.04817,248.74,161.69,265.89,175.87
3884,2951,7,0.85906,384.15,107.18,406.93,124.97
3885,2951,15,0.82246,292.4,123.92,313.99,142.22
3886,2951,15,0.80485,316.19,75.24,340.94,98.22
3887,2951,7,0.69755,236.81,129.8,254.97,150.06
3888,2951,17,0.12128,236.92,129.81,254.98,149.19
3889,2951,7,0.01961,244.98,94.32,259.54,107.15
3890,2951,5,0.00205,18.97,112.27,54.34,131.66
3891,2951,17,0.0015,395.07,138.33,411.56,150.16
3892,2951,5,0.00148,0.03,73.57,20.4,107.2
3893,2951,5,0.00131,0.47,90.06,19.69,98.78
3894,2953,8,0.85824,390.38,152.59,454.81,198.53
3895,2953,8,0.82624,366.0,156.76,400.61,193.78
3896,2953,8,0.79214,344.64,151.55,377.74,189.65
3897,2953,8,0.78217,292.29,150.43,321.84,183.38
3898,2953,8,0.77781,312.2,152.94,355.5,187.24
3899,2953,14,0.75242,70.54,117.91,96.4,153.73
3900,2953,14,0.72126,103.73,117.03,129.09,159.12
3901,2953,14,0.08418,260.73,126.2,288.28,184.62
3902,2953,5,0.03318,0.01,134.32,3.11,150.12
3903,2953,8,0.02986,0.0,134.69,3.43,151.49
3904,2953,8,0.01954,331.8,152.42,355.35,185.87
3905,2953,8,0.01778,481.17,151.31,488.0,179.82
3906,2953,14,0.01651,0.01,131.39,4.6,158.39
3907,2953,8,0.01286,0.0,130.4,3.37,163.24
3908,2953,14,0.01049,0.0,125.29,7.71,151.14
3909,2953,14,0.01032,0.0,127.34,3.26,150.28
3910,2953,8,0.01018,0.0,132.54,6.85,152.47
3911,2953,5,0.0083,0.0,129.77,7.25,150.86
3912,2953,8,0.00815,476.71,145.25,488.0,187.61
3913,2953,14,0.00781,145.89,133.46,164.0,157.24
3914,2953,14,0.00761,0.0,116.44,3.51,149.07
3915,2953,8,0.00582,111.76,153.28,199.18,202.06
3916,2953,14,0.00468,481.05,144.1,488.0,201.52
3917,2953,8,0.00427,417.69,152.28,455.11,198.24
3918,2953,8,0.00394,0.07,128.32,7.02,166.76
3919,2953,8,0.00349,471.39,142.76,488.0,202.41
3920,2953,14,0.00324,476.44,138.98,488.0,216.51
3921,2953,14,0.00261,107.83,116.83,128.73,145.63
3922,2953,14,0.00162,395.03,149.56,430.17,189.26
3923,2953,14,0.00161,466.45,138.15,488.0,217.85
3924,2953,8,0.00153,80.02,113.54,149.8,184.54
3925,2953,16,0.00125,127.96,149.54,151.26,168.26
3926,2953,8,0.00125,477.65,139.73,488.0,212.32
3927,2953,8,0.00123,249.09,124.8,320.48,183.3
3928,2953,8,0.00112,424.23,152.21,452.78,183.18
3929,2953,14,0.00111,0.0,115.36,5.75,152.34
3930,2953,8,0.00109,60.18,114.41,140.51,170.26
3931,2953,8,0.00107,95.39,106.26,162.99,202.41
3932,2953,14,0.00104,375.85,140.36,396.73,166.48
3933,2960,5,0.86128,407.64,166.15,499.92,226.45
3934,2960,14,0.82095,104.26,154.3,147.94,253.3
3935,2960,5,0.79982,248.81,176.59,379.97,226.08
3936,2960,5,0.00489,491.88,116.07,500.0,173.98
3937,2960,8,0.00256,490.43,117.13,500.0,173.5
3938,2960,5,0.00125,280.95,97.1,303.6,111.29
3939,2960,5,0.00115,18.52,256.0,290.26,256.0
3940,2960,5,0.00114,311.61,76.65,330.84,83.99
3941,2962,2,0.87153,410.19,183.7,441.9,209.72
3942,2962,2,0.83748,300.66,188.19,320.54,214.54
3943,2962,2,0.00288,497.7,165.84,501.0,192.34
3944,2964,7,0.92238,219.68,22.46,279.36,57.62
3945,2964,7,0.91421,36.14,191.27,89.32,223.33
3946,2964,7,0.00288,0.02,43.22,24.2,97.82
3947,2968,2,0.84628,89.47,54.4,116.92,76.02
3948,2968,2,0.84198,55.84,29.08,75.18,53.72
3949,2968,2,0.60911,165.23,196.79,195.31,217.93
3950,2972,5,0.93193,203.04,32.34,378.76,144.05
3951,2972,5,0.8154,407.44,53.71,453.55,84.67
3952,2972,8,0.49135,88.91,37.03,111.24,56.07
3953,2972,5,0.48198,123.2,33.97,137.9,48.87
3954,2972,14,0.34416,93.77,31.47,108.34,47.67
3955,2972,14,0.09003,68.21,32.32,74.75,45.13
3956,2972,14,0.04757,90.76,32.38,110.2,54.6
3957,2972,8,0.01659,91.54,34.08,110.27,50.52
3958,2972,5,0.01223,455.68,47.61,479.34,69.89
3959,2972,5,0.00551,153.69,36.96,171.66,53.09
3960,2972,8,0.00529,421.49,45.97,439.13,57.09
3961,2972,14,0.00235,503.0,35.85,507.0,99.48
3962,2972,8,0.00219,502.8,36.75,507.0,89.22
3963,2972,8,0.00128,499.44,35.65,507.0,92.32
3964,2973,11,0.90061,207.52,186.71,229.03,204.58
3965,2973,10,0.88398,224.72,130.23,243.91,146.13
3966,2973,10,0.87114,235.6,154.98,251.78,172.51
3967,2973,11,0.85958,167.16,147.77,186.36,165.97
3968,2973,9,0.8334,180.5,113.93,199.76,130.28
3969,2973,17,0.81798,120.7,149.96,136.01,165.52
3970,2973,17,0.79818,125.6,173.87,141.26,189.75
3971,2973,9,0.7783,146.21,121.63,164.64,137.76
3972,2981,7,0.86332,353.88,194.69,378.03,212.58
3973,2981,7,0.83087,332.81,128.35,356.43,145.68
3974,2981,17,0.0025,344.29,154.48,359.5,168.12
3975,2987,2,0.89388,92.87,26.67,129.72,58.93
3976,2987,17,0.84294,170.34,56.65,187.96,74.59
3977,2987,17,0.81666,59.05,111.16,80.02,130.36
3978,2987,14,0.00106,18.81,252.0,63.45,252.0
3979,2988,7,0.87914,229.9,140.51,255.11,163.09
3980,2988,7,0.87725,49.13,173.13,82.4,197.57
3981,2988,2,0.00612,21.66,0.0,122.81,0.0
3982,2993,7,0.85529,222.63,83.9,245.31,101.8
3983,2993,15,0.8253,158.48,47.87,182.84,71.41
3984,2993,7,0.8075,73.25,99.82,91.92,119.21
3985,2993,15,0.80437,130.77,95.85,152.31,114.3
3986,2993,7,0.19698,78.95,124.67,100.64,139.81
3987,2993,17,0.0016,78.28,124.39,99.9,139.95
3988,3000,15,0.92003,313.66,10.51,340.99,40.55
3989,3000,15,0.91242,144.52,38.3,175.51,73.39
3990,3006,15,0.89787,18.24,7.03,37.52,24.63
3991,3006,15,0.88952,66.24,3.79,86.9,22.14
3992,3006,15,0.00347,314.55,127.39,320.77,135.78
3993,3006,14,0.00196,489.25,96.74,495.0,160.88
3994,3011,15,0.91614,95.99,53.71,115.87,72.58
3995,3011,15,0.89521,44.49,55.38,59.99,71.75
3996,3018,15,0.9189,59.65,147.51,109.61,204.41
3997,3018,15,0.91523,251.24,134.6,289.25,176.03
3998,3027,14,0.87912,150.76,120.6,179.82,186.7
3999,3027,14,0.82712,187.79,119.14,215.16,183.77
4000,3027,8,0.81786,362.69,117.72,383.69,141.9
4001,3027,8,0.79414,422.54,112.54,442.39,137.86
4002,3027,8,0.77504,326.49,120.01,351.95,144.32
4003,3027,8,0.77359,472.57,99.07,494.0,148.83
4004,3027,14,0.7623,0.0,143.56,19.13,195.14
4005,3027,14,0.72955,406.79,107.32,420.17,134.23
4006,3027,14,0.6848,453.24,103.17,468.51,134.52
4007,3027,14,0.60339,329.2,112.54,343.67,139.74
4008,3027,14,0.10094,476.84,91.61,494.0,137.51
4009,3027,14,0.09669,120.96,141.66,163.79,191.6
4010,3027,14,0.07853,341.8,114.08,350.51,129.4
4011,3027,14,0.02963,365.88,116.17,377.93,127.34
4012,3027,14,0.02441,341.39,118.26,351.53,134.96
4013,3027,14,0.01387,216.12,115.64,237.64,173.33
4014,3027,14,0.01246,0.0,141.83,7.81,190.81
4015,3027,14,0.0094,122.42,146.24,144.81,187.46
4016,3027,14,0.00768,367.47,112.62,375.88,123.17
4017,3027,14,0.00752,424.72,103.73,435.74,117.34
4018,3027,14,0.00607,0.0,137.15,5.15,155.23
4019,3027,14,0.00545,318.26,118.1,326.87,135.93
4020,3027,14,0.00514,266.53,121.71,276.82,144.73
4021,3027,14,0.00513,376.64,115.06,383.9,128.37
4022,3027,14,0.00453,422.33,112.45,442.42,138.11
4023,3027,8,0.00424,120.91,125.99,196.02,188.61
4024,3027,14,0.00397,365.75,110.64,375.05,125.81
4025,3027,14,0.00355,363.94,117.3,380.11,134.5
4026,3027,14,0.00315,196.46,126.44,215.15,171.74
4027,3027,14,0.00269,430.03,111.95,442.29,129.09
4028,3027,14,0.00254,123.92,145.18,141.49,174.4
4029,3027,14,0.00251,203.3,128.33,215.53,164.54
4030,3027,8,0.00248,318.62,118.7,327.77,136.04
4031,3027,8,0.00232,267.53,122.9,276.33,144.91
4032,3027,14,0.00219,124.79,122.78,178.25,189.86
4033,3027,8,0.00218,476.57,111.92,493.99,148.56
4034,3027,14,0.00197,204.37,129.54,215.77,151.64
4035,3027,8,0.00182,298.66,115.14,316.01,141.37
4036,3027,8,0.00159,165.31,117.92,228.95,185.53
4037,3027,14,0.00156,129.49,140.71,157.16,168.17
4038,3027,8,0.00151,180.02,115.28,244.12,184.99
4039,3027,14,0.00142,205.05,127.93,219.29,145.87
4040,3027,8,0.00138,314.23,118.95,324.07,137.64
4041,3027,14,0.00134,309.45,115.21,323.29,136.75
4042,3027,14,0.00126,314.34,118.48,324.34,137.09
4043,3027,14,0.00104,464.1,103.65,473.65,133.24
4044,3050,3,0.89525,214.04,130.96,262.8,188.56
4045,3050,3,0.8941,125.15,102.94,189.45,148.49
4046,3050,13,0.88932,109.46,183.33,153.28,228.52
4047,3050,3,0.87908,228.56,186.9,314.54,234.61
4048,3050,1,0.86415,98.95,134.01,138.76,175.16
4049,3054,15,0.91064,352.32,103.97,370.59,119.93
4050,3054,15,0.90394,396.73,96.17,417.31,113.79
4051,3061,11,0.80834,135.33,0.71,162.05,16.4
4052,3061,11,0.80798,85.57,40.84,108.67,65.12
4053,3061,17,0.48425,75.85,16.22,98.51,38.27
4054,3061,9,0.28524,152.58,14.28,174.47,39.7
4055,3061,9,0.05002,75.58,16.15,98.71,38.35
4056,3065,7,0.86131,52.07,116.29,81.65,143.88
4057,3065,7,0.85836,153.42,41.57,176.74,65.4
4058,3073,1,0.813,242.34,27.91,280.68,67.55
4059,3073,4,0.70443,140.43,150.1,226.2,225.66
4060,3073,1,0.45162,375.29,73.66,414.71,114.21
4061,3073,13,0.24713,376.09,73.89,415.42,114.31
4062,3073,6,0.02317,406.15,134.99,439.68,150.64
4063,3073,8,0.00301,243.03,28.0,280.75,67.64
4064,3076,5,0.81406,246.68,94.67,293.7,122.8
4065,3076,5,0.76297,0.0,96.81,88.09,203.39
4066,3076,14,0.05287,319.0,99.6,330.2,121.61
4067,3076,7,0.01862,0.0,96.49,87.88,188.12
4068,3076,14,0.01412,131.7,70.13,159.7,102.82
4069,3076,8,0.01151,470.44,117.65,485.0,196.51
4070,3076,14,0.00828,169.3,70.6,183.65,102.61
4071,3076,8,0.0078,85.06,97.62,192.3,209.65
4072,3076,14,0.00527,479.67,107.29,485.0,134.23
4073,3076,14,0.00498,294.99,88.37,304.74,112.3
4074,3076,14,0.00462,473.08,107.56,485.0,134.47
4075,3076,14,0.00283,115.17,71.13,196.39,207.48
4076,3076,14,0.0023,475.84,139.23,485.0,190.94
4077,3076,14,0.00137,121.78,68.41,174.79,170.51
4078,3076,14,0.00135,471.62,112.97,485.0,150.27
4079,3076,14,0.00135,468.58,113.61,485.0,183.96
4080,3076,8,0.00126,0.0,68.05,8.16,95.31
4081,3076,8,0.00119,0.0,70.68,7.58,142.12
4082,3076,14,0.00115,480.09,111.64,485.0,172.83
4083,3076,14,0.00106,470.14,113.14,485.0,132.07
4084,3077,4,0.87027,312.12,58.76,363.39,100.18
4085,3077,13,0.81899,235.68,69.2,271.88,105.95
4086,3078,13,0.89656,247.65,140.28,286.44,179.57
4087,3078,3,0.8832,189.04,12.07,275.38,63.12
4088,3078,3,0.86106,303.95,23.66,346.25,100.87
4089,3078,3,0.85666,339.08,93.2,416.6,134.98
4090,3078,1,0.83369,204.19,80.74,242.8,120.86
4091,3079,13,0.85598,296.08,131.97,348.02,182.9
4092,3079,4,0.84704,136.35,117.85,233.72,198.33
4093,3079,1,0.74509,291.69,16.75,334.75,60.7
4094,3079,7,0.30285,246.19,121.33,264.91,138.6
4095,3079,6,0.04104,425.61,118.13,446.99,180.84
4096,3079,3,0.0333,424.5,100.03,447.0,180.63
4097,3079,2,0.02351,441.34,64.56,447.0,113.31
4098,3079,2,0.00917,0.0,61.59,5.41,97.37
4099,3079,17,0.00674,0.0,79.85,6.42,97.71
4100,3079,2,0.0046,0.0,74.18,7.17,97.36
4101,3079,2,0.004,434.49,59.24,447.0,113.42
4102,3079,8,0.00341,291.76,16.02,334.23,61.36
4103,3079,11,0.00178,295.96,133.48,348.07,182.13
4104,3079,14,0.00166,193.93,4.23,256.92,59.02
4105,3079,2,0.00127,433.66,126.48,447.0,179.21
4106,3079,2,0.00117,423.61,108.03,447.0,181.51
4107,3079,6,0.0011,426.82,146.76,447.0,181.06
4108,3079,2,0.00109,440.67,42.28,447.0,117.73
4109,3090,2,0.87878,385.74,78.35,411.88,99.34
4110,3090,2,0.85357,348.25,35.61,368.55,62.52
4111,3095,13,0.90172,390.98,143.37,443.08,194.04
4112,3095,1,0.85274,388.1,21.36,433.33,67.99
4113,3095,6,0.07532,0.0,175.66,9.71,225.89
4114,3095,2,0.06736,493.24,0.07,502.0,69.58
4115,3095,2,0.05436,495.76,11.48,502.0,72.06
4116,3095,4,0.04055,161.12,26.83,261.83,62.74
4117,3095,6,0.02396,342.73,63.47,365.8,84.71
4118,3095,2,0.01181,497.06,32.89,502.0,68.21
4119,3095,2,0.00559,486.53,0.55,501.97,70.01
4120,3095,2,0.00304,0.0,168.05,6.84,218.42
4121,3095,5,0.00157,0.0,175.2,9.04,219.11
4122,3095,8,0.00136,387.54,21.21,433.06,67.1
4123,3095,15,0.00121,390.86,143.82,444.23,192.61
4124,3095,1,0.001,496.57,29.75,502.0,99.22
4125,3101,13,0.85226,240.23,40.12,294.19,93.86
4126,3101,4,0.85075,359.06,51.08,435.84,108.01
4127,3101,14,0.00102,0.0,59.38,8.46,119.77
4128,3110,5,0.79767,0.98,12.78,68.44,42.53
4129,3110,5,0.62486,121.44,14.23,201.32,46.17
4130,3110,5,0.51829,315.98,25.24,363.84,45.65
4131,3110,5,0.24781,185.38,13.82,250.47,41.36
4132,3110,5,0.21428,181.65,13.24,291.58,46.2
4133,3110,5,0.04196,185.32,13.79,234.02,34.24
4134,3110,8,0.02746,3.59,0.96,206.36,42.74
4135,3110,5,0.01756,182.89,13.35,275.21,36.38
4136,3110,8,0.0164,484.57,38.42,490.0,66.06
4137,3110,8,0.01582,479.05,37.71,490.0,67.05
4138,3110,8,0.01563,182.89,1.44,330.62,46.45
4139,3110,5,0.01143,32.14,0.49,146.35,42.81
4140,3110,14,0.00924,238.54,0.54,275.94,30.43
4141,3110,5,0.00753,168.75,2.34,316.3,46.76
4142,3110,5,0.0042,91.71,4.5,202.55,45.03
4143,3110,5,0.00352,187.53,4.63,297.49,39.95
4144,3110,5,0.0025,287.63,1.49,434.24,61.73
4145,3110,8,0.00232,239.14,0.59,267.41,28.88
4146,3110,14,0.00219,237.71,0.97,266.14,24.9
4147,3110,8,0.00191,121.04,0.0,163.95,37.0
4148,3110,14,0.00185,253.78,0.5,272.98,35.6
4149,3110,8,0.00182,216.92,0.43,254.05,27.72
4150,3110,5,0.0018,147.72,15.91,195.06,35.02
4151,3110,8,0.00176,475.4,31.13,490.0,68.05
4152,3110,8,0.00162,29.95,1.08,138.61,42.38
4153,3110,5,0.00162,162.49,13.01,237.04,46.1
4154,3110,8,0.00157,462.21,42.22,490.0,67.21
4155,3110,5,0.00145,195.19,27.83,234.35,48.23
4156,3110,8,0.00145,173.56,11.14,284.24,44.39
4157,3110,5,0.00141,314.58,18.9,431.71,56.36
4158,3110,5,0.00131,184.67,15.81,226.81,43.15
4159,3110,8,0.00128,126.23,12.66,266.83,44.84
4160,3110,8,0.00128,307.05,10.89,432.85,60.72
4161,3110,5,0.00128,90.11,16.73,132.12,39.99
4162,3110,5,0.00102,0.02,15.0,2.98,38.46
4163,3111,2,0.8563,414.85,134.45,447.38,159.29
4164,3111,2,0.85305,348.87,117.7,370.06,146.82
4165,3111,2,0.00107,462.64,126.77,468.0,154.25
4166,3112,14,0.88666,265.58,141.88,289.27,211.82
4167,3112,14,0.879,206.77,103.18,244.01,218.04
4168,3112,14,0.87784,296.76,135.01,324.06,221.89
4169,3112,5,0.76508,395.9,180.89,478.82,223.08
4170,3112,14,0.51896,161.12,135.14,190.07,206.1
4171,3112,5,0.01016,480.09,180.11,500.0,208.28
4172,3112,14,0.00724,129.11,120.95,173.59,206.86
4173,3112,5,0.00557,31.08,146.73,150.81,191.58
4174,3112,8,0.00372,0.03,113.14,9.06,216.33
4175,3112,14,0.00317,0.0,124.13,7.53,244.4
4176,3112,5,0.00189,483.16,182.18,500.0,228.85
4177,3112,5,0.00186,174.9,116.99,211.65,137.1
4178,3112,5,0.00133,31.42,136.97,114.0,192.21
4179,3112,14,0.0013,0.0,118.33,5.22,187.32
4180,3112,5,0.00102,0.0,156.74,5.58,212.34
4181,3119,3,0.6522,357.15,34.6,431.4,95.72
4182,3119,4,0.21368,266.08,34.25,339.0,121.72
4183,3119,11,0.00957,0.0,197.79,4.27,237.67
4184,3119,3,0.00485,480.73,123.97,495.0,200.82
4185,3119,3,0.00483,243.1,1.36,277.94,11.32
4186,3119,3,0.00284,397.32,53.85,428.73,76.8
4187,3119,9,0.0023,142.2,40.1,166.57,64.69
4188,3119,3,0.0022,482.6,126.35,495.0,176.48
4189,3119,9,0.0015,359.09,35.63,382.08,68.9
4190,3123,15,0.92503,231.64,86.09,259.33,116.11
4191,3123,15,0.91845,60.07,106.9,90.5,141.74
4192,3123,5,0.00476,370.18,177.03,491.0,223.74
4193,3131,14,0.85988,51.51,116.58,78.17,198.92
4194,3131,5,0.8588,383.45,128.91,499.07,185.89
4195,3131,5,0.81929,211.83,128.15,337.6,181.56
4196,3131,14,0.78164,314.16,101.79,399.72,233.4
4197,3131,5,0.27661,358.68,114.4,434.25,160.32
4198,3131,5,0.11749,129.29,140.31,191.15,174.93
4199,3131,5,0.02761,493.32,139.16,500.0,190.23
4200,3131,5,0.00377,483.8,138.61,500.0,190.15
4201,3131,14,0.00264,319.22,104.58,385.77,192.95
4202,3131,5,0.00254,490.65,126.61,500.0,190.25
4203,3131,8,0.00248,325.93,152.21,363.01,180.2
4204,3131,14,0.00245,341.7,113.74,397.87,231.83
4205,3131,5,0.00156,391.71,121.62,434.55,165.66
4206,3131,8,0.00138,42.62,114.95,96.06,196.95
4207,3132,2,0.89267,268.12,133.75,302.79,174.57
4208,3132,17,0.7545,366.66,169.06,388.8,187.97
4209,3132,17,0.56623,348.95,101.43,369.16,120.14
4210,3132,2,0.3198,349.14,101.56,368.91,120.12
4211,3132,2,0.16128,366.48,168.9,388.97,188.25
4212,3136,2,0.84263,148.02,120.32,175.17,142.93
4213,3136,2,0.03755,51.71,138.73,76.36,161.82
4214,3139,2,0.88448,377.09,35.18,407.64,72.86
4215,3139,17,0.79776,326.84,83.17,345.17,100.32
4216,3139,17,0.72779,410.07,102.27,428.46,120.38
4217,3139,2,0.24567,326.93,83.27,345.26,100.35
4218,3139,2,0.23556,410.38,102.23,428.41,120.33
4219,3149,15,0.85816,140.44,79.04,167.6,104.33
4220,3149,15,0.7933,141.99,42.93,161.18,58.09
4221,3149,7,0.79303,72.95,58.69,94.42,74.27
4222,3149,15,0.1032,113.67,48.53,123.93,58.65
4223,3149,15,0.00272,182.0,24.47,193.54,42.5
4224,3164,7,0.929,61.44,55.4,145.92,105.28
4225,3164,7,0.89922,255.55,50.76,350.45,100.86
4226,3164,15,0.00209,0.0,94.49,87.02,223.16
4227,3167,14,0.84033,409.24,88.63,434.34,125.93
4228,3167,14,0.82981,292.25,71.1,307.3,102.82
4229,3167,14,0.80391,117.92,36.25,134.2,73.75
4230,3167,14,0.69378,66.48,43.49,80.0,66.48
4231,3167,14,0.68815,360.66,83.68,373.04,111.17
4232,3167,14,0.17383,320.05,78.38,330.89,102.11
4233,3167,14,0.14448,329.83,85.45,339.67,101.4
4234,3167,14,0.06057,0.02,17.77,10.09,50.13
4235,3167,14,0.01206,400.08,89.14,416.51,116.86
4236,3167,14,0.00755,326.88,80.37,336.01,101.41
4237,3167,14,0.00688,0.0,19.05,4.02,51.61
4238,3167,14,0.00402,365.19,87.09,379.66,109.9
4239,3167,14,0.00363,385.64,92.74,399.82,108.03
4240,3167,14,0.0026,488.5,58.4,500.0,134.51
4241,3167,14,0.00225,494.63,57.42,500.0,136.18
4242,3167,14,0.00222,491.59,72.55,500.0,134.27
4243,3167,14,0.00203,155.39,56.45,169.66,77.54
4244,3167,14,0.00164,330.38,86.95,345.3,102.38
4245,3167,14,0.0015,0.0,12.87,6.99,73.74
4246,3167,14,0.00145,483.86,67.57,500.0,140.79
4247,3168,14,0.76623,279.7,130.27,291.94,157.75
4248,3168,14,0.76012,301.87,126.12,316.38,146.04
4249,3168,14,0.7575,239.16,141.76,252.24,167.48
4250,3168,14,0.7409,302.96,115.88,314.98,128.52
4251,3168,14,0.64557,318.54,125.67,330.23,148.55
4252,3168,14,0.38736,266.89,133.49,279.73,159.79
4253,3168,14,0.00303,222.63,150.01,231.28,170.33
4254,3168,14,0.00247,254.77,143.1,261.95,161.86
4255,3168,14,0.00213,254.56,136.31,264.01,162.22
4256,3168,14,0.00175,315.52,140.18,323.18,151.22
4257,3168,14,0.00147,327.93,122.31,338.54,135.29
4258,3168,14,0.00145,329.86,123.7,338.96,143.77
4259,3168,14,0.00129,499.26,85.45,505.0,109.64
4260,3168,14,0.00129,369.21,121.27,377.2,136.49
4261,3168,14,0.00124,362.49,122.96,376.07,137.27
4262,3168,14,0.00119,280.92,129.1,292.94,147.78
4263,3168,14,0.00111,251.95,141.82,260.13,162.85
4264,3168,14,0.0011,357.97,128.73,367.25,140.23
4265,3174,15,0.91843,313.14,84.58,347.57,116.82
4266,3174,15,0.89912,397.99,92.34,434.84,131.16
4267,3179,2,0.88277,332.79,193.67,356.79,225.23
4268,3179,2,0.84047,412.04,147.38,434.0,176.1
4269,3179,2,0.00962,7.98,207.47,24.94,220.42
4270,3179,2,0.00449,374.83,174.23,389.87,194.65
4271,3179,2,0.00168,186.53,209.3,201.1,237.04
4272,3190,9,0.89281,216.49,173.24,232.5,187.18
4273,3190,10,0.8672,274.86,162.9,290.8,175.51
4274,3190,10,0.85505,245.25,161.18,260.05,174.84
4275,3190,17,0.85487,279.09,203.63,292.69,216.75
4276,3190,11,0.84818,255.1,183.47,273.13,197.64
4277,3190,17,0.84038,248.73,202.82,262.01,215.93
4278,3190,11,0.84022,306.05,175.25,320.66,188.16
4279,3190,17,0.79281,218.71,188.33,232.44,201.16
4280,3197,13,0.86372,370.75,113.85,430.25,169.64
4281,3197,1,0.80159,264.81,0.0,315.25,45.25
4282,3197,4,0.2652,43.04,87.02,155.59,154.05
4283,3197,2,0.00224,372.04,115.19,429.08,169.78
4284,3197,15,0.0016,372.28,115.24,429.14,169.64
4285,3199,7,0.83597,215.73,140.51,235.34,155.04
4286,3199,7,0.74965,270.01,176.77,291.35,192.42
4287,3202,15,0.79105,46.19,26.17,109.03,90.85
4288,3202,15,0.50163,46.38,26.17,83.57,90.43
4289,3202,15,0.3217,45.62,0.0,118.81,89.16
4290,3202,15,0.24764,74.36,0.0,125.96,88.63
4291,3202,15,0.05891,74.66,0.0,127.92,37.9
4292,3202,3,0.00119,294.68,115.48,340.14,128.44
4293,3207,2,0.83565,382.01,31.43,409.31,60.89
4294,3207,2,0.03869,342.38,25.96,378.94,50.46
4295,3207,2,0.00399,498.65,48.43,508.0,81.54
4296,3207,2,0.00383,0.0,36.87,7.12,68.92
4297,3207,2,0.00183,500.97,60.9,508.0,99.77
4298,3207,2,0.00177,503.46,59.76,508.0,95.32
4299,3207,2,0.00114,503.48,74.18,508.0,107.47
4300,3221,7,0.90941,94.31,47.94,141.09,92.28
4301,3221,7,0.90117,195.18,41.7,234.91,80.76
4302,3228,15,0.82854,316.93,119.59,387.74,182.1
4303,3228,15,0.71224,337.95,66.52,400.4,124.63
4304,3228,15,0.58992,316.98,119.39,355.44,182.19
4305,3228,15,0.00169,360.57,150.65,386.13,179.75
4306,3229,14,0.86884,321.35,85.63,361.05,199.43
4307,3229,14,0.85249,225.59,93.25,255.63,191.55
4308,3229,14,0.79337,17.31,113.4,53.08,187.79
4309,3229,14,0.78192,107.35,110.5,143.36,189.02
4310,3229,14,0.5592,414.09,105.71,455.73,188.71
4311,3229,5,0.3326,24.81,128.13,135.96,181.63
4312,3229,5,0.18212,133.08,137.08,232.02,180.87
4313,3229,5,0.05866,0.04,102.57,9.12,186.59
4314,3229,8,0.03063,0.02,102.83,9.55,186.31
4315,3229,5,0.03012,480.1,135.26,500.0,174.83
4316,3229,8,0.0298,66.07,126.1,97.75,145.65
4317,3229,14,0.01368,0.01,126.83,7.14,185.84
4318,3229,8,0.01225,0.01,132.84,6.72,187.2
4319,3229,14,0.00689,0.0,102.59,7.22,176.75
4320,3229,14,0.00658,78.93,117.11,93.55,141.2
4321,3229,5,0.00598,0.03,101.29,23.59,187.22
4322,3229,5,0.00524,0.0,139.08,8.12,184.5
4323,3229,5,0.00455,494.98,116.84,500.0,138.94
4324,3229,14,0.00419,27.33,114.28,53.56,166.55
4325,3229,14,0.00301,0.0,116.48,11.97,184.54
4326,3229,5,0.00269,173.26,94.67,202.64,115.71
4327,3229,5,0.00258,444.56,146.13,481.13,181.8
4328,3229,5,0.00245,493.55,111.25,500.0,136.17
4329,3229,14,0.00227,406.01,108.56,441.69,186.99
4330,3229,8,0.00226,18.46,256.0,238.76,256.0
4331,3229,8,0.00203,303.89,256.0,484.58,256.0
4332,3229,14,0.00164,407.57,167.3,420.23,187.49
4333,3229,5,0.0016,472.93,97.06,500.0,109.65
4334,3229,14,0.00145,73.34,120.46,96.54,144.98
4335,3229,5,0.0014,0.05,103.75,39.82,186.28
4336,3229,8,0.00137,494.96,114.61,500.0,140.0
4337,3229,5,0.00105,0.01,151.66,5.83,185.69
4338,3235,15,0.90842,110.51,50.54,140.75,82.74
4339,3235,7,0.87074,51.62,95.15,73.77,118.07
4340,3235,7,0.867,25.17,2.24,46.06,22.05
4341,3235,15,0.86215,33.7,34.09,60.16,57.38
4342,3235,15,0.04374,36.48,66.52,52.03,81.12
4343,3235,7,0.006,0.01,5.6,6.06,23.76
4344,3236,5,0.88888,171.12,32.3,247.91,68.75
4345,3236,5,0.88089,170.08,5.19,232.39,33.8
4346,3236,8,0.0583,290.35,0.02,319.87,8.43
4347,3236,5,0.01056,426.19,3.88,480.0,75.94
4348,3236,8,0.00898,26.05,3.75,40.32,29.24
4349,3236,8,0.00494,285.13,100.65,326.3,137.62
4350,3236,8,0.00311,466.7,140.79,480.0,230.61
4351,3236,6,0.00234,289.46,0.01,320.55,9.09
4352,3236,5,0.00195,290.12,0.24,320.15,8.3
4353,3236,15,0.00115,258.66,174.79,359.2,254.99
4354,3236,5,0.00105,291.83,30.01,394.73,135.21
4355,3238,15,0.89627,447.26,23.11,463.18,37.4
4356,3238,15,0.89253,400.49,30.55,418.8,47.1
4357,3239,2,0.88377,401.45,165.6,433.45,187.72
4358,3239,2,0.85427,241.38,131.34,263.74,158.62
4359,3250,8,0.88179,415.13,0.91,491.32,54.83
4360,3250,8,0.1336,482.35,66.69,494.0,129.28
4361,3250,8,0.13216,482.94,0.0,493.9,53.31
4362,3250,8,0.1183,467.63,1.11,494.0,52.12
4363,3250,8,0.11712,483.82,110.54,494.0,194.11
4364,3250,8,0.07636,406.88,2.28,427.16,42.02
4365,3250,5,0.06582,483.5,82.77,494.0,127.58
4366,3250,8,0.05346,486.09,126.3,494.0,191.1
4367,3250,8,0.01759,482.22,69.27,494.0,166.29
4368,3250,8,0.00915,451.99,0.35,493.6,50.66
4369,3250,8,0.00638,476.51,0.19,494.0,62.21
4370,3250,8,0.00609,478.73,88.6,494.0,195.7
4371,3250,14,0.00386,336.42,104.86,377.89,156.25
4372,3250,8,0.00372,488.84,130.28,494.0,172.14
4373,3250,8,0.00367,485.28,0.1,494.0,18.02
4374,3250,8,0.00349,486.5,0.61,494.0,32.5
4375,3250,8,0.00345,480.62,0.33,494.0,14.99
4376,3250,8,0.00253,473.89,0.05,493.98,30.63
4377,3250,5,0.00209,484.03,153.32,494.0,191.35
4378,3250,8,0.00168,480.7,133.41,493.96,194.97
4379,3250,14,0.00164,0.0,47.97,4.85,101.05
4380,3250,1,0.00158,490.03,116.61,494.0,165.9
4381,3250,8,0.00152,483.99,152.04,494.0,192.06
4382,3250,8,0.0014,479.08,48.29,494.0,126.6
4383,3250,6,0.00133,482.92,85.37,494.0,128.6
4384,3250,8,0.00126,0.02,69.33,4.39,113.09
4385,3250,14,0.00117,0.0,60.82,4.04,95.84
4386,3250,8,0.00112,488.21,4.38,494.0,51.84
4387,3250,8,0.00102,488.01,207.21,494.0,234.0
4388,3251,2,0.89569,271.66,138.99,310.27,179.71
4389,3251,17,0.85335,179.63,191.57,202.91,212.01
4390,3251,2,0.76094,198.37,115.48,219.96,133.9
4391,3251,17,0.00774,198.63,115.42,219.8,133.91
4392,3251,14,0.00163,476.97,0.0,488.0,102.11
4393,3254,7,0.83035,273.96,51.71,296.9,71.74
4394,3254,7,0.81687,162.77,37.29,182.29,56.49
4395,3271,7,0.90559,144.68,168.68,189.37,212.61
4396,3271,7,0.89565,243.09,158.9,282.09,197.75
4397,3272,14,0.85081,183.61,128.5,248.81,231.53
4398,3272,5,0.56413,246.62,164.9,357.02,207.91
4399,3272,5,0.21238,58.97,177.24,180.3,213.44
4400,3272,5,0.12387,0.51,165.08,175.73,211.42
4401,3272,5,0.03639,286.11,163.22,356.81,205.6
4402,3272,5,0.02413,0.0,169.27,111.11,215.18
4403,3272,5,0.01228,468.14,161.71,500.0,198.43
4404,3272,5,0.00746,0.0,168.47,83.81,204.91
4405,3272,14,0.00118,0.0,125.45,5.82,179.78
4406,3272,5,0.00108,270.24,138.68,428.34,190.15
4407,3276,8,0.8676,382.83,136.25,445.44,181.59
4408,3276,8,0.85321,303.59,134.21,347.33,170.59
4409,3276,8,0.83014,356.93,139.89,390.62,177.75
4410,3276,8,0.81621,336.11,135.17,368.59,171.74
4411,3276,8,0.75828,283.51,132.6,312.93,166.53
4412,3276,8,0.64022,471.18,130.53,488.0,164.33
4413,3276,14,0.23741,50.65,110.51,74.65,133.15
4414,3276,8,0.04704,477.21,131.76,488.0,165.81
4415,3276,14,0.01929,252.77,110.94,279.61,170.14
4416,3276,8,0.01382,482.17,123.03,488.0,163.78
4417,3276,8,0.00689,480.32,131.04,488.0,174.74
4418,3276,8,0.00546,99.63,137.02,192.38,185.17
4419,3276,8,0.00379,462.76,128.2,487.87,169.93
4420,3276,8,0.00361,322.78,133.51,347.96,165.86
4421,3276,8,0.0031,474.53,129.46,488.0,184.04
4422,3276,8,0.00165,410.9,135.91,445.62,182.16
4423,3276,14,0.00113,93.3,114.64,118.19,141.11
4424,3276,8,0.00109,243.04,115.31,321.94,168.48
4425,3280,14,0.85035,62.92,22.61,107.13,59.75
4426,3280,8,0.83482,58.32,48.57,116.52,135.98
4427,3280,5,0.6835,127.76,43.11,152.06,64.04
4428,3280,14,0.51668,156.01,0.0,221.13,162.82
4429,3280,14,0.03409,158.24,0.66,208.44,70.89
4430,3280,14,0.00639,176.9,0.68,205.15,32.67
4431,3280,14,0.00544,9.13,31.59,21.13,71.35
4432,3280,8,0.00393,64.41,61.59,105.16,129.37
4433,3280,8,0.00308,146.76,39.42,225.21,92.62
4434,3280,8,0.00156,450.27,52.46,468.8,87.46
4435,3285,7,0.8762,408.17,142.85,455.11,182.99
4436,3285,7,0.86726,265.42,27.13,303.22,63.76
4437,3285,17,0.77678,292.61,118.16,318.18,143.21
4438,3285,17,0.64836,385.26,54.72,409.93,77.52
4439,3287,7,0.87199,34.19,139.63,72.52,165.69
4440,3287,7,0.84652,104.71,39.05,132.78,63.31
4441,3287,17,0.83111,126.16,98.94,144.32,116.34
4442,3287,17,0.81492,32.82,75.44,52.93,94.44
4443,3287,15,0.00282,0.01,137.22,3.23,163.26
4444,3291,2,0.90156,58.18,139.16,95.14,180.94
4445,3291,17,0.65618,157.83,173.16,180.0,193.22
4446,3291,2,0.5794,143.19,106.27,162.09,123.7
4447,3291,17,0.43846,143.23,106.1,161.68,123.63
4448,3291,2,0.39072,157.05,173.13,180.13,193.13
4449,3291,2,0.04462,143.13,107.1,178.7,123.93
4450,3291,2,0.00515,378.6,103.73,405.21,125.69
4451,3291,2,0.00132,143.56,171.31,180.12,193.44
4452,3297,15,0.88752,452.62,183.96,485.0,245.93
4453,3297,6,0.01513,442.5,91.45,485.0,137.15
4454,3299,15,0.85478,379.41,118.44,413.01,143.54
4455,3299,15,0.81763,372.66,86.63,392.19,106.89
4456,3299,7,0.76022,298.87,127.2,323.33,146.68
4457,3299,15,0.25855,412.77,61.36,426.79,81.53
4458,3299,7,0.051,412.65,61.7,426.96,81.77
4459,3299,15,0.02977,341.48,106.63,352.57,118.26
4460,3300,14,0.80942,324.85,80.69,364.4,153.76
4461,3300,14,0.75659,72.61,93.21,114.28,198.27
4462,3300,14,0.74342,275.15,82.13,316.94,155.93
4463,3300,14,0.6715,414.21,77.18,442.88,132.67
4464,3300,14,0.64908,119.92,110.86,137.12,134.62
4465,3300,14,0.53426,451.39,38.87,500.0,203.33
4466,3300,14,0.45908,453.12,44.37,500.0,143.9
4467,3300,14,0.41905,464.26,75.28,499.89,210.14
4468,3300,14,0.09091,0.04,133.88,23.41,173.82
4469,3300,14,0.04336,453.37,71.37,488.55,130.06
4470,3300,14,0.00999,453.41,90.16,480.41,129.68
4471,3300,14,0.00494,0.54,133.95,34.2,179.7
4472,3300,14,0.00354,0.0,127.03,5.83,197.79
4473,3300,14,0.00337,198.93,127.63,214.29,142.62
4474,3300,14,0.00261,424.16,79.83,442.36,129.81
4475,3300,14,0.00245,494.36,119.88,500.0,205.77
4476,3300,14,0.00202,153.02,113.36,177.78,134.89
4477,3300,14,0.00191,490.67,93.41,500.0,184.69
4478,3300,14,0.00162,490.72,69.62,500.0,161.95
4479,3300,14,0.00157,492.32,137.1,500.0,211.37
4480,3300,14,0.00149,79.77,140.69,117.53,197.98
4481,3300,14,0.00125,0.0,102.04,6.18,175.73
4482,3300,14,0.00114,485.64,32.32,500.0,118.08
4483,3301,2,0.85305,192.84,61.12,221.5,90.37
4484,3301,2,0.6446,311.99,54.41,336.14,77.27
4485,3301,2,0.00127,306.97,48.28,322.42,67.11
4486,3302,10,0.87236,427.09,155.59,438.42,166.73
4487,3302,10,0.85744,420.81,143.32,433.82,154.39
4488,3302,11,0.83906,407.78,168.69,422.16,180.15
4489,3302,11,0.83743,382.45,149.65,394.78,161.31
4490,3302,9,0.60833,368.85,136.97,381.32,147.34
4491,3302,17,0.54048,352.61,149.23,362.51,159.41
4492,3302,17,0.36951,355.06,159.85,365.52,170.72
4493,3302,2,0.33062,105.65,38.04,144.01,62.99
4494,3302,9,0.16683,391.52,134.12,404.81,145.26
4495,3302,8,0.13955,0.01,0.0,18.52,61.94
4496,3302,8,0.01269,0.0,0.0,16.0,112.86
4497,3302,17,0.00915,353.8,149.67,363.72,168.54
4498,3302,14,0.00645,0.01,0.0,16.59,61.18
4499,3302,8,0.00193,3.79,3.26,67.12,67.02
4500,3302,5,0.00148,0.0,16.53,18.24,62.29
4501,3302,8,0.00126,4.27,5.62,75.66,99.28
4502,3305,7,0.83472,305.46,62.18,327.14,78.21
4503,3305,7,0.7868,249.97,25.25,270.88,40.81
4504,3305,17,0.00808,484.24,191.19,489.96,209.6
4505,3305,17,0.00142,478.31,184.65,489.62,207.49
4506,3305,17,0.00115,273.93,39.89,285.2,53.42
4507,3311,5,0.82977,109.14,117.79,152.28,143.98
4508,3311,5,0.82405,90.03,91.28,112.61,111.46
4509,3311,5,0.75488,155.93,80.54,174.52,97.01
4510,3311,5,0.6834,0.0,61.0,27.97,79.66
4511,3311,14,0.08462,257.09,88.78,265.61,104.86
4512,3311,5,0.0278,41.57,69.63,63.8,80.81
4513,3311,8,0.01554,162.63,145.52,184.0,179.49
4514,3311,5,0.01305,0.0,61.74,11.58,77.32
4515,3311,14,0.0052,2.79,172.6,27.91,212.79
4516,3311,5,0.00475,157.68,82.2,209.21,112.97
4517,3311,5,0.00327,0.0,57.47,7.31,76.15
4518,3311,5,0.00299,278.16,19.27,316.05,38.73
4519,3311,5,0.00263,457.95,103.81,491.88,116.15
4520,3311,5,0.00178,290.47,78.11,321.53,93.6
4521,3311,5,0.00173,0.0,50.54,28.21,78.42
4522,3311,14,0.00139,162.01,144.76,183.74,179.86
4523,3311,5,0.00113,0.0,58.65,16.98,76.75
4524,3311,5,0.00102,239.29,90.69,261.88,106.31
4525,3321,11,0.89214,310.05,55.89,331.56,72.29
4526,3321,9,0.87488,340.2,124.18,362.38,142.77
4527,3321,10,0.86197,271.5,73.17,289.49,92.06
4528,3321,17,0.86174,384.95,82.3,401.14,98.52
4529,3321,10,0.86012,263.29,96.46,282.7,115.51
4530,3321,9,0.81795,298.64,121.07,319.18,141.85
4531,3321,11,0.81355,332.56,91.59,351.01,110.49
4532,3321,17,0.76898,382.91,104.24,399.61,120.82
4533,3321,17,0.72678,298.65,121.06,319.33,141.78
4534,3321,9,0.68962,382.79,104.36,399.78,120.86
4535,3322,2,0.88146,134.87,118.68,170.4,147.74
4536,3322,17,0.79043,210.35,147.32,227.86,163.46
4537,3322,17,0.75793,101.3,201.36,122.54,219.69
4538,3322,2,0.06125,101.99,201.57,122.56,219.66
4539,3322,14,0.00123,19.02,245.0,71.69,245.0
4540,3326,13,0.8938,265.15,172.37,312.92,220.19
4541,3326,1,0.84383,431.94,147.1,480.63,193.62
4542,3326,4,0.68729,327.88,27.11,380.1,91.73
4543,3326,14,0.22857,0.0,4.68,63.0,162.31
4544,3326,14,0.08733,0.0,6.29,35.8,162.71
4545,3326,14,0.01907,0.0,9.29,19.07,199.7
4546,3326,14,0.00217,0.0,75.22,5.26,158.29
4547,3326,14,0.00113,0.0,1.41,68.66,251.0
4548,3326,14,0.00104,0.0,55.79,20.69,249.61
4549,3327,2,0.84536,205.53,182.89,233.25,205.0
4550,3327,2,0.83653,174.91,158.19,192.94,181.89
4551,3341,7,0.19352,76.12,51.49,152.03,94.29
4552,3341,7,0.1547,108.94,51.22,151.84,94.33
4553,3341,17,0.00247,180.84,48.24,219.12,77.56
4554,3341,2,0.00107,139.18,128.03,175.83,148.2
4555,3351,15,0.87521,418.79,116.6,434.25,130.29
4556,3351,15,0.86768,373.34,123.2,390.92,139.4
4557,3352,16,0.89966,29.49,28.78,82.41,86.84
4558,3352,16,0.88197,333.56,106.82,416.31,214.78
4559,3352,16,0.71119,166.63,55.17,231.51,132.46
4560,3352,1,0.00174,165.55,58.58,232.11,119.9
4561,3355,7,0.81932,131.25,160.57,153.55,176.53
4562,3355,7,0.75983,75.03,125.18,95.31,141.04
4563,3363,17,0.01466,232.32,189.96,254.97,210.57
4564,3363,7,0.00173,374.37,122.25,439.55,243.13
4565,3365,3,0.90564,307.32,168.25,359.74,231.71
4566,3365,1,0.87315,368.35,147.49,408.58,188.51
4567,3365,13,0.87082,380.23,108.24,416.33,144.21
4568,3365,3,0.86534,269.62,93.94,319.4,126.09
4569,3365,3,0.8453,250.52,126.64,316.51,166.9
4570,3372,15,0.82629,61.22,117.0,87.38,140.52
4571,3372,15,0.7872,95.88,85.56,114.91,101.72
4572,3372,7,0.62199,15.94,90.63,36.36,105.73
4573,3372,7,0.04859,145.07,73.77,157.94,91.79
4574,3376,11,0.85032,358.19,42.54,384.51,66.34
4575,3376,11,0.8391,363.43,82.98,391.4,109.22
4576,3376,10,0.49534,413.14,55.48,438.87,82.34
4577,3376,9,0.4104,309.08,63.98,336.89,90.32
4578,3376,10,0.08351,309.09,64.08,336.74,90.39
4579,3376,9,0.07858,413.22,55.54,438.89,82.3
4580,3376,0,0.00852,412.96,55.54,438.78,82.44
4581,3381,5,0.87843,373.25,132.97,498.32,189.77
4582,3381,14,0.86455,333.43,93.65,391.4,237.46
4583,3381,14,0.86036,42.28,122.11,70.72,204.85
4584,3381,5,0.79685,208.43,132.76,333.27,184.68
4585,3381,5,0.03315,101.69,140.91,185.0,177.79
4586,3381,8,0.00683,147.42,141.83,179.33,174.0
4587,3381,5,0.00437,385.86,118.84,426.24,167.35
4588,3381,5,0.00341,485.05,145.39,500.0,199.91
4589,3381,5,0.00291,392.34,118.84,425.69,131.82
4590,3381,5,0.00154,494.75,143.68,500.0,206.1
4591,3381,8,0.00129,33.84,125.24,87.97,196.25
4592,3388,2,0.86067,180.93,45.23,199.38,71.82
4593,3388,2,0.85678,266.32,33.85,286.94,59.62
4594,3403,2,0.87803,385.29,21.4,408.57,50.12
4595,3403,2,0.86436,290.3,24.32,308.2,52.81
4596,3404,10,0.87592,336.18,131.88,352.46,144.48
4597,3404,9,0.86787,278.42,145.56,294.52,160.06
4598,3404,17,0.86687,312.39,173.19,325.65,186.04
4599,3404,17,0.86339,343.37,172.18,356.86,185.14
4600,3404,10,0.85493,306.55,132.19,321.3,145.59
4601,3404,11,0.85111,318.41,153.34,335.7,167.57
4602,3404,11,0.84067,368.48,142.31,383.44,155.5
4603,3404,9,0.51808,281.32,160.49,295.36,173.39
4604,3404,17,0.34203,281.64,160.89,295.4,173.45
4605,3404,17,0.0019,278.65,145.72,294.74,159.84
4606,3411,2,0.86092,303.93,136.23,321.82,162.88
4607,3411,2,0.8566,389.42,126.09,409.94,151.79
4608,3413,15,0.84121,359.35,164.61,393.42,189.51
4609,3413,15,0.81928,353.61,132.08,372.78,151.62
4610,3413,7,0.79977,279.31,172.05,304.11,190.59
4611,3413,15,0.34427,393.45,107.06,407.31,127.37
4612,3413,2,0.29195,168.57,40.49,178.7,57.27
4613,3413,15,0.01537,321.03,148.47,333.41,162.24
4614,3413,17,0.00703,437.92,143.25,453.86,157.54
4615,3413,7,0.00229,393.69,106.94,407.32,126.27
4616,3421,14,0.8739,108.2,50.74,141.85,137.8
4617,3421,14,0.81232,44.0,58.64,65.41,113.29
4618,3421,5,0.10702,64.76,77.76,82.18,94.44
4619,3421,14,0.00125,0.0,83.08,4.83,136.05
4620,3421,5,0.00118,372.33,71.24,437.87,135.36
4621,3421,8,0.00114,30.77,67.98,87.72,114.47
4622,3424,5,0.82274,417.17,151.19,499.92,210.43
4623,3424,14,0.74867,288.07,117.36,361.46,247.29
4624,3424,5,0.62991,261.11,157.52,389.55,209.55
4625,3424,5,0.03918,293.18,160.78,391.11,222.71
4626,3424,5,0.02792,261.17,159.6,335.19,211.17
4627,3424,17,0.01293,28.53,112.85,44.11,129.79
4628,3424,14,0.00791,301.31,154.99,390.85,236.72
4629,3424,8,0.00225,491.79,124.67,500.0,173.84
4630,3424,8,0.00173,494.29,107.94,500.0,150.47
4631,3424,14,0.00115,495.88,125.01,500.0,157.64
4632,3427,2,0.8742,188.15,162.67,205.38,186.24
4633,3427,2,0.82935,148.03,200.18,173.75,215.77
4634,3429,16,0.86505,0.0,137.54,9.74,159.04
4635,3429,8,0.85871,234.68,114.35,256.27,150.66
4636,3429,8,0.83142,285.56,109.94,307.56,148.97
4637,3429,16,0.81208,9.64,137.32,24.82,158.23
4638,3429,16,0.80033,35.77,135.67,49.49,154.89
4639,3429,16,0.7954,23.38,136.02,35.74,156.42
4640,3429,16,0.72481,49.2,134.98,60.63,153.7
4641,3429,16,0.70479,80.09,133.49,90.5,149.91
4642,3429,16,0.70058,149.22,127.06,158.37,136.94
4643,3429,16,0.69113,60.22,134.31,70.63,152.68
4644,3429,16,0.67987,70.29,132.94,80.28,151.09
4645,3429,16,0.67435,105.42,132.7,114.61,147.59
4646,3429,5,0.65034,256.41,117.07,272.42,134.54
4647,3429,16,0.64222,97.65,133.05,106.27,148.24
4648,3429,16,0.63703,111.24,125.38,120.98,135.18
4649,3429,16,0.60994,89.99,132.9,97.98,149.06
4650,3429,14,0.36526,238.31,113.54,254.42,127.94
4651,3429,14,0.10871,159.62,106.53,169.26,126.45
4652,3429,16,0.04714,159.02,122.67,167.43,131.25
4653,3429,16,0.03605,61.67,133.44,79.76,152.09
4654,3429,14,0.02912,286.88,109.55,305.24,128.6
4655,3429,16,0.02541,158.94,107.68,167.44,130.04
4656,3429,16,0.02236,158.92,116.63,167.31,130.38
4657,3429,16,0.02092,109.49,133.86,118.83,146.76
4658,3429,16,0.01326,111.62,132.21,122.7,148.18
4659,3429,16,0.01216,113.11,125.42,125.04,135.14
4660,3429,16,0.01062,158.91,124.45,167.26,134.79
4661,3429,14,0.00915,236.92,113.42,254.94,143.49
4662,3429,16,0.00674,137.38,129.14,149.48,137.76
4663,3429,16,0.00418,111.26,130.96,120.51,137.2
4664,3429,16,0.00304,114.17,136.81,124.37,147.72
4665,3429,16,0.00245,0.0,138.92,4.67,160.68
4666,3429,5,0.00208,14.2,134.38,71.5,154.33
4667,3429,16,0.00207,0.15,157.71,3.66,175.44
4668,3429,8,0.00151,286.64,110.29,306.57,133.02
4669,3429,16,0.00129,155.8,120.45,166.51,129.73
4670,3429,16,0.00115,87.41,131.73,92.95,148.74
4671,3429,16,0.00108,143.29,127.68,153.46,136.88
4672,3430,14,0.87454,330.61,88.24,353.38,152.78
4673,3430,14,0.85784,43.32,127.15,58.77,154.05
4674,3430,14,0.83682,403.18,98.34,421.06,128.19
4675,3430,14,0.83172,0.0,107.59,24.32,187.03
4676,3430,8,0.78373,201.83,116.75,228.25,138.27
4677,3430,5,0.73601,82.6,125.35,97.03,134.83
4678,3430,16,0.6533,12.85,117.15,35.54,154.54
4679,3430,14,0.52773,178.02,106.49,194.73,123.28
4680,3430,14,0.4637,31.03,126.43,44.45,154.04
4681,3430,14,0.23185,0.01,107.65,12.94,184.11
4682,3430,16,0.21187,30.79,125.42,44.61,154.16
4683,3430,14,0.16871,41.11,125.51,69.61,138.58
4684,3430,14,0.12455,35.77,123.82,71.2,135.28
4685,3430,14,0.08406,159.13,111.72,167.75,125.71
4686,3430,14,0.06898,32.11,123.82,54.28,132.53
4687,3430,14,0.06181,164.03,108.02,172.5,125.04
4688,3430,14,0.04742,161.71,110.74,169.09,125.6
4689,3430,5,0.03159,66.48,126.82,87.18,137.03
4690,3430,14,0.02036,36.15,125.51,58.6,137.04
4691,3430,14,0.01678,31.41,120.85,56.36,131.09
4692,3430,14,0.01159,156.86,114.61,167.36,127.81
4693,3430,14,0.00635,0.0,109.08,9.12,169.87
4694,3430,14,0.0058,36.88,120.03,70.51,132.08
4695,3430,8,0.0051,0.0,101.03,27.99,187.32
4696,3430,14,0.00452,43.05,126.46,58.92,141.09
4697,3430,14,0.00447,0.0,106.33,6.8,153.0
4698,3430,5,0.00402,80.84,130.53,96.45,140.0
4699,3430,14,0.00366,54.2,125.92,68.01,141.5
4700,3430,14,0.00345,399.28,97.03,408.9,121.53
4701,3430,8,0.003,0.0,107.28,60.72,185.4
4702,3430,16,0.00293,17.72,119.33,47.07,135.35
4703,3430,14,0.00258,181.98,105.62,193.26,120.99
4704,3430,16,0.00256,24.28,119.64,42.76,141.12
4705,3430,14,0.00225,30.65,123.72,45.18,136.77
4706,3430,16,0.00215,16.43,116.66,34.74,137.58
4707,3430,14,0.00178,438.53,69.55,452.92,125.91
4708,3430,14,0.00138,0.02,163.85,4.12,189.61
4709,3430,14,0.00136,156.06,112.44,164.42,127.0
4710,3430,14,0.00132,30.15,122.53,48.62,133.96
4711,3430,5,0.00129,67.18,127.49,78.74,137.51
4712,3430,14,0.00116,201.49,111.49,211.09,121.33
4713,3430,14,0.00101,0.02,106.98,6.41,133.18
4714,3432,5,0.85989,171.71,106.51,199.0,128.45
4715,3432,5,0.83416,226.69,108.92,272.09,138.96
4716,3432,5,0.78078,206.01,92.21,228.92,110.67
4717,3432,5,0.76954,195.1,71.66,211.4,85.36
4718,3432,5,0.71962,215.05,65.11,231.11,77.05
4719,3432,5,0.08711,90.58,60.61,124.34,77.82
4720,3432,5,0.05082,43.74,73.12,83.35,87.82
4721,3432,5,0.01678,208.7,57.54,304.89,100.47
4722,3432,5,0.01545,0.0,73.81,28.54,87.01
4723,3432,5,0.01319,171.08,53.99,232.46,81.89
4724,3432,5,0.00782,0.0,65.55,22.37,87.93
4725,3432,5,0.00315,0.34,65.66,19.38,79.65
4726,3432,5,0.00218,240.09,60.65,303.2,104.36
4727,3432,5,0.00174,157.68,62.34,214.88,94.16
4728,3432,8,0.00165,47.41,92.51,73.14,106.8
4729,3432,5,0.00135,36.85,33.32,63.53,44.3
4730,3432,5,0.00114,46.26,92.06,71.97,106.89
4731,3432,5,0.00107,144.73,59.92,158.72,69.89
4732,3432,5,0.00106,173.66,52.78,227.35,73.66
4733,3435,14,0.87098,161.56,94.3,203.13,215.45
4734,3435,14,0.85432,135.87,112.75,168.79,203.7
4735,3435,14,0.8477,303.62,132.41,326.33,215.39
4736,3435,14,0.82327,246.14,133.04,272.3,207.38
4737,3435,5,0.81177,403.54,177.31,479.45,219.16
4738,3435,14,0.51653,203.81,127.16,252.08,204.3
4739,3435,14,0.05363,213.15,128.25,233.66,165.44
4740,3435,8,0.0292,0.03,111.22,14.35,208.76
4741,3435,8,0.01166,187.58,147.78,226.63,203.2
4742,3435,5,0.00424,0.0,123.19,9.03,182.47
4743,3435,5,0.00337,488.75,177.11,500.0,205.21
4744,3435,8,0.00276,0.02,133.46,15.52,193.65
4745,3435,5,0.00274,483.24,175.6,500.0,202.04
4746,3435,14,0.00199,215.45,127.72,245.13,166.08
4747,3435,14,0.00185,216.34,127.89,233.4,153.67
4748,3435,14,0.00181,141.35,113.37,165.45,130.11
4749,3435,8,0.00133,204.85,126.38,285.27,208.01
4750,3437,9,0.91469,321.03,41.75,344.72,64.49
4751,3437,11,0.88617,325.95,170.43,352.13,191.42
4752,3437,9,0.88413,276.73,46.57,299.68,66.26
4753,3437,10,0.88394,370.84,124.84,391.07,148.33
4754,3437,10,0.87994,368.51,81.15,391.74,102.36
4755,3437,11,0.87457,292.66,96.04,315.93,120.43
4756,3437,9,0.8669,237.73,127.91,256.11,146.26
4757,3437,17,0.8596,239.12,87.73,257.0,105.63
4758,3437,17,0.01562,238.1,127.95,255.94,146.28
4759,3437,13,0.00108,325.77,170.53,352.61,191.26
4760,3444,9,0.88095,281.0,99.87,296.22,117.21
4761,3444,9,0.87676,265.09,130.25,280.25,148.85
4762,3444,10,0.8699,350.4,110.53,367.79,126.57
4763,3444,10,0.84123,370.67,73.65,385.1,88.01
4764,3444,9,0.65194,192.04,108.28,206.01,122.01
4765,3444,17,0.34571,192.2,108.52,206.11,121.99
4766,3444,6,0.00541,163.17,67.28,202.9,87.26
4767,3450,5,0.65999,36.11,34.01,331.84,161.87
4768,3450,8,0.01242,454.7,64.7,503.97,131.74
4769,3450,8,0.00686,474.72,67.61,504.0,132.35
4770,3450,14,0.00384,500.35,45.99,504.0,80.26
4771,3450,8,0.00313,19.75,34.16,352.4,162.44
4772,3450,8,0.00241,495.58,85.57,504.0,132.35
4773,3450,14,0.00173,497.04,46.88,504.0,82.25
4774,3450,8,0.00157,490.9,81.89,503.98,131.82
4775,3450,14,0.00149,499.95,47.72,504.0,95.54
4776,3450,5,0.00134,466.46,64.73,504.0,128.19
4777,3450,5,0.00118,486.34,69.54,504.0,100.45
4778,3456,15,0.9255,107.71,63.11,148.69,109.96
4779,3456,15,0.91234,92.81,171.97,132.66,216.95
4780,3457,7,0.91476,37.32,112.24,84.16,155.6
4781,3457,7,0.89136,139.53,103.44,179.02,141.95
4782,3465,15,0.87892,235.06,23.31,257.98,52.08
4783,3465,15,0.86898,150.14,38.51,171.81,64.86
4784,3481,13,0.82938,103.01,169.47,143.22,210.64
4785,3481,12,0.82025,220.34,181.9,257.12,213.56
4786,3481,12,0.76246,196.1,121.72,234.67,156.69
4787,3481,0,0.02396,195.58,121.22,234.81,156.88
4788,3488,10,0.86953,219.73,57.57,232.74,68.63
4789,3488,10,0.85586,226.81,68.82,238.03,79.82
4790,3488,11,0.85138,182.77,68.3,195.91,80.03
4791,3488,11,0.84675,209.86,83.96,223.88,95.12
4792,3488,17,0.8117,153.12,71.65,163.34,81.97
4793,3488,17,0.71006,157.26,81.83,167.29,92.79
4794,3488,17,0.38934,168.11,57.72,180.78,68.03
4795,3488,9,0.04516,190.51,51.79,204.04,63.06
4796,3488,17,0.00293,190.42,52.09,203.79,63.19
4797,3488,11,0.00202,189.52,54.27,201.42,64.42
4798,3512,5,0.89718,212.85,34.36,283.06,71.92
4799,3512,5,0.89479,26.48,64.74,98.56,111.37
4800,3512,5,0.89344,81.15,43.42,150.66,91.84
4801,3512,5,0.87362,50.88,18.82,99.84,47.34
4802,3512,5,0.85953,403.59,176.33,499.99,255.24
4803,3512,5,0.84485,330.69,81.66,433.76,136.63
4804,3512,5,0.84468,218.37,84.84,338.36,161.29
4805,3512,5,0.84055,15.14,1.3,52.07,19.32
4806,3512,5,0.8289,0.0,18.27,28.68,47.52
4807,3512,5,0.80549,135.96,37.2,193.09,71.66
4808,3512,5,0.05211,279.68,160.21,341.36,208.22
4809,3512,5,0.003,404.16,212.75,500.0,255.84
4810,3512,5,0.0016,478.77,69.28,500.0,126.67
4811,3514,7,0.9041,393.42,136.63,419.3,159.42
4812,3514,7,0.86227,215.18,160.59,247.04,185.78
4813,3514,17,0.01576,279.85,208.36,305.47,228.89
4814,3520,14,0.85621,221.23,137.74,267.78,245.71
4815,3520,5,0.77929,293.06,176.09,366.79,220.08
4816,3520,5,0.05571,0.0,173.97,186.07,224.49
4817,3520,5,0.01987,50.39,188.75,194.97,226.12
4818,3520,5,0.00469,0.0,223.79,75.29,255.82
4819,3520,5,0.00325,62.8,227.62,156.71,256.0
4820,3522,5,0.91112,75.28,4.9,266.81,94.11
4821,3522,5,0.87272,0.0,16.77,78.16,86.15
4822,3522,5,0.73973,253.01,1.48,349.93,68.49
4823,3522,5,0.1625,185.33,0.78,348.98,69.57
4824,3522,8,0.0151,303.56,0.0,339.19,9.93
4825,3522,8,0.00318,301.71,0.42,318.78,7.71
4826,3522,8,0.00299,309.27,0.0,356.69,9.62
4827,3522,8,0.00209,182.75,0.32,209.27,8.55
4828,3523,8,0.88246,161.76,110.83,215.54,181.79
4829,3523,16,0.78934,20.83,123.68,35.4,146.36
4830,3523,16,0.77246,4.99,124.44,21.72,147.83
4831,3523,14,0.75772,167.24,92.67,211.3,121.63
4832,3523,14,0.70783,302.44,102.51,319.82,118.38
4833,3523,8,0.68099,298.23,111.21,322.15,146.2
4834,3523,16,0.66068,0.02,123.68,5.58,147.16
4835,3523,16,0.62883,34.94,124.15,49.89,145.4
4836,3523,16,0.59335,61.03,123.19,74.83,142.37
4837,3523,16,0.46654,49.03,123.37,60.8,143.16
4838,3523,16,0.38868,74.31,122.05,85.83,141.6
4839,3523,16,0.32092,85.23,121.56,96.08,140.76
4840,3523,16,0.2932,130.63,122.09,139.68,136.7
4841,3523,16,0.24331,104.91,121.38,115.77,138.48
4842,3523,16,0.23945,136.68,114.49,146.73,124.4
4843,3523,16,0.21816,95.73,121.07,105.71,138.97
4844,3523,8,0.17234,278.28,112.25,297.68,146.19
4845,3523,16,0.17006,114.96,121.32,123.54,137.35
4846,3523,16,0.15669,122.63,121.61,131.83,136.74
4847,3523,8,0.0753,275.96,99.08,304.63,146.5
4848,3523,14,0.03702,165.56,92.04,211.89,155.27
4849,3523,16,0.01316,132.99,120.41,141.45,129.09
4850,3523,16,0.01276,132.19,122.48,142.49,137.61
4851,3523,14,0.01083,200.04,106.12,212.61,121.18
4852,3523,16,0.00791,136.05,120.53,146.09,136.12
4853,3523,8,0.00558,279.9,99.35,303.69,124.09
4854,3523,14,0.00385,162.27,104.6,176.72,126.94
4855,3523,16,0.0025,136.91,116.67,147.98,126.16
4856,3523,8,0.00231,274.88,111.88,289.02,136.05
4857,3523,16,0.00187,125.37,119.35,136.06,135.75
4858,3523,16,0.00147,138.66,114.26,150.93,124.67
4859,3523,8,0.00129,274.22,111.12,285.7,127.65
4860,3523,14,0.00124,162.49,103.73,173.89,118.21
4861,3523,14,0.00114,171.12,92.83,200.21,114.86
4862,3524,4,0.88592,234.08,90.27,329.85,169.41
4863,3524,13,0.87683,392.79,105.65,444.07,152.68
4864,3524,7,0.00403,342.06,94.45,361.23,110.83
4865,3524,14,0.00245,331.81,0.91,433.7,82.8
4866,3524,14,0.0016,231.8,1.38,385.72,84.34
4867,3530,2,0.88399,126.86,68.81,156.11,105.55
4868,3530,2,0.80237,134.56,38.76,153.49,57.27
4869,3530,2,0.61795,61.66,54.35,79.84,71.81
4870,3530,17,0.03483,61.79,54.48,79.91,71.85
4871,3530,17,0.0025,134.7,38.92,153.22,57.37
4872,3533,10,0.74271,180.54,81.8,208.2,108.93
4873,3533,10,0.66066,349.54,104.2,378.74,132.78
4874,3533,11,0.02414,180.05,81.69,208.13,108.84
4875,3533,7,0.00111,0.02,79.0,54.78,180.22
4876,3540,11,0.89535,138.36,71.62,160.58,96.78
4877,3540,10,0.8878,76.33,39.05,99.67,61.61
4878,3540,11,0.8875,132.28,19.78,158.9,39.64
4879,3540,9,0.88331,129.61,119.29,156.48,142.02
4880,3540,10,0.88092,55.03,70.17,77.15,94.24
4881,3540,17,0.86865,208.7,65.43,228.11,85.32
4882,3540,17,0.77871,193.53,96.28,213.56,116.97
4883,3540,17,0.69458,80.92,108.79,105.06,136.3
4884,3540,9,0.62931,193.2,96.17,213.63,117.01
4885,3540,9,0.59307,80.79,108.87,105.07,136.27
4886,3546,5,0.87594,285.46,99.06,426.28,167.45
4887,3546,8,0.75321,3.71,128.43,80.08,194.42
4888,3546,14,0.3258,114.21,116.63,130.49,165.02
4889,3546,14,0.14961,0.0,116.14,23.21,181.21
4890,3546,8,0.03279,0.0,116.35,21.91,181.53
4891,3546,5,0.03081,153.12,112.39,258.48,153.9
4892,3546,14,0.02444,20.51,121.02,77.94,194.64
4893,3546,14,0.01869,469.67,106.83,474.0,141.7
4894,3546,14,0.01812,467.56,105.92,474.0,148.14
4895,3546,5,0.01773,177.11,106.68,292.97,157.71
4896,3546,14,0.01078,467.42,100.15,474.0,169.71
4897,3546,14,0.01002,469.5,86.54,474.0,142.78
4898,3546,14,0.00702,469.23,103.88,474.0,160.28
4899,3546,14,0.00571,30.67,110.47,66.26,188.09
4900,3546,8,0.00539,0.0,67.31,28.6,185.16
4901,3546,14,0.0034,0.01,76.72,28.62,173.75
4902,3546,14,0.00317,225.57,129.28,244.23,164.7
4903,3546,14,0.00254,0.0,111.7,6.08,188.69
4904,3546,8,0.00238,0.0,129.34,4.65,184.49
4905,3546,14,0.00221,467.39,79.35,474.0,139.03
4906,3546,14,0.00163,107.74,115.62,126.49,161.36
4907,3551,2,0.89448,297.63,137.58,331.96,163.55
4908,3551,2,0.88693,418.56,155.26,449.24,183.08
4909,3552,0,0.93357,164.19,145.68,211.54,194.62
4910,3552,4,0.93048,144.66,80.41,196.06,143.35
4911,3552,12,0.91755,216.11,104.63,260.24,143.47
4912,3552,3,0.89626,253.97,134.83,347.12,198.76
4913,3552,1,0.86567,253.77,62.04,293.53,100.71
4914,3553,7,0.87219,296.66,177.29,324.9,204.39
4915,3553,7,0.86056,399.96,112.62,424.04,135.86
4916,3561,10,0.88691,297.36,123.92,329.65,154.66
4917,3561,10,0.51693,251.47,80.99,279.25,111.72
4918,3576,2,0.84742,161.14,185.92,188.03,209.09
4919,3576,2,0.02174,66.57,205.3,89.01,227.64
4920,3579,17,0.86379,259.38,191.8,282.11,213.86
4921,3579,17,0.05942,383.41,130.89,401.31,150.15
4922,3584,11,0.88913,380.63,107.88,429.37,148.5
4923,3584,0,0.85793,273.43,165.11,326.31,215.25
4924,3584,11,0.79221,192.28,130.54,234.3,170.26
4925,3584,0,0.34082,292.7,78.68,335.65,114.61
4926,3584,9,0.32209,292.8,78.84,335.89,115.88
4927,3585,15,0.90166,96.57,139.43,127.02,171.92
4928,3585,7,0.86401,37.61,184.12,59.95,208.33
4929,3585,15,0.83679,20.12,123.41,46.91,146.08
4930,3585,7,0.83241,12.65,90.93,33.4,110.83
4931,3585,7,0.0466,0.0,121.9,4.25,132.52
4932,3585,15,0.01985,22.82,155.52,38.37,170.45
4933,3590,2,0.87697,146.67,136.63,182.13,160.27
4934,3590,17,0.76616,182.8,182.59,199.84,198.99
4935,3590,17,0.65471,60.63,181.58,76.69,197.71
4936,3590,2,0.22562,0.0,110.18,12.34,136.75
4937,3590,2,0.00675,0.0,106.71,8.22,135.65
4938,3598,7,0.86975,395.99,82.37,423.56,104.68
4939,3598,7,0.84579,230.19,26.2,255.23,47.6
4940,3598,7,0.67106,13.3,138.44,37.74,157.55
4941,3598,17,0.02216,31.91,198.23,50.33,214.11
4942,3606,4,0.89326,147.6,57.39,244.62,102.62
4943,3606,13,0.85833,213.43,125.95,262.77,178.76
4944,3606,1,0.83569,389.81,47.16,439.39,96.46
4945,3606,14,0.10188,285.44,3.89,370.65,160.96
4946,3606,14,0.02966,279.03,2.92,370.45,91.95
4947,3606,5,0.02003,0.0,0.83,255.21,180.72
4948,3606,5,0.01564,14.24,0.99,254.39,102.06
4949,3606,16,0.00756,298.39,76.9,376.59,155.89
4950,3606,14,0.00715,310.4,0.9,395.52,82.57
4951,3606,8,0.00702,391.69,47.52,439.72,96.89
4952,3606,5,0.00206,152.1,0.28,382.77,180.7
4953,3606,14,0.00197,294.1,1.66,396.69,113.6
4954,3606,2,0.00138,1.85,35.33,62.31,105.51
4955,3606,14,0.00121,350.14,0.07,395.88,42.36
4956,3610,14,0.80872,37.66,16.5,52.96,50.44
4957,3610,0,0.07415,406.66,132.96,424.88,150.61
4958,3610,14,0.00698,333.24,55.5,342.93,77.19
4959,3610,14,0.00405,355.19,52.42,365.51,83.05
4960,3610,14,0.00281,333.66,49.52,345.35,77.85
4961,3610,8,0.00154,465.32,75.05,469.0,108.8
4962,3610,14,0.00114,465.41,75.87,469.0,107.06
4963,3610,8,0.00101,461.91,75.05,469.0,107.67
4964,3610,14,0.001,323.3,59.5,335.59,78.93
4965,3611,2,0.89396,43.43,130.12,75.31,169.27
4966,3611,17,0.8137,62.7,198.07,81.95,217.56
4967,3611,17,0.78258,137.4,162.2,155.29,179.56
4968,3615,2,0.86842,165.1,45.66,185.62,72.19
4969,3615,2,0.71239,238.9,45.87,264.84,62.31
4970,3615,5,0.00142,320.02,20.44,366.81,59.77
4971,3620,15,0.90139,186.97,49.21,206.0,69.7
4972,3620,15,0.89626,132.94,52.86,148.75,67.68
4973,3620,15,0.89359,78.84,44.15,95.69,62.9
4974,3622,15,0.91927,308.66,40.02,345.74,83.31
4975,3622,15,0.91464,159.13,86.53,201.25,132.34
4976,3623,7,0.8614,103.13,48.36,128.57,68.66
4977,3623,7,0.85367,44.56,124.01,73.79,145.02
4978,3631,14,0.87726,305.53,90.5,334.29,175.61
4979,3631,5,0.84167,414.14,132.86,486.36,174.41
4980,3631,14,0.83161,351.48,85.54,388.03,184.81
4981,3631,14,0.82679,214.22,97.52,242.72,168.85
4982,3631,14,0.82169,139.11,84.79,180.98,169.77
4983,3631,5,0.28587,1.49,116.72,151.36,162.03
4984,3631,5,0.07326,490.19,138.53,500.0,170.18
4985,3631,5,0.02522,179.96,77.66,211.81,97.27
4986,3631,5,0.00887,489.8,129.63,500.0,163.27
4987,3631,5,0.00656,28.19,119.48,125.81,160.25
4988,3631,5,0.00565,493.55,143.12,500.0,174.39
4989,3631,5,0.00295,478.56,128.97,500.0,172.65
4990,3631,8,0.00289,302.06,256.0,484.65,256.0
4991,3631,8,0.00259,0.04,109.17,16.05,174.74
4992,3631,8,0.00228,18.58,256.0,238.01,256.0
4993,3631,5,0.00163,469.87,124.66,500.0,160.49
4994,3631,5,0.00105,423.56,103.95,499.71,152.77
4995,3631,14,0.001,163.7,88.34,180.59,148.8
4996,3636,2,0.90043,309.11,181.83,338.85,210.02
4997,3636,2,0.8968,188.49,169.18,223.34,196.43
4998,3636,2,0.04302,0.0,83.33,7.49,112.7
4999,3643,10,0.87091,303.73,192.46,316.35,203.34
5000,3643,11,0.8671,291.95,218.82,305.71,229.86
5001,3643,10,0.83471,310.12,204.48,320.99,215.49
5002,3643,11,0.83116,266.48,200.97,278.65,211.99
5003,3643,17,0.75218,239.73,212.38,250.1,223.51
5004,3643,17,0.69482,236.69,201.68,246.64,212.02
5005,3643,9,0.51672,252.88,188.67,264.57,198.99
5006,3643,9,0.46581,274.83,184.79,287.6,195.56
5007,3643,2,0.11461,0.0,94.93,22.84,116.99
5008,3643,17,0.01833,253.0,188.8,264.57,199.15
5009,3643,17,0.00238,275.03,184.91,287.34,195.76
5010,3648,15,0.89464,226.42,174.62,244.49,190.85
5011,3648,15,0.89105,270.9,170.04,290.8,187.7
5012,3652,3,0.85853,139.13,87.55,183.9,136.48
5013,3652,1,0.84046,231.49,51.4,267.24,89.34
5014,3652,13,0.82045,178.28,31.25,217.71,69.41
5015,3652,3,0.80295,67.73,80.96,140.73,106.53
5016,3652,3,0.7928,214.62,96.8,303.76,126.57
5017,3658,15,0.89492,360.96,173.81,382.12,192.63
5018,3658,15,0.88331,410.55,177.36,432.69,200.15
5019,3658,5,0.0071,247.61,80.0,290.79,104.89
5020,3658,14,0.00151,0.01,32.24,5.45,84.28
5021,3658,15,0.00137,363.28,120.72,387.33,137.52
5022,3661,15,0.88959,416.37,152.71,436.02,171.61
5023,3661,15,0.87709,380.59,162.44,400.49,180.13
5024,3661,15,0.00676,484.41,136.15,502.0,152.11
5025,3664,2,0.89547,289.94,64.1,321.36,103.89
5026,3664,17,0.79031,281.38,31.64,298.76,48.63
5027,3664,17,0.3638,354.79,48.87,373.93,68.02
5028,3664,2,0.03476,354.21,48.79,374.14,68.24
5029,3664,2,0.00488,352.33,48.59,375.43,82.41
5030,3676,1,0.90584,259.94,16.45,304.67,61.91
5031,3676,13,0.87991,426.14,20.47,472.6,65.74
5032,3676,4,0.41379,296.47,139.49,347.27,238.01
5033,3676,4,0.02089,261.79,139.81,348.04,239.67
5034,3676,0,0.01026,425.86,20.87,471.7,63.38
5035,3676,8,0.00127,425.89,20.82,471.76,63.55
5036,3686,17,0.85785,186.32,60.97,197.34,71.7
5037,3686,11,0.85273,255.32,58.8,268.01,70.07
5038,3686,10,0.84697,248.18,46.17,260.55,57.15
5039,3686,10,0.8457,227.38,39.48,240.84,50.66
5040,3686,11,0.80942,209.33,52.95,224.66,64.49
5041,3686,9,0.71978,193.48,39.62,208.65,50.69
5042,3686,17,0.68444,205.4,67.2,216.58,78.55
5043,3686,9,0.66545,180.55,47.69,192.67,58.53
5044,3686,17,0.15572,180.5,47.64,192.54,58.05
5045,3691,2,0.86144,338.52,48.07,355.71,70.98
5046,3691,2,0.86033,384.28,73.1,402.9,97.35
5047,3691,2,0.05204,476.46,150.03,479.0,167.01
5048,3691,2,0.00242,474.56,147.59,479.0,166.79
5049,3691,2,0.00142,476.24,144.34,479.0,165.02
5050,3708,10,0.88931,261.44,10.46,278.13,23.67
5051,3708,10,0.8892,231.43,9.32,247.09,23.69
5052,3708,11,0.85141,242.05,31.86,260.24,46.54
5053,3708,17,0.83666,266.15,51.24,280.84,65.58
5054,3708,11,0.83514,293.17,22.3,308.36,36.07
5055,3708,17,0.83507,235.28,51.35,249.65,65.29
5056,3708,9,0.79338,202.43,22.28,219.49,36.85
5057,3708,9,0.56863,204.38,37.2,219.72,51.11
5058,3708,17,0.00194,202.89,22.25,219.55,36.64
5059,3708,17,0.00153,204.27,37.04,219.97,50.88
5060,3720,2,0.87683,387.98,53.54,427.7,99.08
5061,3720,17,0.73152,313.84,33.12,334.54,52.47
5062,3720,2,0.70883,294.45,109.91,317.46,130.32
5063,3720,17,0.7055,295.18,110.08,317.62,130.44
5064,3720,2,0.30965,313.62,33.23,334.52,52.68
5065,3720,2,0.00272,250.98,105.55,317.66,129.57
5066,3726,17,0.87617,172.16,193.76,184.84,207.27
5067,3726,10,0.86841,130.5,151.15,146.76,164.72
5068,3726,17,0.8654,194.13,182.79,207.12,196.06
5069,3726,11,0.85547,171.15,151.1,187.84,163.84
5070,3726,10,0.84342,106.89,160.64,120.71,176.02
5071,3726,17,0.82035,104.07,181.25,119.04,198.03
5072,3726,11,0.77435,149.79,174.61,164.98,189.58
5073,3726,17,0.66657,126.8,193.84,142.8,208.44
5074,3726,9,0.04678,126.48,193.88,142.93,208.35
5075,3731,15,0.90228,386.58,36.52,405.69,55.17
5076,3731,15,0.89251,350.58,45.62,370.28,63.4
5077,3736,2,0.89775,381.09,133.96,420.02,175.53
5078,3736,17,0.81695,286.96,182.41,310.45,203.03
5079,3736,2,0.72235,308.62,107.48,329.17,124.85
5080,3736,17,0.33465,309.06,107.25,329.13,125.0
5081,3736,2,0.15656,287.14,182.29,310.61,203.0
5082,3736,14,0.00211,18.53,241.0,68.78,241.0
5083,3736,2,0.00107,277.14,106.25,330.01,125.56
5084,3738,14,0.86589,107.05,58.91,129.11,127.16
5085,3738,14,0.01321,450.77,109.93,457.77,128.01
5086,3738,14,0.00496,448.93,111.72,458.31,130.75
5087,3738,5,0.00172,365.55,122.74,393.05,145.32
5088,3748,15,0.88248,182.2,174.53,204.05,199.03
5089,3748,15,0.87466,247.8,177.23,270.64,204.88
5090,3752,2,0.87823,409.76,154.62,427.52,176.35
5091,3752,2,0.8613,392.48,180.3,409.36,202.74
5092,3753,15,0.90884,245.01,137.33,275.97,169.67
5093,3753,7,0.88024,163.17,93.15,182.68,112.18
5094,3753,7,0.87318,190.81,182.85,212.44,205.98
5095,3753,15,0.83982,171.57,124.0,197.03,146.64
5096,3753,15,0.00796,174.4,155.78,189.75,168.67
5097,3753,7,0.00148,134.27,98.25,149.58,114.5
5098,3763,10,0.87845,109.36,81.17,126.05,93.84
5099,3763,17,0.85488,113.04,121.55,127.21,135.12
5100,3763,17,0.8511,81.64,120.8,95.91,133.79
5101,3763,11,0.84819,140.82,93.48,156.03,107.22
5102,3763,10,0.84198,79.07,79.16,94.47,92.69
5103,3763,11,0.83532,88.87,101.24,107.21,115.89
5104,3763,9,0.62479,48.31,90.4,65.65,105.06
5105,3763,17,0.60728,49.99,105.62,65.27,119.29
5106,3769,10,0.87277,275.14,88.56,290.89,103.64
5107,3769,9,0.87069,149.82,62.57,165.29,78.09
5108,3769,10,0.86541,213.13,93.13,231.21,108.14
5109,3769,9,0.82593,198.44,63.49,215.82,77.1
5110,3769,9,0.80315,151.08,29.58,162.95,41.18
5111,3769,17,0.01349,151.16,29.4,162.89,41.41
5112,3772,4,0.9215,151.24,80.73,208.08,140.48
5113,3772,3,0.88632,53.34,59.04,122.55,107.61
5114,3772,3,0.88365,417.15,108.71,459.68,179.93
5115,3772,3,0.87349,269.66,99.6,328.29,159.44
5116,3774,0,0.88568,370.98,180.86,385.98,195.87
5117,3774,1,0.85432,420.8,192.7,436.87,208.71
5118,3774,14,0.55587,274.73,11.56,290.27,52.37
5119,3779,2,0.84644,388.9,35.31,417.66,58.43
5120,3779,2,0.32622,287.47,46.59,318.01,68.95
5121,3780,7,0.89277,277.44,116.47,312.32,143.45
5122,3780,7,0.8644,233.04,149.16,261.27,177.08
5123,3780,17,0.84877,222.72,107.31,240.2,124.72
5124,3780,17,0.81067,238.9,130.39,257.28,149.28
5125,3780,17,0.02535,289.29,193.25,314.86,215.71
5126,3780,2,0.00591,289.22,193.5,314.93,215.76
5127,3784,14,0.84277,113.38,137.35,140.56,225.61
5128,3784,5,0.82916,304.49,147.98,435.05,197.75
5129,3784,5,0.77938,461.78,135.67,500.0,196.34
5130,3786,2,0.8607,370.8,142.56,388.86,166.21
5131,3786,2,0.82684,330.12,179.3,355.98,194.29
5132,3791,15,0.91135,358.71,168.17,376.96,184.37
5133,3791,15,0.88658,403.33,160.67,423.58,178.18
5134,3795,14,0.87286,11.38,139.3,43.78,223.57
5135,3795,5,0.82962,365.57,149.04,484.93,205.56
5136,3795,14,0.81415,327.94,109.43,380.12,253.1
5137,3795,5,0.80081,192.62,149.01,320.09,200.02
5138,3795,5,0.37106,477.27,131.2,500.0,206.84
5139,3795,5,0.01919,80.68,156.72,171.21,192.92
5140,3795,5,0.00622,459.73,137.92,500.0,207.01
5141,3795,5,0.00553,366.32,135.42,412.53,149.33
5142,3795,5,0.00527,324.55,130.93,414.86,160.88
5143,3795,5,0.00517,354.65,135.05,412.11,184.32
5144,3795,5,0.00243,325.51,127.83,415.6,178.71
5145,3795,5,0.00238,355.88,134.87,412.25,156.14
5146,3795,8,0.00202,487.69,129.45,500.0,187.11
5147,3795,8,0.00187,125.24,157.21,169.03,190.88
5148,3799,14,0.87517,179.89,126.57,212.9,163.62
5149,3799,14,0.86787,323.58,89.18,349.12,154.23
5150,3799,8,0.83289,203.63,116.99,227.62,136.0
5151,3799,16,0.80239,10.16,117.29,37.94,156.08
5152,3799,14,0.77932,401.45,98.71,415.53,128.51
5153,3799,14,0.77621,76.9,117.54,94.63,148.86
5154,3799,14,0.77471,41.47,127.21,61.35,153.79
5155,3799,8,0.62248,172.55,108.13,191.58,124.66
5156,3799,14,0.56572,41.07,121.67,70.77,136.65
5157,3799,14,0.4539,66.42,125.64,78.3,150.03
5158,3799,14,0.38696,443.13,91.74,457.37,124.43
5159,3799,14,0.38681,172.52,107.95,193.32,124.29
5160,3799,14,0.23971,66.74,140.29,78.72,151.22
5161,3799,14,0.19316,40.25,124.81,54.53,134.38
5162,3799,14,0.15211,439.04,79.02,456.79,124.91
5163,3799,14,0.09329,183.88,107.73,194.9,123.81
5164,3799,14,0.0522,46.75,124.29,69.7,139.78
5165,3799,14,0.03604,32.15,124.82,54.63,136.51
5166,3799,14,0.03533,41.28,119.28,61.49,131.64
5167,3799,14,0.01697,165.0,109.83,172.41,125.05
5168,3799,14,0.01562,60.29,125.31,77.57,145.65
5169,3799,14,0.01407,54.09,125.1,76.4,141.78
5170,3799,14,0.01037,55.21,124.97,69.35,140.27
5171,3799,16,0.01036,30.34,123.8,41.29,146.93
5172,3799,16,0.0087,30.75,122.64,47.0,140.11
5173,3799,14,0.00867,171.38,107.17,183.98,122.73
5174,3799,14,0.00762,48.18,126.28,63.53,145.44
5175,3799,14,0.00725,434.0,68.47,454.89,125.39
5176,3799,14,0.0058,162.15,113.91,170.29,125.56
5177,3799,14,0.00385,0.02,112.92,9.19,156.27
5178,3799,16,0.00379,20.46,118.72,40.29,146.59
5179,3799,16,0.00358,37.21,125.47,53.2,140.24
5180,3799,14,0.00335,40.33,125.96,53.93,145.67
5181,3799,14,0.00305,203.89,111.13,210.88,120.33
5182,3799,16,0.00289,38.31,126.1,51.15,153.0
5183,3799,8,0.00281,316.32,91.4,369.87,155.16
5184,3799,14,0.00264,54.61,114.14,77.01,133.95
5185,3799,5,0.0024,0.0,145.94,11.98,159.48
5186,3799,14,0.00224,58.51,118.95,77.96,136.41
5187,3799,14,0.00219,182.61,126.94,202.35,146.81
5188,3799,14,0.00208,67.44,114.45,91.43,130.86
5189,3799,14,0.00206,173.47,105.92,184.52,119.2
5190,3799,14,0.0019,60.5,111.6,76.94,130.38
5191,3799,14,0.00156,32.69,116.65,58.74,131.76
5192,3799,14,0.00141,320.33,104.66,329.72,135.03
5193,3799,14,0.0011,161.43,107.1,171.94,125.45
5194,3799,14,0.00107,165.78,106.26,175.7,125.29
5195,3800,2,0.83139,133.1,24.22,160.35,46.03
5196,3800,2,0.05567,37.05,40.71,59.47,62.1
5197,3800,2,0.02098,84.52,13.18,95.81,31.24
5198,3805,2,0.87143,398.0,110.91,421.11,139.64
5199,3805,2,0.86861,302.88,113.29,320.74,141.61
5200,3809,10,0.89704,267.91,192.28,293.83,221.3
5201,3809,10,0.87822,152.96,144.59,176.73,167.73
5202,3809,11,0.70757,190.44,210.97,216.45,236.66
5203,3809,11,0.68654,245.86,149.64,269.35,172.68
5204,3809,16,0.09161,190.47,210.8,216.3,236.6
5205,3809,2,0.00771,107.38,136.22,129.33,157.87
5206,3809,9,0.00118,107.01,136.1,129.49,157.81
5207,3810,7,0.83441,149.75,65.81,171.08,81.46
5208,3810,7,0.79927,93.09,28.7,114.34,44.83
5209,3816,8,0.85348,0.0,117.77,88.49,245.04
5210,3816,14,0.85279,22.02,80.53,79.29,117.77
5211,3816,8,0.79558,283.16,112.97,311.98,151.03
5212,3816,16,0.77784,79.87,124.81,89.81,141.03
5213,3816,14,0.73244,287.07,101.41,308.19,120.26
5214,3816,16,0.66871,89.96,123.46,99.51,140.5
5215,3816,16,0.66765,99.5,123.66,109.72,140.1
5216,3816,16,0.61964,168.13,119.0,177.56,129.12
5217,3816,16,0.56728,124.63,123.37,134.31,138.67
5218,3816,16,0.52367,131.27,116.86,140.66,126.45
5219,3816,8,0.51009,251.17,117.09,267.08,145.99
5220,3816,16,0.50881,116.92,123.44,125.35,138.63
5221,3816,16,0.41719,109.36,123.4,117.31,138.75
5222,3816,14,0.13567,0.0,101.72,8.83,135.33
5223,3816,16,0.07204,129.39,121.42,137.49,135.88
5224,3816,16,0.05548,127.14,121.78,134.59,128.38
5225,3816,16,0.0527,75.65,124.89,80.91,135.75
5226,3816,16,0.04582,0.0,103.67,8.98,133.56
5227,3816,14,0.03498,0.0,102.3,9.19,156.3
5228,3816,8,0.0236,262.04,108.46,282.52,146.47
5229,3816,16,0.02242,127.72,124.11,136.77,138.69
5230,3816,16,0.02023,74.77,111.86,80.34,127.32
5231,3816,16,0.01926,135.07,117.98,143.12,127.97
5232,3816,16,0.01705,76.19,125.43,86.0,139.49
5233,3816,8,0.01046,252.2,96.05,281.84,121.24
5234,3816,16,0.01011,177.53,114.22,185.94,123.98
5235,3816,8,0.00948,0.03,96.25,8.94,133.26
5236,3816,14,0.00749,0.01,93.46,6.53,131.89
5237,3816,16,0.00721,159.74,118.93,175.57,129.54
5238,3816,16,0.00633,83.32,124.11,90.56,140.29
5239,3816,5,0.00502,250.44,95.5,282.8,145.29
5240,3816,16,0.00435,69.32,124.87,77.39,131.72
5241,3816,8,0.0041,3.29,162.86,50.23,230.51
5242,3816,16,0.00376,176.65,115.75,184.93,128.04
5243,3816,8,0.00271,271.76,114.39,285.43,144.62
5244,3816,16,0.0026,68.29,111.25,79.43,127.42
5245,3816,8,0.00244,250.86,103.44,283.4,146.35
5246,3816,8,0.00241,15.02,158.99,45.11,239.85
5247,3816,16,0.00227,170.39,118.14,182.02,129.14
5248,3816,16,0.00209,173.43,114.41,181.51,123.96
5249,3816,16,0.00191,138.93,123.4,146.46,136.19
5250,3816,14,0.00187,0.01,107.16,3.9,137.88
5251,3816,16,0.0018,0.02,112.61,7.63,136.35
5252,3816,8,0.0018,12.43,182.04,36.32,245.39
5253,3816,16,0.00179,133.67,125.95,143.62,138.25
5254,3816,16,0.00175,132.42,123.01,142.11,131.76
5255,3816,8,0.00174,0.0,97.7,26.2,242.07
5256,3816,16,0.00174,138.66,126.55,145.67,138.35
5257,3816,16,0.00159,133.31,122.39,146.69,138.3
5258,3816,16,0.00137,10.76,107.19,24.18,121.56
5259,3816,8,0.00131,0.0,81.92,16.41,229.58
5260,3816,8,0.0012,6.33,111.42,83.57,173.62
5261,3816,14,0.00113,0.32,98.94,14.79,139.89
5262,3816,16,0.00108,58.78,109.29,80.52,126.92
5263,3816,16,0.00108,68.24,126.07,77.73,135.88
5264,3819,14,0.81311,352.56,66.77,374.83,118.39
5265,3819,14,0.72478,325.24,79.09,344.12,107.67
5266,3819,14,0.08282,361.41,80.04,380.01,118.04
5267,3819,14,0.00255,494.12,21.01,500.0,55.73
5268,3819,14,0.00239,0.12,8.22,10.89,36.39
5269,3819,14,0.00206,314.89,82.95,326.52,97.87
5270,3819,14,0.00157,147.53,48.88,165.92,70.97
5271,3819,14,0.00151,300.55,76.0,312.08,95.83
5272,3820,15,0.82862,60.95,176.7,87.51,202.09
5273,3820,15,0.78272,95.96,144.87,114.48,161.35
5274,3820,7,0.72107,15.63,151.74,36.27,166.44
5275,3820,7,0.07083,144.89,132.89,158.44,149.57
5276,3820,7,0.00368,14.72,152.19,28.01,164.7
5277,3821,17,0.81944,110.95,119.48,134.97,140.58
5278,3821,17,0.77807,280.0,123.65,302.48,142.73
5279,3821,2,0.42241,280.25,123.37,302.3,142.99
5280,3822,11,0.89367,225.92,170.17,241.82,187.12
5281,3822,11,0.88353,214.07,139.09,233.34,153.28
5282,3822,10,0.87275,176.26,150.33,192.65,166.88
5283,3822,10,0.86797,166.51,169.27,182.26,186.29
5284,3822,9,0.8633,225.25,198.16,244.74,214.95
5285,3822,17,0.83647,274.65,166.47,288.93,181.24
5286,3822,17,0.71827,189.65,192.41,207.03,211.2
5287,3822,17,0.63381,267.96,184.75,282.42,199.65
5288,3822,9,0.32302,267.81,184.75,282.39,199.59
5289,3822,9,0.30287,189.73,192.45,206.97,211.34
5290,3822,10,0.0014,189.32,192.4,207.11,211.26
5291,3836,15,0.89487,234.06,71.33,264.55,104.26
5292,3836,7,0.85553,178.13,115.91,199.64,139.26
5293,3836,15,0.84902,159.41,56.88,185.37,79.74
5294,3836,7,0.81582,151.29,25.86,171.01,44.93
5295,3836,7,0.00271,122.38,30.49,135.81,47.11
5296,3836,15,0.00175,165.35,88.17,178.84,101.08
5297,3841,7,0.87096,183.09,86.45,210.73,107.46
5298,3841,7,0.86148,238.92,11.17,264.44,31.89
5299,3841,15,0.29886,0.0,192.54,9.72,217.04
5300,3841,15,0.03932,0.0,177.26,9.39,218.12
5301,3842,14,0.8782,0.0,48.42,40.64,188.58
5302,3842,5,0.85669,413.49,132.16,489.81,174.04
5303,3842,14,0.839,185.89,89.59,216.11,171.43
5304,3842,14,0.77742,152.35,76.76,185.18,173.12
5305,3842,14,0.55299,210.05,91.08,232.02,171.3
5306,3842,5,0.35393,34.86,121.12,157.36,160.79
5307,3842,14,0.1296,0.0,45.61,15.67,175.53
5308,3842,5,0.12102,484.76,130.99,500.0,175.94
5309,3842,5,0.03929,175.86,80.19,208.87,95.46
5310,3842,14,0.02677,0.0,60.39,10.27,175.2
5311,3842,5,0.01047,0.0,104.1,8.36,156.38
5312,3842,5,0.01041,35.78,91.93,157.47,161.02
5313,3842,8,0.0097,485.76,133.9,500.0,177.01
5314,3842,5,0.00928,487.85,147.23,500.0,177.21
5315,3842,5,0.00918,35.57,120.08,112.17,159.05
5316,3842,14,0.00773,0.0,100.07,6.1,175.04
5317,3842,5,0.00322,469.49,130.25,499.88,170.76
5318,3842,5,0.00239,120.72,87.0,158.08,102.05
5319,3842,8,0.00226,0.0,52.68,39.25,175.38
5320,3842,8,0.00181,299.91,256.0,485.07,256.0
5321,3842,8,0.0018,0.0,91.53,9.54,160.78
5322,3842,8,0.0016,393.59,151.5,411.58,169.78
5323,3842,14,0.00128,189.49,90.17,209.51,107.75
5324,3842,8,0.00104,176.43,84.25,239.58,170.95
5325,3842,14,0.001,0.0,91.58,8.87,153.34
5326,3848,9,0.88657,324.17,133.64,340.32,147.48
5327,3848,10,0.86528,383.1,122.78,399.59,135.49
5328,3848,10,0.86405,353.0,121.31,367.91,135.22
5329,3848,17,0.8472,388.32,164.16,402.12,177.06
5330,3848,11,0.84617,363.46,143.65,381.79,157.9
5331,3848,11,0.84423,415.34,135.07,430.77,148.12
5332,3848,17,0.8389,357.09,163.49,370.76,176.3
5333,3848,17,0.70814,326.41,149.05,340.46,161.65
5334,3848,9,0.00685,326.08,148.82,340.54,161.65
5335,3848,17,0.00283,323.97,133.5,340.39,147.66
5336,3859,7,0.93395,369.24,64.68,426.91,143.55
5337,3859,7,0.92449,247.76,51.52,300.29,119.26
5338,3859,7,0.00164,394.64,104.53,483.0,216.97
5339,3859,17,0.00141,365.49,63.98,426.95,131.05
5340,3863,3,0.86454,87.16,53.45,135.0,103.88
5341,3863,3,0.8579,158.57,81.67,238.18,126.58
5342,3863,13,0.8273,176.35,9.28,213.6,49.33
5343,3863,1,0.82479,201.15,41.11,241.37,82.63
5344,3863,3,0.79748,48.89,34.62,117.9,61.54
5345,3863,8,0.00106,5.32,203.64,91.83,255.0
5346,3869,17,0.85058,219.27,62.6,241.41,83.12
5347,3869,17,0.19638,49.19,53.31,72.97,76.81
5348,3869,2,0.02267,218.71,62.55,241.5,83.15
5349,3871,5,0.89447,161.43,186.52,201.33,213.58
5350,3871,5,0.87627,229.28,184.21,268.83,215.69
5351,3871,5,0.79201,86.3,153.92,112.01,176.68
5352,3871,5,0.77625,153.66,162.4,190.27,187.18
5353,3871,5,0.73227,137.21,163.88,158.63,181.07
5354,3871,5,0.71928,182.27,180.26,216.69,201.11
5355,3871,5,0.58886,315.44,220.77,393.71,246.62
5356,3871,5,0.43246,161.35,184.17,207.68,204.32
5357,3871,5,0.41806,33.63,137.38,50.71,152.09
5358,3871,8,0.09173,13.61,173.34,21.53,184.66
5359,3871,5,0.0283,10.72,166.68,21.33,177.62
5360,3871,8,0.02636,12.32,171.1,22.84,184.04
5361,3871,14,0.02477,12.93,167.44,21.54,177.96
5362,3871,5,0.02044,160.94,179.04,216.91,201.34
5363,3871,14,0.01211,51.6,185.55,65.53,197.95
5364,3871,5,0.00719,347.34,229.51,386.51,245.82
5365,3871,5,0.0052,340.33,101.01,373.78,123.01
5366,3871,8,0.0042,50.96,187.8,65.54,203.23
5367,3871,5,0.0034,0.0,163.73,15.24,185.03
5368,3871,5,0.00294,34.74,171.56,48.21,182.9
5369,3871,5,0.00276,51.37,187.37,65.94,199.59
5370,3871,5,0.00274,34.38,172.95,41.21,182.07
5371,3871,5,0.00237,11.83,170.03,21.49,184.43
5372,3871,5,0.00237,11.62,165.54,45.64,180.46
5373,3871,5,0.00215,373.17,108.19,400.6,121.16
5374,3871,5,0.00205,12.5,168.64,44.25,185.17
5375,3871,5,0.00196,41.39,140.04,52.04,151.49
5376,3871,8,0.0015,11.66,166.14,21.63,176.87
5377,3871,5,0.00141,0.0,169.12,8.82,198.42
5378,3871,5,0.00137,34.24,177.51,41.09,183.76
5379,3871,5,0.00118,2.45,169.32,20.93,188.87
5380,3871,5,0.00112,0.03,139.35,3.86,159.38
5381,3871,5,0.00112,0.0,191.32,36.21,244.63
5382,3871,5,0.00105,0.0,179.53,9.25,211.92
5383,3871,5,0.00104,0.0,159.51,19.28,180.32
5384,3871,5,0.00102,3.02,161.7,24.46,177.59
5385,3871,5,0.00102,401.0,145.57,443.29,163.02
5386,3875,13,0.84566,62.5,36.46,115.09,90.12
5387,3875,4,0.83942,177.1,52.02,248.0,109.39
5388,3875,8,0.00158,0.0,59.41,8.67,105.22
5389,3875,8,0.00134,0.0,29.38,35.66,168.45
5390,3879,2,0.87451,349.39,130.14,386.17,154.48
5391,3879,17,0.79387,387.85,175.47,405.74,192.11
5392,3879,17,0.5506,268.5,177.51,284.07,192.45
5393,3879,17,0.00251,267.82,178.3,287.42,208.7
5394,3882,7,0.90717,134.11,155.36,173.85,195.72
5395,3882,7,0.87599,48.99,158.05,92.98,210.14
5396,3882,15,0.3643,177.52,212.92,222.02,245.68
5397,3882,15,0.00168,118.13,188.59,175.27,250.13
5398,3890,13,0.89034,105.17,167.66,157.55,218.8
5399,3890,12,0.8892,305.77,130.88,351.5,177.96
5400,3890,12,0.88273,111.06,61.53,151.05,97.75
5401,3908,7,0.84358,297.08,174.81,318.74,191.89
5402,3908,7,0.84239,156.34,183.18,174.62,202.78
5403,3908,15,0.81688,208.77,182.97,230.45,200.67
5404,3908,15,0.80845,244.35,139.19,267.16,161.51
5405,3908,7,0.68252,208.71,182.97,230.11,200.73
5406,3908,7,0.01838,177.08,149.93,191.74,163.06
5407,3908,7,0.00358,155.69,206.23,176.28,220.53
5408,3911,2,0.8919,95.61,173.09,126.45,209.86
5409,3911,17,0.81978,35.46,150.76,52.43,166.89
5410,3911,2,0.60796,111.39,143.52,127.88,159.59
5411,3911,7,0.00803,347.28,53.11,437.52,123.5
5412,3911,17,0.00452,111.24,143.52,127.79,159.77
5413,3911,14,0.0011,19.22,247.0,70.76,247.0
5414,3915,2,0.87706,296.36,71.0,328.0,93.33
5415,3915,2,0.83744,135.85,40.27,157.59,67.75
5416,3932,2,0.90824,216.01,196.01,245.56,224.71
5417,3932,2,0.9011,92.8,188.28,129.07,216.52
5418,3932,2,0.00202,233.41,83.51,249.71,102.62
5419,3933,15,0.89124,264.0,160.89,293.18,191.53
5420,3933,6,0.8873,196.34,105.91,225.56,148.12
5421,3933,2,0.82166,294.65,102.26,312.52,121.15
5422,3941,2,0.86725,58.3,13.66,78.21,40.46
5423,3941,2,0.78501,97.3,56.85,124.62,78.04
5424,3948,15,0.89958,239.68,143.51,259.15,162.16
5425,3948,15,0.89162,203.54,150.17,223.53,168.05
5426,3953,14,0.78647,381.62,139.58,393.41,169.45
5427,3953,14,0.76088,288.43,140.02,299.34,166.0
5428,3953,14,0.69783,402.28,140.0,416.94,169.37
5429,3953,14,0.68502,129.34,140.05,147.7,172.1
5430,3953,14,0.61977,266.13,140.28,278.01,162.96
5431,3953,14,0.56627,451.36,144.26,465.65,175.41
5432,3953,14,0.55155,205.44,140.06,220.23,163.45
5433,3953,14,0.51789,463.52,151.45,475.51,175.67
5434,3953,14,0.49208,430.49,148.36,443.88,174.76
5435,3953,14,0.35729,219.88,134.02,230.48,160.88
5436,3953,14,0.31075,443.94,145.17,463.63,175.01
5437,3953,14,0.21602,396.12,139.57,407.58,168.04
5438,3953,14,0.21343,372.61,143.65,381.52,168.21
5439,3953,14,0.08913,443.67,149.07,457.03,174.84
5440,3953,14,0.08813,351.05,128.32,364.0,146.21
5441,3953,14,0.05731,94.27,126.36,107.66,147.89
5442,3953,14,0.05433,311.77,135.64,326.2,162.71
5443,3953,14,0.04484,270.65,140.37,280.78,162.94
5444,3953,14,0.03731,495.83,123.94,500.0,148.73
5445,3953,14,0.03688,495.03,131.73,500.0,174.18
5446,3953,14,0.03588,428.92,143.05,441.89,166.23
5447,3953,14,0.02967,491.97,139.02,500.0,174.02
5448,3953,14,0.02735,428.29,143.0,440.67,158.1
5449,3953,16,0.02399,440.19,216.14,499.91,255.54
5450,3953,14,0.02067,221.83,134.06,230.64,152.89
5451,3953,14,0.01932,495.64,119.0,500.0,142.33
5452,3953,14,0.01199,493.41,126.24,500.0,153.82
5453,3953,14,0.00978,176.68,161.2,192.7,174.0
5454,3953,14,0.00836,217.08,138.0,226.87,161.06
5455,3953,14,0.00653,394.25,141.79,404.11,167.75
5456,3953,14,0.00593,281.26,140.21,298.38,165.53
5457,3953,14,0.00549,493.01,110.0,500.0,141.3
5458,3953,14,0.00461,493.55,121.52,500.0,145.69
5459,3953,14,0.00438,215.47,143.18,224.33,161.44
5460,3953,14,0.0042,322.98,148.36,332.5,165.91
5461,3953,14,0.00371,457.91,147.14,467.1,175.74
5462,3953,14,0.00361,230.64,126.98,245.2,144.22
5463,3953,14,0.00353,63.03,129.62,81.7,156.91
5464,3953,14,0.00352,352.07,117.83,366.05,136.68
5465,3953,14,0.00299,454.12,152.25,465.5,175.55
5466,3953,14,0.00287,206.09,139.49,217.32,158.22
5467,3953,14,0.00283,434.72,144.43,446.38,174.94
5468,3953,16,0.00272,278.48,168.83,399.68,206.03
5469,3953,14,0.00262,496.1,109.06,500.0,136.41
5470,3953,14,0.00252,131.9,145.82,149.91,178.52
5471,3953,16,0.0023,244.6,168.82,361.66,204.08
5472,3953,14,0.00209,372.51,140.99,387.7,169.01
5473,3953,14,0.00195,363.62,141.85,381.78,169.8
5474,3953,14,0.0019,94.66,127.33,105.37,141.76
5475,3953,14,0.00182,492.09,123.05,500.0,163.89
5476,3953,14,0.00161,463.78,140.76,473.78,163.5
5477,3953,14,0.00161,264.39,139.15,273.75,161.64
5478,3953,16,0.0015,199.83,168.85,335.05,208.66
5479,3953,14,0.00144,429.47,143.06,449.76,175.15
5480,3953,14,0.00143,432.62,142.51,448.03,162.25
5481,3953,14,0.00142,435.36,152.37,444.48,174.92
5482,3953,14,0.00141,463.69,141.52,477.85,168.76
5483,3953,14,0.0013,429.43,157.94,441.28,175.13
5484,3953,14,0.00126,254.73,140.09,277.87,163.55
5485,3953,14,0.00123,320.26,137.17,331.66,165.44
5486,3953,14,0.00118,397.59,138.25,406.71,152.97
5487,3953,14,0.00117,496.47,138.07,500.0,181.08
5488,3953,14,0.00105,229.11,125.36,245.26,163.3
5489,3957,2,0.85281,47.93,172.24,66.34,199.69
5490,3957,2,0.85264,136.28,164.43,156.67,190.67
5491,3968,3,0.88684,304.31,89.4,357.51,126.57
5492,3968,13,0.88083,287.09,143.93,327.43,184.63
5493,3968,3,0.85419,232.33,100.82,295.95,131.64
5494,3968,3,0.85269,145.21,132.76,225.93,176.25
5495,3968,1,0.8423,208.85,147.7,249.78,189.84
5496,3970,2,0.87539,410.21,187.61,430.29,217.15
5497,3970,2,0.87476,309.34,195.78,331.02,224.16
5498,3993,3,0.89672,274.31,151.41,323.35,214.31
5499,3993,13,0.87216,403.51,119.05,440.64,157.84
5500,3993,3,0.86767,336.5,78.65,368.56,116.53
5501,3993,1,0.84197,349.59,149.54,391.63,191.98
5502,3993,3,0.81851,278.12,110.77,350.62,140.55
5503,3997,13,0.92541,286.0,142.34,327.91,182.67
5504,3997,3,0.88313,286.69,5.45,346.6,78.34
5505,3997,3,0.86707,352.79,43.52,428.84,91.57
5506,3997,1,0.84709,213.44,107.13,255.51,149.88
5507,3997,3,0.83233,164.52,44.83,259.79,82.72
5508,3997,8,0.0066,0.03,0.62,14.44,45.44
5509,3997,14,0.00165,0.01,2.6,8.91,54.72
5510,3999,15,0.89521,227.72,172.39,243.46,185.82
5511,3999,15,0.87494,201.51,175.59,219.37,191.5
5512,3999,14,0.0176,233.21,138.14,250.72,156.91
5513,3999,14,0.01644,252.76,137.2,266.97,159.75
5514,4003,5,0.88016,381.16,123.16,498.66,183.14
5515,4003,14,0.85202,51.13,110.95,78.72,192.44
5516,4003,14,0.8102,336.64,81.1,399.01,229.47
5517,4003,5,0.78826,215.04,122.26,341.5,175.25
5518,4003,5,0.10428,374.04,109.33,434.99,154.38
5519,4003,5,0.01986,377.52,109.78,436.41,129.66
5520,4003,5,0.01414,366.59,109.3,439.5,136.71
5521,4003,5,0.00976,116.62,130.45,189.49,167.56
5522,4003,5,0.00572,494.26,131.4,500.0,187.83
5523,4003,5,0.00397,496.26,147.36,500.0,196.99
5524,4003,5,0.00283,487.55,133.43,500.0,189.53
5525,4003,5,0.00146,478.51,131.87,500.0,186.64
5526,4003,5,0.00141,492.93,140.8,500.0,202.4
5527,4003,8,0.0014,132.7,131.22,188.93,165.52
5528,4003,5,0.0013,490.55,122.01,500.0,184.55
5529,4003,8,0.00115,17.54,256.0,260.09,256.0
5530,4003,5,0.00103,495.87,150.21,500.0,220.78
5531,4005,10,0.88406,117.68,76.47,132.44,91.23
5532,4005,9,0.83809,74.06,109.94,91.87,124.64
5533,4005,10,0.83643,73.13,57.96,88.73,71.48
5534,4005,9,0.83475,120.55,119.86,138.32,134.34
5535,4005,17,0.76171,58.91,156.6,73.85,170.78
5536,4009,4,0.88375,296.35,137.23,368.91,196.15
5537,4009,13,0.83535,181.33,122.88,232.71,175.92
5538,4012,10,0.72858,386.14,87.49,409.71,109.25
5539,4012,10,0.64409,274.75,68.55,296.73,91.47
5540,4012,10,0.63999,415.37,145.37,441.42,169.57
5541,4012,10,0.5461,348.78,167.13,377.11,193.93
5542,4012,10,0.10549,316.64,132.48,342.06,156.7
5543,4012,6,0.04727,470.73,66.47,479.0,117.61
5544,4012,14,0.0338,471.58,74.67,479.0,111.88
5545,4012,14,0.01642,0.0,18.15,22.25,122.2
5546,4012,1,0.01533,385.99,87.68,409.85,109.45
5547,4012,6,0.01136,472.24,85.98,479.0,112.95
5548,4012,6,0.00519,472.36,93.46,479.0,120.04
5549,4012,14,0.00416,0.0,11.59,49.18,122.44
5550,4012,6,0.0029,470.02,65.11,479.0,145.01
5551,4012,6,0.00115,14.71,126.03,70.81,147.08
5552,4017,2,0.89596,295.59,67.28,330.31,109.6
5553,4017,2,0.73873,394.33,102.05,416.97,121.05
5554,4017,17,0.50427,377.19,32.34,397.44,52.72
5555,4017,17,0.27405,395.22,101.99,416.97,120.88
5556,4017,2,0.16786,377.19,32.35,397.56,52.66
5557,4018,5,0.67706,388.61,233.71,449.28,247.0
5558,4018,5,0.32896,126.41,140.38,155.09,157.34
5559,4018,5,0.31905,407.24,189.48,466.41,210.34
5560,4018,5,0.19224,285.11,147.36,300.7,160.45
5561,4018,5,0.08174,149.29,147.93,183.37,167.27
5562,4018,5,0.07637,39.9,77.4,69.39,91.54
5563,4018,5,0.07183,0.0,80.23,24.98,93.79
5564,4018,5,0.06969,77.36,152.53,116.38,164.96
5565,4018,5,0.05325,29.75,152.53,67.89,165.16
5566,4018,5,0.04252,16.7,103.01,49.88,122.58
5567,4018,5,0.03495,0.02,111.38,20.67,126.31
5568,4018,5,0.03263,398.58,84.12,439.3,102.0
5569,4018,5,0.0292,281.68,152.75,337.4,185.05
5570,4018,5,0.02221,1.18,120.21,33.39,134.42
5571,4018,5,0.02071,0.0,76.53,20.49,91.78
5572,4018,5,0.0195,161.15,72.34,196.66,96.58
5573,4018,5,0.01795,0.0,90.86,28.71,109.44
5574,4018,5,0.01569,84.74,153.66,119.03,171.63
5575,4018,5,0.01478,208.33,107.19,250.37,130.68
5576,4018,5,0.01457,0.0,88.23,26.7,102.45
5577,4018,5,0.01372,0.98,95.65,37.36,109.45
5578,4018,5,0.01349,15.08,99.67,46.31,118.23
5579,4018,5,0.01334,409.46,75.42,445.61,88.13
5580,4018,5,0.01265,7.82,97.44,45.2,112.85
5581,4018,5,0.01058,270.45,131.7,280.55,142.48
5582,4018,5,0.01043,0.0,69.22,25.68,91.38
5583,4018,5,0.00886,45.21,110.2,100.16,128.21
5584,4018,5,0.00863,359.16,84.75,393.03,102.72
5585,4018,5,0.00856,0.0,83.64,26.42,96.51
5586,4018,5,0.00843,0.0,108.58,34.58,127.74
5587,4018,5,0.00823,40.26,76.83,87.01,90.77
5588,4018,5,0.00794,0.0,102.41,29.58,124.44
5589,4018,5,0.00745,387.02,84.48,430.21,100.0
5590,4018,5,0.00744,397.91,89.75,439.82,106.12
5591,4018,5,0.00728,6.04,140.98,50.08,156.36
5592,4018,5,0.00727,0.41,120.19,36.83,142.15
5593,4018,5,0.00648,407.29,81.47,441.11,96.97
5594,4018,5,0.00564,320.39,74.0,353.41,89.67
5595,4018,5,0.0056,17.18,75.8,39.21,88.22
5596,4018,5,0.00544,34.06,67.63,69.78,79.03
5597,4018,5,0.00522,397.39,75.44,442.81,99.31
5598,4018,5,0.005,0.0,113.85,10.86,129.17
5599,4018,5,0.005,275.03,95.44,323.94,112.4
5600,4018,5,0.00488,63.83,121.83,109.94,138.32
5601,4018,5,0.00453,35.93,80.22,70.41,95.3
5602,4018,5,0.00451,2.96,93.24,40.36,105.75
5603,4018,5,0.00429,87.15,162.12,116.71,173.89
5604,4018,5,0.00412,301.36,79.72,351.95,102.5
5605,4018,5,0.00398,0.46,144.83,33.25,158.25
5606,4018,5,0.00386,21.9,90.36,52.51,101.2
5607,4018,5,0.00362,0.36,91.9,49.72,109.5
5608,4018,5,0.00361,361.21,73.3,391.18,88.01
5609,4018,5,0.00356,271.78,84.08,304.63,100.95
5610,4018,5,0.00354,126.58,132.39,159.27,150.3
5611,4018,5,0.0035,34.8,59.6,70.04,76.41
5612,4018,5,0.00344,400.39,94.67,438.94,109.21
5613,4018,5,0.00338,0.28,114.28,37.2,132.08
5614,4018,5,0.00334,7.35,139.04,33.12,151.67
5615,4018,5,0.00327,2.5,141.3,33.22,154.63
5616,4018,5,0.00327,178.05,133.88,284.58,192.33
5617,4018,5,0.00327,109.91,68.25,139.73,83.63
5618,4018,5,0.00306,90.45,65.43,126.49,82.83
5619,4018,5,0.00304,326.18,71.95,362.81,90.22
5620,4018,5,0.00303,42.22,69.06,85.9,88.81
5621,4018,5,0.00279,270.67,89.05,325.23,110.8
5622,4018,5,0.00274,0.0,114.77,27.15,127.59
5623,4018,5,0.00271,252.31,95.33,321.01,114.91
5624,4018,5,0.00269,413.98,144.64,454.95,160.54
5625,4018,5,0.00264,18.91,93.22,42.26,102.77
5626,4018,5,0.00263,1.4,80.15,43.77,99.0
5627,4018,5,0.00261,341.24,87.15,379.8,101.78
5628,4018,5,0.00254,31.98,144.13,64.78,155.19
5629,4018,5,0.00253,0.0,90.41,16.84,109.85
5630,4018,5,0.00249,272.73,73.95,305.39,87.8
5631,4018,5,0.00245,26.43,76.41,74.32,91.87
5632,4018,5,0.00236,422.3,76.46,444.86,88.02
5633,4018,8,0.00233,144.14,168.75,153.64,179.04
5634,4018,5,0.00231,455.22,132.68,489.79,149.1
5635,4018,5,0.00217,387.3,64.74,439.87,97.7
5636,4018,5,0.00217,428.39,82.64,462.06,98.36
5637,4018,5,0.00214,33.19,151.3,59.8,161.71
5638,4018,5,0.00212,273.2,82.13,335.26,106.12
5639,4018,5,0.0021,34.67,68.38,58.56,77.03
5640,4018,5,0.00205,391.46,129.32,422.07,152.92
5641,4018,5,0.00199,196.74,129.72,276.3,175.08
5642,4018,5,0.00197,134.26,136.9,181.1,158.59
5643,4018,5,0.00195,323.35,79.81,376.68,102.34
5644,4018,5,0.00194,108.06,42.55,147.55,58.08
5645,4018,5,0.00193,299.26,73.35,345.67,91.85
5646,4018,5,0.00193,108.15,27.82,149.44,45.43
5647,4018,5,0.0019,167.98,81.58,224.15,111.66
5648,4018,5,0.00188,29.15,140.26,63.58,151.68
5649,4018,5,0.00185,2.83,139.47,58.66,153.17
5650,4018,5,0.00185,2.72,100.33,34.29,112.91
5651,4018,5,0.00185,248.04,96.93,297.1,121.23
5652,4018,5,0.00178,461.65,142.55,489.98,159.6
5653,4018,5,0.00175,113.46,85.39,148.57,99.26
5654,4018,5,0.00175,152.09,149.04,172.33,167.3
5655,4018,5,0.00174,452.51,75.7,489.91,101.3
5656,4018,5,0.00174,20.19,89.25,75.94,106.43
5657,4018,5,0.00173,282.71,85.95,343.76,110.97
5658,4018,5,0.00172,1.27,124.1,53.7,142.57
5659,4018,5,0.0017,109.77,68.75,127.71,83.22
5660,4018,5,0.00168,391.67,84.93,436.33,109.45
5661,4018,5,0.00164,450.2,94.81,490.0,114.95
5662,4018,5,0.00163,0.32,66.23,39.92,90.14
5663,4018,5,0.00161,9.01,54.31,49.31,68.29
5664,4018,5,0.00158,14.42,65.97,39.77,86.16
5665,4018,5,0.00157,99.56,109.46,129.08,121.78
5666,4018,5,0.00153,358.5,81.63,392.32,96.78
5667,4018,5,0.00153,108.24,74.36,139.96,87.13
5668,4018,5,0.00152,62.72,152.25,101.85,163.75
5669,4018,5,0.00152,1.22,142.94,58.87,158.54
5670,4018,5,0.00152,32.42,147.02,65.79,160.8
5671,4018,5,0.0015,34.1,86.29,66.72,98.87
5672,4018,5,0.00148,330.52,81.33,395.05,106.31
5673,4018,5,0.00147,330.22,69.7,386.73,97.75
5674,4018,5,0.00144,89.76,130.31,124.52,140.29
5675,4018,5,0.00142,394.91,75.9,428.6,87.43
5676,4018,5,0.00141,37.73,57.22,68.8,70.42
5677,4018,5,0.00138,368.69,85.29,406.41,101.4
5678,4018,5,0.00135,0.0,62.06,3.29,72.84
5679,4018,5,0.00134,0.0,134.14,12.7,153.59
5680,4018,5,0.00132,298.89,84.04,352.56,110.04
5681,4018,5,0.00131,111.47,71.0,146.43,87.99
5682,4018,5,0.0013,312.5,67.41,352.88,88.98
5683,4018,5,0.0013,100.37,88.39,128.6,99.04
5684,4018,5,0.00129,274.41,71.03,331.5,88.68
5685,4018,5,0.00127,247.96,101.59,295.59,128.95
5686,4018,5,0.00127,460.54,75.61,490.0,94.47
5687,4018,5,0.00124,182.21,84.66,223.82,108.39
5688,4018,5,0.00124,279.95,96.53,330.13,117.88
5689,4018,5,0.00122,115.09,77.0,149.99,95.66
5690,4018,5,0.00119,325.58,87.1,383.79,105.95
5691,4018,5,0.00116,8.66,126.84,73.97,145.29
5692,4018,5,0.00116,6.76,126.3,39.48,142.71
5693,4018,5,0.00115,59.64,115.61,108.47,134.25
5694,4018,5,0.00114,422.07,80.56,447.12,95.48
5695,4018,5,0.00114,103.81,141.13,120.01,152.18
5696,4018,5,0.00112,0.0,56.63,23.78,83.28
5697,4018,5,0.00112,332.43,84.62,367.15,101.94
5698,4018,5,0.00111,34.45,144.28,56.32,153.88
5699,4018,5,0.00111,257.06,128.82,271.41,138.08
5700,4018,5,0.00107,250.13,90.58,305.65,107.78
5701,4018,5,0.00104,14.61,95.09,98.08,123.44
5702,4018,5,0.00104,418.47,130.71,454.44,146.76
5703,4018,5,0.00103,346.37,75.77,384.85,87.44
5704,4018,5,0.00103,300.18,83.68,338.65,101.86
5705,4018,5,0.00103,254.13,110.22,291.31,130.22
5706,4019,15,0.91973,2.12,5.01,38.59,37.72
5707,4019,15,0.91895,88.38,18.03,126.04,57.53
5708,4024,10,0.86474,124.35,84.86,136.78,96.09
5709,4024,17,0.85418,59.71,96.11,70.76,106.91
5710,4024,10,0.85118,103.47,76.81,117.38,88.15
5711,4024,11,0.83276,83.83,89.56,99.58,101.33
5712,4024,11,0.83276,130.52,98.28,143.18,109.86
5713,4024,17,0.81084,78.86,103.75,89.94,115.0
5714,4024,9,0.5559,68.73,75.4,83.74,86.27
5715,4024,9,0.30147,54.39,82.16,66.83,93.56
5716,4024,17,0.00947,54.31,82.49,67.2,93.86
5717,4024,17,0.00178,68.7,75.34,83.87,86.12
5718,4027,8,0.87062,334.96,4.73,486.4,112.17
5719,4027,8,0.35246,451.21,5.42,487.0,97.88
5720,4027,8,0.15735,468.18,5.73,487.0,63.57
5721,4027,8,0.13724,402.65,0.96,487.0,99.17
5722,4027,8,0.02707,481.07,28.66,487.0,101.91
5723,4027,5,0.00534,44.17,47.31,125.95,93.59
5724,4027,8,0.00281,294.12,0.93,312.12,22.93
5725,4027,8,0.00256,476.49,32.48,487.0,98.26
5726,4027,8,0.00211,475.41,6.09,487.0,56.92
5727,4027,8,0.00145,478.63,2.19,487.0,21.59
5728,4040,10,0.88768,329.53,16.37,344.44,31.0
5729,4040,10,0.85761,282.41,7.84,297.78,22.86
5730,4040,17,0.85293,292.71,106.78,307.6,121.34
5731,4040,9,0.81705,295.74,58.9,313.59,73.58
5732,4040,9,0.79992,343.76,58.14,361.76,72.2
5733,4040,17,0.00426,343.79,58.31,361.65,72.17
5734,4042,13,0.85486,306.42,191.31,350.16,234.31
5735,4042,1,0.84837,231.67,109.04,268.87,146.47
5736,4042,1,0.17068,306.3,190.63,350.26,233.14
5737,4042,4,0.05754,44.8,172.92,146.33,226.95
5738,4042,17,0.02206,462.41,44.33,487.97,75.97
5739,4042,2,0.00227,461.81,29.05,488.0,77.08
5740,4042,2,0.0021,459.33,1.73,488.0,77.97
5741,4042,6,0.00194,214.08,153.23,235.07,179.37
5742,4042,2,0.00144,483.57,126.17,488.0,163.21
5743,4042,17,0.00114,345.62,14.7,362.3,34.94
5744,4043,14,0.87801,303.29,123.69,334.03,226.53
5745,4043,14,0.87649,225.06,131.27,257.65,217.01
5746,4043,14,0.85165,108.04,119.47,143.69,207.56
5747,4043,14,0.84192,157.33,134.1,190.9,207.94
5748,4043,5,0.83067,396.56,183.12,469.63,225.32
5749,4043,8,0.03273,133.63,155.6,170.53,199.19
5750,4043,14,0.0098,188.52,161.37,205.6,210.84
5751,4043,5,0.00559,17.18,118.13,105.5,190.98
5752,4043,14,0.0044,68.95,130.25,88.12,153.41
5753,4043,14,0.0032,167.65,134.5,191.15,163.16
5754,4043,5,0.00298,496.04,135.25,500.0,146.38
5755,4043,5,0.0027,81.13,118.15,122.97,130.25
5756,4043,8,0.00204,154.63,133.41,216.97,207.09
5757,4043,14,0.00202,496.61,164.42,500.0,184.44
5758,4043,5,0.0017,495.34,135.61,500.0,151.26
5759,4043,5,0.00156,168.79,117.05,198.76,135.7
5760,4043,5,0.00128,84.38,120.43,120.83,133.73
5761,4061,14,0.8737,319.72,132.06,346.05,224.96
5762,4061,14,0.86304,227.43,116.42,272.36,217.45
5763,4061,14,0.82775,165.6,122.86,193.76,208.39
5764,4061,14,0.72479,76.98,122.05,119.6,200.38
5765,4061,5,0.72305,405.74,180.79,475.28,222.27
5766,4061,14,0.06179,0.0,112.01,6.01,193.41
5767,4061,8,0.05284,0.04,109.05,8.52,196.54
5768,4061,14,0.01398,0.03,110.01,9.64,195.42
5769,4061,5,0.00593,0.0,134.57,9.55,191.92
5770,4061,8,0.00491,0.0,139.5,6.21,194.44
5771,4061,5,0.00334,495.96,159.79,500.0,183.86
5772,4061,14,0.00304,0.0,127.46,6.95,242.11
5773,4061,5,0.00206,462.99,168.87,498.86,198.1
5774,4061,14,0.00192,225.63,120.47,256.28,216.75
5775,4061,5,0.00181,0.0,151.27,4.53,192.26
5776,4061,5,0.00158,487.63,168.91,500.0,213.46
5777,4061,5,0.00153,479.87,170.51,500.0,216.76
5778,4061,8,0.0014,0.02,125.28,6.54,221.0
5779,4061,5,0.00121,493.72,156.76,500.0,183.24
5780,4061,5,0.00111,0.03,155.87,7.91,193.27
5781,4062,13,0.89451,213.71,97.79,255.27,138.78
5782,4062,1,0.86937,139.66,70.48,182.28,111.66
5783,4062,3,0.86182,209.47,0.47,268.2,35.25
5784,4062,3,0.85556,274.55,0.0,349.99,46.53
5785,4062,3,0.84563,89.71,11.21,183.5,52.03
5786,4065,10,0.87661,236.71,124.53,249.61,137.97
5787,4065,10,0.87344,230.35,138.62,244.62,152.75
5788,4065,11,0.86707,264.99,113.71,280.93,125.72
5789,4065,11,0.848,280.79,135.57,294.19,149.25
5790,4065,17,0.70192,319.25,130.22,330.87,142.06
5791,4065,17,0.61698,317.39,143.2,328.59,155.33
5792,4065,9,0.59469,285.99,155.43,301.7,168.75
5793,4065,17,0.34853,255.92,153.75,270.38,168.13
5794,4065,9,0.2235,256.04,153.73,270.34,168.18
5795,4065,17,0.00316,285.83,155.51,301.43,168.79
5796,4065,17,0.00208,318.52,129.67,330.46,153.81
5797,4065,6,0.00101,386.34,109.3,482.14,189.92
5798,4068,8,0.85914,70.36,113.27,124.58,170.29
5799,4068,14,0.85462,392.84,65.48,428.5,147.18
5800,4068,8,0.8062,0.11,128.59,39.34,180.47
5801,4068,14,0.74284,125.88,98.8,171.41,169.2
5802,4068,8,0.2434,416.38,82.94,451.1,126.13
5803,4068,14,0.0344,99.65,92.86,115.32,131.03
5804,4068,8,0.02093,118.06,93.97,180.03,171.88
5805,4068,5,0.01442,361.69,92.68,385.97,112.44
5806,4068,14,0.00402,418.65,63.06,452.31,122.8
5807,4068,14,0.0014,494.15,91.25,499.0,169.4
5808,4068,14,0.00132,94.42,112.19,113.49,134.76
5809,4068,8,0.00128,381.31,59.47,457.91,142.42
5810,4084,17,0.00361,171.15,174.42,187.17,190.14
5811,4086,5,0.85509,139.73,73.81,429.2,194.24
5812,4086,5,0.66187,4.63,81.38,285.2,230.86
5813,4086,5,0.01975,476.48,96.51,485.0,127.53
5814,4086,8,0.00575,475.48,100.04,484.96,127.45
5815,4086,5,0.00244,343.97,28.94,484.54,137.65
5816,4086,16,0.00178,170.75,96.92,269.78,213.07
5817,4086,8,0.00119,480.19,99.51,485.0,131.18
5818,4089,9,0.89908,154.32,28.25,169.4,44.63
5819,4089,10,0.87713,217.46,58.56,235.68,73.69
5820,4089,10,0.85688,279.67,53.83,295.5,69.03
5821,4089,9,0.79731,202.21,28.84,219.99,42.82
5822,4089,17,0.17656,154.06,0.0,167.57,7.0
5823,4089,17,0.01428,154.34,28.3,169.51,44.39
5824,4089,6,0.00237,0.0,121.77,19.82,170.23
5825,4089,6,0.00233,0.0,123.16,19.84,145.9
5826,4089,8,0.0013,0.0,90.74,20.62,148.27
5827,4090,2,0.88533,220.51,67.62,249.12,103.91
5828,4090,2,0.7904,228.96,37.95,246.4,55.05
5829,4090,17,0.53245,157.9,53.51,174.21,69.8
5830,4090,2,0.26209,157.99,53.6,174.24,69.76
5831,4091,2,0.86338,30.21,152.85,51.33,179.74
5832,4091,2,0.84564,104.87,147.66,131.94,164.81
5833,4091,5,0.0024,401.08,215.55,447.28,250.62
5834,4100,3,0.90341,302.28,70.78,357.58,138.27
5835,4100,3,0.87205,363.22,106.49,436.07,152.1
5836,4100,1,0.86623,232.86,164.91,272.46,205.19
5837,4100,3,0.85557,189.02,106.27,277.11,141.48
5838,4100,13,0.85522,299.74,198.49,338.92,239.07
5839,4101,17,0.88512,401.31,144.75,421.28,164.91
5840,4101,10,0.87696,268.85,113.68,291.54,136.0
5841,4101,17,0.87007,386.06,175.32,406.45,196.74
5842,4101,11,0.86891,323.94,96.81,350.26,115.87
5843,4101,10,0.86527,248.53,143.69,269.01,167.3
5844,4101,11,0.86339,330.3,147.76,351.96,173.39
5845,4101,9,0.82474,321.31,196.22,348.05,219.22
5846,4101,9,0.71019,273.33,183.34,296.25,209.86
5847,4101,17,0.48728,273.32,183.36,296.42,210.16
5848,4101,10,0.00103,273.31,183.3,296.71,210.23
5849,4107,12,0.86196,262.01,193.61,308.27,233.79
5850,4107,12,0.81871,362.04,149.66,405.57,189.0
5851,4107,13,0.80844,201.86,112.18,243.45,152.76
5852,4107,6,0.00596,459.83,33.53,471.0,95.53
5853,4107,6,0.00167,453.65,33.62,470.99,84.82
5854,4131,2,0.86297,245.53,184.2,272.49,207.11
5855,4131,2,0.01097,151.67,200.61,174.41,223.54
5856,4138,14,0.72885,69.94,156.0,85.58,180.0
5857,4138,14,0.70989,14.12,155.21,27.6,187.52
5858,4138,14,0.19906,54.08,145.71,69.37,178.46
5859,4138,14,0.06538,0.02,136.27,10.49,181.67
5860,4138,14,0.01943,22.85,155.27,42.79,187.2
5861,4138,14,0.01507,0.05,154.32,8.19,181.46
5862,4138,5,0.01249,0.1,243.85,34.0,256.0
5863,4138,14,0.01164,0.01,144.71,5.58,181.53
5864,4138,14,0.00889,0.02,159.25,5.47,182.75
5865,4138,14,0.00317,0.02,162.86,4.86,189.7
5866,4138,14,0.00256,13.86,147.6,37.97,188.62
5867,4138,14,0.00186,117.6,136.95,137.3,168.11
5868,4138,14,0.00159,28.02,159.13,42.56,184.96
5869,4138,14,0.00128,315.16,102.85,325.72,126.48
5870,4144,15,0.87498,142.64,45.81,157.88,58.98
5871,4144,15,0.85031,96.22,48.21,114.01,64.27
5872,4150,3,0.89985,177.34,117.87,232.68,182.48
5873,4150,13,0.8751,78.29,63.36,119.79,106.51
5874,4150,3,0.87384,189.47,5.44,226.18,61.0
5875,4150,3,0.86302,194.91,68.73,270.94,114.6
5876,4150,1,0.85157,120.44,19.89,159.42,63.56
5877,4150,1,0.0011,500.68,95.77,504.0,129.5
5878,4150,15,0.00105,498.51,76.99,504.0,128.15
5879,4151,9,0.87999,281.26,41.8,293.45,53.21
5880,4151,17,0.87308,286.86,55.41,297.98,66.17
5881,4151,10,0.87175,327.76,33.04,341.79,44.52
5882,4151,10,0.85259,348.98,39.76,361.67,51.05
5883,4151,11,0.85231,309.74,46.92,325.47,58.6
5884,4151,17,0.82114,305.49,61.18,317.54,72.93
5885,4151,9,0.81559,293.71,33.71,309.02,45.14
5886,4151,11,0.81238,356.32,52.51,368.92,63.88
5887,4151,17,0.01826,281.33,41.81,293.6,53.25
5888,4151,17,0.00365,293.85,33.87,309.08,45.19
5889,4153,15,0.89829,180.53,59.01,205.2,81.11
5890,4153,15,0.88285,263.89,36.23,279.5,54.1
5891,4153,15,0.00167,248.93,59.07,257.02,67.45
5892,4155,5,0.88856,368.76,195.13,430.2,229.11
5893,4155,5,0.83987,55.07,167.72,72.49,180.06
5894,4155,5,0.79241,27.62,162.1,40.93,171.08
5895,4155,5,0.59202,259.87,146.68,283.59,157.88
5896,4155,5,0.56131,120.42,172.22,149.09,187.99
5897,4155,5,0.54055,109.21,167.12,130.35,184.21
5898,4155,5,0.52761,17.89,160.19,27.56,167.39
5899,4155,5,0.52012,46.3,159.74,54.73,166.23
5900,4155,5,0.50763,8.7,167.74,20.66,174.12
5901,4155,5,0.34073,312.92,144.03,326.98,154.66
5902,4155,5,0.33962,15.49,153.33,24.56,160.13
5903,4155,5,0.33809,22.88,155.26,31.16,162.51
5904,4155,5,0.24662,16.05,163.11,23.19,172.09
5905,4155,5,0.2376,23.85,157.11,30.71,162.88
5906,4155,5,0.19136,5.05,166.31,20.27,173.54
5907,4155,5,0.19114,16.15,154.95,25.13,161.31
5908,4155,5,0.16615,17.01,157.57,27.12,162.67
5909,4155,5,0.11757,20.92,157.87,30.02,162.8
5910,4155,5,0.10484,305.58,145.54,326.3,155.24
5911,4155,5,0.07468,109.07,167.75,149.17,186.63
5912,4155,5,0.06067,304.94,147.74,315.78,155.36
5913,4155,5,0.05883,24.04,160.92,37.24,168.49
5914,4155,5,0.03473,41.75,157.68,53.65,165.58
5915,4155,5,0.02381,0.88,168.29,20.65,178.36
5916,4155,5,0.0194,131.1,174.48,148.81,185.75
5917,4155,5,0.0141,306.55,143.89,316.32,152.94
5918,4155,5,0.01219,3.9,171.35,18.11,179.23
5919,4155,5,0.01008,14.6,166.88,27.4,173.55
5920,4155,5,0.00872,0.2,161.25,20.35,174.94
5921,4155,5,0.00755,109.75,174.35,126.11,184.22
5922,4155,5,0.00652,16.76,151.15,27.52,160.09
5923,4155,5,0.00467,26.89,159.39,35.26,166.39
5924,4155,5,0.00371,4.25,169.64,19.07,176.49
5925,4155,5,0.00331,3.68,174.45,17.0,183.04
5926,4155,5,0.00291,48.16,159.28,56.57,166.07
5927,4155,5,0.00284,86.2,168.97,113.88,184.63
5928,4155,5,0.00261,135.84,173.48,148.76,183.42
5929,4155,5,0.00228,88.51,169.0,112.8,178.32
5930,4155,5,0.00208,32.57,235.28,50.7,246.85
5931,4155,5,0.00203,45.12,162.2,54.17,169.07
5932,4155,5,0.00188,378.43,84.98,400.65,97.94
5933,4155,5,0.00182,7.66,162.37,18.88,169.66
5934,4155,5,0.00181,25.76,171.67,40.29,179.65
5935,4155,5,0.00159,139.01,176.36,149.27,186.11
5936,4155,5,0.00151,257.22,126.36,280.48,147.37
5937,4155,5,0.0014,370.78,89.84,400.28,102.78
5938,4155,7,0.00129,32.69,235.43,50.93,246.84
5939,4155,5,0.00124,0.21,173.93,18.13,192.29
5940,4155,5,0.00118,259.2,142.22,280.88,152.07
5941,4159,2,0.87493,245.13,159.53,267.83,186.71
5942,4159,2,0.8453,226.49,208.85,255.19,229.45
5943,4165,5,0.89245,357.82,124.58,490.02,236.25
5944,4165,5,0.34439,479.78,128.89,495.0,154.89
5945,4165,5,0.30491,478.83,129.22,495.0,144.62
5946,4165,5,0.20869,484.19,128.31,495.0,161.8
5947,4165,5,0.15689,481.48,130.34,495.0,173.29
5948,4165,5,0.12377,485.52,129.95,495.0,188.91
5949,4165,5,0.10736,474.76,129.6,494.89,160.93
5950,4165,5,0.03313,473.44,129.49,494.74,178.33
5951,4165,5,0.02487,475.55,119.01,495.0,154.27
5952,4165,5,0.02324,488.63,123.89,495.0,197.25
5953,4165,5,0.01441,92.45,151.73,120.36,170.15
5954,4165,5,0.01369,0.0,148.13,38.68,178.76
5955,4165,5,0.00547,430.93,119.73,492.45,169.47
5956,4165,5,0.00489,481.72,120.59,495.0,222.22
5957,4165,5,0.00416,469.13,121.52,494.94,222.83
5958,4165,5,0.00414,459.98,121.5,494.56,163.42
5959,4165,5,0.00338,389.47,123.39,444.94,135.48
5960,4165,8,0.00269,483.73,111.11,495.0,142.78
5961,4165,14,0.00252,488.43,163.8,495.0,235.15
5962,4165,6,0.00237,355.29,128.89,485.09,242.5
5963,4165,8,0.00213,482.15,120.93,495.0,229.04
5964,4165,8,0.00205,484.21,125.77,494.91,197.58
5965,4165,5,0.00167,465.82,128.18,494.83,190.92
5966,4165,5,0.00152,400.19,121.49,485.94,170.03
5967,4165,8,0.00138,469.04,122.36,495.0,228.34
5968,4165,14,0.00138,202.46,127.99,220.82,174.11
5969,4165,6,0.00135,359.37,121.98,495.0,187.89
5970,4165,14,0.0013,484.67,124.08,495.0,242.68
5971,4165,5,0.00129,372.03,121.19,495.0,179.84
5972,4165,5,0.00127,54.01,150.56,110.66,175.2
5973,4165,5,0.00126,392.66,122.24,450.21,161.17
5974,4165,5,0.00125,472.96,126.41,495.0,143.77
5975,4165,5,0.00117,480.43,104.89,495.0,141.04
5976,4165,5,0.00116,467.05,105.5,494.92,141.43
5977,4165,8,0.00113,473.92,117.11,495.0,139.91
5978,4165,5,0.00108,491.09,112.66,495.0,137.22
5979,4165,8,0.00108,487.04,108.18,495.0,136.58
5980,4165,14,0.00103,485.72,178.5,495.0,235.84
5981,4179,10,0.87531,77.29,149.02,94.23,165.66
5982,4179,11,0.87306,115.91,136.11,135.53,150.67
5983,4179,17,0.87068,178.59,161.29,193.03,176.26
5984,4179,11,0.8641,129.42,166.92,145.41,184.21
5985,4179,10,0.84806,115.32,173.23,132.87,190.24
5986,4179,9,0.55784,129.28,194.97,149.55,211.94
5987,4179,9,0.52899,92.5,190.43,110.65,209.78
5988,4179,17,0.51329,92.66,190.49,110.7,209.84
5989,4179,9,0.41649,172.19,179.69,186.94,194.68
5990,4179,17,0.39029,172.44,179.75,186.99,194.77
5991,4179,10,0.00763,129.41,195.08,149.47,211.79
5992,4179,10,0.00142,92.55,190.56,110.62,210.01
5993,4180,15,0.90189,356.53,24.0,378.95,47.09
5994,4180,15,0.89139,307.86,20.13,329.52,39.68
5995,4180,14,0.03161,253.65,100.68,276.22,148.09
5996,4180,15,0.00315,424.5,0.22,436.12,11.9
5997,4181,15,0.92191,324.28,0.0,379.53,40.87
5998,4181,15,0.92113,177.53,0.0,248.66,41.77
5999,4182,2,0.83299,271.67,79.36,289.17,103.63
6000,4182,2,0.78943,276.48,111.64,298.57,133.02
6001,4189,7,0.8156,404.72,142.58,426.31,158.23
6002,4189,7,0.78944,348.5,103.39,369.84,118.54
6003,4189,17,0.00217,372.61,119.73,383.95,132.46
6004,4189,7,0.00129,486.83,161.91,494.0,177.55
6005,4194,15,0.89603,290.09,159.55,311.84,183.79
6006,4194,15,0.85477,356.76,159.15,378.84,186.33
6007,4194,2,0.02201,484.06,96.83,499.0,125.87
6008,4194,15,0.0033,286.17,1.32,301.25,8.63
6009,4194,2,0.00164,484.23,106.27,499.0,129.5
6010,4194,2,0.00131,484.67,103.19,499.0,143.67
6011,4195,7,0.90304,25.66,46.65,72.46,88.07
6012,4195,7,0.89519,127.32,38.68,167.11,78.58
6013,4206,7,0.80573,418.85,58.08,441.92,78.59
6014,4206,7,0.79027,305.31,38.76,325.57,58.24
6015,4209,7,0.85886,128.53,181.39,159.29,209.98
6016,4209,7,0.83826,163.36,85.75,187.05,104.77
6017,4209,17,0.7775,194.58,141.97,211.53,158.61
6018,4209,17,0.7592,112.39,123.81,129.1,141.46
6019,4211,2,0.87043,256.65,14.63,283.66,37.69
6020,4211,2,0.55088,161.47,30.22,187.08,52.82
6021,4214,10,0.93675,266.2,21.95,306.0,55.73
6022,4214,10,0.92345,180.59,114.15,225.22,149.59
6023,4214,10,0.90573,47.63,128.0,90.2,168.3
6024,4214,0,0.8844,95.04,14.53,130.46,49.98
6025,4214,11,0.6217,243.77,184.65,289.43,227.38
6026,4214,10,0.15303,243.72,184.7,289.55,226.96
6027,4214,9,0.00284,243.1,185.01,289.65,225.02
6028,4214,9,0.002,47.13,128.02,90.41,168.44
6029,4217,10,0.863,314.2,143.08,338.9,164.26
6030,4217,10,0.83277,251.01,128.01,275.98,149.64
6031,4217,10,0.67078,344.32,102.5,367.08,122.97
6032,4217,10,0.42791,257.25,99.45,280.08,120.47
6033,4217,10,0.13267,285.02,51.9,303.71,71.57
6034,4217,6,0.10288,455.42,52.0,490.0,77.23
6035,4217,2,0.0374,192.11,183.49,212.12,203.73
6036,4217,6,0.01948,443.07,139.9,468.59,168.95
6037,4217,17,0.00832,284.82,51.73,303.54,71.12
6038,4217,6,0.00489,455.95,52.19,490.0,97.27
6039,4217,2,0.00371,285.05,52.01,303.97,71.58
6040,4217,6,0.00239,286.06,192.12,375.88,239.4
6041,4217,6,0.00194,412.64,143.74,434.78,163.63
6042,4217,6,0.0019,454.77,32.87,490.0,77.55
6043,4217,6,0.00177,348.04,208.37,372.65,235.15
6044,4221,3,0.90293,243.12,121.77,306.32,188.64
6045,4221,3,0.88868,232.03,5.05,272.27,64.48
6046,4221,3,0.88229,256.7,71.01,329.74,117.74
6047,4221,13,0.874,134.9,66.51,177.28,110.53
6048,4221,1,0.86369,169.2,20.8,209.25,65.72
6049,4224,14,0.71288,43.32,130.24,54.31,162.15
6050,4224,14,0.65404,209.66,145.21,221.05,172.52
6051,4224,14,0.00531,179.48,133.58,187.4,160.09
6052,4224,14,0.00284,0.0,123.31,15.36,168.57
6053,4224,14,0.00175,212.41,144.95,223.91,170.66
6054,4238,7,0.80518,405.55,84.43,428.04,100.4
6055,4238,7,0.75813,350.57,45.27,371.32,61.49
6056,4238,2,0.0872,491.97,152.46,499.0,173.92
6057,4238,7,0.02142,491.99,154.6,499.0,173.8
6058,4238,2,0.00126,493.96,153.77,499.0,182.01
6059,4238,2,0.00101,484.15,152.2,498.98,174.49
6060,4246,2,0.77109,260.66,194.31,289.25,224.93
6061,4246,2,0.00956,226.5,188.17,258.21,213.29
6062,4246,17,0.0035,300.55,67.26,323.44,87.27
6063,4252,15,0.89445,144.91,179.42,175.59,211.26
6064,4252,6,0.87704,79.85,120.04,112.51,162.43
6065,4252,2,0.81156,181.96,122.56,200.45,142.11
6066,4256,2,0.86456,128.86,212.7,152.35,245.18
6067,4256,2,0.8439,208.92,161.73,227.5,189.82
6068,4259,15,0.88064,387.33,119.03,416.56,150.04
6069,4259,6,0.86532,315.59,68.48,344.54,110.78
6070,4259,2,0.81754,413.48,58.24,431.44,77.34
6071,4270,15,0.82793,163.46,189.5,190.82,214.11
6072,4270,15,0.79458,162.84,154.9,182.03,169.57
6073,4270,7,0.76306,96.06,176.43,117.41,193.42
6074,4270,15,0.03948,200.03,131.69,213.08,150.92
6075,4270,15,0.02448,135.18,162.38,145.83,175.03
6076,4270,7,0.00786,200.15,131.75,212.66,151.14
6077,4272,7,0.82921,382.24,124.05,406.44,144.57
6078,4272,7,0.81054,331.81,29.73,356.46,49.44
6079,4272,7,0.07959,125.96,4.26,141.87,18.03
6080,4272,2,0.00106,124.49,2.72,141.97,18.33
6081,4286,2,0.00385,478.2,0.3,485.0,21.33
6082,4286,2,0.00196,479.75,104.92,485.0,135.73
6083,4286,2,0.00196,481.17,0.13,485.0,27.93
6084,4286,2,0.00108,464.22,3.5,485.0,45.04
6085,4286,2,0.00103,481.62,107.71,485.0,134.88
6086,4294,2,0.90816,183.09,22.14,225.48,58.31
6087,4294,17,0.85956,216.53,92.05,238.2,114.32
6088,4294,17,0.8187,65.15,70.55,87.28,93.27
6089,4294,14,0.00233,18.74,252.0,61.78,252.0
6090,4308,11,0.87935,176.82,127.52,210.45,152.99
6091,4308,11,0.85534,385.72,57.53,410.39,80.74
6092,4308,9,0.2583,269.46,56.64,293.56,81.35
6093,4308,11,0.24825,305.59,107.92,338.26,134.4
6094,4308,10,0.1476,305.35,107.84,338.07,134.5
6095,4308,10,0.14739,269.58,56.88,293.61,80.91
6096,4308,11,0.09005,269.58,56.77,293.8,81.07
6097,4308,9,0.0335,305.31,107.78,338.42,135.01
6098,4308,7,0.00338,2.86,167.85,72.24,221.47
6099,4310,14,0.83101,225.77,96.17,272.83,211.67
6100,4310,5,0.81499,289.85,143.31,365.78,187.01
6101,4310,5,0.61847,0.0,153.69,185.9,191.07
6102,4310,5,0.2378,0.0,107.16,184.55,192.65
6103,4310,5,0.00331,0.0,146.07,118.1,192.99
6104,4310,5,0.0026,475.07,137.16,500.0,185.98
6105,4310,5,0.00216,0.0,133.85,28.21,186.17
6106,4310,5,0.00117,370.15,143.31,474.27,173.57
6107,4310,5,0.00101,18.3,256.0,289.71,256.0
6108,4312,13,0.89147,115.71,123.68,168.07,177.4
6109,4312,4,0.85702,157.33,40.26,226.15,95.57
6110,4312,1,0.80686,334.47,160.58,388.43,217.54
6111,4312,14,0.00528,308.24,23.96,427.29,126.59
6112,4312,8,0.00119,314.28,18.54,425.87,127.8
6113,4313,4,0.91752,178.3,54.85,256.05,107.32
6114,4313,3,0.86909,217.22,107.33,300.0,171.13
6115,4313,4,0.78004,158.65,10.65,236.5,54.29
6116,4313,3,0.76534,158.56,10.93,236.29,53.43
6117,4313,3,0.64374,282.3,164.99,378.62,239.0
6118,4314,2,0.90011,65.34,80.19,98.37,120.35
6119,4314,17,0.79614,134.24,67.51,151.18,85.52
6120,4314,17,0.45405,59.22,46.3,77.53,64.67
6121,4315,4,0.15997,266.37,77.06,354.23,161.04
6122,4315,3,0.04785,346.12,81.11,415.84,124.28
6123,4315,3,0.00899,0.0,138.59,6.57,171.49
6124,4315,3,0.00639,0.0,43.67,7.43,99.14
6125,4315,3,0.00584,491.44,141.24,506.0,218.31
6126,4315,3,0.00518,382.78,79.52,417.02,106.43
6127,4315,3,0.00482,0.02,136.88,11.71,172.85
6128,4315,12,0.00433,0.0,96.17,5.95,134.75
6129,4315,3,0.0041,134.46,39.32,153.86,65.73
6130,4315,12,0.00285,172.31,220.32,191.13,241.75
6131,4315,3,0.00215,198.8,42.7,215.09,59.15
6132,4315,3,0.00204,0.0,142.73,6.52,187.63
6133,4315,3,0.002,497.82,169.3,505.95,217.23
6134,4315,3,0.00177,489.01,166.56,505.99,222.32
6135,4315,3,0.00167,494.21,175.57,505.64,218.03
6136,4315,3,0.0015,128.23,31.5,153.85,66.12
6137,4315,3,0.00143,0.0,44.11,10.32,83.87
6138,4315,3,0.00141,0.0,132.11,4.37,188.03
6139,4315,12,0.00133,0.0,54.38,4.72,96.32
6140,4315,3,0.00125,123.67,31.0,142.91,48.71
6141,4319,15,0.9074,380.1,137.19,411.54,170.04
6142,4319,7,0.87002,325.36,183.35,347.55,206.83
6143,4319,7,0.86379,295.11,94.15,315.01,113.13
6144,4319,15,0.82113,304.67,125.05,330.56,147.61
6145,4319,2,0.00547,464.28,183.04,480.3,208.78
6146,4319,15,0.00214,310.15,156.69,324.55,169.87
6147,4319,7,0.00166,278.91,194.87,298.4,209.17
6148,4319,7,0.00157,266.87,99.77,280.05,116.47
6149,4321,2,0.8585,306.68,182.06,336.0,207.9
6150,4321,2,0.83601,191.46,187.75,217.83,214.64
6151,4324,7,0.89421,361.48,24.56,400.67,63.73
6152,4324,7,0.89042,261.74,29.75,306.09,72.07
6153,4326,2,0.85254,84.97,187.99,112.66,209.53
6154,4326,2,0.84234,47.27,145.67,67.75,172.39
6155,4327,2,0.87737,370.58,120.44,395.26,153.22
6156,4327,2,0.83103,381.18,40.04,409.43,63.72
6157,4328,7,0.86237,57.26,149.56,87.76,177.48
6158,4328,7,0.85167,104.84,117.15,140.61,143.34
6159,4328,17,0.79287,48.47,106.52,67.29,123.92
6160,4328,17,0.74916,64.05,130.0,83.38,148.95
6161,4328,17,0.65322,114.77,194.24,141.06,216.67
6162,4328,17,0.36504,193.91,184.62,221.04,209.13
6163,4328,17,0.24222,150.97,104.28,165.79,117.93
6164,4333,14,0.85804,49.62,109.72,78.85,193.16
6165,4333,5,0.83893,383.06,122.61,499.43,181.13
6166,4333,14,0.82838,335.83,92.95,398.01,228.93
6167,4333,5,0.82435,214.72,120.86,340.73,175.24
6168,4333,5,0.04062,357.09,109.46,435.51,154.42
6169,4333,5,0.01074,132.24,132.27,190.71,167.2
6170,4333,5,0.00868,494.28,132.12,500.0,186.53
6171,4333,8,0.00549,135.79,131.98,189.13,165.02
6172,4333,5,0.00388,491.41,126.21,500.0,185.87
6173,4333,5,0.00377,341.42,108.64,443.95,171.15
6174,4333,5,0.00335,496.1,147.72,500.0,196.4
6175,4333,5,0.00178,482.4,135.05,500.0,183.96
6176,4333,5,0.00125,493.02,140.94,500.0,200.94
6177,4333,5,0.00112,394.51,108.86,435.16,155.95
6178,4333,8,0.00101,17.57,256.0,260.91,256.0
6179,4338,1,0.83033,295.33,133.05,334.81,176.38
6180,4338,4,0.49703,107.02,197.79,199.68,235.4
6181,4338,6,0.01851,427.85,32.42,449.16,50.84
6182,4338,6,0.00115,273.27,180.23,297.28,208.37
6183,4342,11,0.90518,289.15,79.13,310.46,95.58
6184,4342,10,0.88181,241.88,120.27,261.04,139.34
6185,4342,17,0.8738,363.88,105.79,380.19,122.01
6186,4342,10,0.86858,250.61,96.67,268.26,115.68
6187,4342,9,0.86718,319.02,147.94,340.97,166.77
6188,4342,11,0.85395,311.34,115.23,329.93,134.07
6189,4342,9,0.83345,277.38,145.11,297.95,166.05
6190,4342,9,0.79528,361.59,128.06,378.34,144.81
6191,4342,17,0.7019,361.68,128.05,378.27,144.73
6192,4342,10,0.0019,277.47,145.09,297.73,165.96
6193,4342,14,0.00175,490.8,144.48,499.0,176.11
6194,4343,7,0.87172,86.17,179.82,115.87,207.12
6195,4343,7,0.85277,185.66,105.93,209.1,128.63
6196,4352,10,0.69271,218.71,136.96,243.72,160.81
6197,4352,10,0.62489,189.16,84.02,212.62,106.49
6198,4352,10,0.111,155.25,162.54,183.51,189.92
6199,4352,6,0.09876,318.36,7.13,357.41,26.26
6200,4352,14,0.03309,0.0,26.3,10.73,89.78
6201,4352,6,0.01262,288.4,177.92,340.41,202.22
6202,4352,14,0.00677,0.01,19.26,19.1,110.39
6203,4352,6,0.00563,288.23,178.08,341.79,218.01
6204,4352,10,0.00255,79.62,73.5,100.84,95.35
6205,4352,14,0.00138,0.06,1.41,90.71,107.17
6206,4352,2,0.00116,79.77,73.57,100.84,95.56
6207,4352,10,0.00109,123.42,132.69,147.73,156.15
6208,4354,15,0.88268,272.86,121.41,300.08,147.39
6209,4354,7,0.79395,201.85,108.66,222.53,125.35
6210,4354,15,0.77947,267.85,82.35,287.78,97.4
6211,4354,15,0.46615,239.07,92.28,250.41,102.44
6212,4354,7,0.31278,306.02,56.33,318.8,75.06
6213,4354,15,0.06488,306.14,56.12,318.71,75.2
6214,4362,2,0.88142,194.59,174.69,226.24,196.76
6215,4362,2,0.83148,31.89,148.77,55.31,175.85
6216,4366,11,0.88278,301.95,87.78,327.89,107.31
6217,4366,10,0.87718,226.1,133.89,246.54,157.7
6218,4366,10,0.87256,246.99,104.38,269.33,126.58
6219,4366,17,0.8498,377.05,136.08,396.5,155.76
6220,4366,17,0.8482,361.6,166.07,381.43,187.15
6221,4366,11,0.84643,306.86,138.86,328.58,163.73
6222,4366,9,0.73257,296.8,186.61,323.39,209.2
6223,4366,17,0.64483,249.98,173.58,272.89,200.4
6224,4366,17,0.6184,296.99,186.52,323.28,209.32
6225,4366,9,0.57419,249.92,173.54,272.89,200.44
6226,4366,9,0.20571,361.27,166.06,381.47,187.03
6227,4366,15,0.01709,85.67,193.13,168.52,247.0
6228,4369,7,0.86295,112.4,192.59,141.64,220.39
6229,4369,7,0.83175,212.1,120.3,235.64,143.62
6230,4370,14,0.85176,234.9,115.3,296.74,220.48
6231,4370,5,0.24136,0.5,164.55,183.6,205.53
6232,4370,5,0.20012,206.76,115.94,297.89,202.62
6233,4370,5,0.19948,287.61,152.81,352.36,196.58
6234,4370,5,0.02664,71.22,167.67,177.38,204.89
6235,4370,5,0.01861,0.38,126.38,188.27,207.03
6236,4370,5,0.00561,136.39,141.06,252.57,192.2
6237,4370,5,0.00357,206.38,150.66,272.46,200.71
6238,4370,14,0.00356,0.01,94.27,4.12,140.66
6239,4370,5,0.00325,75.86,164.15,225.68,199.92
6240,4370,5,0.0032,286.11,153.91,414.98,197.25
6241,4370,5,0.00242,98.31,151.59,218.56,196.58
6242,4370,5,0.00183,0.0,156.72,129.52,202.33
6243,4370,14,0.00166,0.01,142.42,3.88,168.85
6244,4370,5,0.00164,0.0,148.1,18.54,202.42
6245,4370,5,0.00126,466.3,151.94,500.0,196.73
6246,4370,5,0.00102,0.28,163.46,80.62,211.14
6247,4379,2,0.86518,268.62,194.96,288.39,220.75
6248,4379,2,0.26845,263.34,176.34,285.12,194.17
6249,4379,2,0.01898,251.82,236.58,267.29,253.38
6250,4380,15,0.89148,154.18,75.05,178.43,105.04
6251,4380,15,0.88414,66.1,81.59,89.27,109.18
6252,4382,8,0.6847,176.67,0.34,277.83,26.48
6253,4382,8,0.51655,245.05,0.04,370.34,33.34
6254,4382,14,0.04243,0.03,0.58,9.77,101.55
6255,4382,8,0.01318,0.01,4.31,10.32,100.35
6256,4382,14,0.00942,0.01,38.72,5.23,99.41
6257,4382,8,0.0065,233.88,0.27,328.49,32.38
6258,4382,8,0.00601,177.09,0.63,235.9,20.96
6259,4382,8,0.00483,329.31,0.74,369.79,21.17
6260,4382,8,0.00432,185.54,0.13,305.13,33.34
6261,4382,8,0.00426,236.18,0.04,374.38,56.54
6262,4382,6,0.00255,243.26,0.07,368.75,34.0
6263,4382,14,0.00237,0.0,37.57,8.78,99.99
6264,4382,14,0.0013,0.0,0.0,8.43,70.43
6265,4382,8,0.00126,272.95,0.45,367.94,26.57
6266,4382,8,0.00102,1.13,6.81,73.42,100.12
6267,4396,7,0.88732,262.33,179.53,308.83,221.06
6268,4396,7,0.88376,127.52,53.93,165.3,89.8
6269,4396,17,0.75373,148.17,148.17,173.7,173.13
6270,4413,14,0.82122,171.14,95.08,188.66,134.45
6271,4413,14,0.80793,358.64,126.37,374.12,145.32
6272,4413,14,0.7445,132.82,97.74,146.33,124.63
6273,4413,14,0.56003,13.86,80.74,24.86,104.62
6274,4413,14,0.5393,31.48,83.7,42.05,108.07
6275,4413,16,0.45331,0.08,154.8,48.48,198.01
6276,4413,14,0.35122,23.83,82.95,37.01,113.62
6277,4413,16,0.09199,0.07,154.49,53.22,228.6
6278,4413,16,0.0709,49.61,135.48,77.6,154.84
6279,4413,16,0.06301,0.0,155.32,98.87,237.85
6280,4413,14,0.05445,22.46,80.84,30.62,107.65
6281,4413,16,0.0367,0.26,123.08,31.54,148.16
6282,4413,14,0.03595,125.26,94.08,135.07,117.7
6283,4413,14,0.01467,15.46,79.82,28.75,105.86
6284,4413,14,0.01311,128.99,97.03,138.85,118.55
6285,4413,14,0.01263,0.02,80.43,3.84,103.42
6286,4413,14,0.00769,0.0,75.26,6.81,105.38
6287,4413,16,0.00523,0.79,125.73,78.1,153.6
6288,4413,14,0.00456,0.01,62.43,4.1,99.96
6289,4413,16,0.003,0.8,123.27,51.38,150.07
6290,4413,14,0.00214,135.79,94.82,148.09,110.89
6291,4413,14,0.00192,374.4,122.41,384.62,148.1
6292,4413,14,0.00182,0.0,58.74,8.07,100.96
6293,4413,14,0.00147,4.05,81.59,19.87,108.06
6294,4413,14,0.00139,133.55,95.54,145.09,113.96
6295,4413,14,0.00132,10.73,78.77,23.54,100.31
6296,4413,14,0.00132,374.93,129.81,386.1,147.08
6297,4413,14,0.0011,137.38,91.88,151.1,107.99
6298,4416,2,0.8036,297.27,31.1,326.68,61.18
6299,4416,2,0.01374,266.02,25.97,295.29,49.74
6300,4416,17,0.00683,0.0,0.0,8.0,8.52
6301,4417,3,0.89611,81.48,80.33,134.7,141.64
6302,4417,1,0.87298,157.72,78.7,199.83,122.14
6303,4417,3,0.8658,153.01,10.0,186.06,48.41
6304,4417,13,0.84401,212.56,50.19,250.87,89.89
6305,4417,3,0.79976,90.82,41.09,165.03,71.65
6306,4418,14,0.86581,392.41,141.31,418.76,229.01
6307,4418,14,0.84961,284.18,134.83,308.61,217.7
6308,4418,14,0.77199,61.86,83.13,104.27,205.15
6309,4418,14,0.61051,124.21,128.38,170.73,205.26
6310,4418,5,0.2662,412.25,180.46,488.59,222.33
6311,4418,14,0.25659,157.14,133.03,184.62,210.63
6312,4418,14,0.01537,96.87,146.01,122.95,208.95
6313,4418,8,0.00341,62.42,85.05,124.56,208.52
6314,4418,5,0.00282,494.69,184.44,500.0,221.07
6315,4418,14,0.00279,140.89,131.5,189.75,209.48
6316,4418,5,0.00221,166.45,157.17,263.23,203.49
6317,4418,8,0.0021,0.0,134.38,6.09,187.57
6318,4418,8,0.0021,0.0,114.12,73.37,194.67
6319,4418,8,0.00209,85.98,166.94,115.38,197.94
6320,4418,8,0.00206,0.03,107.4,9.92,219.62
6321,4418,14,0.00182,161.87,132.67,179.85,152.34
6322,4418,14,0.00175,133.45,129.92,158.89,178.87
6323,4418,5,0.00156,490.05,182.47,500.0,221.91
6324,4418,5,0.00147,496.09,192.55,500.0,226.08
6325,4418,14,0.00117,106.44,154.7,122.97,209.32
6326,4418,14,0.00108,0.0,132.53,8.24,195.27
6327,4425,15,0.88715,194.1,32.9,216.67,61.41
6328,4425,15,0.88125,107.17,45.1,129.47,72.17
6329,4430,12,0.89475,233.29,157.63,260.0,180.82
6330,4430,1,0.83948,265.07,136.86,290.59,160.97
6331,4430,0,0.83862,193.13,175.54,221.02,204.08
6332,4430,3,0.82083,239.1,175.89,302.26,204.85
6333,4430,4,0.53483,200.08,149.4,236.37,176.76
6334,4430,3,0.01411,0.0,98.93,13.68,142.16
6335,4430,3,0.00879,473.04,83.2,488.0,120.09
6336,4430,15,0.00322,49.09,195.62,73.49,212.23
6337,4430,0,0.00247,193.6,161.27,236.95,205.11
6338,4430,3,0.00189,467.03,76.04,488.0,119.01
6339,4430,4,0.00103,189.95,149.62,236.96,188.44
6340,4432,14,0.78483,311.28,54.74,362.43,181.91
6341,4432,14,0.47137,0.0,98.49,23.43,146.37
6342,4432,8,0.37125,0.36,140.08,102.25,248.57
6343,4432,8,0.23017,0.03,98.59,23.57,145.05
6344,4432,14,0.08772,161.39,141.85,195.87,200.55
6345,4432,8,0.04743,31.32,95.52,80.78,146.37
6346,4432,8,0.04444,252.99,158.31,308.14,239.18
6347,4432,14,0.04047,270.07,52.35,364.37,180.3
6348,4432,14,0.03263,31.67,95.48,76.49,146.3
6349,4432,14,0.03046,0.08,98.3,19.82,125.32
6350,4432,8,0.02834,0.0,126.6,31.69,249.0
6351,4432,8,0.01981,0.0,89.95,18.63,199.27
6352,4432,14,0.00921,211.59,1.42,404.26,82.68
6353,4432,8,0.00903,0.0,87.3,21.75,242.99
6354,4432,8,0.00784,276.09,0.32,400.34,62.18
6355,4432,14,0.00529,252.76,164.25,306.88,238.59
6356,4432,5,0.00429,483.21,146.9,493.0,184.75
6357,4432,14,0.00385,269.73,80.11,327.12,176.09
6358,4432,14,0.00361,278.81,0.38,400.0,60.56
6359,4432,8,0.00346,0.0,95.58,69.94,169.71
6360,4432,14,0.00332,256.34,53.57,335.43,181.74
6361,4432,14,0.00321,0.0,105.82,9.65,156.68
6362,4432,8,0.00268,0.0,148.51,90.36,215.33
6363,4432,8,0.00252,0.06,91.22,73.91,247.2
6364,4432,14,0.00251,0.0,97.33,8.11,118.61
6365,4432,14,0.00217,0.0,96.21,14.43,152.14
6366,4432,14,0.00214,192.87,0.31,270.5,76.31
6367,4432,14,0.00177,199.22,1.79,342.53,93.52
6368,4432,14,0.00155,286.02,131.27,324.34,172.67
6369,4432,14,0.00133,0.0,106.93,6.84,169.33
6370,4438,5,0.85582,315.18,177.13,398.64,209.87
6371,4438,5,0.82966,444.62,165.3,489.0,190.26
6372,4438,5,0.81041,9.54,173.02,107.03,207.84
6373,4438,8,0.80271,275.56,161.49,295.94,178.18
6374,4438,5,0.78821,215.28,172.98,299.7,198.82
6375,4438,8,0.72884,418.72,161.82,440.33,177.77
6376,4438,8,0.59558,392.83,160.84,408.82,175.63
6377,4438,14,0.53418,426.34,155.23,435.29,170.56
6378,4438,14,0.47611,372.25,156.08,378.26,169.48
6379,4438,14,0.44063,396.32,154.72,406.02,170.5
6380,4438,8,0.37086,354.29,163.52,374.49,179.39
6381,4438,14,0.33416,280.98,154.21,293.93,169.58
6382,4438,14,0.25764,376.28,155.45,382.08,171.17
6383,4438,14,0.20651,423.09,156.48,434.94,172.83
6384,4438,14,0.19269,278.13,155.18,295.66,176.21
6385,4438,14,0.14328,364.66,157.61,372.13,174.0
6386,4438,14,0.13455,419.87,160.1,434.28,176.05
6387,4438,5,0.08965,196.75,127.51,211.52,142.84
6388,4438,14,0.08274,369.64,158.21,377.39,172.84
6389,4438,14,0.076,362.39,159.1,373.92,175.37
6390,4438,8,0.07444,241.82,165.19,256.25,177.38
6391,4438,8,0.05386,358.01,161.56,381.43,178.83
6392,4438,14,0.05361,375.16,159.21,383.37,172.14
6393,4438,14,0.05237,358.14,161.41,374.57,176.59
6394,4438,8,0.04991,274.69,165.28,290.47,178.1
6395,4438,14,0.04445,460.83,151.81,470.32,167.88
6396,4438,14,0.03975,377.22,156.06,385.16,173.61
6397,4438,14,0.03739,69.62,161.72,83.43,175.99
6398,4438,8,0.03072,273.95,169.59,296.36,181.1
6399,4438,14,0.02498,394.76,156.99,408.72,174.53
6400,4438,14,0.0235,374.13,155.35,381.58,168.11
6401,4438,14,0.01894,240.28,158.09,248.42,171.02
6402,4438,5,0.01874,86.36,102.27,218.16,175.77
6403,4438,8,0.01587,365.14,165.97,382.04,179.02
6404,4438,14,0.01571,427.37,154.99,439.23,170.15
6405,4438,5,0.01365,195.32,126.28,250.52,153.93
6406,4438,5,0.01341,245.64,173.66,297.77,196.1
6407,4438,8,0.01329,370.32,168.03,382.93,178.56
6408,4438,14,0.0107,365.46,154.79,372.25,169.97
6409,4438,8,0.01035,269.89,154.32,294.78,167.54
6410,4438,14,0.01024,484.63,151.65,489.0,167.35
6411,4438,8,0.00978,240.4,157.0,248.16,170.16
6412,4438,8,0.00812,237.13,167.28,251.79,177.01
6413,4438,14,0.00757,0.01,116.12,2.94,132.71
6414,4438,14,0.00619,367.78,160.61,379.12,175.7
6415,4438,8,0.00618,236.83,163.64,247.52,175.96
6416,4438,14,0.0054,236.36,160.5,247.66,173.8
6417,4438,8,0.00533,376.42,160.11,385.57,175.05
6418,4438,8,0.00527,480.04,150.71,488.8,166.9
6419,4438,8,0.00484,470.63,151.57,488.26,166.59
6420,4438,14,0.00458,364.89,155.62,375.93,171.79
6421,4438,8,0.00437,254.78,173.53,297.56,194.97
6422,4438,5,0.00392,304.73,20.05,351.09,80.44
6423,4438,5,0.00385,304.92,55.62,330.74,76.54
6424,4438,14,0.00349,396.96,151.2,404.64,167.08
6425,4438,8,0.00346,240.07,160.52,249.24,173.99
6426,4438,5,0.00332,403.71,107.57,452.69,123.11
6427,4438,5,0.00327,0.0,142.47,12.79,160.92
6428,4438,5,0.00316,146.99,89.71,169.15,102.91
6429,4438,5,0.00304,89.24,102.39,206.99,149.68
6430,4438,14,0.00284,233.23,162.92,246.24,175.73
6431,4438,14,0.00251,375.9,159.9,389.65,173.68
6432,4438,14,0.00251,478.2,150.27,488.63,166.87
6433,4438,14,0.00245,469.71,151.09,488.02,166.22
6434,4438,5,0.00239,306.63,56.05,350.62,76.79
6435,4438,5,0.00229,0.0,139.38,17.18,159.5
6436,4438,5,0.00221,34.45,111.72,72.28,133.77
6437,4438,8,0.00214,373.65,166.89,386.51,177.68
6438,4438,14,0.00206,288.39,154.05,299.01,170.4
6439,4438,5,0.002,305.15,42.95,348.94,80.34
6440,4438,5,0.00183,462.38,151.15,488.65,167.0
6441,4438,8,0.00176,233.34,160.06,247.59,173.52
6442,4438,14,0.00172,0.04,100.13,8.3,132.71
6443,4438,14,0.00159,283.46,156.34,298.44,172.72
6444,4438,14,0.00149,0.0,108.68,3.72,132.4
6445,4438,8,0.00148,350.52,168.48,368.98,180.13
6446,4438,8,0.00147,263.99,173.32,296.34,182.74
6447,4438,14,0.00147,355.97,162.28,381.15,177.8
6448,4438,5,0.00143,266.23,155.89,280.55,166.02
6449,4438,5,0.00134,309.99,60.5,347.63,80.47
6450,4438,5,0.00126,336.62,79.13,369.85,96.24
6451,4438,5,0.00117,128.49,80.65,170.22,101.37
6452,4438,5,0.00116,480.45,74.19,488.98,90.43
6453,4438,14,0.0011,397.48,154.89,410.91,170.75
6454,4438,14,0.0011,396.45,147.19,406.73,168.17
6455,4438,5,0.00104,113.15,85.12,169.71,103.48
6456,4438,5,0.00104,110.76,75.45,165.62,101.78
6457,4438,14,0.00103,361.87,152.84,370.09,171.51
6458,4440,4,0.89232,214.67,35.69,284.22,87.84
6459,4440,13,0.8651,182.88,122.11,233.81,174.56
6460,4440,1,0.79794,400.11,140.16,456.97,196.86
6461,4440,14,0.14637,368.94,106.27,398.91,144.89
6462,4440,14,0.0028,370.97,6.71,485.19,106.67
6463,4440,14,0.00206,305.66,7.58,483.28,148.85
6464,4440,14,0.0011,318.74,82.09,399.02,145.73
6465,4442,11,0.88475,329.54,41.17,355.68,60.78
6466,4442,10,0.87679,274.5,58.23,297.36,80.88
6467,4442,10,0.86853,254.1,88.08,274.82,111.82
6468,4442,17,0.85348,389.96,118.72,409.71,139.48
6469,4442,11,0.84091,335.03,92.31,356.68,117.14
6470,4442,9,0.82952,325.21,139.45,351.62,161.79
6471,4442,17,0.82752,405.52,88.51,424.97,108.49
6472,4442,17,0.79872,278.0,126.77,301.38,153.52
6473,4442,17,0.70951,325.1,139.3,351.63,161.78
6474,4442,9,0.6444,278.06,126.83,301.34,153.5
6475,4442,9,0.3437,389.54,118.6,409.74,139.44
6476,4442,9,0.07391,404.94,88.46,425.05,108.34
6477,4448,14,0.11919,148.4,109.14,170.36,157.42
6478,4448,8,0.07633,340.29,97.47,389.99,141.71
6479,4448,8,0.06246,171.35,114.25,222.91,185.69
6480,4448,8,0.04727,492.83,83.73,500.0,119.61
6481,4448,8,0.03677,410.04,57.66,498.97,129.22
6482,4448,14,0.02318,139.48,109.9,165.07,156.72
6483,4448,8,0.02136,493.4,58.21,500.0,121.33
6484,4448,8,0.01346,453.71,73.68,498.81,124.39
6485,4448,14,0.0091,494.27,78.13,500.0,121.16
6486,4448,8,0.00665,485.38,63.76,500.0,122.75
6487,4448,14,0.00526,158.18,104.21,180.33,158.18
6488,4448,14,0.00395,195.11,88.88,215.16,110.41
6489,4448,14,0.00373,163.53,101.83,185.09,159.6
6490,4448,3,0.0032,125.54,194.46,259.95,255.75
6491,4448,8,0.00229,409.42,61.67,464.62,131.71
6492,4448,8,0.00197,417.77,95.39,457.36,131.12
6493,4448,14,0.00137,194.75,88.85,216.65,122.2
6494,4448,8,0.00137,151.03,106.29,238.52,187.26
6495,4448,14,0.00125,494.83,51.14,500.0,125.71
6496,4465,2,0.87695,277.89,38.32,313.82,65.47
6497,4465,2,0.8348,399.82,54.96,430.91,83.98
6498,4465,2,0.00297,498.09,0.0,502.0,10.41
6499,4474,5,0.74095,294.18,159.03,368.17,202.28
6500,4474,14,0.72425,202.21,112.86,252.9,233.18
6501,4474,14,0.62692,183.54,114.97,218.84,231.11
6502,4474,5,0.01112,62.57,175.55,194.83,213.62
6503,4474,5,0.00267,0.07,179.0,99.56,219.78
6504,4474,14,0.00208,0.0,108.21,5.45,150.26
6505,4474,5,0.00138,228.54,75.89,265.38,92.73
6506,4474,5,0.00112,0.04,163.47,180.93,210.4
6507,4474,14,0.0011,0.0,139.29,4.46,187.91
6508,4474,5,0.00108,0.34,128.8,62.89,157.39
6509,4475,2,0.84855,260.74,39.83,291.17,65.19
6510,4475,2,0.84231,145.29,43.6,171.91,70.69
6511,4475,2,0.01938,507.3,91.26,512.0,113.77
6512,4475,2,0.00355,507.9,78.72,512.0,113.34
6513,4475,2,0.00142,21.85,0.0,133.54,0.0
6514,4494,15,0.85662,390.4,163.28,417.16,188.95
6515,4494,7,0.81686,321.03,150.11,341.85,165.63
6516,4494,15,0.77069,387.22,128.1,406.45,142.22
6517,4494,15,0.19276,358.47,136.64,369.46,146.59
6518,4494,15,0.06157,425.27,104.53,437.67,123.28
6519,4494,7,0.01908,425.13,104.59,438.07,123.81
6520,4494,15,0.0039,481.17,52.37,487.0,85.52
6521,4494,17,0.00308,458.32,141.42,472.09,154.16
6522,4494,2,0.00248,235.94,21.29,244.5,38.06
6523,4512,14,0.8312,470.02,103.7,495.0,181.24
6524,4512,14,0.82976,67.25,112.19,101.3,211.39
6525,4512,14,0.8097,280.14,107.64,319.39,195.23
6526,4512,14,0.80521,323.88,111.0,351.69,188.74
6527,4512,14,0.03384,486.81,106.4,495.0,141.66
6528,4512,14,0.01297,488.05,104.29,495.0,184.18
6529,4512,14,0.01074,276.41,105.55,297.79,169.08
6530,4512,6,0.00852,474.19,50.18,495.0,109.79
6531,4512,14,0.00303,485.35,105.9,495.0,167.51
6532,4512,6,0.00137,474.24,44.17,495.0,89.39
6533,4512,14,0.00131,486.33,90.64,495.0,129.17
6534,4513,15,0.89563,383.68,48.43,405.51,68.7
6535,4513,15,0.88973,265.76,54.58,285.65,76.78
6536,4513,5,0.00147,453.46,130.8,498.04,144.65
6537,4513,5,0.00128,454.25,135.31,498.35,147.78
6538,4514,15,0.90996,184.15,158.63,204.13,176.36
6539,4514,15,0.88407,278.4,172.82,297.24,190.62
6540,4515,5,0.90161,204.53,59.09,288.56,113.09
6541,4515,5,0.88334,374.62,53.74,481.55,112.9
6542,4515,5,0.87903,136.22,23.97,192.91,64.61
6543,4515,5,0.87632,214.85,10.99,263.96,39.09
6544,4515,5,0.8555,168.06,17.08,224.98,50.54
6545,4515,5,0.84962,166.45,0.64,203.26,17.96
6546,4515,5,0.84586,66.52,1.0,99.16,18.36
6547,4515,5,0.81705,230.54,38.03,294.68,80.36
6548,4515,5,0.78574,318.25,118.52,440.27,198.01
6549,4515,5,0.54865,129.3,1.2,169.15,25.81
6550,4515,5,0.43345,99.56,0.78,115.3,8.43
6551,4515,5,0.11444,101.5,3.45,164.7,26.39
6552,4515,5,0.0856,135.18,0.79,203.36,19.4
6553,4515,5,0.07747,130.9,14.7,154.2,26.11
6554,4515,5,0.04806,102.26,5.6,138.22,25.49
6555,4515,5,0.02372,100.72,1.5,147.83,19.64
6556,4515,5,0.01951,128.18,0.61,163.93,16.57
6557,4515,14,0.00722,130.63,11.37,144.01,25.35
6558,4515,14,0.00517,130.84,9.51,151.51,25.44
6559,4515,8,0.00394,153.09,0.47,170.62,7.31
6560,4515,5,0.00326,30.53,5.95,138.56,89.14
6561,4515,5,0.0013,102.01,10.0,128.42,25.84
6562,4515,14,0.00127,101.76,13.22,116.1,24.74
6563,4515,8,0.00109,130.13,4.47,160.6,25.86
6564,4518,7,0.8906,252.17,37.24,289.69,72.45
6565,4518,7,0.8774,169.69,53.43,204.8,83.13
6566,4518,17,0.86866,233.35,72.6,254.78,93.21
6567,4518,17,0.83677,216.5,119.3,238.96,141.99
6568,4518,17,0.00458,0.02,113.63,5.26,137.9
6569,4518,15,0.00239,0.01,110.75,4.87,140.4
6570,4518,2,0.00229,12.46,41.89,34.01,63.92
6571,4522,15,0.89317,237.4,72.1,256.51,88.08
6572,4522,15,0.88207,260.71,66.98,276.81,80.87
6573,4524,15,0.84271,193.58,99.86,219.7,124.5
6574,4524,15,0.80814,226.59,68.76,245.79,85.03
6575,4524,7,0.46584,150.55,75.3,169.45,89.57
6576,4526,5,0.71834,278.18,134.25,302.39,146.55
6577,4526,5,0.01539,263.36,131.73,273.4,139.36
6578,4526,5,0.0123,151.0,200.78,181.29,216.17
6579,4526,5,0.00662,0.0,150.38,11.63,177.79
6580,4526,5,0.00244,484.09,123.5,500.0,153.99
6581,4526,5,0.00169,132.48,199.75,182.09,218.49
6582,4526,5,0.00153,481.98,119.58,500.0,141.85
6583,4526,5,0.00105,233.1,140.75,246.61,150.13
6584,4526,5,0.00105,0.0,160.65,4.85,177.55
6585,4526,5,0.00105,0.01,168.8,3.75,178.11
6586,4526,5,0.00102,0.01,161.35,11.36,177.84
6587,4534,2,0.87492,258.22,186.87,282.14,220.15
6588,4534,2,0.84685,264.17,107.25,295.42,129.88
6589,4538,2,0.85853,286.29,145.11,315.52,173.73
6590,4538,2,0.68997,409.09,131.28,430.53,154.95
6591,4538,2,0.03937,245.37,149.48,265.55,169.93
6592,4538,2,0.00115,401.16,123.47,415.27,145.89
6593,4540,2,0.87908,106.45,107.58,137.43,142.53
6594,4540,17,0.67487,132.61,175.0,153.13,192.88
6595,4540,17,0.29142,53.13,151.13,72.13,168.92
6596,4544,2,0.87835,233.86,125.13,261.99,160.68
6597,4544,17,0.81141,261.78,192.29,279.69,210.12
6598,4544,17,0.80628,180.84,167.22,199.68,184.95
6599,4544,15,0.04012,0.45,199.35,53.33,241.66
6600,4544,2,0.03486,180.94,167.34,199.67,185.0
6601,4545,11,0.90526,240.84,100.12,262.8,118.25
6602,4545,10,0.89431,258.48,42.83,278.26,59.41
6603,4545,9,0.87657,213.41,25.95,233.45,43.06
6604,4545,10,0.87146,269.1,68.16,286.06,86.17
6605,4545,9,0.86357,178.29,33.87,197.55,50.28
6606,4545,11,0.85923,200.29,60.96,219.61,79.07
6607,4545,17,0.84023,153.27,62.45,169.3,78.7
6608,4545,17,0.82948,158.62,86.62,174.53,103.02
6609,4545,9,0.2095,153.12,62.41,169.52,78.87
6610,4545,9,0.00366,158.37,86.22,174.38,102.77
6611,4550,10,0.86681,237.03,126.06,276.71,164.92
6612,4550,10,0.8165,179.62,85.84,210.93,117.3
6613,4557,4,0.85585,179.93,134.32,277.24,178.49
6614,4557,1,0.8331,423.35,122.55,474.27,171.14
6615,4557,13,0.44375,246.84,201.78,296.87,245.24
6616,4557,6,0.015,0.0,116.62,11.72,170.8
6617,4557,1,0.01288,246.0,201.74,298.14,248.0
6618,4557,16,0.00328,330.9,152.32,413.8,234.44
6619,4557,14,0.00282,309.11,2.49,405.42,229.01
6620,4557,7,0.00278,0.0,109.17,11.49,148.9
6621,4557,15,0.0015,0.0,110.69,11.3,150.09
6622,4557,4,0.00132,0.0,103.14,12.64,156.99
6623,4557,15,0.00114,0.0,126.04,10.99,179.57
6624,4564,14,0.79035,220.02,100.83,255.41,143.46
6625,4564,8,0.7749,217.5,120.78,266.73,196.15
6626,4564,16,0.45556,0.0,133.19,6.87,159.28
6627,4564,16,0.28427,6.45,135.23,23.11,159.31
6628,4564,16,0.23077,21.83,134.45,36.51,157.99
6629,4564,16,0.09421,35.96,134.78,51.6,156.49
6630,4564,16,0.07131,61.83,134.13,75.77,153.68
6631,4564,16,0.04604,74.94,132.99,87.57,151.93
6632,4564,8,0.02268,279.54,116.79,296.52,145.46
6633,4564,16,0.01855,49.35,133.26,62.48,153.78
6634,4564,16,0.01851,86.16,132.46,97.59,151.78
6635,4564,16,0.01803,96.22,131.83,107.16,149.74
6636,4564,16,0.0146,175.29,127.56,185.55,138.91
6637,4564,16,0.01437,105.55,132.28,116.98,149.09
6638,4564,16,0.00683,76.78,131.87,97.12,151.13
6639,4564,16,0.00672,41.45,133.24,66.51,154.77
6640,4564,16,0.00646,131.38,132.45,141.47,147.78
6641,4564,16,0.00526,81.86,131.64,105.81,149.52
6642,4564,16,0.00488,90.96,131.84,109.21,149.02
6643,4564,16,0.00465,66.83,132.44,88.54,152.88
6644,4564,14,0.00409,228.29,100.93,251.6,121.57
6645,4564,16,0.00371,0.01,129.09,4.82,176.72
6646,4564,14,0.00286,0.0,116.1,7.57,162.94
6647,4564,16,0.00269,23.31,134.12,42.7,155.95
6648,4564,14,0.00219,281.5,113.3,298.89,129.78
6649,4564,16,0.00172,104.07,127.22,128.24,148.26
6650,4564,14,0.00152,0.01,109.03,5.1,153.26
6651,4564,16,0.00138,110.55,126.23,137.13,147.73
6652,4564,16,0.00125,122.72,132.65,132.92,147.56
6653,4589,2,0.90741,50.56,67.04,88.7,110.76
6654,4589,2,0.54942,153.28,102.02,173.69,120.93
6655,4589,17,0.38853,134.96,34.05,155.5,53.13
6656,4589,17,0.27663,153.85,102.29,173.6,120.71
6657,4589,2,0.16956,135.06,34.01,155.56,52.9
6658,4589,2,0.0053,373.34,41.92,399.33,55.32
6659,4596,14,0.69561,283.42,124.75,343.83,249.69
6660,4596,5,0.25133,84.04,193.33,196.54,226.92
6661,4596,14,0.08532,230.05,138.71,279.68,252.8
6662,4596,5,0.00266,0.0,229.91,90.75,255.91
6663,4596,5,0.00242,0.0,176.49,9.99,236.55
6664,4596,14,0.00138,248.99,128.89,347.61,252.6
6665,4597,13,0.84274,212.57,199.76,268.87,252.18
6666,4597,4,0.75829,121.18,60.41,214.45,130.16
6667,4597,1,0.69814,117.13,187.32,173.87,246.47
6668,4597,6,0.03587,405.05,111.91,437.86,142.47
6669,4597,6,0.0248,418.68,38.04,457.97,64.1
6670,4597,0,0.00803,114.51,188.19,172.24,245.94
6671,4597,6,0.00126,406.05,112.18,429.03,135.54
6672,4600,11,0.8982,286.4,133.56,307.08,149.94
6673,4600,10,0.88816,241.53,176.58,260.48,195.64
6674,4600,10,0.87394,248.95,152.8,266.22,171.64
6675,4600,17,0.862,362.48,156.81,377.91,172.92
6676,4600,11,0.85852,310.48,168.63,328.95,187.38
6677,4600,9,0.83857,320.09,200.73,341.59,219.78
6678,4600,9,0.81049,278.04,199.91,298.79,221.22
6679,4600,9,0.61431,361.28,179.11,377.89,195.67
6680,4600,17,0.24456,361.41,179.07,377.66,195.49
6681,4613,5,0.0966,270.28,65.31,375.62,116.59
6682,4613,14,0.03043,0.0,96.69,5.54,161.99
6683,4613,5,0.01674,172.14,105.71,224.08,133.98
6684,4613,5,0.00707,272.55,60.01,430.77,116.33
6685,4613,14,0.007,0.0,108.94,4.97,179.85
6686,4613,14,0.00611,0.0,99.34,8.87,163.32
6687,4613,5,0.00432,140.14,106.23,238.97,142.34
6688,4613,5,0.00191,478.39,38.52,498.78,52.33
6689,4613,5,0.00152,445.25,48.07,483.86,66.42
6690,4613,5,0.00141,366.21,58.3,401.1,91.74
6691,4613,5,0.00112,477.73,38.33,498.89,61.94
6692,4614,8,0.87695,387.01,143.62,449.05,189.34
6693,4614,8,0.83364,340.44,142.56,371.67,179.23
6694,4614,8,0.83355,288.06,139.56,316.8,173.98
6695,4614,8,0.79699,308.86,143.3,350.65,177.73
6696,4614,8,0.78407,363.27,147.49,395.33,185.11
6697,4614,14,0.76247,57.18,107.27,82.9,145.18
6698,4614,14,0.62014,122.72,106.57,155.73,155.55
6699,4614,8,0.55831,473.85,138.04,488.0,172.09
6700,4614,14,0.16862,126.88,107.38,152.03,141.06
6701,4614,8,0.05525,480.04,138.57,488.0,174.3
6702,4614,8,0.04671,123.12,126.76,156.96,154.89
6703,4614,8,0.02785,475.38,132.91,488.0,190.68
6704,4614,8,0.02337,465.88,135.78,488.0,170.62
6705,4614,8,0.01737,459.24,133.33,487.83,186.37
6706,4614,14,0.01516,475.21,137.75,488.0,193.0
6707,4614,14,0.01057,124.74,126.6,156.22,156.68
6708,4614,14,0.00801,0.0,125.05,4.34,141.97
6709,4614,14,0.0042,0.0,116.07,4.09,143.18
6710,4614,8,0.00385,413.89,143.23,449.07,190.12
6711,4614,14,0.00344,463.32,137.5,488.0,185.75
6712,4614,14,0.00282,0.0,124.24,5.23,149.41
6713,4614,8,0.00274,476.78,127.1,488.0,167.25
6714,4614,8,0.00239,481.88,136.1,488.0,200.09
6715,4614,5,0.00172,109.89,151.32,187.1,192.54
6716,4614,8,0.00169,333.54,142.18,352.21,172.15
6717,4614,8,0.00166,108.19,149.43,191.51,192.52
6718,4614,16,0.00158,0.0,142.42,3.72,162.54
6719,4614,14,0.00155,43.47,123.8,66.67,144.22
6720,4614,14,0.00137,251.22,119.87,285.6,172.47
6721,4614,14,0.00123,310.37,125.75,354.23,174.65
6722,4614,8,0.00115,49.25,105.97,102.19,159.07
6723,4616,15,0.88172,269.66,96.54,291.12,122.13
6724,4616,15,0.87091,202.71,99.08,224.29,122.74
6725,4620,7,0.8769,44.43,106.05,73.04,126.56
6726,4620,7,0.83676,100.45,26.55,126.05,47.13
6727,4622,15,0.89545,98.92,142.79,118.77,162.16
6728,4622,15,0.87229,60.33,148.76,81.56,167.17
6729,4622,15,0.00884,168.16,135.08,183.47,148.42
6730,4626,10,0.88365,142.55,113.15,162.33,129.28
6731,4626,11,0.88087,126.48,170.52,148.14,188.5
6732,4626,10,0.87335,154.22,137.54,170.64,155.4
6733,4626,11,0.86435,84.16,133.1,104.0,150.86
6734,4626,17,0.84612,36.21,136.95,51.89,152.75
6735,4626,9,0.83802,97.17,98.08,117.05,114.88
6736,4626,17,0.82201,42.17,161.17,58.43,177.0
6737,4626,9,0.67885,61.57,107.07,80.86,123.58
6738,4626,17,0.00142,61.47,107.18,80.96,123.39
6739,4629,12,0.85347,197.87,137.31,243.78,176.76
6740,4629,13,0.82315,149.45,49.94,191.02,91.86
6741,4629,12,0.80904,302.21,107.38,343.52,149.06
6742,4629,6,0.00106,91.32,119.11,121.39,152.09
6743,4632,15,0.90936,112.31,168.76,142.59,203.86
6744,4632,15,0.90195,282.38,147.97,310.86,178.74
6745,4632,15,0.00255,306.0,139.71,317.49,149.48
6746,4638,15,0.90776,330.12,36.0,348.47,52.68
6747,4638,15,0.90399,374.66,29.03,394.9,47.02
6748,4638,15,0.03357,485.48,17.0,493.0,33.47
6749,4638,0,0.01749,485.63,16.96,493.0,33.12
6750,4643,2,0.87681,207.39,64.17,243.07,109.76
6751,4643,17,0.86117,235.26,18.49,254.43,37.53
6752,4643,17,0.83633,341.35,90.81,359.91,110.09
6753,4643,2,0.00537,477.61,14.09,485.0,48.19
6754,4643,2,0.00413,212.34,63.75,296.7,111.49
6755,4643,2,0.00119,476.1,4.46,485.0,59.58
6756,4647,15,0.9212,392.09,14.42,427.76,52.79
6757,4647,15,0.9137,306.68,8.34,341.11,40.69
6758,4647,7,0.00452,0.0,107.62,78.04,208.14
6759,4657,2,0.87046,397.48,25.8,415.58,47.83
6760,4657,2,0.85083,379.18,51.55,396.52,74.2
6761,4657,2,0.19062,278.98,155.97,299.52,178.56
6762,4657,2,0.08382,278.73,159.93,293.14,178.72
6763,4657,2,0.0067,285.86,156.06,301.51,176.78
6764,4658,7,0.91964,238.31,86.18,292.22,135.59
6765,4658,7,0.91841,207.82,168.94,280.78,226.92
6766,4658,15,0.00134,308.99,114.69,400.22,234.61
6767,4662,15,0.90233,32.71,85.03,51.77,102.06
6768,4662,15,0.89466,79.88,82.24,100.33,100.29
6769,4663,7,0.92254,390.39,28.89,450.48,63.81
6770,4663,7,0.9184,213.77,198.82,264.07,230.2
6771,4663,2,0.24342,0.0,105.02,6.39,154.88
6772,4663,17,0.02766,0.01,127.73,4.62,153.22
6773,4663,17,0.01564,0.0,114.0,5.27,153.74
6774,4663,7,0.00601,369.4,43.74,480.74,107.14
6775,4664,15,0.92409,338.65,165.09,373.37,197.41
6776,4664,15,0.90775,425.08,173.37,461.58,212.86
6777,4664,17,0.02586,371.82,53.01,385.67,66.67
6778,4664,17,0.00247,417.69,21.32,432.68,34.3
6779,4665,15,0.9089,104.99,172.6,125.31,190.48
6780,4665,15,0.89544,58.99,175.09,77.54,191.82
6781,4667,15,0.91778,127.92,139.21,165.48,178.31
6782,4667,15,0.91179,44.32,122.08,79.78,155.48
6783,4669,10,0.86929,60.47,57.31,77.28,71.39
6784,4669,17,0.84709,104.0,99.24,117.64,113.09
6785,4669,10,0.84624,36.3,67.85,50.81,83.24
6786,4669,11,0.83939,102.03,56.29,119.36,69.58
6787,4669,17,0.83694,126.14,87.62,139.88,101.12
6788,4669,11,0.82469,81.25,80.89,96.69,96.06
6789,4669,17,0.81176,57.64,100.42,74.57,115.28
6790,4669,17,0.71165,33.95,88.43,49.94,105.49
6791,4669,9,0.05538,104.05,99.16,117.71,113.06
6792,4672,3,0.90432,349.61,165.16,398.65,230.18
6793,4672,3,0.90211,333.49,11.92,371.78,88.86
6794,4672,13,0.88705,264.17,115.61,297.95,149.84
6795,4672,3,0.8694,356.77,107.18,417.91,159.97
6796,4672,1,0.83204,285.43,53.83,319.77,90.36
6797,4672,7,0.013,42.92,156.15,66.71,174.39
6798,4682,14,0.85152,38.47,125.39,71.04,209.42
6799,4682,5,0.82094,206.16,135.71,327.98,190.82
6800,4682,14,0.70842,327.34,96.3,400.25,239.88
6801,4682,5,0.68544,379.46,136.17,497.22,194.68
6802,4682,5,0.08898,119.97,149.32,178.58,181.94
6803,4682,5,0.01173,336.41,121.52,425.33,150.84
6804,4682,5,0.00963,326.24,132.38,495.99,219.45
6805,4682,5,0.00326,480.35,148.97,500.0,196.72
6806,4682,8,0.00277,120.17,146.63,178.9,180.95
6807,4682,5,0.00211,328.32,120.73,423.23,239.0
6808,4682,5,0.00191,330.73,119.83,427.4,170.57
6809,4682,8,0.00189,30.9,131.56,88.68,206.69
6810,4682,5,0.00176,363.93,124.66,422.75,171.69
6811,4682,5,0.00157,486.09,151.16,500.0,205.62
6812,4698,10,0.20413,145.07,106.39,172.85,141.88
6813,4698,10,0.14087,248.47,109.48,281.63,135.76
6814,4698,10,0.07785,186.33,33.03,214.87,59.26
6815,4698,2,0.03651,248.38,109.14,281.26,135.99
6816,4698,11,0.02225,248.38,109.26,281.37,135.96
6817,4698,11,0.0138,186.29,33.27,214.88,59.07
6818,4698,2,0.00606,186.21,33.11,214.84,59.03
6819,4698,14,0.00253,391.01,9.87,500.0,197.18
6820,4701,3,0.92304,190.93,118.7,238.87,183.7
6821,4701,3,0.86876,166.67,40.19,215.29,74.45
6822,4701,1,0.85861,256.82,103.22,296.48,144.27
6823,4701,13,0.85831,274.2,65.57,310.5,102.03
6824,4701,3,0.85418,140.25,74.49,209.37,112.63
6825,4704,8,0.89444,360.96,5.11,495.75,118.71
6826,4704,8,0.03969,488.61,43.74,496.0,105.26
6827,4704,8,0.02805,446.79,4.87,496.0,106.32
6828,4704,8,0.00868,486.46,26.74,495.98,102.16
6829,4704,8,0.00486,490.07,59.6,496.0,104.38
6830,4704,14,0.00357,296.25,0.69,312.16,30.61
6831,4704,8,0.0035,471.76,41.96,495.79,98.74
6832,4704,8,0.00205,467.49,29.78,496.0,119.85
6833,4704,5,0.00188,67.53,63.16,145.11,106.56
6834,4704,8,0.00174,359.1,34.02,405.04,102.13
6835,4705,8,0.84312,394.78,162.76,413.59,177.84
6836,4705,5,0.79075,284.87,158.53,346.44,177.82
6837,4705,14,0.70007,397.96,153.55,410.24,169.12
6838,4705,8,0.53204,432.87,161.34,453.88,175.96
6839,4705,14,0.24988,375.56,158.65,389.31,171.71
6840,4705,14,0.18901,438.46,147.38,451.75,169.82
6841,4705,14,0.10301,437.2,155.47,448.72,171.63
6842,4705,14,0.09719,380.34,153.34,388.46,168.85
6843,4705,8,0.07273,374.8,159.37,389.88,175.05
6844,4705,8,0.03924,322.17,160.61,350.81,177.33
6845,4705,14,0.03402,434.91,158.46,448.12,173.63
6846,4705,5,0.03251,34.97,113.47,70.32,132.8
6847,4705,8,0.03223,331.37,161.97,350.49,176.48
6848,4705,5,0.0149,189.98,118.66,250.61,153.21
6849,4705,14,0.0111,0.01,113.75,3.47,134.19
6850,4705,5,0.00755,306.55,54.13,347.75,72.4
6851,4705,14,0.00716,0.0,103.11,4.19,133.57
6852,4705,8,0.00601,387.43,163.83,409.6,177.98
6853,4705,5,0.006,146.98,87.95,163.91,100.8
6854,4705,5,0.00581,333.48,75.96,367.62,94.76
6855,4705,5,0.00515,307.72,59.05,348.42,78.33
6856,4705,5,0.00498,79.95,122.48,96.37,134.14
6857,4705,14,0.00463,0.02,100.63,7.89,133.43
6858,4705,14,0.00452,381.25,151.76,388.58,164.72
6859,4705,8,0.00423,336.84,164.04,350.65,176.83
6860,4705,14,0.00342,481.84,154.7,489.0,189.14
6861,4705,14,0.00335,335.49,160.42,349.56,174.28
6862,4705,5,0.00327,252.91,58.34,290.12,71.44
6863,4705,5,0.00298,308.45,64.07,344.07,80.07
6864,4705,5,0.0028,129.56,116.42,147.85,126.79
6865,4705,14,0.00269,483.55,152.72,489.0,176.61
6866,4705,5,0.00266,138.86,85.11,164.36,101.36
6867,4705,5,0.00258,357.37,89.76,385.77,103.99
6868,4705,5,0.00247,466.43,138.42,489.0,166.72
6869,4705,5,0.0024,463.39,83.49,488.88,96.46
6870,4705,5,0.00237,307.37,37.97,348.6,79.96
6871,4705,5,0.00212,280.75,161.26,309.84,175.23
6872,4705,5,0.00204,308.56,54.1,345.03,66.44
6873,4705,5,0.00193,39.21,116.83,91.29,132.66
6874,4705,8,0.00175,338.13,160.71,349.76,172.9
6875,4705,5,0.00175,162.04,85.54,196.46,100.21
6876,4705,5,0.00171,34.11,109.07,87.63,131.35
6877,4705,5,0.0017,402.49,106.85,452.99,122.54
6878,4705,5,0.00163,463.58,142.17,489.0,157.92
6879,4705,14,0.00162,479.56,151.73,489.0,174.49
6880,4705,5,0.00147,245.02,52.89,298.05,76.73
6881,4705,5,0.00147,395.2,106.52,432.36,123.77
6882,4705,14,0.00141,326.51,158.54,349.7,175.38
6883,4705,5,0.00139,313.88,44.49,346.76,57.68
6884,4705,5,0.00138,454.39,120.94,488.89,134.18
6885,4705,5,0.00138,479.65,71.42,489.0,83.82
6886,4705,5,0.00128,415.58,48.43,461.71,63.9
6887,4705,5,0.00121,268.19,154.81,282.83,164.9
6888,4705,5,0.00117,249.84,66.08,302.67,80.93
6889,4705,5,0.00116,123.11,84.52,161.73,103.19
6890,4705,5,0.00115,249.82,59.11,312.52,78.49
6891,4705,5,0.00109,80.86,127.33,96.58,136.1
6892,4705,5,0.00108,125.35,112.44,148.28,126.33
6893,4705,5,0.00107,466.3,48.05,489.0,70.92
6894,4705,5,0.00103,172.63,65.4,216.69,83.5
6895,4705,5,0.00101,100.1,124.46,159.33,154.0
6896,4714,11,0.91847,131.61,73.7,153.84,91.97
6897,4714,10,0.88056,146.96,16.43,166.94,32.96
6898,4714,9,0.87081,100.35,1.23,121.7,18.47
6899,4714,11,0.86447,88.91,36.42,108.39,54.62
6900,4714,10,0.86067,158.53,40.97,175.95,59.19
6901,4714,17,0.85854,40.66,39.85,56.75,56.27
6902,4714,17,0.77909,47.11,63.94,63.48,80.49
6903,4714,9,0.25879,65.36,9.85,85.16,26.87
6904,4714,17,0.18167,65.37,9.65,85.11,26.77
6905,4714,9,0.00605,46.88,63.72,63.61,80.2
6906,4714,10,0.00144,65.52,9.85,85.17,26.97
6907,4716,15,0.89134,340.48,132.81,362.36,159.94
6908,4716,15,0.88755,426.88,122.92,451.32,152.82
6909,4718,15,0.86823,92.43,6.92,109.11,21.79
6910,4718,15,0.83951,64.6,9.71,84.13,26.04
6911,4723,15,0.90373,193.46,12.93,214.46,31.73
6912,4723,15,0.90161,241.21,15.18,262.87,38.11
6913,4735,15,0.88606,322.38,117.01,344.02,140.82
6914,4735,15,0.86716,389.17,113.79,411.56,141.0
6915,4736,15,0.92425,127.77,165.38,175.95,221.69
6916,4736,15,0.90584,316.65,155.09,355.68,197.36
6917,4743,15,0.91134,277.05,93.13,313.18,132.28
6918,4743,15,0.91065,194.87,77.81,228.95,110.65
6919,4748,15,0.91078,235.07,181.31,275.61,227.86
6920,4748,15,0.90717,384.77,140.82,422.14,183.7
6921,4749,7,0.9124,275.84,84.07,341.93,136.14
6922,4749,7,0.91046,329.49,25.92,398.64,76.33
6923,4749,3,0.05356,113.41,71.92,183.93,179.73
6924,4749,7,0.0104,211.93,79.45,303.79,188.84
6925,4753,3,0.89062,164.53,129.26,215.97,195.19
6926,4753,3,0.88864,272.64,33.51,336.57,96.62
6927,4753,3,0.86891,219.84,115.87,288.66,157.28
6928,4753,13,0.85188,174.06,35.76,208.92,70.31
6929,4753,1,0.85107,238.23,19.27,272.62,53.56
6930,4754,0,0.89309,243.03,22.78,267.39,46.87
6931,4754,1,0.88305,328.02,49.23,352.64,74.37
6932,4754,4,0.87131,358.16,9.55,408.07,26.97
6933,4754,3,0.81777,284.93,0.0,319.54,12.16
6934,4757,14,0.89189,326.18,132.26,356.95,225.19
6935,4757,14,0.79474,396.58,134.08,436.13,235.94
6936,4757,14,0.77335,198.21,117.82,252.66,222.81
6937,4757,14,0.5942,165.18,126.21,215.97,216.14
6938,4757,5,0.07532,399.8,182.4,478.86,223.7
6939,4757,5,0.03272,174.95,115.47,208.56,137.19
6940,4757,5,0.02622,81.83,160.38,159.75,197.9
6941,4757,14,0.01176,0.0,119.1,5.24,190.34
6942,4757,5,0.0112,0.0,141.33,7.22,193.73
6943,4757,5,0.00842,6.56,156.9,160.95,195.27
6944,4757,8,0.00694,0.04,108.49,7.46,209.84
6945,4757,5,0.00604,0.01,159.45,5.21,193.3
6946,4757,5,0.00455,122.02,129.95,159.45,141.74
6947,4757,14,0.00443,0.0,136.29,6.43,239.05
6948,4757,5,0.00413,38.8,98.58,72.98,114.31
6949,4757,14,0.00375,177.88,127.95,213.49,204.06
6950,4757,14,0.00288,166.89,139.05,189.73,212.52
6951,4757,5,0.00249,171.66,118.28,255.63,217.91
6952,4757,14,0.00205,0.0,117.88,8.58,191.47
6953,4757,5,0.00188,37.29,96.67,73.72,107.13
6954,4757,5,0.0016,44.31,87.82,74.49,102.26
6955,4757,5,0.00143,129.47,78.9,149.01,96.64
6956,4757,14,0.00107,0.0,156.99,5.03,220.82
6957,4771,7,0.89801,377.54,162.73,416.71,201.34
6958,4771,7,0.88285,279.57,170.87,323.32,214.2
6959,4771,7,0.00193,464.58,66.21,506.0,112.77
6960,4772,14,0.87502,244.16,102.61,289.63,220.63
6961,4772,14,0.84649,205.65,123.37,235.32,212.86
6962,4772,5,0.84168,401.86,179.54,468.46,221.08
6963,4772,14,0.83121,123.19,128.62,157.35,203.6
6964,4772,14,0.82528,167.76,128.54,200.0,203.92
6965,4772,5,0.00747,463.92,179.5,489.55,198.25
6966,4772,5,0.00587,481.01,175.38,500.0,226.45
6967,4772,14,0.00516,0.0,123.11,6.6,195.59
6968,4772,5,0.00265,0.02,132.22,6.91,193.79
6969,4772,5,0.00229,201.56,71.81,224.37,88.33
6970,4772,14,0.00161,233.99,123.61,256.13,221.28
6971,4772,8,0.00161,0.0,121.18,8.42,195.79
6972,4772,5,0.00131,462.57,173.63,497.08,197.27
6973,4772,5,0.00121,0.0,109.63,69.54,193.65
6974,4775,11,0.87304,139.67,79.36,166.37,103.79
6975,4775,11,0.86995,121.73,44.09,145.67,66.46
6976,4775,9,0.86736,79.12,67.58,106.42,91.95
6977,4775,11,0.57837,178.79,50.93,202.94,75.09
6978,4775,10,0.21489,178.71,50.99,202.99,75.42
6979,4775,7,0.19899,435.73,64.51,495.07,112.58
6980,4775,10,0.00577,79.2,67.74,106.43,92.02
6981,4800,10,0.88854,69.07,98.51,87.81,116.79
6982,4800,9,0.88329,143.81,119.83,165.15,138.09
6983,4800,10,0.86977,77.17,75.92,94.41,94.34
6984,4800,11,0.86022,114.54,57.6,135.31,73.21
6985,4800,17,0.84838,103.33,119.58,123.73,139.56
6986,4800,11,0.84407,136.25,90.33,154.02,108.48
6987,4800,9,0.84317,183.93,99.58,200.05,115.43
6988,4800,17,0.84259,186.41,78.49,201.58,94.3
6989,4800,9,0.68447,103.29,119.57,123.78,139.5
6990,4800,17,0.32355,184.05,99.47,199.93,115.4
